timestamp,questions,qps,com_commit,com_rollback,tps,threads_running,threads_connected,pages_flushed,pages_flushed_ps,purge_trx_id,purge_tps,history_list_length
2026-04-22 21:22:07,35,0,0,0,0,2,1,8,0,0,0,0
2026-04-22 21:22:08,110,75,21,0,21,3,4,24,16,0,0,0
2026-04-22 21:22:09,852,742,273,0,252,5,6,832,808,0,0,0
2026-04-22 21:22:10,2258,1406,756,2,485,8,9,832,0,0,0,0
2026-04-22 21:22:11,4347,2089,1481,4,727,10,11,832,0,0,0,0
2026-04-22 21:22:12,7156,2809,2446,10,971,12,13,832,0,0,0,0
2026-04-22 21:22:14,10187,3031,3497,17,1058,11,13,832,0,0,0,0
2026-04-22 21:22:15,13454,3267,4625,25,1136,12,13,832,0,0,0,0
2026-04-22 21:22:16,16796,3342,5781,33,1164,12,13,832,0,0,0,0
2026-04-22 21:22:17,20819,4023,7168,39,1393,12,13,832,0,0,0,0
2026-04-22 21:22:18,24943,4124,8596,45,1434,12,13,832,0,0,0,0
2026-04-22 21:22:19,29172,4229,10060,58,1477,12,13,832,0,0,0,0
2026-04-22 21:22:20,33660,4488,11611,67,1560,12,13,832,0,0,0,0
2026-04-22 21:22:21,38466,4806,13281,72,1675,12,13,832,0,0,0,0
2026-04-22 21:22:22,43591,5125,15054,76,1777,12,13,832,0,0,0,0
2026-04-22 21:22:24,48772,5181,16853,80,1803,12,13,832,0,0,0,0
2026-04-22 21:22:25,54115,5343,18710,87,1864,12,13,832,0,0,0,0
2026-04-22 21:22:26,59676,5561,20639,95,1937,12,13,832,0,0,0,0
2026-04-22 21:22:27,65584,5908,22681,105,2052,12,13,832,0,0,0,0
2026-04-22 21:22:28,71682,6098,24802,116,2132,11,13,832,0,0,0,0
2026-04-22 21:22:29,78296,6614,27093,122,2297,12,13,832,0,0,0,0
2026-04-22 21:22:30,84965,6669,29401,136,2322,12,13,832,0,0,0,0
2026-04-22 21:22:31,91476,6511,31648,144,2255,11,13,832,0,0,0,0
2026-04-22 21:22:32,98194,6718,33974,152,2334,12,13,832,0,0,0,0
2026-04-22 21:22:33,105460,7266,36489,164,2527,12,13,832,0,0,0,0
2026-04-22 21:22:35,112609,7149,38971,174,2492,12,13,832,0,0,0,0
2026-04-22 21:22:36,119783,7174,41457,188,2500,12,13,2800,1968,0,0,0
2026-04-22 21:22:37,127331,7548,44073,202,2630,10,13,4702,1902,0,0,0
2026-04-22 21:22:38,134821,7490,46667,214,2606,12,13,6564,1862,0,0,0
2026-04-22 21:22:39,142425,7604,49301,227,2647,12,13,8422,1858,0,0,0
2026-04-22 21:22:40,150436,8011,52078,237,2787,12,13,10288,1866,0,0,0
2026-04-22 21:22:41,158178,7742,54784,246,2715,11,13,12148,1860,0,0,0
2026-04-22 21:22:42,165962,7784,57495,254,2719,12,13,15790,3642,0,0,0
2026-04-22 21:22:43,174042,8080,60285,272,2808,11,13,17596,1806,0,0,0
2026-04-22 21:22:44,182035,7993,63053,285,2781,12,13,19380,1784,0,0,0
2026-04-22 21:22:46,190115,8080,65857,305,2824,12,13,21154,1774,0,0,0
2026-04-22 21:22:47,198243,8128,68672,320,2830,12,13,22930,1776,0,0,0
2026-04-22 21:22:48,206485,8242,71519,334,2861,12,13,24704,1774,0,0,0
2026-04-22 21:22:49,214333,7848,74247,346,2740,12,13,26458,1754,0,0,0
2026-04-22 21:22:50,222257,7924,76987,355,2749,12,13,28196,1738,0,0,0
2026-04-22 21:22:51,230788,8531,79949,370,2977,12,13,29954,1758,0,0,0
2026-04-22 21:22:52,239364,8576,82920,382,2983,12,13,31714,1760,0,0,0
2026-04-22 21:22:53,247860,8496,85866,396,2960,12,13,35222,3508,0,0,0
2026-04-22 21:22:54,256516,8656,88858,411,3007,11,13,36994,1772,0,0,0
2026-04-22 21:22:56,265013,8497,91803,421,2955,12,13,38768,1774,0,0,0
2026-04-22 21:22:57,273660,8647,94808,436,3020,12,13,40540,1772,0,0,0
2026-04-22 21:22:58,282433,8773,97842,452,3050,12,13,42328,1788,0,0,0
2026-04-22 21:22:59,290964,8531,100777,473,2956,12,13,44110,1782,0,0,0
2026-04-22 21:23:00,299557,8593,103778,482,3010,12,13,45890,1780,0,0,0
2026-04-22 21:23:01,308112,8555,106731,500,2971,12,13,47676,1786,0,0,0
2026-04-22 21:23:02,316917,8805,109773,509,3051,12,13,49470,1794,0,0,0
2026-04-22 21:23:03,325891,8974,112872,529,3119,12,13,51260,1790,0,0,0
2026-04-22 21:23:04,335210,9319,116092,548,3239,11,13,54824,3564,0,0,0
2026-04-22 21:23:05,344104,8894,119167,560,3087,12,13,58534,3710,0,0,0
2026-04-22 21:23:07,353355,9251,122375,570,3218,12,13,62222,3688,0,0,0
2026-04-22 21:23:08,362440,9085,125520,586,3161,11,13,65880,3658,0,0,0
2026-04-22 21:23:09,371441,9001,128642,603,3139,12,13,69538,3658,0,0,0
2026-04-22 21:23:10,380630,9189,131825,616,3196,12,13,73208,3670,0,0,0
2026-04-22 21:23:11,389909,9279,135043,627,3229,12,13,76872,3664,0,0,0
2026-04-22 21:23:12,399318,9409,138298,645,3273,12,13,80534,3662,0,0,0
2026-04-22 21:23:13,408711,9393,141545,658,3260,12,13,84160,3626,0,0,0
2026-04-22 21:23:14,417842,9131,144716,670,3183,11,13,91360,7200,0,0,0
2026-04-22 21:23:15,427415,9573,148022,683,3319,12,13,95308,3948,0,0,0
2026-04-22 21:23:17,436839,9424,151281,697,3273,11,13,99236,3928,0,0,0
2026-04-22 21:23:18,446242,9403,154552,718,3292,12,13,103124,3888,0,0,0
2026-04-22 21:23:19,455667,9425,157816,734,3280,12,13,107030,3906,0,0,0
2026-04-22 21:23:20,465389,9722,161175,753,3378,12,13,110918,3888,0,0,0
2026-04-22 21:23:21,475013,9624,164524,766,3362,12,13,114798,3880,0,0,0
2026-04-22 21:23:22,484785,9772,167909,778,3397,11,13,118668,3870,0,0,0
2026-04-22 21:23:23,494542,9757,171282,798,3393,11,13,122572,3904,0,0,0
2026-04-22 21:23:24,504087,9545,174577,816,3313,12,13,126444,3872,0,0,0
2026-04-22 21:23:25,513691,9604,177916,823,3346,12,13,134108,7664,0,0,0
2026-04-22 21:23:27,523357,9666,181272,843,3376,12,13,137868,3760,0,0,0
2026-04-22 21:23:28,533256,9899,184707,852,3444,12,13,141624,3756,0,0,0
2026-04-22 21:23:29,543308,10052,188195,868,3504,12,13,145340,3716,0,0,0
2026-04-22 21:23:30,553359,10051,191679,888,3504,12,13,149044,3704,0,0,0
2026-04-22 21:23:31,563462,10103,195196,904,3533,11,13,152686,3642,0,0,0
2026-04-22 21:23:32,573455,9993,198673,913,3486,12,13,156356,3670,0,0,0
2026-04-22 21:23:33,583554,10099,202175,927,3516,12,13,160012,3656,0,0,0
2026-04-22 21:23:34,593972,10418,205767,950,3615,12,13,163654,3642,0,0,0
2026-04-22 21:23:35,604205,10233,209305,969,3557,11,13,172192,8538,0,0,0
2026-04-22 21:23:36,614410,10205,212844,987,3557,12,13,177080,4888,0,0,0
2026-04-22 21:23:38,624604,10194,216391,1003,3563,12,13,181984,4904,0,0,0
2026-04-22 21:23:39,634638,10034,219885,1012,3503,12,13,186864,4880,0,0,0
2026-04-22 21:23:40,644765,10127,223384,1036,3523,12,13,191788,4924,0,0,0
2026-04-22 21:23:41,655064,10299,226945,1055,3580,12,13,196720,4932,0,0,0
2026-04-22 21:23:42,665239,10175,230477,1065,3542,12,13,201742,5022,0,0,0
2026-04-22 21:23:43,675438,10199,234020,1074,3552,12,13,206804,5062,0,0,0
2026-04-22 21:23:44,685819,10381,237616,1094,3616,12,13,211856,5052,0,0,0
2026-04-22 21:23:45,696239,10420,241219,1107,3616,12,13,216880,5024,0,0,0
2026-04-22 21:23:46,706426,10187,244755,1128,3557,11,13,226976,10096,0,0,0
2026-04-22 21:23:48,716503,10077,248256,1137,3510,12,13,232040,5064,0,0,0
2026-04-22 21:23:49,726976,10473,251890,1160,3657,12,13,237068,5028,0,0,0
2026-04-22 21:23:50,737708,10732,255598,1183,3731,12,13,242024,4956,0,0,0
2026-04-22 21:23:51,748354,10646,259287,1199,3705,12,13,246964,4940,0,0,0
2026-04-22 21:23:52,758724,10370,262879,1224,3617,9,13,251944,4980,0,0,0
2026-04-22 21:23:53,769318,10594,266542,1244,3683,11,13,256882,4938,0,0,0
2026-04-22 21:23:54,779648,10330,270137,1258,3609,12,13,261754,4872,0,0,0
2026-04-22 21:23:55,790014,10366,273727,1274,3606,12,13,266672,4918,0,0,0
2026-04-22 21:23:56,800340,10326,277288,1292,3579,12,13,276606,9934,0,0,0
2026-04-22 21:23:58,810761,10421,280909,1305,3634,12,13,281572,4966,0,0,0
2026-04-22 21:23:59,821166,10405,284520,1319,3625,11,13,286520,4948,0,0,0
2026-04-22 21:24:00,831626,10460,288147,1338,3646,12,13,291486,4966,0,0,0
2026-04-22 21:24:01,841972,10346,291731,1359,3605,12,13,296474,4988,0,0,0
2026-04-22 21:24:02,852318,10346,295316,1370,3596,12,13,301432,4958,0,0,0
2026-04-22 21:24:03,862818,10500,298960,1386,3660,12,13,306334,4902,0,0,0
2026-04-22 21:24:04,873228,10410,302575,1401,3630,12,13,311282,4948,0,0,0
2026-04-22 21:24:05,884050,10822,306328,1419,3771,12,13,316236,4954,0,0,0
2026-04-22 21:24:06,894324,10274,309906,1430,3589,12,13,322154,5918,0,0,0
2026-04-22 21:24:07,904853,10529,313563,1443,3670,12,13,334012,11858,0,0,0
2026-04-22 21:24:09,915581,10728,317287,1453,3734,11,13,339962,5950,0,0,0
2026-04-22 21:24:10,926105,10524,320932,1471,3663,11,13,345826,5864,0,0,0
2026-04-22 21:24:11,936681,10576,324606,1484,3687,12,13,351690,5864,0,0,0
2026-04-22 21:24:12,947342,10661,328295,1498,3703,12,13,357526,5836,0,0,0
2026-04-22 21:24:13,957994,10652,331993,1514,3714,12,13,363324,5798,0,0,0
2026-04-22 21:24:14,969017,11023,335787,1532,3812,12,13,369160,5836,0,0,0
2026-04-22 21:24:15,979755,10738,339518,1548,3747,12,13,374996,5836,0,0,0
2026-04-22 21:24:16,990348,10593,343211,1563,3708,12,13,380882,5886,0,0,0
2026-04-22 21:24:17,1000585,10237,346778,1577,3581,11,13,392782,11900,0,0,0
2026-04-22 21:24:19,1011308,10723,350479,1601,3725,12,13,398750,5968,0,0,0
2026-04-22 21:24:20,1022072,10764,354201,1619,3740,11,13,404726,5976,0,0,0
2026-04-22 21:24:21,1033000,10928,357980,1635,3795,12,13,410728,6002,0,0,0
2026-04-22 21:24:22,1043595,10595,361647,1657,3689,12,13,416740,6012,0,0,0
2026-04-22 21:24:23,1054237,10642,365352,1679,3727,12,13,422742,6002,0,0,0
2026-04-22 21:24:24,1065214,10977,369159,1697,3825,12,13,428738,5996,0,0,0
2026-04-22 21:24:25,1075916,10702,372879,1709,3732,11,13,434752,6014,0,0,0
2026-04-22 21:24:26,1086729,10813,376649,1718,3779,12,13,440782,6030,0,0,0
2026-04-22 21:24:27,1097613,10884,380417,1738,3788,10,13,446716,5934,0,0,0
2026-04-22 21:24:28,1108557,10944,384191,1760,3796,12,13,458642,11926,0,0,0
2026-04-22 21:24:30,1119888,11331,388106,1768,3923,12,13,464602,5960,0,0,0
2026-04-22 21:24:31,1131124,11236,392015,1792,3933,11,13,470606,6004,0,0,0
2026-04-22 21:24:32,1142620,11496,395982,1812,3987,12,13,476608,6002,0,0,0
2026-04-22 21:24:33,1153542,10922,399777,1827,3810,11,13,482632,6024,0,0,0
2026-04-22 21:24:34,1164822,11280,403696,1843,3935,12,13,488676,6044,0,0,0
2026-04-22 21:24:35,1176184,11362,407616,1871,3948,12,13,494616,5940,0,0,0
2026-04-22 21:24:36,1187376,11192,411509,1884,3906,12,13,501306,6690,0,0,0
2026-04-22 21:24:37,1198589,11213,415392,1900,3899,12,13,508032,6726,0,0,0
2026-04-22 21:24:38,1209317,10728,419140,1913,3761,11,13,521576,13544,0,0,0
2026-04-22 21:24:40,1220242,10925,422926,1934,3807,11,13,528322,6746,0,0,0
2026-04-22 21:24:41,1231281,11039,426765,1949,3854,12,13,535138,6816,0,0,0
2026-04-22 21:24:42,1242681,11400,430714,1971,3971,12,13,541886,6748,0,0,0
2026-04-22 21:24:43,1253738,11057,434560,1984,3859,12,13,548616,6730,0,0,0
2026-04-22 21:24:44,1264805,11067,438396,2001,3853,12,13,555310,6694,0,0,0
2026-04-22 21:24:45,1275993,11188,442277,2019,3899,12,13,562050,6740,0,0,0
2026-04-22 21:24:46,1287434,11441,446233,2036,3973,12,13,568810,6760,0,0,0
2026-04-22 21:24:47,1298388,10954,450045,2051,3827,12,13,575534,6724,0,0,0
2026-04-22 21:24:48,1309623,11235,453930,2064,3898,12,13,582270,6736,0,0,0
2026-04-22 21:24:49,1320529,10906,457727,2080,3813,11,13,595796,13526,0,0,0
2026-04-22 21:24:51,1331133,10604,461405,2102,3700,12,13,602600,6804,0,0,0
2026-04-22 21:24:52,1342005,10872,465190,2117,3800,11,13,609358,6758,0,0,0
2026-04-22 21:24:53,1353109,11104,469053,2130,3876,12,13,616128,6770,0,0,0
2026-04-22 21:24:54,1364390,11281,472947,2146,3910,12,13,622982,6854,0,0,0
2026-04-22 21:24:55,1375335,10945,476750,2160,3817,12,13,629800,6818,0,0,0
2026-04-22 21:24:56,1386626,11291,480658,2182,3930,12,13,636590,6790,0,0,0
2026-04-22 21:24:57,1397731,11105,484502,2204,3866,12,13,643312,6722,0,0,0
2026-04-22 21:24:58,1408555,10824,488249,2224,3767,12,13,650052,6740,0,0,0
2026-04-22 21:24:59,1419292,10737,491983,2240,3750,12,13,656802,6750,0,0,0
2026-04-22 21:25:01,1430774,11482,495959,2254,3990,12,13,670154,13352,0,0,0
2026-04-22 21:25:02,1442330,11556,499962,2275,4024,11,13,676850,6696,0,0,0
2026-04-22 21:25:03,1453892,11562,503980,2290,4033,11,13,683564,6714,0,0,0
2026-04-22 21:25:04,1465312,11420,507951,2307,3988,12,13,690144,6580,0,0,0
2026-04-22 21:25:05,1476776,11464,511906,2337,3985,10,13,696692,6548,0,0,0
2026-04-22 21:25:06,1488313,11537,515904,2353,4014,12,13,703878,7186,0,0,0
2026-04-22 21:25:07,1500120,11807,519990,2371,4104,12,13,711054,7176,0,0,0
2026-04-22 21:25:08,1511879,11759,524060,2393,4092,11,13,718264,7210,0,0,0
2026-04-22 21:25:09,1523425,11546,528067,2414,4028,12,13,725448,7184,0,0,0
2026-04-22 21:25:10,1535036,11611,532097,2435,4051,12,13,740028,14580,0,0,0
2026-04-22 21:25:12,1547269,12233,536337,2451,4256,11,13,747322,7294,0,0,0
2026-04-22 21:25:13,1559240,11971,540490,2466,4168,11,13,754644,7322,0,0,0
2026-04-22 21:25:14,1571335,12095,544681,2483,4208,12,13,761920,7276,0,0,0
2026-04-22 21:25:15,1583247,11912,548796,2508,4140,11,13,769166,7246,0,0,0
2026-04-22 21:25:16,1595791,12544,553137,2519,4352,11,13,776398,7232,0,0,0
2026-04-22 21:25:17,1607366,11575,557170,2535,4049,12,13,783626,7228,0,0,0
2026-04-22 21:25:18,1619480,12114,561363,2554,4212,12,13,790848,7222,0,0,0
2026-04-22 21:25:19,1631429,11949,565511,2573,4167,12,13,797972,7124,0,0,0
2026-04-22 21:25:20,1642821,11392,569473,2591,3980,11,13,805120,7148,0,0,0
2026-04-22 21:25:21,1655067,12246,573720,2613,4269,10,13,819316,14196,0,0,0
2026-04-22 21:25:23,1667417,12350,577994,2630,4291,12,13,826390,7074,0,0,0
2026-04-22 21:25:24,1679422,12005,582180,2645,4201,12,13,833448,7058,0,0,0
2026-04-22 21:25:25,1691181,11759,586283,2661,4119,12,13,840484,7036,0,0,0
2026-04-22 21:25:26,1703450,12269,590530,2678,4264,10,13,847574,7090,0,0,0
2026-04-22 21:25:27,1715572,12122,594712,2697,4201,11,13,854684,7110,0,0,0
2026-04-22 21:25:28,1727918,12346,598996,2714,4301,11,13,861826,7142,0,0,0
2026-04-22 21:25:29,1740176,12258,603245,2736,4271,11,13,869006,7180,0,0,0
2026-04-22 21:25:30,1751987,11811,607351,2747,4117,12,13,876160,7154,0,0,0
2026-04-22 21:25:31,1764005,12018,611501,2771,4174,12,13,890654,14494,0,0,0
2026-04-22 21:25:33,1776298,12293,615773,2788,4289,12,13,897896,7242,0,0,0
2026-04-22 21:25:34,1789082,12784,620200,2804,4443,12,13,905070,7174,0,0,0
2026-04-22 21:25:35,1801069,11987,624384,2822,4202,12,13,912164,7094,0,0,0
2026-04-22 21:25:36,1813076,12007,628576,2836,4206,11,13,919728,7564,0,0,0
2026-04-22 21:25:37,1825332,12256,632828,2851,4267,11,13,927304,7576,0,0,0
2026-04-22 21:25:38,1837708,12376,637116,2867,4304,12,13,934872,7568,0,0,0
2026-04-22 21:25:39,1850013,12305,641404,2887,4308,10,13,942380,7508,0,0,0
2026-04-22 21:25:40,1862524,12511,645734,2906,4349,12,13,949930,7550,0,0,0
2026-04-22 21:25:41,1874382,11858,649834,2938,4132,12,13,957546,7616,0,0,0
2026-04-22 21:25:42,1886787,12405,654139,2954,4321,12,13,972494,14948,0,0,0
2026-04-22 21:25:44,1898885,12098,658338,2976,4221,11,13,979880,7386,0,0,0
2026-04-22 21:25:45,1911003,12118,662539,2996,4221,11,13,987214,7334,0,0,0
2026-04-22 21:25:46,1923231,12228,666797,3016,4278,11,13,994474,7260,0,0,0
2026-04-22 21:25:47,1935713,12482,671120,3033,4340,11,13,1001748,7274,0,0,0
2026-04-22 21:25:48,1948109,12396,675404,3053,4304,11,13,1009020,7272,0,0,0
2026-04-22 21:25:49,1960399,12290,679695,3067,4305,12,13,1016380,7360,0,0,0
2026-04-22 21:25:50,1972506,12107,683911,3089,4238,12,13,1023718,7338,0,0,0
2026-04-22 21:25:51,1984975,12469,688226,3106,4332,12,13,1031120,7402,0,0,0
2026-04-22 21:25:52,1997464,12489,692561,3120,4349,11,13,1045770,14650,0,0,0
2026-04-22 21:25:54,2009882,12418,696876,3134,4329,12,13,1052980,7210,0,0,0
2026-04-22 21:25:55,2022940,13058,701391,3150,4531,11,13,1060164,7184,0,0,0
2026-04-22 21:25:56,2035445,12505,705748,3166,4373,10,13,1067358,7194,0,0,0
2026-04-22 21:25:57,2048026,12581,710102,3184,4372,12,13,1074538,7180,0,0,0
2026-04-22 21:25:58,2060732,12706,714490,3209,4413,11,13,1081768,7230,0,0,0
2026-04-22 21:25:59,2073743,13011,719008,3229,4538,11,13,1089094,7326,0,0,0
2026-04-22 21:26:00,2086663,12920,723483,3253,4499,12,13,1096432,7338,0,0,0
2026-04-22 21:26:01,2099654,12991,727986,3274,4524,12,13,1103832,7400,0,0,0
2026-04-22 21:26:02,2112150,12496,732321,3295,4356,12,13,1111134,7302,0,0,0
2026-04-22 21:26:03,2124708,12558,736691,3315,4390,12,13,1125714,14580,0,0,0
2026-04-22 21:26:05,2137510,12802,741142,3333,4469,11,13,1132922,7208,0,0,0
2026-04-22 21:26:06,2150186,12676,745558,3344,4427,11,13,1140518,7596,0,0,0
2026-04-22 21:26:07,2162994,12808,749979,3365,4442,11,13,1148112,7594,0,0,0
2026-04-22 21:26:08,2176031,13037,754497,3386,4539,11,13,1155650,7538,0,0,0
2026-04-22 21:26:09,2188995,12964,758993,3399,4509,11,13,1163228,7578,0,0,0
2026-04-22 21:26:10,2201799,12804,763426,3421,4455,11,13,1170852,7624,0,0,0
2026-04-22 21:26:11,2214946,13147,767993,3439,4585,12,13,1178418,7566,0,0,0
2026-04-22 21:26:12,2227767,12821,772438,3461,4467,12,13,1185948,7530,0,0,0
2026-04-22 21:26:13,2240366,12599,776799,3482,4382,11,13,1200890,14942,0,0,0
2026-04-22 21:26:15,2253842,13476,781474,3497,4690,12,13,1208420,7530,0,0,0
2026-04-22 21:26:16,2266952,13110,786038,3520,4587,12,13,1215876,7456,0,0,0
2026-04-22 21:26:17,2279794,12842,790499,3542,4483,11,13,1223306,7430,0,0,0
2026-04-22 21:26:18,2293130,13336,795093,3568,4620,11,13,1230754,7448,0,0,0
2026-04-22 21:26:19,2306280,13150,799639,3592,4570,12,13,1238204,7450,0,0,0
2026-04-22 21:26:20,2319407,13127,804183,3609,4561,12,13,1245628,7424,0,0,0
2026-04-22 21:26:21,2332550,13143,808730,3629,4567,12,13,1253032,7404,0,0,0
2026-04-22 21:26:22,2345661,13111,813280,3647,4568,12,13,1260456,7424,0,0,0
2026-04-22 21:26:23,2358443,12782,817722,3662,4457,12,13,1267934,7478,0,0,0
2026-04-22 21:26:25,2370901,12458,822062,3682,4360,12,13,1282786,14852,0,0,0
2026-04-22 21:26:26,2384261,13360,826682,3703,4641,12,13,1290178,7392,0,0,0
2026-04-22 21:26:27,2396931,12670,831091,3718,4424,12,13,1297562,7384,0,0,0
2026-04-22 21:26:28,2409894,12963,835582,3743,4516,11,13,1304928,7366,0,0,0
2026-04-22 21:26:29,2423199,13305,840182,3760,4617,12,13,1312294,7366,0,0,0
2026-04-22 21:26:30,2436106,12907,844663,3779,4500,12,13,1319654,7360,0,0,0
2026-04-22 21:26:31,2448939,12833,849106,3799,4463,12,13,1327038,7384,0,0,0
2026-04-22 21:26:32,2461942,13003,853612,3813,4520,12,13,1334496,7458,0,0,0
2026-04-22 21:26:33,2474671,12729,858009,3834,4418,12,13,1341964,7468,0,0,0
2026-04-22 21:26:34,2487397,12726,862435,3850,4442,12,13,1356894,14930,0,0,0
2026-04-22 21:26:36,2500794,13397,867073,3875,4663,12,13,1364608,7714,0,0,0
2026-04-22 21:26:37,2514155,13361,871690,3896,4638,12,13,1372292,7684,0,0,0
2026-04-22 21:26:38,2527582,13427,876356,3911,4681,12,13,1379954,7662,0,0,0
2026-04-22 21:26:39,2540759,13177,880928,3931,4592,12,13,1387534,7580,0,0,0
2026-04-22 21:26:40,2554193,13434,885580,3955,4676,12,13,1395132,7598,0,0,0
2026-04-22 21:26:41,2567205,13012,890110,3972,4547,11,13,1402688,7556,0,0,0
2026-04-22 21:26:42,2580245,13040,894620,3993,4531,12,13,1410296,7608,0,0,0
2026-04-22 21:26:43,2593717,13472,899268,4013,4668,10,13,1417848,7552,0,0,0
2026-04-22 21:26:44,2606342,12625,903650,4042,4411,12,13,1425420,7572,0,0,0
2026-04-22 21:26:45,2619360,13018,908172,4060,4540,12,13,1440534,15114,0,0,0
2026-04-22 21:26:47,2632490,13130,912737,4073,4578,12,13,1448020,7486,0,0,0
2026-04-22 21:26:48,2646219,13729,917485,4096,4771,12,13,1455434,7414,0,0,0
2026-04-22 21:26:49,2660125,13906,922290,4115,4824,11,13,1462896,7462,0,0,0
2026-04-22 21:26:50,2673493,13368,926925,4141,4661,12,13,1470310,7414,0,0,0
2026-04-22 21:26:51,2686631,13138,931477,4167,4578,12,13,1477744,7434,0,0,0
2026-04-22 21:26:52,2699743,13112,936024,4191,4571,11,13,1485274,7530,0,0,0
2026-04-22 21:26:53,2712931,13188,940603,4216,4604,11,13,1492842,7568,0,0,0
2026-04-22 21:26:54,2726181,13250,945197,4237,4615,12,13,1500314,7472,0,0,0
2026-04-22 21:26:55,2737786,11605,949222,4251,4039,12,13,1507734,7420,0,0,0
2026-04-22 21:26:57,2750346,12560,953576,4265,4368,12,13,1522440,14706,0,0,0
2026-04-22 21:26:58,2763445,13099,958117,4287,4563,12,13,1529700,7260,0,0,0
2026-04-22 21:26:59,2776545,13100,962664,4302,4562,12,13,1536958,7258,0,0,0
2026-04-22 21:27:00,2789316,12771,967110,4319,4463,10,13,1544304,7346,0,0,0
2026-04-22 21:27:01,2802321,13005,971623,4344,4538,9,13,1551670,7366,0,0,0
2026-04-22 21:27:02,2815653,13332,976246,4362,4641,11,13,1559050,7380,0,0,0
2026-04-22 21:27:03,2829321,13668,980964,4385,4741,12,13,1566434,7384,0,0,0
2026-04-22 21:27:04,2842961,13640,985708,4401,4760,10,13,1573792,7358,0,0,0
2026-04-22 21:27:05,2855393,12432,990000,4428,4319,12,13,1581078,7286,0,0,0
2026-04-22 21:27:06,2867968,12575,994358,4452,4382,12,13,1595978,14900,0,0,0
2026-04-22 21:27:08,2880892,12924,998824,4474,4488,12,13,1603424,7446,0,0,0
2026-04-22 21:27:09,2893368,12476,1003146,4497,4345,11,13,1610858,7434,0,0,0
2026-04-22 21:27:10,2905924,12556,1007509,4516,4382,12,13,1618278,7420,0,0,0
2026-04-22 21:27:11,2918524,12600,1011880,4541,4396,9,13,1625686,7408,0,0,0
2026-04-22 21:27:12,2931855,13331,1016518,4561,4658,12,13,1633072,7386,0,0,0
2026-04-22 21:27:13,2944891,13036,1021045,4578,4544,12,13,1640516,7444,0,0,0
2026-04-22 21:27:14,2957948,13057,1025579,4605,4561,10,13,1647994,7478,0,0,0
2026-04-22 21:27:15,2970948,13000,1030098,4620,4534,12,13,1655556,7562,0,0,0
2026-04-22 21:27:16,2983798,12850,1034548,4635,4465,12,13,1663094,7538,0,0,0
2026-04-22 21:27:17,2996848,13050,1039057,4651,4525,11,13,1678002,14908,0,0,0
2026-04-22 21:27:19,3010317,13469,1043730,4672,4694,11,13,1685414,7412,0,0,0
2026-04-22 21:27:20,3022992,12675,1048130,4686,4414,11,13,1692752,7338,0,0,0
2026-04-22 21:27:21,3035613,12621,1052505,4708,4397,12,13,1700058,7306,0,0,0
2026-04-22 21:27:22,3048811,13198,1057080,4729,4596,12,13,1707346,7288,0,0,0
2026-04-22 21:27:23,3061930,13119,1061635,4751,4577,11,13,1714642,7296,0,0,0
2026-04-22 21:27:24,3075105,13175,1066221,4768,4603,11,13,1721920,7278,0,0,0
2026-04-22 21:27:25,3088604,13499,1070891,4786,4688,12,13,1729176,7256,0,0,0
2026-04-22 21:27:26,3102003,13399,1075544,4800,4667,12,13,1736386,7210,0,0,0
2026-04-22 21:27:27,3115307,13304,1080153,4817,4626,12,13,1750810,14424,0,0,0
2026-04-22 21:27:29,3129016,13709,1084923,4833,4786,11,13,1757988,7178,0,0,0
2026-04-22 21:27:30,3142959,13943,1089747,4852,4843,12,13,1765156,7168,0,0,0
2026-04-22 21:27:31,3156494,13535,1094439,4870,4710,12,13,1772382,7226,0,0,0
2026-04-22 21:27:32,3169889,13395,1099092,4898,4681,12,13,1779650,7268,0,0,0
2026-04-22 21:27:33,3182910,13021,1103620,4920,4550,12,13,1786906,7256,0,0,0
2026-04-22 21:27:34,3196269,13359,1108258,4936,4654,11,13,1794156,7250,0,0,0
2026-04-22 21:27:35,3209577,13308,1112880,4950,4636,12,13,1801330,7174,0,0,0
2026-04-22 21:27:36,3222799,13222,1117471,4971,4612,12,13,1808484,7154,0,0,0
2026-04-22 21:27:37,3235902,13103,1122025,4993,4576,10,13,1815676,7192,0,0,0
2026-04-22 21:27:38,3249327,13425,1126672,5016,4670,12,13,1829990,14314,0,0,0
2026-04-22 21:27:40,3262842,13515,1131355,5033,4700,12,13,1837172,7182,0,0,0
2026-04-22 21:27:41,3276444,13602,1136081,5057,4750,11,13,1844360,7188,0,0,0
2026-04-22 21:27:42,3290202,13758,1140834,5084,4780,11,13,1851510,7150,0,0,0
2026-04-22 21:27:43,3304130,13928,1145660,5110,4852,12,13,1858674,7164,0,0,0
2026-04-22 21:27:44,3318029,13899,1150479,5121,4830,11,13,1865852,7178,0,0,0
2026-04-22 21:27:45,3330921,12892,1154959,5142,4501,12,13,1872980,7128,0,0,0
2026-04-22 21:27:46,3344122,13201,1159536,5167,4602,12,13,1880116,7136,0,0,0
2026-04-22 21:27:47,3357780,13658,1164270,5184,4751,12,13,1887220,7104,0,0,0
2026-04-22 21:27:48,3370721,12941,1168752,5200,4498,12,13,1894326,7106,0,0,0
2026-04-22 21:27:49,3384050,13329,1173368,5218,4634,12,13,1908492,14166,0,0,0
2026-04-22 21:27:51,3397229,13179,1177952,5237,4603,12,13,1915574,7082,0,0,0
2026-04-22 21:27:52,3410774,13545,1182638,5258,4707,12,13,1922704,7130,0,0,0
2026-04-22 21:27:53,3424312,13538,1187330,5276,4710,12,13,1929764,7060,0,0,0
2026-04-22 21:27:54,3437914,13602,1192042,5297,4733,12,13,1936866,7102,0,0,0
2026-04-22 21:27:55,3451325,13411,1196679,5319,4659,11,13,1943996,7130,0,0,0
2026-04-22 21:27:56,3464815,13490,1201348,5336,4686,11,13,1951062,7066,0,0,0
2026-04-22 21:27:57,3478619,13804,1206127,5351,4794,12,13,1958114,7052,0,0,0
2026-04-22 21:27:58,3491574,12955,1210615,5374,4511,12,13,1965250,7136,0,0,0
2026-04-22 21:27:59,3504988,13414,1215241,5401,4653,12,13,1972372,7122,0,0,0
2026-04-22 21:28:00,3518410,13422,1219891,5416,4665,11,13,1986588,14216,0,0,0
2026-04-22 21:28:02,3532209,13799,1224663,5438,4794,11,13,1993672,7084,0,0,0
2026-04-22 21:28:03,3546124,13915,1229492,5458,4849,11,13,2000730,7058,0,0,0
2026-04-22 21:28:04,3559734,13610,1234213,5477,4740,12,13,2007798,7068,0,0,0
2026-04-22 21:28:05,3573095,13361,1238868,5492,4670,11,13,2014854,7056,0,0,0
2026-04-22 21:28:06,3586863,13768,1243639,5509,4788,12,13,2021924,7070,0,0,0
2026-04-22 21:28:07,3600088,13225,1248232,5531,4615,11,13,2028986,7062,0,0,0
2026-04-22 21:28:08,3613468,13380,1252866,5551,4654,10,13,2035986,7000,0,0,0
2026-04-22 21:28:09,3626789,13321,1257496,5563,4642,12,13,2043042,7056,0,0,0
2026-04-22 21:28:10,3638929,12140,1261705,5582,4228,12,13,2050130,7088,0,0,0
2026-04-22 21:28:12,3652705,13776,1266458,5599,4770,11,13,2064404,14274,0,0,0
2026-04-22 21:28:13,3666334,13629,1271162,5622,4727,12,13,2071596,7192,0,0,0
2026-04-22 21:28:14,3679513,13179,1275739,5638,4593,12,13,2078662,7066,0,0,0
2026-04-22 21:28:15,3692682,13169,1280327,5655,4605,12,13,2085686,7024,0,0,0
2026-04-22 21:28:16,3706607,13925,1285158,5676,4852,12,13,2092702,7016,0,0,0
2026-04-22 21:28:17,3719983,13376,1289822,5693,4681,12,13,2099668,6966,0,0,0
2026-04-22 21:28:18,3733750,13767,1294597,5713,4795,12,13,2106578,6910,0,0,0
2026-04-22 21:28:19,3747266,13516,1299288,5735,4713,12,13,2113520,6942,0,0,0
2026-04-22 21:28:20,3760558,13292,1303898,5762,4637,12,13,2120490,6970,0,0,0
2026-04-22 21:28:21,3773438,12880,1308379,5792,4511,12,13,2134478,13988,0,0,0
2026-04-22 21:28:23,3786929,13491,1313043,5815,4687,11,13,2141498,7020,0,0,0
2026-04-22 21:28:24,3800601,13672,1317792,5833,4767,11,13,2148502,7004,0,0,0
2026-04-22 21:28:25,3814572,13971,1322628,5852,4855,12,13,2155570,7068,0,0,0
2026-04-22 21:28:26,3827999,13427,1327288,5870,4678,11,13,2162556,6986,0,0,0
2026-04-22 21:28:27,3841255,13256,1331903,5887,4632,12,13,2169500,6944,0,0,0
2026-04-22 21:28:28,3854839,13584,1336618,5907,4735,12,13,2176432,6932,0,0,0
2026-04-22 21:28:29,3868429,13590,1341329,5932,4736,12,13,2183410,6978,0,0,0
2026-04-22 21:28:30,3882455,14026,1346183,5954,4876,12,13,2190362,6952,0,0,0
2026-04-22 21:28:31,3895495,13040,1350700,5974,4537,12,13,2197304,6942,0,0,0
2026-04-22 21:28:33,3908845,13350,1355325,6006,4657,12,13,2211286,13982,0,0,0
2026-04-22 21:28:34,3922121,13276,1359926,6031,4626,11,13,2218246,6960,0,0,0
2026-04-22 21:28:35,3935756,13635,1364672,6051,4766,12,13,2225200,6954,0,0,0
2026-04-22 21:28:36,3948990,13234,1369250,6082,4609,10,13,2232184,6984,0,0,0
2026-04-22 21:28:37,3961801,12811,1373690,6105,4463,12,13,2239144,6960,0,0,0
2026-04-22 21:28:38,3975123,13322,1378302,6130,4637,11,13,2246082,6938,0,0,0
2026-04-22 21:28:39,3988464,13341,1382917,6152,4637,12,13,2252956,6874,0,0,0
2026-04-22 21:28:40,4001774,13310,1387534,6173,4638,12,13,2259840,6884,0,0,0
2026-04-22 21:28:41,4014839,13065,1392074,6199,4566,12,13,2266804,6964,0,0,0
2026-04-22 21:28:42,4027771,12932,1396558,6222,4507,12,13,2273850,7046,0,0,0
2026-04-22 21:28:44,4041545,13774,1401327,6242,4789,12,13,2288006,14156,0,0,0
2026-04-22 21:28:45,4054993,13448,1406012,6261,4704,12,13,2295028,7022,0,0,0
2026-04-22 21:28:46,4068472,13479,1410703,6279,4709,12,13,2302018,6990,0,0,0
2026-04-22 21:28:47,4081720,13248,1415296,6300,4614,11,13,2308992,6974,0,0,0
2026-04-22 21:28:48,4095192,13472,1419978,6324,4706,12,13,2315958,6966,0,0,0
2026-04-22 21:28:49,4108265,13073,1424529,6343,4570,12,13,2322916,6958,0,0,0
2026-04-22 21:28:50,4121741,13476,1429191,6368,4687,12,13,2329902,6986,0,0,0
2026-04-22 21:28:51,4135055,13314,1433808,6397,4646,12,13,2336848,6946,0,0,0
2026-04-22 21:28:52,4148456,13401,1438460,6422,4677,12,13,2343778,6930,0,0,0
2026-04-22 21:28:53,4161408,12952,1442957,6443,4518,11,13,2357468,13690,0,0,0
2026-04-22 21:28:55,4175166,13758,1447721,6464,4785,10,13,2364216,6748,0,0,0
2026-04-22 21:28:56,4188519,13353,1452350,6491,4656,12,13,2370982,6766,0,0,0
2026-04-22 21:28:57,4201711,13192,1456936,6505,4600,12,13,2377688,6706,0,0,0
2026-04-22 21:28:58,4215329,13618,1461640,6518,4717,11,13,2384420,6732,0,0,0
2026-04-22 21:28:59,4228442,13113,1466203,6541,4586,11,13,2391238,6818,0,0,0
2026-04-22 21:29:00,4242048,13606,1470923,6558,4737,12,13,2398030,6792,0,0,0
2026-04-22 21:29:01,4255356,13308,1475523,6579,4621,11,13,2404800,6770,0,0,0
2026-04-22 21:29:02,4268175,12819,1479988,6597,4483,11,13,2411624,6824,0,0,0
2026-04-22 21:29:03,4281294,13119,1484545,6622,4582,12,13,2418446,6822,0,0,0
2026-04-22 21:29:04,4293889,12595,1488926,6644,4403,12,13,2432088,13642,0,0,0
2026-04-22 21:29:06,4307644,13755,1493707,6662,4799,12,13,2438898,6810,0,0,0
2026-04-22 21:29:07,4321909,14265,1498629,6690,4950,11,13,2445636,6738,0,0,0
2026-04-22 21:29:08,4335988,14079,1503504,6711,4896,12,13,2452340,6704,0,0,0
2026-04-22 21:29:09,4350126,14138,1508402,6728,4915,12,13,2459002,6662,0,0,0
2026-04-22 21:29:10,4364199,14073,1513281,6749,4900,9,13,2465678,6676,0,0,0
2026-04-22 21:29:11,4378052,13853,1518083,6767,4820,10,13,2472308,6630,0,0,0
2026-04-22 21:29:12,4391658,13606,1522807,6792,4749,12,13,2478978,6670,0,0,0
2026-04-22 21:29:13,4405211,13553,1527514,6809,4724,11,13,2485686,6708,0,0,0
2026-04-22 21:29:14,4418181,12970,1532017,6832,4526,12,13,2492418,6732,0,0,0
2026-04-22 21:29:16,4432295,14114,1536904,6848,4903,12,13,2505908,13490,0,0,0
2026-04-22 21:29:17,4446522,14227,1541821,6869,4938,12,13,2512592,6684,0,0,0
2026-04-22 21:29:18,4460528,14006,1546678,6893,4881,12,13,2519274,6682,0,0,0
2026-04-22 21:29:19,4474703,14175,1551603,6918,4950,11,13,2525964,6690,0,0,0
2026-04-22 21:29:20,4488445,13742,1556384,6942,4805,12,13,2532688,6724,0,0,0
2026-04-22 21:29:21,4502561,14116,1561271,6962,4907,12,13,2539418,6730,0,0,0
2026-04-22 21:29:22,4516875,14314,1566225,6990,4982,12,13,2546206,6788,0,0,0
2026-04-22 21:29:23,4530542,13667,1570968,7008,4761,12,13,2552972,6766,0,0,0
2026-04-22 21:29:24,4543791,13249,1575582,7026,4632,12,13,2559680,6708,0,0,0
2026-04-22 21:29:25,4556718,12927,1580049,7044,4485,11,13,2573052,13372,0,0,0
2026-04-22 21:29:27,4570072,13354,1584682,7064,4653,12,13,2579666,6614,0,0,0
2026-04-22 21:29:28,4583878,13806,1589444,7085,4783,12,13,2586340,6674,0,0,0
2026-04-22 21:29:29,4597408,13530,1594134,7105,4710,12,13,2593046,6706,0,0,0
2026-04-22 21:29:30,4610533,13125,1598705,7131,4597,12,13,2599754,6708,0,0,0
2026-04-22 21:29:31,4623870,13337,1603340,7154,4658,12,13,2606436,6682,0,0,0
2026-04-22 21:29:32,4637514,13644,1608068,7172,4746,12,13,2613116,6680,0,0,0
2026-04-22 21:29:33,4651357,13843,1612869,7190,4819,12,13,2619786,6670,0,0,0
2026-04-22 21:29:34,4665464,14107,1617758,7209,4908,11,13,2626430,6644,0,0,0
2026-04-22 21:29:35,4678645,13181,1622343,7234,4610,12,13,2633028,6598,0,0,0
2026-04-22 21:29:36,4692201,13556,1627039,7253,4715,12,13,2646302,13274,0,0,0
2026-04-22 21:29:38,4706165,13964,1631854,7286,4848,12,13,2652848,6546,0,0,0
2026-04-22 21:29:39,4720028,13863,1636664,7309,4833,11,13,2659368,6520,0,0,0
2026-04-22 21:29:40,4734334,14306,1641612,7324,4963,12,13,2665836,6468,0,0,0
2026-04-22 21:29:41,4748188,13854,1646420,7344,4828,12,13,2672276,6440,0,0,0
2026-04-22 21:29:42,4761805,13617,1651154,7360,4750,11,13,2678702,6426,0,0,0
2026-04-22 21:29:43,4775143,13338,1655785,7383,4654,11,13,2685152,6450,0,0,0
2026-04-22 21:29:44,4788934,13791,1660570,7402,4804,12,13,2691678,6526,0,0,0
2026-04-22 21:29:45,4802800,13866,1665377,7425,4830,12,13,2698280,6602,0,0,0
2026-04-22 21:29:46,4816306,13506,1670052,7450,4700,12,13,2711488,13208,0,0,0
2026-04-22 21:29:48,4829734,13428,1674720,7467,4685,12,13,2718140,6652,0,0,0
2026-04-22 21:29:49,4843397,13663,1679438,7484,4735,12,13,2724754,6614,0,0,0
2026-04-22 21:29:50,4856859,13462,1684129,7502,4709,12,13,2731370,6616,0,0,0
2026-04-22 21:29:51,4870230,13371,1688796,7518,4683,11,13,2737992,6622,0,0,0
2026-04-22 21:29:52,4883911,13681,1693548,7534,4768,12,13,2744596,6604,0,0,0
2026-04-22 21:29:53,4897823,13912,1698363,7557,4838,12,13,2751196,6600,0,0,0
2026-04-22 21:29:54,4911326,13503,1703059,7579,4718,12,13,2757810,6614,0,0,0
2026-04-22 21:29:55,4925363,14037,1707916,7604,4882,12,13,2764506,6696,0,0,0
2026-04-22 21:29:56,4938639,13276,1712522,7624,4626,12,13,2771188,6682,0,0,0
2026-04-22 21:29:57,4951796,13157,1717073,7640,4567,11,13,2784466,13278,0,0,0
2026-04-22 21:29:59,4965435,13639,1721824,7657,4768,12,13,2791070,6604,0,0,0
2026-04-22 21:30:00,4979685,14250,1726773,7673,4965,12,13,2797674,6604,0,0,0
2026-04-22 21:30:01,4993745,14060,1731669,7696,4919,10,13,2804322,6648,0,0,0
2026-04-22 21:30:02,5007739,13994,1736515,7715,4865,12,13,2811056,6734,0,0,0
2026-04-22 21:30:03,5021784,14045,1741382,7734,4886,12,13,2817798,6742,0,0,0
2026-04-22 21:30:04,5035683,13899,1746210,7751,4845,12,13,2824580,6782,0,0,0
2026-04-22 21:30:05,5049658,13975,1751061,7771,4871,12,13,2831306,6726,0,0,0
2026-04-22 21:30:06,5063251,13593,1755789,7784,4741,12,13,2837994,6688,0,0,0
2026-04-22 21:30:07,5076955,13704,1760560,7801,4788,12,13,2851358,13364,0,0,0
2026-04-22 21:30:09,5091125,14170,1765479,7822,4940,12,13,2858040,6682,0,0,0
2026-04-22 21:30:10,5105384,14259,1770397,7846,4942,12,13,2864666,6626,0,0,0
2026-04-22 21:30:11,5119884,14500,1775404,7875,5036,11,13,2871230,6564,0,0,0
2026-04-22 21:30:12,5134320,14436,1780423,7895,5039,11,13,2877720,6490,0,0,0
2026-04-22 21:30:13,5148796,14476,1785444,7918,5044,12,13,2884192,6472,0,0,0
2026-04-22 21:30:14,5162973,14177,1790368,7937,4943,11,13,2890652,6460,0,0,0
2026-04-22 21:30:15,5177074,14101,1795254,7958,4907,11,13,2897176,6524,0,0,0
2026-04-22 21:30:16,5191106,14032,1800127,7977,4892,11,13,2903728,6552,0,0,0
2026-04-22 21:30:17,5204302,13196,1804702,7999,4597,12,13,2910318,6590,0,0,0
2026-04-22 21:30:19,5217911,13609,1809401,8016,4716,12,13,2923624,13306,0,0,0
2026-04-22 21:30:20,5231095,13184,1813978,8035,4596,12,13,2930282,6658,0,0,0
2026-04-22 21:30:21,5244867,13772,1818759,8059,4805,11,13,2936916,6634,0,0,0
2026-04-22 21:30:22,5258710,13843,1823566,8082,4830,12,13,2943522,6606,0,0,0
2026-04-22 21:30:23,5272285,13575,1828268,8113,4733,12,13,2950096,6574,0,0,0
2026-04-22 21:30:24,5286122,13837,1833049,8134,4802,12,13,2956640,6544,0,0,0
2026-04-22 21:30:25,5299926,13804,1837843,8153,4813,12,13,2963206,6566,0,0,0
2026-04-22 21:30:26,5314143,14217,1842757,8173,4934,11,13,2969768,6562,0,0,0
2026-04-22 21:30:27,5327716,13573,1847475,8191,4736,12,13,2976350,6582,0,0,0
2026-04-22 21:30:28,5341236,13520,1852152,8211,4697,11,13,2989578,13228,0,0,0
2026-04-22 21:30:30,5355193,13957,1856983,8228,4848,12,13,2996172,6594,0,0,0
2026-04-22 21:30:31,5369352,14159,1861898,8250,4937,12,13,3002796,6624,0,0,0
2026-04-22 21:30:32,5383252,13900,1866732,8268,4852,11,13,3009438,6642,0,0,0
2026-04-22 21:30:33,5397407,14155,1871636,8287,4923,12,13,3016018,6580,0,0,0
2026-04-22 21:30:34,5411374,13967,1876463,8314,4854,12,13,3022562,6544,0,0,0
2026-04-22 21:30:35,5425333,13959,1881297,8339,4859,12,13,3029042,6480,0,0,0
2026-04-22 21:30:36,5439152,13819,1886075,8361,4800,12,13,3035464,6422,0,0,0
2026-04-22 21:30:37,5453069,13917,1890927,8380,4871,12,13,3041832,6368,0,0,0
2026-04-22 21:30:38,5466300,13231,1895495,8403,4591,12,13,3054604,12772,0,0,0
2026-04-22 21:30:40,5480397,14097,1900375,8427,4904,12,13,3061030,6426,0,0,0
2026-04-22 21:30:41,5493994,13597,1905106,8442,4746,11,13,3067464,6434,0,0,0
2026-04-22 21:30:42,5507527,13533,1909788,8469,4709,12,13,3073878,6414,0,0,0
2026-04-22 21:30:43,5521125,13598,1914524,8482,4749,12,13,3080282,6404,0,0,0
2026-04-22 21:30:44,5534412,13287,1919143,8502,4639,12,13,3086656,6374,0,0,0
2026-04-22 21:30:45,5547993,13581,1923857,8524,4736,12,13,3092998,6342,0,0,0
2026-04-22 21:30:46,5560889,12896,1928322,8550,4491,12,13,3099302,6304,0,0,0
2026-04-22 21:30:47,5574272,13383,1932945,8580,4653,12,13,3105614,6312,0,0,0
2026-04-22 21:30:48,5587066,12794,1937391,8601,4467,12,13,3111942,6328,0,0,0
2026-04-22 21:30:49,5599823,12757,1941819,8613,4440,10,13,3124714,12772,0,0,0
2026-04-22 21:30:51,5613453,13630,1946568,8628,4764,12,13,3131110,6396,0,0,0
2026-04-22 21:30:52,5627252,13799,1951338,8650,4792,11,13,3137510,6400,0,0,0
2026-04-22 21:30:53,5640766,13514,1956017,8673,4702,11,13,3143878,6368,0,0,0
2026-04-22 21:30:54,5654763,13997,1960853,8700,4863,11,13,3150168,6290,0,0,0
2026-04-22 21:30:55,5668629,13866,1965670,8716,4833,12,13,3156518,6350,0,0,0
2026-04-22 21:30:56,5682659,14030,1970537,8741,4892,10,13,3162846,6328,0,0,0
2026-04-22 21:30:57,5697041,14382,1975522,8763,5007,11,13,3169180,6334,0,0,0
2026-04-22 21:30:58,5710909,13868,1980349,8789,4853,11,13,3175492,6312,0,0,0
2026-04-22 21:30:59,5723662,12753,1984783,8806,4451,12,13,3181834,6342,0,0,0
2026-04-22 21:31:00,5737334,13672,1989512,8821,4744,10,13,3194398,12564,0,0,0
2026-04-22 21:31:02,5751319,13985,1994365,8833,4865,12,13,3200620,6222,0,0,0
2026-04-22 21:31:03,5765164,13845,1999156,8852,4810,11,13,3206902,6282,0,0,0
2026-04-22 21:31:04,5779135,13971,2003996,8869,4857,12,13,3213170,6268,0,0,0
2026-04-22 21:31:05,5793276,14141,2008889,8890,4914,11,13,3219438,6268,0,0,0
2026-04-22 21:31:06,5807559,14283,2013829,8914,4964,11,13,3225580,6142,0,0,0
2026-04-22 21:31:07,5821723,14164,2018737,8941,4935,12,13,3231730,6150,0,0,0
2026-04-22 21:31:08,5835873,14150,2023623,8957,4902,12,13,3237852,6122,0,0,0
2026-04-22 21:31:09,5849615,13742,2028387,8973,4780,12,13,3243952,6100,0,0,0
2026-04-22 21:31:10,5862925,13310,2033005,8989,4634,12,13,3256200,12248,0,0,0
2026-04-22 21:31:12,5876659,13734,2037769,9012,4787,11,13,3262366,6166,0,0,0
2026-04-22 21:31:13,5890487,13828,2042585,9020,4824,12,13,3268578,6212,0,0,0
2026-04-22 21:31:14,5904289,13802,2047375,9033,4803,12,13,3274778,6200,0,0,0
2026-04-22 21:31:15,5918213,13924,2052205,9055,4852,11,13,3280980,6202,0,0,0
2026-04-22 21:31:16,5932681,14468,2057209,9078,5027,12,13,3287130,6150,0,0,0
2026-04-22 21:31:17,5946085,13404,2061859,9101,4673,12,13,3293272,6142,0,0,0
2026-04-22 21:31:18,5959740,13655,2066585,9125,4750,11,13,3299416,6144,0,0,0
2026-04-22 21:31:19,5973485,13745,2071361,9147,4798,12,13,3305552,6136,0,0,0
2026-04-22 21:31:20,5986381,12896,2075844,9165,4501,12,13,3311674,6122,0,0,0
2026-04-22 21:31:22,5999489,13108,2080390,9178,4559,12,13,3323922,12248,0,0,0
2026-04-22 21:31:23,6013248,13759,2085158,9200,4790,12,13,3330038,6116,0,0,0
2026-04-22 21:31:24,6027035,13787,2089940,9218,4800,12,13,3336160,6122,0,0,0
2026-04-22 21:31:25,6041231,14196,2094860,9235,4937,12,13,3342262,6102,0,0,0
2026-04-22 21:31:26,6055220,13989,2099714,9249,4868,12,13,3348390,6128,0,0,0
2026-04-22 21:31:27,6068572,13352,2104342,9272,4651,11,13,3354472,6082,0,0,0
2026-04-22 21:31:28,6082260,13688,2109083,9299,4768,12,13,3360538,6066,0,0,0
2026-04-22 21:31:29,6095406,13146,2113653,9314,4585,12,13,3366580,6042,0,0,0
2026-04-22 21:31:30,6108527,13121,2118210,9339,4582,12,13,3372648,6068,0,0,0
2026-04-22 21:31:31,6121523,12996,2122698,9363,4512,12,13,3384846,12198,0,0,0
2026-04-22 21:31:33,6135452,13929,2127525,9386,4850,12,13,3391004,6158,0,0,0
2026-04-22 21:31:34,6149191,13739,2132299,9401,4789,10,13,3397204,6200,0,0,0
2026-04-22 21:31:35,6163297,14106,2137173,9426,4899,12,13,3403378,6174,0,0,0
2026-04-22 21:31:36,6177525,14228,2142089,9451,4941,12,13,3409464,6086,0,0,0
2026-04-22 21:31:37,6191331,13806,2146872,9476,4808,12,13,3415496,6032,0,0,0
2026-04-22 21:31:38,6205162,13831,2151665,9504,4821,11,13,3421520,6024,0,0,0
2026-04-22 21:31:39,6219225,14063,2156525,9532,4888,12,13,3427542,6022,0,0,0
2026-04-22 21:31:40,6232378,13153,2161095,9554,4592,12,13,3433560,6018,0,0,0
2026-04-22 21:31:41,6245142,12764,2165546,9571,4468,12,13,3439572,6012,0,0,0
2026-04-22 21:31:43,6258790,13648,2170246,9598,4727,12,13,3451626,12054,0,0,0
2026-04-22 21:31:44,6272670,13880,2175058,9623,4837,12,13,3457652,6026,0,0,0
2026-04-22 21:31:45,6286048,13378,2179687,9643,4649,12,13,3463640,5988,0,0,0
2026-04-22 21:31:46,6299114,13066,2184224,9667,4561,11,13,3469662,6022,0,0,0
2026-04-22 21:31:47,6312755,13641,2188952,9687,4748,11,13,3475652,5990,0,0,0
2026-04-22 21:31:48,6326198,13443,2193615,9715,4691,11,13,3481660,6008,0,0,0
2026-04-22 21:31:49,6340153,13955,2198443,9736,4849,11,13,3487746,6086,0,0,0
2026-04-22 21:31:50,6353916,13763,2203217,9758,4796,12,13,3493796,6050,0,0,0
2026-04-22 21:31:51,6367645,13729,2207989,9776,4790,12,13,3499844,6048,0,0,0
2026-04-22 21:31:52,6381353,13708,2212740,9793,4768,12,13,3511984,12140,0,0,0
2026-04-22 21:31:54,6395133,13780,2217530,9812,4809,11,13,3518038,6054,0,0,0
2026-04-22 21:31:55,6409127,13994,2222365,9832,4855,12,13,3524104,6066,0,0,0
2026-04-22 21:31:56,6423428,14301,2227327,9841,4971,12,13,3530120,6016,0,0,0
2026-04-22 21:31:57,6437425,13997,2232189,9861,4882,12,13,3536086,5966,0,0,0
2026-04-22 21:31:58,6450987,13562,2236910,9884,4744,12,13,3542052,5966,0,0,0
2026-04-22 21:31:59,6464965,13978,2241751,9904,4861,12,13,3547988,5936,0,0,0
2026-04-22 21:32:00,6479298,14333,2246702,9930,4977,12,13,3553958,5970,0,0,0
2026-04-22 21:32:01,6493944,14646,2251761,9959,5088,11,13,3559944,5986,0,0,0
2026-04-22 21:32:02,6507462,13518,2256455,9980,4715,12,13,3565980,6036,0,0,0
2026-04-22 21:32:04,6521127,13665,2261223,9995,4783,11,13,3578084,12104,0,0,0
2026-04-22 21:32:05,6534923,13796,2266011,10022,4815,12,13,3584060,5976,0,0,0
2026-04-22 21:32:06,6548895,13972,2270876,10036,4879,12,13,3590004,5944,0,0,0
2026-04-22 21:32:07,6562483,13588,2275603,10056,4747,11,13,3596004,6000,0,0,0
2026-04-22 21:32:08,6576097,13614,2280333,10075,4749,11,13,3602008,6004,0,0,0
2026-04-22 21:32:09,6590691,14594,2285399,10098,5089,12,13,3608004,5996,0,0,0
2026-04-22 21:32:10,6604554,13863,2290212,10127,4842,12,13,3613996,5992,0,0,0
2026-04-22 21:32:11,6618515,13961,2295053,10147,4861,12,13,3619958,5962,0,0,0
2026-04-22 21:32:12,6632253,13738,2299835,10165,4800,12,13,3625932,5974,0,0,0
2026-04-22 21:32:13,6644719,12466,2304178,10174,4352,12,13,3631902,5970,0,0,0
2026-04-22 21:32:15,6658340,13621,2308891,10193,4732,11,13,3643906,12004,0,0,0
2026-04-22 21:32:16,6672515,14175,2313809,10216,4941,12,13,3649918,6012,0,0,0
2026-04-22 21:32:17,6686752,14237,2318747,10242,4964,11,13,3655920,6002,0,0,0
2026-04-22 21:32:18,6701209,14457,2323749,10272,5032,12,13,3661870,5950,0,0,0
2026-04-22 21:32:19,6715178,13969,2328611,10285,4875,12,13,3667838,5968,0,0,0
2026-04-22 21:32:20,6728934,13756,2333387,10314,4805,11,13,3673810,5972,0,0,0
2026-04-22 21:32:21,6743284,14350,2338377,10331,5007,11,13,3679826,6016,0,0,0
2026-04-22 21:32:22,6757780,14496,2343394,10348,5034,12,13,3685880,6054,0,0,0
2026-04-22 21:32:23,6771477,13697,2348150,10371,4779,11,13,3691966,6086,0,0,0
2026-04-22 21:32:24,6786067,14590,2353186,10391,5056,12,13,3703986,12020,0,0,0
2026-04-22 21:32:26,6800237,14170,2358102,10414,4939,11,13,3709934,5948,0,0,0
2026-04-22 21:32:27,6814785,14548,2363134,10441,5059,12,13,3715904,5970,0,0,0
2026-04-22 21:32:28,6829370,14585,2368187,10462,5074,12,13,3721900,5996,0,0,0
2026-04-22 21:32:29,6844133,14763,2373299,10491,5141,12,13,3727960,6060,0,0,0
2026-04-22 21:32:30,6858488,14355,2378277,10513,5000,12,13,3734024,6064,0,0,0
2026-04-22 21:32:31,6872459,13971,2383121,10532,4863,10,13,3740092,6068,0,0,0
2026-04-22 21:32:32,6886937,14478,2388139,10561,5047,12,13,3746144,6052,0,0,0
2026-04-22 21:32:33,6901177,14240,2393098,10582,4980,12,13,3752204,6060,0,0,0
2026-04-22 21:32:34,6914002,12825,2397522,10615,4457,12,13,3758304,6100,0,0,0
2026-04-22 21:32:36,6928528,14526,2402570,10640,5073,12,13,3770390,12086,0,0,0
2026-04-22 21:32:37,6943028,14500,2407573,10668,5031,10,13,3776480,6090,0,0,0
2026-04-22 21:32:38,6957347,14319,2412540,10684,4983,12,13,3782600,6120,0,0,0
2026-04-22 21:32:39,6971619,14272,2417499,10703,4978,12,13,3788750,6150,0,0,0
2026-04-22 21:32:40,6985791,14172,2422423,10720,4941,12,13,3794922,6172,0,0,0
2026-04-22 21:32:41,7000068,14277,2427354,10750,4961,12,13,3801068,6146,0,0,0
2026-04-22 21:32:42,7014348,14280,2432325,10771,4992,11,13,3807172,6104,0,0,0
2026-04-22 21:32:43,7028991,14643,2437369,10792,5065,11,13,3813224,6052,0,0,0
2026-04-22 21:32:44,7043060,14069,2442232,10812,4883,12,13,3819282,6058,0,0,0
2026-04-22 21:32:45,7057475,14415,2447211,10839,5006,12,13,3831368,12086,0,0,0
2026-04-22 21:32:47,7071725,14250,2452156,10864,4970,12,13,3837412,6044,0,0,0
2026-04-22 21:32:48,7086350,14625,2457212,10885,5077,10,13,3843464,6052,0,0,0
2026-04-22 21:32:49,7101137,14787,2462334,10907,5144,12,13,3849496,6032,0,0,0
2026-04-22 21:32:50,7115693,14556,2467369,10931,5059,11,13,3855538,6042,0,0,0
2026-04-22 21:32:51,7130077,14384,2472360,10953,5013,12,13,3861594,6056,0,0,0
2026-04-22 21:32:52,7144310,14233,2477302,10973,4962,12,13,3867662,6068,0,0,0
2026-04-22 21:32:53,7158992,14682,2482382,11001,5108,11,13,3873724,6062,0,0,0
2026-04-22 21:32:54,7173390,14398,2487382,11019,5018,12,13,3879762,6038,0,0,0
2026-04-22 21:32:55,7187655,14265,2492306,11038,4943,12,13,3891894,12132,0,0,0
2026-04-22 21:32:57,7201661,14006,2497160,11061,4877,12,13,3898024,6130,0,0,0
2026-04-22 21:32:58,7215984,14323,2502130,11080,4989,11,13,3904182,6158,0,0,0
2026-04-22 21:32:59,7230447,14463,2507136,11108,5034,12,13,3910284,6102,0,0,0
2026-04-22 21:33:00,7244897,14450,2512136,11138,5030,12,13,3916362,6078,0,0,0
2026-04-22 21:33:01,7258813,13916,2516943,11172,4841,11,13,3922338,5976,0,0,0
2026-04-22 21:33:02,7272630,13817,2521747,11200,4832,11,13,3928258,5920,0,0,0
2026-04-22 21:33:03,7287209,14579,2526793,11226,5072,12,13,3934182,5924,0,0,0
2026-04-22 21:33:04,7301612,14403,2531788,11246,5015,11,13,3940082,5900,0,0,0
2026-04-22 21:33:05,7315747,14135,2536686,11272,4924,12,13,3946010,5928,0,0,0
2026-04-22 21:33:06,7329796,14049,2541551,11301,4894,12,13,3957946,11936,0,0,0
2026-04-22 21:33:08,7343667,13871,2546375,11320,4843,12,13,3963950,6004,0,0,0
2026-04-22 21:33:09,7358014,14347,2551362,11335,5002,12,13,3969976,6026,0,0,0
2026-04-22 21:33:10,7372219,14205,2556295,11359,4957,11,13,3975954,5978,0,0,0
2026-04-22 21:33:11,7386700,14481,2561318,11380,5044,12,13,3981948,5994,0,0,0
2026-04-22 21:33:12,7401223,14523,2566329,11404,5035,11,13,3987958,6010,0,0,0
2026-04-22 21:33:13,7415799,14576,2571366,11438,5071,12,13,3993958,6000,0,0,0
2026-04-22 21:33:14,7429652,13853,2576195,11463,4854,11,13,3999996,6038,0,0,0
2026-04-22 21:33:15,7443524,13872,2581028,11481,4851,12,13,4006140,6144,0,0,0
2026-04-22 21:33:16,7457138,13614,2585763,11498,4752,12,13,4012248,6108,0,0,0
2026-04-22 21:33:17,7471408,14270,2590693,11523,4955,11,13,4024418,12170,0,0,0
2026-04-22 21:33:19,7485169,13761,2595476,11554,4814,12,13,4030472,6054,0,0,0
2026-04-22 21:33:20,7499643,14474,2600508,11577,5055,12,13,4036488,6016,0,0,0
2026-04-22 21:33:21,7513846,14203,2605438,11602,4955,12,13,4042498,6010,0,0,0
2026-04-22 21:33:22,7528125,14279,2610400,11617,4977,12,13,4048552,6054,0,0,0
2026-04-22 21:33:23,7542625,14500,2615432,11638,5053,11,13,4054622,6070,0,0,0
2026-04-22 21:33:24,7556978,14353,2620409,11660,4999,11,13,4060668,6046,0,0,0
2026-04-22 21:33:25,7571142,14164,2625320,11687,4938,12,13,4066732,6064,0,0,0
2026-04-22 21:33:26,7585494,14352,2630312,11702,5007,12,13,4072802,6070,0,0,0
2026-04-22 21:33:27,7599196,13702,2635054,11718,4758,12,13,4084874,12072,0,0,0
2026-04-22 21:33:29,7612875,13679,2639795,11732,4755,12,13,4090928,6054,0,0,0
2026-04-22 21:33:30,7626529,13654,2644539,11747,4759,12,13,4096954,6026,0,0,0
2026-04-22 21:33:31,7640959,14430,2649540,11772,5026,12,13,4102964,6010,0,0,0
2026-04-22 21:33:32,7655192,14233,2654464,11790,4942,12,13,4109044,6080,0,0,0
2026-04-22 21:33:33,7669291,14099,2659344,11823,4913,12,13,4115132,6088,0,0,0
2026-04-22 21:33:34,7683772,14481,2664351,11850,5034,11,13,4121238,6106,0,0,0
2026-04-22 21:33:35,7697361,13589,2669070,11864,4733,11,13,4127412,6174,0,0,0
2026-04-22 21:33:36,7711457,14096,2673942,11884,4892,11,13,4133552,6140,0,0,0
2026-04-22 21:33:37,7725713,14256,2678905,11906,4985,12,13,4139668,6116,0,0,0
2026-04-22 21:33:39,7740306,14593,2683965,11933,5087,12,13,4151834,12166,0,0,0
2026-04-22 21:33:40,7754755,14449,2688970,11958,5030,12,13,4157838,6004,0,0,0
2026-04-22 21:33:41,7769254,14499,2694004,11969,5045,11,13,4163834,5996,0,0,0
2026-04-22 21:33:42,7783786,14532,2699040,11995,5062,11,13,4169824,5990,0,0,0
2026-04-22 21:33:43,7797951,14165,2703933,12026,4924,12,13,4175814,5990,0,0,0
2026-04-22 21:33:44,7811750,13799,2708735,12045,4821,12,13,4181860,6046,0,0,0
2026-04-22 21:33:45,7825875,14125,2713642,12077,4939,12,13,4187886,6026,0,0,0
2026-04-22 21:33:46,7840471,14596,2718700,12098,5079,11,13,4193896,6010,0,0,0
2026-04-22 21:33:47,7854483,14012,2723573,12124,4899,12,13,4199920,6024,0,0,0
2026-04-22 21:33:48,7868215,13732,2728332,12142,4777,12,13,4211992,12072,0,0,0
2026-04-22 21:33:50,7882975,14760,2733445,12166,5137,11,13,4218032,6040,0,0,0
2026-04-22 21:33:51,7897601,14626,2738520,12183,5092,10,13,4224078,6046,0,0,0
2026-04-22 21:33:52,7911615,14014,2743388,12203,4888,10,13,4230062,5984,0,0,0
2026-04-22 21:33:53,7925870,14255,2748335,12224,4968,11,13,4236126,6064,0,0,0
2026-04-22 21:33:54,7940379,14509,2753366,12248,5055,12,13,4242178,6052,0,0,0
2026-04-22 21:33:55,7954765,14386,2758381,12267,5034,12,13,4248214,6036,0,0,0
2026-04-22 21:33:56,7968293,13528,2763081,12284,4717,12,13,4254264,6050,0,0,0
2026-04-22 21:33:57,7982403,14110,2767964,12301,4900,12,13,4260302,6038,0,0,0
2026-04-22 21:33:58,7996050,13647,2772696,12314,4745,12,13,4266320,6018,0,0,0
2026-04-22 21:34:00,8010486,14436,2777682,12338,5010,10,13,4278342,12022,0,0,0
2026-04-22 21:34:01,8024549,14063,2782571,12360,4911,12,13,4284404,6062,0,0,0
2026-04-22 21:34:02,8038715,14166,2787474,12386,4929,12,13,4290476,6072,0,0,0
2026-04-22 21:34:03,8052745,14030,2792325,12411,4876,11,13,4296518,6042,0,0,0
2026-04-22 21:34:04,8066924,14179,2797249,12431,4944,12,13,4302562,6044,0,0,0
2026-04-22 21:34:05,8081573,14649,2802322,12452,5094,11,13,4308600,6038,0,0,0
2026-04-22 21:34:06,8095964,14391,2807296,12474,4996,12,13,4314594,5994,0,0,0
2026-04-22 21:34:07,8109959,13995,2812172,12493,4895,11,13,4320622,6028,0,0,0
2026-04-22 21:34:08,8124168,14209,2817092,12515,4942,8,13,4326688,6066,0,0,0
2026-04-22 21:34:09,8137209,13041,2821622,12536,4551,12,13,4338764,12076,0,0,0
2026-04-22 21:34:11,8150672,13463,2826295,12560,4697,11,13,4344746,5982,0,0,0
2026-04-22 21:34:12,8164896,14224,2831220,12585,4950,11,13,4350706,5960,0,0,0
2026-04-22 21:34:13,8179429,14533,2836263,12601,5059,11,13,4356680,5974,0,0,0
2026-04-22 21:34:14,8193370,13941,2841116,12616,4868,11,13,4362698,6018,0,0,0
2026-04-22 21:34:15,8207256,13886,2845939,12638,4845,11,13,4368746,6048,0,0,0
2026-04-22 21:34:16,8221284,14028,2850819,12649,4891,11,13,4374822,6076,0,0,0
2026-04-22 21:34:17,8235519,14235,2855764,12668,4964,12,13,4380894,6072,0,0,0
2026-04-22 21:34:18,8249608,14089,2860659,12689,4916,12,13,4386982,6088,0,0,0
2026-04-22 21:34:19,8263484,13876,2865468,12714,4834,12,13,4393032,6050,0,0,0
2026-04-22 21:34:20,8277002,13518,2870155,12730,4703,11,13,4405074,12042,0,0,0
2026-04-22 21:34:22,8291236,14234,2875104,12752,4971,12,13,4411044,5970,0,0,0
2026-04-22 21:34:23,8305672,14436,2880105,12772,5021,12,13,4417000,5956,0,0,0
2026-04-22 21:34:24,8319539,13867,2884912,12783,4818,12,13,4422916,5916,0,0,0
2026-04-22 21:34:25,8333681,14142,2889801,12802,4908,12,13,4428808,5892,0,0,0
2026-04-22 21:34:26,8347697,14016,2894681,12818,4896,11,13,4434776,5968,0,0,0
2026-04-22 21:34:27,8362097,14400,2899670,12842,5013,12,13,4440732,5956,0,0,0
2026-04-22 21:34:28,8376167,14070,2904564,12868,4920,12,13,4446704,5972,0,0,0
2026-04-22 21:34:29,8389949,13782,2909342,12893,4803,12,13,4452770,6066,0,0,0
2026-04-22 21:34:30,8403683,13734,2914084,12916,4765,11,13,4464784,12014,0,0,0
2026-04-22 21:34:32,8417933,14250,2919034,12934,4968,11,13,4470752,5968,0,0,0
2026-04-22 21:34:33,8431916,13983,2923885,12958,4875,11,13,4476660,5908,0,0,0
2026-04-22 21:34:34,8446122,14206,2928812,12982,4951,12,13,4482528,5868,0,0,0
2026-04-22 21:34:35,8460520,14398,2933814,13001,5021,12,13,4488418,5890,0,0,0
2026-04-22 21:34:36,8475187,14667,2938891,13017,5093,12,13,4494268,5850,0,0,0
2026-04-22 21:34:37,8489601,14414,2943879,13045,5016,12,13,4500136,5868,0,0,0
2026-04-22 21:34:38,8503613,14012,2948742,13063,4881,12,13,4506000,5864,0,0,0
2026-04-22 21:34:39,8517773,14160,2953653,13086,4934,11,13,4511814,5814,0,0,0
2026-04-22 21:34:40,8531393,13620,2958390,13105,4756,12,13,4517632,5818,0,0,0
2026-04-22 21:34:42,8545481,14088,2963274,13128,4907,11,13,4529378,11746,0,0,0
2026-04-22 21:34:43,8559832,14351,2968247,13153,4998,12,13,4535322,5944,0,0,0
2026-04-22 21:34:44,8573906,14074,2973137,13172,4909,12,13,4541326,6004,0,0,0
2026-04-22 21:34:45,8588161,14255,2978067,13200,4958,11,13,4547330,6004,0,0,0
2026-04-22 21:34:46,8602510,14349,2983052,13227,5012,12,13,4553280,5950,0,0,0
2026-04-22 21:34:47,8616858,14348,2988017,13251,4989,12,13,4559208,5928,0,0,0
2026-04-22 21:34:48,8631522,14664,2993106,13272,5110,11,13,4565040,5832,0,0,0
2026-04-22 21:34:49,8645625,14103,2997986,13288,4896,11,13,4570882,5842,0,0,0
2026-04-22 21:34:50,8660074,14449,3003002,13307,5035,12,13,4576714,5832,0,0,0
2026-04-22 21:34:51,8673723,13649,3007736,13327,4754,12,13,4582600,5886,0,0,0
2026-04-22 21:34:53,8687548,13825,3012525,13344,4806,12,13,4594458,11858,0,0,0
2026-04-22 21:34:54,8701928,14380,3017496,13371,4998,11,13,4600410,5952,0,0,0
2026-04-22 21:34:55,8716108,14180,3022421,13392,4946,12,13,4606300,5890,0,0,0
2026-04-22 21:34:56,8730568,14460,3027438,13405,5030,12,13,4612180,5880,0,0,0
2026-04-22 21:34:57,8744194,13626,3032187,13419,4763,11,13,4617990,5810,0,0,0
2026-04-22 21:34:58,8757852,13658,3036918,13442,4754,12,13,4623854,5864,0,0,0
2026-04-22 21:34:59,8772437,14585,3041970,13468,5078,12,13,4629736,5882,0,0,0
2026-04-22 21:35:00,8786836,14399,3046965,13492,5019,11,13,4635602,5866,0,0,0
2026-04-22 21:35:01,8801012,14176,3051879,13510,4932,12,13,4641488,5886,0,0,0
2026-04-22 21:35:02,8815186,14174,3056791,13531,4933,11,13,4653138,11650,0,0,0
2026-04-22 21:35:04,8829513,14327,3061763,13556,4997,12,13,4658964,5826,0,0,0
2026-04-22 21:35:05,8843521,14008,3066652,13570,4903,12,13,4664756,5792,0,0,0
2026-04-22 21:35:06,8857664,14143,3071561,13591,4930,11,13,4670544,5788,0,0,0
2026-04-22 21:35:07,8872157,14493,3076585,13612,5045,11,13,4676322,5778,0,0,0
2026-04-22 21:35:08,8886667,14510,3081608,13638,5049,11,13,4682132,5810,0,0,0
2026-04-22 21:35:09,8900618,13951,3086440,13667,4861,12,13,4687972,5840,0,0,0
2026-04-22 21:35:10,8914505,13887,3091270,13686,4849,12,13,4693838,5866,0,0,0
2026-04-22 21:35:11,8928662,14157,3096166,13710,4920,11,13,4699674,5836,0,0,0
2026-04-22 21:35:12,8942418,13756,3100950,13724,4798,9,13,4705548,5874,0,0,0
2026-04-22 21:35:13,8956582,14164,3105843,13755,4924,12,13,4717314,11766,0,0,0
2026-04-22 21:35:15,8970678,14096,3110734,13781,4917,11,13,4723188,5874,0,0,0
2026-04-22 21:35:16,8984987,14309,3115702,13797,4984,10,13,4729058,5870,0,0,0
2026-04-22 21:35:17,8999136,14149,3120611,13821,4933,12,13,4734832,5774,0,0,0
2026-04-22 21:35:18,9013306,14170,3125526,13845,4939,12,13,4740640,5808,0,0,0
2026-04-22 21:35:19,9027474,14168,3130432,13866,4927,11,13,4746472,5832,0,0,0
2026-04-22 21:35:20,9042090,14616,3135483,13892,5077,10,13,4752268,5796,0,0,0
2026-04-22 21:35:21,9056221,14131,3140361,13920,4906,12,13,4758094,5826,0,0,0
2026-04-22 21:35:22,9070342,14121,3145268,13940,4927,11,13,4763928,5834,0,0,0
2026-04-22 21:35:23,9083781,13439,3149929,13963,4684,12,13,4769740,5812,0,0,0
2026-04-22 21:35:25,9097909,14128,3154808,13990,4906,12,13,4781442,11702,0,0,0
2026-04-22 21:35:26,9112114,14205,3159732,14011,4945,11,13,4787256,5814,0,0,0
2026-04-22 21:35:27,9126690,14576,3164785,14028,5070,11,13,4793034,5778,0,0,0
2026-04-22 21:35:28,9141342,14652,3169866,14050,5103,12,13,4798814,5780,0,0,0
2026-04-22 21:35:29,9156284,14942,3175045,14066,5195,11,13,4804566,5752,0,0,0
2026-04-22 21:35:30,9170865,14581,3180110,14091,5090,12,13,4810322,5756,0,0,0
2026-04-22 21:35:31,9185854,14989,3185293,14109,5201,11,13,4816108,5786,0,0,0
2026-04-22 21:35:32,9200647,14793,3190404,14130,5132,12,13,4821936,5828,0,0,0
2026-04-22 21:35:33,9214406,13759,3195176,14151,4793,12,13,4827752,5816,0,0,0
2026-04-22 21:35:34,9228182,13776,3199956,14170,4799,12,13,4839332,11580,0,0,0
2026-04-22 21:35:36,9242569,14387,3204954,14191,5019,11,13,4845070,5738,0,0,0
2026-04-22 21:35:37,9256908,14339,3209937,14212,5004,11,13,4850788,5718,0,0,0
2026-04-22 21:35:38,9271114,14206,3214867,14233,4951,12,13,4856518,5730,0,0,0
2026-04-22 21:35:39,9284809,13695,3219636,14254,4790,11,13,4862210,5692,0,0,0
2026-04-22 21:35:40,9298889,14080,3224519,14280,4909,11,13,4867910,5700,0,0,0
2026-04-22 21:35:41,9313719,14830,3229640,14307,5148,11,13,4873660,5750,0,0,0
2026-04-22 21:35:42,9328340,14621,3234699,14327,5079,11,13,4879498,5838,0,0,0
2026-04-22 21:35:43,9342791,14451,3239702,14351,5027,12,13,4885372,5874,0,0,0
2026-04-22 21:35:44,9356300,13509,3244398,14375,4720,12,13,4891242,5870,0,0,0
2026-04-22 21:35:46,9371097,14797,3249509,14403,5139,12,13,4902852,11610,0,0,0
2026-04-22 21:35:47,9385418,14321,3254483,14434,5005,11,13,4908592,5740,0,0,0
2026-04-22 21:35:48,9399726,14308,3259451,14449,4983,12,13,4914344,5752,0,0,0
2026-04-22 21:35:49,9414331,14605,3264517,14472,5089,10,13,4920114,5770,0,0,0
2026-04-22 21:35:50,9428888,14557,3269573,14492,5076,11,13,4925902,5788,0,0,0
2026-04-22 21:35:51,9442957,14069,3274474,14513,4922,11,13,4931646,5744,0,0,0
2026-04-22 21:35:52,9457741,14784,3279583,14536,5132,12,13,4937378,5732,0,0,0
2026-04-22 21:35:53,9472016,14275,3284544,14552,4977,11,13,4943078,5700,0,0,0
2026-04-22 21:35:54,9485667,13651,3289273,14577,4754,12,13,4948798,5720,0,0,0
2026-04-22 21:35:55,9499942,14275,3294228,14600,4978,11,13,4960332,11534,0,0,0
2026-04-22 21:35:57,9514553,14611,3299290,14624,5086,12,13,4966112,5780,0,0,0
2026-04-22 21:35:58,9529587,15034,3304468,14659,5213,12,13,4971862,5750,0,0,0
2026-04-22 21:35:59,9543801,14214,3309404,14686,4963,12,13,4977588,5726,0,0,0
2026-04-22 21:36:00,9558462,14661,3314480,14710,5100,12,13,4983324,5736,0,0,0
2026-04-22 21:36:01,9572794,14332,3319457,14736,5003,11,13,4989058,5734,0,0,0
2026-04-22 21:36:02,9587223,14429,3324471,14748,5026,12,13,4994798,5740,0,0,0
2026-04-22 21:36:03,9601583,14360,3329448,14776,5005,12,13,5000526,5728,0,0,0
2026-04-22 21:36:04,9615971,14388,3334438,14802,5016,12,13,5006314,5788,0,0,0
2026-04-22 21:36:05,9629570,13599,3339174,14811,4745,12,13,5012116,5802,0,0,0
2026-04-22 21:36:07,9643820,14250,3344096,14830,4941,11,13,5023606,11490,0,0,0
2026-04-22 21:36:08,9657941,14121,3348983,14854,4911,11,13,5029362,5756,0,0,0
2026-04-22 21:36:09,9672069,14128,3353874,14880,4917,11,13,5035098,5736,0,0,0
2026-04-22 21:36:10,9686169,14100,3358771,14904,4921,12,13,5040850,5752,0,0,0
2026-04-22 21:36:11,9700972,14803,3363890,14928,5143,11,13,5046574,5724,0,0,0
2026-04-22 21:36:12,9715221,14249,3368830,14950,4962,12,13,5052280,5706,0,0,0
2026-04-22 21:36:13,9730027,14806,3373941,14987,5148,12,13,5057998,5718,0,0,0
2026-04-22 21:36:14,9744672,14645,3379002,15011,5085,12,13,5063752,5754,0,0,0
2026-04-22 21:36:15,9758792,14120,3383892,15035,4914,11,13,5069510,5758,0,0,0
2026-04-22 21:36:16,9772467,13675,3388649,15054,4776,12,13,5080978,11468,0,0,0
2026-04-22 21:36:18,9787276,14809,3393791,15075,5163,12,13,5086734,5756,0,0,0
2026-04-22 21:36:19,9801756,14480,3398810,15097,5041,12,13,5092472,5738,0,0,0
2026-04-22 21:36:20,9816360,14604,3403872,15119,5084,12,13,5098226,5754,0,0,0
2026-04-22 21:36:21,9831010,14650,3408941,15149,5099,12,13,5103948,5722,0,0,0
2026-04-22 21:36:22,9845378,14368,3413923,15165,4998,12,13,5109660,5712,0,0,0
2026-04-22 21:36:23,9859924,14546,3418976,15182,5070,11,13,5115384,5724,0,0,0
2026-04-22 21:36:24,9874193,14269,3423928,15205,4975,12,13,5121104,5720,0,0,0
2026-04-22 21:36:25,9888689,14496,3428957,15222,5046,12,13,5126794,5690,0,0,0
2026-04-22 21:36:26,9902782,14093,3433868,15245,4934,12,13,5132468,5674,0,0,0
2026-04-22 21:36:27,9917388,14606,3438929,15267,5083,12,13,5143780,11312,0,0,0
2026-04-22 21:36:29,9932119,14731,3444046,15290,5140,12,13,5149432,5652,0,0,0
2026-04-22 21:36:30,9947044,14925,3449205,15310,5179,11,13,5155084,5652,0,0,0
2026-04-22 21:36:31,9961983,14939,3454371,15332,5188,12,13,5160752,5668,0,0,0
2026-04-22 21:36:32,9976433,14450,3459397,15352,5046,12,13,5166410,5658,0,0,0
2026-04-22 21:36:33,9991174,14741,3464509,15366,5126,12,13,5172102,5692,0,0,0
2026-04-22 21:36:34,10005472,14298,3469477,15390,4992,11,13,5177780,5678,0,0,0
2026-04-22 21:36:35,10019696,14224,3474421,15414,4968,12,13,5183466,5686,0,0,0
2026-04-22 21:36:36,10034348,14652,3479492,15440,5097,12,13,5189152,5686,0,0,0
2026-04-22 21:36:37,10048224,13876,3484309,15468,4845,12,13,5194798,5646,0,0,0
2026-04-22 21:36:39,10062909,14685,3489409,15485,5117,12,13,5206048,11250,0,0,0
2026-04-22 21:36:40,10077222,14313,3494381,15508,4995,11,13,5211684,5636,0,0,0
2026-04-22 21:36:41,10091933,14711,3499469,15541,5121,12,13,5217364,5680,0,0,0
2026-04-22 21:36:42,10105971,14038,3504358,15559,4907,11,13,5223022,5658,0,0,0
2026-04-22 21:36:43,10119810,13839,3509163,15579,4825,12,13,5228656,5634,0,0,0
2026-04-22 21:36:44,10133737,13927,3513998,15600,4856,12,13,5234270,5614,0,0,0
2026-04-22 21:36:45,10148432,14695,3519090,15624,5116,11,13,5239820,5550,0,0,0
2026-04-22 21:36:46,10163219,14787,3524208,15645,5139,12,13,5245394,5574,0,0,0
2026-04-22 21:36:47,10177696,14477,3529227,15672,5046,12,13,5250980,5586,0,0,0
2026-04-22 21:36:48,10191571,13875,3534026,15702,4829,12,13,5262186,11206,0,0,0
2026-04-22 21:36:50,10205599,14028,3538894,15723,4889,10,13,5267762,5576,0,0,0
2026-04-22 21:36:51,10219887,14288,3543836,15741,4960,12,13,5273376,5614,0,0,0
2026-04-22 21:36:52,10234320,14433,3548859,15763,5045,12,13,5279032,5656,0,0,0
2026-04-22 21:36:53,10248463,14143,3553761,15782,4921,11,13,5284698,5666,0,0,0
2026-04-22 21:36:54,10262804,14341,3558721,15804,4982,11,13,5290342,5644,0,0,0
2026-04-22 21:36:55,10277258,14454,3563725,15823,5023,11,13,5295972,5630,0,0,0
2026-04-22 21:36:56,10291640,14382,3568695,15845,4992,11,13,5301566,5594,0,0,0
2026-04-22 21:36:57,10305753,14113,3573581,15867,4908,12,13,5307152,5586,0,0,0
2026-04-22 21:36:58,10319629,13876,3578387,15893,4832,12,13,5312706,5554,0,0,0
2026-04-22 21:36:59,10333773,14144,3583296,15910,4926,11,13,5323900,11194,0,0,0
2026-04-22 21:37:01,10348196,14423,3588308,15930,5032,11,13,5329522,5622,0,0,0
2026-04-22 21:37:02,10362262,14066,3593191,15955,4908,11,13,5335164,5642,0,0,0
2026-04-22 21:37:03,10376431,14169,3598122,15975,4951,11,13,5340806,5642,0,0,0
2026-04-22 21:37:04,10390974,14543,3603162,15993,5058,12,13,5346424,5618,0,0,0
2026-04-22 21:37:05,10405587,14613,3608231,16014,5090,12,13,5352048,5624,0,0,0
2026-04-22 21:37:06,10420216,14629,3613300,16037,5092,11,13,5357610,5562,0,0,0
2026-04-22 21:37:07,10434665,14449,3618333,16048,5044,12,13,5363134,5524,0,0,0
2026-04-22 21:37:08,10449544,14879,3623490,16071,5180,12,13,5368680,5546,0,0,0
2026-04-22 21:37:09,10463438,13894,3628336,16091,4866,12,13,5374202,5522,0,0,0
2026-04-22 21:37:11,10477766,14328,3633297,16117,4987,12,13,5385280,11078,0,0,0
2026-04-22 21:37:12,10491409,13643,3638048,16131,4765,12,13,5390818,5538,0,0,0
2026-04-22 21:37:13,10505347,13938,3642875,16156,4852,12,13,5396378,5560,0,0,0
2026-04-22 21:37:14,10519677,14330,3647859,16176,5004,12,13,5401946,5568,0,0,0
2026-04-22 21:37:15,10534250,14573,3652914,16191,5070,12,13,5407480,5534,0,0,0
2026-04-22 21:37:16,10547979,13729,3657685,16208,4788,11,13,5412986,5506,0,0,0
2026-04-22 21:37:17,10562373,14394,3662680,16230,5017,12,13,5418478,5492,0,0,0
2026-04-22 21:37:18,10576838,14465,3667695,16256,5041,11,13,5423994,5516,0,0,0
2026-04-22 21:37:19,10590679,13841,3672485,16274,4808,12,13,5429514,5520,0,0,0
2026-04-22 21:37:20,10604221,13542,3677158,16293,4692,12,13,5440634,11120,0,0,0
2026-04-22 21:37:22,10619043,14822,3682278,16323,5150,11,13,5446182,5548,0,0,0
2026-04-22 21:37:23,10633803,14760,3687406,16342,5147,10,13,5451738,5556,0,0,0
2026-04-22 21:37:24,10648781,14978,3692593,16366,5211,12,13,5457292,5554,0,0,0
2026-04-22 21:37:25,10663215,14434,3697614,16381,5036,12,13,5462844,5552,0,0,0
2026-04-22 21:37:26,10677865,14650,3702695,16394,5094,12,13,5468384,5540,0,0,0
2026-04-22 21:37:27,10692603,14738,3707793,16424,5128,12,13,5473872,5488,0,0,0
2026-04-22 21:37:28,10707304,14701,3712883,16448,5114,12,13,5479336,5464,0,0,0
2026-04-22 21:37:29,10722330,15026,3718087,16470,5226,12,13,5484784,5448,0,0,0
2026-04-22 21:37:30,10736291,13961,3722934,16487,4864,12,13,5490220,5436,0,0,0
2026-04-22 21:37:32,10750997,14706,3728025,16512,5116,12,13,5501226,11006,0,0,0
2026-04-22 21:37:33,10765357,14360,3733015,16530,5008,12,13,5506748,5522,0,0,0
2026-04-22 21:37:34,10780204,14847,3738137,16563,5155,12,13,5512288,5540,0,0,0
2026-04-22 21:37:35,10794553,14349,3743111,16587,4998,11,13,5517836,5548,0,0,0
2026-04-22 21:37:36,10809221,14668,3748191,16602,5095,12,13,5523324,5488,0,0,0
2026-04-22 21:37:37,10823302,14081,3753093,16621,4921,12,13,5528838,5514,0,0,0
2026-04-22 21:37:38,10837588,14286,3758050,16638,4974,11,13,5534342,5504,0,0,0
2026-04-22 21:37:39,10852145,14557,3763097,16663,5072,11,13,5539816,5474,0,0,0
2026-04-22 21:37:40,10867083,14938,3768260,16686,5186,11,13,5545276,5460,0,0,0
2026-04-22 21:37:41,10880482,13399,3772909,16705,4668,12,13,5550726,5450,0,0,0
2026-04-22 21:37:43,10894454,13972,3777739,16725,4850,12,13,5561550,10824,0,0,0
2026-04-22 21:37:44,10908585,14131,3782641,16756,4933,12,13,5566953,5403,0,0,0
2026-04-22 21:37:45,10922975,14390,3787634,16781,5018,12,13,5572379,5426,0,0,0
2026-04-22 21:37:46,10937274,14299,3792609,16803,4997,12,13,5577840,5461,0,0,0
2026-04-22 21:37:47,10951873,14599,3797663,16825,5076,11,13,5583335,5495,0,0,0
2026-04-22 21:37:48,10966389,14516,3802685,16848,5045,12,13,5588873,5538,0,0,0
2026-04-22 21:37:49,10980739,14350,3807653,16875,4995,12,13,5594373,5500,0,0,0
2026-04-22 21:37:50,10995357,14618,3812708,16901,5081,12,13,5599843,5470,0,0,0
2026-04-22 21:37:51,11009552,14195,3817636,16923,4950,12,13,5605334,5491,0,0,0
2026-04-22 21:37:52,11022712,13160,3822196,16952,4589,12,13,5610827,5493,0,0,0
2026-04-22 21:37:54,11037373,14661,3827251,16970,5073,12,13,5621873,11046,0,0,0
2026-04-22 21:37:55,11051486,14113,3832139,16989,4907,12,13,5627400,5527,0,0,0
2026-04-22 21:37:56,11065700,14214,3837072,17012,4956,9,13,5632944,5544,0,0,0
2026-04-22 21:37:57,11080317,14617,3842126,17037,5079,11,13,5638477,5533,0,0,0
2026-04-22 21:37:58,11094615,14298,3847074,17067,4978,11,13,5643967,5490,0,0,0
2026-04-22 21:37:59,11109165,14550,3852122,17084,5065,12,13,5649434,5467,0,0,0
2026-04-22 21:38:00,11123760,14595,3857173,17103,5070,11,13,5654859,5425,0,0,0
2026-04-22 21:38:01,11138658,14898,3862337,17121,5182,11,13,5660340,5481,0,0,0
2026-04-22 21:38:02,11152760,14102,3867221,17145,4908,12,13,5665831,5491,0,0,0
2026-04-22 21:38:03,11166923,14163,3872119,17165,4918,11,13,5676900,11069,0,0,0
2026-04-22 21:38:05,11181313,14390,3877122,17191,5029,11,13,5682388,5488,0,0,0
2026-04-22 21:38:06,11195692,14379,3882113,17209,5009,12,13,5687777,5389,0,0,0
2026-04-22 21:38:07,11210207,14515,3887152,17230,5060,11,13,5693174,5397,0,0,0
2026-04-22 21:38:08,11224588,14381,3892124,17263,5005,12,13,5698587,5413,0,0,0
2026-04-22 21:38:09,11238336,13748,3896893,17288,4794,12,13,5704018,5431,0,0,0
2026-04-22 21:38:10,11252830,14494,3901928,17309,5056,10,13,5709473,5455,0,0,0
2026-04-22 21:38:11,11266969,14139,3906810,17335,4908,11,13,5714928,5455,0,0,0
2026-04-22 21:38:12,11281334,14365,3911805,17355,5015,12,13,5720333,5405,0,0,0
2026-04-22 21:38:13,11295067,13733,3916567,17371,4778,12,13,5731093,10760,0,0,0
2026-04-22 21:38:15,11309392,14325,3921541,17389,4992,11,13,5736431,5338,0,0,0
2026-04-22 21:38:16,11323768,14376,3926533,17410,5013,12,13,5741736,5305,0,0,0
2026-04-22 21:38:17,11338759,14991,3931731,17438,5226,12,13,5747035,5299,0,0,0
2026-04-22 21:38:18,11352071,13312,3936336,17454,4621,12,13,5752362,5327,0,0,0
2026-04-22 21:38:19,11366279,14208,3941265,17476,4951,11,13,5757691,5329,0,0,0
2026-04-22 21:38:20,11380595,14316,3946248,17500,5007,11,13,5763079,5388,0,0,0
2026-04-22 21:38:21,11394775,14180,3951169,17517,4938,11,13,5768463,5384,0,0,0
2026-04-22 21:38:22,11409163,14388,3956154,17544,5012,9,13,5773838,5375,0,0,0
2026-04-22 21:38:23,11422852,13689,3960914,17569,4785,12,13,5779237,5399,0,0,0
2026-04-22 21:38:24,11436382,13530,3965590,17592,4699,11,13,5790029,10792,0,0,0
2026-04-22 21:38:26,11451153,14771,3970706,17614,5138,12,13,5795441,5412,0,0,0
2026-04-22 21:38:27,11465209,14056,3975576,17634,4890,11,13,5800852,5411,0,0,0
2026-04-22 21:38:28,11479641,14432,3980575,17650,5015,11,13,5806261,5409,0,0,0
2026-04-22 21:38:29,11493887,14246,3985519,17668,4962,11,13,5811727,5466,0,0,0
2026-04-22 21:38:30,11508124,14237,3990448,17683,4944,12,13,5817189,5462,0,0,0
2026-04-22 21:38:31,11522446,14322,3995415,17709,4993,11,13,5822634,5445,0,0,0
2026-04-22 21:38:32,11536480,14034,4000290,17724,4890,10,13,5828080,5446,0,0,0
2026-04-22 21:38:33,11550635,14155,4005179,17750,4915,12,13,5833460,5380,0,0,0
2026-04-22 21:38:34,11564556,13921,4009991,17782,4844,12,13,5838780,5320,0,0,0
2026-04-22 21:38:36,11578172,13616,4014713,17805,4745,10,13,5849378,10598,0,0,0
2026-04-22 21:38:37,11591802,13630,4019449,17822,4753,12,13,5854696,5318,0,0,0
2026-04-22 21:38:38,11606032,14230,4024391,17834,4954,11,13,5860067,5371,0,0,0
2026-04-22 21:38:39,11620361,14329,4029351,17847,4973,10,13,5865441,5374,0,0,0
2026-04-22 21:38:40,11634304,13943,4034188,17871,4861,12,13,5870846,5405,0,0,0
2026-04-22 21:38:41,11648679,14375,4039172,17891,5004,12,13,5876206,5360,0,0,0
2026-04-22 21:38:42,11662843,14164,4044103,17911,4951,11,13,5881593,5387,0,0,0
2026-04-22 21:38:43,11676599,13756,4048884,17931,4801,12,13,5886971,5378,0,0,0
2026-04-22 21:38:44,11690682,14083,4053767,17960,4912,12,13,5892292,5321,0,0,0
2026-04-22 21:38:45,11703937,13255,4058371,17977,4621,12,13,5897647,5355,0,0,0
2026-04-22 21:38:47,11718349,14412,4063347,17996,4995,10,13,5908353,10706,0,0,0
2026-04-22 21:38:48,11732028,13679,4068090,18014,4761,12,13,5913720,5367,0,0,0
2026-04-22 21:38:49,11745931,13903,4072912,18032,4840,12,13,5919094,5374,0,0,0
2026-04-22 21:38:50,11759598,13667,4077650,18064,4770,12,13,5924440,5346,0,0,0
2026-04-22 21:38:51,11773890,14292,4082592,18088,4966,12,13,5929757,5317,0,0,0
2026-04-22 21:38:52,11788144,14254,4087527,18113,4960,11,13,5935044,5287,0,0,0
2026-04-22 21:38:53,11802211,14067,4092383,18145,4888,11,13,5940323,5279,0,0,0
2026-04-22 21:38:54,11816010,13799,4097184,18166,4822,12,13,5945604,5281,0,0,0
2026-04-22 21:38:55,11829632,13622,4101902,18193,4745,12,13,5950873,5269,0,0,0
2026-04-22 21:38:56,11843124,13492,4106578,18215,4698,12,13,5961508,10635,0,0,0
2026-04-22 21:38:58,11856940,13816,4111385,18234,4826,9,13,5966850,5342,0,0,0
2026-04-22 21:38:59,11871296,14356,4116364,18256,5001,10,13,5972166,5316,0,0,0
2026-04-22 21:39:00,11885531,14235,4121303,18271,4954,12,13,5977429,5263,0,0,0
2026-04-22 21:39:01,11899783,14252,4126247,18300,4973,12,13,5982719,5290,0,0,0
2026-04-22 21:39:02,11914256,14473,4131288,18323,5064,10,13,5988009,5290,0,0,0
2026-04-22 21:39:03,11928752,14496,4136316,18345,5050,12,13,5993319,5310,0,0,0
2026-04-22 21:39:04,11943206,14454,4141333,18370,5042,11,13,5998678,5359,0,0,0
2026-04-22 21:39:05,11957391,14185,4146270,18385,4952,12,13,6004041,5363,0,0,0
2026-04-22 21:39:06,11970934,13543,4150984,18406,4735,12,13,6014724,10683,0,0,0
2026-04-22 21:39:08,11986059,15125,4156215,18426,5251,11,13,6020074,5350,0,0,0
2026-04-22 21:39:09,12000433,14374,4161184,18445,4988,12,13,6025398,5324,0,0,0
2026-04-22 21:39:10,12014682,14249,4166125,18472,4968,12,13,6030717,5319,0,0,0
2026-04-22 21:39:11,12029170,14488,4171135,18495,5033,12,13,6036005,5288,0,0,0
2026-04-22 21:39:12,12044070,14900,4176296,18520,5186,11,13,6041248,5243,0,0,0
2026-04-22 21:39:13,12058526,14456,4181305,18546,5035,10,13,6046530,5282,0,0,0
2026-04-22 21:39:14,12072981,14455,4186329,18562,5040,12,13,6051840,5310,0,0,0
2026-04-22 21:39:15,12087546,14565,4191376,18583,5068,11,13,6057159,5319,0,0,0
2026-04-22 21:39:16,12101723,14177,4196301,18606,4948,12,13,6062466,5307,0,0,0
2026-04-22 21:39:17,12115717,13994,4201137,18627,4857,12,13,6073075,10609,0,0,0
2026-04-22 21:39:19,12129842,14125,4206024,18649,4909,11,13,6078332,5257,0,0,0
2026-04-22 21:39:20,12143998,14156,4210954,18666,4947,12,13,6083642,5310,0,0,0
2026-04-22 21:39:21,12158849,14851,4216118,18683,5181,11,13,6088940,5298,0,0,0
2026-04-22 21:39:22,12173623,14774,4221248,18702,5149,12,13,6094244,5304,0,0,0
2026-04-22 21:39:23,12188561,14938,4226410,18721,5181,12,13,6099554,5310,0,0,0
2026-04-22 21:39:24,12203395,14834,4231550,18739,5158,12,13,6104813,5259,0,0,0
2026-04-22 21:39:25,12217404,14009,4236438,18763,4912,12,13,6110071,5258,0,0,0
2026-04-22 21:39:26,12232236,14832,4241577,18787,5163,12,13,6115362,5291,0,0,0
2026-04-22 21:39:27,12246219,13983,4246422,18813,4871,12,13,6125978,10616,0,0,0
2026-04-22 21:39:29,12260562,14343,4251400,18833,4998,12,13,6131271,5293,0,0,0
2026-04-22 21:39:30,12274647,14085,4256303,18849,4919,12,13,6136585,5314,0,0,0
2026-04-22 21:39:31,12289310,14663,4261368,18881,5097,12,13,6141889,5304,0,0,0
2026-04-22 21:39:32,12303767,14457,4266392,18897,5040,12,13,6147195,5306,0,0,0
2026-04-22 21:39:33,12318000,14233,4271322,18915,4948,10,13,6152516,5321,0,0,0
2026-04-22 21:39:34,12332721,14721,4276415,18943,5121,12,13,6157801,5285,0,0,0
2026-04-22 21:39:35,12347683,14962,4281604,18962,5208,11,13,6163074,5273,0,0,0
2026-04-22 21:39:36,12362202,14519,4286649,18980,5063,11,13,6168331,5257,0,0,0
2026-04-22 21:39:37,12375906,13704,4291416,18997,4784,12,13,6173539,5208,0,0,0
2026-04-22 21:39:38,12389698,13792,4296189,19010,4786,11,13,6183962,10423,0,0,0
2026-04-22 21:39:40,12403785,14087,4301061,19034,4896,12,13,6189175,5213,0,0,0
2026-04-22 21:39:41,12418184,14399,4306053,19048,5006,12,13,6194434,5259,0,0,0
2026-04-22 21:39:42,12432549,14365,4311044,19074,5017,12,13,6199689,5255,0,0,0
2026-04-22 21:39:43,12447156,14607,4316110,19100,5092,12,13,6204952,5263,0,0,0
2026-04-22 21:39:44,12461307,14151,4321017,19121,4928,12,13,6210258,5306,0,0,0
2026-04-22 21:39:45,12475561,14254,4325972,19139,4973,12,13,6215504,5246,0,0,0
2026-04-22 21:39:46,12489906,14345,4330950,19165,5004,12,13,6220738,5234,0,0,0
2026-04-22 21:39:47,12504323,14417,4335965,19188,5038,12,13,6225937,5199,0,0,0
2026-04-22 21:39:48,12517793,13470,4340626,19207,4680,11,13,6236336,10399,0,0,0
2026-04-22 21:39:50,12532125,14332,4345596,19234,4997,12,13,6241606,5270,0,0,0
2026-04-22 21:39:51,12547111,14986,4350775,19260,5205,12,13,6246845,5239,0,0,0
2026-04-22 21:39:52,12561474,14363,4355755,19282,5002,11,13,6252101,5256,0,0,0
2026-04-22 21:39:53,12575696,14222,4360688,19308,4959,11,13,6257281,5180,0,0,0
2026-04-22 21:39:54,12589932,14236,4365640,19327,4971,11,13,6262483,5202,0,0,0
2026-04-22 21:39:55,12604607,14675,4370719,19351,5103,11,13,6267702,5219,0,0,0
2026-04-22 21:39:56,12619068,14461,4375742,19367,5039,12,13,6272941,5239,0,0,0
2026-04-22 21:39:57,12633532,14464,4380752,19399,5042,11,13,6278195,5254,0,0,0
2026-04-22 21:39:58,12648232,14700,4385849,19420,5118,12,13,6283432,5237,0,0,0
2026-04-22 21:40:00,12662768,14536,4390886,19437,5054,12,13,6293935,10503,0,0,0
2026-04-22 21:40:01,12677117,14349,4395855,19466,4998,11,13,6299192,5257,0,0,0
2026-04-22 21:40:02,12691235,14118,4400749,19492,4920,12,13,6304452,5260,0,0,0
2026-04-22 21:40:03,12705504,14269,4405689,19524,4972,12,13,6309762,5310,0,0,0
2026-04-22 21:40:04,12719777,14273,4410636,19547,4970,12,13,6315036,5274,0,0,0
2026-04-22 21:40:05,12734108,14331,4415604,19578,4999,12,13,6320301,5265,0,0,0
2026-04-22 21:40:06,12748504,14396,4420607,19593,5018,12,13,6325541,5240,0,0,0
2026-04-22 21:40:07,12763142,14638,4425686,19616,5102,12,13,6330748,5207,0,0,0
2026-04-22 21:40:08,12776957,13815,4430484,19634,4816,10,13,6335979,5231,0,0,0
2026-04-22 21:40:09,12790493,13536,4435171,19660,4713,12,13,6346530,10551,0,0,0
2026-04-22 21:40:11,12804900,14407,4440165,19678,5012,12,13,6351792,5262,0,0,0
2026-04-22 21:40:12,12818812,13912,4444998,19698,4853,12,13,6357049,5257,0,0,0
2026-04-22 21:40:13,12833086,14274,4449950,19720,4974,12,13,6362284,5235,0,0,0
2026-04-22 21:40:14,12847662,14576,4454987,19746,5063,12,13,6367508,5224,0,0,0
2026-04-22 21:40:15,12861632,13970,4459847,19763,4877,12,13,6372711,5203,0,0,0
2026-04-22 21:40:16,12876118,14486,4464858,19790,5038,12,13,6377902,5191,0,0,0
2026-04-22 21:40:17,12890585,14467,4469870,19809,5031,11,13,6383075,5173,0,0,0
2026-04-22 21:40:18,12904845,14260,4474821,19833,4975,11,13,6388239,5164,0,0,0
2026-04-22 21:40:19,12918850,14005,4479676,19859,4881,12,13,6393409,5170,0,0,0
2026-04-22 21:40:20,12932634,13784,4484458,19881,4804,12,13,6403866,10457,0,0,0
2026-04-22 21:40:22,12946942,14308,4489427,19904,4992,11,13,6409114,5248,0,0,0
2026-04-22 21:40:23,12961063,14121,4494310,19938,4917,11,13,6414349,5235,0,0,0
2026-04-22 21:40:24,12975364,14301,4499286,19961,4999,12,13,6419536,5187,0,0,0
2026-04-22 21:40:25,12990030,14666,4504360,19984,5097,11,13,6424712,5176,0,0,0
2026-04-22 21:40:26,13004903,14873,4509505,20012,5173,12,13,6429895,5183,0,0,0
2026-04-22 21:40:27,13019243,14340,4514488,20036,5007,12,13,6435083,5188,0,0,0
2026-04-22 21:40:28,13033942,14699,4519574,20057,5107,12,13,6440256,5173,0,0,0
2026-04-22 21:40:29,13048475,14533,4524603,20083,5055,12,13,6445449,5193,0,0,0
2026-04-22 21:40:30,13062222,13747,4529383,20099,4796,12,13,6455854,10405,0,0,0
2026-04-22 21:40:32,13076597,14375,4534366,20124,5008,11,13,6461061,5207,0,0,0
2026-04-22 21:40:33,13091715,15118,4539609,20144,5263,12,13,6466258,5197,0,0,0
2026-04-22 21:40:34,13106513,14798,4544728,20172,5147,11,13,6471410,5152,0,0,0
2026-04-22 21:40:35,13121160,14647,4549823,20191,5114,11,13,6476552,5142,0,0,0
2026-04-22 21:40:36,13135886,14726,4554935,20209,5130,12,13,6481672,5120,0,0,0
2026-04-22 21:40:37,13150211,14325,4559903,20231,4990,12,13,6486806,5134,0,0,0
2026-04-22 21:40:38,13164745,14534,4564943,20252,5061,12,13,6491944,5138,0,0,0
2026-04-22 21:40:39,13179299,14554,4570005,20269,5079,12,13,6497095,5151,0,0,0
2026-04-22 21:40:40,13193783,14484,4575023,20291,5040,12,13,6502237,5142,0,0,0
2026-04-22 21:40:41,13207573,13790,4579811,20314,4811,11,13,6512624,10387,0,0,0
2026-04-22 21:40:43,13222150,14577,4584864,20338,5077,12,13,6517868,5244,0,0,0
2026-04-22 21:40:44,13236709,14559,4589927,20360,5085,12,13,6523057,5189,0,0,0
2026-04-22 21:40:45,13251614,14905,4595083,20391,5187,12,13,6528269,5212,0,0,0
2026-04-22 21:40:46,13266006,14392,4600080,20407,5013,12,13,6533482,5213,0,0,0
2026-04-22 21:40:47,13279941,13935,4604940,20422,4875,11,13,6538677,5195,0,0,0
2026-04-22 21:40:48,13294366,14425,4609942,20435,5015,12,13,6543901,5224,0,0,0
2026-04-22 21:40:49,13308842,14476,4614957,20452,5032,12,13,6549094,5193,0,0,0
2026-04-22 21:40:50,13323118,14276,4619922,20469,4982,12,13,6554270,5176,0,0,0
2026-04-22 21:40:51,13337049,13931,4624763,20487,4859,12,13,6559446,5176,0,0,0
2026-04-22 21:40:53,13351127,14078,4629645,20507,4902,12,13,6569794,10348,0,0,0
2026-04-22 21:40:54,13364963,13836,4634446,20535,4829,12,13,6574941,5147,0,0,0
2026-04-22 21:40:55,13379592,14629,4639507,20563,5089,11,13,6580131,5190,0,0,0
2026-04-22 21:40:56,13394186,14594,4644555,20589,5074,12,13,6585268,5137,0,0,0
2026-04-22 21:40:57,13408397,14211,4649481,20611,4948,12,13,6590402,5134,0,0,0
2026-04-22 21:40:58,13422850,14453,4654500,20637,5045,12,13,6595549,5147,0,0,0
2026-04-22 21:40:59,13437547,14697,4659580,20672,5115,11,13,6600705,5156,0,0,0
2026-04-22 21:41:00,13452063,14516,4664621,20697,5066,12,13,6605895,5190,0,0,0
2026-04-22 21:41:01,13466636,14573,4669666,20715,5063,10,13,6611080,5185,0,0,0
2026-04-22 21:41:02,13480953,14317,4674617,20736,4972,11,13,6621370,10290,0,0,0
2026-04-22 21:41:04,13495084,14131,4679504,20758,4909,12,13,6626508,5138,0,0,0
2026-04-22 21:41:05,13509772,14688,4684580,20787,5105,12,13,6631621,5113,0,0,0
2026-04-22 21:41:06,13524789,15017,4689788,20806,5227,10,13,6636747,5126,0,0,0
2026-04-22 21:41:07,13539060,14271,4694748,20829,4983,12,13,6641853,5106,0,0,0
2026-04-22 21:41:08,13553131,14071,4699631,20847,4901,12,13,6646994,5141,0,0,0
2026-04-22 21:41:09,13567849,14718,4704727,20866,5115,12,13,6652173,5179,0,0,0
2026-04-22 21:41:10,13582411,14562,4709764,20889,5060,11,13,6657331,5158,0,0,0
2026-04-22 21:41:11,13596983,14572,4714824,20908,5079,11,13,6662488,5157,0,0,0
2026-04-22 21:41:12,13611377,14394,4719800,20929,4997,12,13,6667631,5143,0,0,0
2026-04-22 21:41:13,13625194,13817,4724583,20945,4799,11,13,6677928,10297,0,0,0
2026-04-22 21:41:15,13639764,14570,4729620,20971,5063,12,13,6683160,5232,0,0,0
2026-04-22 21:41:16,13653951,14187,4734546,20993,4948,12,13,6688361,5201,0,0,0
2026-04-22 21:41:17,13668289,14338,4739523,21025,5009,11,13,6693557,5196,0,0,0
2026-04-22 21:41:18,13682842,14553,4744563,21050,5065,11,13,6698761,5204,0,0,0
2026-04-22 21:41:19,13697091,14249,4749518,21063,4968,12,13,6703918,5157,0,0,0
2026-04-22 21:41:20,13711401,14310,4754465,21089,4973,12,13,6709076,5158,0,0,0
2026-04-22 21:41:21,13726061,14660,4759551,21110,5107,11,13,6714220,5144,0,0,0
2026-04-22 21:41:22,13740076,14015,4764444,21125,4908,11,13,6719339,5119,0,0,0
2026-04-22 21:41:23,13753999,13923,4769266,21143,4840,12,13,6724446,5107,0,0,0
2026-04-22 21:41:25,13768115,14116,4774166,21167,4924,12,13,6734663,10217,0,0,0
2026-04-22 21:41:26,13782753,14638,4779242,21188,5097,12,13,6739772,5109,0,0,0
2026-04-22 21:41:27,13797167,14414,4784241,21214,5025,11,13,6744885,5113,0,0,0
2026-04-22 21:41:28,13811681,14514,4789280,21236,5061,11,13,6750052,5167,0,0,0
2026-04-22 21:41:29,13826183,14502,4794300,21256,5040,12,13,6755235,5183,0,0,0
2026-04-22 21:41:30,13840588,14405,4799279,21288,5011,12,13,6760471,5236,0,0,0
2026-04-22 21:41:31,13855061,14473,4804300,21308,5041,12,13,6765701,5230,0,0,0
2026-04-22 21:41:32,13869894,14833,4809437,21329,5158,12,13,6770890,5189,0,0,0
2026-04-22 21:41:33,13884152,14258,4814410,21340,4984,12,13,6776074,5184,0,0,0
2026-04-22 21:41:34,13898144,13992,4819266,21363,4879,12,13,6786352,10278,0,0,0
2026-04-22 21:41:36,13912294,14150,4824202,21387,4960,11,13,6791468,5116,0,0,0
2026-04-22 21:41:37,13927145,14851,4829330,21413,5154,12,13,6796582,5114,0,0,0
2026-04-22 21:41:38,13941648,14503,4834348,21431,5036,12,13,6801730,5148,0,0,0
2026-04-22 21:41:39,13956178,14530,4839373,21456,5050,12,13,6806841,5111,0,0,0
2026-04-22 21:41:40,13971053,14875,4844519,21487,5177,10,13,6811931,5090,0,0,0
2026-04-22 21:41:41,13985911,14858,4849654,21509,5157,11,13,6817004,5073,0,0,0
2026-04-22 21:41:42,14000672,14761,4854770,21536,5143,12,13,6822103,5099,0,0,0
2026-04-22 21:41:43,14015030,14358,4859764,21559,5017,11,13,6827241,5138,0,0,0
2026-04-22 21:41:44,14029229,14199,4864705,21576,4958,12,13,6832406,5165,0,0,0
2026-04-22 21:41:46,14043372,14143,4869622,21587,4928,12,13,6842728,10322,0,0,0
2026-04-22 21:41:47,14057272,13900,4874441,21605,4837,12,13,6847914,5186,0,0,0
2026-04-22 21:41:48,14072005,14733,4879522,21634,5110,12,13,6853059,5145,0,0,0
2026-04-22 21:41:49,14086218,14213,4884457,21655,4956,12,13,6858200,5141,0,0,0
2026-04-22 21:41:50,14100512,14294,4889402,21684,4974,12,13,6863348,5148,0,0,0
2026-04-22 21:41:51,14114766,14254,4894344,21713,4971,11,13,6868498,5150,0,0,0
2026-04-22 21:41:52,14128943,14177,4899251,21734,4928,12,13,6873681,5183,0,0,0
2026-04-22 21:41:53,14143694,14751,4904367,21759,5141,11,13,6878875,5194,0,0,0
2026-04-22 21:41:54,14158401,14707,4909468,21779,5121,11,13,6884055,5180,0,0,0
2026-04-22 21:41:55,14172885,14484,4914485,21803,5041,12,13,6894331,10276,0,0,0
2026-04-22 21:41:57,14187130,14245,4919426,21829,4967,11,13,6899445,5114,0,0,0
2026-04-22 21:41:58,14202034,14904,4924602,21848,5195,12,13,6904545,5100,0,0,0
2026-04-22 21:41:59,14216549,14515,4929654,21869,5073,12,13,6909647,5102,0,0,0
2026-04-22 21:42:00,14230958,14409,4934669,21888,5034,12,13,6914788,5141,0,0,0
2026-04-22 21:42:01,14245670,14712,4939753,21911,5107,11,13,6919902,5114,0,0,0
2026-04-22 21:42:02,14260131,14461,4944776,21930,5042,12,13,6925033,5131,0,0,0
2026-04-22 21:42:03,14274899,14768,4949892,21954,5140,12,13,6930172,5139,0,0,0
2026-04-22 21:42:04,14289567,14668,4954988,21976,5118,12,13,6935303,5131,0,0,0
2026-04-22 21:42:05,14303899,14332,4959966,21994,4996,11,13,6940411,5108,0,0,0
2026-04-22 21:42:06,14318083,14184,4964887,22022,4949,11,13,6950617,10206,0,0,0
2026-04-22 21:42:08,14332532,14449,4969892,22038,5021,12,13,6955685,5068,0,0,0
2026-04-22 21:42:09,14346855,14323,4974847,22059,4976,12,13,6960768,5083,0,0,0
2026-04-22 21:42:10,14361606,14751,4979976,22082,5152,12,13,6965845,5077,0,0,0
2026-04-22 21:42:11,14376585,14979,4985180,22102,5224,11,13,6970914,5069,0,0,0
2026-04-22 21:42:12,14391678,15093,4990389,22125,5232,12,13,6976009,5095,0,0,0
2026-04-22 21:42:13,14406425,14747,4995515,22147,5148,10,13,6981105,5096,0,0,0
2026-04-22 21:42:14,14421479,15054,5000727,22171,5236,12,13,6986204,5099,0,0,0
2026-04-22 21:42:15,14435990,14511,5005774,22194,5070,12,13,6991321,5117,0,0,0
2026-04-22 21:42:16,14449819,13829,5010558,22213,4803,10,13,7001523,10202,0,0,0
2026-04-22 21:42:18,14464527,14708,5015650,22239,5118,11,13,7006642,5119,0,0,0
2026-04-22 21:42:19,14478620,14093,5020574,22263,4948,12,13,7011750,5108,0,0,0
2026-04-22 21:42:20,14493074,14454,5025586,22283,5032,12,13,7016909,5159,0,0,0
2026-04-22 21:42:21,14507767,14693,5030676,22311,5118,11,13,7022068,5159,0,0,0
2026-04-22 21:42:22,14522429,14662,5035776,22324,5113,12,13,7027215,5147,0,0,0
2026-04-22 21:42:23,14536749,14320,5040737,22362,4999,12,13,7032378,5163,0,0,0
2026-04-22 21:42:24,14551595,14846,5045885,22385,5171,12,13,7037527,5149,0,0,0
2026-04-22 21:42:25,14566239,14644,5050971,22412,5113,12,13,7042683,5156,0,0,0
2026-04-22 21:42:26,14580333,14094,5055857,22435,4909,12,13,7047850,5167,0,0,0
2026-04-22 21:42:28,14594651,14318,5060831,22454,4993,12,13,7058107,10257,0,0,0
2026-04-22 21:42:29,14609366,14715,5065938,22471,5124,11,13,7063249,5142,0,0,0
2026-04-22 21:42:30,14624052,14686,5071031,22494,5116,10,13,7068402,5153,0,0,0
2026-04-22 21:42:31,14638797,14745,5076146,22511,5132,12,13,7073572,5170,0,0,0
2026-04-22 21:42:32,14653321,14524,5081186,22536,5065,11,13,7078766,5194,0,0,0
2026-04-22 21:42:33,14668109,14788,5086293,22556,5127,12,13,7083939,5173,0,0,0
2026-04-22 21:42:34,14682907,14798,5091415,22589,5155,12,13,7089098,5159,0,0,0
2026-04-22 21:42:35,14697769,14862,5096566,22603,5165,12,13,7094282,5184,0,0,0
2026-04-22 21:42:36,14712349,14580,5101610,22627,5068,8,13,7099432,5150,0,0,0
2026-04-22 21:42:37,14726030,13681,5106362,22648,4773,9,13,7109664,10232,0,0,0
2026-04-22 21:42:39,14740617,14587,5111428,22663,5081,11,13,7114786,5122,0,0,0
2026-04-22 21:42:40,14755557,14940,5116600,22688,5197,12,13,7119921,5135,0,0,0
2026-04-22 21:42:41,14770401,14844,5121764,22706,5182,12,13,7125135,5214,0,0,0
2026-04-22 21:42:42,14784881,14480,5126766,22732,5028,12,13,7130322,5187,0,0,0
2026-04-22 21:42:43,14799314,14433,5131769,22758,5029,12,13,7135450,5128,0,0,0
2026-04-22 21:42:44,14813482,14168,5136694,22778,4945,12,13,7140514,5064,0,0,0
2026-04-22 21:42:45,14828278,14796,5141834,22802,5164,12,13,7145566,5052,0,0,0
2026-04-22 21:42:46,14842473,14195,5146759,22821,4944,12,13,7150631,5065,0,0,0
2026-04-22 21:42:47,14856290,13817,5151558,22839,4817,12,13,7155717,5086,0,0,0
2026-04-22 21:42:49,14871156,14866,5156690,22859,5152,12,13,7165857,10140,0,0,0
2026-04-22 21:42:50,14885636,14480,5161727,22878,5056,12,13,7170932,5075,0,0,0
2026-04-22 21:42:51,14900368,14732,5166830,22903,5128,12,13,7176044,5112,0,0,0
2026-04-22 21:42:52,14914838,14470,5171853,22931,5051,12,13,7181186,5142,0,0,0
2026-04-22 21:42:53,14929497,14659,5176931,22956,5103,12,13,7186320,5134,0,0,0
2026-04-22 21:42:54,14943598,14101,5181845,22973,4931,11,13,7191477,5157,0,0,0
2026-04-22 21:42:55,14958396,14798,5186972,22996,5150,12,13,7196654,5177,0,0,0
2026-04-22 21:42:56,14972932,14536,5192021,23023,5076,11,13,7201818,5164,0,0,0
2026-04-22 21:42:57,14987872,14940,5197197,23042,5195,12,13,7206937,5119,0,0,0
2026-04-22 21:42:58,15002336,14464,5202210,23062,5033,12,13,7217169,10232,0,0,0
2026-04-22 21:43:00,15017127,14791,5207333,23080,5141,11,13,7222302,5133,0,0,0
2026-04-22 21:43:01,15031644,14517,5212380,23096,5063,10,13,7227455,5153,0,0,0
2026-04-22 21:43:02,15046155,14511,5217397,23120,5041,12,13,7232614,5159,0,0,0
2026-04-22 21:43:03,15061241,15086,5222622,23146,5251,10,13,7237748,5134,0,0,0
2026-04-22 21:43:04,15076373,15132,5227864,23170,5266,12,13,7242893,5145,0,0,0
2026-04-22 21:43:05,15090910,14537,5232908,23192,5066,12,13,7248042,5149,0,0,0
2026-04-22 21:43:06,15105333,14423,5237916,23207,5023,11,13,7253195,5153,0,0,0
2026-04-22 21:43:07,15119764,14431,5242925,23225,5027,12,13,7258368,5173,0,0,0
2026-04-22 21:43:08,15134032,14268,5247895,23239,4984,12,13,7263519,5151,0,0,0
2026-04-22 21:43:09,15148228,14196,5252804,23261,4931,9,13,7273709,10190,0,0,0
2026-04-22 21:43:11,15162750,14522,5257850,23281,5066,12,13,7278851,5142,0,0,0
2026-04-22 21:43:12,15177120,14370,5262830,23309,5008,12,13,7284046,5195,0,0,0
2026-04-22 21:43:13,15191528,14408,5267820,23330,5011,11,13,7289226,5180,0,0,0
2026-04-22 21:43:14,15206431,14903,5272968,23361,5179,12,13,7294399,5173,0,0,0
2026-04-22 21:43:15,15220759,14328,5277944,23382,4997,11,13,7299538,5139,0,0,0
2026-04-22 21:43:16,15235176,14417,5282953,23395,5022,12,13,7304629,5091,0,0,0
2026-04-22 21:43:17,15249519,14343,5287911,23418,4981,12,13,7309722,5093,0,0,0
2026-04-22 21:43:18,15263540,14021,5292787,23438,4896,12,13,7314804,5082,0,0,0
2026-04-22 21:43:19,15277778,14238,5297725,23464,4964,12,13,7319904,5100,0,0,0
2026-04-22 21:43:20,15291833,14055,5302595,23484,4890,12,13,7330066,10162,0,0,0
2026-04-22 21:43:22,15306343,14510,5307632,23506,5059,11,13,7335206,5140,0,0,0
2026-04-22 21:43:23,15320758,14415,5312640,23524,5026,12,13,7340302,5096,0,0,0
2026-04-22 21:43:24,15335560,14802,5317757,23557,5150,11,13,7345431,5129,0,0,0
2026-04-22 21:43:25,15350539,14979,5322944,23577,5207,12,13,7350584,5153,0,0,0
2026-04-22 21:43:26,15365009,14470,5327973,23596,5048,11,13,7355714,5130,0,0,0
2026-04-22 21:43:27,15379812,14803,5333104,23622,5157,12,13,7360873,5159,0,0,0
2026-04-22 21:43:28,15394543,14731,5338215,23650,5139,12,13,7366029,5156,0,0,0
2026-04-22 21:43:29,15409262,14719,5343325,23677,5137,11,13,7371198,5169,0,0,0
2026-04-22 21:43:30,15423459,14197,5348254,23698,4950,12,13,7376377,5179,0,0,0
2026-04-22 21:43:32,15438107,14648,5353333,23716,5097,12,13,7386657,10280,0,0,0
2026-04-22 21:43:33,15452704,14597,5358398,23743,5092,11,13,7391825,5168,0,0,0
2026-04-22 21:43:34,15467565,14861,5363546,23770,5175,12,13,7396977,5152,0,0,0
2026-04-22 21:43:35,15482353,14788,5368666,23795,5145,12,13,7402132,5155,0,0,0
2026-04-22 21:43:36,15496614,14261,5373603,23825,4967,11,13,7407273,5141,0,0,0
2026-04-22 21:43:37,15511057,14443,5378639,23846,5057,11,13,7412399,5126,0,0,0
2026-04-22 21:43:38,15525493,14436,5383641,23865,5021,12,13,7417538,5139,0,0,0
2026-04-22 21:43:39,15539943,14450,5388665,23874,5033,12,13,7422706,5168,0,0,0
2026-04-22 21:43:40,15554261,14318,5393647,23894,5002,11,13,7427915,5209,0,0,0
2026-04-22 21:43:41,15568481,14220,5398601,23904,4964,11,13,7438354,10439,0,0,0
2026-04-22 21:43:43,15583682,15201,5403842,23927,5264,12,13,7443541,5187,0,0,0
2026-04-22 21:43:44,15597803,14121,5408745,23945,4921,12,13,7448713,5172,0,0,0
2026-04-22 21:43:45,15612255,14452,5413750,23971,5031,11,13,7453874,5161,0,0,0
2026-04-22 21:43:46,15626362,14107,5418646,23994,4919,11,13,7459038,5164,0,0,0
2026-04-22 21:43:47,15640256,13894,5423499,24013,4872,10,13,7464179,5141,0,0,0
2026-04-22 21:43:48,15654226,13970,5428359,24041,4888,12,13,7469282,5103,0,0,0
2026-04-22 21:43:49,15668428,14202,5433280,24074,4954,12,13,7474402,5120,0,0,0
2026-04-22 21:43:50,15682945,14517,5438306,24097,5049,12,13,7479585,5183,0,0,0
2026-04-22 21:43:51,15696996,14051,5443196,24127,4920,12,13,7484756,5171,0,0,0
2026-04-22 21:43:52,15711008,14012,5448046,24149,4872,11,13,7495094,10338,0,0,0
2026-04-22 21:43:54,15725191,14183,5452958,24175,4938,12,13,7500220,5126,0,0,0
2026-04-22 21:43:55,15739899,14708,5458053,24193,5113,12,13,7505319,5099,0,0,0
2026-04-22 21:43:56,15754573,14674,5463146,24218,5118,10,13,7510415,5096,0,0,0
2026-04-22 21:43:57,15769055,14482,5468181,24237,5054,11,13,7515524,5109,0,0,0
2026-04-22 21:43:58,15783688,14633,5473246,24269,5097,12,13,7520604,5080,0,0,0
2026-04-22 21:43:59,15797992,14304,5478191,24293,4969,12,13,7525733,5129,0,0,0
2026-04-22 21:44:00,15812915,14923,5483343,24324,5183,12,13,7530842,5109,0,0,0
2026-04-22 21:44:01,15827178,14263,5488288,24343,4964,12,13,7535980,5138,0,0,0
2026-04-22 21:44:02,15841178,14000,5493159,24363,4891,12,13,7541106,5126,0,0,0
2026-04-22 21:44:03,15855926,14748,5498256,24381,5115,12,13,7551297,10191,0,0,0
2026-04-22 21:44:05,15870426,14500,5503289,24407,5059,12,13,7556381,5084,0,0,0
2026-04-22 21:44:06,15884858,14432,5508287,24431,5022,12,13,7561473,5092,0,0,0
2026-04-22 21:44:07,15899325,14467,5513313,24458,5053,12,13,7566552,5079,0,0,0
2026-04-22 21:44:08,15913364,14039,5518205,24479,4913,12,13,7571640,5088,0,0,0
2026-04-22 21:44:09,15927466,14102,5523107,24497,4920,12,13,7576742,5102,0,0,0
2026-04-22 21:44:10,15941561,14095,5527993,24518,4907,12,13,7581881,5139,0,0,0
2026-04-22 21:44:11,15956059,14498,5533028,24541,5058,11,13,7587057,5176,0,0,0
2026-04-22 21:44:12,15970219,14160,5537936,24566,4933,11,13,7592224,5167,0,0,0
2026-04-22 21:44:13,15984049,13830,5542729,24585,4812,12,13,7597380,5156,0,0,0
2026-04-22 21:44:15,15998317,14268,5547663,24610,4959,12,13,7607687,10307,0,0,0
2026-04-22 21:44:16,16011979,13662,5552410,24633,4770,11,13,7612864,5177,0,0,0
2026-04-22 21:44:17,16026041,14062,5557274,24655,4886,12,13,7617995,5131,0,0,0
2026-04-22 21:44:18,16040365,14324,5562250,24677,4998,12,13,7623173,5178,0,0,0
2026-04-22 21:44:19,16054589,14224,5567202,24695,4970,12,13,7628335,5162,0,0,0
2026-04-22 21:44:20,16068929,14340,5572164,24718,4985,12,13,7633506,5171,0,0,0
2026-04-22 21:44:21,16083231,14302,5577126,24739,4983,11,13,7638703,5197,0,0,0
2026-04-22 21:44:22,16097770,14539,5582156,24765,5056,12,13,7643883,5180,0,0,0
2026-04-22 21:44:23,16112184,14414,5587151,24791,5021,12,13,7649080,5197,0,0,0
2026-04-22 21:44:24,16126020,13836,5591959,24812,4829,12,13,7659421,10341,0,0,0
2026-04-22 21:44:26,16140540,14520,5596999,24840,5068,11,13,7664594,5173,0,0,0
2026-04-22 21:44:27,16154891,14351,5601990,24854,5005,12,13,7669728,5134,0,0,0
2026-04-22 21:44:28,16169389,14498,5607000,24879,5035,11,13,7674861,5133,0,0,0
2026-04-22 21:44:29,16183559,14170,5611920,24904,4945,12,13,7679982,5121,0,0,0
2026-04-22 21:44:30,16198045,14486,5616937,24917,5030,12,13,7685097,5115,0,0,0
2026-04-22 21:44:31,16212360,14315,5621906,24933,4985,12,13,7690229,5132,0,0,0
2026-04-22 21:44:32,16226596,14236,5626843,24960,4964,12,13,7695407,5178,0,0,0
2026-04-22 21:44:33,16241163,14567,5631909,24984,5090,12,13,7700557,5150,0,0,0
2026-04-22 21:44:34,16255179,14016,5636782,25003,4892,10,13,7705758,5201,0,0,0
2026-04-22 21:44:35,16268941,13762,5641576,25020,4811,11,13,7716139,10381,0,0,0
2026-04-22 21:44:37,16283255,14314,5646565,25036,5005,12,13,7721295,5156,0,0,0
2026-04-22 21:44:38,16297274,14019,5651448,25059,4906,12,13,7726394,5099,0,0,0
2026-04-22 21:44:39,16310992,13718,5656234,25077,4804,12,13,7731518,5124,0,0,0
2026-04-22 21:44:40,16325470,14478,5661256,25102,5047,12,13,7736626,5108,0,0,0
2026-04-22 21:44:41,16339726,14256,5666200,25127,4969,12,13,7741715,5089,0,0,0
2026-04-22 21:44:42,16354338,14612,5671248,25154,5075,12,13,7746825,5110,0,0,0
2026-04-22 21:44:43,16369015,14677,5676325,25179,5102,11,13,7751920,5095,0,0,0
2026-04-22 21:44:44,16383517,14502,5681341,25198,5035,12,13,7756991,5071,0,0,0
2026-04-22 21:44:45,16397309,13792,5686151,25212,4824,12,13,7762098,5107,0,0,0
2026-04-22 21:44:47,16411087,13778,5690932,25228,4797,11,13,7772319,10221,0,0,0
2026-04-22 21:44:48,16425163,14076,5695823,25253,4916,12,13,7777441,5122,0,0,0
2026-04-22 21:44:49,16439584,14421,5700828,25279,5031,12,13,7782521,5080,0,0,0
2026-04-22 21:44:50,16454221,14637,5705899,25303,5095,12,13,7787612,5091,0,0,0
2026-04-22 21:44:51,16468700,14479,5710916,25334,5048,12,13,7792744,5132,0,0,0
2026-04-22 21:44:52,16483065,14365,5715880,25362,4992,12,13,7797928,5184,0,0,0
2026-04-22 21:44:53,16497325,14260,5720833,25381,4972,11,13,7803120,5192,0,0,0
2026-04-22 21:44:54,16511932,14607,5725899,25405,5090,12,13,7808307,5187,0,0,0
2026-04-22 21:44:55,16526367,14435,5730901,25428,5025,12,13,7813466,5159,0,0,0
2026-04-22 21:44:56,16540016,13649,5735632,25450,4753,11,13,7823682,10216,0,0,0
2026-04-22 21:44:58,16554355,14339,5740579,25485,4982,12,13,7828781,5099,0,0,0
2026-04-22 21:44:59,16568902,14547,5745622,25506,5064,11,13,7833898,5117,0,0,0
2026-04-22 21:45:00,16582943,14041,5750495,25528,4895,12,13,7839029,5131,0,0,0
2026-04-22 21:45:01,16596840,13897,5755339,25547,4863,12,13,7844151,5122,0,0,0
2026-04-22 21:45:02,16610960,14120,5760225,25571,4910,10,13,7849293,5142,0,0,0
2026-04-22 21:45:03,16625289,14329,5765207,25595,5006,11,13,7854405,5112,0,0,0
2026-04-22 21:45:04,16639466,14177,5770120,25619,4937,12,13,7859534,5129,0,0,0
2026-04-22 21:45:05,16653746,14280,5775073,25644,4978,12,13,7864682,5148,0,0,0
2026-04-22 21:45:06,16667646,13900,5779914,25661,4858,12,13,7869835,5153,0,0,0
2026-04-22 21:45:07,16681126,13480,5784573,25678,4676,11,13,7880126,10291,0,0,0
2026-04-22 21:45:09,16694806,13680,5789336,25695,4780,11,13,7885279,5153,0,0,0
2026-04-22 21:45:10,16709073,14267,5794285,25710,4964,11,13,7890444,5165,0,0,0
2026-04-22 21:45:11,16722886,13813,5799102,25731,4838,12,13,7895580,5136,0,0,0
2026-04-22 21:45:12,16737283,14397,5804093,25754,5014,12,13,7900712,5132,0,0,0
2026-04-22 21:45:13,16751327,14044,5808974,25772,4899,11,13,7905815,5103,0,0,0
2026-04-22 21:45:14,16765644,14317,5813950,25792,4996,10,13,7910933,5118,0,0,0
2026-04-22 21:45:15,16779971,14327,5818913,25816,4987,12,13,7916072,5139,0,0,0
2026-04-22 21:45:16,16794043,14072,5823797,25830,4898,11,13,7921215,5143,0,0,0
2026-04-22 21:45:17,16807371,13328,5828424,25847,4644,11,13,7931504,10289,0,0,0
2026-04-22 21:45:19,16822099,14728,5833521,25872,5122,11,13,7936611,5107,0,0,0
2026-04-22 21:45:20,16836412,14313,5838482,25894,4983,12,13,7941688,5077,0,0,0
2026-04-22 21:45:21,16850627,14215,5843414,25911,4949,12,13,7946758,5070,0,0,0
2026-04-22 21:45:22,16865028,14401,5848381,25946,5002,12,13,7951805,5047,0,0,0
2026-04-22 21:45:23,16879379,14351,5853356,25970,4999,12,13,7956873,5068,0,0,0
2026-04-22 21:45:24,16893488,14109,5858261,25996,4931,12,13,7962004,5131,0,0,0
2026-04-22 21:45:25,16907858,14370,5863239,26016,4998,12,13,7967139,5135,0,0,0
2026-04-22 21:45:26,16921969,14111,5868135,26035,4915,11,13,7972269,5130,0,0,0
2026-04-22 21:45:27,16935998,14029,5873009,26055,4894,12,13,7977367,5098,0,0,0
2026-04-22 21:45:29,16949958,13960,5877835,26078,4849,12,13,7987594,10227,0,0,0
2026-04-22 21:45:30,16964422,14464,5882839,26108,5034,12,13,7992743,5149,0,0,0
2026-04-22 21:45:31,16978785,14363,5887826,26127,5006,12,13,7997910,5167,0,0,0
2026-04-22 21:45:32,16993268,14483,5892852,26154,5053,12,13,8003094,5184,0,0,0
2026-04-22 21:45:33,17007799,14531,5897891,26184,5069,11,13,8008265,5171,0,0,0
2026-04-22 21:45:34,17021788,13989,5902741,26211,4877,12,13,8013431,5166,0,0,0
2026-04-22 21:45:35,17036192,14404,5907728,26228,5004,12,13,8018562,5131,0,0,0
2026-04-22 21:45:36,17050927,14735,5912818,26258,5120,12,13,8023664,5102,0,0,0
2026-04-22 21:45:37,17064479,13552,5917523,26282,4729,12,13,8028748,5084,0,0,0
2026-04-22 21:45:38,17077601,13122,5922066,26304,4565,12,13,8038903,10155,0,0,0
2026-04-22 21:45:40,17091859,14258,5926994,26325,4949,11,13,8044005,5102,0,0,0
2026-04-22 21:45:41,17106159,14300,5931944,26353,4978,10,13,8049111,5106,0,0,0
2026-04-22 21:45:42,17120130,13971,5936780,26376,4859,12,13,8054228,5117,0,0,0
2026-04-22 21:45:43,17134225,14095,5941659,26399,4902,12,13,8059327,5099,0,0,0
2026-04-22 21:45:44,17148798,14573,5946704,26423,5069,12,13,8064404,5077,0,0,0
2026-04-22 21:45:45,17163269,14471,5951707,26444,5024,11,13,8069487,5083,0,0,0
2026-04-22 21:45:46,17177190,13921,5956520,26472,4841,12,13,8074584,5097,0,0,0
2026-04-22 21:45:47,17190714,13524,5961226,26490,4724,12,13,8079695,5111,0,0,0
2026-04-22 21:45:48,17204572,13858,5966025,26502,4811,12,13,8084795,5100,0,0,0
2026-04-22 21:45:50,17218661,14089,5970922,26519,4914,12,13,8094953,10158,0,0,0
2026-04-22 21:45:51,17232783,14122,5975819,26537,4915,11,13,8100055,5102,0,0,0
2026-04-22 21:45:52,17247041,14258,5980755,26558,4957,11,13,8105149,5094,0,0,0
2026-04-22 21:45:53,17261538,14497,5985790,26578,5055,12,13,8110217,5068,0,0,0
2026-04-22 21:45:54,17276057,14519,5990815,26600,5047,12,13,8115315,5098,0,0,0
2026-04-22 21:45:55,17290537,14480,5995826,26616,5027,12,13,8120376,5061,0,0,0
2026-04-22 21:45:56,17305161,14624,6000901,26633,5092,12,13,8125431,5055,0,0,0
2026-04-22 21:45:57,17319943,14782,6006031,26662,5159,12,13,8130468,5037,0,0,0
2026-04-22 21:45:58,17334489,14546,6011076,26677,5060,11,13,8135492,5024,0,0,0
2026-04-22 21:45:59,17348516,14027,6015937,26699,4883,10,13,8145645,10153,0,0,0
2026-04-22 21:46:01,17362843,14327,6020898,26725,4987,11,13,8150717,5072,0,0,0
2026-04-22 21:46:02,17377293,14450,6025919,26740,5036,11,13,8155783,5066,0,0,0
2026-04-22 21:46:03,17391516,14223,6030855,26763,4959,12,13,8160849,5066,0,0,0
2026-04-22 21:46:04,17406041,14525,6035886,26788,5056,11,13,8165959,5110,0,0,0
2026-04-22 21:46:05,17420553,14512,6040916,26808,5050,12,13,8171085,5126,0,0,0
2026-04-22 21:46:06,17434972,14419,6045931,26827,5034,12,13,8176174,5089,0,0,0
2026-04-22 21:46:07,17448817,13845,6050723,26850,4815,12,13,8181246,5072,0,0,0
2026-04-22 21:46:08,17462636,13819,6055520,26873,4820,11,13,8186330,5084,0,0,0
2026-04-22 21:46:09,17476726,14090,6060408,26893,4908,12,13,8191445,5115,0,0,0
2026-04-22 21:46:10,17490827,14101,6065294,26918,4911,12,13,8201667,10222,0,0,0
2026-04-22 21:46:12,17505095,14268,6070241,26938,4967,12,13,8206776,5109,0,0,0
2026-04-22 21:46:13,17519573,14478,6075250,26967,5038,12,13,8211922,5146,0,0,0
2026-04-22 21:46:14,17534019,14446,6080252,26994,5029,12,13,8217031,5109,0,0,0
2026-04-22 21:46:15,17547961,13942,6085113,27008,4875,12,13,8222116,5085,0,0,0
2026-04-22 21:46:16,17562157,14196,6090040,27028,4947,11,13,8227179,5063,0,0,0
2026-04-22 21:46:17,17576209,14052,6094921,27053,4906,11,13,8232249,5070,0,0,0
2026-04-22 21:46:18,17590428,14219,6099843,27074,4943,12,13,8237338,5089,0,0,0
2026-04-22 21:46:19,17604949,14521,6104892,27095,5070,10,13,8242392,5054,0,0,0
2026-04-22 21:46:20,17619547,14598,6109933,27120,5066,12,13,8247438,5046,0,0,0
2026-04-22 21:46:22,17633698,14151,6114847,27138,4932,12,13,8257532,10094,0,0,0
2026-04-22 21:46:23,17648207,14509,6119879,27164,5058,12,13,8262603,5071,0,0,0
2026-04-22 21:46:24,17662374,14167,6124814,27185,4956,12,13,8267701,5098,0,0,0
2026-04-22 21:46:25,17677270,14896,6129964,27210,5175,11,13,8272804,5103,0,0,0
2026-04-22 21:46:26,17691964,14694,6135064,27230,5120,11,13,8277881,5077,0,0,0
2026-04-22 21:46:27,17706946,14982,6140248,27252,5206,10,13,8282913,5032,0,0,0
2026-04-22 21:46:28,17721409,14463,6145260,27272,5032,11,13,8287923,5010,0,0,0
2026-04-22 21:46:29,17736112,14703,6150346,27304,5118,12,13,8292917,4994,0,0,0
2026-04-22 21:46:30,17750435,14323,6155316,27329,4995,11,13,8297915,4998,0,0,0
2026-04-22 21:46:31,17764738,14303,6160262,27349,4966,12,13,8308027,10112,0,0,0
2026-04-22 21:46:33,17778766,14028,6165117,27378,4884,12,13,8313121,5094,0,0,0
2026-04-22 21:46:34,17793181,14415,6170121,27400,5026,11,13,8318235,5114,0,0,0
2026-04-22 21:46:35,17807919,14738,6175249,27431,5159,12,13,8323329,5094,0,0,0
2026-04-22 21:46:36,17822712,14793,6180385,27453,5158,12,13,8328397,5068,0,0,0
2026-04-22 21:46:37,17836763,14051,6185257,27484,4903,10,13,8333454,5057,0,0,0
2026-04-22 21:46:38,17850896,14133,6190170,27502,4931,12,13,8338507,5053,0,0,0
2026-04-22 21:46:39,17865093,14197,6195107,27522,4957,11,13,8343599,5092,0,0,0
2026-04-22 21:46:40,17879477,14384,6200107,27542,5020,12,13,8348685,5086,0,0,0
2026-04-22 21:46:41,17893223,13746,6204890,27567,4808,12,13,8353753,5068,0,0,0
2026-04-22 21:46:43,17907387,14164,6209818,27584,4945,11,13,8363875,10122,0,0,0
2026-04-22 21:46:44,17922052,14665,6214888,27603,5089,12,13,8368936,5061,0,0,0
2026-04-22 21:46:45,17936491,14439,6219900,27629,5038,12,13,8373988,5052,0,0,0
2026-04-22 21:46:46,17950600,14109,6224784,27651,4906,12,13,8379041,5053,0,0,0
2026-04-22 21:46:47,17964944,14344,6229756,27668,4989,10,13,8384072,5031,0,0,0
2026-04-22 21:46:48,17978993,14049,6234636,27691,4903,12,13,8389113,5041,0,0,0
2026-04-22 21:46:49,17992786,13793,6239443,27708,4824,12,13,8394136,5023,0,0,0
2026-04-22 21:46:50,18007124,14338,6244421,27730,5000,12,13,8399141,5005,0,0,0
2026-04-22 21:46:51,18021679,14555,6249459,27752,5060,12,13,8404162,5021,0,0,0
2026-04-22 21:46:52,18035919,14240,6254398,27775,4962,12,13,8409181,5019,0,0,0
2026-04-22 21:46:54,18050132,14213,6259342,27799,4968,12,13,8419229,10048,0,0,0
2026-04-22 21:46:55,18065227,15095,6264547,27830,5236,12,13,8424242,5013,0,0,0
2026-04-22 21:46:56,18079832,14605,6269607,27844,5074,12,13,8429325,5083,0,0,0
2026-04-22 21:46:57,18094392,14560,6274658,27876,5083,12,13,8434404,5079,0,0,0
2026-04-22 21:46:58,18109370,14978,6279842,27897,5205,11,13,8439503,5099,0,0,0
2026-04-22 21:46:59,18124378,15008,6285033,27927,5221,12,13,8444581,5078,0,0,0
2026-04-22 21:47:00,18139283,14905,6290202,27949,5191,11,13,8449675,5094,0,0,0
2026-04-22 21:47:01,18153629,14346,6295179,27976,5004,12,13,8454765,5090,0,0,0
2026-04-22 21:47:02,18168156,14527,6300209,28006,5060,12,13,8459882,5117,0,0,0
2026-04-22 21:47:03,18182328,14172,6305131,28026,4942,9,13,8464959,5077,0,0,0
2026-04-22 21:47:05,18197170,14842,6310281,28041,5165,12,13,8475117,10158,0,0,0
2026-04-22 21:47:06,18212174,15004,6315439,28082,5199,11,13,8480212,5095,0,0,0
2026-04-22 21:47:07,18226784,14610,6320520,28102,5101,12,13,8485299,5087,0,0,0
2026-04-22 21:47:08,18241386,14602,6325576,28121,5075,12,13,8490376,5077,0,0,0
2026-04-22 21:47:09,18256218,14832,6330716,28140,5159,11,13,8495463,5087,0,0,0
2026-04-22 21:47:10,18270729,14511,6335745,28161,5050,11,13,8500549,5086,0,0,0
2026-04-22 21:47:11,18285300,14571,6340803,28181,5078,12,13,8505618,5069,0,0,0
2026-04-22 21:47:12,18299931,14631,6345861,28201,5078,12,13,8510705,5087,0,0,0
2026-04-22 21:47:13,18314325,14394,6350849,28221,5008,11,13,8515806,5101,0,0,0
2026-04-22 21:47:14,18328553,14228,6355773,28243,4946,12,13,8526083,10277,0,0,0
2026-04-22 21:47:16,18343011,14458,6360814,28260,5058,11,13,8531173,5090,0,0,0
2026-04-22 21:47:17,18356931,13920,6365654,28281,4861,12,13,8536221,5048,0,0,0
2026-04-22 21:47:18,18371551,14620,6370714,28311,5090,12,13,8541282,5061,0,0,0
2026-04-22 21:47:19,18386425,14874,6375863,28332,5170,12,13,8546327,5045,0,0,0
2026-04-22 21:47:20,18400831,14406,6380865,28354,5024,11,13,8551390,5063,0,0,0
2026-04-22 21:47:21,18415759,14928,6386019,28387,5187,12,13,8556430,5040,0,0,0
2026-04-22 21:47:22,18430497,14738,6391133,28399,5126,12,13,8561515,5085,0,0,0
2026-04-22 21:47:23,18445116,14619,6396221,28415,5104,11,13,8566584,5069,0,0,0
2026-04-22 21:47:24,18459334,14218,6401144,28440,4948,12,13,8571680,5096,0,0,0
2026-04-22 21:47:26,18473777,14443,6406151,28470,5037,12,13,8581859,10179,0,0,0
2026-04-22 21:47:27,18488247,14470,6411160,28502,5041,12,13,8586933,5074,0,0,0
2026-04-22 21:47:28,18502727,14480,6416183,28521,5042,12,13,8592005,5072,0,0,0
2026-04-22 21:47:29,18516649,13922,6421032,28537,4865,12,13,8597033,5028,0,0,0
2026-04-22 21:47:30,18530586,13937,6425880,28551,4862,12,13,8602091,5058,0,0,0
2026-04-22 21:47:31,18544958,14372,6430868,28567,5004,10,13,8607167,5076,0,0,0
2026-04-22 21:47:32,18558898,13940,6435724,28584,4873,12,13,8612265,5098,0,0,0
2026-04-22 21:47:33,18573329,14431,6440742,28599,5033,12,13,8617353,5088,0,0,0
2026-04-22 21:47:34,18588164,14835,6445874,28624,5157,11,13,8622422,5069,0,0,0
2026-04-22 21:47:35,18602032,13868,6450686,28651,4839,11,13,8632533,10111,0,0,0
2026-04-22 21:47:37,18616624,14592,6455751,28673,5087,12,13,8637571,5038,0,0,0
2026-04-22 21:47:38,18630939,14315,6460709,28696,4981,12,13,8642658,5087,0,0,0
2026-04-22 21:47:39,18645706,14767,6465816,28720,5131,11,13,8647735,5077,0,0,0
2026-04-22 21:47:40,18660242,14536,6470843,28747,5054,10,13,8652795,5060,0,0,0
2026-04-22 21:47:41,18674435,14193,6475770,28768,4948,12,13,8657843,5048,0,0,0
2026-04-22 21:47:42,18688714,14279,6480733,28789,4984,11,13,8662896,5053,0,0,0
2026-04-22 21:47:43,18703205,14491,6485750,28818,5046,10,13,8667963,5067,0,0,0
2026-04-22 21:47:44,18717242,14037,6490602,28848,4882,10,13,8673042,5079,0,0,0
2026-04-22 21:47:45,18731479,14237,6495541,28875,4966,11,13,8678116,5074,0,0,0
2026-04-22 21:47:46,18745507,14028,6500392,28898,4874,12,13,8688243,10127,0,0,0
2026-04-22 21:47:48,18759646,14139,6505303,28919,4932,12,13,8693257,5014,0,0,0
2026-04-22 21:47:49,18773839,14193,6510225,28941,4944,12,13,8698283,5026,0,0,0
2026-04-22 21:47:50,18788099,14260,6515176,28963,4973,11,13,8703320,5037,0,0,0
2026-04-22 21:47:51,18802538,14439,6520193,28986,5040,10,13,8708378,5058,0,0,0
2026-04-22 21:47:52,18817487,14949,6525368,29006,5195,9,13,8713444,5066,0,0,0
2026-04-22 21:47:53,18831742,14255,6530306,29037,4969,12,13,8718484,5040,0,0,0
2026-04-22 21:47:54,18846178,14436,6535346,29055,5058,11,13,8723563,5079,0,0,0
2026-04-22 21:47:55,18861144,14966,6540533,29068,5200,12,13,8728642,5079,0,0,0
2026-04-22 21:47:56,18875320,14176,6545439,29095,4933,12,13,8733702,5060,0,0,0
2026-04-22 21:47:58,18889921,14601,6550512,29117,5095,12,13,8743786,10084,0,0,0
2026-04-22 21:47:59,18904553,14632,6555591,29144,5106,11,13,8748827,5041,0,0,0
2026-04-22 21:48:00,18919066,14513,6560609,29173,5047,12,13,8753913,5086,0,0,0
2026-04-22 21:48:01,18933735,14669,6565688,29197,5103,11,13,8758987,5074,0,0,0
2026-04-22 21:48:02,18948063,14328,6570666,29215,4996,12,13,8764023,5036,0,0,0
2026-04-22 21:48:03,18962689,14626,6575735,29231,5085,11,13,8769046,5023,0,0,0
2026-04-22 21:48:04,18977368,14679,6580805,29258,5097,12,13,8774076,5030,0,0,0
2026-04-22 21:48:05,18991638,14270,6585778,29281,4996,11,13,8779123,5047,0,0,0
2026-04-22 21:48:06,19006347,14709,6590865,29306,5112,12,13,8784190,5067,0,0,0
2026-04-22 21:48:08,19020496,14149,6595761,29327,4917,12,13,8794340,10150,0,0,0
2026-04-22 21:48:09,19034480,13984,6600607,29345,4864,12,13,8799448,5108,0,0,0
2026-04-22 21:48:10,19048578,14098,6605490,29366,4904,11,13,8804560,5112,0,0,0
2026-04-22 21:48:11,19062800,14222,6610416,29390,4950,12,13,8809696,5136,0,0,0
2026-04-22 21:48:12,19076987,14187,6615356,29413,4963,12,13,8814816,5120,0,0,0
2026-04-22 21:48:13,19091600,14613,6620408,29439,5078,11,13,8819912,5096,0,0,0
2026-04-22 21:48:14,19105991,14391,6625410,29467,5030,11,13,8824976,5064,0,0,0
2026-04-22 21:48:15,19120558,14567,6630454,29491,5068,11,13,8830028,5052,0,0,0
2026-04-22 21:48:16,19135533,14975,6635640,29512,5207,12,13,8835080,5052,0,0,0
2026-04-22 21:48:17,19149631,14098,6640523,29537,4908,12,13,8840159,5079,0,0,0
2026-04-22 21:48:19,19164182,14551,6645556,29559,5055,11,13,8850257,10098,0,0,0
2026-04-22 21:48:20,19178624,14442,6650558,29577,5020,12,13,8855313,5056,0,0,0
2026-04-22 21:48:21,19192930,14306,6655523,29600,4988,11,13,8860372,5059,0,0,0
2026-04-22 21:48:22,19207163,14233,6660465,29622,4964,12,13,8865437,5065,0,0,0
2026-04-22 21:48:23,19221451,14288,6665439,29641,4993,12,13,8870502,5065,0,0,0
2026-04-22 21:48:24,19236302,14851,6670558,29666,5144,11,13,8875569,5067,0,0,0
2026-04-22 21:48:25,19251125,14823,6675692,29693,5161,11,13,8880634,5065,0,0,0
2026-04-22 21:48:26,19265967,14842,6680818,29716,5149,11,13,8885703,5069,0,0,0
2026-04-22 21:48:27,19280536,14569,6685874,29734,5074,11,13,8890788,5085,0,0,0
2026-04-22 21:48:29,19295115,14579,6690924,29760,5076,11,13,8901017,10229,0,0,0
2026-04-22 21:48:30,19309774,14659,6696010,29779,5105,12,13,8906086,5069,0,0,0
2026-04-22 21:48:31,19324025,14251,6700961,29794,4966,12,13,8911187,5101,0,0,0
2026-04-22 21:48:32,19338418,14393,6705956,29813,5014,12,13,8916283,5096,0,0,0
2026-04-22 21:48:33,19352954,14536,6710990,29843,5064,12,13,8921375,5092,0,0,0
2026-04-22 21:48:34,19367565,14611,6716052,29865,5084,12,13,8926458,5083,0,0,0
2026-04-22 21:48:35,19382263,14698,6721137,29891,5111,12,13,8931540,5082,0,0,0
2026-04-22 21:48:36,19396606,14343,6726124,29909,5005,12,13,8936616,5076,0,0,0
2026-04-22 21:48:37,19411324,14718,6731239,29930,5136,12,13,8941676,5060,0,0,0
2026-04-22 21:48:38,19424684,13360,6735890,29952,4673,12,13,8946723,5047,0,0,0
2026-04-22 21:48:40,19439075,14391,6740877,29974,5009,12,13,8956815,10092,0,0,0
2026-04-22 21:48:41,19453573,14498,6745907,29992,5048,12,13,8961859,5044,0,0,0
2026-04-22 21:48:42,19468300,14727,6751013,30020,5134,11,13,8966901,5042,0,0,0
2026-04-22 21:48:43,19483131,14831,6756156,30042,5165,12,13,8971952,5051,0,0,0
2026-04-22 21:48:44,19497635,14504,6761198,30063,5063,12,13,8976986,5034,0,0,0
2026-04-22 21:48:45,19512242,14607,6766279,30080,5098,12,13,8982021,5035,0,0,0
2026-04-22 21:48:46,19526756,14514,6771306,30103,5050,11,13,8987087,5066,0,0,0
2026-04-22 21:48:47,19541020,14264,6776259,30124,4974,11,13,8992154,5067,0,0,0
2026-04-22 21:48:48,19554306,13286,6780902,30147,4666,12,13,8997261,5107,0,0,0
2026-04-22 21:48:49,19567876,13570,6785602,30174,4727,11,13,9007453,10192,0,0,0
2026-04-22 21:48:51,19582267,14391,6790584,30195,5003,11,13,9012487,5034,0,0,0
2026-04-22 21:48:52,19596503,14236,6795536,30209,4966,12,13,9017536,5049,0,0,0
2026-04-22 21:48:53,19610672,14169,6800453,30232,4940,12,13,9022580,5044,0,0,0
2026-04-22 21:48:54,19625125,14453,6805452,30259,5026,11,13,9027629,5049,0,0,0
2026-04-22 21:48:55,19639174,14049,6810316,30282,4887,12,13,9032666,5037,0,0,0
2026-04-22 21:48:56,19653132,13958,6815151,30301,4854,12,13,9037704,5038,0,0,0
2026-04-22 21:48:57,19667214,14082,6820031,30318,4897,12,13,9042752,5048,0,0,0
2026-04-22 21:48:58,19681386,14172,6824950,30337,4938,12,13,9047835,5083,0,0,0
2026-04-22 21:48:59,19695342,13956,6829788,30364,4865,12,13,9052905,5070,0,0,0
2026-04-22 21:49:01,19709310,13968,6834623,30386,4857,11,13,9062987,10082,0,0,0
2026-04-22 21:49:02,19723325,14015,6839475,30415,4881,12,13,9068012,5025,0,0,0
2026-04-22 21:49:03,19737587,14262,6844405,30446,4961,11,13,9073044,5032,0,0,0
2026-04-22 21:49:04,19752398,14811,6849542,30464,5155,10,13,9078058,5014,0,0,0
2026-04-22 21:49:05,19766482,14084,6854430,30491,4915,11,13,9083089,5031,0,0,0
2026-04-22 21:49:06,19780949,14467,6859446,30513,5038,11,13,9088127,5038,0,0,0
2026-04-22 21:49:07,19796159,15210,6864698,30526,5265,12,13,9093178,5051,0,0,0
2026-04-22 21:49:08,19810368,14209,6869635,30547,4958,11,13,9098245,5067,0,0,0
2026-04-22 21:49:09,19824645,14277,6874580,30572,4970,12,13,9103269,5024,0,0,0
2026-04-22 21:49:10,19838565,13920,6879432,30592,4872,12,13,9113342,10073,0,0,0
2026-04-22 21:49:12,19852548,13983,6884288,30620,4884,12,13,9118391,5049,0,0,0
2026-04-22 21:49:13,19867093,14545,6889338,30649,5079,12,13,9123437,5046,0,0,0
2026-04-22 21:49:14,19881568,14475,6894373,30664,5050,12,13,9128486,5049,0,0,0
2026-04-22 21:49:15,19896142,14574,6899439,30684,5086,11,13,9133544,5058,0,0,0
2026-04-22 21:49:16,19910460,14318,6904410,30698,4985,12,13,9138616,5072,0,0,0
2026-04-22 21:49:17,19924807,14347,6909391,30715,4998,10,13,9143709,5093,0,0,0
2026-04-22 21:49:18,19939153,14346,6914373,30742,5009,11,13,9148768,5059,0,0,0
2026-04-22 21:49:19,19953591,14438,6919362,30774,5021,12,13,9153783,5015,0,0,0
2026-04-22 21:49:20,19967284,13693,6924125,30797,4786,12,13,9158790,5007,0,0,0
2026-04-22 21:49:22,19981296,14012,6928981,30811,4870,12,13,9168808,10018,0,0,0
2026-04-22 21:49:23,19995874,14578,6934045,30834,5087,11,13,9173874,5066,0,0,0
2026-04-22 21:49:24,20010649,14775,6939141,30859,5121,12,13,9178963,5089,0,0,0
2026-04-22 21:49:25,20025179,14530,6944189,30881,5070,11,13,9184022,5059,0,0,0
2026-04-22 21:49:26,20039733,14554,6949245,30896,5071,11,13,9189043,5021,0,0,0
2026-04-22 21:49:27,20054328,14595,6954304,30919,5082,11,13,9194076,5033,0,0,0
2026-04-22 21:49:28,20069185,14857,6959441,30937,5155,12,13,9199064,4988,0,0,0
2026-04-22 21:49:29,20083673,14488,6964465,30962,5049,11,13,9204060,4996,0,0,0
2026-04-22 21:49:30,20098162,14489,6969468,30996,5037,12,13,9209052,4992,0,0,0
2026-04-22 21:49:32,20111583,13421,6974129,31019,4684,12,13,9219098,10046,0,0,0
2026-04-22 21:49:33,20126041,14458,6979122,31047,5021,11,13,9224146,5048,0,0,0
2026-04-22 21:49:34,20140453,14412,6984129,31065,5025,11,13,9229193,5047,0,0,0
2026-04-22 21:49:35,20155222,14769,6989263,31089,5158,12,13,9234253,5060,0,0,0
2026-04-22 21:49:36,20170024,14802,6994393,31110,5151,12,13,9239308,5055,0,0,0
2026-04-22 21:49:37,20184580,14556,6999449,31129,5075,11,13,9244405,5097,0,0,0
2026-04-22 21:49:38,20198529,13949,7004296,31155,4873,12,13,9249474,5069,0,0,0
2026-04-22 21:49:39,20212735,14206,7009232,31175,4956,12,13,9254539,5065,0,0,0
2026-04-22 21:49:40,20226706,13971,7014082,31199,4874,12,13,9259556,5017,0,0,0
2026-04-22 21:49:41,20240528,13822,7018883,31214,4816,12,13,9264558,5002,0,0,0
2026-04-22 21:49:43,20254371,13843,7023678,31237,4818,11,13,9274663,10105,0,0,0
2026-04-22 21:49:44,20268543,14172,7028586,31256,4927,12,13,9279781,5118,0,0,0
2026-04-22 21:49:45,20282758,14215,7033489,31279,4926,12,13,9284879,5098,0,0,0
2026-04-22 21:49:46,20297118,14360,7038462,31302,4996,12,13,9289936,5057,0,0,0
2026-04-22 21:49:47,20311205,14087,7043341,31329,4906,12,13,9295012,5076,0,0,0
2026-04-22 21:49:48,20325889,14684,7048407,31363,5100,11,13,9300084,5072,0,0,0
2026-04-22 21:49:49,20340213,14324,7053350,31390,4970,12,13,9305151,5067,0,0,0
2026-04-22 21:49:50,20354267,14054,7058241,31407,4908,12,13,9310178,5027,0,0,0
2026-04-22 21:49:51,20368857,14590,7063308,31426,5086,12,13,9315208,5030,0,0,0
2026-04-22 21:49:52,20382773,13916,7068119,31458,4843,12,13,9320260,5052,0,0,0
2026-04-22 21:49:54,20397075,14302,7073087,31477,4987,12,13,9330410,10150,0,0,0
2026-04-22 21:49:55,20411778,14703,7078187,31497,5120,12,13,9335492,5082,0,0,0
2026-04-22 21:49:56,20426430,14652,7083267,31516,5099,11,13,9340549,5057,0,0,0
2026-04-22 21:49:57,20440725,14295,7088226,31546,4989,11,13,9345599,5050,0,0,0
2026-04-22 21:49:58,20455397,14672,7093304,31562,5094,12,13,9350665,5066,0,0,0
2026-04-22 21:49:59,20469761,14364,7098281,31577,4992,12,13,9355721,5056,0,0,0
2026-04-22 21:50:00,20484207,14446,7103307,31597,5046,12,13,9360769,5048,0,0,0
2026-04-22 21:50:01,20498427,14220,7108233,31621,4950,12,13,9365796,5027,0,0,0
2026-04-22 21:50:02,20512621,14194,7113155,31642,4943,12,13,9370838,5042,0,0,0
2026-04-22 21:50:04,20526478,13857,7117989,31651,4843,11,13,9380881,10043,0,0,0
2026-04-22 21:50:05,20540994,14516,7123021,31673,5054,12,13,9385875,4994,0,0,0
2026-04-22 21:50:06,20555259,14265,7127988,31692,4986,12,13,9390861,4986,0,0,0
2026-04-22 21:50:07,20569478,14219,7132919,31708,4947,12,13,9395858,4997,0,0,0
2026-04-22 21:50:08,20583907,14429,7137931,31725,5029,12,13,9400869,5011,0,0,0
2026-04-22 21:50:09,20598010,14103,7142823,31750,4917,12,13,9405912,5043,0,0,0
2026-04-22 21:50:10,20612442,14432,7147817,31777,5021,12,13,9410959,5047,0,0,0
2026-04-22 21:50:11,20626484,14042,7152707,31797,4910,11,13,9415980,5021,0,0,0
2026-04-22 21:50:12,20641052,14568,7157743,31818,5057,10,13,9420966,4986,0,0,0
2026-04-22 21:50:13,20654782,13730,7162519,31837,4795,12,13,9425994,5028,0,0,0
2026-04-22 21:50:15,20669486,14704,7167625,31851,5120,12,13,9436046,10052,0,0,0
2026-04-22 21:50:16,20683865,14379,7172615,31875,5014,12,13,9441049,5003,0,0,0
2026-04-22 21:50:17,20698076,14211,7177567,31888,4965,12,13,9446087,5038,0,0,0
2026-04-22 21:50:18,20712488,14412,7182549,31917,5011,12,13,9451126,5039,0,0,0
2026-04-22 21:50:19,20726886,14398,7187537,31940,5011,12,13,9456169,5043,0,0,0
2026-04-22 21:50:20,20741732,14846,7192657,31970,5150,12,13,9461219,5050,0,0,0
2026-04-22 21:50:21,20756248,14516,7197684,31996,5053,12,13,9466299,5080,0,0,0
2026-04-22 21:50:22,20770847,14599,7202754,32018,5092,11,13,9471374,5075,0,0,0
2026-04-22 21:50:23,20785352,14505,7207770,32040,5038,12,13,9476432,5058,0,0,0
2026-04-22 21:50:24,20799501,14149,7212695,32057,4942,10,13,9486493,10061,0,0,0
2026-04-22 21:50:26,20814093,14592,7217766,32070,5084,11,13,9491500,5007,0,0,0
2026-04-22 21:50:27,20829035,14942,7222932,32099,5195,12,13,9496495,4995,0,0,0
2026-04-22 21:50:28,20843844,14809,7228072,32119,5160,11,13,9501467,4972,0,0,0
2026-04-22 21:50:29,20858700,14856,7233243,32132,5184,10,13,9506430,4963,0,0,0
2026-04-22 21:50:30,20873442,14742,7238344,32157,5126,12,13,9511409,4979,0,0,0
2026-04-22 21:50:31,20888216,14774,7243468,32185,5152,12,13,9516427,5018,0,0,0
2026-04-22 21:50:32,20902674,14458,7248475,32215,5037,12,13,9521446,5019,0,0,0
2026-04-22 21:50:33,20917395,14721,7253569,32237,5116,12,13,9526470,5024,0,0,0
2026-04-22 21:50:34,20931861,14466,7258605,32257,5056,12,13,9531462,4992,0,0,0
2026-04-22 21:50:36,20946220,14359,7263571,32281,4990,12,13,9541538,10076,0,0,0
2026-04-22 21:50:37,20961204,14984,7268761,32309,5218,12,13,9546575,5037,0,0,0
2026-04-22 21:50:38,20975170,13966,7273616,32334,4880,11,13,9551608,5033,0,0,0
2026-04-22 21:50:39,20989337,14167,7278536,32358,4944,12,13,9556630,5022,0,0,0
2026-04-22 21:50:40,21003599,14262,7283495,32378,4979,12,13,9561655,5025,0,0,0
2026-04-22 21:50:41,21017844,14245,7288441,32400,4968,12,13,9566690,5035,0,0,0
2026-04-22 21:50:42,21032496,14652,7293495,32445,5099,12,13,9571736,5046,0,0,0
2026-04-22 21:50:43,21046969,14473,7298529,32463,5052,11,13,9576757,5021,0,0,0
2026-04-22 21:50:44,21061487,14518,7303551,32489,5048,10,13,9581815,5058,0,0,0
2026-04-22 21:50:45,21075331,13844,7308364,32509,4833,12,13,9586879,5064,0,0,0
2026-04-22 21:50:47,21089730,14399,7313340,32537,5004,11,13,9596982,10103,0,0,0
2026-04-22 21:50:48,21104088,14358,7318323,32564,5010,11,13,9602013,5031,0,0,0
2026-04-22 21:50:49,21118187,14099,7323229,32587,4929,11,13,9607029,5016,0,0,0
2026-04-22 21:50:50,21132948,14761,7328323,32612,5119,12,13,9612024,4995,0,0,0
2026-04-22 21:50:51,21147523,14575,7333358,32642,5065,12,13,9617029,5005,0,0,0
2026-04-22 21:50:52,21162040,14517,7338401,32656,5057,12,13,9622060,5031,0,0,0
2026-04-22 21:50:53,21176695,14655,7343480,32681,5104,12,13,9627113,5053,0,0,0
2026-04-22 21:50:54,21191160,14465,7348497,32699,5035,12,13,9632164,5051,0,0,0
2026-04-22 21:50:55,21205457,14297,7353453,32724,4981,12,13,9637202,5038,0,0,0
2026-04-22 21:50:57,21219651,14194,7358380,32738,4941,12,13,9647178,9976,0,0,0
2026-04-22 21:50:58,21233904,14253,7363343,32751,4976,12,13,9652202,5024,0,0,0
2026-04-22 21:50:59,21248666,14762,7368446,32776,5128,11,13,9657243,5041,0,0,0
2026-04-22 21:51:00,21263841,15175,7373682,32803,5263,12,13,9662315,5072,0,0,0
2026-04-22 21:51:01,21278496,14655,7378763,32828,5106,12,13,9667343,5028,0,0,0
2026-04-22 21:51:02,21292552,14056,7383623,32855,4887,12,13,9672375,5032,0,0,0
2026-04-22 21:51:03,21306657,14105,7388515,32884,4921,12,13,9677375,5000,0,0,0
2026-04-22 21:51:04,21321166,14509,7393543,32907,5051,11,13,9682386,5011,0,0,0
2026-04-22 21:51:05,21335754,14588,7398590,32932,5072,12,13,9687397,5011,0,0,0
2026-04-22 21:51:06,21349697,13943,7403430,32949,4857,9,13,9697416,10019,0,0,0
2026-04-22 21:51:08,21364630,14933,7408595,32969,5185,12,13,9702412,4996,0,0,0
2026-04-22 21:51:09,21378167,13537,7413296,32988,4720,12,13,9707421,5009,0,0,0
2026-04-22 21:51:10,21392535,14368,7418275,33010,5001,12,13,9712436,5015,0,0,0
2026-04-22 21:51:11,21406574,14039,7423160,33030,4905,11,13,9717471,5035,0,0,0
2026-04-22 21:51:12,21421067,14493,7428172,33063,5045,10,13,9722523,5052,0,0,0
2026-04-22 21:51:13,21435039,13972,7433035,33083,4883,12,13,9727553,5030,0,0,0
2026-04-22 21:51:14,21449507,14468,7438054,33108,5044,10,13,9732602,5049,0,0,0
2026-04-22 21:51:15,21464344,14837,7443187,33133,5158,11,13,9737634,5032,0,0,0
2026-04-22 21:51:16,21478409,14065,7448077,33152,4909,12,13,9742699,5065,0,0,0
2026-04-22 21:51:17,21492284,13875,7452883,33178,4832,10,13,9747747,5048,0,0,0
2026-04-22 21:51:19,21506559,14275,7457836,33191,4966,12,13,9757775,10028,0,0,0
2026-04-22 21:51:20,21521288,14729,7462953,33209,5135,12,13,9762756,4981,0,0,0
2026-04-22 21:51:21,21535932,14644,7468034,33229,5101,12,13,9767748,4992,0,0,0
2026-04-22 21:51:22,21550428,14496,7473060,33244,5041,11,13,9772735,4987,0,0,0
2026-04-22 21:51:23,21564779,14351,7478055,33260,5011,12,13,9777729,4994,0,0,0
2026-04-22 21:51:24,21579254,14475,7483102,33272,5059,12,13,9782715,4986,0,0,0
2026-04-22 21:51:25,21593815,14561,7488145,33300,5071,11,13,9787714,4999,0,0,0
2026-04-22 21:51:26,21608341,14526,7493195,33312,5062,12,13,9792675,4961,0,0,0
2026-04-22 21:51:27,21622326,13985,7498070,33337,4900,12,13,9797643,4968,0,0,0
2026-04-22 21:51:29,21636963,14637,7503150,33357,5100,12,13,9807601,9958,0,0,0
2026-04-22 21:51:30,21651552,14589,7508221,33376,5090,12,13,9812604,5003,0,0,0
2026-04-22 21:51:31,21666040,14488,7513244,33396,5043,11,13,9817616,5012,0,0,0
2026-04-22 21:51:32,21680438,14398,7518222,33423,5005,9,13,9822663,5047,0,0,0
2026-04-22 21:51:33,21694741,14303,7523177,33452,4984,12,13,9827730,5067,0,0,0
2026-04-22 21:51:34,21709684,14943,7528352,33476,5199,12,13,9832779,5049,0,0,0
2026-04-22 21:51:35,21724359,14675,7533437,33497,5106,12,13,9837798,5019,0,0,0
2026-04-22 21:51:36,21739114,14755,7538558,33515,5139,12,13,9842791,4993,0,0,0
2026-04-22 21:51:37,21753801,14687,7543647,33536,5110,12,13,9847775,4984,0,0,0
2026-04-22 21:51:38,21767847,14046,7548511,33555,4883,10,13,9857840,10065,0,0,0
2026-04-22 21:51:40,21782274,14427,7553513,33573,5020,12,13,9862888,5048,0,0,0
2026-04-22 21:51:41,21796331,14057,7558398,33599,4911,11,13,9867928,5040,0,0,0
2026-04-22 21:51:42,21811077,14746,7563512,33616,5131,12,13,9872949,5021,0,0,0
2026-04-22 21:51:43,21825895,14818,7568646,33636,5154,12,13,9877921,4972,0,0,0
2026-04-22 21:51:44,21841102,15207,7573923,33658,5299,12,13,9882926,5005,0,0,0
2026-04-22 21:51:45,21855838,14736,7579024,33683,5126,12,13,9887882,4956,0,0,0
2026-04-22 21:51:46,21870358,14520,7584059,33711,5063,11,13,9892885,5003,0,0,0
2026-04-22 21:51:47,21885041,14683,7589147,33736,5113,12,13,9897868,4983,0,0,0
2026-04-22 21:51:48,21898816,13775,7593934,33754,4805,12,13,9902860,4992,0,0,0
2026-04-22 21:51:50,21912936,14120,7598811,33778,4901,12,13,9912912,10052,0,0,0
2026-04-22 21:51:51,21927853,14917,7603987,33799,5197,10,13,9917964,5052,0,0,0
2026-04-22 21:51:52,21942650,14797,7609095,33828,5137,12,13,9923017,5053,0,0,0
2026-04-22 21:51:53,21957228,14578,7614163,33846,5086,12,13,9928018,5001,0,0,0
2026-04-22 21:51:54,21971730,14502,7619190,33867,5048,12,13,9933014,4996,0,0,0
2026-04-22 21:51:55,21986257,14527,7624239,33898,5080,10,13,9938012,4998,0,0,0
2026-04-22 21:51:56,22000868,14611,7629302,33920,5085,11,13,9943045,5033,0,0,0
2026-04-22 21:51:57,22015788,14920,7634465,33938,5181,11,13,9948097,5052,0,0,0
2026-04-22 21:51:58,22030437,14649,7639539,33963,5099,12,13,9953149,5052,0,0,0
2026-04-22 21:51:59,22044758,14321,7644508,33983,4989,12,13,9963288,10139,0,0,0
2026-04-22 21:52:01,22059377,14619,7649592,34000,5101,12,13,9968375,5087,0,0,0
2026-04-22 21:52:02,22073865,14488,7654631,34014,5053,11,13,9973441,5066,0,0,0
2026-04-22 21:52:03,22088134,14269,7659591,34027,4973,11,13,9978458,5017,0,0,0
2026-04-22 21:52:04,22102513,14379,7664578,34046,5006,12,13,9983431,4973,0,0,0
2026-04-22 21:52:05,22117014,14501,7669637,34063,5076,12,13,9988402,4971,0,0,0
2026-04-22 21:52:06,22131569,14555,7674701,34082,5083,12,13,9993414,5012,0,0,0
2026-04-22 21:52:07,22146587,15018,7679885,34109,5211,12,13,9998452,5038,0,0,0
2026-04-22 21:52:08,22161132,14545,7684946,34127,5079,12,13,10003492,5040,0,0,0
2026-04-22 21:52:09,22175487,14355,7689948,34149,5024,12,13,10008536,5044,0,0,0
2026-04-22 21:52:11,22188938,13451,7694622,34164,4689,12,13,10018654,10118,0,0,0
2026-04-22 21:52:12,22203271,14333,7699594,34184,4992,12,13,10023701,5047,0,0,0
2026-04-22 21:52:13,22218410,15139,7704832,34208,5262,12,13,10028733,5032,0,0,0
2026-04-22 21:52:14,22233217,14807,7709976,34227,5163,10,13,10033760,5027,0,0,0
2026-04-22 21:52:15,22247864,14647,7715069,34245,5111,12,13,10038810,5050,0,0,0
2026-04-22 21:52:16,22262559,14695,7720171,34269,5126,12,13,10043864,5054,0,0,0
2026-04-22 21:52:17,22276971,14412,7725185,34288,5033,12,13,10048919,5055,0,0,0
2026-04-22 21:52:18,22290656,13685,7729955,34313,4795,11,13,10053965,5046,0,0,0
2026-04-22 21:52:19,22304947,14291,7734917,34345,4994,12,13,10059013,5048,0,0,0
2026-04-22 21:52:20,22318723,13776,7739715,34366,4819,12,13,10064085,5072,0,0,0
2026-04-22 21:52:22,22332729,14006,7744584,34387,4890,11,13,10074215,10130,0,0,0
2026-04-22 21:52:23,22347323,14594,7749649,34406,5084,12,13,10079244,5029,0,0,0
2026-04-22 21:52:24,22361988,14665,7754766,34423,5134,12,13,10084235,4991,0,0,0
2026-04-22 21:52:25,22376352,14364,7759747,34449,5007,10,13,10089240,5005,0,0,0
2026-04-22 21:52:26,22390701,14349,7764719,34486,5009,11,13,10094213,4973,0,0,0
2026-04-22 21:52:27,22405607,14906,7769874,34510,5179,12,13,10099201,4988,0,0,0
2026-04-22 21:52:28,22420140,14533,7774899,34542,5057,12,13,10104206,5005,0,0,0
2026-04-22 21:52:29,22434410,14270,7779865,34574,4998,11,13,10109233,5027,0,0,0
2026-04-22 21:52:30,22448957,14547,7784900,34600,5061,12,13,10114264,5031,0,0,0
2026-04-22 21:52:31,22462938,13981,7789745,34622,4867,11,13,10124346,10082,0,0,0
2026-04-22 21:52:33,22477393,14455,7794762,34642,5037,11,13,10129386,5040,0,0,0
2026-04-22 21:52:34,22492206,14813,7799876,34663,5135,12,13,10134437,5051,0,0,0
2026-04-22 21:52:35,22507328,15122,7805088,34694,5243,10,13,10139489,5052,0,0,0
2026-04-22 21:52:36,22522090,14762,7810208,34723,5149,12,13,10144545,5056,0,0,0
2026-04-22 21:52:37,22536749,14659,7815300,34746,5115,12,13,10149579,5034,0,0,0
2026-04-22 21:52:38,22551057,14308,7820293,34765,5012,10,13,10154607,5028,0,0,0
2026-04-22 21:52:39,22565773,14716,7825391,34784,5117,11,13,10159670,5063,0,0,0
2026-04-22 21:52:40,22580304,14531,7830422,34812,5059,12,13,10164735,5065,0,0,0
2026-04-22 21:52:41,22594350,14046,7835283,34835,4884,12,13,10169795,5060,0,0,0
2026-04-22 21:52:43,22608638,14288,7840228,34853,4963,11,13,10179901,10106,0,0,0
2026-04-22 21:52:44,22622979,14341,7845195,34878,4992,11,13,10184951,5050,0,0,0
2026-04-22 21:52:45,22637384,14405,7850186,34900,5013,12,13,10189991,5040,0,0,0
2026-04-22 21:52:46,22651677,14293,7855147,34927,4988,12,13,10195063,5072,0,0,0
2026-04-22 21:52:47,22666488,14811,7860275,34952,5153,11,13,10200108,5045,0,0,0
2026-04-22 21:52:48,22680614,14126,7865166,34981,4920,12,13,10205154,5046,0,0,0
2026-04-22 21:52:49,22694322,13708,7869923,35003,4779,12,13,10210180,5026,0,0,0
2026-04-22 21:52:50,22709207,14885,7875074,35023,5171,12,13,10215221,5041,0,0,0
2026-04-22 21:52:51,22723656,14449,7880093,35047,5043,11,13,10220262,5041,0,0,0
2026-04-22 21:52:52,22737539,13883,7884906,35068,4834,12,13,10225274,5012,0,0,0
2026-04-22 21:52:54,22751831,14292,7889855,35078,4959,11,13,10235275,10001,0,0,0
2026-04-22 21:52:55,22766194,14363,7894826,35101,4994,11,13,10240266,4991,0,0,0
2026-04-22 21:52:56,22780486,14292,7899787,35126,4986,12,13,10245244,4978,0,0,0
2026-04-22 21:52:57,22794858,14372,7904781,35138,5006,11,13,10250207,4963,0,0,0
2026-04-22 21:52:58,22809330,14472,7909810,35160,5051,12,13,10255165,4958,0,0,0
2026-04-22 21:52:59,22824060,14730,7914904,35182,5116,11,13,10260159,4994,0,0,0
2026-04-22 21:53:00,22838367,14307,7919868,35204,4986,12,13,10265174,5015,0,0,0
2026-04-22 21:53:01,22852728,14361,7924841,35225,4994,12,13,10270242,5068,0,0,0
2026-04-22 21:53:02,22867254,14526,7929884,35242,5060,12,13,10275343,5101,0,0,0
2026-04-22 21:53:04,22881741,14487,7934869,35260,5003,11,13,10285545,10202,0,0,0
2026-04-22 21:53:05,22896322,14581,7939930,35287,5088,12,13,10290581,5036,0,0,0
2026-04-22 21:53:06,22911006,14684,7945028,35305,5116,11,13,10295584,5003,0,0,0
2026-04-22 21:53:07,22925726,14720,7950130,35328,5125,12,13,10300566,4982,0,0,0
2026-04-22 21:53:08,22940452,14726,7955245,35351,5138,12,13,10305571,5005,0,0,0
2026-04-22 21:53:09,22954419,13967,7960109,35367,4880,11,13,10310588,5017,0,0,0
2026-04-22 21:53:10,22968877,14458,7965124,35387,5035,11,13,10315590,5002,0,0,0
2026-04-22 21:53:11,22983264,14387,7970110,35405,5004,12,13,10320605,5015,0,0,0
2026-04-22 21:53:12,22997030,13766,7974887,35424,4796,11,13,10325608,5003,0,0,0
2026-04-22 21:53:13,23010571,13541,7979581,35450,4720,12,13,10330631,5023,0,0,0
2026-04-22 21:53:15,23024637,14066,7984475,35474,4918,12,13,10340637,10006,0,0,0
2026-04-22 21:53:16,23039045,14408,7989466,35504,5021,12,13,10345631,4994,0,0,0
2026-04-22 21:53:17,23053930,14885,7994605,35530,5165,12,13,10350650,5019,0,0,0
2026-04-22 21:53:18,23068375,14445,7999610,35560,5035,12,13,10355676,5026,0,0,0
2026-04-22 21:53:19,23082312,13937,8004429,35580,4839,12,13,10360697,5021,0,0,0
2026-04-22 21:53:20,23096226,13914,8009246,35605,4842,11,13,10365728,5031,0,0,0
2026-04-22 21:53:21,23110770,14544,8014296,35629,5074,12,13,10370735,5007,0,0,0
2026-04-22 21:53:22,23125137,14367,8019279,35652,5006,12,13,10375751,5016,0,0,0
2026-04-22 21:53:23,23139844,14707,8024386,35671,5126,12,13,10380768,5017,0,0,0
2026-04-22 21:53:24,23153843,13999,8029259,35692,4894,12,13,10390804,10036,0,0,0
2026-04-22 21:53:26,23168784,14941,8034428,35717,5194,11,13,10395807,5003,0,0,0
2026-04-22 21:53:27,23183366,14582,8039478,35745,5078,12,13,10400817,5010,0,0,0
2026-04-22 21:53:28,23197880,14514,8044529,35769,5075,12,13,10405845,5028,0,0,0
2026-04-22 21:53:29,23212594,14714,8049629,35789,5120,11,13,10410888,5043,0,0,0
2026-04-22 21:53:30,23227202,14608,8054697,35811,5090,12,13,10415920,5032,0,0,0
2026-04-22 21:53:31,23242067,14865,8059845,35839,5176,12,13,10420918,4998,0,0,0
2026-04-22 21:53:32,23256802,14735,8064959,35860,5135,11,13,10425924,5006,0,0,0
2026-04-22 21:53:33,23270842,14040,8069849,35877,4907,11,13,10430923,4999,0,0,0
2026-04-22 21:53:34,23284601,13759,8074644,35897,4815,12,13,10435949,5026,0,0,0
2026-04-22 21:53:36,23299054,14453,8079632,35929,5020,12,13,10446001,10052,0,0,0
2026-04-22 21:53:37,23313610,14556,8084667,35957,5063,12,13,10451011,5010,0,0,0
2026-04-22 21:53:38,23328484,14874,8089818,35979,5173,11,13,10456020,5009,0,0,0
2026-04-22 21:53:39,23343150,14666,8094909,36000,5112,12,13,10461032,5012,0,0,0
2026-04-22 21:53:40,23357566,14416,8099920,36016,5027,12,13,10466067,5035,0,0,0
2026-04-22 21:53:41,23371552,13986,8104778,36034,4876,12,13,10471094,5027,0,0,0
2026-04-22 21:53:42,23385708,14156,8109688,36056,4932,12,13,10476137,5043,0,0,0
2026-04-22 21:53:43,23400370,14662,8114759,36077,5092,11,13,10481178,5041,0,0,0
2026-04-22 21:53:44,23414858,14488,8119784,36095,5043,12,13,10486222,5044,0,0,0
2026-04-22 21:53:45,23429032,14174,8124713,36114,4948,10,13,10496240,10018,0,0,0
2026-04-22 21:53:47,23443339,14307,8129671,36140,4984,12,13,10501281,5041,0,0,0
2026-04-22 21:53:48,23457828,14489,8134692,36162,5043,12,13,10506324,5043,0,0,0
2026-04-22 21:53:49,23472055,14227,8139624,36180,4950,12,13,10511366,5042,0,0,0
2026-04-22 21:53:50,23486151,14096,8144518,36196,4910,12,13,10516389,5023,0,0,0
2026-04-22 21:53:51,23500611,14460,8149539,36219,5044,11,13,10521411,5022,0,0,0
2026-04-22 21:53:52,23515014,14403,8154538,36231,5011,11,13,10526417,5006,0,0,0
2026-04-22 21:53:53,23529330,14316,8159511,36253,4995,11,13,10531439,5022,0,0,0
2026-04-22 21:53:54,23544021,14691,8164594,36272,5102,11,13,10536457,5018,0,0,0
2026-04-22 21:53:55,23558118,14097,8169482,36298,4914,12,13,10541465,5008,0,0,0
2026-04-22 21:53:57,23572124,14006,8174331,36322,4873,12,13,10551509,10044,0,0,0
2026-04-22 21:53:58,23586840,14716,8179437,36337,5121,12,13,10556534,5025,0,0,0
2026-04-22 21:53:59,23601663,14823,8184565,36359,5150,12,13,10561566,5032,0,0,0
2026-04-22 21:54:00,23615733,14070,8189442,36393,4911,12,13,10566602,5036,0,0,0
2026-04-22 21:54:01,23630234,14501,8194466,36414,5045,11,13,10571650,5048,0,0,0
2026-04-22 21:54:02,23644533,14299,8199414,36446,4980,12,13,10576702,5052,0,0,0
2026-04-22 21:54:03,23658563,14030,8204274,36475,4889,12,13,10581763,5061,0,0,0
2026-04-22 21:54:04,23672852,14289,8209238,36492,4981,10,13,10586796,5033,0,0,0
2026-04-22 21:54:05,23686804,13952,8214099,36509,4878,12,13,10591849,5053,0,0,0
2026-04-22 21:54:06,23700716,13912,8218931,36533,4856,12,13,10596926,5077,0,0,0
2026-04-22 21:54:08,23715404,14688,8224009,36564,5109,8,13,10607076,10150,0,0,0
2026-04-22 21:54:09,23729846,14442,8229008,36579,5014,11,13,10612131,5055,0,0,0
2026-04-22 21:54:10,23744137,14291,8233963,36603,4979,12,13,10617190,5059,0,0,0
2026-04-22 21:54:11,23758778,14641,8239045,36620,5099,12,13,10622269,5079,0,0,0
2026-04-22 21:54:12,23772542,13764,8243821,36643,4799,11,13,10627355,5086,0,0,0
2026-04-22 21:54:13,23786924,14382,8248809,36669,5014,11,13,10632425,5070,0,0,0
2026-04-22 21:54:14,23801171,14247,8253748,36694,4964,12,13,10637486,5061,0,0,0
2026-04-22 21:54:15,23815433,14262,8258688,36726,4972,11,13,10642561,5075,0,0,0
2026-04-22 21:54:16,23830035,14602,8263739,36751,5076,12,13,10647633,5072,0,0,0
2026-04-22 21:54:18,23843480,13445,8268426,36767,4703,12,13,10657804,10171,0,0,0
2026-04-22 21:54:19,23857452,13972,8273278,36786,4871,12,13,10662866,5062,0,0,0
2026-04-22 21:54:20,23871457,14005,8278127,36806,4869,12,13,10667930,5064,0,0,0
2026-04-22 21:54:21,23885205,13748,8282911,36825,4803,12,13,10672971,5041,0,0,0
2026-04-22 21:54:22,23899785,14580,8287966,36844,5074,12,13,10678013,5042,0,0,0
2026-04-22 21:54:23,23914274,14489,8292977,36872,5039,12,13,10683054,5041,0,0,0
2026-04-22 21:54:24,23928739,14465,8297991,36896,5038,12,13,10688102,5048,0,0,0
2026-04-22 21:54:25,23943019,14280,8302923,36926,4962,11,13,10693154,5052,0,0,0
2026-04-22 21:54:26,23957407,14388,8307918,36946,5015,12,13,10698197,5043,0,0,0
2026-04-22 21:54:27,23971044,13637,8312645,36969,4750,11,13,10703249,5052,0,0,0
2026-04-22 21:54:29,23985478,14434,8317642,36990,5018,12,13,10713338,10089,0,0,0
2026-04-22 21:54:30,23999840,14362,8322610,37015,4993,11,13,10718368,5030,0,0,0
2026-04-22 21:54:31,24014230,14390,8327597,37034,5006,11,13,10723392,5024,0,0,0
2026-04-22 21:54:32,24028352,14122,8332500,37050,4919,12,13,10728435,5043,0,0,0
2026-04-22 21:54:33,24042562,14210,8337437,37071,4958,11,13,10733478,5043,0,0,0
2026-04-22 21:54:34,24056875,14313,8342405,37095,4992,12,13,10738531,5053,0,0,0
2026-04-22 21:54:35,24070847,13972,8347258,37120,4878,12,13,10743602,5071,0,0,0
2026-04-22 21:54:36,24085366,14519,8352310,37139,5071,11,13,10748659,5057,0,0,0
2026-04-22 21:54:37,24099674,14308,8357274,37161,4986,12,13,10753684,5025,0,0,0
2026-04-22 21:54:38,24113884,14210,8362199,37183,4947,12,13,10763697,10013,0,0,0
2026-04-22 21:54:40,24128307,14423,8367204,37203,5025,11,13,10768724,5027,0,0,0
2026-04-22 21:54:41,24142441,14134,8372116,37231,4940,12,13,10773749,5025,0,0,0
2026-04-22 21:54:42,24156916,14475,8377148,37248,5049,11,13,10778773,5024,0,0,0
2026-04-22 21:54:43,24171498,14582,8382199,37266,5069,12,13,10783828,5055,0,0,0
2026-04-22 21:54:44,24185491,13993,8387060,37282,4877,11,13,10788873,5045,0,0,0
2026-04-22 21:54:45,24199674,14183,8392004,37301,4963,11,13,10793929,5056,0,0,0
2026-04-22 21:54:46,24214055,14381,8396975,37327,4997,11,13,10798948,5019,0,0,0
2026-04-22 21:54:47,24228599,14544,8402023,37346,5067,12,13,10803988,5040,0,0,0
2026-04-22 21:54:48,24242592,13993,8406885,37365,4881,11,13,10809029,5041,0,0,0
2026-04-22 21:54:50,24256887,14295,8411833,37381,4964,12,13,10819141,10112,0,0,0
2026-04-22 21:54:51,24271357,14470,8416834,37405,5025,11,13,10824193,5052,0,0,0
2026-04-22 21:54:52,24286105,14748,8421928,37438,5127,10,13,10829242,5049,0,0,0
2026-04-22 21:54:53,24300696,14591,8426997,37463,5094,12,13,10834271,5029,0,0,0
2026-04-22 21:54:54,24315318,14622,8432064,37481,5085,10,13,10839307,5036,0,0,0
2026-04-22 21:54:55,24329614,14296,8437011,37511,4977,12,13,10844322,5015,0,0,0
2026-04-22 21:54:56,24343933,14319,8441981,37541,5000,10,13,10849364,5042,0,0,0
2026-04-22 21:54:57,24358328,14395,8446958,37568,5004,11,13,10854398,5034,0,0,0
2026-04-22 21:54:58,24372526,14198,8451881,37587,4942,12,13,10859391,4993,0,0,0
2026-04-22 21:54:59,24386359,13833,8456676,37611,4819,11,13,10869396,10005,0,0,0
2026-04-22 21:55:01,24400716,14357,8461662,37632,5007,11,13,10874407,5011,0,0,0
2026-04-22 21:55:02,24414902,14186,8466603,37657,4966,11,13,10879417,5010,0,0,0
2026-04-22 21:55:03,24429703,14801,8471736,37674,5150,11,13,10884416,4999,0,0,0
2026-04-22 21:55:04,24444146,14443,8476756,37687,5033,12,13,10889404,4988,0,0,0
2026-04-22 21:55:05,24458264,14118,8481644,37710,4911,12,13,10894367,4963,0,0,0
2026-04-22 21:55:06,24472405,14141,8486549,37729,4924,12,13,10899329,4962,0,0,0
2026-04-22 21:55:07,24486700,14295,8491522,37742,4986,12,13,10904321,4992,0,0,0
2026-04-22 21:55:08,24500908,14208,8496468,37770,4974,12,13,10909327,5006,0,0,0
2026-04-22 21:55:09,24514629,13721,8501241,37784,4787,12,13,10914357,5030,0,0,0
2026-04-22 21:55:11,24529000,14371,8506222,37802,4999,12,13,10924374,10017,0,0,0
2026-04-22 21:55:12,24543277,14277,8511177,37820,4973,12,13,10929417,5043,0,0,0
2026-04-22 21:55:13,24557489,14212,8516112,37840,4955,12,13,10934445,5028,0,0,0
2026-04-22 21:55:14,24571804,14315,8521056,37859,4963,12,13,10939466,5021,0,0,0
2026-04-22 21:55:15,24585661,13857,8525861,37884,4830,12,13,10944488,5022,0,0,0
2026-04-22 21:55:16,24599811,14150,8530780,37906,4941,11,13,10949523,5035,0,0,0
2026-04-22 21:55:17,24613764,13953,8535631,37934,4879,12,13,10954540,5017,0,0,0
2026-04-22 21:55:18,24628222,14458,8540659,37953,5047,12,13,10959565,5025,0,0,0
2026-04-22 21:55:19,24642486,14264,8545602,37980,4970,12,13,10964581,5016,0,0,0
2026-04-22 21:55:20,24655940,13454,8550275,38009,4702,12,13,10969634,5053,0,0,0
2026-04-22 21:55:22,24670302,14362,8555254,38036,5006,12,13,10979665,10031,0,0,0
2026-04-22 21:55:23,24685048,14746,8560372,38051,5133,12,13,10984674,5009,0,0,0
2026-04-22 21:55:24,24699931,14883,8565527,38073,5177,11,13,10989718,5044,0,0,0
2026-04-22 21:55:25,24714523,14592,8570584,38091,5075,12,13,10994734,5016,0,0,0
2026-04-22 21:55:26,24729654,15131,8575815,38115,5255,12,13,10999752,5018,0,0,0
2026-04-22 21:55:27,24743580,13926,8580660,38147,4877,10,13,11004747,4995,0,0,0
2026-04-22 21:55:28,24758130,14550,8585694,38178,5065,11,13,11009758,5011,0,0,0
2026-04-22 21:55:29,24772406,14276,8590661,38193,4982,11,13,11014778,5020,0,0,0
2026-04-22 21:55:30,24786982,14576,8595697,38220,5063,12,13,11019841,5063,0,0,0
2026-04-22 21:55:32,24801351,14369,8600680,38242,5005,11,13,11030004,10163,0,0,0
2026-04-22 21:55:33,24815875,14524,8605720,38271,5069,12,13,11035092,5088,0,0,0
2026-04-22 21:55:34,24830685,14810,8610859,38296,5164,12,13,11040150,5058,0,0,0
2026-04-22 21:55:35,24845563,14878,8616018,38317,5180,11,13,11045227,5077,0,0,0
2026-04-22 21:55:36,24860381,14818,8621171,38335,5171,11,13,11050260,5033,0,0,0
2026-04-22 21:55:37,24874740,14359,8626153,38360,5007,11,13,11055320,5060,0,0,0
2026-04-22 21:55:38,24889169,14429,8631154,38383,5024,12,13,11060375,5055,0,0,0
2026-04-22 21:55:39,24903777,14608,8636226,38399,5088,11,13,11065450,5075,0,0,0
2026-04-22 21:55:40,24918110,14333,8641205,38417,4997,12,13,11070496,5046,0,0,0
2026-04-22 21:55:41,24932226,14116,8646104,38439,4921,12,13,11080437,9941,0,0,0
2026-04-22 21:55:43,24946746,14520,8651137,38460,5054,12,13,11085405,4968,0,0,0
2026-04-22 21:55:44,24961046,14300,8656095,38485,4983,11,13,11090425,5020,0,0,0
2026-04-22 21:55:45,24975348,14302,8661060,38502,4982,12,13,11095490,5065,0,0,0
2026-04-22 21:55:46,24990088,14740,8666166,38527,5131,10,13,11100558,5068,0,0,0
2026-04-22 21:55:47,25004537,14449,8671195,38552,5054,12,13,11105605,5047,0,0,0
2026-04-22 21:55:48,25019196,14659,8676268,38573,5094,11,13,11110606,5001,0,0,0
2026-04-22 21:55:49,25033731,14535,8681320,38593,5072,12,13,11115610,5004,0,0,0
2026-04-22 21:55:50,25048243,14512,8686370,38614,5071,12,13,11120630,5020,0,0,0
2026-04-22 21:55:51,25062308,14065,8691233,38643,4892,12,13,11125658,5028,0,0,0
2026-04-22 21:55:53,25076194,13886,8696023,38667,4814,11,13,11135701,10043,0,0,0
2026-04-22 21:55:54,25090754,14560,8701080,38687,5077,12,13,11140692,4991,0,0,0
2026-04-22 21:55:55,25105097,14343,8706054,38716,5003,10,13,11145672,4980,0,0,0
2026-04-22 21:55:56,25119820,14723,8711154,38746,5130,12,13,11150661,4989,0,0,0
2026-04-22 21:55:57,25134125,14305,8716132,38765,4997,10,13,11155666,5005,0,0,0
2026-04-22 21:55:58,25148576,14451,8721144,38796,5043,12,13,11160663,4997,0,0,0
2026-04-22 21:55:59,25163193,14617,8726220,38819,5099,12,13,11165666,5003,0,0,0
2026-04-22 21:56:00,25177397,14204,8731165,38837,4963,11,13,11170676,5010,0,0,0
2026-04-22 21:56:01,25191973,14576,8736224,38858,5080,12,13,11175671,4995,0,0,0
2026-04-22 21:56:03,25206386,14413,8741213,38878,5009,12,13,11185700,10029,0,0,0
2026-04-22 21:56:04,25220975,14589,8746271,38906,5086,11,13,11190722,5022,0,0,0
2026-04-22 21:56:05,25235193,14218,8751223,38921,4967,12,13,11195743,5021,0,0,0
2026-04-22 21:56:06,25249557,14364,8756207,38944,5007,11,13,11200784,5041,0,0,0
2026-04-22 21:56:07,25264241,14684,8761287,38968,5104,12,13,11205830,5046,0,0,0
2026-04-22 21:56:08,25278591,14350,8766277,38986,5008,11,13,11210875,5045,0,0,0
2026-04-22 21:56:09,25293301,14710,8771372,39008,5117,10,13,11215903,5028,0,0,0
2026-04-22 21:56:10,25308065,14764,8776471,39033,5124,11,13,11220941,5038,0,0,0
2026-04-22 21:56:11,25322374,14309,8781458,39047,5001,12,13,11225970,5029,0,0,0
2026-04-22 21:56:12,25336301,13927,8786279,39073,4847,12,13,11231010,5040,0,0,0
2026-04-22 21:56:14,25350797,14496,8791307,39093,5048,12,13,11241085,10075,0,0,0
2026-04-22 21:56:15,25365193,14396,8796277,39125,5002,11,13,11246116,5031,0,0,0
2026-04-22 21:56:16,25379972,14779,8801392,39150,5140,11,13,11251134,5018,0,0,0
2026-04-22 21:56:17,25394457,14485,8806405,39174,5037,12,13,11256150,5016,0,0,0
2026-04-22 21:56:18,25408800,14343,8811382,39197,5000,11,13,11261152,5002,0,0,0
2026-04-22 21:56:19,25422895,14095,8816272,39215,4908,12,13,11266156,5004,0,0,0
2026-04-22 21:56:20,25437380,14485,8821314,39237,5064,12,13,11271172,5016,0,0,0
2026-04-22 21:56:21,25451698,14318,8826266,39258,4973,12,13,11276191,5019,0,0,0
2026-04-22 21:56:22,25465450,13752,8831044,39282,4802,12,13,11281208,5017,0,0,0
2026-04-22 21:56:24,25479610,14160,8835972,39301,4947,12,13,11291267,10059,0,0,0
2026-04-22 21:56:25,25494206,14596,8841056,39324,5107,10,13,11296294,5027,0,0,0
2026-04-22 21:56:26,25509104,14898,8846224,39345,5189,12,13,11301311,5017,0,0,0
2026-04-22 21:56:27,25523785,14681,8851307,39367,5105,12,13,11306346,5035,0,0,0
2026-04-22 21:56:28,25538256,14471,8856329,39387,5042,10,13,11311386,5040,0,0,0
2026-04-22 21:56:29,25553058,14802,8861454,39409,5147,12,13,11316414,5028,0,0,0
2026-04-22 21:56:30,25567343,14285,8866410,39431,4978,11,13,11321440,5026,0,0,0
2026-04-22 21:56:31,25581922,14579,8871473,39450,5082,11,13,11326455,5015,0,0,0
2026-04-22 21:56:32,25596732,14810,8876627,39465,5169,12,13,11331468,5013,0,0,0
2026-04-22 21:56:33,25610899,14167,8881525,39486,4919,12,13,11336479,5011,0,0,0
2026-04-22 21:56:35,25625389,14490,8886538,39511,5038,12,13,11346525,10046,0,0,0
2026-04-22 21:56:36,25639725,14336,8891529,39530,5010,11,13,11351563,5038,0,0,0
2026-04-22 21:56:37,25654344,14619,8896595,39551,5087,11,13,11356592,5029,0,0,0
2026-04-22 21:56:38,25668761,14417,8901601,39573,5028,10,13,11361632,5040,0,0,0
2026-04-22 21:56:39,25683768,15007,8906785,39592,5203,12,13,11366661,5029,0,0,0
2026-04-22 21:56:40,25698753,14985,8911959,39610,5192,12,13,11371693,5032,0,0,0
2026-04-22 21:56:41,25713469,14716,8917056,39631,5118,12,13,11376696,5003,0,0,0
2026-04-22 21:56:42,25728468,14999,8922240,39657,5210,12,13,11381709,5013,0,0,0
2026-04-22 21:56:43,25743190,14722,8927337,39681,5121,12,13,11386745,5036,0,0,0
2026-04-22 21:56:45,25756845,13655,8932065,39701,4748,12,13,11396876,10131,0,0,0
2026-04-22 21:56:46,25770890,14045,8936947,39718,4899,11,13,11401924,5048,0,0,0
2026-04-22 21:56:47,25785103,14213,8941887,39741,4963,11,13,11406957,5033,0,0,0
2026-04-22 21:56:48,25799758,14655,8946956,39771,5099,12,13,11411989,5032,0,0,0
2026-04-22 21:56:49,25814759,15001,8952135,39797,5205,12,13,11416985,4996,0,0,0
2026-04-22 21:56:50,25829486,14727,8957229,39818,5115,12,13,11421963,4978,0,0,0
2026-04-22 21:56:51,25844025,14539,8962272,39840,5065,12,13,11426954,4991,0,0,0
2026-04-22 21:56:52,25858146,14121,8967176,39866,4930,12,13,11431995,5041,0,0,0
2026-04-22 21:56:53,25872618,14472,8972198,39894,5050,11,13,11437061,5066,0,0,0
2026-04-22 21:56:54,25886597,13979,8977044,39911,4863,12,13,11447192,10131,0,0,0
2026-04-22 21:56:56,25900680,14083,8981930,39937,4912,12,13,11452204,5012,0,0,0
2026-04-22 21:56:57,25915194,14514,8986962,39961,5056,12,13,11457194,4990,0,0,0
2026-04-22 21:56:58,25929604,14410,8991970,39977,5024,11,13,11462179,4985,0,0,0
2026-04-22 21:56:59,25943498,13894,8996802,39991,4846,12,13,11467203,5024,0,0,0
2026-04-22 21:57:00,25958057,14559,9001839,40021,5067,12,13,11472222,5019,0,0,0
2026-04-22 21:57:01,25972697,14640,9006904,40042,5086,11,13,11477217,4995,0,0,0
2026-04-22 21:57:02,25987491,14794,9012039,40063,5156,12,13,11482212,4995,0,0,0
2026-04-22 21:57:03,26002167,14676,9017111,40085,5094,12,13,11487204,4992,0,0,0
2026-04-22 21:57:04,26016789,14622,9022180,40109,5093,12,13,11492216,5012,0,0,0
2026-04-22 21:57:06,26030752,13963,9027022,40127,4860,12,13,11502216,10000,0,0,0
2026-04-22 21:57:07,26045235,14483,9032037,40151,5039,12,13,11507203,4987,0,0,0
2026-04-22 21:57:08,26059629,14394,9037026,40174,5012,12,13,11512192,4989,0,0,0
2026-04-22 21:57:09,26074022,14393,9042035,40197,5032,12,13,11517185,4993,0,0,0
2026-04-22 21:57:10,26088675,14653,9047105,40217,5090,12,13,11522187,5002,0,0,0
2026-04-22 21:57:11,26103427,14752,9052229,40240,5147,12,13,11527190,5003,0,0,0
2026-04-22 21:57:12,26117971,14544,9057277,40261,5069,12,13,11532186,4996,0,0,0
2026-04-22 21:57:13,26132608,14637,9062354,40278,5094,12,13,11537152,4966,0,0,0
2026-04-22 21:57:14,26147714,15106,9067584,40293,5245,10,13,11542128,4976,0,0,0
2026-04-22 21:57:15,26161428,13714,9072333,40313,4769,12,13,11547095,4967,0,0,0
2026-04-22 21:57:17,26175601,14173,9077245,40341,4940,11,13,11557015,9920,0,0,0
2026-04-22 21:57:18,26190464,14863,9082376,40368,5158,11,13,11561980,4965,0,0,0
2026-04-22 21:57:19,26205302,14838,9087498,40396,5150,11,13,11566985,5005,0,0,0
2026-04-22 21:57:20,26219821,14519,9092520,40424,5050,12,13,11572034,5049,0,0,0
2026-04-22 21:57:21,26234555,14734,9097617,40445,5118,12,13,11577051,5017,0,0,0
2026-04-22 21:57:22,26249234,14679,9102706,40463,5107,12,13,11582060,5009,0,0,0
2026-04-22 21:57:23,26263531,14297,9107682,40484,4997,12,13,11587056,4996,0,0,0
2026-04-22 21:57:24,26278007,14476,9112700,40513,5047,11,13,11592095,5039,0,0,0
2026-04-22 21:57:25,26292495,14488,9117728,40531,5046,5,13,11597123,5028,0,0,0
2026-04-22 21:57:27,26307202,14707,9122787,40560,5088,12,13,11607168,10045,0,0,0
2026-04-22 21:57:28,26321884,14682,9127899,40578,5130,12,13,11612194,5026,0,0,0
2026-04-22 21:57:29,26336361,14477,9132927,40596,5046,12,13,11617241,5047,0,0,0
2026-04-22 21:57:30,26351074,14713,9138019,40615,5111,11,13,11622284,5043,0,0,0
2026-04-22 21:57:31,26365553,14479,9143052,40632,5050,12,13,11627320,5036,0,0,0
2026-04-22 21:57:32,26380333,14780,9148166,40659,5141,11,13,11632360,5040,0,0,0
2026-04-22 21:57:33,26394836,14503,9153210,40680,5065,11,13,11637405,5045,0,0,0
2026-04-22 21:57:34,26409372,14536,9158256,40705,5071,12,13,11642419,5014,0,0,0
2026-04-22 21:57:35,26423834,14462,9163275,40728,5042,12,13,11647432,5013,0,0,0
2026-04-22 21:57:37,26437401,13567,9167988,40754,4739,12,13,11657516,10084,0,0,0
2026-04-22 21:57:38,26452104,14703,9173079,40784,5121,12,13,11662566,5050,0,0,0
2026-04-22 21:57:39,26466840,14736,9178187,40804,5128,11,13,11667578,5012,0,0,0
2026-04-22 21:57:40,26481998,15158,9183440,40822,5271,12,13,11672579,5001,0,0,0
2026-04-22 21:57:41,26496600,14602,9188499,40850,5087,12,13,11677579,5000,0,0,0
2026-04-22 21:57:42,26511147,14547,9193531,40871,5053,12,13,11682571,4992,0,0,0
2026-04-22 21:57:43,26525561,14414,9198528,40891,5017,12,13,11687551,4980,0,0,0
2026-04-22 21:57:44,26540634,15073,9203745,40913,5239,11,13,11692542,4991,0,0,0
2026-04-22 21:57:45,26554689,14055,9208622,40943,4907,11,13,11697561,5019,0,0,0
2026-04-22 21:57:46,26568905,14216,9213565,40969,4969,12,13,11702587,5026,0,0,0
2026-04-22 21:57:48,26583369,14464,9218581,40986,5033,11,13,11712606,10019,0,0,0
2026-04-22 21:57:49,26598299,14930,9223739,41012,5184,12,13,11717624,5018,0,0,0
2026-04-22 21:57:50,26613043,14744,9228840,41036,5125,12,13,11722649,5025,0,0,0
2026-04-22 21:57:51,26627841,14798,9233993,41055,5172,11,13,11727676,5027,0,0,0
2026-04-22 21:57:52,26642314,14473,9239026,41078,5056,12,13,11732697,5021,0,0,0
2026-04-22 21:57:53,26657026,14712,9244141,41103,5140,11,13,11737719,5022,0,0,0
2026-04-22 21:57:54,26672166,15140,9249398,41125,5279,12,13,11742721,5002,0,0,0
2026-04-22 21:57:55,26687335,15169,9254655,41151,5283,9,13,11747735,5014,0,0,0
2026-04-22 21:57:56,26702619,15284,9259941,41177,5312,12,13,11752741,5006,0,0,0
2026-04-22 21:57:58,26717478,14859,9265072,41207,5161,11,13,11762862,10121,0,0,0
2026-04-22 21:57:59,26732733,15255,9270370,41223,5314,12,13,11767913,5051,0,0,0
2026-04-22 21:58:00,26747982,15249,9275661,41240,5308,11,13,11772957,5044,0,0,0
2026-04-22 21:58:01,26763079,15097,9280906,41252,5257,10,13,11777979,5022,0,0,0
2026-04-22 21:58:02,26777547,14468,9285923,41270,5035,12,13,11783043,5064,0,0,0
2026-04-22 21:58:03,26792340,14793,9291072,41289,5168,12,13,11788052,5009,0,0,0
2026-04-22 21:58:04,26807553,15213,9296339,41312,5290,12,13,11793048,4996,0,0,0
2026-04-22 21:58:05,26822288,14735,9301445,41342,5136,12,13,11798035,4987,0,0,0
2026-04-22 21:58:06,26837464,15176,9306719,41364,5296,11,13,11803087,5052,0,0,0
2026-04-22 21:58:08,26851754,14290,9311689,41385,4991,11,13,11813175,10088,0,0,0
2026-04-22 21:58:09,26867063,15309,9316980,41403,5309,12,13,11818177,5002,0,0,0
2026-04-22 21:58:10,26882311,15248,9322274,41426,5317,12,13,11823184,5007,0,0,0
2026-04-22 21:58:11,26897424,15113,9327506,41447,5253,11,13,11828224,5040,0,0,0
2026-04-22 21:58:12,26912855,15431,9332839,41473,5359,12,13,11833259,5035,0,0,0
2026-04-22 21:58:13,26927896,15041,9338060,41500,5248,10,13,11838310,5051,0,0,0
2026-04-22 21:58:14,26943364,15468,9343399,41530,5369,11,13,11843432,5122,0,0,0
2026-04-22 21:58:15,26958451,15087,9348648,41551,5270,12,13,11848573,5141,0,0,0
2026-04-22 21:58:16,26973888,15437,9353993,41576,5370,11,13,11853703,5130,0,0,0
2026-04-22 21:58:17,26988948,15060,9359206,41604,5241,12,13,11858803,5100,0,0,0
2026-04-22 21:58:19,27003461,14513,9364236,41625,5051,12,13,11869040,10237,0,0,0
2026-04-22 21:58:20,27018010,14549,9369283,41651,5073,9,13,11874147,5107,0,0,0
2026-04-22 21:58:21,27033104,15094,9374509,41668,5243,12,13,11879257,5110,0,0,0
2026-04-22 21:58:22,27048089,14985,9379703,41686,5212,11,13,11884315,5058,0,0,0
2026-04-22 21:58:23,27062759,14670,9384783,41711,5105,12,13,11889368,5053,0,0,0
2026-04-22 21:58:24,27077720,14961,9389964,41730,5200,11,13,11894399,5031,0,0,0
2026-04-22 21:58:25,27092427,14707,9395068,41755,5129,11,13,11899444,5045,0,0,0
2026-04-22 21:58:26,27106995,14568,9400121,41774,5072,10,13,11904503,5059,0,0,0
2026-04-22 21:58:27,27121885,14890,9405299,41799,5203,12,13,11909563,5060,0,0,0
2026-04-22 21:58:28,27136374,14489,9410328,41822,5052,11,13,11914635,5072,0,0,0
2026-04-22 21:58:30,27151386,15012,9415515,41851,5216,11,13,11924798,10163,0,0,0
2026-04-22 21:58:31,27166530,15144,9420753,41874,5261,12,13,11929860,5062,0,0,0
2026-04-22 21:58:32,27181599,15069,9425978,41892,5243,12,13,11934908,5048,0,0,0
2026-04-22 21:58:33,27196968,15369,9431289,41914,5333,12,13,11939968,5060,0,0,0
2026-04-22 21:58:34,27211530,14562,9436353,41928,5078,12,13,11945051,5083,0,0,0
2026-04-22 21:58:35,27225959,14429,9441364,41946,5029,12,13,11950113,5062,0,0,0
2026-04-22 21:58:36,27240432,14473,9446373,41973,5036,10,13,11955202,5089,0,0,0
2026-04-22 21:58:37,27255237,14805,9451525,41994,5173,12,13,11960253,5051,0,0,0
2026-04-22 21:58:38,27269963,14726,9456633,42025,5139,12,13,11965322,5069,0,0,0
2026-04-22 21:58:40,27284246,14283,9461592,42042,4976,12,13,11975514,10192,0,0,0
2026-04-22 21:58:41,27298887,14641,9466683,42059,5108,11,13,11980620,5106,0,0,0
2026-04-22 21:58:42,27313778,14891,9471831,42081,5170,11,13,11985739,5119,0,0,0
2026-04-22 21:58:43,27328226,14448,9476848,42102,5038,11,13,11990852,5113,0,0,0
2026-04-22 21:58:44,27342841,14615,9481907,42134,5091,12,13,11995971,5119,0,0,0
2026-04-22 21:58:45,27357476,14635,9486997,42160,5116,12,13,12001100,5129,0,0,0
2026-04-22 21:58:46,27372257,14781,9492124,42181,5148,12,13,12006155,5055,0,0,0
2026-04-22 21:58:47,27387228,14971,9497315,42210,5220,12,13,12011203,5048,0,0,0
2026-04-22 21:58:48,27401988,14760,9502429,42233,5137,12,13,12016257,5054,0,0,0
2026-04-22 21:58:49,27416274,14286,9507383,42257,4978,12,13,12021358,5101,0,0,0
2026-04-22 21:58:51,27430859,14585,9512446,42279,5085,12,13,12031581,10223,0,0,0
2026-04-22 21:58:52,27445495,14636,9517523,42302,5100,11,13,12036664,5083,0,0,0
2026-04-22 21:58:53,27460458,14963,9522678,42330,5183,11,13,12041731,5067,0,0,0
2026-04-22 21:58:54,27475316,14858,9527838,42353,5183,11,13,12046814,5083,0,0,0
2026-04-22 21:58:55,27490229,14913,9533029,42374,5212,12,13,12051925,5111,0,0,0
2026-04-22 21:58:56,27505082,14853,9538175,42397,5169,12,13,12057062,5137,0,0,0
2026-04-22 21:58:57,27520028,14946,9543364,42415,5207,12,13,12062172,5110,0,0,0
2026-04-22 21:58:58,27535372,15344,9548674,42438,5333,11,13,12067269,5097,0,0,0
2026-04-22 21:58:59,27549713,14341,9553653,42469,5010,12,13,12072367,5098,0,0,0
2026-04-22 21:59:01,27564195,14482,9558673,42481,5032,12,13,12082528,10161,0,0,0
2026-04-22 21:59:02,27579253,15058,9563887,42503,5236,11,13,12087606,5078,0,0,0
2026-04-22 21:59:03,27594286,15033,9569106,42523,5239,12,13,12092678,5072,0,0,0
2026-04-22 21:59:04,27609083,14797,9574236,42548,5155,12,13,12097772,5094,0,0,0
2026-04-22 21:59:05,27624330,15247,9579508,42572,5296,11,13,12102879,5107,0,0,0
2026-04-22 21:59:06,27639413,15083,9584729,42600,5249,12,13,12107996,5117,0,0,0
2026-04-22 21:59:07,27654102,14689,9589851,42609,5131,12,13,12113112,5116,0,0,0
2026-04-22 21:59:08,27669454,15352,9595175,42634,5349,11,13,12118253,5141,0,0,0
2026-04-22 21:59:09,27684938,15484,9600537,42655,5383,12,13,12123383,5130,0,0,0
2026-04-22 21:59:10,27699913,14975,9605728,42682,5218,8,13,12128501,5118,0,0,0
2026-04-22 21:59:12,27715008,15095,9610957,42702,5249,12,13,12138722,10221,0,0,0
2026-04-22 21:59:13,27729784,14776,9616085,42727,5153,11,13,12143814,5092,0,0,0
2026-04-22 21:59:14,27745080,15296,9621366,42757,5311,12,13,12148891,5077,0,0,0
2026-04-22 21:59:15,27759990,14910,9626539,42790,5206,12,13,12154001,5110,0,0,0
2026-04-22 21:59:16,27775285,15295,9631824,42821,5316,12,13,12159110,5109,0,0,0
2026-04-22 21:59:17,27790686,15401,9637159,42851,5365,11,13,12164220,5110,0,0,0
2026-04-22 21:59:18,27805995,15309,9642455,42873,5318,11,13,12169304,5084,0,0,0
2026-04-22 21:59:19,27821351,15356,9647768,42893,5333,11,13,12174359,5055,0,0,0
2026-04-22 21:59:20,27835737,14386,9652757,42917,5013,11,13,12179430,5071,0,0,0
2026-04-22 21:59:22,27850256,14519,9657800,42938,5064,12,13,12189669,10239,0,0,0
2026-04-22 21:59:23,27865293,15037,9663003,42969,5234,11,13,12194791,5122,0,0,0
2026-04-22 21:59:24,27879753,14460,9668025,42989,5042,12,13,12199884,5093,0,0,0
2026-04-22 21:59:25,27894289,14536,9673077,43012,5075,11,13,12204994,5110,0,0,0
2026-04-22 21:59:26,27908904,14615,9678142,43034,5087,12,13,12210087,5093,0,0,0
2026-04-22 21:59:27,27923726,14822,9683282,43054,5160,11,13,12215202,5115,0,0,0
2026-04-22 21:59:28,27938805,15079,9688507,43078,5249,12,13,12220319,5117,0,0,0
2026-04-22 21:59:29,27953975,15170,9693768,43103,5286,12,13,12225419,5100,0,0,0
2026-04-22 21:59:30,27968829,14854,9698924,43120,5173,12,13,12230514,5095,0,0,0
2026-04-22 21:59:32,27982820,13991,9703801,43146,4903,12,13,12235591,5077,0,0,0
2026-04-22 21:59:33,27997629,14809,9708926,43173,5152,12,13,12245773,10182,0,0,0
2026-04-22 21:59:34,28012658,15029,9714127,43201,5229,11,13,12250868,5095,0,0,0
2026-04-22 21:59:35,28027634,14976,9719308,43232,5212,12,13,12255942,5074,0,0,0
2026-04-22 21:59:36,28043042,15408,9724630,43257,5347,12,13,12261058,5116,0,0,0
2026-04-22 21:59:37,28058326,15284,9729927,43285,5325,11,13,12266174,5116,0,0,0
2026-04-22 21:59:38,28073513,15187,9735205,43304,5297,11,13,12271326,5152,0,0,0
2026-04-22 21:59:39,28087709,14196,9740136,43331,4958,12,13,12276435,5109,0,0,0
2026-04-22 21:59:40,28102687,14978,9745309,43354,5196,11,13,12281542,5107,0,0,0
2026-04-22 21:59:41,28117355,14668,9750406,43370,5113,12,13,12286621,5079,0,0,0
2026-04-22 21:59:43,28132146,14791,9755553,43383,5160,12,13,12296768,10147,0,0,0
2026-04-22 21:59:44,28147294,15148,9760807,43409,5280,11,13,12301851,5083,0,0,0
2026-04-22 21:59:45,28162167,14873,9765983,43430,5197,11,13,12306929,5078,0,0,0
2026-04-22 21:59:46,28177528,15361,9771291,43452,5330,11,13,12312031,5102,0,0,0
2026-04-22 21:59:47,28192400,14872,9776463,43473,5193,12,13,12317131,5100,0,0,0
2026-04-22 21:59:48,28207764,15364,9781781,43491,5336,12,13,12322246,5115,0,0,0
2026-04-22 21:59:49,28222715,14951,9786959,43518,5205,12,13,12327370,5124,0,0,0
2026-04-22 21:59:50,28238152,15437,9792295,43540,5358,12,13,12332467,5097,0,0,0
2026-04-22 21:59:51,28252931,14779,9797434,43563,5162,12,13,12337536,5069,0,0,0
2026-04-22 21:59:53,28267657,14726,9802543,43585,5131,11,13,12347647,10111,0,0,0
2026-04-22 21:59:54,28282784,15127,9807786,43609,5267,11,13,12352704,5057,0,0,0
2026-04-22 21:59:55,28297836,15052,9812995,43633,5233,12,13,12357756,5052,0,0,0
2026-04-22 21:59:56,28313134,15298,9818294,43652,5318,11,13,12362866,5110,0,0,0
2026-04-22 21:59:57,28327820,14686,9823397,43677,5128,12,13,12367953,5087,0,0,0
2026-04-22 21:59:58,28342564,14744,9828505,43699,5130,12,13,12373045,5092,0,0,0
2026-04-22 21:59:59,28356849,14285,9833471,43725,4992,11,13,12378093,5048,0,0,0
2026-04-22 22:00:00,28371323,14474,9838490,43737,5031,11,13,12383148,5055,0,0,0
2026-04-22 22:00:01,28386436,15113,9843720,43756,5249,12,13,12388221,5073,0,0,0
2026-04-22 22:00:02,28400860,14424,9848733,43778,5035,12,13,12393326,5105,0,0,0
2026-04-22 22:00:04,28415489,14629,9853801,43799,5089,12,13,12403541,10215,0,0,0
2026-04-22 22:00:05,28430171,14682,9858902,43821,5123,11,13,12408624,5083,0,0,0
2026-04-22 22:00:06,28444715,14544,9863952,43844,5073,12,13,12413735,5111,0,0,0
2026-04-22 22:00:07,28459228,14513,9869007,43863,5074,10,13,12418848,5113,0,0,0
2026-04-22 22:00:08,28473429,14201,9873948,43885,4963,12,13,12423968,5120,0,0,0
2026-04-22 22:00:09,28488202,14773,9879086,43907,5160,12,13,12429105,5137,0,0,0
2026-04-22 22:00:10,28503172,14970,9884291,43928,5226,12,13,12434213,5108,0,0,0
2026-04-22 22:00:11,28517923,14751,9889434,43943,5158,11,13,12439310,5097,0,0,0
2026-04-22 22:00:12,28532823,14900,9894606,43965,5194,12,13,12444413,5103,0,0,0
2026-04-22 22:00:14,28547229,14406,9899608,43986,5023,12,13,12454631,10218,0,0,0
2026-04-22 22:00:15,28561655,14426,9904630,44004,5040,10,13,12459746,5115,0,0,0
2026-04-22 22:00:16,28576289,14634,9909700,44035,5101,12,13,12464834,5088,0,0,0
2026-04-22 22:00:17,28591260,14971,9914882,44062,5209,12,13,12469927,5093,0,0,0
2026-04-22 22:00:18,28606334,15074,9920095,44083,5234,12,13,12475019,5092,0,0,0
2026-04-22 22:00:19,28621132,14798,9925236,44103,5161,12,13,12480128,5109,0,0,0
2026-04-22 22:00:20,28635817,14685,9930357,44122,5140,12,13,12485249,5121,0,0,0
2026-04-22 22:00:21,28650546,14729,9935474,44147,5142,11,13,12490354,5105,0,0,0
2026-04-22 22:00:22,28665352,14806,9940596,44170,5145,11,13,12495497,5143,0,0,0
2026-04-22 22:00:23,28679858,14506,9945634,44194,5062,12,13,12500642,5145,0,0,0
2026-04-22 22:00:25,28694497,14639,9950690,44224,5086,12,13,12510879,10237,0,0,0
2026-04-22 22:00:26,28709134,14637,9955780,44239,5105,11,13,12515980,5101,0,0,0
2026-04-22 22:00:27,28723925,14791,9960913,44261,5155,11,13,12521101,5121,0,0,0
2026-04-22 22:00:28,28739176,15251,9966200,44284,5310,12,13,12526233,5132,0,0,0
2026-04-22 22:00:29,28753716,14540,9971249,44302,5067,12,13,12531379,5146,0,0,0
2026-04-22 22:00:30,28768592,14876,9976412,44326,5187,12,13,12536507,5128,0,0,0
2026-04-22 22:00:31,28783694,15102,9981653,44350,5265,12,13,12541623,5116,0,0,0
2026-04-22 22:00:32,28798333,14639,9986728,44376,5101,12,13,12546731,5108,0,0,0
2026-04-22 22:00:33,28812980,14647,9991810,44407,5113,12,13,12551828,5097,0,0,0
2026-04-22 22:00:35,28827275,14295,9996776,44429,4988,11,13,12562036,10208,0,0,0
2026-04-22 22:00:36,28842302,15027,10001976,44450,5221,12,13,12567104,5068,0,0,0
2026-04-22 22:00:37,28857345,15043,10007187,44463,5224,12,13,12572178,5074,0,0,0
2026-04-22 22:00:38,28872049,14704,10012300,44484,5134,11,13,12577299,5121,0,0,0
2026-04-22 22:00:39,28886671,14622,10017372,44506,5094,12,13,12582427,5128,0,0,0
2026-04-22 22:00:40,28901318,14647,10022461,44523,5106,12,13,12587524,5097,0,0,0
2026-04-22 22:00:41,28916681,15363,10027769,44545,5330,12,13,12592609,5085,0,0,0
2026-04-22 22:00:42,28931733,15052,10032976,44583,5245,12,13,12597700,5091,0,0,0
2026-04-22 22:00:43,28946474,14741,10038092,44609,5142,12,13,12602832,5132,0,0,0
2026-04-22 22:00:44,28960570,14096,10042996,44634,4929,11,13,12607953,5121,0,0,0
2026-04-22 22:00:46,28975026,14456,10048003,44662,5035,12,13,12618185,10232,0,0,0
2026-04-22 22:00:47,28990237,15211,10053255,44687,5277,12,13,12623250,5065,0,0,0
2026-04-22 22:00:48,29005477,15240,10058544,44707,5309,10,13,12628307,5057,0,0,0
2026-04-22 22:00:49,29020546,15069,10063757,44733,5239,12,13,12633323,5016,0,0,0
2026-04-22 22:00:50,29035751,15205,10069007,44758,5275,12,13,12638386,5063,0,0,0
2026-04-22 22:00:51,29050859,15108,10074246,44778,5259,11,13,12643419,5033,0,0,0
2026-04-22 22:00:52,29066012,15153,10079495,44793,5264,10,13,12648477,5058,0,0,0
2026-04-22 22:00:53,29081032,15020,10084702,44817,5231,12,13,12653544,5067,0,0,0
2026-04-22 22:00:54,29095828,14796,10089833,44831,5145,12,13,12658600,5056,0,0,0
2026-04-22 22:00:56,29110368,14540,10094892,44856,5084,11,13,12668709,10109,0,0,0
2026-04-22 22:00:57,29125540,15172,10100145,44881,5278,12,13,12673777,5068,0,0,0
2026-04-22 22:00:58,29140179,14639,10105247,44898,5119,12,13,12678875,5098,0,0,0
2026-04-22 22:00:59,29155502,15323,10110540,44920,5315,12,13,12683999,5124,0,0,0
2026-04-22 22:01:00,29170551,15049,10115759,44939,5238,12,13,12689114,5115,0,0,0
2026-04-22 22:01:01,29184949,14398,10120768,44960,5030,12,13,12694217,5103,0,0,0
2026-04-22 22:01:02,29200395,15446,10126114,44980,5366,12,13,12699315,5098,0,0,0
2026-04-22 22:01:03,29216111,15716,10131555,44996,5457,11,13,12704429,5114,0,0,0
2026-04-22 22:01:04,29231310,15199,10136811,45024,5284,11,13,12709536,5107,0,0,0
2026-04-22 22:01:05,29245963,14653,10141887,45046,5098,12,13,12714701,5165,0,0,0
2026-04-22 22:01:07,29260013,14050,10146757,45066,4890,11,13,12724990,10289,0,0,0
2026-04-22 22:01:08,29274762,14749,10151866,45088,5131,12,13,12730059,5069,0,0,0
2026-04-22 22:01:09,29290128,15366,10157179,45110,5335,11,13,12735072,5013,0,0,0
2026-04-22 22:01:10,29304811,14683,10162283,45129,5123,11,13,12740124,5052,0,0,0
2026-04-22 22:01:11,29319597,14786,10167420,45142,5150,11,13,12745213,5089,0,0,0
2026-04-22 22:01:12,29334184,14587,10172462,45175,5075,12,13,12750348,5135,0,0,0
2026-04-22 22:01:13,29349345,15161,10177714,45196,5273,11,13,12755471,5123,0,0,0
2026-04-22 22:01:14,29364729,15384,10183036,45216,5342,11,13,12760616,5145,0,0,0
2026-04-22 22:01:15,29379945,15216,10188312,45236,5296,12,13,12765749,5133,0,0,0
2026-04-22 22:01:17,29394528,14583,10193383,45260,5095,11,13,12776036,10287,0,0,0
2026-04-22 22:01:18,29409572,15044,10198602,45279,5238,11,13,12781165,5129,0,0,0
2026-04-22 22:01:19,29424731,15159,10203863,45299,5281,12,13,12786257,5092,0,0,0
2026-04-22 22:01:20,29439856,15125,10209095,45323,5256,10,13,12791324,5067,0,0,0
2026-04-22 22:01:21,29454972,15116,10214355,45340,5277,11,13,12796409,5085,0,0,0
2026-04-22 22:01:22,29469392,14420,10219373,45358,5036,12,13,12801497,5088,0,0,0
2026-04-22 22:01:23,29484031,14639,10224445,45387,5101,12,13,12806585,5088,0,0,0
2026-04-22 22:01:24,29498938,14907,10229610,45407,5185,12,13,12811685,5100,0,0,0
2026-04-22 22:01:25,29513402,14464,10234637,45428,5048,12,13,12816798,5113,0,0,0
2026-04-22 22:01:26,29527773,14371,10239616,45456,5007,12,13,12821927,5129,0,0,0
2026-04-22 22:01:28,29542462,14689,10244690,45482,5100,11,13,12832139,10212,0,0,0
2026-04-22 22:01:29,29557082,14620,10249763,45496,5087,12,13,12837265,5126,0,0,0
2026-04-22 22:01:30,29572007,14925,10254944,45517,5202,12,13,12842392,5127,0,0,0
2026-04-22 22:01:31,29587003,14996,10260155,45540,5234,12,13,12847523,5131,0,0,0
2026-04-22 22:01:32,29602151,15148,10265402,45557,5264,11,13,12852647,5124,0,0,0
2026-04-22 22:01:33,29616913,14762,10270525,45578,5144,12,13,12857778,5131,0,0,0
2026-04-22 22:01:34,29632041,15128,10275758,45601,5256,12,13,12862938,5160,0,0,0
2026-04-22 22:01:35,29647083,15042,10280978,45620,5239,12,13,12868117,5179,0,0,0
2026-04-22 22:01:36,29661971,14888,10286152,45641,5195,11,13,12873277,5160,0,0,0
2026-04-22 22:01:37,29676287,14316,10291136,45661,5004,12,13,12878405,5128,0,0,0
2026-04-22 22:01:39,29691179,14892,10296270,45687,5160,12,13,12888604,10199,0,0,0
2026-04-22 22:01:40,29705463,14284,10301244,45707,4994,12,13,12893704,5100,0,0,0
2026-04-22 22:01:41,29720176,14713,10306343,45729,5121,12,13,12898801,5097,0,0,0
2026-04-22 22:01:42,29734733,14557,10311405,45749,5082,11,13,12903920,5119,0,0,0
2026-04-22 22:01:43,29749941,15208,10316664,45770,5280,11,13,12909031,5111,0,0,0
2026-04-22 22:01:44,29764562,14621,10321724,45795,5085,12,13,12914146,5115,0,0,0
2026-04-22 22:01:45,29778802,14240,10326682,45819,4982,12,13,12919231,5085,0,0,0
2026-04-22 22:01:46,29793585,14783,10331804,45844,5147,11,13,12924292,5061,0,0,0
2026-04-22 22:01:47,29808002,14417,10336801,45871,5024,12,13,12929361,5069,0,0,0
2026-04-22 22:01:49,29822822,14820,10341930,45894,5152,11,13,12939584,10223,0,0,0
2026-04-22 22:01:50,29837821,14999,10347143,45920,5239,12,13,12944700,5116,0,0,0
2026-04-22 22:01:51,29852877,15056,10352364,45943,5244,12,13,12949832,5132,0,0,0
2026-04-22 22:01:52,29867938,15061,10357573,45971,5237,11,13,12954938,5106,0,0,0
2026-04-22 22:01:53,29882575,14637,10362675,45990,5121,12,13,12960021,5083,0,0,0
2026-04-22 22:01:54,29897138,14563,10367744,46007,5086,12,13,12965085,5064,0,0,0
2026-04-22 22:01:55,29911790,14652,10372841,46022,5112,12,13,12970148,5063,0,0,0
2026-04-22 22:01:56,29926730,14940,10378015,46047,5199,12,13,12975231,5083,0,0,0
2026-04-22 22:01:57,29941707,14977,10383226,46072,5236,12,13,12980328,5097,0,0,0
2026-04-22 22:01:58,29956422,14715,10388346,46095,5143,12,13,12985429,5101,0,0,0
2026-04-22 22:02:00,29971671,15249,10393615,46115,5289,12,13,12995648,10219,0,0,0
2026-04-22 22:02:01,29986690,15019,10398832,46135,5237,11,13,13000774,5126,0,0,0
2026-04-22 22:02:02,30001171,14481,10403850,46162,5045,11,13,13005887,5113,0,0,0
2026-04-22 22:02:03,30015974,14803,10408986,46189,5163,11,13,13011004,5117,0,0,0
2026-04-22 22:02:04,30030741,14767,10414128,46209,5162,11,13,13016112,5108,0,0,0
2026-04-22 22:02:05,30045475,14734,10419254,46222,5139,12,13,13021212,5100,0,0,0
2026-04-22 22:02:06,30060342,14867,10424425,46241,5190,12,13,13026314,5102,0,0,0
2026-04-22 22:02:07,30075312,14970,10429628,46260,5222,12,13,13031411,5097,0,0,0
2026-04-22 22:02:08,30090123,14811,10434765,46290,5167,12,13,13036551,5140,0,0,0
2026-04-22 22:02:10,30104347,14224,10439704,46307,4956,12,13,13046873,10322,0,0,0
2026-04-22 22:02:11,30119590,15243,10444969,46339,5297,11,13,13052032,5159,0,0,0
2026-04-22 22:02:12,30134361,14771,10450079,46362,5133,12,13,13057151,5119,0,0,0
2026-04-22 22:02:13,30149641,15280,10455370,46384,5313,12,13,13062266,5115,0,0,0
2026-04-22 22:02:14,30164394,14753,10460487,46400,5133,11,13,13067401,5135,0,0,0
2026-04-22 22:02:15,30179115,14721,10465578,46429,5120,10,13,13072554,5153,0,0,0
2026-04-22 22:02:16,30193835,14720,10470693,46445,5131,12,13,13077687,5133,0,0,0
2026-04-22 22:02:17,30209059,15224,10475963,46471,5296,10,13,13082796,5109,0,0,0
2026-04-22 22:02:18,30223720,14661,10481062,46487,5115,12,13,13087901,5105,0,0,0
2026-04-22 22:02:20,30236956,13236,10485672,46502,4625,12,13,13093025,5124,0,0,0
2026-04-22 22:02:21,30251505,14549,10490692,46539,5057,12,13,13103273,10248,0,0,0
2026-04-22 22:02:22,30266303,14798,10495817,46563,5149,12,13,13108373,5100,0,0,0
2026-04-22 22:02:23,30281523,15220,10501080,46579,5279,11,13,13113465,5092,0,0,0
2026-04-22 22:02:24,30296012,14489,10506105,46601,5047,11,13,13118573,5108,0,0,0
2026-04-22 22:02:25,30310781,14769,10511231,46619,5144,12,13,13123690,5117,0,0,0
2026-04-22 22:02:26,30325445,14664,10516327,46642,5119,11,13,13128826,5136,0,0,0
2026-04-22 22:02:27,30339859,14414,10521327,46671,5029,11,13,13133970,5144,0,0,0
2026-04-22 22:02:28,30354877,15018,10526536,46693,5231,11,13,13139121,5151,0,0,0
2026-04-22 22:02:29,30369409,14532,10531584,46712,5067,12,13,13144284,5163,0,0,0
2026-04-22 22:02:31,30383495,14086,10536480,46732,4916,12,13,13154621,10337,0,0,0
2026-04-22 22:02:32,30398580,15085,10541702,46757,5247,12,13,13159771,5150,0,0,0
2026-04-22 22:02:33,30413438,14858,10546859,46785,5185,11,13,13164918,5147,0,0,0
2026-04-22 22:02:34,30428606,15168,10552112,46811,5279,12,13,13170052,5134,0,0,0
2026-04-22 22:02:35,30443634,15028,10557314,46842,5233,11,13,13175166,5114,0,0,0
2026-04-22 22:02:36,30459063,15429,10562635,46876,5355,11,13,13180292,5126,0,0,0
2026-04-22 22:02:37,30474295,15232,10567902,46903,5294,11,13,13185420,5128,0,0,0
2026-04-22 22:02:38,30488734,14439,10572930,46921,5046,11,13,13190587,5167,0,0,0
2026-04-22 22:02:39,30503365,14631,10578001,46950,5100,12,13,13195792,5205,0,0,0
2026-04-22 22:02:41,30517721,14356,10582986,46973,5008,12,13,13206164,10372,0,0,0
2026-04-22 22:02:42,30532773,15052,10588223,46993,5257,11,13,13211317,5153,0,0,0
2026-04-22 22:02:43,30547348,14575,10593297,47013,5094,12,13,13216462,5145,0,0,0
2026-04-22 22:02:44,30561746,14398,10598294,47031,5015,11,13,13221591,5129,0,0,0
2026-04-22 22:02:45,30576591,14845,10603428,47049,5152,12,13,13226734,5143,0,0,0
2026-04-22 22:02:46,30591232,14641,10608532,47062,5117,11,13,13231862,5128,0,0,0
2026-04-22 22:02:47,30605785,14553,10613614,47077,5097,10,13,13236969,5107,0,0,0
2026-04-22 22:02:48,30620567,14782,10618721,47095,5125,12,13,13242071,5102,0,0,0
2026-04-22 22:02:49,30634650,14083,10623628,47119,4931,12,13,13247174,5103,0,0,0
2026-04-22 22:02:50,30649105,14455,10628645,47143,5041,12,13,13252280,5106,0,0,0
2026-04-22 22:02:52,30663292,14187,10633552,47168,4932,12,13,13262540,10260,0,0,0
2026-04-22 22:02:53,30677481,14189,10638487,47182,4949,12,13,13267673,5133,0,0,0
2026-04-22 22:02:54,30691721,14240,10643432,47209,4972,12,13,13272829,5156,0,0,0
2026-04-22 22:02:55,30706172,14451,10648456,47228,5043,12,13,13277983,5154,0,0,0
2026-04-22 22:02:56,30720966,14794,10653583,47258,5157,12,13,13283154,5171,0,0,0
2026-04-22 22:02:57,30735601,14635,10658647,47292,5098,12,13,13288309,5155,0,0,0
2026-04-22 22:02:58,30750361,14760,10663771,47321,5153,11,13,13293461,5152,0,0,0
2026-04-22 22:02:59,30765736,15375,10669070,47348,5326,11,13,13298626,5165,0,0,0
2026-04-22 22:03:00,30780068,14332,10674061,47365,5008,12,13,13303791,5165,0,0,0
2026-04-22 22:03:01,30794410,14342,10679026,47384,4984,12,13,13308962,5171,0,0,0
2026-04-22 22:03:03,30809204,14794,10684148,47408,5146,11,13,13319271,10309,0,0,0
2026-04-22 22:03:04,30824534,15330,10689438,47437,5319,11,13,13324412,5141,0,0,0
2026-04-22 22:03:05,30839144,14610,10694528,47455,5108,12,13,13329522,5110,0,0,0
2026-04-22 22:03:06,30854152,15008,10699731,47480,5228,11,13,13334637,5115,0,0,0
2026-04-22 22:03:07,30869280,15128,10704977,47505,5271,12,13,13339725,5088,0,0,0
2026-04-22 22:03:08,30884226,14946,10710147,47538,5203,12,13,13344856,5131,0,0,0
2026-04-22 22:03:09,30899205,14979,10715346,47551,5212,11,13,13349974,5118,0,0,0
2026-04-22 22:03:10,30913805,14600,10720440,47569,5112,12,13,13355084,5110,0,0,0
2026-04-22 22:03:11,30928865,15060,10725650,47590,5231,12,13,13360201,5117,0,0,0
2026-04-22 22:03:13,30943384,14519,10730673,47615,5048,12,13,13370494,10293,0,0,0
2026-04-22 22:03:14,30958251,14867,10735825,47644,5181,12,13,13375640,5146,0,0,0
2026-04-22 22:03:15,30973300,15049,10741037,47669,5237,12,13,13380813,5173,0,0,0
2026-04-22 22:03:16,30988769,15469,10746380,47705,5379,11,13,13385973,5160,0,0,0
2026-04-22 22:03:17,31004114,15345,10751697,47724,5336,12,13,13391135,5162,0,0,0
2026-04-22 22:03:18,31019373,15259,10756983,47747,5309,11,13,13396272,5137,0,0,0
2026-04-22 22:03:19,31034210,14837,10762129,47769,5168,12,13,13401417,5145,0,0,0
2026-04-22 22:03:20,31048741,14531,10767176,47791,5069,11,13,13406605,5188,0,0,0
2026-04-22 22:03:21,31064118,15377,10772493,47820,5346,10,13,13411786,5181,0,0,0
2026-04-22 22:03:22,31078510,14392,10777476,47842,5005,12,13,13416949,5163,0,0,0
2026-04-22 22:03:24,31093081,14571,10782489,47872,5043,12,13,13427272,10323,0,0,0
2026-04-22 22:03:25,31107503,14422,10787500,47899,5038,12,13,13432420,5148,0,0,0
2026-04-22 22:03:26,31122113,14610,10792553,47924,5078,12,13,13437539,5119,0,0,0
2026-04-22 22:03:27,31136832,14719,10797634,47957,5114,11,13,13442696,5157,0,0,0
2026-04-22 22:03:28,31151299,14467,10802650,47982,5041,12,13,13447868,5172,0,0,0
2026-04-22 22:03:29,31165946,14647,10807731,48008,5107,12,13,13453034,5166,0,0,0
2026-04-22 22:03:30,31180770,14824,10812871,48038,5170,12,13,13458139,5105,0,0,0
2026-04-22 22:03:31,31195230,14460,10817894,48057,5042,12,13,13463252,5113,0,0,0
2026-04-22 22:03:32,31210160,14930,10823055,48082,5186,11,13,13468357,5105,0,0,0
2026-04-22 22:03:34,31224338,14178,10827975,48103,4941,12,13,13473453,5096,0,0,0
2026-04-22 22:03:35,31239198,14860,10833119,48121,5162,12,13,13483677,10224,0,0,0
2026-04-22 22:03:36,31254032,14834,10838251,48144,5155,12,13,13488835,5158,0,0,0
2026-04-22 22:03:37,31268790,14758,10843375,48173,5153,11,13,13493975,5140,0,0,0
2026-04-22 22:03:38,31283379,14589,10848436,48193,5081,11,13,13499071,5096,0,0,0
2026-04-22 22:03:39,31298199,14820,10853576,48224,5171,12,13,13504166,5095,0,0,0
2026-04-22 22:03:40,31312894,14695,10858686,48249,5135,12,13,13509298,5132,0,0,0
2026-04-22 22:03:41,31328109,15215,10863957,48278,5300,11,13,13514455,5157,0,0,0
2026-04-22 22:03:42,31343153,15044,10869172,48294,5231,11,13,13519614,5159,0,0,0
2026-04-22 22:03:43,31358188,15035,10874379,48313,5226,12,13,13524790,5176,0,0,0
2026-04-22 22:03:45,31372760,14572,10879436,48335,5079,11,13,13535147,10357,0,0,0
2026-04-22 22:03:46,31387592,14832,10884578,48358,5165,11,13,13540273,5126,0,0,0
2026-04-22 22:03:47,31402706,15114,10889820,48379,5263,12,13,13545378,5105,0,0,0
2026-04-22 22:03:48,31417760,15054,10895041,48405,5247,11,13,13550497,5119,0,0,0
2026-04-22 22:03:49,31432678,14918,10900218,48429,5201,11,13,13555626,5129,0,0,0
2026-04-22 22:03:50,31447290,14612,10905295,48456,5104,11,13,13560782,5156,0,0,0
2026-04-22 22:03:51,31462356,15066,10910531,48473,5253,12,13,13565925,5143,0,0,0
2026-04-22 22:03:52,31477494,15138,10915797,48488,5281,12,13,13571087,5162,0,0,0
2026-04-22 22:03:53,31492669,15175,10921071,48504,5290,12,13,13576262,5175,0,0,0
2026-04-22 22:03:54,31506982,14313,10926029,48523,4977,12,13,13581437,5175,0,0,0
2026-04-22 22:03:56,31521023,14041,10930895,48542,4885,11,13,13591704,10267,0,0,0
2026-04-22 22:03:57,31535325,14302,10935869,48563,4995,11,13,13596784,5080,0,0,0
2026-04-22 22:03:58,31550275,14950,10941045,48589,5202,12,13,13601904,5120,0,0,0
2026-04-22 22:03:59,31565302,15027,10946245,48611,5222,12,13,13607038,5134,0,0,0
2026-04-22 22:04:00,31579765,14463,10951280,48639,5063,12,13,13612188,5150,0,0,0
2026-04-22 22:04:01,31594338,14573,10956333,48664,5078,11,13,13617338,5150,0,0,0
2026-04-22 22:04:02,31609170,14832,10961487,48688,5178,12,13,13622478,5140,0,0,0
2026-04-22 22:04:03,31624023,14853,10966660,48707,5192,12,13,13627622,5144,0,0,0
2026-04-22 22:04:04,31638761,14738,10971775,48727,5135,12,13,13632752,5130,0,0,0
2026-04-22 22:04:06,31653074,14313,10976750,48744,4992,10,13,13637890,5138,0,0,0
2026-04-22 22:04:07,31668174,15100,10981989,48774,5269,11,13,13648137,10247,0,0,0
2026-04-22 22:04:08,31683088,14914,10987163,48797,5197,12,13,13653283,5146,0,0,0
2026-04-22 22:04:09,31698039,14951,10992367,48817,5224,12,13,13658411,5128,0,0,0
2026-04-22 22:04:10,31713331,15292,10997651,48836,5303,11,13,13663546,5135,0,0,0
2026-04-22 22:04:11,31728441,15110,11002888,48853,5254,12,13,13668682,5136,0,0,0
2026-04-22 22:04:12,31743589,15148,11008123,48876,5258,12,13,13673806,5124,0,0,0
2026-04-22 22:04:13,31758627,15038,11013332,48899,5232,12,13,13678931,5125,0,0,0
2026-04-22 22:04:14,31773827,15200,11018601,48922,5292,12,13,13684073,5142,0,0,0
2026-04-22 22:04:15,31788246,14419,11023616,48946,5039,12,13,13689221,5148,0,0,0
2026-04-22 22:04:17,31802440,14194,11028552,48961,4951,12,13,13699530,10309,0,0,0
2026-04-22 22:04:18,31817449,15009,11033753,48978,5218,12,13,13704657,5127,0,0,0
2026-04-22 22:04:19,31832524,15075,11038985,48999,5253,12,13,13709773,5116,0,0,0
2026-04-22 22:04:20,31847093,14569,11044047,49012,5075,12,13,13714941,5168,0,0,0
2026-04-22 22:04:21,31861893,14800,11049173,49038,5152,12,13,13720113,5172,0,0,0
2026-04-22 22:04:22,31877153,15260,11054462,49059,5310,12,13,13725298,5185,0,0,0
2026-04-22 22:04:23,31891677,14524,11059525,49082,5086,11,13,13730462,5164,0,0,0
2026-04-22 22:04:24,31906635,14958,11064715,49101,5209,11,13,13735598,5136,0,0,0
2026-04-22 22:04:25,31921484,14849,11069867,49127,5178,11,13,13740703,5105,0,0,0
2026-04-22 22:04:26,31935309,13825,11074689,49153,4848,12,13,13745804,5101,0,0,0
2026-04-22 22:04:28,31950168,14859,11079823,49177,5158,12,13,13756069,10265,0,0,0
2026-04-22 22:04:29,31964652,14484,11084848,49199,5047,12,13,13761188,5119,0,0,0
2026-04-22 22:04:30,31978904,14252,11089804,49221,4978,12,13,13766324,5136,0,0,0
2026-04-22 22:04:31,31993546,14642,11094891,49244,5110,11,13,13771460,5136,0,0,0
2026-04-22 22:04:32,32008378,14832,11100047,49263,5175,12,13,13776611,5151,0,0,0
2026-04-22 22:04:33,32023199,14821,11105185,49280,5155,10,13,13781727,5116,0,0,0
2026-04-22 22:04:34,32037796,14597,11110267,49297,5099,11,13,13786819,5092,0,0,0
2026-04-22 22:04:35,32052543,14747,11115378,49321,5135,12,13,13791941,5122,0,0,0
2026-04-22 22:04:36,32067346,14803,11120507,49344,5152,11,13,13797078,5137,0,0,0
2026-04-22 22:04:38,32081727,14381,11125484,49371,5004,12,13,13802240,5162,0,0,0
2026-04-22 22:04:39,32096297,14570,11130528,49399,5072,11,13,13812537,10297,0,0,0
2026-04-22 22:04:40,32111254,14957,11135716,49422,5211,12,13,13817653,5116,0,0,0
2026-04-22 22:04:41,32125927,14673,11140825,49447,5134,12,13,13822746,5093,0,0,0
2026-04-22 22:04:42,32140924,14997,11146027,49466,5221,12,13,13827869,5123,0,0,0
2026-04-22 22:04:43,32155942,15018,11151229,49486,5222,11,13,13833001,5132,0,0,0
2026-04-22 22:04:44,32170764,14822,11156379,49503,5167,11,13,13838208,5207,0,0,0
2026-04-22 22:04:45,32185878,15114,11161609,49528,5255,11,13,13843416,5208,0,0,0
2026-04-22 22:04:46,32200446,14568,11166674,49553,5090,12,13,13848605,5189,0,0,0
2026-04-22 22:04:47,32215302,14856,11171830,49575,5178,12,13,13853771,5166,0,0,0
2026-04-22 22:04:49,32229689,14387,11176808,49602,5005,11,13,13864073,10302,0,0,0
2026-04-22 22:04:50,32244225,14536,11181853,49618,5061,12,13,13869223,5150,0,0,0
2026-04-22 22:04:51,32259401,15176,11187107,49640,5276,12,13,13874384,5161,0,0,0
2026-04-22 22:04:52,32274160,14759,11192226,49657,5136,11,13,13879492,5108,0,0,0
2026-04-22 22:04:53,32289247,15087,11197444,49689,5250,11,13,13884574,5082,0,0,0
2026-04-22 22:04:54,32304664,15417,11202777,49712,5356,12,13,13889669,5095,0,0,0
2026-04-22 22:04:55,32319665,15001,11207982,49732,5225,12,13,13894820,5151,0,0,0
2026-04-22 22:04:56,32334771,15106,11213219,49752,5257,12,13,13899983,5163,0,0,0
2026-04-22 22:04:57,32349955,15184,11218463,49780,5272,12,13,13905168,5185,0,0,0
2026-04-22 22:04:58,32364720,14765,11223569,49806,5132,11,13,13910332,5164,0,0,0
2026-04-22 22:05:00,32379307,14587,11228613,49832,5070,11,13,13920579,10247,0,0,0
2026-04-22 22:05:01,32394488,15181,11233862,49866,5283,11,13,13925715,5136,0,0,0
2026-04-22 22:05:02,32408912,14424,11238874,49883,5029,12,13,13930856,5141,0,0,0
2026-04-22 22:05:03,32423582,14670,11243946,49902,5091,12,13,13936022,5166,0,0,0
2026-04-22 22:05:04,32438080,14498,11248986,49919,5057,12,13,13941151,5129,0,0,0
2026-04-22 22:05:05,32452878,14798,11254119,49934,5148,11,13,13946287,5136,0,0,0
2026-04-22 22:05:06,32467120,14242,11259060,49961,4968,12,13,13951412,5125,0,0,0
2026-04-22 22:05:07,32481593,14473,11264091,49986,5056,11,13,13956567,5155,0,0,0
2026-04-22 22:05:08,32496712,15119,11269318,50011,5252,12,13,13961748,5181,0,0,0
2026-04-22 22:05:10,32511060,14348,11274298,50032,5001,12,13,13966949,5201,0,0,0
2026-04-22 22:05:11,32526211,15151,11279547,50050,5267,12,13,13977320,10371,0,0,0
2026-04-22 22:05:12,32541124,14913,11284735,50065,5203,12,13,13982472,5152,0,0,0
2026-04-22 22:05:13,32555814,14690,11289844,50095,5139,11,13,13987585,5113,0,0,0
2026-04-22 22:05:14,32569934,14120,11294771,50113,4945,12,13,13992666,5081,0,0,0
2026-04-22 22:05:15,32584701,14767,11299905,50128,5149,11,13,13997800,5134,0,0,0
2026-04-22 22:05:16,32599440,14739,11305023,50158,5148,11,13,14002950,5150,0,0,0
2026-04-22 22:05:17,32614324,14884,11310189,50180,5188,12,13,14008134,5184,0,0,0
2026-04-22 22:05:18,32628804,14480,11315232,50203,5066,12,13,14013305,5171,0,0,0
2026-04-22 22:05:19,32643411,14607,11320306,50222,5093,12,13,14018445,5140,0,0,0
2026-04-22 22:05:21,32658572,15161,11325535,50243,5250,12,13,14028660,10215,0,0,0
2026-04-22 22:05:22,32673313,14741,11330664,50262,5148,12,13,14033782,5122,0,0,0
2026-04-22 22:05:23,32687962,14649,11335738,50289,5101,12,13,14038909,5127,0,0,0
2026-04-22 22:05:24,32703043,15081,11340961,50319,5253,12,13,14044022,5113,0,0,0
2026-04-22 22:05:25,32717891,14848,11346098,50336,5154,12,13,14049127,5105,0,0,0
2026-04-22 22:05:26,32732709,14818,11351235,50359,5160,12,13,14054240,5113,0,0,0
2026-04-22 22:05:27,32747442,14733,11356368,50372,5146,11,13,14059363,5123,0,0,0
2026-04-22 22:05:28,32762483,15041,11361571,50404,5235,11,13,14064537,5174,0,0,0
2026-04-22 22:05:29,32777318,14835,11366714,50433,5172,10,13,14069713,5176,0,0,0
2026-04-22 22:05:31,32791494,14176,11371644,50452,4949,12,13,14074900,5187,0,0,0
2026-04-22 22:05:32,32806047,14553,11376709,50469,5082,12,13,14085234,10334,0,0,0
2026-04-22 22:05:33,32820817,14770,11381809,50493,5124,12,13,14090391,5157,0,0,0
2026-04-22 22:05:34,32835022,14205,11386755,50511,4964,11,13,14095559,5168,0,0,0
2026-04-22 22:05:35,32849608,14586,11391805,50539,5078,12,13,14100720,5161,0,0,0
2026-04-22 22:05:36,32863617,14009,11396664,50570,4890,11,13,14105852,5132,0,0,0
2026-04-22 22:05:37,32878012,14395,11401670,50583,5019,12,13,14110981,5129,0,0,0
2026-04-22 22:05:38,32892837,14825,11406805,50606,5158,12,13,14116112,5131,0,0,0
2026-04-22 22:05:39,32906894,14057,11411680,50619,4888,12,13,14121239,5127,0,0,0
2026-04-22 22:05:40,32921014,14120,11416573,50642,4916,12,13,14126365,5126,0,0,0
2026-04-22 22:05:42,32934962,13948,11421390,50658,4833,11,13,14136679,10314,0,0,0
2026-04-22 22:05:43,32949620,14658,11426480,50674,5106,11,13,14141799,5120,0,0,0
2026-04-22 22:05:44,32964231,14611,11431552,50700,5098,11,13,14146924,5125,0,0,0
2026-04-22 22:05:45,32979200,14969,11436741,50719,5208,12,13,14152055,5131,0,0,0
2026-04-22 22:05:46,32993894,14694,11441843,50739,5122,12,13,14157247,5192,0,0,0
2026-04-22 22:05:47,33008751,14857,11447006,50755,5179,11,13,14162427,5180,0,0,0
2026-04-22 22:05:48,33023760,15009,11452183,50783,5205,12,13,14167617,5190,0,0,0
2026-04-22 22:05:49,33038011,14251,11457122,50803,4959,12,13,14172766,5149,0,0,0
2026-04-22 22:05:50,33052804,14793,11462245,50824,5144,11,13,14177877,5111,0,0,0
2026-04-22 22:05:51,33067021,14217,11467181,50845,4957,12,13,14182968,5091,0,0,0
2026-04-22 22:05:53,33081417,14396,11472162,50871,5007,12,13,14193201,10233,0,0,0
2026-04-22 22:05:54,33096205,14788,11477293,50895,5155,12,13,14198359,5158,0,0,0
2026-04-22 22:05:55,33110548,14343,11482294,50917,5023,12,13,14203481,5122,0,0,0
2026-04-22 22:05:56,33124964,14416,11487305,50939,5033,11,13,14208581,5100,0,0,0
2026-04-22 22:05:57,33139385,14421,11492338,50954,5048,12,13,14213703,5122,0,0,0
2026-04-22 22:05:58,33153904,14519,11497384,50980,5072,12,13,14218854,5151,0,0,0
2026-04-22 22:05:59,33168717,14813,11502502,51003,5141,10,13,14224012,5158,0,0,0
2026-04-22 22:06:00,33183868,15151,11507741,51024,5260,12,13,14229127,5115,0,0,0
2026-04-22 22:06:01,33198375,14507,11512769,51044,5048,12,13,14234226,5099,0,0,0
2026-04-22 22:06:03,33212533,14158,11517674,51068,4929,12,13,14244468,10242,0,0,0
2026-04-22 22:06:04,33226874,14341,11522643,51091,4992,12,13,14249589,5121,0,0,0
2026-04-22 22:06:05,33241390,14516,11527661,51119,5046,11,13,14254680,5091,0,0,0
2026-04-22 22:06:06,33255714,14324,11532647,51141,5008,12,13,14259797,5117,0,0,0
2026-04-22 22:06:07,33270472,14758,11537759,51160,5131,12,13,14264930,5133,0,0,0
2026-04-22 22:06:08,33284793,14321,11542718,51182,4981,12,13,14270096,5166,0,0,0
2026-04-22 22:06:09,33298973,14180,11547650,51209,4959,12,13,14275248,5152,0,0,0
2026-04-22 22:06:10,33313607,14634,11552719,51227,5087,11,13,14280399,5151,0,0,0
2026-04-22 22:06:11,33328010,14403,11557726,51243,5023,12,13,14285523,5124,0,0,0
2026-04-22 22:06:13,33341278,13268,11562343,51265,4639,12,13,14290608,5085,0,0,0
2026-04-22 22:06:14,33355271,13993,11567180,51280,4852,11,13,14300790,10182,0,0,0
2026-04-22 22:06:15,33370245,14974,11572357,51299,5196,11,13,14305874,5084,0,0,0
2026-04-22 22:06:16,33384570,14325,11577341,51311,4996,12,13,14310951,5077,0,0,0
2026-04-22 22:06:17,33399230,14660,11582421,51338,5107,11,13,14316051,5100,0,0,0
2026-04-22 22:06:18,33413477,14247,11587379,51356,4976,12,13,14321133,5082,0,0,0
2026-04-22 22:06:19,33428174,14697,11592477,51374,5116,12,13,14326206,5073,0,0,0
2026-04-22 22:06:20,33442626,14452,11597499,51392,5040,12,13,14331283,5077,0,0,0
2026-04-22 22:06:21,33457284,14658,11602589,51408,5106,12,13,14336378,5095,0,0,0
2026-04-22 22:06:23,33471302,14018,11607452,51432,4887,12,13,14341490,5112,0,0,0
2026-04-22 22:06:24,33485436,14134,11612349,51447,4912,11,13,14351763,10273,0,0,0
2026-04-22 22:06:25,33499448,14012,11617236,51467,4907,12,13,14356895,5132,0,0,0
2026-04-22 22:06:26,33513587,14139,11622147,51494,4938,12,13,14362000,5105,0,0,0
2026-04-22 22:06:27,33527733,14146,11627060,51520,4939,12,13,14367092,5092,0,0,0
2026-04-22 22:06:28,33541837,14104,11631960,51536,4916,12,13,14372200,5108,0,0,0
2026-04-22 22:06:29,33556158,14321,11636930,51559,4993,12,13,14377279,5079,0,0,0
2026-04-22 22:06:30,33570472,14314,11641866,51591,4968,12,13,14382339,5060,0,0,0
2026-04-22 22:06:31,33585177,14705,11646966,51609,5118,11,13,14387426,5087,0,0,0
2026-04-22 22:06:32,33599372,14195,11651899,51630,4954,12,13,14392534,5108,0,0,0
2026-04-22 22:06:34,33613324,13952,11656726,51658,4855,11,13,14402756,10222,0,0,0
2026-04-22 22:06:35,33627271,13947,11661586,51675,4877,11,13,14407856,5100,0,0,0
2026-04-22 22:06:36,33641771,14500,11666605,51706,5050,12,13,14412978,5122,0,0,0
2026-04-22 22:06:37,33655900,14129,11671512,51730,4931,11,13,14418074,5096,0,0,0
2026-04-22 22:06:38,33670275,14375,11676503,51749,5010,12,13,14423200,5126,0,0,0
2026-04-22 22:06:39,33684518,14243,11681455,51767,4970,12,13,14428319,5119,0,0,0
2026-04-22 22:06:40,33698922,14404,11686453,51794,5025,12,13,14433420,5101,0,0,0
2026-04-22 22:06:41,33712931,14009,11691303,51818,4874,12,13,14438506,5086,0,0,0
2026-04-22 22:06:42,33726820,13889,11696119,51845,4843,12,13,14443589,5083,0,0,0
2026-04-22 22:06:43,33740897,14077,11700985,51873,4894,12,13,14448710,5121,0,0,0
2026-04-22 22:06:45,33753923,13026,11705504,51893,4539,12,13,14453818,5108,0,0,0
2026-04-22 22:06:46,33767323,13400,11710155,51917,4675,12,13,14464025,10207,0,0,0
2026-04-22 22:06:47,33781086,13763,11714946,51926,4800,11,13,14469099,5074,0,0,0
2026-04-22 22:06:48,33794189,13103,11719507,51943,4578,12,13,14474152,5053,0,0,0
2026-04-22 22:06:49,33807621,13432,11724156,51972,4678,12,13,14479236,5084,0,0,0
2026-04-22 22:06:50,33821301,13680,11728884,51999,4755,11,13,14484324,5088,0,0,0
2026-04-22 22:06:51,33835474,14173,11733818,52017,4952,11,13,14489434,5110,0,0,0
2026-04-22 22:06:52,33849615,14141,11738728,52046,4939,11,13,14494510,5076,0,0,0
2026-04-22 22:06:53,33864208,14593,11743787,52068,5081,11,13,14499624,5114,0,0,0
2026-04-22 22:06:54,33878019,13811,11748558,52093,4796,12,13,14504713,5089,0,0,0
2026-04-22 22:06:56,33891765,13746,11753314,52110,4773,12,13,14514840,10127,0,0,0
2026-04-22 22:06:57,33905643,13878,11758138,52124,4838,12,13,14519921,5081,0,0,0
2026-04-22 22:06:58,33919714,14071,11763017,52145,4900,11,13,14525014,5093,0,0,0
2026-04-22 22:06:59,33933949,14235,11767948,52166,4952,12,13,14530083,5069,0,0,0
2026-04-22 22:07:00,33947813,13864,11772783,52182,4851,12,13,14535155,5072,0,0,0
2026-04-22 22:07:01,33962285,14472,11777774,52204,5013,12,13,14540229,5074,0,0,0
2026-04-22 22:07:02,33976570,14285,11782725,52240,4987,11,13,14545313,5084,0,0,0
2026-04-22 22:07:03,33990671,14101,11787636,52263,4934,12,13,14550398,5085,0,0,0
2026-04-22 22:07:04,34004938,14267,11792569,52281,4951,12,13,14555488,5090,0,0,0
2026-04-22 22:07:06,34018261,13323,11797196,52296,4642,12,13,14560550,5062,0,0,0
2026-04-22 22:07:07,34032146,13885,11801991,52315,4814,12,13,14570575,10025,0,0,0
2026-04-22 22:07:08,34046629,14483,11807018,52335,5047,10,13,14575562,4987,0,0,0
2026-04-22 22:07:09,34061122,14493,11812044,52359,5050,12,13,14580576,5014,0,0,0
2026-04-22 22:07:10,34075614,14492,11817061,52386,5044,11,13,14585611,5035,0,0,0
2026-04-22 22:07:11,34090176,14562,11822119,52411,5083,12,13,14590623,5012,0,0,0
2026-04-22 22:07:12,34105102,14926,11827283,52436,5189,11,13,14595629,5006,0,0,0
2026-04-22 22:07:13,34119744,14642,11832346,52463,5090,12,13,14600632,5003,0,0,0
2026-04-22 22:07:14,34134776,15032,11837554,52489,5234,12,13,14605613,4981,0,0,0
2026-04-22 22:07:16,34149116,14340,11842530,52521,5008,12,13,14610623,5010,0,0,0
2026-04-22 22:07:17,34163602,14486,11847553,52550,5052,10,13,14620649,10026,0,0,0
2026-04-22 22:07:18,34178288,14686,11852643,52566,5106,12,13,14625675,5026,0,0,0
2026-04-22 22:07:19,34192178,13890,11857461,52588,4840,12,13,14630675,5000,0,0,0
2026-04-22 22:07:20,34206897,14719,11862550,52605,5106,11,13,14635648,4973,0,0,0
2026-04-22 22:07:21,34221890,14993,11867728,52631,5204,12,13,14640655,5007,0,0,0
2026-04-22 22:07:22,34235787,13897,11872550,52656,4847,11,13,14645669,5014,0,0,0
2026-04-22 22:07:23,34250065,14278,11877477,52682,4953,11,13,14650677,5008,0,0,0
2026-04-22 22:07:24,34264761,14696,11882585,52699,5125,11,13,14655660,4983,0,0,0
2026-04-22 22:07:25,34279402,14641,11887660,52720,5096,12,13,14660642,4982,0,0,0
2026-04-22 22:07:27,34294185,14783,11892768,52740,5128,10,13,14670683,10041,0,0,0
2026-04-22 22:07:28,34309000,14815,11897896,52769,5157,12,13,14675703,5020,0,0,0
2026-04-22 22:07:29,34323657,14657,11902985,52790,5110,12,13,14680705,5002,0,0,0
2026-04-22 22:07:30,34338518,14861,11908143,52813,5181,11,13,14685724,5019,0,0,0
2026-04-22 22:07:31,34353221,14703,11913243,52839,5126,11,13,14690727,5003,0,0,0
2026-04-22 22:07:32,34367824,14603,11918330,52851,5099,11,13,14695731,5004,0,0,0
2026-04-22 22:07:33,34382599,14775,11923459,52871,5149,12,13,14700770,5039,0,0,0
2026-04-22 22:07:34,34397248,14649,11928543,52896,5109,12,13,14705809,5039,0,0,0
2026-04-22 22:07:35,34411662,14414,11933548,52927,5036,12,13,14710862,5053,0,0,0
2026-04-22 22:07:37,34425874,14212,11938488,52943,4956,12,13,14720897,10035,0,0,0
2026-04-22 22:07:38,34440397,14523,11943534,52966,5069,11,13,14725950,5053,0,0,0
2026-04-22 22:07:39,34455086,14689,11948631,52994,5125,10,13,14730980,5030,0,0,0
2026-04-22 22:07:40,34469885,14799,11953749,53018,5142,12,13,14736071,5091,0,0,0
2026-04-22 22:07:41,34485081,15196,11959016,53045,5294,12,13,14741120,5049,0,0,0
2026-04-22 22:07:42,34499921,14840,11964161,53068,5168,12,13,14746206,5086,0,0,0
2026-04-22 22:07:43,34515087,15166,11969395,53093,5259,12,13,14751260,5054,0,0,0
2026-04-22 22:07:44,34529903,14816,11974541,53111,5164,12,13,14756332,5072,0,0,0
2026-04-22 22:07:45,34544785,14882,11979692,53132,5172,12,13,14761374,5042,0,0,0
2026-04-22 22:07:47,34559074,14289,11984649,53151,4976,12,13,14766439,5065,0,0,0
2026-04-22 22:07:48,34573431,14357,11989627,53188,5015,12,13,14776561,10122,0,0,0
2026-04-22 22:07:49,34588372,14941,11994814,53208,5207,11,13,14781623,5062,0,0,0
2026-04-22 22:07:50,34603622,15250,12000081,53237,5296,9,13,14786671,5048,0,0,0
2026-04-22 22:07:51,34618440,14818,12005234,53255,5171,12,13,14791722,5051,0,0,0
2026-04-22 22:07:52,34632966,14526,12010276,53275,5062,12,13,14796749,5027,0,0,0
2026-04-22 22:07:53,34647360,14394,12015269,53291,5009,12,13,14801767,5018,0,0,0
2026-04-22 22:07:54,34662420,15060,12020467,53319,5226,10,13,14806755,4988,0,0,0
2026-04-22 22:07:55,34676888,14468,12025472,53348,5034,12,13,14811767,5012,0,0,0
2026-04-22 22:07:56,34691136,14248,12030408,53375,4963,12,13,14816789,5022,0,0,0
2026-04-22 22:07:58,34705399,14263,12035342,53404,4963,11,13,14826916,10127,0,0,0
2026-04-22 22:07:59,34720129,14730,12040459,53425,5138,12,13,14831983,5067,0,0,0
2026-04-22 22:08:00,34734788,14659,12045552,53445,5113,12,13,14837006,5023,0,0,0
2026-04-22 22:08:01,34749659,14871,12050712,53466,5181,12,13,14842006,5000,0,0,0
2026-04-22 22:08:02,34764905,15246,12055995,53485,5302,12,13,14847015,5009,0,0,0
2026-04-22 22:08:03,34780012,15107,12061232,53504,5256,11,13,14852036,5021,0,0,0
2026-04-22 22:08:04,34795225,15213,12066500,53532,5296,11,13,14857087,5051,0,0,0
2026-04-22 22:08:05,34810499,15274,12071766,53555,5289,11,13,14862115,5028,0,0,0
2026-04-22 22:08:06,34825389,14890,12076928,53572,5179,12,13,14867173,5058,0,0,0
2026-04-22 22:08:08,34839384,13995,12081787,53597,4884,12,13,14877220,10047,0,0,0
2026-04-22 22:08:09,34854218,14834,12086943,53618,5177,10,13,14882267,5047,0,0,0
2026-04-22 22:08:10,34868871,14653,12092031,53632,5102,11,13,14887308,5041,0,0,0
2026-04-22 22:08:11,34883801,14930,12097192,53664,5193,12,13,14892390,5082,0,0,0
2026-04-22 22:08:12,34898354,14553,12102235,53696,5075,11,13,14897417,5027,0,0,0
2026-04-22 22:08:13,34913290,14936,12107410,53725,5204,11,13,14902462,5045,0,0,0
2026-04-22 22:08:14,34928218,14928,12112587,53747,5199,12,13,14907481,5019,0,0,0
2026-04-22 22:08:15,34942973,14755,12117706,53766,5138,11,13,14912543,5062,0,0,0
2026-04-22 22:08:16,34957949,14976,12122901,53789,5218,12,13,14917567,5024,0,0,0
2026-04-22 22:08:17,34972232,14283,12127861,53817,4988,12,13,14922612,5045,0,0,0
2026-04-22 22:08:19,34987105,14873,12133018,53846,5186,12,13,14932699,10087,0,0,0
2026-04-22 22:08:20,35001679,14574,12138075,53866,5077,12,13,14937762,5063,0,0,0
2026-04-22 22:08:21,35016803,15124,12143315,53892,5266,12,13,14942811,5049,0,0,0
2026-04-22 22:08:22,35031312,14509,12148347,53912,5052,12,13,14947844,5033,0,0,0
2026-04-22 22:08:23,35046144,14832,12153511,53932,5184,12,13,14952873,5029,0,0,0
2026-04-22 22:08:24,35060978,14834,12158668,53953,5178,11,13,14957925,5052,0,0,0
2026-04-22 22:08:25,35075173,14195,12163605,53978,4962,12,13,14963003,5078,0,0,0
2026-04-22 22:08:26,35089749,14576,12168677,53993,5087,12,13,14968091,5088,0,0,0
2026-04-22 22:08:27,35104612,14863,12173823,54018,5171,12,13,14973155,5064,0,0,0
2026-04-22 22:08:29,35118098,13486,12178514,54035,4708,12,13,14978222,5067,0,0,0
2026-04-22 22:08:30,35132334,14236,12183482,54055,4988,11,13,14988329,10107,0,0,0
2026-04-22 22:08:31,35147336,15002,12188674,54080,5217,12,13,14993369,5040,0,0,0
2026-04-22 22:08:32,35162018,14682,12193779,54097,5122,11,13,14998425,5056,0,0,0
2026-04-22 22:08:33,35176587,14569,12198848,54122,5094,12,13,15003477,5052,0,0,0
2026-04-22 22:08:34,35191478,14891,12204000,54146,5176,12,13,15008516,5039,0,0,0
2026-04-22 22:08:35,35206552,15074,12209230,54171,5255,11,13,15013547,5031,0,0,0
2026-04-22 22:08:36,35221789,15237,12214505,54195,5299,12,13,15018568,5021,0,0,0
2026-04-22 22:08:37,35236807,15018,12219738,54214,5252,10,13,15023593,5025,0,0,0
2026-04-22 22:08:38,35251474,14667,12224831,54236,5115,12,13,15028647,5054,0,0,0
2026-04-22 22:08:40,35266320,14846,12229976,54257,5166,12,13,15038746,10099,0,0,0
2026-04-22 22:08:41,35281468,15148,12235225,54284,5276,11,13,15043753,5007,0,0,0
2026-04-22 22:08:42,35296011,14543,12240274,54305,5070,12,13,15048801,5048,0,0,0
2026-04-22 22:08:43,35311073,15062,12245509,54323,5253,11,13,15053857,5056,0,0,0
2026-04-22 22:08:44,35325966,14893,12250693,54348,5209,11,13,15058937,5080,0,0,0
2026-04-22 22:08:45,35340789,14823,12255833,54372,5164,10,13,15063991,5054,0,0,0
2026-04-22 22:08:46,35355562,14773,12260954,54396,5145,12,13,15069058,5067,0,0,0
2026-04-22 22:08:47,35370890,15328,12266269,54416,5335,11,13,15074126,5068,0,0,0
2026-04-22 22:08:48,35385436,14546,12271335,54439,5089,12,13,15079206,5080,0,0,0
2026-04-22 22:08:50,35400239,14803,12276452,54466,5144,11,13,15089330,10124,0,0,0
2026-04-22 22:08:51,35414336,14097,12281364,54496,4942,12,13,15094374,5044,0,0,0
2026-04-22 22:08:52,35429161,14825,12286500,54528,5168,12,13,15099412,5038,0,0,0
2026-04-22 22:08:53,35443608,14447,12291519,54553,5044,11,13,15104472,5060,0,0,0
2026-04-22 22:08:54,35458458,14850,12296657,54580,5165,12,13,15109536,5064,0,0,0
2026-04-22 22:08:55,35472885,14427,12301665,54602,5030,11,13,15114607,5071,0,0,0
2026-04-22 22:08:56,35487443,14558,12306724,54626,5083,12,13,15119683,5076,0,0,0
2026-04-22 22:08:57,35502041,14598,12311805,54647,5102,10,13,15124752,5069,0,0,0
2026-04-22 22:08:58,35516812,14771,12316910,54673,5131,12,13,15129813,5061,0,0,0
2026-04-22 22:09:00,35531003,14191,12321829,54690,4936,12,13,15134886,5073,0,0,0
2026-04-22 22:09:01,35545606,14603,12326878,54713,5072,12,13,15145072,10186,0,0,0
2026-04-22 22:09:02,35560049,14443,12331893,54732,5034,12,13,15150176,5104,0,0,0
2026-04-22 22:09:03,35574336,14287,12336826,54752,4953,12,13,15155300,5124,0,0,0
2026-04-22 22:09:04,35588575,14239,12341772,54771,4965,12,13,15160388,5088,0,0,0
2026-04-22 22:09:05,35602726,14151,12346691,54800,4948,11,13,15165493,5105,0,0,0
2026-04-22 22:09:06,35617025,14299,12351646,54822,4977,11,13,15170581,5088,0,0,0
2026-04-22 22:09:07,35631403,14378,12356620,54842,4994,12,13,15175683,5102,0,0,0
2026-04-22 22:09:08,35646065,14662,12361710,54866,5114,12,13,15180736,5053,0,0,0
2026-04-22 22:09:09,35660879,14814,12366833,54896,5153,12,13,15185785,5049,0,0,0
2026-04-22 22:09:11,35675295,14416,12371825,54920,5016,11,13,15195923,10138,0,0,0
2026-04-22 22:09:12,35690721,15426,12377164,54935,5354,12,13,15201013,5090,0,0,0
2026-04-22 22:09:13,35705772,15051,12382394,54954,5249,10,13,15206100,5087,0,0,0
2026-04-22 22:09:14,35720821,15049,12387613,54974,5239,11,13,15211158,5058,0,0,0
2026-04-22 22:09:15,35735840,15019,12392820,54991,5224,12,13,15216215,5057,0,0,0
2026-04-22 22:09:16,35751153,15313,12398116,55014,5319,12,13,15221272,5057,0,0,0
2026-04-22 22:09:17,35766149,14996,12403310,55033,5213,12,13,15226347,5075,0,0,0
2026-04-22 22:09:18,35781562,15413,12408654,55048,5359,12,13,15231434,5087,0,0,0
2026-04-22 22:09:19,35796504,14942,12413834,55075,5207,10,13,15236500,5066,0,0,0
2026-04-22 22:09:21,35810961,14457,12418838,55097,5026,12,13,15246683,10183,0,0,0
2026-04-22 22:09:22,35825482,14521,12423890,55121,5076,12,13,15251804,5121,0,0,0
2026-04-22 22:09:23,35840412,14930,12429071,55142,5202,11,13,15256894,5090,0,0,0
2026-04-22 22:09:24,35855228,14816,12434209,55165,5161,11,13,15262005,5111,0,0,0
2026-04-22 22:09:25,35870161,14933,12439393,55192,5211,11,13,15267075,5070,0,0,0
2026-04-22 22:09:26,35884950,14789,12444519,55219,5153,12,13,15272115,5040,0,0,0
2026-04-22 22:09:27,35899915,14965,12449718,55241,5221,12,13,15277156,5041,0,0,0
2026-04-22 22:09:28,35915064,15149,12454977,55261,5279,11,13,15282221,5065,0,0,0
2026-04-22 22:09:29,35930215,15151,12460213,55280,5255,10,13,15287338,5117,0,0,0
2026-04-22 22:09:31,35944494,14279,12465171,55302,4980,12,13,15292463,5125,0,0,0
2026-04-22 22:09:32,35959243,14749,12470265,55329,5121,12,13,15302646,10183,0,0,0
2026-04-22 22:09:33,35973848,14605,12475342,55348,5096,10,13,15307747,5101,0,0,0
2026-04-22 22:09:34,35988327,14479,12480341,55377,5028,12,13,15312866,5119,0,0,0
2026-04-22 22:09:35,36003080,14753,12485440,55399,5121,10,13,15317988,5122,0,0,0
2026-04-22 22:09:36,36017349,14269,12490391,55423,4975,12,13,15323094,5106,0,0,0
2026-04-22 22:09:37,36031618,14269,12495331,55445,4962,10,13,15328170,5076,0,0,0
2026-04-22 22:09:38,36046670,15052,12500547,55471,5242,12,13,15333276,5106,0,0,0
2026-04-22 22:09:39,36061422,14752,12505667,55493,5142,12,13,15338381,5105,0,0,0
2026-04-22 22:09:40,36076031,14609,12510726,55526,5092,12,13,15343495,5114,0,0,0
2026-04-22 22:09:42,36089990,13959,12515591,55542,4881,12,13,15353635,10140,0,0,0
2026-04-22 22:09:43,36104657,14667,12520684,55565,5116,12,13,15358717,5082,0,0,0
2026-04-22 22:09:44,36119602,14945,12525851,55584,5186,12,13,15363792,5075,0,0,0
2026-04-22 22:09:45,36134757,15155,12531110,55602,5277,12,13,15368895,5103,0,0,0
2026-04-22 22:09:46,36149629,14872,12536272,55629,5189,12,13,15373991,5096,0,0,0
2026-04-22 22:09:47,36164815,15186,12541530,55652,5281,12,13,15379061,5070,0,0,0
2026-04-22 22:09:48,36179296,14481,12546555,55682,5055,12,13,15384128,5067,0,0,0
2026-04-22 22:09:49,36194043,14747,12551665,55709,5137,12,13,15389216,5088,0,0,0
2026-04-22 22:09:50,36209026,14983,12556863,55724,5213,12,13,15394338,5122,0,0,0
2026-04-22 22:09:52,36223507,14481,12561886,55742,5041,12,13,15399437,5099,0,0,0
2026-04-22 22:09:53,36238073,14566,12566939,55766,5077,12,13,15409545,10108,0,0,0
2026-04-22 22:09:54,36252758,14685,12572055,55782,5132,11,13,15414611,5066,0,0,0
2026-04-22 22:09:55,36267476,14718,12577180,55799,5142,11,13,15419658,5047,0,0,0
2026-04-22 22:09:56,36282440,14964,12582364,55816,5201,12,13,15424743,5085,0,0,0
2026-04-22 22:09:57,36297434,14994,12587553,55845,5218,12,13,15429806,5063,0,0,0
2026-04-22 22:09:58,36312313,14879,12592689,55867,5158,12,13,15434910,5104,0,0,0
2026-04-22 22:09:59,36327787,15474,12598030,55891,5365,11,13,15440005,5095,0,0,0
2026-04-22 22:10:00,36342664,14877,12603193,55915,5187,12,13,15445105,5100,0,0,0
2026-04-22 22:10:01,36357192,14528,12608235,55934,5061,12,13,15450190,5085,0,0,0
2026-04-22 22:10:03,36371092,13900,12613071,55958,4860,12,13,15460392,10202,0,0,0
2026-04-22 22:10:04,36385945,14853,12618215,55981,5167,12,13,15465505,5113,0,0,0
2026-04-22 22:10:05,36400083,14138,12623132,56006,4942,11,13,15470590,5085,0,0,0
2026-04-22 22:10:06,36414870,14787,12628256,56033,5151,12,13,15475699,5109,0,0,0
2026-04-22 22:10:07,36429716,14846,12633415,56054,5180,11,13,15480799,5100,0,0,0
2026-04-22 22:10:08,36444197,14481,12638448,56064,5043,12,13,15485881,5082,0,0,0
2026-04-22 22:10:09,36458462,14265,12643399,56083,4970,12,13,15490971,5090,0,0,0
2026-04-22 22:10:10,36472918,14456,12648412,56102,5032,12,13,15496039,5068,0,0,0
2026-04-22 22:10:11,36487917,14999,12653622,56123,5231,12,13,15501124,5085,0,0,0
2026-04-22 22:10:13,36502181,14264,12658571,56137,4963,11,13,15511235,10111,0,0,0
2026-04-22 22:10:14,36516919,14738,12663686,56161,5139,12,13,15516325,5090,0,0,0
2026-04-22 22:10:15,36531783,14864,12668839,56181,5173,12,13,15521427,5102,0,0,0
2026-04-22 22:10:16,36546685,14902,12674002,56210,5192,12,13,15526481,5054,0,0,0
2026-04-22 22:10:17,36561824,15139,12679258,56225,5271,11,13,15531489,5008,0,0,0
2026-04-22 22:10:18,36576882,15058,12684483,56236,5236,12,13,15536528,5039,0,0,0
2026-04-22 22:10:19,36591748,14866,12689634,56265,5180,10,13,15541597,5069,0,0,0
2026-04-22 22:10:20,36606596,14848,12694784,56287,5172,11,13,15546669,5072,0,0,0
2026-04-22 22:10:21,36621491,14895,12699950,56316,5195,10,13,15551742,5073,0,0,0
2026-04-22 22:10:23,36635803,14312,12704930,56336,5000,12,13,15556812,5070,0,0,0
2026-04-22 22:10:24,36650248,14445,12709927,56361,5022,10,13,15566925,10113,0,0,0
2026-04-22 22:10:25,36665075,14827,12715060,56383,5155,12,13,15571961,5036,0,0,0
2026-04-22 22:10:26,36679493,14418,12720074,56401,5032,11,13,15577024,5063,0,0,0
2026-04-22 22:10:27,36694577,15084,12725312,56420,5257,12,13,15582117,5093,0,0,0
2026-04-22 22:10:28,36709574,14997,12730506,56441,5215,11,13,15587208,5091,0,0,0
2026-04-22 22:10:29,36724095,14521,12735557,56461,5071,11,13,15592284,5076,0,0,0
2026-04-22 22:10:30,36739202,15107,12740776,56495,5253,12,13,15597339,5055,0,0,0
2026-04-22 22:10:31,36754005,14803,12745892,56527,5148,12,13,15602401,5062,0,0,0
2026-04-22 22:10:32,36768420,14415,12750912,56548,5041,11,13,15607463,5062,0,0,0
2026-04-22 22:10:34,36782601,14181,12755842,56566,4948,11,13,15612542,5079,0,0,0
2026-04-22 22:10:35,36797582,14981,12761035,56585,5212,12,13,15622632,10090,0,0,0
2026-04-22 22:10:36,36812488,14906,12766196,56618,5194,12,13,15627638,5006,0,0,0
2026-04-22 22:10:37,36827554,15066,12771408,56642,5236,12,13,15632660,5022,0,0,0
2026-04-22 22:10:38,36842231,14677,12776509,56668,5127,12,13,15637692,5032,0,0,0
2026-04-22 22:10:39,36857068,14837,12781653,56689,5165,12,13,15642742,5050,0,0,0
2026-04-22 22:10:40,36871666,14598,12786726,56713,5097,12,13,15647774,5032,0,0,0
2026-04-22 22:10:41,36885813,14147,12791615,56737,4913,12,13,15652853,5079,0,0,0
2026-04-22 22:10:42,36900445,14632,12796686,56760,5094,11,13,15657933,5080,0,0,0
2026-04-22 22:10:43,36915036,14591,12801762,56780,5096,12,13,15663031,5098,0,0,0
2026-04-22 22:10:45,36929243,14207,12806695,56799,4952,11,13,15673238,10207,0,0,0
2026-04-22 22:10:46,36943818,14575,12811760,56825,5091,12,13,15678359,5121,0,0,0
2026-04-22 22:10:47,36958955,15137,12816998,56843,5256,11,13,15683443,5084,0,0,0
2026-04-22 22:10:48,36973659,14704,12822088,56868,5115,11,13,15688518,5075,0,0,0
2026-04-22 22:10:49,36988579,14920,12827240,56892,5176,11,13,15693577,5059,0,0,0
2026-04-22 22:10:50,37003188,14609,12832326,56907,5101,10,13,15698633,5056,0,0,0
2026-04-22 22:10:51,37017751,14563,12837385,56929,5081,12,13,15703697,5064,0,0,0
2026-04-22 22:10:52,37032754,15003,12842576,56952,5214,12,13,15708782,5085,0,0,0
2026-04-22 22:10:53,37047585,14831,12847728,56972,5172,12,13,15713910,5128,0,0,0
2026-04-22 22:10:54,37062277,14692,12852825,56997,5122,12,13,15719043,5133,0,0,0
2026-04-22 22:10:56,37076261,13984,12857691,57013,4882,12,13,15729236,10193,0,0,0
2026-04-22 22:10:57,37090592,14331,12862661,57037,4994,12,13,15734295,5059,0,0,0
2026-04-22 22:10:58,37105276,14684,12867752,57058,5112,12,13,15739349,5054,0,0,0
2026-04-22 22:10:59,37119812,14536,12872792,57086,5068,12,13,15744401,5052,0,0,0
2026-04-22 22:11:00,37134594,14782,12877916,57117,5155,12,13,15749453,5052,0,0,0
2026-04-22 22:11:01,37149411,14817,12883057,57140,5164,12,13,15754528,5075,0,0,0
2026-04-22 22:11:02,37164293,14882,12888237,57158,5198,10,13,15759600,5072,0,0,0
2026-04-22 22:11:03,37179268,14975,12893433,57181,5219,12,13,15764674,5074,0,0,0
2026-04-22 22:11:04,37194009,14741,12898576,57199,5161,11,13,15769739,5065,0,0,0
2026-04-22 22:11:06,37208663,14654,12903637,57237,5099,10,13,15774822,5083,0,0,0
2026-04-22 22:11:07,37223661,14998,12908805,57270,5201,12,13,15785034,10212,0,0,0
2026-04-22 22:11:08,37238128,14467,12913830,57291,5046,12,13,15790157,5123,0,0,0
2026-04-22 22:11:09,37253037,14909,12919011,57309,5199,12,13,15795283,5126,0,0,0
2026-04-22 22:11:10,37268057,15020,12924211,57331,5222,12,13,15800356,5073,0,0,0
2026-04-22 22:11:11,37283225,15168,12929450,57353,5261,11,13,15805416,5060,0,0,0
2026-04-22 22:11:12,37297556,14331,12934445,57368,5010,11,13,15810482,5066,0,0,0
2026-04-22 22:11:13,37312357,14801,12939584,57385,5156,12,13,15815537,5055,0,0,0
2026-04-22 22:11:14,37327103,14746,12944696,57412,5139,12,13,15820595,5058,0,0,0
2026-04-22 22:11:16,37341032,13929,12949549,57429,4870,12,13,15825635,5040,0,0,0
2026-04-22 22:11:17,37355099,14067,12954437,57447,4906,12,13,15835755,10120,0,0,0
2026-04-22 22:11:18,37369173,14074,12959315,57478,4909,12,13,15840795,5040,0,0,0
2026-04-22 22:11:19,37383956,14783,12964447,57507,5161,11,13,15845844,5049,0,0,0
2026-04-22 22:11:20,37398431,14475,12969477,57528,5051,12,13,15850890,5046,0,0,0
2026-04-22 22:11:21,37413161,14730,12974572,57556,5123,12,13,15855950,5060,0,0,0
2026-04-22 22:11:22,37427808,14647,12979653,57577,5102,11,13,15860995,5045,0,0,0
2026-04-22 22:11:23,37442592,14784,12984791,57597,5158,11,13,15866071,5076,0,0,0
2026-04-22 22:11:24,37457469,14877,12989948,57625,5185,12,13,15871137,5066,0,0,0
2026-04-22 22:11:26,37471984,14515,12994993,57646,5066,12,13,15876197,5060,0,0,0
2026-04-22 22:11:27,37486887,14903,13000169,57668,5198,12,13,15886309,10112,0,0,0
2026-04-22 22:11:28,37501719,14832,13005324,57684,5171,12,13,15891368,5059,0,0,0
2026-04-22 22:11:29,37516773,15054,13010535,57703,5230,12,13,15896444,5076,0,0,0
2026-04-22 22:11:30,37531596,14823,13015666,57726,5154,12,13,15901531,5087,0,0,0
2026-04-22 22:11:31,37546129,14533,13020693,57758,5059,11,13,15906651,5120,0,0,0
2026-04-22 22:11:32,37560876,14747,13025796,57782,5127,11,13,15911781,5130,0,0,0
2026-04-22 22:11:33,37575309,14433,13030796,57810,5028,11,13,15916889,5108,0,0,0
2026-04-22 22:11:34,37590040,14731,13035915,57827,5136,11,13,15921977,5088,0,0,0
2026-04-22 22:11:35,37604598,14558,13040979,57844,5081,12,13,15927054,5077,0,0,0
2026-04-22 22:11:37,37618737,14139,13045887,57868,4932,12,13,15937185,10131,0,0,0
2026-04-22 22:11:38,37632977,14240,13050841,57899,4985,12,13,15942255,5070,0,0,0
2026-04-22 22:11:39,37647790,14813,13055968,57929,5157,10,13,15947328,5073,0,0,0
2026-04-22 22:11:40,37662514,14724,13061050,57956,5109,12,13,15952408,5080,0,0,0
2026-04-22 22:11:41,37677145,14631,13066129,57984,5107,11,13,15957468,5060,0,0,0
2026-04-22 22:11:42,37691875,14730,13071234,58008,5129,12,13,15962550,5082,0,0,0
2026-04-22 22:11:43,37706557,14682,13076327,58033,5118,12,13,15967624,5074,0,0,0
2026-04-22 22:11:44,37721110,14553,13081381,58056,5077,12,13,15972711,5087,0,0,0
2026-04-22 22:11:45,37735787,14677,13086471,58084,5118,12,13,15977794,5083,0,0,0
2026-04-22 22:11:47,37749577,13790,13091263,58104,4812,10,13,15988024,10230,0,0,0
2026-04-22 22:11:48,37764251,14674,13096371,58118,5122,12,13,15993140,5116,0,0,0
2026-04-22 22:11:49,37778668,14417,13101364,58139,5014,12,13,15998228,5088,0,0,0
2026-04-22 22:11:50,37792824,14156,13106288,58153,4938,12,13,16003277,5049,0,0,0
2026-04-22 22:11:51,37807008,14184,13111216,58174,4949,12,13,16008326,5049,0,0,0
2026-04-22 22:11:52,37821581,14573,13116265,58200,5075,12,13,16013391,5065,0,0,0
2026-04-22 22:11:53,37836718,15137,13121512,58220,5267,11,13,16018498,5107,0,0,0
2026-04-22 22:11:54,37851364,14646,13126595,58244,5107,12,13,16023615,5117,0,0,0
2026-04-22 22:11:55,37866194,14830,13131736,58267,5164,11,13,16028743,5128,0,0,0
2026-04-22 22:11:56,37880521,14327,13136721,58289,5007,12,13,16033823,5080,0,0,0
2026-04-22 22:11:58,37894958,14437,13141744,58309,5043,11,13,16043966,10143,0,0,0
2026-04-22 22:11:59,37909801,14843,13146897,58328,5172,12,13,16049034,5068,0,0,0
2026-04-22 22:12:00,37924917,15116,13152125,58351,5251,12,13,16054113,5079,0,0,0
2026-04-22 22:12:01,37939807,14890,13157274,58372,5170,12,13,16059177,5064,0,0,0
2026-04-22 22:12:02,37954932,15125,13162534,58390,5278,11,13,16064266,5089,0,0,0
2026-04-22 22:12:03,37969876,14944,13167732,58409,5217,11,13,16069363,5097,0,0,0
2026-04-22 22:12:04,37984565,14689,13172826,58429,5114,11,13,16074473,5110,0,0,0
2026-04-22 22:12:05,37999188,14623,13177910,58456,5111,11,13,16079589,5116,0,0,0
2026-04-22 22:12:06,38013834,14646,13182998,58470,5102,12,13,16084705,5116,0,0,0
2026-04-22 22:12:08,38027709,13875,13187839,58488,4859,12,13,16089832,5127,0,0,0
2026-04-22 22:12:09,38042409,14700,13192936,58514,5123,12,13,16100039,10207,0,0,0
2026-04-22 22:12:10,38057132,14723,13198041,58537,5128,12,13,16105114,5075,0,0,0
2026-04-22 22:12:11,38072000,14868,13203188,58565,5175,11,13,16110185,5071,0,0,0
2026-04-22 22:12:12,38086635,14635,13208255,58592,5094,12,13,16115233,5048,0,0,0
2026-04-22 22:12:13,38101759,15124,13213485,58613,5251,12,13,16120298,5065,0,0,0
2026-04-22 22:12:14,38116320,14561,13218543,58640,5085,11,13,16125385,5087,0,0,0
2026-04-22 22:12:15,38131306,14986,13223727,58671,5215,11,13,16130471,5086,0,0,0
2026-04-22 22:12:16,38146235,14929,13228906,58695,5203,12,13,16135542,5071,0,0,0
2026-04-22 22:12:18,38160929,14694,13234016,58717,5132,12,13,16140596,5054,0,0,0
2026-04-22 22:12:19,38175166,14237,13238971,58735,4973,12,13,16150761,10165,0,0,0
2026-04-22 22:12:20,38190014,14848,13244121,58760,5175,11,13,16155837,5076,0,0,0
2026-04-22 22:12:21,38205403,15389,13249445,58783,5347,12,13,16160909,5072,0,0,0
2026-04-22 22:12:22,38220750,15347,13254758,58804,5334,11,13,16165983,5074,0,0,0
2026-04-22 22:12:23,38235292,14542,13259793,58830,5061,11,13,16171065,5082,0,0,0
2026-04-22 22:12:24,38249881,14589,13264851,58852,5080,10,13,16176129,5064,0,0,0
2026-04-22 22:12:25,38264093,14212,13269789,58871,4957,12,13,16181198,5069,0,0,0
2026-04-22 22:12:26,38278723,14630,13274853,58892,5085,11,13,16186282,5084,0,0,0
2026-04-22 22:12:27,38293534,14811,13279980,58914,5149,12,13,16191373,5091,0,0,0
2026-04-22 22:12:29,38307579,14045,13284862,58935,4903,11,13,16201521,10148,0,0,0
2026-04-22 22:12:30,38321687,14108,13289774,58956,4933,12,13,16206569,5048,0,0,0
2026-04-22 22:12:31,38335985,14298,13294745,58975,4990,11,13,16211659,5090,0,0,0
2026-04-22 22:12:32,38350775,14790,13299871,58997,5148,12,13,16216708,5049,0,0,0
2026-04-22 22:12:33,38365312,14537,13304906,59026,5064,12,13,16221778,5070,0,0,0
2026-04-22 22:12:34,38380210,14898,13310074,59046,5188,12,13,16226794,5016,0,0,0
2026-04-22 22:12:35,38394929,14719,13315206,59066,5152,12,13,16231816,5022,0,0,0
2026-04-22 22:12:36,38410294,15365,13320512,59099,5339,12,13,16236868,5052,0,0,0
2026-04-22 22:12:37,38424949,14655,13325614,59127,5130,12,13,16241941,5073,0,0,0
2026-04-22 22:12:38,38439445,14496,13330647,59150,5056,12,13,16247011,5070,0,0,0
2026-04-22 22:12:40,38453537,14092,13335543,59168,4914,12,13,16257159,10148,0,0,0
2026-04-22 22:12:41,38468531,14994,13340745,59188,5222,11,13,16262229,5070,0,0,0
2026-04-22 22:12:42,38483275,14744,13345868,59209,5144,12,13,16267313,5084,0,0,0
2026-04-22 22:12:43,38498304,15029,13351068,59231,5222,12,13,16272415,5102,0,0,0
2026-04-22 22:12:44,38513449,15145,13356330,59248,5279,11,13,16277546,5131,0,0,0
2026-04-22 22:12:45,38528381,14932,13361500,59273,5195,12,13,16282670,5124,0,0,0
2026-04-22 22:12:46,38543421,15040,13366697,59297,5221,11,13,16287775,5105,0,0,0
2026-04-22 22:12:47,38558292,14871,13371845,59321,5172,10,13,16292862,5087,0,0,0
2026-04-22 22:12:48,38573547,15255,13377136,59339,5309,11,13,16297916,5054,0,0,0
2026-04-22 22:12:50,38588213,14666,13382220,59364,5109,12,13,16308039,10123,0,0,0
2026-04-22 22:12:51,38603273,15060,13387450,59388,5254,11,13,16313131,5092,0,0,0
2026-04-22 22:12:52,38617954,14681,13392548,59413,5123,12,13,16318220,5089,0,0,0
2026-04-22 22:12:53,38633074,15120,13397802,59433,5274,9,13,16323308,5088,0,0,0
2026-04-22 22:12:54,38647964,14890,13402971,59456,5192,12,13,16328397,5089,0,0,0
2026-04-22 22:12:55,38662922,14958,13408157,59475,5205,12,13,16333471,5074,0,0,0
2026-04-22 22:12:56,38677912,14990,13413349,59502,5219,12,13,16338511,5040,0,0,0
2026-04-22 22:12:57,38692583,14671,13418441,59525,5115,12,13,16343535,5024,0,0,0
2026-04-22 22:12:58,38707559,14976,13423611,59559,5204,12,13,16348548,5013,0,0,0
2026-04-22 22:13:00,38721839,14280,13428583,59577,4990,12,13,16353599,5051,0,0,0
2026-04-22 22:13:01,38736958,15119,13433792,59606,5238,11,13,16363763,10164,0,0,0
2026-04-22 22:13:02,38752403,15445,13439139,59618,5359,12,13,16368844,5081,0,0,0
2026-04-22 22:13:03,38767250,14847,13444292,59641,5176,12,13,16373919,5075,0,0,0
2026-04-22 22:13:04,38782370,15120,13449532,59663,5262,11,13,16378982,5063,0,0,0
2026-04-22 22:13:05,38797039,14669,13454614,59688,5107,11,13,16384059,5077,0,0,0
2026-04-22 22:13:06,38812077,15038,13459829,59705,5232,11,13,16389132,5073,0,0,0
2026-04-22 22:13:07,38827431,15354,13465128,59731,5325,12,13,16394225,5093,0,0,0
2026-04-22 22:13:08,38842886,15455,13470457,59757,5355,11,13,16399330,5105,0,0,0
2026-04-22 22:13:09,38857657,14771,13475587,59782,5155,12,13,16404423,5093,0,0,0
2026-04-22 22:13:11,38871840,14183,13480508,59806,4945,12,13,16409521,5098,0,0,0
2026-04-22 22:13:12,38886957,15117,13485728,59827,5241,12,13,16419690,10169,0,0,0
2026-04-22 22:13:13,38901850,14893,13490884,59842,5171,12,13,16424734,5044,0,0,0
2026-04-22 22:13:14,38917244,15394,13496213,59862,5349,9,13,16429802,5068,0,0,0
2026-04-22 22:13:15,38932517,15273,13501490,59885,5300,11,13,16434890,5088,0,0,0
2026-04-22 22:13:16,38947711,15194,13506755,59906,5286,12,13,16440005,5115,0,0,0
2026-04-22 22:13:17,38962567,14856,13511925,59923,5187,12,13,16445113,5108,0,0,0
2026-04-22 22:13:18,38977860,15293,13517219,59946,5317,12,13,16450194,5081,0,0,0
2026-04-22 22:13:19,38993551,15691,13522642,59969,5446,11,13,16455250,5056,0,0,0
2026-04-22 22:13:20,39008399,14848,13527777,59993,5159,12,13,16460325,5075,0,0,0
2026-04-22 22:13:22,39023454,15055,13532976,60021,5227,12,13,16470548,10223,0,0,0
2026-04-22 22:13:23,39038455,15001,13538196,60043,5242,11,13,16475690,5142,0,0,0
2026-04-22 22:13:24,39053415,14960,13543385,60065,5211,12,13,16480807,5117,0,0,0
2026-04-22 22:13:25,39068151,14736,13548485,60093,5128,12,13,16485958,5151,0,0,0
2026-04-22 22:13:26,39083090,14939,13553676,60112,5210,11,13,16491094,5136,0,0,0
2026-04-22 22:13:27,39098050,14960,13558867,60129,5208,12,13,16496214,5120,0,0,0
2026-04-22 22:13:28,39112963,14913,13564037,60151,5192,12,13,16501311,5097,0,0,0
2026-04-22 22:13:29,39127602,14639,13569116,60179,5107,12,13,16506426,5115,0,0,0
2026-04-22 22:13:30,39142167,14565,13574179,60201,5085,11,13,16511576,5150,0,0,0
2026-04-22 22:13:32,39156212,14045,13579074,60217,4911,12,13,16516716,5140,0,0,0
2026-04-22 22:13:33,39170963,14751,13584180,60240,5129,11,13,16526975,10259,0,0,0
2026-04-22 22:13:34,39186133,15170,13589424,60270,5274,12,13,16532080,5105,0,0,0
2026-04-22 22:13:35,39201097,14964,13594620,60294,5220,11,13,16537166,5086,0,0,0
2026-04-22 22:13:36,39216340,15243,13599898,60328,5312,12,13,16542260,5094,0,0,0
2026-04-22 22:13:37,39231040,14700,13605000,60354,5128,11,13,16547376,5116,0,0,0
2026-04-22 22:13:38,39245912,14872,13610136,60390,5172,12,13,16552484,5108,0,0,0
2026-04-22 22:13:39,39260805,14893,13615299,60419,5192,12,13,16557572,5088,0,0,0
2026-04-22 22:13:40,39275433,14628,13620377,60453,5112,12,13,16562664,5092,0,0,0
2026-04-22 22:13:41,39290057,14624,13625460,60477,5107,12,13,16567769,5105,0,0,0
2026-04-22 22:13:43,39304701,14644,13630539,60498,5100,12,13,16578042,10273,0,0,0
2026-04-22 22:13:44,39319141,14440,13635548,60523,5034,10,13,16583162,5120,0,0,0
2026-04-22 22:13:45,39333846,14705,13640642,60545,5116,12,13,16588239,5077,0,0,0
2026-04-22 22:13:46,39348410,14564,13645688,60572,5073,11,13,16593286,5047,0,0,0
2026-04-22 22:13:47,39363163,14753,13650811,60594,5145,11,13,16598298,5012,0,0,0
2026-04-22 22:13:48,39378041,14878,13655968,60610,5173,12,13,16603347,5049,0,0,0
2026-04-22 22:13:49,39392976,14935,13661150,60632,5204,12,13,16608418,5071,0,0,0
2026-04-22 22:13:50,39408018,15042,13666370,60654,5242,11,13,16613502,5084,0,0,0
2026-04-22 22:13:51,39423314,15296,13671682,60672,5330,12,13,16618575,5073,0,0,0
2026-04-22 22:13:53,39438178,14864,13676839,60692,5177,10,13,16623666,5091,0,0,0
2026-04-22 22:13:54,39453037,14859,13681968,60711,5148,12,13,16633875,10209,0,0,0
2026-04-22 22:13:55,39468082,15045,13687189,60735,5245,11,13,16638972,5097,0,0,0
2026-04-22 22:13:56,39483227,15145,13692431,60764,5271,12,13,16644063,5091,0,0,0
2026-04-22 22:13:57,39498134,14907,13697600,60790,5195,10,13,16649190,5127,0,0,0
2026-04-22 22:13:58,39512975,14841,13702734,60817,5161,11,13,16654335,5145,0,0,0
2026-04-22 22:13:59,39527880,14905,13707900,60831,5180,11,13,16659437,5102,0,0,0
2026-04-22 22:14:00,39542691,14811,13713051,60850,5170,10,13,16664542,5105,0,0,0
2026-04-22 22:14:01,39557951,15260,13718333,60879,5311,11,13,16669625,5083,0,0,0
2026-04-22 22:14:02,39573081,15130,13723561,60899,5248,11,13,16674727,5102,0,0,0
2026-04-22 22:14:04,39586913,13832,13728374,60916,4830,12,13,16679806,5079,0,0,0
2026-04-22 22:14:05,39601595,14682,13733446,60944,5100,11,13,16689970,10164,0,0,0
2026-04-22 22:14:06,39616302,14707,13738548,60970,5128,12,13,16695046,5076,0,0,0
2026-04-22 22:14:07,39631000,14698,13743642,60992,5116,11,13,16700145,5099,0,0,0
2026-04-22 22:14:08,39645912,14912,13748818,61007,5191,11,13,16705228,5083,0,0,0
2026-04-22 22:14:09,39660967,15055,13754037,61027,5239,11,13,16710296,5068,0,0,0
2026-04-22 22:14:10,39676147,15180,13759308,61045,5289,10,13,16715350,5054,0,0,0
2026-04-22 22:14:11,39690878,14731,13764420,61066,5133,12,13,16720442,5092,0,0,0
2026-04-22 22:14:12,39705335,14457,13769455,61078,5047,11,13,16725560,5118,0,0,0
2026-04-22 22:14:14,39719899,14564,13774537,61089,5093,12,13,16730679,5119,0,0,0
2026-04-22 22:14:15,39734738,14839,13779687,61110,5171,11,13,16740945,10266,0,0,0
2026-04-22 22:14:16,39749967,15229,13784966,61126,5295,12,13,16746067,5122,0,0,0
2026-04-22 22:14:17,39765088,15121,13790215,61143,5266,12,13,16751152,5085,0,0,0
2026-04-22 22:14:18,39779923,14835,13795348,61178,5168,12,13,16756217,5065,0,0,0
2026-04-22 22:14:19,39794713,14790,13800470,61206,5150,12,13,16761303,5086,0,0,0
2026-04-22 22:14:20,39809452,14739,13805596,61229,5149,12,13,16766391,5088,0,0,0
2026-04-22 22:14:21,39824104,14652,13810692,61250,5117,12,13,16771505,5114,0,0,0
2026-04-22 22:14:22,39838977,14873,13815841,61273,5172,12,13,16776637,5132,0,0,0
2026-04-22 22:14:23,39854087,15110,13821067,61302,5255,12,13,16781758,5121,0,0,0
2026-04-22 22:14:25,39868264,14177,13825988,61330,4949,12,13,16791979,10221,0,0,0
2026-04-22 22:14:26,39882948,14684,13831081,61349,5112,12,13,16797089,5110,0,0,0
2026-04-22 22:14:27,39898020,15072,13836316,61372,5258,12,13,16802196,5107,0,0,0
2026-04-22 22:14:28,39912862,14842,13841454,61395,5161,12,13,16807262,5066,0,0,0
2026-04-22 22:14:29,39927750,14888,13846626,61416,5193,12,13,16812310,5048,0,0,0
2026-04-22 22:14:30,39943013,15263,13851909,61439,5306,12,13,16817353,5043,0,0,0
2026-04-22 22:14:31,39957694,14681,13857024,61454,5130,11,13,16822442,5089,0,0,0
2026-04-22 22:14:32,39972880,15186,13862282,61471,5275,12,13,16827583,5141,0,0,0
2026-04-22 22:14:33,39988104,15224,13867554,61497,5298,12,13,16832717,5134,0,0,0
2026-04-22 22:14:35,40002315,14211,13872483,61525,4957,9,13,16837858,5141,0,0,0
2026-04-22 22:14:36,40017013,14698,13877585,61551,5128,12,13,16848066,10208,0,0,0
2026-04-22 22:14:37,40031664,14651,13882654,61582,5100,12,13,16853168,5102,0,0,0
2026-04-22 22:14:38,40046035,14371,13887655,61598,5017,11,13,16858291,5123,0,0,0
2026-04-22 22:14:39,40060192,14157,13892576,61623,4946,12,13,16863413,5122,0,0,0
2026-04-22 22:14:40,40074724,14532,13897629,61641,5071,12,13,16868547,5134,0,0,0
2026-04-22 22:14:41,40089473,14749,13902749,61666,5145,12,13,16873674,5127,0,0,0
2026-04-22 22:14:42,40104407,14934,13907913,61698,5196,12,13,16878796,5122,0,0,0
2026-04-22 22:14:43,40118989,14582,13912976,61725,5090,11,13,16883922,5126,0,0,0
2026-04-22 22:14:44,40133884,14895,13918142,61739,5180,12,13,16889030,5108,0,0,0
2026-04-22 22:14:46,40148294,14410,13923147,61759,5025,12,13,16899213,10183,0,0,0
2026-04-22 22:14:47,40163487,15193,13928406,61783,5283,12,13,16904341,5128,0,0,0
2026-04-22 22:14:48,40177992,14505,13933469,61795,5075,12,13,16909502,5161,0,0,0
2026-04-22 22:14:49,40193280,15288,13938765,61813,5314,11,13,16914625,5123,0,0,0
2026-04-22 22:14:50,40208336,15056,13943975,61832,5229,12,13,16919740,5115,0,0,0
2026-04-22 22:14:51,40223622,15286,13949271,61853,5317,12,13,16924841,5101,0,0,0
2026-04-22 22:14:52,40238629,15007,13954475,61874,5225,10,13,16929944,5103,0,0,0
2026-04-22 22:14:53,40253339,14710,13959586,61888,5125,11,13,16935049,5105,0,0,0
2026-04-22 22:14:54,40268652,15313,13964877,61910,5313,11,13,16940157,5108,0,0,0
2026-04-22 22:14:56,40283346,14694,13969978,61933,5124,12,13,16945283,5126,0,0,0
2026-04-22 22:14:57,40298198,14852,13975142,61952,5183,12,13,16955435,10152,0,0,0
2026-04-22 22:14:58,40313139,14941,13980327,61979,5212,11,13,16960483,5048,0,0,0
2026-04-22 22:14:59,40327900,14761,13985465,61995,5154,12,13,16965567,5084,0,0,0
2026-04-22 22:15:00,40342715,14815,13990603,62030,5173,12,13,16970664,5097,0,0,0
2026-04-22 22:15:01,40356777,14062,13995499,62056,4922,12,13,16975764,5100,0,0,0
2026-04-22 22:15:02,40371264,14487,14000544,62067,5056,9,13,16980880,5116,0,0,0
2026-04-22 22:15:03,40385975,14711,14005633,62091,5113,11,13,16986013,5133,0,0,0
2026-04-22 22:15:04,40400998,15023,14010828,62120,5224,11,13,16991154,5141,0,0,0
2026-04-22 22:15:05,40415471,14473,14015847,62146,5045,12,13,16996273,5119,0,0,0
2026-04-22 22:15:07,40429591,14120,14020746,62167,4920,12,13,17001369,5096,0,0,0
2026-04-22 22:15:08,40443850,14259,14025688,62193,4968,12,13,17011578,10209,0,0,0
2026-04-22 22:15:09,40458508,14658,14030774,62225,5118,13,13,17016720,5142,0,0,0
2026-04-22 22:15:10,40472504,13996,14035635,62243,4879,12,13,17021863,5143,0,0,0
2026-04-22 22:15:11,40486396,13892,14040454,62267,4843,12,13,17026967,5104,0,0,0
2026-04-22 22:15:12,40500317,13921,14045299,62289,4867,12,13,17032077,5110,0,0,0
2026-04-22 22:15:13,40514726,14409,14050300,62307,5019,12,13,17037143,5066,0,0,0
2026-04-22 22:15:14,40529345,14619,14055360,62340,5093,11,13,17042273,5130,0,0,0
2026-04-22 22:15:15,40543638,14293,14060323,62351,4974,12,13,17047401,5128,0,0,0
2026-04-22 22:15:16,40558382,14744,14065443,62377,5146,11,13,17052545,5144,0,0,0
2026-04-22 22:15:18,40572212,13830,14070235,62398,4813,12,13,17057667,5122,0,0,0
2026-04-22 22:15:19,40586929,14717,14075340,62421,5128,12,13,17067883,10216,0,0,0
2026-04-22 22:15:20,40601748,14819,14080481,62451,5171,12,13,17072998,5115,0,0,0
2026-04-22 22:15:21,40615941,14193,14085399,62479,4946,11,13,17078131,5133,0,0,0
2026-04-22 22:15:22,40630042,14101,14090304,62496,4922,12,13,17083253,5122,0,0,0
2026-04-22 22:15:23,40644241,14199,14095223,62516,4939,12,13,17088341,5088,0,0,0
2026-04-22 22:15:24,40658574,14333,14100196,62533,4990,12,13,17093446,5105,0,0,0
2026-04-22 22:15:25,40672814,14240,14105134,62560,4965,12,13,17098604,5158,0,0,0
2026-04-22 22:15:26,40686867,14053,14110008,62579,4893,10,13,17103766,5162,0,0,0
2026-04-22 22:15:28,40700698,13831,14114802,62604,4819,12,13,17108898,5132,0,0,0
2026-04-22 22:15:29,40714622,13924,14119610,62628,4832,12,13,17119155,10257,0,0,0
2026-04-22 22:15:30,40729364,14742,14124719,62656,5137,12,13,17124300,5145,0,0,0
2026-04-22 22:15:31,40744272,14908,14129895,62685,5205,11,13,17129441,5141,0,0,0
2026-04-22 22:15:32,40759146,14874,14135050,62709,5179,12,13,17134557,5116,0,0,0
2026-04-22 22:15:33,40774148,15002,14140245,62734,5220,12,13,17139660,5103,0,0,0
2026-04-22 22:15:34,40788830,14682,14145335,62756,5112,12,13,17144790,5130,0,0,0
2026-04-22 22:15:35,40803934,15104,14150559,62786,5254,11,13,17149908,5118,0,0,0
2026-04-22 22:15:36,40818506,14572,14155604,62809,5068,12,13,17155076,5168,0,0,0
2026-04-22 22:15:37,40833161,14655,14160690,62828,5105,12,13,17160237,5161,0,0,0
2026-04-22 22:15:39,40847450,14289,14165650,62851,4983,11,13,17165376,5139,0,0,0
2026-04-22 22:15:40,40862276,14826,14170790,62870,5159,10,13,17175610,10234,0,0,0
2026-04-22 22:15:41,40876695,14419,14175797,62888,5025,12,13,17180724,5114,0,0,0
2026-04-22 22:15:42,40891788,15093,14181006,62915,5236,12,13,17185855,5131,0,0,0
2026-04-22 22:15:43,40906460,14672,14186088,62940,5107,12,13,17190971,5116,0,0,0
2026-04-22 22:15:44,40921023,14563,14191129,62964,5065,11,13,17196094,5123,0,0,0
2026-04-22 22:15:45,40935036,14013,14196015,62979,4901,12,13,17201226,5132,0,0,0
2026-04-22 22:15:46,40949827,14791,14201142,63011,5159,12,13,17206329,5103,0,0,0
2026-04-22 22:15:47,40964596,14769,14206267,63025,5139,12,13,17211440,5111,0,0,0
2026-04-22 22:15:48,40979338,14742,14211374,63051,5133,12,13,17216546,5106,0,0,0
2026-04-22 22:15:50,40993194,13856,14216200,63068,4843,11,13,17226811,10265,0,0,0
2026-04-22 22:15:51,41008041,14847,14221350,63087,5169,11,13,17231959,5148,0,0,0
2026-04-22 22:15:52,41023006,14965,14226548,63102,5213,12,13,17237091,5132,0,0,0
2026-04-22 22:15:53,41038211,15205,14231815,63124,5289,12,13,17242192,5101,0,0,0
2026-04-22 22:15:54,41052871,14660,14236910,63139,5110,10,13,17247304,5112,0,0,0
2026-04-22 22:15:55,41067895,15024,14242131,63155,5237,12,13,17252404,5100,0,0,0
2026-04-22 22:15:56,41082813,14918,14247291,63178,5183,12,13,17257524,5120,0,0,0
2026-04-22 22:15:57,41097592,14779,14252420,63202,5153,11,13,17262624,5100,0,0,0
2026-04-22 22:15:58,41112472,14880,14257570,63232,5180,12,13,17267754,5130,0,0,0
2026-04-22 22:16:00,41127097,14625,14262646,63258,5102,12,13,17272860,5106,0,0,0
2026-04-22 22:16:01,41141447,14350,14267651,63278,5025,12,13,17283018,10158,0,0,0
2026-04-22 22:16:02,41156170,14723,14272751,63299,5121,12,13,17288114,5096,0,0,0
2026-04-22 22:16:03,41171223,15053,14277966,63321,5237,12,13,17293201,5087,0,0,0
2026-04-22 22:16:04,41186181,14958,14283151,63337,5201,11,13,17298320,5119,0,0,0
2026-04-22 22:16:05,41201725,15544,14288527,63363,5402,12,13,17303416,5096,0,0,0
2026-04-22 22:16:06,41216714,14989,14293746,63376,5232,12,13,17308560,5144,0,0,0
2026-04-22 22:16:07,41232018,15304,14299035,63403,5316,12,13,17313667,5107,0,0,0
2026-04-22 22:16:08,41247004,14986,14304238,63423,5223,12,13,17318815,5148,0,0,0
2026-04-22 22:16:09,41261492,14488,14309251,63443,5033,12,13,17323936,5121,0,0,0
2026-04-22 22:16:11,41275289,13797,14314040,63461,4807,12,13,17329069,5133,0,0,0
2026-04-22 22:16:12,41289717,14428,14319050,63484,5033,9,13,17339327,10258,0,0,0
2026-04-22 22:16:13,41304434,14717,14324121,63517,5104,10,13,17344438,5111,0,0,0
2026-04-22 22:16:14,41319271,14837,14329273,63534,5169,10,13,17349551,5113,0,0,0
2026-04-22 22:16:15,41333962,14691,14334367,63559,5119,12,13,17354683,5132,0,0,0
2026-04-22 22:16:16,41348493,14531,14339415,63584,5073,11,13,17359805,5122,0,0,0
2026-04-22 22:16:17,41363210,14717,14344519,63614,5134,11,13,17364944,5139,0,0,0
2026-04-22 22:16:18,41377150,13940,14349353,63648,4868,12,13,17370047,5103,0,0,0
2026-04-22 22:16:19,41391566,14416,14354359,63666,5024,12,13,17375144,5097,0,0,0
2026-04-22 22:16:20,41406329,14763,14359483,63686,5144,12,13,17380232,5088,0,0,0
2026-04-22 22:16:22,41420481,14152,14364360,63711,4902,12,13,17385344,5112,0,0,0
2026-04-22 22:16:23,41435183,14702,14369457,63725,5111,11,13,17395595,10251,0,0,0
2026-04-22 22:16:24,41449983,14800,14374591,63745,5154,12,13,17400718,5123,0,0,0
2026-04-22 22:16:25,41464472,14489,14379618,63765,5047,11,13,17405850,5132,0,0,0
2026-04-22 22:16:26,41479583,15111,14384861,63787,5265,12,13,17410974,5124,0,0,0
2026-04-22 22:16:27,41495197,15614,14390250,63816,5418,11,13,17416105,5131,0,0,0
2026-04-22 22:16:28,41510376,15179,14395497,63847,5278,12,13,17421235,5130,0,0,0
2026-04-22 22:16:29,41525435,15059,14400718,63866,5240,12,13,17426375,5140,0,0,0
2026-04-22 22:16:30,41540543,15108,14405963,63888,5267,12,13,17431469,5094,0,0,0
2026-04-22 22:16:32,41555547,15004,14411175,63911,5235,12,13,17436563,5094,0,0,0
2026-04-22 22:16:33,41570015,14468,14416187,63936,5037,11,13,17446780,10217,0,0,0
2026-04-22 22:16:34,41584691,14676,14421277,63966,5120,11,13,17451888,5108,0,0,0
2026-04-22 22:16:35,41599636,14945,14426463,63983,5203,12,13,17457038,5150,0,0,0
2026-04-22 22:16:36,41614477,14841,14431601,64006,5161,12,13,17462206,5168,0,0,0
2026-04-22 22:16:37,41629248,14771,14436759,64018,5170,12,13,17467357,5151,0,0,0
2026-04-22 22:16:38,41644108,14860,14441920,64040,5183,12,13,17472475,5118,0,0,0
2026-04-22 22:16:39,41659038,14930,14447101,64067,5208,11,13,17477527,5052,0,0,0
2026-04-22 22:16:40,41674077,15039,14452307,64091,5230,12,13,17482584,5057,0,0,0
2026-04-22 22:16:41,41689340,15263,14457594,64110,5306,11,13,17487668,5084,0,0,0
2026-04-22 22:16:43,41703561,14221,14462532,64134,4962,12,13,17492800,5132,0,0,0
2026-04-22 22:16:44,41718243,14682,14467616,64159,5109,12,13,17503038,10238,0,0,0
2026-04-22 22:16:45,41733216,14973,14472816,64179,5220,12,13,17508141,5103,0,0,0
2026-04-22 22:16:46,41748143,14927,14477999,64203,5207,12,13,17513272,5131,0,0,0
2026-04-22 22:16:47,41762950,14807,14483136,64228,5162,12,13,17518382,5110,0,0,0
2026-04-22 22:16:48,41778427,15477,14488499,64243,5378,11,13,17523508,5126,0,0,0
2026-04-22 22:16:49,41793463,15036,14493717,64270,5245,12,13,17528621,5113,0,0,0
2026-04-22 22:16:50,41808812,15349,14499043,64287,5343,12,13,17533721,5100,0,0,0
2026-04-22 22:16:51,41823403,14591,14504103,64320,5093,12,13,17538819,5098,0,0,0
2026-04-22 22:16:52,41838004,14601,14509191,64340,5108,12,13,17543930,5111,0,0,0
2026-04-22 22:16:54,41852625,14621,14514274,64358,5101,12,13,17554167,10237,0,0,0
2026-04-22 22:16:55,41867242,14617,14519326,64383,5077,12,13,17559251,5084,0,0,0
2026-04-22 22:16:56,41881612,14370,14524325,64411,5027,12,13,17564302,5051,0,0,0
2026-04-22 22:16:57,41895922,14310,14529300,64433,4997,12,13,17569352,5050,0,0,0
2026-04-22 22:16:58,41910721,14799,14534452,64452,5171,11,13,17574403,5051,0,0,0
2026-04-22 22:16:59,41925720,14999,14539640,64474,5210,11,13,17579489,5086,0,0,0
2026-04-22 22:17:00,41940832,15112,14544871,64495,5252,12,13,17584563,5074,0,0,0
2026-04-22 22:17:01,41955730,14898,14550029,64521,5184,10,13,17589637,5074,0,0,0
2026-04-22 22:17:02,41970709,14979,14555227,64543,5220,11,13,17594733,5096,0,0,0
2026-04-22 22:17:04,41985546,14837,14560385,64571,5186,12,13,17599842,5109,0,0,0
2026-04-22 22:17:05,42000913,15367,14565696,64587,5327,12,13,17609988,10146,0,0,0
2026-04-22 22:17:06,42015949,15036,14570924,64609,5250,12,13,17615059,5071,0,0,0
2026-04-22 22:17:07,42031066,15117,14576186,64624,5277,12,13,17620192,5133,0,0,0
2026-04-22 22:17:08,42045983,14917,14581360,64651,5201,11,13,17625272,5080,0,0,0
2026-04-22 22:17:09,42060895,14912,14586524,64680,5193,11,13,17630367,5095,0,0,0
2026-04-22 22:17:10,42075850,14955,14591710,64707,5213,9,13,17635459,5092,0,0,0
2026-04-22 22:17:11,42090634,14784,14596842,64727,5152,12,13,17640596,5137,0,0,0
2026-04-22 22:17:12,42105132,14498,14601860,64751,5042,12,13,17645725,5129,0,0,0
2026-04-22 22:17:13,42119494,14362,14606854,64776,5019,12,13,17650830,5105,0,0,0
2026-04-22 22:17:15,42134358,14864,14611996,64796,5162,10,13,17660969,10139,0,0,0
2026-04-22 22:17:16,42149402,15044,14617212,64821,5241,11,13,17666033,5064,0,0,0
2026-04-22 22:17:17,42164345,14943,14622396,64849,5212,12,13,17671117,5084,0,0,0
2026-04-22 22:17:18,42179398,15053,14627607,64874,5236,12,13,17676232,5115,0,0,0
2026-04-22 22:17:19,42194364,14966,14632795,64898,5212,12,13,17681346,5114,0,0,0
2026-04-22 22:17:20,42209764,15400,14638130,64918,5355,11,13,17686445,5099,0,0,0
2026-04-22 22:17:21,42224756,14992,14643325,64938,5215,11,13,17691552,5107,0,0,0
2026-04-22 22:17:22,42239798,15042,14648544,64959,5240,12,13,17696636,5084,0,0,0
2026-04-22 22:17:23,42254440,14642,14653651,64978,5126,12,13,17701720,5084,0,0,0
2026-04-22 22:17:24,42269206,14766,14658769,64999,5139,12,13,17706796,5076,0,0,0
2026-04-22 22:17:26,42283568,14362,14663740,65020,4992,12,13,17716982,10186,0,0,0
2026-04-22 22:17:27,42298528,14960,14668925,65046,5211,11,13,17722072,5090,0,0,0
2026-04-22 22:17:28,42312964,14436,14673927,65070,5026,11,13,17727151,5079,0,0,0
2026-04-22 22:17:29,42327340,14376,14678928,65087,5018,11,13,17732236,5085,0,0,0
2026-04-22 22:17:30,42342119,14779,14684045,65109,5139,12,13,17737343,5107,0,0,0
2026-04-22 22:17:31,42357074,14955,14689239,65133,5218,12,13,17742483,5140,0,0,0
2026-04-22 22:17:32,42372039,14965,14694449,65151,5228,12,13,17747614,5131,0,0,0
2026-04-22 22:17:33,42387510,15471,14699807,65173,5380,12,13,17752746,5132,0,0,0
2026-04-22 22:17:34,42402506,14996,14705012,65200,5232,12,13,17757893,5147,0,0,0
2026-04-22 22:17:36,42416875,14369,14710023,65223,5034,12,13,17763030,5137,0,0,0
2026-04-22 22:17:37,42431504,14629,14715110,65242,5106,12,13,17773274,10244,0,0,0
2026-04-22 22:17:38,42446351,14847,14720271,65262,5181,12,13,17778381,5107,0,0,0
2026-04-22 22:17:39,42460957,14606,14725325,65288,5080,12,13,17783496,5115,0,0,0
2026-04-22 22:17:40,42475706,14749,14730464,65305,5156,12,13,17788633,5137,0,0,0
2026-04-22 22:17:41,42490649,14943,14735650,65316,5197,11,13,17793759,5126,0,0,0
2026-04-22 22:17:42,42505348,14699,14740757,65338,5129,12,13,17798876,5117,0,0,0
2026-04-22 22:17:43,42519956,14608,14745837,65363,5105,12,13,17804008,5132,0,0,0
2026-04-22 22:17:44,42534693,14737,14750942,65378,5120,12,13,17809115,5107,0,0,0
2026-04-22 22:17:45,42549765,15072,14756156,65410,5246,12,13,17814246,5131,0,0,0
2026-04-22 22:17:47,42564230,14465,14761171,65437,5042,12,13,17824573,10327,0,0,0
2026-04-22 22:17:48,42579184,14954,14766361,65457,5210,11,13,17829776,5203,0,0,0
2026-04-22 22:17:49,42594157,14973,14771553,65479,5214,12,13,17834958,5182,0,0,0
2026-04-22 22:17:50,42608836,14679,14776662,65499,5129,12,13,17840080,5122,0,0,0
2026-04-22 22:17:51,42624176,15340,14781958,65526,5323,11,13,17845198,5118,0,0,0
2026-04-22 22:17:52,42639298,15122,14787198,65550,5264,12,13,17850308,5110,0,0,0
2026-04-22 22:17:53,42654413,15115,14792439,65569,5260,12,13,17855403,5095,0,0,0
2026-04-22 22:17:54,42669512,15099,14797682,65586,5260,11,13,17860500,5097,0,0,0
2026-04-22 22:17:55,42684323,14811,14802818,65610,5160,11,13,17865609,5109,0,0,0
2026-04-22 22:17:57,42699083,14760,14807964,65630,5166,12,13,17870720,5111,0,0,0
2026-04-22 22:17:58,42713256,14173,14812899,65656,4961,12,13,17880928,10208,0,0,0
2026-04-22 22:17:59,42727848,14592,14817965,65678,5088,12,13,17886041,5113,0,0,0
2026-04-22 22:18:00,42742822,14974,14823146,65707,5210,12,13,17891185,5144,0,0,0
2026-04-22 22:18:01,42757360,14538,14828194,65729,5070,11,13,17896330,5145,0,0,0
2026-04-22 22:18:02,42772212,14852,14833316,65755,5148,10,13,17901491,5161,0,0,0
2026-04-22 22:18:03,42787019,14807,14838464,65769,5162,12,13,17906606,5115,0,0,0
2026-04-22 22:18:04,42801965,14946,14843652,65785,5204,11,13,17911731,5125,0,0,0
2026-04-22 22:18:05,42816703,14738,14848744,65812,5119,12,13,17916858,5127,0,0,0
2026-04-22 22:18:06,42831500,14797,14853870,65844,5158,12,13,17921996,5138,0,0,0
2026-04-22 22:18:08,42845587,14087,14858747,65868,4901,11,13,17932252,10256,0,0,0
2026-04-22 22:18:09,42860022,14435,14863776,65895,5056,11,13,17937390,5138,0,0,0
2026-04-22 22:18:10,42874619,14597,14868846,65917,5092,12,13,17942535,5145,0,0,0
2026-04-22 22:18:11,42889247,14628,14873931,65939,5107,12,13,17947667,5132,0,0,0
2026-04-22 22:18:12,42904226,14979,14879116,65959,5205,12,13,17952759,5092,0,0,0
2026-04-22 22:18:13,42919056,14830,14884241,65982,5148,12,13,17957854,5095,0,0,0
2026-04-22 22:18:14,42934270,15214,14889506,66005,5288,12,13,17962957,5103,0,0,0
2026-04-22 22:18:15,42949015,14745,14894627,66029,5145,11,13,17968098,5141,0,0,0
2026-04-22 22:18:16,42964133,15118,14899874,66050,5268,11,13,17973218,5120,0,0,0
2026-04-22 22:18:18,42978095,13962,14904714,66073,4863,11,13,17978333,5115,0,0,0
2026-04-22 22:18:19,42993163,15068,14909915,66096,5224,10,13,17988548,10215,0,0,0
2026-04-22 22:18:20,43008106,14943,14915099,66119,5207,11,13,17993643,5095,0,0,0
2026-04-22 22:18:21,43023221,15115,14920342,66141,5265,12,13,17998743,5100,0,0,0
2026-04-22 22:18:22,43038417,15196,14925592,66159,5268,12,13,18003863,5120,0,0,0
2026-04-22 22:18:23,43053138,14721,14930690,66185,5124,11,13,18009008,5145,0,0,0
2026-04-22 22:18:24,43068617,15479,14936031,66210,5366,10,13,18014140,5132,0,0,0
2026-04-22 22:18:25,43083390,14773,14941181,66228,5168,12,13,18019257,5117,0,0,0
2026-04-22 22:18:26,43098504,15114,14946418,66257,5266,11,13,18024359,5102,0,0,0
2026-04-22 22:18:28,43113044,14540,14951461,66283,5069,11,13,18029460,5101,0,0,0
2026-04-22 22:18:29,43127617,14573,14956520,66309,5085,11,13,18039688,10228,0,0,0
2026-04-22 22:18:30,43142566,14949,14961695,66328,5194,12,13,18044834,5146,0,0,0
2026-04-22 22:18:31,43157149,14583,14966749,66349,5075,12,13,18049981,5147,0,0,0
2026-04-22 22:18:32,43171812,14663,14971829,66376,5107,12,13,18055085,5104,0,0,0
2026-04-22 22:18:33,43186978,15166,14977102,66400,5297,12,13,18060160,5075,0,0,0
2026-04-22 22:18:34,43201459,14481,14982125,66434,5057,11,13,18065238,5078,0,0,0
2026-04-22 22:18:35,43215689,14230,14987061,66447,4949,12,13,18070328,5090,0,0,0
2026-04-22 22:18:36,43230759,15070,14992275,66476,5243,12,13,18075410,5082,0,0,0
2026-04-22 22:18:38,43245363,14604,14997342,66504,5095,12,13,18080499,5089,0,0,0
2026-04-22 22:18:39,43259916,14553,15002384,66515,5053,12,13,18090693,10194,0,0,0
2026-04-22 22:18:40,43274560,14644,15007488,66531,5120,11,13,18095778,5085,0,0,0
2026-04-22 22:18:41,43289239,14679,15012600,66555,5136,11,13,18100886,5108,0,0,0
2026-04-22 22:18:42,43304403,15164,15017847,66578,5270,12,13,18105997,5111,0,0,0
2026-04-22 22:18:43,43319422,15019,15023045,66600,5220,12,13,18111129,5132,0,0,0
2026-04-22 22:18:44,43334388,14966,15028233,66627,5215,12,13,18116253,5124,0,0,0
2026-04-22 22:18:45,43349414,15026,15033439,66646,5225,11,13,18121382,5129,0,0,0
2026-04-22 22:18:46,43364005,14591,15038497,66667,5079,12,13,18126490,5108,0,0,0
2026-04-22 22:18:47,43378962,14957,15043676,66684,5196,12,13,18131626,5136,0,0,0
2026-04-22 22:18:49,43393366,14404,15048668,66710,5018,12,13,18141907,10281,0,0,0
2026-04-22 22:18:50,43408150,14784,15053803,66724,5149,12,13,18147041,5134,0,0,0
2026-04-22 22:18:51,43422902,14752,15058920,66754,5147,11,13,18152170,5129,0,0,0
2026-04-22 22:18:52,43437775,14873,15064082,66776,5184,12,13,18157293,5123,0,0,0
2026-04-22 22:18:53,43452849,15074,15069284,66805,5231,10,13,18162397,5104,0,0,0
2026-04-22 22:18:54,43467814,14965,15074463,66835,5209,10,13,18167524,5127,0,0,0
2026-04-22 22:18:55,43483026,15212,15079739,66857,5298,11,13,18172663,5139,0,0,0
2026-04-22 22:18:56,43498253,15227,15085007,66878,5289,12,13,18177791,5128,0,0,0
2026-04-22 22:18:57,43513241,14988,15090228,66897,5240,12,13,18182908,5117,0,0,0
2026-04-22 22:18:59,43527639,14398,15095248,66923,5046,12,13,18187978,5070,0,0,0
2026-04-22 22:19:00,43542127,14488,15100287,66954,5070,10,13,18198150,10172,0,0,0
2026-04-22 22:19:01,43557316,15189,15105562,66974,5295,11,13,18203265,5115,0,0,0
2026-04-22 22:19:02,43572681,15365,15110878,67002,5344,11,13,18208384,5119,0,0,0
2026-04-22 22:19:03,43587985,15304,15116155,67025,5300,11,13,18213510,5126,0,0,0
2026-04-22 22:19:04,43602850,14865,15121315,67047,5182,12,13,18218613,5103,0,0,0
2026-04-22 22:19:05,43617412,14562,15126382,67069,5089,10,13,18223707,5094,0,0,0
2026-04-22 22:19:06,43631899,14487,15131415,67097,5061,12,13,18228810,5103,0,0,0
2026-04-22 22:19:07,43646554,14655,15136501,67117,5106,11,13,18233942,5132,0,0,0
2026-04-22 22:19:08,43660892,14338,15141484,67147,5013,12,13,18239070,5128,0,0,0
2026-04-22 22:19:10,43674771,13879,15146317,67166,4852,12,13,18244193,5123,0,0,0
2026-04-22 22:19:11,43689764,14993,15151508,67183,5208,12,13,18254429,10236,0,0,0
2026-04-22 22:19:12,43704680,14916,15156675,67201,5185,11,13,18259569,5140,0,0,0
2026-04-22 22:19:13,43719592,14912,15161846,67228,5198,12,13,18264700,5131,0,0,0
2026-04-22 22:19:14,43734316,14724,15166952,67248,5126,12,13,18269824,5124,0,0,0
2026-04-22 22:19:15,43749265,14949,15172133,67270,5203,12,13,18274903,5079,0,0,0
2026-04-22 22:19:16,43764272,15007,15177330,67293,5220,11,13,18279988,5085,0,0,0
2026-04-22 22:19:17,43779275,15003,15182537,67319,5233,11,13,18285077,5089,0,0,0
2026-04-22 22:19:18,43794004,14729,15187677,67338,5159,11,13,18290208,5131,0,0,0
2026-04-22 22:19:20,43808726,14722,15192801,67358,5144,12,13,18295345,5137,0,0,0
2026-04-22 22:19:21,43822838,14112,15197705,67390,4936,12,13,18305639,10294,0,0,0
2026-04-22 22:19:22,43837541,14703,15202801,67410,5116,11,13,18310770,5131,0,0,0
2026-04-22 22:19:23,43852214,14673,15207874,67434,5097,10,13,18315872,5102,0,0,0
2026-04-22 22:19:24,43866523,14309,15212857,67444,4993,11,13,18320987,5115,0,0,0
2026-04-22 22:19:25,43881693,15170,15218097,67462,5258,12,13,18326133,5146,0,0,0
2026-04-22 22:19:26,43896828,15135,15223345,67480,5266,12,13,18331241,5108,0,0,0
2026-04-22 22:19:27,43911855,15027,15228545,67501,5221,12,13,18336366,5125,0,0,0
2026-04-22 22:19:28,43926458,14603,15233612,67519,5085,12,13,18341469,5103,0,0,0
2026-04-22 22:19:29,43941307,14849,15238770,67537,5176,12,13,18346575,5106,0,0,0
2026-04-22 22:19:31,43955421,14114,15243677,67552,4922,12,13,18356769,10194,0,0,0
2026-04-22 22:19:32,43970385,14964,15248880,67566,5217,11,13,18361873,5104,0,0,0
2026-04-22 22:19:33,43985238,14853,15254046,67592,5192,11,13,18366964,5091,0,0,0
2026-04-22 22:19:34,43999960,14722,15259131,67620,5113,12,13,18372071,5107,0,0,0
2026-04-22 22:19:35,44014991,15031,15264349,67644,5242,12,13,18377164,5093,0,0,0
2026-04-22 22:19:36,44029940,14949,15269549,67664,5220,12,13,18382258,5094,0,0,0
2026-04-22 22:19:37,44044775,14835,15274689,67690,5166,12,13,18387352,5094,0,0,0
2026-04-22 22:19:38,44059384,14609,15279761,67710,5092,11,13,18392437,5085,0,0,0
2026-04-22 22:19:39,44073931,14547,15284824,67731,5084,12,13,18397525,5088,0,0,0
2026-04-22 22:19:41,44088036,14105,15289747,67745,4937,12,13,18402624,5099,0,0,0
2026-04-22 22:19:42,44102284,14248,15294685,67766,4959,12,13,18412907,10283,0,0,0
2026-04-22 22:19:43,44116620,14336,15299651,67778,4978,12,13,18418047,5140,0,0,0
2026-04-22 22:19:44,44131737,15117,15304878,67800,5249,12,13,18423169,5122,0,0,0
2026-04-22 22:19:45,44146761,15024,15310068,67825,5215,12,13,18428264,5095,0,0,0
2026-04-22 22:19:46,44161376,14615,15315135,67848,5090,12,13,18433347,5083,0,0,0
2026-04-22 22:19:47,44176144,14768,15320268,67870,5155,11,13,18438412,5065,0,0,0
2026-04-22 22:19:48,44191032,14888,15325439,67889,5190,12,13,18443488,5076,0,0,0
2026-04-22 22:19:49,44206044,15012,15330630,67913,5215,12,13,18448560,5072,0,0,0
2026-04-22 22:19:50,44220888,14844,15335782,67937,5176,12,13,18453614,5054,0,0,0
2026-04-22 22:19:52,44235486,14598,15340849,67952,5082,11,13,18463773,10159,0,0,0
2026-04-22 22:19:53,44250236,14750,15345965,67991,5155,12,13,18468893,5120,0,0,0
2026-04-22 22:19:54,44265076,14840,15351122,68017,5183,10,13,18473984,5091,0,0,0
2026-04-22 22:19:55,44280060,14984,15356301,68047,5209,12,13,18479061,5077,0,0,0
2026-04-22 22:19:56,44294542,14482,15361328,68069,5049,12,13,18484164,5103,0,0,0
2026-04-22 22:19:57,44309444,14902,15366474,68089,5166,12,13,18489274,5110,0,0,0
2026-04-22 22:19:58,44323987,14543,15371517,68117,5071,11,13,18494391,5117,0,0,0
2026-04-22 22:19:59,44338381,14394,15376526,68141,5033,12,13,18499501,5110,0,0,0
2026-04-22 22:20:00,44352665,14284,15381502,68169,5004,12,13,18504627,5126,0,0,0
2026-04-22 22:20:02,44367039,14374,15386503,68193,5025,12,13,18509751,5124,0,0,0
2026-04-22 22:20:03,44381645,14606,15391550,68218,5072,12,13,18519991,10240,0,0,0
2026-04-22 22:20:04,44395765,14120,15396445,68242,4919,11,13,18525116,5125,0,0,0
2026-04-22 22:20:05,44409742,13977,15401312,68267,4892,12,13,18530230,5114,0,0,0
2026-04-22 22:20:06,44424182,14440,15406335,68286,5042,11,13,18535329,5099,0,0,0
2026-04-22 22:20:07,44438960,14778,15411450,68312,5141,12,13,18540381,5052,0,0,0
2026-04-22 22:20:08,44453757,14797,15416587,68329,5154,11,13,18545425,5044,0,0,0
2026-04-22 22:20:09,44468413,14656,15421668,68351,5103,11,13,18550487,5062,0,0,0
2026-04-22 22:20:10,44483164,14751,15426775,68373,5129,12,13,18555573,5086,0,0,0
2026-04-22 22:20:11,44497917,14753,15431864,68415,5131,11,13,18560673,5100,0,0,0
2026-04-22 22:20:13,44512129,14212,15436807,68431,4959,12,13,18565792,5119,0,0,0
2026-04-22 22:20:14,44526907,14778,15441927,68451,5140,12,13,18576020,10228,0,0,0
2026-04-22 22:20:15,44541588,14681,15447012,68472,5106,9,13,18581115,5095,0,0,0
2026-04-22 22:20:16,44556463,14875,15452147,68500,5163,12,13,18586211,5096,0,0,0
2026-04-22 22:20:17,44570900,14437,15457161,68524,5038,12,13,18591270,5059,0,0,0
2026-04-22 22:20:18,44585543,14643,15462245,68550,5110,12,13,18596340,5070,0,0,0
2026-04-22 22:20:19,44600883,15340,15467541,68585,5331,11,13,18601437,5097,0,0,0
2026-04-22 22:20:20,44615936,15053,15472768,68608,5250,11,13,18606549,5112,0,0,0
2026-04-22 22:20:21,44630707,14771,15477903,68635,5162,12,13,18611654,5105,0,0,0
2026-04-22 22:20:23,44645190,14483,15482944,68652,5058,11,13,18616730,5076,0,0,0
2026-04-22 22:20:24,44659756,14566,15488009,68676,5089,12,13,18626928,10198,0,0,0
2026-04-22 22:20:25,44674753,14997,15493210,68703,5228,12,13,18632046,5118,0,0,0
2026-04-22 22:20:26,44689902,15149,15498452,68729,5268,11,13,18637143,5097,0,0,0
2026-04-22 22:20:27,44704905,15003,15503650,68751,5220,11,13,18642211,5068,0,0,0
2026-04-22 22:20:28,44719633,14728,15508774,68779,5152,12,13,18647286,5075,0,0,0
2026-04-22 22:20:29,44734427,14794,15513899,68808,5154,12,13,18652361,5075,0,0,0
2026-04-22 22:20:30,44749377,14950,15519093,68827,5213,10,13,18657472,5111,0,0,0
2026-04-22 22:20:31,44764322,14945,15524295,68842,5217,11,13,18662587,5115,0,0,0
2026-04-22 22:20:33,44779314,14992,15529512,68859,5234,11,13,18667698,5111,0,0,0
2026-04-22 22:20:34,44793712,14398,15534502,68884,5015,12,13,18677850,10152,0,0,0
2026-04-22 22:20:35,44808640,14928,15539662,68912,5188,11,13,18682901,5051,0,0,0
2026-04-22 22:20:36,44824109,15469,15545021,68933,5380,11,13,18687965,5064,0,0,0
2026-04-22 22:20:37,44839599,15490,15550397,68951,5394,12,13,18693058,5093,0,0,0
2026-04-22 22:20:38,44855136,15537,15555788,68973,5413,10,13,18698154,5096,0,0,0
2026-04-22 22:20:39,44870314,15178,15561043,69000,5282,12,13,18703257,5103,0,0,0
2026-04-22 22:20:40,44885743,15429,15566377,69022,5356,12,13,18708337,5080,0,0,0
2026-04-22 22:20:41,44900917,15174,15571657,69036,5294,12,13,18713447,5110,0,0,0
2026-04-22 22:20:42,44916051,15134,15576899,69065,5271,12,13,18718579,5132,0,0,0
2026-04-22 22:20:44,44930488,14437,15581917,69085,5038,12,13,18723703,5124,0,0,0
2026-04-22 22:20:45,44945309,14821,15587041,69115,5154,12,13,18733893,10190,0,0,0
2026-04-22 22:20:46,44960788,15479,15592362,69151,5357,12,13,18738984,5091,0,0,0
2026-04-22 22:20:47,44975594,14806,15597474,69184,5145,12,13,18744079,5095,0,0,0
2026-04-22 22:20:48,44990391,14797,15602601,69208,5151,10,13,18749171,5092,0,0,0
2026-04-22 22:20:49,45005400,15009,15607807,69239,5237,11,13,18754230,5059,0,0,0
2026-04-22 22:20:50,45020232,14832,15612955,69259,5168,12,13,18759294,5064,0,0,0
2026-04-22 22:20:51,45035230,14998,15618145,69276,5207,11,13,18764371,5077,0,0,0
2026-04-22 22:20:52,45050239,15009,15623334,69293,5206,10,13,18769461,5090,0,0,0
2026-04-22 22:20:53,45065206,14967,15628512,69316,5201,12,13,18774559,5098,0,0,0
2026-04-22 22:20:55,45079817,14611,15633563,69336,5071,11,13,18784772,10213,0,0,0
2026-04-22 22:20:56,45095029,15212,15638839,69361,5301,11,13,18789843,5071,0,0,0
2026-04-22 22:20:57,45109675,14646,15643936,69386,5122,12,13,18794940,5097,0,0,0
2026-04-22 22:20:58,45124657,14982,15649135,69410,5223,12,13,18800047,5107,0,0,0
2026-04-22 22:20:59,45139771,15114,15654372,69437,5264,12,13,18805152,5105,0,0,0
2026-04-22 22:21:00,45154828,15057,15659593,69463,5247,12,13,18810216,5064,0,0,0
2026-04-22 22:21:01,45170126,15298,15664904,69483,5331,12,13,18815271,5055,0,0,0
2026-04-22 22:21:02,45185508,15382,15670219,69506,5338,12,13,18820346,5075,0,0,0
2026-04-22 22:21:03,45200511,15003,15675428,69534,5237,12,13,18825447,5101,0,0,0
2026-04-22 22:21:05,45214983,14472,15680467,69556,5061,12,13,18835654,10207,0,0,0
2026-04-22 22:21:06,45230030,15047,15685691,69578,5246,12,13,18840745,5091,0,0,0
2026-04-22 22:21:07,45245343,15313,15690978,69605,5314,12,13,18845841,5096,0,0,0
2026-04-22 22:21:08,45260418,15075,15696214,69628,5259,12,13,18850960,5119,0,0,0
2026-04-22 22:21:09,45275598,15180,15701453,69664,5275,12,13,18856066,5106,0,0,0
2026-04-22 22:21:10,45291140,15542,15706819,69693,5395,12,13,18861164,5098,0,0,0
2026-04-22 22:21:11,45306314,15174,15712088,69711,5287,12,13,18866262,5098,0,0,0
2026-04-22 22:21:12,45321626,15312,15717407,69729,5337,12,13,18871349,5087,0,0,0
2026-04-22 22:21:13,45336890,15264,15722701,69757,5322,11,13,18876456,5107,0,0,0
2026-04-22 22:21:15,45351910,15020,15727901,69781,5224,12,13,18881582,5126,0,0,0
2026-04-22 22:21:16,45366965,15055,15733124,69807,5249,12,13,18891875,10293,0,0,0
2026-04-22 22:21:17,45381960,14995,15738319,69827,5215,12,13,18897024,5149,0,0,0
2026-04-22 22:21:18,45396862,14902,15743482,69854,5190,11,13,18902195,5171,0,0,0
2026-04-22 22:21:19,45411705,14843,15748624,69877,5165,12,13,18907365,5170,0,0,0
2026-04-22 22:21:20,45426586,14881,15753789,69899,5187,12,13,18912509,5144,0,0,0
2026-04-22 22:21:21,45441176,14590,15758866,69914,5092,12,13,18917623,5114,0,0,0
2026-04-22 22:21:22,45455911,14735,15763973,69939,5132,12,13,18922682,5059,0,0,0
2026-04-22 22:21:23,45470947,15036,15769193,69958,5239,12,13,18927753,5071,0,0,0
2026-04-22 22:21:24,45485626,14679,15774284,69977,5110,10,13,18932851,5098,0,0,0
2026-04-22 22:21:26,45499905,14279,15779213,70006,4958,12,13,18943093,10242,0,0,0
2026-04-22 22:21:27,45515029,15124,15784453,70027,5261,12,13,18948203,5110,0,0,0
2026-04-22 22:21:28,45529712,14683,15789564,70042,5126,12,13,18953314,5111,0,0,0
2026-04-22 22:21:29,45544904,15192,15794811,70068,5273,12,13,18958429,5115,0,0,0
2026-04-22 22:21:30,45559817,14913,15799991,70090,5202,10,13,18963557,5128,0,0,0
2026-04-22 22:21:31,45575169,15352,15805288,70114,5321,11,13,18968679,5122,0,0,0
2026-04-22 22:21:32,45590623,15454,15810637,70131,5366,12,13,18973799,5120,0,0,0
2026-04-22 22:21:33,45605667,15044,15815864,70149,5245,11,13,18978921,5122,0,0,0
2026-04-22 22:21:34,45621020,15353,15821189,70167,5343,12,13,18984038,5117,0,0,0
2026-04-22 22:21:36,45636199,15179,15826456,70183,5283,12,13,18989152,5114,0,0,0
2026-04-22 22:21:37,45651370,15171,15831704,70205,5270,12,13,18999397,10245,0,0,0
2026-04-22 22:21:38,45666391,15021,15836941,70219,5251,12,13,19004553,5156,0,0,0
2026-04-22 22:21:39,45681731,15340,15842246,70253,5339,12,13,19009757,5204,0,0,0
2026-04-22 22:21:40,45696410,14679,15847349,70277,5127,11,13,19014922,5165,0,0,0
2026-04-22 22:21:41,45711416,15006,15852559,70294,5227,12,13,19020048,5126,0,0,0
2026-04-22 22:21:42,45726678,15262,15857861,70313,5321,11,13,19025159,5111,0,0,0
2026-04-22 22:21:43,45741664,14986,15863046,70343,5215,11,13,19030318,5159,0,0,0
2026-04-22 22:21:44,45757073,15409,15868387,70365,5363,12,13,19035491,5173,0,0,0
2026-04-22 22:21:45,45772109,15036,15873595,70393,5236,12,13,19040661,5170,0,0,0
2026-04-22 22:21:47,45786931,14822,15878726,70416,5154,12,13,19050957,10296,0,0,0
2026-04-22 22:21:48,45802240,15309,15884042,70433,5333,12,13,19056050,5093,0,0,0
2026-04-22 22:21:49,45817108,14868,15889195,70465,5185,11,13,19061155,5105,0,0,0
2026-04-22 22:21:50,45832077,14969,15894406,70492,5238,12,13,19066288,5133,0,0,0
2026-04-22 22:21:51,45847099,15022,15899617,70508,5227,12,13,19071452,5164,0,0,0
2026-04-22 22:21:52,45861817,14718,15904723,70534,5132,12,13,19076611,5159,0,0,0
2026-04-22 22:21:53,45876564,14747,15909821,70555,5119,12,13,19081749,5138,0,0,0
2026-04-22 22:21:54,45891018,14454,15914851,70570,5045,10,13,19086862,5113,0,0,0
2026-04-22 22:21:55,45905762,14744,15919963,70593,5135,12,13,19091991,5129,0,0,0
2026-04-22 22:21:57,45920243,14481,15924990,70616,5050,10,13,19097084,5093,0,0,0
2026-04-22 22:21:58,45934120,13877,15929820,70640,4854,12,13,19107295,10211,0,0,0
2026-04-22 22:21:59,45949050,14930,15934997,70662,5199,11,13,19112422,5127,0,0,0
2026-04-22 22:22:00,45963842,14792,15940138,70685,5164,12,13,19117541,5119,0,0,0
2026-04-22 22:22:01,45978662,14820,15945279,70707,5163,12,13,19122655,5114,0,0,0
2026-04-22 22:22:02,45993847,15185,15950539,70727,5280,12,13,19127735,5080,0,0,0
2026-04-22 22:22:03,46008711,14864,15955699,70748,5181,11,13,19132802,5067,0,0,0
2026-04-22 22:22:04,46023408,14697,15960816,70770,5139,12,13,19137877,5075,0,0,0
2026-04-22 22:22:05,46038988,15580,15966215,70788,5417,12,13,19142989,5112,0,0,0
2026-04-22 22:22:06,46054082,15094,15971451,70824,5272,10,13,19148105,5116,0,0,0
2026-04-22 22:22:08,46068585,14503,15976482,70848,5055,11,13,19158249,10144,0,0,0
2026-04-22 22:22:09,46083750,15165,15981749,70873,5292,11,13,19163301,5052,0,0,0
2026-04-22 22:22:10,46098854,15104,15986977,70898,5253,11,13,19168367,5066,0,0,0
2026-04-22 22:22:11,46113934,15080,15992203,70920,5248,12,13,19173421,5054,0,0,0
2026-04-22 22:22:12,46128762,14828,15997350,70944,5171,12,13,19178502,5081,0,0,0
2026-04-22 22:22:13,46143391,14629,16002443,70967,5116,11,13,19183568,5066,0,0,0
2026-04-22 22:22:14,46158439,15048,16007663,70980,5233,12,13,19188664,5096,0,0,0
2026-04-22 22:22:15,46173448,15009,16012872,71004,5233,12,13,19193789,5125,0,0,0
2026-04-22 22:22:16,46188768,15320,16018186,71029,5339,10,13,19198929,5140,0,0,0
2026-04-22 22:22:18,46203418,14650,16023259,71066,5110,12,13,19204071,5142,0,0,0
2026-04-22 22:22:19,46218448,15030,16028488,71086,5249,12,13,19214326,10255,0,0,0
2026-04-22 22:22:20,46233969,15521,16033871,71108,5405,12,13,19219464,5138,0,0,0
2026-04-22 22:22:21,46249212,15243,16039168,71127,5316,12,13,19224585,5121,0,0,0
2026-04-22 22:22:22,46263741,14529,16044206,71154,5065,11,13,19229700,5115,0,0,0
2026-04-22 22:22:23,46278645,14904,16049369,71182,5191,12,13,19234794,5094,0,0,0
2026-04-22 22:22:24,46293298,14653,16054466,71205,5120,11,13,19239902,5108,0,0,0
2026-04-22 22:22:25,46307991,14693,16059566,71230,5125,12,13,19245020,5118,0,0,0
2026-04-22 22:22:26,46323019,15028,16064777,71259,5240,12,13,19250141,5121,0,0,0
2026-04-22 22:22:28,46337256,14237,16069713,71288,4965,12,13,19255260,5119,0,0,0
2026-04-22 22:22:29,46351092,13836,16074504,71318,4821,12,13,19265483,10223,0,0,0
2026-04-22 22:22:30,46365667,14575,16079573,71334,5085,12,13,19270610,5127,0,0,0
2026-04-22 22:22:31,46380535,14868,16084731,71361,5185,11,13,19275754,5144,0,0,0
2026-04-22 22:22:32,46395419,14884,16089884,71385,5177,10,13,19280869,5115,0,0,0
2026-04-22 22:22:33,46410166,14747,16095003,71407,5141,12,13,19285989,5120,0,0,0
2026-04-22 22:22:34,46424853,14687,16100119,71427,5136,11,13,19291133,5144,0,0,0
2026-04-22 22:22:35,46439634,14781,16105245,71456,5155,12,13,19296275,5142,0,0,0
2026-04-22 22:22:36,46454717,15083,16110495,71473,5267,12,13,19301406,5131,0,0,0
2026-04-22 22:22:37,46470036,15319,16115806,71494,5332,11,13,19306523,5117,0,0,0
2026-04-22 22:22:39,46484808,14772,16120943,71514,5157,12,13,19311616,5093,0,0,0
2026-04-22 22:22:40,46499357,14549,16126006,71533,5082,10,13,19321826,10210,0,0,0
2026-04-22 22:22:41,46514060,14703,16131119,71555,5135,12,13,19326945,5119,0,0,0
2026-04-22 22:22:42,46528994,14934,16136293,71583,5202,11,13,19332073,5128,0,0,0
2026-04-22 22:22:43,46543905,14911,16141456,71610,5190,12,13,19337191,5118,0,0,0
2026-04-22 22:22:44,46558518,14613,16146522,71639,5095,11,13,19342306,5115,0,0,0
2026-04-22 22:22:45,46573406,14888,16151694,71658,5191,12,13,19347411,5105,0,0,0
2026-04-22 22:22:46,46588025,14619,16156766,71681,5095,12,13,19352527,5116,0,0,0
2026-04-22 22:22:47,46603228,15203,16162043,71703,5299,12,13,19357651,5124,0,0,0
2026-04-22 22:22:49,46618484,15256,16167322,71730,5306,12,13,19362818,5167,0,0,0
2026-04-22 22:22:50,46633628,15144,16172540,71767,5255,12,13,19373115,10297,0,0,0
2026-04-22 22:22:51,46648702,15074,16177761,71797,5251,12,13,19378211,5096,0,0,0
2026-04-22 22:22:52,46663548,14846,16182912,71816,5170,11,13,19383291,5080,0,0,0
2026-04-22 22:22:53,46678159,14611,16187964,71836,5072,11,13,19388381,5090,0,0,0
2026-04-22 22:22:54,46692637,14478,16192998,71855,5053,11,13,19393494,5113,0,0,0
2026-04-22 22:22:55,46707861,15224,16198278,71876,5301,11,13,19398596,5102,0,0,0
2026-04-22 22:22:56,46722610,14749,16203401,71904,5151,11,13,19403723,5127,0,0,0
2026-04-22 22:22:57,46736221,13611,16208108,71924,4727,12,13,19408847,5124,0,0,0
2026-04-22 22:22:58,46750918,14697,16213211,71949,5128,11,13,19414001,5154,0,0,0
2026-04-22 22:23:00,46765727,14809,16218334,71968,5142,12,13,19419133,5132,0,0,0
2026-04-22 22:23:01,46779567,13840,16223142,71995,4835,10,13,19429374,10241,0,0,0
2026-04-22 22:23:02,46793406,13839,16227965,72010,4838,11,13,19434469,5095,0,0,0
2026-04-22 22:23:03,46807660,14254,16232921,72037,4983,12,13,19439570,5101,0,0,0
2026-04-22 22:23:04,46822171,14511,16237957,72061,5060,11,13,19444682,5112,0,0,0
2026-04-22 22:23:05,46836851,14680,16243035,72078,5095,12,13,19449812,5130,0,0,0
2026-04-22 22:23:06,46851681,14830,16248194,72092,5173,12,13,19454894,5082,0,0,0
2026-04-22 22:23:07,46866160,14479,16253221,72109,5044,12,13,19459959,5065,0,0,0
2026-04-22 22:23:08,46881225,15065,16258428,72137,5235,11,13,19465018,5059,0,0,0
2026-04-22 22:23:09,46895890,14665,16263517,72161,5113,11,13,19470085,5067,0,0,0
2026-04-22 22:23:11,46910247,14357,16268495,72187,5004,12,13,19480237,10152,0,0,0
2026-04-22 22:23:12,46924424,14177,16273428,72207,4953,11,13,19485334,5097,0,0,0
2026-04-22 22:23:13,46939385,14961,16278609,72233,5207,12,13,19490436,5102,0,0,0
2026-04-22 22:23:14,46954018,14633,16283704,72257,5119,12,13,19495559,5123,0,0,0
2026-04-22 22:23:15,46968858,14840,16288860,72272,5171,12,13,19500686,5127,0,0,0
2026-04-22 22:23:16,46984203,15345,16294178,72289,5335,12,13,19505801,5115,0,0,0
2026-04-22 22:23:17,46999322,15119,16299406,72307,5246,12,13,19510909,5108,0,0,0
2026-04-22 22:23:18,47014171,14849,16304571,72325,5183,11,13,19516011,5102,0,0,0
2026-04-22 22:23:19,47029008,14837,16309734,72347,5185,11,13,19521121,5110,0,0,0
2026-04-22 22:23:21,47043868,14860,16314891,72368,5178,12,13,19526231,5110,0,0,0
2026-04-22 22:23:22,47059040,15172,16320140,72381,5262,11,13,19536481,10250,0,0,0
2026-04-22 22:23:23,47073967,14927,16325328,72404,5211,11,13,19541587,5106,0,0,0
2026-04-22 22:23:24,47089168,15201,16330592,72434,5294,11,13,19546683,5096,0,0,0
2026-04-22 22:23:25,47104516,15348,16335906,72458,5338,11,13,19551777,5094,0,0,0
2026-04-22 22:23:26,47119532,15016,16341117,72483,5236,9,13,19556888,5111,0,0,0
2026-04-22 22:23:27,47134399,14867,16346282,72498,5180,12,13,19562002,5114,0,0,0
2026-04-22 22:23:28,47149472,15073,16351519,72525,5264,11,13,19567104,5102,0,0,0
2026-04-22 22:23:29,47164214,14742,16356628,72558,5142,12,13,19572164,5060,0,0,0
2026-04-22 22:23:30,47178681,14467,16361679,72572,5065,12,13,19577248,5084,0,0,0
2026-04-22 22:23:32,47192948,14267,16366611,72589,4949,12,13,19587386,10138,0,0,0
2026-04-22 22:23:33,47207456,14508,16371630,72620,5050,12,13,19592436,5050,0,0,0
2026-04-22 22:23:34,47221930,14474,16376649,72637,5036,11,13,19597518,5082,0,0,0
2026-04-22 22:23:35,47236322,14392,16381630,72663,5007,12,13,19602665,5147,0,0,0
2026-04-22 22:23:36,47250889,14567,16386669,72686,5062,12,13,19607804,5139,0,0,0
2026-04-22 22:23:37,47265707,14818,16391805,72707,5157,11,13,19612946,5142,0,0,0
2026-04-22 22:23:38,47280210,14503,16396864,72720,5072,11,13,19618051,5105,0,0,0
2026-04-22 22:23:39,47294686,14476,16401887,72750,5053,12,13,19623148,5097,0,0,0
2026-04-22 22:23:40,47309643,14957,16407067,72780,5210,10,13,19628214,5066,0,0,0
2026-04-22 22:23:42,47323949,14306,16412051,72804,5008,12,13,19633290,5076,0,0,0
2026-04-22 22:23:43,47338256,14307,16417016,72823,4984,11,13,19643448,10158,0,0,0
2026-04-22 22:23:44,47352693,14437,16422030,72848,5039,12,13,19648535,5087,0,0,0
2026-04-22 22:23:45,47367384,14691,16427146,72870,5138,12,13,19653646,5111,0,0,0
2026-04-22 22:23:46,47382562,15178,16432392,72891,5267,12,13,19658764,5118,0,0,0
2026-04-22 22:23:47,47397815,15253,16437667,72919,5303,12,13,19663858,5094,0,0,0
2026-04-22 22:23:48,47412420,14605,16442739,72949,5102,12,13,19668948,5090,0,0,0
2026-04-22 22:23:49,47427604,15184,16447997,72976,5285,12,13,19674054,5106,0,0,0
2026-04-22 22:23:50,47442585,14981,16453190,72997,5214,11,13,19679188,5134,0,0,0
2026-04-22 22:23:51,47457312,14727,16458313,73024,5150,11,13,19684314,5126,0,0,0
2026-04-22 22:23:53,47471955,14643,16463408,73041,5112,12,13,19689414,5100,0,0,0
2026-04-22 22:23:54,47487092,15137,16468655,73060,5266,11,13,19699676,10262,0,0,0
2026-04-22 22:23:55,47502153,15061,16473880,73092,5257,11,13,19704808,5132,0,0,0
2026-04-22 22:23:56,47516941,14788,16479048,73108,5184,12,13,19709931,5123,0,0,0
2026-04-22 22:23:57,47532062,15121,16484275,73131,5250,12,13,19715039,5108,0,0,0
2026-04-22 22:23:58,47547259,15197,16489548,73154,5296,11,13,19720147,5108,0,0,0
2026-04-22 22:23:59,47562437,15178,16494816,73169,5283,12,13,19725217,5070,0,0,0
2026-04-22 22:24:00,47577183,14746,16499947,73190,5152,10,13,19730308,5091,0,0,0
2026-04-22 22:24:01,47592009,14826,16505096,73209,5168,11,13,19735408,5100,0,0,0
2026-04-22 22:24:02,47606581,14572,16510162,73228,5085,11,13,19740542,5134,0,0,0
2026-04-22 22:24:04,47620991,14410,16515170,73247,5027,10,13,19750781,10239,0,0,0
2026-04-22 22:24:05,47635414,14423,16520174,73274,5031,12,13,19755889,5108,0,0,0
2026-04-22 22:24:06,47650119,14705,16525252,73296,5100,12,13,19761022,5133,0,0,0
2026-04-22 22:24:07,47664812,14693,16530339,73319,5110,11,13,19766150,5128,0,0,0
2026-04-22 22:24:08,47679707,14895,16535499,73347,5188,11,13,19771265,5115,0,0,0
2026-04-22 22:24:09,47694916,15209,16540765,73373,5292,12,13,19776391,5126,0,0,0
2026-04-22 22:24:10,47709765,14849,16545931,73386,5179,12,13,19781506,5115,0,0,0
2026-04-22 22:24:11,47724127,14362,16550917,73411,5011,11,13,19786625,5119,0,0,0
2026-04-22 22:24:12,47739086,14959,16556096,73429,5197,12,13,19791769,5144,0,0,0
2026-04-22 22:24:14,47753876,14790,16561226,73451,5152,12,13,19796947,5178,0,0,0
2026-04-22 22:24:15,47768806,14930,16566387,73473,5183,12,13,19807258,10311,0,0,0
2026-04-22 22:24:16,47783561,14755,16571521,73490,5151,12,13,19812357,5099,0,0,0
2026-04-22 22:24:17,47798319,14758,16576656,73515,5160,12,13,19817426,5069,0,0,0
2026-04-22 22:24:18,47813451,15132,16581924,73538,5291,11,13,19822554,5128,0,0,0
2026-04-22 22:24:19,47828759,15308,16587224,73558,5320,11,13,19827642,5088,0,0,0
2026-04-22 22:24:20,47844423,15664,16592638,73580,5436,11,13,19832738,5096,0,0,0
2026-04-22 22:24:21,47859588,15165,16597889,73609,5280,11,13,19837824,5086,0,0,0
2026-04-22 22:24:22,47874446,14858,16603066,73633,5201,11,13,19842964,5140,0,0,0
2026-04-22 22:24:24,47889414,14968,16608262,73651,5214,12,13,19848121,5157,0,0,0
2026-04-22 22:24:25,47904048,14634,16613336,73678,5101,11,13,19858402,10281,0,0,0
2026-04-22 22:24:26,47919444,15396,16618671,73700,5357,12,13,19863537,5135,0,0,0
2026-04-22 22:24:27,47934268,14824,16623813,73726,5168,12,13,19868659,5122,0,0,0
2026-04-22 22:24:28,47949231,14963,16628995,73747,5203,10,13,19873790,5131,0,0,0
2026-04-22 22:24:29,47964386,15155,16634262,73767,5287,11,13,19878907,5117,0,0,0
2026-04-22 22:24:30,47979073,14687,16639370,73788,5129,12,13,19884020,5113,0,0,0
2026-04-22 22:24:31,47994334,15261,16644661,73808,5311,12,13,19889143,5123,0,0,0
2026-04-22 22:24:32,48009505,15171,16649928,73825,5284,12,13,19894269,5126,0,0,0
2026-04-22 22:24:33,48024639,15134,16655188,73847,5282,12,13,19899423,5154,0,0,0
2026-04-22 22:24:35,48039778,15139,16660426,73877,5268,12,13,19904549,5126,0,0,0
2026-04-22 22:24:36,48054157,14379,16665436,73903,5036,11,13,19914803,10254,0,0,0
2026-04-22 22:24:37,48069624,15467,16670781,73933,5375,10,13,19919944,5141,0,0,0
2026-04-22 22:24:38,48084618,14994,16675989,73960,5235,12,13,19925050,5106,0,0,0
2026-04-22 22:24:39,48099671,15053,16681207,73982,5240,12,13,19930165,5115,0,0,0
2026-04-22 22:24:40,48114438,14767,16686333,74002,5146,12,13,19935276,5111,0,0,0
2026-04-22 22:24:41,48128638,14200,16691277,74015,4957,10,13,19940413,5137,0,0,0
2026-04-22 22:24:42,48143412,14774,16696415,74028,5151,12,13,19945543,5130,0,0,0
2026-04-22 22:24:43,48158119,14707,16701529,74047,5133,11,13,19950671,5128,0,0,0
2026-04-22 22:24:44,48172905,14786,16706665,74066,5155,11,13,19955820,5149,0,0,0
2026-04-22 22:24:46,48187445,14540,16711707,74088,5064,12,13,19960949,5129,0,0,0
2026-04-22 22:24:47,48202503,15058,16716918,74108,5231,12,13,19971168,10219,0,0,0
2026-04-22 22:24:48,48217187,14684,16722026,74136,5136,12,13,19976272,5104,0,0,0
2026-04-22 22:24:49,48232173,14986,16727220,74166,5224,11,13,19981398,5126,0,0,0
2026-04-22 22:24:50,48247384,15211,16732492,74185,5291,12,13,19986524,5126,0,0,0
2026-04-22 22:24:51,48262811,15427,16737841,74206,5370,12,13,19991676,5152,0,0,0
2026-04-22 22:24:52,48278578,15767,16743297,74228,5478,12,13,19996831,5155,0,0,0
2026-04-22 22:24:53,48293761,15183,16748568,74250,5293,11,13,20001967,5136,0,0,0
2026-04-22 22:24:54,48309007,15246,16753839,74273,5294,12,13,20007070,5103,0,0,0
2026-04-22 22:24:56,48323932,14925,16759014,74295,5197,12,13,20012206,5136,0,0,0
2026-04-22 22:24:57,48338502,14570,16764062,74321,5074,11,13,20022530,10324,0,0,0
2026-04-22 22:24:58,48353951,15449,16769405,74346,5368,12,13,20027712,5182,0,0,0
2026-04-22 22:24:59,48369183,15232,16774682,74366,5297,12,13,20032902,5190,0,0,0
2026-04-22 22:25:00,48383981,14798,16779841,74384,5177,12,13,20038085,5183,0,0,0
2026-04-22 22:25:01,48399568,15587,16785237,74403,5415,12,13,20043259,5174,0,0,0
2026-04-22 22:25:02,48414370,14802,16790375,74428,5163,11,13,20048412,5153,0,0,0
2026-04-22 22:25:03,48429260,14890,16795546,74451,5194,12,13,20053556,5144,0,0,0
2026-04-22 22:25:04,48443975,14715,16800662,74479,5144,12,13,20058680,5124,0,0,0
2026-04-22 22:25:05,48458896,14921,16805856,74494,5209,12,13,20063789,5109,0,0,0
2026-04-22 22:25:07,48473392,14496,16810903,74511,5064,10,13,20073973,10184,0,0,0
2026-04-22 22:25:08,48488227,14835,16816052,74532,5170,12,13,20079030,5057,0,0,0
2026-04-22 22:25:09,48503387,15160,16821304,74564,5284,12,13,20084121,5091,0,0,0
2026-04-22 22:25:10,48518289,14902,16826466,74589,5187,12,13,20089256,5135,0,0,0
2026-04-22 22:25:11,48533027,14738,16831592,74608,5145,11,13,20094414,5158,0,0,0
2026-04-22 22:25:12,48548066,15039,16836831,74627,5258,12,13,20099574,5160,0,0,0
2026-04-22 22:25:13,48562196,14130,16841745,74651,4938,11,13,20104699,5125,0,0,0
2026-04-22 22:25:14,48577441,15245,16847017,74670,5291,11,13,20109842,5143,0,0,0
2026-04-22 22:25:15,48592354,14913,16852180,74697,5190,12,13,20114970,5128,0,0,0
2026-04-22 22:25:17,48606910,14556,16857239,74723,5085,12,13,20120097,5127,0,0,0
2026-04-22 22:25:18,48621353,14443,16862240,74735,5013,12,13,20130393,10296,0,0,0
2026-04-22 22:25:19,48636584,15231,16867517,74757,5299,11,13,20135559,5166,0,0,0
2026-04-22 22:25:20,48651925,15341,16872853,74776,5355,12,13,20140702,5143,0,0,0
2026-04-22 22:25:21,48667325,15400,16878175,74794,5340,11,13,20145825,5123,0,0,0
2026-04-22 22:25:22,48682461,15136,16883434,74816,5281,12,13,20150921,5096,0,0,0
2026-04-22 22:25:23,48697706,15245,16888725,74840,5315,11,13,20156001,5080,0,0,0
2026-04-22 22:25:24,48712569,14863,16893887,74869,5191,11,13,20161094,5093,0,0,0
2026-04-22 22:25:25,48727239,14670,16898999,74890,5133,10,13,20166203,5109,0,0,0
2026-04-22 22:25:27,48742288,15049,16904233,74913,5257,12,13,20171335,5132,0,0,0
2026-04-22 22:25:28,48756879,14591,16909291,74937,5082,12,13,20181521,10186,0,0,0
2026-04-22 22:25:29,48772006,15127,16914543,74963,5278,10,13,20186629,5108,0,0,0
2026-04-22 22:25:30,48787114,15108,16919781,74986,5261,12,13,20191772,5143,0,0,0
2026-04-22 22:25:31,48802266,15152,16925036,75010,5279,11,13,20196945,5173,0,0,0
2026-04-22 22:25:32,48816972,14706,16930130,75035,5119,12,13,20202083,5138,0,0,0
2026-04-22 22:25:33,48832057,15085,16935362,75055,5252,12,13,20207204,5121,0,0,0
2026-04-22 22:25:34,48846958,14901,16940530,75079,5192,12,13,20212330,5126,0,0,0
2026-04-22 22:25:35,48862055,15097,16945763,75101,5255,12,13,20217467,5137,0,0,0
2026-04-22 22:25:37,48876897,14842,16950908,75121,5165,12,13,20222580,5113,0,0,0
2026-04-22 22:25:38,48891819,14922,16956077,75140,5188,11,13,20232767,10187,0,0,0
2026-04-22 22:25:39,48906673,14854,16961240,75164,5187,11,13,20237892,5125,0,0,0
2026-04-22 22:25:40,48921730,15057,16966464,75188,5248,12,13,20243009,5117,0,0,0
2026-04-22 22:25:41,48936463,14733,16971565,75218,5131,12,13,20248097,5088,0,0,0
2026-04-22 22:25:42,48951522,15059,16976796,75240,5253,12,13,20253181,5084,0,0,0
2026-04-22 22:25:43,48966483,14961,16981977,75258,5199,12,13,20258286,5105,0,0,0
2026-04-22 22:25:44,48981275,14792,16987108,75277,5150,11,13,20263395,5109,0,0,0
2026-04-22 22:25:45,48995778,14503,16992147,75297,5059,11,13,20268522,5127,0,0,0
2026-04-22 22:25:46,49010519,14741,16997279,75317,5152,11,13,20273629,5107,0,0,0
2026-04-22 22:25:48,49024814,14295,17002232,75344,4980,12,13,20278723,5094,0,0,0
2026-04-22 22:25:49,49039272,14458,17007263,75360,5047,10,13,20288948,10225,0,0,0
2026-04-22 22:25:50,49053516,14244,17012217,75386,4980,12,13,20294102,5154,0,0,0
2026-04-22 22:25:51,49067972,14456,17017247,75404,5048,11,13,20299248,5146,0,0,0
2026-04-22 22:25:52,49083174,15202,17022482,75429,5260,10,13,20304368,5120,0,0,0
2026-04-22 22:25:53,49098379,15205,17027769,75455,5313,12,13,20309466,5098,0,0,0
2026-04-22 22:25:54,49113616,15237,17033051,75482,5309,11,13,20314533,5067,0,0,0
2026-04-22 22:25:55,49128800,15184,17038309,75503,5279,11,13,20319601,5068,0,0,0
2026-04-22 22:25:56,49144199,15399,17043650,75523,5361,12,13,20324680,5079,0,0,0
2026-04-22 22:25:58,49159039,14840,17048787,75549,5163,12,13,20329778,5098,0,0,0
2026-04-22 22:25:59,49173440,14401,17053792,75562,5018,12,13,20340054,10276,0,0,0
2026-04-22 22:26:00,49188499,15059,17059007,75580,5233,12,13,20345210,5156,0,0,0
2026-04-22 22:26:01,49203353,14854,17064170,75602,5185,12,13,20350332,5122,0,0,0
2026-04-22 22:26:02,49218386,15033,17069396,75617,5241,10,13,20355444,5112,0,0,0
2026-04-22 22:26:03,49233153,14767,17074528,75642,5157,12,13,20360548,5104,0,0,0
2026-04-22 22:26:04,49248186,15033,17079739,75666,5235,12,13,20365677,5129,0,0,0
2026-04-22 22:26:05,49262713,14527,17084785,75689,5069,11,13,20370805,5128,0,0,0
2026-04-22 22:26:06,49278110,15397,17090110,75716,5352,12,13,20375913,5108,0,0,0
2026-04-22 22:26:07,49293130,15020,17095325,75734,5233,11,13,20380992,5079,0,0,0
2026-04-22 22:26:09,49307443,14313,17100300,75755,4996,11,13,20386085,5093,0,0,0
2026-04-22 22:26:10,49322075,14632,17105378,75781,5104,12,13,20396288,10203,0,0,0
2026-04-22 22:26:11,49337085,15010,17110571,75811,5223,11,13,20401390,5102,0,0,0
2026-04-22 22:26:12,49352471,15386,17115885,75843,5346,13,13,20406491,5101,0,0,0
2026-04-22 22:26:13,49367884,15413,17121211,75862,5345,12,13,20411579,5088,0,0,0
2026-04-22 22:26:14,49382568,14684,17126312,75894,5133,12,13,20416681,5102,0,0,0
2026-04-22 22:26:15,49397613,15045,17131518,75920,5232,12,13,20421798,5117,0,0,0
2026-04-22 22:26:16,49412365,14752,17136642,75937,5141,12,13,20426951,5153,0,0,0
2026-04-22 22:26:17,49427340,14975,17141828,75961,5210,11,13,20432103,5152,0,0,0
2026-04-22 22:26:19,49441489,14149,17146770,75978,4959,12,13,20437245,5142,0,0,0
2026-04-22 22:26:20,49455641,14152,17151678,75998,4928,11,13,20442391,5146,0,0,0
2026-04-22 22:26:21,49470656,15015,17156874,76015,5213,12,13,20452634,10243,0,0,0
2026-04-22 22:26:22,49486091,15435,17162215,76036,5362,11,13,20457729,5095,0,0,0
2026-04-22 22:26:23,49501203,15112,17167464,76059,5272,12,13,20462854,5125,0,0,0
2026-04-22 22:26:24,49516133,14930,17172620,76086,5183,11,13,20467978,5124,0,0,0
2026-04-22 22:26:25,49531191,15058,17177823,76113,5230,12,13,20473111,5133,0,0,0
2026-04-22 22:26:26,49545648,14457,17182841,76140,5045,12,13,20478224,5113,0,0,0
2026-04-22 22:26:27,49560499,14851,17187991,76168,5178,12,13,20483315,5091,0,0,0
2026-04-22 22:26:28,49575044,14545,17193046,76188,5075,12,13,20488390,5075,0,0,0
2026-04-22 22:26:30,49589277,14233,17198010,76205,4981,12,13,20493469,5079,0,0,0
2026-04-22 22:26:31,49603451,14174,17202930,76230,4945,12,13,20503708,10239,0,0,0
2026-04-22 22:26:32,49618404,14953,17208118,76244,5202,10,13,20508850,5142,0,0,0
2026-04-22 22:26:33,49633419,15015,17213352,76267,5257,12,13,20513990,5140,0,0,0
2026-04-22 22:26:34,49648592,15173,17218610,76294,5285,11,13,20519092,5102,0,0,0
2026-04-22 22:26:35,49663467,14875,17223770,76316,5182,11,13,20524190,5098,0,0,0
2026-04-22 22:26:36,49678486,15019,17228967,76344,5225,9,13,20529293,5103,0,0,0
2026-04-22 22:26:37,49692913,14427,17233990,76363,5042,11,13,20534415,5122,0,0,0
2026-04-22 22:26:38,49707363,14450,17238994,76398,5039,9,13,20539550,5135,0,0,0
2026-04-22 22:26:39,49722234,14871,17244146,76423,5177,11,13,20544658,5108,0,0,0
2026-04-22 22:26:41,49736491,14257,17249114,76441,4986,12,13,20549771,5113,0,0,0
2026-04-22 22:26:42,49750940,14449,17254126,76464,5035,11,13,20559984,10213,0,0,0
2026-04-22 22:26:43,49765619,14679,17259200,76494,5104,12,13,20565114,5130,0,0,0
2026-04-22 22:26:44,49780271,14652,17264297,76517,5120,11,13,20570258,5144,0,0,0
2026-04-22 22:26:45,49795152,14881,17269458,76538,5182,11,13,20575380,5122,0,0,0
2026-04-22 22:26:46,49810030,14878,17274623,76559,5186,12,13,20580506,5126,0,0,0
2026-04-22 22:26:47,49825068,15038,17279833,76579,5230,12,13,20585599,5093,0,0,0
2026-04-22 22:26:48,49839910,14842,17284989,76601,5178,12,13,20590701,5102,0,0,0
2026-04-22 22:26:49,49854721,14811,17290111,76633,5154,12,13,20595813,5112,0,0,0
2026-04-22 22:26:51,49869260,14539,17295166,76661,5083,12,13,20600938,5125,0,0,0
2026-04-22 22:26:52,49883702,14442,17300177,76687,5037,12,13,20611164,10226,0,0,0
2026-04-22 22:26:53,49898301,14599,17305240,76707,5083,11,13,20616274,5110,0,0,0
2026-04-22 22:26:54,49912799,14498,17310261,76724,5038,11,13,20621420,5146,0,0,0
2026-04-22 22:26:55,49927877,15078,17315478,76743,5236,12,13,20626565,5145,0,0,0
2026-04-22 22:26:56,49942867,14990,17320663,76759,5201,12,13,20631696,5131,0,0,0
2026-04-22 22:26:57,49957969,15102,17325885,76785,5248,12,13,20636801,5105,0,0,0
2026-04-22 22:26:58,49972281,14312,17330849,76810,4989,11,13,20641906,5105,0,0,0
2026-04-22 22:26:59,49986522,14241,17335782,76833,4956,9,13,20647007,5101,0,0,0
2026-04-22 22:27:00,50000861,14339,17340756,76856,4997,11,13,20652102,5095,0,0,0
2026-04-22 22:27:02,50014991,14130,17345680,76881,4949,12,13,20657188,5086,0,0,0
2026-04-22 22:27:03,50030008,15017,17350872,76909,5220,11,13,20667404,10216,0,0,0
2026-04-22 22:27:04,50045180,15172,17356110,76930,5259,12,13,20672525,5121,0,0,0
2026-04-22 22:27:05,50060049,14869,17361258,76960,5178,12,13,20677586,5061,0,0,0
2026-04-22 22:27:06,50075022,14973,17366459,76982,5223,11,13,20682669,5083,0,0,0
2026-04-22 22:27:07,50090059,15037,17371672,77010,5241,12,13,20687749,5080,0,0,0
2026-04-22 22:27:08,50105000,14941,17376852,77045,5215,10,13,20692842,5093,0,0,0
2026-04-22 22:27:09,50120142,15142,17382086,77075,5264,10,13,20697931,5089,0,0,0
2026-04-22 22:27:10,50134861,14719,17387195,77096,5130,12,13,20703001,5070,0,0,0
2026-04-22 22:27:12,50149483,14622,17392259,77115,5083,12,13,20708061,5060,0,0,0
2026-04-22 22:27:13,50164136,14653,17397341,77133,5100,12,13,20718218,10157,0,0,0
2026-04-22 22:27:14,50178823,14687,17402435,77156,5117,12,13,20723350,5132,0,0,0
2026-04-22 22:27:15,50193977,15154,17407675,77180,5264,12,13,20728458,5108,0,0,0
2026-04-22 22:27:16,50208862,14885,17412841,77203,5189,12,13,20733598,5140,0,0,0
2026-04-22 22:27:17,50223809,14947,17418024,77222,5202,12,13,20738693,5095,0,0,0
2026-04-22 22:27:18,50238780,14971,17423216,77241,5211,12,13,20743794,5101,0,0,0
2026-04-22 22:27:19,50253592,14812,17428337,77267,5147,11,13,20748920,5126,0,0,0
2026-04-22 22:27:20,50268379,14787,17433493,77278,5167,11,13,20754043,5123,0,0,0
2026-04-22 22:27:21,50283178,14799,17438640,77298,5167,11,13,20759170,5127,0,0,0
2026-04-22 22:27:23,50298017,14839,17443795,77317,5174,12,13,20764269,5099,0,0,0
2026-04-22 22:27:24,50312487,14470,17448825,77341,5054,12,13,20774497,10228,0,0,0
2026-04-22 22:27:25,50327771,15284,17454124,77372,5330,12,13,20779619,5122,0,0,0
2026-04-22 22:27:26,50342950,15179,17459382,77394,5280,12,13,20784732,5113,0,0,0
2026-04-22 22:27:27,50357717,14767,17464514,77412,5150,11,13,20789825,5093,0,0,0
2026-04-22 22:27:28,50372388,14671,17469594,77432,5100,11,13,20794897,5072,0,0,0
2026-04-22 22:27:29,50387256,14868,17474755,77452,5181,11,13,20799913,5016,0,0,0
2026-04-22 22:27:30,50401824,14568,17479834,77472,5099,11,13,20804908,4995,0,0,0
2026-04-22 22:27:31,50416609,14785,17484966,77489,5149,12,13,20809903,4995,0,0,0
2026-04-22 22:27:33,50431377,14768,17490086,77507,5138,8,13,20814951,5048,0,0,0
2026-04-22 22:27:34,50445141,13764,17494853,77535,4795,12,13,20825165,10214,0,0,0
2026-04-22 22:27:35,50459986,14845,17499981,77562,5155,12,13,20830258,5093,0,0,0
2026-04-22 22:27:36,50474856,14870,17505142,77580,5179,12,13,20835313,5055,0,0,0
2026-04-22 22:27:37,50489628,14772,17510270,77600,5148,12,13,20840369,5056,0,0,0
2026-04-22 22:27:38,50503996,14368,17515266,77621,5017,11,13,20845455,5086,0,0,0
2026-04-22 22:27:39,50518971,14975,17520445,77648,5206,12,13,20850545,5090,0,0,0
2026-04-22 22:27:40,50533424,14453,17525463,77670,5040,11,13,20855630,5085,0,0,0
2026-04-22 22:27:41,50548419,14995,17530676,77693,5236,11,13,20860727,5097,0,0,0
2026-04-22 22:27:42,50563181,14762,17535792,77714,5137,11,13,20865836,5109,0,0,0
2026-04-22 22:27:44,50577680,14499,17540824,77743,5061,12,13,20870958,5122,0,0,0
2026-04-22 22:27:45,50592525,14845,17545980,77763,5176,12,13,20881186,10228,0,0,0
2026-04-22 22:27:46,50607127,14602,17551040,77793,5090,12,13,20886296,5110,0,0,0
2026-04-22 22:27:47,50622090,14963,17556230,77815,5212,11,13,20891410,5114,0,0,0
2026-04-22 22:27:48,50637006,14916,17561403,77831,5189,12,13,20896503,5093,0,0,0
2026-04-22 22:27:49,50651997,14991,17566573,77866,5205,11,13,20901556,5053,0,0,0
2026-04-22 22:27:50,50666836,14839,17571724,77887,5172,11,13,20906589,5033,0,0,0
2026-04-22 22:27:51,50682005,15169,17576995,77913,5297,12,13,20911603,5014,0,0,0
2026-04-22 22:27:52,50697433,15428,17582329,77936,5357,12,13,20916635,5032,0,0,0
2026-04-22 22:27:54,50712335,14902,17587508,77962,5205,12,13,20921699,5064,0,0,0
2026-04-22 22:27:55,50727072,14737,17592611,77986,5127,12,13,20931919,10220,0,0,0
2026-04-22 22:27:56,50742364,15292,17597906,78007,5316,12,13,20937029,5110,0,0,0
2026-04-22 22:27:57,50757386,15022,17603110,78028,5225,11,13,20942127,5098,0,0,0
2026-04-22 22:27:58,50772417,15031,17608328,78055,5245,12,13,20947270,5143,0,0,0
2026-04-22 22:27:59,50787631,15214,17613593,78078,5288,11,13,20952389,5119,0,0,0
2026-04-22 22:28:00,50802743,15112,17618830,78097,5256,11,13,20957530,5141,0,0,0
2026-04-22 22:28:01,50817675,14932,17624010,78117,5200,11,13,20962632,5102,0,0,0
2026-04-22 22:28:02,50832620,14945,17629176,78145,5194,12,13,20967739,5107,0,0,0
2026-04-22 22:28:03,50847709,15089,17634396,78175,5250,12,13,20972811,5072,0,0,0
2026-04-22 22:28:05,50862734,15025,17639602,78209,5240,12,13,20977874,5063,0,0,0
2026-04-22 22:28:06,50877397,14663,17644704,78228,5121,12,13,20988081,10207,0,0,0
2026-04-22 22:28:07,50892163,14766,17649828,78253,5149,12,13,20993201,5120,0,0,0
2026-04-22 22:28:08,50906955,14792,17654961,78267,5147,12,13,20998291,5090,0,0,0
2026-04-22 22:28:09,50922102,15147,17660208,78295,5275,12,13,21003398,5107,0,0,0
2026-04-22 22:28:10,50937407,15305,17665513,78325,5335,12,13,21008491,5093,0,0,0
2026-04-22 22:28:11,50952572,15165,17670769,78347,5278,11,13,21013570,5079,0,0,0
2026-04-22 22:28:12,50967451,14879,17675945,78363,5192,10,13,21018619,5049,0,0,0
2026-04-22 22:28:13,50982131,14680,17681033,78384,5109,12,13,21023701,5082,0,0,0
2026-04-22 22:28:15,50996529,14398,17686039,78411,5033,11,13,21028803,5102,0,0,0
2026-04-22 22:28:16,51010845,14316,17690985,78431,4966,12,13,21039070,10267,0,0,0
2026-04-22 22:28:17,51025676,14831,17696127,78457,5168,12,13,21044189,5119,0,0,0
2026-04-22 22:28:18,51040367,14691,17701229,78477,5122,11,13,21049282,5093,0,0,0
2026-04-22 22:28:19,51055672,15305,17706531,78503,5328,12,13,21054365,5083,0,0,0
2026-04-22 22:28:20,51071087,15415,17711860,78528,5354,11,13,21059455,5090,0,0,0
2026-04-22 22:28:21,51086048,14961,17717042,78554,5208,12,13,21064533,5078,0,0,0
2026-04-22 22:28:22,51100749,14701,17722144,78581,5129,10,13,21069625,5092,0,0,0
2026-04-22 22:28:23,51115770,15021,17727358,78606,5239,12,13,21074717,5092,0,0,0
2026-04-22 22:28:24,51130388,14618,17732451,78631,5118,11,13,21079807,5090,0,0,0
2026-04-22 22:28:26,51145229,14841,17737608,78654,5180,12,13,21084902,5095,0,0,0
2026-04-22 22:28:27,51160217,14988,17742811,78676,5225,11,13,21095069,10167,0,0,0
2026-04-22 22:28:28,51175318,15101,17748043,78703,5259,12,13,21100163,5094,0,0,0
2026-04-22 22:28:29,51190095,14777,17753178,78722,5154,12,13,21105262,5099,0,0,0
2026-04-22 22:28:30,51205208,15113,17758400,78742,5242,10,13,21110340,5078,0,0,0
2026-04-22 22:28:31,51220502,15294,17763701,78764,5323,11,13,21115364,5024,0,0,0
2026-04-22 22:28:32,51235843,15341,17769014,78792,5341,12,13,21120388,5024,0,0,0
2026-04-22 22:28:33,51250905,15062,17774245,78809,5248,12,13,21125452,5064,0,0,0
2026-04-22 22:28:34,51265758,14853,17779386,78833,5165,12,13,21130541,5089,0,0,0
2026-04-22 22:28:36,51280300,14542,17784444,78845,5070,12,13,21135598,5057,0,0,0
2026-04-22 22:28:37,51294841,14541,17789491,78865,5067,12,13,21145695,10097,0,0,0
2026-04-22 22:28:38,51309750,14909,17794660,78893,5197,12,13,21150789,5094,0,0,0
2026-04-22 22:28:39,51324691,14941,17799845,78917,5209,12,13,21155909,5120,0,0,0
2026-04-22 22:28:40,51339683,14992,17805037,78938,5213,11,13,21161029,5120,0,0,0
2026-04-22 22:28:41,51354413,14730,17810143,78955,5123,12,13,21166159,5130,0,0,0
2026-04-22 22:28:42,51369207,14794,17815277,78978,5157,11,13,21171289,5130,0,0,0
2026-04-22 22:28:43,51384353,15146,17820533,78995,5273,12,13,21176395,5106,0,0,0
2026-04-22 22:28:44,51399072,14719,17825651,79022,5145,12,13,21181514,5119,0,0,0
2026-04-22 22:28:46,51414134,15062,17830861,79045,5233,12,13,21186610,5096,0,0,0
2026-04-22 22:28:47,51428436,14302,17835837,79061,4992,11,13,21191723,5113,0,0,0
2026-04-22 22:28:48,51443388,14952,17841009,79079,5190,12,13,21201972,10249,0,0,0
2026-04-22 22:28:49,51457959,14571,17846067,79102,5081,12,13,21207088,5116,0,0,0
2026-04-22 22:28:50,51472857,14898,17851228,79121,5180,12,13,21212173,5085,0,0,0
2026-04-22 22:28:51,51488009,15152,17856470,79142,5263,12,13,21217248,5075,0,0,0
2026-04-22 22:28:52,51503271,15262,17861753,79162,5303,10,13,21222306,5058,0,0,0
2026-04-22 22:28:53,51518501,15230,17867012,79194,5291,12,13,21227362,5056,0,0,0
2026-04-22 22:28:54,51533937,15436,17872362,79216,5372,12,13,21232419,5057,0,0,0
2026-04-22 22:28:55,51549114,15177,17877631,79240,5293,11,13,21237482,5063,0,0,0
2026-04-22 22:28:57,51564081,14967,17882817,79259,5205,12,13,21242558,5076,0,0,0
2026-04-22 22:28:58,51579517,15436,17888150,79278,5352,12,13,21252752,10194,0,0,0
2026-04-22 22:28:59,51593986,14469,17893199,79299,5070,11,13,21257842,5090,0,0,0
2026-04-22 22:29:00,51608863,14877,17898350,79330,5182,11,13,21262909,5067,0,0,0
2026-04-22 22:29:01,51624167,15304,17903627,79360,5307,12,13,21267960,5051,0,0,0
2026-04-22 22:29:02,51639398,15231,17908919,79385,5317,12,13,21273014,5054,0,0,0
2026-04-22 22:29:03,51654603,15205,17914186,79410,5292,11,13,21278075,5061,0,0,0
2026-04-22 22:29:04,51670006,15403,17919507,79435,5346,12,13,21283138,5063,0,0,0
2026-04-22 22:29:05,51685097,15091,17924743,79466,5267,12,13,21288221,5083,0,0,0
2026-04-22 22:29:07,51699705,14608,17929818,79482,5091,12,13,21293314,5093,0,0,0
2026-04-22 22:29:08,51713886,14181,17934732,79505,4937,12,13,21303548,10234,0,0,0
2026-04-22 22:29:09,51729022,15136,17939992,79534,5289,12,13,21308663,5115,0,0,0
2026-04-22 22:29:10,51744397,15375,17945316,79560,5350,12,13,21313764,5101,0,0,0
2026-04-22 22:29:11,51759485,15088,17950570,79578,5272,11,13,21318866,5102,0,0,0
2026-04-22 22:29:12,51774884,15399,17955885,79606,5343,12,13,21323961,5095,0,0,0
2026-04-22 22:29:13,51789768,14884,17961046,79631,5186,11,13,21329053,5092,0,0,0
2026-04-22 22:29:14,51804475,14707,17966155,79656,5134,11,13,21334131,5078,0,0,0
2026-04-22 22:29:15,51819423,14948,17971328,79678,5195,12,13,21339216,5085,0,0,0
2026-04-22 22:29:16,51834658,15235,17976617,79694,5305,12,13,21344287,5071,0,0,0
2026-04-22 22:29:18,51849229,14571,17981674,79715,5078,12,13,21349381,5094,0,0,0
2026-04-22 22:29:19,51864129,14900,17986821,79742,5174,11,13,21359639,10258,0,0,0
2026-04-22 22:29:20,51879053,14924,17992001,79766,5204,12,13,21364730,5091,0,0,0
2026-04-22 22:29:21,51894301,15248,17997276,79790,5299,11,13,21369798,5068,0,0,0
2026-04-22 22:29:22,51909078,14777,18002408,79806,5148,11,13,21374899,5101,0,0,0
2026-04-22 22:29:23,51924219,15141,18007641,79833,5260,11,13,21380056,5157,0,0,0
2026-04-22 22:29:24,51939321,15102,18012874,79849,5249,11,13,21385206,5150,0,0,0
2026-04-22 22:29:25,51954217,14896,18018035,79874,5186,12,13,21390343,5137,0,0,0
2026-04-22 22:29:26,51969205,14988,18023240,79897,5228,12,13,21395463,5120,0,0,0
2026-04-22 22:29:28,51984242,15037,18028456,79920,5239,12,13,21400572,5109,0,0,0
2026-04-22 22:29:29,51998412,14170,18033378,79940,4942,11,13,21410690,10118,0,0,0
2026-04-22 22:29:30,52013492,15080,18038604,79964,5250,11,13,21415767,5077,0,0,0
2026-04-22 22:29:31,52028507,15015,18043818,79980,5230,12,13,21420870,5103,0,0,0
2026-04-22 22:29:32,52042966,14459,18048854,80004,5060,12,13,21425955,5085,0,0,0
2026-04-22 22:29:33,52058354,15388,18054178,80023,5343,12,13,21431055,5100,0,0,0
2026-04-22 22:29:34,52073440,15086,18059421,80045,5265,12,13,21436131,5076,0,0,0
2026-04-22 22:29:35,52088250,14810,18064572,80068,5174,12,13,21441219,5088,0,0,0
2026-04-22 22:29:36,52103024,14774,18069696,80088,5144,12,13,21446295,5076,0,0,0
2026-04-22 22:29:37,52117453,14429,18074710,80109,5035,11,13,21451382,5087,0,0,0
2026-04-22 22:29:39,52132244,14791,18079847,80126,5154,12,13,21456474,5092,0,0,0
2026-04-22 22:29:40,52146222,13978,18084710,80144,4881,12,13,21466662,10188,0,0,0
2026-04-22 22:29:41,52161099,14877,18089854,80163,5163,11,13,21471770,5108,0,0,0
2026-04-22 22:29:42,52175656,14557,18094923,80183,5089,12,13,21476857,5087,0,0,0
2026-04-22 22:29:43,52190914,15258,18100189,80206,5289,12,13,21481949,5092,0,0,0
2026-04-22 22:29:44,52205793,14879,18105361,80223,5189,12,13,21487042,5093,0,0,0
2026-04-22 22:29:45,52220900,15107,18110604,80240,5260,12,13,21492141,5099,0,0,0
2026-04-22 22:29:46,52236051,15151,18115850,80263,5269,12,13,21497240,5099,0,0,0
2026-04-22 22:29:47,52250649,14598,18120926,80289,5102,10,13,21502313,5073,0,0,0
2026-04-22 22:29:49,52264936,14287,18125882,80318,4985,12,13,21507406,5093,0,0,0
2026-04-22 22:29:50,52279489,14553,18130934,80335,5069,11,13,21517604,10198,0,0,0
2026-04-22 22:29:51,52294113,14624,18136003,80353,5087,12,13,21522708,5104,0,0,0
2026-04-22 22:29:52,52309012,14899,18141166,80375,5185,11,13,21527797,5089,0,0,0
2026-04-22 22:29:53,52323459,14447,18146176,80398,5033,12,13,21532881,5084,0,0,0
2026-04-22 22:29:54,52338610,15151,18151419,80422,5267,11,13,21537950,5069,0,0,0
2026-04-22 22:29:55,52353427,14817,18156566,80443,5168,11,13,21543006,5056,0,0,0
2026-04-22 22:29:56,52368252,14825,18161710,80459,5160,12,13,21548106,5100,0,0,0
2026-04-22 22:29:57,52383318,15066,18166910,80491,5232,12,13,21553217,5111,0,0,0
2026-04-22 22:29:59,52397897,14579,18171980,80507,5086,11,13,21558330,5113,0,0,0
2026-04-22 22:30:00,52412265,14368,18176958,80534,5005,10,13,21568499,10169,0,0,0
2026-04-22 22:30:01,52426932,14667,18182051,80555,5114,12,13,21573586,5087,0,0,0
2026-04-22 22:30:02,52441435,14503,18187094,80582,5070,12,13,21578723,5137,0,0,0
2026-04-22 22:30:03,52456148,14713,18192200,80601,5125,12,13,21583867,5144,0,0,0
2026-04-22 22:30:04,52470414,14266,18197170,80621,4990,11,13,21589021,5154,0,0,0
2026-04-22 22:30:05,52485903,15489,18202522,80642,5373,12,13,21594151,5130,0,0,0
2026-04-22 22:30:06,52499991,14088,18207446,80662,4944,11,13,21599265,5114,0,0,0
2026-04-22 22:30:07,52515137,15146,18212687,80689,5268,11,13,21604393,5128,0,0,0
2026-04-22 22:30:08,52529819,14682,18217790,80715,5129,12,13,21609514,5121,0,0,0
2026-04-22 22:30:10,52544731,14912,18222964,80742,5201,7,13,21614608,5094,0,0,0
2026-04-22 22:30:11,52559016,14285,18227899,80772,4965,11,13,21624738,10130,0,0,0
2026-04-22 22:30:12,52574008,14992,18233097,80786,5212,11,13,21629794,5056,0,0,0
2026-04-22 22:30:13,52588315,14307,18238060,80808,4985,11,13,21634865,5071,0,0,0
2026-04-22 22:30:14,52602794,14479,18243089,80837,5058,12,13,21639925,5060,0,0,0
2026-04-22 22:30:15,52617323,14529,18248118,80864,5056,12,13,21644986,5061,0,0,0
2026-04-22 22:30:16,52632195,14872,18253268,80883,5169,9,13,21650054,5068,0,0,0
2026-04-22 22:30:17,52646857,14662,18258344,80897,5090,12,13,21655141,5087,0,0,0
2026-04-22 22:30:18,52661454,14597,18263429,80920,5108,12,13,21660220,5079,0,0,0
2026-04-22 22:30:19,52676139,14685,18268521,80944,5116,12,13,21665337,5117,0,0,0
2026-04-22 22:30:21,52690103,13964,18273375,80958,4868,12,13,21670449,5112,0,0,0
2026-04-22 22:30:22,52703564,13461,18278043,80974,4684,12,13,21680604,10155,0,0,0
2026-04-22 22:30:23,52718313,14749,18283165,80995,5143,12,13,21685690,5086,0,0,0
2026-04-22 22:30:24,52733072,14759,18288271,81017,5128,12,13,21690776,5086,0,0,0
2026-04-22 22:30:25,52747673,14601,18293346,81042,5100,12,13,21695895,5119,0,0,0
2026-04-22 22:30:26,52762204,14531,18298394,81062,5068,12,13,21700984,5089,0,0,0
2026-04-22 22:30:27,52777332,15128,18303637,81086,5267,12,13,21706091,5107,0,0,0
2026-04-22 22:30:28,52792520,15188,18308909,81109,5295,11,13,21711173,5082,0,0,0
2026-04-22 22:30:29,52807125,14605,18313960,81134,5076,12,13,21716251,5078,0,0,0
2026-04-22 22:30:31,52821866,14741,18319078,81166,5150,12,13,21721293,5042,0,0,0
2026-04-22 22:30:32,52836381,14515,18324100,81188,5044,11,13,21731431,10138,0,0,0
2026-04-22 22:30:33,52850981,14600,18329170,81213,5095,10,13,21736509,5078,0,0,0
2026-04-22 22:30:34,52866133,15152,18334420,81241,5278,12,13,21741588,5079,0,0,0
2026-04-22 22:30:35,52881617,15484,18339764,81262,5365,12,13,21746683,5095,0,0,0
2026-04-22 22:30:36,52896335,14718,18344878,81284,5136,11,13,21751754,5071,0,0,0
2026-04-22 22:30:37,52911321,14986,18350071,81310,5219,12,13,21756813,5059,0,0,0
2026-04-22 22:30:38,52925989,14668,18355162,81336,5117,12,13,21761855,5042,0,0,0
2026-04-22 22:30:39,52941058,15069,18360377,81361,5240,11,13,21766915,5060,0,0,0
2026-04-22 22:30:40,52956207,15149,18365643,81376,5281,11,13,21771955,5040,0,0,0
2026-04-22 22:30:42,52971241,15034,18370840,81406,5227,12,13,21776987,5032,0,0,0
2026-04-22 22:30:43,52986224,14983,18376038,81433,5225,12,13,21787088,10101,0,0,0
2026-04-22 22:30:44,53001276,15052,18381250,81461,5240,12,13,21792150,5062,0,0,0
2026-04-22 22:30:45,53016230,14954,18386453,81481,5223,11,13,21797174,5024,0,0,0
2026-04-22 22:30:46,53031644,15414,18391791,81508,5365,11,13,21802223,5049,0,0,0
2026-04-22 22:30:47,53046659,15015,18396982,81535,5218,12,13,21807267,5044,0,0,0
2026-04-22 22:30:48,53061497,14838,18402109,81559,5151,10,13,21812340,5073,0,0,0
2026-04-22 22:30:49,53076235,14738,18407218,81583,5133,12,13,21817403,5063,0,0,0
2026-04-22 22:30:50,53090778,14543,18412273,81603,5075,10,13,21822480,5077,0,0,0
2026-04-22 22:30:52,53106003,15225,18417526,81628,5278,11,13,21827525,5045,0,0,0
2026-04-22 22:30:53,53120193,14190,18422444,81648,4938,12,13,21837599,10074,0,0,0
2026-04-22 22:30:54,53134854,14661,18427540,81672,5120,10,13,21842658,5059,0,0,0
2026-04-22 22:30:55,53149610,14756,18432648,81702,5138,12,13,21847719,5061,0,0,0
2026-04-22 22:30:56,53164721,15111,18437878,81722,5250,12,13,21852755,5036,0,0,0
2026-04-22 22:30:57,53179311,14590,18442948,81746,5094,12,13,21857790,5035,0,0,0
2026-04-22 22:30:58,53194163,14852,18448104,81769,5179,10,13,21862830,5040,0,0,0
2026-04-22 22:30:59,53208938,14775,18453220,81790,5137,12,13,21867870,5040,0,0,0
2026-04-22 22:31:00,53223840,14902,18458370,81813,5173,12,13,21872906,5036,0,0,0
2026-04-22 22:31:01,53238697,14857,18463510,81847,5174,12,13,21877943,5037,0,0,0
2026-04-22 22:31:03,53253353,14656,18468598,81869,5110,12,13,21883011,5068,0,0,0
2026-04-22 22:31:04,53268252,14899,18473756,81883,5172,12,13,21893166,10155,0,0,0
2026-04-22 22:31:05,53282841,14589,18478836,81904,5101,11,13,21898245,5079,0,0,0
2026-04-22 22:31:06,53297981,15140,18484076,81927,5263,12,13,21903287,5042,0,0,0
2026-04-22 22:31:07,53312945,14964,18489261,81954,5212,11,13,21908341,5054,0,0,0
2026-04-22 22:31:08,53328037,15092,18494485,81979,5249,11,13,21913415,5074,0,0,0
2026-04-22 22:31:09,53342588,14551,18499551,81998,5085,12,13,21918525,5110,0,0,0
2026-04-22 22:31:10,53357580,14992,18504747,82024,5222,10,13,21923632,5107,0,0,0
2026-04-22 22:31:11,53372422,14842,18509906,82043,5178,12,13,21928706,5074,0,0,0
2026-04-22 22:31:13,53387456,15034,18515124,82066,5241,12,13,21933725,5019,0,0,0
2026-04-22 22:31:14,53402337,14881,18520266,82090,5166,11,13,21943798,10073,0,0,0
2026-04-22 22:31:15,53417386,15049,18525481,82108,5233,12,13,21948874,5076,0,0,0
2026-04-22 22:31:16,53432188,14802,18530625,82132,5168,12,13,21953944,5070,0,0,0
2026-04-22 22:31:17,53446531,14343,18535601,82151,4995,11,13,21959015,5071,0,0,0
2026-04-22 22:31:18,53461345,14814,18540732,82174,5154,12,13,21964093,5078,0,0,0
2026-04-22 22:31:19,53476242,14897,18545895,82192,5181,11,13,21969175,5082,0,0,0
2026-04-22 22:31:20,53490807,14565,18550955,82215,5083,12,13,21974272,5097,0,0,0
2026-04-22 22:31:21,53505806,14999,18556152,82240,5222,12,13,21979383,5111,0,0,0
2026-04-22 22:31:23,53520008,14202,18561079,82266,4953,12,13,21984474,5091,0,0,0
2026-04-22 22:31:24,53533838,13830,18565890,82287,4832,12,13,21994625,10151,0,0,0
2026-04-22 22:31:25,53548788,14950,18571066,82317,5206,12,13,21999728,5103,0,0,0
2026-04-22 22:31:26,53563269,14481,18576081,82336,5034,12,13,22004819,5091,0,0,0
2026-04-22 22:31:27,53577587,14318,18581068,82362,5013,10,13,22009903,5084,0,0,0
2026-04-22 22:31:28,53592706,15119,18586320,82377,5267,11,13,22014970,5067,0,0,0
2026-04-22 22:31:29,53607512,14806,18591450,82403,5156,11,13,22020074,5104,0,0,0
2026-04-22 22:31:30,53622172,14660,18596515,82433,5095,12,13,22025174,5100,0,0,0
2026-04-22 22:31:31,53636939,14767,18601647,82448,5147,12,13,22030278,5104,0,0,0
2026-04-22 22:31:32,53651806,14867,18606799,82472,5176,11,13,22035379,5101,0,0,0
2026-04-22 22:31:34,53665828,14022,18611710,82485,4924,12,13,22040452,5073,0,0,0
2026-04-22 22:31:35,53680634,14806,18616863,82495,5163,12,13,22050552,10100,0,0,0
2026-04-22 22:31:36,53695061,14427,18621884,82515,5041,11,13,22055594,5042,0,0,0
2026-04-22 22:31:37,53709853,14792,18627009,82538,5148,12,13,22060657,5063,0,0,0
2026-04-22 22:31:38,53724889,15036,18632216,82571,5240,11,13,22065724,5067,0,0,0
2026-04-22 22:31:39,53739400,14511,18637261,82588,5062,11,13,22070783,5059,0,0,0
2026-04-22 22:31:40,53754093,14693,18642352,82621,5124,12,13,22075816,5033,0,0,0
2026-04-22 22:31:41,53768480,14387,18647357,82647,5031,10,13,22080865,5049,0,0,0
2026-04-22 22:31:42,53783432,14952,18652524,82674,5194,12,13,22085931,5066,0,0,0
2026-04-22 22:31:44,53798361,14929,18657713,82691,5206,12,13,22091009,5078,0,0,0
2026-04-22 22:31:45,53812705,14344,18662705,82707,5008,12,13,22101126,10117,0,0,0
2026-04-22 22:31:46,53827685,14980,18667887,82741,5216,12,13,22106165,5039,0,0,0
2026-04-22 22:31:47,53842867,15182,18673139,82768,5279,12,13,22111243,5078,0,0,0
2026-04-22 22:31:48,53857893,15026,18678347,82795,5235,11,13,22116308,5065,0,0,0
2026-04-22 22:31:49,53872610,14717,18683443,82821,5122,12,13,22121421,5113,0,0,0
2026-04-22 22:31:50,53887772,15162,18688692,82841,5269,12,13,22126510,5089,0,0,0
2026-04-22 22:31:51,53902890,15118,18693917,82865,5249,11,13,22131593,5083,0,0,0
2026-04-22 22:31:52,53917676,14786,18699045,82891,5154,12,13,22136658,5065,0,0,0
2026-04-22 22:31:53,53932261,14585,18704104,82912,5080,11,13,22141693,5035,0,0,0
2026-04-22 22:31:55,53946567,14306,18709063,82946,4993,12,13,22146749,5056,0,0,0
2026-04-22 22:31:56,53960944,14377,18714066,82963,5020,11,13,22156847,10098,0,0,0
2026-04-22 22:31:57,53975516,14572,18719136,82978,5085,11,13,22161907,5060,0,0,0
2026-04-22 22:31:58,53990219,14703,18724236,83000,5122,11,13,22167003,5096,0,0,0
2026-04-22 22:31:59,54004746,14527,18729284,83014,5062,12,13,22172096,5093,0,0,0
2026-04-22 22:32:00,54019362,14616,18734343,83038,5083,12,13,22177166,5070,0,0,0
2026-04-22 22:32:01,54033916,14554,18739402,83058,5079,11,13,22182227,5061,0,0,0
2026-04-22 22:32:02,54048931,15015,18744613,83080,5233,12,13,22187299,5072,0,0,0
2026-04-22 22:32:03,54063274,14343,18749581,83101,4989,11,13,22192363,5064,0,0,0
2026-04-22 22:32:05,54077557,14283,18754537,83128,4983,12,13,22197468,5105,0,0,0
2026-04-22 22:32:06,54091134,13577,18759240,83147,4722,10,13,22207734,10266,0,0,0
2026-04-22 22:32:07,54105642,14508,18764277,83176,5066,12,13,22212864,5130,0,0,0
2026-04-22 22:32:08,54120450,14808,18769426,83197,5170,12,13,22217975,5111,0,0,0
2026-04-22 22:32:09,54131896,11446,18773392,83218,3987,7,7,22223109,5134,0,0,0
2026-04-22 22:32:10,54138052,6156,18775522,83232,2144,4,5,22228193,5084,0,0,0
2026-04-22 22:32:11,54138805,753,18775782,83232,260,2,2,22233250,5057,0,0,0
2026-04-22 22:32:12,54138810,5,18775782,83232,0,2,2,22238270,5020,0,0,0
