timestamp,questions,qps,com_commit,com_rollback,tps,threads_running,threads_connected,pages_flushed,pages_flushed_ps,purge_trx_id,purge_tps,history_list_length
2026-04-24 18:43:04,17,0,0,0,0,1,1,0,0,0,0,0
2026-04-24 18:43:05,80,63,17,0,17,2,4,0,0,0,0,8
2026-04-24 18:43:06,935,855,305,2,290,4,6,0,0,0,0,94
2026-04-24 18:43:07,3004,2069,1012,4,709,7,9,0,0,0,0,339
2026-04-24 18:43:08,6070,3066,2071,11,1066,9,11,0,0,0,0,795
2026-04-24 18:43:09,10642,4572,3660,17,1595,11,13,0,0,0,0,1440
2026-04-24 18:43:10,16930,6288,5831,26,2180,13,16,0,0,0,0,2715
2026-04-24 18:43:12,24400,7470,8430,34,2607,15,18,0,0,0,0,5033
2026-04-24 18:43:13,33730,9330,11663,48,3247,17,20,0,0,0,0,7773
2026-04-24 18:43:14,44796,11066,15490,63,3842,19,22,0,0,0,0,9731
2026-04-24 18:43:15,57325,12529,19823,84,4354,23,25,0,0,0,0,13656
2026-04-24 18:43:16,71420,14095,24722,100,4915,25,27,0,0,0,0,18051
2026-04-24 18:43:17,87252,15832,30218,119,5515,27,29,0,0,0,0,22967
2026-04-24 18:43:19,105098,17846,36398,145,6206,29,32,0,0,0,0,28481
2026-04-24 18:43:20,124345,19247,43074,168,6699,32,34,0,0,0,0,31564
2026-04-24 18:43:21,144853,20508,50184,193,7135,34,36,0,0,0,0,35500
2026-04-24 18:43:22,166990,22137,57861,228,7712,37,39,0,0,0,0,42275
2026-04-24 18:43:23,190326,23336,65965,262,8138,39,41,0,0,0,0,48762
2026-04-24 18:43:24,215801,25475,74773,300,8846,40,43,0,0,0,0,55889
2026-04-24 18:43:26,242392,26591,84021,340,9288,39,43,0,0,0,0,63262
2026-04-24 18:43:27,270269,27877,93702,379,9720,39,43,0,0,0,0,69434
2026-04-24 18:43:28,298837,28568,103615,419,9953,39,43,0,0,0,0,77056
2026-04-24 18:43:29,328516,29679,113903,469,10338,39,43,0,0,0,0,81567
2026-04-24 18:43:30,359805,31289,124762,524,10914,41,43,0,0,0,0,88370
2026-04-24 18:43:31,391740,31935,135845,564,11123,41,43,0,0,0,0,90089
2026-04-24 18:43:33,423697,31957,146927,616,11134,41,43,0,0,0,0,94186
2026-04-24 18:43:34,457030,33333,158487,679,11623,38,43,0,0,0,0,94249
2026-04-24 18:43:35,490114,33084,169978,731,11543,40,43,0,0,0,0,31224
2026-04-24 18:43:36,524880,34766,182038,787,12116,39,43,0,0,0,0,33207
2026-04-24 18:43:37,559477,34597,194048,831,12054,40,43,0,0,0,0,34329
2026-04-24 18:43:38,594359,34882,206132,884,12137,41,43,0,0,0,0,32674
2026-04-24 18:43:39,630313,35954,218622,941,12547,39,43,0,0,0,0,34387
2026-04-24 18:43:41,666789,36476,231277,992,12706,40,43,0,0,0,0,27078
2026-04-24 18:43:42,703219,36430,243893,1051,12675,39,43,0,0,0,0,11567
2026-04-24 18:43:43,740058,36839,256678,1096,12830,41,43,0,0,0,0,19151
2026-04-24 18:43:44,777455,37397,269649,1151,13026,40,43,0,0,0,0,19978
2026-04-24 18:43:45,814914,37459,282639,1214,13053,39,43,0,0,0,0,25783
2026-04-24 18:43:46,853221,38307,295895,1281,13323,41,43,0,0,0,0,28179
2026-04-24 18:43:48,891874,38653,309300,1334,13458,41,43,0,0,0,0,35972
2026-04-24 18:43:49,930175,38301,322620,1380,13366,40,43,0,0,0,0,32122
2026-04-24 18:43:50,969647,39472,336294,1426,13720,40,43,0,0,0,0,32035
2026-04-24 18:43:51,1010462,40815,350472,1483,14235,38,43,0,0,0,0,35653
2026-04-24 18:43:52,1050585,40123,364361,1554,13960,41,43,0,0,0,0,39792
2026-04-24 18:43:53,1090801,40216,378316,1612,14013,41,43,0,0,0,0,37967
2026-04-24 18:43:55,1131678,40877,392511,1670,14253,40,43,0,0,0,0,38267
2026-04-24 18:43:56,1172636,40958,406730,1716,14265,41,43,0,0,0,0,32828
2026-04-24 18:43:57,1213624,40988,420939,1792,14285,39,43,0,0,0,0,39128
2026-04-24 18:43:58,1255069,41445,435318,1864,14451,40,43,0,0,0,0,43365
2026-04-24 18:43:59,1297292,42223,449971,1931,14720,40,43,0,0,0,0,49722
2026-04-24 18:44:00,1340044,42752,464780,2004,14882,39,43,0,0,0,0,44605
2026-04-24 18:44:02,1383362,43318,479774,2079,15069,39,43,0,0,0,0,51810
2026-04-24 18:44:03,1426093,42731,494598,2151,14896,40,43,0,0,0,0,46340
2026-04-24 18:44:04,1466962,40869,508768,2225,14244,41,43,0,0,0,0,48928
2026-04-24 18:44:05,1508133,41171,523065,2281,14353,40,43,0,0,0,0,54170
2026-04-24 18:44:06,1549677,41544,537470,2353,14477,37,43,0,0,0,0,57112
2026-04-24 18:44:07,1591176,41499,551873,2435,14485,41,43,0,0,0,0,58087
2026-04-24 18:44:09,1632911,41735,566357,2492,14541,38,43,0,0,0,0,60620
2026-04-24 18:44:10,1674721,41810,580840,2574,14565,39,43,0,0,0,0,46189
2026-04-24 18:44:11,1716260,41539,595268,2642,14496,41,43,0,0,0,0,52069
2026-04-24 18:44:12,1757123,40863,609455,2710,14255,37,43,0,0,0,0,53509
2026-04-24 18:44:13,1798811,41688,623917,2771,14523,40,43,0,0,0,0,54588
2026-04-24 18:44:15,1840042,41231,638227,2837,14376,38,43,0,0,0,0,57893
2026-04-24 18:44:16,1881457,41415,652597,2897,14430,38,43,0,0,0,0,60235
2026-04-24 18:44:17,1922658,41201,666899,2963,14368,39,43,0,0,0,0,49305
2026-04-24 18:44:18,1964746,42088,681538,3012,14688,36,43,0,0,0,0,49730
2026-04-24 18:44:19,2007375,42629,696312,3076,14838,38,43,0,0,0,0,53465
2026-04-24 18:44:20,2049433,42058,710882,3145,14639,39,43,0,0,0,0,55910
2026-04-24 18:44:22,2091738,42305,725570,3216,14759,35,43,0,0,0,0,60320
2026-04-24 18:44:23,2135031,43293,740588,3282,15084,39,43,0,0,0,0,61869
2026-04-24 18:44:24,2177892,42861,755472,3345,14947,39,43,0,0,0,0,53574
2026-04-24 18:44:25,2220212,42320,770162,3408,14753,40,43,0,0,0,0,57178
2026-04-24 18:44:26,2263143,42931,785049,3492,14971,39,43,0,0,0,0,60151
2026-04-24 18:44:27,2307717,44574,800527,3551,15537,40,43,0,0,0,0,63835
2026-04-24 18:44:29,2352612,44895,816133,3614,15669,41,43,0,0,0,0,66093
2026-04-24 18:44:30,2398187,45575,831962,3686,15901,34,43,0,0,0,0,69702
2026-04-24 18:44:31,2443178,44991,847575,3746,15673,41,43,0,0,0,0,59069
2026-04-24 18:44:32,2487806,44628,863059,3823,15561,38,43,0,0,0,0,59616
2026-04-24 18:44:33,2532325,44519,878467,3902,15487,41,43,0,0,0,0,49562
2026-04-24 18:44:34,2577485,45160,894171,3958,15760,40,43,0,0,0,0,55205
2026-04-24 18:44:36,2621283,43798,909372,4023,15266,39,43,0,0,0,0,58095
2026-04-24 18:44:37,2665495,44212,924703,4090,15398,41,43,0,0,0,0,55314
2026-04-24 18:44:38,2709542,44047,939992,4153,15352,37,43,0,0,0,0,49120
2026-04-24 18:44:39,2753066,43524,955100,4210,15165,41,43,0,0,0,0,56569
2026-04-24 18:44:40,2796844,43778,970265,4292,15247,40,43,0,0,0,0,45116
2026-04-24 18:44:41,2840975,44131,985612,4360,15415,39,43,0,0,0,0,54850
2026-04-24 18:44:43,2885214,44239,1000931,4424,15383,38,43,0,0,0,0,59030
2026-04-24 18:44:44,2929705,44491,1016340,4495,15480,38,43,0,0,0,0,61289
2026-04-24 18:44:45,2974105,44400,1031758,4558,15481,39,43,0,0,0,0,50670
2026-04-24 18:44:46,3018853,44748,1047292,4628,15604,29,43,0,0,0,0,52660
2026-04-24 18:44:47,3063108,44255,1062624,4690,15394,40,43,0,0,0,0,33896
2026-04-24 18:44:48,3107950,44842,1078188,4756,15630,41,43,0,0,0,0,34176
2026-04-24 18:44:50,3152597,44647,1093684,4817,15557,40,43,0,0,0,0,38372
2026-04-24 18:44:51,3198280,45683,1109517,4885,15901,40,43,0,0,0,0,47865
2026-04-24 18:44:52,3242631,44351,1124937,4941,15476,39,43,0,0,0,0,43244
2026-04-24 18:44:53,3287254,44623,1140408,5008,15538,39,43,0,0,0,0,49386
2026-04-24 18:44:54,3331845,44591,1155888,5075,15547,36,43,0,0,0,0,53397
2026-04-24 18:44:55,3376243,44398,1171282,5149,15468,41,43,0,0,0,0,60284
2026-04-24 18:44:57,3420180,43937,1186540,5210,15319,39,43,0,0,0,0,56136
2026-04-24 18:44:58,3466460,46280,1202611,5281,16142,40,43,0,0,0,0,56960
2026-04-24 18:44:59,3512510,46050,1218596,5360,16064,40,43,0,0,0,0,55798
2026-04-24 18:45:00,3558912,46402,1234696,5446,16186,38,43,0,0,0,0,50731
2026-04-24 18:45:01,3606177,47265,1251122,5511,16491,37,43,0,0,0,0,55344
2026-04-24 18:45:02,3653144,46967,1267431,5581,16379,40,43,0,0,0,0,57342
2026-04-24 18:45:04,3701117,47973,1284063,5644,16695,39,43,0,0,0,0,58852
2026-04-24 18:45:05,3747098,45981,1300073,5719,16085,40,43,0,0,0,0,64219
2026-04-24 18:45:06,3791928,44830,1315626,5792,15626,40,43,0,0,0,0,47153
2026-04-24 18:45:07,3837070,45142,1331290,5873,15745,41,43,0,0,0,0,50642
2026-04-24 18:45:08,3882792,45722,1347149,5937,15923,39,43,0,0,0,0,53640
2026-04-24 18:45:09,3927609,44817,1362737,6004,15655,38,43,0,0,0,0,56797
2026-04-24 18:45:11,3972629,45020,1378345,6066,15670,39,43,0,0,0,0,54443
2026-04-24 18:45:12,4018146,45517,1394167,6124,15880,40,43,0,0,0,0,52155
2026-04-24 18:45:13,4062719,44573,1409651,6182,15542,41,43,0,0,0,0,41575
2026-04-24 18:45:14,4107776,45057,1425308,6253,15728,39,43,0,0,0,0,47336
2026-04-24 18:45:15,4153261,45485,1441075,6332,15846,39,43,0,0,0,0,49692
2026-04-24 18:45:16,4197969,44708,1456619,6401,15613,40,43,0,0,0,0,57769
2026-04-24 18:45:18,4244955,46986,1472893,6460,16333,39,43,0,0,0,0,60957
2026-04-24 18:45:19,4292630,47675,1489386,6520,16553,41,43,0,0,0,0,60736
2026-04-24 18:45:20,4337695,45065,1505005,6585,15684,40,43,0,0,0,0,37843
2026-04-24 18:45:21,4384342,46647,1521170,6673,16253,40,43,0,0,0,0,41507
2026-04-24 18:45:22,4430522,46180,1537191,6743,16091,38,43,0,0,0,0,42932
2026-04-24 18:45:23,4476919,46397,1553276,6808,16150,38,43,0,0,0,0,43872
2026-04-24 18:45:25,4524107,47188,1569589,6871,16376,41,43,0,0,0,0,47932
2026-04-24 18:45:26,4570760,46653,1585755,6939,16234,39,43,0,0,0,0,55750
2026-04-24 18:45:27,4616545,45785,1601663,6998,15967,41,43,0,0,0,0,40273
2026-04-24 18:45:28,4662736,46191,1617702,7061,16102,37,43,0,0,0,0,47086
2026-04-24 18:45:29,4708506,45770,1633609,7126,15972,35,43,0,0,0,0,53479
2026-04-24 18:45:30,4755005,46499,1649745,7197,16207,39,43,0,0,0,0,58732
2026-04-24 18:45:32,4801655,46650,1665913,7260,16231,40,43,0,0,0,0,60598
2026-04-24 18:45:33,4850035,48380,1682709,7322,16858,38,43,0,0,0,0,60587
2026-04-24 18:45:34,4898263,48228,1699425,7396,16790,37,43,0,0,0,0,55921
2026-04-24 18:45:35,4946156,47893,1716034,7457,16670,37,43,0,0,0,0,59747
2026-04-24 18:45:36,4993497,47341,1732472,7534,16515,40,43,0,0,0,0,59489
2026-04-24 18:45:37,5039728,46231,1748509,7613,16116,40,43,0,0,0,0,63260
2026-04-24 18:45:39,5086193,46465,1764628,7684,16190,40,43,0,0,0,0,64869
2026-04-24 18:45:40,5132748,46555,1780766,7759,16213,40,43,0,0,0,0,62962
2026-04-24 18:45:41,5177561,44813,1796306,7819,15600,41,43,0,0,0,0,60260
2026-04-24 18:45:42,5223657,46096,1812279,7887,16041,37,43,0,0,0,0,59393
2026-04-24 18:45:43,5270431,46774,1828527,7953,16314,41,43,0,0,0,0,62212
2026-04-24 18:45:44,5316970,46539,1844675,8028,16223,35,43,0,0,0,0,63484
2026-04-24 18:45:46,5364190,47220,1861054,8101,16452,38,43,0,0,0,0,66415
2026-04-24 18:45:47,5409561,45371,1876814,8182,15841,41,43,0,0,0,0,56227
2026-04-24 18:45:48,5456166,46605,1892942,8261,16207,40,43,0,0,0,0,54416
2026-04-24 18:45:49,5503021,46855,1909203,8334,16334,39,43,0,0,0,0,36336
2026-04-24 18:45:50,5549955,46934,1925492,8389,16344,40,43,0,0,0,0,41834
2026-04-24 18:45:52,5597239,47284,1941884,8472,16475,39,43,0,0,0,0,38533
2026-04-24 18:45:53,5644413,47174,1958281,8537,16462,41,43,0,0,0,0,47018
2026-04-24 18:45:54,5691115,46702,1974473,8618,16273,37,43,0,0,0,0,39904
2026-04-24 18:45:55,5738522,47407,1990911,8699,16519,37,43,0,0,0,0,47349
2026-04-24 18:45:56,5785537,47015,2007202,8768,16360,36,43,0,0,0,0,56551
2026-04-24 18:45:57,5833184,47647,2023716,8842,16588,35,43,0,0,0,0,60799
2026-04-24 18:45:59,5879597,46413,2039862,8923,16227,30,43,0,0,0,0,63764
2026-04-24 18:46:00,5926003,46406,2055993,8985,16193,37,43,0,0,0,0,67791
2026-04-24 18:46:01,5972822,46819,2072214,9072,16308,37,43,0,0,0,0,60672
2026-04-24 18:46:02,6020116,47294,2088608,9162,16484,38,43,0,0,0,0,61375
2026-04-24 18:46:03,6068150,48034,2105262,9245,16737,41,43,0,0,0,0,63548
2026-04-24 18:46:04,6114117,45967,2121211,9317,16021,39,43,0,0,0,0,64436
2026-04-24 18:46:06,6161703,47586,2137711,9401,16584,40,43,0,0,0,0,61241
2026-04-24 18:46:07,6208926,47223,2154109,9473,16470,40,43,0,0,0,0,63162
2026-04-24 18:46:08,6256510,47584,2170621,9554,16593,38,43,0,0,0,0,44875
2026-04-24 18:46:09,6303869,47359,2187047,9634,16506,41,43,0,0,0,0,50011
2026-04-24 18:46:10,6351105,47236,2203457,9704,16480,38,43,0,0,0,0,51671
2026-04-24 18:46:11,6400187,49082,2220474,9779,17092,41,43,0,0,0,0,54802
2026-04-24 18:46:13,6448514,48327,2237256,9842,16845,41,43,0,0,0,0,61714
2026-04-24 18:46:14,6497134,48620,2254116,9925,16943,40,43,0,0,0,0,60480
2026-04-24 18:46:15,6545939,48805,2271030,10007,16996,32,43,0,0,0,0,58999
2026-04-24 18:46:16,6595550,49611,2288197,10092,17252,38,43,0,0,0,0,62346
2026-04-24 18:46:17,6642995,47445,2304694,10177,16582,39,43,0,0,0,0,64586
2026-04-24 18:46:18,6693111,50116,2322074,10243,17446,38,43,0,0,0,0,64791
2026-04-24 18:46:20,6741429,48318,2338820,10320,16823,39,43,0,0,0,0,65561
2026-04-24 18:46:21,6790660,49231,2355911,10409,17180,40,43,0,0,0,0,59703
2026-04-24 18:46:22,6840230,49570,2373130,10478,17288,38,43,0,0,0,0,55403
2026-04-24 18:46:23,6890130,49900,2390438,10550,17380,41,43,0,0,0,0,59527
2026-04-24 18:46:24,6939661,49531,2407624,10615,17251,39,43,0,0,0,0,61973
2026-04-24 18:46:25,6990313,50652,2425170,10708,17639,39,43,0,0,0,0,60902
2026-04-24 18:46:27,7039730,49417,2442304,10789,17215,41,43,0,0,0,0,63451
2026-04-24 18:46:28,7089563,49833,2459593,10848,17348,40,43,0,0,0,0,54968
2026-04-24 18:46:29,7139553,49990,2476961,10921,17441,38,43,0,0,0,0,37533
2026-04-24 18:46:30,7188079,48526,2493852,10984,16954,39,43,0,0,0,0,44710
2026-04-24 18:46:31,7237752,49673,2511088,11063,17315,42,43,0,0,0,0,52016
2026-04-24 18:46:32,7287582,49830,2528368,11142,17359,41,43,0,0,0,0,56183
2026-04-24 18:46:34,7337621,50039,2545671,11236,17397,40,43,0,0,0,0,58956
2026-04-24 18:46:35,7386506,48885,2562645,11312,17050,41,43,0,0,0,0,61716
2026-04-24 18:46:36,7435746,49240,2579703,11392,17138,41,43,0,0,0,0,53123
2026-04-24 18:46:37,7484534,48788,2596622,11489,17016,41,43,0,0,0,0,56349
2026-04-24 18:46:38,7534733,50199,2614052,11581,17522,38,43,0,0,0,0,57984
2026-04-24 18:46:39,7584289,49556,2631262,11653,17282,38,43,0,0,0,0,56863
2026-04-24 18:46:41,7633773,49484,2648442,11729,17256,41,43,0,0,0,0,59456
2026-04-24 18:46:42,7683833,50060,2665825,11798,17452,40,43,0,0,0,0,44610
2026-04-24 18:46:43,7734056,50223,2683255,11875,17507,39,43,0,0,0,0,43007
2026-04-24 18:46:44,7783065,49009,2700251,11949,17070,35,43,0,0,0,0,38959
2026-04-24 18:46:45,7832469,49404,2717395,12039,17234,40,43,0,0,0,0,44079
2026-04-24 18:46:46,7882333,49864,2734696,12102,17364,37,43,0,0,0,0,51930
2026-04-24 18:46:48,7931620,49287,2751804,12179,17185,39,43,0,0,0,0,62174
2026-04-24 18:46:49,7981339,49719,2769080,12251,17348,39,43,0,0,0,0,61903
2026-04-24 18:46:50,8030981,49642,2786299,12337,17305,41,43,0,0,0,0,59955
2026-04-24 18:46:51,8080201,49220,2803394,12410,17168,40,43,0,0,0,0,64897
2026-04-24 18:46:52,8130358,50157,2820768,12489,17453,39,43,0,0,0,0,68997
2026-04-24 18:46:53,8179385,49027,2837774,12576,17093,41,43,0,0,0,0,66901
2026-04-24 18:46:55,8227859,48474,2854625,12657,16932,41,43,0,0,0,0,70356
2026-04-24 18:46:56,8277587,49728,2871901,12718,17337,40,43,0,0,0,0,65557
2026-04-24 18:46:57,8328443,50856,2889526,12798,17705,40,43,0,0,0,0,60573
2026-04-24 18:46:58,8377330,48887,2906492,12878,17046,40,43,0,0,0,0,61185
2026-04-24 18:46:59,8426565,49235,2923550,12970,17150,41,43,0,0,0,0,63789
2026-04-24 18:47:00,8476459,49894,2940849,13037,17366,39,43,0,0,0,0,58664
2026-04-24 18:47:02,8526167,49708,2958064,13125,17303,37,43,0,0,0,0,62268
2026-04-24 18:47:03,8576648,50481,2975564,13204,17579,39,43,0,0,0,0,62481
2026-04-24 18:47:04,8627267,50619,2993115,13279,17626,41,43,0,0,0,0,54226
2026-04-24 18:47:05,8678176,50909,3010768,13354,17728,41,43,0,0,0,0,47545
2026-04-24 18:47:06,8727580,49404,3027911,13429,17218,39,43,0,0,0,0,56359
2026-04-24 18:47:08,8776930,49350,3045020,13503,17183,40,43,0,0,0,0,58360
2026-04-24 18:47:09,8826385,49455,3062193,13580,17250,38,43,0,0,0,0,62319
2026-04-24 18:47:10,8876486,50101,3079553,13664,17444,39,43,0,0,0,0,53441
2026-04-24 18:47:11,8925927,49441,3096709,13743,17235,37,43,0,0,0,0,58410
2026-04-24 18:47:12,8975917,49990,3114057,13817,17422,41,43,0,0,0,0,41206
2026-04-24 18:47:13,9025418,49501,3131230,13894,17250,39,43,0,0,0,0,42876
2026-04-24 18:47:15,9076256,50838,3148847,13972,17695,39,43,0,0,0,0,47871
2026-04-24 18:47:16,9125855,49599,3166031,14061,17273,37,43,0,0,0,0,53506
2026-04-24 18:47:17,9175611,49756,3183280,14145,17333,40,43,0,0,0,0,50954
2026-04-24 18:47:18,9225912,50301,3200723,14223,17521,39,43,0,0,0,0,57678
2026-04-24 18:47:19,9276163,50251,3218159,14310,17523,36,43,0,0,0,0,66196
2026-04-24 18:47:20,9327530,51367,3235993,14382,17906,40,43,0,0,0,0,70360
2026-04-24 18:47:22,9377501,49971,3253367,14456,17448,41,43,0,0,0,0,69730
2026-04-24 18:47:23,9428199,50698,3270933,14539,17649,41,43,0,0,0,0,73111
2026-04-24 18:47:24,9479093,50894,3288551,14632,17711,36,43,0,0,0,0,62854
2026-04-24 18:47:25,9529744,50651,3306137,14705,17659,40,43,0,0,0,0,65983
2026-04-24 18:47:26,9580468,50724,3323747,14770,17675,41,43,0,0,0,0,69492
2026-04-24 18:47:27,9631148,50680,3341329,14845,17657,38,43,0,0,0,0,73417
2026-04-24 18:47:29,9682611,51463,3359146,14931,17903,37,43,0,0,0,0,77571
2026-04-24 18:47:30,9733818,51207,3376894,15015,17832,39,43,0,0,0,0,68924
2026-04-24 18:47:31,9784100,50282,3394304,15109,17504,37,43,0,0,0,0,57755
2026-04-24 18:47:32,9834650,50550,3411838,15188,17613,39,43,0,0,0,0,61542
2026-04-24 18:47:33,9884708,50058,3429186,15252,17412,40,43,0,0,0,0,47194
2026-04-24 18:47:34,9934193,49485,3446347,15337,17246,40,43,0,0,0,0,51981
2026-04-24 18:47:36,9983644,49451,3463515,15392,17223,37,43,0,0,0,0,54794
2026-04-24 18:47:37,10033386,49742,3480795,15457,17345,36,43,0,0,0,0,59163
2026-04-24 18:47:38,10083760,50374,3498248,15538,17534,40,43,0,0,0,0,46972
2026-04-24 18:47:39,10133675,49915,3515570,15606,17390,38,43,0,0,0,0,50767
2026-04-24 18:47:40,10183096,49421,3532732,15673,17229,36,43,0,0,0,0,56184
2026-04-24 18:47:41,10232363,49267,3549847,15752,17194,38,43,0,0,0,0,60129
2026-04-24 18:47:43,10282386,50023,3567254,15813,17468,39,43,0,0,0,0,69995
2026-04-24 18:47:44,10331670,49284,3584350,15886,17169,40,43,0,0,0,0,74141
2026-04-24 18:47:45,10381004,49334,3601429,15969,17162,35,43,0,0,0,0,44123
2026-04-24 18:47:46,10429818,48814,3618381,16033,17016,33,43,0,0,0,0,50078
2026-04-24 18:47:47,10479590,49772,3635637,16126,17349,40,43,0,0,0,0,49286
2026-04-24 18:47:48,10528927,49337,3652767,16202,17206,37,43,0,0,0,0,53560
2026-04-24 18:47:50,10578255,49328,3669861,16273,17165,41,43,0,0,0,0,57553
2026-04-24 18:47:51,10628162,49907,3687135,16363,17364,39,43,0,0,0,0,64186
2026-04-24 18:47:52,10678064,49902,3704451,16436,17389,37,43,0,0,0,0,56528
2026-04-24 18:47:53,10727735,49671,3721672,16516,17301,40,43,20,20,0,0,58975
2026-04-24 18:47:54,10773088,45353,3737359,16582,15753,39,43,20020,20000,0,0,65083
2026-04-24 18:47:55,10817457,44369,3752780,16636,15475,39,43,40020,20000,0,0,67220
2026-04-24 18:47:57,10860278,42821,3767648,16696,14928,41,43,60020,20000,0,0,53810
2026-04-24 18:47:58,10903734,43456,3782731,16768,15155,40,43,80020,20000,0,0,40796
2026-04-24 18:47:59,10948256,44522,3798205,16833,15539,41,43,120020,40000,0,0,31637
2026-04-24 18:48:00,10993465,45209,3813877,16909,15748,40,43,140020,20000,0,0,26408
2026-04-24 18:48:01,11038069,44604,3829377,16976,15567,38,43,160020,20000,0,0,26025
2026-04-24 18:48:02,11082599,44530,3844848,17040,15535,38,43,180020,20000,0,0,33934
2026-04-24 18:48:04,11126404,43805,3860009,17126,15247,41,43,200020,20000,0,0,42005
2026-04-24 18:48:05,11170114,43710,3875166,17198,15229,41,43,220020,20000,0,0,49184
2026-04-24 18:48:06,11213790,43676,3890310,17266,15212,41,43,260020,40000,0,0,40701
2026-04-24 18:48:07,11258573,44783,3905839,17355,15618,37,43,280020,20000,0,0,47297
2026-04-24 18:48:08,11303076,44503,3921277,17407,15490,38,43,300020,20000,0,0,54124
2026-04-24 18:48:09,11347196,44120,3936622,17466,15404,35,43,320020,20000,0,0,35021
2026-04-24 18:48:11,11390103,42907,3951527,17525,14964,41,43,340020,20000,0,0,22042
2026-04-24 18:48:12,11434669,44566,3966992,17590,15530,35,43,360020,20000,0,0,30179
2026-04-24 18:48:13,11478334,43665,3982158,17644,15220,40,43,400020,40000,0,0,32538
2026-04-24 18:48:14,11523409,45075,3997800,17721,15719,40,43,420020,20000,0,0,39683
2026-04-24 18:48:15,11567751,44342,4013214,17789,15482,40,43,440020,20000,0,0,46934
2026-04-24 18:48:16,11613630,45879,4029122,17865,15984,40,43,460020,20000,0,0,47589
2026-04-24 18:48:18,11657160,43530,4044230,17931,15174,31,43,480020,20000,0,0,49892
2026-04-24 18:48:19,11701099,43939,4059448,18001,15288,40,43,500020,20000,0,0,45721
2026-04-24 18:48:20,11745340,44241,4074814,18057,15422,39,43,540020,40000,0,0,39491
2026-04-24 18:48:21,11790124,44784,4090350,18129,15608,40,43,560020,20000,0,0,41569
2026-04-24 18:48:22,11834433,44309,4105753,18191,15465,41,43,580020,20000,0,0,44516
2026-04-24 18:48:23,11878846,44413,4121207,18259,15522,40,43,600020,20000,0,0,53306
2026-04-24 18:48:25,11922690,43844,4136411,18320,15265,39,43,620020,20000,0,0,56037
2026-04-24 18:48:26,11966536,43846,4151627,18399,15295,40,43,640020,20000,0,0,56124
2026-04-24 18:48:27,12011479,44943,4167205,18465,15644,40,43,680020,40000,0,0,55671
2026-04-24 18:48:28,12055838,44359,4182603,18543,15476,38,43,700020,20000,0,0,42096
2026-04-24 18:48:29,12100671,44833,4198127,18619,15600,39,43,720020,20000,0,0,40396
2026-04-24 18:48:30,12145404,44733,4213618,18703,15575,41,43,740020,20000,0,0,44584
2026-04-24 18:48:32,12188362,42958,4228518,18772,14969,39,43,760020,20000,0,0,19127
2026-04-24 18:48:33,12232297,43935,4243754,18839,15303,41,43,780020,20000,0,0,29337
2026-04-24 18:48:34,12274937,42640,4258582,18905,14894,40,43,820020,40000,0,0,31674
2026-04-24 18:48:35,12319112,44175,4273903,18980,15396,40,43,840020,20000,0,0,38086
2026-04-24 18:48:36,12363890,44778,4289456,19040,15613,40,43,860020,20000,0,0,37552
2026-04-24 18:48:37,12408012,44122,4304762,19118,15384,41,43,880020,20000,0,0,17760
2026-04-24 18:48:39,12451618,43606,4319891,19185,15196,40,43,900020,20000,0,0,25059
2026-04-24 18:48:40,12494177,42559,4334629,19246,14799,41,43,920020,20000,0,0,36317
2026-04-24 18:48:41,12536519,42342,4349315,19319,14759,39,43,960020,40000,0,0,19504
2026-04-24 18:48:42,12581929,45410,4365079,19385,15830,36,43,980020,20000,0,0,32200
2026-04-24 18:48:43,12627939,46010,4381018,19453,16007,39,43,1000020,20000,0,0,40762
2026-04-24 18:48:44,12674291,46352,4397056,19525,16110,41,43,1020020,20000,0,0,47578
2026-04-24 18:48:46,12718820,44529,4412540,19598,15557,41,43,1040020,20000,0,0,52959
2026-04-24 18:48:47,12763210,44390,4427914,19674,15450,41,43,1060020,20000,0,0,58279
2026-04-24 18:48:48,12806242,43032,4442833,19735,14980,39,43,1100020,40000,0,0,33577
2026-04-24 18:48:49,12851505,45263,4458538,19807,15777,41,43,1120020,20000,0,0,44321
2026-04-24 18:48:50,12896747,45242,4474248,19869,15772,40,43,1140020,20000,0,0,46873
2026-04-24 18:48:51,12942029,45282,4489920,19946,15749,39,43,1160020,20000,0,0,28713
2026-04-24 18:48:53,12983841,41812,4504452,20015,14601,36,43,1180020,20000,0,0,37102
2026-04-24 18:48:54,13022344,38503,4517857,20069,13459,41,43,1240020,60000,0,0,44088
2026-04-24 18:48:55,13061045,38701,4531286,20113,13473,40,43,1300020,60000,0,0,10644
2026-04-24 18:48:56,13100165,39120,4544855,20187,13643,38,43,1360020,60000,0,0,16139
2026-04-24 18:48:57,13138190,38025,4557996,20256,13210,41,43,1420020,60000,0,0,25495
2026-04-24 18:48:58,13174986,36796,4570782,20309,12839,41,43,1480020,60000,0,0,29353
2026-04-24 18:49:00,13211125,36139,4583317,20356,12582,41,43,1540020,60000,0,0,32939
2026-04-24 18:49:01,13249475,38350,4596588,20422,13337,41,43,1600020,60000,0,0,34355
2026-04-24 18:49:02,13287546,38071,4609798,20467,13255,29,43,1660020,60000,0,0,23641
2026-04-24 18:49:03,13325991,38445,4623145,20520,13400,41,43,1720020,60000,0,0,32154
2026-04-24 18:49:04,13362486,36495,4635794,20598,12727,41,43,1780020,60000,0,0,15962
2026-04-24 18:49:05,13398702,36216,4648332,20665,12605,40,43,1840020,60000,0,0,24512
2026-04-24 18:49:07,13431842,33140,4659856,20713,11572,41,43,1900020,60000,0,0,22937
2026-04-24 18:49:08,13465384,33542,4671491,20768,11690,41,43,1940020,40000,0,0,28882
2026-04-24 18:49:09,13499004,33620,4683133,20827,11701,39,43,2000020,60000,0,0,13127
2026-04-24 18:49:10,13531807,32803,4694566,20869,11475,38,43,2060020,60000,0,0,15001
2026-04-24 18:49:11,13567010,35203,4706758,20914,12237,41,43,2100020,40000,0,0,10947
2026-04-24 18:49:12,13600776,33766,4718505,20966,11799,34,43,2160020,60000,0,0,11640
2026-04-24 18:49:14,13634255,33479,4730099,21026,11654,39,43,2220020,60000,0,0,10502
2026-04-24 18:49:15,13670470,36215,4742669,21085,12629,40,43,2263115,43095,0,0,19337
2026-04-24 18:49:16,13712328,41858,4757194,21158,14598,37,43,2263115,0,0,0,11712
2026-04-24 18:49:17,13754553,42225,4771812,21237,14697,35,43,2303115,40000,0,0,15095
2026-04-24 18:49:18,13798523,43970,4787067,21296,15314,38,43,2323115,20000,0,0,13623
2026-04-24 18:49:19,13844182,45659,4802881,21367,15885,35,43,2343115,20000,0,0,19330
2026-04-24 18:49:21,13887546,43364,4817933,21424,15109,38,43,2363115,20000,0,0,18718
2026-04-24 18:49:22,13929812,42266,4832594,21485,14722,41,43,2383115,20000,0,0,26064
2026-04-24 18:49:23,13972408,42596,4847360,21548,14829,31,43,2423115,40000,0,0,32105
2026-04-24 18:49:24,14017013,44605,4862802,21626,15520,37,43,2443115,20000,0,0,40235
2026-04-24 18:49:25,14061271,44258,4878138,21691,15401,40,43,2463115,20000,0,0,41852
2026-04-24 18:49:26,14105775,44504,4893578,21759,15508,39,43,2483115,20000,0,0,49142
2026-04-24 18:49:28,14149773,43998,4908859,21827,15349,38,43,2503115,20000,0,0,50265
2026-04-24 18:49:29,14193539,43766,4924036,21892,15242,39,43,2523115,20000,0,0,54516
2026-04-24 18:49:30,14234900,41361,4938405,21958,14435,37,43,2563115,40000,0,0,11417
2026-04-24 18:49:31,14278124,43224,4953393,22036,15066,41,43,2583115,20000,0,0,21611
2026-04-24 18:49:32,14322491,44367,4968777,22108,15456,39,43,2603115,20000,0,0,30371
2026-04-24 18:49:33,14367083,44592,4984263,22176,15554,36,43,2623115,20000,0,0,36243
2026-04-24 18:49:35,14411087,44004,4999544,22240,15345,41,43,2643115,20000,0,0,36973
2026-04-24 18:49:36,14455528,44441,5014954,22310,15480,41,43,2663115,20000,0,0,33889
2026-04-24 18:49:37,14499254,43726,5030113,22378,15227,40,43,2703115,40000,0,0,41875
2026-04-24 18:49:38,14542819,43565,5045223,22438,15170,40,43,2723115,20000,0,0,14084
2026-04-24 18:49:39,14587075,44256,5060583,22502,15424,40,43,2743115,20000,0,0,25699
2026-04-24 18:49:40,14633655,46580,5076722,22578,16215,39,43,2754416,11301,0,0,36050
2026-04-24 18:49:42,14679549,45894,5092692,22644,16036,41,43,2762604,8188,0,0,46548
2026-04-24 18:49:43,14725925,46376,5108760,22706,16130,40,43,2778769,16165,0,0,54860
2026-04-24 18:49:44,14772556,46631,5124968,22761,16263,37,43,2786622,7853,0,0,42172
2026-04-24 18:49:45,14820435,47879,5141624,22818,16713,40,43,2793944,7322,0,0,37964
2026-04-24 18:49:46,14868080,47645,5158138,22891,16587,40,43,2802010,8066,0,0,45833
2026-04-24 18:49:47,14916109,48029,5174823,22942,16736,38,43,2809889,7879,0,0,51709
2026-04-24 18:49:49,14962983,46874,5191091,23019,16345,37,43,2817679,7790,0,0,57638
2026-04-24 18:49:50,15009923,46940,5207336,23110,16336,39,43,2833106,15427,0,0,66207
2026-04-24 18:49:51,15058459,48536,5224170,23177,16901,39,43,2840272,7166,0,0,64621
2026-04-24 18:49:52,15108836,50377,5241682,23238,17573,39,43,2848277,8005,0,0,60988
2026-04-24 18:49:53,15159023,50187,5259110,23327,17517,38,43,2856257,7980,0,0,66158
2026-04-24 18:49:54,15209682,50659,5276716,23409,17688,40,43,2864554,8297,0,0,70208
2026-04-24 18:49:56,15260565,50883,5294328,23486,17689,41,43,2872101,7547,0,0,71376
2026-04-24 18:49:57,15311278,50713,5311952,23558,17696,37,43,2886079,13978,0,0,77102
2026-04-24 18:49:58,15362612,51334,5329775,23620,17885,37,43,2892863,6784,0,0,74430
2026-04-24 18:49:59,15412704,50092,5347132,23702,17439,41,43,2899931,7068,0,0,74589
2026-04-24 18:50:00,15464021,51317,5364929,23788,17883,41,43,2906775,6844,0,0,76114
2026-04-24 18:50:01,15515281,51260,5382676,23885,17844,37,43,2913499,6724,0,0,78011
2026-04-24 18:50:03,15565751,50470,5400173,23957,17569,37,43,2920276,6777,0,0,78667
2026-04-24 18:50:04,15617662,51911,5418143,24042,18055,39,43,2932572,12296,0,0,85307
2026-04-24 18:50:05,15669059,51397,5435974,24134,17923,36,43,2939003,6431,0,0,83104
2026-04-24 18:50:06,15719324,50265,5453391,24203,17486,38,43,2945204,6201,0,0,71331
2026-04-24 18:50:07,15769847,50523,5470928,24279,17613,40,43,2951660,6456,0,0,74068
2026-04-24 18:50:08,15820943,51096,5488662,24358,17813,38,43,2957911,6251,0,0,74597
2026-04-24 18:50:10,15871695,50752,5506308,24430,17718,39,43,2963801,5890,0,0,82280
2026-04-24 18:50:11,15922436,50741,5523955,24489,17706,38,43,2976236,12435,0,0,84487
2026-04-24 18:50:12,15974680,52244,5542061,24580,18197,41,43,2982239,6003,0,0,81969
2026-04-24 18:50:13,16026082,51402,5559902,24648,17909,40,43,2987796,5557,0,0,68157
2026-04-24 18:50:14,16077617,51535,5577771,24722,17943,40,43,2993285,5489,0,0,70453
2026-04-24 18:50:15,16129004,51387,5595548,24816,17871,41,43,2998996,5711,0,0,68669
2026-04-24 18:50:17,16179548,50544,5613088,24903,17627,35,43,3004290,5294,0,0,70641
2026-04-24 18:50:18,16231448,51900,5631091,24977,18077,38,43,3015450,11160,0,0,72795
2026-04-24 18:50:19,16282078,50630,5648653,25071,17656,38,43,3020794,5344,0,0,71540
2026-04-24 18:50:20,16333816,51738,5666611,25146,18033,38,43,3025989,5195,0,0,63951
2026-04-24 18:50:21,16385274,51458,5684453,25232,17928,39,43,3031496,5507,0,0,67552
2026-04-24 18:50:22,16436460,51186,5702237,25304,17856,38,43,3036810,5314,0,0,69908
2026-04-24 18:50:24,16487910,51450,5720090,25387,17936,37,43,3046875,10065,0,0,74755
2026-04-24 18:50:25,16539293,51383,5737905,25459,17887,37,43,3051745,4870,0,0,75727
2026-04-24 18:50:26,16589172,49879,5755246,25538,17420,39,43,3056631,4886,0,0,35206
2026-04-24 18:50:27,16639762,50590,5772825,25606,17647,39,43,3061633,5002,0,0,46756
2026-04-24 18:50:28,16691930,52168,5790894,25697,18160,38,43,3066543,4910,0,0,54479
2026-04-24 18:50:29,16742608,50678,5808483,25771,17663,32,43,3071029,4486,0,0,60147
2026-04-24 18:50:31,16792927,50319,5825926,25843,17515,37,43,3080395,9366,0,0,59459
2026-04-24 18:50:32,16844244,51317,5843742,25922,17895,38,43,3085025,4630,0,0,64545
2026-04-24 18:50:33,16895632,51388,5861595,26021,17952,38,43,3089782,4757,0,0,65264
2026-04-24 18:50:34,16946908,51276,5879375,26095,17854,41,43,3094340,4558,0,0,62996
2026-04-24 18:50:35,16997800,50892,5897052,26184,17766,39,43,3098703,4363,0,0,63855
2026-04-24 18:50:36,17049238,51438,5914901,26254,17919,39,43,3103163,4460,0,0,64453
2026-04-24 18:50:38,17100313,51075,5932599,26334,17778,38,43,3111864,8701,0,0,68934
2026-04-24 18:50:39,17151012,50699,5950179,26416,17662,39,43,3116368,4504,0,0,72419
2026-04-24 18:50:40,17201585,50573,5967755,26491,17651,39,43,3120872,4504,0,0,74786
2026-04-24 18:50:41,17252590,51005,5985431,26575,17760,40,43,3125042,4170,0,0,68892
2026-04-24 18:50:42,17305145,52555,6003631,26657,18282,39,43,3129038,3996,0,0,68276
2026-04-24 18:50:43,17357303,52158,6021738,26732,18182,38,43,3133219,4181,0,0,70380
2026-04-24 18:50:45,17408742,51439,6039588,26808,17926,39,43,3141390,8171,0,0,71179
2026-04-24 18:50:46,17459169,50427,6057080,26879,17563,37,43,3145427,4037,0,0,73859
2026-04-24 18:50:47,17510333,51164,6074889,26947,17877,40,43,3149605,4178,0,0,69751
2026-04-24 18:50:48,17563346,53013,6093274,27032,18470,39,43,3153632,4027,0,0,68026
2026-04-24 18:50:49,17614906,51560,6111148,27117,17959,35,43,3157422,3790,0,0,71458
2026-04-24 18:50:50,17666298,51392,6129007,27197,17939,41,43,3161501,4079,0,0,77943
2026-04-24 18:50:52,17716749,50451,6146546,27265,17607,39,43,3169829,8328,0,0,80976
2026-04-24 18:50:53,17766991,50242,6163991,27337,17517,40,43,3173546,3717,0,0,41700
2026-04-24 18:50:54,17818173,51182,6181747,27402,17821,38,43,3177174,3628,0,0,39737
2026-04-24 18:50:55,17868571,50398,6199240,27487,17578,40,43,3181115,3941,0,0,48741
2026-04-24 18:50:56,17918446,49875,6216559,27566,17398,40,43,3185039,3924,0,0,57578
2026-04-24 18:50:57,17968637,50191,6233975,27639,17489,38,43,3188687,3648,0,0,59758
2026-04-24 18:50:59,18018469,49832,6251286,27717,17389,38,43,3196116,7429,0,0,39679
2026-04-24 18:51:00,18069979,51510,6269128,27805,17930,36,43,3199828,3712,0,0,54021
2026-04-24 18:51:01,18121898,51919,6287135,27886,18088,37,43,3203220,3392,0,0,62776
2026-04-24 18:51:02,18173107,51209,6304880,27980,17839,40,43,3206997,3777,0,0,61251
2026-04-24 18:51:03,18225947,52840,6323168,28077,18385,37,43,3210242,3245,0,0,69029
2026-04-24 18:51:04,18276687,50740,6340759,28171,17685,39,43,3213827,3585,0,0,72426
2026-04-24 18:51:06,18326383,49696,6358026,28249,17345,40,43,3220992,7165,0,0,77317
2026-04-24 18:51:07,18376698,50315,6375458,28336,17519,40,43,3224563,3571,0,0,81569
2026-04-24 18:51:08,18428758,52060,6393489,28409,18104,37,43,3227748,3185,0,0,74153
2026-04-24 18:51:09,18479760,51002,6411189,28481,17772,37,43,3231152,3404,0,0,68200
2026-04-24 18:51:10,18531516,51756,6429137,28555,18022,37,43,3234418,3266,0,0,73928
2026-04-24 18:51:11,18583342,51826,6447142,28614,18064,40,43,3237752,3334,0,0,73452
2026-04-24 18:51:13,18634311,50969,6464806,28703,17753,39,43,3244444,6692,0,0,76311
2026-04-24 18:51:14,18684708,50397,6482314,28782,17587,40,43,3247928,3484,0,0,77213
2026-04-24 18:51:15,18736331,51623,6500221,28857,17982,40,43,3251450,3522,0,0,78186
2026-04-24 18:51:16,18787777,51446,6518091,28924,17937,40,43,3254655,3205,0,0,69597
2026-04-24 18:51:17,18838558,50781,6535716,28995,17696,40,43,3257692,3037,0,0,73028
2026-04-24 18:51:18,18889624,51066,6553434,29067,17790,41,43,3260835,3143,0,0,76317
2026-04-24 18:51:20,18940953,51329,6571237,29149,17885,39,43,3267280,6445,0,0,78730
2026-04-24 18:51:21,18991978,51025,6588928,29239,17781,34,43,3270374,3094,0,0,78102
2026-04-24 18:51:22,19043413,51435,6606785,29300,17918,38,43,3273566,3192,0,0,74128
2026-04-24 18:51:23,19095118,51705,6624744,29363,18022,38,43,3276885,3319,0,0,68328
2026-04-24 18:51:24,19147018,51900,6642726,29449,18068,40,43,3279935,3050,0,0,72677
2026-04-24 18:51:25,19199434,52416,6660910,29516,18251,40,43,3283209,3274,0,0,74953
2026-04-24 18:51:27,19250428,50994,6678617,29590,17781,39,43,3289420,6211,0,0,78988
2026-04-24 18:51:28,19300148,49720,6695893,29670,17356,37,43,3292590,3170,0,0,83104
2026-04-24 18:51:29,19351794,51646,6713835,29745,18017,39,43,3295743,3153,0,0,79473
2026-04-24 18:51:30,19404966,53172,6732263,29816,18499,38,43,3298632,2889,0,0,75347
2026-04-24 18:51:31,19455199,50233,6749718,29891,17530,39,43,3301638,3006,0,0,74062
2026-04-24 18:51:32,19505846,50647,6767310,29964,17665,38,43,3304720,3082,0,0,69584
2026-04-24 18:51:34,19558502,52656,6785597,30044,18367,40,43,3310465,5745,0,0,72783
2026-04-24 18:51:35,19610418,51916,6803613,30111,18083,40,43,3313627,3162,0,0,74511
2026-04-24 18:51:36,19661824,51406,6821437,30200,17913,41,43,3316392,2765,0,0,68550
2026-04-24 18:51:37,19715255,53431,6839985,30275,18623,40,43,3319191,2799,0,0,67638
2026-04-24 18:51:38,19766669,51414,6857806,30354,17900,40,43,3322117,2926,0,0,69902
2026-04-24 18:51:40,19817896,51227,6875569,30434,17843,41,43,3325024,2907,0,0,73349
2026-04-24 18:51:41,19869796,51900,6893537,30513,18047,39,43,3330603,5579,0,0,75509
2026-04-24 18:51:42,19922666,52870,6911853,30613,18416,38,43,3333429,2826,0,0,77543
2026-04-24 18:51:43,19974062,51396,6929704,30687,17925,40,43,3336237,2808,0,0,68544
2026-04-24 18:51:44,20025871,51809,6947733,30748,18090,36,43,3339224,2987,0,0,66499
2026-04-24 18:51:45,20078441,52570,6965941,30818,18278,39,43,3341987,2763,0,0,66958
2026-04-24 18:51:47,20129060,50619,6983552,30886,17679,40,43,3344758,2771,0,0,72398
2026-04-24 18:51:48,20178766,49706,7000761,30974,17297,38,43,3350405,5647,0,0,74366
2026-04-24 18:51:49,20229872,51106,7018501,31055,17821,41,43,3353174,2769,0,0,75833
2026-04-24 18:51:50,20281195,51323,7036284,31130,17858,37,43,3355907,2733,0,0,62310
2026-04-24 18:51:51,20332726,51531,7054169,31206,17961,39,43,3358489,2582,0,0,57750
2026-04-24 18:51:52,20384260,51534,7072017,31275,17917,40,43,3361180,2691,0,0,64453
2026-04-24 18:51:54,20436747,52487,7090237,31345,18290,41,43,3363846,2666,0,0,69387
2026-04-24 18:51:55,20487509,50762,7107834,31417,17669,37,43,3369169,5323,0,0,70321
2026-04-24 18:51:56,20538819,51310,7125650,31481,17880,41,43,3371859,2690,0,0,75825
2026-04-24 18:51:57,20590084,51265,7143460,31558,17887,38,43,3374546,2687,0,0,71501
2026-04-24 18:51:58,20641492,51408,7161275,31661,17918,37,43,3377327,2781,0,0,71162
2026-04-24 18:51:59,20693159,51667,7179227,31737,18028,39,43,3379892,2565,0,0,75131
2026-04-24 18:52:00,20744688,51529,7197084,31814,17934,37,43,3382662,2770,0,0,75950
2026-04-24 18:52:02,20795901,51213,7214904,31875,17881,40,43,3387866,5204,0,0,83209
2026-04-24 18:52:03,20847513,51612,7232795,31950,17966,38,43,3390373,2507,0,0,82053
2026-04-24 18:52:04,20898980,51467,7250629,32035,17919,38,43,3392987,2614,0,0,74465
2026-04-24 18:52:05,20950629,51649,7268515,32128,17979,39,43,3395618,2631,0,0,72030
2026-04-24 18:52:06,21002788,52159,7286644,32219,18220,39,43,3398224,2606,0,0,76786
2026-04-24 18:52:07,21054667,51879,7304670,32287,18094,41,43,3400889,2665,0,0,80488
2026-04-24 18:52:09,21105361,50694,7322252,32367,17662,41,43,3405953,5064,0,0,83166
2026-04-24 18:52:10,21157467,52106,7340346,32446,18173,40,43,3408496,2543,0,0,84250
2026-04-24 18:52:11,21208705,51238,7358136,32530,17874,36,43,3411122,2626,0,0,83241
2026-04-24 18:52:12,21260886,52181,7376216,32626,18176,41,43,3413622,2500,0,0,80938
2026-04-24 18:52:13,21312876,51990,7394261,32692,18111,38,43,3417567,3945,0,0,83971
2026-04-24 18:52:14,21362381,49505,7411407,32774,17228,38,43,3422309,4742,0,0,87102
2026-04-24 18:52:16,21410172,47791,7427979,32853,16651,37,43,3433016,10707,0,0,84465
2026-04-24 18:52:17,21460359,50187,7445377,32943,17488,41,43,3438477,5461,0,0,84926
2026-04-24 18:52:18,21510944,50585,7462914,33022,17616,39,43,3444586,6109,0,0,77966
2026-04-24 18:52:19,21561893,50949,7480571,33095,17730,37,43,3451262,6676,0,0,75941
2026-04-24 18:52:20,21611302,49409,7497707,33192,17233,37,43,3457950,6688,0,0,74678
2026-04-24 18:52:21,21661635,50333,7515145,33272,17518,40,43,3465630,7680,0,0,77635
2026-04-24 18:52:23,21708093,46458,7531264,33352,16199,41,43,3472962,7332,0,0,79636
2026-04-24 18:52:24,21755881,47788,7547843,33431,16658,40,43,3489629,16667,0,0,83267
2026-04-24 18:52:25,21804530,48649,7564722,33489,16937,39,43,3498516,8887,0,0,76492
2026-04-24 18:52:26,21853274,48744,7581645,33547,16981,41,43,3506851,8335,0,0,76097
2026-04-24 18:52:27,21902981,49707,7598847,33636,17291,39,43,3515814,8963,0,0,79761
2026-04-24 18:52:28,21951860,48879,7615831,33710,17058,34,43,3525236,9422,0,0,80855
2026-04-24 18:52:30,21997977,46117,7631795,33795,16049,41,43,3535429,10193,0,0,72344
2026-04-24 18:52:31,22043547,45570,7647609,33856,15875,39,43,3555348,19919,0,0,75824
2026-04-24 18:52:32,22091590,48043,7664267,33932,16734,41,43,3565239,9891,0,0,70702
2026-04-24 18:52:33,22139483,47893,7680886,34005,16692,37,43,3576588,11349,0,0,67375
2026-04-24 18:52:34,22189251,49768,7698179,34068,17356,37,43,3586664,10076,0,0,68112
2026-04-24 18:52:35,22238374,49123,7715193,34145,17091,40,43,3598109,11445,0,0,72318
2026-04-24 18:52:37,22282975,44601,7730692,34208,15562,41,43,3609799,11690,0,0,73903
2026-04-24 18:52:38,22327647,44672,7746153,34273,15526,37,43,3632274,22475,0,0,77287
2026-04-24 18:52:39,22375567,47920,7762744,34343,16661,41,43,3643174,10900,0,0,69375
2026-04-24 18:52:40,22422624,47057,7779090,34407,16410,38,43,3654424,11250,0,0,63762
2026-04-24 18:52:41,22470833,48209,7795841,34467,16811,40,43,3666789,12365,0,0,68309
2026-04-24 18:52:43,22518617,47784,7812430,34548,16670,41,43,3677896,11107,0,0,68969
2026-04-24 18:52:44,22561968,43351,7827457,34617,15096,41,43,3691295,13399,0,0,68397
2026-04-24 18:52:45,22604697,42729,7842294,34673,14893,41,43,3703663,12368,0,0,71636
2026-04-24 18:52:46,22649228,44531,7857704,34743,15480,39,43,3728107,24444,0,0,65513
2026-04-24 18:52:47,22694443,45215,7873386,34811,15750,39,43,3741560,13453,0,0,64643
2026-04-24 18:52:48,22740562,46119,7889398,34883,16084,40,43,3754203,12643,0,0,70960
2026-04-24 18:52:49,22787060,46498,7905522,34951,16192,40,43,3767462,13259,0,0,70364
2026-04-24 18:52:51,22832368,45308,7921240,35018,15785,39,43,3779600,12138,0,0,76562
2026-04-24 18:52:52,22873677,41309,7935593,35073,14408,41,43,3794282,14682,0,0,48762
2026-04-24 18:52:53,22919131,45454,7951361,35136,15831,40,43,3820966,26684,0,0,47955
2026-04-24 18:52:54,22966494,47363,7967790,35204,16497,40,43,3835021,14055,0,0,51258
2026-04-24 18:52:55,23013148,46654,7983970,35279,16255,36,43,3849520,14499,0,0,54586
2026-04-24 18:52:56,23059416,46268,8000017,35354,16122,40,43,3864049,14529,0,0,61889
2026-04-24 18:52:58,23102018,42602,8014788,35420,14837,38,43,3879222,15173,0,0,66935
2026-04-24 18:52:59,23146831,44813,8030307,35499,15598,41,43,3892439,13217,0,0,72634
2026-04-24 18:53:00,23192695,45864,8046180,35570,15944,40,43,3922895,30456,0,0,75406
2026-04-24 18:53:01,23239645,46950,8062491,35630,16371,39,43,3938130,15235,0,0,70092
2026-04-24 18:53:02,23283447,43802,8077677,35696,15252,40,43,3954577,16447,0,0,28457
2026-04-24 18:53:03,23330373,46926,8093908,35767,16302,39,43,3969264,14687,0,0,32250
2026-04-24 18:53:05,23371921,41548,8108291,35841,14457,39,43,3985001,15737,0,0,26996
2026-04-24 18:53:06,23416786,44865,8123896,35901,15665,41,43,3998004,13003,0,0,40082
2026-04-24 18:53:07,23461922,45136,8139544,35960,15707,39,43,4031611,33607,0,0,49028
2026-04-24 18:53:08,23509177,47255,8155937,36040,16473,40,43,4047711,16100,0,0,48220
2026-04-24 18:53:09,23553982,44805,8171473,36115,15611,41,43,4063803,16092,0,0,42106
2026-04-24 18:53:10,23598688,44706,8186962,36180,15554,36,43,4080569,16766,0,0,52756
2026-04-24 18:53:12,23643234,44546,8202423,36249,15530,41,43,4098475,17906,0,0,53272
2026-04-24 18:53:13,23685489,42255,8217091,36319,14738,40,43,4118475,20000,0,0,53134
2026-04-24 18:53:14,23727434,41945,8231637,36389,14616,41,43,4138475,20000,0,0,29399
2026-04-24 18:53:15,23766990,39556,8245383,36434,13791,41,43,4158475,20000,0,0,4278
2026-04-24 18:53:16,23809516,42526,8260148,36498,14829,40,43,4198475,40000,0,0,10100
2026-04-24 18:53:17,23853933,44417,8275551,36564,15469,41,43,4218475,20000,0,0,14711
2026-04-24 18:53:19,23899214,45281,8291276,36616,15777,41,43,4238475,20000,0,0,26947
2026-04-24 18:53:20,23944288,45074,8306899,36692,15699,41,43,4258475,20000,0,0,33083
2026-04-24 18:53:21,23989794,45506,8322705,36752,15866,37,43,4298475,40000,0,0,40915
2026-04-24 18:53:22,24037121,47327,8339114,36829,16486,39,43,4318475,20000,0,0,39577
2026-04-24 18:53:23,24084658,47537,8355576,36906,16539,38,43,4338475,20000,0,0,47488
2026-04-24 18:53:24,24131469,46811,8371804,36985,16307,40,43,4358475,20000,0,0,53904
2026-04-24 18:53:26,24170999,39530,8385519,37056,13786,32,43,4378475,20000,0,0,19242
2026-04-24 18:53:27,24211240,40241,8399510,37112,14047,39,43,4398475,20000,0,0,18076
2026-04-24 18:53:28,24254724,43484,8414615,37177,15170,40,43,4418475,20000,0,0,27799
2026-04-24 18:53:29,24299843,45119,8430257,37245,15710,40,43,4458475,40000,0,0,33110
2026-04-24 18:53:30,24346369,46526,8446388,37303,16189,39,43,4478475,20000,0,0,40723
2026-04-24 18:53:31,24388535,42166,8461037,37366,14712,40,43,4498475,20000,0,0,10111
2026-04-24 18:53:33,24430465,41930,8475599,37424,14620,34,43,4518475,20000,0,0,12365
2026-04-24 18:53:34,24469278,38813,8489071,37485,13533,41,43,4538475,20000,0,0,15336
2026-04-24 18:53:35,24507574,38296,8502394,37546,13384,41,43,4558475,20000,0,0,15773
2026-04-24 18:53:36,24543411,35837,8514788,37614,12462,41,43,4578475,20000,0,0,1534
2026-04-24 18:53:37,24583747,40336,8528755,37692,14045,36,43,4618475,40000,0,0,6706
2026-04-24 18:53:38,24625157,41410,8543092,37765,14410,41,43,4638475,20000,0,0,9984
2026-04-24 18:53:40,24665971,40814,8557229,37839,14211,41,43,4658475,20000,0,0,7763
2026-04-24 18:53:41,24703901,37930,8570344,37903,13179,36,43,4678475,20000,0,0,11313
2026-04-24 18:53:42,24752825,48924,8587312,37972,17037,38,43,4698475,20000,0,0,26084
2026-04-24 18:53:43,24801866,49041,8604320,38037,17073,40,43,4738475,40000,0,0,34578
2026-04-24 18:53:44,24851544,49678,8621550,38108,17301,39,43,4758475,20000,0,0,46593
2026-04-24 18:53:45,24900940,49396,8638682,38186,17210,41,43,4778475,20000,0,0,56827
2026-04-24 18:53:47,24950568,49628,8655902,38260,17294,41,43,4798475,20000,0,0,66064
2026-04-24 18:53:48,24999270,48702,8672809,38340,16987,39,43,4818475,20000,0,0,74027
2026-04-24 18:53:49,25046885,47615,8689366,38420,16637,38,43,4838475,20000,0,0,79180
2026-04-24 18:53:50,25092889,46004,8705302,38503,16019,39,43,4878475,40000,0,0,70785
2026-04-24 18:53:51,25141381,48492,8722120,38577,16892,38,43,4898475,20000,0,0,69254
2026-04-24 18:53:52,25190328,48947,8739101,38656,17060,38,43,4918475,20000,0,0,76645
2026-04-24 18:53:54,25239581,49253,8756197,38727,17167,41,43,4938475,20000,0,0,79674
2026-04-24 18:53:55,25288051,48470,8773016,38802,16894,41,43,4958475,20000,0,0,79176
2026-04-24 18:53:56,25336579,48528,8789856,38871,16909,41,43,4978475,20000,0,0,81222
2026-04-24 18:53:57,25386208,49629,8807092,38944,17309,39,43,5018475,40000,0,0,69323
2026-04-24 18:53:58,25435673,49465,8824239,39028,17231,36,43,5038475,20000,0,0,73078
2026-04-24 18:53:59,25484250,48577,8841088,39105,16926,40,43,5058475,20000,0,0,75628
2026-04-24 18:54:01,25533117,48867,8858034,39169,17010,38,43,5078475,20000,0,0,77401
2026-04-24 18:54:02,25581226,48109,8874735,39257,16789,41,43,5098475,20000,0,0,77933
2026-04-24 18:54:03,25630292,49066,8891752,39327,17087,30,43,5118475,20000,0,0,78033
2026-04-24 18:54:04,25679837,49545,8908952,39402,17275,39,43,5158475,40000,0,0,75821
2026-04-24 18:54:05,25727604,47767,8925564,39470,16680,37,43,5178475,20000,0,0,77975
2026-04-24 18:54:06,25777174,49570,8942756,39543,17265,40,43,5198475,20000,0,0,80376
2026-04-24 18:54:08,25826265,49091,8959769,39624,17094,40,43,5218475,20000,0,0,85054
2026-04-24 18:54:09,25873978,47713,8976374,39691,16672,41,43,5238475,20000,0,0,88031
2026-04-24 18:54:10,25923219,49241,8993441,39768,17144,40,43,5278475,40000,0,0,91356
2026-04-24 18:54:11,25971796,48577,9010297,39834,16922,40,43,5298475,20000,0,0,78166
2026-04-24 18:54:12,26021662,49866,9027628,39890,17387,38,43,5318475,20000,0,0,81469
2026-04-24 18:54:13,26070718,49056,9044654,39968,17104,41,43,5338475,20000,0,0,81543
2026-04-24 18:54:15,26119461,48743,9061601,40047,17026,41,43,5358475,20000,0,0,83597
2026-04-24 18:54:16,26168077,48616,9078462,40117,16931,36,43,5378475,20000,0,0,86312
2026-04-24 18:54:17,26216186,48109,9095174,40196,16791,36,43,5418475,40000,0,0,88882
2026-04-24 18:54:18,26265982,49796,9112425,40267,17322,40,43,5438475,20000,0,0,85179
2026-04-24 18:54:19,26314394,48412,9129218,40333,16859,40,43,5458475,20000,0,0,85097
2026-04-24 18:54:20,26364188,49794,9146485,40412,17346,37,43,5478475,20000,0,0,78448
2026-04-24 18:54:22,26412719,48531,9163355,40477,16935,37,43,5498475,20000,0,0,81461
2026-04-24 18:54:23,26460801,48082,9180060,40548,16776,37,43,5518475,20000,0,0,79338
2026-04-24 18:54:24,26509678,48877,9197012,40620,17024,39,43,5558475,40000,0,0,82900
2026-04-24 18:54:25,26558663,48985,9214003,40694,17065,40,43,5578475,20000,0,0,69839
2026-04-24 18:54:26,26608193,49530,9231172,40768,17243,38,43,5598475,20000,0,0,74658
2026-04-24 18:54:27,26656902,48709,9248093,40841,16994,40,43,5618475,20000,0,0,74178
2026-04-24 18:54:29,26706153,49251,9265172,40925,17163,39,43,5638475,20000,0,0,78311
2026-04-24 18:54:30,26755121,48968,9282194,40990,17087,37,43,5658475,20000,0,0,83436
2026-04-24 18:54:31,26804128,49007,9299205,41057,17078,38,43,5698475,40000,0,0,84561
2026-04-24 18:54:32,26852248,48120,9315894,41149,16781,37,43,5718475,20000,0,0,57410
2026-04-24 18:54:33,26900236,47988,9332555,41212,16724,39,43,5738475,20000,0,0,63414
2026-04-24 18:54:34,26950725,50489,9350058,41277,17568,38,43,5758475,20000,0,0,65171
2026-04-24 18:54:36,26999623,48898,9367053,41350,17068,40,43,5778475,20000,0,0,68130
2026-04-24 18:54:37,27047782,48159,9383776,41420,16793,41,43,5798475,20000,0,0,71937
2026-04-24 18:54:38,27094732,46950,9400071,41491,16366,38,43,5838475,40000,0,0,38725
2026-04-24 18:54:39,27143870,49138,9417143,41569,17150,36,43,5858475,20000,0,0,45472
2026-04-24 18:54:40,27193027,49157,9434208,41646,17142,40,43,5878475,20000,0,0,58033
2026-04-24 18:54:41,27241684,48657,9451087,41720,16953,37,43,5898475,20000,0,0,69640
2026-04-24 18:54:43,27287627,45943,9467076,41786,16055,41,43,5918475,20000,0,0,79487
2026-04-24 18:54:44,27331582,43955,9482332,41851,15321,37,43,5938475,20000,0,0,59288
2026-04-24 18:54:45,27377205,45623,9498130,41925,15872,27,43,5958475,20000,0,0,65829
2026-04-24 18:54:46,27424380,47175,9514472,42016,16433,37,43,5998475,40000,0,0,65813
2026-04-24 18:54:47,27473245,48865,9531414,42088,17014,41,43,6008388,9913,0,0,68834
2026-04-24 18:54:48,27523436,50191,9548812,42175,17485,39,43,6017352,8964,0,0,70133
2026-04-24 18:54:50,27571074,47638,9565381,42264,16658,35,43,6027036,9684,0,0,72796
2026-04-24 18:54:51,27620165,49091,9582399,42332,17086,39,43,6044777,17741,0,0,80827
2026-04-24 18:54:52,27670172,50007,9599747,42409,17425,41,43,6054067,9290,0,0,83251
2026-04-24 18:54:53,27720252,50080,9617119,42486,17449,39,43,6063148,9081,0,0,74700
2026-04-24 18:54:54,27770606,50354,9634583,42569,17547,38,43,6072782,9634,0,0,75367
2026-04-24 18:54:55,27821849,51243,9652354,42637,17839,39,43,6081254,8472,0,0,74952
2026-04-24 18:54:57,27870194,48345,9669121,42728,16858,40,43,6089815,8561,0,0,72720
2026-04-24 18:54:58,27920619,50425,9686619,42808,17578,41,43,6106343,16528,0,0,74812
2026-04-24 18:54:59,27971507,50888,9704216,42892,17681,40,43,6114263,7920,0,0,73936
2026-04-24 18:55:00,28021847,50340,9721704,42960,17556,39,43,6122577,8314,0,0,71694
2026-04-24 18:55:01,28072459,50612,9739213,43054,17603,39,43,6130582,8005,0,0,73663
2026-04-24 18:55:02,28122919,50460,9756730,43137,17600,37,43,6138354,7772,0,0,80194
2026-04-24 18:55:04,28173165,50246,9774134,43230,17497,39,43,6153759,15405,0,0,76884
2026-04-24 18:55:05,28222741,49576,9791340,43319,17295,41,43,6161859,8100,0,0,77768
2026-04-24 18:55:06,28273145,50404,9808825,43394,17560,38,43,6169247,7388,0,0,77533
2026-04-24 18:55:07,28323310,50165,9826270,43455,17506,40,43,6176894,7647,0,0,68443
2026-04-24 18:55:08,28374911,51601,9844135,43554,17964,38,43,6183820,6926,0,0,72019
2026-04-24 18:55:09,28426079,51168,9861882,43633,17826,40,43,6191314,7494,0,0,75278
2026-04-24 18:55:11,28476271,50192,9879302,43708,17495,41,43,6206067,14753,0,0,78979
2026-04-24 18:55:12,28527299,51028,9896998,43795,17783,40,43,6213553,7486,0,0,76075
2026-04-24 18:55:13,28576850,49551,9914221,43871,17299,40,43,6220483,6930,0,0,75475
2026-04-24 18:55:14,28626887,50037,9931566,43942,17416,41,43,6227398,6915,0,0,68984
2026-04-24 18:55:15,28679253,52366,9949704,44020,18216,39,43,6234300,6902,0,0,70317
2026-04-24 18:55:17,28730634,51381,9967524,44106,17906,39,43,6241220,6920,0,0,73430
2026-04-24 18:55:18,28780606,49972,9984879,44181,17430,38,43,6254490,13270,0,0,75790
2026-04-24 18:55:19,28830927,50321,10002371,44261,17572,40,43,6261467,6977,0,0,77413
2026-04-24 18:55:20,28880976,50049,10019732,44343,17443,39,43,6268442,6975,0,0,74361
2026-04-24 18:55:21,28932894,51918,10037722,44425,18072,41,43,6274842,6400,0,0,66838
2026-04-24 18:55:22,28984160,51266,10055544,44481,17878,40,43,6281495,6653,0,0,69998
2026-04-24 18:55:24,29035095,50935,10073211,44564,17750,40,43,6287359,5864,0,0,66050
2026-04-24 18:55:25,29085549,50454,10090700,44644,17569,40,43,6299749,12390,0,0,68068
2026-04-24 18:55:26,29137324,51775,10108619,44744,18019,38,43,6305748,5999,0,0,69680
2026-04-24 18:55:27,29189676,52352,10126809,44813,18259,39,43,6312009,6261,0,0,63847
2026-04-24 18:55:28,29241698,52022,10144851,44898,18127,41,43,6317929,5920,0,0,63653
2026-04-24 18:55:29,29294231,52533,10163068,44975,18294,40,43,6323484,5555,0,0,69493
2026-04-24 18:55:31,29344212,49981,10180431,45049,17437,38,43,6329614,6130,0,0,72293
2026-04-24 18:55:32,29394787,50575,10197938,45136,17594,40,43,6341434,11820,0,0,76818
2026-04-24 18:55:33,29445437,50650,10215559,45203,17688,41,43,6347251,5817,0,0,81770
2026-04-24 18:55:34,29497636,52199,10233669,45278,18185,37,43,6353329,6078,0,0,72843
2026-04-24 18:55:35,29548520,50884,10251315,45364,17732,38,43,6358984,5655,0,0,75140
2026-04-24 18:55:36,29598680,50160,10268683,45446,17450,39,43,6364679,5695,0,0,80529
2026-04-24 18:55:38,29648582,49902,10286015,45525,17411,39,43,6370085,5406,0,0,82271
2026-04-24 18:55:39,29697925,49343,10303141,45604,17205,39,43,6380728,10643,0,0,81137
2026-04-24 18:55:40,29747845,49920,10320455,45682,17392,39,43,6385722,4994,0,0,83756
2026-04-24 18:55:41,29799002,51157,10338213,45752,17828,39,43,6390772,5050,0,0,69673
2026-04-24 18:55:42,29849691,50689,10355819,45816,17670,39,43,6396063,5291,0,0,73818
2026-04-24 18:55:43,29901762,52071,10373868,45894,18127,39,43,6401030,4967,0,0,75745
2026-04-24 18:55:45,29952545,50783,10391502,45965,17705,38,43,6411168,10138,0,0,81435
2026-04-24 18:55:46,30004016,51471,10409376,46041,17950,40,43,6416353,5185,0,0,82348
2026-04-24 18:55:47,30055004,50988,10427054,46123,17760,39,43,6421443,5090,0,0,83161
2026-04-24 18:55:48,30105412,50408,10444557,46187,17567,39,43,6426743,5300,0,0,75003
2026-04-24 18:55:49,30155845,50433,10462035,46270,17561,39,43,6431570,4827,0,0,75985
2026-04-24 18:55:50,30207257,51412,10479856,46334,17885,33,43,6436464,4894,0,0,76380
2026-04-24 18:55:52,30257406,50149,10497231,46404,17445,41,43,6446295,9831,0,0,78736
2026-04-24 18:55:53,30308612,51206,10515016,46474,17855,37,43,6451183,4888,0,0,79607
2026-04-24 18:55:54,30357836,49224,10532107,46542,17159,39,43,6455953,4770,0,0,51268
2026-04-24 18:55:55,30408608,50772,10549717,46616,17684,37,43,6460341,4388,0,0,52603
2026-04-24 18:55:56,30459107,50499,10567266,46691,17624,37,43,6464861,4520,0,0,56495
2026-04-24 18:55:57,30510698,51591,10585141,46760,17944,39,43,6469809,4948,0,0,58986
2026-04-24 18:55:59,30560364,49666,10602385,46848,17332,37,43,6478902,9093,0,0,64734
2026-04-24 18:56:00,30610839,50475,10619873,46934,17574,39,43,6483455,4553,0,0,72364
2026-04-24 18:56:01,30661203,50364,10637357,47008,17558,35,43,6487866,4411,0,0,74221
2026-04-24 18:56:02,30712082,50879,10655046,47096,17777,40,43,6492776,4910,0,0,69721
2026-04-24 18:56:03,30762829,50747,10672683,47161,17702,40,43,6497443,4667,0,0,68272
2026-04-24 18:56:04,30814422,51593,10690565,47232,17953,40,43,6502015,4572,0,0,67299
2026-04-24 18:56:06,30864982,50560,10708067,47312,17582,38,43,6510857,8842,0,0,71922
2026-04-24 18:56:07,30915737,50755,10725709,47380,17710,37,43,6515354,4497,0,0,78575
2026-04-24 18:56:08,30966922,51185,10743438,47460,17809,41,43,6519631,4277,0,0,76937
2026-04-24 18:56:09,31018148,51226,10761204,47540,17846,35,43,6524037,4406,0,0,68909
2026-04-24 18:56:10,31069502,51354,10778990,47622,17868,38,43,6528167,4130,0,0,71802
2026-04-24 18:56:11,31121179,51677,10796881,47698,17967,40,43,6532111,3944,0,0,72926
2026-04-24 18:56:13,31172486,51307,10814692,47788,17901,37,43,6540642,8531,0,0,76878
2026-04-24 18:56:14,31224930,52444,10832894,47876,18290,38,43,6544884,4242,0,0,79726
2026-04-24 18:56:15,31278442,53512,10851420,47943,18593,41,43,6549298,4414,0,0,65608
2026-04-24 18:56:16,31330018,51576,10869304,48039,17980,41,43,6553263,3965,0,0,49283
2026-04-24 18:56:17,31381556,51538,10887185,48120,17962,38,43,6557371,4108,0,0,58554
2026-04-24 18:56:19,31432725,51169,10904965,48205,17865,41,43,6561521,4150,0,0,72047
2026-04-24 18:56:20,31484088,51363,10922742,48292,17864,39,43,6569727,8206,0,0,77395
2026-04-24 18:56:21,31534807,50719,10940349,48371,17686,41,43,6573678,3951,0,0,79793
2026-04-24 18:56:22,31585301,50494,10957872,48454,17606,40,43,6577878,4200,0,0,70053
2026-04-24 18:56:23,31634953,49652,10975098,48536,17308,39,43,6581721,3843,0,0,26175
2026-04-24 18:56:24,31686812,51859,10993102,48605,18073,40,43,6585661,3940,0,0,33077
2026-04-24 18:56:26,31737993,51181,11010867,48678,17838,40,43,6590041,4380,0,0,44709
2026-04-24 18:56:27,31789017,51024,11028563,48782,17800,38,43,6599460,9419,0,0,56835
2026-04-24 18:56:28,31840264,51247,11046364,48849,17868,36,43,6604200,4740,0,0,64816
2026-04-24 18:56:29,31891666,51402,11064202,48913,17902,39,43,6608974,4774,0,0,69665
2026-04-24 18:56:30,31942058,50392,11081689,48999,17573,40,43,6614030,5056,0,0,75740
2026-04-24 18:56:31,31991911,49853,11099022,49059,17393,41,43,6619138,5108,0,0,80565
2026-04-24 18:56:33,32042606,50695,11116604,49140,17663,39,43,6624284,5146,0,0,81337
2026-04-24 18:56:34,32093628,51022,11134313,49221,17790,40,43,6635025,10741,0,0,85753
2026-04-24 18:56:35,32145205,51577,11152192,49310,17968,39,43,6640234,5209,0,0,85293
2026-04-24 18:56:36,32196231,51026,11169910,49376,17784,40,43,6645638,5404,0,0,78181
2026-04-24 18:56:37,32247562,51331,11187697,49468,17879,40,43,6651522,5884,0,0,66289
2026-04-24 18:56:38,32298019,50457,11205248,49547,17630,40,43,6657210,5688,0,0,67997
2026-04-24 18:56:40,32347287,49268,11222389,49630,17224,39,43,6663543,6333,0,0,74122
2026-04-24 18:56:41,32397927,50640,11239937,49723,17641,41,43,6675735,12192,0,0,78135
2026-04-24 18:56:42,32449000,51073,11257667,49794,17801,37,43,6682113,6378,0,0,83217
2026-04-24 18:56:43,32499731,50731,11275265,49884,17688,40,43,6688791,6678,0,0,77377
2026-04-24 18:56:44,32549530,49799,11292585,49951,17387,40,43,6695254,6463,0,0,79639
2026-04-24 18:56:45,32600463,50933,11310230,50038,17732,40,43,6701955,6701,0,0,84441
2026-04-24 18:56:47,32651254,50791,11327846,50132,17710,37,43,6709053,7098,0,0,85922
2026-04-24 18:56:48,32700510,49256,11344934,50223,17179,39,43,6723308,14255,0,0,84808
2026-04-24 18:56:49,32749355,48845,11361891,50296,17030,39,43,6731017,7709,0,0,86733
2026-04-24 18:56:50,32799166,49811,11379190,50372,17375,40,43,6738377,7360,0,0,88436
2026-04-24 18:56:51,32849020,49854,11396490,50449,17377,39,43,6745762,7385,0,0,75207
2026-04-24 18:56:52,32899792,50772,11414098,50528,17687,40,43,6753762,8000,0,0,76516
2026-04-24 18:56:53,32950691,50899,11431778,50597,17749,40,43,6761170,7408,0,0,79190
2026-04-24 18:56:55,32999844,49153,11448810,50689,17124,36,43,6769307,8137,0,0,78755
2026-04-24 18:56:56,33049219,49375,11465916,50760,17177,38,43,6785737,16430,0,0,82937
2026-04-24 18:56:57,33099107,49888,11483238,50836,17398,38,43,6794276,8539,0,0,83530
2026-04-24 18:56:58,33150528,51421,11501085,50910,17921,40,43,6802972,8696,0,0,70906
2026-04-24 18:56:59,33200154,49626,11518305,50977,17287,40,43,6812192,9220,0,0,74698
2026-04-24 18:57:00,33251404,51250,11536091,51052,17861,40,43,6821347,9155,0,0,72027
2026-04-24 18:57:02,33300327,48923,11553053,51134,17044,40,43,6830587,9240,0,0,49116
2026-04-24 18:57:03,33350618,50291,11570508,51201,17522,39,43,6849971,19384,0,0,62709
2026-04-24 18:57:04,33401336,50718,11588113,51274,17678,41,43,6859392,9421,0,0,68019
2026-04-24 18:57:05,33449611,48275,11604907,51341,16861,38,43,6869446,10054,0,0,52892
2026-04-24 18:57:06,33499512,49901,11622262,51398,17412,38,43,6879903,10457,0,0,59506
2026-04-24 18:57:08,33550572,51060,11639991,51466,17797,32,43,6890474,10571,0,0,65761
2026-04-24 18:57:09,33599535,48963,11656997,51542,17082,41,43,6901217,10743,0,0,71986
2026-04-24 18:57:10,33648867,49332,11674139,51626,17226,39,43,6922044,20827,0,0,73227
2026-04-24 18:57:11,33699054,50187,11691511,51713,17459,36,43,6933816,11772,0,0,66884
2026-04-24 18:57:12,33748752,49698,11708765,51779,17320,39,43,6944904,11088,0,0,60144
2026-04-24 18:57:13,33799225,50473,11726281,51844,17581,41,43,6956234,11330,0,0,66943
2026-04-24 18:57:15,33848602,49377,11743419,51928,17222,40,43,6967025,10791,0,0,74824
2026-04-24 18:57:16,33899065,50463,11760912,52007,17572,41,43,6978801,11776,0,0,75741
2026-04-24 18:57:17,33949843,50778,11778481,52092,17654,38,43,7002716,23915,0,0,80575
2026-04-24 18:57:18,33999541,49698,11795768,52159,17354,38,43,7014969,12253,0,0,75584
2026-04-24 18:57:19,34049631,50090,11813164,52236,17473,39,43,7027067,12098,0,0,76030
2026-04-24 18:57:20,34099685,50054,11830545,52312,17457,41,43,7039770,12703,0,0,78402
2026-04-24 18:57:22,34150787,51102,11848270,52395,17808,41,43,7053432,13662,0,0,78738
2026-04-24 18:57:23,34200437,49650,11865485,52470,17290,40,43,7066698,13266,0,0,82535
2026-04-24 18:57:24,34249183,48746,11882397,52546,16988,40,43,7094890,28192,0,0,83069
2026-04-24 18:57:25,34298912,49729,11899645,52631,17333,38,43,7108945,14055,0,0,66636
2026-04-24 18:57:26,34348785,49873,11916924,52699,17347,38,43,7123019,14074,0,0,69677
2026-04-24 18:57:27,34398846,50061,11934321,52781,17479,38,43,7137558,14539,0,0,73588
2026-04-24 18:57:29,34448123,49277,11951434,52861,17193,38,43,7152932,15374,0,0,78656
2026-04-24 18:57:30,34495554,47431,11967897,52938,16540,41,43,7168196,15264,0,0,79655
2026-04-24 18:57:31,34545406,49852,11985130,53030,17325,40,43,7198724,30528,0,0,81903
2026-04-24 18:57:32,34594557,49151,12002183,53100,17123,40,43,7213125,14401,0,0,71785
2026-04-24 18:57:33,34645791,51234,12019970,53175,17862,40,43,7228456,15331,0,0,75463
2026-04-24 18:57:34,34694460,48669,12036843,53245,16943,37,43,7245000,16544,0,0,75385
2026-04-24 18:57:36,34741748,47288,12053271,53317,16500,41,43,7260554,15554,0,0,79150
2026-04-24 18:57:37,34790575,48827,12070213,53396,17021,41,43,7276397,15843,0,0,81498
2026-04-24 18:57:38,34839374,48799,12087170,53473,17034,41,43,7309875,33478,0,0,85516
2026-04-24 18:57:39,34888882,49508,12104363,53548,17268,39,43,7326259,16384,0,0,77880
2026-04-24 18:57:40,34938940,50058,12121723,53623,17435,41,43,7342377,16118,0,0,78951
2026-04-24 18:57:41,34986694,47754,12138323,53694,16671,40,43,7360308,17931,0,0,82672
2026-04-24 18:57:43,35034330,47636,12154896,53763,16642,39,43,7378504,18196,0,0,85829
2026-04-24 18:57:44,35082528,48198,12171632,53842,16815,38,43,7397318,18814,0,0,90013
2026-04-24 18:57:45,35129104,46576,12187757,53917,16200,38,43,7434546,37228,0,0,89003
2026-04-24 18:57:46,35175851,46747,12203958,53994,16278,38,43,7452625,18079,0,0,77538
2026-04-24 18:57:47,35226219,50368,12221382,54089,17519,36,43,7469878,17253,0,0,78662
2026-04-24 18:57:48,35275105,48886,12238291,54180,17000,40,43,7487589,17711,0,0,83013
2026-04-24 18:57:50,35325015,49910,12255583,54267,17379,38,43,7505145,17556,0,0,86952
2026-04-24 18:57:51,35372876,47861,12272193,54345,16688,40,43,7523660,18515,0,0,91630
2026-04-24 18:57:52,35420286,47410,12288642,54420,16524,40,43,7559892,36232,0,0,87594
2026-04-24 18:57:53,35468963,48677,12305545,54505,16988,38,43,7578002,18110,0,0,78006
2026-04-24 18:57:54,35517695,48732,12322456,54584,16990,39,43,7597299,19297,0,0,82059
2026-04-24 18:57:55,35566170,48475,12339282,54660,16902,39,43,7615826,18527,0,0,87882
2026-04-24 18:57:57,35612848,46678,12355503,54732,16293,41,43,7634972,19146,0,0,88962
2026-04-24 18:57:58,35659710,46862,12371767,54794,16326,39,43,7653734,18762,0,0,89426
2026-04-24 18:57:59,35709529,49819,12388997,54865,17301,40,43,7690126,36392,0,0,86639
2026-04-24 18:58:00,35759476,49947,12406290,54932,17360,41,43,7707297,17171,0,0,77425
2026-04-24 18:58:01,35806217,46741,12422539,55007,16324,40,43,7726213,18916,0,0,76236
2026-04-24 18:58:02,35853554,47337,12438983,55078,16515,38,43,7744861,18648,0,0,80862
2026-04-24 18:58:04,35901460,47906,12455605,55152,16696,39,43,7763181,18320,0,0,82571
2026-04-24 18:58:05,35949259,47799,12472203,55222,16668,40,43,7782453,19272,0,0,87709
2026-04-24 18:58:06,35996490,47231,12488563,55297,16435,40,43,7819398,36945,0,0,87294
2026-04-24 18:58:07,36041856,45366,12504289,55365,15794,40,43,7837824,18426,0,0,79065
2026-04-24 18:58:08,36090641,48785,12521215,55446,17007,38,43,7854863,17039,0,0,76120
2026-04-24 18:58:09,36139704,49063,12538194,55510,17043,41,43,7873322,18459,0,0,81022
2026-04-24 18:58:11,36187708,48004,12554904,55571,16771,41,43,7891746,18424,0,0,82197
2026-04-24 18:58:12,36234641,46933,12571184,55639,16348,41,43,7911729,19983,0,0,84186
2026-04-24 18:58:13,36282600,47959,12587837,55715,16729,41,43,7949753,38024,0,0,87386
2026-04-24 18:58:14,36332786,50186,12605195,55808,17451,41,43,7968446,18693,0,0,77970
2026-04-24 18:58:15,36381770,48984,12622228,55861,17086,40,43,7986518,18072,0,0,80171
2026-04-24 18:58:16,36430305,48535,12639037,55929,16877,40,43,8005411,18893,0,0,83785
2026-04-24 18:58:18,36476553,46248,12655063,55991,16088,40,43,8023076,17665,0,0,87844
2026-04-24 18:58:19,36525868,49315,12672214,56060,17220,41,43,8039418,16342,0,0,90043
2026-04-24 18:58:20,36574627,48759,12689104,56129,16959,39,43,8078902,39484,0,0,96204
2026-04-24 18:58:21,36623279,48652,12705979,56195,16941,40,43,8097841,18939,0,0,84669
2026-04-24 18:58:22,36670746,47467,12722444,56255,16525,40,43,8116553,18712,0,0,87200
2026-04-24 18:58:23,36719894,49148,12739521,56325,17147,38,43,8135620,19067,0,0,92405
2026-04-24 18:58:25,36768571,48677,12756432,56392,16978,40,43,8154812,19192,0,0,91586
2026-04-24 18:58:26,36816898,48327,12773166,56468,16810,41,43,8173860,19048,0,0,86980
2026-04-24 18:58:27,36863803,46905,12789449,56530,16345,40,43,8210363,36503,0,0,83446
2026-04-24 18:58:28,36909453,45650,12805258,56603,15882,39,43,8228052,17689,0,0,52325
2026-04-24 18:58:29,36956933,47480,12821699,56681,16519,41,43,8244378,16326,0,0,55248
2026-04-24 18:58:30,37004780,47847,12838294,56751,16665,40,43,8263011,18633,0,0,56654
2026-04-24 18:58:32,37051398,46618,12854507,56827,16289,35,43,8281608,18597,0,0,61496
2026-04-24 18:58:33,37096692,45294,12870216,56902,15784,38,43,8300565,18957,0,0,72190
2026-04-24 18:58:34,37143442,46750,12886454,56972,16308,37,43,8337275,36710,0,0,79644
2026-04-24 18:58:35,37191372,47930,12903089,57039,16702,41,43,8355891,18616,0,0,75036
2026-04-24 18:58:36,37239629,48257,12919881,57097,16850,39,43,8374108,18217,0,0,78910
2026-04-24 18:58:38,37286543,46914,12936199,57167,16388,41,43,8393341,19233,0,0,83907
2026-04-24 18:58:39,37328828,42285,12950825,57245,14704,40,43,8411584,18243,0,0,66856
2026-04-24 18:58:40,37374917,46089,12966814,57326,16070,41,43,8427758,16174,0,0,64163
2026-04-24 18:58:41,37422504,47587,12983304,57401,16565,40,43,8464011,36253,0,0,63759
2026-04-24 18:58:42,37470259,47755,12999889,57462,16646,38,43,8481444,17433,0,0,66003
2026-04-24 18:58:43,37517077,46818,13016112,57539,16300,39,43,8499985,18541,0,0,71736
2026-04-24 18:58:45,37564125,47048,13032432,57631,16412,38,43,8516923,16938,0,0,74328
2026-04-24 18:58:46,37609006,44881,13048020,57691,15648,41,43,8535253,18330,0,0,77237
2026-04-24 18:58:47,37653172,44166,13063333,57754,15376,41,43,8553023,17770,0,0,79721
2026-04-24 18:58:48,37698247,45075,13079007,57815,15735,38,43,8587410,34387,0,0,78736
2026-04-24 18:58:49,37741769,43522,13094128,57887,15193,37,43,8606193,18783,0,0,74961
2026-04-24 18:58:50,37788462,46693,13110351,57954,16290,38,43,8622025,15832,0,0,78004
2026-04-24 18:58:51,37834492,46030,13126321,58014,16030,40,43,8640388,18363,0,0,77020
2026-04-24 18:58:53,37880405,45913,13142242,58088,15995,38,43,8658549,18161,0,0,79902
2026-04-24 18:58:54,37924171,43766,13157401,58161,15232,41,43,8675415,16866,0,0,82216
2026-04-24 18:58:55,37970045,45874,13173239,58229,15906,37,43,8705632,30217,0,0,80823
2026-04-24 18:58:56,38015195,45150,13188874,58305,15711,37,43,8722259,16627,0,0,71549
2026-04-24 18:58:57,38060900,45705,13204762,58362,15945,40,43,8737865,15606,0,0,74195
2026-04-24 18:58:59,38107450,46550,13220888,58446,16210,41,43,8754491,16626,0,0,76143
2026-04-24 18:59:00,38151232,43782,13236105,58524,15295,41,43,8769070,14579,0,0,78467
2026-04-24 18:59:01,38192162,40930,13250279,58602,14252,41,43,8785079,16009,0,0,80663
2026-04-24 18:59:02,38236029,43867,13265515,58675,15309,39,43,8814762,29683,0,0,78054
2026-04-24 18:59:03,38282233,46204,13281538,58760,16108,39,43,8829567,14805,0,0,69424
2026-04-24 18:59:04,38329419,47186,13297920,58825,16447,38,43,8845061,15494,0,0,72760
2026-04-24 18:59:06,38376422,47003,13314262,58886,16403,38,43,8861454,16393,0,0,72869
2026-04-24 18:59:07,38420574,44152,13329609,58950,15411,39,43,8876737,15283,0,0,75167
2026-04-24 18:59:08,38466296,45722,13345500,59016,15957,40,43,8890569,13832,0,0,78711
2026-04-24 18:59:09,38515254,48958,13362458,59093,17035,41,43,8920392,29823,0,0,75168
2026-04-24 18:59:10,38564227,48973,13379459,59160,17068,40,43,8934357,13965,0,0,70145
2026-04-24 18:59:11,38612502,48275,13396231,59241,16853,40,43,8948191,13834,0,0,74312
2026-04-24 18:59:13,38657616,45114,13411937,59298,15763,41,43,8962952,14761,0,0,75861
2026-04-24 18:59:14,38703945,46329,13428002,59381,16148,34,43,8976223,13271,0,0,79007
2026-04-24 18:59:15,38752176,48231,13444726,59467,16810,40,43,9003769,27546,0,0,79677
2026-04-24 18:59:16,38801894,49718,13461990,59544,17341,38,43,9017798,14029,0,0,78755
2026-04-24 18:59:17,38851038,49144,13479064,59604,17134,37,43,9030875,13077,0,0,75815
2026-04-24 18:59:18,38900089,49051,13496077,59679,17088,41,43,9043592,12717,0,0,78260
2026-04-24 18:59:20,38948987,48898,13513045,59749,17038,40,43,9056494,12902,0,0,78715
2026-04-24 18:59:21,38996641,47654,13529598,59813,16617,41,43,9068836,12342,0,0,82224
2026-04-24 18:59:22,39043064,46423,13545725,59879,16193,37,43,9094412,25576,0,0,85490
2026-04-24 18:59:23,39092085,49021,13562739,59949,17084,40,43,9106842,12430,0,0,78266
2026-04-24 18:59:24,39141060,48975,13579743,60030,17085,40,43,9118317,11475,0,0,77845
2026-04-24 18:59:25,39186428,45368,13595526,60102,15855,40,43,9130088,11771,0,0,78564
2026-04-24 18:59:27,39233997,47569,13612011,60189,16572,41,43,9140855,10767,0,0,76975
2026-04-24 18:59:28,39280259,46262,13628066,60272,16138,41,43,9152134,11279,0,0,77856
2026-04-24 18:59:29,39328172,47913,13644641,60356,16659,40,43,9174426,22292,0,0,78829
2026-04-24 18:59:30,39376685,48513,13661483,60421,16907,39,43,9185358,10932,0,0,77679
2026-04-24 18:59:31,39423845,47160,13677884,60489,16469,37,43,9196382,11024,0,0,72117
2026-04-24 18:59:32,39473000,49155,13694956,60572,17155,40,43,9206955,10573,0,0,74191
2026-04-24 18:59:34,39521822,48822,13711890,60670,17032,41,43,9218268,11313,0,0,72879
2026-04-24 18:59:35,39571500,49678,13729113,60753,17306,40,43,9228940,10672,0,0,78795
2026-04-24 18:59:36,39621196,49696,13746367,60815,17316,40,43,9250155,21215,0,0,86283
2026-04-24 18:59:37,39671517,50321,13763812,60898,17528,40,43,9260408,10253,0,0,78638
2026-04-24 18:59:38,39720825,49308,13780919,60984,17193,41,43,9270384,9976,0,0,70280
2026-04-24 18:59:39,39768728,47903,13797498,61049,16644,39,43,9279924,9540,0,0,73353
2026-04-24 18:59:41,39819996,51268,13815265,61136,17854,41,43,9288886,8962,0,0,77521
2026-04-24 18:59:42,39871100,51104,13832980,61226,17805,38,43,9307979,19093,0,0,81482
2026-04-24 18:59:43,39922278,51178,13850705,61306,17805,41,43,9317463,9484,0,0,86669
2026-04-24 18:59:44,39972496,50218,13868145,61387,17521,39,43,9327393,9930,0,0,79486
2026-04-24 18:59:45,40022342,49846,13885435,61460,17363,40,43,9337314,9921,0,0,82843
2026-04-24 18:59:46,40071726,49384,13902532,61546,17183,40,43,9346664,9350,0,0,84625
2026-04-24 18:59:48,40121840,50114,13919928,61621,17471,41,43,9355475,8811,0,0,87889
2026-04-24 18:59:49,40170590,48750,13936837,61690,16978,40,43,9373815,18340,0,0,86612
2026-04-24 18:59:50,40220859,50269,13954287,61773,17533,41,43,9382948,9133,0,0,90640
2026-04-24 18:59:51,40271699,50840,13971899,61863,17702,40,43,9391516,8568,0,0,86937
2026-04-24 18:59:52,40321151,49452,13989066,61942,17246,39,43,9400183,8667,0,0,86584
2026-04-24 18:59:53,40371600,50449,14006562,62023,17577,40,43,9408550,8367,0,0,86461
2026-04-24 18:59:55,40419926,48326,14023309,62094,16818,40,43,9417008,8458,0,0,88543
2026-04-24 18:59:56,40468779,48853,14040200,62178,16975,39,43,9432831,15823,0,0,90590
2026-04-24 18:59:57,40519424,50645,14057742,62266,17630,38,43,9441159,8328,0,0,94344
2026-04-24 18:59:58,40569093,49669,14075005,62341,17338,39,43,9449556,8397,0,0,93436
2026-04-24 18:59:59,40620774,51681,14092921,62410,17985,41,43,9457449,7893,0,0,83278
2026-04-24 19:00:00,40671832,51058,14110648,62489,17806,41,43,9465563,8114,0,0,84956
2026-04-24 19:00:02,40722642,50810,14128288,62563,17714,41,43,9473772,8209,0,0,85674
2026-04-24 19:00:03,40771938,49296,14145385,62639,17173,41,43,9489361,15589,0,0,83941
2026-04-24 19:00:04,40821490,49552,14162551,62709,17236,40,43,9497035,7674,0,0,87265
2026-04-24 19:00:05,40873508,52018,14180617,62780,18137,38,43,9504391,7356,0,0,85594
2026-04-24 19:00:06,40923817,50309,14198115,62849,17567,40,43,9512080,7689,0,0,79648
2026-04-24 19:00:07,40976002,52185,14216231,62925,18192,41,43,9519930,7850,0,0,81585
2026-04-24 19:00:09,41026794,50792,14233861,63011,17716,38,43,9527571,7641,0,0,85517
2026-04-24 19:00:10,41076068,49274,14250964,63078,17170,37,43,9541716,14145,0,0,86064
2026-04-24 19:00:11,41128146,52078,14269036,63153,18147,37,43,9548334,6618,0,0,89361
2026-04-24 19:00:12,41179256,51110,14286742,63238,17791,38,43,9555462,7128,0,0,80410
2026-04-24 19:00:13,41231923,52667,14304953,63321,18294,37,43,9562273,6811,0,0,78565
2026-04-24 19:00:14,41281816,49893,14322248,63394,17368,39,43,9569228,6955,0,0,81361
2026-04-24 19:00:16,41331502,49686,14339523,63464,17345,41,43,9576044,6816,0,0,81000
2026-04-24 19:00:17,41383583,52081,14357546,63551,18110,41,43,9589787,13743,0,0,81766
2026-04-24 19:00:18,41435174,51591,14375463,63639,18005,39,43,9597034,7247,0,0,85782
2026-04-24 19:00:19,41486549,51375,14393293,63716,17907,38,43,9604021,6987,0,0,74734
2026-04-24 19:00:20,41538679,52130,14411371,63797,18159,38,43,9610593,6572,0,0,74841
2026-04-24 19:00:21,41589960,51281,14429141,63858,17831,39,43,9616749,6156,0,0,75951
2026-04-24 19:00:23,41639566,49606,14446350,63928,17279,37,43,9628842,12093,0,0,79001
2026-04-24 19:00:24,41691233,51667,14464223,64008,17953,41,43,9634946,6104,0,0,82414
2026-04-24 19:00:25,41741204,49971,14481585,64078,17432,40,43,9641187,6241,0,0,84555
2026-04-24 19:00:26,41791471,50267,14499058,64145,17540,40,43,9647198,6011,0,0,63182
2026-04-24 19:00:27,41841283,49812,14516343,64217,17357,38,43,9652911,5713,0,0,61493
2026-04-24 19:00:28,41891192,49909,14533647,64305,17392,40,43,9659254,6343,0,0,64422
2026-04-24 19:00:30,41941342,50150,14551017,64396,17461,37,43,9665299,6045,0,0,65191
2026-04-24 19:00:31,41992759,51417,14568821,64472,17880,36,43,9676888,11589,0,0,68908
2026-04-24 19:00:32,42044491,51732,14586738,64558,18003,41,43,9682361,5473,0,0,69946
2026-04-24 19:00:33,42095671,51180,14604501,64623,17828,39,43,9688097,5736,0,0,68340
2026-04-24 19:00:34,42147935,52264,14622592,64704,18172,39,43,9694139,6042,0,0,71082
2026-04-24 19:00:35,42198590,50655,14640161,64797,17662,40,43,9699812,5673,0,0,74900
2026-04-24 19:00:37,42248234,49644,14657408,64877,17327,41,43,9705865,6053,0,0,76902
2026-04-24 19:00:38,42299280,51046,14675128,64949,17792,38,43,9717865,12000,0,0,82047
2026-04-24 19:00:39,42350552,51272,14692894,65037,17854,37,43,9723803,5938,0,0,85034
2026-04-24 19:00:40,42399707,49155,14709950,65110,17129,37,43,9729770,5967,0,0,76922
2026-04-24 19:00:41,42449982,50275,14727407,65176,17523,41,43,9735626,5856,0,0,72398
2026-04-24 19:00:42,42499845,49863,14744718,65268,17403,41,43,9741562,5936,0,0,75751
2026-04-24 19:00:44,42549518,49673,14761937,65350,17301,39,43,9747497,5935,0,0,77085
2026-04-24 19:00:45,42601655,52137,14780025,65429,18167,39,43,9759418,11921,0,0,81692
2026-04-24 19:00:46,42652813,51158,14797787,65509,17842,39,43,9765282,5864,0,0,85277
2026-04-24 19:00:47,42704699,51886,14815801,65584,18089,40,43,9771075,5793,0,0,73731
2026-04-24 19:00:48,42754845,50146,14833208,65665,17488,40,43,9777030,5955,0,0,78624
2026-04-24 19:00:50,42807251,52406,14851401,65736,18264,38,43,9783055,6025,0,0,81991
2026-04-24 19:00:51,42857613,50362,14868869,65821,17553,38,43,9795348,12293,0,0,82806
2026-04-24 19:00:52,42908603,50990,14886560,65915,17785,40,43,9801844,6496,0,0,86002
2026-04-24 19:00:53,42959755,51152,14904304,65993,17822,31,43,9807305,5461,0,0,83269
2026-04-24 19:00:54,43009148,49393,14921471,66046,17220,38,43,9813877,6572,0,0,66653
2026-04-24 19:00:55,43058997,49849,14938768,66127,17378,40,43,9820134,6257,0,0,67707
2026-04-24 19:00:57,43109044,50047,14956124,66208,17437,39,43,9826114,5980,0,0,70110
2026-04-24 19:00:58,43157140,48096,14972815,66285,16768,41,43,9838492,12378,0,0,69793
2026-04-24 19:00:59,43206271,49131,14989858,66364,17122,41,43,9844740,6248,0,0,69637
2026-04-24 19:01:00,43257911,51640,15007764,66448,17990,37,43,9850762,6022,0,0,62705
2026-04-24 19:01:01,43308660,50749,15025369,66521,17678,38,43,9857054,6292,0,0,58119
2026-04-24 19:01:02,43359639,50979,15043071,66600,17781,38,43,9863534,6480,0,0,61734
2026-04-24 19:01:04,43410511,50872,15060708,66674,17711,39,43,9870252,6718,0,0,66757
2026-04-24 19:01:05,43459811,49300,15077795,66762,17175,40,43,9883210,12958,0,0,73301
2026-04-24 19:01:06,43509797,49986,15095194,66846,17483,37,43,9890143,6933,0,0,77015
2026-04-24 19:01:07,43559944,50147,15112605,66926,17491,40,43,9897212,7069,0,0,83897
2026-04-24 19:01:08,43610958,51014,15130329,66999,17797,40,43,9904097,6885,0,0,76637
2026-04-24 19:01:09,43661914,50956,15147996,67075,17743,37,43,9911046,6949,0,0,78023
2026-04-24 19:01:10,43712151,50237,15165447,67140,17516,37,43,9917876,6830,0,0,79335
2026-04-24 19:01:12,43761105,48954,15182457,67224,17094,41,43,9924856,6980,0,0,79677
2026-04-24 19:01:13,43810294,49189,15199464,67312,17095,37,43,9938671,13815,0,0,25039
2026-04-24 19:01:14,43861829,51535,15217341,67396,17961,37,43,9945720,7049,0,0,39342
2026-04-24 19:01:15,43911754,49925,15234657,67473,17393,40,43,9952819,7099,0,0,42886
2026-04-24 19:01:16,43962491,50737,15252288,67545,17703,41,43,9960298,7479,0,0,53573
2026-04-24 19:01:17,44014401,51910,15270341,67620,18128,40,43,9967908,7610,0,0,65086
2026-04-24 19:01:19,44063745,49344,15287405,67699,17143,38,43,9975273,7365,0,0,71938
2026-04-24 19:01:20,44113490,49745,15304738,67766,17400,38,43,9991047,15774,0,0,75068
2026-04-24 19:01:21,44164010,50520,15322262,67839,17597,39,43,9998766,7719,0,0,81097
2026-04-24 19:01:22,44214905,50895,15339888,67916,17703,39,43,10006575,7809,0,0,70160
2026-04-24 19:01:23,44264605,49700,15357114,67994,17304,41,43,10014456,7881,0,0,69544
2026-04-24 19:01:24,44314908,50303,15374606,68067,17565,40,43,10022564,8108,0,0,71702
2026-04-24 19:01:26,44364687,49779,15391882,68141,17350,36,43,10031312,8748,0,0,70665
2026-04-24 19:01:27,44412289,47602,15408431,68204,16612,40,43,10048559,17247,0,0,74543
2026-04-24 19:01:28,44459243,46954,15424688,68270,16323,35,43,10056145,7586,0,0,77656
2026-04-24 19:01:29,44506518,47275,15441068,68336,16446,36,43,10063684,7539,0,0,68663
2026-04-24 19:01:30,44554115,47597,15457568,68406,16570,40,43,10071659,7975,0,0,69384
2026-04-24 19:01:31,44599736,45621,15473382,68481,15889,41,43,10080020,8361,0,0,70060
2026-04-24 19:01:33,44644778,45042,15489067,68565,15769,41,43,10087797,7777,0,0,73754
2026-04-24 19:01:34,44690668,45890,15504962,68636,15966,39,43,10105438,17641,0,0,71948
2026-04-24 19:01:35,44737972,47304,15521370,68709,16481,40,43,10114336,8898,0,0,74974
2026-04-24 19:01:36,44785235,47263,15537742,68785,16448,39,43,10122875,8539,0,0,61916
2026-04-24 19:01:37,44831402,46167,15553740,68860,16073,40,43,10131789,8914,0,0,65474
2026-04-24 19:01:38,44878241,46839,15569966,68939,16305,40,43,10140515,8726,0,0,65377
2026-04-24 19:01:40,44924406,46165,15585972,69012,16079,38,43,10149714,9199,0,0,67539
2026-04-24 19:01:41,44970905,46499,15602080,69072,16168,39,43,10169343,19629,0,0,69972
2026-04-24 19:01:42,45017951,47046,15618389,69141,16378,39,43,10179067,9724,0,0,73597
2026-04-24 19:01:43,45065025,47074,15634741,69219,16430,40,43,10188828,9761,0,0,71984
2026-04-24 19:01:44,45112212,47187,15651090,69277,16407,40,43,10198660,9832,0,0,75046
2026-04-24 19:01:45,45159524,47312,15667493,69347,16473,38,43,10208351,9691,0,0,75235
2026-04-24 19:01:47,45205972,46448,15683645,69408,16213,41,43,10218119,9768,0,0,74304
2026-04-24 19:01:48,45251121,45149,15699354,69471,15772,40,43,10239888,21769,0,0,74863
2026-04-24 19:01:49,45298108,46987,15715631,69540,16346,37,43,10250157,10269,0,0,78378
2026-04-24 19:01:50,45344765,46657,15731837,69598,16264,41,43,10261257,11100,0,0,69861
2026-04-24 19:01:51,45391937,47172,15748211,69672,16448,41,43,10271959,10702,0,0,58723
2026-04-24 19:01:52,45439504,47567,15764768,69726,16611,40,43,10283021,11062,0,0,61133
2026-04-24 19:01:54,45485624,46120,15780748,69803,16057,40,43,10294039,11018,0,0,66678
2026-04-24 19:01:55,45529350,43726,15795969,69862,15280,33,43,10317785,23746,0,0,47232
2026-04-24 19:01:56,45575648,46298,15812046,69919,16134,35,43,10329777,11992,0,0,50264
2026-04-24 19:01:57,45622266,46618,15828182,69988,16205,38,43,10342559,12782,0,0,52633
2026-04-24 19:01:58,45668570,46304,15844253,70057,16140,40,43,10354489,11930,0,0,59432
2026-04-24 19:01:59,45715272,46702,15860417,70142,16249,38,43,10367376,12887,0,0,63780
2026-04-24 19:02:01,45759356,44084,15875745,70212,15398,38,43,10379856,12480,0,0,66024
2026-04-24 19:02:02,45804428,45072,15891344,70276,15663,41,43,10403770,23914,0,0,67770
2026-04-24 19:02:03,45851588,47160,15907711,70349,16440,36,43,10416533,12763,0,0,71874
2026-04-24 19:02:04,45899410,47822,15924295,70414,16649,39,43,10428528,11995,0,0,65167
2026-04-24 19:02:05,45945621,46211,15940337,70481,16109,40,43,10441869,13341,0,0,65974
2026-04-24 19:02:06,45991843,46222,15956419,70531,16132,41,43,10454261,12392,0,0,69193
2026-04-24 19:02:08,46037949,46106,15972406,70601,16057,40,43,10466780,12519,0,0,74701
2026-04-24 19:02:09,46083691,45742,15988270,70661,15924,41,43,10493682,26902,0,0,79641
2026-04-24 19:02:10,46129360,45669,16004108,70726,15903,41,43,10507986,14304,0,0,65078
2026-04-24 19:02:11,46175632,46272,16020129,70801,16096,36,43,10521826,13840,0,0,53173
2026-04-24 19:02:12,46221829,46197,16036168,70864,16102,40,43,10534107,12281,0,0,63771
2026-04-24 19:02:13,46267871,46042,16052126,70946,16040,36,43,10547656,13549,0,0,69773
2026-04-24 19:02:15,46312243,44372,16067527,71006,15461,39,43,10561702,14046,0,0,71026
2026-04-24 19:02:16,46356291,44048,16082824,71076,15367,41,43,10574601,12899,0,0,76629
2026-04-24 19:02:17,46399109,42818,16097699,71134,14933,38,43,10603313,28712,0,0,77929
2026-04-24 19:02:18,46443753,44644,16113175,71199,15541,35,43,10616814,13501,0,0,68161
2026-04-24 19:02:19,46486370,42617,16127956,71269,14851,38,43,10629995,13181,0,0,68953
2026-04-24 19:02:20,46529043,42673,16142741,71336,14852,39,43,10644389,14394,0,0,72593
2026-04-24 19:02:22,46571519,42476,16157492,71405,14820,41,43,10657624,13235,0,0,73648
2026-04-24 19:02:23,46613558,42039,16172068,71479,14650,35,43,10670741,13117,0,0,74256
2026-04-24 19:02:24,46657301,43743,16187235,71546,15234,38,43,10698699,27958,0,0,71523
2026-04-24 19:02:25,46701673,44372,16202640,71611,15470,36,43,10712422,13723,0,0,54259
2026-04-24 19:02:26,46744779,43106,16217602,71673,15024,40,43,10726968,14546,0,0,50637
2026-04-24 19:02:27,46788513,43734,16232775,71742,15242,39,43,10740535,13567,0,0,52719
2026-04-24 19:02:29,46832315,43802,16247945,71815,15243,39,43,10755260,14725,0,0,58690
2026-04-24 19:02:30,46876547,44232,16263321,71878,15439,41,43,10771391,16131,0,0,56456
2026-04-24 19:02:31,46922223,45676,16279167,71941,15909,38,43,10800339,28948,0,0,61060
2026-04-24 19:02:32,46967338,45115,16294789,72027,15708,38,43,10815693,15354,0,0,58194
2026-04-24 19:02:33,47013775,46437,16310899,72095,16178,38,43,10830962,15269,0,0,63407
2026-04-24 19:02:35,47060099,46324,16327018,72144,16168,38,43,10846170,15208,0,0,66589
2026-04-24 19:02:36,47105344,45245,16342737,72206,15781,39,43,10861559,15389,0,0,73490
2026-04-24 19:02:37,47149389,44045,16358051,72279,15387,39,43,10893439,31880,0,0,76524
2026-04-24 19:02:38,47194292,44903,16373626,72353,15649,40,43,10910167,16728,0,0,77178
2026-04-24 19:02:39,47238594,44302,16389031,72416,15468,35,43,10925592,15425,0,0,68088
2026-04-24 19:02:40,47285268,46674,16405233,72477,16263,38,43,10941063,15471,0,0,70926
2026-04-24 19:02:42,47330222,44954,16420846,72545,15681,39,43,10958134,17071,0,0,70039
2026-04-24 19:02:43,47374303,44081,16436174,72612,15395,35,43,10975200,17066,0,0,71498
2026-04-24 19:02:44,47418997,44694,16451738,72687,15639,40,43,10991577,16377,0,0,74947
2026-04-24 19:02:45,47464298,45301,16467453,72760,15788,40,43,11024201,32624,0,0,75063
2026-04-24 19:02:46,47511454,47156,16483795,72834,16416,36,43,11040310,16109,0,0,57431
2026-04-24 19:02:47,47558359,46905,16500037,72920,16328,39,43,11055289,14979,0,0,60048
2026-04-24 19:02:49,47604913,46554,16516173,72993,16209,41,43,11070310,15021,0,0,62845
2026-04-24 19:02:50,47649651,44738,16531710,73059,15603,41,43,11086319,16009,0,0,64800
2026-04-24 19:02:51,47694059,44408,16547101,73123,15455,41,43,11118576,32257,0,0,69019
2026-04-24 19:02:52,47739598,45539,16562868,73191,15835,38,43,11134443,15867,0,0,22148
2026-04-24 19:02:53,47785817,46219,16578897,73267,16105,41,43,11150083,15640,0,0,23826
2026-04-24 19:02:54,47832783,46966,16595156,73352,16344,38,43,11166425,16342,0,0,29261
2026-04-24 19:02:56,47877866,45083,16610830,73409,15731,41,43,11183258,16833,0,0,38362
2026-04-24 19:02:57,47922725,44859,16626357,73493,15611,40,43,11199332,16074,0,0,47029
2026-04-24 19:02:58,47967822,45097,16641998,73566,15714,40,43,11232448,33116,0,0,51239
2026-04-24 19:02:59,48014260,46438,16658127,73638,16201,41,43,11249125,16677,0,0,56988
2026-04-24 19:03:00,48061623,47363,16674536,73714,16485,37,43,11265047,15922,0,0,61052
2026-04-24 19:03:01,48108860,47237,16690900,73795,16445,38,43,11281074,16027,0,0,66521
2026-04-24 19:03:03,48155731,46871,16707170,73862,16337,41,43,11297587,16513,0,0,69598
2026-04-24 19:03:04,48201263,45532,16722935,73936,15839,39,43,11314315,16728,0,0,71257
2026-04-24 19:03:05,48247908,46645,16739106,74024,16259,41,43,11347329,33014,0,0,73438
2026-04-24 19:03:06,48292912,45004,16754707,74096,15673,39,43,11366255,18926,0,0,62361
2026-04-24 19:03:07,48337813,44901,16770257,74164,15618,40,43,11383011,16756,0,0,30457
2026-04-24 19:03:08,48382345,44532,16785700,74235,15514,41,43,11399984,16973,0,0,34441
2026-04-24 19:03:10,48428693,46348,16801780,74292,16137,41,43,11416094,16110,0,0,36406
2026-04-24 19:03:11,48474771,46078,16817774,74353,16055,38,43,11432321,16227,0,0,47385
2026-04-24 19:03:12,48520783,46012,16833719,74435,16027,40,43,11466312,33991,0,0,55821
2026-04-24 19:03:13,48566846,46063,16849706,74491,16043,38,43,11482940,16628,0,0,56578
2026-04-24 19:03:14,48614504,47658,16866210,74573,16586,37,43,11499025,16085,0,0,59888
2026-04-24 19:03:15,48661747,47243,16882588,74650,16455,40,43,11514752,15727,0,0,67452
2026-04-24 19:03:17,48708763,47016,16898873,74728,16363,41,43,11531030,16278,0,0,71901
2026-04-24 19:03:18,48753062,44299,16914259,74803,15461,38,43,11547514,16484,0,0,73102
2026-04-24 19:03:19,48799503,46441,16930358,74886,16182,40,43,11580289,32775,0,0,77217
2026-04-24 19:03:20,48846208,46705,16946578,74947,16281,38,43,11595712,15423,0,0,74982
2026-04-24 19:03:21,48893423,47215,16962930,75030,16435,39,43,11611985,16273,0,0,72537
2026-04-24 19:03:22,48941244,47821,16979526,75104,16670,40,43,11627999,16014,0,0,61239
2026-04-24 19:03:24,48986733,45489,16995333,75183,15886,41,43,11644989,16990,0,0,70840
2026-04-24 19:03:25,49032867,46134,17011334,75254,16072,41,43,11661078,16089,0,0,73989
2026-04-24 19:03:26,49080430,47563,17027830,75329,16571,41,43,11692134,31056,0,0,66356
2026-04-24 19:03:27,49127365,46935,17044123,75394,16358,40,43,11708480,16346,0,0,57906
2026-04-24 19:03:28,49174179,46814,17060409,75455,16347,40,43,11725104,16624,0,0,59640
2026-04-24 19:03:30,49221614,47435,17076846,75532,16514,40,43,11740583,15479,0,0,46308
2026-04-24 19:03:31,49268410,46796,17093109,75599,16330,40,43,11755527,14944,0,0,51948
2026-04-24 19:03:32,49314283,45873,17109030,75665,15987,40,43,11788069,32542,0,0,54713
2026-04-24 19:03:33,49361477,47194,17125450,75724,16479,35,43,11804077,16008,0,0,56846
2026-04-24 19:03:34,49408888,47411,17141913,75793,16532,40,43,11820995,16918,0,0,61910
2026-04-24 19:03:35,49455787,46899,17158166,75880,16340,38,43,11835824,14829,0,0,67488
2026-04-24 19:03:36,49502336,46549,17174336,75953,16243,39,43,11851089,15265,0,0,73293
2026-04-24 19:03:38,49548278,45942,17190258,76026,15995,41,43,11866761,15672,0,0,74057
2026-04-24 19:03:39,49594343,46065,17206233,76095,16044,39,43,11881477,14716,0,0,72689
2026-04-24 19:03:40,49638744,44401,17221677,76152,15501,37,43,11912149,30672,0,0,71452
2026-04-24 19:03:41,49686852,48108,17238326,76214,16711,39,43,11925431,13282,0,0,63782
2026-04-24 19:03:42,49734003,47151,17254691,76289,16440,39,43,11940200,14769,0,0,69862
2026-04-24 19:03:43,49781554,47551,17271147,76370,16537,39,43,11954545,14345,0,0,74098
2026-04-24 19:03:45,49827665,46111,17287119,76440,16042,41,43,11969238,14693,0,0,65895
2026-04-24 19:03:46,49874078,46413,17303210,76505,16156,41,43,11982793,13555,0,0,65681
2026-04-24 19:03:47,49920869,46791,17319449,76575,16309,40,43,12010445,27652,0,0,73669
2026-04-24 19:03:48,49968399,47530,17335949,76638,16563,38,43,12025224,14779,0,0,68462
2026-04-24 19:03:49,50016930,48531,17352801,76709,16923,41,43,12038148,12924,0,0,70749
2026-04-24 19:03:50,50064450,47520,17369280,76786,16556,38,43,12052975,14827,0,0,68477
2026-04-24 19:03:52,50111647,47197,17385694,76855,16483,41,43,12066943,13968,0,0,69194
2026-04-24 19:03:53,50157297,45650,17401519,76924,15894,40,43,12094800,27857,0,0,65927
2026-04-24 19:03:54,50205978,48681,17418405,76998,16960,40,43,12108344,13544,0,0,69992
2026-04-24 19:03:55,50255075,49097,17435404,77079,17080,40,43,12122550,14206,0,0,64702
2026-04-24 19:03:56,50304188,49113,17452420,77146,17083,40,43,12135867,13317,0,0,68413
2026-04-24 19:03:58,50352031,47843,17469049,77212,16695,37,43,12148315,12448,0,0,71000
2026-04-24 19:03:59,50399165,47134,17485415,77297,16451,40,43,12161624,13309,0,0,72228
2026-04-24 19:04:00,50446992,47827,17501994,77360,16642,38,43,12187358,25734,0,0,76860
2026-04-24 19:04:01,50495046,48054,17518681,77433,16760,37,43,12200765,13407,0,0,66215
2026-04-24 19:04:02,50542808,47762,17535242,77505,16633,40,43,12213712,12947,0,0,57761
2026-04-24 19:04:03,50591429,48621,17552120,77583,16956,37,43,12225757,12045,0,0,59857
2026-04-24 19:04:05,50638555,47126,17568439,77663,16399,34,43,12238246,12489,0,0,65809
2026-04-24 19:04:06,50686417,47862,17585023,77740,16661,41,43,12249949,11703,0,0,74821
2026-04-24 19:04:07,50734033,47616,17601527,77815,16579,39,43,12274560,24611,0,0,78710
2026-04-24 19:04:08,50781952,47919,17618150,77894,16702,38,43,12286829,12269,0,0,75938
2026-04-24 19:04:09,50829627,47675,17634707,77985,16648,37,43,12298869,12040,0,0,70877
2026-04-24 19:04:10,50877812,48185,17651407,78046,16761,37,43,12311436,12567,0,0,77155
2026-04-24 19:04:12,50924737,46925,17667725,78116,16388,39,43,12323378,11942,0,0,81074
2026-04-24 19:04:13,50971744,47007,17683996,78174,16329,39,43,12335132,11754,0,0,60084
2026-04-24 19:04:14,51019702,47958,17700616,78257,16703,39,43,12358175,23043,0,0,59736
2026-04-24 19:04:15,51068084,48382,17717416,78321,16864,39,43,12369530,11355,0,0,57642
2026-04-24 19:04:16,51115770,47686,17733996,78383,16642,40,43,12380694,11164,0,0,53796
2026-04-24 19:04:17,51162839,47069,17750373,78439,16433,39,43,12391643,10949,0,0,57402
2026-04-24 19:04:19,51208810,45971,17766362,78512,16062,39,43,12403188,11545,0,0,61148
2026-04-24 19:04:20,51257368,48558,17783194,78593,16913,40,43,12424935,21747,0,0,65726
2026-04-24 19:04:21,51306043,48675,17800063,78654,16930,40,43,12435359,10424,0,0,69826
2026-04-24 19:04:22,51354052,48009,17816707,78717,16707,39,43,12445179,9820,0,0,74451
2026-04-24 19:04:23,51403489,49437,17833858,78785,17219,41,43,12455771,10592,0,0,64276
2026-04-24 19:04:24,51452918,49429,17850986,78852,17195,39,43,12466275,10504,0,0,53941
2026-04-24 19:04:26,51501246,48328,17867756,78930,16848,39,43,12476297,10022,0,0,60931
2026-04-24 19:04:27,51550066,48820,17884684,79003,17001,40,43,12497173,20876,0,0,64383
2026-04-24 19:04:28,51598331,48265,17901439,79084,16836,38,43,12507790,10617,0,0,69965
2026-04-24 19:04:29,51646163,47832,17918018,79154,16649,41,43,12518327,10537,0,0,66199
2026-04-24 19:04:30,51695038,48875,17934970,79215,17013,37,43,12527956,9629,0,0,67889
2026-04-24 19:04:32,51743705,48667,17951879,79288,16982,41,43,12537379,9423,0,0,69988
2026-04-24 19:04:33,51791110,47405,17968312,79372,16517,38,43,12547063,9684,0,0,70635
2026-04-24 19:04:34,51839359,48249,17985042,79445,16803,40,43,12566148,19085,0,0,71805
2026-04-24 19:04:35,51888001,48642,18001904,79516,16933,40,43,12575928,9780,0,0,76553
2026-04-24 19:04:36,51937192,49191,18018962,79591,17133,39,43,12585322,9394,0,0,69975
2026-04-24 19:04:37,51985116,47924,18035623,79667,16737,37,43,12595056,9734,0,0,70056
2026-04-24 19:04:38,52034126,49010,18052643,79727,17080,40,43,12604687,9631,0,0,73721
2026-04-24 19:04:40,52081682,47556,18069142,79798,16570,40,43,12613751,9064,0,0,74525
2026-04-24 19:04:41,52129566,47884,18085693,79870,16623,41,43,12631225,17474,0,0,55897
2026-04-24 19:04:42,52177458,47892,18102353,79938,16728,39,43,12640458,9233,0,0,69531
2026-04-24 19:04:43,52226823,49365,18119507,80019,17235,37,43,12649672,9214,0,0,76002
2026-04-24 19:04:44,52275725,48902,18136452,80080,17006,38,43,12658339,8667,0,0,66745
2026-04-24 19:04:45,52326146,50421,18153949,80143,17560,41,43,12666970,8631,0,0,68898
2026-04-24 19:04:47,52373633,47487,18170446,80202,16556,35,43,12675674,8704,0,0,73543
2026-04-24 19:04:48,52420588,46955,18186741,80284,16377,39,43,12693272,17598,0,0,75256
2026-04-24 19:04:49,52468609,48021,18203409,80347,16731,41,43,12701796,8524,0,0,77319
2026-04-24 19:04:50,52516838,48229,18220142,80429,16815,39,43,12710519,8723,0,0,75519
2026-04-24 19:04:51,52565138,48300,18236929,80507,16865,40,43,12718562,8043,0,0,70815
2026-04-24 19:04:52,52614505,49367,18254053,80584,17201,36,43,12727117,8555,0,0,73045
2026-04-24 19:04:54,52662974,48469,18270886,80670,16919,40,43,12734969,7852,0,0,75971
2026-04-24 19:04:55,52712328,49354,18287989,80739,17172,40,43,12751514,16545,0,0,76579
2026-04-24 19:04:56,52760583,48255,18304754,80809,16835,34,43,12759642,8128,0,0,79375
2026-04-24 19:04:57,52810264,49681,18322008,80868,17313,38,43,12767695,8053,0,0,59065
2026-04-24 19:04:58,52859136,48872,18338957,80954,17035,38,43,12775349,7654,0,0,63546
2026-04-24 19:05:00,52907789,48653,18355850,81030,16969,39,43,12783357,8008,0,0,67572
2026-04-24 19:05:01,52956858,49069,18372842,81115,17077,35,43,12791657,8300,0,0,69223
2026-04-24 19:05:02,53005372,48514,18389717,81186,16946,40,43,12807321,15664,0,0,76804
2026-04-24 19:05:03,53054142,48770,18406659,81253,17009,38,43,12814985,7664,0,0,69994
2026-04-24 19:05:04,53102560,48418,18423430,81333,16851,41,43,12822625,7640,0,0,62512
2026-04-24 19:05:05,53151203,48643,18440328,81400,16965,40,43,12829983,7358,0,0,69094
2026-04-24 19:05:06,53200148,48945,18457306,81464,17042,35,43,12837859,7876,0,0,73461
2026-04-24 19:05:08,53247945,47797,18473875,81540,16645,41,43,12845079,7220,0,0,74136
2026-04-24 19:05:09,53297933,49988,18491247,81598,17430,39,43,12860242,15163,0,0,69588
2026-04-24 19:05:10,53347037,49104,18508292,81663,17110,39,43,12867784,7542,0,0,73396
2026-04-24 19:05:11,53396092,49055,18525315,81749,17109,39,43,12875181,7397,0,0,67261
2026-04-24 19:05:12,53445444,49352,18542464,81822,17222,40,43,12882598,7417,0,0,67904
2026-04-24 19:05:14,53495759,50315,18559889,81918,17521,37,43,12890127,7529,0,0,72868
2026-04-24 19:05:15,53543029,47270,18576295,81990,16478,41,43,12897512,7385,0,0,75740
2026-04-24 19:05:16,53592725,49696,18593505,82074,17294,40,43,12911617,14105,0,0,77834
2026-04-24 19:05:17,53641572,48847,18610488,82149,17058,39,43,12919201,7584,0,0,83367
2026-04-24 19:05:18,53690679,49107,18627539,82234,17136,40,43,12926333,7132,0,0,74550
2026-04-24 19:05:19,53740315,49636,18644743,82306,17276,38,43,12933841,7508,0,0,73091
2026-04-24 19:05:21,53789509,49194,18661812,82388,17151,40,43,12940864,7023,0,0,77135
2026-04-24 19:05:22,53836639,47130,18678169,82455,16424,40,43,12955353,14489,0,0,81999
2026-04-24 19:05:23,53885926,49287,18695265,82528,17169,40,43,12962086,6733,0,0,84389
2026-04-24 19:05:24,53935675,49749,18712505,82613,17325,41,43,12968775,6689,0,0,86523
2026-04-24 19:05:25,53984918,49243,18729609,82692,17183,36,43,12975820,7045,0,0,79302
2026-04-24 19:05:26,54034453,49535,18746772,82767,17238,41,43,12982901,7081,0,0,69832
2026-04-24 19:05:28,54083746,49293,18763893,82839,17193,37,43,12989779,6878,0,0,74947
2026-04-24 19:05:29,54132289,48543,18780740,82916,16924,40,43,13004179,14400,0,0,76384
2026-04-24 19:05:30,54181633,49344,18797869,82983,17196,39,43,13011438,7259,0,0,75902
2026-04-24 19:05:31,54230692,49059,18814944,83055,17147,38,43,13018631,7193,0,0,77843
2026-04-24 19:05:32,54278880,48188,18831674,83135,16810,40,43,13026591,7960,0,0,62378
2026-04-24 19:05:33,54327794,48914,18848655,83225,17071,40,43,13033025,6434,0,0,63527
2026-04-24 19:05:35,54377187,49393,18865801,83309,17230,39,43,13039971,6946,0,0,65173
2026-04-24 19:05:36,54426572,49385,18882919,83384,17193,40,43,13054670,14699,0,0,70907
2026-04-24 19:05:37,54475813,49241,18900019,83458,17174,39,43,13061284,6614,0,0,74790
2026-04-24 19:05:38,54524670,48857,18916954,83538,17015,41,43,13068367,7083,0,0,80884
2026-04-24 19:05:39,54574772,50102,18934351,83611,17470,35,43,13075412,7045,0,0,69255
2026-04-24 19:05:40,54625275,50503,18951868,83688,17594,40,43,13082113,6701,0,0,74049
2026-04-24 19:05:42,54674639,49364,18969011,83763,17218,39,43,13089445,7332,0,0,76728
2026-04-24 19:05:43,54725192,50553,18986485,83860,17571,36,43,13103553,14108,0,0,76430
2026-04-24 19:05:44,54774761,49569,19003670,83943,17268,40,43,13110508,6955,0,0,77012
2026-04-24 19:05:45,54824946,50185,19021067,84019,17473,40,43,13117661,7153,0,0,71482
2026-04-24 19:05:46,54874798,49852,19038328,84094,17336,33,43,13125150,7489,0,0,70169
2026-04-24 19:05:48,54924696,49898,19055605,84175,17358,40,43,13132942,7792,0,0,55904
2026-04-24 19:05:49,54974033,49337,19072704,84256,17180,39,43,13147283,14341,0,0,60124
2026-04-24 19:05:50,55022091,48058,19089387,84322,16749,38,43,13154239,6956,0,0,61754
2026-04-24 19:05:51,55071308,49217,19106455,84402,17148,38,43,13161352,7113,0,0,71347
2026-04-24 19:05:52,55120009,48701,19123347,84484,16974,39,43,13168908,7556,0,0,61726
2026-04-24 19:05:53,55169634,49625,19140533,84560,17262,41,43,13176603,7695,0,0,62725
2026-04-24 19:05:55,55217907,48273,19157245,84644,16796,33,43,13184088,7485,0,0,55357
2026-04-24 19:05:56,55264794,46887,19173531,84715,16357,41,43,13191345,7257,0,0,63964
2026-04-24 19:05:57,55313047,48253,19190252,84805,16811,40,43,13206767,15422,0,0,67382
2026-04-24 19:05:58,55361499,48452,19207030,84894,16867,40,43,13214950,8183,0,0,68248
2026-04-24 19:05:59,55410756,49257,19224120,84980,17176,39,43,13222432,7482,0,0,63372
2026-04-24 19:06:00,55460300,49544,19241311,85065,17276,40,43,13230163,7731,0,0,62038
2026-04-24 19:06:01,55508977,48677,19258202,85150,16976,37,43,13238760,8597,0,0,65324
2026-04-24 19:06:03,55556396,47419,19274663,85211,16522,32,43,13246822,8062,0,0,68878
2026-04-24 19:06:04,55604512,48116,19291309,85289,16724,41,43,13262031,15209,0,0,72005
2026-04-24 19:06:05,55653226,48714,19308203,85348,16953,40,43,13269958,7927,0,0,65135
2026-04-24 19:06:06,55700806,47580,19324701,85438,16588,38,43,13278151,8193,0,0,62365
2026-04-24 19:06:07,55749089,48283,19341437,85511,16809,39,43,13286051,7900,0,0,60105
2026-04-24 19:06:08,55798062,48973,19358386,85603,17041,40,43,13293928,7877,0,0,61634
2026-04-24 19:06:10,55846817,48755,19375306,85690,17007,41,43,13301992,8064,0,0,66917
2026-04-24 19:06:11,55895281,48464,19392094,85777,16875,39,43,13319034,17042,0,0,72222
2026-04-24 19:06:12,55942813,47532,19408601,85845,16575,38,43,13328348,9314,0,0,72212
2026-04-24 19:06:13,55991706,48893,19425538,85931,17023,37,43,13337139,8791,0,0,71777
2026-04-24 19:06:14,56041182,49476,19442679,86014,17224,41,43,13346636,9497,0,0,67528
2026-04-24 19:06:15,56090748,49566,19459865,86092,17264,40,43,13355990,9354,0,0,68228
2026-04-24 19:06:17,56139052,48304,19476640,86175,16858,41,43,13365900,9910,0,0,75307
2026-04-24 19:06:18,56188001,48949,19493601,86239,17025,39,43,13385258,19358,0,0,78883
2026-04-24 19:06:19,56236517,48516,19510436,86318,16914,37,43,13395094,9836,0,0,79974
2026-04-24 19:06:20,56284430,47913,19527112,86379,16737,41,43,13404894,9800,0,0,79510
2026-04-24 19:06:21,56332746,48316,19543895,86449,16853,38,43,13415210,10316,0,0,75860
2026-04-24 19:06:22,56380124,47378,19560339,86531,16526,38,43,13424882,9672,0,0,78122
2026-04-24 19:06:24,56427601,47477,19576871,86610,16611,27,43,13435153,10271,0,0,74761
2026-04-24 19:06:25,56474235,46634,19593056,86674,16249,41,43,13456639,21486,0,0,76778
2026-04-24 19:06:26,56522452,48217,19609814,86744,16828,40,43,13467746,11107,0,0,77394
2026-04-24 19:06:27,56568690,46238,19625857,86815,16114,38,43,13478175,10429,0,0,78112
2026-04-24 19:06:28,56617265,48575,19642704,86891,16923,41,43,13488220,10045,0,0,62023
2026-04-24 19:06:29,56667052,49787,19659971,86961,17337,36,43,13498237,10017,0,0,67481
2026-04-24 19:06:31,56716929,49877,19677245,87049,17362,36,43,13509097,10860,0,0,67348
2026-04-24 19:06:32,56765877,48948,19694215,87117,17038,39,43,13529489,20392,0,0,71875
2026-04-24 19:06:33,56814257,48380,19711004,87204,16876,36,43,13541071,11582,0,0,73565
2026-04-24 19:06:34,56861813,47556,19727545,87288,16625,39,43,13552377,11306,0,0,72845
2026-04-24 19:06:35,56910380,48567,19744387,87378,16932,41,43,13563643,11266,0,0,67926
2026-04-24 19:06:36,56958785,48405,19761180,87447,16862,37,43,13575021,11378,0,0,65026
2026-04-24 19:06:38,57005265,46480,19777337,87518,16228,41,43,13586350,11329,0,0,65860
2026-04-24 19:06:39,57052683,47418,19793774,87594,16513,41,43,13609553,23203,0,0,72589
2026-04-24 19:06:40,57100196,47513,19810301,87677,16610,40,43,13621512,11959,0,0,74189
2026-04-24 19:06:41,57147010,46814,19826571,87733,16326,36,43,13633622,12110,0,0,74028
2026-04-24 19:06:42,57195366,48356,19843332,87800,16828,39,43,13644451,10829,0,0,70269
2026-04-24 19:06:43,57244426,49060,19860286,87889,17043,38,43,13655759,11308,0,0,74909
2026-04-24 19:06:45,57292080,47654,19876811,87968,16604,41,43,13667361,11602,0,0,76351
2026-04-24 19:06:46,57338448,46368,19892880,88057,16158,40,43,13692644,25283,0,0,58545
2026-04-24 19:06:47,57385184,46736,19909128,88133,16324,39,43,13705285,12641,0,0,71953
2026-04-24 19:06:48,57433029,47845,19925720,88217,16676,40,43,13717626,12341,0,0,68539
2026-04-24 19:06:49,57482248,49219,19942835,88285,17183,40,43,13730487,12861,0,0,57270
2026-04-24 19:06:50,57530656,48408,19959613,88363,16856,39,43,13742515,12028,0,0,63266
2026-04-24 19:06:52,57578383,47727,19976179,88445,16648,39,43,13755445,12930,0,0,68841
2026-04-24 19:06:53,57625797,47414,19992597,88521,16494,39,43,13781808,26363,0,0,70615
2026-04-24 19:06:54,57673365,47568,20009072,88602,16556,40,43,13794504,12696,0,0,72672
2026-04-24 19:06:55,57722004,48639,20025972,88682,16980,39,43,13807051,12547,0,0,75002
2026-04-24 19:06:56,57769354,47350,20042388,88754,16488,39,43,13819536,12485,0,0,42936
2026-04-24 19:06:57,57817081,47727,20058980,88814,16652,39,43,13832798,13262,0,0,49235
2026-04-24 19:06:59,57865378,48297,20075741,88885,16832,40,43,13846028,13230,0,0,50504
2026-04-24 19:07:00,57912300,46922,20092037,88962,16373,40,43,13874284,28256,0,0,53193
2026-04-24 19:07:01,57961046,48746,20108912,89025,16938,40,43,13888518,14234,0,0,62921
2026-04-24 19:07:02,58009350,48304,20125656,89108,16827,41,43,13901207,12689,0,0,69178
2026-04-24 19:07:03,58056211,46861,20141895,89174,16305,39,43,13915459,14252,0,0,69849
2026-04-24 19:07:04,58103540,47329,20158310,89247,16488,41,43,13928774,13315,0,0,69888
2026-04-24 19:07:06,58150624,47084,20174636,89321,16400,38,43,13942845,14071,0,0,75053
2026-04-24 19:07:07,58196880,46256,20190672,89394,16109,30,43,13971842,28997,0,0,76221
2026-04-24 19:07:08,58244709,47829,20207236,89469,16639,38,43,13985100,13258,0,0,77105
2026-04-24 19:07:09,58291759,47050,20223605,89528,16428,34,43,14000289,15189,0,0,77150
2026-04-24 19:07:10,58339662,47903,20240228,89609,16704,37,43,14014719,14430,0,0,66666
2026-04-24 19:07:11,58388088,48426,20257055,89686,16904,41,43,14029238,14519,0,0,68238
2026-04-24 19:07:13,58434397,46309,20273171,89755,16185,39,43,14045042,15804,0,0,73915
2026-04-24 19:07:14,58481154,46757,20289397,89813,16284,41,43,14060633,15591,0,0,74173
2026-04-24 19:07:15,58527549,46395,20305497,89884,16171,40,43,14091244,30611,0,0,76951
2026-04-24 19:07:16,58575893,48344,20322229,89962,16810,40,43,14105105,13861,0,0,74249
2026-04-24 19:07:17,58624245,48352,20339020,90038,16867,39,43,14119379,14274,0,0,69009
2026-04-24 19:07:18,58670344,46099,20354965,90128,16035,37,43,14134520,15141,0,0,70761
2026-04-24 19:07:20,58711929,41585,20369386,90194,14487,35,43,14149475,14955,0,0,70793
2026-04-24 19:07:21,58755863,43934,20384618,90271,15309,41,43,14162212,12737,0,0,60747
2026-04-24 19:07:22,58800428,44565,20400079,90329,15519,39,43,14191070,28858,0,0,64893
2026-04-24 19:07:23,58845771,45343,20415838,90387,15817,40,43,14206135,15065,0,0,64891
2026-04-24 19:07:24,58890730,44959,20431433,90462,15670,38,43,14221830,15695,0,0,60946
2026-04-24 19:07:25,58934078,43348,20446511,90537,15153,40,43,14236830,15000,0,0,63939
2026-04-24 19:07:27,58978816,44738,20462070,90608,15630,23,43,14251483,14653,0,0,71174
2026-04-24 19:07:28,59023012,44196,20477385,90661,15368,41,43,14267467,15984,0,0,72766
2026-04-24 19:07:29,59071137,48125,20494077,90737,16768,39,43,14297911,30444,0,0,75037
2026-04-24 19:07:30,59120444,49307,20511144,90811,17141,37,43,14313487,15576,0,0,73970
2026-04-24 19:07:31,59165790,45346,20526891,90861,15797,39,43,14329049,15562,0,0,69721
2026-04-24 19:07:33,59213421,47631,20543426,90934,16608,38,43,14342901,13852,0,0,74072
2026-04-24 19:07:34,59259934,46513,20559599,91007,16246,41,43,14358850,15949,0,0,76230
2026-04-24 19:07:35,59305845,45911,20575514,91079,15987,39,43,14374936,16086,0,0,75533
2026-04-24 19:07:36,59351134,45289,20591245,91146,15798,40,43,14405994,31058,0,0,75540
2026-04-24 19:07:37,59397453,46319,20607295,91225,16129,40,43,14420596,14602,0,0,72107
2026-04-24 19:07:38,59445148,47695,20623841,91294,16615,40,43,14434938,14342,0,0,69281
2026-04-24 19:07:39,59492453,47305,20640235,91374,16474,39,43,14450212,15274,0,0,72660
2026-04-24 19:07:41,59538984,46531,20656387,91454,16232,35,43,14465453,15241,0,0,76150
2026-04-24 19:07:42,59585392,46408,20672474,91535,16168,41,43,14481562,16109,0,0,79570
2026-04-24 19:07:43,59629431,44039,20687722,91590,15303,37,43,14512495,30933,0,0,83309
2026-04-24 19:07:44,59677596,48165,20704414,91667,16769,39,43,14527184,14689,0,0,78846
2026-04-24 19:07:45,59726051,48455,20721190,91743,16852,39,43,14542156,14972,0,0,76105
2026-04-24 19:07:47,59774395,48344,20737914,91815,16796,40,43,14555914,13758,0,0,81067
2026-04-24 19:07:48,59819925,45530,20753739,91888,15898,41,43,14571420,15506,0,0,84532
2026-04-24 19:07:49,59863214,43289,20768735,91958,15066,34,43,14586975,15555,0,0,84582
2026-04-24 19:07:50,59908087,44873,20784304,92026,15637,40,43,14617042,30067,0,0,86254
2026-04-24 19:07:51,59954082,45995,20800269,92106,16045,34,43,14632528,15486,0,0,80826
2026-04-24 19:07:52,59999941,45859,20816232,92178,16035,38,43,14648075,15547,0,0,73273
2026-04-24 19:07:53,60046908,46967,20832497,92244,16331,39,43,14664330,16255,0,0,75892
2026-04-24 19:07:55,60091795,44887,20848118,92310,15687,40,43,14679947,15617,0,0,81575
2026-04-24 19:07:56,60133756,41961,20862694,92368,14634,41,43,14695647,15700,0,0,82783
2026-04-24 19:07:57,60179159,45403,20878480,92426,15844,39,43,14727310,31663,0,0,86152
2026-04-24 19:07:58,60225331,46172,20894518,92499,16111,37,43,14743330,16020,0,0,84743
2026-04-24 19:07:59,60274043,48712,20911421,92584,16988,39,43,14758739,15409,0,0,81517
2026-04-24 19:08:00,60320623,46580,20927577,92662,16234,41,43,14774753,16014,0,0,86339
2026-04-24 19:08:02,60366711,46088,20943585,92737,16083,40,43,14790540,15787,0,0,86764
2026-04-24 19:08:03,60410835,44124,20958858,92806,15342,41,43,14805390,14850,0,0,87485
2026-04-24 19:08:04,60456127,45292,20974556,92874,15766,37,43,14834457,29067,0,0,90134
2026-04-24 19:08:05,60502432,46305,20990646,92951,16167,37,43,14850686,16229,0,0,86612
2026-04-24 19:08:06,60549371,46939,21006923,93026,16352,40,43,14864790,14104,0,0,78065
2026-04-24 19:08:07,60593917,44546,21022382,93108,15541,41,43,14880351,15561,0,0,77159
2026-04-24 19:08:09,60639700,45783,21038297,93183,15990,41,43,14895119,14768,0,0,77947
2026-04-24 19:08:10,60684145,44445,21053755,93259,15534,41,43,14911890,16771,0,0,81865
2026-04-24 19:08:11,60729663,45518,21069528,93330,15844,37,43,14940248,28358,0,0,82715
2026-04-24 19:08:12,60775691,46028,21085491,93394,16027,40,43,14954837,14589,0,0,83822
2026-04-24 19:08:13,60822051,46360,21101543,93457,16115,41,43,14968763,13926,0,0,72490
2026-04-24 19:08:14,60870220,48169,21118244,93532,16776,34,43,14981624,12861,0,0,76538
2026-04-24 19:08:16,60913404,43184,21133262,93586,15072,40,43,14997019,15395,0,0,77960
2026-04-24 19:08:17,60958788,45384,21148988,93667,15807,38,43,15010184,13165,0,0,82586
2026-04-24 19:08:18,61005339,46551,21165131,93739,16215,37,43,15039832,29648,0,0,83484
2026-04-24 19:08:19,61051624,46285,21181186,93822,16138,41,43,15054373,14541,0,0,79584
2026-04-24 19:08:20,61098309,46685,21197352,93896,16240,40,43,15068481,14108,0,0,76024
2026-04-24 19:08:21,61144339,46030,21213337,93963,16052,38,43,15081902,13421,0,0,76996
2026-04-24 19:08:23,61190263,45924,21229289,94024,16013,33,43,15095802,13900,0,0,78748
2026-04-24 19:08:24,61234427,44164,21244613,94102,15402,41,43,15110434,14632,0,0,80209
2026-04-24 19:08:25,61279984,45557,21260431,94163,15879,40,43,15137961,27527,0,0,83922
2026-04-24 19:08:26,61325867,45883,21276340,94219,15965,39,43,15152251,14290,0,0,82638
2026-04-24 19:08:27,61372964,47097,21292732,94289,16462,39,43,15165628,13377,0,0,71325
2026-04-24 19:08:28,61419074,46110,21308725,94371,16075,40,43,15179991,14363,0,0,76879
2026-04-24 19:08:30,61466459,47385,21325188,94450,16542,40,43,15192630,12639,0,0,80567
2026-04-24 19:08:31,61512255,45796,21341050,94535,15947,36,43,15206798,14168,0,0,85257
2026-04-24 19:08:32,61559460,47205,21357449,94615,16479,35,43,15234163,27365,0,0,88337
2026-04-24 19:08:33,61606554,47094,21373780,94687,16403,40,43,15248301,14138,0,0,91017
2026-04-24 19:08:34,61654095,47541,21390237,94770,16540,39,43,15262056,13755,0,0,84133
2026-04-24 19:08:35,61701706,47611,21406748,94850,16591,40,43,15274911,12855,0,0,73057
2026-04-24 19:08:37,61749880,48174,21423432,94929,16763,37,43,15288009,13098,0,0,74534
2026-04-24 19:08:38,61795167,45287,21439153,95004,15796,40,43,15300954,12945,0,0,73095
2026-04-24 19:08:39,61841943,46776,21455365,95059,16267,41,43,15326729,25775,0,0,71870
2026-04-24 19:08:40,61886450,44507,21470794,95109,15479,40,43,15339925,13196,0,0,66431
2026-04-24 19:08:41,61933671,47221,21487176,95192,16465,40,43,15351359,11434,0,0,61665
2026-04-24 19:08:42,61978961,45290,21502842,95279,15753,39,43,15364460,13101,0,0,70182
2026-04-24 19:08:44,62024946,45985,21518787,95359,16025,41,43,15376038,11578,0,0,74230
2026-04-24 19:08:45,62070247,45301,21534531,95418,15803,40,43,15387956,11918,0,0,76372
2026-04-24 19:08:46,62119560,49313,21551642,95492,17185,38,43,15413895,25939,0,0,85216
2026-04-24 19:08:47,62169580,50020,21568993,95580,17439,41,43,15426835,12940,0,0,88463
2026-04-24 19:08:48,62220716,51136,21586771,95658,17856,38,43,15440286,13451,0,0,80894
2026-04-24 19:08:49,62271804,51088,21604505,95737,17813,38,43,15453224,12938,0,0,85909
2026-04-24 19:08:51,62322286,50482,21621976,95824,17558,39,43,15466659,13435,0,0,80478
2026-04-24 19:08:52,62372640,50354,21639390,95905,17495,41,43,15490410,23751,0,0,82884
2026-04-24 19:08:53,62423293,50653,21656921,95975,17601,39,43,15503198,12788,0,0,85448
2026-04-24 19:08:54,62474691,51398,21674756,96056,17916,40,43,15515793,12595,0,0,84614
2026-04-24 19:08:55,62526729,52038,21692786,96153,18127,39,43,15528097,12304,0,0,71974
2026-04-24 19:08:57,62576801,50072,21710185,96225,17471,37,43,15540731,12634,0,0,77800
2026-04-24 19:08:58,62623867,47066,21726473,96302,16365,41,43,15552916,12185,0,0,78849
2026-04-24 19:08:59,62671047,47180,21742815,96377,16417,39,43,15575373,22457,0,0,78327
2026-04-24 19:09:00,62719885,48838,21759763,96443,17014,37,43,15586603,11230,0,0,82489
2026-04-24 19:09:01,62770350,50465,21777276,96523,17593,40,43,15598101,11498,0,0,77809
2026-04-24 19:09:02,62819666,49316,21794388,96588,17177,36,43,15609187,11086,0,0,72420
2026-04-24 19:09:04,62869027,49361,21811441,96672,17137,40,43,15620159,10972,0,0,72961
2026-04-24 19:09:05,62917038,48011,21828101,96745,16733,40,43,15631066,10907,0,0,77348
2026-04-24 19:09:06,62964526,47488,21844539,96823,16516,39,43,15652854,21788,0,0,76887
2026-04-24 19:09:07,63011782,47256,21860928,96901,16467,39,43,15663210,10356,0,0,80293
2026-04-24 19:09:08,63059750,47968,21877586,96975,16732,37,43,15674198,10988,0,0,78113
2026-04-24 19:09:09,63109651,49901,21894892,97042,17373,37,43,15685621,11423,0,0,68847
2026-04-24 19:09:11,63158716,49065,21911914,97115,17095,32,43,15696255,10634,0,0,73712
2026-04-24 19:09:12,63205556,46840,21928152,97191,16314,41,43,15707577,11322,0,0,78704
2026-04-24 19:09:13,63252978,47422,21944589,97260,16506,37,43,15727874,20297,0,0,76381
2026-04-24 19:09:14,63302281,49303,21961675,97335,17161,37,43,15738627,10753,0,0,79929
2026-04-24 19:09:15,63351452,49171,21978724,97408,17122,40,43,15748714,10087,0,0,72953
2026-04-24 19:09:16,63400238,48786,21995631,97498,16997,39,43,15759126,10412,0,0,67070
2026-04-24 19:09:18,63449375,49137,22012619,97581,17071,38,43,15769128,10002,0,0,70948
2026-04-24 19:09:19,63496197,46822,22028878,97646,16324,41,43,15778937,9809,0,0,72224
2026-04-24 19:09:20,63543877,47680,22045456,97717,16649,40,43,15799312,20375,0,0,73606
2026-04-24 19:09:21,63593030,49153,22062489,97806,17122,39,43,15809006,9694,0,0,76150
2026-04-24 19:09:22,63640819,47789,22079073,97878,16656,41,43,15819440,10434,0,0,75405
2026-04-24 19:09:23,63689265,48446,22095842,97942,16833,41,43,15829239,9799,0,0,74092
2026-04-24 19:09:25,63737066,47801,22112393,98017,16626,35,43,15838847,9608,0,0,76259
2026-04-24 19:09:26,63782505,45439,22128178,98080,15848,38,43,15848444,9597,0,0,82114
2026-04-24 19:09:27,63827858,45353,22143895,98152,15789,40,43,15867236,18792,0,0,85883
2026-04-24 19:09:28,63875193,47335,22160281,98235,16469,40,43,15876729,9493,0,0,87824
2026-04-24 19:09:29,63921851,46658,22176510,98307,16301,40,43,15885778,9049,0,0,83490
2026-04-24 19:09:30,63969312,47461,22193020,98357,16560,38,43,15895886,10108,0,0,82741
2026-04-24 19:09:32,64016894,47582,22209537,98423,16583,37,43,15904717,8831,0,0,83916
2026-04-24 19:09:33,64062051,45157,22225215,98501,15756,41,43,15914109,9392,0,0,84716
2026-04-24 19:09:34,64105692,43641,22240326,98566,15176,41,43,15931644,17535,0,0,81902
2026-04-24 19:09:35,64153312,47620,22256871,98636,16615,41,43,15940043,8399,0,0,82189
2026-04-24 19:09:36,64198915,45603,22272670,98715,15878,38,43,15948587,8544,0,0,75369
2026-04-24 19:09:37,64244846,45931,22288576,98799,15990,39,43,15957193,8606,0,0,74069
2026-04-24 19:09:39,64290476,45630,22304385,98893,15903,41,43,15965635,8442,0,0,73193
2026-04-24 19:09:40,64333603,43127,22319323,98973,15018,41,43,15973983,8348,0,0,73340
2026-04-24 19:09:41,64379279,45676,22335168,99036,15908,41,43,15990916,16933,0,0,77161
2026-04-24 19:09:42,64425217,45938,22351111,99109,16016,39,43,15999270,8354,0,0,77600
2026-04-24 19:09:43,64469603,44386,22366519,99167,15466,39,43,16007625,8355,0,0,67861
2026-04-24 19:09:44,64515531,45928,22382464,99235,16013,36,43,16015088,7463,0,0,70779
2026-04-24 19:09:46,64560051,44520,22397937,99295,15533,41,43,16023678,8590,0,0,70700
2026-04-24 19:09:47,64602897,42846,22412813,99366,14947,41,43,16039038,15360,0,0,74377
2026-04-24 19:09:48,64648559,45662,22428640,99444,15905,37,43,16047769,8731,0,0,76273
2026-04-24 19:09:49,64696018,47459,22445066,99521,16503,41,43,16055538,7769,0,0,80032
2026-04-24 19:09:50,64743359,47341,22461501,99586,16500,38,43,16063058,7520,0,0,69718
2026-04-24 19:09:51,64788339,44980,22477128,99650,15691,38,43,16071132,8074,0,0,70810
2026-04-24 19:09:53,64833497,45158,22492826,99725,15773,41,43,16078877,7745,0,0,72402
2026-04-24 19:09:54,64877945,44448,22508245,99787,15481,39,43,16095443,16566,0,0,51990
2026-04-24 19:09:55,64926330,48385,22525024,99858,16850,40,43,16103457,8014,0,0,50887
2026-04-24 19:09:56,64973693,47363,22541441,99934,16493,38,43,16111952,8495,0,0,54202
2026-04-24 19:09:57,65021497,47804,22558035,100024,16684,40,43,16119740,7788,0,0,56542
2026-04-24 19:09:58,65070630,49133,22575060,100100,17101,38,43,16127802,8062,0,0,56339
2026-04-24 19:10:00,65117318,46688,22591242,100184,16266,36,43,16136000,8198,0,0,64495
2026-04-24 19:10:01,65164269,46951,22607516,100255,16345,38,43,16151334,15334,0,0,67959
2026-04-24 19:10:02,65213328,49059,22624509,100345,17083,41,43,16159298,7964,0,0,69198
2026-04-24 19:10:03,65261777,48449,22641325,100424,16895,40,43,16168052,8754,0,0,75010
2026-04-24 19:10:04,65311474,49697,22658528,100495,17274,39,43,16176322,8270,0,0,62155
2026-04-24 19:10:05,65361146,49672,22675758,100572,17307,40,43,16184459,8137,0,0,64808
2026-04-24 19:10:07,65408806,47660,22692286,100657,16613,40,43,16192745,8286,0,0,68567
2026-04-24 19:10:08,65456450,47644,22708792,100730,16579,40,43,16208197,15452,0,0,34590
2026-04-24 19:10:09,65505516,49066,22725809,100809,17096,40,43,16216392,8195,0,0,45417
2026-04-24 19:10:10,65553977,48461,22742606,100876,16864,40,43,16224335,7943,0,0,56992
2026-04-24 19:10:11,65602672,48695,22759514,100952,16984,39,43,16232646,8311,0,0,61232
2026-04-24 19:10:12,65651906,49234,22776664,101022,17220,39,43,16240487,7841,0,0,63742
2026-04-24 19:10:14,65699927,48021,22793346,101096,16756,41,43,16248939,8452,0,0,67017
2026-04-24 19:10:15,65749157,49230,22810405,101169,17132,37,43,16265078,16139,0,0,71674
2026-04-24 19:10:16,65797977,48820,22827359,101240,17025,41,43,16272970,7892,0,0,73896
2026-04-24 19:10:17,65846852,48875,22844316,101311,17028,36,43,16280550,7580,0,0,54781
2026-04-24 19:10:18,65896180,49328,22861417,101393,17183,39,43,16288274,7724,0,0,61893
2026-04-24 19:10:20,65944906,48726,22878361,101474,17025,40,43,16296225,7951,0,0,65304
2026-04-24 19:10:21,65993645,48739,22895262,101541,16968,38,43,16304968,8743,0,0,68892
2026-04-24 19:10:22,66041259,47614,22911786,101613,16596,39,43,16321039,16071,0,0,73987
2026-04-24 19:10:23,66090193,48934,22928742,101689,17032,41,43,16329256,8217,0,0,81748
2026-04-24 19:10:24,66138359,48166,22945479,101746,16794,41,43,16337445,8189,0,0,83652
2026-04-24 19:10:25,66187531,49172,22962523,101823,17121,37,43,16345438,7993,0,0,72289
2026-04-24 19:10:26,66236268,48737,22979435,101907,16996,40,43,16353491,8053,0,0,77499
2026-04-24 19:10:28,66284189,47921,22996066,101979,16703,41,43,16361211,7720,0,0,79139
2026-04-24 19:10:29,66332463,48274,23012778,102051,16784,39,43,16376863,15652,0,0,78557
2026-04-24 19:10:30,66382184,49721,23030026,102111,17308,40,43,16384548,7685,0,0,78481
2026-04-24 19:10:31,66431387,49203,23047127,102164,17154,38,43,16392742,8194,0,0,76484
2026-04-24 19:10:32,66478965,47578,23063615,102239,16563,37,43,16400628,7886,0,0,63863
2026-04-24 19:10:34,66528080,49115,23080623,102323,17092,40,43,16408363,7735,0,0,68307
2026-04-24 19:10:35,66575128,47048,23096963,102379,16396,39,43,16416656,8293,0,0,71700
2026-04-24 19:10:36,66623672,48544,23113796,102449,16903,39,43,16433246,16590,0,0,74926
2026-04-24 19:10:37,66674201,50529,23131311,102534,17600,40,43,16441451,8205,0,0,73028
2026-04-24 19:10:38,66725720,51519,23149179,102608,17942,40,43,16450738,9287,0,0,78008
2026-04-24 19:10:39,66777595,51875,23167169,102696,18078,37,43,16459473,8735,0,0,72369
2026-04-24 19:10:41,66829400,51805,23185147,102775,18057,39,43,16467654,8181,0,0,76328
2026-04-24 19:10:42,66878712,49312,23202245,102851,17174,40,43,16476466,8812,0,0,78628
2026-04-24 19:10:43,66928030,49318,23219370,102926,17200,40,43,16494709,18243,0,0,68282
2026-04-24 19:10:44,66979838,51808,23237329,103011,18044,40,43,16504170,9461,0,0,68227
2026-04-24 19:10:45,67031504,51666,23255260,103095,18015,40,43,16513821,9651,0,0,68303
2026-04-24 19:10:46,67083160,51656,23273174,103170,17989,38,43,16523247,9426,0,0,67367
2026-04-24 19:10:48,67133667,50507,23290658,103247,17561,41,43,16533117,9870,0,0,74928
2026-04-24 19:10:49,67181980,48313,23307434,103322,16851,39,43,16541889,8772,0,0,79174
2026-04-24 19:10:50,67232973,50993,23325126,103402,17772,39,43,16559769,17880,0,0,82511
2026-04-24 19:10:51,67283264,50291,23342559,103478,17509,39,43,16569638,9869,0,0,80798
2026-04-24 19:10:52,67332880,49616,23359795,103552,17310,38,43,16578818,9180,0,0,77849
2026-04-24 19:10:53,67383161,50281,23377276,103630,17559,40,43,16588958,10140,0,0,73895
2026-04-24 19:10:55,67433355,50194,23394672,103711,17477,41,43,16599191,10233,0,0,74787
2026-04-24 19:10:56,67481390,48035,23411315,103793,16725,33,43,16617471,18280,0,0,74093
2026-04-24 19:10:57,67529887,48497,23428151,103871,16914,34,43,16627624,10153,0,0,79630
2026-04-24 19:10:58,67580341,50454,23445621,103936,17535,40,43,16637348,9724,0,0,81610
2026-04-24 19:10:59,67631414,51073,23463300,104036,17779,39,43,16647836,10488,0,0,78949
2026-04-24 19:11:00,67682526,51112,23481025,104119,17808,39,43,16657887,10051,0,0,78512
2026-04-24 19:11:02,67732523,49997,23498360,104199,17415,40,43,16667806,9919,0,0,81052
2026-04-24 19:11:03,67780411,47888,23514970,104273,16684,39,43,16678533,10727,0,0,77828
2026-04-24 19:11:04,67830467,50056,23532353,104355,17465,39,43,16698686,20153,0,0,82957
2026-04-24 19:11:05,67881957,51490,23550219,104430,17941,39,43,16709177,10491,0,0,88164
2026-04-24 19:11:06,67933045,51088,23567960,104511,17822,38,43,16719656,10479,0,0,88378
2026-04-24 19:11:07,67982976,49931,23585295,104585,17409,41,43,16730516,10860,0,0,63392
2026-04-24 19:11:09,68032791,49815,23602581,104668,17369,39,43,16742204,11688,0,0,62116
2026-04-24 19:11:10,68082252,49461,23619736,104728,17215,40,43,16753514,11310,0,0,65456
2026-04-24 19:11:11,68132994,50742,23637286,104813,17635,40,43,16775232,21718,0,0,68256
2026-04-24 19:11:12,68184939,51945,23655305,104889,18095,38,43,16786629,11397,0,0,74737
2026-04-24 19:11:13,68235666,50727,23672865,104982,17653,39,43,16798123,11494,0,0,72763
2026-04-24 19:11:14,68285435,49769,23690091,105082,17326,38,43,16809971,11848,0,0,66701
2026-04-24 19:11:16,68336117,50682,23707641,105154,17622,40,43,16821347,11376,0,0,70485
2026-04-24 19:11:17,68384679,48562,23724478,105234,16917,40,43,16833308,11961,0,0,76808
2026-04-24 19:11:18,68434405,49726,23741705,105319,17312,41,43,16857081,23773,0,0,78743
2026-04-24 19:11:19,68486310,51905,23759714,105381,18071,40,43,16869423,12342,0,0,76153
2026-04-24 19:11:20,68536753,50443,23777236,105457,17598,40,43,16882239,12816,0,0,75040
2026-04-24 19:11:21,68587407,50654,23794785,105540,17632,40,43,16894309,12070,0,0,73092
2026-04-24 19:11:23,68637147,49740,23811993,105625,17293,40,43,16907387,13078,0,0,77052
2026-04-24 19:11:24,68686241,49094,23829032,105699,17113,41,43,16919331,11944,0,0,79516
2026-04-24 19:11:25,68734609,48368,23845824,105760,16853,39,43,16943407,24076,0,0,84440
2026-04-24 19:11:26,68784330,49721,23863094,105834,17344,40,43,16955845,12438,0,0,86196
2026-04-24 19:11:27,68835961,51631,23880967,105916,17955,40,43,16967990,12145,0,0,80690
2026-04-24 19:11:28,68886798,50837,23898569,106005,17691,38,43,16980514,12524,0,0,73464
2026-04-24 19:11:30,68938101,51303,23916346,106090,17862,39,43,16993157,12643,0,0,76597
2026-04-24 19:11:31,68987898,49797,23933624,106158,17346,39,43,17007676,14519,0,0,78137
2026-04-24 19:11:32,69037339,49441,23950765,106245,17228,40,43,17034334,26658,0,0,76734
2026-04-24 19:11:33,69087567,50228,23968179,106318,17487,38,43,17048025,13691,0,0,78479
2026-04-24 19:11:34,69137631,50064,23985552,106394,17449,40,43,17061893,13868,0,0,71760
2026-04-24 19:11:35,69187211,49580,24002769,106468,17291,39,43,17075478,13585,0,0,73488
2026-04-24 19:11:37,69236314,49103,24019844,106540,17147,41,43,17089067,13589,0,0,75004
2026-04-24 19:11:38,69286102,49788,24037081,106615,17312,35,43,17103336,14269,0,0,76043
2026-04-24 19:11:39,69335815,49713,24054297,106692,17293,40,43,17129768,26432,0,0,77877
2026-04-24 19:11:40,69385642,49827,24071567,106771,17349,38,43,17143680,13912,0,0,77415
2026-04-24 19:11:41,69435115,49473,24088752,106850,17264,41,43,17158393,14713,0,0,74701
2026-04-24 19:11:42,69485352,50237,24106184,106919,17501,41,43,17173270,14877,0,0,73678
2026-04-24 19:11:44,69536231,50879,24123842,107000,17739,36,43,17188204,14934,0,0,80075
2026-04-24 19:11:45,69585083,48852,24140819,107076,17053,39,43,17203586,15382,0,0,82846
2026-04-24 19:11:46,69634844,49761,24158064,107157,17326,36,43,17233079,29493,0,0,85103
2026-04-24 19:11:47,69685485,50641,24175640,107236,17655,38,43,17248628,15549,0,0,86049
2026-04-24 19:11:48,69735856,50371,24193113,107306,17543,37,43,17263412,14784,0,0,80217
2026-04-24 19:11:49,69785630,49774,24210397,107375,17353,39,43,17278664,15252,0,0,78315
2026-04-24 19:11:51,69835544,49914,24227702,107458,17388,40,43,17294540,15876,0,0,80214
2026-04-24 19:11:52,69885462,49918,24245005,107537,17382,38,43,17309822,15282,0,0,82522
2026-04-24 19:11:53,69933730,48268,24261774,107622,16854,41,43,17339660,29838,0,0,80196
2026-04-24 19:11:54,69984088,50358,24279193,107698,17495,38,43,17355489,15829,0,0,85134
2026-04-24 19:11:55,70033731,49643,24296399,107778,17286,40,43,17370007,14518,0,0,79855
2026-04-24 19:11:56,70084413,50682,24313949,107848,17620,37,43,17385526,15519,0,0,78291
2026-04-24 19:11:58,70136109,51696,24331859,107923,17985,39,43,17400668,15142,0,0,80297
2026-04-24 19:11:59,70185781,49672,24349085,107998,17301,41,43,17417354,16686,0,0,84490
2026-04-24 19:12:00,70233677,47896,24365670,108074,16661,40,43,17448263,30909,0,0,84304
2026-04-24 19:12:01,70281954,48277,24382426,108158,16840,37,43,17463211,14948,0,0,85251
2026-04-24 19:12:02,70331413,49459,24399605,108229,17250,38,43,17478725,15514,0,0,25524
2026-04-24 19:12:03,70380793,49380,24416752,108302,17220,39,43,17494623,15898,0,0,36627
2026-04-24 19:12:05,70427753,46960,24433102,108368,16416,39,43,17510066,15443,0,0,48912
2026-04-24 19:12:06,70476345,48592,24449931,108441,16902,40,43,17526192,16126,0,0,49792
2026-04-24 19:12:07,70526223,49878,24467251,108506,17385,40,43,17556013,29821,0,0,58702
2026-04-24 19:12:08,70576553,50330,24484671,108593,17507,38,43,17572509,16496,0,0,67019
2026-04-24 19:12:09,70626310,49757,24501936,108675,17347,38,43,17587688,15179,0,0,69584
2026-04-24 19:12:10,70676130,49820,24519161,108769,17319,39,43,17604489,16801,0,0,65590
2026-04-24 19:12:12,70725926,49796,24536435,108848,17353,41,43,17619335,14846,0,0,66693
2026-04-24 19:12:13,70774329,48403,24553235,108921,16873,41,43,17635585,16250,0,0,71212
2026-04-24 19:12:14,70820921,46592,24569337,108994,16175,38,43,17667654,32069,0,0,72909
2026-04-24 19:12:15,70868085,47164,24585725,109072,16466,40,43,17685041,17387,0,0,74161
2026-04-24 19:12:16,70915660,47575,24602229,109144,16576,39,43,17699875,14834,0,0,68838
2026-04-24 19:12:17,70962765,47105,24618551,109214,16392,40,43,17716306,16431,0,0,70881
2026-04-24 19:12:19,71010401,47636,24635058,109302,16595,41,43,17730561,14255,0,0,75098
2026-04-24 19:12:20,71056599,46198,24651091,109374,16105,41,43,17746721,16160,0,0,78001
2026-04-24 19:12:21,71102208,45609,24666945,109434,15914,40,43,17777940,31219,0,0,84431
2026-04-24 19:12:22,71150067,47859,24683522,109512,16655,38,43,17794668,16728,0,0,87449
2026-04-24 19:12:23,71196371,46304,24699560,109596,16122,41,43,17809664,14996,0,0,77046
2026-04-24 19:12:24,71243710,47339,24716008,109653,16505,38,43,17824632,14968,0,0,72852
2026-04-24 19:12:26,71290235,46525,24732177,109721,16237,35,43,17842193,17561,0,0,73159
2026-04-24 19:12:27,71336141,45906,24748146,109790,16038,41,43,17857736,15543,0,0,75314
2026-04-24 19:12:28,71381040,44899,24763719,109848,15631,41,43,17874663,16927,0,0,77088
2026-04-24 19:12:29,71426259,45219,24779401,109922,15756,41,43,17906390,31727,0,0,82272
2026-04-24 19:12:30,71475400,49141,24796457,110002,17136,38,43,17922142,15752,0,0,76022
2026-04-24 19:12:31,71524157,48757,24813374,110075,16990,39,43,17938729,16587,0,0,76588
2026-04-24 19:12:33,71570689,46532,24829545,110145,16241,41,43,17954883,16154,0,0,76433
2026-04-24 19:12:34,71616843,46154,24845567,110217,16094,32,43,17970394,15511,0,0,78330
2026-04-24 19:12:35,71660379,43536,24860669,110287,15172,40,43,17986437,16043,0,0,80684
2026-04-24 19:12:36,71705984,45605,24876515,110353,15912,36,43,18017057,30620,0,0,79930
2026-04-24 19:12:37,71752158,46174,24892546,110422,16100,38,43,18034251,17194,0,0,69201
2026-04-24 19:12:38,71799686,47528,24909064,110488,16584,38,43,18049001,14750,0,0,73724
2026-04-24 19:12:40,71843328,43642,24924211,110552,15211,41,43,18064751,15750,0,0,73709
2026-04-24 19:12:41,71888068,44740,24939754,110621,15612,41,43,18078766,14015,0,0,75501
2026-04-24 19:12:42,71932904,44836,24955278,110700,15603,41,43,18109339,30573,0,0,79568
2026-04-24 19:12:43,71978878,45974,24971250,110772,16044,41,43,18125354,16015,0,0,83301
2026-04-24 19:12:44,72025437,46559,24987389,110853,16220,35,43,18140208,14854,0,0,75997
2026-04-24 19:12:45,72071592,46155,25003402,110910,16070,41,43,18156277,16069,0,0,71009
2026-04-24 19:12:47,72117584,45992,25019365,110972,16025,32,43,18171426,15149,0,0,74712
2026-04-24 19:12:48,72162971,45387,25035073,111039,15775,36,43,18187034,15608,0,0,75883
2026-04-24 19:12:49,72208341,45370,25050800,111107,15795,39,43,18217333,30299,0,0,80714
2026-04-24 19:12:50,72255138,46797,25067020,111187,16300,38,43,18232040,14707,0,0,85602
2026-04-24 19:12:51,72298745,43607,25082154,111258,15205,40,43,18247951,15911,0,0,78633
2026-04-24 19:12:52,72345654,46909,25098444,111348,16380,36,43,18262841,14890,0,0,80027
2026-04-24 19:12:54,72389711,44057,25113765,111402,15375,41,43,18277941,15100,0,0,82095
2026-04-24 19:12:55,72432648,42937,25128617,111478,14928,40,43,18292732,14791,0,0,82734
2026-04-24 19:12:56,72474487,41839,25143152,111529,14586,34,43,18321362,28630,0,0,81890
2026-04-24 19:12:57,72518390,43903,25158405,111583,15307,39,43,18336022,14660,0,0,83020
2026-04-24 19:12:58,72561717,43327,25173421,111660,15093,39,43,18350995,14973,0,0,73396
2026-04-24 19:12:59,72607595,45878,25189336,111727,15982,41,43,18363733,12738,0,0,74440
2026-04-24 19:13:01,72650790,43195,25204369,111792,15098,41,43,18377078,13345,0,0,74683
2026-04-24 19:13:02,72689311,38521,25217741,111855,13435,37,43,18391359,14281,0,0,78354
2026-04-24 19:13:03,72730333,41022,25231961,111916,14281,39,43,18403837,12478,0,0,81045
2026-04-24 19:13:04,72776351,46018,25247925,111970,16018,40,43,18432873,29036,0,0,86603
2026-04-24 19:13:05,72821628,45277,25263645,112034,15784,38,43,18447552,14679,0,0,78562
2026-04-24 19:13:06,72867932,46304,25279692,112103,16116,36,43,18462765,15213,0,0,82007
2026-04-24 19:13:08,72913309,45377,25295461,112165,15831,39,43,18477238,14473,0,0,82547
2026-04-24 19:13:09,72957787,44478,25310914,112235,15523,41,43,18491510,14272,0,0,82436
2026-04-24 19:13:10,73005027,47240,25327259,112316,16426,40,43,18520168,28658,0,0,81833
2026-04-24 19:13:11,73052223,47196,25343625,112396,16446,38,43,18535288,15120,0,0,85102
2026-04-24 19:13:12,73100452,48229,25360329,112468,16776,39,43,18548582,13294,0,0,74299
2026-04-24 19:13:13,73147881,47429,25376752,112567,16522,37,43,18562775,14193,0,0,73798
2026-04-24 19:13:15,73190575,42694,25391588,112624,14893,41,43,18576544,13769,0,0,75784
2026-04-24 19:13:16,73232303,41728,25406087,112688,14563,37,43,18590391,13847,0,0,78197
2026-04-24 19:13:17,73274549,42246,25420755,112743,14723,39,43,18617305,26914,0,0,81179
2026-04-24 19:13:18,73322441,47892,25437332,112824,16658,41,43,18631464,14159,0,0,83618
2026-04-24 19:13:19,73370414,47973,25454016,112899,16759,38,43,18645781,14317,0,0,68861
2026-04-24 19:13:21,73419992,49578,25471193,112969,17247,38,43,18660743,14962,0,0,73372
2026-04-24 19:13:22,73468843,48851,25488173,113039,17050,41,43,18674585,13842,0,0,75257
2026-04-24 19:13:23,73517837,48994,25505142,113120,17050,39,43,18703194,28609,0,0,77968
2026-04-24 19:13:24,73566464,48627,25522056,113196,16990,41,43,18717534,14340,0,0,84929
2026-04-24 19:13:25,73616554,50090,25539453,113280,17481,38,43,18732444,14910,0,0,80670
2026-04-24 19:13:26,73666348,49794,25556684,113365,17316,41,43,18747146,14702,0,0,78092
2026-04-24 19:13:28,73714801,48453,25573527,113415,16893,41,43,18760789,13643,0,0,81061
2026-04-24 19:13:29,73760073,45272,25589218,113472,15748,41,43,18774944,14155,0,0,73825
2026-04-24 19:13:30,73806017,45944,25605152,113542,16004,40,43,18800497,25553,0,0,71678
2026-04-24 19:13:31,73852247,46230,25621193,113616,16115,41,43,18814147,13650,0,0,62996
2026-04-24 19:13:32,73898474,46227,25637229,113694,16114,41,43,18827588,13441,0,0,62687
2026-04-24 19:13:33,73944971,46497,25653344,113766,16187,40,43,18839582,11994,0,0,30290
2026-04-24 19:13:35,73991541,46570,25669501,113831,16222,34,43,18852305,12723,0,0,32282
2026-04-24 19:13:36,74036972,45431,25685279,113905,15852,29,43,18865104,12799,0,0,35049
2026-04-24 19:13:37,74082423,45451,25701036,113970,15822,41,43,18891235,26131,0,0,43079
2026-04-24 19:13:38,74129725,47302,25717420,114039,16453,38,43,18904410,13175,0,0,54381
2026-04-24 19:13:39,74175967,46242,25733449,114100,16090,36,43,18916344,11934,0,0,63275
2026-04-24 19:13:40,74222064,46097,25749420,114177,16048,40,43,18929090,12746,0,0,64594
2026-04-24 19:13:42,74268533,46469,25765546,114251,16200,40,43,18941837,12747,0,0,68521
2026-04-24 19:13:43,74313918,45385,25781294,114316,15813,41,43,18954547,12710,0,0,72217
2026-04-24 19:13:44,74360190,46272,25797356,114384,16130,35,43,18978788,24241,0,0,59812
2026-04-24 19:13:45,74406717,46527,25813484,114449,16193,39,43,18991281,12493,0,0,46844
2026-04-24 19:13:46,74454124,47407,25829933,114520,16520,37,43,19002479,11198,0,0,50495
2026-04-24 19:13:47,74500805,46681,25846126,114591,16264,39,43,19015174,12695,0,0,53972
2026-04-24 19:13:49,74547540,46735,25862375,114648,16306,41,43,19026950,11776,0,0,58990
2026-04-24 19:13:50,74591334,43794,25877611,114720,15308,41,43,19039037,12087,0,0,60589
2026-04-24 19:13:51,74637089,45755,25893477,114804,15950,40,43,19063104,24067,0,0,66844
2026-04-24 19:13:52,74683083,45994,25909453,114875,16047,41,43,19075759,12655,0,0,73375
2026-04-24 19:13:53,74729543,46460,25925571,114956,16199,36,43,19087621,11862,0,0,62584
2026-04-24 19:13:54,74776954,47411,25941977,115039,16489,37,43,19098878,11257,0,0,26894
2026-04-24 19:13:56,74823595,46641,25958180,115116,16280,40,43,19110350,11472,0,0,40062
2026-04-24 19:13:57,74869052,45457,25973979,115171,15854,41,43,19122346,11996,0,0,49529
2026-04-24 19:13:58,74915729,46677,25990172,115237,16259,34,43,19145549,23203,0,0,58980
2026-04-24 19:13:59,74961840,46111,26006172,115325,16088,40,43,19156861,11312,0,0,63699
2026-04-24 19:14:00,75009037,47197,26022600,115383,16486,39,43,19168698,11837,0,0,71811
2026-04-24 19:14:01,75056405,47368,26039032,115449,16498,41,43,19179956,11258,0,0,68743
2026-04-24 19:14:03,75103361,46956,26055340,115524,16383,36,43,19191271,11315,0,0,73666
2026-04-24 19:14:04,75149036,45675,26071172,115592,15900,35,43,19203218,11947,0,0,75949
2026-04-24 19:14:05,75194390,45354,26086916,115651,15803,40,43,19225019,21801,0,0,38584
2026-04-24 19:14:06,75241528,47138,26103234,115734,16401,41,43,19235637,10618,0,0,44694
2026-04-24 19:14:07,75288447,46919,26119530,115801,16363,41,43,19246186,10549,0,0,48871
2026-04-24 19:14:08,75335476,47029,26135851,115865,16385,37,43,19257703,11517,0,0,54718
2026-04-24 19:14:10,75382225,46749,26152106,115926,16316,39,43,19268461,10758,0,0,64366
2026-04-24 19:14:11,75428129,45904,26167991,115993,15952,41,43,19279962,11501,0,0,67820
2026-04-24 19:14:12,75476411,48282,26184704,116069,16789,36,43,19300922,20960,0,0,72762
2026-04-24 19:14:13,75523816,47405,26201130,116149,16506,37,43,19311933,11011,0,0,78604
2026-04-24 19:14:14,75571406,47590,26217611,116232,16564,40,43,19322396,10463,0,0,77962
2026-04-24 19:14:15,75618580,47174,26233979,116302,16438,40,43,19333231,10835,0,0,70532
2026-04-24 19:14:17,75665317,46737,26250197,116385,16301,41,43,19343495,10264,0,0,65959
2026-04-24 19:14:18,75711218,45901,26266129,116463,16010,41,43,19354249,10754,0,0,66439
2026-04-24 19:14:19,75758651,47433,26282571,116535,16514,41,43,19375048,20799,0,0,67351
2026-04-24 19:14:20,75805862,47211,26298956,116606,16456,38,43,19385350,10302,0,0,64860
2026-04-24 19:14:21,75853488,47626,26315475,116695,16608,38,43,19395849,10499,0,0,64308
2026-04-24 19:14:22,75901807,48319,26332205,116777,16812,39,43,19406154,10305,0,0,63715
2026-04-24 19:14:24,75948781,46974,26348499,116854,16371,40,43,19415777,9623,0,0,67386
2026-04-24 19:14:25,75996970,48189,26365151,116927,16725,39,43,19435252,19475,0,0,72707
2026-04-24 19:14:26,76044679,47709,26381670,117010,16602,41,43,19444761,9509,0,0,73185
2026-04-24 19:14:27,76092069,47390,26398118,117079,16517,37,43,19454176,9415,0,0,73268
2026-04-24 19:14:28,76140172,48103,26414804,117155,16762,38,43,19463673,9497,0,0,65967
2026-04-24 19:14:30,76187799,47627,26431304,117238,16583,37,43,19474091,10418,0,0,67289
2026-04-24 19:14:31,76235081,47282,26447699,117314,16471,41,43,19483749,9658,0,0,71181
2026-04-24 19:14:32,76282303,47222,26464069,117378,16434,41,43,19503652,19903,0,0,71886
2026-04-24 19:14:33,76329936,47633,26480576,117469,16598,41,43,19513664,10012,0,0,72051
2026-04-24 19:14:34,76378664,48728,26497495,117529,16979,39,43,19522523,8859,0,0,77338
2026-04-24 19:14:35,76426800,48136,26514180,117595,16751,39,43,19532140,9617,0,0,46218
2026-04-24 19:14:37,76475271,48471,26530978,117677,16880,38,43,19541737,9597,0,0,43142
2026-04-24 19:14:38,76521322,46051,26546940,117754,16039,39,43,19560580,18843,0,0,42127
2026-04-24 19:14:39,76568780,47458,26563403,117822,16531,38,43,19569896,9316,0,0,48907
2026-04-24 19:14:40,76616635,47855,26580023,117892,16690,41,43,19579816,9920,0,0,58696
2026-04-24 19:14:41,76664248,47613,26596513,117982,16580,35,43,19588957,9141,0,0,63988
2026-04-24 19:14:42,76712643,48395,26613284,118045,16834,39,43,19598482,9525,0,0,63268
2026-04-24 19:14:44,76759999,47356,26629738,118119,16528,39,43,19607852,9370,0,0,67647
2026-04-24 19:14:45,76807157,47158,26646064,118197,16404,40,43,19626690,18838,0,0,69971
2026-04-24 19:14:46,76855910,48753,26662988,118276,17003,38,43,19636259,9569,0,0,67581
2026-04-24 19:14:47,76904022,48112,26679664,118351,16751,41,43,19645684,9425,0,0,59845
2026-04-24 19:14:48,76950500,46478,26695827,118413,16225,39,43,19655024,9340,0,0,56863
2026-04-24 19:14:49,76997976,47476,26712285,118496,16541,40,43,19664395,9371,0,0,58764
2026-04-24 19:14:51,77045216,47240,26728660,118577,16456,40,43,19673836,9441,0,0,63328
2026-04-24 19:14:52,77091736,46520,26744771,118648,16182,38,43,19691689,17853,0,0,71283
2026-04-24 19:14:53,77141007,49271,26761864,118718,17163,41,43,19700707,9018,0,0,76404
2026-04-24 19:14:54,77187999,46992,26778135,118789,16342,38,43,19709639,8932,0,0,78808
2026-04-24 19:14:55,77235391,47392,26794569,118850,16495,40,43,19718349,8710,0,0,77705
2026-04-24 19:14:56,77283149,47758,26811133,118915,16629,38,43,19727340,8991,0,0,74808
2026-04-24 19:14:58,77331994,48845,26828085,118987,17024,37,43,19736495,9155,0,0,77793
2026-04-24 19:14:59,77379672,47678,26844573,119052,16553,41,43,19754314,17819,0,0,77606
2026-04-24 19:15:00,77428758,49086,26861654,119112,17141,40,43,19763605,9291,0,0,81600
2026-04-24 19:15:01,77478039,49281,26878737,119188,17159,37,43,19773328,9723,0,0,82094
2026-04-24 19:15:02,77526979,48940,26895719,119264,17058,39,43,19782565,9237,0,0,76981
2026-04-24 19:15:03,77576668,49689,26912957,119333,17307,40,43,19792156,9591,0,0,69506
2026-04-24 19:15:05,77624672,48004,26929631,119403,16744,41,43,19801708,9552,0,0,73402
2026-04-24 19:15:06,77672335,47663,26946145,119493,16604,38,43,19819725,18017,0,0,74463
2026-04-24 19:15:07,77721187,48852,26963099,119565,17026,41,43,19829135,9410,0,0,76260
2026-04-24 19:15:08,77769312,48125,26979767,119657,16760,38,43,19837620,8485,0,0,76762
2026-04-24 19:15:09,77818447,49135,26996780,119735,17091,39,43,19846082,8462,0,0,73441
2026-04-24 19:15:10,77864885,46438,27012868,119823,16176,39,43,19855189,9107,0,0,67209
2026-04-24 19:15:12,77911284,46399,27029015,119895,16219,40,43,19863624,8435,0,0,71712
2026-04-24 19:15:13,77957207,45923,27044909,119966,15965,40,43,19881450,17826,0,0,76368
2026-04-24 19:15:14,78006568,49361,27062025,120054,17204,40,43,19890997,9547,0,0,81038
2026-04-24 19:15:15,78055518,48950,27078975,120126,17022,39,43,19899940,8943,0,0,82105
2026-04-24 19:15:16,78102925,47407,27095438,120206,16543,38,43,19909025,9085,0,0,74081
2026-04-24 19:15:18,78150114,47189,27111843,120280,16479,35,43,19918242,9217,0,0,75916
2026-04-24 19:15:19,78196107,45993,27127806,120357,16040,41,43,19927441,9199,0,0,77041
2026-04-24 19:15:20,78242864,46757,27144013,120427,16277,40,43,19945371,17930,0,0,75332
2026-04-24 19:15:21,78292600,49736,27161276,120508,17344,38,43,19954970,9599,0,0,74896
2026-04-24 19:15:22,78340875,48275,27177996,120601,16813,39,43,19964357,9387,0,0,78900
2026-04-24 19:15:23,78389682,48807,27194965,120666,17034,40,43,19973309,8952,0,0,71114
2026-04-24 19:15:25,78439471,49789,27212235,120739,17343,37,43,19983504,10195,0,0,74587
2026-04-24 19:15:26,78484724,45253,27227948,120801,15775,41,43,19992498,8994,0,0,77493
2026-04-24 19:15:27,78532606,47882,27244549,120873,16673,33,43,20011934,19436,0,0,77438
2026-04-24 19:15:28,78581194,48588,27261346,120962,16886,37,43,20020974,9040,0,0,71560
2026-04-24 19:15:29,78630673,49479,27278481,121038,17211,40,43,20029977,9003,0,0,72070
2026-04-24 19:15:30,78679903,49230,27295522,121122,17125,37,43,20038756,8779,0,0,61742
2026-04-24 19:15:32,78728709,48806,27312494,121183,17033,40,43,20048417,9661,0,0,66652
2026-04-24 19:15:33,78774589,45880,27328421,121252,15996,41,43,20058246,9829,0,0,70343
2026-04-24 19:15:34,78819774,45185,27344090,121329,15746,38,43,20077262,19016,0,0,72422
2026-04-24 19:15:35,78866239,46465,27360227,121403,16211,36,43,20086710,9448,0,0,77574
2026-04-24 19:15:36,78914130,47891,27376841,121470,16681,40,43,20095913,9203,0,0,79594
2026-04-24 19:15:37,78961564,47434,27393315,121535,16539,39,43,20105766,9853,0,0,74419
2026-04-24 19:15:39,79008795,47231,27409724,121603,16477,39,43,20115251,9485,0,0,77629
2026-04-24 19:15:40,79053144,44349,27425123,121674,15470,38,43,20125005,9754,0,0,81241
2026-04-24 19:15:41,79098237,45093,27440757,121742,15702,38,43,20144967,19962,0,0,81333
2026-04-24 19:15:42,79143817,45580,27456591,121814,15906,40,43,20154486,9519,0,0,80763
2026-04-24 19:15:43,79190699,46882,27472855,121879,16329,40,43,20164277,9791,0,0,78690
2026-04-24 19:15:44,79238304,47605,27489326,121956,16548,40,43,20173353,9076,0,0,64702
2026-04-24 19:15:46,79285419,47115,27505707,122030,16455,31,43,20182892,9539,0,0,65055
2026-04-24 19:15:47,79330782,45363,27521470,122093,15826,40,43,20193349,10457,0,0,63728
2026-04-24 19:15:48,79376748,45966,27537423,122159,16019,37,43,20213570,20221,0,0,69660
2026-04-24 19:15:49,79423030,46282,27553490,122227,16135,40,43,20223396,9826,0,0,69225
2026-04-24 19:15:50,79468923,45893,27569393,122294,15970,40,43,20232884,9488,0,0,66659
2026-04-24 19:15:51,79515439,46516,27585545,122369,16227,34,43,20242416,9532,0,0,58833
2026-04-24 19:15:53,79562341,46902,27601834,122433,16353,41,43,20252849,10433,0,0,61054
2026-04-24 19:15:54,79607996,45655,27617670,122497,15900,39,43,20273498,20649,0,0,67372
2026-04-24 19:15:55,79654298,46302,27633730,122570,16133,39,43,20283753,10255,0,0,68823
2026-04-24 19:15:56,79699958,45660,27649582,122634,15916,38,43,20294602,10849,0,0,70835
2026-04-24 19:15:57,79747513,47555,27666089,122712,16585,38,43,20304969,10367,0,0,56870
2026-04-24 19:15:59,79796457,48944,27683049,122784,17032,34,43,20316098,11129,0,0,53103
2026-04-24 19:16:00,79843676,47219,27699424,122867,16458,41,43,20326944,10846,0,0,56707
2026-04-24 19:16:01,79891066,47390,27715910,122936,16555,39,43,20349268,22324,0,0,62723
2026-04-24 19:16:02,79938264,47198,27732278,123003,16435,39,43,20359938,10670,0,0,67583
2026-04-24 19:16:03,79987026,48762,27749146,123092,16957,36,43,20370353,10415,0,0,72458
2026-04-24 19:16:04,80034007,46981,27765477,123163,16402,38,43,20381360,11007,0,0,65387
2026-04-24 19:16:06,80082607,48600,27782335,123223,16918,41,43,20393015,11655,0,0,64055
2026-04-24 19:16:07,80131057,48450,27799131,123302,16875,41,43,20403978,10963,0,0,67692
2026-04-24 19:16:08,80178008,46951,27815382,123388,16337,40,43,20426969,22991,0,0,72576
2026-04-24 19:16:09,80225653,47645,27831920,123454,16604,40,43,20438187,11218,0,0,75780
2026-04-24 19:16:10,80272062,46409,27848019,123523,16168,40,43,20450110,11923,0,0,78293
2026-04-24 19:16:11,80320895,48833,27864960,123594,17012,40,43,20461733,11623,0,0,71770
2026-04-24 19:16:13,80369272,48377,27881743,123663,16852,38,43,20473565,11832,0,0,70148
2026-04-24 19:16:14,80416727,47455,27898209,123742,16545,41,43,20485296,11731,0,0,74012
2026-04-24 19:16:15,80462451,45724,27914061,123816,15926,41,43,20510623,25327,0,0,77112
2026-04-24 19:16:16,80510491,48040,27930723,123890,16736,40,43,20522870,12247,0,0,80064
2026-04-24 19:16:17,80558411,47920,27947339,123958,16684,38,43,20535783,12913,0,0,85273
2026-04-24 19:16:18,80604859,46448,27963492,124024,16219,39,43,20548272,12489,0,0,74838
2026-04-24 19:16:20,80652601,47742,27980067,124099,16650,41,43,20560910,12638,0,0,75443
2026-04-24 19:16:21,80699822,47221,27996479,124172,16485,41,43,20573564,12654,0,0,78191
2026-04-24 19:16:22,80745049,45227,28012179,124236,15764,31,43,20598098,24534,0,0,77405
2026-04-24 19:16:23,80789673,44624,28027651,124303,15539,39,43,20610172,12074,0,0,79360
2026-04-24 19:16:24,80836841,47168,28044043,124358,16447,39,43,20621051,10879,0,0,78812
2026-04-24 19:16:25,80882682,45841,28059948,124436,15983,34,43,20633805,12754,0,0,70248
2026-04-24 19:16:27,80928467,45785,28075827,124502,15945,41,43,20646481,12676,0,0,68336
2026-04-24 19:16:28,80974102,45635,28091668,124572,15911,41,43,20658234,11753,0,0,63884
2026-04-24 19:16:29,81017995,43893,28106894,124646,15300,41,43,20670975,12741,0,0,67374
2026-04-24 19:16:30,81063959,45964,28122788,124721,15969,39,43,20695309,24334,0,0,68157
2026-04-24 19:16:31,81110760,46801,28138992,124795,16278,38,43,20707225,11916,0,0,68939
2026-04-24 19:16:32,81157417,46657,28155158,124875,16246,38,43,20720131,12906,0,0,46823
2026-04-24 19:16:34,81203102,45685,28171025,124940,15932,38,43,20732918,12787,0,0,53803
2026-04-24 19:16:35,81246778,43676,28186170,125015,15220,38,43,20745857,12939,0,0,59895
2026-04-24 19:16:36,81289151,42373,28200912,125082,14809,41,43,20758660,12803,0,0,60271
2026-04-24 19:16:37,81332393,43242,28215840,125160,15006,39,43,20783151,24491,0,0,33424
2026-04-24 19:16:38,81375842,43449,28230907,125233,15140,41,43,20794899,11748,0,0,46651
2026-04-24 19:16:39,81417999,42157,28245542,125298,14700,31,43,20806997,12098,0,0,51754
2026-04-24 19:16:41,81461631,43632,28260653,125355,15168,37,43,20818589,11592,0,0,52674
2026-04-24 19:16:42,81504133,42502,28275378,125425,14795,41,43,20830105,11516,0,0,55195
2026-04-24 19:16:43,81546283,42150,28290027,125487,14711,41,43,20841413,11308,0,0,59414
2026-04-24 19:16:44,81588997,42714,28304817,125552,14855,38,43,20867035,25622,0,0,61445
2026-04-24 19:16:45,81633996,44999,28320428,125610,15669,41,43,20879891,12856,0,0,63736
2026-04-24 19:16:46,81681765,47769,28336978,125664,16604,39,43,20892300,12409,0,0,57981
2026-04-24 19:16:48,81727774,46009,28352940,125726,16024,41,43,20904714,12414,0,0,60556
2026-04-24 19:16:49,81773321,45547,28368713,125795,15842,38,43,20917765,13051,0,0,66053
2026-04-24 19:16:50,81818243,44922,28384311,125860,15663,40,43,20944492,26727,0,0,70411
2026-04-24 19:16:51,81864088,45845,28400226,125927,15982,35,43,20958024,13532,0,0,73690
2026-04-24 19:16:52,81909638,45550,28416041,125992,15880,40,43,20972249,14225,0,0,76612
2026-04-24 19:16:53,81956248,46610,28432181,126060,16208,40,43,20984991,12742,0,0,67879
2026-04-24 19:16:55,82001850,45602,28448014,126125,15898,38,43,20998655,13664,0,0,52865
2026-04-24 19:16:56,82047028,45178,28463653,126200,15714,38,43,21012393,13738,0,0,55698
2026-04-24 19:16:57,82092100,45072,28479294,126273,15714,37,43,21039575,27182,0,0,58419
2026-04-24 19:16:58,82137384,45284,28495006,126334,15773,40,43,21053474,13899,0,0,55968
2026-04-24 19:16:59,82183870,46486,28511124,126422,16206,40,43,21065632,12158,0,0,60227
2026-04-24 19:17:00,82230686,46816,28527364,126499,16317,36,43,21079825,14193,0,0,58300
2026-04-24 19:17:02,82276155,45469,28543134,126558,15829,38,43,21093647,13822,0,0,60887
2026-04-24 19:17:03,82320733,44578,28558632,126630,15570,39,43,21107600,13953,0,0,65640
2026-04-24 19:17:04,82365723,44990,28574238,126698,15674,39,43,21136185,28585,0,0,65334
2026-04-24 19:17:05,82412940,47217,28590643,126767,16474,36,43,21149263,13078,0,0,70193
2026-04-24 19:17:06,82459129,46189,28606663,126839,16092,36,43,21163574,14311,0,0,70787
2026-04-24 19:17:07,82505844,46715,28622832,126915,16245,39,43,21177318,13744,0,0,62031
2026-04-24 19:17:09,82552265,46421,28638955,126983,16191,38,43,21191666,14348,0,0,63957
2026-04-24 19:17:10,82598049,45784,28654827,127068,15957,41,43,21206228,14562,0,0,66836
2026-04-24 19:17:11,82642327,44278,28670189,127125,15419,41,43,21234614,28386,0,0,51267
2026-04-24 19:17:12,82688167,45840,28686150,127176,16012,36,43,21248864,14250,0,0,64634
2026-04-24 19:17:13,82734656,46489,28702277,127247,16198,39,43,21263248,14384,0,0,67335
2026-04-24 19:17:14,82782223,47567,28718800,127322,16598,40,43,21276677,13429,0,0,56879
2026-04-24 19:17:16,82828731,46508,28734954,127388,16220,38,43,21291286,14609,0,0,55444
2026-04-24 19:17:17,82874171,45440,28750732,127453,15843,41,43,21305927,14641,0,0,58226
2026-04-24 19:17:18,82920148,45977,28766659,127515,15989,37,43,21334907,28980,0,0,63888
2026-04-24 19:17:19,82967104,46956,28782940,127589,16355,41,43,21348861,13954,0,0,64292
2026-04-24 19:17:20,83014056,46952,28799215,127657,16343,38,43,21362354,13493,0,0,67053
2026-04-24 19:17:21,83063174,49118,28816232,127745,17105,35,43,21377203,14849,0,0,61178
2026-04-24 19:17:23,83109965,46791,28832495,127810,16328,34,43,21391923,14720,0,0,63342
2026-04-24 19:17:24,83154968,45003,28848112,127867,15674,41,43,21406698,14775,0,0,65933
2026-04-24 19:17:25,83201474,46506,28864247,127946,16214,37,43,21435018,28320,0,0,68699
2026-04-24 19:17:26,83247497,46023,28880196,128033,16036,40,43,21450084,15066,0,0,72319
2026-04-24 19:17:27,83293985,46488,28896338,128111,16220,37,43,21464248,14164,0,0,71671
2026-04-24 19:17:28,83339866,45881,28912262,128180,15993,38,43,21479249,15001,0,0,61341
2026-04-24 19:17:30,83386827,46961,28928566,128245,16369,41,43,21492916,13667,0,0,64375
2026-04-24 19:17:31,83432444,45617,28944397,128305,15891,40,43,21506580,13664,0,0,68561
2026-04-24 19:17:32,83478077,45633,28960191,128379,15868,36,43,21535786,29206,0,0,70976
2026-04-24 19:17:33,83524204,46127,28976209,128448,16087,41,43,21551122,15336,0,0,74746
2026-04-24 19:17:34,83570464,46260,28992270,128507,16120,37,43,21565532,14410,0,0,71663
2026-04-24 19:17:35,83615707,45243,29007966,128569,15758,40,43,21580091,14559,0,0,66090
2026-04-24 19:17:37,83660391,44684,29023492,128636,15593,41,43,21593889,13798,0,0,68108
2026-04-24 19:17:38,83705214,44823,29039028,128716,15616,40,43,21607832,13943,0,0,72300
2026-04-24 19:17:39,83749562,44348,29054428,128770,15454,38,43,21636629,28797,0,0,75774
2026-04-24 19:17:40,83796121,46559,29070593,128845,16240,37,43,21651270,14641,0,0,79430
2026-04-24 19:17:41,83839853,43732,29085740,128924,15226,39,43,21665294,14024,0,0,78862
2026-04-24 19:17:42,83884184,44331,29101114,128986,15436,36,43,21678941,13647,0,0,76926
2026-04-24 19:17:44,83929035,44851,29116691,129047,15638,41,43,21692548,13607,0,0,78330
2026-04-24 19:17:45,83973388,44353,29132091,129106,15459,41,43,21706759,14211,0,0,81217
2026-04-24 19:17:46,84016919,43531,29147173,129176,15152,41,43,21733486,26727,0,0,82349
2026-04-24 19:17:47,84061195,44276,29162524,129251,15426,41,43,21747215,13729,0,0,83753
2026-04-24 19:17:48,84105944,44749,29178079,129318,15622,33,43,21760424,13209,0,0,84455
2026-04-24 19:17:50,84152020,46076,29194083,129396,16082,40,43,21774777,14353,0,0,77530
2026-04-24 19:17:51,84197390,45370,29209832,129459,15812,41,43,21787919,13142,0,0,79941
2026-04-24 19:17:52,84242973,45583,29225637,129514,15860,41,43,21801982,14063,0,0,80745
2026-04-24 19:17:53,84287441,44468,29241043,129579,15471,38,43,21830463,28481,0,0,79739
2026-04-24 19:17:54,84333074,45633,29256871,129640,15889,41,43,21844614,14151,0,0,78260
2026-04-24 19:17:55,84380347,47273,29273278,129711,16478,39,43,21858616,14002,0,0,75101
2026-04-24 19:17:57,84425624,45277,29288987,129789,15787,38,43,21872812,14196,0,0,74649
2026-04-24 19:17:58,84471537,45913,29304892,129863,15979,39,43,21886580,13768,0,0,73518
2026-04-24 19:17:59,84515060,43523,29319986,129932,15163,41,43,21899998,13418,0,0,77958
2026-04-24 19:18:00,84558537,43477,29335064,129989,15135,40,43,21927263,27265,0,0,79120
2026-04-24 19:18:01,84603140,44603,29350530,130058,15535,38,43,21940557,13294,0,0,81885
2026-04-24 19:18:02,84649248,46108,29366547,130128,16087,37,43,21953402,12845,0,0,63180
2026-04-24 19:18:03,84694579,45331,29382291,130191,15807,40,43,21968022,14620,0,0,56997
2026-04-24 19:18:05,84740446,45867,29398179,130264,15961,34,43,21981131,13109,0,0,60383
2026-04-24 19:18:06,84785800,45354,29413900,130332,15789,41,43,21993865,12734,0,0,68015
2026-04-24 19:18:07,84832262,46462,29430056,130391,16215,37,43,22021687,27822,0,0,78359
2026-04-24 19:18:08,84878751,46489,29446128,130468,16149,39,43,22034890,13203,0,0,82221
2026-04-24 19:18:09,84924419,45668,29462000,130530,15934,41,43,22048273,13383,0,0,81804
2026-04-24 19:18:10,84969683,45264,29477707,130597,15774,40,43,22062235,13962,0,0,72628
2026-04-24 19:18:12,85015658,45975,29493662,130664,16022,41,43,22075780,13545,0,0,73226
2026-04-24 19:18:13,85058627,42969,29508575,130736,14985,41,43,22088572,12792,0,0,75330
2026-04-24 19:18:14,85101628,43001,29523490,130807,14986,40,43,22115527,26955,0,0,75257
2026-04-24 19:18:15,85147405,45777,29539371,130880,15954,38,43,22128710,13183,0,0,73578
2026-04-24 19:18:16,85193607,46202,29555411,130942,16102,40,43,22141591,12881,0,0,72123
2026-04-24 19:18:17,85239357,45750,29571269,131019,15935,40,43,22155223,13632,0,0,63629
2026-04-24 19:18:19,85283837,44480,29586678,131086,15476,40,43,22168213,12990,0,0,66267
2026-04-24 19:18:20,85325291,41454,29601055,131155,14446,39,43,22181207,12994,0,0,71106
2026-04-24 19:18:21,85366745,41454,29615444,131216,14450,41,43,22205674,24467,0,0,74820
2026-04-24 19:18:22,85411592,44847,29631004,131274,15618,35,43,22217511,11837,0,0,79924
2026-04-24 19:18:23,85455537,43945,29646207,131346,15275,38,43,22228949,11438,0,0,79738
2026-04-24 19:18:25,85499988,44451,29661637,131412,15496,40,43,22240973,12024,0,0,71688
2026-04-24 19:18:26,85541344,41356,29675997,131474,14422,40,43,22253585,12612,0,0,73474
2026-04-24 19:18:27,85580771,39427,29689667,131540,13736,41,43,22265655,12070,0,0,61095
2026-04-24 19:18:28,85620473,39702,29703429,131613,13835,40,43,22290060,24405,0,0,62877
2026-04-24 19:18:29,85664049,43576,29718563,131678,15199,41,43,22301957,11897,0,0,63842
2026-04-24 19:18:30,85709056,45007,29734175,131738,15672,39,43,22313836,11879,0,0,60105
2026-04-24 19:18:32,85754142,45086,29749830,131807,15724,37,43,22326233,12397,0,0,40461
2026-04-24 19:18:33,85797964,43822,29765024,131870,15257,41,43,22338886,12653,0,0,51862
2026-04-24 19:18:34,85839880,41916,29779582,131942,14630,41,43,22350638,11752,0,0,60355
2026-04-24 19:18:35,85883281,43401,29794626,131997,15099,39,43,22374785,24147,0,0,66870
2026-04-24 19:18:36,85928507,45226,29810327,132066,15770,36,43,22386892,12107,0,0,73370
2026-04-24 19:18:37,85973367,44860,29825858,132150,15615,38,43,22399051,12159,0,0,70033
2026-04-24 19:18:39,86018587,45220,29841559,132204,15755,40,43,22410729,11678,0,0,65110
2026-04-24 19:18:40,86062820,44233,29856912,132259,15408,41,43,22423428,12699,0,0,67847
2026-04-24 19:18:41,86106271,43451,29871981,132323,15133,40,43,22435007,11579,0,0,69259
2026-04-24 19:18:42,86151241,44970,29887540,132409,15645,40,43,22457848,22841,0,0,70246
2026-04-24 19:18:43,86195340,44099,29902816,132476,15343,41,43,22469694,11846,0,0,68582
2026-04-24 19:18:44,86240322,44982,29918413,132554,15675,38,43,22480835,11141,0,0,62242
2026-04-24 19:18:46,86284947,44625,29933884,132629,15546,41,43,22492577,11742,0,0,55934
2026-04-24 19:18:47,86332331,47384,29950330,132704,16521,41,43,22504160,11583,0,0,57886
2026-04-24 19:18:48,86378410,46079,29966329,132771,16066,40,43,22529164,25004,0,0,61563
2026-04-24 19:18:49,86426138,47728,29982899,132855,16654,41,43,22541880,12716,0,0,65969
2026-04-24 19:18:50,86474783,48645,29999777,132931,16954,40,43,22554640,12760,0,0,69559
2026-04-24 19:18:51,86523065,48282,30016548,132999,16839,39,43,22567312,12672,0,0,59496
2026-04-24 19:18:53,86571413,48348,30033276,133078,16807,40,43,22579895,12583,0,0,59972
2026-04-24 19:18:54,86619135,47722,30049880,133148,16674,40,43,22591712,11817,0,0,63138
2026-04-24 19:18:55,86667042,47907,30066464,133225,16661,38,43,22615860,24148,0,0,64376
2026-04-24 19:18:56,86715206,48164,30083174,133303,16788,38,43,22628289,12429,0,0,66755
2026-04-24 19:18:57,86764033,48827,30100099,133376,16998,37,43,22640136,11847,0,0,73200
2026-04-24 19:18:58,86814311,50278,30117523,133464,17512,40,43,22651916,11780,0,0,72404
2026-04-24 19:19:00,86863067,48756,30134448,133544,17005,40,43,22664184,12268,0,0,77249
2026-04-24 19:19:01,86910305,47238,30150886,133614,16508,40,43,22676005,11821,0,0,78222
2026-04-24 19:19:02,86958195,47890,30167515,133684,16699,41,43,22700755,24750,0,0,78329
2026-04-24 19:19:03,87007824,49629,30184742,133751,17294,40,43,22712580,11825,0,0,82010
2026-04-24 19:19:04,87057385,49561,30201910,133831,17248,41,43,22724082,11502,0,0,82871
2026-04-24 19:19:05,87105932,48547,30218758,133899,16916,39,43,22735388,11306,0,0,70527
2026-04-24 19:19:07,87154062,48130,30235466,133967,16776,40,43,22746778,11390,0,0,66973
2026-04-24 19:19:08,87201370,47308,30251876,134044,16487,40,43,22758330,11552,0,0,66774
2026-04-24 19:19:09,87247965,46595,30268066,134119,16265,39,43,22781462,23132,0,0,68938
2026-04-24 19:19:10,87296228,48263,30284798,134205,16818,37,43,22792360,10898,0,0,75866
2026-04-24 19:19:11,87344167,47939,30301433,134288,16718,38,43,22803533,11173,0,0,77573
2026-04-24 19:19:12,87392062,47895,30318082,134374,16735,41,43,22814767,11234,0,0,73492
2026-04-24 19:19:14,87440909,48847,30335057,134448,17049,41,43,22826577,11810,0,0,75258
2026-04-24 19:19:15,87487591,46682,30351280,134515,16290,36,43,22837977,11400,0,0,73811
2026-04-24 19:19:16,87535605,48014,30367954,134581,16740,41,43,22861230,23253,0,0,77122
2026-04-24 19:19:17,87583503,47898,30384555,134658,16678,40,43,22871998,10768,0,0,79229
2026-04-24 19:19:18,87630648,47145,30400935,134727,16449,39,43,22883403,11405,0,0,78897
2026-04-24 19:19:19,87677921,47273,30417323,134804,16465,40,43,22894266,10863,0,0,66616
2026-04-24 19:19:21,87725359,47438,30433788,134866,16527,39,43,22904962,10696,0,0,67899
2026-04-24 19:19:22,87772158,46799,30450047,134942,16335,36,43,22915747,10785,0,0,71011
2026-04-24 19:19:23,87818471,46313,30466109,135011,16131,40,43,22938342,22595,0,0,73879
2026-04-24 19:19:24,87867576,49105,30483145,135083,17108,38,43,22948320,9978,0,0,75924
2026-04-24 19:19:25,87915138,47562,30499665,135146,16583,38,43,22959152,10832,0,0,74503
2026-04-24 19:19:26,87962409,47271,30516069,135208,16466,39,43,22970066,10914,0,0,68158
2026-04-24 19:19:28,88010672,48263,30532791,135307,16821,39,43,22980228,10162,0,0,69205
2026-04-24 19:19:29,88057875,47203,30549180,135387,16469,40,43,22990613,10385,0,0,72104
2026-04-24 19:19:30,88105178,47303,30565539,135466,16438,34,43,23011371,20758,0,0,76671
2026-04-24 19:19:31,88153076,47898,30582174,135543,16712,39,43,23022034,10663,0,0,76258
2026-04-24 19:19:32,88200374,47298,30598603,135600,16486,40,43,23032432,10398,0,0,79284
2026-04-24 19:19:33,88248492,48118,30615305,135673,16775,37,43,23043007,10575,0,0,73116
2026-04-24 19:19:35,88298912,50420,30632804,135751,17577,41,43,23053121,10114,0,0,71628
2026-04-24 19:19:36,88347590,48678,30649669,135831,16945,37,43,23073552,20431,0,0,75700
2026-04-24 19:19:37,88397181,49591,30666871,135899,17270,38,43,23083613,10061,0,0,78699
2026-04-24 19:19:38,88445681,48500,30683678,135961,16869,41,43,23093321,9708,0,0,78190
2026-04-24 19:19:39,88496041,50360,30701175,136038,17574,38,43,23104170,10849,0,0,84860
2026-04-24 19:19:40,88547335,51294,30718962,136121,17870,37,43,23115147,10977,0,0,75124
2026-04-24 19:19:42,88598143,50808,30736585,136193,17695,38,43,23125805,10658,0,0,74011
2026-04-24 19:19:43,88648260,50117,30753954,136289,17465,37,43,23136461,10656,0,0,75428
2026-04-24 19:19:44,88699340,51080,30771695,136354,17806,38,43,23157459,20998,0,0,73363
2026-04-24 19:19:45,88750950,51610,30789612,136425,17988,40,43,23168208,10749,0,0,75404
2026-04-24 19:19:46,88802813,51863,30807624,136488,18075,41,43,23178900,10692,0,0,77757
2026-04-24 19:19:47,88854064,51251,30825392,136571,17851,38,43,23188662,9762,0,0,68754
2026-04-24 19:19:49,88904599,50535,30842927,136645,17609,35,43,23199881,11219,0,0,72572
2026-04-24 19:19:50,88955191,50592,30860462,136715,17605,35,43,23220020,20139,0,0,75895
2026-04-24 19:19:51,89005317,50126,30877876,136800,17499,40,43,23231189,11169,0,0,82943
2026-04-24 19:19:52,89054351,49034,30894895,136873,17092,40,43,23241970,10781,0,0,73822
2026-04-24 19:19:53,89105168,50817,30912535,136942,17709,39,43,23252489,10519,0,0,77570
2026-04-24 19:19:54,89155545,50377,30929995,137023,17541,38,43,23263024,10535,0,0,63831
2026-04-24 19:19:56,89204556,49011,30947012,137100,17094,41,43,23272826,9802,0,0,70023
2026-04-24 19:19:57,89251631,47075,30963365,137171,16424,41,43,23282880,10054,0,0,70595
2026-04-24 19:19:58,89299863,48232,30980101,137240,16805,38,43,23302723,19843,0,0,75485
2026-04-24 19:19:59,89348601,48738,30997019,137317,16995,33,43,23313510,10787,0,0,77649
2026-04-24 19:20:00,89398051,49450,31014215,137366,17245,39,43,23323163,9653,0,0,86566
2026-04-24 19:20:01,89448001,49950,31031512,137433,17364,38,43,23333050,9887,0,0,71312
2026-04-24 19:20:03,89496953,48952,31048507,137517,17079,38,43,23342887,9837,0,0,71719
2026-04-24 19:20:04,89543801,46848,31064729,137594,16299,40,43,23352939,10052,0,0,71829
2026-04-24 19:20:05,89592482,48681,31081634,137671,16982,41,43,23373028,20089,0,0,71081
2026-04-24 19:20:06,89638507,46025,31097586,137743,16024,37,43,23383255,10227,0,0,74703
2026-04-24 19:20:07,89688596,50089,31114971,137825,17467,37,43,23392854,9599,0,0,77220
2026-04-24 19:20:09,89737759,49163,31131988,137909,17101,37,43,23402793,9939,0,0,72439
2026-04-24 19:20:10,89786224,48465,31148776,137987,16866,41,43,23411951,9158,0,0,74062
2026-04-24 19:20:11,89833895,47671,31165303,138056,16596,36,43,23422581,10630,0,0,73733
2026-04-24 19:20:12,89882035,48140,31182004,138132,16777,39,43,23443278,20697,0,0,78095
2026-04-24 19:20:13,89929782,47747,31198611,138207,16682,39,43,23454301,11023,0,0,79577
2026-04-24 19:20:14,89979431,49649,31215836,138307,17325,41,43,23464398,10097,0,0,80134
2026-04-24 19:20:16,90029982,50551,31233336,138400,17593,39,43,23474692,10294,0,0,75065
2026-04-24 19:20:17,90078672,48690,31250256,138469,16989,40,43,23485101,10409,0,0,76741
2026-04-24 19:20:18,90125451,46779,31266476,138546,16297,40,43,23505590,20489,0,0,79046
2026-04-24 19:20:19,90175458,50007,31283812,138624,17414,39,43,23515383,9793,0,0,78560
2026-04-24 19:20:20,90222930,47472,31300284,138693,16541,41,43,23526011,10628,0,0,75654
2026-04-24 19:20:21,90271556,48626,31317202,138751,16976,39,43,23536073,10062,0,0,57707
2026-04-24 19:20:23,90320463,48907,31334159,138837,17043,40,43,23545997,9924,0,0,71002
2026-04-24 19:20:24,90368947,48484,31350963,138920,16887,36,43,23556037,10040,0,0,70771
2026-04-24 19:20:25,90417201,48254,31367718,139002,16837,39,43,23577345,21308,0,0,72957
2026-04-24 19:20:26,90466761,49560,31384936,139064,17280,38,43,23587588,10243,0,0,78600
2026-04-24 19:20:27,90515264,48503,31401760,139133,16893,41,43,23598470,10882,0,0,80702
2026-04-24 19:20:28,90565381,50117,31419099,139224,17430,40,43,23608652,10182,0,0,74483
2026-04-24 19:20:30,90615336,49955,31436453,139295,17425,41,43,23619010,10358,0,0,78530
2026-04-24 19:20:31,90662347,47011,31452733,139366,16351,36,43,23640419,21409,0,0,78629
2026-04-24 19:20:32,90710638,48291,31469499,139436,16836,40,43,23651709,11290,0,0,82493
2026-04-24 19:20:33,90760306,49668,31486704,139504,17273,39,43,23662004,10295,0,0,84301
2026-04-24 19:20:34,90808929,48623,31503593,139568,16953,37,43,23672704,10700,0,0,86548
2026-04-24 19:20:35,90854907,45978,31519564,139647,16050,39,43,23683093,10389,0,0,74225
2026-04-24 19:20:37,90901746,46839,31535812,139721,16322,30,43,23693340,10247,0,0,67484
2026-04-24 19:20:38,90945959,44213,31551153,139791,15411,26,43,23703693,10353,0,0,69529
2026-04-24 19:20:39,90992827,46868,31567406,139864,16326,37,43,23724483,20790,0,0,70305
2026-04-24 19:20:40,91042375,49548,31584568,139959,17257,40,43,23734884,10401,0,0,70597
2026-04-24 19:20:41,91092413,50038,31601895,140034,17402,40,43,23745338,10454,0,0,73972
2026-04-24 19:20:42,91142331,49918,31619211,140112,17394,39,43,23756386,11048,0,0,70814
2026-04-24 19:20:44,91190948,48617,31636106,140190,16973,40,43,23767126,10740,0,0,78405
2026-04-24 19:20:45,91241420,50472,31653598,140255,17557,41,43,23778235,11109,0,0,74960
2026-04-24 19:20:46,91291822,50402,31671076,140328,17551,39,43,23801115,22880,0,0,74149
2026-04-24 19:20:47,91342991,51169,31688822,140397,17815,40,43,23812956,11841,0,0,78741
2026-04-24 19:20:48,91393929,50938,31706470,140464,17715,38,43,23824617,11661,0,0,82442
2026-04-24 19:20:49,91443572,49643,31723681,140526,17273,38,43,23836183,11566,0,0,77531
2026-04-24 19:20:51,91493821,50249,31741104,140602,17499,39,43,23847179,10996,0,0,78484
2026-04-24 19:20:52,91542665,48844,31758056,140690,17040,41,43,23859240,12061,0,0,80047
2026-04-24 19:20:53,91593216,50551,31775576,140750,17580,41,43,23883504,24264,0,0,82262
2026-04-24 19:20:54,91643017,49801,31792890,140841,17405,40,43,23895631,12127,0,0,83542
2026-04-24 19:20:55,91692691,49674,31810141,140911,17321,38,43,23907570,11939,0,0,56268
2026-04-24 19:20:56,91739389,46698,31826321,140973,16242,38,43,23919869,12299,0,0,48293
2026-04-24 19:20:58,91789288,49899,31843586,141047,17339,37,43,23930803,10934,0,0,53280
2026-04-24 19:20:59,91836204,46916,31859907,141107,16381,41,43,23942141,11338,0,0,64840
2026-04-24 19:21:00,91884168,47964,31876543,141184,16713,37,43,23967384,25243,0,0,69903
2026-04-24 19:21:01,91932218,48050,31893231,141263,16767,40,43,23980253,12869,0,0,73264
2026-04-24 19:21:02,91979343,47125,31909653,141323,16482,39,43,23992616,12363,0,0,80500
2026-04-24 19:21:03,92027013,47670,31926182,141401,16607,39,43,24004436,11820,0,0,74888
2026-04-24 19:21:05,92074325,47312,31942587,141491,16495,41,43,24015946,11510,0,0,76524
2026-04-24 19:21:06,92120424,46099,31958545,141567,16034,40,43,24028131,12185,0,0,76637
2026-04-24 19:21:07,92166952,46528,31974690,141637,16215,40,43,24052578,24447,0,0,78810
2026-04-24 19:21:08,92213692,46740,31990894,141713,16280,37,43,24064817,12239,0,0,78814
2026-04-24 19:21:09,92261503,47811,32007495,141773,16661,39,43,24075936,11119,0,0,80237
2026-04-24 19:21:10,92305346,43843,32022709,141834,15275,40,43,24087783,11847,0,0,69528
2026-04-24 19:21:12,92353146,47800,32039283,141911,16651,39,43,24098495,10712,0,0,69900
2026-04-24 19:21:13,92399192,46046,32055275,141968,16049,41,43,24109971,11476,0,0,56314
2026-04-24 19:21:14,92447939,48747,32072167,142049,16973,38,43,24134932,24961,0,0,61317
2026-04-24 19:21:15,92496760,48821,32089111,142140,17035,38,43,24147541,12609,0,0,67685
2026-04-24 19:21:16,92544847,48087,32105802,142214,16765,38,43,24159948,12407,0,0,71101
2026-04-24 19:21:17,92593449,48602,32122625,142295,16904,40,43,24172109,12161,0,0,60698
2026-04-24 19:21:19,92640434,46985,32138931,142380,16391,38,43,24184514,12405,0,0,30602
2026-04-24 19:21:20,92687772,47338,32155353,142467,16509,37,43,24196690,12176,0,0,39311
2026-04-24 19:21:21,92735977,48205,32172075,142527,16782,40,43,24222668,25978,0,0,47390
2026-04-24 19:21:22,92784486,48509,32188908,142597,16903,39,43,24235325,12657,0,0,53787
2026-04-24 19:21:23,92833793,49307,32205999,142666,17160,39,43,24247875,12550,0,0,64509
2026-04-24 19:21:24,92881972,48179,32222698,142750,16783,40,43,24260190,12315,0,0,33210
2026-04-24 19:21:26,92931633,49661,32239942,142825,17319,40,43,24273451,13261,0,0,46872
2026-04-24 19:21:27,92981468,49835,32257226,142897,17356,41,43,24286428,12977,0,0,55870
2026-04-24 19:21:28,93030833,49365,32274319,142977,17173,39,43,24313550,27122,0,0,55234
2026-04-24 19:21:29,93079517,48684,32291194,143033,16931,36,43,24327147,13597,0,0,57245
2026-04-24 19:21:30,93125828,46311,32307297,143100,16170,37,43,24339832,12685,0,0,62733
2026-04-24 19:21:31,93175754,49926,32324626,143163,17392,38,43,24352875,13043,0,0,60691
2026-04-24 19:21:33,93224759,49005,32341635,143227,17073,41,43,24366016,13141,0,0,65231
2026-04-24 19:21:34,93272076,47317,32358080,143296,16514,41,43,24379623,13607,0,0,75046
2026-04-24 19:21:35,93320892,48816,32374988,143376,16988,35,43,24406951,27328,0,0,78883
2026-04-24 19:21:36,93367866,46974,32391296,143438,16370,38,43,24420759,13808,0,0,80132
2026-04-24 19:21:37,93418024,50158,32408656,143519,17441,37,43,24433745,12986,0,0,75017
2026-04-24 19:21:38,93466536,48512,32425476,143603,16904,40,43,24447192,13447,0,0,57871
2026-04-24 19:21:40,93514620,48084,32442143,143685,16749,41,43,24461183,13991,0,0,60786
2026-04-24 19:21:41,93564570,49950,32459461,143753,17386,41,43,24474663,13480,0,0,62905
2026-04-24 19:21:42,93613062,48492,32476242,143832,16860,37,43,24501351,26688,0,0,69919
2026-04-24 19:21:43,93661365,48303,32492968,143908,16802,39,43,24514907,13556,0,0,72771
2026-04-24 19:21:44,93711445,50080,32510317,143979,17420,38,43,24528078,13171,0,0,77826
2026-04-24 19:21:46,93761693,50248,32527769,144048,17521,38,43,24541318,13240,0,0,71031
2026-04-24 19:21:47,93811344,49651,32545008,144112,17303,41,43,24555377,14059,0,0,74915
2026-04-24 19:21:48,93861152,49808,32562301,144186,17367,41,43,24570387,15010,0,0,78497
2026-04-24 19:21:49,93910575,49423,32579431,144263,17207,38,43,24598677,28290,0,0,69671
2026-04-24 19:21:50,93959158,48583,32596266,144341,16913,41,43,24613412,14735,0,0,73425
2026-04-24 19:21:51,94009537,50379,32613751,144406,17550,39,43,24627376,13964,0,0,74986
2026-04-24 19:21:53,94059051,49514,32630962,144489,17294,39,43,24641680,14304,0,0,60634
2026-04-24 19:21:54,94107981,48930,32647977,144559,17085,41,43,24656767,15087,0,0,64657
2026-04-24 19:21:55,94156600,48619,32664858,144636,16958,38,43,24671953,15186,0,0,69152
2026-04-24 19:21:56,94205010,48410,32681693,144706,16905,40,43,24700845,28892,0,0,72165
2026-04-24 19:21:57,94254541,49531,32698890,144789,17280,38,43,24715252,14407,0,0,75558
2026-04-24 19:21:58,94304704,50163,32716285,144855,17461,40,43,24729234,13982,0,0,78424
2026-04-24 19:22:00,94354278,49574,32733501,144931,17292,37,43,24743972,14738,0,0,56604
2026-04-24 19:22:01,94403635,49357,32750622,145013,17203,41,43,24759028,15056,0,0,59902
2026-04-24 19:22:02,94452799,49164,32767699,145088,17152,41,43,24774069,15041,0,0,66038
2026-04-24 19:22:03,94503227,50428,32785131,145169,17513,40,43,24803897,29828,0,0,72515
2026-04-24 19:22:04,94552911,49684,32802368,145249,17317,38,43,24818404,14507,0,0,77073
2026-04-24 19:22:05,94601945,49034,32819374,145320,17077,38,43,24832878,14474,0,0,79132
2026-04-24 19:22:07,94652499,50554,32836929,145400,17635,39,43,24847281,14403,0,0,72220
2026-04-24 19:22:08,94701770,49271,32854006,145482,17159,35,43,24862518,15237,0,0,75271
2026-04-24 19:22:09,94750897,49127,32871071,145558,17141,40,43,24877354,14836,0,0,76026
2026-04-24 19:22:10,94800074,49177,32888134,145624,17129,38,43,24906894,29540,0,0,77867
2026-04-24 19:22:11,94850135,50061,32905535,145692,17469,38,43,24922134,15240,0,0,80721
2026-04-24 19:22:12,94897689,47554,32922061,145767,16601,37,43,24936562,14428,0,0,84908
2026-04-24 19:22:14,94946748,49059,32939080,145845,17097,39,43,24951477,14915,0,0,69990
2026-04-24 19:22:15,94995804,49056,32956101,145922,17098,38,43,24965643,14166,0,0,72300
2026-04-24 19:22:16,95043858,48054,32972773,145991,16741,37,43,24980498,14855,0,0,75922
2026-04-24 19:22:17,95092661,48803,32989700,146069,17005,39,43,25009465,28967,0,0,78594
2026-04-24 19:22:18,95143166,50505,33007246,146153,17630,41,43,25024135,14670,0,0,80623
2026-04-24 19:22:19,95192384,49218,33024285,146245,17131,40,43,25039577,15442,0,0,61356
2026-04-24 19:22:21,95240931,48547,33041119,146319,16908,36,43,25054288,14711,0,0,56142
2026-04-24 19:22:22,95288527,47596,33057598,146399,16559,39,43,25067826,13538,0,0,61475
2026-04-24 19:22:23,95334745,46218,33073672,146453,16128,41,43,25096989,29163,0,0,63898
2026-04-24 19:22:24,95382545,47800,33090282,146524,16681,41,43,25110686,13697,0,0,62895
2026-04-24 19:22:25,95431887,49342,33107419,146593,17206,40,43,25124983,14297,0,0,67517
2026-04-24 19:22:26,95481388,49501,33124597,146669,17254,39,43,25140423,15440,0,0,70112
2026-04-24 19:22:28,95530645,49257,33141688,146752,17174,38,43,25153865,13442,0,0,51962
2026-04-24 19:22:29,95577610,46965,33158013,146825,16398,41,43,25168904,15039,0,0,60265
2026-04-24 19:22:30,95622709,45099,33173641,146887,15690,38,43,25196450,27546,0,0,65754
2026-04-24 19:22:31,95670439,47730,33190182,146971,16625,36,43,25210486,14036,0,0,68721
2026-04-24 19:22:32,95720043,49604,33207363,147051,17261,35,43,25224761,14275,0,0,75528
2026-04-24 19:22:33,95767843,47800,33223990,147119,16695,38,43,25239199,14438,0,0,69867
2026-04-24 19:22:35,95817115,49272,33241029,147193,17113,40,43,25253684,14485,0,0,68532
2026-04-24 19:22:36,95863976,46861,33257314,147268,16360,39,43,25267410,13726,0,0,71098
2026-04-24 19:22:37,95911829,47853,33273892,147341,16651,40,43,25282210,14800,0,0,75193
2026-04-24 19:22:38,95961206,49377,33290997,147415,17179,39,43,25311030,28820,0,0,76290
2026-04-24 19:22:39,96010971,49765,33308259,147490,17337,39,43,25325338,14308,0,0,80425
2026-04-24 19:22:40,96059877,48906,33325245,147558,17054,40,43,25339637,14299,0,0,81209
2026-04-24 19:22:42,96107450,47573,33341778,147627,16602,41,43,25352862,13225,0,0,74665
2026-04-24 19:22:43,96153409,45959,33357714,147696,16005,40,43,25367343,14481,0,0,77300
2026-04-24 19:22:44,96200625,47216,33374096,147777,16463,39,43,25380457,13114,0,0,79960
2026-04-24 19:22:45,96247231,46606,33390259,147860,16246,37,43,25408340,27883,0,0,80243
2026-04-24 19:22:46,96293821,46590,33406428,147929,16238,37,43,25422509,14169,0,0,80659
2026-04-24 19:22:47,96340968,47147,33422772,148003,16418,40,43,25435273,12764,0,0,81036
2026-04-24 19:22:49,96386913,45945,33438693,148071,15989,38,43,25449069,13796,0,0,73783
2026-04-24 19:22:50,96433056,46143,33454713,148135,16084,39,43,25461651,12582,0,0,77692
2026-04-24 19:22:51,96477124,44068,33470015,148210,15377,36,43,25475966,14315,0,0,80335
2026-04-24 19:22:52,96522949,45825,33485946,148278,15999,38,43,25503545,27579,0,0,82149
2026-04-24 19:22:53,96569497,46548,33502109,148332,16217,40,43,25517701,14156,0,0,83203
2026-04-24 19:22:54,96615701,46204,33518143,148412,16114,40,43,25530582,12881,0,0,80903
2026-04-24 19:22:56,96660932,45231,33533793,148494,15732,40,43,25544069,13487,0,0,61418
2026-04-24 19:22:57,96706483,45551,33549596,148571,15880,37,43,25556619,12550,0,0,66095
2026-04-24 19:22:58,96750202,43719,33564795,148638,15266,41,43,25569772,13153,0,0,68174
2026-04-24 19:22:59,96795774,45572,33580607,148699,15873,39,43,25596416,26644,0,0,71912
2026-04-24 19:23:00,96841193,45419,33596368,148760,15822,36,43,25608832,12416,0,0,71367
2026-04-24 19:23:01,96888733,47540,33612852,148822,16546,38,43,25621666,12834,0,0,78579
2026-04-24 19:23:03,96932044,43311,33627847,148901,15074,39,43,25634127,12461,0,0,66241
2026-04-24 19:23:04,96977275,45231,33643535,148971,15758,35,43,25645882,11755,0,0,67957
2026-04-24 19:23:05,97022674,45399,33659257,149048,15799,41,43,25658245,12363,0,0,74217
2026-04-24 19:23:06,97070006,47332,33675654,149119,16468,40,43,25683942,25697,0,0,77526
2026-04-24 19:23:07,97117288,47282,33692037,149198,16462,39,43,25697103,13161,0,0,75158
2026-04-24 19:23:08,97164966,47678,33708558,149253,16576,40,43,25709587,12484,0,0,70539
2026-04-24 19:23:10,97210164,45198,33724259,149306,15754,37,43,25721915,12328,0,0,68233
2026-04-24 19:23:11,97256333,46169,33740301,149383,16119,41,43,25734354,12439,0,0,71080
2026-04-24 19:23:12,97303493,47160,33756682,149447,16445,39,43,25760759,26405,0,0,72472
2026-04-24 19:23:13,97352380,48887,33773624,149534,17029,39,43,25773696,12937,0,0,75496
2026-04-24 19:23:14,97403168,50788,33791235,149611,17688,40,43,25787067,13371,0,0,76477
2026-04-24 19:23:15,97452528,49360,33808402,149685,17241,40,43,25800504,13437,0,0,75999
2026-04-24 19:23:17,97502920,50392,33825890,149755,17558,33,43,25814061,13557,0,0,74505
2026-04-24 19:23:18,97552853,49933,33843159,149842,17356,41,43,25827507,13446,0,0,75603
2026-04-24 19:23:19,97601910,49057,33860176,149913,17088,38,43,25853517,26010,0,0,77565
2026-04-24 19:23:20,97650673,48763,33877112,149993,17016,39,43,25866750,13233,0,0,80757
2026-04-24 19:23:21,97697572,46899,33893404,150053,16352,38,43,25880038,13288,0,0,81996
2026-04-24 19:23:22,97746622,49050,33910425,150115,17083,38,43,25891989,11951,0,0,74423
2026-04-24 19:23:24,97793577,46955,33926719,150179,16358,36,43,25905114,13125,0,0,61654
2026-04-24 19:23:25,97836860,43283,33941728,150252,15082,41,43,25917169,12055,0,0,58542
2026-04-24 19:23:26,97881788,44928,33957315,150325,15660,40,43,25940119,22950,0,0,43912
2026-04-24 19:23:27,97928339,46551,33973414,150399,16173,39,43,25951717,11598,0,0,47690
2026-04-24 19:23:28,97975182,46843,33989672,150466,16325,40,43,25963131,11414,0,0,53841
2026-04-24 19:23:29,98023362,48180,34006388,150539,16789,40,43,25975148,12017,0,0,40018
2026-04-24 19:23:31,98072012,48650,34023261,150607,16941,41,43,25987642,12494,0,0,44115
2026-04-24 19:23:32,98118360,46348,34039328,150683,16143,37,43,25999448,11806,0,0,51794
2026-04-24 19:23:33,98165455,47095,34055678,150752,16419,37,43,26023979,24531,0,0,58053
2026-04-24 19:23:34,98212849,47394,34072071,150838,16479,38,43,26036289,12310,0,0,65617
2026-04-24 19:23:35,98259505,46656,34088276,150913,16280,37,43,26047558,11269,0,0,73168
2026-04-24 19:23:36,98308190,48685,34105176,150981,16968,38,43,26059276,11718,0,0,72515
2026-04-24 19:23:38,98356088,47898,34121811,151058,16712,39,43,26071854,12578,0,0,65033
2026-04-24 19:23:39,98403659,47571,34138285,151141,16557,41,43,26084042,12188,0,0,69743
2026-04-24 19:23:40,98450816,47157,34154662,151210,16446,40,43,26108532,24490,0,0,70100
2026-04-24 19:23:41,98500268,49452,34171792,151281,17201,38,43,26120439,11907,0,0,70729
2026-04-24 19:23:42,98547863,47595,34188342,151348,16617,40,43,26132113,11674,0,0,61152
2026-04-24 19:23:43,98594071,46208,34204364,151421,16095,38,43,26144920,12807,0,0,65210
2026-04-24 19:23:45,98642224,48153,34221057,151494,16766,41,43,26155774,10854,0,0,67409
2026-04-24 19:23:46,98689444,47220,34237470,151554,16473,41,43,26167954,12180,0,0,68098
2026-04-24 19:23:47,98738261,48817,34254399,151630,17005,38,43,26192197,24243,0,0,72225
2026-04-24 19:23:48,98786418,48157,34271120,151703,16794,41,43,26204486,12289,0,0,76875
2026-04-24 19:23:49,98834301,47883,34287741,151763,16681,40,43,26216345,11859,0,0,75685
2026-04-24 19:23:50,98882572,48271,34304476,151847,16819,39,43,26228406,12061,0,0,55714
2026-04-24 19:23:52,98930471,47899,34321090,151927,16694,40,43,26240410,12004,0,0,50678
2026-04-24 19:23:53,98978153,47682,34337642,152010,16635,40,43,26263392,22982,0,0,51998
2026-04-24 19:23:54,99026342,48189,34354365,152068,16781,33,43,26274821,11429,0,0,57003
2026-04-24 19:23:55,99074963,48621,34371215,152139,16921,39,43,26286232,11411,0,0,68210
2026-04-24 19:23:56,99123729,48766,34388134,152215,16995,38,43,26297188,10956,0,0,73336
2026-04-24 19:23:58,99170215,46486,34404304,152284,16239,36,43,26309514,12326,0,0,65299
2026-04-24 19:23:59,99218928,48713,34421196,152348,16956,41,43,26320518,11004,0,0,63860
2026-04-24 19:24:00,99266381,47453,34437677,152413,16546,36,43,26343521,23003,0,0,65825
2026-04-24 19:24:01,99314051,47670,34454233,152481,16624,32,43,26354760,11239,0,0,70277
2026-04-24 19:24:02,99362155,48104,34470946,152555,16787,41,43,26366144,11384,0,0,72975
2026-04-24 19:24:03,99410460,48305,34487709,152634,16842,38,43,26377528,11384,0,0,75824
2026-04-24 19:24:04,99459358,48898,34504675,152709,17041,41,43,26388732,11204,0,0,71304
2026-04-24 19:24:06,99508367,49009,34521678,152780,17074,41,43,26399421,10689,0,0,71228
2026-04-24 19:24:07,99555729,47362,34538149,152846,16537,40,43,26421716,22295,0,0,76009
2026-04-24 19:24:08,99602189,46460,34554268,152916,16189,40,43,26432732,11016,0,0,79417
2026-04-24 19:24:09,99648772,46583,34570434,152989,16239,41,43,26443281,10549,0,0,82738
2026-04-24 19:24:10,99695665,46893,34586696,153058,16331,34,43,26453220,9939,0,0,85762
2026-04-24 19:24:12,99742383,46718,34602894,153124,16264,39,43,26463677,10457,0,0,74887
2026-04-24 19:24:13,99789318,46935,34619190,153195,16367,29,43,26474153,10476,0,0,73472
2026-04-24 19:24:14,99834110,44792,34634726,153278,15619,41,43,26484382,10229,0,0,74881
2026-04-24 19:24:15,99879302,45192,34650408,153358,15762,39,43,26505937,21555,0,0,74968
2026-04-24 19:24:16,99927578,48276,34667163,153420,16817,39,43,26516388,10451,0,0,74434
2026-04-24 19:24:17,99972712,45134,34682818,153495,15730,40,43,26527118,10730,0,0,75772
2026-04-24 19:24:19,100019594,46882,34699080,153577,16344,40,43,26536879,9761,0,0,62831
2026-04-24 19:24:20,100065833,46239,34715112,153639,16094,40,43,26546726,9847,0,0,64717
2026-04-24 19:24:21,100109687,43854,34730351,153713,15313,41,43,26556884,10158,0,0,67472
2026-04-24 19:24:22,100155764,46077,34746343,153789,16068,41,43,26578253,21369,0,0,72227
2026-04-24 19:24:23,100203136,47372,34762771,153869,16508,41,43,26589074,10821,0,0,74582
2026-04-24 19:24:24,100249211,46075,34778743,153942,16045,40,43,26599487,10413,0,0,76692
2026-04-24 19:24:26,100297598,48387,34795532,154011,16858,37,43,26609543,10056,0,0,71935
2026-04-24 19:24:27,100343999,46401,34811634,154075,16166,41,43,26619772,10229,0,0,76483
2026-04-24 19:24:28,100388280,44281,34827007,154135,15433,40,43,26639533,19761,0,0,78783
2026-04-24 19:24:29,100434751,46471,34843170,154196,16224,40,43,26649316,9783,0,0,81065
2026-04-24 19:24:30,100481750,46999,34859436,154275,16345,38,43,26659029,9713,0,0,83213
2026-04-24 19:24:31,100527375,45625,34875260,154340,15889,41,43,26669085,10056,0,0,81957
2026-04-24 19:24:32,100571847,44472,34890729,154403,15532,38,43,26678835,9750,0,0,69820
2026-04-24 19:24:34,100617292,45445,34906445,154478,15791,41,43,26688957,10122,0,0,75091
2026-04-24 19:24:35,100660490,43198,34921518,154529,15124,41,43,26698403,9446,0,0,75282
2026-04-24 19:24:36,100705906,45416,34937217,154606,15776,31,43,26718804,20401,0,0,77884
2026-04-24 19:24:37,100751276,45370,34952971,154677,15825,41,43,26728660,9856,0,0,80482
2026-04-24 19:24:38,100798774,47498,34969414,154761,16527,39,43,26738028,9368,0,0,83221
2026-04-24 19:24:39,100845225,46451,34985531,154825,16181,40,43,26748123,10095,0,0,75071
2026-04-24 19:24:41,100891443,46218,35001547,154894,16085,39,43,26758261,10138,0,0,79590
2026-04-24 19:24:42,100935790,44347,35016929,154963,15451,41,43,26767351,9090,0,0,79991
2026-04-24 19:24:43,100982037,46247,35032943,155030,16081,40,43,26786991,19640,0,0,82314
2026-04-24 19:24:44,101028776,46739,35049164,155092,16283,41,43,26797098,10107,0,0,67781
2026-04-24 19:24:45,101076181,47405,35065593,155172,16509,40,43,26807101,10003,0,0,69528
2026-04-24 19:24:46,101120966,44785,35081141,155231,15607,39,43,26817440,10339,0,0,60686
2026-04-24 19:24:48,101165705,44739,35096728,155296,15652,39,43,26826967,9527,0,0,62519
2026-04-24 19:24:49,101205393,39688,35110511,155353,13840,41,43,26836932,9965,0,0,55069
2026-04-24 19:24:50,101249832,44439,35125928,155409,15473,39,43,26856111,19179,0,0,63550
2026-04-24 19:24:51,101295155,45323,35141656,155481,15800,41,43,26865879,9768,0,0,65904
2026-04-24 19:24:52,101342342,47187,35158060,155570,16493,40,43,26875313,9434,0,0,69356
2026-04-24 19:24:53,101391132,48790,35174986,155636,16992,40,43,26885720,10407,0,0,67925
2026-04-24 19:24:55,101439438,48306,35191753,155691,16822,41,43,26896343,10623,0,0,68766
2026-04-24 19:24:56,101485156,45718,35207617,155761,15934,40,43,26906835,10492,0,0,70601
2026-04-24 19:24:57,101527603,42447,35222337,155837,14796,37,43,26927651,20816,0,0,72273
2026-04-24 19:24:58,101573863,46260,35238368,155913,16107,39,43,26937455,9804,0,0,76179
2026-04-24 19:24:59,101620192,46329,35254469,155981,16169,40,43,26947574,10119,0,0,78678
2026-04-24 19:25:01,101666631,46439,35270622,156048,16220,39,43,26957789,10215,0,0,68978
2026-04-24 19:25:02,101714048,47417,35287083,156120,16533,33,43,26968524,10735,0,0,68803
2026-04-24 19:25:03,101758898,44850,35302653,156187,15637,39,43,26989548,21024,0,0,71124
2026-04-24 19:25:04,101807041,48143,35319364,156256,16780,40,43,26999824,10276,0,0,71534
2026-04-24 19:25:05,101854875,47834,35335954,156329,16663,40,43,27010335,10511,0,0,73854
2026-04-24 19:25:06,101903509,48634,35352808,156399,16924,40,43,27020959,10624,0,0,74530
2026-04-24 19:25:08,101952967,49458,35369973,156473,17239,38,43,27031735,10776,0,0,68529
2026-04-24 19:25:09,102001098,48131,35386665,156539,16758,37,43,27042480,10745,0,0,71596
2026-04-24 19:25:10,102048094,46996,35403014,156594,16404,37,43,27063778,21298,0,0,64553
2026-04-24 19:25:11,102094895,46801,35419282,156665,16339,39,43,27074529,10751,0,0,68929
2026-04-24 19:25:12,102143122,48227,35435992,156738,16783,41,43,27084197,9668,0,0,72201
2026-04-24 19:25:13,102192198,49076,35453010,156801,17081,41,43,27094543,10346,0,0,77774
2026-04-24 19:25:15,102242279,50081,35470374,156863,17426,37,43,27105421,10878,0,0,69965
2026-04-24 19:25:16,102290882,48603,35487236,156944,16943,41,43,27116474,11053,0,0,71591
2026-04-24 19:25:17,102338597,47715,35503809,157019,16648,40,43,27138607,22133,0,0,36335
2026-04-24 19:25:18,102388427,49830,35521065,157111,17348,38,43,27149400,10793,0,0,43795
2026-04-24 19:25:19,102438826,50399,35538535,157204,17563,41,43,27160487,11087,0,0,47229
2026-04-24 19:25:20,102489100,50274,35556001,157284,17546,35,43,27171781,11294,0,0,59484
2026-04-24 19:25:22,102537879,48779,35572934,157349,16998,40,43,27183359,11578,0,0,54915
2026-04-24 19:25:23,102585798,47919,35589556,157416,16689,41,43,27194439,11080,0,0,63279
2026-04-24 19:25:24,102635631,49833,35606838,157492,17358,38,43,27217356,22917,0,0,71124
2026-04-24 19:25:25,102686488,50857,35624470,157552,17692,40,43,27228562,11206,0,0,76372
2026-04-24 19:25:26,102735778,49290,35641602,157621,17201,36,43,27240644,12082,0,0,82096
2026-04-24 19:25:27,102786673,50895,35659271,157699,17747,38,43,27252097,11453,0,0,88693
2026-04-24 19:25:29,102837405,50732,35676869,157771,17670,41,43,27263849,11752,0,0,81064
2026-04-24 19:25:30,102886762,49357,35693968,157855,17183,39,43,27275986,12137,0,0,83709
2026-04-24 19:25:31,102935848,49086,35711015,157929,17121,41,43,27299642,23656,0,0,86233
2026-04-24 19:25:32,102985538,49690,35728269,157999,17324,39,43,27311050,11408,0,0,86452
2026-04-24 19:25:33,103033652,48114,35744979,158068,16779,39,43,27322265,11215,0,0,89466
2026-04-24 19:25:34,103082603,48951,35761979,158145,17077,41,43,27334191,11926,0,0,92787
2026-04-24 19:25:36,103131725,49122,35778981,158205,17062,40,43,27345251,11060,0,0,85147
2026-04-24 19:25:37,103179210,47485,35795502,158267,16583,41,43,27355987,10736,0,0,82327
2026-04-24 19:25:38,103227486,48276,35812206,158358,16795,40,43,27379442,23455,0,0,79960
2026-04-24 19:25:39,103275510,48024,35828834,158447,16717,39,43,27390952,11510,0,0,82212
2026-04-24 19:25:40,103323516,48006,35845520,158509,16748,36,43,27402527,11575,0,0,83533
2026-04-24 19:25:41,103372987,49471,35862600,158597,17168,39,43,27414518,11991,0,0,84064
2026-04-24 19:25:43,103421566,48579,35879441,158692,16936,39,43,27424880,10362,0,0,67331
2026-04-24 19:25:44,103469745,48179,35896166,158751,16784,35,43,27437136,12256,0,0,70754
2026-04-24 19:25:45,103515945,46200,35912200,158823,16106,37,43,27460881,23745,0,0,71297
2026-04-24 19:25:46,103564166,48221,35928945,158886,16808,41,43,27472403,11522,0,0,76413
2026-04-24 19:25:47,103612029,47863,35945518,158958,16645,38,43,27483889,11486,0,0,81608
2026-04-24 19:25:48,103659024,46995,35961813,159036,16373,40,43,27494961,11072,0,0,86588
2026-04-24 19:25:50,103707083,48059,35978481,159118,16750,37,43,27506648,11687,0,0,80822
2026-04-24 19:25:51,103752958,45875,35994391,159196,15988,41,43,27518205,11557,0,0,85570
2026-04-24 19:25:52,103799656,46698,36010596,159263,16272,40,43,27539802,21597,0,0,82374
2026-04-24 19:25:53,103847628,47972,36027211,159344,16696,40,43,27551380,11578,0,0,83130
2026-04-24 19:25:54,103895137,47509,36043702,159409,16556,39,43,27562882,11502,0,0,87007
2026-04-24 19:25:55,103941773,46636,36059898,159485,16272,40,43,27575368,12486,0,0,87691
2026-04-24 19:25:57,103989919,48146,36076619,159548,16784,37,43,27587584,12216,0,0,78461
2026-04-24 19:25:58,104036218,46299,36092675,159631,16139,38,43,27599680,12096,0,0,80282
2026-04-24 19:25:59,104082144,45926,36108563,159705,15962,40,43,27623876,24196,0,0,80165
2026-04-24 19:26:00,104128697,46553,36124756,159756,16244,41,43,27635606,11730,0,0,33145
2026-04-24 19:26:01,104175505,46808,36140990,159818,16296,38,43,27647826,12220,0,0,44376
2026-04-24 19:26:02,104222203,46698,36157230,159879,16301,38,43,27660642,12816,0,0,45061
2026-04-24 19:26:04,104269566,47363,36173718,159949,16558,41,43,27672726,12084,0,0,43704
2026-04-24 19:26:05,104316102,46536,36189888,160012,16233,41,43,27685228,12502,0,0,50444
2026-04-24 19:26:06,104363662,47560,36206379,160088,16567,38,43,27709788,24560,0,0,58540
2026-04-24 19:26:07,104409641,45979,36222326,160159,16018,37,43,27722031,12243,0,0,66083
2026-04-24 19:26:08,104457814,48173,36239058,160231,16804,35,43,27733713,11682,0,0,73687
2026-04-24 19:26:10,104505643,47829,36255693,160294,16698,40,43,27746853,13140,0,0,69365
2026-04-24 19:26:11,104551418,45775,36271561,160358,15932,41,43,27759656,12803,0,0,70015
2026-04-24 19:26:12,104595022,43604,36286686,160427,15194,41,43,27771325,11669,0,0,67414
2026-04-24 19:26:13,104640490,45468,36302470,160491,15848,39,43,27794120,22795,0,0,68904
2026-04-24 19:26:14,104684416,43926,36317732,160558,15329,41,43,27805997,11877,0,0,70362
2026-04-24 19:26:15,104729710,45294,36333478,160622,15810,40,43,27817584,11587,0,0,74703
2026-04-24 19:26:17,104774347,44637,36348961,160684,15545,38,43,27830337,12753,0,0,64530
2026-04-24 19:26:18,104817484,43137,36363922,160752,15029,41,43,27842261,11924,0,0,66699
2026-04-24 19:26:19,104859929,42445,36378639,160820,14785,41,43,27852869,10608,0,0,67865
2026-04-24 19:26:20,104903055,43126,36393578,160899,15018,40,43,27876715,23846,0,0,71174
2026-04-24 19:26:21,104946027,42972,36408467,160966,14956,40,43,27887832,11117,0,0,74611
2026-04-24 19:26:22,104988795,42768,36423298,161033,14898,37,43,27899694,11862,0,0,77969
2026-04-24 19:26:24,105032044,43249,36438316,161109,15094,41,43,27910805,11111,0,0,68138
2026-04-24 19:26:25,105073265,41221,36452618,161172,14365,41,43,27922745,11940,0,0,69994
2026-04-24 19:26:26,105113298,40033,36466490,161235,13935,38,43,27944629,21884,0,0,71986
2026-04-24 19:26:27,105157986,44688,36481983,161303,15561,38,43,27956584,11955,0,0,75116
2026-04-24 19:26:28,105203159,45173,36497663,161360,15737,37,43,27969187,12603,0,0,78834
2026-04-24 19:26:29,105251307,48148,36514381,161429,16787,38,43,27980945,11758,0,0,83409
2026-04-24 19:26:31,105298588,47281,36530762,161511,16463,40,43,27993963,13018,0,0,71971
2026-04-24 19:26:32,105344347,45759,36546619,161579,15925,39,43,28006489,12526,0,0,75036
2026-04-24 19:26:33,105389051,44704,36562170,161648,15620,39,43,28031943,25454,0,0,73603
2026-04-24 19:26:34,105434089,45038,36577808,161716,15706,38,43,28045148,13205,0,0,73675
2026-04-24 19:26:35,105479924,45835,36593744,161785,16005,40,43,28058851,13703,0,0,76346
2026-04-24 19:26:36,105527296,47372,36610147,161865,16483,37,43,28070951,12100,0,0,69899
2026-04-24 19:26:38,105575091,47795,36626698,161948,16634,39,43,28083777,12826,0,0,61638
2026-04-24 19:26:39,105620894,45803,36642596,162022,15972,39,43,28096974,13197,0,0,60868
2026-04-24 19:26:40,105666680,45786,36658470,162098,15950,41,43,28110221,13247,0,0,62791
2026-04-24 19:26:41,105712885,46205,36674501,162164,16097,41,43,28137324,27103,0,0,67722
2026-04-24 19:26:42,105760807,47922,36691119,162237,16691,40,43,28150350,13026,0,0,75991
2026-04-24 19:26:43,105808813,48006,36707785,162306,16735,38,43,28163600,13250,0,0,78500
2026-04-24 19:26:45,105858629,49816,36725033,162387,17329,40,43,28176916,13316,0,0,56454
2026-04-24 19:26:46,105906253,47624,36741547,162458,16585,27,43,28190180,13264,0,0,62572
2026-04-24 19:26:47,105953136,46883,36757803,162545,16343,41,43,28217149,26969,0,0,67765
2026-04-24 19:26:48,106000622,47486,36774288,162624,16564,40,43,28231297,14148,0,0,69461
2026-04-24 19:26:49,106050347,49725,36791532,162689,17309,37,43,28244294,12997,0,0,76710
2026-04-24 19:26:50,106099212,48865,36808488,162760,17027,39,43,28258172,13878,0,0,76456
2026-04-24 19:26:52,106147576,48364,36825274,162834,16860,39,43,28271888,13716,0,0,73570
2026-04-24 19:26:53,106192810,45234,36840938,162896,15726,41,43,28285929,14041,0,0,23257
2026-04-24 19:26:54,106239957,47147,36857298,162969,16433,38,43,28312819,26890,0,0,36819
2026-04-24 19:26:55,106288804,48847,36874244,163053,17030,38,43,28326857,14038,0,0,45913
2026-04-24 19:26:56,106337732,48928,36891195,163130,17028,41,43,28340677,13820,0,0,54668
2026-04-24 19:26:57,106386568,48836,36908143,163203,17021,39,43,28353482,12805,0,0,64368
2026-04-24 19:26:59,106434322,47754,36924687,163268,16609,40,43,28367979,14497,0,0,27648
2026-04-24 19:27:00,106481892,47570,36941178,163330,16553,41,43,28381627,13648,0,0,35103
2026-04-24 19:27:01,106529698,47806,36957771,163401,16664,40,43,28408207,26580,0,0,45727
2026-04-24 19:27:02,106578535,48837,36974686,163479,16993,33,43,28421546,13339,0,0,47208
2026-04-24 19:27:03,106626738,48203,36991405,163560,16800,37,43,28434870,13324,0,0,56152
2026-04-24 19:27:04,106674085,47347,37007833,163634,16502,37,43,28449497,14627,0,0,61719
2026-04-24 19:27:06,106722542,48457,37024656,163707,16896,41,43,28463287,13790,0,0,52507
2026-04-24 19:27:07,106770198,47656,37041195,163774,16606,41,43,28476857,13570,0,0,56281
2026-04-24 19:27:08,106816614,46416,37057289,163854,16174,40,43,28505028,28171,0,0,67312
2026-04-24 19:27:09,106864700,48086,37073964,163920,16741,37,43,28518174,13146,0,0,71361
2026-04-24 19:27:10,106911516,46816,37090246,163975,16337,35,43,28532622,14448,0,0,74120
2026-04-24 19:27:11,106958668,47152,37106595,164045,16419,37,43,28546009,13387,0,0,75955
2026-04-24 19:27:13,107005819,47151,37122940,164131,16431,32,43,28558960,12951,0,0,72600
2026-04-24 19:27:14,107052670,46851,37139203,164228,16360,41,43,28572142,13182,0,0,76681
2026-04-24 19:27:15,107098588,45918,37155169,164285,16023,41,43,28599979,27837,0,0,77900
2026-04-24 19:27:16,107145421,46833,37171401,164365,16312,41,43,28613865,13886,0,0,77910
2026-04-24 19:27:17,107191648,46227,37187420,164435,16089,41,43,28626886,13021,0,0,78950
2026-04-24 19:27:19,107237467,45819,37203339,164498,15982,39,43,28640020,13134,0,0,75838
2026-04-24 19:27:20,107283771,46304,37219394,164578,16135,37,43,28653442,13422,0,0,72915
2026-04-24 19:27:21,107329448,45677,37235287,164643,15958,35,43,28666662,13220,0,0,73893
2026-04-24 19:27:22,107375363,45915,37251191,164708,15969,41,43,28694169,27507,0,0,78046
2026-04-24 19:27:23,107422024,46661,37267382,164780,16263,41,43,28707456,13287,0,0,77263
2026-04-24 19:27:24,107468035,46011,37283347,164850,16035,40,43,28721152,13696,0,0,79920
2026-04-24 19:27:26,107514886,46851,37299627,164922,16352,38,43,28734680,13528,0,0,76246
2026-04-24 19:27:27,107560620,45734,37315513,164993,15957,36,43,28748598,13918,0,0,72538
2026-04-24 19:27:28,107606088,45468,37331319,165050,15863,41,43,28761598,13000,0,0,71921
2026-04-24 19:27:29,107651404,45316,37347011,165135,15777,38,43,28789649,28051,0,0,75250
2026-04-24 19:27:30,107697570,46166,37363033,165199,16086,38,43,28802737,13088,0,0,77782
2026-04-24 19:27:31,107743014,45444,37378781,165274,15823,40,43,28815790,13053,0,0,77308
2026-04-24 19:27:33,107789078,46064,37394761,165342,16048,40,43,28827736,11946,0,0,63420
2026-04-24 19:27:34,107835585,46507,37410889,165411,16197,41,43,28840415,12679,0,0,58337
2026-04-24 19:27:35,107881352,45767,37426759,165477,15936,38,43,28853777,13362,0,0,61658
2026-04-24 19:27:36,107927679,46327,37442825,165546,16135,38,43,28879734,25957,0,0,64924
2026-04-24 19:27:37,107973983,46304,37458903,165629,16161,40,43,28893022,13288,0,0,69583
2026-04-24 19:27:38,108020199,46216,37474974,165692,16134,37,43,28906745,13723,0,0,75201
2026-04-24 19:27:40,108066762,46563,37491134,165776,16244,40,43,28921273,14528,0,0,70143
2026-04-24 19:27:41,108113227,46465,37507245,165851,16186,41,43,28935188,13915,0,0,69271
2026-04-24 19:27:42,108159337,46110,37523232,165927,16063,34,43,28948334,13146,0,0,66535
2026-04-24 19:27:43,108206313,46976,37539501,166003,16345,37,43,28973845,25511,0,0,71324
2026-04-24 19:27:44,108252842,46529,37555649,166081,16226,39,43,28987427,13582,0,0,72916
2026-04-24 19:27:45,108300136,47294,37572084,166144,16498,38,43,29000739,13312,0,0,74420
2026-04-24 19:27:47,108346309,46173,37588093,166218,16083,39,43,29014302,13563,0,0,19479
2026-04-24 19:27:48,108392608,46299,37604180,166278,16147,41,43,29026689,12387,0,0,32902
2026-04-24 19:27:49,108437687,45079,37619855,166353,15750,41,43,29039595,12906,0,0,44364
2026-04-24 19:27:50,108484653,46966,37636107,166436,16335,40,43,29066509,26914,0,0,51320
2026-04-24 19:27:51,108531432,46779,37652277,166517,16251,40,43,29079121,12612,0,0,58386
2026-04-24 19:27:52,108578715,47283,37668685,166578,16469,39,43,29091383,12262,0,0,68038
2026-04-24 19:27:54,108625168,46453,37684788,166636,16161,40,43,29104704,13321,0,0,66366
2026-04-24 19:27:55,108670456,45288,37700509,166695,15780,38,43,29117414,12710,0,0,64008
2026-04-24 19:27:56,108715919,45463,37716324,166750,15870,39,43,29129707,12293,0,0,62154
2026-04-24 19:27:57,108761894,45975,37732256,166835,16017,40,43,29156416,26709,0,0,64778
2026-04-24 19:27:58,108809286,47392,37748697,166889,16495,36,43,29168987,12571,0,0,69588
2026-04-24 19:27:59,108855834,46548,37764854,166969,16237,37,43,29181942,12955,0,0,72050
2026-04-24 19:28:01,108903648,47814,37781375,167060,16612,39,43,29194632,12690,0,0,62682
2026-04-24 19:28:02,108949608,45960,37797317,167139,16021,40,43,29206743,12111,0,0,62621
2026-04-24 19:28:03,108994566,44958,37812914,167202,15660,40,43,29231552,24809,0,0,68909
2026-04-24 19:28:04,109041749,47183,37829267,167294,16445,41,43,29244429,12877,0,0,71912
2026-04-24 19:28:05,109089107,47358,37845688,167362,16489,40,43,29256739,12310,0,0,76241
2026-04-24 19:28:06,109137280,48173,37862399,167431,16780,39,43,29269592,12853,0,0,79096
2026-04-24 19:28:08,109184812,47532,37878901,167502,16573,41,43,29281976,12384,0,0,74912
2026-04-24 19:28:09,109231941,47129,37895255,167566,16418,41,43,29294116,12140,0,0,70690
2026-04-24 19:28:10,109278294,46353,37911344,167636,16159,41,43,29319686,25570,0,0,64082
2026-04-24 19:28:11,109325620,47326,37927768,167708,16496,38,43,29331903,12217,0,0,72587
2026-04-24 19:28:12,109372911,47291,37944179,167765,16468,40,43,29343820,11917,0,0,75512
2026-04-24 19:28:13,109419937,47026,37960490,167839,16385,40,43,29356880,13060,0,0,74709
2026-04-24 19:28:15,109465742,45805,37976414,167913,15998,39,43,29368925,12045,0,0,68138
2026-04-24 19:28:16,109511146,45404,37992170,167974,15817,39,43,29381746,12821,0,0,49897
2026-04-24 19:28:17,109555790,44644,38007639,168059,15554,41,43,29405829,24083,0,0,49421
2026-04-24 19:28:18,109602953,47163,38023967,168131,16400,39,43,29417897,12068,0,0,53538
2026-04-24 19:28:19,109649527,46574,38040149,168182,16233,34,43,29429385,11488,0,0,55450
2026-04-24 19:28:20,109695494,45967,38056108,168251,16028,41,43,29440945,11560,0,0,55014
2026-04-24 19:28:22,109741087,45593,38071974,168318,15933,37,43,29452798,11853,0,0,52263
2026-04-24 19:28:23,109785828,44741,38087480,168383,15571,41,43,29464628,11830,0,0,58410
2026-04-24 19:28:24,109827320,41492,38101888,168445,14470,37,43,29487739,23111,0,0,59220
2026-04-24 19:28:25,109872756,45436,38117685,168524,15876,38,43,29499234,11495,0,0,61026
2026-04-24 19:28:26,109918303,45547,38133489,168589,15869,36,43,29510726,11492,0,0,66837
2026-04-24 19:28:27,109964090,45787,38149401,168661,15984,40,43,29522983,12257,0,0,71277
2026-04-24 19:28:29,110010824,46734,38165627,168739,16304,40,43,29534606,11623,0,0,64958
2026-04-24 19:28:30,110054602,43778,38180827,168797,15258,37,43,29546503,11897,0,0,68001
2026-04-24 19:28:31,110098034,43432,38195907,168865,15148,38,43,29569238,22735,0,0,62601
2026-04-24 19:28:32,110142920,44886,38211478,168930,15636,40,43,29580572,11334,0,0,55357
2026-04-24 19:28:33,110188766,45846,38227388,168989,15969,41,43,29591402,10830,0,0,64365
2026-04-24 19:28:34,110233843,45077,38243039,169056,15718,41,43,29602514,11112,0,0,70443
2026-04-24 19:28:36,110277757,43914,38258339,169120,15364,39,43,29613957,11443,0,0,69136
2026-04-24 19:28:37,110319726,41969,38272943,169183,14667,41,43,29625402,11445,0,0,75972
2026-04-24 19:28:38,110361288,41562,38287340,169239,14453,40,43,29647185,21783,0,0,78132
2026-04-24 19:28:39,110406121,44833,38302942,169293,15656,38,43,29658263,11078,0,0,60515
2026-04-24 19:28:40,110451987,45866,38318885,169363,16013,38,43,29669223,10960,0,0,61389
2026-04-24 19:28:41,110497403,45416,38334649,169420,15821,41,43,29680562,11339,0,0,64468
2026-04-24 19:28:43,110543383,45980,38350534,169483,15948,40,43,29691198,10636,0,0,62889
2026-04-24 19:28:44,110587497,44114,38365869,169557,15409,40,43,29701277,10079,0,0,63533
2026-04-24 19:28:45,110630811,43314,38380875,169627,15076,40,43,29723321,22044,0,0,66504
2026-04-24 19:28:46,110674845,44034,38396137,169703,15338,36,43,29733327,10006,0,0,71157
2026-04-24 19:28:47,110718264,43419,38411171,169774,15105,40,43,29743523,10196,0,0,76797
2026-04-24 19:28:48,110763401,45137,38426858,169836,15749,38,43,29753916,10393,0,0,79673
2026-04-24 19:28:50,110807535,44134,38442136,169916,15358,37,43,29764611,10695,0,0,64410
2026-04-24 19:28:51,110847977,40442,38456168,169973,14089,41,43,29774857,10246,0,0,15328
2026-04-24 19:28:52,110889429,41452,38470543,170023,14425,41,43,29795495,20638,0,0,26682
2026-04-24 19:28:53,110933726,44297,38485914,170089,15437,40,43,29805182,9687,0,0,36101
2026-04-24 19:28:54,110980387,46661,38502110,170146,16253,39,43,29815979,10797,0,0,46615
2026-04-24 19:28:55,111028279,47892,38518705,170211,16660,39,43,29827483,11504,0,0,57838
2026-04-24 19:28:57,111076417,48138,38535418,170293,16795,40,43,29837983,10500,0,0,59943
2026-04-24 19:28:58,111120320,43903,38550674,170349,15312,41,43,29848926,10943,0,0,64185
2026-04-24 19:28:59,111163315,42995,38565566,170423,14966,38,43,29869835,20909,0,0,69691
2026-04-24 19:29:00,111207061,43746,38580766,170478,15255,40,43,29880283,10448,0,0,75326
2026-04-24 19:29:01,111250180,43119,38595726,170537,15019,37,43,29889977,9694,0,0,79619
2026-04-24 19:29:02,111294555,44375,38611116,170608,15461,40,43,29900140,10163,0,0,83086
2026-04-24 19:29:04,111339342,44787,38626652,170673,15601,37,43,29910660,10520,0,0,76681
2026-04-24 19:29:05,111385552,46210,38642666,170748,16089,40,43,29920665,10005,0,0,75022
2026-04-24 19:29:06,111433349,47797,38659232,170826,16644,40,43,29942740,22075,0,0,74068
2026-04-24 19:29:07,111481521,48172,38675947,170899,16788,39,43,29953899,11159,0,0,75757
2026-04-24 19:29:08,111529995,48474,38692755,170980,16889,36,43,29965184,11285,0,0,80437
2026-04-24 19:29:10,111576853,46858,38708999,171041,16305,40,43,29976413,11229,0,0,79340
2026-04-24 19:29:11,111624414,47561,38725499,171101,16560,41,43,29986244,9831,0,0,59490
2026-04-24 19:29:12,111671543,47129,38741832,171177,16409,38,43,29997353,11109,0,0,66105
2026-04-24 19:29:13,111719023,47480,38758335,171246,16572,38,43,30018836,21483,0,0,55341
2026-04-24 19:29:14,111765919,46896,38774613,171318,16350,41,43,30030365,11529,0,0,57954
2026-04-24 19:29:15,111813949,48030,38791308,171393,16770,36,43,30041530,11165,0,0,57628
2026-04-24 19:29:16,111861548,47599,38807800,171450,16549,39,43,30052192,10662,0,0,61838
2026-04-24 19:29:18,111909501,47953,38824478,171510,16738,41,43,30062301,10109,0,0,58665
2026-04-24 19:29:19,111956976,47475,38840933,171585,16530,39,43,30083957,21656,0,0,64206
2026-04-24 19:29:20,112005489,48513,38857735,171659,16876,41,43,30094996,11039,0,0,68903
2026-04-24 19:29:21,112054282,48793,38874665,171740,17011,41,43,30105403,10407,0,0,75129
2026-04-24 19:29:22,112101536,47254,38891074,171803,16472,41,43,30116013,10610,0,0,79695
2026-04-24 19:29:24,112149741,48205,38907810,171871,16804,40,43,30126537,10524,0,0,80211
2026-04-24 19:29:25,112196864,47123,38924135,171941,16395,40,43,30137137,10600,0,0,19055
2026-04-24 19:29:26,112244477,47613,38940640,172018,16582,40,43,30157989,20852,0,0,33424
2026-04-24 19:29:27,112292084,47607,38957161,172089,16592,36,43,30168518,10529,0,0,45633
2026-04-24 19:29:28,112338625,46541,38973343,172142,16235,40,43,30179396,10878,0,0,49811
2026-04-24 19:29:29,112386340,47715,38989909,172221,16645,41,43,30189484,10088,0,0,61201
2026-04-24 19:29:31,112432727,46387,39006008,172313,16191,39,43,30200769,11285,0,0,64901
2026-04-24 19:29:32,112477786,45059,39021620,172391,15690,39,43,30211085,10316,0,0,48185
2026-04-24 19:29:33,112524407,46621,39037791,172473,16253,38,43,30231740,20655,0,0,56185
2026-04-24 19:29:34,112571504,47097,39054111,172556,16403,39,43,30242211,10471,0,0,62207
2026-04-24 19:29:35,112620386,48882,39071100,172625,17058,41,43,30252671,10460,0,0,70483
2026-04-24 19:29:36,112668550,48164,39087828,172694,16797,40,43,30263877,11206,0,0,72135
2026-04-24 19:29:38,112716921,48371,39104586,172768,16832,40,43,30275468,11591,0,0,71721
2026-04-24 19:29:39,112765622,48701,39121495,172846,16987,41,43,30286193,10725,0,0,67848
2026-04-24 19:29:40,112813348,47726,39138039,172915,16613,41,43,30308018,21825,0,0,71978
2026-04-24 19:29:41,112862655,49307,39155169,172978,17193,40,43,30318629,10611,0,0,75783
2026-04-24 19:29:42,112910494,47839,39171782,173047,16682,39,43,30329633,11004,0,0,79774
2026-04-24 19:29:43,112958882,48388,39188604,173127,16902,40,43,30340432,10799,0,0,78747
2026-04-24 19:29:45,113008014,49132,39205702,173210,17181,36,43,30352425,11993,0,0,75337
2026-04-24 19:29:46,113054828,46814,39221944,173286,16318,41,43,30363685,11260,0,0,58093
2026-04-24 19:29:47,113103472,48644,39238811,173369,16950,40,43,30385720,22035,0,0,59298
2026-04-24 19:29:48,113152548,49076,39255869,173438,17127,39,43,30397378,11658,0,0,63037
2026-04-24 19:29:49,113201929,49381,39272978,173533,17204,38,43,30408363,10985,0,0,69261
2026-04-24 19:29:50,113250799,48870,39289923,173614,17026,40,43,30419065,10702,0,0,76976
2026-04-24 19:29:52,113300025,49226,39307043,173694,17200,40,43,30430167,11102,0,0,73244
2026-04-24 19:29:53,113350285,50260,39324463,173768,17494,41,43,30441264,11097,0,0,70815
2026-04-24 19:29:54,113400064,49779,39341752,173844,17365,40,43,30464230,22966,0,0,76996
2026-04-24 19:29:55,113451727,51663,39359675,173945,18024,40,43,30475943,11713,0,0,79489
2026-04-24 19:29:56,113502122,50395,39377165,174013,17558,39,43,30487659,11716,0,0,83655
2026-04-24 19:29:57,113551931,49809,39394442,174093,17357,41,43,30498737,11078,0,0,85421
2026-04-24 19:29:59,113602123,50192,39411845,174173,17483,38,43,30509895,11158,0,0,78132
2026-04-24 19:30:00,113649960,47837,39428477,174245,16704,41,43,30521590,11695,0,0,79090
2026-04-24 19:30:01,113699179,49219,39445540,174320,17138,39,43,30544302,22712,0,0,82344
2026-04-24 19:30:02,113746643,47464,39462029,174404,16573,40,43,30555887,11585,0,0,85308
2026-04-24 19:30:03,113796737,50094,39479403,174485,17455,41,43,30567093,11206,0,0,88708
2026-04-24 19:30:04,113845365,48628,39496297,174545,16954,40,43,30578422,11329,0,0,92186
2026-04-24 19:30:06,113895212,49847,39513586,174611,17355,31,43,30590158,11736,0,0,82041
2026-04-24 19:30:07,113943661,48449,39530412,174684,16899,41,43,30600776,10618,0,0,76939
2026-04-24 19:30:08,113993123,49462,39547542,174755,17201,39,43,30623363,22587,0,0,75833
2026-04-24 19:30:09,114042887,49764,39564781,174825,17309,38,43,30634280,10917,0,0,74754
2026-04-24 19:30:10,114092692,49805,39582082,174899,17375,37,43,30645608,11328,0,0,77014
2026-04-24 19:30:11,114141110,48418,39598917,174972,16908,40,43,30658006,12398,0,0,78944
2026-04-24 19:30:13,114189792,48682,39615821,175045,16977,41,43,30669453,11447,0,0,69415
2026-04-24 19:30:14,114237933,48141,39632503,175120,16757,40,43,30680785,11332,0,0,72187
2026-04-24 19:30:15,114287859,49926,39649871,175190,17438,38,43,30703709,22924,0,0,74583
2026-04-24 19:30:16,114337164,49305,39666983,175262,17184,41,43,30715347,11638,0,0,74529
2026-04-24 19:30:17,114388683,51519,39684841,175344,17940,40,43,30726763,11416,0,0,76442
2026-04-24 19:30:19,114437343,48660,39701701,175420,16936,40,43,30738098,11335,0,0,19599
2026-04-24 19:30:20,114485474,48131,39718423,175494,16796,41,43,30748842,10744,0,0,32369
2026-04-24 19:30:21,114533366,47892,39735038,175576,16697,37,43,30772118,23276,0,0,43946
2026-04-24 19:30:22,114581468,48102,39751697,175662,16745,39,43,30783682,11564,0,0,54395
2026-04-24 19:30:23,114630812,49344,39768796,175738,17175,41,43,30794666,10984,0,0,62274
2026-04-24 19:30:24,114679656,48844,39785755,175828,17049,40,43,30806167,11501,0,0,69483
2026-04-24 19:30:26,114728300,48644,39802617,175898,16932,37,43,30817038,10871,0,0,62221
2026-04-24 19:30:27,114775419,47119,39818987,175959,16431,41,43,30828593,11555,0,0,31101
2026-04-24 19:30:28,114823675,48256,39835735,176030,16819,40,43,30850382,21789,0,0,35003
2026-04-24 19:30:29,114871837,48162,39852427,176101,16763,39,43,30862221,11839,0,0,44509
2026-04-24 19:30:30,114921035,49198,39869484,176180,17136,39,43,30873773,11552,0,0,57000
2026-04-24 19:30:31,114970095,49060,39886500,176253,17089,37,43,30884914,11141,0,0,39859
2026-04-24 19:30:33,115018208,48113,39903184,176334,16765,36,43,30895411,10497,0,0,49291
2026-04-24 19:30:34,115065274,47066,39919515,176413,16410,41,43,30907433,12022,0,0,57365
2026-04-24 19:30:35,115113062,47788,39936057,176492,16621,33,43,30930490,23057,0,0,67794
2026-04-24 19:30:36,115162373,49311,39953158,176570,17179,41,43,30942106,11616,0,0,71264
2026-04-24 19:30:37,115210423,48050,39969784,176658,16714,40,43,30952552,10446,0,0,33692
2026-04-24 19:30:39,115259977,49554,39986986,176725,17269,39,43,30964393,11841,0,0,45049
2026-04-24 19:30:40,115308623,48646,40003858,176797,16944,40,43,30975807,11414,0,0,39033
2026-04-24 19:30:41,115355393,46770,40020091,176870,16306,33,43,30988030,12223,0,0,46382
2026-04-24 19:30:42,115403550,48157,40036819,176935,16793,40,43,31011826,23796,0,0,55940
2026-04-24 19:30:43,115453287,49737,40054072,177023,17341,39,43,31022810,10984,0,0,62710
2026-04-24 19:30:44,115501365,48078,40070737,177105,16747,39,43,31035048,12238,0,0,70287
2026-04-24 19:30:46,115549352,47987,40087404,177192,16754,41,43,31047155,12107,0,0,66306
2026-04-24 19:30:47,115596629,47277,40103805,177270,16479,41,43,31059136,11981,0,0,64897
2026-04-24 19:30:48,115644348,47719,40120348,177331,16604,36,43,31083344,24208,0,0,68194
2026-04-24 19:30:49,115692872,48524,40137220,177398,16939,37,43,31095612,12268,0,0,72983
2026-04-24 19:30:50,115741069,48197,40153936,177463,16781,39,43,31108270,12658,0,0,80915
2026-04-24 19:30:51,115789644,48575,40170801,177538,16940,40,43,31120273,12003,0,0,82226
2026-04-24 19:30:53,115838082,48438,40187568,177615,16844,40,43,31132754,12481,0,0,73510
2026-04-24 19:30:54,115886120,48038,40204230,177686,16733,41,43,31144470,11716,0,0,72554
2026-04-24 19:30:55,115932082,45962,40220168,177772,16024,40,43,31168383,23913,0,0,73215
2026-04-24 19:30:56,115980740,48658,40237034,177847,16941,41,43,31179705,11322,0,0,76093
2026-04-24 19:30:57,116030529,49789,40254287,177918,17324,39,43,31191191,11486,0,0,79135
2026-04-24 19:30:58,116080319,49790,40271566,177994,17355,40,43,31204243,13052,0,0,80647
2026-04-24 19:31:00,116128985,48666,40288498,178058,16996,36,43,31216682,12439,0,0,70396
2026-04-24 19:31:01,116173907,44922,40304064,178123,15631,41,43,31229139,12457,0,0,72156
2026-04-24 19:31:02,116220651,46744,40320274,178196,16283,41,43,31253154,24015,0,0,75122
2026-04-24 19:31:03,116268598,47947,40336876,178281,16687,39,43,31265317,12163,0,0,78496
2026-04-24 19:31:04,116317071,48473,40353697,178361,16901,38,43,31277340,12023,0,0,83619
2026-04-24 19:31:05,116364943,47872,40370303,178433,16678,39,43,31289912,12572,0,0,86152
2026-04-24 19:31:07,116410979,46036,40386278,178511,16053,39,43,31302355,12443,0,0,43972
2026-04-24 19:31:08,116456485,45506,40402049,178592,15852,30,43,31314582,12227,0,0,53268
2026-04-24 19:31:09,116501874,45389,40417786,178678,15823,41,43,31339290,24708,0,0,63065
2026-04-24 19:31:10,116550177,48303,40434541,178751,16828,40,43,31351355,12065,0,0,68317
2026-04-24 19:31:11,116597533,47356,40450937,178832,16477,40,43,31363960,12605,0,0,71945
2026-04-24 19:31:12,116645958,48425,40467740,178907,16878,37,43,31376284,12324,0,0,72522
2026-04-24 19:31:14,116691321,45363,40483502,178960,15815,36,43,31389436,13152,0,0,65482
2026-04-24 19:31:15,116737315,45994,40499436,179040,16014,40,43,31401195,11759,0,0,68245
2026-04-24 19:31:16,116782328,45013,40515061,179114,15699,40,43,31425742,24547,0,0,71683
2026-04-24 19:31:17,116829782,47454,40531579,179176,16580,32,43,31438130,12388,0,0,72282
2026-04-24 19:31:18,116875735,45953,40547508,179242,15995,41,43,31451877,13747,0,0,77035
2026-04-24 19:31:19,116923043,47308,40563909,179323,16482,39,43,31464186,12309,0,0,79591
2026-04-24 19:31:21,116970651,47608,40580430,179390,16588,41,43,31476207,12021,0,0,71354
2026-04-24 19:31:22,117012996,42345,40595112,179454,14746,41,43,31488750,12543,0,0,71114
2026-04-24 19:31:23,117058054,45058,40610713,179514,15661,40,43,31512665,23915,0,0,70975
2026-04-24 19:31:24,117103657,45603,40626529,179577,15879,36,43,31525705,13040,0,0,69340
2026-04-24 19:31:25,117149918,46261,40642590,179633,16117,40,43,31537781,12076,0,0,73546
2026-04-24 19:31:26,117194375,44457,40658022,179703,15502,40,43,31549767,11986,0,0,69405
2026-04-24 19:31:28,117239073,44698,40673540,179764,15579,41,43,31561779,12012,0,0,55087
2026-04-24 19:31:29,117282011,42938,40688444,179829,14969,41,43,31573844,12065,0,0,58631
2026-04-24 19:31:30,117328763,46752,40704641,179899,16267,38,43,31597906,24062,0,0,64084
2026-04-24 19:31:31,117375644,46881,40720939,179974,16373,40,43,31610986,13080,0,0,68582
2026-04-24 19:31:32,117420804,45160,40736591,180040,15718,33,43,31623246,12260,0,0,73008
2026-04-24 19:31:34,117466375,45571,40752407,180114,15890,41,43,31636157,12911,0,0,79215
2026-04-24 19:31:35,117510218,43843,40767669,180173,15321,40,43,31648285,12128,0,0,75113
2026-04-24 19:31:36,117550909,40691,40781788,180229,14175,40,43,31660628,12343,0,0,73633
2026-04-24 19:31:37,117594495,43586,40796902,180308,15193,36,43,31684631,24003,0,0,74494
2026-04-24 19:31:38,117639732,45237,40812622,180368,15780,40,43,31696623,11992,0,0,76800
2026-04-24 19:31:39,117684875,45143,40828294,180430,15734,40,43,31709412,12789,0,0,80106
2026-04-24 19:31:41,117729159,44284,40843657,180512,15445,39,43,31722672,13260,0,0,80607
2026-04-24 19:31:42,117775045,45886,40859602,180576,16009,35,43,31733978,11306,0,0,69717
2026-04-24 19:31:43,117820110,45065,40875196,180646,15664,41,43,31746764,12786,0,0,73013
2026-04-24 19:31:44,117867617,47507,40891703,180734,16595,35,43,31771459,24695,0,0,76683
2026-04-24 19:31:45,117915879,48262,40908446,180805,16814,38,43,31785570,14111,0,0,52608
2026-04-24 19:31:46,117964467,48588,40925305,180885,16939,36,43,31798738,13168,0,0,57939
2026-04-24 19:31:48,118012557,48090,40941998,180968,16776,39,43,31812414,13676,0,0,59201
2026-04-24 19:31:49,118059249,46692,40958254,181035,16323,41,43,31826235,13821,0,0,53439
2026-04-24 19:31:50,118103940,44691,40973781,181106,15598,41,43,31839688,13453,0,0,53930
2026-04-24 19:31:51,118150192,46252,40989799,181185,16097,38,43,31866184,26496,0,0,62514
2026-04-24 19:31:52,118196453,46261,41005848,181240,16104,39,43,31879306,13122,0,0,67861
2026-04-24 19:31:53,118244053,47600,41022343,181312,16567,40,43,31892167,12861,0,0,74397
2026-04-24 19:31:55,118287455,43402,41037379,181371,15095,40,43,31904752,12585,0,0,78375
2026-04-24 19:31:56,118332362,44907,41052982,181447,15679,41,43,31916422,11670,0,0,66395
2026-04-24 19:31:57,118376455,44093,41068242,181527,15340,40,43,31929969,13547,0,0,67258
2026-04-24 19:31:58,118421663,45208,41083914,181604,15749,41,43,31955349,25380,0,0,23827
2026-04-24 19:31:59,118472016,50353,41101348,181693,17523,40,43,31968545,13196,0,0,32249
2026-04-24 19:32:00,118518379,46363,41117458,181766,16183,37,43,31982008,13463,0,0,37628
2026-04-24 19:32:02,118565727,47348,41133876,181830,16482,40,43,31994342,12334,0,0,49405
2026-04-24 19:32:03,118611327,45600,41149739,181892,15925,41,43,32007532,13190,0,0,54997
2026-04-24 19:32:04,118655909,44582,41165186,181972,15527,36,43,32019563,12031,0,0,61058
2026-04-24 19:32:05,118701083,45174,41180856,182041,15739,40,43,32046305,26742,0,0,68855
2026-04-24 19:32:06,118747462,46379,41196957,182117,16177,38,43,32059792,13487,0,0,75164
2026-04-24 19:32:07,118793445,45983,41212935,182185,16046,41,43,32072234,12442,0,0,79387
2026-04-24 19:32:09,118838888,45443,41228721,182241,15842,39,43,32085771,13537,0,0,80031
2026-04-24 19:32:10,118884702,45814,41244651,182312,16001,41,43,32097362,11591,0,0,75710
2026-04-24 19:32:11,118927659,42957,41259587,182375,14999,41,43,32111136,13774,0,0,77367
2026-04-24 19:32:12,118971754,44095,41274895,182430,15363,37,43,32136412,25276,0,0,76764
2026-04-24 19:32:13,119017766,46012,41290870,182499,16044,40,43,32149675,13263,0,0,79523
2026-04-24 19:32:14,119061886,44120,41306187,182583,15401,39,43,32162965,13290,0,0,82370
2026-04-24 19:32:16,119103969,42083,41320784,182640,14654,40,43,32176028,13063,0,0,81572
2026-04-24 19:32:17,119143163,39194,41334404,182700,13680,41,43,32187201,11173,0,0,68987
2026-04-24 19:32:18,119181518,38355,41347716,182763,13375,41,43,32198857,11656,0,0,69889
2026-04-24 19:32:19,119223419,41901,41362212,182829,14562,38,43,32222775,23918,0,0,71549
2026-04-24 19:32:20,119268141,44722,41377750,182898,15607,38,43,32234539,11764,0,0,74553
2026-04-24 19:32:21,119314932,46791,41393952,182970,16274,37,43,32246674,12135,0,0,79297
2026-04-24 19:32:23,119362286,47354,41410371,183037,16486,41,43,32259895,13221,0,0,79723
2026-04-24 19:32:24,119410816,48530,41427224,183114,16930,38,43,32272561,12666,0,0,70431
2026-04-24 19:32:25,119456479,45663,41443120,183177,15959,41,43,32286426,13865,0,0,73646
2026-04-24 19:32:26,119502064,45585,41458929,183244,15876,40,43,32314302,27876,0,0,9408
2026-04-24 19:32:27,119550414,48350,41475674,183324,16825,38,43,32327594,13292,0,0,23896
2026-04-24 19:32:28,119597234,46820,41491916,183401,16319,41,43,32340144,12550,0,0,36312
2026-04-24 19:32:30,119641366,44132,41507244,183471,15398,41,43,32353607,13463,0,0,47612
2026-04-24 19:32:31,119687030,45664,41523120,183544,15949,32,43,32366324,12717,0,0,53400
2026-04-24 19:32:32,119733809,46779,41539358,183621,16315,40,43,32379541,13217,0,0,59316
2026-04-24 19:32:33,119779182,45373,41555112,183679,15812,37,43,32406658,27117,0,0,61494
2026-04-24 19:32:34,119828104,48922,41572089,183745,17043,39,43,32419077,12419,0,0,69860
2026-04-24 19:32:35,119878883,50779,41589691,183810,17667,38,43,32432603,13526,0,0,76840
2026-04-24 19:32:37,119930428,51545,41607549,183885,17933,41,43,32446360,13757,0,0,83631
2026-04-24 19:32:38,119980618,50190,41624931,183979,17476,36,43,32459749,13389,0,0,74092
2026-04-24 19:32:39,120029646,49028,41641955,184055,17100,41,43,32472913,13164,0,0,74552
2026-04-24 19:32:40,120076754,47108,41658268,184127,16385,41,43,32500405,27492,0,0,72705
2026-04-24 19:32:41,120120720,43966,41673567,184192,15364,38,43,32514248,13843,0,0,48947
2026-04-24 19:32:42,120169419,48699,41690459,184270,16970,39,43,32526749,12501,0,0,56167
2026-04-24 19:32:44,120218611,49192,41707516,184335,17122,40,43,32539625,12876,0,0,58995
2026-04-24 19:32:45,120267504,48893,41724467,184420,17036,41,43,32552515,12890,0,0,56652
2026-04-24 19:32:46,120314388,46884,41740746,184495,16354,36,43,32564973,12458,0,0,40235
2026-04-24 19:32:47,120363265,48877,41757661,184567,16987,39,43,32590673,25700,0,0,47482
2026-04-24 19:32:48,120411808,48543,41774486,184652,16910,41,43,32602567,11894,0,0,50935
2026-04-24 19:32:49,120460697,48889,41791464,184729,17055,39,43,32615467,12900,0,0,54846
2026-04-24 19:32:51,120510594,49897,41808771,184816,17394,38,43,32628562,13095,0,0,58579
2026-04-24 19:32:52,120559874,49280,41825870,184895,17178,41,43,32641685,13123,0,0,64040
2026-04-24 19:32:53,120606482,46608,41842031,184955,16221,41,43,32667559,25874,0,0,70421
2026-04-24 19:32:54,120654621,48139,41858719,185036,16769,39,43,32680385,12826,0,0,76917
2026-04-24 19:32:55,120702143,47522,41875190,185111,16546,37,43,32693583,13198,0,0,75366
2026-04-24 19:32:56,120750386,48243,41891908,185188,16795,38,43,32706045,12462,0,0,65560
2026-04-24 19:32:58,120798666,48280,41908662,185244,16810,39,43,32718367,12322,0,0,63739
2026-04-24 19:32:59,120846480,47814,41925277,185314,16685,31,43,32731349,12982,0,0,60291
2026-04-24 19:33:00,120893996,47516,41941767,185380,16556,41,43,32756297,24948,0,0,62740
2026-04-24 19:33:01,120942936,48940,41958749,185445,17047,39,43,32769082,12785,0,0,64740
2026-04-24 19:33:02,120991725,48789,41975649,185524,16979,37,43,32781162,12080,0,0,72503
2026-04-24 19:33:03,121041913,50188,41993065,185595,17487,38,43,32793093,11931,0,0,76891
2026-04-24 19:33:05,121090469,48556,42009889,185670,16899,41,43,32806279,13186,0,0,52954
2026-04-24 19:33:06,121137712,47243,42026251,185742,16434,40,43,32819708,13429,0,0,58913
2026-04-24 19:33:07,121186841,49129,42043264,185806,17077,41,43,32843210,23502,0,0,68588
2026-04-24 19:33:08,121236080,49239,42060344,185901,17175,39,43,32856475,13265,0,0,71100
2026-04-24 19:33:09,121285470,49390,42077456,185975,17186,40,43,32869647,13172,0,0,73918
2026-04-24 19:33:11,121333686,48216,42094151,186058,16778,39,43,32881662,12015,0,0,77511
2026-04-24 19:33:12,121381039,47353,42110620,186126,16537,38,43,32893737,12075,0,0,73526
2026-04-24 19:33:13,121428362,47323,42127064,186198,16516,40,43,32907035,13298,0,0,78119
2026-04-24 19:33:14,121476787,48425,42143843,186275,16856,38,43,32932082,25047,0,0,81030
2026-04-24 19:33:15,121526085,49298,42160951,186366,17199,40,43,32944400,12318,0,0,87225
2026-04-24 19:33:16,121573848,47763,42177534,186443,16660,40,43,32957765,13365,0,0,88396
2026-04-24 19:33:18,121621684,47836,42194148,186518,16689,41,43,32970776,13011,0,0,86590
2026-04-24 19:33:19,121671036,49352,42211302,186579,17215,41,43,32982890,12114,0,0,63835
2026-04-24 19:33:20,121719283,48247,42228020,186653,16792,31,43,32995894,13004,0,0,65929
2026-04-24 19:33:21,121768637,49354,42245151,186739,17217,39,43,33020201,24307,0,0,70466
2026-04-24 19:33:22,121818219,49582,42262365,186816,17291,39,43,33032623,12422,0,0,71785
2026-04-24 19:33:23,121867506,49287,42279472,186909,17200,41,43,33045301,12678,0,0,71402
2026-04-24 19:33:25,121917584,50078,42296849,187001,17469,40,43,33058204,12903,0,0,75533
2026-04-24 19:33:26,121965928,48344,42313652,187078,16880,41,43,33070815,12611,0,0,68564
2026-04-24 19:33:27,122015601,49673,42330856,187151,17277,39,43,33095276,24461,0,0,74799
2026-04-24 19:33:28,122064777,49176,42347971,187223,17187,37,43,33108518,13242,0,0,75965
2026-04-24 19:33:29,122114564,49787,42365226,187313,17345,40,43,33121445,12927,0,0,81698
2026-04-24 19:33:30,122165077,50513,42382732,187386,17579,37,43,33133600,12155,0,0,88624
2026-04-24 19:33:32,122216199,51122,42400477,187466,17825,39,43,33146365,12765,0,0,94038
2026-04-24 19:33:33,122266560,50361,42417972,187536,17565,41,43,33158649,12284,0,0,82162
2026-04-24 19:33:34,122315992,49432,42435120,187601,17213,34,43,33183045,24396,0,0,84966
2026-04-24 19:33:35,122365291,49299,42452231,187670,17180,39,43,33195649,12604,0,0,84021
2026-04-24 19:33:36,122415629,50338,42469689,187760,17548,39,43,33208668,13019,0,0,86231
2026-04-24 19:33:37,122465480,49851,42486984,187837,17372,40,43,33220500,11832,0,0,82513
2026-04-24 19:33:39,122515129,49649,42504206,187912,17297,37,43,33233239,12739,0,0,84767
2026-04-24 19:33:40,122565466,50337,42521670,187981,17533,40,43,33244973,11734,0,0,73784
2026-04-24 19:33:41,122613268,47802,42538290,188043,16682,40,43,33257328,12355,0,0,74464
2026-04-24 19:33:42,122660660,47392,42554739,188113,16519,35,43,33280952,23624,0,0,77238
2026-04-24 19:33:43,122709157,48497,42571587,188184,16919,39,43,33292920,11968,0,0,78999
2026-04-24 19:33:44,122757981,48824,42588516,188262,17007,40,43,33304608,11688,0,0,84106
2026-04-24 19:33:45,122806298,48317,42605314,188321,16857,41,43,33316625,12017,0,0,77912
2026-04-24 19:33:47,122855462,49164,42622374,188404,17143,39,43,33328711,12086,0,0,66497
2026-04-24 19:33:48,122900775,45313,42638098,188473,15793,41,43,33339782,11071,0,0,65296
2026-04-24 19:33:49,122949729,48954,42655054,188558,17041,35,43,33361945,22163,0,0,65964
2026-04-24 19:33:50,122998054,48325,42671828,188628,16844,39,43,33374170,12225,0,0,64570
2026-04-24 19:33:51,123047097,49043,42688873,188699,17116,40,43,33385987,11817,0,0,67155
2026-04-24 19:33:53,123094057,46960,42705166,188770,16364,38,43,33397936,11949,0,0,39380
2026-04-24 19:33:54,123141526,47469,42721674,188830,16568,41,43,33409153,11217,0,0,41281
2026-04-24 19:33:55,123189466,47940,42738289,188893,16678,41,43,33420376,11223,0,0,45374
2026-04-24 19:33:56,123238061,48595,42755163,188958,16939,40,43,33442758,22382,0,0,56212
2026-04-24 19:33:57,123286458,48397,42771962,189031,16872,41,43,33454212,11454,0,0,63090
2026-04-24 19:33:58,123335662,49204,42789036,189102,17145,38,43,33465552,11340,0,0,18161
2026-04-24 19:34:00,123383151,47489,42805530,189165,16557,37,43,33476972,11420,0,0,32273
2026-04-24 19:34:01,123428978,45827,42821463,189234,16002,41,43,33487827,10855,0,0,40599
2026-04-24 19:34:02,123476874,47896,42838093,189300,16696,37,43,33498863,11036,0,0,45755
2026-04-24 19:34:03,123526093,49219,42855121,189378,17106,38,43,33519979,21116,0,0,52110
2026-04-24 19:34:04,123576016,49923,42872435,189459,17395,40,43,33530410,10431,0,0,55127
2026-04-24 19:34:05,123624154,48138,42889136,189517,16759,40,43,33541612,11202,0,0,18891
2026-04-24 19:34:07,123672925,48771,42906100,189579,17026,38,43,33552960,11348,0,0,32230
2026-04-24 19:34:08,123720633,47708,42922685,189640,16646,32,43,33564391,11431,0,0,27789
2026-04-24 19:34:09,123767967,47334,42939105,189715,16495,41,43,33575878,11487,0,0,39084
2026-04-24 19:34:10,123815473,47506,42955610,189772,16562,38,43,33598204,22326,0,0,48346
2026-04-24 19:34:11,123862152,46679,42971792,189835,16245,40,43,33609355,11151,0,0,21291
2026-04-24 19:34:12,123910355,48203,42988549,189904,16826,39,43,33619867,10512,0,0,26117
2026-04-24 19:34:14,123957035,46680,43004707,189993,16247,39,43,33631131,11264,0,0,37495
2026-04-24 19:34:15,124003503,46468,43020844,190053,16197,41,43,33641506,10375,0,0,2078
2026-04-24 19:34:16,124047005,43502,43035926,190120,15149,41,43,33651683,10177,0,0,14007
2026-04-24 19:34:17,124093716,46711,43052140,190188,16282,41,43,33673187,21504,0,0,24125
2026-04-24 19:34:18,124141447,47731,43068724,190240,16636,40,43,33683912,10725,0,0,36070
2026-04-24 19:34:19,124189844,48397,43085542,190306,16884,41,43,33694550,10638,0,0,47136
2026-04-24 19:34:21,124235058,45214,43101255,190362,15769,39,43,33705947,11397,0,0,51585
2026-04-24 19:34:22,124280138,45080,43116880,190423,15686,40,43,33716145,10198,0,0,5886
2026-04-24 19:34:23,124324965,44827,43132453,190488,15638,41,43,33726461,10316,0,0,15028
2026-04-24 19:34:24,124372569,47604,43148927,190557,16543,40,43,33748059,21598,0,0,27853
2026-04-24 19:34:25,124420117,47548,43165431,190637,16584,39,43,33758738,10679,0,0,33575
2026-04-24 19:34:26,124466829,46712,43181650,190697,16279,40,43,33770171,11433,0,0,45094
2026-04-24 19:34:28,124513804,46975,43197925,190776,16354,41,43,33780667,10496,0,0,16190
2026-04-24 19:34:29,124558176,44372,43213325,190853,15477,40,43,33791196,10529,0,0,25593
2026-04-24 19:34:30,124600696,42520,43228059,190935,14816,41,43,33801441,10245,0,0,36314
2026-04-24 19:34:31,124645292,44596,43243496,191013,15515,37,43,33821465,20024,0,0,44800
2026-04-24 19:34:32,124690883,45591,43259347,191069,15907,40,43,33830921,9456,0,0,54753
2026-04-24 19:34:33,124735563,44680,43274848,191140,15572,41,43,33840715,9794,0,0,57451
2026-04-24 19:34:35,124780228,44665,43290321,191220,15553,39,43,33850557,9842,0,0,53321
2026-04-24 19:34:36,124826276,46048,43306334,191296,16089,41,43,33861187,10630,0,0,54251
2026-04-24 19:34:37,124869886,43610,43321486,191358,15214,30,43,33882858,21671,0,0,58994
2026-04-24 19:34:38,124917260,47374,43337904,191432,16492,39,43,33894250,11392,0,0,65064
2026-04-24 19:34:39,124966459,49199,43354973,191510,17147,41,43,33905071,10821,0,0,69923
2026-04-24 19:34:40,125013650,47191,43371363,191568,16448,37,43,33915751,10680,0,0,74528
2026-04-24 19:34:42,125060911,47261,43387744,191643,16456,40,43,33927231,11480,0,0,27436
2026-04-24 19:34:43,125106961,46050,43403730,191708,16051,41,43,33937360,10129,0,0,40277
2026-04-24 19:34:44,125153819,46858,43419965,191793,16320,40,43,33959197,21837,0,0,50128
2026-04-24 19:34:45,125201479,47660,43436475,191868,16585,39,43,33970047,10850,0,0,52242
2026-04-24 19:34:46,125249157,47678,43452996,191941,16594,40,43,33980357,10310,0,0,57340
2026-04-24 19:34:47,125296096,46939,43469261,192012,16336,40,43,33991176,10819,0,0,41338
2026-04-24 19:34:49,125343899,47803,43485871,192096,16694,35,43,34001566,10390,0,0,44559
2026-04-24 19:34:50,125388333,44434,43501298,192167,15498,41,43,34012799,11233,0,0,13514
2026-04-24 19:34:51,125431044,42711,43516114,192229,14878,39,43,34033901,21102,0,0,25110
2026-04-24 19:34:52,125476805,45761,43532015,192300,15972,40,43,34044369,10468,0,0,34330
2026-04-24 19:34:53,125522147,45342,43547756,192373,15814,40,43,34055447,11078,0,0,45606
2026-04-24 19:34:55,125571524,49377,43564880,192457,17208,38,43,34065961,10514,0,0,39878
2026-04-24 19:34:56,125619317,47793,43581454,192531,16648,38,43,34076847,10886,0,0,46122
2026-04-24 19:34:57,125663801,44484,43596887,192602,15504,38,43,34087589,10742,0,0,7901
2026-04-24 19:34:58,125708822,45021,43612523,192671,15705,40,43,34109507,21918,0,0,20080
2026-04-24 19:34:59,125757105,48283,43629227,192735,16768,41,43,34120262,10755,0,0,30892
2026-04-24 19:35:00,125802758,45653,43645073,192806,15917,37,43,34131445,11183,0,0,28797
2026-04-24 19:35:02,125849981,47223,43661419,192878,16418,38,43,34141780,10335,0,0,34203
2026-04-24 19:35:03,125894194,44213,43676761,192963,15427,41,43,34152580,10800,0,0,18169
2026-04-24 19:35:04,125935825,41631,43691197,193031,14504,36,43,34162990,10410,0,0,25701
2026-04-24 19:35:05,125976259,40434,43705226,193101,14099,41,43,34183798,20808,0,0,30641
2026-04-24 19:35:06,126019714,43455,43720316,193166,15155,34,43,34192814,9016,0,0,41819
2026-04-24 19:35:07,126064698,44984,43735936,193225,15679,40,43,34203385,10571,0,0,45627
2026-04-24 19:35:09,126107509,42811,43750805,193283,14927,40,43,34214278,10893,0,0,13602
2026-04-24 19:35:10,126151500,43991,43766083,193345,15340,41,43,34224062,9784,0,0,25875
2026-04-24 19:35:11,126192688,41188,43780390,193406,14368,41,43,34234194,10132,0,0,12157
2026-04-24 19:35:12,126234522,41834,43794916,193470,14590,40,43,34255300,21106,0,0,24877
2026-04-24 19:35:13,126278561,44039,43810185,193529,15328,41,43,34265320,10020,0,0,36255
2026-04-24 19:35:14,126323516,44955,43825760,193593,15639,41,43,34275200,9880,0,0,46131
2026-04-24 19:35:16,126371151,47635,43842299,193671,16617,39,43,34286012,10812,0,0,38416
2026-04-24 19:35:17,126419884,48733,43859190,193738,16958,40,43,34297835,11823,0,0,37908
2026-04-24 19:35:18,126467690,47806,43875790,193823,16685,40,43,34309092,11257,0,0,45351
2026-04-24 19:35:19,126516351,48661,43892677,193895,16959,41,43,34332825,23733,0,0,55479
2026-04-24 19:35:20,126564417,48066,43909358,193960,16746,39,43,34344863,12038,0,0,67779
2026-04-24 19:35:21,126612661,48244,43926078,194024,16784,32,43,34356441,11578,0,0,73071
2026-04-24 19:35:22,126660770,48109,43942797,194091,16786,40,43,34367913,11472,0,0,79810
2026-04-24 19:35:24,126710318,49548,43959944,194174,17230,40,43,34379284,11371,0,0,72223
2026-04-24 19:35:25,126758243,47925,43976573,194246,16701,40,43,34391006,11722,0,0,68859
2026-04-24 19:35:26,126806439,48196,43993286,194325,16792,41,43,34415121,24115,0,0,39905
2026-04-24 19:35:27,126855159,48720,44010186,194405,16980,39,43,34427228,12107,0,0,50129
2026-04-24 19:35:28,126903777,48618,44027046,194473,16928,38,43,34438963,11735,0,0,42553
2026-04-24 19:35:30,126951266,47489,44043513,194545,16539,39,43,34450288,11325,0,0,53150
2026-04-24 19:35:31,126998472,47206,44059913,194599,16454,41,43,34461409,11121,0,0,31040
2026-04-24 19:35:32,127045921,47449,44076418,194655,16561,40,43,34473247,11838,0,0,31639
2026-04-24 19:35:33,127093315,47394,44092865,194727,16519,34,43,34497214,23967,0,0,44382
2026-04-24 19:35:34,127141693,48378,44109649,194801,16858,38,43,34508944,11730,0,0,39896
2026-04-24 19:35:35,127192356,50663,44127248,194880,17678,39,43,34520887,11943,0,0,47186
2026-04-24 19:35:37,127242806,50450,44144811,194951,17634,40,43,34533791,12904,0,0,59532
2026-04-24 19:35:38,127293778,50972,44162448,195042,17728,40,43,34546887,13096,0,0,51515
2026-04-24 19:35:39,127344018,50240,44179877,195119,17506,39,43,34559616,12729,0,0,43733
2026-04-24 19:35:40,127394639,50621,44197434,195195,17633,40,43,34584000,24384,0,0,57286
2026-04-24 19:35:41,127445017,50378,44214903,195281,17555,36,43,34596633,12633,0,0,66016
2026-04-24 19:35:42,127493572,48555,44231731,195352,16899,38,43,34609516,12883,0,0,63502
2026-04-24 19:35:44,127542409,48837,44248676,195441,17034,36,43,34622038,12522,0,0,37157
2026-04-24 19:35:45,127591676,49267,44265756,195518,17157,40,43,34633993,11955,0,0,38832
2026-04-24 19:35:46,127639424,47748,44282319,195602,16647,41,43,34646733,12740,0,0,47561
2026-04-24 19:35:47,127687725,48301,44299088,195665,16832,38,43,34671136,24403,0,0,55893
2026-04-24 19:35:48,127736218,48493,44315896,195758,16901,38,43,34683582,12446,0,0,13255
2026-04-24 19:35:49,127784257,48039,44332557,195830,16733,39,43,34696596,13014,0,0,27253
2026-04-24 19:35:51,127832601,48344,44349328,195911,16852,40,43,34709357,12761,0,0,40610
2026-04-24 19:35:52,127880795,48194,44366066,195985,16812,39,43,34721540,12183,0,0,46144
2026-04-24 19:35:53,127928361,47566,44382550,196054,16553,39,43,34745997,24457,0,0,48844
2026-04-24 19:35:54,127976410,48049,44399238,196130,16764,37,43,34758648,12651,0,0,61285
2026-04-24 19:35:55,128025609,49199,44416314,196209,17155,40,43,34771375,12727,0,0,67781
2026-04-24 19:35:56,128072174,46565,44432448,196284,16209,41,43,34783703,12328,0,0,17616
2026-04-24 19:35:58,128120658,48484,44449251,196372,16891,41,43,34794844,11141,0,0,24799
2026-04-24 19:35:59,128167143,46485,44465399,196440,16216,40,43,34807333,12489,0,0,24790
2026-04-24 19:36:00,128214764,47621,44481881,196511,16553,41,43,34831011,23678,0,0,27908
2026-04-24 19:36:01,128262818,48054,44498577,196584,16769,40,43,34842967,11956,0,0,38799
2026-04-24 19:36:02,128310278,47460,44515073,196659,16571,40,43,34855703,12736,0,0,47545
2026-04-24 19:36:03,128358325,48047,44531747,196733,16748,37,43,34868247,12544,0,0,31078
2026-04-24 19:36:05,128405351,47026,44548103,196798,16421,40,43,34881093,12846,0,0,31883
2026-04-24 19:36:06,128452469,47118,44564485,196870,16454,35,43,34893685,12592,0,0,38292
2026-04-24 19:36:07,128499821,47352,44580933,196943,16521,40,43,34919327,25642,0,0,43367
2026-04-24 19:36:08,128547241,47420,44597402,197006,16532,40,43,34932225,12898,0,0,10144
2026-04-24 19:36:09,128596755,49514,44614532,197088,17212,38,43,34944309,12084,0,0,25113
2026-04-24 19:36:11,128646779,50024,44631868,197178,17426,40,43,34956643,12334,0,0,39014
2026-04-24 19:36:12,128693967,47188,44648272,197249,16475,40,43,34968956,12313,0,0,20565
2026-04-24 19:36:13,128740503,46536,44664400,197320,16199,37,43,34981928,12972,0,0,29670
2026-04-24 19:36:14,128788328,47825,44680966,197398,16644,40,43,35007894,25966,0,0,40841
2026-04-24 19:36:15,128835934,47606,44697505,197466,16607,41,43,35020496,12602,0,0,52859
2026-04-24 19:36:16,128883457,47523,44713998,197546,16573,39,43,35033636,13140,0,0,49501
2026-04-24 19:36:18,128931986,48529,44730794,197631,16881,39,43,35046350,12714,0,0,61524
2026-04-24 19:36:19,128979237,47251,44747209,197689,16473,41,43,35059235,12885,0,0,58052
2026-04-24 19:36:20,129026085,46848,44763482,197755,16339,37,43,35085363,26128,0,0,35535
2026-04-24 19:36:21,129074042,47957,44780160,197823,16746,41,43,35098570,13207,0,0,49937
2026-04-24 19:36:22,129121608,47566,44796671,197887,16575,38,43,35111595,13025,0,0,58417
2026-04-24 19:36:23,129169671,48063,44813381,197955,16778,40,43,35124074,12479,0,0,23065
2026-04-24 19:36:25,129217483,47812,44829945,198029,16638,39,43,35137331,13257,0,0,31564
2026-04-24 19:36:26,129263115,45632,44845818,198102,15946,40,43,35149840,12509,0,0,22126
2026-04-24 19:36:27,129308304,45189,44861491,198167,15738,40,43,35176325,26485,0,0,33061
2026-04-24 19:36:28,129356344,48040,44878124,198259,16725,41,43,35188391,12066,0,0,46728
2026-04-24 19:36:29,129404959,48615,44894968,198354,16939,29,43,35200834,12443,0,0,53323
2026-04-24 19:36:30,129453859,48900,44911911,198430,17019,39,43,35213589,12755,0,0,47516
2026-04-24 19:36:32,129502109,48250,44928664,198494,16817,32,43,35226556,12967,0,0,23598
2026-04-24 19:36:33,129550064,47955,44945289,198559,16690,40,43,35239650,13094,0,0,31440
2026-04-24 19:36:34,129597981,47917,44961928,198631,16711,37,43,35265628,25978,0,0,32471
2026-04-24 19:36:35,129645498,47517,44978445,198693,16579,41,43,35280033,14405,0,0,34372
2026-04-24 19:36:36,129693987,48489,44995302,198762,16926,40,43,35293461,13428,0,0,45336
2026-04-24 19:36:37,129742034,48047,45011966,198838,16740,39,43,35306973,13512,0,0,53276
2026-04-24 19:36:39,129789960,47926,45028611,198912,16719,37,43,35319476,12503,0,0,54922
2026-04-24 19:36:40,129837713,47753,45045199,198989,16665,41,43,35332790,13314,0,0,60310
2026-04-24 19:36:41,129884721,47008,45061478,199066,16356,41,43,35360444,27654,0,0,63906
2026-04-24 19:36:42,129931947,47226,45077857,199135,16448,40,43,35373867,13423,0,0,9543
2026-04-24 19:36:43,129980713,48766,45094759,199204,16971,38,43,35386505,12638,0,0,20459
2026-04-24 19:36:44,130029048,48335,45111555,199293,16885,39,43,35398552,12047,0,0,32594
2026-04-24 19:36:46,130076793,47745,45128130,199357,16639,38,43,35411908,13356,0,0,30261
2026-04-24 19:36:47,130125574,48781,45145013,199430,16956,41,43,35425931,14023,0,0,40242
2026-04-24 19:36:48,130172854,47280,45161418,199502,16477,41,43,35451503,25572,0,0,52181
2026-04-24 19:36:49,130220969,48115,45178120,199568,16768,39,43,35465078,13575,0,0,64507
2026-04-24 19:36:50,130269945,48976,45195134,199631,17077,37,43,35478016,12938,0,0,73024
2026-04-24 19:36:52,130316931,46986,45211444,199708,16387,40,43,35490699,12683,0,0,66307
2026-04-24 19:36:53,130365124,48193,45228164,199781,16793,40,43,35503858,13159,0,0,62738
2026-04-24 19:36:54,130412276,47152,45244511,199847,16413,41,43,35517116,13258,0,0,61974
2026-04-24 19:36:55,130460270,47994,45261144,199932,16718,41,43,35543608,26492,0,0,72575
2026-04-24 19:36:56,130508422,48152,45277856,200004,16784,41,43,35557851,14243,0,0,65852
2026-04-24 19:36:57,130556163,47741,45294406,200087,16633,41,43,35571390,13539,0,0,38663
2026-04-24 19:36:59,130605258,49095,45311419,200153,17079,41,43,35584010,12620,0,0,41949
2026-04-24 19:37:00,130653255,47997,45328158,200218,16804,41,43,35597152,13142,0,0,44097
2026-04-24 19:37:01,130698921,45666,45343993,200277,15894,38,43,35610420,13268,0,0,40869
2026-04-24 19:37:02,130747075,48154,45360708,200354,16792,40,43,35636969,26549,0,0,41891
2026-04-24 19:37:03,130794444,47369,45377162,200428,16528,39,43,35650681,13712,0,0,47912
2026-04-24 19:37:04,130841116,46672,45393368,200511,16289,37,43,35664176,13495,0,0,53206
2026-04-24 19:37:06,130889872,48756,45410263,200590,16974,41,43,35676673,12497,0,0,60884
2026-04-24 19:37:07,130938513,48641,45427130,200651,16928,41,43,35690672,13999,0,0,53279
2026-04-24 19:37:08,130985643,47130,45443482,200734,16435,40,43,35704296,13624,0,0,57950
2026-04-24 19:37:09,131033678,48035,45460124,200809,16717,40,43,35729556,25260,0,0,26913
2026-04-24 19:37:10,131081933,48255,45476851,200895,16813,39,43,35742380,12824,0,0,33509
2026-04-24 19:37:11,131129686,47753,45493382,200956,16592,38,43,35755116,12736,0,0,39451
2026-04-24 19:37:13,131177150,47464,45509847,201039,16548,39,43,35768453,13337,0,0,50499
2026-04-24 19:37:14,131223487,46337,45525917,201115,16146,41,43,35781138,12685,0,0,52921
2026-04-24 19:37:15,131270715,47228,45542299,201177,16444,36,43,35806280,25142,0,0,41977
2026-04-24 19:37:16,131318432,47717,45558828,201258,16610,39,43,35819453,13173,0,0,27440
2026-04-24 19:37:17,131364708,46276,45574845,201338,16097,40,43,35832163,12710,0,0,17969
2026-04-24 19:37:19,131411981,47273,45591272,201423,16512,37,43,35844403,12240,0,0,30954
2026-04-24 19:37:20,131458455,46474,45607405,201494,16204,40,43,35857517,13114,0,0,30900
2026-04-24 19:37:21,131504373,45918,45623331,201563,15995,40,43,35869907,12390,0,0,25328
2026-04-24 19:37:22,131550910,46537,45639421,201636,16163,37,43,35895832,25925,0,0,27187
2026-04-24 19:37:23,131597207,46297,45655507,201709,16159,40,43,35908251,12419,0,0,37233
2026-04-24 19:37:24,131641539,44332,45670903,201770,15457,40,43,35920458,12207,0,0,7954
2026-04-24 19:37:26,131686505,44966,45686464,201849,15640,38,43,35932404,11946,0,0,12708
2026-04-24 19:37:27,131729305,42800,45701300,201915,14902,41,43,35944352,11948,0,0,12672
2026-04-24 19:37:28,131771293,41988,45715865,201970,14620,40,43,35955801,11449,0,0,5314
2026-04-24 19:37:29,131813920,42627,45730633,202047,14845,40,43,35979338,23537,0,0,15075
2026-04-24 19:37:30,131858535,44615,45746140,202115,15575,41,43,35991718,12380,0,0,12156
2026-04-24 19:37:31,131901960,43425,45761204,202196,15145,38,43,36003711,11993,0,0,21603
2026-04-24 19:37:33,131945775,43815,45776437,202252,15289,39,43,36015132,11421,0,0,23050
2026-04-24 19:37:34,131989557,43782,45791630,202302,15243,41,43,36026957,11825,0,0,15094
2026-04-24 19:37:35,132032067,42510,45806368,202373,14809,39,43,36038256,11299,0,0,8808
2026-04-24 19:37:36,132077165,45098,45822010,202445,15714,37,43,36061476,23220,0,0,15642
2026-04-24 19:37:37,132123353,46188,45838052,202514,16111,41,43,36073505,12029,0,0,22416
2026-04-24 19:37:38,132169737,46384,45854172,202576,16182,38,43,36085411,11906,0,0,9632
2026-04-24 19:37:40,132216793,47056,45870507,202637,16396,40,43,36097595,12184,0,0,19156
2026-04-24 19:37:41,132261957,45164,45886172,202716,15744,40,43,36109512,11917,0,0,22225
2026-04-24 19:37:42,132306983,45026,45901815,202775,15702,37,43,36135035,25523,0,0,27159
2026-04-24 19:37:43,132354624,47641,45918370,202837,16617,40,43,36147763,12728,0,0,35777
2026-04-24 19:37:44,132404508,49884,45935695,202896,17384,38,43,36160880,13117,0,0,42773
2026-04-24 19:37:45,132450294,45786,45951625,202963,15997,39,43,36173294,12414,0,0,12051
2026-04-24 19:37:47,132499391,49097,45968634,203031,17077,40,43,36185681,12387,0,0,26147
2026-04-24 19:37:48,132544154,44763,45984207,203089,15631,41,43,36198173,12492,0,0,10135
2026-04-24 19:37:49,132590093,45939,46000117,203153,15974,41,43,36210699,12526,0,0,8668
2026-04-24 19:37:50,132637326,47233,46016510,203205,16445,38,43,36234187,23488,0,0,15291
2026-04-24 19:37:51,132684764,47438,46032974,203273,16532,41,43,36247204,13017,0,0,26659
2026-04-24 19:37:52,132730337,45573,46048800,203341,15894,41,43,36259869,12665,0,0,14253
2026-04-24 19:37:54,132776369,46032,46064772,203405,16036,41,43,36271184,11315,0,0,21310
2026-04-24 19:37:55,132816876,40507,46078883,203467,14173,41,43,36282728,11544,0,0,1419
2026-04-24 19:37:56,132858303,41427,46093279,203528,14457,38,43,36305556,22828,0,0,5027
2026-04-24 19:37:57,132903267,44964,46108866,203594,15653,40,43,36317106,11550,0,0,8702
2026-04-24 19:37:58,132947745,44478,46124311,203653,15504,36,43,36328697,11591,0,0,12970
2026-04-24 19:37:59,132994515,46770,46140540,203723,16299,39,43,36340708,12011,0,0,17031
2026-04-24 19:38:01,133040517,46002,46156494,203794,16025,39,43,36352054,11346,0,0,25288
2026-04-24 19:38:02,133084275,43758,46171653,203861,15226,41,43,36363830,11776,0,0,10696
2026-04-24 19:38:03,133128444,44169,46186918,203932,15336,41,43,36386327,22497,0,0,15351
2026-04-24 19:38:04,133174347,45903,46202843,203998,15991,36,43,36396950,10623,0,0,22223
2026-04-24 19:38:05,133219926,45579,46218678,204065,15902,37,43,36409443,12493,0,0,11228
2026-04-24 19:38:06,133265583,45657,46234522,204141,15920,39,43,36420658,11215,0,0,16585
2026-04-24 19:38:08,133309923,44340,46249916,204208,15461,38,43,36432669,12011,0,0,15866
2026-04-24 19:38:09,133350356,40433,46263972,204264,14112,41,43,36443433,10764,0,0,2252
2026-04-24 19:38:10,133393295,42939,46278846,204326,14936,37,43,36465207,21774,0,0,9218
2026-04-24 19:38:11,133438177,44882,46294411,204391,15630,39,43,36476209,11002,0,0,15884
2026-04-24 19:38:12,133482793,44616,46309891,204462,15551,39,43,36487764,11555,0,0,11273
2026-04-24 19:38:14,133526034,43241,46324910,204531,15088,41,43,36499211,11447,0,0,12296
2026-04-24 19:38:15,133570272,44238,46340276,204599,15434,40,43,36509959,10748,0,0,12420
2026-04-24 19:38:16,133611639,41367,46354634,204654,14413,33,43,36521378,11419,0,0,4037
2026-04-24 19:38:17,133655332,43693,46369792,204717,15221,40,43,36543161,21783,0,0,12267
2026-04-24 19:38:18,133701014,45682,46385630,204788,15909,35,43,36554706,11545,0,0,24567
2026-04-24 19:38:19,133746171,45157,46401315,204855,15752,37,43,36565901,11195,0,0,14421
2026-04-24 19:38:21,133791516,45345,46417043,204922,15795,37,43,36577773,11872,0,0,14125
2026-04-24 19:38:22,133836610,45094,46432696,204980,15711,41,43,36589114,11341,0,0,7229
2026-04-24 19:38:23,133878634,42024,46447280,205039,14643,41,43,36600488,11374,0,0,8483
2026-04-24 19:38:24,133919879,41245,46461605,205093,14379,38,43,36622067,21579,0,0,4258
2026-04-24 19:38:25,133965514,45635,46477415,205174,15891,41,43,36632828,10761,0,0,10659
2026-04-24 19:38:26,134012567,47053,46493710,205246,16367,40,43,36643782,10954,0,0,10998
2026-04-24 19:38:28,134059952,47385,46510128,205317,16489,38,43,36655197,11415,0,0,14387
2026-04-24 19:38:29,134106498,46546,46526266,205389,16210,41,43,36667138,11941,0,0,13163
2026-04-24 19:38:30,134150417,43919,46541500,205456,15301,40,43,36678175,11037,0,0,6216
2026-04-24 19:38:31,134195132,44715,46557021,205520,15585,41,43,36700896,22721,0,0,10300
2026-04-24 19:38:32,134241287,46155,46573031,205593,16083,41,43,36711652,10756,0,0,10769
2026-04-24 19:38:33,134286416,45129,46588680,205667,15723,41,43,36722912,11260,0,0,16465
2026-04-24 19:38:35,134331140,44724,46604217,205741,15611,40,43,36734182,11270,0,0,19569
2026-04-24 19:38:36,134376264,45124,46619869,205803,15714,41,43,36745484,11302,0,0,11723
2026-04-24 19:38:37,134419743,43479,46634959,205876,15163,34,43,36755870,10386,0,0,7153
2026-04-24 19:38:38,134463397,43654,46650103,205947,15215,36,43,36778430,22560,0,0,4686
2026-04-24 19:38:39,134509210,45813,46665950,206027,15927,38,43,36788088,9658,0,0,11617
2026-04-24 19:38:40,134553425,44215,46681259,206096,15378,40,43,36798923,10835,0,0,9267
2026-04-24 19:38:42,134598066,44641,46696739,206166,15550,37,43,36808953,10030,0,0,14887
2026-04-24 19:38:43,134642236,44170,46712088,206241,15424,41,43,36819585,10632,0,0,4514
2026-04-24 19:38:44,134685608,43372,46727075,206315,15061,41,43,36830373,10788,0,0,3487
2026-04-24 19:38:45,134730100,44492,46742503,206399,15512,41,43,36851278,20905,0,0,9941
2026-04-24 19:38:46,134774358,44258,46757819,206467,15384,40,43,36861588,10310,0,0,7379
2026-04-24 19:38:47,134819382,45024,46773466,206545,15725,41,43,36872033,10445,0,0,13580
2026-04-24 19:38:49,134863973,44591,46788935,206610,15534,37,43,36882640,10607,0,0,12200
2026-04-24 19:38:50,134908068,44095,46804235,206682,15372,41,43,36893302,10662,0,0,2629
2026-04-24 19:38:51,134951920,43852,46819413,206760,15256,41,43,36914678,21376,0,0,5303
2026-04-24 19:38:52,134997502,45582,46835188,206843,15858,37,43,36925544,10866,0,0,5192
2026-04-24 19:38:53,135041485,43983,46850442,206922,15333,38,43,36936354,10810,0,0,13267
2026-04-24 19:38:54,135084284,42799,46865309,206985,14930,40,43,36946652,10298,0,0,12464
2026-04-24 19:38:56,135126557,42273,46879997,207036,14739,37,43,36957130,10478,0,0,12217
2026-04-24 19:38:57,135167803,41246,46894284,207112,14363,35,43,36967274,10144,0,0,1701
2026-04-24 19:38:58,135209500,41697,46908738,207176,14518,37,43,36987933,20659,0,0,3833
2026-04-24 19:38:59,135252792,43292,46923774,207239,15099,41,43,36998280,10347,0,0,5784
2026-04-24 19:39:00,135296796,44004,46939068,207301,15356,41,43,37008410,10130,0,0,12737
2026-04-24 19:39:01,135341117,44321,46954440,207372,15443,39,43,37019096,10686,0,0,13463
2026-04-24 19:39:03,135386098,44981,46970065,207436,15689,39,43,37029713,10617,0,0,18643
2026-04-24 19:39:04,135432743,46645,46986217,207513,16229,40,43,37040179,10466,0,0,12643
2026-04-24 19:39:05,135480712,47969,47002838,207589,16697,37,43,37062582,22403,0,0,16434
2026-04-24 19:39:06,135526878,46166,47018829,207651,16053,37,43,37073875,11293,0,0,4988
2026-04-24 19:39:07,135574090,47212,47035229,207719,16468,39,43,37084574,10699,0,0,14737
2026-04-24 19:39:08,135620768,46678,47051479,207780,16311,35,43,37095985,11411,0,0,15712
2026-04-24 19:39:10,135667684,46916,47067794,207863,16398,36,43,37108106,12121,0,0,18410
2026-04-24 19:39:11,135713451,45767,47083666,207928,15937,39,43,37119500,11394,0,0,12956
2026-04-24 19:39:12,135757961,44510,47099113,207997,15516,37,43,37141319,21819,0,0,14925
2026-04-24 19:39:13,135803642,45681,47114964,208078,15932,37,43,37152297,10978,0,0,7607
2026-04-24 19:39:14,135849058,45416,47130681,208151,15790,40,43,37162196,9899,0,0,9940
2026-04-24 19:39:16,135894454,45396,47146444,208239,15851,40,43,37172440,10244,0,0,15488
2026-04-24 19:39:17,135939727,45273,47162204,208301,15822,36,43,37183287,10847,0,0,11878
2026-04-24 19:39:18,135984040,44313,47177555,208380,15430,41,43,37194456,11169,0,0,8279
2026-04-24 19:39:19,136028844,44804,47193103,208441,15609,39,43,37215065,20609,0,0,16256
2026-04-24 19:39:20,136076085,47241,47209461,208520,16437,41,43,37225841,10776,0,0,7022
2026-04-24 19:39:21,136123310,47225,47225804,208594,16417,41,43,37235646,9805,0,0,10125
2026-04-24 19:39:23,136168563,45253,47241528,208666,15796,39,43,37246394,10748,0,0,12420
2026-04-24 19:39:24,136214214,45651,47257380,208747,15933,41,43,37257072,10678,0,0,7731
2026-04-24 19:39:25,136259757,45543,47273165,208817,15855,41,43,37278308,21236,0,0,12296
2026-04-24 19:39:26,136306354,46597,47289354,208883,16255,38,43,37290780,12472,0,0,13835
2026-04-24 19:39:27,136354146,47792,47305912,208950,16625,40,43,37301543,10763,0,0,16833
2026-04-24 19:39:28,136400739,46593,47322062,209034,16234,40,43,37312870,11327,0,0,17753
2026-04-24 19:39:30,136449101,48362,47338830,209105,16839,35,43,37323228,10358,0,0,20446
2026-04-24 19:39:31,136496698,47597,47355334,209186,16585,41,43,37333896,10668,0,0,12726
2026-04-24 19:39:32,136543469,46771,47371530,209264,16274,40,43,37356140,22244,0,0,11154
2026-04-24 19:39:33,136591459,47990,47388222,209327,16755,41,43,37367512,11372,0,0,17521
2026-04-24 19:39:34,136639672,48213,47404920,209417,16788,41,43,37378389,10877,0,0,20625
2026-04-24 19:39:36,136687494,47822,47421497,209490,16650,38,43,37389178,10789,0,0,19681
2026-04-24 19:39:37,136733775,46281,47437562,209559,16134,39,43,37400102,10924,0,0,13694
2026-04-24 19:39:38,136778156,44381,47452977,209635,15491,40,43,37410850,10748,0,0,7901
2026-04-24 19:39:39,136825112,46956,47469272,209699,16359,37,43,37432438,21588,0,0,16705
2026-04-24 19:39:40,136872831,47719,47485821,209780,16630,41,43,37443990,11552,0,0,18252
2026-04-24 19:39:41,136919962,47131,47502166,209857,16422,40,43,37454659,10669,0,0,15865
2026-04-24 19:39:43,136966148,46186,47518176,209928,16081,38,43,37464758,10099,0,0,28032
2026-04-24 19:39:44,137012284,46136,47534183,210001,16080,41,43,37475502,10744,0,0,38639
2026-04-24 19:39:45,137057994,45710,47550061,210066,15943,41,43,37485987,10485,0,0,31133
2026-04-24 19:39:46,137104835,46841,47566287,210133,16293,41,43,37508733,22746,0,0,12279
2026-04-24 19:39:47,137151825,46990,47582611,210200,16391,40,43,37520020,11287,0,0,13172
2026-04-24 19:39:48,137199916,48091,47599280,210268,16737,40,43,37530881,10861,0,0,21424
2026-04-24 19:39:50,137247914,47998,47615884,210333,16669,36,43,37541460,10579,0,0,33177
2026-04-24 19:39:51,137295391,47477,47632348,210399,16530,38,43,37552330,10870,0,0,24723
2026-04-24 19:39:52,137342243,46852,47648635,210465,16353,41,43,37563232,10902,0,0,4609
2026-04-24 19:39:53,137392589,50346,47666032,210550,17482,40,43,37585806,22574,0,0,19408
2026-04-24 19:39:54,137442854,50265,47683505,210622,17545,39,43,37598143,12337,0,0,32192
2026-04-24 19:39:55,137494235,51381,47701309,210710,17892,39,43,37609879,11736,0,0,45362
2026-04-24 19:39:57,137545009,50774,47718907,210780,17668,38,43,37622356,12477,0,0,57085
2026-04-24 19:39:58,137594373,49364,47736058,210852,17223,41,43,37632981,10625,0,0,58050
2026-04-24 19:39:59,137643353,48980,47753027,210941,17058,39,43,37656780,23799,0,0,55383
2026-04-24 19:40:00,137694623,51270,47770850,211011,17893,41,43,37668771,11991,0,0,54479
2026-04-24 19:40:01,137744338,49715,47788113,211085,17337,40,43,37680989,12218,0,0,59792
2026-04-24 19:40:02,137793521,49183,47805159,211169,17130,39,43,37692248,11259,0,0,64235
2026-04-24 19:40:04,137843473,49952,47822495,211245,17412,37,43,37703266,11018,0,0,43046
2026-04-24 19:40:05,137892386,48913,47839480,211316,17056,40,43,37715256,11990,0,0,42817
2026-04-24 19:40:06,137941637,49251,47856544,211389,17137,39,43,37738966,23710,0,0,38747
2026-04-24 19:40:07,137991664,50027,47873872,211467,17406,41,43,37750444,11478,0,0,18714
2026-04-24 19:40:08,138040791,49127,47890969,211541,17171,34,43,37762389,11945,0,0,33520
2026-04-24 19:40:10,138089870,49079,47908003,211619,17112,37,43,37774495,12106,0,0,42190
2026-04-24 19:40:11,138140177,50307,47925409,211695,17482,38,43,37786601,12106,0,0,48251
2026-04-24 19:40:12,138188696,48519,47942258,211759,16913,40,43,37798073,11472,0,0,42985
2026-04-24 19:40:13,138238663,49967,47959595,211845,17423,41,43,37822111,24038,0,0,49806
2026-04-24 19:40:14,138289678,51015,47977307,211932,17799,41,43,37834177,12066,0,0,56701
2026-04-24 19:40:15,138340991,51313,47995086,212013,17860,40,43,37845945,11768,0,0,66483
2026-04-24 19:40:17,138391515,50524,48012651,212101,17653,39,43,37858234,12289,0,0,66506
2026-04-24 19:40:18,138440998,49483,48029834,212179,17261,41,43,37871355,13121,0,0,63523
2026-04-24 19:40:19,138489238,48240,48046536,212268,16791,39,43,37884029,12674,0,0,42863
2026-04-24 19:40:20,138541911,52673,48064788,212346,18330,38,43,37908512,24483,0,0,53650
2026-04-24 19:40:21,138592500,50589,48082369,212421,17656,40,43,37920624,12112,0,0,60589
2026-04-24 19:40:22,138643063,50563,48099921,212491,17622,39,43,37932762,12138,0,0,64102
2026-04-24 19:40:24,138695263,52200,48118012,212584,18184,35,43,37945489,12727,0,0,71443
2026-04-24 19:40:25,138746083,50820,48135657,212671,17732,41,43,37957947,12458,0,0,54561
2026-04-24 19:40:26,138796736,50653,48153251,212742,17665,39,43,37983833,25886,0,0,57786
2026-04-24 19:40:27,138848024,51288,48171024,212823,17854,39,43,37995690,11857,0,0,58986
2026-04-24 19:40:28,138899115,51091,48188707,212905,17765,39,43,38007903,12213,0,0,60161
2026-04-24 19:40:30,138949786,50671,48206306,212990,17684,40,43,38020167,12264,0,0,57723
2026-04-24 19:40:31,139000003,50217,48223710,213075,17489,34,43,38031694,11527,0,0,59996
2026-04-24 19:40:32,139046764,46761,48239915,213151,16281,41,43,38043919,12225,0,0,27554
2026-04-24 19:40:33,139096801,50037,48257308,213214,17456,40,43,38068359,24440,0,0,39194
2026-04-24 19:40:34,139147785,50984,48275010,213295,17783,38,43,38081100,12741,0,0,47658
2026-04-24 19:40:35,139198816,51031,48292715,213368,17778,39,43,38094351,13251,0,0,50717
2026-04-24 19:40:37,139247961,49145,48309804,213442,17163,39,43,38107294,12943,0,0,48793
2026-04-24 19:40:38,139299309,51348,48327629,213517,17900,41,43,38119161,11867,0,0,58010
2026-04-24 19:40:39,139348652,49343,48344739,213600,17193,41,43,38132038,12877,0,0,58816
2026-04-24 19:40:40,139400068,51416,48362535,213689,17885,39,43,38157517,25479,0,0,64539
2026-04-24 19:40:41,139449939,49871,48379887,213770,17433,37,43,38171064,13547,0,0,65258
2026-04-24 19:40:42,139500895,50956,48397582,213851,17776,38,43,38184210,13146,0,0,69808
2026-04-24 19:40:44,139551266,50371,48415097,213921,17585,39,43,38196876,12666,0,0,76209
2026-04-24 19:40:45,139602091,50825,48432736,214006,17724,36,43,38209789,12913,0,0,65191
2026-04-24 19:40:46,139652482,50391,48450182,214084,17524,39,43,38234819,25030,0,0,64307
2026-04-24 19:40:47,139703443,50961,48467821,214151,17706,39,43,38247485,12666,0,0,68917
2026-04-24 19:40:48,139753564,50121,48485202,214220,17450,38,43,38260407,12922,0,0,64031
2026-04-24 19:40:49,139802232,48668,48502150,214286,17014,40,43,38272705,12298,0,0,57014
2026-04-24 19:40:51,139851736,49504,48519354,214355,17273,38,43,38285852,13147,0,0,62871
2026-04-24 19:40:52,139900387,48651,48536241,214425,16957,36,43,38299046,13194,0,0,55751
2026-04-24 19:40:53,139949015,48628,48553073,214511,16918,40,43,38324723,25677,0,0,49546
2026-04-24 19:40:54,139999449,50434,48570557,214607,17580,39,43,38337881,13158,0,0,56578
2026-04-24 19:40:55,140050859,51410,48588414,214677,17927,39,43,38351164,13283,0,0,65761
2026-04-24 19:40:56,140101094,50235,48605824,214760,17493,38,43,38364495,13331,0,0,70921
2026-04-24 19:40:58,140151002,49908,48623176,214838,17430,36,43,38377431,12936,0,0,77209
2026-04-24 19:40:59,140199629,48627,48640017,214929,16932,41,43,38390845,13414,0,0,61645
2026-04-24 19:41:00,140248496,48867,48656917,215001,16972,41,43,38415672,24827,0,0,48778
2026-04-24 19:41:01,140297282,48786,48673821,215078,16981,40,43,38428204,12532,0,0,49855
2026-04-24 19:41:02,140346524,49242,48690867,215163,17131,34,43,38440734,12530,0,0,40593
2026-04-24 19:41:03,140395888,49364,48708018,215229,17217,40,43,38452718,11984,0,0,45160
2026-04-24 19:41:05,140445385,49497,48725215,215296,17264,38,43,38465968,13250,0,0,44572
2026-04-24 19:41:06,140494360,48975,48742184,215367,17040,38,43,38478900,12932,0,0,16525
2026-04-24 19:41:07,140543777,49417,48759340,215449,17238,40,43,38504981,26081,0,0,30770
2026-04-24 19:41:08,140593546,49769,48776631,215525,17367,37,43,38518776,13795,0,0,43361
2026-04-24 19:41:09,140644841,51295,48794411,215605,17860,39,43,38531535,12759,0,0,49915
2026-04-24 19:41:11,140695620,50779,48812022,215674,17680,38,43,38544441,12906,0,0,56384
2026-04-24 19:41:12,140744525,48905,48828980,215744,17028,37,43,38558064,13623,0,0,57972
2026-04-24 19:41:13,140790816,46291,48845051,215811,16138,38,43,38570362,12298,0,0,13916
2026-04-24 19:41:14,140836807,45991,48861013,215876,16027,38,43,38596274,25912,0,0,18873
2026-04-24 19:41:15,140884640,47833,48877601,215944,16656,38,43,38608807,12533,0,0,19932
2026-04-24 19:41:16,140934428,49788,48894883,216027,17365,38,43,38621088,12281,0,0,34031
2026-04-24 19:41:18,140984373,49945,48912189,216104,17383,38,43,38634516,13428,0,0,40482
2026-04-24 19:41:19,141033960,49587,48929377,216184,17268,41,43,38647910,13394,0,0,50861
2026-04-24 19:41:20,141083719,49759,48946635,216256,17330,41,43,38660514,12604,0,0,52921
2026-04-24 19:41:21,141132267,48548,48963472,216325,16906,37,43,38687414,26900,0,0,56404
2026-04-24 19:41:22,141180054,47787,48980055,216396,16654,39,43,38700472,13058,0,0,24548
2026-04-24 19:41:23,141228283,48229,48996769,216484,16802,40,43,38713176,12704,0,0,34583
2026-04-24 19:41:25,141276555,48272,49013534,216550,16831,38,43,38725218,12042,0,0,36891
2026-04-24 19:41:26,141323748,47193,49029929,216622,16467,39,43,38738683,13465,0,0,42202
2026-04-24 19:41:27,141371869,48121,49046652,216695,16796,41,43,38751654,12971,0,0,36467
2026-04-24 19:41:28,141419865,47996,49063279,216765,16697,41,43,38777766,26112,0,0,25802
2026-04-24 19:41:29,141471055,51190,49081027,216835,17818,40,43,38790729,12963,0,0,40019
2026-04-24 19:41:30,141521744,50689,49098631,216907,17676,41,43,38804234,13505,0,0,35411
2026-04-24 19:41:32,141571784,50040,49115990,216985,17437,38,43,38817576,13342,0,0,36285
2026-04-24 19:41:33,141618456,46672,49132211,217058,16294,41,43,38830888,13312,0,0,44814
2026-04-24 19:41:34,141661980,43524,49147340,217124,15195,35,43,38844179,13291,0,0,4164
2026-04-24 19:41:35,141709588,47608,49163875,217197,16608,38,43,38870099,25920,0,0,14048
2026-04-24 19:41:36,141757530,47942,49180546,217263,16737,38,43,38882976,12877,0,0,27547
2026-04-24 19:41:37,141804402,46872,49196797,217335,16323,40,43,38895933,12957,0,0,13950
2026-04-24 19:41:39,141852757,48355,49213583,217399,16850,41,43,38908904,12971,0,0,21183
2026-04-24 19:41:40,141897995,45238,49229258,217468,15744,41,43,38921680,12776,0,0,23097
2026-04-24 19:41:41,141940591,42596,49244014,217541,14829,29,43,38933741,12061,0,0,2634
2026-04-24 19:41:42,141985849,45258,49259697,217623,15765,40,43,38957279,23538,0,0,7259
2026-04-24 19:41:43,142035190,49341,49276773,217716,17169,41,43,38969265,11986,0,0,15806
2026-04-24 19:41:44,142084441,49251,49293878,217787,17176,39,43,38982669,13404,0,0,29982
2026-04-24 19:41:46,142134717,50276,49311371,217861,17567,39,43,38996604,13935,0,0,42161
2026-04-24 19:41:47,142183296,48579,49328205,217948,16921,35,43,39010020,13416,0,0,43077
2026-04-24 19:41:48,142230833,47537,49344694,218015,16556,40,43,39036676,26656,0,0,42554
2026-04-24 19:41:49,142280815,49982,49362045,218085,17421,38,43,39050496,13820,0,0,51723
2026-04-24 19:41:50,142330430,49615,49379278,218166,17314,39,43,39064789,14293,0,0,63260
2026-04-24 19:41:52,142378894,48464,49396128,218254,16938,39,43,39078555,13766,0,0,67247
2026-04-24 19:41:53,142427182,48288,49412880,218327,16825,36,43,39091867,13312,0,0,73414
2026-04-24 19:41:54,142467731,40549,49426950,218387,14130,35,43,39103923,12056,0,0,2889
2026-04-24 19:41:55,142512792,45061,49442558,218462,15683,39,43,39126728,22805,0,0,6211
2026-04-24 19:41:56,142558045,45253,49458304,218537,15821,41,43,39139529,12801,0,0,9094
2026-04-24 19:41:57,142604017,45972,49474252,218611,16022,39,43,39152548,13019,0,0,8683
2026-04-24 19:41:59,142650367,46350,49490374,218683,16194,37,43,39165159,12611,0,0,18777
2026-04-24 19:42:00,142694583,44216,49505724,218736,15403,41,43,39177262,12103,0,0,17975
2026-04-24 19:42:01,142737515,42932,49520625,218792,14957,41,43,39189368,12106,0,0,5818
2026-04-24 19:42:02,142781327,43812,49535844,218853,15280,40,43,39213320,23952,0,0,6436
2026-04-24 19:42:03,142825946,44619,49551369,218909,15581,39,43,39226065,12745,0,0,9354
2026-04-24 19:42:04,142871750,45804,49567263,218982,15967,41,43,39237212,11147,0,0,8628
2026-04-24 19:42:06,142917363,45613,49583055,219051,15861,40,43,39249449,12237,0,0,13647
2026-04-24 19:42:07,142961788,44425,49598472,219119,15485,41,43,39260609,11160,0,0,16998
2026-04-24 19:42:08,143003077,41289,49612792,219174,14375,41,43,39272532,11923,0,0,5863
2026-04-24 19:42:09,143047731,44654,49628223,219246,15503,40,43,39294516,21984,0,0,5058
2026-04-24 19:42:10,143092190,44459,49643635,219313,15479,38,43,39306123,11607,0,0,8131
2026-04-24 19:42:11,143136266,44076,49658935,219372,15359,41,43,39318002,11879,0,0,14644
2026-04-24 19:42:13,143181125,44859,49674511,219450,15654,35,43,39330231,12229,0,0,12465
2026-04-24 19:42:14,143224331,43206,49689508,219521,15068,35,43,39342478,12247,0,0,11776
2026-04-24 19:42:15,143266335,42004,49704045,219588,14604,37,43,39354746,12268,0,0,3744
2026-04-24 19:42:16,143311565,45230,49719700,219667,15734,41,43,39377257,22511,0,0,4842
2026-04-24 19:42:17,143356789,45224,49735379,219739,15751,39,43,39388278,11021,0,0,9236
2026-04-24 19:42:18,143401480,44691,49750882,219804,15568,39,43,39400129,11851,0,0,10805
2026-04-24 19:42:20,143445923,44443,49766289,219883,15486,40,43,39411652,11523,0,0,11263
2026-04-24 19:42:21,143489455,43532,49781365,219963,15156,41,43,39423210,11558,0,0,12684
2026-04-24 19:42:22,143530904,41449,49795773,220023,14468,36,43,39434284,11074,0,0,3422
2026-04-24 19:42:23,143575490,44586,49811205,220081,15490,40,43,39457255,22971,0,0,6499
2026-04-24 19:42:24,143619852,44362,49826591,220150,15455,38,43,39468566,11311,0,0,7014
2026-04-24 19:42:25,143665240,45388,49842318,220206,15783,37,43,39480046,11480,0,0,13876
2026-04-24 19:42:27,143709415,44175,49857651,220253,15380,40,43,39492279,12233,0,0,13631
2026-04-24 19:42:28,143753618,44203,49872992,220317,15405,41,43,39503724,11445,0,0,11325
2026-04-24 19:42:29,143795691,42073,49887592,220376,14659,40,43,39527117,23393,0,0,4867
2026-04-24 19:42:30,143840224,44533,49903051,220450,15533,38,43,39538915,11798,0,0,6451
2026-04-24 19:42:31,143886505,46281,49919078,220517,16094,37,43,39549957,11042,0,0,10170
2026-04-24 19:42:32,143932574,46069,49935065,220570,16040,38,43,39561818,11861,0,0,13977
2026-04-24 19:42:34,143978872,46298,49951113,220643,16121,37,43,39573567,11749,0,0,20051
2026-04-24 19:42:35,144023200,44328,49966474,220711,15429,40,43,39585677,12110,0,0,18119
2026-04-24 19:42:36,144066703,43503,49981583,220766,15164,41,43,39597037,11360,0,0,9154
2026-04-24 19:42:37,144111399,44696,49997101,220829,15581,37,43,39621067,24030,0,0,8108
2026-04-24 19:42:38,144159330,47931,50013697,220896,16663,40,43,39632224,11157,0,0,20118
2026-04-24 19:42:39,144204978,45648,50029515,220973,15895,39,43,39643755,11531,0,0,13908
2026-04-24 19:42:41,144251295,46317,50045587,221041,16140,38,43,39655462,11707,0,0,19768
2026-04-24 19:42:42,144296067,44772,50061134,221110,15616,41,43,39667371,11909,0,0,19361
2026-04-24 19:42:43,144340452,44385,50076566,221192,15514,31,43,39679579,12208,0,0,10256
2026-04-24 19:42:44,144383913,43461,50091662,221260,15164,40,43,39704654,25075,0,0,5239
2026-04-24 19:42:45,144432065,48152,50108372,221331,16781,37,43,39715356,10702,0,0,11956
2026-04-24 19:42:46,144479649,47584,50124898,221412,16607,37,43,39727844,12488,0,0,15050
2026-04-24 19:42:48,144528187,48538,50141712,221493,16895,41,43,39740766,12922,0,0,27080
2026-04-24 19:42:49,144575676,47489,50158196,221555,16546,37,43,39752539,11773,0,0,37270
2026-04-24 19:42:50,144620605,44929,50173783,221617,15649,39,43,39777537,24998,0,0,2773
2026-04-24 19:42:51,144667739,47134,50190118,221697,16415,40,43,39790006,12469,0,0,11452
2026-04-24 19:42:52,144715308,47569,50206619,221763,16567,41,43,39802463,12457,0,0,16979
2026-04-24 19:42:53,144763046,47738,50223171,221861,16650,33,43,39813980,11517,0,0,15850
2026-04-24 19:42:55,144810075,47029,50239489,221922,16379,38,43,39826631,12651,0,0,15303
2026-04-24 19:42:56,144855621,45546,50255290,221984,15863,35,43,39837995,11364,0,0,28571
2026-04-24 19:42:57,144900193,44572,50270747,222060,15533,41,43,39861501,23506,0,0,4669
2026-04-24 19:42:58,144947262,47069,50287081,222125,16399,39,43,39872944,11443,0,0,9807
2026-04-24 19:42:59,144994170,46908,50303356,222198,16348,40,43,39884911,11967,0,0,9546
2026-04-24 19:43:00,145041965,47795,50319944,222284,16674,40,43,39896898,11987,0,0,16768
2026-04-24 19:43:02,145088773,46808,50336177,222360,16309,40,43,39909137,12239,0,0,20814
2026-04-24 19:43:03,145133079,44306,50351587,222419,15469,41,43,39921600,12463,0,0,10404
2026-04-24 19:43:04,145176196,43117,50366558,222477,15029,41,43,39934189,12589,0,0,2869
2026-04-24 19:43:05,145222321,46125,50382546,222542,16053,41,43,39956849,22660,0,0,13117
2026-04-24 19:43:06,145269399,47078,50398863,222610,16385,41,43,39968189,11340,0,0,10053
2026-04-24 19:43:08,145317052,47653,50415385,222677,16589,39,43,39979799,11610,0,0,14850
2026-04-24 19:43:09,145362986,45934,50431344,222751,16033,40,43,39991876,12077,0,0,20600
2026-04-24 19:43:10,145410798,47812,50447940,222823,16668,41,43,40003874,11998,0,0,25595
2026-04-24 19:43:11,145457538,46740,50464151,222878,16266,40,43,40028145,24271,0,0,21656
2026-04-24 19:43:12,145504706,47168,50480542,222956,16469,41,43,40040304,12159,0,0,22357
2026-04-24 19:43:13,145554180,49474,50497689,223041,17232,39,43,40052546,12242,0,0,19805
2026-04-24 19:43:15,145602564,48384,50514512,223109,16891,37,43,40065030,12484,0,0,30662
2026-04-24 19:43:16,145650919,48355,50531294,223190,16863,41,43,40077417,12387,0,0,22492
2026-04-24 19:43:17,145695897,44978,50546937,223260,15713,39,43,40089525,12108,0,0,23955
2026-04-24 19:43:18,145741504,45607,50562795,223348,15946,39,43,40113713,24188,0,0,18382
2026-04-24 19:43:19,145788285,46781,50579040,223423,16320,35,43,40126575,12862,0,0,11838
2026-04-24 19:43:20,145836224,47939,50595648,223504,16689,35,43,40138033,11458,0,0,20438
2026-04-24 19:43:22,145885001,48777,50612536,223570,16954,40,43,40149239,11206,0,0,32424
2026-04-24 19:43:23,145932429,47428,50629015,223635,16544,35,43,40160343,11104,0,0,40619
2026-04-24 19:43:24,145978002,45573,50644818,223698,15866,37,43,40172214,11871,0,0,43186
2026-04-24 19:43:25,146022470,44468,50660232,223765,15481,39,43,40194543,22329,0,0,4124
2026-04-24 19:43:26,146068949,46479,50676327,223844,16174,40,43,40205539,10996,0,0,7351
2026-04-24 19:43:27,146115865,46916,50692579,223925,16333,40,43,40216856,11317,0,0,11197
2026-04-24 19:43:29,146163582,47717,50709089,224022,16607,40,43,40228457,11601,0,0,20021
2026-04-24 19:43:30,146208789,45207,50724819,224081,15789,41,43,40239539,11082,0,0,18279
2026-04-24 19:43:31,146253409,44620,50740286,224142,15528,38,43,40250411,10872,0,0,4140
2026-04-24 19:43:32,146297159,43750,50755483,224216,15271,41,43,40272196,21785,0,0,3940
2026-04-24 19:43:33,146343457,46298,50771537,224287,16125,39,43,40283500,11304,0,0,7614
2026-04-24 19:43:34,146389129,45672,50787391,224366,15933,38,43,40294226,10726,0,0,12249
2026-04-24 19:43:36,146435529,46400,50803500,224433,16176,37,43,40305722,11496,0,0,12554
2026-04-24 19:43:37,146480330,44801,50819041,224496,15604,41,43,40317815,12093,0,0,12543
2026-04-24 19:43:38,146524329,43999,50834318,224565,15346,35,43,40328496,10681,0,0,3853
2026-04-24 19:43:39,146569821,45492,50850098,224640,15855,38,43,40350895,22399,0,0,7572
2026-04-24 19:43:40,146615805,45984,50866043,224709,16014,39,43,40362310,11415,0,0,10626
2026-04-24 19:43:41,146662427,46622,50882218,224782,16248,39,43,40373106,10796,0,0,10253
2026-04-24 19:43:43,146708087,45660,50898091,224863,15954,40,43,40384280,11174,0,0,15215
2026-04-24 19:43:44,146751838,43751,50913250,224951,15247,39,43,40396514,12234,0,0,15268
2026-04-24 19:43:45,146794668,42830,50928121,225006,14926,41,43,40417951,21437,0,0,2997
2026-04-24 19:43:46,146837589,42921,50943008,225066,14947,41,43,40428636,10685,0,0,4682
2026-04-24 19:43:47,146882482,44893,50958578,225123,15627,40,43,40438971,10335,0,0,6009
2026-04-24 19:43:48,146928845,46363,50974632,225199,16130,40,43,40448903,9932,0,0,15812
2026-04-24 19:43:50,146974307,45462,50990368,225282,15819,40,43,40459253,10350,0,0,10733
2026-04-24 19:43:51,147019012,44705,51005882,225356,15588,41,43,40469901,10648,0,0,12721
2026-04-24 19:43:52,147063548,44536,51021275,225439,15476,41,43,40492254,22353,0,0,10880
2026-04-24 19:43:53,147108630,45082,51036899,225507,15692,35,43,40503126,10872,0,0,8532
2026-04-24 19:43:54,147151544,42914,51051771,225569,14934,41,43,40513777,10651,0,0,6103
2026-04-24 19:43:55,147194012,42468,51066527,225630,14817,37,43,40523592,9815,0,0,7800
2026-04-24 19:43:57,147240091,46079,51082476,225702,16021,38,43,40533806,10214,0,0,13363
2026-04-24 19:43:58,147283014,42923,51097433,225767,15022,41,43,40544136,10330,0,0,15300
2026-04-24 19:43:59,147328335,45321,51113141,225830,15771,40,43,40566657,22521,0,0,13834
2026-04-24 19:44:00,147375249,46914,51129437,225885,16351,39,43,40577948,11291,0,0,19721
2026-04-24 19:44:01,147419762,44513,51144892,225950,15520,36,43,40588868,10920,0,0,7099
2026-04-24 19:44:02,147463787,44025,51160191,226014,15363,41,43,40599406,10538,0,0,9007
2026-04-24 19:44:04,147509996,46209,51176189,226099,16083,39,43,40609913,10507,0,0,18568
2026-04-24 19:44:05,147553306,43310,51191204,226168,15084,36,43,40621218,11305,0,0,12431
2026-04-24 19:44:06,147596711,43405,51206282,226229,15139,40,43,40642992,21774,0,0,6929
2026-04-24 19:44:07,147641539,44828,51221857,226297,15643,39,43,40653668,10676,0,0,13602
2026-04-24 19:44:08,147686414,44875,51237400,226359,15605,40,43,40664190,10522,0,0,12297
2026-04-24 19:44:09,147730979,44565,51252875,226428,15544,41,43,40674368,10178,0,0,11753
2026-04-24 19:44:11,147774015,43036,51267782,226493,14972,41,43,40684640,10272,0,0,11789
2026-04-24 19:44:12,147817685,43670,51282923,226560,15208,41,43,40695299,10659,0,0,17091
2026-04-24 19:44:13,147861130,43445,51297985,226615,15117,41,43,40717472,22173,0,0,11899
2026-04-24 19:44:14,147906679,45549,51313807,226686,15893,40,43,40727880,10408,0,0,16552
2026-04-24 19:44:15,147952862,46183,51329841,226757,16105,41,43,40738647,10767,0,0,16259
2026-04-24 19:44:17,147999085,46223,51345867,226816,16085,40,43,40749095,10448,0,0,15761
2026-04-24 19:44:18,148041896,42811,51360719,226895,14931,41,43,40760056,10961,0,0,13281
2026-04-24 19:44:19,148086304,44408,51376110,226980,15476,41,43,40770099,10043,0,0,23801
2026-04-24 19:44:20,148132597,46293,51392178,227031,16119,34,43,40791468,21369,0,0,10516
2026-04-24 19:44:21,148178240,45643,51408001,227104,15896,41,43,40803309,11841,0,0,8588
2026-04-24 19:44:22,148223387,45147,51423702,227166,15763,41,43,40813463,10154,0,0,15423
2026-04-24 19:44:24,148267446,44059,51438961,227239,15332,39,43,40824189,10726,0,0,14304
2026-04-24 19:44:25,148311687,44241,51454314,227301,15415,37,43,40834213,10024,0,0,15992
2026-04-24 19:44:26,148355694,44007,51469577,227375,15337,40,43,40844417,10204,0,0,25505
2026-04-24 19:44:27,148400036,44342,51484973,227449,15470,39,43,40865841,21424,0,0,22421
2026-04-24 19:44:28,148445909,45873,51500892,227505,15975,41,43,40875887,10046,0,0,21360
2026-04-24 19:44:29,148491872,45963,51516805,227579,15987,38,43,40887056,11169,0,0,30642
2026-04-24 19:44:31,148537870,45998,51532781,227643,16040,41,43,40897735,10679,0,0,22810
2026-04-24 19:44:32,148583459,45589,51548603,227716,15895,41,43,40908615,10880,0,0,34268
2026-04-24 19:44:33,148628977,45518,51564391,227791,15863,37,43,40919620,11005,0,0,41630
2026-04-24 19:44:34,148675721,46744,51580591,227863,16272,40,43,40941962,22342,0,0,49502
2026-04-24 19:44:35,148722690,46969,51596901,227942,16389,37,43,40952871,10909,0,0,49709
2026-04-24 19:44:36,148769659,46969,51613202,228010,16369,41,43,40964670,11799,0,0,55552
2026-04-24 19:44:38,148817422,47763,51629768,228077,16633,41,43,40976014,11344,0,0,64245
2026-04-24 19:44:39,148864744,47322,51646176,228149,16480,38,43,40987134,11120,0,0,52683
2026-04-24 19:44:40,148909921,45177,51661859,228214,15748,36,43,40997908,10774,0,0,60717
2026-04-24 19:44:41,148956550,46629,51678003,228274,16204,40,43,41019867,21959,0,0,47374
2026-04-24 19:44:42,149003976,47426,51694465,228349,16537,39,43,41030719,10852,0,0,47815
2026-04-24 19:44:43,149051898,47922,51711090,228421,16697,40,43,41041444,10725,0,0,53287
2026-04-24 19:44:44,149098939,47041,51727431,228502,16422,39,43,41052669,11225,0,0,59020
2026-04-24 19:44:46,149146465,47526,51743934,228583,16584,41,43,41064234,11565,0,0,63535
2026-04-24 19:44:47,149193154,46689,51760111,228652,16246,37,43,41076046,11812,0,0,67616
2026-04-24 19:44:48,149240240,47086,51776416,228717,16370,37,43,41097742,21696,0,0,66598
2026-04-24 19:44:49,149287575,47335,51792831,228791,16489,39,43,41108615,10873,0,0,68755
2026-04-24 19:44:50,149335469,47894,51809481,228854,16713,39,43,41120239,11624,0,0,69100
2026-04-24 19:44:52,149383146,47677,51826036,228918,16619,41,43,41131307,11068,0,0,73222
2026-04-24 19:44:53,149430412,47266,51842428,228995,16469,41,43,41142523,11216,0,0,73666
2026-04-24 19:44:54,149475883,45471,51858190,229067,15834,41,43,41154117,11594,0,0,75563
2026-04-24 19:44:55,149521335,45452,51873974,229141,15858,41,43,41176431,22314,0,0,61775
2026-04-24 19:44:56,149568750,47415,51890458,229207,16550,39,43,41188221,11790,0,0,64888
2026-04-24 19:44:57,149616133,47383,51906843,229290,16468,37,43,41198988,10767,0,0,65911
2026-04-24 19:44:59,149664707,48574,51923681,229366,16914,39,43,41210423,11435,0,0,54231
2026-04-24 19:45:00,149711303,46596,51939876,229432,16261,39,43,41221766,11343,0,0,61076
2026-04-24 19:45:01,149757284,45981,51955822,229510,16024,35,43,41232525,10759,0,0,71818
2026-04-24 19:45:02,149804437,47153,51972144,229583,16395,36,43,41254158,21633,0,0,64438
2026-04-24 19:45:03,149851499,47062,51988483,229633,16389,40,43,41265357,11199,0,0,69164
2026-04-24 19:45:04,149899199,47700,52005001,229703,16588,38,43,41276749,11392,0,0,77830
2026-04-24 19:45:06,149947238,48039,52021706,229780,16782,41,43,41287951,11202,0,0,79797
2026-04-24 19:45:07,149995580,48342,52038463,229848,16825,39,43,41300310,12359,0,0,80346
2026-04-24 19:45:08,150039789,44209,52053837,229910,15436,29,43,41311520,11210,0,0,84467
2026-04-24 19:45:09,150085720,45931,52069750,229980,15983,41,43,41333741,22221,0,0,70336
2026-04-24 19:45:10,150133950,48230,52086473,230043,16786,39,43,41344817,11076,0,0,74400
2026-04-24 19:45:11,150181474,47524,52102961,230114,16559,39,43,41355358,10541,0,0,79606
2026-04-24 19:45:13,150229301,47827,52119551,230196,16672,40,43,41367070,11712,0,0,81933
2026-04-24 19:45:14,150276221,46920,52135771,230288,16312,41,43,41378204,11134,0,0,84170
2026-04-24 19:45:15,150321861,45640,52151577,230356,15874,40,43,41401232,23028,0,0,85387
2026-04-24 19:45:16,150370786,48925,52168546,230429,17042,38,43,41412356,11124,0,0,77992
2026-04-24 19:45:17,150417691,46905,52184841,230498,16364,40,43,41423726,11370,0,0,77804
2026-04-24 19:45:19,150465581,47890,52201465,230578,16704,38,43,41435383,11657,0,0,82313
2026-04-24 19:45:20,150512739,47158,52217831,230657,16445,37,43,41446830,11447,0,0,87004
2026-04-24 19:45:21,150558553,45814,52233752,230708,15972,38,43,41458480,11650,0,0,80092
2026-04-24 19:45:22,150606188,47635,52250215,230774,16529,39,43,41481773,23293,0,0,67283
2026-04-24 19:45:23,150655339,49151,52267269,230835,17115,40,43,41492315,10542,0,0,67403
2026-04-24 19:45:24,150703366,48027,52283918,230912,16726,41,43,41503972,11657,0,0,75414
2026-04-24 19:45:26,150750817,47451,52300401,230979,16550,40,43,41515810,11838,0,0,81508
2026-04-24 19:45:27,150798624,47807,52316966,231042,16628,35,43,41527116,11306,0,0,81879
2026-04-24 19:45:28,150843713,45089,52332575,231124,15691,37,43,41538629,11513,0,0,83229
2026-04-24 19:45:29,150890431,46718,52348730,231210,16241,41,43,41561878,23249,0,0,55396
2026-04-24 19:45:30,150938419,47988,52365390,231271,16721,37,43,41573404,11526,0,0,58594
2026-04-24 19:45:31,150986199,47780,52381969,231347,16655,40,43,41585126,11722,0,0,63264
2026-04-24 19:45:33,151035488,49289,52399056,231421,17161,40,43,41597499,12373,0,0,63120
2026-04-24 19:45:34,151083033,47545,52415521,231507,16551,36,43,41609083,11584,0,0,64849
2026-04-24 19:45:35,151128847,45814,52431420,231577,15969,38,43,41632778,23695,0,0,64843
2026-04-24 19:45:36,151174657,45810,52447317,231647,15967,40,43,41644149,11371,0,0,31692
2026-04-24 19:45:37,151222175,47518,52463803,231729,16568,38,43,41655951,11802,0,0,34892
2026-04-24 19:45:39,151269035,46860,52480072,231798,16338,40,43,41668009,12058,0,0,46228
2026-04-24 19:45:40,151316523,47488,52496532,231870,16532,39,43,41680304,12295,0,0,58021
2026-04-24 19:45:41,151363462,46939,52512818,231927,16343,39,43,41692485,12181,0,0,68149
2026-04-24 19:45:42,151409072,45610,52528619,231990,15864,41,43,41716140,23655,0,0,63866
2026-04-24 19:45:43,151456330,47258,52545021,232072,16484,41,43,41728591,12451,0,0,64511
2026-04-24 19:45:44,151503646,47316,52561423,232138,16468,41,43,41740920,12329,0,0,72161
2026-04-24 19:45:45,151550548,46902,52577665,232223,16327,40,43,41752244,11324,0,0,75190
2026-04-24 19:45:47,151596463,45915,52593617,232290,16019,39,43,41763681,11437,0,0,78508
2026-04-24 19:45:48,151643187,46724,52609846,232360,16299,41,43,41775485,11804,0,0,81177
2026-04-24 19:45:49,151689407,46220,52625852,232431,16077,40,43,41799926,24441,0,0,77593
2026-04-24 19:45:50,151734063,44656,52641382,232485,15584,40,43,41811742,11816,0,0,33485
2026-04-24 19:45:51,151782282,48219,52658104,232552,16789,40,43,41823369,11627,0,0,46931
2026-04-24 19:45:53,151828774,46492,52674254,232634,16232,39,43,41836025,12656,0,0,50992
2026-04-24 19:45:54,151876319,47545,52690736,232714,16562,36,43,41847948,11923,0,0,63889
2026-04-24 19:45:55,151921998,45679,52706540,232792,15882,38,43,41860312,12364,0,0,66711
2026-04-24 19:45:56,151967160,45162,52722187,232865,15720,41,43,41883077,22765,0,0,59478
2026-04-24 19:45:57,152013155,45995,52738090,232944,15982,37,43,41894397,11320,0,0,61657
2026-04-24 19:45:58,152059355,46200,52754151,233012,16129,38,43,41906045,11648,0,0,69171
2026-04-24 19:46:00,152106026,46671,52770302,233095,16234,38,43,41918162,12117,0,0,72554
2026-04-24 19:46:01,152152526,46500,52786442,233159,16204,37,43,41930276,12114,0,0,73196
2026-04-24 19:46:02,152198980,46454,52802576,233251,16226,41,43,41941788,11512,0,0,78015
2026-04-24 19:46:03,152244708,45728,52818403,233330,15906,41,43,41967510,25722,0,0,74506
2026-04-24 19:46:04,152290496,45788,52834288,233393,15948,39,43,41978636,11126,0,0,44362
2026-04-24 19:46:05,152337886,47390,52850698,233463,16480,38,43,41989640,11004,0,0,57808
2026-04-24 19:46:07,152385840,47954,52867342,233548,16729,40,43,42002102,12462,0,0,64025
2026-04-24 19:46:08,152433462,47622,52883809,233639,16558,37,43,42014099,11997,0,0,69885
2026-04-24 19:46:09,152479399,45937,52899757,233695,16004,41,43,42026118,12019,0,0,75564
2026-04-24 19:46:10,152526180,46781,52915978,233762,16288,39,43,42050694,24576,0,0,71371
2026-04-24 19:46:11,152573035,46855,52932251,233818,16329,39,43,42062681,11987,0,0,56036
2026-04-24 19:46:12,152621168,48133,52948940,233892,16763,39,43,42075025,12344,0,0,57615
2026-04-24 19:46:14,152668493,47325,52965416,233947,16531,39,43,42087366,12341,0,0,66961
2026-04-24 19:46:15,152715788,47295,52981832,234009,16478,41,43,42100420,13054,0,0,68634
2026-04-24 19:46:16,152762271,46483,52997952,234083,16194,39,43,42124303,23883,0,0,71430
2026-04-24 19:46:17,152808422,46151,53013954,234162,16081,40,43,42136850,12547,0,0,62392
2026-04-24 19:46:18,152855021,46599,53030110,234229,16223,41,43,42149907,13057,0,0,61370
2026-04-24 19:46:19,152901751,46730,53046316,234309,16286,39,43,42162280,12373,0,0,65793
2026-04-24 19:46:21,152948621,46870,53062594,234379,16348,41,43,42174275,11995,0,0,67755
2026-04-24 19:46:22,152994976,46355,53078671,234439,16137,40,43,42186187,11912,0,0,59208
2026-04-24 19:46:23,153040633,45657,53094491,234517,15898,41,43,42198237,12050,0,0,45471
2026-04-24 19:46:24,153088007,47374,53110927,234583,16502,40,43,42222865,24628,0,0,50151
2026-04-24 19:46:25,153135616,47609,53127419,234658,16567,39,43,42235453,12588,0,0,61568
2026-04-24 19:46:26,153182531,46915,53143711,234737,16371,37,43,42247838,12385,0,0,62966
2026-04-24 19:46:28,153229384,46853,53159964,234810,16326,39,43,42260257,12419,0,0,66066
2026-04-24 19:46:29,153276522,47138,53176322,234887,16435,41,43,42272441,12184,0,0,68073
2026-04-24 19:46:30,153323217,46695,53192498,234948,16237,35,43,42297086,24645,0,0,72061
2026-04-24 19:46:31,153368924,45707,53208352,235009,15915,38,43,42309362,12276,0,0,59770
2026-04-24 19:46:32,153411952,43028,53223319,235068,15026,41,43,42321989,12627,0,0,43511
2026-04-24 19:46:33,153457077,45125,53238983,235140,15736,37,43,42332982,10993,0,0,45778
2026-04-24 19:46:35,153502717,45640,53254800,235219,15896,38,43,42344470,11488,0,0,51262
2026-04-24 19:46:36,153546744,44027,53270071,235285,15337,41,43,42356565,12095,0,0,45343
2026-04-24 19:46:37,153587983,41239,53284391,235346,14381,39,43,42368566,12001,0,0,24551
2026-04-24 19:46:38,153635468,47485,53300872,235411,16546,40,43,42392851,24285,0,0,30966
2026-04-24 19:46:39,153682476,47008,53317221,235478,16416,39,43,42405835,12984,0,0,40307
2026-04-24 19:46:41,153729191,46715,53333398,235567,16266,37,43,42418693,12858,0,0,51457
2026-04-24 19:46:42,153778191,49000,53350387,235635,17057,39,43,42430876,12183,0,0,60783
2026-04-24 19:46:43,153824796,46605,53366583,235709,16270,41,43,42443350,12474,0,0,65416
2026-04-24 19:46:44,153870838,46042,53382575,235775,16058,40,43,42469229,25879,0,0,66274
2026-04-24 19:46:45,153917269,46431,53398716,235843,16209,41,43,42481682,12453,0,0,70099
2026-04-24 19:46:46,153965225,47956,53415283,235932,16656,38,43,42494861,13179,0,0,76176
2026-04-24 19:46:48,154012489,47264,53431667,236015,16467,39,43,42507577,12716,0,0,80176
2026-04-24 19:46:49,154060221,47732,53448218,236087,16623,41,43,42520006,12429,0,0,82759
2026-04-24 19:46:50,154106090,45869,53464168,236158,16021,38,43,42532168,12162,0,0,83446
2026-04-24 19:46:51,154153580,47490,53480607,236238,16519,40,43,42558266,26098,0,0,77489
2026-04-24 19:46:52,154201676,48096,53497269,236313,16737,37,43,42570135,11869,0,0,74416
2026-04-24 19:46:53,154248434,46758,53513506,236381,16305,39,43,42582896,12761,0,0,72973
2026-04-24 19:46:55,154297486,49052,53530522,236461,17096,39,43,42595882,12986,0,0,72863
2026-04-24 19:46:56,154344553,47067,53546890,236515,16422,41,43,42609323,13441,0,0,74477
2026-04-24 19:46:57,154391549,46996,53563204,236587,16386,39,43,42622255,12932,0,0,76890
2026-04-24 19:46:58,154439217,47668,53579721,236665,16595,41,43,42647907,25652,0,0,64452
2026-04-24 19:46:59,154486823,47606,53596237,236730,16581,35,43,42660323,12416,0,0,67082
2026-04-24 19:47:00,154534299,47476,53612712,236801,16546,40,43,42673040,12717,0,0,72157
2026-04-24 19:47:02,154582630,48331,53629491,236884,16862,40,43,42685989,12949,0,0,75139
2026-04-24 19:47:03,154630137,47507,53645981,236958,16564,41,43,42698725,12736,0,0,77829
2026-04-24 19:47:04,154677350,47213,53662342,237024,16427,39,43,42724432,25707,0,0,80993
2026-04-24 19:47:05,154725102,47752,53678914,237091,16639,40,43,42737205,12773,0,0,72561
2026-04-24 19:47:06,154773007,47905,53695534,237168,16697,41,43,42749044,11839,0,0,73491
2026-04-24 19:47:07,154820985,47978,53712164,237246,16708,40,43,42761904,12860,0,0,74989
2026-04-24 19:47:09,154870049,49064,53729205,237324,17119,41,43,42774240,12336,0,0,78694
2026-04-24 19:47:10,154918047,47998,53745874,237386,16731,41,43,42787060,12820,0,0,81574
2026-04-24 19:47:11,154963581,45534,53761686,237452,15878,40,43,42812119,25059,0,0,84018
2026-04-24 19:47:12,155011580,47999,53778357,237519,16738,40,43,42823639,11520,0,0,67927
2026-04-24 19:47:13,155059466,47886,53794981,237585,16690,37,43,42835762,12123,0,0,69090
2026-04-24 19:47:14,155108447,48981,53811962,237655,17051,38,43,42848213,12451,0,0,62156
2026-04-24 19:47:16,155156452,48005,53828617,237726,16726,38,43,42859918,11705,0,0,67458
2026-04-24 19:47:17,155202837,46385,53844725,237791,16173,41,43,42872236,12318,0,0,70933
2026-04-24 19:47:18,155249051,46214,53860776,237869,16129,38,43,42897885,25649,0,0,73708
2026-04-24 19:47:19,155297337,48286,53877523,237956,16834,41,43,42911265,13380,0,0,66670
2026-04-24 19:47:20,155342361,45024,53893146,238012,15679,41,43,42924201,12936,0,0,33383
2026-04-24 19:47:22,155388513,46152,53909134,238081,16057,37,43,42936501,12300,0,0,41913
2026-04-24 19:47:23,155434329,45816,53925039,238141,15965,39,43,42948789,12288,0,0,51639
2026-04-24 19:47:24,155479249,44920,53940623,238212,15655,41,43,42960572,11783,0,0,59693
2026-04-24 19:47:25,155523870,44621,53956109,238267,15541,40,43,42984734,24162,0,0,61543
2026-04-24 19:47:26,155568678,44808,53971649,238337,15610,35,43,42997324,12590,0,0,35748
2026-04-24 19:47:27,155615810,47132,53988016,238388,16418,37,43,43008713,11389,0,0,38626
2026-04-24 19:47:29,155660021,44211,54003349,238453,15398,39,43,43021074,12361,0,0,26215
2026-04-24 19:47:30,155706036,46015,54019324,238511,16033,39,43,43032313,11239,0,0,38423
2026-04-24 19:47:31,155751853,45817,54035237,238580,15982,30,43,43044026,11713,0,0,50059
2026-04-24 19:47:32,155800021,48168,54051949,238670,16802,40,43,43068000,23974,0,0,59703
2026-04-24 19:47:33,155847451,47430,54068437,238739,16557,39,43,43081089,13089,0,0,61690
2026-04-24 19:47:34,155895100,47649,54084919,238826,16569,40,43,43093490,12401,0,0,70381
2026-04-24 19:47:36,155942235,47135,54101269,238906,16430,40,43,43105614,12124,0,0,75403
2026-04-24 19:47:37,155989565,47330,54117672,238975,16472,38,43,43117420,11806,0,0,82162
2026-04-24 19:47:38,156035133,45568,54133459,239056,15868,29,43,43128733,11313,0,0,81368
2026-04-24 19:47:39,156081926,46793,54149697,239140,16322,39,43,43152976,24243,0,0,75115
2026-04-24 19:47:40,156129183,47257,54166101,239204,16468,40,43,43165215,12239,0,0,72977
2026-04-24 19:47:41,156175797,46614,54182311,239276,16282,38,43,43177857,12642,0,0,76203
2026-04-24 19:47:43,156221564,45767,54198273,239340,16026,39,43,43190402,12545,0,0,78506
2026-04-24 19:47:44,156267840,46276,54214376,239424,16187,41,43,43203279,12877,0,0,81409
2026-04-24 19:47:45,156313467,45627,54230213,239481,15894,40,43,43227892,24613,0,0,83003
2026-04-24 19:47:46,156362641,49174,54247236,239558,17100,40,43,43239711,11819,0,0,75259
2026-04-24 19:47:47,156409634,46993,54263564,239640,16410,37,43,43251365,11654,0,0,81962
2026-04-24 19:47:48,156457570,47936,54280144,239738,16678,40,43,43263247,11882,0,0,86122
2026-04-24 19:47:50,156506357,48787,54297087,239807,17012,39,43,43275521,12274,0,0,88689
2026-04-24 19:47:51,156553231,46874,54313340,239882,16328,38,43,43289013,13492,0,0,90484
2026-04-24 19:47:52,156599743,46512,54329464,239956,16198,38,43,43313682,24669,0,0,65066
2026-04-24 19:47:53,156646210,46467,54345619,240019,16218,39,43,43326537,12855,0,0,40436
2026-04-24 19:47:54,156693609,47399,54362095,240104,16561,40,43,43339117,12580,0,0,39970
2026-04-24 19:47:55,156740990,47381,54378510,240184,16495,37,43,43352123,13006,0,0,45947
2026-04-24 19:47:57,156788040,47050,54394855,240242,16403,41,43,43364319,12196,0,0,53753
2026-04-24 19:47:58,156835310,47270,54411305,240308,16516,36,43,43376359,12040,0,0,64895
2026-04-24 19:47:59,156882815,47505,54427842,240368,16597,41,43,43388733,12374,0,0,69676
2026-04-24 19:48:00,156931554,48739,54444733,240446,16969,40,43,43414120,25387,0,0,67646
2026-04-24 19:48:01,156980736,49182,54461814,240527,17162,37,43,43426708,12588,0,0,74410
2026-04-24 19:48:02,157029697,48961,54478818,240595,17072,41,43,43439426,12718,0,0,79618
2026-04-24 19:48:04,157081098,51401,54496610,240678,17875,41,43,43451354,11928,0,0,80032
2026-04-24 19:48:05,157130802,49704,54513861,240745,17318,39,43,43463919,12565,0,0,84289
2026-04-24 19:48:06,157179018,48216,54530602,240804,16800,40,43,43488227,24308,0,0,86832
2026-04-24 19:48:07,157230135,51117,54548364,240868,17826,39,43,43501175,12948,0,0,65956
2026-04-24 19:48:08,157280272,50137,54565747,240950,17465,39,43,43513685,12510,0,0,73864
2026-04-24 19:48:09,157330630,50358,54583273,241024,17600,39,43,43526465,12780,0,0,76079
2026-04-24 19:48:11,157380490,49860,54600598,241089,17390,40,43,43539595,13130,0,0,78923
2026-04-24 19:48:12,157427754,47264,54617020,241162,16495,41,43,43552155,12560,0,0,81283
2026-04-24 19:48:13,157474349,46595,54633194,241235,16247,38,43,43576705,24550,0,0,80576
2026-04-24 19:48:14,157522811,48462,54649997,241323,16891,37,43,43589393,12688,0,0,70207
2026-04-24 19:48:15,157571337,48526,54666853,241396,16929,39,43,43602021,12628,0,0,69945
2026-04-24 19:48:17,157619252,47915,54683455,241487,16693,39,43,43614819,12798,0,0,76668
2026-04-24 19:48:18,157668471,49219,54700496,241583,17137,37,43,43626854,12035,0,0,81105
2026-04-24 19:48:19,157713069,44598,54715971,241656,15548,41,43,43639241,12387,0,0,81105
2026-04-24 19:48:20,157761542,48473,54732745,241728,16846,39,43,43662442,23201,0,0,81224
2026-04-24 19:48:21,157808606,47064,54749083,241802,16412,41,43,43674505,12063,0,0,74948
2026-04-24 19:48:22,157855778,47172,54765461,241872,16448,40,43,43686211,11706,0,0,55730
2026-04-24 19:48:24,157904044,48266,54782229,241935,16831,40,43,43698582,12371,0,0,55178
2026-04-24 19:48:25,157952065,48021,54798880,242009,16725,40,43,43709635,11053,0,0,58303
2026-04-24 19:48:26,157998907,46842,54815138,242079,16328,31,43,43721602,11967,0,0,59108
2026-04-24 19:48:27,158046383,47476,54831598,242151,16532,38,43,43745537,23935,0,0,63678
2026-04-24 19:48:28,158094264,47881,54848221,242233,16705,40,43,43757085,11548,0,0,66631
2026-04-24 19:48:29,158142968,48704,54865149,242293,16988,40,43,43768952,11867,0,0,67347
2026-04-24 19:48:31,158189899,46931,54881429,242366,16353,40,43,43780823,11871,0,0,64251
2026-04-24 19:48:32,158236844,46945,54897729,242436,16370,41,43,43792595,11772,0,0,68285
2026-04-24 19:48:33,158282183,45339,54913410,242513,15758,40,43,43803893,11298,0,0,74054
2026-04-24 19:48:34,158328940,46757,54929607,242594,16278,40,43,43826699,22806,0,0,68844
2026-04-24 19:48:35,158374724,45784,54945523,242648,15970,40,43,43838040,11341,0,0,49907
2026-04-24 19:48:36,158422811,48087,54962221,242721,16771,40,43,43850214,12174,0,0,62787
2026-04-24 19:48:38,158470253,47442,54978682,242801,16541,41,43,43861619,11405,0,0,66847
2026-04-24 19:48:39,158517898,47645,54995222,242880,16619,38,43,43873578,11959,0,0,70714
2026-04-24 19:48:40,158565807,47909,55011814,242951,16663,40,43,43885597,12019,0,0,69802
2026-04-24 19:48:41,158613410,47603,55028339,243022,16596,39,43,43908912,23315,0,0,63112
2026-04-24 19:48:42,158661425,48015,55044957,243098,16694,41,43,43920419,11507,0,0,65150
2026-04-24 19:48:43,158709341,47916,55061599,243182,16726,35,43,43932074,11655,0,0,67712
2026-04-24 19:48:45,158758192,48851,55078538,243257,17014,41,43,43944125,12051,0,0,73396
2026-04-24 19:48:46,158806034,47842,55095141,243315,16661,41,43,43955319,11194,0,0,75122
2026-04-24 19:48:47,158851685,45651,55110994,243375,15913,38,43,43967535,12216,0,0,79252
2026-04-24 19:48:48,158898955,47270,55127383,243449,16463,40,43,43991046,23511,0,0,68477
2026-04-24 19:48:49,158945272,46317,55143462,243528,16158,40,43,44002569,11523,0,0,59756
2026-04-24 19:48:50,158993037,47765,55160023,243600,16633,39,43,44013748,11179,0,0,67799
2026-04-24 19:48:52,159041072,48035,55176691,243675,16743,38,43,44024984,11236,0,0,69807
2026-04-24 19:48:53,159087349,46277,55192775,243737,16146,38,43,44037205,12221,0,0,73486
2026-04-24 19:48:54,159135322,47973,55209349,243827,16664,41,43,44048237,11032,0,0,78835
2026-04-24 19:48:55,159182064,46742,55225575,243884,16283,40,43,44070890,22653,0,0,75780
2026-04-24 19:48:56,159229621,47557,55242075,243962,16578,33,43,44082451,11561,0,0,69749
2026-04-24 19:48:57,159278451,48830,55258984,244037,16984,39,43,44093716,11265,0,0,73993
2026-04-24 19:48:59,159326918,48467,55275781,244131,16891,38,43,44105060,11344,0,0,79222
2026-04-24 19:49:00,159375520,48602,55292613,244204,16905,40,43,44117700,12640,0,0,85250
2026-04-24 19:49:01,159422055,46535,55308754,244276,16213,38,43,44129029,11329,0,0,83483
2026-04-24 19:49:02,159469848,47793,55325335,244342,16647,41,43,44152158,23129,0,0,78780
2026-04-24 19:49:03,159517156,47308,55341739,244407,16469,41,43,44163659,11501,0,0,76449
2026-04-24 19:49:04,159562765,45609,55357593,244480,15927,38,43,44175016,11357,0,0,77778
2026-04-24 19:49:06,159610094,47329,55374000,244558,16485,40,43,44186874,11858,0,0,82583
2026-04-24 19:49:07,159657285,47191,55390352,244639,16433,41,43,44197674,10800,0,0,86330
2026-04-24 19:49:08,159702592,45307,55406069,244712,15790,32,43,44208522,10848,0,0,84785
2026-04-24 19:49:09,159749158,46566,55422213,244772,16204,40,43,44230824,22302,0,0,77784
2026-04-24 19:49:10,159795783,46625,55438385,244843,16243,34,43,44241662,10838,0,0,74777
2026-04-24 19:49:11,159843565,47782,55454941,244922,16635,41,43,44252579,10917,0,0,74646
2026-04-24 19:49:13,159890463,46898,55471248,244998,16383,40,43,44264312,11733,0,0,77751
2026-04-24 19:49:14,159935796,45333,55486999,245064,15817,41,43,44276140,11828,0,0,76777
2026-04-24 19:49:15,159979037,43241,55502000,245127,15064,39,43,44287492,11352,0,0,77685
2026-04-24 19:49:16,160024800,45763,55517858,245197,15928,40,43,44308942,21450,0,0,74441
2026-04-24 19:49:17,160071878,47078,55534194,245277,16416,40,43,44320002,11060,0,0,72277
2026-04-24 19:49:18,160116755,44877,55549810,245343,15682,39,43,44331613,11611,0,0,65544
2026-04-24 19:49:20,160163111,46356,55565911,245413,16171,40,43,44342542,10929,0,0,68206
2026-04-24 19:49:21,160208485,45374,55581659,245477,15812,33,43,44353496,10954,0,0,69106
2026-04-24 19:49:22,160253233,44748,55597204,245546,15614,41,43,44364367,10871,0,0,73200
2026-04-24 19:49:23,160301681,48448,55613960,245613,16823,40,43,44387503,23136,0,0,57939
2026-04-24 19:49:24,160348028,46347,55630019,245686,16132,40,43,44398337,10834,0,0,62723
2026-04-24 19:49:25,160395192,47164,55646408,245755,16458,37,43,44409158,10821,0,0,66515
2026-04-24 19:49:27,160443681,48489,55663230,245836,16903,37,43,44421207,12049,0,0,69678
2026-04-24 19:49:28,160491520,47839,55679822,245918,16674,40,43,44433130,11923,0,0,71199
2026-04-24 19:49:29,160536735,45215,55695524,245989,15773,38,43,44457005,23875,0,0,79189
2026-04-24 19:49:30,160583680,46945,55711819,246072,16378,41,43,44467656,10651,0,0,41616
2026-04-24 19:49:31,160628664,44984,55727470,246129,15708,41,43,44479810,12154,0,0,48794
2026-04-24 19:49:33,160674358,45694,55743345,246198,15944,40,43,44490671,10861,0,0,58290
2026-04-24 19:49:34,160718716,44358,55758740,246271,15468,37,43,44501472,10801,0,0,62022
2026-04-24 19:49:35,160763057,44341,55774126,246337,15452,41,43,44512411,10939,0,0,67137
2026-04-24 19:49:36,160806067,43010,55789063,246396,14996,40,43,44534391,21980,0,0,70804
2026-04-24 19:49:37,160852562,46495,55805197,246471,16209,39,43,44545268,10877,0,0,71959
2026-04-24 19:49:38,160898487,45925,55821145,246534,16011,39,43,44557124,11856,0,0,67605
2026-04-24 19:49:40,160943800,45313,55836856,246598,15775,41,43,44568127,11003,0,0,70562
2026-04-24 19:49:41,160988714,44914,55852456,246652,15654,41,43,44578565,10438,0,0,71295
2026-04-24 19:49:42,161033043,44329,55867846,246728,15466,36,43,44589465,10900,0,0,73493
2026-04-24 19:49:43,161076779,43736,55883007,246804,15237,41,43,44610045,20580,0,0,78356
2026-04-24 19:49:44,161121873,45094,55898667,246855,15711,38,43,44621062,11017,0,0,61967
2026-04-24 19:49:45,161166962,45089,55914302,246927,15707,41,43,44631458,10396,0,0,65813
2026-04-24 19:49:46,161209686,42724,55929133,246999,14903,40,43,44642377,10919,0,0,65668
2026-04-24 19:49:48,161253176,43490,55944240,247062,15170,41,43,44653743,11366,0,0,43701
2026-04-24 19:49:49,161295577,42401,55958996,247128,14822,40,43,44664870,11127,0,0,53969
2026-04-24 19:49:50,161337999,42422,55973696,247192,14764,26,43,44685943,21073,0,0,62537
2026-04-24 19:49:51,161383951,45952,55989630,247255,15997,40,43,44695861,9918,0,0,51948
2026-04-24 19:49:52,161429381,45430,56005381,247318,15814,39,43,44706875,11014,0,0,55600
2026-04-24 19:49:53,161474507,45126,56021046,247389,15736,40,43,44717696,10821,0,0,59046
2026-04-24 19:49:55,161520246,45739,56036923,247469,15957,41,43,44729447,11751,0,0,64760
2026-04-24 19:49:56,161563666,43420,56052021,247534,15163,41,43,44740581,11134,0,0,71348
2026-04-24 19:49:57,161607005,43339,56067047,247591,15083,39,43,44762204,21623,0,0,76307
2026-04-24 19:49:58,161651656,44651,56082541,247660,15563,36,43,44773379,11175,0,0,59501
2026-04-24 19:49:59,161695442,43786,56097736,247743,15278,41,43,44784300,10921,0,0,57178
2026-04-24 19:50:01,161740226,44784,56113264,247814,15599,40,43,44794696,10396,0,0,61572
2026-04-24 19:50:02,161785241,45015,56128866,247896,15684,40,43,44805730,11034,0,0,68431
2026-04-24 19:50:03,161828889,43648,56144028,247963,15229,38,43,44816250,10520,0,0,72607
2026-04-24 19:50:04,161871409,42520,56158760,248022,14791,39,43,44837838,21588,0,0,78002
2026-04-24 19:50:05,161916363,44954,56174352,248097,15667,39,43,44848902,11064,0,0,68188
2026-04-24 19:50:06,161962048,45685,56190184,248164,15899,39,43,44859939,11037,0,0,72254
2026-04-24 19:50:08,162006704,44656,56205671,248233,15556,37,43,44871263,11324,0,0,31511
2026-04-24 19:50:09,162052490,45786,56221523,248309,15928,32,43,44882080,10817,0,0,42401
2026-04-24 19:50:10,162096350,43860,56236796,248364,15328,39,43,44892919,10839,0,0,43194
2026-04-24 19:50:11,162137317,40967,56251037,248439,14316,35,43,44916466,23547,0,0,49076
2026-04-24 19:50:12,162180007,42690,56265806,248509,14839,37,43,44927420,10954,0,0,51027
2026-04-24 19:50:13,162227126,47119,56282133,248582,16400,40,43,44937083,9663,0,0,56817
2026-04-24 19:50:15,162272412,45286,56297840,248663,15788,38,43,44948961,11878,0,0,64020
2026-04-24 19:50:16,162319555,47143,56314197,248746,16440,37,43,44959671,10710,0,0,72015
2026-04-24 19:50:17,162365338,45783,56330064,248821,15942,38,43,44971962,12291,0,0,80166
2026-04-24 19:50:18,162409074,43736,56345209,248875,15199,38,43,44993581,21619,0,0,84967
2026-04-24 19:50:19,162453284,44210,56360543,248955,15414,40,43,45004691,11110,0,0,75346
2026-04-24 19:50:20,162500762,47478,56377016,249030,16548,39,43,45016350,11659,0,0,79247
2026-04-24 19:50:22,162545033,44271,56392355,249107,15416,36,43,45027566,11216,0,0,82866
2026-04-24 19:50:23,162588865,43832,56407536,249185,15259,40,43,45038440,10874,0,0,86373
2026-04-24 19:50:24,162630327,41462,56421934,249256,14469,39,43,45049492,11052,0,0,88858
2026-04-24 19:50:25,162676797,46470,56438005,249330,16145,38,43,45071213,21721,0,0,92326
2026-04-24 19:50:26,162724566,47769,56454566,249410,16641,40,43,45083144,11931,0,0,80940
2026-04-24 19:50:27,162771957,47391,56470989,249481,16494,40,43,45094938,11794,0,0,81897
2026-04-24 19:50:29,162820918,48961,56487967,249563,17060,39,43,45106590,11652,0,0,65619
2026-04-24 19:50:30,162869115,48197,56504646,249652,16768,40,43,45117560,10970,0,0,36201
2026-04-24 19:50:31,162915430,46315,56520738,249723,16163,38,43,45129229,11669,0,0,46592
2026-04-24 19:50:32,162960833,45403,56536506,249788,15833,40,43,45153119,23890,0,0,48309
2026-04-24 19:50:33,163008908,48075,56553180,249859,16745,40,43,45164535,11416,0,0,46046
2026-04-24 19:50:34,163057259,48351,56569950,249927,16838,34,43,45176091,11556,0,0,57109
2026-04-24 19:50:36,163107190,49931,56587298,249995,17416,41,43,45189091,13000,0,0,68565
2026-04-24 19:50:37,163156934,49744,56604572,250077,17356,41,43,45201532,12441,0,0,76669
2026-04-24 19:50:38,163203827,46893,56620865,250145,16361,40,43,45214860,13328,0,0,83183
2026-04-24 19:50:39,163251958,48131,56637563,250222,16775,38,43,45239531,24671,0,0,88285
2026-04-24 19:50:40,163299186,47228,56653982,250282,16479,38,43,45251428,11897,0,0,77511
2026-04-24 19:50:41,163346924,47738,56670542,250357,16635,35,43,45263848,12420,0,0,77861
2026-04-24 19:50:43,163394407,47483,56687047,250429,16577,38,43,45276152,12304,0,0,80693
2026-04-24 19:50:44,163444477,50070,56704433,250511,17468,39,43,45288549,12397,0,0,83884
2026-04-24 19:50:45,163493666,49189,56721508,250584,17148,39,43,45301004,12455,0,0,85271
2026-04-24 19:50:46,163543103,49437,56738665,250666,17239,40,43,45327105,26101,0,0,88674
2026-04-24 19:50:47,163594483,51380,56756471,250737,17877,39,43,45339922,12817,0,0,80000
2026-04-24 19:50:48,163645538,51055,56774178,250816,17786,39,43,45353217,13295,0,0,83950
2026-04-24 19:50:50,163697441,51903,56792153,250890,18049,37,43,45366072,12855,0,0,85462
2026-04-24 19:50:51,163748819,51378,56809959,250974,17890,41,43,45379023,12951,0,0,91349
2026-04-24 19:50:52,163799397,50578,56827499,251059,17625,40,43,45392008,12985,0,0,92245
2026-04-24 19:50:53,163849612,50215,56844917,251137,17496,41,43,45417304,25296,0,0,91984
2026-04-24 19:50:54,163900275,50663,56862499,251206,17651,39,43,45430667,13363,0,0,85403
2026-04-24 19:50:55,163951498,51223,56880279,251277,17851,40,43,45444229,13562,0,0,85531
2026-04-24 19:50:57,164001176,49678,56897527,251357,17328,40,43,45458229,14000,0,0,88266
2026-04-24 19:50:58,164046755,45579,56913374,251417,15907,41,43,45470195,11966,0,0,87191
2026-04-24 19:50:59,164092357,45602,56929203,251486,15898,41,43,45481842,11647,0,0,86767
2026-04-24 19:51:00,164139514,47157,56945546,251558,16415,37,43,45506598,24756,0,0,91187
2026-04-24 19:51:01,164188129,48615,56962442,251630,16968,39,43,45519229,12631,0,0,85429
2026-04-24 19:51:02,164236503,48374,56979219,251702,16849,41,43,45531991,12762,0,0,85896
2026-04-24 19:51:04,164284336,47833,56995834,251775,16688,39,43,45543895,11904,0,0,82263
2026-04-24 19:51:05,164330895,46559,57011976,251844,16211,37,43,45556137,12242,0,0,87332
2026-04-24 19:51:06,164377712,46817,57028203,251920,16303,41,43,45567809,11672,0,0,86715
2026-04-24 19:51:07,164426009,48297,57044962,251979,16818,38,43,45592039,24230,0,0,90799
2026-04-24 19:51:08,164476640,50631,57062519,252047,17625,39,43,45604537,12498,0,0,82005
2026-04-24 19:51:09,164526367,49727,57079774,252122,17330,38,43,45617129,12592,0,0,80914
2026-04-24 19:51:11,164577046,50679,57097357,252192,17653,41,43,45629851,12722,0,0,84074
2026-04-24 19:51:12,164624689,47643,57113871,252274,16596,39,43,45643854,14003,0,0,92077
2026-04-24 19:51:13,164671880,47191,57130223,252353,16431,32,43,45655416,11562,0,0,95317
2026-04-24 19:51:14,164720826,48946,57147205,252435,17064,38,43,45681218,25802,0,0,101130
2026-04-24 19:51:15,164771697,50871,57164848,252510,17718,39,43,45693950,12732,0,0,87751
2026-04-24 19:51:16,164821595,49898,57182140,252587,17369,39,43,45707579,13629,0,0,89996
2026-04-24 19:51:18,164871681,50086,57199500,252675,17448,35,43,45719993,12414,0,0,93607
2026-04-24 19:51:19,164923049,51368,57217345,252752,17922,41,43,45732781,12788,0,0,89092
2026-04-24 19:51:20,164971436,48387,57234152,252814,16869,40,43,45745666,12885,0,0,91083
2026-04-24 19:51:21,165021297,49861,57251449,252879,17362,36,43,45771841,26175,0,0,88104
2026-04-24 19:51:22,165071787,50490,57268946,252961,17579,40,43,45784912,13071,0,0,75092
2026-04-24 19:51:23,165120782,48995,57285939,253038,17070,41,43,45798146,13234,0,0,71798
2026-04-24 19:51:25,165170207,49425,57303092,253117,17232,39,43,45811098,12952,0,0,76022
2026-04-24 19:51:26,165220140,49933,57320429,253206,17426,40,43,45824376,13278,0,0,79533
2026-04-24 19:51:27,165271255,51115,57338123,253290,17778,40,43,45837892,13516,0,0,81907
2026-04-24 19:51:28,165320123,48868,57355081,253363,17031,41,43,45863891,25999,0,0,77666
2026-04-24 19:51:29,165371068,50945,57372739,253448,17743,41,43,45876532,12641,0,0,71778
2026-04-24 19:51:30,165422550,51482,57390604,253526,17943,36,43,45889578,13046,0,0,73530
2026-04-24 19:51:32,165473597,51047,57408310,253609,17789,38,43,45903151,13573,0,0,77823
2026-04-24 19:51:33,165522487,48890,57425306,253683,17070,40,43,45916734,13583,0,0,81048
2026-04-24 19:51:34,165572151,49664,57442562,253756,17329,40,43,45929860,13126,0,0,84177
2026-04-24 19:51:35,165622685,50534,57460056,253840,17578,39,43,45956754,26894,0,0,76331
2026-04-24 19:51:36,165672221,49536,57477228,253892,17224,37,43,45969947,13193,0,0,77758
2026-04-24 19:51:37,165721817,49596,57494417,253975,17272,39,43,45981967,12020,0,0,81092
2026-04-24 19:51:39,165770193,48376,57511249,254048,16905,41,43,45995425,13458,0,0,88353
2026-04-24 19:51:40,165820226,50033,57528623,254124,17450,40,43,46009140,13715,0,0,93460
2026-04-24 19:51:41,165869136,48910,57545615,254186,17054,40,43,46022341,13201,0,0,93175
2026-04-24 19:51:42,165918632,49496,57562778,254260,17237,40,43,46047110,24769,0,0,88531
2026-04-24 19:51:43,165968847,50215,57580211,254332,17505,38,43,46059995,12885,0,0,81282
2026-04-24 19:51:44,166018450,49603,57597433,254425,17315,38,43,46073567,13572,0,0,83015
2026-04-24 19:51:46,166068212,49762,57614718,254493,17353,40,43,46086786,13219,0,0,84778
2026-04-24 19:51:47,166118638,50426,57632196,254571,17556,36,43,46100110,13324,0,0,89143
2026-04-24 19:51:48,166167957,49319,57649333,254654,17220,40,43,46112991,12881,0,0,89153
2026-04-24 19:51:49,166217457,49500,57666493,254731,17237,41,43,46139958,26967,0,0,87204
2026-04-24 19:51:50,166267510,50053,57683852,254802,17430,41,43,46152919,12961,0,0,77860
2026-04-24 19:51:51,166316885,49375,57701023,254871,17240,36,43,46165825,12906,0,0,60343
2026-04-24 19:51:53,166367836,50951,57718711,254951,17768,40,43,46179815,13990,0,0,60959
2026-04-24 19:51:54,166418869,51033,57736385,255028,17751,38,43,46193113,13298,0,0,62965
2026-04-24 19:51:55,166468493,49624,57753604,255111,17302,40,43,46218548,25435,0,0,74460
2026-04-24 19:51:56,166518283,49790,57770882,255192,17359,39,43,46232016,13468,0,0,67793
2026-04-24 19:51:57,166566752,48469,57787728,255272,16926,37,43,46246202,14186,0,0,68855
2026-04-24 19:51:58,166618208,51456,57805555,255339,17894,39,43,46258903,12701,0,0,77591
2026-04-24 19:52:00,166668553,50345,57822997,255433,17536,37,43,46272028,13125,0,0,78274
2026-04-24 19:52:01,166718828,50275,57840412,255523,17505,38,43,46284513,12485,0,0,79337
2026-04-24 19:52:02,166767334,48506,57857236,255600,16901,37,43,46297641,13128,0,0,80804
2026-04-24 19:52:03,166817074,49740,57874462,255682,17308,39,43,46322662,25021,0,0,82016
2026-04-24 19:52:04,166866911,49837,57891761,255751,17368,41,43,46335260,12598,0,0,71370
2026-04-24 19:52:05,166917811,50900,57909412,255833,17733,38,43,46347339,12079,0,0,72830
2026-04-24 19:52:07,166968040,50229,57926784,255916,17455,38,43,46360656,13317,0,0,52074
2026-04-24 19:52:08,167019821,51781,57944710,256015,18025,40,43,46373598,12942,0,0,60233
2026-04-24 19:52:09,167069375,49554,57961896,256086,17257,41,43,46387063,13465,0,0,65554
2026-04-24 19:52:10,167118241,48866,57978867,256166,17051,38,43,46414074,27011,0,0,67895
2026-04-24 19:52:11,167169327,51086,57996526,256254,17747,41,43,46426806,12732,0,0,47912
2026-04-24 19:52:12,167220746,51419,58014355,256337,17912,37,43,46439482,12676,0,0,56805
2026-04-24 19:52:14,167269936,49190,58031421,256415,17144,36,43,46452861,13379,0,0,63406
2026-04-24 19:52:15,167320530,50594,58048981,256497,17642,36,43,46465406,12545,0,0,72771
2026-04-24 19:52:16,167371017,50487,58066541,256569,17632,41,43,46477862,12456,0,0,78039
2026-04-24 19:52:17,167420791,49774,58083848,256647,17385,38,43,46505481,27619,0,0,79037
2026-04-24 19:52:18,167471749,50958,58101520,256717,17742,39,43,46519024,13543,0,0,77098
2026-04-24 19:52:19,167522929,51180,58119297,256785,17845,41,43,46531264,12240,0,0,77129
2026-04-24 19:52:21,167573613,50684,58136885,256876,17679,40,43,46544597,13333,0,0,80268
2026-04-24 19:52:22,167623018,49405,58154042,256943,17224,37,43,46557544,12947,0,0,60886
2026-04-24 19:52:23,167671847,48829,58170997,257025,17037,40,43,46570517,12973,0,0,71315
2026-04-24 19:52:24,167724175,52328,58189103,257098,18179,37,43,46596549,26032,0,0,70186
2026-04-24 19:52:25,167774343,50168,58206487,257190,17476,38,43,46609785,13236,0,0,68667
2026-04-24 19:52:26,167825432,51089,58224202,257272,17797,41,43,46622724,12939,0,0,74651
2026-04-24 19:52:28,167876981,51549,58242032,257370,17928,41,43,46635547,12823,0,0,81244
2026-04-24 19:52:29,167927826,50845,58259713,257445,17756,41,43,46648089,12542,0,0,86821
2026-04-24 19:52:30,167977303,49477,58276881,257517,17240,37,43,46674438,26349,0,0,90972
2026-04-24 19:52:31,168028207,50904,58294510,257594,17706,40,43,46686480,12042,0,0,90116
2026-04-24 19:52:32,168078503,50296,58311946,257681,17523,39,43,46698607,12127,0,0,85580
2026-04-24 19:52:33,168129677,51174,58329674,257763,17810,38,43,46711669,13062,0,0,87659
2026-04-24 19:52:35,168180208,50531,58347178,257824,17565,36,43,46723788,12119,0,0,89338
2026-04-24 19:52:36,168228557,48349,58363967,257894,16859,39,43,46736224,12436,0,0,90483
2026-04-24 19:52:37,168277600,49043,58380984,257968,17091,38,43,46762053,25829,0,0,92809
2026-04-24 19:52:38,168326638,49038,58398003,258056,17107,40,43,46775925,13872,0,0,91390
2026-04-24 19:52:39,168376274,49636,58415231,258133,17305,39,43,46789006,13081,0,0,85535
2026-04-24 19:52:40,168425317,49043,58432279,258206,17121,39,43,46802331,13325,0,0,86787
2026-04-24 19:52:42,168475942,50625,58449856,258287,17658,39,43,46815067,12736,0,0,92193
2026-04-24 19:52:43,168525763,49821,58467143,258372,17372,40,43,46828120,13053,0,0,96760
2026-04-24 19:52:44,168575031,49268,58484197,258450,17132,38,43,46853682,25562,0,0,96045
2026-04-24 19:52:45,168625130,50099,58501564,258515,17432,41,43,46866194,12512,0,0,78809
2026-04-24 19:52:46,168675127,49997,58518928,258591,17440,40,43,46879019,12825,0,0,75864
2026-04-24 19:52:48,168723417,48290,58535699,258667,16847,38,43,46893242,14223,0,0,77810
2026-04-24 19:52:49,168772554,49137,58552737,258742,17113,38,43,46905441,12199,0,0,77812
2026-04-24 19:52:50,168821449,48895,58569695,258822,17038,39,43,46917958,12517,0,0,79219
2026-04-24 19:52:51,168870495,49046,58586735,258898,17116,38,43,46943384,25426,0,0,82514
2026-04-24 19:52:52,168919851,49356,58603870,258969,17206,40,43,46956595,13211,0,0,76910
2026-04-24 19:52:53,168969283,49432,58621035,259046,17242,39,43,46969305,12710,0,0,77534
2026-04-24 19:52:55,169017670,48387,58637843,259114,16876,41,43,46982371,13066,0,0,79412
2026-04-24 19:52:56,169066851,49181,58654942,259187,17172,38,43,46994102,11731,0,0,80824
2026-04-24 19:52:57,169115987,49136,58672009,259267,17147,41,43,47007298,13196,0,0,80564
2026-04-24 19:52:58,169164419,48432,58688820,259325,16869,35,43,47032659,25361,0,0,81451
2026-04-24 19:52:59,169213569,49150,58705830,259423,17108,41,43,47045179,12520,0,0,80235
2026-04-24 19:53:00,169263925,50356,58723301,259497,17545,40,43,47058122,12943,0,0,78858
2026-04-24 19:53:01,169312168,48243,58740059,259566,16827,37,43,47070873,12751,0,0,84627
2026-04-24 19:53:03,169361756,49588,58757256,259634,17265,37,43,47083580,12707,0,0,83339
2026-04-24 19:53:04,169411703,49947,58774606,259705,17421,39,43,47095226,11646,0,0,84882
2026-04-24 19:53:05,169460777,49074,58791597,259782,17068,39,43,47120776,25550,0,0,90758
2026-04-24 19:53:06,169497979,37202,58804494,259833,12948,19,21,47130861,10085,0,0,636
2026-04-24 19:53:07,169515363,17384,58810522,259863,6058,1,2,47137490,6629,0,0,436
2026-04-24 19:53:08,169515366,3,58810522,259863,0,1,2,47139316,1826,0,0,0
2026-04-24 19:53:10,169515369,3,58810522,259863,0,1,2,47139318,2,0,0,0
