timestamp,questions,qps,com_commit,com_rollback,tps,threads_running,threads_connected,pages_flushed,pages_flushed_ps,purge_trx_id,purge_tps,history_list_length
2026-04-23 20:00:45,17,0,0,0,0,1,1,0,0,0,0,0
2026-04-23 20:00:46,68,51,13,0,13,2,4,0,0,0,0,12
2026-04-23 20:00:47,874,806,283,4,274,4,6,0,0,0,0,226
2026-04-23 20:00:49,2891,2017,966,10,689,7,9,0,0,0,0,146
2026-04-23 20:00:50,5748,2857,1959,16,999,9,11,0,0,0,0,468
2026-04-23 20:00:51,10115,4367,3473,22,1520,11,13,0,0,0,0,858
2026-04-23 20:00:52,15858,5743,5464,29,1998,13,15,0,0,0,0,2165
2026-04-23 20:00:53,23406,7548,8064,38,2609,16,18,0,0,0,0,3613
2026-04-23 20:00:54,32365,8959,11175,50,3123,18,20,0,0,0,0,6402
2026-04-23 20:00:55,42637,10272,14722,67,3564,20,22,0,0,0,0,9223
2026-04-23 20:00:57,54413,11776,18800,89,4100,22,25,0,0,0,0,9026
2026-04-23 20:00:58,68838,14425,23779,111,5001,25,27,0,0,0,0,12869
2026-04-23 20:00:59,84411,15573,29184,137,5431,27,29,0,0,0,0,17675
2026-04-23 20:01:00,101278,16867,35038,159,5876,30,32,0,0,0,0,22608
2026-04-23 20:01:01,119694,18416,41395,188,6386,32,34,0,0,0,0,28234
2026-04-23 20:01:02,138682,18988,47981,212,6610,34,36,0,0,0,0,34001
2026-04-23 20:01:04,158996,20314,55023,248,7078,35,38,0,0,0,0,39464
2026-04-23 20:01:05,180963,21967,62639,278,7646,39,41,0,0,0,0,46144
2026-04-23 20:01:06,203995,23032,70619,307,8009,36,43,0,0,0,0,52428
2026-04-23 20:01:07,227833,23838,78895,340,8309,41,43,0,0,0,0,59597
2026-04-23 20:01:08,253050,25217,87634,382,8781,41,43,0,0,0,0,67141
2026-04-23 20:01:09,279780,26730,96889,428,9301,40,43,0,0,0,0,74540
2026-04-23 20:01:11,308053,28273,106724,459,9866,40,43,0,0,0,0,78680
2026-04-23 20:01:12,336539,28486,116597,498,9912,38,43,0,0,0,0,74124
2026-04-23 20:01:13,365261,28722,126548,552,10005,41,43,0,0,0,0,39998
2026-04-23 20:01:14,394977,29716,136858,585,10343,40,43,0,0,0,0,47604
2026-04-23 20:01:15,424237,29260,147016,619,10192,41,43,0,0,0,0,36487
2026-04-23 20:01:16,454948,30711,157679,664,10708,38,43,0,0,0,0,31599
2026-04-23 20:01:18,485439,30491,168284,695,10636,37,43,0,0,0,0,5263
2026-04-23 20:01:19,517802,32363,179509,743,11273,39,43,0,0,0,0,3210
2026-04-23 20:01:20,550270,32468,190766,785,11299,41,43,0,0,0,0,7158
2026-04-23 20:01:21,582649,32379,202003,835,11287,41,43,0,0,0,0,6565
2026-04-23 20:01:22,615129,32480,213270,881,11313,40,43,0,0,0,0,8855
2026-04-23 20:01:23,648898,33769,224971,936,11756,41,43,0,0,0,0,11151
2026-04-23 20:01:24,683358,34460,236934,980,12007,41,43,0,0,0,0,9611
2026-04-23 20:01:26,718262,34904,249045,1038,12169,41,43,0,0,0,0,7517
2026-04-23 20:01:27,753953,35691,261449,1081,12447,32,43,0,0,0,0,6774
2026-04-23 20:01:28,789443,35490,273755,1130,12355,41,43,0,0,0,0,9128
2026-04-23 20:01:29,824230,34787,285843,1176,12134,41,43,0,0,0,0,13219
2026-04-23 20:01:30,858619,34389,297822,1219,12022,36,43,0,0,0,0,10550
2026-04-23 20:01:31,894665,36046,310298,1286,12543,41,43,0,0,0,0,15151
2026-04-23 20:01:33,931080,36415,322941,1323,12680,41,43,0,0,0,0,3689
2026-04-23 20:01:34,968333,37253,335842,1390,12968,40,43,0,0,0,0,5369
2026-04-23 20:01:35,1005151,36818,348660,1446,12874,37,43,0,0,0,0,10370
2026-04-23 20:01:36,1042819,37668,361754,1486,13134,40,43,0,0,0,0,13001
2026-04-23 20:01:37,1080702,37883,374852,1554,13166,39,43,0,0,0,0,19517
2026-04-23 20:01:38,1118611,37909,387997,1616,13207,39,43,0,0,0,0,20968
2026-04-23 20:01:40,1156754,38143,401256,1676,13319,38,43,0,0,0,0,18787
2026-04-23 20:01:41,1194172,37418,414244,1726,13038,39,43,0,0,0,0,24383
2026-04-23 20:01:42,1232114,37942,427423,1779,13232,41,43,0,0,0,0,15049
2026-04-23 20:01:43,1270438,38324,440711,1835,13344,37,43,0,0,0,0,19260
2026-04-23 20:01:44,1307663,37225,453603,1898,12955,39,43,0,0,0,0,21434
2026-04-23 20:01:45,1345286,37623,466636,1956,13091,41,43,0,0,0,0,23848
2026-04-23 20:01:47,1382682,37396,479623,2003,13034,37,43,0,0,0,0,21534
2026-04-23 20:01:48,1420345,37663,492709,2055,13138,41,43,0,0,0,0,28427
2026-04-23 20:01:49,1458397,38052,505887,2112,13235,40,43,0,0,0,0,29492
2026-04-23 20:01:50,1495726,37329,518861,2158,13020,41,43,0,0,0,0,32869
2026-04-23 20:01:51,1534013,38287,532154,2216,13351,36,43,0,0,0,0,30685
2026-04-23 20:01:52,1572934,38921,545632,2282,13544,41,43,0,0,0,0,28121
2026-04-23 20:01:54,1612285,39351,559287,2338,13711,39,43,0,0,0,0,22149
2026-04-23 20:01:55,1651461,39176,572904,2397,13676,40,43,0,0,0,0,18656
2026-04-23 20:01:56,1689938,38477,586272,2451,13422,37,43,0,0,0,0,13102
2026-04-23 20:01:57,1728085,38147,599538,2510,13325,41,43,0,0,0,0,16893
2026-04-23 20:01:58,1766980,38895,613017,2576,13545,41,43,0,0,0,0,19157
2026-04-23 20:01:59,1806332,39352,626626,2636,13669,41,43,0,0,0,0,22441
2026-04-23 20:02:01,1845740,39408,640274,2706,13718,40,43,0,0,0,0,16640
2026-04-23 20:02:02,1885967,40227,654194,2762,13976,41,43,0,0,0,0,18595
2026-04-23 20:02:03,1925032,39065,667714,2835,13593,41,43,0,0,0,0,24303
2026-04-23 20:02:04,1963772,38740,681171,2894,13516,41,43,0,0,0,0,18882
2026-04-23 20:02:05,2003959,40187,695137,2943,14015,40,43,0,0,0,0,23637
2026-04-23 20:02:06,2046245,42286,709825,3009,14754,40,43,0,0,0,0,24126
2026-04-23 20:02:08,2087917,41672,724283,3077,14526,39,43,0,0,0,0,18042
2026-04-23 20:02:09,2129724,41807,738775,3149,14564,38,43,0,0,0,0,25340
2026-04-23 20:02:10,2171417,41693,753244,3210,14530,41,43,0,0,0,0,28854
2026-04-23 20:02:11,2211482,40065,767192,3267,14005,39,43,0,0,0,0,35665
2026-04-23 20:02:12,2252376,40894,781379,3325,14245,38,43,0,0,0,0,40047
2026-04-23 20:02:13,2292185,39809,795213,3378,13887,37,43,0,0,0,0,39285
2026-04-23 20:02:15,2333111,40926,809397,3426,14232,39,43,0,0,0,0,37131
2026-04-23 20:02:16,2373970,40859,823575,3484,14236,41,43,0,0,0,0,13346
2026-04-23 20:02:17,2416311,42341,838263,3547,14751,40,43,0,0,0,0,17428
2026-04-23 20:02:18,2458580,42269,852901,3627,14718,40,43,0,0,0,0,27165
2026-04-23 20:02:19,2500060,41480,867311,3691,14474,40,43,0,0,0,0,25016
2026-04-23 20:02:20,2541681,41621,881747,3756,14501,40,43,0,0,0,0,27790
2026-04-23 20:02:22,2582857,41176,896022,3823,14342,40,43,0,0,0,0,23918
2026-04-23 20:02:23,2624117,41260,910349,3883,14387,38,43,0,0,0,0,24114
2026-04-23 20:02:24,2666356,42239,925013,3949,14730,40,43,0,0,0,0,27798
2026-04-23 20:02:25,2707787,41431,939392,4012,14442,36,43,0,0,0,0,30223
2026-04-23 20:02:26,2750126,42339,954009,4087,14692,39,43,0,0,0,0,34158
2026-04-23 20:02:27,2792183,42057,968600,4146,14650,36,43,0,0,0,0,33216
2026-04-23 20:02:29,2834734,42551,983335,4230,14819,40,43,0,0,0,0,32204
2026-04-23 20:02:30,2876535,41801,997811,4297,14543,41,43,0,0,0,0,37906
2026-04-23 20:02:31,2918563,42028,1012380,4359,14631,35,43,0,0,0,0,47661
2026-04-23 20:02:32,2959886,41323,1026668,4433,14362,40,43,0,0,0,0,43775
2026-04-23 20:02:33,3001045,41159,1040956,4496,14351,38,43,0,0,0,0,46889
2026-04-23 20:02:34,3041356,40311,1054943,4553,14044,39,43,0,0,0,0,47605
2026-04-23 20:02:36,3083399,42043,1069552,4622,14678,41,43,0,0,0,0,39277
2026-04-23 20:02:37,3127057,43658,1084725,4686,15237,38,43,0,0,0,0,41715
2026-04-23 20:02:38,3171154,44097,1100008,4753,15350,40,43,0,0,0,0,20649
2026-04-23 20:02:39,3216305,45151,1115640,4835,15714,41,43,0,0,0,0,14374
2026-04-23 20:02:40,3259753,43448,1130725,4910,15160,40,43,0,0,0,0,19081
2026-04-23 20:02:41,3304042,44289,1146115,4980,15460,41,43,0,0,0,0,25440
2026-04-23 20:02:43,3348305,44263,1161450,5048,15403,41,43,0,0,0,0,15696
2026-04-23 20:02:44,3390622,42317,1176141,5108,14751,40,43,0,0,0,0,27633
2026-04-23 20:02:45,3434314,43692,1191292,5182,15225,39,43,0,0,0,0,34341
2026-04-23 20:02:46,3478509,44195,1206586,5242,15354,41,43,0,0,0,0,31442
2026-04-23 20:02:47,3521350,42841,1221451,5324,14947,37,43,0,0,0,0,41284
2026-04-23 20:02:49,3562871,41521,1235910,5387,14522,39,43,0,0,0,0,40336
2026-04-23 20:02:50,3605676,42805,1250781,5446,14930,37,43,0,0,0,0,37150
2026-04-23 20:02:51,3648321,42645,1265591,5511,14875,38,43,0,0,0,0,42560
2026-04-23 20:02:52,3690510,42189,1280253,5563,14714,40,43,0,0,0,0,49351
2026-04-23 20:02:53,3733448,42938,1295142,5623,14949,39,43,0,0,0,0,53473
2026-04-23 20:02:54,3776591,43143,1310120,5689,15044,41,43,0,0,0,0,56494
2026-04-23 20:02:55,3819628,43037,1325061,5757,15009,40,43,0,0,0,0,57021
2026-04-23 20:02:57,3863647,44019,1340319,5815,15316,39,43,0,0,0,0,45187
2026-04-23 20:02:58,3907309,43662,1355482,5870,15218,40,43,0,0,0,0,47245
2026-04-23 20:02:59,3951389,44080,1370727,5935,15310,39,43,0,0,0,0,48769
2026-04-23 20:03:00,3994606,43217,1385717,5992,15047,41,43,0,0,0,0,45467
2026-04-23 20:03:01,4037642,43036,1400662,6062,15015,41,43,0,0,0,0,47255
2026-04-23 20:03:03,4081206,43564,1415762,6134,15172,38,43,0,0,0,0,29416
2026-04-23 20:03:04,4124484,43278,1430764,6198,15066,34,43,0,0,0,0,17834
2026-04-23 20:03:05,4167300,42816,1445621,6258,14917,40,43,0,0,0,0,23770
2026-04-23 20:03:06,4209935,42635,1460434,6315,14870,31,43,0,0,0,0,25279
2026-04-23 20:03:07,4253407,43472,1475502,6379,15132,41,43,0,0,0,0,31920
2026-04-23 20:03:08,4297548,44141,1490811,6443,15373,41,43,0,0,0,0,40169
2026-04-23 20:03:10,4340551,43003,1505727,6500,14973,38,43,0,0,0,0,30487
2026-04-23 20:03:11,4384304,43753,1520929,6550,15252,38,43,0,0,0,0,33396
2026-04-23 20:03:12,4429432,45128,1536628,6614,15763,40,43,0,0,0,0,42474
2026-04-23 20:03:13,4474089,44657,1552167,6680,15605,40,43,0,0,0,0,48645
2026-04-23 20:03:14,4518144,44055,1567483,6743,15379,41,43,0,0,0,0,41841
2026-04-23 20:03:15,4563411,45267,1583184,6809,15767,36,43,0,0,0,0,41231
2026-04-23 20:03:17,4608191,44780,1598744,6871,15622,38,43,0,0,0,0,43968
2026-04-23 20:03:18,4653448,45257,1614450,6923,15758,38,43,0,0,0,0,39905
2026-04-23 20:03:19,4697973,44525,1629915,7003,15545,40,43,0,0,0,0,44091
2026-04-23 20:03:20,4742045,44072,1645190,7059,15331,37,43,0,0,0,0,47007
2026-04-23 20:03:21,4785607,43562,1660315,7113,15179,38,43,0,0,0,0,28159
2026-04-23 20:03:22,4830298,44691,1675778,7193,15543,39,43,0,0,0,0,32802
2026-04-23 20:03:23,4874033,43735,1690964,7263,15256,41,43,0,0,0,0,32063
2026-04-23 20:03:25,4918290,44257,1706342,7333,15448,40,43,0,0,0,0,29075
2026-04-23 20:03:26,4962515,44225,1721674,7401,15400,40,43,0,0,0,0,31975
2026-04-23 20:03:27,5006708,44193,1736981,7476,15382,40,43,0,0,0,0,39337
2026-04-23 20:03:28,5051004,44296,1752316,7554,15413,37,43,0,0,0,0,34536
2026-04-23 20:03:29,5095190,44186,1767676,7622,15428,36,43,0,0,0,0,45971
2026-04-23 20:03:30,5139112,43922,1782927,7686,15315,39,43,0,0,0,0,48568
2026-04-23 20:03:32,5183786,44674,1798407,7745,15539,40,43,0,0,0,0,34951
2026-04-23 20:03:33,5228580,44794,1813964,7800,15612,40,43,0,0,0,0,34716
2026-04-23 20:03:34,5272682,44102,1829261,7858,15355,40,43,0,0,0,0,39407
2026-04-23 20:03:35,5317353,44671,1844741,7924,15546,39,43,0,0,0,0,43714
2026-04-23 20:03:36,5361958,44605,1860239,7985,15559,39,43,0,0,0,0,41068
2026-04-23 20:03:37,5405855,43897,1875483,8042,15301,40,43,0,0,0,0,43032
2026-04-23 20:03:39,5449446,43591,1890593,8119,15187,37,43,0,0,0,0,11904
2026-04-23 20:03:40,5493946,44500,1906028,8185,15501,41,43,0,0,0,0,21989
2026-04-23 20:03:41,5537537,43591,1921155,8253,15195,38,43,0,0,0,0,24542
2026-04-23 20:03:42,5582435,44898,1936711,8317,15620,38,43,0,0,0,0,34758
2026-04-23 20:03:43,5626218,43783,1951919,8396,15287,37,43,0,0,0,0,22053
2026-04-23 20:03:45,5670828,44610,1967394,8469,15548,41,43,0,0,0,0,28033
2026-04-23 20:03:46,5715743,44915,1982993,8525,15655,39,43,0,0,0,0,30100
2026-04-23 20:03:47,5759980,44237,1998338,8590,15410,41,43,0,0,0,0,21778
2026-04-23 20:03:48,5804207,44227,2013664,8652,15388,41,43,0,0,0,0,30601
2026-04-23 20:03:49,5849582,45375,2029397,8720,15801,39,43,0,0,0,0,32812
2026-04-23 20:03:50,5893209,43627,2044528,8804,15215,35,43,0,0,0,0,34788
2026-04-23 20:03:52,5938026,44817,2060052,8874,15594,41,43,0,0,0,0,30988
2026-04-23 20:03:53,5982580,44554,2075499,8947,15520,41,43,0,0,0,0,25205
2026-04-23 20:03:54,6027212,44632,2091014,9015,15583,41,43,0,0,0,0,32680
2026-04-23 20:03:55,6073700,46488,2107128,9087,16186,40,43,0,0,0,0,33546
2026-04-23 20:03:56,6120415,46715,2123295,9174,16254,37,43,0,0,0,0,41506
2026-04-23 20:03:57,6167268,46853,2139571,9239,16341,39,43,0,0,0,0,51819
2026-04-23 20:03:59,6213291,46023,2155548,9308,16046,37,43,0,0,0,0,44214
2026-04-23 20:04:00,6260632,47341,2171937,9383,16464,39,43,0,0,0,0,47810
2026-04-23 20:04:01,6308367,47735,2188476,9459,16615,38,43,0,0,0,0,52366
2026-04-23 20:04:02,6355057,46690,2204676,9534,16275,41,43,0,0,0,0,46108
2026-04-23 20:04:03,6401203,46146,2220701,9604,16095,34,43,0,0,0,0,50445
2026-04-23 20:04:04,6446515,45312,2236419,9663,15777,40,43,0,0,0,0,52656
2026-04-23 20:04:06,6493326,46811,2252661,9719,16298,40,43,0,0,0,0,42610
2026-04-23 20:04:07,6539566,46240,2268752,9790,16162,40,43,0,0,0,0,50388
2026-04-23 20:04:08,6586290,46724,2284931,9860,16249,41,43,0,0,0,0,56441
2026-04-23 20:04:09,6632289,45999,2300916,9934,16059,39,43,0,0,0,0,39544
2026-04-23 20:04:10,6678684,46395,2317072,9990,16212,39,43,0,0,0,0,39386
2026-04-23 20:04:11,6725090,46406,2333190,10058,16186,40,43,0,0,0,0,44741
2026-04-23 20:04:13,6771238,46148,2349192,10122,16066,40,43,0,0,0,0,33572
2026-04-23 20:04:14,6817914,46676,2365366,10191,16243,41,43,0,0,0,0,28057
2026-04-23 20:04:15,6863470,45556,2381218,10265,15926,40,43,0,0,0,0,34715
2026-04-23 20:04:16,6909517,46047,2397196,10333,16046,37,43,0,0,0,0,44073
2026-04-23 20:04:17,6956376,46859,2413465,10408,16344,41,43,0,0,0,0,51104
2026-04-23 20:04:18,7002023,45647,2429320,10476,15923,39,43,0,0,0,0,57493
2026-04-23 20:04:20,7049447,47424,2445741,10559,16504,41,43,0,0,0,0,47687
2026-04-23 20:04:21,7095214,45767,2461671,10632,16003,41,43,0,0,0,0,50494
2026-04-23 20:04:22,7142811,47597,2478172,10709,16578,38,43,0,0,0,0,51065
2026-04-23 20:04:23,7189916,47105,2494512,10787,16418,41,43,0,0,0,0,51369
2026-04-23 20:04:24,7236724,46808,2510762,10863,16326,41,43,0,0,0,0,50856
2026-04-23 20:04:25,7283425,46701,2526939,10931,16245,40,43,0,0,0,0,55029
2026-04-23 20:04:27,7329272,45847,2542891,10992,16013,38,43,0,0,0,0,49271
2026-04-23 20:04:28,7376923,47651,2559400,11062,16579,40,43,0,0,0,0,54692
2026-04-23 20:04:29,7423357,46434,2575555,11135,16228,41,43,0,0,0,0,58225
2026-04-23 20:04:30,7469297,45940,2591490,11214,16014,41,43,0,0,0,0,60845
2026-04-23 20:04:31,7514600,45303,2607176,11309,15781,40,43,0,0,0,0,60036
2026-04-23 20:04:32,7561642,47042,2623468,11378,16361,39,43,0,0,0,0,62646
2026-04-23 20:04:34,7606639,44997,2639078,11434,15666,41,43,0,0,0,0,17708
2026-04-23 20:04:35,7649727,43088,2654101,11478,15067,40,43,0,0,0,0,10300
2026-04-23 20:04:36,7695208,45481,2669858,11550,15829,41,43,0,0,0,0,7389
2026-04-23 20:04:37,7741568,46360,2685944,11610,16146,41,43,0,0,0,0,18597
2026-04-23 20:04:38,7787544,45976,2701894,11678,16018,41,43,0,0,0,0,31683
2026-04-23 20:04:39,7833602,46058,2717861,11749,16038,37,43,0,0,0,0,43283
2026-04-23 20:04:41,7880628,47026,2734202,11812,16404,41,43,0,0,0,0,44951
2026-04-23 20:04:42,7926688,46060,2750203,11873,16062,37,43,0,0,0,0,51139
2026-04-23 20:04:43,7973686,46998,2766468,11950,16342,36,43,0,0,0,0,56074
2026-04-23 20:04:44,8020311,46625,2782665,12023,16270,40,43,0,0,0,0,57647
2026-04-23 20:04:45,8068547,48236,2799385,12085,16782,40,43,0,0,0,0,61486
2026-04-23 20:04:46,8114806,46259,2815446,12153,16129,38,43,0,0,0,0,65320
2026-04-23 20:04:48,8161365,46559,2831611,12226,16238,39,43,0,0,0,0,56393
2026-04-23 20:04:49,8208394,47029,2847891,12304,16358,36,43,0,0,0,0,60237
2026-04-23 20:04:50,8255794,47400,2864311,12374,16490,38,43,0,0,0,0,60136
2026-04-23 20:04:51,8303560,47766,2880849,12443,16607,39,43,0,0,0,0,58402
2026-04-23 20:04:52,8350604,47044,2897157,12517,16382,39,43,0,0,0,0,25293
2026-04-23 20:04:54,8398271,47667,2913712,12599,16637,39,43,0,0,0,0,33379
2026-04-23 20:04:55,8444838,46567,2929897,12650,16236,38,43,0,0,0,0,30877
2026-04-23 20:04:56,8493007,48169,2946611,12716,16780,40,43,0,0,0,0,39464
2026-04-23 20:04:57,8540194,47187,2962996,12781,16450,40,43,0,0,0,0,49602
2026-04-23 20:04:58,8587718,47524,2979520,12844,16587,40,43,0,0,0,0,57728
2026-04-23 20:04:59,8634371,46653,2995732,12903,16271,38,43,0,0,0,0,62684
2026-04-23 20:05:01,8680328,45957,3011699,12976,16040,41,43,0,0,0,0,41542
2026-04-23 20:05:02,8727280,46952,3027996,13050,16371,41,43,0,0,0,0,30159
2026-04-23 20:05:03,8774497,47217,3044379,13121,16454,38,43,0,0,0,0,32282
2026-04-23 20:05:04,8821825,47328,3060750,13199,16449,40,43,0,0,0,0,26301
2026-04-23 20:05:05,8869079,47254,3077115,13277,16443,40,43,0,0,0,0,33066
2026-04-23 20:05:06,8916094,47015,3093428,13351,16387,40,43,0,0,0,0,40160
2026-04-23 20:05:07,8962063,45969,3109366,13429,16016,37,43,0,0,0,0,48966
2026-04-23 20:05:09,9009015,46952,3125643,13505,16353,38,43,0,0,0,0,37893
2026-04-23 20:05:10,9056365,47350,3142050,13583,16485,38,43,0,0,0,0,45736
2026-04-23 20:05:11,9103114,46749,3158263,13642,16272,38,43,0,0,0,0,48046
2026-04-23 20:05:12,9150813,47699,3174764,13724,16583,41,43,0,0,0,0,43984
2026-04-23 20:05:13,9197162,46349,3190852,13790,16154,39,43,0,0,0,0,48310
2026-04-23 20:05:14,9242221,45059,3206521,13874,15753,40,43,0,0,0,0,53614
2026-04-23 20:05:16,9288168,45947,3222440,13940,15985,40,43,0,0,0,0,34453
2026-04-23 20:05:17,9335048,46880,3238675,14015,16310,40,43,0,0,0,0,33625
2026-04-23 20:05:18,9382603,47555,3255180,14082,16572,37,43,0,0,0,0,40713
2026-04-23 20:05:19,9428303,45700,3271015,14159,15912,40,43,0,0,0,0,36712
2026-04-23 20:05:20,9475407,47104,3287347,14236,16409,41,43,0,0,0,0,46349
2026-04-23 20:05:21,9521995,46588,3303501,14304,16222,41,43,0,0,0,0,35068
2026-04-23 20:05:23,9565849,43854,3318718,14375,15288,40,43,0,0,0,0,28616
2026-04-23 20:05:24,9611468,45619,3334535,14459,15901,41,43,0,0,0,0,16398
2026-04-23 20:05:25,9658002,46534,3350699,14522,16227,34,43,0,0,0,0,25929
2026-04-23 20:05:26,9703489,45487,3366555,14589,15923,41,43,0,0,0,0,38514
2026-04-23 20:05:27,9750267,46778,3382764,14662,16282,40,43,0,0,0,0,46230
2026-04-23 20:05:28,9797128,46861,3399005,14734,16313,41,43,0,0,0,0,34450
2026-04-23 20:05:30,9843378,46250,3415044,14806,16111,40,43,0,0,0,0,10327
2026-04-23 20:05:31,9889918,46540,3431175,14880,16205,41,43,0,0,0,0,20720
2026-04-23 20:05:32,9936525,46607,3447354,14929,16228,38,43,0,0,0,0,29672
2026-04-23 20:05:33,9983702,47177,3463729,14992,16438,40,43,0,0,0,0,38678
2026-04-23 20:05:34,10029271,45569,3479544,15069,15892,41,43,0,0,0,0,46554
2026-04-23 20:05:35,10076087,46816,3495762,15128,16277,41,43,0,0,0,0,47003
2026-04-23 20:05:37,10122458,46371,3511830,15211,16151,36,43,0,0,0,0,25588
2026-04-23 20:05:38,10168626,46168,3527832,15291,16082,41,43,0,0,0,0,34073
2026-04-23 20:05:39,10214202,45576,3543654,15365,15896,38,43,0,0,0,0,22492
2026-04-23 20:05:40,10261127,46925,3559905,15446,16332,40,43,0,0,0,0,35677
2026-04-23 20:05:41,10307305,46178,3575921,15533,16103,41,43,0,0,0,0,45083
2026-04-23 20:05:42,10354354,47049,3592234,15604,16384,40,43,0,0,0,0,50795
2026-04-23 20:05:44,10400627,46273,3608314,15677,16153,41,43,0,0,0,0,46573
2026-04-23 20:05:45,10447983,47356,3624690,15754,16453,40,43,0,0,0,0,37020
2026-04-23 20:05:46,10494251,46268,3640751,15829,16136,41,43,0,0,0,0,40077
2026-04-23 20:05:47,10540428,46177,3656767,15914,16101,39,43,0,0,0,0,45986
2026-04-23 20:05:48,10585358,44930,3672346,15992,15657,40,43,0,0,0,0,47402
2026-04-23 20:05:49,10631791,46433,3688477,16063,16202,41,43,0,0,0,0,52382
2026-04-23 20:05:51,10678482,46691,3704657,16131,16248,41,43,0,0,0,0,51601
2026-04-23 20:05:52,10724795,46313,3720737,16199,16148,41,43,19,19,0,0,34755
2026-04-23 20:05:53,10763088,38293,3733987,16264,13315,39,43,20019,20000,0,0,38090
2026-04-23 20:05:54,10803943,40855,3748158,16328,14235,40,43,40019,20000,0,0,41748
2026-04-23 20:05:55,10844186,40243,3762121,16376,14011,41,43,60019,20000,0,0,34906
2026-04-23 20:05:56,10884360,40174,3776076,16446,14025,41,43,100019,40000,0,0,41251
2026-04-23 20:05:58,10925266,40906,3790276,16497,14251,41,43,120019,20000,0,0,22590
2026-04-23 20:05:59,10966612,41346,3804624,16557,14408,39,43,140019,20000,0,0,15166
2026-04-23 20:06:00,11008230,41618,3819090,16623,14532,41,43,160019,20000,0,0,23083
2026-04-23 20:06:01,11049040,40810,3833258,16690,14235,41,43,180019,20000,0,0,32598
2026-04-23 20:06:02,11088662,39622,3846984,16749,13785,41,43,200019,20000,0,0,38698
2026-04-23 20:06:03,11128770,40108,3860897,16801,13965,41,43,220019,20000,0,0,49228
2026-04-23 20:06:05,11170786,42016,3875423,16872,14597,39,43,260019,40000,0,0,51897
2026-04-23 20:06:06,11213434,42648,3890189,16950,14844,41,43,280019,20000,0,0,36499
2026-04-23 20:06:07,11255027,41593,3904629,17006,14496,41,43,300019,20000,0,0,43889
2026-04-23 20:06:08,11295859,40832,3918814,17062,14241,40,43,320019,20000,0,0,49067
2026-04-23 20:06:09,11336396,40537,3932889,17132,14145,41,43,340019,20000,0,0,54005
2026-04-23 20:06:10,11376837,40441,3946928,17193,14100,38,43,360019,20000,0,0,55611
2026-04-23 20:06:12,11419215,42378,3961582,17267,14728,40,43,400019,40000,0,0,55276
2026-04-23 20:06:13,11461619,42404,3976286,17336,14773,40,43,420019,20000,0,0,15120
2026-04-23 20:06:14,11503703,42084,3990891,17393,14662,41,43,440019,20000,0,0,25787
2026-04-23 20:06:15,11544347,40644,4004969,17470,14155,41,43,460019,20000,0,0,17169
2026-04-23 20:06:16,11585908,41561,4019363,17535,14459,41,43,480019,20000,0,0,27184
2026-04-23 20:06:17,11626350,40442,4033354,17612,14068,41,43,520019,40000,0,0,30551
2026-04-23 20:06:19,11668646,42296,4048024,17681,14739,40,43,540019,20000,0,0,34102
2026-04-23 20:06:20,11710375,41729,4062513,17737,14545,39,43,560019,20000,0,0,42320
2026-04-23 20:06:21,11752321,41946,4077044,17822,14616,41,43,580019,20000,0,0,39276
2026-04-23 20:06:22,11794154,41833,4091537,17887,14558,39,43,600019,20000,0,0,49037
2026-04-23 20:06:23,11833383,39229,4105144,17952,13672,39,43,620019,20000,0,0,41526
2026-04-23 20:06:24,11872555,39172,4118722,18005,13631,41,43,660019,40000,0,0,43621
2026-04-23 20:06:26,11913712,41157,4133012,18073,14358,40,43,680019,20000,0,0,27248
2026-04-23 20:06:27,11954030,40318,4147005,18142,14062,40,43,700019,20000,0,0,31356
2026-04-23 20:06:28,11996543,42513,4161722,18217,14792,39,43,720019,20000,0,0,31760
2026-04-23 20:06:29,12038315,41772,4176241,18265,14567,41,43,740019,20000,0,0,41632
2026-04-23 20:06:30,12078901,40586,4190349,18324,14167,38,43,760019,20000,0,0,49710
2026-04-23 20:06:31,12119871,40970,4204575,18392,14294,38,43,800019,40000,0,0,57600
2026-04-23 20:06:33,12161650,41779,4219058,18453,14544,40,43,820019,20000,0,0,53483
2026-04-23 20:06:34,12202910,41260,4233361,18523,14373,39,43,840019,20000,0,0,58946
2026-04-23 20:06:35,12243656,40746,4247508,18577,14201,41,43,860019,20000,0,0,62508
2026-04-23 20:06:36,12283789,40133,4261450,18638,14003,41,43,880019,20000,0,0,62864
2026-04-23 20:06:37,12323229,39440,4275103,18705,13720,41,43,900019,20000,0,0,62585
2026-04-23 20:06:38,12364190,40961,4289321,18753,14266,41,43,940019,40000,0,0,62103
2026-04-23 20:06:40,12405927,41737,4303806,18816,14548,41,43,960019,20000,0,0,36771
2026-04-23 20:06:41,12447724,41797,4318289,18894,14561,41,43,980019,20000,0,0,40294
2026-04-23 20:06:42,12488534,40810,4332462,18971,14250,38,43,1000019,20000,0,0,33818
2026-04-23 20:06:43,12529522,40988,4346661,19046,14274,40,43,1020019,20000,0,0,43991
2026-04-23 20:06:44,12568978,39456,4360335,19101,13729,41,43,1040019,20000,0,0,53891
2026-04-23 20:06:45,12609408,40430,4374360,19161,14085,41,43,1080019,40000,0,0,59904
2026-04-23 20:06:47,12650468,41060,4388585,19234,14298,39,43,1100019,20000,0,0,26190
2026-04-23 20:06:48,12692814,42346,4403297,19284,14762,40,43,1120019,20000,0,0,36430
2026-04-23 20:06:49,12734599,41785,4417785,19357,14561,41,43,1140019,20000,0,0,36122
2026-04-23 20:06:50,12774662,40063,4431662,19413,13933,36,43,1160019,20000,0,0,34492
2026-04-23 20:06:51,12813987,39325,4445273,19479,13677,35,43,1180019,20000,0,0,34838
2026-04-23 20:06:52,12854060,40073,4459162,19548,13958,39,43,1220019,40000,0,0,38291
2026-04-23 20:06:54,12895015,40955,4473345,19628,14263,35,43,1240019,20000,0,0,3963
2026-04-23 20:06:55,12935049,40034,4487269,19686,13982,38,43,1260019,20000,0,0,15892
2026-04-23 20:06:56,12976828,41779,4501770,19749,14564,41,43,1280019,20000,0,0,23353
2026-04-23 20:06:57,13017470,40642,4515892,19799,14172,36,43,1300019,20000,0,0,20128
2026-04-23 20:06:58,13057190,39720,4529669,19869,13847,41,43,1320019,20000,0,0,29711
2026-04-23 20:06:59,13097669,40479,4543690,19933,14085,39,43,1360019,40000,0,0,40115
2026-04-23 20:07:01,13138015,40346,4557687,19996,14060,41,43,1380019,20000,0,0,36827
2026-04-23 20:07:02,13177952,39937,4571561,20056,13934,41,43,1400019,20000,0,0,38474
2026-04-23 20:07:03,13213297,35345,4583801,20114,12298,41,43,1440019,40000,0,0,6432
2026-04-23 20:07:04,13246158,32861,4595213,20159,11457,37,43,1500019,60000,0,0,10461
2026-04-23 20:07:05,13278774,32616,4606541,20207,11376,41,43,1560019,60000,0,0,8624
2026-04-23 20:07:06,13312033,33259,4618060,20255,11567,40,43,1620019,60000,0,0,9052
2026-04-23 20:07:08,13345261,33228,4629580,20302,11567,41,43,1680019,60000,0,0,2267
2026-04-23 20:07:09,13378188,32927,4641009,20349,11476,40,43,1740019,60000,0,0,3584
2026-04-23 20:07:10,13407997,29809,4651365,20390,10397,39,43,1800019,60000,0,0,4262
2026-04-23 20:07:11,13439650,31653,4662343,20445,11033,41,43,1840019,40000,0,0,7378
2026-04-23 20:07:12,13471519,31869,4673329,20505,11046,41,43,1900019,60000,0,0,10113
2026-04-23 20:07:13,13502958,31439,4684263,20567,10996,41,43,1960019,60000,0,0,11503
2026-04-23 20:07:15,13532985,30027,4694689,20618,10477,41,43,2020019,60000,0,0,1921
2026-04-23 20:07:16,13562917,29932,4705052,20664,10409,41,43,2080019,60000,0,0,3762
2026-04-23 20:07:17,13593336,30419,4715616,20699,10599,39,43,2140019,60000,0,0,5165
2026-04-23 20:07:18,13623811,30475,4726185,20739,10609,41,43,2200019,60000,0,0,7138
2026-04-23 20:07:19,13653363,29552,4736413,20781,10270,29,43,2260019,60000,0,0,6586
2026-04-23 20:07:20,13684341,30978,4747170,20826,10802,41,43,2320019,60000,0,0,9083
2026-04-23 20:07:22,13725481,41140,4761417,20897,14318,40,43,2340406,20387,0,0,7049
2026-04-23 20:07:23,13765133,39652,4775183,20943,13812,40,43,2360406,20000,0,0,14281
2026-04-23 20:07:24,13802493,37360,4788153,21007,13034,41,43,2380406,20000,0,0,24819
2026-04-23 20:07:25,13840142,37649,4801201,21066,13107,40,43,2400406,20000,0,0,31598
2026-04-23 20:07:26,13879082,38940,4814673,21130,13536,41,43,2440406,40000,0,0,10926
2026-04-23 20:07:27,13918238,39156,4828256,21180,13633,39,43,2460406,20000,0,0,21198
2026-04-23 20:07:29,13959324,41086,4842494,21241,14299,37,43,2480406,20000,0,0,18776
2026-04-23 20:07:30,13999867,40543,4856576,21308,14149,41,43,2500406,20000,0,0,26494
2026-04-23 20:07:31,14038662,38795,4870019,21364,13499,40,43,2520406,20000,0,0,28644
2026-04-23 20:07:32,14077294,38632,4883412,21434,13463,41,43,2540406,20000,0,0,24304
2026-04-23 20:07:33,14116273,38979,4896940,21482,13576,38,43,2580406,40000,0,0,26024
2026-04-23 20:07:34,14157994,41721,4911417,21538,14533,40,43,2600406,20000,0,0,29962
2026-04-23 20:07:36,14198368,40374,4925441,21596,14082,38,43,2620406,20000,0,0,38443
2026-04-23 20:07:37,14239285,40917,4939604,21655,14222,40,43,2640406,20000,0,0,43330
2026-04-23 20:07:38,14276775,37490,4952638,21714,13093,37,43,2660406,20000,0,0,48059
2026-04-23 20:07:39,14316113,39338,4966294,21772,13714,41,43,2687717,27311,0,0,43213
2026-04-23 20:07:40,14359461,43348,4981336,21835,15105,38,43,2696105,8388,0,0,48450
2026-04-23 20:07:41,14401913,42452,4996112,21886,14827,40,43,2705615,9510,0,0,50060
2026-04-23 20:07:43,14444497,42584,5010896,21950,14848,40,43,2714227,8612,0,0,38971
2026-04-23 20:07:44,14487893,43396,5025956,22025,15135,41,43,2722887,8660,0,0,38234
2026-04-23 20:07:45,14531110,43217,5040906,22104,15029,40,43,2731242,8355,0,0,42282
2026-04-23 20:07:46,14575022,43912,5056135,22163,15288,41,43,2747484,16242,0,0,41277
2026-04-23 20:07:47,14618932,43910,5071354,22254,15310,41,43,2756188,8704,0,0,46544
2026-04-23 20:07:48,14663980,45048,5086966,22327,15685,41,43,2764125,7937,0,0,30850
2026-04-23 20:07:50,14708339,44359,5102324,22388,15419,40,43,2771624,7499,0,0,27648
2026-04-23 20:07:51,14752327,43988,5117578,22447,15313,40,43,2778938,7314,0,0,26531
2026-04-23 20:07:52,14795025,42698,5132402,22506,14883,41,43,2786646,7708,0,0,34424
2026-04-23 20:07:53,14838787,43762,5147565,22574,15231,41,43,2801661,15015,0,0,35637
2026-04-23 20:07:54,14881048,42261,5162215,22636,14712,40,43,2808943,7282,0,0,25560
2026-04-23 20:07:55,14924791,43743,5177389,22699,15237,35,43,2815671,6728,0,0,24074
2026-04-23 20:07:57,14968924,44133,5192678,22773,15363,38,43,2822721,7050,0,0,18909
2026-04-23 20:07:58,15013075,44151,5207984,22847,15380,32,43,2829901,7180,0,0,26413
2026-04-23 20:07:59,15056313,43238,5223024,22899,15092,37,43,2837188,7287,0,0,31837
2026-04-23 20:08:00,15104395,48082,5239677,22986,16740,40,43,2850984,13796,0,0,41962
2026-04-23 20:08:01,15154586,50191,5257101,23062,17500,40,43,2858068,7084,0,0,51501
2026-04-23 20:08:02,15205289,50703,5274699,23137,17673,39,43,2865079,7011,0,0,58082
2026-04-23 20:08:04,15254796,49507,5291852,23202,17218,40,43,2872632,7553,0,0,59606
2026-04-23 20:08:05,15304161,49365,5308997,23264,17207,41,43,2879039,6407,0,0,61201
2026-04-23 20:08:06,15353124,48963,5325995,23339,17073,41,43,2886268,7229,0,0,63888
2026-04-23 20:08:07,15402271,49147,5343050,23412,17128,38,43,2899731,13463,0,0,66227
2026-04-23 20:08:08,15453741,51470,5360884,23476,17898,40,43,2906752,7021,0,0,67821
2026-04-23 20:08:09,15503692,49951,5378227,23554,17421,39,43,2913758,7006,0,0,73230
2026-04-23 20:08:11,15553640,49948,5395539,23637,17395,36,43,2920672,6914,0,0,67717
2026-04-23 20:08:12,15604238,50598,5413046,23722,17592,40,43,2926980,6308,0,0,68326
2026-04-23 20:08:13,15652574,48336,5429835,23787,16854,36,43,2939267,12287,0,0,52777
2026-04-23 20:08:14,15702511,49937,5447147,23861,17386,36,43,2945784,6517,0,0,57907
2026-04-23 20:08:15,15752966,50455,5464646,23944,17582,39,43,2952069,6285,0,0,60839
2026-04-23 20:08:16,15803312,50346,5482102,24022,17534,41,43,2957974,5905,0,0,64742
2026-04-23 20:08:18,15853780,50468,5499596,24101,17573,39,43,2963885,5911,0,0,61673
2026-04-23 20:08:19,15904980,51200,5517319,24191,17813,41,43,2969826,5941,0,0,60372
2026-04-23 20:08:20,15954036,49056,5534332,24257,17079,37,43,2981379,11553,0,0,62390
2026-04-23 20:08:21,16004789,50753,5551932,24326,17669,40,43,2986994,5615,0,0,67812
2026-04-23 20:08:22,16055151,50362,5569400,24412,17554,39,43,2992666,5672,0,0,73491
2026-04-23 20:08:23,16105486,50335,5586852,24495,17535,37,43,2998136,5470,0,0,73858
2026-04-23 20:08:25,16156767,51281,5604622,24584,17859,36,43,3003529,5393,0,0,74408
2026-04-23 20:08:26,16205787,49020,5621659,24666,17119,39,43,3008891,5362,0,0,71908
2026-04-23 20:08:27,16255830,50043,5638988,24759,17422,41,43,3014399,5508,0,0,74723
2026-04-23 20:08:28,16305781,49951,5656327,24831,17411,38,43,3025098,10699,0,0,75540
2026-04-23 20:08:29,16355282,49501,5673485,24925,17252,40,43,3030425,5327,0,0,79195
2026-04-23 20:08:30,16403383,48101,5690188,25011,16789,40,43,3035838,5413,0,0,79754
2026-04-23 20:08:32,16452428,49045,5707191,25088,17080,38,43,3040611,4773,0,0,77645
2026-04-23 20:08:33,16502176,49748,5724436,25182,17339,39,43,3045639,5028,0,0,64356
2026-04-23 20:08:34,16552889,50713,5742032,25245,17659,40,43,3050684,5045,0,0,65523
2026-04-23 20:08:35,16603118,50229,5759464,25319,17506,37,43,3060387,9703,0,0,65867
2026-04-23 20:08:36,16653429,50311,5776916,25404,17537,38,43,3065212,4825,0,0,68879
2026-04-23 20:08:37,16703696,50267,5794376,25480,17536,37,43,3069959,4747,0,0,72359
2026-04-23 20:08:39,16754643,50947,5812030,25569,17743,39,43,3074901,4942,0,0,77156
2026-04-23 20:08:40,16806090,51447,5829866,25648,17915,36,43,3079771,4870,0,0,71832
2026-04-23 20:08:41,16857314,51224,5847637,25720,17843,40,43,3084334,4563,0,0,72048
2026-04-23 20:08:42,16907555,50241,5865065,25801,17509,38,43,3093740,9406,0,0,74786
2026-04-23 20:08:43,16958667,51112,5882743,25898,17775,39,43,3098269,4529,0,0,77594
2026-04-23 20:08:44,17008673,50006,5900130,25967,17456,39,43,3102608,4339,0,0,79391
2026-04-23 20:08:46,17060139,51466,5917986,26048,17937,40,43,3106981,4373,0,0,77310
2026-04-23 20:08:47,17112435,52296,5936102,26143,18211,39,43,3111212,4231,0,0,67157
2026-04-23 20:08:48,17163456,51021,5953762,26221,17738,41,43,3115593,4381,0,0,68365
2026-04-23 20:08:49,17214207,50751,5971327,26312,17656,37,43,3123998,8405,0,0,72873
2026-04-23 20:08:50,17265737,51530,5989182,26396,17939,41,43,3127825,3827,0,0,77070
2026-04-23 20:08:51,17317587,51850,6007140,26480,18042,39,43,3132033,4208,0,0,78625
2026-04-23 20:08:53,17368658,51071,6024842,26560,17782,41,43,3136083,4050,0,0,80221
2026-04-23 20:08:54,17418784,50126,6042240,26636,17474,39,43,3140330,4247,0,0,73324
2026-04-23 20:08:55,17469415,50631,6059774,26721,17619,38,43,3148181,7851,0,0,69066
2026-04-23 20:08:56,17521165,51750,6077706,26803,18014,40,43,3151810,3629,0,0,33584
2026-04-23 20:08:57,17572150,50985,6095381,26872,17744,41,43,3155865,4055,0,0,43912
2026-04-23 20:08:58,17623357,51207,6113130,26954,17831,39,43,3159572,3707,0,0,56748
2026-04-23 20:09:00,17674705,51348,6130930,27026,17872,41,43,3163429,3857,0,0,58456
2026-04-23 20:09:01,17725138,50433,6148450,27088,17582,39,43,3167333,3904,0,0,60946
2026-04-23 20:09:02,17776859,51721,6166376,27174,18012,40,43,3175048,7715,0,0,69842
2026-04-23 20:09:03,17828558,51699,6184293,27253,17996,37,43,3178818,3770,0,0,71809
2026-04-23 20:09:04,17880919,52361,6202441,27337,18232,37,43,3182058,3240,0,0,73520
2026-04-23 20:09:06,17931919,51000,6220095,27426,17743,41,43,3185770,3712,0,0,78075
2026-04-23 20:09:07,17981792,49873,6237425,27506,17410,39,43,3189444,3674,0,0,66810
2026-04-23 20:09:08,18031389,49597,6254611,27590,17270,38,43,3193328,3884,0,0,45112
2026-04-23 20:09:09,18080793,49404,6271753,27674,17226,38,43,3200658,7330,0,0,55351
2026-04-23 20:09:10,18132345,51552,6289635,27759,17967,39,43,3204267,3609,0,0,58646
2026-04-23 20:09:11,18183247,50902,6307251,27849,17706,39,43,3207855,3588,0,0,64265
2026-04-23 20:09:13,18233718,50471,6324798,27923,17621,41,43,3211385,3530,0,0,67127
2026-04-23 20:09:14,18285399,51681,6342754,28006,18039,37,43,3214932,3547,0,0,57599
2026-04-23 20:09:15,18335219,49820,6360049,28085,17374,41,43,3218359,3427,0,0,61309
2026-04-23 20:09:16,18386181,50962,6377689,28177,17732,40,43,3225412,7053,0,0,66949
2026-04-23 20:09:17,18437408,51227,6395484,28239,17857,39,43,3228970,3558,0,0,70068
2026-04-23 20:09:18,18488999,51591,6413398,28316,17991,38,43,3232418,3448,0,0,70026
2026-04-23 20:09:20,18539691,50692,6430992,28405,17683,41,43,3235930,3512,0,0,61182
2026-04-23 20:09:21,18590660,50969,6448681,28476,17760,39,43,3239468,3538,0,0,52909
2026-04-23 20:09:22,18641625,50965,6466344,28551,17738,41,43,3246039,6571,0,0,54824
2026-04-23 20:09:23,18692112,50487,6483904,28621,17630,41,43,3249536,3497,0,0,59277
2026-04-23 20:09:24,18743714,51602,6501809,28689,17973,41,43,3252798,3262,0,0,62622
2026-04-23 20:09:25,18794178,50464,6519350,28751,17603,41,43,3256035,3237,0,0,68462
2026-04-23 20:09:27,18845194,51016,6537044,28822,17765,40,43,3259499,3464,0,0,68038
2026-04-23 20:09:28,18895673,50479,6554581,28899,17614,41,43,3262595,3096,0,0,64217
2026-04-23 20:09:29,18945448,49775,6571859,28979,17358,37,43,3269318,6723,0,0,68735
2026-04-23 20:09:30,18995795,50347,6589308,29068,17538,39,43,3272243,2925,0,0,69821
2026-04-23 20:09:31,19046696,50901,6607015,29137,17776,37,43,3275317,3074,0,0,66781
2026-04-23 20:09:32,19098253,51557,6624870,29230,17948,41,43,3278432,3115,0,0,66742
2026-04-23 20:09:34,19147137,48884,6641792,29300,16992,40,43,3281438,3006,0,0,23487
2026-04-23 20:09:35,19198700,51563,6659680,29397,17985,40,43,3284155,2717,0,0,35209
2026-04-23 20:09:36,19248316,49616,6676895,29469,17287,40,43,3290251,6096,0,0,45884
2026-04-23 20:09:37,19299149,50833,6694478,29543,17657,40,43,3293110,2859,0,0,54829
2026-04-23 20:09:38,19349961,50812,6712079,29627,17685,38,43,3296037,2927,0,0,58814
2026-04-23 20:09:39,19401004,51043,6729779,29706,17779,39,43,3299004,2967,0,0,64896
2026-04-23 20:09:41,19452843,51839,6747758,29785,18058,40,43,3302117,3113,0,0,61819
2026-04-23 20:09:42,19504277,51434,6765580,29877,17914,39,43,3305130,3013,0,0,54565
2026-04-23 20:09:43,19554880,50603,6783180,29946,17669,40,43,3310992,5862,0,0,48338
2026-04-23 20:09:44,19606474,51594,6801032,30044,17950,40,43,3313906,2914,0,0,56604
2026-04-23 20:09:45,19657390,50916,6818725,30122,17771,40,43,3316850,2944,0,0,61847
2026-04-23 20:09:47,19709406,52016,6836694,30231,18078,39,43,3319730,2880,0,0,66338
2026-04-23 20:09:48,19760013,50607,6854267,30306,17648,38,43,3322806,3076,0,0,65042
2026-04-23 20:09:49,19810946,50933,6871962,30382,17771,37,43,3325604,2798,0,0,59693
2026-04-23 20:09:50,19860493,49547,6889185,30443,17284,41,43,3331291,5687,0,0,64239
2026-04-23 20:09:51,19911102,50609,6906721,30512,17605,39,43,3333851,2560,0,0,69261
2026-04-23 20:09:52,19962483,51381,6924526,30593,17886,40,43,3336560,2709,0,0,73678
2026-04-23 20:09:53,20013670,51187,6942273,30669,17823,39,43,3339233,2673,0,0,79978
2026-04-23 20:09:55,20063640,49970,6959619,30750,17427,39,43,3341936,2703,0,0,74920
2026-04-23 20:09:56,20114259,50619,6977168,30823,17622,39,43,3344860,2924,0,0,71352
2026-04-23 20:09:57,20163764,49505,6994334,30912,17255,41,43,3350393,5533,0,0,74879
2026-04-23 20:09:58,20214365,50601,7011902,30990,17646,37,43,3353098,2705,0,0,77525
2026-04-23 20:09:59,20265166,50801,7029536,31076,17720,35,43,3355642,2544,0,0,83588
2026-04-23 20:10:00,20316971,51805,7047498,31164,18050,36,43,3358256,2614,0,0,82742
2026-04-23 20:10:02,20367576,50605,7065041,31236,17615,41,43,3360956,2700,0,0,72586
2026-04-23 20:10:03,20418319,50743,7082624,31306,17653,38,43,3363507,2551,0,0,68495
2026-04-23 20:10:04,20468700,50381,7100098,31382,17550,40,43,3368992,5485,0,0,70981
2026-04-23 20:10:05,20519907,51207,7117831,31462,17813,40,43,3371659,2667,0,0,71756
2026-04-23 20:10:06,20571517,51610,7135729,31532,17968,39,43,3374254,2595,0,0,73248
2026-04-23 20:10:07,20621791,50274,7153203,31605,17547,39,43,3376885,2631,0,0,74404
2026-04-23 20:10:09,20672377,50586,7170777,31692,17661,40,43,3379584,2699,0,0,67287
2026-04-23 20:10:10,20722940,50563,7188347,31772,17650,40,43,3382257,2673,0,0,66413
2026-04-23 20:10:11,20774320,51380,7206155,31842,17878,39,43,3387393,5136,0,0,70128
2026-04-23 20:10:12,20825125,50805,7223799,31923,17725,41,43,3389935,2542,0,0,72446
2026-04-23 20:10:13,20876347,51222,7241581,32002,17861,40,43,3392591,2656,0,0,73316
2026-04-23 20:10:14,20927532,51185,7259320,32087,17824,38,43,3395112,2521,0,0,80500
2026-04-23 20:10:16,20978670,51138,7277065,32161,17819,39,43,3397635,2523,0,0,76756
2026-04-23 20:10:17,21029481,50811,7294715,32236,17725,38,43,3400123,2488,0,0,71092
2026-04-23 20:10:18,21079414,49933,7312068,32308,17425,39,43,3405188,5065,0,0,70960
2026-04-23 20:10:19,21129764,50350,7329521,32399,17544,36,43,3407651,2463,0,0,71064
2026-04-23 20:10:20,21179888,50124,7346901,32482,17463,39,43,3410008,2357,0,0,75070
2026-04-23 20:10:21,21230598,50710,7364503,32564,17684,36,43,3412669,2661,0,0,72701
2026-04-23 20:10:23,21281340,50742,7382154,32634,17721,40,43,3415264,2595,0,0,69950
2026-04-23 20:10:24,21331615,50275,7399614,32697,17523,40,43,3418871,3607,0,0,61935
2026-04-23 20:10:25,21380526,48911,7416553,32782,17024,39,43,3429051,10180,0,0,62982
2026-04-23 20:10:26,21431079,50553,7434117,32841,17623,40,43,3435063,6012,0,0,65399
2026-04-23 20:10:27,21481299,50220,7451554,32910,17506,38,43,3441339,6276,0,0,68150
2026-04-23 20:10:28,21531615,50316,7468989,32993,17518,39,43,3447960,6621,0,0,67759
2026-04-23 20:10:30,21581869,50254,7486394,33076,17488,39,43,3454935,6975,0,0,71845
2026-04-23 20:10:31,21631503,49634,7503632,33156,17318,37,43,3462315,7380,0,0,65649
2026-04-23 20:10:32,21680448,48945,7520662,33219,17093,41,43,3470392,8077,0,0,69935
2026-04-23 20:10:33,21729107,48659,7537527,33285,16931,39,43,3488527,18135,0,0,66357
2026-04-23 20:10:34,21779309,50202,7554982,33360,17530,39,43,3498310,9783,0,0,65910
2026-04-23 20:10:35,21828150,48841,7571930,33449,17037,36,43,3508158,9848,0,0,70930
2026-04-23 20:10:37,21875054,46904,7588241,33516,16378,39,43,3517915,9757,0,0,75062
2026-04-23 20:10:38,21924488,49434,7605388,33588,17219,39,43,3527938,10023,0,0,65683
2026-04-23 20:10:39,21972579,48091,7622141,33649,16814,39,43,3539036,11098,0,0,69528
2026-04-23 20:10:40,22019541,46962,7638441,33720,16371,39,43,3550509,11473,0,0,71140
2026-04-23 20:10:41,22068373,48832,7655382,33791,17012,41,43,3574630,24121,0,0,75650
2026-04-23 20:10:42,22117998,49625,7672580,33878,17285,40,43,3586877,12247,0,0,78081
2026-04-23 20:10:44,22167712,49714,7689816,33973,17331,38,43,3599324,12447,0,0,79090
2026-04-23 20:10:45,22217072,49360,7706937,34057,17205,36,43,3611737,12413,0,0,71520
2026-04-23 20:10:46,22266317,49245,7724042,34134,17182,40,43,3624371,12634,0,0,69218
2026-04-23 20:10:47,22315652,49335,7741151,34203,17178,40,43,3637763,13392,0,0,71013
2026-04-23 20:10:48,22364487,48835,7758099,34276,17021,40,43,3663227,25464,0,0,73236
2026-04-23 20:10:49,22413101,48614,7774965,34355,16945,39,43,3676726,13499,0,0,76632
2026-04-23 20:10:51,22462156,49055,7792010,34420,17110,40,43,3689314,12588,0,0,79838
2026-04-23 20:10:52,22512004,49848,7809333,34488,17391,37,43,3704082,14768,0,0,70060
2026-04-23 20:10:53,22560505,48501,7826137,34565,16881,39,43,3718812,14730,0,0,72615
2026-04-23 20:10:54,22607813,47308,7842589,34643,16530,41,43,3732133,13321,0,0,74911
2026-04-23 20:10:55,22656753,48940,7859547,34722,17037,39,43,3762068,29935,0,0,77125
2026-04-23 20:10:56,22705191,48438,7876335,34803,16869,40,43,3777301,15233,0,0,76039
2026-04-23 20:10:58,22753462,48271,7893078,34882,16822,38,43,3793155,15854,0,0,74945
2026-04-23 20:10:59,22802230,48768,7910016,34944,17000,38,43,3808244,15089,0,0,64663
2026-04-23 20:11:00,22850393,48163,7926736,35025,16801,36,43,3824169,15925,0,0,65781
2026-04-23 20:11:01,22897804,47411,7943148,35105,16492,39,43,3839921,15752,0,0,67829
2026-04-23 20:11:02,22944845,47041,7959471,35188,16406,40,43,3871301,31380,0,0,71806
2026-04-23 20:11:03,22993062,48217,7976220,35268,16829,40,43,3886991,15690,0,0,76014
2026-04-23 20:11:05,23040428,47366,7992669,35339,16520,40,43,3904333,17342,0,0,80275
2026-04-23 20:11:06,23088220,47792,8009272,35414,16678,38,43,3921279,16946,0,0,74372
2026-04-23 20:11:07,23136596,48376,8026070,35481,16865,40,43,3938144,16865,0,0,72304
2026-04-23 20:11:08,23184913,48317,8042835,35554,16838,40,43,3956371,18227,0,0,69417
2026-04-23 20:11:09,23232915,48002,8059484,35616,16711,40,43,3990451,34080,0,0,70114
2026-04-23 20:11:10,23280725,47810,8076065,35694,16659,39,43,4009464,19013,0,0,69773
2026-04-23 20:11:12,23328903,48178,8092796,35771,16808,39,43,4027341,17877,0,0,73739
2026-04-23 20:11:13,23377977,49074,8109819,35841,17093,38,43,4044954,17613,0,0,67335
2026-04-23 20:11:14,23426672,48695,8126669,35927,16936,39,43,4063021,18067,0,0,65717
2026-04-23 20:11:15,23473967,47295,8143068,36008,16480,37,43,4080588,17567,0,0,66723
2026-04-23 20:11:16,23521645,47678,8159569,36073,16566,37,43,4098922,18334,0,0,68279
2026-04-23 20:11:17,23570294,48649,8176431,36144,16933,39,43,4134760,35838,0,0,75199
2026-04-23 20:11:19,23618885,48591,8193274,36228,16927,40,43,4153764,19004,0,0,56194
2026-04-23 20:11:20,23668335,49450,8210428,36309,17235,40,43,4172459,18695,0,0,63732
2026-04-23 20:11:21,23716576,48241,8227153,36390,16806,38,43,4191633,19174,0,0,59740
2026-04-23 20:11:22,23762522,45946,8243129,36453,16039,33,43,4211567,19934,0,0,63023
2026-04-23 20:11:23,23809369,46847,8259401,36525,16344,37,43,4231567,20000,0,0,65466
2026-04-23 20:11:24,23856013,46644,8275591,36604,16269,37,43,4271567,40000,0,0,69127
2026-04-23 20:11:26,23902447,46434,8291730,36674,16209,40,43,4291567,20000,0,0,73062
2026-04-23 20:11:27,23948460,46013,8307695,36759,16050,38,43,4311567,20000,0,0,67818
2026-04-23 20:11:28,23996361,47901,8324265,36828,16639,39,43,4331567,20000,0,0,66960
2026-04-23 20:11:29,24041771,45410,8340012,36909,15828,40,43,4351567,20000,0,0,53958
2026-04-23 20:11:30,24088401,46630,8356172,36976,16227,41,43,4371567,20000,0,0,57225
2026-04-23 20:11:31,24136212,47811,8372749,37043,16644,36,43,4411567,40000,0,0,66307
2026-04-23 20:11:33,24185407,49195,8389791,37118,17117,39,43,4431567,20000,0,0,72584
2026-04-23 20:11:34,24233178,47771,8406345,37197,16633,38,43,4451567,20000,0,0,68409
2026-04-23 20:11:35,24280430,47252,8422737,37281,16476,40,43,4471567,20000,0,0,65163
2026-04-23 20:11:36,24327669,47239,8439072,37367,16421,40,43,4491567,20000,0,0,71637
2026-04-23 20:11:37,24374837,47168,8455429,37452,16442,40,43,4511567,20000,0,0,70611
2026-04-23 20:11:38,24422295,47458,8471841,37526,16486,39,43,4551567,40000,0,0,72346
2026-04-23 20:11:39,24469722,47427,8488319,37585,16537,41,43,4571567,20000,0,0,76193
2026-04-23 20:11:41,24517501,47779,8504879,37664,16639,37,43,4591567,20000,0,0,74325
2026-04-23 20:11:42,24565018,47517,8521371,37729,16557,40,43,4611567,20000,0,0,69824
2026-04-23 20:11:43,24612992,47974,8538007,37795,16702,38,43,4631567,20000,0,0,73233
2026-04-23 20:11:44,24661251,48259,8554744,37863,16805,40,43,4651567,20000,0,0,69765
2026-04-23 20:11:45,24709373,48122,8571433,37937,16763,38,43,4691567,40000,0,0,72665
2026-04-23 20:11:47,24758013,48640,8588284,38018,16932,41,43,4711567,20000,0,0,71520
2026-04-23 20:11:48,24807275,49262,8605383,38091,17172,39,43,4731567,20000,0,0,61347
2026-04-23 20:11:49,24855324,48049,8622058,38171,16755,40,43,4751567,20000,0,0,62998
2026-04-23 20:11:50,24900971,45647,8637886,38258,15915,41,43,4771567,20000,0,0,66851
2026-04-23 20:11:51,24948333,47362,8654279,38336,16471,40,43,4791567,20000,0,0,69943
2026-04-23 20:11:52,24996074,47741,8670833,38409,16627,41,43,4831567,40000,0,0,73152
2026-04-23 20:11:54,25043553,47479,8687349,38473,16580,41,43,4851567,20000,0,0,76901
2026-04-23 20:11:55,25090760,47207,8703675,38549,16402,41,43,4871567,20000,0,0,71243
2026-04-23 20:11:56,25138684,47924,8720280,38629,16685,41,43,4891567,20000,0,0,69811
2026-04-23 20:11:57,25186789,48105,8736969,38697,16757,40,43,4911567,20000,0,0,67405
2026-04-23 20:11:58,25233644,46855,8753202,38769,16305,39,43,4931567,20000,0,0,65716
2026-04-23 20:11:59,25280555,46911,8769493,38831,16353,40,43,4971567,40000,0,0,68067
2026-04-23 20:12:00,25327735,47180,8785896,38887,16459,37,43,4991567,20000,0,0,69411
2026-04-23 20:12:02,25374803,47068,8802267,38943,16427,38,43,5011567,20000,0,0,70386
2026-04-23 20:12:03,25421393,46590,8818454,39020,16264,41,43,5031567,20000,0,0,66990
2026-04-23 20:12:04,25466314,44921,8834074,39072,15672,41,43,5051567,20000,0,0,71697
2026-04-23 20:12:05,25512647,46333,8850120,39146,16120,41,43,5071567,20000,0,0,72660
2026-04-23 20:12:06,25560804,48157,8866799,39216,16749,40,43,5111567,40000,0,0,69789
2026-04-23 20:12:07,25607777,46973,8883089,39293,16367,37,43,5131567,20000,0,0,74692
2026-04-23 20:12:09,25655728,47951,8899733,39365,16716,41,43,5151567,20000,0,0,71615
2026-04-23 20:12:10,25704405,48677,8916574,39437,16913,40,43,5171567,20000,0,0,64800
2026-04-23 20:12:11,25752299,47894,8933196,39514,16699,39,43,5191567,20000,0,0,64353
2026-04-23 20:12:12,25800109,47810,8949745,39597,16632,41,43,5211567,20000,0,0,66113
2026-04-23 20:12:13,25847618,47509,8966170,39673,16501,39,43,5251567,40000,0,0,70369
2026-04-23 20:12:14,25896197,48579,8983054,39730,16941,39,43,5271567,20000,0,0,74628
2026-04-23 20:12:16,25945339,49142,9000131,39811,17158,41,43,5291567,20000,0,0,68536
2026-04-23 20:12:17,25994276,48937,9017115,39873,17046,41,43,5311567,20000,0,0,59794
2026-04-23 20:12:18,26042490,48214,9033823,39946,16781,40,43,5331567,20000,0,0,60692
2026-04-23 20:12:19,26089861,47371,9050271,40010,16512,41,43,5351567,20000,0,0,63422
2026-04-23 20:12:20,26134329,44468,9065686,40083,15488,41,43,5391567,40000,0,0,67789
2026-04-23 20:12:22,26176191,41862,9080199,40150,14580,41,43,5411567,20000,0,0,69194
2026-04-23 20:12:23,26221734,45543,9096002,40218,15871,41,43,5431567,20000,0,0,69486
2026-04-23 20:12:24,26269900,48166,9112727,40289,16796,39,43,5451567,20000,0,0,56238
2026-04-23 20:12:25,26316166,46266,9128776,40361,16121,36,43,5471567,20000,0,0,56756
2026-04-23 20:12:26,26358990,42824,9143668,40401,14932,41,43,5491567,20000,0,0,61051
2026-04-23 20:12:27,26402139,43149,9158626,40462,15019,41,43,5511567,20000,0,0,65133
2026-04-23 20:12:29,26446216,44077,9173902,40531,15345,40,43,5551567,40000,0,0,68202
2026-04-23 20:12:30,26490370,44154,9189193,40596,15356,38,43,5571567,20000,0,0,56765
2026-04-23 20:12:31,26533600,43230,9204192,40658,15061,39,43,5591567,20000,0,0,57048
2026-04-23 20:12:32,26573549,39949,9218070,40721,13941,41,43,5611567,20000,0,0,58199
2026-04-23 20:12:33,26615310,41761,9232568,40767,14544,41,43,5631567,20000,0,0,63310
2026-04-23 20:12:34,26658585,43275,9247571,40841,15077,39,43,5651567,20000,0,0,67823
2026-04-23 20:12:36,26702284,43699,9262713,40909,15210,39,43,5691567,40000,0,0,69270
2026-04-23 20:12:37,26744955,42671,9277539,40972,14889,40,43,5711567,20000,0,0,67669
2026-04-23 20:12:38,26788664,43709,9292709,41037,15235,36,43,5731567,20000,0,0,46235
2026-04-23 20:12:39,26831169,42505,9307480,41113,14847,41,43,5751567,20000,0,0,49259
2026-04-23 20:12:40,26872576,41407,9321857,41181,14445,41,43,5771567,20000,0,0,56294
2026-04-23 20:12:41,26912980,40404,9335864,41252,14078,40,43,5791567,20000,0,0,61787
2026-04-23 20:12:42,26954129,41149,9350158,41310,14352,38,43,5831567,40000,0,0,64331
2026-04-23 20:12:44,26998831,44702,9365702,41366,15600,40,43,5851567,20000,0,0,64959
2026-04-23 20:12:45,27043493,44662,9381191,41434,15557,39,43,5871567,20000,0,0,69207
2026-04-23 20:12:46,27083705,40212,9395180,41511,14066,41,43,5891567,20000,0,0,73476
2026-04-23 20:12:47,27124683,40978,9409366,41581,14256,40,43,5911567,20000,0,0,73853
2026-04-23 20:12:48,27166356,41673,9423843,41638,14534,41,43,5931567,20000,0,0,74621
2026-04-23 20:12:50,27212205,45849,9439803,41714,16036,40,43,5963850,32283,0,0,80850
2026-04-23 20:12:51,27258990,46785,9456057,41784,16324,37,43,5974134,10284,0,0,44170
2026-04-23 20:12:52,27306451,47461,9472586,41830,16575,41,43,5984032,9898,0,0,53624
2026-04-23 20:12:53,27349932,43481,9487645,41904,15133,37,43,5993504,9472,0,0,61689
2026-04-23 20:12:54,27395981,46049,9503623,41957,16031,38,43,6011943,18439,0,0,71739
2026-04-23 20:12:55,27444642,48661,9520533,42031,16984,39,43,6020795,8852,0,0,78626
2026-04-23 20:12:57,27493575,48933,9537505,42107,17048,39,43,6030299,9504,0,0,76605
2026-04-23 20:12:58,27542977,49402,9554656,42185,17229,39,43,6039805,9506,0,0,64398
2026-04-23 20:12:59,27592430,49453,9571768,42287,17214,41,43,6049373,9568,0,0,63510
2026-04-23 20:13:00,27641093,48663,9588647,42363,16955,39,43,6067415,18042,0,0,65440
2026-04-23 20:13:01,27690779,49686,9605886,42437,17313,37,43,6076163,8748,0,0,65044
2026-04-23 20:13:02,27740956,50177,9623283,42525,17485,39,43,6085326,9163,0,0,67486
2026-04-23 20:13:04,27791847,50891,9640903,42612,17707,40,43,6093995,8669,0,0,70268
2026-04-23 20:13:05,27842247,50400,9658407,42690,17582,39,43,6102744,8749,0,0,64749
2026-04-23 20:13:06,27892469,50222,9675864,42760,17527,40,43,6111238,8494,0,0,69718
2026-04-23 20:13:07,27941632,49163,9692929,42841,17146,41,43,6128329,17091,0,0,70527
2026-04-23 20:13:08,27991714,50082,9710289,42914,17433,39,43,6136378,8049,0,0,74294
2026-04-23 20:13:09,28041354,49640,9727538,42983,17318,40,43,6144601,8223,0,0,74924
2026-04-23 20:13:11,28091559,50205,9744954,43057,17490,40,43,6152869,8268,0,0,75703
2026-04-23 20:13:12,28140674,49115,9761988,43116,17093,38,43,6160703,7834,0,0,49971
2026-04-23 20:13:13,28190636,49962,9779327,43195,17418,41,43,6168050,7347,0,0,58840
2026-04-23 20:13:14,28240221,49585,9796512,43277,17267,39,43,6183250,15200,0,0,67705
2026-04-23 20:13:15,28291616,51395,9814320,43355,17886,40,43,6190599,7349,0,0,71763
2026-04-23 20:13:16,28342595,50979,9831998,43419,17742,40,43,6198371,7772,0,0,76052
2026-04-23 20:13:18,28393261,50666,9849551,43503,17637,39,43,6205235,6864,0,0,67850
2026-04-23 20:13:19,28443594,50333,9867022,43571,17539,38,43,6211947,6712,0,0,63405
2026-04-23 20:13:20,28494455,50861,9884667,43652,17726,40,43,6219043,7096,0,0,58701
2026-04-23 20:13:21,28543703,49248,9901774,43725,17180,39,43,6233210,14167,0,0,59861
2026-04-23 20:13:22,28593027,49324,9918906,43814,17221,40,43,6240314,7104,0,0,62091
2026-04-23 20:13:23,28642465,49438,9936039,43893,17212,38,43,6246468,6154,0,0,66832
2026-04-23 20:13:25,28691819,49354,9953155,43974,17197,41,43,6252659,6191,0,0,70728
2026-04-23 20:13:26,28741722,49903,9970463,44059,17393,39,43,6258906,6247,0,0,69463
2026-04-23 20:13:27,28791958,50236,9987893,44124,17495,38,43,6265362,6456,0,0,65753
2026-04-23 20:13:28,28839071,47113,10004248,44203,16434,37,43,6271747,6385,0,0,68129
2026-04-23 20:13:29,28887666,48595,10021080,44272,16901,39,43,6284038,12291,0,0,68874
2026-04-23 20:13:30,28936596,48930,10038078,44342,17068,38,43,6289904,5866,0,0,72979
2026-04-23 20:13:31,28985936,49340,10055186,44423,17189,40,43,6295656,5752,0,0,75374
2026-04-23 20:13:33,29035194,49258,10072260,44491,17142,40,43,6301808,6152,0,0,79380
2026-04-23 20:13:34,29085031,49837,10089518,44575,17342,39,43,6307507,5699,0,0,72315
2026-04-23 20:13:35,29133562,48531,10106340,44657,16904,41,43,6313145,5638,0,0,70486
2026-04-23 20:13:36,29182975,49413,10123463,44736,17202,36,43,6324993,11848,0,0,74978
2026-04-23 20:13:37,29232369,49394,10140581,44808,17190,39,43,6330404,5411,0,0,79750
2026-04-23 20:13:38,29281999,49630,10157822,44882,17315,38,43,6336134,5730,0,0,81692
2026-04-23 20:13:40,29332186,50187,10175232,44955,17483,36,43,6341484,5350,0,0,79965
2026-04-23 20:13:41,29379982,47796,10191812,45040,16665,40,43,6347058,5574,0,0,68037
2026-04-23 20:13:42,29428916,48934,10208821,45095,17064,41,43,6352488,5430,0,0,69729
2026-04-23 20:13:43,29478058,49142,10225841,45160,17085,36,43,6363361,10873,0,0,69763
2026-04-23 20:13:44,29527822,49764,10243108,45224,17331,41,43,6368897,5536,0,0,71255
2026-04-23 20:13:45,29576913,49091,10260140,45295,17103,39,43,6374349,5452,0,0,77044
2026-04-23 20:13:47,29626090,49177,10277238,45367,17170,41,43,6379875,5526,0,0,79345
2026-04-23 20:13:48,29675544,49454,10294372,45446,17213,41,43,6385473,5598,0,0,60910
2026-04-23 20:13:49,29722801,47257,10310760,45525,16467,40,43,6390679,5206,0,0,63420
2026-04-23 20:13:50,29770556,47755,10327295,45604,16614,39,43,6401065,10386,0,0,63090
2026-04-23 20:13:51,29818719,48163,10344042,45677,16820,40,43,6406073,5008,0,0,65442
2026-04-23 20:13:52,29867267,48548,10360871,45758,16910,39,43,6411190,5117,0,0,68890
2026-04-23 20:13:54,29916546,49279,10377942,45843,17156,39,43,6416062,4872,0,0,71239
2026-04-23 20:13:55,29967820,51274,10395734,45928,17877,38,43,6420791,4729,0,0,65775
2026-04-23 20:13:56,30016963,49143,10412834,45996,17168,41,43,6425611,4820,0,0,69987
2026-04-23 20:13:57,30066222,49259,10429884,46082,17136,41,43,6435384,9773,0,0,73337
2026-04-23 20:13:58,30116206,49984,10447244,46150,17428,41,43,6440444,5060,0,0,76661
2026-04-23 20:13:59,30167375,51169,10464975,46243,17824,40,43,6445129,4685,0,0,82854
2026-04-23 20:14:01,30219020,51645,10482911,46315,18008,38,43,6449901,4772,0,0,82884
2026-04-23 20:14:02,30271481,52461,10501051,46394,18219,38,43,6454487,4586,0,0,70068
2026-04-23 20:14:03,30321707,50226,10518471,46485,17511,41,43,6459166,4679,0,0,71200
2026-04-23 20:14:04,30372738,51031,10536121,46578,17743,40,43,6469018,9852,0,0,77566
2026-04-23 20:14:05,30424333,51595,10554039,46644,17984,40,43,6473741,4723,0,0,79471
2026-04-23 20:14:06,30474814,50481,10571547,46728,17592,39,43,6478345,4604,0,0,80020
2026-04-23 20:14:08,30525536,50722,10589096,46818,17639,37,43,6483020,4675,0,0,80913
2026-04-23 20:14:09,30576135,50599,10606659,46901,17646,39,43,6487423,4403,0,0,72288
2026-04-23 20:14:10,30628250,52115,10624687,46984,18111,37,43,6491859,4436,0,0,72585
2026-04-23 20:14:11,30679892,51642,10642587,47059,17975,40,43,6500792,8933,0,0,70541
2026-04-23 20:14:12,30731211,51319,10660417,47127,17898,41,43,6505537,4745,0,0,73383
2026-04-23 20:14:13,30781666,50455,10677881,47225,17562,37,43,6510091,4554,0,0,73970
2026-04-23 20:14:15,30833453,51787,10695844,47303,18041,38,43,6514477,4386,0,0,82062
2026-04-23 20:14:16,30884846,51393,10713658,47371,17882,38,43,6519032,4555,0,0,71610
2026-04-23 20:14:17,30935953,51107,10731389,47446,17806,41,43,6523504,4472,0,0,71831
2026-04-23 20:14:18,30988417,52464,10749579,47523,18267,38,43,6532210,8706,0,0,73728
2026-04-23 20:14:19,31039077,50660,10767187,47588,17673,39,43,6536427,4217,0,0,74040
2026-04-23 20:14:20,31090120,51043,10784916,47664,17805,38,43,6540669,4242,0,0,76468
2026-04-23 20:14:22,31141140,51020,10802633,47726,17779,37,43,6544967,4298,0,0,76583
2026-04-23 20:14:23,31193134,51994,10820661,47797,18099,39,43,6549299,4332,0,0,68969
2026-04-23 20:14:24,31243248,50114,10838062,47864,17468,37,43,6553662,4363,0,0,72282
2026-04-23 20:14:25,31294071,50823,10855677,47945,17696,41,43,6561782,8120,0,0,74713
2026-04-23 20:14:26,31344680,50609,10873235,48029,17642,39,43,6566011,4229,0,0,77222
2026-04-23 20:14:27,31394791,50111,10890690,48100,17526,38,43,6570305,4294,0,0,77275
2026-04-23 20:14:29,31446006,51215,10908444,48170,17824,39,43,6574409,4104,0,0,79632
2026-04-23 20:14:30,31498028,52022,10926496,48255,18137,39,43,6578413,4004,0,0,72477
2026-04-23 20:14:31,31548087,50059,10943874,48344,17467,39,43,6582506,4093,0,0,74711
2026-04-23 20:14:32,31598683,50596,10961466,48417,17665,40,43,6590847,8341,0,0,74978
2026-04-23 20:14:33,31649322,50639,10979057,48481,17655,41,43,6594827,3980,0,0,78501
2026-04-23 20:14:34,31700993,51671,10996954,48560,17976,41,43,6598583,3756,0,0,83338
2026-04-23 20:14:36,31751439,50446,11014484,48630,17600,37,43,6602982,4399,0,0,84599
2026-04-23 20:14:37,31801491,50052,11031832,48710,17428,41,43,6607593,4611,0,0,64629
2026-04-23 20:14:38,31851650,50159,11049240,48778,17476,38,43,6612400,4807,0,0,69315
2026-04-23 20:14:39,31901039,49389,11066399,48849,17230,40,43,6622380,9980,0,0,72113
2026-04-23 20:14:40,31952328,51289,11084214,48921,17887,39,43,6627473,5093,0,0,69994
2026-04-23 20:14:41,32002888,50560,11101763,48986,17614,40,43,6632709,5236,0,0,72305
2026-04-23 20:14:43,32053326,50438,11119235,49062,17548,40,43,6637953,5244,0,0,75282
2026-04-23 20:14:44,32103186,49860,11136539,49130,17372,36,43,6643126,5173,0,0,66109
2026-04-23 20:14:45,32154402,51216,11154271,49198,17800,41,43,6648399,5273,0,0,67433
2026-04-23 20:14:46,32203297,48895,11171250,49270,17051,41,43,6659162,10763,0,0,72716
2026-04-23 20:14:47,32253237,49940,11188581,49351,17412,41,43,6664876,5714,0,0,74225
2026-04-23 20:14:48,32303304,50067,11205924,49448,17440,39,43,6670530,5654,0,0,65071
2026-04-23 20:14:50,32354505,51201,11223664,49535,17827,39,43,6676483,5953,0,0,67857
2026-04-23 20:14:51,32404718,50213,11241065,49619,17485,41,43,6682568,6085,0,0,61218
2026-04-23 20:14:52,32454483,49765,11258326,49681,17323,38,43,6688891,6323,0,0,64458
2026-04-23 20:14:53,32504372,49889,11275631,49752,17376,39,43,6701944,13053,0,0,67823
2026-04-23 20:14:54,32555507,51135,11293337,49835,17789,40,43,6709326,7382,0,0,71260
2026-04-23 20:14:55,32605883,50376,11310796,49913,17537,34,43,6716225,6899,0,0,76064
2026-04-23 20:14:57,32656066,50183,11328209,49985,17485,35,43,6723169,6944,0,0,79738
2026-04-23 20:14:58,32706949,50883,11345823,50068,17697,40,43,6730350,7181,0,0,71257
2026-04-23 20:14:59,32757802,50853,11363442,50144,17695,41,43,6738052,7702,0,0,74733
2026-04-23 20:15:00,32807682,49880,11380765,50221,17400,41,43,6753076,15024,0,0,77215
2026-04-23 20:15:01,32856687,49005,11397833,50296,17143,40,43,6761738,8662,0,0,75803
2026-04-23 20:15:02,32906901,50214,11415248,50371,17490,40,43,6769030,7292,0,0,77222
2026-04-23 20:15:04,32956674,49773,11432525,50460,17366,41,43,6777205,8175,0,0,79896
2026-04-23 20:15:05,33004603,47929,11449170,50538,16723,39,43,6785953,8748,0,0,69654
2026-04-23 20:15:06,33054411,49808,11466457,50612,17361,41,43,6793684,7731,0,0,69932
2026-04-23 20:15:07,33103472,49061,11483484,50675,17090,41,43,6812193,18509,0,0,72492
2026-04-23 20:15:08,33153555,50083,11500892,50735,17468,40,43,6821370,9177,0,0,70081
2026-04-23 20:15:09,33204136,50581,11518448,50814,17635,38,43,6830708,9338,0,0,72184
2026-04-23 20:15:11,33256732,52596,11536634,50901,18273,39,43,6840353,9645,0,0,76212
2026-04-23 20:15:12,33307620,50888,11554292,50970,17727,41,43,6850030,9677,0,0,64262
2026-04-23 20:15:13,33356792,49172,11571376,51034,17148,40,43,6860219,10189,0,0,67163
2026-04-23 20:15:14,33407229,50437,11588867,51103,17560,40,43,6880105,19886,0,0,70031
2026-04-23 20:15:15,33456855,49626,11606086,51173,17289,40,43,6890792,10687,0,0,74503
2026-04-23 20:15:16,33505067,48212,11622839,51253,16833,40,43,6901645,10853,0,0,76533
2026-04-23 20:15:18,33554440,49373,11640000,51320,17228,38,43,6912311,10666,0,0,73199
2026-04-23 20:15:19,33603052,48612,11656892,51393,16965,39,43,6923484,11173,0,0,67261
2026-04-23 20:15:20,33652599,49547,11674095,51462,17272,30,43,6935251,11767,0,0,63121
2026-04-23 20:15:21,33701860,49261,11691158,51540,17141,40,43,6957914,22663,0,0,65391
2026-04-23 20:15:22,33751227,49367,11708324,51615,17241,38,43,6969734,11820,0,0,60093
2026-04-23 20:15:23,33800642,49415,11725457,51689,17207,40,43,6982303,12569,0,0,63292
2026-04-23 20:15:25,33850480,49838,11742709,51767,17330,39,43,6993914,11611,0,0,65564
2026-04-23 20:15:26,33899816,49336,11759841,51834,17199,37,43,7006120,12206,0,0,60477
2026-04-23 20:15:27,33948756,48940,11776848,51903,17076,39,43,7019410,13290,0,0,61558
2026-04-23 20:15:28,33997165,48409,11793642,51958,16849,40,43,7045557,26147,0,0,41464
2026-04-23 20:15:29,34046154,48989,11810653,52008,17061,40,43,7058707,13150,0,0,49036
2026-04-23 20:15:30,34094903,48749,11827576,52090,17005,41,43,7072146,13439,0,0,56975
2026-04-23 20:15:32,34143046,48143,11844285,52159,16778,40,43,7085715,13569,0,0,63590
2026-04-23 20:15:33,34192719,49673,11861517,52228,17301,41,43,7098285,12570,0,0,61388
2026-04-23 20:15:34,34242816,50097,11878857,52315,17427,41,43,7111856,13571,0,0,69155
2026-04-23 20:15:35,34291014,48198,11895599,52380,16807,41,43,7125049,13193,0,0,72033
2026-04-23 20:15:36,34339248,48234,11912367,52460,16848,40,43,7154185,29136,0,0,78628
2026-04-23 20:15:37,34388928,49680,11929569,52534,17276,40,43,7169032,14847,0,0,80958
2026-04-23 20:15:39,34438292,49364,11946680,52602,17179,39,43,7183639,14607,0,0,83781
2026-04-23 20:15:40,34487318,49026,11963696,52680,17094,38,43,7199765,16126,0,0,73728
2026-04-23 20:15:41,34535938,48620,11980604,52743,16971,41,43,7214955,15190,0,0,71973
2026-04-23 20:15:42,34583872,47934,11997212,52816,16681,41,43,7231194,16239,0,0,74672
2026-04-23 20:15:43,34631936,48064,12013867,52890,16729,37,43,7261583,30389,0,0,76946
2026-04-23 20:15:45,34681509,49573,12031071,52957,17271,38,43,7275814,14231,0,0,84373
2026-04-23 20:15:46,34730367,48858,12047994,53034,17000,41,43,7292825,17011,0,0,82156
2026-04-23 20:15:47,34779611,49244,12065077,53114,17163,39,43,7308629,15804,0,0,74436
2026-04-23 20:15:48,34827638,48027,12081753,53177,16739,37,43,7325284,16655,0,0,73607
2026-04-23 20:15:49,34876687,49049,12098759,53246,17075,40,43,7342184,16900,0,0,76469
2026-04-23 20:15:50,34926432,49745,12116010,53325,17330,38,43,7376228,34044,0,0,78165
2026-04-23 20:15:52,34975467,49035,12133035,53409,17109,40,43,7392809,16581,0,0,78500
2026-04-23 20:15:53,35023002,47535,12149553,53489,16598,40,43,7410670,17861,0,0,76881
2026-04-23 20:15:54,35073358,50356,12166992,53560,17510,40,43,7427561,16891,0,0,66404
2026-04-23 20:15:55,35115842,42484,12181764,53631,14843,40,43,7444435,16874,0,0,69345
2026-04-23 20:15:56,35151458,35616,12194151,53674,12430,41,43,7461247,16812,0,0,70119
2026-04-23 20:15:57,35193078,41620,12208526,53753,14454,40,43,7488802,27555,0,0,72061
2026-04-23 20:15:59,35236790,43712,12223674,53811,15206,39,43,7503716,14914,0,0,74937
2026-04-23 20:16:00,35279664,42874,12238550,53877,14942,40,43,7518211,14495,0,0,73186
2026-04-23 20:16:01,35323735,44071,12253846,53941,15360,39,43,7533344,15133,0,0,68148
2026-04-23 20:16:02,35367996,44261,12269208,54004,15425,40,43,7548751,15407,0,0,68258
2026-04-23 20:16:03,35413886,45890,12285143,54068,15999,41,43,7566205,17454,0,0,71306
2026-04-23 20:16:04,35458689,44803,12300676,54132,15597,38,43,7599947,33742,0,0,72521
2026-04-23 20:16:06,35506596,47907,12317283,54216,16691,39,43,7616788,16841,0,0,78142
2026-04-23 20:16:07,35552135,45539,12333108,54276,15885,41,43,7633956,17168,0,0,76285
2026-04-23 20:16:08,35599730,47595,12349622,54355,16593,35,43,7651004,17048,0,0,64730
2026-04-23 20:16:09,35647956,48226,12366354,54439,16816,40,43,7668834,17830,0,0,63269
2026-04-23 20:16:10,35695520,47564,12382910,54512,16629,33,43,7687070,18236,0,0,68297
2026-04-23 20:16:11,35744551,49031,12399890,54581,17049,38,43,7722302,35232,0,0,70184
2026-04-23 20:16:13,35794012,49461,12417050,54662,17241,40,43,7738658,16356,0,0,75145
2026-04-23 20:16:14,35841594,47582,12433564,54738,16590,37,43,7756646,17988,0,0,71768
2026-04-23 20:16:15,35889424,47830,12450173,54813,16684,38,43,7775333,18687,0,0,67608
2026-04-23 20:16:16,35935893,46469,12466309,54892,16215,41,43,7793514,18181,0,0,70501
2026-04-23 20:16:17,35980560,44667,12481831,54946,15576,41,43,7812677,19163,0,0,71846
2026-04-23 20:16:18,36026341,45781,12497708,55016,15947,36,43,7848325,35648,0,0,71387
2026-04-23 20:16:20,36073922,47581,12514266,55076,16618,40,43,7867633,19308,0,0,74433
2026-04-23 20:16:21,36123073,49151,12531291,55156,17105,41,43,7885738,18105,0,0,65749
2026-04-23 20:16:22,36172076,49003,12548317,55214,17084,39,43,7903660,17922,0,0,59831
2026-04-23 20:16:23,36220229,48153,12565028,55287,16784,41,43,7923279,19619,0,0,62140
2026-04-23 20:16:24,36267518,47289,12581430,55361,16476,39,43,7959980,36701,0,0,65324
2026-04-23 20:16:25,36314758,47240,12597830,55446,16485,39,43,7978284,18304,0,0,66862
2026-04-23 20:16:27,36360702,45944,12613763,55507,15994,39,43,7996732,18448,0,0,69926
2026-04-23 20:16:28,36405524,44822,12629310,55571,15611,39,43,8014084,17352,0,0,66560
2026-04-23 20:16:29,36450479,44955,12644968,55624,15711,41,43,8031083,16999,0,0,63886
2026-04-23 20:16:30,36494345,43866,12660203,55686,15297,41,43,8049073,17990,0,0,65948
2026-04-23 20:16:31,36538244,43899,12675423,55746,15280,41,43,8067358,18285,0,0,64983
2026-04-23 20:16:32,36582611,44367,12690786,55815,15432,39,43,8101701,34343,0,0,67534
2026-04-23 20:16:34,36627564,44953,12706391,55900,15690,41,43,8118960,17259,0,0,62774
2026-04-23 20:16:35,36672805,45241,12722096,55965,15770,40,43,8137335,18375,0,0,68588
2026-04-23 20:16:36,36717446,44641,12737620,56031,15590,40,43,8156001,18666,0,0,68775
2026-04-23 20:16:37,36759555,42109,12752240,56094,14683,32,43,8173896,17895,0,0,67734
2026-04-23 20:16:38,36799868,40313,12766183,56157,14006,38,43,8191347,17451,0,0,67957
2026-04-23 20:16:39,36844045,44177,12781531,56231,15422,41,43,8226251,34904,0,0,70090
2026-04-23 20:16:41,36889659,45614,12797331,56302,15871,39,43,8244897,18646,0,0,75483
2026-04-23 20:16:42,36934210,44551,12812737,56379,15483,39,43,8262690,17793,0,0,67662
2026-04-23 20:16:43,36977370,43160,12827717,56433,15034,41,43,8279773,17083,0,0,71868
2026-04-23 20:16:44,37020828,43458,12842743,56509,15102,40,43,8295752,15979,0,0,73784
2026-04-23 20:16:45,37064091,43263,12857711,56573,15032,38,43,8313043,17291,0,0,75772
2026-04-23 20:16:46,37107724,43633,12872839,56628,15183,41,43,8347464,34421,0,0,76503
2026-04-23 20:16:48,37150283,42559,12887620,56686,14839,39,43,8364437,16973,0,0,76405
2026-04-23 20:16:49,37190682,40399,12901699,56746,14139,40,43,8380836,16399,0,0,68273
2026-04-23 20:16:50,37233851,43169,12916722,56801,15078,40,43,8396817,15981,0,0,70712
2026-04-23 20:16:51,37274093,40242,12930713,56862,14052,41,43,8414893,18076,0,0,66712
2026-04-23 20:16:52,37315813,41720,12945197,56933,14555,40,43,8448851,33958,0,0,71222
2026-04-23 20:16:53,37358380,42567,12959951,57003,14824,40,43,8466069,17218,0,0,73952
2026-04-23 20:16:55,37401278,42898,12974829,57072,14947,39,43,8482422,16353,0,0,75723
2026-04-23 20:16:56,37446501,45223,12990517,57129,15745,41,43,8499048,16626,0,0,69969
2026-04-23 20:16:57,37489441,42940,13005418,57186,14958,37,43,8516099,17051,0,0,66375
2026-04-23 20:16:58,37532288,42847,13020226,57256,14878,40,43,8533518,17419,0,0,67501
2026-04-23 20:16:59,37573047,40759,13034389,57313,14220,39,43,8549334,15816,0,0,71203
2026-04-23 20:17:00,37614868,41821,13048876,57371,14545,40,43,8580987,31653,0,0,75241
2026-04-23 20:17:02,37658330,43462,13063929,57439,15121,40,43,8596842,15855,0,0,79191
2026-04-23 20:17:03,37700289,41959,13078482,57503,14617,39,43,8612567,15725,0,0,70730
2026-04-23 20:17:04,37741026,40737,13092650,57559,14224,33,43,8629375,16808,0,0,69981
2026-04-23 20:17:05,37780683,39657,13106417,57608,13816,41,43,8646630,17255,0,0,66882
2026-04-23 20:17:06,37822414,41731,13120914,57667,14556,40,43,8676802,30172,0,0,67723
2026-04-23 20:17:07,37866233,43819,13136123,57727,15269,39,43,8693034,16232,0,0,67752
2026-04-23 20:17:09,37911258,45025,13151744,57786,15680,39,43,8709521,16487,0,0,68666
2026-04-23 20:17:10,37956270,45012,13167367,57861,15698,38,43,8724078,14557,0,0,55977
2026-04-23 20:17:11,37999452,43182,13182363,57924,15059,37,43,8741182,17104,0,0,57475
2026-04-23 20:17:12,38038597,39145,13195967,57983,13663,41,43,8756494,15312,0,0,59723
2026-04-23 20:17:13,38080803,42206,13210620,58054,14724,37,43,8786675,30181,0,0,65762
2026-04-23 20:17:14,38125912,45109,13226270,58108,15704,37,43,8801474,14799,0,0,71678
2026-04-23 20:17:16,38171237,45325,13241957,58186,15765,39,43,8816127,14653,0,0,78378
2026-04-23 20:17:17,38215926,44689,13257463,58252,15572,40,43,8829913,13786,0,0,59958
2026-04-23 20:17:18,38259977,44051,13272782,58332,15399,41,43,8844536,14623,0,0,59920
2026-04-23 20:17:19,38303678,43701,13287940,58396,15222,40,43,8859406,14870,0,0,64187
2026-04-23 20:17:20,38348549,44871,13303489,58469,15622,38,43,8887979,28573,0,0,66568
2026-04-23 20:17:22,38393709,45160,13319178,58536,15756,37,43,8902231,14252,0,0,73271
2026-04-23 20:17:23,38440410,46701,13335377,58605,16268,39,43,8915032,12801,0,0,74891
2026-04-23 20:17:24,38486335,45925,13351313,58680,16011,40,43,8928766,13734,0,0,62544
2026-04-23 20:17:25,38529454,43119,13366279,58753,15039,38,43,8941991,13225,0,0,66641
2026-04-23 20:17:26,38575790,46336,13382323,58809,16100,39,43,8954475,12484,0,0,58277
2026-04-23 20:17:27,38624617,48827,13399248,58881,16997,40,43,8981222,26747,0,0,66440
2026-04-23 20:17:29,38673080,48463,13416074,58950,16895,39,43,8995618,14396,0,0,68125
2026-04-23 20:17:30,38721017,47937,13432694,59033,16703,37,43,9009192,13574,0,0,68697
2026-04-23 20:17:31,38769794,48777,13449612,59103,16988,38,43,9022604,13412,0,0,64918
2026-04-23 20:17:32,38817655,47861,13466198,59182,16665,39,43,9036476,13872,0,0,68571
2026-04-23 20:17:33,38866260,48605,13483066,59249,16935,39,43,9062261,25785,0,0,69971
2026-04-23 20:17:34,38915326,49066,13500080,59337,17102,40,43,9074416,12155,0,0,72206
2026-04-23 20:17:36,38964579,49253,13517172,59408,17163,41,43,9086521,12105,0,0,73299
2026-04-23 20:17:37,39014748,50169,13534571,59486,17477,39,43,9099701,13180,0,0,69353
2026-04-23 20:17:38,39063387,48639,13551437,59554,16934,41,43,9111892,12191,0,0,68432
2026-04-23 20:17:39,39111435,48048,13568145,59621,16775,41,43,9124136,12244,0,0,70246
2026-04-23 20:17:40,39159501,48066,13584850,59690,16774,38,43,9148378,24242,0,0,64845
2026-04-23 20:17:41,39209254,49753,13602100,59763,17323,40,43,9160251,11873,0,0,68066
2026-04-23 20:17:43,39259455,50201,13619482,59828,17447,39,43,9171220,10969,0,0,71289
2026-04-23 20:17:44,39308924,49469,13636678,59885,17253,41,43,9182639,11419,0,0,69397
2026-04-23 20:17:45,39358807,49883,13653982,59959,17378,41,43,9193641,11002,0,0,66729
2026-04-23 20:17:46,39408786,49979,13671288,60036,17383,40,43,9204873,11232,0,0,69062
2026-04-23 20:17:47,39458564,49778,13688555,60103,17334,41,43,9226979,22106,0,0,73923
2026-04-23 20:17:48,39508093,49529,13705761,60170,17273,39,43,9237641,10662,0,0,75796
2026-04-23 20:17:50,39557563,49470,13722909,60256,17234,39,43,9248025,10384,0,0,79815
2026-04-23 20:17:51,39607195,49632,13740141,60331,17307,38,43,9258566,10541,0,0,71865
2026-04-23 20:17:52,39656338,49143,13757179,60406,17113,41,43,9268957,10391,0,0,66568
2026-04-23 20:17:53,39705049,48711,13774107,60484,17006,39,43,9289531,20574,0,0,70706
2026-04-23 20:17:54,39755163,50114,13791508,60560,17477,39,43,9299172,9641,0,0,71449
2026-04-23 20:17:55,39804522,49359,13808679,60619,17230,39,43,9308906,9734,0,0,69663
2026-04-23 20:17:57,39854586,50064,13826034,60691,17427,40,43,9318887,9981,0,0,71159
2026-04-23 20:17:58,39904318,49732,13843307,60762,17344,39,43,9328352,9465,0,0,65576
2026-04-23 20:17:59,39954324,50006,13860682,60837,17450,40,43,9337712,9360,0,0,63383
2026-04-23 20:18:00,40003807,49483,13877828,60913,17222,39,43,9356174,18462,0,0,65446
2026-04-23 20:18:01,40053388,49581,13895034,61000,17293,39,43,9365745,9571,0,0,70055
2026-04-23 20:18:02,40104243,50855,13912655,61081,17702,38,43,9374350,8605,0,0,72653
2026-04-23 20:18:04,40154561,50318,13930084,61181,17529,40,43,9383452,9102,0,0,77407
2026-04-23 20:18:05,40204633,50072,13947424,61262,17421,39,43,9391946,8494,0,0,72369
2026-04-23 20:18:06,40253538,48905,13964429,61342,17085,36,43,9400361,8415,0,0,67064
2026-04-23 20:18:07,40302773,49235,13981501,61425,17155,37,43,9418487,18126,0,0,65932
2026-04-23 20:18:08,40352580,49807,13998810,61509,17393,40,43,9427504,9017,0,0,70459
2026-04-23 20:18:09,40403488,50908,14016462,61588,17731,39,43,9435315,7811,0,0,70480
2026-04-23 20:18:11,40453010,49522,14033687,61659,17296,39,43,9443886,8571,0,0,78074
2026-04-23 20:18:12,40503081,50071,14051060,61740,17454,40,43,9452342,8456,0,0,68011
2026-04-23 20:18:13,40553817,50736,14068629,61813,17642,41,43,9460528,8186,0,0,67285
2026-04-23 20:18:14,40603101,49284,14085761,61880,17199,40,43,9476619,16091,0,0,69485
2026-04-23 20:18:15,40653133,50032,14103113,61949,17421,41,43,9484523,7904,0,0,71281
2026-04-23 20:18:16,40702117,48984,14120128,62023,17089,35,43,9492493,7970,0,0,73764
2026-04-23 20:18:18,40751664,49547,14137330,62094,17273,39,43,9500480,7987,0,0,76272
2026-04-23 20:18:19,40802074,50410,14154802,62180,17558,36,43,9508123,7643,0,0,70021
2026-04-23 20:18:20,40851885,49811,14172066,62254,17338,39,43,9515145,7022,0,0,69628
2026-04-23 20:18:21,40901558,49673,14189320,62332,17332,41,43,9530008,14863,0,0,72157
2026-04-23 20:18:22,40952317,50759,14206974,62397,17719,40,43,9537506,7498,0,0,78071
2026-04-23 20:18:23,41001739,49422,14224127,62484,17240,38,43,9544817,7311,0,0,78030
2026-04-23 20:18:25,41052098,50359,14241600,62556,17545,39,43,9552069,7252,0,0,80173
2026-04-23 20:18:26,41102642,50544,14259159,62621,17624,41,43,9558841,6772,0,0,69438
2026-04-23 20:18:27,41153229,50587,14276736,62694,17650,39,43,9565887,7046,0,0,71277
2026-04-23 20:18:28,41203759,50530,14294244,62768,17582,40,43,9579536,13649,0,0,72407
2026-04-23 20:18:29,41254552,50793,14311842,62845,17675,40,43,9586211,6675,0,0,75827
2026-04-23 20:18:30,41304615,50063,14329208,62917,17438,40,43,9592797,6586,0,0,45104
2026-04-23 20:18:32,41354313,49698,14346457,62993,17325,41,43,9599294,6497,0,0,58284
2026-04-23 20:18:33,41404459,50146,14363874,63071,17495,37,43,9605803,6509,0,0,68362
2026-04-23 20:18:34,41454100,49641,14381081,63150,17286,41,43,9612104,6301,0,0,59886
2026-04-23 20:18:35,41503719,49619,14398278,63222,17269,39,43,9624348,12244,0,0,45868
2026-04-23 20:18:36,41554366,50647,14415848,63299,17647,40,43,9630591,6243,0,0,51951
2026-04-23 20:18:37,41606253,51887,14433827,63384,18064,36,43,9636712,6121,0,0,62938
2026-04-23 20:18:39,41657410,51157,14451561,63479,17829,39,43,9643109,6397,0,0,65508
2026-04-23 20:18:40,41707680,50270,14468999,63552,17511,37,43,9648934,5825,0,0,56974
2026-04-23 20:18:41,41755887,48207,14485750,63623,16822,40,43,9655057,6123,0,0,62362
2026-04-23 20:18:42,41805628,49741,14502991,63693,17311,39,43,9666761,11704,0,0,67520
2026-04-23 20:18:43,41854874,49246,14520112,63767,17195,38,43,9672718,5957,0,0,70192
2026-04-23 20:18:44,41904391,49517,14537262,63843,17226,41,43,9678297,5579,0,0,70129
2026-04-23 20:18:46,41954888,50497,14554790,63929,17614,38,43,9683979,5682,0,0,77706
2026-04-23 20:18:47,42005768,50880,14572475,63997,17753,40,43,9689612,5633,0,0,67178
2026-04-23 20:18:48,42056262,50494,14590013,64072,17613,39,43,9695355,5743,0,0,69943
2026-04-23 20:18:49,42105720,49458,14607138,64160,17213,40,43,9706822,11467,0,0,71928
2026-04-23 20:18:50,42153762,48042,14623825,64246,16773,41,43,9712635,5813,0,0,73271
2026-04-23 20:18:51,42203915,50153,14641212,64320,17461,39,43,9718008,5373,0,0,74523
2026-04-23 20:18:53,42254069,50154,14658614,64375,17457,39,43,9724044,6036,0,0,76373
2026-04-23 20:18:54,42305581,51512,14676465,64451,17927,39,43,9729647,5603,0,0,64014
2026-04-23 20:18:55,42354528,48947,14693480,64537,17101,41,43,9735396,5749,0,0,68045
2026-04-23 20:18:56,42404110,49582,14710647,64614,17244,41,43,9747565,12169,0,0,69081
2026-04-23 20:18:57,42454789,50679,14728242,64679,17660,41,43,9753481,5916,0,0,70378
2026-04-23 20:18:59,42504615,49826,14745506,64759,17344,39,43,9759482,6001,0,0,71084
2026-04-23 20:19:00,42552671,48056,14762151,64833,16719,39,43,9765235,5753,0,0,74561
2026-04-23 20:19:01,42601130,48459,14778973,64901,16890,39,43,9770754,5519,0,0,69951
2026-04-23 20:19:02,42647163,46033,14794961,64969,16056,40,43,9776356,5602,0,0,71244
2026-04-23 20:19:03,42696156,48993,14811942,65055,17067,36,43,9788291,11935,0,0,67089
2026-04-23 20:19:04,42745705,49549,14829126,65146,17275,41,43,9794369,6078,0,0,68195
2026-04-23 20:19:06,42794617,48912,14846117,65211,17056,39,43,9800292,5923,0,0,42950
2026-04-23 20:19:07,42844099,49482,14863284,65288,17244,39,43,9806490,6198,0,0,46096
2026-04-23 20:19:08,42892695,48596,14880149,65357,16934,41,43,9812507,6017,0,0,51634
2026-04-23 20:19:09,42942426,49731,14897380,65434,17308,41,43,9824834,12327,0,0,55675
2026-04-23 20:19:10,42992356,49930,14914697,65508,17391,39,43,9831034,6200,0,0,64520
2026-04-23 20:19:11,43042565,50209,14932106,65600,17501,40,43,9837733,6699,0,0,69186
2026-04-23 20:19:13,43093695,51130,14949843,65675,17812,41,43,9844188,6455,0,0,71736
2026-04-23 20:19:14,43144451,50756,14967444,65739,17665,40,43,9851012,6824,0,0,66122
2026-04-23 20:19:15,43194285,49834,14984772,65799,17388,40,43,9856883,5871,0,0,67943
2026-04-23 20:19:16,43244981,50696,15002367,65884,17680,41,43,9869597,12714,0,0,71087
2026-04-23 20:19:17,43294773,49792,15019580,65965,17294,38,43,9875953,6356,0,0,69910
2026-04-23 20:19:19,43345255,50482,15037062,66054,17571,38,43,9881794,5841,0,0,71037
2026-04-23 20:19:20,43395863,50608,15054630,66118,17632,41,43,9888227,6433,0,0,72374
2026-04-23 20:19:21,43445186,49323,15071757,66173,17182,40,43,9894769,6542,0,0,60033
2026-04-23 20:19:22,43495046,49860,15089084,66246,17400,39,43,9901291,6522,0,0,67672
2026-04-23 20:19:23,43545186,50140,15106486,66340,17496,40,43,9915275,13984,0,0,68665
2026-04-23 20:19:24,43596515,51329,15124273,66420,17867,38,43,9922074,6799,0,0,72022
2026-04-23 20:19:26,43646246,49731,15141523,66489,17319,36,43,9929094,7020,0,0,76087
2026-04-23 20:19:27,43696333,50087,15158901,66556,17445,38,43,9936240,7146,0,0,76534
2026-04-23 20:19:28,43746613,50280,15176357,66631,17531,40,43,9943086,6846,0,0,67444
2026-04-23 20:19:29,43795759,49146,15193427,66713,17152,40,43,9957339,14253,0,0,69797
2026-04-23 20:19:30,43846464,50705,15210993,66785,17638,40,43,9964427,7088,0,0,72040
2026-04-23 20:19:31,43896323,49859,15228309,66853,17384,39,43,9971574,7147,0,0,74144
2026-04-23 20:19:33,43946309,49986,15245657,66921,17416,41,43,9979056,7482,0,0,77232
2026-04-23 20:19:34,43996589,50280,15263067,66997,17486,38,43,9986255,7199,0,0,68994
2026-04-23 20:19:35,44045958,49369,15280200,67070,17206,40,43,9993872,7617,0,0,70614
2026-04-23 20:19:36,44092547,46589,15296373,67124,16227,41,43,10008754,14882,0,0,73171
2026-04-23 20:19:37,44142899,50352,15313837,67194,17534,36,43,10016478,7724,0,0,72029
2026-04-23 20:19:38,44192759,49860,15331159,67275,17403,39,43,10025354,8876,0,0,76674
2026-04-23 20:19:40,44242876,50117,15348573,67342,17481,39,43,10033810,8456,0,0,79246
2026-04-23 20:19:41,44294226,51350,15366355,67424,17864,40,43,10042140,8330,0,0,76721
2026-04-23 20:19:42,44344876,50650,15383953,67500,17674,38,43,10050289,8149,0,0,69755
2026-04-23 20:19:43,44392400,47524,15400448,67566,16561,41,43,10059397,9108,0,0,72161
2026-04-23 20:19:44,44435670,43270,15415453,67629,15068,39,43,10076110,16713,0,0,50309
2026-04-23 20:19:45,44479361,43691,15430579,67703,15200,41,43,10083116,7006,0,0,59353
2026-04-23 20:19:47,44524027,44666,15446068,67770,15556,37,43,10091222,8106,0,0,59404
2026-04-23 20:19:48,44571023,46996,15462353,67837,16352,41,43,10099464,8242,0,0,59934
2026-04-23 20:19:49,44617379,46356,15478504,67898,16212,39,43,10108351,8887,0,0,55791
2026-04-23 20:19:50,44660984,43605,15493619,67957,15174,41,43,10117443,9092,0,0,62350
2026-04-23 20:19:51,44705529,44545,15509057,68030,15511,40,43,10134455,17012,0,0,68368
2026-04-23 20:19:52,44751389,45860,15524967,68111,15991,40,43,10143491,9036,0,0,70368
2026-04-23 20:19:54,44798754,47365,15541415,68174,16511,39,43,10152904,9413,0,0,74422
2026-04-23 20:19:55,44845011,46257,15557500,68226,16137,41,43,10161684,8780,0,0,73065
2026-04-23 20:19:56,44891312,46301,15573548,68309,16131,40,43,10171480,9796,0,0,65293
2026-04-23 20:19:57,44936333,45021,15589158,68380,15681,41,43,10180534,9054,0,0,64479
2026-04-23 20:19:58,44981550,45217,15604880,68449,15791,39,43,10201778,21244,0,0,63174
2026-04-23 20:19:59,45028171,46621,15621032,68528,16231,41,43,10211460,9682,0,0,66450
2026-04-23 20:20:01,45074243,46072,15637035,68607,16082,41,43,10221755,10295,0,0,67104
2026-04-23 20:20:02,45120252,46009,15653026,68676,16060,41,43,10232958,11203,0,0,65795
2026-04-23 20:20:03,45165897,45645,15668908,68746,15952,41,43,10243391,10433,0,0,61692
2026-04-23 20:20:04,45209357,43460,15683969,68810,15125,41,43,10254038,10647,0,0,65471
2026-04-23 20:20:05,45253741,44384,15699358,68878,15457,37,43,10275055,21017,0,0,61430
2026-04-23 20:20:06,45296593,42852,15714231,68944,14939,39,43,10285081,10026,0,0,54107
2026-04-23 20:20:08,45341653,45060,15729854,69011,15690,41,43,10294982,9901,0,0,56089
2026-04-23 20:20:09,45387371,45718,15745666,69086,15887,36,43,10305010,10028,0,0,52297
2026-04-23 20:20:10,45432838,45467,15761403,69152,15803,39,43,10315514,10504,0,0,55313
2026-04-23 20:20:11,45475182,42344,15776103,69202,14750,41,43,10326256,10742,0,0,51190
2026-04-23 20:20:12,45518319,43137,15791102,69259,15056,39,43,10348018,21762,0,0,54896
2026-04-23 20:20:13,45561550,43231,15806056,69346,15041,41,43,10358895,10877,0,0,59649
2026-04-23 20:20:15,45605916,44366,15821448,69402,15448,37,43,10370490,11595,0,0,62636
2026-04-23 20:20:16,45649332,43416,15836537,69477,15164,39,43,10382119,11629,0,0,48803
2026-04-23 20:20:17,45691973,42641,15851344,69555,14885,41,43,10393963,11844,0,0,44899
2026-04-23 20:20:18,45732462,40489,15865353,69619,14073,41,43,10405426,11463,0,0,47460
2026-04-23 20:20:19,45772521,40059,15879261,69671,13960,39,43,10427029,21603,0,0,30259
2026-04-23 20:20:20,45813039,40518,15893335,69741,14144,36,43,10439525,12496,0,0,36546
2026-04-23 20:20:22,45853414,40375,15907349,69805,14078,39,43,10450293,10768,0,0,37147
2026-04-23 20:20:23,45895904,42490,15922085,69875,14806,41,43,10461191,10898,0,0,39121
2026-04-23 20:20:24,45936697,40793,15936248,69941,14229,35,43,10472470,11279,0,0,39068
2026-04-23 20:20:25,45976873,40176,15950145,70008,13964,41,43,10483957,11487,0,0,31350
2026-04-23 20:20:26,46018469,41596,15964546,70077,14470,40,43,10506916,22959,0,0,40651
2026-04-23 20:20:27,46058580,40111,15978464,70128,13969,41,43,10519176,12260,0,0,50057
2026-04-23 20:20:29,46099042,40462,15992514,70182,14104,40,43,10530615,11439,0,0,54001
2026-04-23 20:20:30,46140051,41009,16006761,70250,14315,37,43,10542858,12243,0,0,56197
2026-04-23 20:20:31,46181018,40967,16020959,70323,14271,41,43,10555543,12685,0,0,52999
2026-04-23 20:20:32,46219047,38029,16034197,70368,13283,41,43,10567062,11519,0,0,33784
2026-04-23 20:20:33,46258279,39232,16047797,70421,13653,40,43,10590780,23718,0,0,45547
2026-04-23 20:20:34,46298967,40688,16061909,70493,14184,40,43,10602596,11816,0,0,37452
2026-04-23 20:20:36,46339603,40636,16075984,70546,14128,38,43,10614275,11679,0,0,37099
2026-04-23 20:20:37,46378411,38808,16089450,70605,13525,41,43,10626347,12072,0,0,44119
2026-04-23 20:20:38,46417836,39425,16103101,70668,13714,35,43,10638237,11890,0,0,47810
2026-04-23 20:20:39,46455376,37540,16116168,70721,13120,41,43,10648935,10698,0,0,44921
2026-04-23 20:20:40,46490353,34977,16128281,70779,12171,41,43,10662314,13379,0,0,22950
2026-04-23 20:20:41,46531948,41595,16142701,70834,14475,40,43,10685978,23664,0,0,29291
2026-04-23 20:20:43,46574230,42282,16157355,70886,14706,40,43,10699484,13506,0,0,38060
2026-04-23 20:20:44,46616462,42232,16171997,70940,14696,38,43,10711603,12119,0,0,45642
2026-04-23 20:20:45,46659241,42779,16186840,71005,14908,41,43,10724588,12985,0,0,24362
2026-04-23 20:20:46,46702079,42838,16201695,71071,14921,32,43,10737776,13188,0,0,26029
2026-04-23 20:20:47,46743932,41853,16216230,71126,14590,40,43,10766421,28645,0,0,35762
2026-04-23 20:20:48,46786927,42995,16231129,71198,14971,38,43,10780855,14434,0,0,42758
2026-04-23 20:20:50,46830594,43667,16246313,71256,15242,40,43,10795096,14241,0,0,45534
2026-04-23 20:20:51,46872983,42389,16261017,71324,14772,39,43,10808503,13407,0,0,45261
2026-04-23 20:20:52,46917409,44426,16276411,71404,15474,41,43,10821719,13216,0,0,39976
2026-04-23 20:20:53,46959927,42518,16291146,71475,14806,40,43,10836260,14541,0,0,32616
2026-04-23 20:20:54,47003605,43678,16306274,71540,15193,40,43,10864543,28283,0,0,45460
2026-04-23 20:20:55,47047406,43801,16321482,71609,15277,40,43,10879317,14774,0,0,50074
2026-04-23 20:20:57,47088916,41510,16335883,71684,14476,41,43,10893595,14278,0,0,56383
2026-04-23 20:20:58,47134977,46061,16351840,71747,16020,37,43,10906715,13120,0,0,53648
2026-04-23 20:20:59,47179089,44112,16367106,71844,15363,35,43,10922609,15894,0,0,53511
2026-04-23 20:21:00,47222169,43080,16382067,71910,15027,41,43,10936928,14319,0,0,56200
2026-04-23 20:21:01,47266404,44235,16397387,71979,15389,37,43,10966925,29997,0,0,59874
2026-04-23 20:21:02,47309369,42965,16412302,72030,14966,41,43,10982473,15548,0,0,65938
2026-04-23 20:21:04,47353937,44568,16427765,72102,15535,41,43,10997898,15425,0,0,72219
2026-04-23 20:21:05,47398463,44526,16443216,72161,15510,41,43,11014237,16339,0,0,72188
2026-04-23 20:21:06,47440717,42254,16457885,72223,14731,40,43,11029788,15551,0,0,31985
2026-04-23 20:21:07,47484077,43360,16472935,72280,15107,41,43,11045281,15493,0,0,42025
2026-04-23 20:21:08,47527579,43502,16487997,72355,15137,40,43,11075532,30251,0,0,51543
2026-04-23 20:21:09,47571891,44312,16503353,72440,15441,41,43,11090573,15041,0,0,49744
2026-04-23 20:21:11,47617205,45314,16519026,72518,15751,41,43,11104432,13859,0,0,54094
2026-04-23 20:21:12,47662337,45132,16534700,72577,15733,37,43,11120045,15613,0,0,36731
2026-04-23 20:21:13,47705099,42762,16549555,72644,14922,41,43,11136079,16034,0,0,42289
2026-04-23 20:21:14,47746838,41739,16563988,72712,14501,41,43,11151799,15720,0,0,52703
2026-04-23 20:21:15,47789422,42584,16578774,72771,14845,41,43,11181845,30046,0,0,60049
2026-04-23 20:21:16,47833556,44134,16594077,72851,15383,37,43,11197335,15490,0,0,67154
2026-04-23 20:21:18,47876618,43062,16609041,72922,15035,41,43,11213563,16228,0,0,72704
2026-04-23 20:21:19,47920387,43769,16624224,72982,15243,39,43,11230764,17201,0,0,58783
2026-04-23 20:21:20,47963197,42810,16639078,73044,14916,41,43,11245859,15095,0,0,64627
2026-04-23 20:21:21,48004386,41189,16653367,73099,14344,35,43,11262108,16249,0,0,64571
2026-04-23 20:21:22,48047460,43074,16668296,73173,15003,39,43,11293973,31865,0,0,61240
2026-04-23 20:21:24,48091111,43651,16683423,73245,15199,40,43,11309557,15584,0,0,61913
2026-04-23 20:21:25,48135387,44276,16698762,73296,15390,40,43,11324208,14651,0,0,64116
2026-04-23 20:21:26,48178320,42933,16713649,73367,14958,41,43,11339780,15572,0,0,24818
2026-04-23 20:21:27,48220742,42422,16728393,73438,14815,37,43,11354381,14601,0,0,35121
2026-04-23 20:21:28,48262909,42167,16743026,73506,14701,41,43,11371532,17151,0,0,31338
2026-04-23 20:21:29,48306927,44018,16758286,73567,15321,38,43,11402401,30869,0,0,41365
2026-04-23 20:21:31,48353364,46437,16774365,73634,16146,40,43,11417752,15351,0,0,49112
2026-04-23 20:21:32,48398250,44886,16789903,73716,15620,37,43,11433114,15362,0,0,50616
2026-04-23 20:21:33,48441811,43561,16804995,73770,15146,37,43,11448102,14988,0,0,21897
2026-04-23 20:21:34,48483801,41990,16819535,73838,14608,40,43,11462694,14592,0,0,30308
2026-04-23 20:21:35,48525230,41429,16833888,73916,14431,41,43,11477932,15238,0,0,36898
2026-04-23 20:21:36,48568813,43583,16848982,73992,15170,39,43,11510445,32513,0,0,43772
2026-04-23 20:21:38,48612692,43879,16864196,74057,15279,41,43,11525751,15306,0,0,50381
2026-04-23 20:21:39,48655916,43224,16879192,74133,15072,36,43,11540794,15043,0,0,38651
2026-04-23 20:21:40,48697335,41419,16893565,74191,14431,41,43,11556787,15993,0,0,39856
2026-04-23 20:21:41,48739725,42390,16908250,74272,14766,40,43,11571873,15086,0,0,49047
2026-04-23 20:21:42,48781637,41912,16922833,74330,14641,41,43,11586555,14682,0,0,52461
2026-04-23 20:21:43,48822525,40888,16937040,74383,14260,39,43,11617949,31394,0,0,54863
2026-04-23 20:21:45,48865043,42518,16951766,74460,14803,40,43,11632949,15000,0,0,62070
2026-04-23 20:21:46,48907478,42435,16966492,74523,14789,40,43,11647947,14998,0,0,54673
2026-04-23 20:21:47,48947894,40416,16980546,74574,14105,41,43,11663421,15474,0,0,48744
2026-04-23 20:21:48,48985212,37318,16993497,74627,13004,41,43,11677779,14358,0,0,54192
2026-04-23 20:21:49,49023277,38065,17006702,74688,13266,41,43,11691178,13399,0,0,57783
2026-04-23 20:21:50,49063519,40242,17020661,74763,14034,41,43,11718246,27068,0,0,60291
2026-04-23 20:21:52,49102176,38657,17034061,74831,13468,39,43,11733008,14762,0,0,67279
2026-04-23 20:21:53,49142957,40781,17048216,74888,14212,39,43,11745073,12065,0,0,71247
2026-04-23 20:21:54,49183121,40164,17062158,74947,14001,41,43,11758727,13654,0,0,49081
2026-04-23 20:21:55,49223280,40159,17076113,75005,14013,41,43,11772177,13450,0,0,53503
2026-04-23 20:21:56,49260975,37695,17089191,75076,13149,41,43,11786468,14291,0,0,60764
2026-04-23 20:21:57,49298174,37199,17102084,75135,12952,39,43,11813588,27120,0,0,56364
2026-04-23 20:21:59,49336566,38392,17115387,75195,13363,40,43,11825330,11742,0,0,52902
2026-04-23 20:22:00,49376231,39665,17129164,75253,13835,39,43,11836862,11532,0,0,39270
2026-04-23 20:22:01,49416809,40578,17143257,75315,14155,41,43,11850271,13409,0,0,39998
2026-04-23 20:22:02,49459052,42243,17157894,75378,14700,38,43,11863767,13496,0,0,44804
2026-04-23 20:22:03,49500041,40989,17172125,75439,14292,40,43,11890371,26604,0,0,16927
2026-04-23 20:22:04,49543269,43228,17187090,75517,15043,37,43,11902816,12445,0,0,29477
2026-04-23 20:22:06,49585405,42136,17201699,75585,14677,37,43,11915700,12884,0,0,34233
2026-04-23 20:22:07,49629441,44036,17216983,75663,15362,40,43,11929196,13496,0,0,36021
2026-04-23 20:22:08,49672957,43516,17232066,75734,15154,38,43,11943451,14255,0,0,46575
2026-04-23 20:22:09,49714442,41485,17246413,75810,14423,41,43,11956081,12630,0,0,54237
2026-04-23 20:22:10,49756883,42441,17261129,75877,14783,38,43,11982558,26477,0,0,59781
2026-04-23 20:22:11,49799440,42557,17275898,75946,14838,41,43,11996201,13643,0,0,13268
2026-04-23 20:22:13,49843234,43794,17291063,76004,15223,41,43,12009090,12889,0,0,25338
2026-04-23 20:22:14,49886917,43683,17306205,76090,15228,36,43,12022468,13378,0,0,29789
2026-04-23 20:22:15,49929858,42941,17321113,76154,14972,38,43,12035408,12940,0,0,22717
2026-04-23 20:22:16,49969640,39782,17334941,76211,13885,41,43,12048133,12725,0,0,31929
2026-04-23 20:22:17,50010288,40648,17349040,76266,14154,36,43,12072855,24722,0,0,30251
2026-04-23 20:22:18,50053311,43023,17363955,76337,14986,41,43,12085211,12356,0,0,40680
2026-04-23 20:22:20,50094480,41169,17378263,76415,14386,41,43,12097616,12405,0,0,44016
2026-04-23 20:22:21,50138767,44287,17393648,76495,15465,41,43,12109878,12262,0,0,46354
2026-04-23 20:22:22,50184036,45269,17409336,76557,15750,40,43,12121487,11609,0,0,39203
2026-04-23 20:22:23,50225928,41892,17423856,76624,14587,41,43,12132933,11446,0,0,45446
2026-04-23 20:22:24,50268235,42307,17438496,76695,14711,39,43,12156601,23668,0,0,41891
2026-04-23 20:22:25,50310740,42505,17453274,76757,14840,39,43,12168843,12242,0,0,48281
2026-04-23 20:22:27,50354849,44109,17468590,76814,15373,40,43,12180190,11347,0,0,55747
2026-04-23 20:22:28,50398198,43349,17483672,76865,15133,40,43,12192311,12121,0,0,59244
2026-04-23 20:22:29,50440847,42649,17498467,76933,14863,41,43,12204101,11790,0,0,58468
2026-04-23 20:22:30,50483883,43036,17513390,76992,14982,38,43,12215522,11421,0,0,65007
2026-04-23 20:22:31,50528251,44368,17528797,77057,15472,38,43,12239169,23647,0,0,70891
2026-04-23 20:22:32,50572273,44022,17544110,77115,15371,40,43,12251392,12223,0,0,74713
2026-04-23 20:22:34,50617653,45380,17559844,77192,15811,41,43,12262234,10842,0,0,78662
2026-04-23 20:22:35,50663851,46198,17575860,77269,16093,37,43,12273027,10793,0,0,74652
2026-04-23 20:22:36,50709948,46097,17591849,77350,16070,38,43,12284272,11245,0,0,66457
2026-04-23 20:22:37,50754323,44375,17607237,77410,15448,40,43,12295039,10767,0,0,64188
2026-04-23 20:22:38,50798505,44182,17622594,77462,15409,41,43,12318662,23623,0,0,64370
2026-04-23 20:22:39,50843575,45070,17638217,77527,15688,41,43,12328774,10112,0,0,64939
2026-04-23 20:22:41,50889071,45496,17654017,77599,15872,40,43,12339396,10622,0,0,46125
2026-04-23 20:22:42,50935194,46123,17670041,77663,16088,40,43,12350660,11264,0,0,50607
2026-04-23 20:22:43,50980445,45251,17685678,77747,15721,41,43,12362147,11487,0,0,38031
2026-04-23 20:22:44,51024393,43948,17700936,77813,15324,37,43,12383101,20954,0,0,22772
2026-04-23 20:22:45,51069810,45417,17716694,77891,15836,41,43,12393166,10065,0,0,32603
2026-04-23 20:22:46,51114307,44497,17732125,77960,15500,36,43,12403777,10611,0,0,42716
2026-04-23 20:22:48,51158991,44684,17747658,78022,15595,40,43,12413940,10163,0,0,50018
2026-04-23 20:22:49,51205018,46027,17763623,78082,16025,41,43,12423916,9976,0,0,55660
2026-04-23 20:22:50,51249747,44729,17779162,78153,15610,41,43,12434185,10269,0,0,25507
2026-04-23 20:22:51,51294864,45117,17794828,78209,15722,41,43,12454757,20572,0,0,36405
2026-04-23 20:22:52,51340741,45877,17810739,78275,15977,35,43,12464442,9685,0,0,39445
2026-04-23 20:22:53,51386166,45425,17826500,78362,15848,40,43,12473695,9253,0,0,47528
2026-04-23 20:22:55,51431485,45319,17842234,78430,15802,35,43,12484114,10419,0,0,52718
2026-04-23 20:22:56,51477979,46494,17858337,78496,16169,40,43,12493586,9472,0,0,52032
2026-04-23 20:22:57,51524056,46077,17874316,78559,16042,41,43,12502734,9148,0,0,50052
2026-04-23 20:22:58,51569528,45472,17890054,78622,15801,37,43,12521875,19141,0,0,50874
2026-04-23 20:22:59,51616015,46487,17906170,78684,16178,38,43,12531222,9347,0,0,56469
2026-04-23 20:23:00,51662222,46207,17922216,78738,16100,39,43,12540797,9575,0,0,61514
2026-04-23 20:23:02,51708113,45891,17938162,78798,16006,40,43,12549456,8659,0,0,49934
2026-04-23 20:23:03,51753913,45800,17954046,78860,15946,37,43,12559422,9966,0,0,53157
2026-04-23 20:23:04,51800661,46748,17970272,78914,16280,41,43,12568285,8863,0,0,56948
2026-04-23 20:23:05,51845758,45097,17985910,78982,15706,40,43,12585878,17593,0,0,60077
2026-04-23 20:23:06,51892083,46325,18001979,79058,16145,41,43,12594829,8951,0,0,51369
2026-04-23 20:23:07,51938218,46135,18017985,79135,16083,40,43,12603796,8967,0,0,58147
2026-04-23 20:23:09,51984708,46490,18034117,79204,16201,39,43,12612742,8946,0,0,64949
2026-04-23 20:23:10,52031804,47096,18050447,79281,16407,41,43,12621744,9002,0,0,54823
2026-04-23 20:23:11,52078832,47028,18066710,79356,16338,41,43,12629747,8003,0,0,51569
2026-04-23 20:23:12,52125702,46870,18082999,79405,16338,41,43,12646279,16532,0,0,55886
2026-04-23 20:23:13,52172092,46390,18099079,79484,16159,40,43,12655005,8726,0,0,63783
2026-04-23 20:23:14,52219047,46955,18115381,79568,16386,40,43,12663102,8097,0,0,58590
2026-04-23 20:23:16,52265709,46662,18131568,79658,16277,41,43,12670745,7643,0,0,63573
2026-04-23 20:23:17,52312050,46341,18147630,79739,16143,38,43,12679348,8603,0,0,21138
2026-04-23 20:23:18,52357604,45554,18163430,79824,15885,41,43,12687747,8399,0,0,28985
2026-04-23 20:23:19,52404407,46803,18179631,79904,16281,35,43,12703121,15374,0,0,40855
2026-04-23 20:23:20,52450970,46563,18195768,79983,16216,39,43,12711065,7944,0,0,49013
2026-04-23 20:23:22,52498001,47031,18212090,80035,16374,40,43,12719043,7978,0,0,42471
2026-04-23 20:23:23,52545164,47163,18228404,80105,16384,41,43,12726268,7225,0,0,54831
2026-04-23 20:23:24,52591627,46463,18244510,80180,16181,40,43,12733613,7345,0,0,56769
2026-04-23 20:23:25,52637420,45793,18260418,80250,15978,41,43,12741586,7973,0,0,24560
2026-04-23 20:23:26,52684823,47403,18276849,80328,16509,39,43,12757580,15994,0,0,28047
2026-04-23 20:23:27,52732517,47694,18293369,80402,16594,40,43,12765017,7437,0,0,33152
2026-04-23 20:23:29,52776429,43912,18308606,80457,15292,33,43,12772442,7425,0,0,35072
2026-04-23 20:23:30,52822858,46429,18324731,80519,16187,41,43,12779583,7141,0,0,44191
2026-04-23 20:23:31,52868412,45554,18340522,80583,15855,41,43,12786944,7361,0,0,46373
2026-04-23 20:23:32,52911728,43316,18355548,80643,15086,39,43,12801657,14713,0,0,52856
2026-04-23 20:23:33,52957340,45612,18371334,80726,15869,41,43,12808897,7240,0,0,58688
2026-04-23 20:23:34,53002331,44991,18386968,80776,15684,39,43,12815936,7039,0,0,65099
2026-04-23 20:23:36,53047247,44916,18402542,80855,15653,38,43,12823262,7326,0,0,64932
2026-04-23 20:23:37,53092885,45638,18418314,80922,15839,41,43,12829994,6732,0,0,63536
2026-04-23 20:23:38,53137210,44325,18433692,80984,15440,41,43,12836713,6719,0,0,57124
2026-04-23 20:23:39,53182141,44931,18449237,81048,15609,40,43,12850626,13913,0,0,61511
2026-04-23 20:23:40,53228814,46673,18465434,81132,16281,41,43,12857550,6924,0,0,64280
2026-04-23 20:23:41,53276051,47237,18481785,81206,16425,36,43,12864516,6966,0,0,66908
2026-04-23 20:23:43,53322427,46376,18497886,81278,16173,38,43,12871573,7057,0,0,62857
2026-04-23 20:23:44,53368853,46426,18513994,81353,16183,40,43,12879125,7552,0,0,66277
2026-04-23 20:23:45,53414946,46093,18530014,81415,16082,41,43,12886366,7241,0,0,59169
2026-04-23 20:23:46,53460004,45058,18545654,81482,15707,40,43,12900642,14276,0,0,60988
2026-04-23 20:23:47,53506173,46169,18561664,81556,16084,39,43,12907266,6624,0,0,34718
2026-04-23 20:23:48,53552128,45955,18577613,81616,16009,40,43,12914381,7115,0,0,46755
2026-04-23 20:23:50,53598318,46190,18593663,81678,16112,40,43,12921610,7229,0,0,56760
2026-04-23 20:23:51,53645785,47467,18610107,81765,16531,39,43,12928267,6657,0,0,60349
2026-04-23 20:23:52,53692754,46969,18626400,81845,16373,39,43,12935140,6873,0,0,53915
2026-04-23 20:23:53,53738236,45482,18642152,81908,15815,40,43,12949423,14283,0,0,56313
2026-04-23 20:23:54,53784533,46297,18658258,81964,16162,41,43,12956462,7039,0,0,59378
2026-04-23 20:23:55,53829544,45011,18673870,82042,15690,40,43,12963374,6912,0,0,62675
2026-04-23 20:23:57,53875651,46107,18689859,82118,16065,40,43,12969724,6350,0,0,66325
2026-04-23 20:23:58,53923415,47764,18706437,82186,16646,41,43,12976193,6469,0,0,62290
2026-04-23 20:23:59,53969441,46026,18722403,82259,16039,39,43,12982840,6647,0,0,51291
2026-04-23 20:24:00,54015438,45997,18738342,82324,16004,41,43,12995897,13057,0,0,56363
2026-04-23 20:24:01,54062131,46693,18754551,82379,16264,40,43,13002936,7039,0,0,58981
2026-04-23 20:24:02,54108826,46695,18770792,82444,16306,41,43,13009931,6995,0,0,64713
2026-04-23 20:24:04,54155346,46520,18786930,82518,16212,38,43,13016705,6774,0,0,69200
2026-04-23 20:24:05,54202273,46927,18803228,82593,16373,40,43,13023054,6349,0,0,67221
2026-04-23 20:24:06,54248394,46121,18819301,82654,16134,41,43,13029914,6860,0,0,62145
2026-04-23 20:24:07,54294631,46237,18835319,82726,16090,40,43,13043554,13640,0,0,65967
2026-04-23 20:24:08,54340763,46132,18851351,82798,16104,36,43,13050011,6457,0,0,65911
2026-04-23 20:24:10,54388598,47835,18867948,82871,16670,37,43,13056805,6794,0,0,65560
2026-04-23 20:24:11,54434613,46015,18883903,82922,16006,34,43,13063595,6790,0,0,68089
2026-04-23 20:24:12,54480693,46080,18899856,82991,16022,40,43,13069967,6372,0,0,42682
2026-04-23 20:24:13,54525021,44328,18915193,83069,15415,41,43,13076555,6588,0,0,33541
2026-04-23 20:24:14,54568765,43744,18930405,83128,15271,40,43,13089614,13059,0,0,33863
2026-04-23 20:24:15,54614733,45968,18946349,83186,16002,39,43,13095838,6224,0,0,38791
2026-04-23 20:24:17,54660759,46026,18962322,83245,16032,41,43,13102030,6192,0,0,40099
2026-04-23 20:24:18,54705553,44794,18977835,83314,15582,41,43,13108936,6906,0,0,48241
2026-04-23 20:24:19,54751570,46017,18993782,83386,16019,39,43,13114925,5989,0,0,46950
2026-04-23 20:24:20,54795842,44272,19009127,83446,15405,39,43,13127606,12681,0,0,51670
2026-04-23 20:24:21,54841096,45254,19024851,83516,15794,41,43,13134555,6949,0,0,57960
2026-04-23 20:24:22,54885896,44800,19040382,83591,15606,36,43,13141860,7305,0,0,54420
2026-04-23 20:24:24,54930549,44653,19055898,83641,15566,38,43,13148153,6293,0,0,58033
2026-04-23 20:24:25,54975874,45325,19071608,83712,15781,38,43,13155396,7243,0,0,58741
2026-04-23 20:24:26,55020865,44991,19087226,83778,15684,41,43,13161575,6179,0,0,24955
2026-04-23 20:24:27,55063574,42709,19102039,83848,14883,39,43,13175191,13616,0,0,33048
2026-04-23 20:24:28,55109882,46308,19118055,83924,16092,40,43,13181685,6494,0,0,41629
2026-04-23 20:24:29,55155372,45490,19133834,84021,15876,37,43,13188697,7012,0,0,46688
2026-04-23 20:24:31,55201610,46238,19149889,84090,16124,40,43,13195851,7154,0,0,50750
2026-04-23 20:24:32,55248031,46421,19165981,84159,16161,40,43,13203017,7166,0,0,56524
2026-04-23 20:24:33,55292271,44240,19181345,84227,15432,38,43,13209966,6949,0,0,54735
2026-04-23 20:24:34,55336191,43920,19196572,84290,15290,40,43,13224516,14550,0,0,57342
2026-04-23 20:24:35,55382620,46429,19212644,84374,16156,41,43,13231876,7360,0,0,62199
2026-04-23 20:24:36,55429063,46443,19228764,84437,16183,39,43,13239241,7365,0,0,65822
2026-04-23 20:24:38,55476412,47349,19245167,84507,16473,40,43,13246682,7441,0,0,70554
2026-04-23 20:24:39,55523813,47401,19261609,84588,16523,41,43,13253738,7056,0,0,67254
2026-04-23 20:24:40,55569668,45855,19277516,84639,15958,41,43,13261429,7691,0,0,52155
2026-04-23 20:24:41,55615537,45869,19293460,84711,16016,39,43,13277242,15813,0,0,60770
2026-04-23 20:24:42,55662510,46973,19309780,84776,16385,41,43,13285214,7972,0,0,63126
2026-04-23 20:24:44,55708547,46037,19325755,84842,16041,40,43,13293441,8227,0,0,65404
2026-04-23 20:24:45,55755334,46787,19341983,84920,16306,41,43,13301557,8116,0,0,66796
2026-04-23 20:24:46,55801413,46079,19357965,85001,16063,38,43,13310489,8932,0,0,65667
2026-04-23 20:24:47,55845950,44537,19373404,85076,15514,38,43,13319346,8857,0,0,63732
2026-04-23 20:24:48,55890697,44747,19388910,85152,15582,41,43,13336343,16997,0,0,66255
2026-04-23 20:24:49,55936127,45430,19404659,85221,15818,39,43,13344287,7944,0,0,69972
2026-04-23 20:24:51,55980753,44626,19420161,85297,15578,39,43,13353023,8736,0,0,72569
2026-04-23 20:24:52,56026281,45528,19435967,85366,15875,41,43,13361877,8854,0,0,76365
2026-04-23 20:24:53,56073498,47217,19452330,85455,16452,38,43,13370170,8293,0,0,76339
2026-04-23 20:24:54,56118940,45442,19468150,85497,15862,36,43,13378647,8477,0,0,70163
2026-04-23 20:24:55,56165199,46259,19484169,85566,16088,40,43,13396828,18181,0,0,63613
2026-04-23 20:24:56,56213187,47988,19500763,85649,16677,35,43,13405239,8411,0,0,58103
2026-04-23 20:24:58,56259074,45887,19516677,85730,15995,37,43,13414176,8937,0,0,61616
2026-04-23 20:24:59,56304839,45765,19532545,85802,15940,40,43,13423572,9396,0,0,64470
2026-04-23 20:25:00,56352838,47999,19549191,85876,16720,41,43,13432784,9212,0,0,64053
2026-04-23 20:25:01,56398553,45715,19565067,85950,15950,37,43,13442397,9613,0,0,64038
2026-04-23 20:25:02,56445312,46759,19581296,86025,16304,41,43,13462227,19830,0,0,65708
2026-04-23 20:25:03,56492273,46961,19597605,86089,16373,40,43,13472048,9821,0,0,60585
2026-04-23 20:25:05,56537948,45675,19613437,86150,15893,39,43,13481545,9497,0,0,64604
2026-04-23 20:25:06,56583757,45809,19629312,86209,15934,37,43,13491003,9458,0,0,65961
2026-04-23 20:25:07,56628101,44344,19644714,86276,15469,41,43,13500413,9410,0,0,56966
2026-04-23 20:25:08,56673578,45477,19660445,86330,15785,41,43,13519994,19581,0,0,50016
2026-04-23 20:25:09,56720476,46898,19676729,86389,16343,40,43,13530466,10472,0,0,54105
2026-04-23 20:25:10,56766618,46142,19692746,86447,16075,40,43,13541865,11399,0,0,61557
2026-04-23 20:25:12,56814039,47421,19709138,86539,16484,33,43,13551317,9452,0,0,70094
2026-04-23 20:25:13,56860037,45998,19725097,86605,16025,41,43,13562208,10891,0,0,73332
2026-04-23 20:25:14,56905642,45605,19740936,86669,15903,41,43,13572392,10184,0,0,65283
2026-04-23 20:25:15,56950340,44698,19756419,86741,15555,41,43,13582840,10448,0,0,64587
2026-04-23 20:25:16,56997001,46661,19772601,86803,16244,37,43,13605050,22210,0,0,67237
2026-04-23 20:25:17,57043426,46425,19788683,86882,16161,38,43,13616013,10963,0,0,69961
2026-04-23 20:25:19,57090581,47155,19805066,86929,16430,39,43,13627138,11125,0,0,75601
2026-04-23 20:25:20,57136552,45971,19821004,87007,16016,41,43,13638348,11210,0,0,77101
2026-04-23 20:25:21,57181557,45005,19836593,87077,15659,32,43,13648808,10460,0,0,28755
2026-04-23 20:25:22,57227596,46039,19852538,87137,16005,40,43,13670236,21428,0,0,40946
2026-04-23 20:25:23,57272662,45066,19868212,87197,15734,39,43,13681840,11604,0,0,38510
2026-04-23 20:25:24,57318379,45717,19884095,87274,15960,38,43,13694069,12229,0,0,44209
2026-04-23 20:25:26,57363345,44966,19899754,87341,15726,39,43,13706522,12453,0,0,41062
2026-04-23 20:25:27,57409988,46643,19915935,87418,16258,40,43,13718873,12351,0,0,44042
2026-04-23 20:25:28,57455500,45512,19931726,87490,15863,41,43,13730605,11732,0,0,48332
2026-04-23 20:25:29,57500101,44601,19947182,87554,15520,40,43,13754866,24261,0,0,43449
2026-04-23 20:25:30,57545845,45744,19963072,87609,15945,39,43,13767355,12489,0,0,55684
2026-04-23 20:25:32,57591695,45850,19978972,87664,15955,41,43,13779624,12269,0,0,35157
2026-04-23 20:25:33,57636178,44483,19994419,87724,15507,37,43,13791857,12233,0,0,43718
2026-04-23 20:25:34,57681320,45142,20010045,87788,15690,41,43,13804037,12180,0,0,49078
2026-04-23 20:25:35,57724924,43604,20025193,87871,15231,41,43,13815936,11899,0,0,32351
2026-04-23 20:25:36,57769453,44529,20040630,87933,15499,38,43,13840327,24391,0,0,35834
2026-04-23 20:25:37,57814776,45323,20056356,88009,15802,39,43,13853215,12888,0,0,40573
2026-04-23 20:25:39,57860432,45656,20072171,88089,15895,39,43,13865923,12708,0,0,47107
2026-04-23 20:25:40,57906276,45844,20088021,88167,15928,40,43,13878492,12569,0,0,56029
2026-04-23 20:25:41,57951897,45621,20103855,88244,15911,40,43,13891828,13336,0,0,58684
2026-04-23 20:25:42,57996552,44655,20119380,88310,15591,40,43,13904553,12725,0,0,56795
2026-04-23 20:25:43,58040929,44377,20134741,88380,15431,39,43,13931191,26638,0,0,39274
2026-04-23 20:25:44,58086141,45212,20150400,88458,15737,38,43,13944460,13269,0,0,52291
2026-04-23 20:25:46,58133150,47009,20166714,88522,16378,40,43,13957545,13085,0,0,60019
2026-04-23 20:25:47,58178333,45183,20182365,88611,15740,39,43,13971491,13946,0,0,60874
2026-04-23 20:25:48,58221706,43373,20197423,88674,15121,41,43,13984342,12851,0,0,59894
2026-04-23 20:25:49,58266097,44391,20212809,88731,15443,41,43,13996773,12431,0,0,56978
2026-04-23 20:25:50,58310048,43951,20228057,88806,15323,41,43,14023221,26448,0,0,60559
2026-04-23 20:25:51,58355545,45497,20243876,88866,15879,41,43,14037901,14680,0,0,64389
2026-04-23 20:25:53,58400719,45174,20259575,88917,15750,39,43,14051956,14055,0,0,65889
2026-04-23 20:25:54,58445275,44556,20275040,88972,15520,40,43,14065484,13528,0,0,38640
2026-04-23 20:25:55,58490673,45398,20290805,89046,15839,38,43,14078900,13416,0,0,36313
2026-04-23 20:25:56,58534405,43732,20306011,89110,15270,41,43,14093475,14575,0,0,39529
2026-04-23 20:25:57,58578908,44503,20321442,89188,15509,41,43,14122379,28904,0,0,43659
2026-04-23 20:25:58,58624421,45513,20337233,89253,15856,41,43,14135964,13585,0,0,48309
2026-04-23 20:26:00,58670071,45650,20353079,89321,15914,40,43,14150031,14067,0,0,57073
2026-04-23 20:26:01,58713090,43019,20368018,89385,15003,41,43,14165506,15475,0,0,66089
2026-04-23 20:26:02,58758116,45026,20383630,89455,15682,38,43,14178869,13363,0,0,36856
2026-04-23 20:26:03,58801442,43326,20398693,89523,15131,41,43,14194780,15911,0,0,40850
2026-04-23 20:26:04,58845439,43997,20413946,89593,15323,39,43,14209452,14672,0,0,43035
2026-04-23 20:26:05,58890730,45291,20429663,89661,15785,40,43,14239838,30386,0,0,47091
2026-04-23 20:26:07,58935955,45225,20445371,89724,15771,40,43,14254567,14729,0,0,31372
2026-04-23 20:26:08,58981128,45173,20461048,89800,15753,39,43,14269716,15149,0,0,39521
2026-04-23 20:26:09,59026519,45391,20476802,89873,15827,40,43,14284488,14772,0,0,47609
2026-04-23 20:26:10,59068618,42099,20491434,89928,14687,38,43,14299145,14657,0,0,44212
2026-04-23 20:26:11,59108980,40362,20505458,89989,14085,41,43,14313146,14001,0,0,49192
2026-04-23 20:26:12,59151485,42505,20520177,90055,14785,40,43,14341900,28754,0,0,53276
2026-04-23 20:26:14,59196805,45320,20535890,90127,15785,39,43,14355576,13676,0,0,59237
2026-04-23 20:26:15,59243033,46228,20551936,90194,16113,40,43,14369882,14306,0,0,65678
2026-04-23 20:26:16,59288168,45135,20567548,90289,15707,41,43,14384705,14823,0,0,60336
2026-04-23 20:26:17,59332291,44123,20582860,90360,15383,41,43,14398554,13849,0,0,54045
2026-04-23 20:26:18,59377131,44840,20598405,90422,15607,39,43,14428751,30197,0,0,55034
2026-04-23 20:26:19,59422515,45384,20614137,90500,15810,41,43,14442842,14091,0,0,59998
2026-04-23 20:26:21,59467448,44933,20629727,90574,15664,39,43,14458097,15255,0,0,70307
2026-04-23 20:26:22,59513623,46175,20645758,90655,16112,38,43,14472907,14810,0,0,75535
2026-04-23 20:26:23,59558712,45089,20661389,90726,15702,41,43,14488371,15464,0,0,57499
2026-04-23 20:26:24,59602044,43332,20676427,90798,15110,39,43,14502979,14608,0,0,58167
2026-04-23 20:26:25,59645653,43609,20691570,90870,15215,40,43,14532342,29363,0,0,56621
2026-04-23 20:26:26,59690984,45331,20707278,90931,15769,41,43,14547695,15353,0,0,51228
2026-04-23 20:26:28,59737022,46038,20723195,91016,16002,38,43,14562658,14963,0,0,52154
2026-04-23 20:26:29,59782176,45154,20738837,91094,15720,40,43,14577252,14594,0,0,41045
2026-04-23 20:26:30,59827542,45366,20754592,91156,15817,41,43,14591604,14352,0,0,44136
2026-04-23 20:26:31,59871731,44189,20769921,91225,15398,39,43,14607623,16019,0,0,48736
2026-04-23 20:26:32,59916105,44374,20785346,91303,15503,40,43,14637769,30146,0,0,54928
2026-04-23 20:26:33,59960675,44570,20800803,91371,15525,41,43,14653163,15394,0,0,46613
2026-04-23 20:26:35,60006026,45351,20816547,91427,15800,39,43,14668121,14958,0,0,48135
2026-04-23 20:26:36,60051943,45917,20832476,91510,16012,41,43,14683187,15066,0,0,38748
2026-04-23 20:26:37,60096354,44411,20847876,91579,15469,40,43,14697665,14478,0,0,11659
2026-04-23 20:26:38,60139499,43145,20862903,91641,15089,41,43,14713063,15398,0,0,14217
2026-04-23 20:26:39,60184251,44752,20878439,91701,15596,37,43,14743954,30891,0,0,20059
2026-04-23 20:26:41,60230167,45916,20894345,91776,15981,41,43,14759529,15575,0,0,29652
2026-04-23 20:26:42,60276376,46209,20910364,91839,16082,41,43,14773538,14009,0,0,41199
2026-04-23 20:26:43,60321569,45193,20926045,91900,15742,41,43,14788355,14817,0,0,49278
2026-04-23 20:26:44,60365594,44025,20941353,91963,15371,34,43,14802832,14477,0,0,30072
2026-04-23 20:26:45,60408791,43197,20956338,92032,15054,41,43,14817380,14548,0,0,28201
2026-04-23 20:26:46,60452811,44020,20971663,92098,15391,38,43,14847270,29890,0,0,35590
2026-04-23 20:26:48,60498012,45201,20987340,92172,15751,41,43,14860695,13425,0,0,45813
2026-04-23 20:26:49,60542120,44108,21002648,92236,15372,40,43,14875397,14702,0,0,51882
2026-04-23 20:26:50,60586015,43895,21017914,92287,15317,39,43,14889999,14602,0,0,55571
2026-04-23 20:26:51,60630590,44575,21033362,92366,15527,39,43,14904531,14532,0,0,60823
2026-04-23 20:26:52,60673964,43374,21048391,92440,15103,37,43,14932218,27687,0,0,30573
2026-04-23 20:26:53,60718854,44890,21064005,92505,15679,38,43,14947084,14866,0,0,37291
2026-04-23 20:26:55,60765399,46545,21080121,92565,16176,40,43,14961311,14227,0,0,35725
2026-04-23 20:26:56,60810781,45382,21095870,92643,15827,40,43,14974996,13685,0,0,44287
2026-04-23 20:26:57,60855693,44912,21111474,92723,15684,39,43,14990288,15292,0,0,43363
2026-04-23 20:26:58,60899589,43896,21126707,92802,15312,41,43,15004906,14618,0,0,18614
2026-04-23 20:26:59,60944062,44473,21142094,92877,15462,39,43,15032185,27279,0,0,28333
2026-04-23 20:27:00,60988630,44568,21157556,92932,15517,39,43,15046058,13873,0,0,39593
2026-04-23 20:27:02,61033154,44524,21173010,92999,15521,38,43,15059228,13170,0,0,48198
2026-04-23 20:27:03,61079006,45852,21188902,93063,15956,40,43,15072891,13663,0,0,57256
2026-04-23 20:27:04,61125093,46087,21204904,93123,16062,41,43,15086605,13714,0,0,61888
2026-04-23 20:27:05,61169840,44747,21220428,93198,15599,40,43,15100399,13794,0,0,40536
2026-04-23 20:27:06,61215293,45453,21236195,93261,15830,40,43,15127326,26927,0,0,45889
2026-04-23 20:27:07,61261616,46323,21252237,93330,16111,38,43,15140799,13473,0,0,33887
2026-04-23 20:27:09,61307132,45516,21268037,93412,15882,39,43,15154299,13500,0,0,21579
2026-04-23 20:27:10,61353293,46161,21284033,93474,16058,38,43,15167581,13282,0,0,35690
2026-04-23 20:27:11,61399131,45838,21299948,93543,15984,41,43,15180403,12822,0,0,40610
2026-04-23 20:27:12,61443483,44352,21315371,93591,15471,41,43,15194344,13941,0,0,51041
2026-04-23 20:27:13,61487830,44347,21330733,93656,15427,40,43,15219906,25562,0,0,38523
2026-04-23 20:27:14,61532989,45159,21346396,93720,15727,41,43,15232963,13057,0,0,51317
2026-04-23 20:27:16,61579921,46932,21362673,93795,16352,36,43,15245754,12791,0,0,38912
2026-04-23 20:27:17,61625970,46049,21378652,93863,16047,40,43,15258284,12530,0,0,48762
2026-04-23 20:27:18,61672044,46074,21394581,93944,16010,39,43,15270798,12514,0,0,36789
2026-04-23 20:27:19,61716244,44200,21409883,94015,15373,41,43,15282871,12073,0,0,40523
2026-04-23 20:27:20,61760585,44341,21425273,94101,15476,41,43,15308043,25172,0,0,33797
2026-04-23 20:27:21,61806942,46357,21441366,94173,16165,41,43,15320552,12509,0,0,14880
2026-04-23 20:27:23,61853275,46333,21457458,94238,16157,40,43,15333553,13001,0,0,28498
2026-04-23 20:27:24,61899764,46489,21473584,94292,16180,40,43,15345984,12431,0,0,39803
2026-04-23 20:27:25,61945664,45900,21489492,94381,15997,39,43,15359147,13163,0,0,22501
2026-04-23 20:27:26,61991094,45430,21505238,94455,15820,41,43,15372014,12867,0,0,30905
2026-04-23 20:27:27,62035695,44601,21520703,94522,15532,34,43,15396348,24334,0,0,39406
2026-04-23 20:27:28,62081255,45560,21536497,94586,15858,40,43,15408263,11915,0,0,34844
2026-04-23 20:27:30,62126993,45738,21552376,94658,15951,40,43,15419736,11473,0,0,39859
2026-04-23 20:27:31,62173401,46408,21568444,94751,16161,40,43,15432131,12395,0,0,45709
2026-04-23 20:27:32,62217831,44430,21583890,94807,15502,38,43,15444545,12414,0,0,10708
2026-04-23 20:27:33,62261962,44131,21599166,94890,15359,39,43,15467516,22971,0,0,22011
2026-04-23 20:27:34,62307892,45930,21615074,94969,15987,40,43,15479007,11491,0,0,34709
2026-04-23 20:27:36,62355233,47341,21631457,95050,16464,39,43,15490495,11488,0,0,34705
2026-04-23 20:27:37,62401888,46655,21647658,95119,16270,39,43,15501742,11247,0,0,45382
2026-04-23 20:27:38,62447695,45807,21663558,95193,15974,39,43,15514146,12404,0,0,56021
2026-04-23 20:27:39,62491675,43980,21678823,95258,15330,37,43,15526157,12011,0,0,15938
2026-04-23 20:27:40,62536107,44432,21694259,95316,15494,34,43,15548920,22763,0,0,20882
2026-04-23 20:27:41,62582258,46151,21710284,95380,16089,41,43,15559717,10797,0,0,27388
2026-04-23 20:27:43,62628921,46663,21726479,95446,16261,38,43,15571229,11512,0,0,37263
2026-04-23 20:27:44,62675659,46738,21742689,95532,16296,38,43,15581759,10530,0,0,42569
2026-04-23 20:27:45,62721503,45844,21758609,95611,15999,41,43,15592460,10701,0,0,49972
2026-04-23 20:27:46,62766713,45210,21774297,95670,15747,41,43,15604069,11609,0,0,38715
2026-04-23 20:27:47,62812294,45581,21790139,95730,15902,41,43,15625800,21731,0,0,47601
2026-04-23 20:27:48,62858378,46084,21806151,95797,16079,41,43,15636521,10721,0,0,53925
2026-04-23 20:27:50,62906563,48185,21822825,95857,16734,39,43,15647423,10902,0,0,60960
2026-04-23 20:27:51,62952779,46216,21838824,95941,16083,40,43,15657261,9838,0,0,41363
2026-04-23 20:27:52,62998582,45803,21854743,96008,15986,39,43,15667836,10575,0,0,42582
2026-04-23 20:27:53,63043274,44692,21870265,96070,15584,41,43,15678137,10301,0,0,20283
2026-04-23 20:27:54,63088725,45451,21886025,96145,15835,39,43,15699073,20936,0,0,33939
2026-04-23 20:27:55,63134354,45629,21901867,96204,15901,41,43,15709274,10201,0,0,37435
2026-04-23 20:27:57,63181297,46943,21918118,96273,16320,41,43,15718881,9607,0,0,46395
2026-04-23 20:27:58,63227241,45944,21934068,96346,16023,41,43,15729274,10393,0,0,14303
2026-04-23 20:27:59,63273907,46666,21950222,96435,16243,41,43,15739583,10309,0,0,23134
2026-04-23 20:28:00,63319336,45429,21965953,96504,15800,41,43,15749363,9780,0,0,25481
2026-04-23 20:28:01,63361791,42455,21980696,96574,14813,41,43,15769824,20461,0,0,34619
2026-04-23 20:28:02,63405697,43906,21995889,96653,15272,39,43,15778989,9165,0,0,39338
2026-04-23 20:28:04,63449397,43700,22011018,96718,15194,41,43,15788032,9043,0,0,47290
2026-04-23 20:28:05,63492734,43337,22026074,96776,15114,40,43,15797425,9393,0,0,54905
2026-04-23 20:28:06,63535685,42951,22040969,96851,14970,41,43,15806466,9041,0,0,9937
2026-04-23 20:28:07,63576638,40953,22055184,96922,14286,39,43,15815508,9042,0,0,21340
2026-04-23 20:28:08,63621814,45176,22070883,96988,15765,38,43,15834634,19126,0,0,14851
2026-04-23 20:28:09,63666793,44979,22086455,97061,15645,41,43,15843621,8987,0,0,24107
2026-04-23 20:28:11,63711866,45073,22102115,97130,15729,39,43,15852376,8755,0,0,36466
2026-04-23 20:28:12,63756693,44827,22117651,97202,15608,38,43,15860982,8606,0,0,39898
2026-04-23 20:28:13,63799514,42821,22132514,97266,14927,41,43,15869777,8795,0,0,17614
2026-04-23 20:28:14,63844462,44948,22148115,97338,15673,41,43,15887361,17584,0,0,9092
2026-04-23 20:28:15,63891003,46541,22164251,97422,16220,39,43,15896614,9253,0,0,18280
2026-04-23 20:28:16,63936681,45678,22180091,97503,15921,40,43,15905681,9067,0,0,31258
2026-04-23 20:28:18,63983643,46962,22196344,97577,16327,39,43,15914530,8849,0,0,38148
2026-04-23 20:28:19,64031101,47458,22212790,97661,16530,34,43,15923049,8519,0,0,38433
2026-04-23 20:28:20,64075388,44287,22228140,97726,15415,41,43,15931821,8772,0,0,18755
2026-04-23 20:28:21,64119315,43927,22243377,97793,15304,40,43,15949397,17576,0,0,5730
2026-04-23 20:28:22,64165188,45873,22259318,97859,16007,35,43,15958023,8626,0,0,18213
2026-04-23 20:28:24,64211355,46167,22275335,97934,16092,38,43,15967045,9022,0,0,25189
2026-04-23 20:28:25,64257300,45945,22291321,98004,16056,40,43,15975923,8878,0,0,30267
2026-04-23 20:28:26,64303101,45801,22307199,98075,15949,40,43,15984818,8895,0,0,38092
2026-04-23 20:28:27,64347746,44645,22322680,98141,15547,39,43,15993149,8331,0,0,13531
2026-04-23 20:28:28,64390618,42872,22337574,98190,14943,40,43,16010019,16870,0,0,22842
2026-04-23 20:28:29,64437614,46996,22353847,98277,16360,39,43,16017796,7777,0,0,31582
2026-04-23 20:28:31,64482544,44930,22369445,98346,15667,39,43,16025931,8135,0,0,20248
2026-04-23 20:28:32,64526960,44416,22384866,98432,15507,39,43,16034161,8230,0,0,16089
2026-04-23 20:28:33,64572048,45088,22400522,98511,15735,41,43,16041950,7789,0,0,14378
2026-04-23 20:28:34,64616355,44307,22415927,98576,15470,41,43,16049720,7770,0,0,21243
2026-04-23 20:28:35,64660587,44232,22431238,98641,15376,38,43,16066074,16354,0,0,27470
2026-04-23 20:28:36,64704675,44088,22446513,98719,15353,40,43,16073273,7199,0,0,8165
2026-04-23 20:28:38,64750215,45540,22462312,98790,15870,40,43,16081303,8030,0,0,13271
2026-04-23 20:28:39,64794602,44387,22477707,98862,15467,40,43,16089086,7783,0,0,9242
2026-04-23 20:28:40,64839154,44552,22493166,98928,15525,34,43,16096805,7719,0,0,22052
2026-04-23 20:28:41,64882231,43077,22508156,98981,15043,41,43,16104860,8055,0,0,8541
2026-04-23 20:28:42,64925301,43070,22523088,99047,14998,39,43,16120379,15519,0,0,15302
2026-04-23 20:28:43,64970118,44817,22538614,99114,15593,41,43,16127788,7409,0,0,26833
2026-04-23 20:28:45,65014299,44181,22553932,99186,15390,39,43,16135143,7355,0,0,34576
2026-04-23 20:28:46,65058681,44382,22569318,99263,15463,41,43,16142490,7347,0,0,38880
2026-04-23 20:28:47,65101642,42961,22584250,99330,14999,40,43,16150243,7753,0,0,31071
2026-04-23 20:28:48,65144674,43032,22599190,99387,14997,38,43,16157814,7571,0,0,33337
2026-04-23 20:28:49,65190048,45374,22614925,99455,15803,41,43,16172396,14582,0,0,41100
2026-04-23 20:28:50,65235594,45546,22630766,99522,15908,41,43,16179859,7463,0,0,20580
2026-04-23 20:28:52,65280717,45123,22646408,99589,15709,41,43,16186931,7072,0,0,12784
2026-04-23 20:28:53,65325385,44668,22661887,99655,15545,38,43,16194208,7277,0,0,12173
2026-04-23 20:28:54,65370782,45397,22677651,99718,15827,39,43,16201533,7325,0,0,16639
2026-04-23 20:28:55,65414355,43573,22692777,99790,15198,39,43,16209007,7474,0,0,2204
2026-04-23 20:28:56,65459304,44949,22708402,99849,15684,40,43,16224304,15297,0,0,4043
2026-04-23 20:28:57,65504800,45496,22724190,99924,15863,37,43,16231386,7082,0,0,13870
2026-04-23 20:28:59,65550513,45713,22740029,100001,15916,37,43,16238587,7201,0,0,8234
2026-04-23 20:29:00,65596768,46255,22756090,100080,16140,40,43,16245951,7364,0,0,17377
2026-04-23 20:29:01,65642015,45247,22771750,100145,15725,40,43,16253366,7415,0,0,9657
2026-04-23 20:29:02,65685373,43358,22786788,100208,15101,40,43,16267808,14442,0,0,11668
2026-04-23 20:29:03,65729125,43752,22801968,100292,15264,41,43,16274946,7138,0,0,20284
2026-04-23 20:29:04,65774354,45229,22817653,100356,15749,41,43,16281838,6892,0,0,31608
2026-04-23 20:29:06,65819614,45260,22833349,100430,15770,40,43,16289305,7467,0,0,8501
2026-04-23 20:29:07,65864870,45256,22849053,100498,15772,40,43,16296585,7280,0,0,20518
2026-04-23 20:29:08,65910685,45815,22864932,100582,15963,41,43,16303952,7367,0,0,22215
2026-04-23 20:29:09,65955165,44480,22880315,100646,15447,40,43,16318045,14093,0,0,14701
2026-04-23 20:29:10,66002560,47395,22896750,100713,16502,40,43,16325005,6960,0,0,12643
2026-04-23 20:29:11,66047834,45274,22912470,100775,15782,35,43,16332618,7613,0,0,24582
2026-04-23 20:29:13,66093669,45835,22928374,100839,15968,41,43,16339935,7317,0,0,29111
2026-04-23 20:29:14,66139616,45947,22944284,100910,15981,40,43,16347133,7198,0,0,16013
2026-04-23 20:29:15,66184498,44882,22959822,100991,15619,41,43,16354198,7065,0,0,6648
2026-04-23 20:29:16,66228279,43781,22975020,101056,15263,41,43,16369531,15333,0,0,7929
2026-04-23 20:29:17,66271694,43415,22990136,101126,15186,41,43,16377490,7959,0,0,7475
2026-04-23 20:29:19,66317452,45758,23006048,101187,15973,40,43,16384945,7455,0,0,7366
2026-04-23 20:29:20,66363186,45734,23021936,101254,15955,36,43,16392556,7611,0,0,17151
2026-04-23 20:29:21,66409386,46200,23037964,101327,16101,41,43,16400319,7763,0,0,26373
2026-04-23 20:29:22,66451332,41946,23052584,101383,14676,36,43,16408288,7969,0,0,1655
2026-04-23 20:29:23,66494141,42809,23067460,101447,14940,40,43,16423641,15353,0,0,6454
2026-04-23 20:29:24,66539626,45485,23083255,101511,15859,38,43,16431493,7852,0,0,8205
2026-04-23 20:29:26,66584888,45262,23098937,101572,15743,39,43,16438852,7359,0,0,7592
2026-04-23 20:29:27,66630963,46075,23114900,101644,16035,39,43,16445864,7012,0,0,11495
2026-04-23 20:29:28,66675927,44964,23130483,101718,15657,39,43,16453608,7744,0,0,14988
2026-04-23 20:29:29,66718461,42534,23145275,101794,14868,38,43,16461364,7756,0,0,1382
2026-04-23 20:29:30,66760107,41646,23159703,101857,14491,37,43,16477192,15828,0,0,9359
2026-04-23 20:29:31,66803982,43875,23174945,101929,15314,38,43,16484567,7375,0,0,17143
2026-04-23 20:29:33,66847904,43922,23190191,101984,15301,39,43,16492353,7786,0,0,10583
2026-04-23 20:29:34,66892461,44557,23205648,102064,15537,40,43,16500094,7741,0,0,15035
2026-04-23 20:29:35,66936864,44403,23221056,102139,15483,38,43,16508868,8774,0,0,10553
2026-04-23 20:29:36,66979467,42603,23235882,102180,14867,41,43,16516745,7877,0,0,1891
2026-04-23 20:29:37,67022539,43072,23250832,102234,15004,38,43,16533179,16434,0,0,5033
2026-04-23 20:29:38,67066499,43960,23266102,102301,15337,41,43,16541000,7821,0,0,6926
2026-04-23 20:29:40,67110706,44207,23281470,102356,15423,31,43,16549917,8917,0,0,7709
2026-04-23 20:29:41,67156762,46056,23297407,102435,16016,35,43,16558211,8294,0,0,14513
2026-04-23 20:29:42,67203288,46526,23313536,102513,16207,40,43,16566563,8352,0,0,24079
2026-04-23 20:29:43,67248098,44810,23329084,102606,15641,40,43,16575209,8646,0,0,11743
2026-04-23 20:29:44,67294748,46650,23345225,102686,16221,39,43,16593087,17878,0,0,13891
2026-04-23 20:29:45,67342046,47298,23361592,102754,16435,40,43,16601392,8305,0,0,19637
2026-04-23 20:29:47,67388135,46089,23377595,102828,16077,38,43,16610137,8745,0,0,13322
2026-04-23 20:29:48,67433163,45028,23393190,102891,15658,40,43,16619067,8930,0,0,16906
2026-04-23 20:29:49,67479516,46353,23409270,102954,16143,41,43,16627444,8377,0,0,19287
2026-04-23 20:29:50,67523602,44086,23424591,103007,15374,41,43,16636815,9371,0,0,3513
2026-04-23 20:29:51,67569324,45722,23440438,103082,15922,37,43,16655509,18694,0,0,8623
2026-04-23 20:29:52,67615643,46319,23456509,103167,16156,36,43,16664177,8668,0,0,7598
2026-04-23 20:29:54,67662478,46835,23472772,103225,16321,41,43,16673549,9372,0,0,18228
2026-04-23 20:29:55,67709776,47298,23489140,103302,16445,41,43,16682412,8863,0,0,12200
2026-04-23 20:29:56,67754794,45018,23504738,103392,15688,36,43,16691049,8637,0,0,6307
2026-04-23 20:29:57,67799338,44544,23520208,103472,15550,41,43,16700548,9499,0,0,11408
2026-04-23 20:29:58,67845324,45986,23536142,103545,16007,41,43,16720703,20155,0,0,19926
2026-04-23 20:29:59,67892350,47026,23552453,103618,16384,41,43,16730182,9479,0,0,29571
2026-04-23 20:30:01,67939873,47523,23568940,103694,16563,38,43,16740395,10213,0,0,31995
2026-04-23 20:30:02,67986112,46239,23584962,103762,16090,40,43,16750541,10146,0,0,23431
2026-04-23 20:30:03,68031810,45698,23600848,103827,15951,41,43,16760825,10284,0,0,11217
2026-04-23 20:30:04,68077368,45558,23616630,103894,15849,40,43,16781539,20714,0,0,17930
2026-04-23 20:30:05,68123958,46590,23632792,103965,16233,38,43,16792202,10663,0,0,18745
2026-04-23 20:30:07,68171079,47121,23649139,104032,16414,41,43,16802094,9892,0,0,11796
2026-04-23 20:30:08,68216620,45541,23664963,104100,15892,39,43,16812749,10655,0,0,24452
2026-04-23 20:30:09,68262406,45786,23680836,104181,15954,41,43,16824345,11596,0,0,30125
2026-04-23 20:30:10,68307419,45013,23696492,104247,15722,41,43,16834802,10457,0,0,8949
2026-04-23 20:30:11,68351524,44105,23711788,104316,15365,41,43,16856372,21570,0,0,22375
2026-04-23 20:30:12,68398046,46522,23727937,104370,16203,40,43,16867346,10974,0,0,9668
2026-04-23 20:30:14,68444390,46344,23744007,104462,16162,41,43,16878899,11553,0,0,21322
2026-04-23 20:30:15,68490833,46443,23760115,104538,16184,41,43,16889622,10723,0,0,28047
2026-04-23 20:30:16,68537957,47124,23776440,104612,16399,39,43,16900558,10936,0,0,34884
2026-04-23 20:30:17,68583266,45309,23792141,104680,15769,39,43,16912173,11615,0,0,8420
2026-04-23 20:30:18,68627932,44666,23807633,104737,15549,38,43,16935123,22950,0,0,7177
2026-04-23 20:30:19,68674253,46321,23823665,104807,16102,39,43,16945946,10823,0,0,15705
2026-04-23 20:30:21,68720310,46057,23839657,104872,16057,40,43,16956701,10755,0,0,24488
2026-04-23 20:30:22,68765774,45464,23855416,104953,15840,41,43,16968995,12294,0,0,8936
2026-04-23 20:30:23,68812610,46836,23871682,105019,16332,41,43,16980331,11336,0,0,19780
2026-04-23 20:30:24,68856630,44020,23886983,105087,15369,39,43,16992248,11917,0,0,6721
2026-04-23 20:30:25,68901892,45262,23902659,105145,15734,40,43,17015074,22826,0,0,4012
2026-04-23 20:30:26,68949365,47473,23919116,105232,16544,41,43,17027218,12144,0,0,12147
2026-04-23 20:30:28,68995100,45735,23934973,105303,15928,38,43,17039676,12458,0,0,15336
2026-04-23 20:30:29,69041449,46349,23951073,105363,16160,38,43,17051602,11926,0,0,10967
2026-04-23 20:30:30,69087070,45621,23966894,105448,15906,41,43,17064290,12688,0,0,16296
2026-04-23 20:30:31,69132138,45068,23982491,105509,15658,27,43,17076952,12662,0,0,11374
2026-04-23 20:30:32,69176725,44587,23997959,105586,15545,41,43,17101019,24067,0,0,6241
2026-04-23 20:30:33,69223045,46320,24014016,105660,16131,38,43,17113680,12661,0,0,11864
2026-04-23 20:30:35,69269662,46617,24030170,105742,16236,40,43,17126014,12334,0,0,14802
2026-04-23 20:30:36,69315591,45929,24046076,105810,15974,41,43,17138441,12427,0,0,16299
2026-04-23 20:30:37,69361049,45458,24061853,105880,15847,37,43,17150811,12370,0,0,22074
2026-04-23 20:30:38,69405286,44237,24077184,105960,15411,41,43,17163600,12789,0,0,3886
2026-04-23 20:30:39,69450369,45083,24092829,106040,15725,41,43,17189025,25425,0,0,16845
2026-04-23 20:30:40,69496671,46302,24108885,106116,16132,41,43,17202134,13109,0,0,7127
2026-04-23 20:30:42,69542271,45600,24124703,106180,15882,41,43,17215769,13635,0,0,9392
2026-04-23 20:30:43,69587707,45436,24140499,106245,15861,40,43,17229479,13710,0,0,20419
2026-04-23 20:30:44,69632865,45158,24156193,106311,15760,41,43,17243116,13637,0,0,25890
2026-04-23 20:30:45,69676616,43751,24171361,106386,15243,39,43,17257499,14383,0,0,4735
2026-04-23 20:30:46,69721766,45150,24186993,106459,15705,38,43,17284912,27413,0,0,11881
2026-04-23 20:30:47,69767516,45750,24202878,106539,15965,40,43,17298880,13968,0,0,16488
2026-04-23 20:30:49,69812493,44977,24218546,106597,15726,36,43,17313296,14416,0,0,12520
2026-04-23 20:30:50,69858441,45948,24234482,106671,16010,39,43,17327162,13866,0,0,23359
2026-04-23 20:30:51,69902726,44285,24249824,106738,15409,41,43,17340852,13690,0,0,15420
2026-04-23 20:30:52,69946646,43920,24265005,106812,15255,41,43,17354108,13256,0,0,2261
2026-04-23 20:30:53,69991227,44581,24280467,106888,15538,40,43,17380274,26166,0,0,5963
2026-04-23 20:30:54,70036589,45362,24296237,106945,15827,40,43,17395178,14904,0,0,5809
2026-04-23 20:30:56,70081596,45007,24311869,107018,15705,41,43,17410563,15385,0,0,13621
2026-04-23 20:30:57,70126891,45295,24327579,107066,15758,40,43,17424706,14143,0,0,14264
2026-04-23 20:30:58,70171711,44820,24343150,107136,15641,38,43,17439588,14882,0,0,19255
2026-04-23 20:30:59,70211205,39494,24356847,107210,13771,41,43,17454064,14476,0,0,3487
2026-04-23 20:31:00,70248884,37679,24369892,107271,13106,38,43,17479781,25717,0,0,9230
2026-04-23 20:31:01,70289744,40860,24384066,107335,14238,40,43,17492613,12832,0,0,5988
2026-04-23 20:31:03,70331823,42079,24398627,107407,14633,39,43,17506036,13423,0,0,12456
2026-04-23 20:31:04,70376138,44315,24413999,107489,15454,40,43,17519355,13319,0,0,20066
2026-04-23 20:31:05,70418186,42048,24428608,107550,14670,40,43,17533539,14184,0,0,9481
2026-04-23 20:31:06,70461838,43652,24443699,107636,15177,37,43,17546613,13074,0,0,11874
2026-04-23 20:31:07,70507265,45427,24459466,107689,15820,41,43,17574649,28036,0,0,10659
2026-04-23 20:31:08,70552803,45538,24475228,107769,15842,40,43,17588671,14022,0,0,9175
2026-04-23 20:31:10,70597537,44734,24490729,107840,15572,37,43,17603297,14626,0,0,13031
2026-04-23 20:31:11,70642632,45095,24506372,107912,15715,41,43,17618324,15027,0,0,15135
2026-04-23 20:31:12,70687490,44858,24521907,107985,15608,39,43,17632883,14559,0,0,22301
2026-04-23 20:31:13,70731588,44098,24537174,108054,15336,35,43,17647498,14615,0,0,2877
2026-04-23 20:31:14,70776331,44743,24552703,108118,15593,41,43,17676207,28709,0,0,5044
2026-04-23 20:31:15,70820848,44517,24568146,108178,15503,40,43,17689974,13767,0,0,8737
2026-04-23 20:31:17,70866169,45321,24583850,108248,15774,39,43,17704598,14624,0,0,12974
2026-04-23 20:31:18,70911970,45801,24599731,108326,15959,41,43,17719324,14726,0,0,11477
2026-04-23 20:31:19,70956320,44350,24615130,108395,15468,41,43,17734264,14940,0,0,10007
2026-04-23 20:31:20,71000583,44263,24630472,108463,15410,41,43,17748602,14338,0,0,6748
2026-04-23 20:31:21,71045012,44429,24645866,108526,15457,40,43,17778982,30380,0,0,13055
2026-04-23 20:31:23,71090577,45565,24661674,108582,15864,38,43,17793755,14773,0,0,17388
2026-04-23 20:31:24,71135751,45174,24677356,108657,15757,41,43,17809143,15388,0,0,19754
2026-04-23 20:31:25,71181539,45788,24693194,108742,15923,39,43,17824549,15406,0,0,24440
2026-04-23 20:31:26,71226867,45328,24708918,108808,15790,37,43,17838705,14156,0,0,18736
2026-04-23 20:31:27,71269585,42718,24723746,108876,14896,41,43,17853227,14522,0,0,4171
2026-04-23 20:31:28,71313579,43994,24739013,108942,15333,41,43,17884037,30810,0,0,10408
2026-04-23 20:31:30,71358977,45398,24754781,109007,15833,41,43,17899900,15863,0,0,13481
2026-04-23 20:31:31,71404520,45543,24770570,109071,15853,41,43,17914652,14752,0,0,10313
2026-04-23 20:31:32,71449387,44867,24786145,109152,15656,39,43,17930012,15360,0,0,17548
2026-04-23 20:31:33,71489447,40060,24800051,109222,13976,38,43,17945425,15413,0,0,1533
2026-04-23 20:31:34,71529972,40525,24814104,109279,14110,40,43,17959697,14272,0,0,5411
2026-04-23 20:31:35,71572273,42301,24828772,109358,14747,39,43,17988259,28562,0,0,4826
2026-04-23 20:31:37,71615737,43464,24843828,109427,15125,36,43,18002172,13913,0,0,9130
2026-04-23 20:31:38,71658950,43213,24858794,109501,15040,39,43,18017157,14985,0,0,11743
2026-04-23 20:31:39,71702835,43885,24874021,109572,15298,41,43,18030651,13494,0,0,18562
2026-04-23 20:31:40,71741087,38252,24887305,109633,13345,41,43,18045706,15055,0,0,1245
2026-04-23 20:31:41,71782293,41206,24901578,109710,14350,41,43,18059309,13603,0,0,2908
2026-04-23 20:31:42,71824558,42265,24916207,109785,14704,38,43,18087675,28366,0,0,5690
2026-04-23 20:31:44,71867794,43236,24931206,109846,15060,40,43,18101675,14000,0,0,12278
2026-04-23 20:31:45,71911382,43588,24946323,109920,15191,41,43,18115683,14008,0,0,10039
2026-04-23 20:31:46,71953543,42161,24960952,109989,14698,37,43,18129644,13961,0,0,12086
2026-04-23 20:31:47,71994527,40984,24975157,110041,14257,41,43,18143661,14017,0,0,3341
2026-04-23 20:31:48,72036170,41643,24989579,110113,14494,40,43,18170821,27160,0,0,5305
2026-04-23 20:31:49,72078931,42761,25004439,110177,14924,40,43,18185075,14254,0,0,6468
2026-04-23 20:31:51,72122255,43324,25019478,110242,15104,41,43,18198571,13496,0,0,10288
2026-04-23 20:31:52,72166085,43830,25034653,110320,15253,41,43,18212492,13921,0,0,14987
2026-04-23 20:31:53,72203431,37346,25047648,110371,13046,35,43,18225799,13307,0,0,2314
2026-04-23 20:31:54,72241817,38386,25060967,110427,13375,35,43,18239102,13303,0,0,2519
2026-04-23 20:31:55,72282726,40909,25075140,110485,14231,41,43,18265248,26146,0,0,4469
2026-04-23 20:31:57,72325173,42447,25089888,110550,14813,40,43,18278815,13567,0,0,7975
2026-04-23 20:31:58,72366755,41582,25104299,110617,14478,41,43,18293184,14369,0,0,8051
2026-04-23 20:31:59,72408832,42077,25118895,110693,14672,39,43,18306770,13586,0,0,11472
2026-04-23 20:32:00,72451527,42695,25133717,110767,14896,41,43,18320427,13657,0,0,3920
2026-04-23 20:32:01,72492650,41123,25147965,110837,14318,41,43,18334250,13823,0,0,2664
2026-04-23 20:32:02,72535663,43013,25162903,110910,15011,38,43,18361814,27564,0,0,10004
2026-04-23 20:32:04,72578133,42470,25177634,110975,14796,40,43,18376138,14324,0,0,10085
2026-04-23 20:32:05,72621590,43457,25192685,111044,15120,38,43,18388497,12359,0,0,10219
2026-04-23 20:32:06,72664841,43251,25207639,111119,15029,38,43,18402958,14461,0,0,11193
2026-04-23 20:32:07,72704420,39579,25221376,111176,13794,41,43,18415889,12931,0,0,2099
2026-04-23 20:32:08,72743584,39164,25234957,111245,13650,40,43,18428653,12764,0,0,2586
2026-04-23 20:32:09,72785444,41860,25249442,111311,14551,41,43,18454371,25718,0,0,7497
2026-04-23 20:32:11,72828456,43012,25264368,111378,14993,38,43,18467199,12828,0,0,7813
2026-04-23 20:32:12,72872103,43647,25279509,111439,15202,40,43,18479870,12671,0,0,18425
2026-04-23 20:32:13,72918139,46036,25295487,111503,16042,41,43,18492893,13023,0,0,17114
2026-04-23 20:32:14,72962805,44666,25311000,111571,15581,40,43,18507042,14149,0,0,12025
2026-04-23 20:32:15,73007476,44671,25326486,111639,15554,38,43,18535195,28153,0,0,18403
2026-04-23 20:32:16,73054598,47122,25342827,111693,16395,41,43,18548842,13647,0,0,22991
2026-04-23 20:32:18,73100544,45946,25358757,111767,16004,39,43,18561441,12599,0,0,27795
2026-04-23 20:32:19,73146083,45539,25374568,111839,15883,36,43,18575077,13636,0,0,33508
2026-04-23 20:32:20,73191296,45213,25390267,111898,15758,40,43,18589039,13962,0,0,41707
2026-04-23 20:32:21,73235712,44416,25405684,111959,15478,39,43,18602462,13423,0,0,18265
2026-04-23 20:32:22,73278948,43236,25420722,112030,15109,41,43,18631273,28811,0,0,15040
2026-04-23 20:32:23,73324793,45845,25436631,112089,15968,41,43,18645699,14426,0,0,21394
2026-04-23 20:32:25,73371088,46295,25452673,112144,16097,38,43,18659036,13337,0,0,21360
2026-04-23 20:32:26,73417033,45945,25468646,112207,16036,41,43,18672965,13929,0,0,30891
2026-04-23 20:32:27,73462488,45455,25484423,112285,15855,34,43,18686013,13048,0,0,11456
2026-04-23 20:32:28,73506402,43914,25499714,112348,15354,41,43,18699609,13596,0,0,10636
2026-04-23 20:32:29,73550657,44255,25515099,112409,15446,36,43,18727496,27887,0,0,17029
2026-04-23 20:32:30,73596497,45840,25530956,112485,15933,40,43,18740824,13328,0,0,19659
2026-04-23 20:32:32,73643453,46956,25547241,112553,16353,38,43,18753400,12576,0,0,13527
2026-04-23 20:32:33,73686471,43018,25562185,112603,14994,39,43,18767168,13768,0,0,11693
2026-04-23 20:32:34,73729011,42540,25576899,112679,14790,38,43,18779206,12038,0,0,11527
2026-04-23 20:32:35,73770160,41149,25591202,112744,14368,41,43,18790690,11484,0,0,4876
2026-04-23 20:32:36,73814579,44419,25606607,112813,15474,41,43,18817169,26479,0,0,13337
2026-04-23 20:32:37,73860832,46253,25622645,112888,16113,37,43,18830028,12859,0,0,12663
2026-04-23 20:32:39,73906330,45498,25638419,112964,15850,38,43,18843000,12972,0,0,10903
2026-04-23 20:32:40,73951941,45611,25654224,113042,15883,34,43,18855392,12392,0,0,17948
2026-04-23 20:32:41,73997770,45829,25670093,113114,15941,41,43,18867706,12314,0,0,18982
2026-04-23 20:32:42,74042527,44757,25685640,113176,15609,38,43,18880391,12685,0,0,8417
2026-04-23 20:32:43,74086373,43846,25700911,113236,15331,41,43,18906269,25878,0,0,17480
2026-04-23 20:32:44,74131440,45067,25716578,113300,15731,40,43,18919431,13162,0,0,15207
2026-04-23 20:32:46,74176675,45235,25732256,113373,15751,37,43,18932651,13220,0,0,15207
2026-04-23 20:32:47,74222962,46287,25748385,113440,16196,36,43,18944241,11590,0,0,20662
2026-04-23 20:32:48,74268369,45407,25764137,113502,15814,41,43,18956679,12438,0,0,5988
2026-04-23 20:32:49,74312571,44202,25779522,113568,15451,40,43,18968915,12236,0,0,7473
2026-04-23 20:32:50,74358624,46053,25795495,113636,16041,34,43,18994412,25497,0,0,14681
2026-04-23 20:32:52,74403744,45120,25811111,113709,15689,41,43,19006782,12370,0,0,24287
2026-04-23 20:32:53,74449452,45708,25826990,113793,15963,38,43,19018649,11867,0,0,19984
2026-04-23 20:32:54,74495015,45563,25842808,113845,15870,40,43,19031313,12664,0,0,15495
2026-04-23 20:32:55,74540195,45180,25858511,113899,15757,40,43,19042739,11426,0,0,6549
2026-04-23 20:32:56,74584776,44581,25874020,113958,15568,40,43,19066402,23663,0,0,10915
2026-04-23 20:32:57,74632050,47274,25890396,114028,16446,37,43,19077842,11440,0,0,22206
2026-04-23 20:32:59,74676930,44880,25905975,114095,15646,39,43,19089762,11920,0,0,6135
2026-04-23 20:33:00,74723590,46660,25922115,114163,16208,41,43,19100676,10914,0,0,10717
2026-04-23 20:33:01,74768226,44636,25937607,114233,15562,40,43,19111493,10817,0,0,11710
2026-04-23 20:33:02,74812762,44536,25953060,114306,15526,40,43,19122737,11244,0,0,10096
2026-04-23 20:33:03,74857537,44775,25968586,114371,15591,39,43,19145478,22741,0,0,3303
2026-04-23 20:33:04,74904585,47048,25984904,114444,16391,38,43,19156679,11201,0,0,15820
2026-04-23 20:33:06,74949656,45071,26000581,114506,15739,39,43,19168290,11611,0,0,17059
2026-04-23 20:33:07,74995798,46142,26016575,114573,16061,37,43,19179214,10924,0,0,19393
2026-04-23 20:33:08,75040611,44813,26032127,114647,15626,41,43,19189933,10719,0,0,11477
2026-04-23 20:33:09,75084352,43741,26047302,114716,15244,39,43,19200853,10920,0,0,7835
2026-04-23 20:33:10,75128444,44092,26062594,114784,15360,38,43,19222308,21455,0,0,3693
2026-04-23 20:33:11,75173401,44957,26078190,114867,15679,40,43,19232749,10441,0,0,7244
2026-04-23 20:33:13,75217739,44338,26093539,114937,15419,39,43,19243156,10407,0,0,8044
2026-04-23 20:33:14,75261931,44192,26108847,115005,15376,41,43,19253038,9882,0,0,11098
2026-04-23 20:33:15,75307077,45146,26124476,115075,15699,39,43,19263300,10262,0,0,11606
2026-04-23 20:33:16,75346613,39536,26138218,115137,13804,38,43,19273146,9846,0,0,5735
2026-04-23 20:33:17,75388738,42125,26152817,115204,14666,41,43,19293655,20509,0,0,4705
2026-04-23 20:33:18,75433821,45083,26168442,115278,15699,41,43,19303649,9994,0,0,6760
2026-04-23 20:33:20,75478684,44863,26183984,115349,15613,38,43,19312725,9076,0,0,9549
2026-04-23 20:33:21,75523401,44717,26199476,115420,15563,38,43,19323144,10419,0,0,15599
2026-04-23 20:33:22,75568489,45088,26215092,115488,15684,34,43,19332505,9361,0,0,7793
2026-04-23 20:33:23,75609614,41125,26229355,115563,14338,40,43,19342101,9596,0,0,2591
2026-04-23 20:33:24,75653948,44334,26244725,115628,15435,39,43,19361449,19348,0,0,4872
2026-04-23 20:33:25,75698635,44687,26260231,115704,15582,40,43,19371336,9887,0,0,7930
2026-04-23 20:33:27,75742741,44106,26275525,115789,15379,40,43,19381506,10170,0,0,8259
2026-04-23 20:33:28,75785581,42840,26290409,115854,14949,35,43,19391205,9699,0,0,12020
2026-04-23 20:33:29,75829175,43594,26305513,115928,15178,41,43,19400672,9467,0,0,13074
2026-04-23 20:33:30,75871847,42672,26320309,115986,14854,41,43,19409807,9135,0,0,3125
2026-04-23 20:33:31,75914449,42602,26335039,116043,14787,41,43,19428593,18786,0,0,3945
2026-04-23 20:33:32,75958508,44059,26350354,116109,15381,38,43,19437952,9359,0,0,7895
2026-04-23 20:33:34,76003491,44983,26365973,116179,15689,40,43,19446884,8932,0,0,10184
2026-04-23 20:33:35,76047600,44109,26381327,116239,15414,41,43,19456212,9328,0,0,15406
2026-04-23 20:33:36,76093744,46144,26397348,116311,16093,39,43,19466336,10124,0,0,11526
2026-04-23 20:33:37,76138707,44963,26412955,116371,15667,39,43,19485827,19491,0,0,7380
2026-04-23 20:33:38,76184490,45783,26428870,116433,15977,38,43,19495153,9326,0,0,8179
2026-04-23 20:33:40,76231525,47035,26445151,116520,16368,40,43,19504652,9499,0,0,16846
2026-04-23 20:33:41,76277781,46256,26461231,116583,16143,40,43,19513717,9065,0,0,22335
2026-04-23 20:33:42,76323641,45860,26477117,116643,15946,40,43,19523391,9674,0,0,15541
2026-04-23 20:33:43,76369340,45699,26492961,116712,15913,41,43,19532543,9152,0,0,2899
2026-04-23 20:33:44,76413838,44498,26508386,116777,15490,37,43,19550967,18424,0,0,9808
2026-04-23 20:33:45,76458935,45097,26524017,116842,15696,41,43,19559753,8786,0,0,6701
2026-04-23 20:33:47,76505199,46264,26540046,116923,16110,40,43,19568363,8610,0,0,13503
2026-04-23 20:33:48,76550160,44961,26555697,116992,15720,38,43,19577707,9344,0,0,9785
2026-04-23 20:33:49,76595528,45368,26571458,117077,15846,41,43,19587163,9456,0,0,13880
2026-04-23 20:33:50,76641577,46049,26587430,117158,16053,41,43,19596340,9177,0,0,9137
2026-04-23 20:33:51,76687881,46304,26603436,117230,16078,41,43,19613566,17226,0,0,8426
2026-04-23 20:33:52,76734553,46672,26619661,117293,16288,34,43,19622432,8866,0,0,13736
2026-04-23 20:33:54,76780795,46242,26635717,117364,16127,40,43,19631419,8987,0,0,16874
2026-04-23 20:33:55,76826204,45409,26651498,117431,15848,37,43,19640584,9165,0,0,16641
2026-04-23 20:33:56,76872395,46191,26667553,117504,16128,35,43,19649402,8818,0,0,24572
2026-04-23 20:33:57,76916615,44220,26682921,117569,15433,39,43,19658124,8722,0,0,10850
2026-04-23 20:33:58,76962078,45463,26698696,117638,15844,40,43,19676346,18222,0,0,18663
2026-04-23 20:33:59,77007796,45718,26714562,117702,15930,39,43,19685822,9476,0,0,11603
2026-04-23 20:34:01,77054324,46528,26730699,117780,16215,39,43,19694280,8458,0,0,13524
2026-04-23 20:34:02,77098873,44549,26746235,117838,15594,41,43,19702945,8665,0,0,11273
2026-04-23 20:34:03,77145537,46664,26762405,117907,16239,41,43,19711934,8989,0,0,13677
2026-04-23 20:34:04,77189478,43941,26777622,117981,15291,41,43,19720078,8144,0,0,9424
2026-04-23 20:34:05,77235776,46298,26793687,118040,16124,41,43,19736807,16729,0,0,9735
2026-04-23 20:34:06,77282602,46826,26809911,118113,16297,41,43,19745414,8607,0,0,14675
2026-04-23 20:34:08,77329441,46839,26826133,118196,16305,40,43,19753766,8352,0,0,11150
2026-04-23 20:34:09,77376118,46677,26842316,118272,16259,40,43,19762416,8650,0,0,15413
2026-04-23 20:34:10,77422744,46626,26858499,118330,16241,38,43,19771302,8886,0,0,16547
2026-04-23 20:34:11,77468529,45785,26874415,118405,15991,39,43,19779550,8248,0,0,8508
2026-04-23 20:34:12,77515600,47071,26890719,118479,16378,39,43,19797019,17469,0,0,9536
2026-04-23 20:34:13,77561943,46343,26906791,118545,16138,41,43,19805845,8826,0,0,20473
2026-04-23 20:34:15,77608146,46203,26922826,118620,16110,37,43,19814714,8869,0,0,23392
2026-04-23 20:34:16,77654637,46491,26938917,118689,16160,40,43,19823469,8755,0,0,12135
2026-04-23 20:34:17,77701323,46686,26955076,118759,16229,41,43,19831850,8381,0,0,14983
2026-04-23 20:34:18,77746391,45068,26970723,118829,15717,41,43,19840443,8593,0,0,2881
2026-04-23 20:34:19,77791472,45081,26986356,118897,15701,39,43,19858364,17921,0,0,4025
2026-04-23 20:34:20,77837353,45881,27002299,118958,16004,40,43,19866892,8528,0,0,10624
2026-04-23 20:34:22,77885006,47653,27018819,119034,16596,39,43,19875800,8908,0,0,15114
2026-04-23 20:34:23,77931491,46485,27034977,119109,16233,40,43,19884629,8829,0,0,19557
2026-04-23 20:34:24,77978672,47181,27051313,119192,16419,40,43,19893503,8874,0,0,29692
2026-04-23 20:34:25,78024330,45658,27067119,119273,15887,41,43,19910965,17462,0,0,8148
2026-04-23 20:34:26,78070573,46243,27083162,119344,16114,38,43,19919748,8783,0,0,8328
2026-04-23 20:34:27,78116287,45714,27099046,119405,15945,38,43,19929153,9405,0,0,8454
2026-04-23 20:34:29,78163042,46755,27115264,119472,16285,41,43,19938432,9279,0,0,14811
2026-04-23 20:34:30,78209630,46588,27131445,119530,16239,37,43,19946978,8546,0,0,24395
2026-04-23 20:34:31,78256128,46498,27147592,119587,16204,41,43,19956295,9317,0,0,26512
2026-04-23 20:34:32,78301425,45297,27163287,119655,15763,40,43,19965297,9002,0,0,11579
2026-04-23 20:34:33,78347830,46405,27179348,119732,16138,40,43,19982946,17649,0,0,5740
2026-04-23 20:34:34,78393560,45730,27195230,119799,15949,41,43,19992080,9134,0,0,11405
2026-04-23 20:34:36,78438922,45362,27210974,119863,15808,39,43,20001347,9267,0,0,8492
2026-04-23 20:34:37,78485070,46148,27226982,119933,16078,39,43,20009929,8582,0,0,16472
2026-04-23 20:34:38,78531424,46354,27243064,120003,16152,41,43,20019022,9093,0,0,22007
2026-04-23 20:34:39,78575971,44547,27258525,120071,15529,37,43,20037801,18779,0,0,17576
2026-04-23 20:34:40,78621840,45869,27274489,120136,16029,38,43,20046799,8998,0,0,17022
2026-04-23 20:34:42,78667620,45780,27290353,120218,15946,39,43,20056750,9951,0,0,12240
2026-04-23 20:34:43,78713914,46294,27306435,120279,16143,41,43,20065815,9065,0,0,12182
2026-04-23 20:34:44,78759654,45740,27322353,120336,15975,41,43,20074977,9162,0,0,15327
2026-04-23 20:34:45,78805909,46255,27338446,120398,16155,40,43,20084495,9518,0,0,21163
2026-04-23 20:34:46,78850471,44562,27353894,120462,15512,40,43,20103446,18951,0,0,14359
2026-04-23 20:34:47,78895829,45358,27369660,120508,15812,35,43,20113145,9699,0,0,8994
2026-04-23 20:34:48,78941396,45567,27385440,120574,15846,40,43,20122336,9191,0,0,17940
2026-04-23 20:34:50,78984447,43051,27400355,120658,14999,38,43,20131858,9522,0,0,7773
2026-04-23 20:34:51,79028846,44399,27415776,120721,15484,40,43,20140335,8477,0,0,10360
2026-04-23 20:34:52,79073153,44307,27431129,120789,15421,32,43,20149533,9198,0,0,11082
2026-04-23 20:34:53,79117028,43875,27446346,120863,15291,41,43,20168155,18622,0,0,1999
2026-04-23 20:34:54,79162279,45251,27462051,120932,15774,38,43,20177640,9485,0,0,4871
2026-04-23 20:34:56,79206855,44576,27477496,121024,15537,41,43,20187039,9399,0,0,8294
2026-04-23 20:34:57,79250560,43705,27492659,121082,15221,41,43,20196422,9383,0,0,8556
2026-04-23 20:34:58,79295309,44749,27508176,121157,15592,39,43,20205693,9271,0,0,13932
2026-04-23 20:34:59,79339498,44189,27523536,121222,15425,41,43,20215716,10023,0,0,7454
2026-04-23 20:35:00,79382514,43016,27538441,121299,14982,41,43,20235321,19605,0,0,4725
2026-04-23 20:35:01,79427884,45370,27554123,121383,15766,36,43,20244707,9386,0,0,4083
2026-04-23 20:35:03,79474330,46446,27570229,121459,16182,38,43,20254121,9414,0,0,9956
2026-04-23 20:35:04,79518375,44045,27585521,121522,15355,39,43,20264140,10019,0,0,9361
2026-04-23 20:35:05,79563556,45181,27601203,121588,15748,41,43,20274422,10282,0,0,18340
2026-04-23 20:35:06,79604531,40975,27615428,121644,14281,41,43,20284178,9756,0,0,6051
2026-04-23 20:35:07,79646763,42232,27630085,121704,14717,41,43,20303903,19725,0,0,2581
2026-04-23 20:35:08,79691199,44436,27645475,121776,15462,39,43,20313733,9830,0,0,3974
2026-04-23 20:35:10,79736411,45212,27661149,121846,15744,40,43,20323216,9483,0,0,10399
2026-04-23 20:35:11,79780932,44521,27676605,121915,15525,39,43,20333562,10346,0,0,9499
2026-04-23 20:35:12,79824678,43746,27691773,122006,15259,37,43,20344026,10464,0,0,11293
2026-04-23 20:35:13,79867029,42351,27706459,122080,14760,37,43,20353911,9885,0,0,6364
2026-04-23 20:35:14,79910431,43402,27721478,122142,15081,41,43,20374036,20125,0,0,4233
2026-04-23 20:35:15,79954202,43771,27736673,122202,15255,41,43,20384614,10578,0,0,5407
2026-04-23 20:35:17,79998230,44028,27751973,122269,15367,40,43,20394453,9839,0,0,7336
2026-04-23 20:35:18,80043191,44961,27767576,122345,15679,35,43,20404515,10062,0,0,13924
2026-04-23 20:35:19,80088320,45129,27783218,122421,15718,40,43,20415345,10830,0,0,19342
2026-04-23 20:35:20,80132450,44130,27798593,122481,15435,41,43,20426319,10974,0,0,6608
2026-04-23 20:35:21,80175405,42955,27813469,122550,14945,35,43,20448415,22096,0,0,7884
2026-04-23 20:35:22,80220775,45370,27829156,122619,15756,40,43,20458468,10053,0,0,6836
2026-04-23 20:35:24,80266770,45995,27845139,122666,16030,35,43,20469372,10904,0,0,9362
2026-04-23 20:35:25,80313612,46842,27861409,122731,16335,39,43,20480649,11277,0,0,14394
2026-04-23 20:35:26,80359437,45825,27877330,122803,15993,40,43,20492404,11755,0,0,18748
2026-04-23 20:35:27,80402758,43321,27892369,122866,15102,40,43,20505161,12757,0,0,4078
2026-04-23 20:35:28,80446783,44025,27907661,122940,15366,41,43,20527763,22602,0,0,4304
2026-04-23 20:35:29,80493151,46368,27923740,123012,16151,41,43,20538711,10948,0,0,13155
2026-04-23 20:35:31,80538824,45673,27939559,123090,15897,38,43,20550727,12016,0,0,8747
2026-04-23 20:35:32,80584929,46105,27955520,123155,16026,41,43,20561890,11163,0,0,18412
2026-04-23 20:35:33,80630108,45179,27971239,123212,15776,41,43,20572796,10906,0,0,17503
2026-04-23 20:35:34,80676763,46655,27987459,123285,16293,41,43,20585448,12652,0,0,6200
2026-04-23 20:35:35,80723856,47093,28003809,123351,16416,37,43,20611184,25736,0,0,14751
2026-04-23 20:35:37,80772271,48415,28020593,123432,16865,41,43,20624691,13507,0,0,12639
2026-04-23 20:35:38,80822375,50104,28037965,123510,17450,41,43,20637325,12634,0,0,24783
2026-04-23 20:35:39,80871581,49206,28055057,123585,17167,37,43,20650698,13373,0,0,37877
2026-04-23 20:35:40,80921122,49541,28072237,123655,17250,39,43,20663507,12809,0,0,48234
2026-04-23 20:35:41,80969786,48664,28089086,123738,16932,41,43,20676780,13273,0,0,19073
2026-04-23 20:35:42,81019180,49394,28106204,123811,17191,37,43,20703268,26488,0,0,25034
2026-04-23 20:35:44,81068440,49260,28123313,123889,17187,37,43,20716623,13355,0,0,32061
2026-04-23 20:35:45,81118148,49708,28140539,123962,17299,38,43,20730869,14246,0,0,42037
2026-04-23 20:35:46,81168133,49985,28157835,124045,17379,41,43,20744224,13355,0,0,29598
2026-04-23 20:35:47,81215356,47223,28174243,124129,16492,38,43,20757989,13765,0,0,42386
2026-04-23 20:35:48,81260985,45629,28190109,124201,15938,39,43,20771631,13642,0,0,12263
2026-04-23 20:35:49,81310024,49039,28207106,124281,17077,37,43,20799381,27750,0,0,23863
2026-04-23 20:35:51,81359225,49201,28224156,124361,17130,41,43,20813523,14142,0,0,34554
2026-04-23 20:35:52,81408459,49234,28241184,124436,17103,41,43,20826565,13042,0,0,19637
2026-04-23 20:35:53,81457792,49333,28258330,124509,17219,39,43,20840318,13753,0,0,34347
2026-04-23 20:35:54,81503988,46196,28274415,124557,16133,41,43,20854675,14357,0,0,14768
2026-04-23 20:35:55,81548607,44619,28289917,124617,15562,36,43,20882495,27820,0,0,16744
2026-04-23 20:35:56,81595049,46442,28306050,124685,16201,39,43,20896668,14173,0,0,4928
2026-04-23 20:35:58,81642103,47054,28322340,124771,16376,39,43,20909775,13107,0,0,13709
2026-04-23 20:35:59,81687066,44963,28337938,124833,15660,39,43,20922846,13071,0,0,15105
2026-04-23 20:36:00,81733021,45955,28353900,124896,16025,41,43,20935275,12429,0,0,13844
2026-04-23 20:36:01,81775490,42469,28368679,124958,14841,41,43,20948178,12903,0,0,1157
2026-04-23 20:36:02,81816810,41320,28383000,125022,14385,40,43,20974963,26785,0,0,6728
2026-04-23 20:36:03,81861886,45076,28398716,125073,15767,38,44,20988595,13632,0,0,7090
2026-04-23 20:36:05,81908881,46995,28415016,125139,16366,41,43,21001972,13377,0,0,10915
2026-04-23 20:36:06,81956187,47306,28431422,125221,16488,37,43,21015647,13675,0,0,12640
2026-04-23 20:36:07,82001462,45275,28447137,125293,15787,41,43,21029325,13678,0,0,13996
2026-04-23 20:36:08,82043706,42244,28461777,125367,14714,40,43,21042619,13294,0,0,5649
2026-04-23 20:36:09,82086549,42843,28476606,125443,14905,38,43,21069110,26491,0,0,5771
2026-04-23 20:36:11,82131757,45208,28492316,125509,15776,40,43,21081912,12802,0,0,7639
2026-04-23 20:36:12,82176728,44971,28507905,125576,15656,41,43,21095365,13453,0,0,8792
2026-04-23 20:36:13,82222062,45334,28523658,125638,15815,41,43,21108743,13378,0,0,15780
2026-04-23 20:36:14,82265621,43559,28538749,125714,15167,41,43,21122207,13464,0,0,8883
2026-04-23 20:36:15,82307643,42022,28553325,125792,14654,31,43,21136062,13855,0,0,2826
2026-04-23 20:36:16,82354979,47336,28569764,125866,16513,36,43,21163911,27849,0,0,10972
2026-04-23 20:36:18,82402569,47590,28586284,125949,16603,41,43,21178286,14375,0,0,10717
2026-04-23 20:36:19,82452375,49806,28603549,126039,17355,41,43,21193400,15114,0,0,25965
2026-04-23 20:36:20,82499596,47221,28619958,126107,16477,41,43,21208578,15178,0,0,17995
2026-04-23 20:36:21,82547264,47668,28636507,126176,16618,41,43,21223651,15073,0,0,24705
2026-04-23 20:36:22,82595318,48054,28653157,126264,16738,41,43,21252378,28727,0,0,31502
2026-04-23 20:36:23,82644145,48827,28670097,126343,17019,40,43,21268257,15879,0,0,31095
2026-04-23 20:36:25,82692829,48684,28686950,126424,16934,40,43,21283072,14815,0,0,43393
2026-04-23 20:36:26,82740438,47609,28703491,126481,16598,39,43,21297853,14781,0,0,18535
2026-04-23 20:36:27,82787992,47554,28720034,126548,16610,40,43,21312966,15113,0,0,22428
2026-04-23 20:36:28,82837363,49371,28737126,126620,17164,36,43,21327561,14595,0,0,11586
2026-04-23 20:36:29,82885291,47928,28753747,126688,16689,36,43,21356723,29162,0,0,25336
2026-04-23 20:36:30,82934764,49473,28770903,126769,17237,37,43,21371674,14951,0,0,38136
2026-04-23 20:36:32,82983506,48742,28787816,126849,16993,39,43,21387229,15555,0,0,45491
2026-04-23 20:36:33,83032761,49255,28804886,126918,17139,37,43,21402619,15390,0,0,53827
2026-04-23 20:36:34,83082578,49817,28822123,127004,17323,40,43,21417379,14760,0,0,55838
2026-04-23 20:36:35,83130527,47949,28838750,127079,16702,39,43,21433167,15788,0,0,18861
2026-04-23 20:36:36,83177575,47048,28855067,127152,16390,40,43,21448515,15348,0,0,26659
2026-04-23 20:36:37,83225772,48197,28871787,127227,16795,38,44,21478507,29992,0,0,24108
2026-04-23 20:36:39,83273489,47717,28888322,127291,16599,41,43,21493944,15437,0,0,6787
2026-04-23 20:36:40,83321408,47919,28905007,127367,16761,39,43,21508276,14332,0,0,18809
2026-04-23 20:36:41,83370299,48891,28921987,127437,17050,39,43,21523787,15511,0,0,31263
2026-04-23 20:36:42,83418578,48279,28938778,127502,16856,40,43,21539078,15291,0,0,33862
2026-04-23 20:36:43,83467493,48915,28955723,127577,17020,40,43,21569997,30919,0,0,37082
2026-04-23 20:36:44,83517784,50291,28973161,127645,17506,39,43,21585543,15546,0,0,44792
2026-04-23 20:36:46,83567641,49857,28990454,127718,17366,40,43,21600644,15101,0,0,49383
2026-04-23 20:36:47,83616998,49357,29007575,127798,17201,37,43,21615315,14671,0,0,60562
2026-04-23 20:36:48,83665732,48734,29024506,127864,16997,40,43,21630617,15302,0,0,59681
2026-04-23 20:36:49,83712723,46991,29040839,127932,16401,38,43,21645597,14980,0,0,53622
2026-04-23 20:36:50,83760954,48231,29057591,127997,16817,40,43,21675598,30001,0,0,31518
2026-04-23 20:36:52,83811312,50358,29075025,128078,17515,38,43,21690394,14796,0,0,38673
2026-04-23 20:36:53,83860200,48888,29091987,128149,17033,40,43,21705416,15022,0,0,11105
2026-04-23 20:36:54,83909390,49190,29109088,128219,17171,38,43,21719883,14467,0,0,25755
2026-04-23 20:36:55,83959654,50264,29126472,128307,17472,41,43,21734162,14279,0,0,39602
2026-04-23 20:36:56,84007958,48304,29143270,128390,16881,41,43,21749299,15137,0,0,38046
2026-04-23 20:36:57,84057050,49092,29160288,128476,17104,38,43,21780901,31602,0,0,46695
2026-04-23 20:36:59,84105390,48340,29177067,128531,16834,40,43,21796544,15643,0,0,33998
2026-04-23 20:37:00,84154816,49426,29194224,128608,17234,39,43,21811455,14911,0,0,43880
2026-04-23 20:37:01,84203242,48426,29211036,128695,16899,39,43,21825865,14410,0,0,44381
2026-04-23 20:37:02,84250186,46944,29227327,128772,16368,39,43,21840618,14753,0,0,22295
2026-04-23 20:37:03,84298618,48432,29244097,128859,16857,41,43,21855365,14747,0,0,8440
2026-04-23 20:37:04,84348051,49433,29261253,128938,17235,39,43,21885187,29822,0,0,19228
2026-04-23 20:37:05,84397332,49281,29278351,129007,17167,38,43,21900391,15204,0,0,30062
2026-04-23 20:37:07,84446025,48693,29295259,129088,16989,35,43,21915168,14777,0,0,40565
2026-04-23 20:37:08,84495831,49806,29312558,129149,17360,38,43,21929566,14398,0,0,40242
2026-04-23 20:37:09,84544658,48827,29329516,129209,17018,41,43,21943886,14320,0,0,22546
2026-04-23 20:37:10,84592520,47862,29346092,129295,16662,32,43,21958193,14307,0,0,8381
2026-04-23 20:37:11,84639580,47060,29362416,129368,16397,36,43,21986315,28122,0,0,6553
2026-04-23 20:37:12,84683312,43732,29377626,129433,15275,39,43,22001069,14754,0,0,4943
2026-04-23 20:37:14,84730964,47652,29394144,129511,16596,39,43,22013684,12615,0,0,7677
2026-04-23 20:37:15,84778654,47690,29410650,129585,16580,39,43,22028093,14409,0,0,12578
2026-04-23 20:37:16,84825687,47033,29426975,129668,16408,41,43,22041025,12932,0,0,15887
2026-04-23 20:37:17,84870802,45115,29442612,129735,15704,41,43,22054411,13386,0,0,3378
2026-04-23 20:37:18,84916124,45322,29458327,129793,15773,40,43,22081508,27097,0,0,6336
2026-04-23 20:37:20,84963992,47868,29474938,129850,16668,40,43,22094329,12821,0,0,12758
2026-04-23 20:37:21,85011008,47016,29491236,129923,16371,39,43,22107498,13169,0,0,13120
2026-04-23 20:37:22,85058003,46995,29507536,130003,16380,40,43,22120742,13244,0,0,12038
2026-04-23 20:37:23,85102574,44571,29522983,130082,15526,41,43,22133910,13168,0,0,14391
2026-04-23 20:37:24,85146473,43899,29538219,130174,15328,33,43,22147270,13360,0,0,3319
2026-04-23 20:37:25,85188970,42497,29552934,130246,14787,39,43,22173341,26071,0,0,3653
2026-04-23 20:37:27,85235905,46935,29569173,130321,16314,41,43,22185749,12408,0,0,7995
2026-04-23 20:37:28,85281132,45227,29584866,130384,15756,37,43,22198540,12791,0,0,9964
2026-04-23 20:37:29,85327527,46395,29600993,130447,16190,39,43,22211539,12999,0,0,14209
2026-04-23 20:37:30,85374103,46576,29617185,130511,16256,41,43,22224778,13239,0,0,22389
2026-04-23 20:37:31,85419199,45096,29632858,130577,15739,41,43,22239043,14265,0,0,12527
2026-04-23 20:37:32,85468037,48838,29649797,130642,17004,38,43,22266596,27553,0,0,9081
2026-04-23 20:37:34,85517010,48973,29666805,130719,17085,40,44,22279955,13359,0,0,7116
2026-04-23 20:37:35,85567277,50267,29684202,130808,17486,40,43,22293966,14011,0,0,19326
2026-04-23 20:37:36,85616531,49254,29701266,130889,17145,39,43,22307621,13655,0,0,32550
2026-04-23 20:37:37,85664598,48067,29717979,130969,16793,38,43,22320969,13348,0,0,43012
2026-04-23 20:37:38,85712217,47619,29734495,131036,16583,40,43,22334717,13748,0,0,15036
2026-04-23 20:37:39,85761301,49084,29751531,131106,17106,38,43,22361460,26743,0,0,11655
2026-04-23 20:37:41,85810673,49372,29768674,131185,17222,38,43,22374309,12849,0,0,22799
2026-04-23 20:37:42,85861751,51078,29786368,131261,17770,40,43,22388307,13998,0,0,31695
2026-04-23 20:37:43,85912254,50503,29803909,131341,17621,39,43,22401756,13449,0,0,40493
2026-04-23 20:37:44,85961254,49000,29820888,131418,17056,38,43,22415724,13968,0,0,51117
2026-04-23 20:37:45,86010076,48822,29837831,131487,17012,39,43,22441506,25782,0,0,29086
2026-04-23 20:37:46,86060731,50655,29855388,131574,17644,39,43,22454308,12802,0,0,32210
2026-04-23 20:37:48,86109820,49089,29872432,131651,17121,39,43,22467502,13194,0,0,34971
2026-04-23 20:37:49,86160363,50543,29889928,131725,17570,39,43,22479371,11869,0,0,40395
2026-04-23 20:37:50,86207830,47467,29906400,131790,16537,39,43,22491704,12333,0,0,14759
2026-04-23 20:37:51,86254846,47016,29922694,131873,16377,40,43,22504638,12934,0,0,10255
2026-04-23 20:37:52,86301041,46195,29938657,131961,16051,39,43,22530315,25677,0,0,6007
2026-04-23 20:37:54,86351197,50156,29956027,132057,17466,38,43,22541593,11278,0,0,15233
2026-04-23 20:37:55,86400128,48931,29973009,132128,17053,41,43,22554106,12513,0,0,24035
2026-04-23 20:37:56,86448946,48818,29989926,132201,16990,40,43,22566315,12209,0,0,11089
2026-04-23 20:37:57,86496613,47667,30006467,132276,16616,41,43,22577208,10893,0,0,13396
2026-04-23 20:37:58,86541164,44551,30021918,132349,15524,41,43,22588905,11697,0,0,5057
2026-04-23 20:37:59,86588033,46869,30038130,132426,16289,34,43,22611823,22918,0,0,6976
2026-04-23 20:38:01,86636850,48817,30055043,132510,16997,40,43,22622851,11028,0,0,9155
2026-04-23 20:38:02,86684355,47505,30071512,132584,16543,40,43,22634585,11734,0,0,11340
2026-04-23 20:38:03,86732074,47719,30088051,132667,16622,37,43,22646191,11606,0,0,13396
2026-04-23 20:38:04,86776859,44785,30103622,132736,15640,41,43,22657349,11158,0,0,9426
2026-04-23 20:38:05,86822783,45924,30119527,132805,15974,39,43,22680474,23125,0,0,13216
2026-04-23 20:38:06,86868296,45513,30135307,132869,15844,38,43,22691825,11351,0,0,6338
2026-04-23 20:38:08,86913720,45424,30151115,132934,15873,41,43,22702803,10978,0,0,8368
2026-04-23 20:38:09,86959310,45590,30166904,133014,15869,37,43,22713867,11064,0,0,10612
2026-04-23 20:38:10,87006355,47045,30183228,133078,16388,40,43,22723996,10129,0,0,13827
2026-04-23 20:38:11,87053453,47098,30199548,133167,16409,38,43,22734474,10478,0,0,11708
2026-04-23 20:38:12,87099765,46312,30215636,133233,16154,40,43,22758485,24011,0,0,12503
2026-04-23 20:38:13,87148188,48423,30232430,133327,16888,40,43,22769608,11123,0,0,17733
2026-04-23 20:38:15,87198479,50291,30249852,133403,17498,38,43,22780695,11087,0,0,26569
2026-04-23 20:38:16,87249065,50586,30267365,133485,17595,39,43,22791378,10683,0,0,37575
2026-04-23 20:38:17,87298699,49634,30284611,133566,17327,42,44,22802666,11288,0,0,45638
2026-04-23 20:38:18,87346760,48061,30301277,133631,16731,41,43,22814054,11388,0,0,47513
2026-04-23 20:38:19,87395942,49182,30318323,133707,17122,37,43,22836356,22302,0,0,14886
2026-04-23 20:38:21,87444039,48097,30335056,133776,16802,40,43,22848135,11779,0,0,11042
2026-04-23 20:38:22,87494570,50531,30352605,133854,17627,39,43,22859067,10932,0,0,23559
2026-04-23 20:38:23,87545374,50804,30370224,133945,17710,39,43,22870071,11004,0,0,30279
2026-04-23 20:38:24,87594972,49598,30387453,134007,17291,37,43,22881664,11593,0,0,34817
2026-04-23 20:38:25,87645426,50454,30404906,134083,17529,40,43,22904282,22618,0,0,38640
2026-04-23 20:38:26,87696634,51208,30422657,134164,17832,34,43,22915218,10936,0,0,48104
2026-04-23 20:38:28,87747530,50896,30440309,134247,17735,40,43,22926555,11337,0,0,55949
2026-04-23 20:38:29,87798153,50623,30457856,134324,17624,40,43,22937215,10660,0,0,65785
2026-04-23 20:38:30,87847742,49589,30475076,134387,17283,41,43,22948887,11672,0,0,28648
2026-04-23 20:38:31,87896680,48938,30492107,134460,17104,41,43,22959871,10984,0,0,37006
2026-04-23 20:38:32,87944242,47562,30508535,134525,16493,39,43,22981217,21346,0,0,15965
2026-04-23 20:38:33,87993422,49180,30525602,134610,17152,37,43,22991750,10533,0,0,16837
2026-04-23 20:38:35,88043590,50168,30542975,134687,17450,40,43,23002544,10794,0,0,14896
2026-04-23 20:38:36,88093987,50397,30560465,134756,17559,38,43,23013491,10947,0,0,26885
2026-04-23 20:38:37,88144515,50528,30578023,134825,17627,38,43,23024444,10953,0,0,32536
2026-04-23 20:38:38,88194568,50053,30595404,134905,17461,41,43,23035367,10923,0,0,44021
2026-04-23 20:38:39,88244134,49566,30612569,134997,17257,39,43,23056556,21189,0,0,27930
2026-04-23 20:38:40,88296244,52110,30630604,135082,18120,38,43,23067024,10468,0,0,33857
2026-04-23 20:38:42,88346831,50587,30648170,135148,17632,40,43,23077334,10310,0,0,40364
2026-04-23 20:38:43,88397331,50500,30665692,135224,17598,38,43,23087894,10560,0,0,34236
2026-04-23 20:38:44,88447088,49757,30682983,135294,17361,37,43,23098908,11014,0,0,30060
2026-04-23 20:38:45,88492097,45009,30698621,135372,15716,41,43,23109679,10771,0,0,15190
2026-04-23 20:38:46,88535995,43898,30713819,135449,15275,40,43,23128821,19142,0,0,6848
2026-04-23 20:38:47,88583476,47481,30730302,135515,16549,40,44,23138275,9454,0,0,17099
2026-04-23 20:38:49,88629417,45941,30746236,135595,16014,41,43,23147803,9528,0,0,12320
2026-04-23 20:38:50,88675592,46175,30762231,135668,16068,35,43,23157476,9673,0,0,19550
2026-04-23 20:38:51,88722135,46543,30778349,135753,16203,41,43,23166744,9268,0,0,18763
2026-04-23 20:38:52,88767753,45618,30794167,135827,15892,41,43,23186460,19716,0,0,16975
2026-04-23 20:38:53,88815241,47488,30810619,135900,16525,41,43,23195568,9108,0,0,17274
2026-04-23 20:38:55,88861975,46734,30826842,135979,16302,39,43,23204859,9291,0,0,26525
2026-04-23 20:38:56,88908011,46036,30842844,136039,16062,40,43,23214741,9882,0,0,15404
2026-04-23 20:38:57,88955420,47409,30859281,136110,16508,40,43,23224393,9652,0,0,24356
2026-04-23 20:38:58,89001223,45803,30875150,136176,15935,41,43,23233694,9301,0,0,29380
2026-04-23 20:38:59,89046928,45705,30890988,136248,15910,38,43,23252145,18451,0,0,15741
2026-04-23 20:39:00,89093259,46331,30907087,136307,16158,40,43,23261741,9596,0,0,4638
2026-04-23 20:39:02,89137951,44692,30922561,136382,15549,39,43,23271056,9315,0,0,7246
2026-04-23 20:39:03,89183844,45893,30938511,136446,16014,40,43,23279803,8747,0,0,16400
2026-04-23 20:39:04,89229984,46140,30954508,136524,16075,37,43,23289182,9379,0,0,24349
2026-04-23 20:39:05,89274071,44087,30969826,136606,15400,40,43,23298499,9317,0,0,28654
2026-04-23 20:39:06,89318878,44807,30985369,136688,15625,40,43,23318005,19506,0,0,23073
2026-04-23 20:39:07,89365368,46490,31001522,136760,16225,39,43,23328375,10370,0,0,15672
2026-04-23 20:39:09,89413142,47774,31018050,136845,16613,41,43,23337837,9462,0,0,14396
2026-04-23 20:39:10,89458695,45553,31033874,136913,15892,37,43,23348082,10245,0,0,21060
2026-04-23 20:39:11,89505109,46414,31049988,136992,16193,40,43,23357814,9732,0,0,19398
2026-04-23 20:39:12,89551061,45952,31065924,137073,16017,41,43,23367531,9717,0,0,22061
2026-04-23 20:39:13,89597243,46182,31081946,137146,16095,41,43,23386647,19116,0,0,22766
2026-04-23 20:39:14,89643850,46607,31098118,137217,16243,41,43,23396376,9729,0,0,9958
2026-04-23 20:39:16,89690358,46508,31114218,137303,16186,38,43,23406049,9673,0,0,15040
2026-04-23 20:39:17,89736467,46109,31130237,137369,16085,39,43,23415342,9293,0,0,16101
2026-04-23 20:39:18,89784092,47625,31146770,137443,16607,38,43,23425181,9839,0,0,19857
2026-04-23 20:39:19,89828637,44545,31162236,137519,15542,31,43,23434790,9609,0,0,23656
2026-04-23 20:39:20,89873797,45160,31177893,137601,15739,40,43,23454523,19733,0,0,17472
2026-04-23 20:39:21,89919818,46021,31193874,137676,16056,39,43,23464484,9961,0,0,12330
2026-04-23 20:39:23,89967177,47359,31210336,137741,16527,40,43,23474030,9546,0,0,25519
2026-04-23 20:39:24,90015028,47851,31226933,137806,16662,39,43,23484253,10223,0,0,33331
2026-04-23 20:39:25,90061449,46421,31243050,137877,16188,40,43,23493714,9461,0,0,40239
2026-04-23 20:39:26,90106299,44850,31258612,137939,15624,39,43,23503683,9969,0,0,38942
2026-04-23 20:39:27,90153136,46837,31274836,138018,16303,39,43,23523541,19858,0,0,31982
2026-04-23 20:39:28,90199337,46201,31290848,138099,16093,41,43,23533249,9708,0,0,26563
2026-04-23 20:39:30,90247686,48349,31307640,138152,16845,33,43,23542568,9319,0,0,36638
2026-04-23 20:39:31,90294211,46525,31323778,138221,16207,41,43,23552456,9888,0,0,44860
2026-04-23 20:39:32,90341172,46961,31340063,138278,16342,35,43,23562591,10135,0,0,32495
2026-04-23 20:39:33,90384709,43537,31355158,138348,15165,41,43,23582134,19543,0,0,19175
2026-04-23 20:39:34,90429734,45025,31370791,138414,15699,38,43,23591938,9804,0,0,7165
2026-04-23 20:39:36,90475017,45283,31386541,138482,15818,41,43,23602057,10119,0,0,14864
2026-04-23 20:39:37,90520683,45666,31402401,138553,15931,40,43,23612495,10438,0,0,15479
2026-04-23 20:39:38,90567036,46353,31418469,138628,16143,41,43,23622101,9606,0,0,22871
2026-04-23 20:39:39,90611778,44742,31434015,138712,15630,41,43,23631688,9587,0,0,20440
2026-04-23 20:39:40,90655579,43801,31449197,138783,15253,39,43,23652545,20857,0,0,15829
2026-04-23 20:39:41,90701744,46165,31465266,138851,16137,40,43,23663190,10645,0,0,18010
2026-04-23 20:39:43,90747747,46003,31481208,138917,16008,41,43,23673037,9847,0,0,10979
2026-04-23 20:39:44,90794212,46465,31497321,138983,16179,41,43,23682812,9775,0,0,23047
2026-04-23 20:39:45,90839982,45770,31513148,139064,15908,36,43,23692907,10095,0,0,17948
2026-04-23 20:39:46,90883922,43940,31528407,139127,15322,41,43,23702286,9379,0,0,18758
2026-04-23 20:39:47,90924853,40931,31542632,139191,14289,41,43,23712171,9885,0,0,4071
2026-04-23 20:39:48,90968562,43709,31557757,139256,15190,41,43,23731428,19257,0,0,7959
2026-04-23 20:39:50,91011463,42901,31572680,139312,14979,41,43,23741737,10309,0,0,6677
2026-04-23 20:39:51,91054822,43359,31587753,139378,15139,40,43,23751112,9375,0,0,11550
2026-04-23 20:39:52,91098443,43621,31602928,139441,15238,41,43,23760974,9862,0,0,14699
2026-04-23 20:39:53,91141552,43109,31617885,139518,15034,41,43,23770496,9522,0,0,21976
2026-04-23 20:39:54,91181907,40355,31631880,139579,14056,41,43,23780867,10371,0,0,5869
2026-04-23 20:39:55,91224907,43000,31646801,139635,14977,41,43,23800471,19604,0,0,6961
2026-04-23 20:39:57,91269500,44593,31662274,139697,15535,37,43,23810434,9963,0,0,10584
2026-04-23 20:39:58,91312842,43342,31677332,139753,15114,41,43,23820772,10338,0,0,9712
2026-04-23 20:39:59,91356217,43375,31692369,139826,15110,37,43,23831202,10430,0,0,11121
2026-04-23 20:40:00,91397717,41500,31706779,139896,14480,41,43,23841257,10055,0,0,11197
2026-04-23 20:40:01,91437463,39746,31720582,139958,13865,41,43,23851181,9924,0,0,7857
2026-04-23 20:40:02,91480745,43282,31735604,140008,15072,39,43,23870659,19478,0,0,12948
2026-04-23 20:40:04,91524060,43315,31750625,140084,15097,41,43,23882241,11582,0,0,4022
2026-04-23 20:40:05,91567803,43743,31765826,140148,15265,41,43,23892806,10565,0,0,11536
2026-04-23 20:40:06,91613631,45828,31781711,140215,15952,39,43,23902981,10175,0,0,12709
2026-04-23 20:40:07,91658879,45248,31797399,140276,15749,40,43,23913259,10278,0,0,21452
2026-04-23 20:40:08,91704028,45149,31813030,140353,15708,35,43,23934093,20834,0,0,15230
2026-04-23 20:40:09,91750089,46061,31828969,140424,16010,39,43,23944639,10546,0,0,24109
2026-04-23 20:40:11,91795396,45307,31844696,140488,15791,40,43,23955364,10725,0,0,21003
2026-04-23 20:40:12,91841184,45788,31860577,140555,15948,38,43,23967118,11754,0,0,19372
2026-04-23 20:40:13,91887129,45945,31876526,140624,16018,40,43,23978262,11144,0,0,20948
2026-04-23 20:40:14,91931419,44290,31891914,140686,15450,41,43,23989049,10787,0,0,30629
2026-04-23 20:40:15,91975801,44382,31907288,140756,15444,37,43,24011117,22068,0,0,11221
2026-04-23 20:40:16,92022206,46405,31923406,140818,16180,41,43,24022591,11474,0,0,22298
2026-04-23 20:40:18,92067358,45152,31939098,140886,15760,41,43,24034404,11813,0,0,12459
2026-04-23 20:40:19,92111863,44505,31954547,140953,15516,40,43,24045967,11563,0,0,18158
2026-04-23 20:40:20,92155845,43982,31969827,141027,15354,38,43,24057542,11575,0,0,13971
2026-04-23 20:40:21,92199840,43995,31985095,141090,15331,41,43,24068842,11300,0,0,22233
2026-04-23 20:40:22,92244443,44603,32000589,141150,15554,39,43,24091340,22498,0,0,18910
2026-04-23 20:40:23,92288644,44201,32015956,141216,15433,41,43,24103161,11821,0,0,16161
2026-04-23 20:40:25,92334433,45789,32031843,141282,15953,39,43,24114721,11560,0,0,11512
2026-04-23 20:40:26,92379198,44765,32047397,141352,15624,37,43,24126397,11676,0,0,15791
2026-04-23 20:40:27,92423990,44792,32062963,141419,15633,41,43,24138142,11745,0,0,13421
2026-04-23 20:40:28,92468949,44959,32078555,141501,15674,41,43,24150096,11954,0,0,23071
2026-04-23 20:40:29,92513112,44163,32093815,141570,15329,41,43,24174151,24055,0,0,10675
2026-04-23 20:40:30,92557772,44660,32109333,141632,15580,39,43,24185791,11640,0,0,18142
2026-04-23 20:40:32,92601676,43904,32124586,141700,15321,38,43,24198030,12239,0,0,11371
2026-04-23 20:40:33,92644552,42876,32139457,141774,14945,39,43,24209350,11320,0,0,11215
2026-04-23 20:40:34,92689249,44697,32154959,141831,15559,40,43,24220195,10845,0,0,20736
2026-04-23 20:40:35,92730360,41111,32169194,141887,14291,33,43,24232003,11808,0,0,11980
2026-04-23 20:40:36,92775593,45233,32184851,141970,15740,40,43,24254013,22010,0,0,11931
2026-04-23 20:40:38,92819135,43542,32199987,142032,15198,39,43,24266432,12419,0,0,14688
2026-04-23 20:40:39,92864080,44945,32215610,142105,15696,41,43,24277898,11466,0,0,20801
2026-04-23 20:40:40,92908458,44378,32230993,142166,15444,38,43,24290095,12197,0,0,15375
2026-04-23 20:40:41,92951228,42770,32245872,142239,14952,41,43,24302001,11906,0,0,14677
2026-04-23 20:40:42,92991944,40716,32260061,142297,14247,41,43,24314049,12048,0,0,14867
2026-04-23 20:40:43,93035270,43326,32275064,142366,15072,41,43,24338752,24703,0,0,5119
2026-04-23 20:40:45,93081000,45730,32290880,142433,15883,41,43,24350402,11650,0,0,10499
2026-04-23 20:40:46,93125195,44195,32306236,142520,15443,36,43,24362524,12122,0,0,15617
2026-04-23 20:40:47,93168314,43119,32321170,142588,15002,41,43,24375039,12515,0,0,9729
2026-04-23 20:40:48,93212467,44153,32336484,142646,15372,41,43,24386421,11382,0,0,14598
2026-04-23 20:40:49,93252141,39674,32350231,142706,13807,41,43,24397799,11378,0,0,12013
2026-04-23 20:40:50,93294523,42382,32364907,142785,14755,41,43,24421777,23978,0,0,7187
2026-04-23 20:40:52,93340749,46226,32380951,142844,16103,41,43,24434267,12490,0,0,7701
2026-04-23 20:40:53,93384487,43738,32396154,142904,15263,41,43,24447174,12907,0,0,10965
2026-04-23 20:40:54,93428428,43941,32411413,142972,15327,35,43,24458360,11186,0,0,16271
2026-04-23 20:40:55,93469608,41180,32425697,143033,14345,41,43,24471348,12988,0,0,9662
2026-04-23 20:40:56,93509235,39627,32439481,143100,13851,41,43,24483420,12072,0,0,11865
2026-04-23 20:40:57,93550555,41320,32453806,143155,14380,39,43,24508129,24709,0,0,2071
2026-04-23 20:40:59,93593378,42823,32468680,143221,14940,41,43,24520855,12726,0,0,6783
2026-04-23 20:41:00,93637336,43958,32483920,143294,15313,41,43,24532518,11663,0,0,10527
2026-04-23 20:41:01,93680470,43134,32498892,143353,15031,41,43,24544830,12312,0,0,9000
2026-04-23 20:41:02,93721755,41285,32513240,143417,14412,41,43,24556748,11918,0,0,14487
2026-04-23 20:41:03,93758922,37167,32526126,143484,12953,41,43,24569465,12717,0,0,9546
2026-04-23 20:41:04,93801847,42925,32541014,143549,14953,41,43,24591857,22392,0,0,5493
2026-04-23 20:41:06,93846397,44550,32556432,143628,15497,39,43,24603775,11918,0,0,10309
2026-04-23 20:41:07,93889691,43294,32571446,143710,15096,40,43,24616249,12474,0,0,10824
2026-04-23 20:41:08,93932932,43241,32586441,143766,15051,40,43,24628470,12221,0,0,15586
2026-04-23 20:41:09,93974591,41659,32600909,143826,14528,41,43,24640321,11851,0,0,13906
2026-04-23 20:41:10,94014332,39741,32614727,143880,13872,40,43,24652867,12546,0,0,8861
2026-04-23 20:41:11,94057628,43296,32629758,143934,15085,41,43,24677494,24627,0,0,6981
2026-04-23 20:41:13,94100310,42682,32644580,144002,14890,39,43,24689522,12028,0,0,8276
2026-04-23 20:41:14,94145714,45404,32660297,144077,15792,40,43,24701516,11994,0,0,16485
2026-04-23 20:41:15,94190626,44912,32675872,144148,15646,41,43,24714540,13024,0,0,16155
2026-04-23 20:41:16,94234435,43809,32691124,144197,15301,41,43,24727271,12731,0,0,20779
2026-04-23 20:41:17,94277356,42921,32706030,144253,14962,40,43,24754237,26966,0,0,12232
2026-04-23 20:41:18,94322311,44955,32721650,144313,15680,41,43,24766962,12725,0,0,11250
2026-04-23 20:41:20,94368341,46030,32737588,144400,16025,39,43,24780234,13272,0,0,14372
2026-04-23 20:41:21,94413105,44764,32753114,144468,15594,39,43,24794074,13840,0,0,16840
2026-04-23 20:41:22,94458255,45150,32768806,144542,15766,39,43,24806959,12885,0,0,23171
2026-04-23 20:41:23,94502994,44739,32784304,144589,15545,35,43,24819906,12947,0,0,34229
2026-04-23 20:41:24,94547424,44430,32799720,144655,15482,41,43,24845834,25928,0,0,21282
2026-04-23 20:41:25,94594516,47092,32816047,144722,16394,41,43,24858795,12961,0,0,29724
2026-04-23 20:41:27,94639397,44881,32831605,144793,15629,36,43,24871536,12741,0,0,17833
2026-04-23 20:41:28,94684215,44818,32847154,144866,15622,40,43,24884690,13154,0,0,27569
2026-04-23 20:41:29,94727685,43470,32862230,144936,15146,39,43,24897497,12807,0,0,21351
2026-04-23 20:41:30,94769718,42033,32876840,144984,14658,41,43,24910836,13339,0,0,15289
2026-04-23 20:41:31,94810238,40520,32890894,145053,14123,41,43,24922976,12140,0,0,5867
2026-04-23 20:41:32,94852115,41877,32905407,145123,14583,39,43,24948866,25890,0,0,8543
2026-04-23 20:41:34,94895485,43370,32920454,145182,15106,39,43,24960681,11815,0,0,12478
2026-04-23 20:41:35,94937696,42211,32935090,145257,14711,41,43,24972987,12306,0,0,7997
2026-04-23 20:41:36,94979677,41981,32949670,145303,14626,40,43,24985379,12392,0,0,9890
2026-04-23 20:41:37,95020204,40527,32963721,145358,14106,41,43,24997662,12283,0,0,12337
2026-04-23 20:41:38,95060120,39916,32977536,145416,13873,41,43,25009598,11936,0,0,9568
2026-04-23 20:41:39,95102198,42078,32992103,145476,14627,41,43,25034325,24727,0,0,8291
2026-04-23 20:41:41,95144933,42735,33006887,145560,14868,39,43,25046169,11844,0,0,13012
2026-04-23 20:41:42,95186788,41855,33021402,145624,14579,37,43,25058552,12383,0,0,10129
2026-04-23 20:41:43,95229626,42838,33036252,145691,14917,41,43,25070377,11825,0,0,19212
2026-04-23 20:41:44,95268155,38529,33049621,145752,13430,41,43,25083349,12972,0,0,11569
2026-04-23 20:41:45,95307843,39688,33063384,145820,13831,41,43,25095286,11937,0,0,11395
2026-04-23 20:41:46,95347296,39453,33077115,145873,13784,38,43,25120168,24882,0,0,3044
2026-04-23 20:41:48,95390000,42704,33091905,145940,14857,41,43,25131440,11272,0,0,14701
2026-04-23 20:41:49,95430766,40766,33106037,146010,14202,41,43,25143856,12416,0,0,10938
2026-04-23 20:41:50,95473174,42408,33120731,146075,14759,41,43,25155857,12001,0,0,13086
2026-04-23 20:41:51,95513092,39918,33134615,146133,13942,41,43,25168496,12639,0,0,12495
2026-04-23 20:41:52,95552307,39215,33148206,146194,13652,40,43,25181012,12516,0,0,16630
2026-04-23 20:41:53,95589714,37407,33161217,146259,13076,41,43,25205616,24604,0,0,1339
2026-04-23 20:41:55,95628655,38941,33174689,146322,13535,40,43,25216542,10926,0,0,5574
2026-04-23 20:41:56,95670392,41737,33189136,146388,14513,36,43,25228037,11495,0,0,12385
2026-04-23 20:41:57,95711941,41549,33203552,146454,14482,41,43,25240117,12080,0,0,13155
2026-04-23 20:41:58,95752934,40993,33217810,146513,14317,41,43,25252045,11928,0,0,15801
2026-04-23 20:41:59,95795115,42181,33232432,146561,14670,36,43,25263919,11874,0,0,28183
2026-04-23 20:42:00,95838330,43215,33247406,146628,15041,41,43,25288012,24093,0,0,35085
2026-04-23 20:42:02,95883226,44896,33262993,146699,15658,38,43,25300345,12333,0,0,34417
2026-04-23 20:42:03,95925858,42632,33277761,146762,14831,41,43,25313101,12756,0,0,18332
2026-04-23 20:42:04,95969043,43185,33292750,146842,15069,38,43,25325630,12529,0,0,30819
2026-04-23 20:42:05,96012400,43357,33307820,146904,15132,40,43,25338233,12603,0,0,40336
2026-04-23 20:42:06,96053519,41119,33322099,146956,14331,41,43,25351534,13301,0,0,47377
2026-04-23 20:42:07,96095479,41960,33336654,147025,14624,37,43,25377885,26351,0,0,12221
2026-04-23 20:42:09,96138774,43295,33351673,147089,15083,35,43,25389779,11894,0,0,22998
2026-04-23 20:42:10,96182007,43233,33366685,147151,15074,41,43,25401707,11928,0,0,28075
2026-04-23 20:42:11,96223351,41344,33380981,147214,14359,37,43,25414285,12578,0,0,11882
2026-04-23 20:42:12,96266941,43590,33396093,147290,15188,41,43,25424909,10624,0,0,24556
2026-04-23 20:42:13,96308680,41739,33410553,147361,14531,37,43,25437522,12613,0,0,24536
2026-04-23 20:42:14,96354202,45522,33426331,147427,15844,40,43,25462003,24481,0,0,35398
2026-04-23 20:42:16,96399589,45387,33442055,147507,15804,41,43,25474608,12605,0,0,46541
2026-04-23 20:42:17,96443172,43583,33457194,147571,15203,41,43,25488008,13400,0,0,29059
2026-04-23 20:42:18,96487949,44777,33472735,147633,15603,37,43,25500911,12903,0,0,39362
2026-04-23 20:42:19,96532766,44817,33488276,147696,15604,39,43,25513907,12996,0,0,48423
2026-04-23 20:42:20,96576924,44158,33503586,147766,15380,39,43,25539061,25154,0,0,57093
2026-04-23 20:42:21,96621602,44678,33519120,147836,15604,37,43,25552710,13649,0,0,53056
2026-04-23 20:42:23,96666876,45274,33534817,147916,15777,39,43,25565564,12854,0,0,57210
2026-04-23 20:42:24,96709969,43093,33549756,147972,14995,41,43,25578277,12713,0,0,25363
2026-04-23 20:42:25,96755790,45821,33565646,148042,15960,37,43,25589787,11510,0,0,33794
2026-04-23 20:42:26,96799371,43581,33580804,148098,15214,41,43,25602955,13168,0,0,43662
2026-04-23 20:42:27,96844343,44972,33596427,148175,15700,41,43,25628975,26020,0,0,52914
2026-04-23 20:42:28,96890668,46325,33612470,148249,16117,41,43,25641198,12223,0,0,51083
2026-04-23 20:42:30,96935567,44899,33628068,148321,15670,38,43,25654518,13320,0,0,59349
2026-04-23 20:42:31,96980254,44687,33643577,148399,15587,40,43,25667750,13232,0,0,64629
2026-04-23 20:42:32,97026725,46471,33659701,148463,16188,39,43,25680337,12587,0,0,66458
2026-04-23 20:42:33,97071512,44787,33675238,148526,15600,41,43,25693251,12914,0,0,41016
2026-04-23 20:42:34,97116064,44552,33690736,148594,15566,39,43,25719088,25837,0,0,37824
2026-04-23 20:42:35,97162503,46439,33706852,148663,16185,39,43,25731812,12724,0,0,38131
2026-04-23 20:42:37,97207237,44734,33722379,148734,15598,41,43,25744426,12614,0,0,48643
2026-04-23 20:42:38,97253604,46367,33738432,148814,16133,37,43,25756018,11592,0,0,56587
2026-04-23 20:42:39,97298791,45187,33754133,148890,15777,41,43,25768011,11993,0,0,63168
2026-04-23 20:42:40,97343133,44342,33769546,148945,15468,41,43,25781090,13079,0,0,68526
2026-04-23 20:42:41,97388451,45318,33785265,149011,15785,41,43,25805502,24412,0,0,66933
2026-04-23 20:42:43,97435742,47291,33801647,149073,16444,40,43,25817527,12025,0,0,67344
2026-04-23 20:42:44,97482555,46813,33817876,149150,16306,39,43,25830357,12830,0,0,74448
2026-04-23 20:42:45,97528675,46120,33833868,149220,16062,38,43,25842157,11800,0,0,76834
2026-04-23 20:42:46,97574452,45777,33849755,149291,15958,41,43,25853981,11824,0,0,77662
2026-04-23 20:42:47,97619144,44692,33865268,149356,15578,41,43,25865517,11536,0,0,78198
2026-04-23 20:42:48,97664998,45854,33881153,149422,15951,39,43,25890130,24613,0,0,70444
2026-04-23 20:42:50,97708621,43623,33896314,149499,15238,40,43,25902919,12789,0,0,13146
2026-04-23 20:42:51,97754802,46181,33912328,149562,16077,40,43,25914843,11924,0,0,26159
2026-04-23 20:42:52,97800208,45406,33928029,149655,15794,40,43,25926107,11264,0,0,34143
2026-04-23 20:42:53,97846783,46575,33944169,149729,16214,41,43,25937810,11703,0,0,35879
2026-04-23 20:42:54,97892863,46080,33960113,149800,16015,41,43,25960385,22575,0,0,36843
2026-04-23 20:42:55,97939685,46822,33976332,149881,16300,41,43,25971683,11298,0,0,33293
2026-04-23 20:42:57,97986031,46346,33992411,149950,16148,40,43,25983200,11517,0,0,36032
2026-04-23 20:42:58,98033377,47346,34008823,150033,16495,39,43,25994678,11478,0,0,34082
2026-04-23 20:42:59,98078875,45498,34024650,150091,15885,41,43,26006128,11450,0,0,41109
2026-04-23 20:43:00,98123156,44281,34040013,150154,15426,41,43,26019176,13048,0,0,24841
2026-04-23 20:43:01,98167126,43970,34055270,150219,15322,39,43,26041668,22492,0,0,37367
2026-04-23 20:43:02,98212885,45759,34071130,150290,15931,39,43,26052903,11235,0,0,39708
2026-04-23 20:43:04,98257461,44576,34086600,150350,15530,40,43,26064207,11304,0,0,49731
2026-04-23 20:43:05,98301136,43675,34101752,150416,15218,41,43,26075292,11085,0,0,56859
2026-04-23 20:43:06,98345993,44857,34117301,150482,15615,40,43,26085475,10183,0,0,55028
2026-04-23 20:43:07,98388973,42980,34132218,150549,14984,41,43,26095810,10335,0,0,57909
2026-04-23 20:43:08,98429658,40685,34146351,150596,14180,41,43,26106852,11042,0,0,54509
2026-04-23 20:43:09,98474294,44636,34161813,150680,15546,41,43,26128453,21601,0,0,48123
2026-04-23 20:43:11,98517739,43445,34176879,150756,15142,36,43,26139574,11121,0,0,28731
2026-04-23 20:43:12,98561050,43311,34191916,150814,15095,39,43,26149747,10173,0,0,37860
2026-04-23 20:43:13,98605114,44064,34207178,150891,15339,39,43,26160353,10606,0,0,45503
2026-04-23 20:43:14,98648205,43091,34222144,150957,15032,41,43,26170695,10342,0,0,51867
2026-04-23 20:43:15,98690055,41850,34236662,151011,14572,40,43,26191686,20991,0,0,57615
2026-04-23 20:43:16,98734153,44098,34251963,151076,15366,36,43,26202289,10603,0,0,48385
2026-04-23 20:43:18,98777027,42874,34266811,151148,14920,39,43,26213175,10886,0,0,53837
2026-04-23 20:43:19,98819370,42343,34281491,151224,14756,36,43,26223540,10365,0,0,59166
2026-04-23 20:43:20,98859456,40086,34295372,151307,13964,41,43,26233527,9987,0,0,27282
2026-04-23 20:43:21,98900865,41409,34309764,151360,14445,38,43,26242708,9181,0,0,38664
2026-04-23 20:43:22,98940940,40075,34323634,151417,13927,41,43,26261708,19000,0,0,46224
2026-04-23 20:43:23,98984896,43956,34338913,151485,15347,40,43,26272247,10539,0,0,28407
2026-04-23 20:43:25,99028400,43504,34354032,151550,15184,41,43,26282979,10732,0,0,35237
2026-04-23 20:43:26,99074896,46496,34370131,151627,16176,39,43,26292773,9794,0,0,45517
2026-04-23 20:43:27,99119753,44857,34385720,151699,15661,41,43,26303717,10944,0,0,57752
2026-04-23 20:43:28,99163807,44054,34401007,151778,15366,39,43,26314288,10571,0,0,40141
2026-04-23 20:43:29,99209034,45227,34416718,151842,15775,39,43,26336062,21774,0,0,52218
2026-04-23 20:43:30,99254406,45372,34432435,151913,15788,38,43,26346349,10287,0,0,41802
2026-04-23 20:43:32,99301971,47565,34448937,151974,16563,41,43,26357222,10873,0,0,52972
2026-04-23 20:43:33,99348480,46509,34465112,152037,16238,39,43,26368118,10896,0,0,60589
2026-04-23 20:43:34,99395463,46983,34481393,152109,16353,40,43,26378281,10163,0,0,65567
2026-04-23 20:43:35,99439475,44012,34496657,152180,15335,37,43,26388347,10066,0,0,72412
2026-04-23 20:43:36,99482884,43409,34511679,152258,15100,39,43,26408961,20614,0,0,70448
2026-04-23 20:43:37,99527066,44182,34527041,152328,15432,41,43,26418990,10029,0,0,66754
2026-04-23 20:43:39,99570976,43910,34542260,152393,15284,39,43,26428821,9831,0,0,68362
2026-04-23 20:43:40,99614761,43785,34557452,152460,15259,39,43,26438772,9951,0,0,17400
2026-04-23 20:43:41,99660040,45279,34573155,152529,15772,41,43,26448565,9793,0,0,31209
2026-04-23 20:43:42,99703648,43608,34588278,152599,15193,40,43,26458201,9636,0,0,42532
2026-04-23 20:43:43,99747355,43707,34603449,152662,15234,41,43,26477899,19698,0,0,48524
2026-04-23 20:43:45,99792404,45049,34619092,152737,15718,41,43,26487820,9921,0,0,55839
2026-04-23 20:43:46,99837802,45398,34634813,152820,15804,41,43,26497191,9371,0,0,53815
2026-04-23 20:43:47,99883280,45478,34650568,152883,15818,40,43,26506547,9356,0,0,56634
2026-04-23 20:43:48,99928216,44936,34666185,152948,15682,41,43,26516681,10134,0,0,58848
2026-04-23 20:43:49,99972205,43989,34681444,153017,15328,41,43,26525940,9259,0,0,61802
2026-04-23 20:43:50,100017015,44810,34696955,153094,15588,41,43,26545511,19571,0,0,54960
2026-04-23 20:43:52,100064014,46999,34713310,153153,16414,39,43,26555252,9741,0,0,61438
2026-04-23 20:43:53,100107156,43142,34728309,153221,15067,40,43,26565368,10116,0,0,62761
2026-04-23 20:43:54,100151464,44308,34743696,153297,15463,41,43,26575314,9946,0,0,56781
2026-04-23 20:43:55,100195257,43793,34758890,153375,15272,41,43,26585120,9806,0,0,63498
2026-04-23 20:43:56,100237826,42569,34773616,153439,14790,40,43,26603936,18816,0,0,64378
2026-04-23 20:43:57,100283498,45672,34789450,153512,15907,41,43,26613819,9883,0,0,57200
2026-04-23 20:43:59,100328020,44522,34804913,153568,15519,41,43,26623086,9267,0,0,61622
2026-04-23 20:44:00,100371305,43285,34819958,153644,15121,40,43,26633189,10103,0,0,67782
2026-04-23 20:44:01,100416143,44838,34835484,153709,15591,39,43,26643058,9869,0,0,71290
2026-04-23 20:44:02,100461254,45111,34851116,153796,15719,40,43,26652228,9170,0,0,67380
2026-04-23 20:44:03,100503430,42176,34865765,153848,14701,41,43,26671602,19374,0,0,61560
2026-04-23 20:44:04,100549052,45622,34881608,153908,15903,39,43,26681500,9898,0,0,58954
2026-04-23 20:44:06,100594760,45708,34897476,153982,15942,40,43,26691668,10168,0,0,59253
2026-04-23 20:44:07,100637984,43224,34912482,154050,15074,40,43,26701824,10156,0,0,68115
2026-04-23 20:44:08,100681629,43645,34927646,154101,15215,40,43,26711304,9480,0,0,69445
2026-04-23 20:44:09,100722956,41327,34942011,154157,14421,41,43,26720900,9596,0,0,71561
2026-04-23 20:44:10,100764977,42021,34956561,154221,14614,41,43,26739681,18781,0,0,72367
2026-04-23 20:44:11,100807880,42903,34971478,154273,14969,40,43,26749098,9417,0,0,15030
2026-04-23 20:44:13,100851407,43527,34986565,154338,15152,41,43,26758538,9440,0,0,18412
2026-04-23 20:44:14,100895847,44440,35001976,154408,15481,38,43,26767831,9293,0,0,27073
2026-04-23 20:44:15,100939194,43347,35016999,154481,15096,41,43,26776946,9115,0,0,35744
2026-04-23 20:44:16,100979884,40690,35031152,154551,14223,38,43,26785971,9025,0,0,47079
2026-04-23 20:44:17,101020463,40579,35045169,154613,14079,40,43,26803636,17665,0,0,50363
2026-04-23 20:44:18,101063328,42865,35060048,154682,14948,40,43,26813142,9506,0,0,29719
2026-04-23 20:44:20,101108660,45332,35075751,154759,15780,40,43,26821760,8618,0,0,39270
2026-04-23 20:44:21,101154907,46247,35091788,154834,16112,40,43,26831756,9996,0,0,35109
2026-04-23 20:44:22,101201299,46392,35107881,154917,16176,41,43,26841770,10014,0,0,43775
2026-04-23 20:44:23,101246637,45338,35123577,154987,15766,40,43,26851567,9797,0,0,49933
2026-04-23 20:44:24,101291815,45178,35139252,155042,15730,38,43,26871125,19558,0,0,56080
2026-04-23 20:44:25,101337780,45965,35155191,155125,16022,35,43,26881373,10248,0,0,22548
2026-04-23 20:44:27,101383985,46205,35171229,155200,16113,41,43,26891904,10531,0,0,14252
2026-04-23 20:44:28,101431793,47808,35187846,155271,16688,41,43,26901483,9579,0,0,28317
2026-04-23 20:44:29,101478075,46282,35203901,155350,16134,35,43,26912419,10936,0,0,32197
2026-04-23 20:44:30,101524572,46497,35220034,155417,16200,39,43,26922520,10101,0,0,41974
2026-04-23 20:44:31,101569901,45329,35235762,155475,15786,41,43,26942056,19536,0,0,49736
2026-04-23 20:44:32,101616898,46997,35252080,155553,16396,41,43,26952074,10018,0,0,41523
2026-04-23 20:44:34,101662741,45843,35267971,155627,15965,40,43,26961764,9690,0,0,50290
2026-04-23 20:44:35,101709572,46831,35284204,155708,16314,39,43,26971607,9843,0,0,56541
2026-04-23 20:44:36,101756672,47100,35300571,155790,16449,40,43,26982099,10492,0,0,46784
2026-04-23 20:44:37,101802472,45800,35316432,155858,15929,37,43,26993155,11056,0,0,49579
2026-04-23 20:44:38,101845839,43367,35331468,155926,15104,37,43,27012654,19499,0,0,53455
2026-04-23 20:44:39,101890632,44793,35346983,156004,15593,38,43,27022166,9512,0,0,15735
2026-04-23 20:44:41,101937332,46700,35363180,156076,16269,37,43,27032547,10381,0,0,24628
2026-04-23 20:44:42,101982200,44868,35378823,156132,15699,35,43,27042904,10357,0,0,35802
2026-04-23 20:44:43,102029508,47308,35395229,156215,16489,41,43,27052980,10076,0,0,46080
2026-04-23 20:44:44,102074810,45302,35410942,156278,15776,37,43,27063318,10338,0,0,44642
2026-04-23 20:44:45,102120556,45746,35426787,156346,15913,38,43,27084347,21029,0,0,52503
2026-04-23 20:44:46,102166803,46247,35442782,156437,16086,41,43,27094165,9818,0,0,40796
2026-04-23 20:44:48,102213067,46264,35458822,156519,16122,39,43,27104712,10547,0,0,47770
2026-04-23 20:44:49,102259344,46277,35474855,156608,16122,39,43,27115747,11035,0,0,50894
2026-04-23 20:44:50,102305325,45981,35490789,156694,16020,41,43,27126294,10547,0,0,58158
2026-04-23 20:44:51,102350874,45549,35506620,156765,15902,41,43,27136251,9957,0,0,57224
2026-04-23 20:44:52,102395798,44924,35522184,156846,15645,39,43,27157063,20812,0,0,66702
2026-04-23 20:44:53,102441018,45220,35537864,156901,15735,39,43,27167565,10502,0,0,43715
2026-04-23 20:44:55,102485221,44203,35553205,156960,15400,39,43,27177798,10233,0,0,45535
2026-04-23 20:44:56,102532183,46962,35569500,157015,16350,40,43,27187324,9526,0,0,50710
2026-04-23 20:44:57,102576341,44158,35584827,157087,15399,41,43,27197859,10535,0,0,14206
2026-04-23 20:44:58,102622159,45818,35600733,157153,15972,36,43,27208028,10169,0,0,28273
2026-04-23 20:44:59,102667346,45187,35616404,157219,15737,41,43,27229083,21055,0,0,36626
2026-04-23 20:45:00,102713275,45929,35632359,157288,16024,39,43,27239729,10646,0,0,34312
2026-04-23 20:45:02,102759417,46142,35648383,157349,16085,41,43,27250122,10393,0,0,43865
2026-04-23 20:45:03,102806496,47079,35664725,157409,16402,41,43,27260379,10257,0,0,52471
2026-04-23 20:45:04,102853239,46743,35680945,157481,16292,40,43,27270533,10154,0,0,60040
2026-04-23 20:45:05,102898799,45560,35696755,157557,15886,41,43,27281109,10576,0,0,67337
2026-04-23 20:45:06,102943880,45081,35712412,157633,15733,39,43,27302474,21365,0,0,38281
2026-04-23 20:45:07,102989865,45985,35728386,157694,16035,31,43,27313313,10839,0,0,30234
2026-04-23 20:45:09,103034402,44537,35743806,157767,15493,41,43,27324544,11231,0,0,32289
2026-04-23 20:45:10,103080020,45618,35759612,157849,15888,39,43,27335132,10588,0,0,44796
2026-04-23 20:45:11,103126623,46603,35775784,157926,16249,40,43,27345244,10112,0,0,41659
2026-04-23 20:45:12,103175470,48847,35792743,158003,17036,41,43,27356422,11178,0,0,44724
2026-04-23 20:45:13,103224214,48744,35809651,158073,16978,41,43,27380122,23700,0,0,49681
2026-04-23 20:45:15,103271367,47153,35825999,158150,16425,38,43,27391618,11496,0,0,41598
2026-04-23 20:45:16,103316964,45597,35841833,158222,15906,40,43,27402790,11172,0,0,51688
2026-04-23 20:45:17,103362758,45794,35857712,158293,15950,35,43,27413444,10654,0,0,53506
2026-04-23 20:45:18,103408829,46071,35873674,158367,16036,40,43,27424516,11072,0,0,52571
2026-04-23 20:45:19,103454604,45775,35889524,158442,15925,41,43,27435552,11036,0,0,59955
2026-04-23 20:45:20,103501331,46727,35905720,158531,16285,41,43,27456482,20930,0,0,59948
2026-04-23 20:45:22,103546231,44900,35921309,158601,15659,37,43,27468318,11836,0,0,60748
2026-04-23 20:45:23,103590755,44524,35936783,158661,15534,36,43,27480759,12441,0,0,63738
2026-04-23 20:45:24,103636317,45562,35952605,158732,15893,39,43,27491739,10980,0,0,66564
2026-04-23 20:45:25,103682179,45862,35968530,158796,15989,41,43,27502597,10858,0,0,61035
2026-04-23 20:45:26,103726472,44293,35983887,158868,15429,41,43,27526012,23415,0,0,70710
2026-04-23 20:45:27,103772080,45608,35999735,158951,15931,41,43,27538506,12494,0,0,50566
2026-04-23 20:45:29,103818850,46770,36015907,159037,16258,40,43,27549830,11324,0,0,46985
2026-04-23 20:45:30,103864638,45788,36031811,159094,15961,40,43,27561875,12045,0,0,47507
2026-04-23 20:45:31,103911077,46439,36047949,159153,16197,40,43,27573159,11284,0,0,54692
2026-04-23 20:45:32,103955075,43998,36063207,159223,15328,36,43,27585304,12145,0,0,59850
2026-04-23 20:45:33,103998022,42947,36078078,159292,14940,41,43,27596123,10819,0,0,67323
2026-04-23 20:45:34,104040725,42703,36092857,159358,14845,41,43,27617909,21786,0,0,27879
2026-04-23 20:45:36,104084534,43809,36108089,159422,15296,39,43,27628708,10799,0,0,38831
2026-04-23 20:45:37,104127945,43411,36123201,159483,15173,38,43,27639595,10887,0,0,42973
2026-04-23 20:45:38,104170264,42319,36137896,159547,14759,36,43,27651036,11441,0,0,47591
2026-04-23 20:45:39,104211762,41498,36152289,159613,14459,39,43,27661775,10739,0,0,55096
2026-04-23 20:45:40,104253386,41624,36166726,159689,14513,39,43,27683822,22047,0,0,63633
2026-04-23 20:45:41,104297042,43656,36181853,159755,15193,40,43,27695104,11282,0,0,37510
2026-04-23 20:45:43,104341881,44839,36197420,159817,15629,41,43,27706371,11267,0,0,48523
2026-04-23 20:45:44,104385003,43122,36212401,159881,15045,40,43,27718392,12021,0,0,53799
2026-04-23 20:45:45,104427272,42269,36227093,159942,14753,40,43,27729808,11416,0,0,59952
2026-04-23 20:45:46,104468271,40999,36241334,160013,14312,33,43,27741538,11730,0,0,58584
2026-04-23 20:45:47,104509936,41665,36255743,160083,14479,40,43,27764150,22612,0,0,56695
2026-04-23 20:45:48,104554580,44644,36271205,160172,15551,41,43,27774843,10693,0,0,57103
2026-04-23 20:45:50,104596413,41833,36285747,160227,14597,39,43,27786373,11530,0,0,60497
2026-04-23 20:45:51,104638846,42433,36300478,160298,14802,41,43,27796972,10599,0,0,62578
2026-04-23 20:45:52,104677927,39081,36313983,160363,13570,40,43,27809115,12143,0,0,25151
2026-04-23 20:45:53,104719809,41882,36328503,160421,14578,41,43,27818244,9129,0,0,21522
2026-04-23 20:45:54,104759817,40008,36342384,160482,13942,37,43,27840453,22209,0,0,32670
2026-04-23 20:45:55,104802614,42797,36357255,160550,14939,41,43,27851707,11254,0,0,30154
2026-04-23 20:45:57,104846131,43517,36372354,160621,15170,41,43,27863674,11967,0,0,29425
2026-04-23 20:45:58,104888216,42085,36386977,160679,14681,40,43,27874764,11090,0,0,15655
2026-04-23 20:45:59,104931237,43021,36401870,160755,14969,41,43,27886149,11385,0,0,24053
2026-04-23 20:46:00,104972161,40924,36416107,160821,14303,41,43,27896803,10654,0,0,28616
2026-04-23 20:46:01,105012391,40230,36430027,160898,13997,40,43,27920730,23927,0,0,36348
2026-04-23 20:46:03,105055512,43121,36444972,160967,15014,38,43,27931910,11180,0,0,38343
2026-04-23 20:46:04,105098768,43256,36459939,161046,15046,36,43,27942932,11022,0,0,33845
2026-04-23 20:46:05,105141056,42288,36474645,161106,14766,39,43,27954938,12006,0,0,44179
2026-04-23 20:46:06,105183675,42619,36489494,161167,14910,41,43,27966941,12003,0,0,54891
2026-04-23 20:46:07,105221477,37802,36502593,161218,13150,41,43,27979189,12248,0,0,15260
2026-04-23 20:46:08,105262490,41013,36516809,161275,14273,40,43,28001510,22321,0,0,27439
2026-04-23 20:46:10,105304978,42488,36531569,161337,14822,39,43,28013866,12356,0,0,18390
2026-04-23 20:46:11,105346661,41683,36546022,161402,14518,37,43,28025031,11165,0,0,11014
2026-04-23 20:46:12,105390126,43465,36561098,161458,15132,41,43,28036146,11115,0,0,18218
2026-04-23 20:46:13,105431631,41505,36575516,161520,14480,39,43,28048371,12225,0,0,30603
2026-04-23 20:46:14,105471357,39726,36589289,161593,13846,38,43,28060355,11984,0,0,37419
2026-04-23 20:46:15,105512215,40858,36603426,161665,14209,41,43,28083553,23198,0,0,45534
2026-04-23 20:46:17,105553420,41205,36617758,161724,14391,39,43,28095520,11967,0,0,49590
2026-04-23 20:46:18,105595685,42265,36632417,161789,14724,40,43,28106745,11225,0,0,54345
2026-04-23 20:46:19,105637271,41586,36646870,161851,14515,41,43,28118954,12209,0,0,56366
2026-04-23 20:46:20,105676061,38790,36660346,161909,13534,41,43,28130519,11565,0,0,62108
2026-04-23 20:46:21,105710538,34477,36672305,161961,12011,41,43,28141555,11036,0,0,16366
2026-04-23 20:46:22,105747548,37010,36685131,162009,12874,33,43,28163210,21655,0,0,16293
2026-04-23 20:46:24,105793628,46080,36701096,162079,16035,40,43,28174580,11370,0,0,27330
2026-04-23 20:46:25,105839293,45665,36716913,162166,15904,39,43,28187024,12444,0,0,38027
2026-04-23 20:46:26,105884638,45345,36732631,162235,15787,38,43,28199379,12355,0,0,44852
2026-04-23 20:46:27,105929256,44618,36748130,162309,15573,40,43,28212002,12623,0,0,26527
2026-04-23 20:46:28,105974099,44843,36763673,162385,15619,41,43,28225313,13311,0,0,37966
2026-04-23 20:46:29,106019356,45257,36779356,162455,15753,38,43,28250648,25335,0,0,27083
2026-04-23 20:46:31,106065165,45809,36795249,162530,15968,40,43,28262992,12344,0,0,35508
2026-04-23 20:46:32,106110259,45094,36810892,162607,15720,40,43,28276077,13085,0,0,32594
2026-04-23 20:46:33,106155216,44957,36826504,162669,15674,40,43,28288744,12667,0,0,33848
2026-04-23 20:46:34,106199223,44007,36841796,162739,15362,41,43,28302150,13406,0,0,37140
2026-04-23 20:46:35,106240414,41191,36856091,162809,14365,39,43,28315419,13269,0,0,45845
2026-04-23 20:46:36,106283734,43320,36871132,162863,15095,39,43,28339661,24242,0,0,43654
2026-04-23 20:46:38,106327863,44129,36886430,162923,15358,41,43,28352548,12887,0,0,45079
2026-04-23 20:46:39,106372809,44946,36902010,162998,15655,41,43,28365217,12669,0,0,52320
2026-04-23 20:46:40,106416806,43997,36917295,163057,15344,41,43,28377772,12555,0,0,54948
2026-04-23 20:46:41,106460721,43915,36932568,163119,15335,41,43,28390178,12406,0,0,28285
2026-04-23 20:46:42,106504980,44259,36947921,163185,15419,38,43,28415920,25742,0,0,38543
2026-04-23 20:46:43,106550570,45590,36963722,163264,15880,38,43,28428338,12418,0,0,45214
2026-04-23 20:46:45,106595398,44828,36979284,163349,15647,39,43,28441568,13230,0,0,55482
2026-04-23 20:46:46,106639306,43908,36994531,163408,15306,38,43,28454719,13151,0,0,61337
2026-04-23 20:46:47,106682699,43393,37009601,163466,15128,40,43,28467152,12433,0,0,63359
2026-04-23 20:46:48,106724428,41729,37024070,163538,14541,41,43,28480203,13051,0,0,22904
2026-04-23 20:46:49,106766045,41617,37038492,163606,14490,41,43,28493263,13060,0,0,20190
2026-04-23 20:46:50,106809343,43298,37053520,163663,15085,40,43,28518266,25003,0,0,27274
2026-04-23 20:46:52,106853745,44402,37068939,163724,15480,39,43,28530940,12674,0,0,37335
2026-04-23 20:46:53,106897196,43451,37084003,163793,15133,41,43,28543760,12820,0,0,46685
2026-04-23 20:46:54,106941725,44529,37099461,163859,15524,39,43,28556536,12776,0,0,54821
2026-04-23 20:46:55,106984933,43208,37114463,163931,15074,34,43,28568790,12254,0,0,36075
2026-04-23 20:46:56,107027653,42720,37129257,163987,14850,40,43,28593812,25022,0,0,12851
2026-04-23 20:46:57,107071396,43743,37144473,164048,15277,40,43,28607023,13211,0,0,18763
2026-04-23 20:46:59,107116364,44968,37160074,164125,15678,40,43,28620061,13038,0,0,25941
2026-04-23 20:47:00,107161055,44691,37175582,164188,15571,36,43,28631870,11809,0,0,36699
2026-04-23 20:47:01,107204352,43297,37190633,164243,15106,38,43,28644720,12850,0,0,45384
2026-04-23 20:47:02,107247006,42654,37205430,164308,14862,41,43,28657395,12675,0,0,55837
2026-04-23 20:47:03,107289621,42615,37220206,164372,14840,37,43,28681721,24326,0,0,62313
2026-04-23 20:47:04,107333124,43503,37235307,164441,15170,35,43,28694156,12435,0,0,63965
2026-04-23 20:47:06,107376075,42951,37250230,164505,14987,40,43,28706899,12743,0,0,66844
2026-04-23 20:47:07,107419931,43856,37265470,164561,15296,41,43,28720126,13227,0,0,67011
2026-04-23 20:47:08,107464863,44932,37280991,164651,15611,37,43,28732317,12191,0,0,69140
2026-04-23 20:47:09,107509160,44297,37296356,164716,15430,41,43,28745104,12787,0,0,72129
2026-04-23 20:47:10,107551639,42479,37311102,164775,14805,41,43,28757857,12753,0,0,68923
2026-04-23 20:47:11,107594216,42577,37325900,164833,14856,38,43,28783867,26010,0,0,48722
2026-04-23 20:47:13,107638592,44376,37341266,164904,15437,41,43,28795651,11784,0,0,29882
2026-04-23 20:47:14,107682821,44229,37356593,164979,15402,41,43,28808595,12944,0,0,39291
2026-04-23 20:47:15,107726151,43330,37371693,165035,15156,41,43,28821599,13004,0,0,45305
2026-04-23 20:47:16,107767680,41529,37386113,165098,14483,41,43,28834786,13187,0,0,16157
2026-04-23 20:47:17,107809567,41887,37400669,165169,14627,41,43,28846511,11725,0,0,28493
2026-04-23 20:47:18,107853605,44038,37415944,165242,15348,39,43,28871634,25123,0,0,27836
2026-04-23 20:47:20,107898062,44457,37431361,165315,15490,41,43,28883831,12197,0,0,35335
2026-04-23 20:47:21,107941523,43461,37446460,165381,15165,41,43,28896147,12316,0,0,47170
2026-04-23 20:47:22,107983539,42016,37461068,165442,14669,36,43,28908716,12569,0,0,48722
2026-04-23 20:47:23,108024940,41401,37475488,165506,14484,41,43,28920769,12053,0,0,53195
2026-04-23 20:47:24,108068460,43520,37490588,165577,15171,41,43,28946358,25589,0,0,59493
2026-04-23 20:47:25,108113266,44806,37506145,165639,15619,41,43,28958707,12349,0,0,43768
2026-04-23 20:47:27,108157590,44324,37521533,165702,15451,41,43,28971280,12573,0,0,28790
2026-04-23 20:47:28,108201534,43944,37536719,165779,15263,40,43,28982920,11640,0,0,34093
2026-04-23 20:47:29,108244968,43434,37551782,165852,15136,37,43,28993672,10752,0,0,43954
2026-04-23 20:47:30,108285523,40555,37565876,165907,14149,41,43,29006612,12940,0,0,46676
2026-04-23 20:47:31,108327470,41947,37580422,165967,14606,40,43,29031048,24436,0,0,52664
2026-04-23 20:47:32,108369656,42186,37595102,166009,14722,39,43,29043630,12582,0,0,52440
2026-04-23 20:47:34,108412279,42623,37609900,166066,14855,40,43,29056416,12786,0,0,54343
2026-04-23 20:47:35,108455776,43497,37625015,166132,15181,41,43,29068275,11859,0,0,57562
2026-04-23 20:47:36,108499436,43660,37640176,166189,15218,38,43,29080389,12114,0,0,61900
2026-04-23 20:47:37,108540456,41020,37654415,166245,14295,41,43,29092959,12570,0,0,36656
2026-04-23 20:47:38,108582242,41786,37668926,166300,14566,39,43,29116242,23283,0,0,22572
2026-04-23 20:47:39,108626898,44656,37684417,166373,15564,36,43,29128330,12088,0,0,27151
2026-04-23 20:47:41,108670712,43814,37699585,166443,15238,41,43,29140220,11890,0,0,36326
2026-04-23 20:47:42,108715082,44370,37714973,166516,15461,40,43,29151760,11540,0,0,46555
2026-04-23 20:47:43,108758985,43903,37730167,166589,15267,35,43,29163697,11937,0,0,51061
2026-04-23 20:47:44,108799309,40324,37744201,166644,14089,41,43,29175167,11470,0,0,59198
2026-04-23 20:47:45,108841600,42291,37758864,166702,14721,40,43,29199408,24241,0,0,63386
2026-04-23 20:47:46,108884759,43159,37773832,166766,15032,39,43,29211310,11902,0,0,53000
2026-04-23 20:47:48,108927470,42711,37788656,166829,14887,40,43,29222003,10693,0,0,59169
2026-04-23 20:47:49,108969883,42413,37803354,166914,14783,41,43,29233206,11203,0,0,62626
2026-04-23 20:47:50,109012328,42445,37818104,166970,14806,37,43,29244313,11107,0,0,66308
2026-04-23 20:47:51,109051498,39170,37831687,167027,13640,41,43,29255860,11547,0,0,69099
2026-04-23 20:47:52,109094906,43408,37846704,167095,15085,39,43,29277566,21706,0,0,70385
2026-04-23 20:47:54,109137773,42867,37861561,167157,14919,41,43,29288259,10693,0,0,65556
2026-04-23 20:47:55,109180105,42332,37876248,167219,14749,40,43,29299617,11358,0,0,69174
2026-04-23 20:47:56,109222244,42139,37890874,167276,14683,40,43,29310967,11350,0,0,62211
2026-04-23 20:47:57,109261848,39604,37904634,167330,13814,40,43,29321470,10503,0,0,46427
2026-04-23 20:47:58,109299355,37507,37917657,167376,13069,41,43,29332734,11264,0,0,12966
2026-04-23 20:47:59,109340078,40723,37931759,167422,14148,41,43,29352513,19779,0,0,17612
2026-04-23 20:48:01,109381812,41734,37946248,167481,14548,41,43,29362668,10155,0,0,10305
2026-04-23 20:48:02,109423618,41806,37960760,167534,14565,41,43,29373343,10675,0,0,20319
2026-04-23 20:48:03,109465132,41514,37975180,167597,14483,41,43,29384205,10862,0,0,22907
2026-04-23 20:48:04,109507239,42107,37989810,167663,14696,39,43,29394986,10781,0,0,29511
2026-04-23 20:48:05,109547008,39769,38003592,167736,13855,41,43,29405751,10765,0,0,38661
2026-04-23 20:48:06,109588722,41714,38018067,167798,14537,41,43,29427054,21303,0,0,41312
2026-04-23 20:48:08,109629505,40783,38032254,167850,14239,38,43,29438116,11062,0,0,16765
2026-04-23 20:48:09,109671047,41542,38046681,167910,14487,41,43,29449127,11011,0,0,25231
2026-04-23 20:48:10,109710898,39851,38060468,167981,13858,39,43,29459292,10165,0,0,24384
2026-04-23 20:48:11,109751160,40262,38074456,168039,14046,41,43,29469295,10003,0,0,25936
2026-04-23 20:48:12,109786873,35713,38086855,168090,12450,41,43,29479861,10566,0,0,28258
2026-04-23 20:48:13,109823699,36826,38099594,168161,12810,39,43,29499458,19597,0,0,30969
2026-04-23 20:48:15,109860796,37097,38112515,168220,12980,39,43,29509721,10263,0,0,19300
2026-04-23 20:48:16,109899728,38932,38126031,168289,13585,41,43,29519468,9747,0,0,28673
2026-04-23 20:48:17,109939720,39992,38139923,168352,13955,41,43,29529340,9872,0,0,32046
2026-04-23 20:48:18,109978878,39158,38153546,168406,13677,41,43,29539706,10366,0,0,38148
2026-04-23 20:48:19,110016768,37890,38166684,168458,13190,40,43,29549702,9996,0,0,47001
2026-04-23 20:48:20,110054996,38228,38179934,168524,13316,38,43,29569735,20033,0,0,51169
2026-04-23 20:48:22,110094279,39283,38193554,168583,13679,41,43,29579371,9636,0,0,14269
2026-04-23 20:48:23,110134083,39804,38207374,168632,13869,40,43,29588635,9264,0,0,25554
2026-04-23 20:48:24,110176660,42577,38222148,168693,14835,40,43,29597920,9285,0,0,24428
2026-04-23 20:48:25,110217962,41302,38236489,168762,14410,38,43,29608654,10734,0,0,36053
2026-04-23 20:48:26,110257153,39191,38250099,168825,13673,41,43,29618528,9874,0,0,43713
2026-04-23 20:48:27,110298257,41104,38264365,168884,14325,39,43,29638888,20360,0,0,48609
2026-04-23 20:48:29,110339698,41441,38278704,168945,14400,41,43,29649022,10134,0,0,26419
2026-04-23 20:48:30,110382840,43142,38293682,168998,15031,40,43,29659135,10113,0,0,33374
2026-04-23 20:48:31,110423644,40804,38307850,169063,14233,39,43,29669170,10035,0,0,36408
2026-04-23 20:48:32,110464746,41102,38322187,169112,14386,41,43,29679223,10053,0,0,42244
2026-04-23 20:48:33,110500506,35760,38334603,169158,12462,41,43,29689667,10444,0,0,45134
2026-04-23 20:48:34,110545443,44937,38350143,169225,15607,38,43,29708472,18805,0,0,51271
2026-04-23 20:48:36,110591782,46339,38366198,169317,16147,37,43,29719078,10606,0,0,57641
2026-04-23 20:48:37,110637921,46139,38382247,169376,16108,40,43,29729917,10839,0,0,62395
2026-04-23 20:48:38,110684632,46711,38398418,169459,16254,40,43,29741147,11230,0,0,67544
2026-04-23 20:48:39,110730151,45519,38414197,169529,15849,39,43,29752133,10986,0,0,70920
2026-04-23 20:48:40,110774325,44174,38429509,169614,15397,41,43,29774133,22000,0,0,75345
2026-04-23 20:48:41,110821081,46756,38445730,169689,16296,38,43,29785233,11100,0,0,71995
2026-04-23 20:48:43,110866700,45619,38461566,169747,15894,41,43,29795619,10386,0,0,66131
2026-04-23 20:48:44,110911547,44847,38477142,169808,15637,38,43,29806481,10862,0,0,34596
2026-04-23 20:48:45,110956826,45279,38492890,169875,15815,40,43,29817493,11012,0,0,46694
2026-04-23 20:48:46,111001393,44567,38508358,169939,15532,41,43,29828301,10808,0,0,50196
2026-04-23 20:48:47,111046519,45126,38523992,170024,15719,35,43,29849074,20773,0,0,51081
2026-04-23 20:48:48,111094219,47700,38540509,170093,16586,35,43,29859475,10401,0,0,50938
2026-04-23 20:48:50,111141712,47493,38556993,170159,16550,39,43,29870101,10626,0,0,57642
2026-04-23 20:48:51,111189695,47983,38573616,170220,16684,39,43,29881232,11131,0,0,32571
2026-04-23 20:48:52,111236177,46482,38589762,170287,16213,41,43,29891339,10107,0,0,36448
2026-04-23 20:48:53,111281042,44865,38605344,170354,15649,41,43,29913150,21811,0,0,44173
2026-04-23 20:48:54,111327092,46050,38621332,170420,16054,39,43,29923936,10786,0,0,50542
2026-04-23 20:48:56,111373638,46546,38637487,170488,16223,41,43,29934610,10674,0,0,51796
2026-04-23 20:48:57,111420523,46885,38653705,170575,16305,36,43,29945516,10906,0,0,48377
2026-04-23 20:48:58,111466099,45576,38669540,170645,15905,39,43,29955562,10046,0,0,51848
2026-04-23 20:48:59,111509934,43835,38684711,170732,15258,38,43,29965719,10157,0,0,58496
2026-04-23 20:49:00,111554481,44547,38700173,170814,15544,41,43,29976146,10427,0,0,61815
2026-04-23 20:49:01,111600278,45797,38716038,170880,15931,41,43,29997004,20858,0,0,66102
2026-04-23 20:49:03,111646563,46285,38732101,170944,16127,37,43,30007585,10581,0,0,51017
2026-04-23 20:49:04,111692985,46422,38748238,171020,16213,39,43,30019168,11583,0,0,54675
2026-04-23 20:49:05,111740685,47700,38764814,171085,16641,34,43,30029445,10277,0,0,63746
2026-04-23 20:49:06,111786079,45394,38780553,171160,15814,41,43,30040183,10738,0,0,67867
2026-04-23 20:49:07,111830934,44855,38796143,171226,15656,41,43,30061218,21035,0,0,72419
2026-04-23 20:49:08,111877284,46350,38812243,171298,16172,41,43,30071956,10738,0,0,76658
2026-04-23 20:49:10,111924230,46946,38828514,171366,16339,39,43,30082302,10346,0,0,66227
2026-04-23 20:49:11,111971165,46935,38844798,171426,16344,36,43,30092743,10441,0,0,59916
2026-04-23 20:49:12,112017249,46084,38860811,171498,16085,39,43,30103007,10264,0,0,62834
2026-04-23 20:49:13,112062598,45349,38876545,171574,15810,39,43,30114206,11199,0,0,58159
2026-04-23 20:49:14,112106153,43555,38891671,171643,15195,35,43,30135179,20973,0,0,56927
2026-04-23 20:49:15,112152323,46170,38907657,171718,16061,41,43,30145464,10285,0,0,56097
2026-04-23 20:49:17,112199334,47011,38923969,171789,16383,41,43,30155455,9991,0,0,52415
2026-04-23 20:49:18,112245834,46500,38940115,171868,16225,41,43,30165817,10362,0,0,55268
2026-04-23 20:49:19,112292644,46810,38956333,171944,16294,39,43,30176521,10704,0,0,64119
2026-04-23 20:49:20,112338338,45694,38972198,172019,15940,40,43,30187220,10699,0,0,70171
2026-04-23 20:49:21,112383137,44799,38987737,172100,15620,38,43,30208041,20821,0,0,74263
2026-04-23 20:49:22,112429919,46782,39003951,172171,16285,41,43,30217682,9641,0,0,55570
2026-04-23 20:49:24,112476863,46944,39020257,172234,16369,41,43,30227840,10158,0,0,49353
2026-04-23 20:49:25,112523440,46577,39036445,172300,16254,40,43,30238303,10463,0,0,49112
2026-04-23 20:49:26,112569782,46342,39052533,172374,16162,38,43,30249047,10744,0,0,54292
2026-04-23 20:49:27,112615982,46200,39068599,172430,16122,40,43,30259870,10823,0,0,60209
2026-04-23 20:49:28,112659271,43289,39083579,172509,15059,38,43,30281264,21394,0,0,61157
2026-04-23 20:49:29,112704280,45009,39099204,172576,15692,37,43,30291126,9862,0,0,62762
2026-04-23 20:49:31,112750571,46291,39115289,172648,16157,41,43,30301468,10342,0,0,62083
2026-04-23 20:49:32,112798542,47971,39131925,172719,16707,37,43,30311728,10260,0,0,65818
2026-04-23 20:49:33,112845670,47128,39148254,172803,16413,40,43,30322110,10382,0,0,67958
2026-04-23 20:49:34,112891973,46303,39164318,172862,16123,40,43,30332624,10514,0,0,70571
2026-04-23 20:49:35,112937525,45552,39180102,172935,15857,40,43,30353590,20966,0,0,71252
2026-04-23 20:49:36,112984649,47124,39196420,173017,16400,39,43,30363947,10357,0,0,73345
2026-04-23 20:49:38,113032136,47487,39212905,173074,16542,38,43,30374217,10270,0,0,55426
2026-04-23 20:49:39,113079707,47571,39229402,173150,16573,41,43,30384745,10528,0,0,59475
2026-04-23 20:49:40,113124927,45220,39245110,173232,15790,41,43,30395643,10898,0,0,60538
2026-04-23 20:49:41,113171187,46260,39261142,173300,16100,41,43,30405315,9672,0,0,64950
2026-04-23 20:49:42,113215473,44286,39276556,173356,15470,39,43,30426981,21666,0,0,66070
2026-04-23 20:49:43,113261622,46149,39292533,173436,16057,38,43,30436822,9841,0,0,67162
2026-04-23 20:49:45,113308222,46600,39308669,173502,16202,36,43,30447374,10552,0,0,37493
2026-04-23 20:49:46,113355542,47320,39325085,173574,16488,38,43,30456831,9457,0,0,46144
2026-04-23 20:49:47,113401855,46313,39341161,173656,16158,41,43,30467804,10973,0,0,38864
2026-04-23 20:49:48,113448033,46178,39357221,173722,16126,36,43,30477943,10139,0,0,41368
2026-04-23 20:49:49,113493970,45937,39373168,173804,16029,38,43,30499537,21594,0,0,47949
2026-04-23 20:49:50,113541009,47039,39389450,173873,16351,40,43,30509462,9925,0,0,55386
2026-04-23 20:49:52,113588152,47143,39405825,173947,16449,40,43,30520565,11103,0,0,59898
2026-04-23 20:49:53,113634115,45963,39421791,174020,16039,40,43,30531314,10749,0,0,67201
2026-04-23 20:49:54,113680769,46654,39437971,174094,16254,40,43,30542058,10744,0,0,67587
2026-04-23 20:49:55,113726645,45876,39453880,174178,15993,39,43,30552911,10853,0,0,73889
2026-04-23 20:49:56,113772636,45991,39469837,174249,16028,39,43,30574575,21664,0,0,78033
2026-04-23 20:49:57,113819936,47300,39486273,174312,16499,40,43,30585679,11104,0,0,72873
2026-04-23 20:49:59,113867063,47127,39502603,174396,16414,40,43,30595858,10179,0,0,58808
2026-04-23 20:50:00,113914103,47040,39518965,174458,16424,38,43,30606747,10889,0,0,60258
2026-04-23 20:50:01,113961030,46927,39535221,174522,16320,35,43,30617845,11098,0,0,60117
2026-04-23 20:50:02,114006387,45357,39550955,174602,15814,36,43,30638779,20934,0,0,32015
2026-04-23 20:50:03,114053627,47240,39567393,174675,16511,39,43,30649383,10604,0,0,43189
2026-04-23 20:50:05,114100081,46454,39583523,174745,16200,41,43,30660715,11332,0,0,41983
2026-04-23 20:50:06,114148291,48210,39600214,174828,16774,39,43,30670844,10129,0,0,49998
2026-04-23 20:50:07,114195460,47169,39616597,174888,16443,40,43,30681871,11027,0,0,56830
2026-04-23 20:50:08,114241724,46264,39632636,174962,16113,41,43,30692334,10463,0,0,42764
2026-04-23 20:50:09,114286693,44969,39648251,175049,15702,41,43,30702896,10562,0,0,48374
2026-04-23 20:50:10,114333380,46687,39664441,175132,16273,35,43,30725781,22885,0,0,55870
2026-04-23 20:50:12,114380125,46745,39680681,175213,16321,41,43,30736328,10547,0,0,48011
2026-04-23 20:50:13,114426619,46494,39696841,175266,16213,40,43,30747742,11414,0,0,57012
2026-04-23 20:50:14,114473189,46570,39713010,175334,16237,39,43,30759074,11332,0,0,63021
2026-04-23 20:50:15,114520304,47115,39729344,175414,16414,41,43,30769813,10739,0,0,67367
2026-04-23 20:50:16,114565783,45479,39745150,175466,15858,41,43,30791741,21928,0,0,73948
2026-04-23 20:50:17,114612670,46887,39761383,175530,16297,39,43,30802333,10592,0,0,77476
2026-04-23 20:50:19,114659139,46469,39777562,175606,16255,39,43,30813419,11086,0,0,70374
2026-04-23 20:50:20,114706242,47103,39793879,175683,16394,41,43,30824385,10966,0,0,61131
2026-04-23 20:50:21,114753470,47228,39810252,175767,16457,39,43,30835710,11325,0,0,63107
2026-04-23 20:50:22,114800374,46904,39826539,175836,16356,39,43,30847159,11449,0,0,67942
2026-04-23 20:50:23,114846919,46545,39842687,175912,16224,38,43,30870158,22999,0,0,70936
2026-04-23 20:50:24,114893324,46405,39858744,175990,16135,41,43,30881157,10999,0,0,71665
2026-04-23 20:50:26,114939343,46019,39874722,176056,16044,40,43,30891396,10239,0,0,63488
2026-04-23 20:50:27,114982480,43137,39889657,176124,15003,38,43,30902810,11414,0,0,64988
2026-04-23 20:50:28,115025108,42628,39904429,176192,14840,41,43,30912775,9965,0,0,69484
2026-04-23 20:50:29,115068510,43402,39919476,176263,15118,41,43,30922865,10090,0,0,71478
2026-04-23 20:50:30,115111085,42575,39934244,176332,14837,41,43,30943700,20835,0,0,64598
2026-04-23 20:50:31,115155195,44110,39949535,176406,15365,41,43,30955082,11382,0,0,61214
2026-04-23 20:50:33,115199799,44604,39965012,176463,15534,37,43,30965607,10525,0,0,59969
2026-04-23 20:50:34,115244593,44794,39980542,176534,15601,37,43,30977192,11585,0,0,63606
2026-04-23 20:50:35,115289855,45262,39996278,176591,15793,40,43,30987489,10297,0,0,69243
2026-04-23 20:50:36,115332208,42353,40010938,176650,14719,41,43,30998017,10528,0,0,71839
2026-04-23 20:50:37,115377241,45033,40026570,176729,15711,40,43,31020050,22033,0,0,76270
2026-04-23 20:50:39,115421259,44018,40041867,176801,15369,38,43,31032129,12079,0,0,71596
2026-04-23 20:50:40,115468116,46857,40058111,176870,16313,37,43,31043006,10877,0,0,75157
2026-04-23 20:50:41,115512968,44852,40073707,176935,15661,39,43,31054109,11103,0,0,74618
2026-04-23 20:50:42,115555081,42113,40088356,176991,14705,41,43,31065448,11339,0,0,79191
2026-04-23 20:50:43,115595291,40210,40102309,177046,14008,41,43,31077270,11822,0,0,79570
2026-04-23 20:50:44,115639814,44523,40117739,177109,15493,34,43,31098274,21004,0,0,54352
2026-04-23 20:50:46,115686135,46321,40133796,177194,16142,39,43,31109387,11113,0,0,44638
2026-04-23 20:50:47,115731780,45645,40149628,177273,15911,41,43,31121067,11680,0,0,45019
2026-04-23 20:50:48,115777013,45233,40165357,177327,15783,40,43,31133290,12223,0,0,48205
2026-04-23 20:50:49,115822331,45318,40181084,177395,15795,41,43,31144530,11240,0,0,56736
2026-04-23 20:50:50,115866831,44500,40196557,177460,15538,39,43,31155961,11431,0,0,65127
2026-04-23 20:50:51,115912466,45635,40212378,177512,15873,38,43,31179316,23355,0,0,49998
2026-04-23 20:50:53,115957623,45157,40228058,177584,15752,38,43,31191294,11978,0,0,47826
2026-04-23 20:50:54,116004000,46377,40244131,177658,16147,39,43,31202753,11459,0,0,40378
2026-04-23 20:50:55,116050662,46662,40260297,177740,16248,41,43,31214179,11426,0,0,48788
2026-04-23 20:50:56,116095222,44560,40275738,177796,15497,41,43,31226350,12171,0,0,52936
2026-04-23 20:50:57,116137771,42549,40290553,177863,14882,41,43,31237344,10994,0,0,57180
2026-04-23 20:50:58,116183501,45730,40306396,177930,15910,41,43,31261689,24345,0,0,58541
2026-04-23 20:51:00,116229986,46485,40322537,177999,16210,40,43,31273469,11780,0,0,59096
2026-04-23 20:51:01,116275842,45856,40338461,178071,15996,39,43,31285716,12247,0,0,68674
2026-04-23 20:51:02,116320960,45118,40354137,178131,15736,41,43,31298010,12294,0,0,72715
2026-04-23 20:51:03,116366020,45060,40369764,178195,15691,36,43,31309885,11875,0,0,76228
2026-04-23 20:51:04,116411939,45919,40385696,178269,16006,38,43,31334229,24344,0,0,78711
2026-04-23 20:51:05,116458518,46579,40401834,178347,16216,37,43,31346683,12454,0,0,65630
2026-04-23 20:51:07,116504977,46459,40417984,178417,16220,40,43,31359103,12420,0,0,59765
2026-04-23 20:51:08,116550366,45389,40433716,178498,15813,41,43,31371632,12529,0,0,58897
2026-04-23 20:51:09,116596470,46104,40449727,178557,16070,39,43,31383916,12284,0,0,52806
2026-04-23 20:51:10,116639680,43210,40464772,178610,15098,40,43,31396246,12330,0,0,55315
2026-04-23 20:51:11,116684123,44443,40480186,178672,15476,39,43,31420378,24132,0,0,58534
2026-04-23 20:51:12,116730250,46127,40496212,178739,16093,41,43,31432581,12203,0,0,56422
2026-04-23 20:51:14,116776569,46319,40512297,178799,16145,41,43,31445341,12760,0,0,55976
2026-04-23 20:51:15,116820504,43935,40527542,178867,15313,40,43,31458229,12888,0,0,52508
2026-04-23 20:51:16,116863493,42989,40542470,178925,14986,41,43,31470996,12767,0,0,57028
2026-04-23 20:51:17,116906284,42791,40557313,178983,14901,41,43,31482425,11429,0,0,59425
2026-04-23 20:51:18,116948542,42258,40571982,179057,14743,40,43,31506177,23752,0,0,62678
2026-04-23 20:51:19,116993036,44494,40587408,179141,15510,40,43,31518029,11852,0,0,58101
2026-04-23 20:51:21,117036302,43266,40602427,179211,15089,40,43,31529928,11899,0,0,55930
2026-04-23 20:51:22,117080108,43806,40617618,179285,15265,39,43,31541610,11682,0,0,62738
2026-04-23 20:51:23,117126351,46243,40633680,179355,16132,40,43,31552920,11310,0,0,69374
2026-04-23 20:51:24,117166595,40244,40647640,179429,14034,41,43,31565124,12204,0,0,75084
2026-04-23 20:51:25,117208811,42216,40662278,179484,14693,39,43,31587901,22777,0,0,74063
2026-04-23 20:51:27,117252408,43597,40677419,179563,15220,40,43,31600029,12128,0,0,67854
2026-04-23 20:51:28,117296426,44018,40692691,179624,15333,40,43,31611795,11766,0,0,62854
2026-04-23 20:51:29,117339975,43549,40707800,179696,15181,39,43,31624274,12479,0,0,65273
2026-04-23 20:51:30,117382795,42820,40722670,179778,14952,39,43,31636305,12031,0,0,61439
2026-04-23 20:51:31,117422291,39496,40736422,179840,13814,41,43,31648657,12352,0,0,65045
2026-04-23 20:51:32,117464605,42314,40751079,179903,14720,41,43,31672111,23454,0,0,68481
2026-04-23 20:51:34,117509457,44852,40766652,179970,15640,40,44,31685018,12907,0,0,54883
2026-04-23 20:51:35,117554365,44908,40782226,180035,15639,39,43,31696745,11727,0,0,56337
2026-04-23 20:51:36,117596325,41960,40796804,180097,14640,39,43,31708571,11826,0,0,54262
2026-04-23 20:51:37,117638631,42306,40811490,180159,14748,41,43,31720772,12201,0,0,57253
2026-04-23 20:51:38,117676185,37554,40824503,180232,13086,34,43,31732632,11860,0,0,64503
2026-04-23 20:51:39,117715770,39585,40838243,180298,13806,37,43,31756411,23779,0,0,69453
2026-04-23 20:51:41,117758795,43025,40853177,180372,15008,40,43,31768619,12208,0,0,59398
2026-04-23 20:51:42,117800761,41966,40867778,180435,14664,39,43,31780256,11637,0,0,63673
2026-04-23 20:51:43,117843483,42722,40882595,180491,14873,40,43,31791493,11237,0,0,67668
2026-04-23 20:51:44,117886797,43314,40897627,180564,15105,41,43,31802669,11176,0,0,69309
2026-04-23 20:51:45,117929139,42342,40912338,180628,14775,40,43,31814197,11528,0,0,70182
2026-04-23 20:51:46,117973356,44217,40927699,180684,15417,41,43,31840679,26482,0,0,75170
2026-04-23 20:51:48,118016528,43172,40942699,180732,15048,39,43,31853392,12713,0,0,55373
2026-04-23 20:51:49,118059331,42803,40957552,180790,14911,38,43,31864777,11385,0,0,60269
2026-04-23 20:51:50,118102172,42841,40972412,180854,14924,38,43,31877015,12238,0,0,60682
2026-04-23 20:51:51,118144949,42777,40987240,180925,14899,41,43,31888437,11422,0,0,67985
2026-04-23 20:51:52,118185545,40596,41001295,181002,14132,41,43,31900244,11807,0,0,70011
2026-04-23 20:51:53,118226299,40754,41015417,181078,14198,39,43,31923235,22991,0,0,46009
2026-04-23 20:51:55,118269939,43640,41030557,181165,15227,40,43,31935327,12092,0,0,48232
2026-04-23 20:51:56,118316224,46285,41046607,181239,16124,40,43,31947192,11865,0,0,54148
2026-04-23 20:51:57,118362915,46691,41062801,181318,16273,40,43,31959656,12464,0,0,57189
2026-04-23 20:51:58,118406733,43818,41078032,181381,15294,41,43,31972633,12977,0,0,65721
2026-04-23 20:51:59,118448989,42256,41092704,181436,14727,41,43,31985419,12786,0,0,72186
2026-04-23 20:52:00,118494972,45983,41108578,181521,15959,40,43,32009059,23640,0,0,76166
2026-04-23 20:52:02,118540952,45980,41124510,181599,16010,37,43,32020872,11813,0,0,57450
2026-04-23 20:52:03,118585362,44410,41139889,181679,15459,36,43,32033237,12365,0,0,59618
2026-04-23 20:52:04,118629470,44108,41155236,181747,15415,40,43,32045761,12524,0,0,60426
2026-04-23 20:52:05,118672242,42772,41170122,181804,14943,41,43,32058875,13114,0,0,63133
2026-04-23 20:52:06,118714395,42153,41184708,181873,14655,41,43,32072069,13194,0,0,61728
2026-04-23 20:52:07,118759359,44964,41200308,181950,15677,41,43,32096014,23945,0,0,64470
2026-04-23 20:52:09,118804341,44982,41215906,182011,15659,36,43,32109118,13104,0,0,40389
2026-04-23 20:52:10,118850092,45751,41231802,182070,15955,41,43,32121961,12843,0,0,41762
2026-04-23 20:52:11,118896095,46003,41247770,182139,16037,39,43,32134281,12320,0,0,51222
2026-04-23 20:52:12,118939700,43605,41262916,182192,15199,41,43,32146365,12084,0,0,57479
2026-04-23 20:52:13,118983355,43655,41278040,182270,15202,41,43,32171460,25095,0,0,63481
2026-04-23 20:52:15,119028705,45350,41293809,182332,15831,40,43,32184517,13057,0,0,64253
2026-04-23 20:52:16,119073936,45231,41309485,182410,15754,38,43,32197160,12643,0,0,63113
2026-04-23 20:52:17,119121007,47071,41325813,182496,16414,37,43,32209268,12108,0,0,68522
2026-04-23 20:52:18,119167222,46215,41341847,182555,16093,35,43,32222226,12958,0,0,73200
2026-04-23 20:52:19,119209362,42140,41356451,182619,14668,36,43,32235359,13133,0,0,78835
2026-04-23 20:52:20,119252850,43488,41371474,182684,15088,40,43,32259631,24272,0,0,80012
2026-04-23 20:52:22,119298723,45873,41387417,182742,16001,36,43,32272448,12817,0,0,67163
2026-04-23 20:52:23,119345127,46404,41403498,182820,16159,41,43,32283899,11451,0,0,55343
2026-04-23 20:52:24,119392110,46983,41419799,182908,16389,41,43,32296593,12694,0,0,55060
2026-04-23 20:52:25,119437161,45051,41435437,182978,15708,40,43,32309669,13076,0,0,35172
2026-04-23 20:52:26,119479924,42763,41450271,183028,14884,41,43,32334804,25135,0,0,34400
2026-04-23 20:52:27,119525500,45576,41466094,183096,15891,36,43,32347341,12537,0,0,45678
2026-04-23 20:52:29,119570817,45317,41481808,183170,15788,41,43,32360040,12699,0,0,43413
2026-04-23 20:52:30,119616588,45771,41497702,183223,15947,39,43,32373197,13157,0,0,42917
2026-04-23 20:52:31,119663324,46736,41513911,183294,16280,40,43,32386320,13123,0,0,50539
2026-04-23 20:52:32,119706669,43345,41528957,183353,15105,40,43,32399044,12724,0,0,50622
2026-04-23 20:52:33,119748379,41710,41543419,183415,14524,41,43,32411765,12721,0,0,57106
2026-04-23 20:52:34,119793308,44929,41559023,183475,15664,41,43,32436024,24259,0,0,58670
2026-04-23 20:52:36,119837887,44579,41574490,183543,15535,39,43,32448632,12608,0,0,52557
2026-04-23 20:52:37,119882884,44997,41590089,183606,15662,41,43,32461338,12706,0,0,57338
2026-04-23 20:52:38,119928973,46089,41606109,183667,16081,40,43,32473611,12273,0,0,64082
2026-04-23 20:52:39,119973437,44464,41621553,183729,15506,41,43,32486014,12403,0,0,66674
2026-04-23 20:52:40,120017839,44402,41636960,183791,15469,37,43,32510359,24345,0,0,56046
2026-04-23 20:52:41,120063907,46068,41652938,183872,16059,37,43,32522996,12637,0,0,60987
2026-04-23 20:52:43,120111211,47304,41669337,183936,16463,41,43,32534791,11795,0,0,65773
2026-04-23 20:52:44,120156087,44876,41684882,184017,15626,40,43,32547306,12515,0,0,67711
2026-04-23 20:52:45,120202165,46078,41700881,184088,16070,41,43,32558744,11438,0,0,74751
2026-04-23 20:52:46,120244618,42453,41715632,184161,14824,41,43,32571350,12606,0,0,76047
2026-04-23 20:52:47,120287793,43175,41730590,184236,15033,40,43,32595230,23880,0,0,74256
2026-04-23 20:52:49,120331853,44060,41745884,184306,15364,37,43,32607180,11950,0,0,66947
2026-04-23 20:52:50,120376902,45049,41761512,184380,15702,34,43,32619231,12051,0,0,60437
2026-04-23 20:52:51,120423316,46414,41777615,184464,16187,39,43,32630393,11162,0,0,68972
2026-04-23 20:52:52,120469724,46408,41793708,184547,16176,41,43,32642692,12299,0,0,72911
2026-04-23 20:52:53,120512026,42302,41808411,184607,14763,41,43,32655072,12380,0,0,46736
2026-04-23 20:52:54,120556217,44191,41823719,184682,15383,39,43,32678767,23695,0,0,59595
2026-04-23 20:52:56,120603513,47296,41840128,184737,16464,37,43,32690886,12119,0,0,52215
2026-04-23 20:52:57,120649026,45513,41855929,184813,15877,35,43,32703043,12157,0,0,53108
2026-04-23 20:52:58,120692681,43655,41871107,184874,15239,41,43,32715197,12154,0,0,57638
2026-04-23 20:52:59,120736801,44120,41886419,184952,15390,39,43,32726901,11704,0,0,58563
2026-04-23 20:53:00,120779760,42959,41901333,185020,14982,41,43,32738411,11510,0,0,62628
2026-04-23 20:53:01,120823127,43367,41916387,185076,15110,39,43,32762670,24259,0,0,69979
2026-04-23 20:53:03,120867999,44872,41931957,185148,15642,39,43,32774759,12089,0,0,45998
2026-04-23 20:53:04,120912930,44931,41947582,185201,15678,36,43,32787064,12305,0,0,52884
2026-04-23 20:53:05,120958610,45680,41963428,185268,15913,38,43,32798619,11555,0,0,54332
2026-04-23 20:53:06,121004820,46210,41979442,185346,16092,41,43,32809754,11135,0,0,51392
2026-04-23 20:53:07,121046299,41479,41993837,185404,14453,41,43,32821663,11909,0,0,46567
2026-04-23 20:53:08,121088998,42699,42008683,185459,14901,40,43,32845417,23754,0,0,49780
2026-04-23 20:53:10,121132622,43624,42023812,185517,15187,39,43,32856080,10663,0,0,45692
2026-04-23 20:53:11,121177718,45096,42039462,185587,15720,40,43,32867614,11534,0,0,51617
2026-04-23 20:53:12,121223845,46127,42055472,185659,16082,40,43,32879112,11498,0,0,61187
2026-04-23 20:53:13,121269030,45185,42071152,185731,15752,40,43,32891254,12142,0,0,70262
2026-04-23 20:53:14,121311987,42957,42086073,185794,14984,41,43,32902466,11212,0,0,74255
2026-04-23 20:53:15,121357181,45194,42101714,185883,15730,40,43,32926213,23747,0,0,71655
2026-04-23 20:53:17,121402287,45106,42117364,185961,15728,38,43,32938046,11833,0,0,63106
2026-04-23 20:53:18,121447516,45229,42133095,186015,15785,33,43,32948758,10712,0,0,63402
2026-04-23 20:53:19,121492922,45406,42148872,186076,15838,40,43,32959966,11208,0,0,62148
2026-04-23 20:53:20,121537637,44715,42164375,186139,15566,41,43,32971779,11813,0,0,64309
2026-04-23 20:53:21,121582183,44546,42179808,186195,15489,41,43,32994427,22648,0,0,67462
2026-04-23 20:53:22,121627855,45672,42195606,186264,15867,40,43,33005940,11513,0,0,54026
2026-04-23 20:53:24,121673552,45697,42211430,186325,15885,41,43,33015951,10011,0,0,34789
2026-04-23 20:53:25,121719049,45497,42227212,186390,15847,40,43,33027302,11351,0,0,44205
2026-04-23 20:53:26,121764735,45686,42243048,186460,15906,40,43,33037919,10617,0,0,54837
2026-04-23 20:53:27,121807321,42586,42257804,186532,14828,41,43,33049258,11339,0,0,53319
2026-04-23 20:53:28,121850174,42853,42272676,186586,14926,39,43,33071403,22145,0,0,25115
2026-04-23 20:53:30,121896074,45900,42288568,186659,15965,41,43,33082081,10678,0,0,28753
2026-04-23 20:53:31,121941498,45424,42304330,186730,15833,39,43,33093665,11584,0,0,31123
2026-04-23 20:53:32,121986413,44915,42319900,186803,15643,39,43,33104795,11130,0,0,40835
2026-04-23 20:53:33,122030886,44473,42335365,186857,15519,36,43,33116124,11329,0,0,51535
2026-04-23 20:53:34,122074175,43289,42350414,186917,15109,38,43,33127274,11150,0,0,53694
2026-04-23 20:53:35,122118839,44664,42365926,186987,15582,41,43,33149442,22168,0,0,60967
2026-04-23 20:53:37,122164282,45443,42381682,187066,15835,39,43,33160329,10887,0,0,43733
2026-04-23 20:53:38,122208568,44286,42397073,187117,15442,40,43,33171304,10975,0,0,31125
2026-04-23 20:53:39,122253133,44565,42412561,187179,15550,39,43,33182769,11465,0,0,40177
2026-04-23 20:53:40,122299647,46514,42428704,187247,16211,40,43,33193022,10253,0,0,38025
2026-04-23 20:53:41,122343870,44223,42444042,187320,15411,36,43,33204702,11680,0,0,44412
2026-04-23 20:53:42,122386027,42157,42458699,187380,14717,40,43,33226243,21541,0,0,20810
2026-04-23 20:53:44,122429841,43814,42473878,187464,15263,41,43,33236867,10624,0,0,28055
2026-04-23 20:53:45,122474516,44675,42489388,187534,15580,41,43,33247396,10529,0,0,28422
2026-04-23 20:53:46,122520692,46176,42505393,187603,16074,40,43,33258193,10797,0,0,38144
2026-04-23 20:53:47,122567435,46743,42521605,187673,16282,41,43,33268486,10293,0,0,48064
2026-04-23 20:53:48,122610633,43198,42536581,187744,15047,41,43,33279399,10913,0,0,16776
2026-04-23 20:53:49,122655117,44484,42552017,187816,15508,38,43,33301074,21675,0,0,24204
2026-04-23 20:53:51,122700587,45470,42567782,187891,15840,39,43,33311876,10802,0,0,27312
2026-04-23 20:53:52,122745448,44861,42583322,187972,15621,38,43,33322410,10534,0,0,21081
2026-04-23 20:53:53,122791625,46177,42599329,188048,16083,39,43,33332708,10298,0,0,26255
2026-04-23 20:53:54,122837190,45565,42615139,188115,15877,41,43,33343075,10367,0,0,35194
2026-04-23 20:53:55,122880731,43541,42630252,188192,15190,41,43,33353582,10507,0,0,42498
2026-04-23 20:53:56,122922924,42193,42644889,188257,14702,41,43,33375083,21501,0,0,51941
2026-04-23 20:53:58,122964587,41663,42659339,188313,14506,38,43,33385423,10340,0,0,54711
2026-04-23 20:53:59,123007396,42809,42674178,188375,14901,40,43,33394689,9266,0,0,58896
2026-04-23 20:54:00,123051021,43625,42689290,188454,15191,40,43,33404272,9583,0,0,65513
2026-04-23 20:54:01,123093688,42667,42704113,188522,14891,41,43,33414651,10379,0,0,67556
2026-04-23 20:54:02,123135090,41402,42718494,188588,14447,40,43,33424703,10052,0,0,70819
2026-04-23 20:54:03,123177348,42258,42733124,188653,14695,41,43,33444904,20201,0,0,51694
2026-04-23 20:54:05,123221526,44178,42748450,188725,15398,41,43,33454817,9913,0,0,47337
2026-04-23 20:54:06,123264564,43038,42763358,188803,14986,41,43,33464889,10072,0,0,44205
2026-04-23 20:54:07,123308706,44142,42778659,188864,15362,41,43,33474622,9733,0,0,47873
2026-04-23 20:54:08,123351718,43012,42793611,188928,15016,41,43,33484511,9889,0,0,53046
2026-04-23 20:54:09,123392994,41276,42807907,188990,14358,41,43,33494917,10406,0,0,61589
2026-04-23 20:54:10,123436160,43166,42822877,189053,15033,41,43,33514485,19568,0,0,69996
2026-04-23 20:54:12,123479870,43710,42838044,189120,15234,40,43,33524548,10063,0,0,65156
2026-04-23 20:54:13,123522492,42622,42852849,189197,14882,40,43,33535043,10495,0,0,65144
2026-04-23 20:54:14,123565477,42985,42867751,189251,14956,39,43,33545259,10216,0,0,67967
2026-04-23 20:54:15,123607339,41862,42882279,189326,14603,41,43,33554698,9439,0,0,66564
2026-04-23 20:54:16,123648053,40714,42896405,189393,14193,38,43,33564137,9439,0,0,56103
2026-04-23 20:54:17,123691903,43850,42911574,189464,15240,40,43,33583896,19759,0,0,50745
2026-04-23 20:54:19,123733984,42081,42926180,189533,14675,41,43,33593040,9144,0,0,42060
2026-04-23 20:54:20,123776960,42976,42941073,189595,14955,40,43,33603024,9984,0,0,33976
2026-04-23 20:54:21,123820768,43808,42956279,189647,15258,38,43,33612726,9702,0,0,11772
2026-04-23 20:54:22,123862450,41682,42970783,189703,14560,41,43,33623274,10548,0,0,21411
2026-04-23 20:54:23,123904959,42509,42985508,189756,14778,37,43,33642780,19506,0,0,30581
2026-04-23 20:54:24,123948177,43218,43000551,189806,15093,41,43,33653118,10338,0,0,41144
2026-04-23 20:54:26,123991832,43655,43015658,189876,15177,39,43,33662710,9592,0,0,28560
2026-04-23 20:54:27,124036147,44315,43031065,189933,15464,38,43,33672644,9934,0,0,39894
2026-04-23 20:54:28,124078355,42208,43045728,190001,14731,37,43,33682907,10263,0,0,43665
2026-04-23 20:54:29,124120003,41648,43060190,190059,14520,41,43,33692604,9697,0,0,50744
2026-04-23 20:54:30,124161092,41089,43074422,190130,14303,40,43,33711482,18878,0,0,36532
2026-04-23 20:54:31,124205036,43944,43089685,190200,15333,39,43,33721361,9879,0,0,39786
2026-04-23 20:54:33,124249264,44228,43105025,190259,15399,36,43,33731222,9861,0,0,40015
2026-04-23 20:54:34,124294135,44871,43120587,190325,15628,40,43,33740824,9602,0,0,44659
2026-04-23 20:54:35,124339382,45247,43136278,190403,15769,39,43,33750656,9832,0,0,54377
2026-04-23 20:54:36,124381974,42592,43151080,190464,14863,41,43,33760892,10236,0,0,27082
2026-04-23 20:54:37,124425004,43030,43166004,190528,14988,39,43,33781470,20578,0,0,37061
2026-04-23 20:54:39,124468539,43535,43181075,190597,15140,39,43,33791391,9921,0,0,23795
2026-04-23 20:54:40,124512272,43733,43196240,190658,15226,40,43,33801500,10109,0,0,23177
2026-04-23 20:54:41,124557000,44728,43211734,190722,15558,41,43,33811423,9923,0,0,33499
2026-04-23 20:54:42,124602288,45288,43227405,190789,15738,39,43,33821010,9587,0,0,29727
2026-04-23 20:54:43,124644621,42333,43242112,190855,14773,41,43,33830520,9510,0,0,25841
2026-04-23 20:54:44,124686651,42030,43256672,190929,14634,40,43,33851342,20822,0,0,36262
2026-04-23 20:54:45,124730348,43697,43271818,191005,15222,41,43,33861281,9939,0,0,43975
2026-04-23 20:54:47,124774831,44483,43287258,191076,15511,41,43,33871065,9784,0,0,39899
2026-04-23 20:54:48,124819145,44314,43302640,191138,15444,41,43,33881454,10389,0,0,43213
2026-04-23 20:54:49,124863570,44425,43318020,191210,15452,39,43,33891507,10053,0,0,14262
2026-04-23 20:54:50,124906041,42471,43332806,191285,14861,41,43,33901094,9587,0,0,26088
2026-04-23 20:54:51,124950433,44392,43348174,191354,15437,40,43,33920667,19573,0,0,11369
2026-04-23 20:54:53,124993950,43517,43363268,191426,15166,40,43,33930530,9863,0,0,20383
2026-04-23 20:54:54,125039858,45908,43379231,191497,16034,41,43,33941459,10929,0,0,29452
2026-04-23 20:54:55,125086200,46342,43395304,191578,16154,40,43,33952441,10982,0,0,36526
2026-04-23 20:54:56,125132392,46192,43411320,191638,16076,40,43,33963057,10616,0,0,30145
2026-04-23 20:54:57,125178013,45621,43427153,191696,15891,41,43,33974090,11033,0,0,38695
2026-04-23 20:54:58,125224067,46054,43443127,191760,16038,38,43,33994975,20885,0,0,48426
2026-04-23 20:55:00,125270309,46242,43459200,191818,16131,37,43,34005962,10987,0,0,56256
2026-04-23 20:55:01,125316885,46576,43475364,191884,16230,39,43,34016154,10192,0,0,60347
2026-04-23 20:55:02,125363600,46715,43491565,191948,16265,39,43,34026545,10391,0,0,66230
2026-04-23 20:55:03,125410693,47093,43507898,192016,16401,41,43,34036879,10334,0,0,73344
2026-04-23 20:55:04,125455342,44649,43523373,192080,15539,41,43,34047399,10520,0,0,77904
2026-04-23 20:55:05,125502114,46772,43539582,192148,16277,38,43,34068936,21537,0,0,79797
2026-04-23 20:55:07,125548763,46649,43555777,192219,16266,38,43,34080350,11414,0,0,67315
2026-04-23 20:55:08,125595376,46613,43571930,192291,16225,40,43,34090998,10648,0,0,66534
2026-04-23 20:55:09,125641436,46060,43587887,192367,16033,39,43,34101654,10656,0,0,69287
2026-04-23 20:55:10,125687761,46325,43604006,192436,16188,38,43,34112059,10405,0,0,72185
2026-04-23 20:55:11,125732167,44406,43619397,192509,15464,40,43,34134812,22753,0,0,67241
2026-04-23 20:55:12,125778554,46387,43635480,192587,16161,37,43,34145154,10342,0,0,75742
2026-04-23 20:55:14,125823824,45270,43651184,192656,15773,40,43,34155448,10294,0,0,64472
2026-04-23 20:55:15,125869057,45233,43666909,192727,15796,41,43,34166654,11206,0,0,66944
2026-04-23 20:55:16,125915260,46203,43682942,192793,16099,40,43,34177531,10877,0,0,70040
2026-04-23 20:55:17,125961747,46487,43699055,192866,16186,41,43,34188001,10470,0,0,73186
2026-04-23 20:55:18,126008179,46432,43715160,192942,16181,40,43,34209708,21707,0,0,59907
2026-04-23 20:55:19,126055596,47417,43731611,193016,16525,39,43,34220823,11115,0,0,52001
2026-04-23 20:55:21,126102972,47376,43748071,193082,16526,41,43,34230955,10132,0,0,41476
2026-04-23 20:55:22,126148959,45987,43763981,193163,15991,39,43,34241778,10823,0,0,47320
2026-04-23 20:55:23,126195254,46295,43780028,193228,16112,39,43,34252507,10729,0,0,48120
2026-04-23 20:55:24,126239737,44483,43795491,193290,15525,41,43,34263162,10655,0,0,22181
2026-04-23 20:55:25,126284377,44640,43810984,193350,15553,38,43,34285672,22510,0,0,35704
2026-04-23 20:55:27,126331310,46933,43827242,193427,16335,35,43,34296138,10466,0,0,46627
2026-04-23 20:55:28,126377889,46579,43843377,193498,16206,39,43,34307412,11274,0,0,52338
2026-04-23 20:55:29,126424170,46281,43859409,193577,16111,39,43,34317787,10375,0,0,58899
2026-04-23 20:55:30,126471064,46894,43875669,193649,16332,34,43,34328055,10268,0,0,59821
2026-04-23 20:55:31,126516152,45088,43891313,193713,15708,41,43,34339525,11470,0,0,66067
2026-04-23 20:55:32,126562281,46129,43907321,193793,16088,41,43,34361462,21937,0,0,68281
2026-04-23 20:55:34,126608497,46216,43923385,193857,16128,42,44,34373252,11790,0,0,69086
2026-04-23 20:55:35,126653835,45338,43939122,193916,15796,39,43,34385071,11819,0,0,20154
2026-04-23 20:55:36,126700345,46510,43955249,193992,16203,38,43,34395397,10326,0,0,33293
2026-04-23 20:55:37,126745405,45060,43970919,194061,15739,41,43,34406710,11313,0,0,45061
2026-04-23 20:55:38,126791578,46173,43986925,194130,16075,37,43,34418672,11962,0,0,49824
2026-04-23 20:55:39,126837831,46253,44002948,194188,16081,40,43,34441201,22529,0,0,40913
2026-04-23 20:55:41,126884320,46489,44019116,194255,16235,40,43,34452379,11178,0,0,49126
2026-04-23 20:55:42,126929884,45564,44034923,194326,15878,41,43,34464267,11888,0,0,36850
2026-04-23 20:55:43,126976844,46960,44051205,194401,16357,41,43,34474585,10318,0,0,32932
2026-04-23 20:55:44,127022333,45489,44066989,194477,15860,40,43,34485819,11234,0,0,35724
2026-04-23 20:55:45,127067585,45252,44082712,194553,15799,41,43,34508706,22887,0,0,46548
2026-04-23 20:55:46,127114520,46935,44098992,194623,16350,38,43,34520391,11685,0,0,56199
2026-04-23 20:55:48,127161103,46583,44115142,194685,16212,39,43,34530898,10507,0,0,54607
2026-04-23 20:55:49,127207847,46744,44131348,194768,16289,40,43,34541861,10963,0,0,58717
2026-04-23 20:55:50,127254872,47025,44147625,194834,16343,39,43,34552950,11089,0,0,64254
2026-04-23 20:55:51,127300752,45880,44163547,194895,15983,41,43,34564056,11106,0,0,64209
2026-04-23 20:55:52,127345763,45011,44179170,194974,15702,39,43,34586943,22887,0,0,46984
2026-04-23 20:55:53,127392541,46778,44195441,195045,16342,37,43,34598123,11180,0,0,51980
2026-04-23 20:55:55,127438758,46217,44211474,195099,16087,38,43,34610162,12039,0,0,45546
2026-04-23 20:55:56,127485226,46468,44227612,195167,16206,41,43,34621974,11812,0,0,49548
2026-04-23 20:55:57,127530678,45452,44243367,195247,15835,41,43,34633704,11730,0,0,57762
2026-04-23 20:55:58,127576142,45464,44259154,195323,15863,41,43,34644888,11184,0,0,59069
2026-04-23 20:55:59,127621339,45197,44274852,195385,15760,37,43,34668322,23434,0,0,64465
2026-04-23 20:56:00,127667823,46484,44290984,195443,16190,39,43,34680601,12279,0,0,71372
2026-04-23 20:56:02,127714414,46591,44307135,195517,16225,41,43,34692587,11986,0,0,65237
2026-04-23 20:56:03,127760430,46016,44323095,195589,16032,39,43,34705244,12657,0,0,68847
2026-04-23 20:56:04,127807917,47487,44339547,195660,16523,40,43,34716462,11218,0,0,68523
2026-04-23 20:56:05,127853835,45918,44355472,195727,15992,40,43,34727799,11337,0,0,68505
2026-04-23 20:56:06,127899562,45727,44371338,195800,15939,40,43,34751518,23719,0,0,69659
2026-04-23 20:56:08,127946776,47214,44387729,195870,16461,41,43,34763119,11601,0,0,68182
2026-04-23 20:56:09,127993153,46377,44403816,195929,16146,40,43,34774410,11291,0,0,55303
2026-04-23 20:56:10,128039173,46020,44419733,196020,16008,41,43,34786419,12009,0,0,59606
2026-04-23 20:56:11,128084409,45236,44435457,196082,15786,36,43,34798114,11695,0,0,65122
2026-04-23 20:56:12,128129225,44816,44451022,196159,15642,40,43,34809195,11081,0,0,68278
2026-04-23 20:56:13,128174550,45325,44466711,196231,15761,41,43,34833246,24051,0,0,71298
2026-04-23 20:56:15,128221401,46851,44482986,196296,16340,41,43,34845368,12122,0,0,69770
2026-04-23 20:56:16,128268268,46867,44499219,196366,16303,36,43,34857133,11765,0,0,65229
2026-04-23 20:56:17,128314191,45923,44515179,196437,16031,40,43,34868989,11856,0,0,64367
2026-04-23 20:56:18,128360658,46467,44531300,196504,16188,41,43,34880863,11874,0,0,68158
2026-04-23 20:56:19,128405458,44800,44546838,196567,15601,35,43,34893011,12148,0,0,72692
2026-04-23 20:56:20,128449411,43953,44562104,196636,15335,41,43,34917757,24746,0,0,13428
2026-04-23 20:56:22,128495753,46342,44578173,196696,16129,41,43,34929634,11877,0,0,26346
2026-04-23 20:56:23,128543274,47521,44594603,196770,16504,40,43,34941142,11508,0,0,35920
2026-04-23 20:56:24,128589209,45935,44610548,196824,15999,40,43,34953321,12179,0,0,45490
2026-04-23 20:56:25,128634047,44838,44626110,196892,15630,41,43,34965329,12008,0,0,50827
2026-04-23 20:56:26,128678928,44881,44641752,196953,15703,38,43,34977369,12040,0,0,59974
2026-04-23 20:56:27,128723798,44870,44657315,197007,15617,41,43,35003733,26364,0,0,67451
2026-04-23 20:56:29,128770791,46993,44673652,197069,16399,39,43,35016799,13066,0,0,67239
2026-04-23 20:56:30,128816622,45831,44689566,197149,15994,36,43,35029452,12653,0,0,69820
2026-04-23 20:56:31,128863694,47072,44705909,197222,16416,40,43,35041625,12173,0,0,69955
2026-04-23 20:56:32,128908736,45042,44721572,197287,15728,38,43,35053560,11935,0,0,64374
2026-04-23 20:56:33,128954631,45895,44737486,197354,15981,37,43,35079075,25515,0,0,66978
2026-04-23 20:56:34,129001525,46894,44753752,197421,16333,39,43,35090847,11772,0,0,57943
2026-04-23 20:56:36,129047458,45933,44769694,197493,16014,41,43,35103137,12290,0,0,55703
2026-04-23 20:56:37,129092724,45266,44785420,197561,15794,39,43,35117079,13942,0,0,48265
2026-04-23 20:56:38,129136024,43300,44800422,197622,15063,40,43,35129229,12150,0,0,55584
2026-04-23 20:56:39,129180548,44524,44815902,197688,15546,39,43,35140384,11155,0,0,60560
2026-04-23 20:56:40,129224901,44353,44831299,197751,15460,38,43,35165574,25190,0,0,64825
2026-04-23 20:56:41,129270517,45616,44847153,197824,15927,36,43,35178499,12925,0,0,69692
2026-04-23 20:56:43,129316049,45532,44862953,197883,15859,38,43,35191324,12825,0,0,69907
2026-04-23 20:56:44,129361735,45686,44878826,197947,15937,40,43,35203423,12099,0,0,70732
2026-04-23 20:56:45,129407464,45729,44894690,198005,15922,34,43,35215912,12489,0,0,66881
2026-04-23 20:56:46,129452382,44918,44910263,198079,15647,35,43,35227890,11978,0,0,70253
2026-04-23 20:56:47,129496775,44393,44925639,198158,15455,40,43,35252864,24974,0,0,71430
2026-04-23 20:56:49,129542510,45735,44941511,198215,15929,37,43,35265310,12446,0,0,63590
2026-04-23 20:56:50,129587197,44687,44957036,198295,15605,39,43,35277768,12458,0,0,30098
2026-04-23 20:56:51,129632056,44859,44972612,198355,15636,37,43,35289594,11826,0,0,39893
2026-04-23 20:56:52,129676470,44414,44988028,198423,15484,41,43,35301897,12303,0,0,49766
2026-04-23 20:56:53,129720787,44317,45003404,198493,15446,41,43,35313919,12022,0,0,19417
2026-04-23 20:56:54,129766253,45466,45019120,198559,15782,41,43,35338423,24504,0,0,30408
2026-04-23 20:56:56,129811335,45082,45034808,198618,15747,39,44,35351494,13071,0,0,38590
2026-04-23 20:56:57,129855888,44553,45050306,198686,15566,41,43,35364966,13472,0,0,43177
2026-04-23 20:56:58,129901152,45264,45065976,198768,15752,41,43,35377187,12221,0,0,52936
2026-04-23 20:56:59,129944977,43825,45081210,198825,15291,41,43,35389255,12068,0,0,63140
2026-04-23 20:57:00,129988701,43724,45096355,198892,15212,41,43,35401203,11948,0,0,67703
2026-04-23 20:57:01,130032662,43961,45111600,198950,15303,40,43,35425565,24362,0,0,74555
2026-04-23 20:57:03,130077157,44495,45127019,199014,15483,39,43,35437773,12208,0,0,76927
2026-04-23 20:57:04,130121198,44041,45142277,199075,15319,38,43,35449797,12024,0,0,68322
2026-04-23 20:57:05,130165457,44259,45157637,199143,15428,41,43,35461613,11816,0,0,67846
2026-04-23 20:57:06,130206250,40793,45171783,199201,14204,40,43,35474156,12543,0,0,68554
2026-04-23 20:57:07,130247842,41592,45186210,199263,14489,41,43,35485167,11011,0,0,67938
2026-04-23 20:57:08,130290341,42499,45200891,199346,14764,35,43,35508378,23211,0,0,58887
2026-04-23 20:57:10,130333691,43350,45215914,199414,15091,42,44,35520575,12197,0,0,67219
2026-04-23 20:57:11,130377763,44072,45231232,199469,15373,41,43,35532358,11783,0,0,63520
2026-04-23 20:57:12,130420243,42480,45245950,199533,14782,39,43,35544480,12122,0,0,69377
2026-04-23 20:57:13,130464391,44148,45261249,199600,15366,41,43,35555577,11097,0,0,72679
2026-04-23 20:57:14,130505634,41243,45275522,199668,14341,41,43,35567388,11811,0,0,56197
2026-04-23 20:57:15,130548368,42734,45290366,199722,14898,39,43,35590613,23225,0,0,57853
2026-04-23 20:57:17,130592198,43830,45305562,199790,15264,41,43,35602907,12294,0,0,59067
2026-04-23 20:57:18,130635303,43105,45320496,199869,15013,39,43,35615261,12354,0,0,56564
2026-04-23 20:57:19,130678449,43146,45335486,199932,15053,41,43,35627024,11763,0,0,61781
2026-04-23 20:57:20,130719110,40661,45349597,200006,14185,35,43,35639293,12269,0,0,65573
2026-04-23 20:57:21,130760039,40929,45363769,200060,14226,40,43,35650142,10849,0,0,69765
2026-04-23 20:57:22,130802206,42167,45378372,200128,14671,38,43,35673067,22925,0,0,73693
2026-04-23 20:57:24,130845733,43527,45393426,200219,15145,38,43,35684433,11366,0,0,58289
2026-04-23 20:57:25,130889981,44248,45408772,200285,15412,41,43,35695572,11139,0,0,60253
2026-04-23 20:57:26,130932310,42329,45423438,200352,14733,41,43,35707180,11608,0,0,64970
2026-04-23 20:57:27,130975096,42786,45438271,200428,14909,41,43,35718032,10852,0,0,63331
2026-04-23 20:57:28,131015616,40520,45452328,200500,14129,40,43,35729959,11927,0,0,31285
2026-04-23 20:57:29,131057519,41903,45466896,200559,14627,41,43,35753339,23380,0,0,38034
2026-04-23 20:57:31,131101504,43985,45482138,200624,15307,40,43,35764898,11559,0,0,23516
2026-04-23 20:57:32,131145065,43561,45497236,200696,15170,41,43,35777114,12216,0,0,22186
2026-04-23 20:57:33,131189361,44296,45512597,200768,15433,37,43,35788809,11695,0,0,23337
2026-04-23 20:57:34,131232778,43417,45527664,200847,15146,41,43,35800365,11556,0,0,34985
2026-04-23 20:57:35,131273694,40916,45541855,200898,14242,41,43,35812073,11708,0,0,38557
2026-04-23 20:57:36,131317532,43838,45557013,200976,15236,41,43,35834326,22253,0,0,40975
2026-04-23 20:57:38,131362296,44764,45572527,201047,15585,40,43,35846032,11706,0,0,47361
2026-04-23 20:57:39,131407731,45435,45588301,201106,15833,37,43,35858843,12811,0,0,55664
2026-04-23 20:57:40,131452438,44707,45603843,201171,15607,39,43,35870671,11828,0,0,58491
2026-04-23 20:57:41,131495547,43109,45618829,201211,15026,29,43,35883054,12383,0,0,57997
2026-04-23 20:57:42,131538059,42512,45633572,201272,14804,40,43,35894474,11420,0,0,62039
2026-04-23 20:57:43,131582751,44692,45649072,201342,15570,40,44,35918619,24145,0,0,66220
2026-04-23 20:57:45,131627652,44901,45664657,201400,15643,39,43,35931077,12458,0,0,64281
2026-04-23 20:57:46,131671905,44253,45680043,201462,15448,36,43,35942890,11813,0,0,68447
2026-04-23 20:57:47,131716194,44289,45695413,201527,15435,41,43,35955112,12222,0,0,69685
2026-04-23 20:57:48,131757996,41802,45709939,201592,14591,39,43,35967177,12065,0,0,73728
2026-04-23 20:57:49,131799139,41143,45724165,201660,14294,36,43,35989885,22708,0,0,75507
2026-04-23 20:57:50,131842400,43261,45739192,201731,15098,35,43,36002002,12117,0,0,78090
2026-04-23 20:57:52,131885994,43594,45754303,201802,15182,41,43,36013586,11584,0,0,68955
2026-04-23 20:57:53,131930102,44108,45769606,201872,15373,40,43,36024719,11133,0,0,66510
2026-04-23 20:57:54,131976295,46193,45785617,201958,16097,40,43,36036231,11512,0,0,71586
2026-04-23 20:57:55,132018083,41788,45800065,202032,14522,39,43,36048589,12358,0,0,69365
2026-04-23 20:57:56,132060683,42600,45814855,202084,14842,41,43,36070836,22247,0,0,67322
2026-04-23 20:57:57,132106080,45397,45830605,202147,15813,29,43,36082286,11450,0,0,69156
2026-04-23 20:57:59,132149873,43793,45845815,202204,15267,36,43,36094388,12102,0,0,20695
2026-04-23 20:58:00,132195143,45270,45861506,202275,15762,41,43,36106091,11703,0,0,31916
2026-04-23 20:58:01,132239107,43964,45876788,202334,15341,36,43,36117580,11489,0,0,43632
2026-04-23 20:58:02,132280920,41813,45891289,202399,14566,41,43,36130392,12812,0,0,53230
2026-04-23 20:58:03,132321304,40384,45905304,202457,14073,41,43,36153421,23029,0,0,52505
2026-04-23 20:58:05,132366332,45028,45920907,202551,15697,38,43,36165040,11619,0,0,57791
2026-04-23 20:58:06,132410949,44617,45936350,202620,15512,41,43,36175780,10740,0,0,50500
2026-04-23 20:58:07,132455547,44598,45951875,202692,15597,40,43,36187328,11548,0,0,57388
2026-04-23 20:58:08,132500463,44916,45967460,202759,15652,41,43,36199335,12007,0,0,34247
2026-04-23 20:58:09,132541238,40775,45981610,202821,14212,38,43,36211056,11721,0,0,46301
2026-04-23 20:58:10,132584657,43419,45996655,202895,15119,39,43,36233427,22371,0,0,54531
2026-04-23 20:58:12,132631806,47149,46012976,202971,16397,38,43,36244781,11354,0,0,56198
2026-04-23 20:58:13,132676560,44754,46028506,203041,15600,37,43,36256435,11654,0,0,51691
2026-04-23 20:58:14,132720483,43923,46043744,203100,15297,39,43,36267785,11350,0,0,54875
2026-04-23 20:58:15,132764736,44253,46059137,203167,15460,41,43,36278384,10599,0,0,59630
2026-04-23 20:58:16,132806097,41361,46073454,203247,14397,40,43,36290185,11801,0,0,62327
2026-04-23 20:58:17,132849372,43275,46088480,203310,15089,40,43,36301121,10936,0,0,65633
2026-04-23 20:58:19,132895634,46262,46104526,203375,16111,37,43,36324253,23132,0,0,72990
2026-04-23 20:58:20,132941230,45596,46120381,203437,15917,38,43,36335896,11643,0,0,68734
2026-04-23 20:58:21,132986193,44963,46136004,203489,15675,41,43,36347419,11523,0,0,69288
2026-04-23 20:58:22,133028898,42705,46150836,203554,14897,41,43,36358423,11004,0,0,75098
2026-04-23 20:58:23,133070833,41935,46165378,203625,14613,41,43,36369792,11369,0,0,78449
2026-04-23 20:58:24,133113855,43022,46180254,203691,14942,39,43,36392617,22825,0,0,76843
2026-04-23 20:58:26,133157920,44065,46195538,203756,15349,41,43,36403533,10916,0,0,77701
2026-04-23 20:58:27,133202933,45013,46211201,203806,15713,40,43,36414416,10883,0,0,72697
2026-04-23 20:58:28,133249543,46610,46227374,203884,16251,40,43,36426652,12236,0,0,75600
2026-04-23 20:58:29,133295906,46363,46243449,203954,16145,39,43,36438897,12245,0,0,75809
2026-04-23 20:58:30,133341375,45469,46259183,204023,15803,29,43,36450590,11693,0,0,73423
2026-04-23 20:58:31,133384286,42911,46274086,204079,14959,41,43,36461893,11303,0,0,77524
2026-04-23 20:58:33,133427785,43499,46289133,204153,15121,40,43,36484682,22789,0,0,73571
2026-04-23 20:58:34,133473363,45578,46304948,204220,15882,41,43,36495968,11286,0,0,68209
2026-04-23 20:58:35,133517193,43830,46320161,204295,15288,41,43,36506862,10894,0,0,71043
2026-04-23 20:58:36,133561002,43809,46335365,204363,15272,41,43,36517483,10621,0,0,70874
2026-04-23 20:58:37,133602657,41655,46349839,204424,14535,41,43,36528458,10975,0,0,71969
2026-04-23 20:58:38,133642500,39843,46363630,204488,13855,41,43,36550668,22210,0,0,45567
2026-04-23 20:58:40,133685774,43274,46378656,204543,15081,41,43,36561094,10426,0,0,48974
2026-04-23 20:58:41,133730326,44552,46394113,204610,15524,40,43,36571527,10433,0,0,46621
2026-04-23 20:58:42,133773407,43081,46409069,204666,15012,39,43,36582247,10720,0,0,49239
2026-04-23 20:58:43,133814252,40845,46423239,204725,14229,41,43,36593252,11005,0,0,55294
2026-04-23 20:58:44,133854852,40600,46437293,204800,14129,39,43,36603231,9979,0,0,62652
2026-04-23 20:58:45,133897620,42768,46452116,204870,14893,37,43,36624495,21264,0,0,65764
2026-04-23 20:58:47,133939801,42181,46466744,204951,14709,39,43,36634979,10484,0,0,65359
2026-04-23 20:58:48,133983559,43758,46481899,205014,15218,39,43,36645644,10665,0,0,59773
2026-04-23 20:58:49,134027389,43830,46497111,205079,15277,38,43,36656251,10607,0,0,63773
2026-04-23 20:58:50,134070178,42789,46511937,205141,14888,41,43,36667247,10996,0,0,58536
2026-04-23 20:58:51,134112250,42072,46526548,205206,14676,41,43,36677711,10464,0,0,61268
2026-04-23 20:58:52,134156795,44545,46541965,205265,15476,38,43,36698495,20784,0,0,65276
2026-04-23 20:58:54,134200137,43342,46556986,205325,15081,41,43,36709089,10594,0,0,61681
2026-04-23 20:58:55,134243258,43121,46571962,205391,15042,41,43,36719643,10554,0,0,53908
2026-04-23 20:58:56,134288443,45185,46587645,205457,15749,39,43,36729753,10110,0,0,41539
2026-04-23 20:58:57,134331053,42610,46602403,205524,14825,39,43,36740684,10931,0,0,39282
2026-04-23 20:58:58,134372405,41352,46616738,205585,14396,40,43,36750692,10008,0,0,28876
2026-04-23 20:58:59,134414987,42582,46631495,205656,14828,40,43,36772029,21337,0,0,40655
2026-04-23 20:59:01,134458922,43935,46646724,205716,15289,41,43,36782594,10565,0,0,51523
2026-04-23 20:59:02,134500825,41903,46661256,205776,14592,35,43,36792727,10133,0,0,56985
2026-04-23 20:59:03,134543285,42460,46675980,205847,14795,40,43,36803023,10296,0,0,54785
2026-04-23 20:59:04,134587043,43758,46691169,205918,15260,40,43,36812855,9832,0,0,57684
2026-04-23 20:59:05,134628153,41110,46705448,205977,14338,41,43,36823968,11113,0,0,61811
2026-04-23 20:59:06,134671165,43012,46720323,206054,14952,34,43,36844816,20848,0,0,68271
2026-04-23 20:59:08,134714315,43150,46735276,206119,15018,37,43,36855044,10228,0,0,66594
2026-04-23 20:59:09,134754808,40493,46749297,206192,14094,41,43,36864708,9664,0,0,24654
2026-04-23 20:59:10,134796449,41641,46763742,206250,14503,40,43,36874511,9803,0,0,11883
2026-04-23 20:59:11,134837574,41125,46778010,206312,14330,41,43,36884196,9685,0,0,21113
2026-04-23 20:59:12,134877196,39622,46791719,206371,13768,41,43,36894020,9824,0,0,28510
2026-04-23 20:59:13,134921417,44221,46807030,206438,15378,39,43,36913998,19978,0,0,39465
2026-04-23 20:59:15,134966251,44834,46822582,206502,15616,40,43,36924065,10067,0,0,42338
2026-04-23 20:59:16,135009763,43512,46837654,206573,15143,40,43,36934046,9981,0,0,47334
2026-04-23 20:59:17,135052097,42334,46852325,206641,14739,39,43,36943825,9779,0,0,11959
2026-04-23 20:59:18,135093307,41210,46866604,206708,14346,41,43,36953791,9966,0,0,19108
2026-04-23 20:59:19,135134349,41042,46880871,206771,14330,41,43,36962964,9173,0,0,17790
2026-04-23 20:59:20,135179473,45124,46896516,206846,15720,35,43,36984532,21568,0,0,31197
2026-04-23 20:59:22,135224361,44888,46912098,206906,15642,38,43,36995426,10894,0,0,42541
2026-04-23 20:59:23,135269287,44926,46927666,206976,15638,40,43,37006095,10669,0,0,35168
2026-04-23 20:59:24,135316113,46826,46943933,207040,16331,39,43,37016780,10685,0,0,44277
2026-04-23 20:59:25,135361261,45148,46959578,207119,15724,41,43,37027989,11209,0,0,53775
2026-04-23 20:59:26,135406986,45725,46975392,207176,15871,38,43,37048266,20277,0,0,63613
2026-04-23 20:59:27,135451566,44580,46990887,207244,15563,39,43,37059210,10944,0,0,68415
2026-04-23 20:59:29,135496739,45173,47006533,207323,15725,40,43,37070434,11224,0,0,61439
2026-04-23 20:59:30,135542359,45620,47022369,207394,15907,41,43,37080471,10037,0,0,26809
2026-04-23 20:59:31,135589003,46644,47038528,207473,16238,41,43,37091685,11214,0,0,24927
2026-04-23 20:59:32,135632225,43222,47053520,207540,15059,41,43,37102466,10781,0,0,31732
2026-04-23 20:59:33,135674750,42525,47068253,207618,14811,39,43,37122404,19938,0,0,38737
2026-04-23 20:59:35,135720226,45476,47084027,207677,15833,40,43,37132464,10060,0,0,50454
2026-04-23 20:59:36,135766437,46211,47100067,207746,16109,40,43,37143410,10946,0,0,42299
2026-04-23 20:59:37,135812190,45753,47115965,207807,15959,40,43,37154583,11173,0,0,44394
2026-04-23 20:59:38,135857123,44933,47131601,207862,15691,39,43,37165508,10925,0,0,49521
2026-04-23 20:59:39,135901271,44148,47146901,207930,15368,36,43,37176429,10921,0,0,58985
2026-04-23 20:59:40,135946053,44782,47162466,207980,15615,40,43,37198007,21578,0,0,64776
2026-04-23 20:59:42,135991351,45298,47178186,208040,15780,40,43,37208422,10415,0,0,48528
2026-04-23 20:59:43,136035575,44224,47193555,208111,15440,40,43,37219545,11123,0,0,41604
2026-04-23 20:59:44,136082667,47092,47209894,208195,16423,40,43,37229801,10256,0,0,42688
2026-04-23 20:59:45,136128567,45900,47225830,208266,16007,41,43,37240746,10945,0,0,51198
2026-04-23 20:59:46,136172633,44066,47241101,208334,15339,40,43,37251168,10422,0,0,56005
2026-04-23 20:59:47,136216821,44188,47256381,208396,15342,41,43,37272430,21262,0,0,58534
2026-04-23 20:59:49,136262275,45454,47272130,208470,15823,36,43,37282743,10313,0,0,61564
2026-04-23 20:59:50,136309881,47606,47288650,208540,16590,39,43,37293148,10405,0,0,47177
2026-04-23 20:59:51,136355396,45515,47304417,208603,15830,41,43,37303509,10361,0,0,58995
2026-04-23 20:59:52,136400169,44773,47319939,208675,15594,41,43,37314215,10706,0,0,65856
2026-04-23 20:59:53,136443005,42836,47334783,208736,14905,40,43,37334958,20743,0,0,69638
2026-04-23 20:59:54,136488486,45481,47350535,208798,15814,38,43,37344749,9791,0,0,74402
2026-04-23 20:59:56,136533144,44658,47366053,208860,15580,40,43,37355535,10786,0,0,79495
2026-04-23 20:59:57,136579065,45921,47381975,208928,15990,39,43,37366242,10707,0,0,53522
2026-04-23 20:59:58,136624642,45577,47397786,209007,15890,37,43,37376207,9965,0,0,37350
2026-04-23 20:59:59,136670054,45412,47413539,209071,15817,39,43,37387124,10917,0,0,49420
2026-04-23 21:00:00,136714000,43946,47428783,209125,15298,37,43,37407748,20624,0,0,54656
2026-04-23 21:00:01,136760044,46044,47444722,209183,15997,40,43,37418268,10520,0,0,64972
2026-04-23 21:00:03,136802874,42830,47459608,209247,14950,39,43,37429446,11178,0,0,64326
2026-04-23 21:00:04,136848083,45209,47475311,209305,15761,41,43,37439319,9873,0,0,57068
2026-04-23 21:00:05,136894610,46527,47491435,209375,16194,38,43,37449869,10550,0,0,56898
2026-04-23 21:00:06,136938941,44331,47506820,209447,15457,41,43,37460244,10375,0,0,54490
2026-04-23 21:00:07,136983833,44892,47522359,209518,15610,39,43,37481396,21152,0,0,61468
2026-04-23 21:00:08,137028972,45139,47538052,209576,15751,41,43,37492134,10738,0,0,38759
2026-04-23 21:00:10,137073142,44170,47553379,209650,15401,35,43,37503272,11138,0,0,47420
2026-04-23 21:00:11,137119138,45996,47569309,209738,16018,35,43,37513792,10520,0,0,35201
2026-04-23 21:00:12,137166006,46868,47585553,209808,16314,39,43,37524459,10667,0,0,43322
2026-04-23 21:00:13,137210463,44457,47601002,209871,15512,36,43,37535027,10568,0,0,50519
2026-04-23 21:00:14,137256095,45632,47616868,209929,15924,41,43,37557423,22396,0,0,53668
2026-04-23 21:00:15,137302062,45967,47632823,209998,16024,40,43,37568152,10729,0,0,61979
2026-04-23 21:00:17,137346304,44242,47648174,210079,15432,39,43,37578637,10485,0,0,63256
2026-04-23 21:00:18,137390468,44164,47663537,210119,15403,41,43,37589419,10782,0,0,60111
2026-04-23 21:00:19,137436055,45587,47679361,210190,15895,40,43,37600582,11163,0,0,64029
2026-04-23 21:00:20,137480772,44717,47694885,210253,15587,41,43,37611137,10555,0,0,67247
2026-04-23 21:00:21,137525695,44923,47710494,210325,15681,41,43,37632670,21533,0,0,69905
2026-04-23 21:00:23,137572122,46427,47726580,210397,16158,38,43,37644105,11435,0,0,72262
2026-04-23 21:00:24,137618878,46756,47742766,210468,16257,38,43,37654144,10039,0,0,63695
2026-04-23 21:00:25,137665829,46951,47759079,210526,16371,41,43,37664867,10723,0,0,61508
2026-04-23 21:00:26,137712523,46694,47775261,210598,16254,37,43,37676136,11269,0,0,62609
2026-04-23 21:00:27,137756875,44352,47790655,210647,15443,41,43,37687137,11001,0,0,61811
2026-04-23 21:00:28,137801385,44510,47806104,210715,15517,41,43,37709690,22553,0,0,38404
2026-04-23 21:00:30,137848542,47157,47822498,210781,16460,40,43,37721587,11897,0,0,39151
2026-04-23 21:00:31,137895602,47060,47838798,210876,16395,40,43,37732982,11395,0,0,43473
2026-04-23 21:00:32,137941072,45470,47854548,210949,15823,40,43,37744022,11040,0,0,51032
2026-04-23 21:00:33,137986624,45552,47870347,211017,15867,41,43,37754063,10041,0,0,60039
2026-04-23 21:00:34,138031124,44500,47885792,211086,15514,40,43,37764239,10176,0,0,67699
2026-04-23 21:00:35,138077967,46843,47902056,211159,16337,39,43,37786482,22243,0,0,73757
2026-04-23 21:00:37,138123888,45921,47917985,211250,16020,40,43,37797900,11418,0,0,74314
2026-04-23 21:00:38,138170634,46746,47934207,211326,16298,39,43,37808852,10952,0,0,50520
2026-04-23 21:00:39,138216581,45947,47950147,211398,16012,38,43,37820053,11201,0,0,62076
2026-04-23 21:00:40,138261913,45332,47965885,211465,15805,41,43,37830676,10623,0,0,50779
2026-04-23 21:00:41,138306621,44708,47981406,211533,15589,41,43,37841851,11175,0,0,57973
2026-04-23 21:00:42,138351667,45046,47997109,211594,15764,36,43,37864860,23009,0,0,60014
2026-04-23 21:00:44,138397115,45448,48012885,211669,15851,41,43,37876616,11756,0,0,62780
2026-04-23 21:00:45,138443131,46016,48028829,211748,16023,41,43,37887821,11205,0,0,59765
2026-04-23 21:00:46,138488677,45546,48044644,211829,15896,41,43,37898792,10971,0,0,62881
2026-04-23 21:00:47,138533126,44449,48060051,211906,15484,39,43,37910024,11232,0,0,65332
2026-04-23 21:00:48,138578759,45633,48075847,211998,15888,40,43,37932060,22036,0,0,62587
2026-04-23 21:00:49,138625744,46985,48092161,212064,16380,41,43,37943460,11400,0,0,64050
2026-04-23 21:00:51,138672004,46260,48108199,212131,16105,41,43,37954642,11182,0,0,69015
2026-04-23 21:00:52,138715739,43735,48123374,212200,15244,40,43,37965638,10996,0,0,20403
2026-04-23 21:00:53,138760276,44537,48138850,212278,15554,34,43,37976047,10409,0,0,28970
2026-04-23 21:00:54,138805380,45104,48154457,212360,15689,37,43,37987645,11598,0,0,36710
2026-04-23 21:00:55,138848245,42865,48169372,212408,14963,39,43,37998018,10373,0,0,45203
2026-04-23 21:00:56,138891867,43622,48184485,212482,15187,40,43,38020914,22896,0,0,17570
2026-04-23 21:00:58,138936241,44374,48199905,212549,15487,38,43,38032154,11240,0,0,30481
2026-04-23 21:00:59,138980356,44115,48215216,212614,15376,38,43,38043192,11038,0,0,37916
2026-04-23 21:01:00,139023275,42919,48230109,212686,14965,41,43,38054600,11408,0,0,48538
2026-04-23 21:01:01,139066249,42974,48245051,212755,15011,27,43,38064599,9999,0,0,54886
2026-04-23 21:01:02,139108525,42276,48259683,212821,14698,41,43,38075533,10934,0,0,60695
2026-04-23 21:01:03,139152656,44131,48274980,212876,15352,40,43,38097781,22248,0,0,17895
2026-04-23 21:01:05,139197037,44381,48290316,212948,15408,39,43,38108962,11181,0,0,30773
2026-04-23 21:01:06,139241710,44673,48305780,213015,15531,40,43,38119591,10629,0,0,4126
2026-04-23 21:01:07,139285093,43383,48320843,213089,15137,40,43,38129554,9963,0,0,14647
2026-04-23 21:01:08,139328072,42979,48335759,213150,14977,40,43,38140684,11130,0,0,22485
2026-04-23 21:01:09,139370086,42014,48350355,213225,14671,40,43,38151410,10726,0,0,31521
2026-04-23 21:01:10,139415200,45114,48365953,213301,15674,39,43,38172542,21132,0,0,26220
2026-04-23 21:01:12,139459672,44472,48381349,213365,15460,39,43,38182994,10452,0,0,35629
2026-04-23 21:01:13,139503820,44148,48396693,213430,15409,40,43,38194158,11164,0,0,36352
2026-04-23 21:01:14,139547003,43183,48411652,213485,15014,39,43,38205540,11382,0,0,22627
2026-04-23 21:01:15,139588291,41288,48426036,213551,14450,41,43,38215793,10253,0,0,20006
2026-04-23 21:01:16,139628634,40343,48440038,213608,14059,41,43,38227186,11393,0,0,20585
2026-04-23 21:01:17,139672654,44020,48455276,213682,15312,40,43,38248248,21062,0,0,30507
2026-04-23 21:01:19,139716657,44003,48470530,213753,15325,39,43,38259855,11607,0,0,36034
2026-04-23 21:01:20,139760278,43621,48485650,213819,15186,41,43,38271588,11733,0,0,39822
2026-04-23 21:01:21,139802352,42074,48500245,213890,14666,41,43,38281917,10329,0,0,45354
2026-04-23 21:01:22,139843465,41113,48514533,213961,14359,41,43,38292834,10917,0,0,45253
2026-04-23 21:01:23,139884346,40881,48528707,214032,14245,39,43,38314508,21674,0,0,52511
2026-04-23 21:01:24,139926511,42165,48543326,214105,14692,39,43,38325706,11198,0,0,56518
2026-04-23 21:01:26,139968782,42271,48557978,214177,14724,41,43,38336418,10712,0,0,61380
2026-04-23 21:01:27,140010643,41861,48572489,214246,14580,41,43,38347505,11087,0,0,51484
2026-04-23 21:01:28,140052968,42325,48587157,214308,14730,41,43,38358172,10667,0,0,53483
2026-04-23 21:01:29,140092929,39961,48601025,214380,13940,41,43,38368696,10524,0,0,55041
2026-04-23 21:01:30,140130053,37124,48613881,214449,12925,39,43,38390438,21742,0,0,51650
2026-04-23 21:01:31,140171037,40984,48628087,214510,14267,41,43,38400824,10386,0,0,48809
2026-04-23 21:01:33,140211533,40496,48642145,214568,14116,40,43,38411294,10470,0,0,54136
2026-04-23 21:01:34,140252258,40725,48656262,214627,14176,40,43,38421161,9867,0,0,23525
2026-04-23 21:01:35,140293398,41140,48670500,214698,14309,41,43,38432345,11184,0,0,30295
2026-04-23 21:01:36,140333518,40120,48684437,214758,13997,41,43,38442531,10186,0,0,29048
2026-04-23 21:01:37,140371608,38090,48697605,214812,13222,41,43,38453481,10950,0,0,35481
2026-04-23 21:01:38,140412536,40928,48711809,214863,14255,40,43,38474310,20829,0,0,42143
2026-04-23 21:01:40,140455929,43393,48726857,214941,15126,38,43,38484271,9961,0,0,43573
2026-04-23 21:01:41,140500672,44743,48742372,215012,15586,40,43,38495949,11678,0,0,46486
2026-04-23 21:01:42,140545461,44789,48757928,215083,15627,40,43,38507820,11871,0,0,50883
2026-04-23 21:01:43,140587971,42510,48772700,215149,14838,41,43,38519136,11316,0,0,22723
2026-04-23 21:01:44,140627011,39040,48786242,215217,13610,41,43,38531061,11925,0,0,25030
2026-04-23 21:01:45,140666905,39894,48800081,215284,13906,36,43,38553402,22341,0,0,28925
2026-04-23 21:01:47,140708486,41581,48814497,215336,14468,38,43,38564655,11253,0,0,32650
2026-04-23 21:01:48,140751729,43243,48829456,215410,15033,39,43,38575407,10752,0,0,39536
2026-04-23 21:01:49,140794888,43159,48844439,215473,15046,41,43,38586104,10697,0,0,47968
2026-04-23 21:01:50,140836005,41117,48858723,215536,14347,40,43,38597818,11714,0,0,56546
2026-04-23 21:01:51,140875307,39302,48872390,215585,13716,39,43,38608775,10957,0,0,50111
2026-04-23 21:01:52,140916133,40826,48886501,215647,14173,41,43,38630910,22135,0,0,60526
2026-04-23 21:01:54,140957653,41520,48900894,215712,14458,41,43,38641759,10849,0,0,64875
2026-04-23 21:01:55,140999442,41789,48915361,215792,14547,38,43,38652203,10444,0,0,34737
2026-04-23 21:01:56,141042428,42986,48930296,215853,14996,41,43,38663285,11082,0,0,42995
2026-04-23 21:01:57,141084584,42156,48944945,215923,14719,40,43,38675434,12149,0,0,48956
2026-04-23 21:01:58,141125731,41147,48959211,215979,14322,40,43,38687161,11727,0,0,50386
2026-04-23 21:01:59,141166699,40968,48973400,216054,14264,39,43,38710346,23185,0,0,43945
2026-04-23 21:02:01,141211633,44934,48988978,216131,15655,41,43,38720901,10555,0,0,52955
2026-04-23 21:02:02,141254866,43233,49003977,216193,15061,41,43,38733350,12449,0,0,41788
2026-04-23 21:02:03,141300982,46116,49019948,216268,16046,40,43,38744557,11207,0,0,49794
2026-04-23 21:02:04,141344669,43687,49035120,216327,15231,41,43,38756029,11472,0,0,60385
2026-04-23 21:02:05,141387141,42472,49049844,216390,14787,41,43,38767962,11933,0,0,61419
2026-04-23 21:02:06,141429941,42800,49064699,216447,14912,41,43,38793225,25263,0,0,65228
2026-04-23 21:02:08,141474850,44909,49080263,216524,15641,40,43,38805371,12146,0,0,64426
2026-04-23 21:02:09,141518420,43570,49095381,216600,15194,39,43,38816557,11186,0,0,58724
2026-04-23 21:02:10,141562955,44535,49110837,216668,15524,37,43,38829108,12551,0,0,62087
2026-04-23 21:02:11,141606832,43877,49126110,216734,15339,41,43,38840789,11681,0,0,58244
2026-04-23 21:02:12,141650184,43352,49141136,216810,15102,41,43,38865445,24656,0,0,64602
2026-04-23 21:02:14,141694353,44169,49156418,216879,15351,38,43,38877329,11884,0,0,70057
2026-04-23 21:02:15,141740284,45931,49172390,216948,16041,40,43,38888930,11601,0,0,64724
2026-04-23 21:02:16,141785973,45689,49188208,217033,15903,39,43,38901304,12374,0,0,57821
2026-04-23 21:02:17,141831814,45841,49204119,217108,15986,38,43,38913839,12535,0,0,60397
2026-04-23 21:02:18,141877955,46141,49220108,217174,16055,41,43,38926761,12922,0,0,64987
2026-04-23 21:02:19,141924258,46303,49236182,217248,16148,39,43,38952406,25645,0,0,69042
2026-04-23 21:02:21,141971205,46947,49252460,217314,16344,34,43,38964709,12303,0,0,68845
2026-04-23 21:02:22,142018852,47647,49268951,217398,16575,41,43,38977267,12558,0,0,64906
2026-04-23 21:02:23,142064774,45922,49284894,217469,16014,40,43,38989348,12081,0,0,67703
2026-04-23 21:02:24,142111316,46542,49301014,217571,16222,40,43,39000971,11623,0,0,70018
2026-04-23 21:02:25,142155447,44131,49316330,217637,15382,41,43,39013138,12167,0,0,70996
2026-04-23 21:02:26,142199058,43611,49331462,217701,15196,40,43,39037041,23903,0,0,71527
2026-04-23 21:02:28,142243020,43962,49346769,217747,15353,40,43,39049367,12326,0,0,75135
2026-04-23 21:02:29,142285699,42679,49361614,217813,14911,41,43,39061295,11928,0,0,33168
2026-04-23 21:02:30,142328085,42386,49376362,217878,14813,40,43,39072799,11504,0,0,37123
2026-04-23 21:02:31,142371075,42990,49391281,217931,14972,39,43,39084729,11930,0,0,41385
2026-04-23 21:02:32,142412881,41806,49405790,217990,14568,41,43,39096065,11336,0,0,49132
2026-04-23 21:02:33,142455763,42882,49420655,218052,14927,40,43,39119182,23117,0,0,29665
2026-04-23 21:02:35,142498786,43023,49435554,218119,14966,40,43,39130642,11460,0,0,37862
2026-04-23 21:02:36,142540623,41837,49450069,218197,14593,39,43,39142211,11569,0,0,40900
2026-04-23 21:02:37,142584297,43674,49465195,218269,15198,41,43,39154233,12022,0,0,48791
2026-04-23 21:02:38,142628623,44326,49480560,218335,15431,35,43,39165322,11089,0,0,47387
2026-04-23 21:02:39,142669145,40522,49494667,218385,14157,41,43,39176593,11271,0,0,57909
2026-04-23 21:02:40,142707603,38458,49507975,218454,13377,35,43,39199836,23243,0,0,64867
2026-04-23 21:02:42,142748343,40740,49522130,218503,14204,40,43,39211196,11360,0,0,68305
2026-04-23 21:02:43,142791941,43598,49537289,218575,15231,39,43,39221807,10611,0,0,67784
2026-04-23 21:02:44,142831982,40041,49551177,218642,13955,32,43,39233748,11941,0,0,70349
2026-04-23 21:02:45,142877065,45083,49566824,218711,15716,38,43,39244038,10290,0,0,70250
2026-04-23 21:02:46,142919450,42385,49581518,218779,14762,41,43,39256425,12387,0,0,70708
2026-04-23 21:02:47,142964701,45251,49597227,218852,15782,36,43,39279516,23091,0,0,72955
2026-04-23 21:02:49,143011268,46567,49613378,218918,16217,36,43,39292627,13111,0,0,75119
2026-04-23 21:02:50,143056524,45256,49629105,218984,15793,41,43,39304185,11558,0,0,64897
2026-04-23 21:02:51,143103315,46791,49645376,219065,16352,38,43,39316673,12488,0,0,63612
2026-04-23 21:02:52,143149652,46337,49661445,219128,16132,41,43,39329436,12763,0,0,68377
2026-04-23 21:02:53,143194759,45107,49677080,219210,15717,32,43,39342332,12896,0,0,70660
2026-04-23 21:02:54,143237879,43120,49692061,219281,15052,39,43,39367764,25432,0,0,72964
2026-04-23 21:02:56,143284384,46505,49708194,219351,16203,39,43,39379349,11585,0,0,75207
2026-04-23 21:02:57,143331870,47486,49724655,219421,16531,40,43,39391923,12574,0,0,68525
2026-04-23 21:02:58,143379982,48112,49741343,219494,16761,35,43,39403728,11805,0,0,69624
2026-04-23 21:02:59,143426282,46300,49757411,219547,16121,41,43,39415949,12221,0,0,72579
2026-04-23 21:03:00,143471577,45295,49773105,219617,15764,40,43,39440088,24139,0,0,73218
2026-04-23 21:03:01,143518811,47234,49789491,219693,16462,37,43,39452608,12520,0,0,75549
2026-04-23 21:03:03,143565469,46658,49805666,219770,16252,40,43,39464429,11821,0,0,74236
2026-04-23 21:03:04,143611676,46207,49821691,219838,16093,40,43,39476637,12208,0,0,66651
2026-04-23 21:03:05,143658827,47151,49838049,219918,16438,41,43,39488412,11775,0,0,67436
2026-04-23 21:03:06,143704788,45961,49854008,219987,16028,41,43,39500782,12370,0,0,70879
2026-04-23 21:03:07,143749133,44345,49869406,220054,15465,33,43,39525205,24423,0,0,71651
2026-04-23 21:03:09,143792048,42915,49884309,220114,14963,41,43,39537330,12125,0,0,72959
2026-04-23 21:03:10,143837823,45775,49900183,220180,15940,38,43,39547412,10082,0,0,76538
2026-04-23 21:03:11,143882373,44550,49915639,220244,15520,41,43,39558558,11146,0,0,69842
2026-04-23 21:03:12,143927881,45508,49931406,220313,15836,39,43,39570258,11700,0,0,66942
2026-04-23 21:03:13,143972201,44320,49946803,220374,15458,41,43,39582125,11867,0,0,68073
2026-04-23 21:03:14,144016070,43869,49961991,220426,15240,41,43,39606008,23883,0,0,69377
2026-04-23 21:03:16,144061846,45776,49977858,220494,15935,40,43,39617761,11753,0,0,71784
2026-04-23 21:03:17,144108071,46225,49993895,220579,16122,41,43,39628918,11157,0,0,66234
2026-04-23 21:03:18,144153338,45267,50009607,220648,15781,39,43,39640413,11495,0,0,69282
2026-04-23 21:03:19,144198348,45010,50025204,220712,15661,39,43,39652648,12235,0,0,71460
2026-04-23 21:03:20,144241469,43121,50040198,220789,15071,41,43,39663576,10928,0,0,69573
2026-04-23 21:03:21,144286999,45530,50055954,220862,15829,41,43,39687057,23481,0,0,73225
2026-04-23 21:03:23,144331091,44092,50071266,220914,15364,41,43,39698863,11806,0,0,74980
2026-04-23 21:03:24,144376460,45369,50086964,220990,15774,38,43,39710453,11590,0,0,65741
2026-04-23 21:03:25,144421461,45001,50102584,221058,15688,39,43,39720954,10501,0,0,72182
2026-04-23 21:03:26,144466415,44954,50118184,221128,15670,40,43,39733067,12113,0,0,74395
2026-04-23 21:03:27,144509694,43279,50133217,221203,15108,41,43,39744426,11359,0,0,76766
2026-04-23 21:03:28,144554241,44547,50148700,221264,15544,39,43,39768617,24191,0,0,79911
2026-04-23 21:03:30,144599121,44880,50164257,221333,15626,35,43,39779775,11158,0,0,75312
2026-04-23 21:03:31,144643940,44819,50179848,221404,15662,41,43,39791475,11700,0,0,59568
2026-04-23 21:03:32,144688799,44859,50195400,221478,15626,41,43,39803740,12265,0,0,62212
2026-04-23 21:03:33,144732396,43597,50210514,221545,15181,40,43,39815190,11450,0,0,64836
2026-04-23 21:03:34,144776068,43672,50225672,221602,15215,41,43,39826639,11449,0,0,67010
2026-04-23 21:03:35,144819200,43132,50240674,221668,15068,40,43,39850870,24231,0,0,64560
2026-04-23 21:03:37,144863514,44314,50256069,221736,15463,41,43,39862674,11804,0,0,66778
2026-04-23 21:03:38,144907241,43727,50271222,221802,15219,41,43,39874453,11779,0,0,60297
2026-04-23 21:03:39,144951536,44295,50286576,221869,15421,31,43,39886030,11577,0,0,65687
2026-04-23 21:03:40,144994380,42844,50301494,221916,14965,41,43,39896810,10780,0,0,69306
2026-04-23 21:03:41,145034855,40475,50315514,221982,14086,41,43,39908629,11819,0,0,65171
2026-04-23 21:03:42,145077720,42865,50330400,222048,14952,37,43,39931182,22553,0,0,69269
2026-04-23 21:03:44,145122617,44897,50345948,222128,15628,39,43,39942111,10929,0,0,72083
2026-04-23 21:03:45,145167786,45169,50361639,222203,15766,40,43,39953359,11248,0,0,65900
2026-04-23 21:03:46,145212843,45057,50377280,222250,15688,41,43,39964577,11218,0,0,68641
2026-04-23 21:03:47,145255855,43012,50392227,222311,15008,37,43,39975387,10810,0,0,71240
2026-04-23 21:03:48,145298562,42707,50407018,222380,14860,40,43,39997583,22196,0,0,71088
2026-04-23 21:03:50,145341189,42627,50421808,222442,14852,41,43,40009006,11423,0,0,49353
2026-04-23 21:03:51,145386324,45135,50437447,222516,15713,39,43,40019393,10387,0,0,62131
2026-04-23 21:03:52,145427729,41405,50451844,222564,14445,39,43,40030832,11439,0,0,63280
2026-04-23 21:03:53,145472594,44865,50467410,222646,15648,37,43,40041116,10284,0,0,65401
2026-04-23 21:03:54,145516112,43518,50482526,222714,15184,40,43,40052491,11375,0,0,65843
2026-04-23 21:03:55,145559544,43432,50497554,222787,15101,41,43,40074969,22478,0,0,68234
2026-04-23 21:03:57,145603507,43963,50512783,222863,15305,37,43,40086258,11289,0,0,67187
2026-04-23 21:03:58,145648527,45020,50528358,222939,15651,39,43,40097273,11015,0,0,65937
2026-04-23 21:03:59,145692775,44248,50543708,223017,15428,40,43,40108636,11363,0,0,68087
2026-04-23 21:04:00,145738259,45484,50559483,223092,15850,40,43,40119964,11328,0,0,72396
2026-04-23 21:04:01,145780974,42715,50574337,223153,14915,41,43,40130354,10390,0,0,76351
2026-04-23 21:04:02,145826082,45108,50589959,223221,15690,39,43,40152363,22009,0,0,78087
2026-04-23 21:04:04,145872066,45984,50605860,223296,15976,41,43,40163234,10871,0,0,79243
2026-04-23 21:04:05,145918538,46472,50621973,223362,16179,40,43,40173599,10365,0,0,73731
2026-04-23 21:04:06,145962048,43510,50637040,223428,15133,35,43,40184471,10872,0,0,71921
2026-04-23 21:04:07,146007410,45362,50652794,223483,15809,39,43,40195559,11088,0,0,71714
2026-04-23 21:04:08,146051074,43664,50667941,223556,15220,41,43,40206717,11158,0,0,62175
2026-04-23 21:04:09,146093466,42392,50682645,223634,14782,37,43,40228297,21580,0,0,65333
2026-04-23 21:04:11,146139350,45884,50698571,223693,15985,40,43,40239309,11012,0,0,67078
2026-04-23 21:04:12,146184805,45455,50714312,223781,15829,39,43,40250376,11067,0,0,65252
2026-04-23 21:04:13,146230426,45621,50730155,223854,15916,40,43,40261750,11374,0,0,63448
2026-04-23 21:04:14,146277200,46774,50746354,223924,16269,39,43,40273155,11405,0,0,64788
2026-04-23 21:04:15,146321390,44190,50761658,224009,15389,41,43,40284145,10990,0,0,67467
2026-04-23 21:04:16,146366062,44672,50777149,224083,15565,37,43,40305290,21145,0,0,72936
2026-04-23 21:04:18,146410559,44497,50792600,224155,15523,40,43,40316503,11213,0,0,74080
2026-04-23 21:04:19,146455291,44732,50808095,224233,15573,41,43,40326972,10469,0,0,73985
2026-04-23 21:04:20,146500636,45345,50823797,224301,15770,36,43,40337562,10590,0,0,67033
2026-04-23 21:04:21,146546206,45570,50839610,224368,15880,36,43,40348355,10793,0,0,47060
2026-04-23 21:04:22,146588249,42043,50854218,224428,14668,41,43,40359476,11121,0,0,56146
2026-04-23 21:04:23,146629044,40795,50868366,224489,14209,41,43,40380531,21055,0,0,66847
2026-04-23 21:04:25,146673916,44872,50883951,224548,15644,40,43,40391267,10736,0,0,70419
2026-04-23 21:04:26,146718131,44215,50899273,224614,15388,41,43,40401526,10259,0,0,63418
2026-04-23 21:04:27,146763997,45866,50915223,224693,16029,38,43,40412266,10740,0,0,54994
2026-04-23 21:04:28,146812900,48903,50932165,224773,17022,41,43,40424070,11804,0,0,63520
2026-04-23 21:04:29,146859574,46674,50948393,224842,16297,39,43,40435690,11620,0,0,69138
2026-04-23 21:04:30,146906274,46700,50964565,224919,16249,39,43,40459095,23405,0,0,70445
2026-04-23 21:04:32,146955526,49252,50981639,224993,17148,41,43,40471320,12225,0,0,72900
2026-04-23 21:04:33,147004824,49298,50998776,225066,17210,41,43,40483043,11723,0,0,68215
2026-04-23 21:04:34,147053156,48332,51015499,225156,16813,41,43,40494981,11938,0,0,69979
2026-04-23 21:04:35,147101438,48282,51032257,225234,16836,41,43,40506517,11536,0,0,66498
2026-04-23 21:04:36,147146695,45257,51047940,225305,15754,41,43,40518133,11616,0,0,70667
2026-04-23 21:04:37,147190483,43788,51063141,225372,15268,39,43,40540910,22777,0,0,76303
2026-04-23 21:04:39,147237362,46879,51079433,225449,16369,35,43,40551444,10534,0,0,79327
2026-04-23 21:04:40,147283938,46576,51095636,225520,16274,39,43,40563961,12517,0,0,72966
2026-04-23 21:04:41,147329680,45742,51111512,225607,15963,40,43,40575746,11785,0,0,72240
2026-04-23 21:04:42,147375963,46283,51127573,225665,16119,39,43,40586861,11115,0,0,76633
2026-04-23 21:04:43,147421339,45376,51143343,225727,15832,41,43,40597148,10287,0,0,78595
2026-04-23 21:04:44,147464318,42979,51158224,225786,14940,40,43,40619967,22819,0,0,80240
2026-04-23 21:04:46,147510356,46038,51174204,225845,16039,39,43,40630254,10287,0,0,81525
2026-04-23 21:04:47,147556184,45828,51190085,225925,15961,40,43,40640818,10564,0,0,77149
2026-04-23 21:04:48,147602330,46146,51206136,225988,16114,39,43,40652675,11857,0,0,74371
2026-04-23 21:04:49,147652848,50518,51223690,226062,17628,38,43,40663316,10641,0,0,73266
2026-04-23 21:04:50,147701809,48961,51240662,226143,17053,38,43,40675455,12139,0,0,76788
2026-04-23 21:04:51,147751274,49465,51257819,226216,17230,39,43,40699113,23658,0,0,78162
2026-04-23 21:04:53,147801619,50345,51275289,226299,17553,40,43,40710698,11585,0,0,84437
2026-04-23 21:04:54,147852157,50538,51292840,226378,17630,37,43,40721966,11268,0,0,74565
2026-04-23 21:04:55,147902509,50352,51310311,226446,17539,40,43,40733716,11750,0,0,74633
2026-04-23 21:04:56,147952016,49507,51327526,226525,17294,40,43,40745689,11973,0,0,79225
2026-04-23 21:04:57,148002308,50292,51345030,226579,17558,38,43,40757664,11975,0,0,80441
2026-04-23 21:04:58,148053279,50971,51362687,226650,17728,41,43,40781460,23796,0,0,77820
2026-04-23 21:05:00,148103170,49891,51380012,226729,17404,40,43,40793344,11884,0,0,77155
2026-04-23 21:05:01,148154041,50871,51397669,226787,17715,36,43,40804936,11592,0,0,65519
2026-04-23 21:05:02,148205244,51203,51415431,226877,17852,39,43,40816747,11811,0,0,66382
2026-04-23 21:05:03,148252026,46782,51431669,226948,16309,38,43,40829987,13240,0,0,69547
2026-04-23 21:05:04,148302168,50142,51449058,227037,17478,37,43,40841588,11601,0,0,70506
2026-04-23 21:05:05,148352354,50186,51466444,227123,17472,40,43,40865753,24165,0,0,71851
2026-04-23 21:05:07,148402499,50145,51483847,227193,17473,41,43,40877314,11561,0,0,75870
2026-04-23 21:05:08,148451304,48805,51500817,227259,17036,39,43,40888741,11427,0,0,72900
2026-04-23 21:05:09,148501289,49985,51518154,227344,17422,41,43,40901207,12466,0,0,44732
2026-04-23 21:05:10,148550701,49412,51535293,227425,17220,41,43,40913074,11867,0,0,51188
2026-04-23 21:05:11,148599755,49054,51552333,227507,17122,37,43,40925502,12428,0,0,63591
2026-04-23 21:05:12,148649682,49927,51569644,227595,17399,40,43,40949576,24074,0,0,69544
2026-04-23 21:05:14,148699711,50029,51587042,227675,17478,40,43,40961455,11879,0,0,70255
2026-04-23 21:05:15,148750713,51002,51604777,227733,17793,38,43,40973202,11747,0,0,60621
2026-04-23 21:05:16,148799832,49119,51621802,227812,17104,40,43,40985149,11947,0,0,63765
2026-04-23 21:05:17,148848781,48949,51638841,227876,17103,39,43,40996086,10937,0,0,70177
2026-04-23 21:05:18,148897004,48223,51655577,227946,16806,39,43,41019880,23794,0,0,71222
2026-04-23 21:05:20,148947107,50103,51673020,228013,17510,37,43,41031745,11865,0,0,73854
2026-04-23 21:05:21,148996685,49578,51690249,228099,17315,41,43,41043674,11929,0,0,74788
2026-04-23 21:05:22,149047070,50385,51707731,228168,17551,40,43,41056432,12758,0,0,66362
2026-04-23 21:05:23,149098007,50937,51725422,228226,17749,41,43,41068012,11580,0,0,68963
2026-04-23 21:05:24,149148127,50120,51742794,228304,17450,39,43,41080254,12242,0,0,69281
2026-04-23 21:05:25,149197571,49444,51759952,228372,17226,37,43,41104856,24602,0,0,74476
2026-04-23 21:05:27,149247590,50019,51777297,228463,17436,40,43,41116730,11874,0,0,77414
2026-04-23 21:05:28,149297899,50309,51794740,228553,17533,40,43,41128810,12080,0,0,80253
2026-04-23 21:05:29,149344244,46345,51810832,228627,16166,40,43,41140893,12083,0,0,72009
2026-04-23 21:05:30,149390308,46064,51826801,228689,16031,39,43,41151651,10758,0,0,71344
2026-04-23 21:05:31,149437682,47374,51843221,228774,16505,41,43,41162345,10694,0,0,71851
2026-04-23 21:05:32,149485693,48011,51859869,228864,16738,38,43,41185265,22920,0,0,75294
2026-04-23 21:05:34,149535072,49379,51876986,228941,17194,39,44,41196966,11701,0,0,79144
2026-04-23 21:05:35,149584651,49579,51894205,229015,17293,39,43,41208687,11721,0,0,79063
2026-04-23 21:05:36,149634520,49869,51911535,229075,17390,38,43,41220346,11659,0,0,72462
2026-04-23 21:05:37,149685536,51016,51929221,229151,17762,40,43,41232285,11939,0,0,76614
2026-04-23 21:05:38,149734449,48913,51946214,229230,17072,39,43,41244268,11983,0,0,81623
2026-04-23 21:05:39,149782818,48369,51963035,229291,16882,40,43,41269245,24977,0,0,74410
2026-04-23 21:05:41,149832469,49651,51980263,229356,17293,36,43,41281817,12572,0,0,79058
2026-04-23 21:05:42,149883989,51520,51998146,229431,17958,40,43,41294071,12254,0,0,69101
2026-04-23 21:05:43,149933730,49741,52015397,229517,17337,40,43,41305868,11797,0,0,67287
2026-04-23 21:05:44,149982933,49203,52032503,229585,17174,40,43,41318008,12140,0,0,69431
2026-04-23 21:05:45,150031052,48119,52049209,229649,16770,39,43,41330261,12253,0,0,75703
2026-04-23 21:05:46,150080872,49820,52066481,229722,17345,39,43,41354793,24532,0,0,79182
2026-04-23 21:05:48,150130213,49341,52083601,229811,17209,36,43,41366768,11975,0,0,79521
2026-04-23 21:05:49,150179736,49523,52100780,229883,17251,40,43,41378783,12015,0,0,66767
2026-04-23 21:05:50,150229596,49860,52118076,229957,17370,39,43,41390544,11761,0,0,67803
2026-04-23 21:05:51,150280368,50772,52135688,230032,17687,40,43,41402320,11776,0,0,72308
2026-04-23 21:05:52,150329132,48764,52152595,230103,16978,40,43,41414410,12090,0,0,77703
2026-04-23 21:05:53,150379049,49917,52169932,230156,17390,39,43,41440007,25597,0,0,82403
2026-04-23 21:05:55,150428934,49885,52187279,230234,17425,37,43,41452326,12319,0,0,85632
2026-04-23 21:05:56,150477649,48715,52204182,230320,16989,40,43,41464709,12383,0,0,54949
2026-04-23 21:05:57,150527268,49619,52221416,230385,17299,39,43,41476592,11883,0,0,59571
2026-04-23 21:05:58,150575674,48406,52238269,230452,16920,38,43,41488886,12294,0,0,65617
2026-04-23 21:05:59,150625020,49346,52255325,230529,17133,40,43,41513771,24885,0,0,67929
2026-04-23 21:06:01,150675545,50525,52272865,230611,17622,41,43,41526817,13046,0,0,71959
2026-04-23 21:06:02,150726223,50678,52290437,230685,17646,37,43,41539452,12635,0,0,78798
2026-04-23 21:06:03,150776934,50711,52308012,230768,17658,41,43,41551741,12289,0,0,64866
2026-04-23 21:06:04,150827314,50380,52325480,230843,17543,39,43,41564218,12477,0,0,64902
2026-04-23 21:06:05,150876638,49324,52342574,230928,17179,38,43,41576574,12356,0,0,65115
2026-04-23 21:06:06,150926495,49857,52359863,231007,17368,41,43,41601164,24590,0,0,66248
2026-04-23 21:06:08,150975975,49480,52377040,231085,17255,40,43,41613677,12513,0,0,48542
2026-04-23 21:06:09,151024965,48990,52394007,231172,17054,39,43,41626662,12985,0,0,62857
2026-04-23 21:06:10,151074484,49519,52411192,231257,17270,38,43,41638478,11816,0,0,47666
2026-04-23 21:06:11,151122956,48472,52428057,231332,16940,40,43,41650773,12295,0,0,49561
2026-04-23 21:06:12,151171648,48692,52444966,231406,16983,41,43,41663482,12709,0,0,58380
2026-04-23 21:06:13,151221251,49603,52462170,231476,17274,39,43,41687797,24315,0,0,65173
2026-04-23 21:06:15,151270733,49482,52479320,231564,17238,41,43,41700334,12537,0,0,70544
2026-04-23 21:06:16,151318790,48057,52496018,231640,16774,40,43,41713147,12813,0,0,52300
2026-04-23 21:06:17,151366450,47660,52512551,231729,16622,40,43,41726140,12993,0,0,29434
2026-04-23 21:06:18,151415046,48596,52529401,231812,16933,41,43,41738413,12273,0,0,39997
2026-04-23 21:06:19,151462578,47532,52545903,231900,16590,41,43,41751277,12864,0,0,47080
2026-04-23 21:06:20,151507272,44694,52561423,231962,15582,41,43,41763899,12622,0,0,52919
2026-04-23 21:06:22,151552492,45220,52577108,232024,15747,40,43,41788921,25022,0,0,64565
2026-04-23 21:06:23,151599868,47376,52593565,232086,16519,41,43,41800424,11503,0,0,71855
2026-04-23 21:06:24,151645243,45375,52609338,232141,15828,41,43,41812433,12009,0,0,66630
2026-04-23 21:06:25,151692233,46990,52625659,232194,16374,38,43,41823692,11259,0,0,70611
2026-04-23 21:06:26,151737007,44774,52641212,232256,15615,38,43,41836002,12310,0,0,75159
2026-04-23 21:06:27,151781869,44862,52656809,232317,15658,40,43,41861302,25300,0,0,77927
2026-04-23 21:06:29,151829396,47527,52673266,232384,16524,41,43,41872995,11693,0,0,78734
2026-04-23 21:06:30,151877616,48220,52689958,232455,16763,41,43,41884533,11538,0,0,79807
2026-04-23 21:06:31,151924468,46852,52706210,232531,16328,40,43,41896755,12222,0,0,72161
2026-04-23 21:06:32,151972346,47878,52722851,232590,16700,39,43,41908994,12239,0,0,75587
2026-04-23 21:06:33,152018171,45825,52738750,232668,15977,41,43,41921226,12232,0,0,79068
2026-04-23 21:06:34,152064204,46033,52754687,232751,16020,40,43,41945403,24177,0,0,81089
2026-04-23 21:06:36,152111198,46994,52770947,232827,16336,38,43,41956959,11556,0,0,83217
2026-04-23 21:06:37,152157389,46191,52786952,232892,16070,39,43,41968043,11084,0,0,73065
2026-04-23 21:06:38,152203217,45828,52802845,232958,15959,41,43,41979260,11217,0,0,70992
2026-04-23 21:06:39,152249402,46185,52818865,233011,16073,39,43,41990557,11297,0,0,71990
2026-04-23 21:06:40,152295035,45633,52834705,233073,15902,41,43,42002102,11545,0,0,71015
2026-04-23 21:06:41,152342381,47346,52851130,233145,16497,40,43,42027192,25090,0,0,73193
2026-04-23 21:06:43,152389295,46914,52867439,233223,16387,38,43,42039286,12094,0,0,76539
2026-04-23 21:06:44,152437895,48600,52884319,233292,16949,40,43,42051525,12239,0,0,72326
2026-04-23 21:06:45,152487078,49183,52901402,233371,17162,39,43,42064716,13191,0,0,73429
2026-04-23 21:06:46,152536160,49082,52918438,233443,17108,41,43,42077515,12799,0,0,72133
2026-04-23 21:06:47,152584697,48537,52935293,233509,16921,40,43,42090373,12858,0,0,75053
2026-04-23 21:06:49,152633429,48732,52952183,233584,16965,39,43,42116875,26502,0,0,76811
2026-04-23 21:06:50,152678205,44776,52967702,233648,15583,40,43,42129463,12588,0,0,78464
2026-04-23 21:06:51,152724955,46750,52983933,233720,16303,37,43,42140481,11018,0,0,71577
2026-04-23 21:06:52,152772053,47098,53000232,233807,16386,39,43,42153301,12820,0,0,73912
2026-04-23 21:06:53,152817774,45721,53016129,233861,15951,41,43,42165378,12077,0,0,74501
2026-04-23 21:06:54,152861446,43672,53031270,233924,15204,41,43,42177476,12098,0,0,76091
2026-04-23 21:06:55,152906628,45182,53046926,233993,15725,38,43,42201081,23605,0,0,76302
2026-04-23 21:06:57,152953128,46500,53063027,234063,16171,39,43,42212949,11868,0,0,64375
2026-04-23 21:06:58,153003734,50606,53080583,234146,17639,39,43,42224819,11870,0,0,56450
2026-04-23 21:06:59,153053705,49971,53097917,234218,17406,38,43,42237801,12982,0,0,62346
2026-04-23 21:07:00,153103520,49815,53115203,234302,17370,41,43,42250894,13093,0,0,66579
2026-04-23 21:07:01,153152314,48794,53132128,234362,16985,40,43,42277556,26662,0,0,73822
2026-04-23 21:07:03,153201428,49114,53149225,234431,17166,38,43,42291644,14088,0,0,73203
2026-04-23 21:07:04,153250011,48583,53166033,234519,16896,40,43,42305267,13623,0,0,79553
2026-04-23 21:07:05,153298500,48489,53182864,234575,16887,40,43,42317123,11856,0,0,70075
2026-04-23 21:07:06,153347986,49486,53200042,234650,17253,38,43,42330335,13212,0,0,71835
2026-04-23 21:07:07,153397023,49037,53217076,234717,17101,38,43,42343196,12861,0,0,72936
2026-04-23 21:07:08,153445989,48966,53234068,234794,17069,41,43,42369605,26409,0,0,73089
2026-04-23 21:07:10,153495977,49988,53251418,234879,17435,40,43,42382542,12937,0,0,73597
2026-04-23 21:07:11,153545224,49247,53268498,234947,17148,41,43,42395950,13408,0,0,79365
2026-04-23 21:07:12,153594914,49690,53285757,235015,17327,40,43,42408520,12570,0,0,64896
2026-04-23 21:07:13,153643804,48890,53302752,235095,17075,39,43,42422036,13516,0,0,69044
2026-04-23 21:07:14,153692154,48350,53319484,235181,16818,39,43,42435787,13751,0,0,73399
2026-04-23 21:07:15,153739633,47479,53335943,235252,16530,40,43,42460116,24329,0,0,71870
2026-04-23 21:07:17,153787400,47767,53352513,235320,16638,40,43,42473512,13396,0,0,72250
2026-04-23 21:07:18,153835804,48404,53369276,235403,16846,38,43,42485218,11706,0,0,72648
2026-04-23 21:07:19,153884694,48890,53386207,235479,17007,40,43,42497931,12713,0,0,72906
2026-04-23 21:07:20,153934186,49492,53403357,235570,17241,37,43,42509951,12020,0,0,77423
2026-04-23 21:07:21,153980354,46168,53419415,235634,16122,41,43,42523180,13229,0,0,81734
2026-04-23 21:07:22,154027117,46763,53435621,235716,16288,40,43,42549574,26394,0,0,82582
2026-04-23 21:07:24,154077120,50003,53452964,235792,17419,37,43,42562692,13118,0,0,85625
2026-04-23 21:07:25,154126255,49135,53470004,235875,17123,41,43,42575852,13160,0,0,86253
2026-04-23 21:07:26,154175187,48932,53486961,235957,17039,41,43,42588667,12815,0,0,82793
2026-04-23 21:07:27,154223806,48619,53503794,236031,16907,41,43,42601733,13066,0,0,77740
2026-04-23 21:07:28,154268930,45124,53519432,236093,15700,39,43,42614039,12306,0,0,85033
2026-04-23 21:07:29,154315813,46883,53535667,236173,16315,40,43,42638972,24933,0,0,90132
2026-04-23 21:07:31,154364885,49072,53552693,236241,17094,37,43,42652190,13218,0,0,93526
2026-04-23 21:07:32,154415294,50409,53570160,236329,17555,38,43,42664475,12285,0,0,94537
2026-04-23 21:07:33,154465654,50360,53587587,236401,17499,39,43,42677803,13328,0,0,82064
2026-04-23 21:07:34,154513727,48073,53604292,236462,16766,39,43,42690277,12474,0,0,82079
2026-04-23 21:07:35,154561560,47833,53620867,236524,16637,41,43,42703143,12866,0,0,75770
2026-04-23 21:07:36,154608670,47110,53637168,236590,16367,39,43,42728019,24876,0,0,77461
2026-04-23 21:07:38,154657371,48701,53654050,236673,16965,39,43,42740900,12881,0,0,80577
2026-04-23 21:07:39,154706656,49285,53671150,236753,17180,40,43,42754090,13190,0,0,80878
2026-04-23 21:07:40,154755724,49068,53688197,236822,17116,37,43,42767208,13118,0,0,70239
2026-04-23 21:07:41,154801971,46247,53704280,236882,16143,40,43,42780694,13486,0,0,71217
2026-04-23 21:07:42,154848641,46670,53720509,236951,16298,32,43,42793108,12414,0,0,71469
2026-04-23 21:07:43,154896421,47780,53737086,237023,16649,40,43,42819102,25994,0,0,68968
2026-04-23 21:07:45,154945597,49176,53754133,237099,17123,40,43,42831810,12708,0,0,73074
2026-04-23 21:07:46,154994049,48452,53770940,237172,16880,41,43,42844422,12612,0,0,72429
2026-04-23 21:07:47,155041456,47407,53787383,237245,16516,40,43,42856949,12527,0,0,64028
2026-04-23 21:07:48,155089403,47947,53804018,237326,16716,41,43,42869046,12097,0,0,68761
2026-04-23 21:07:49,155137238,47835,53820600,237413,16669,41,43,42881110,12064,0,0,71951
2026-04-23 21:07:50,155183977,46739,53836814,237494,16295,32,43,42907361,26251,0,0,76797
2026-04-23 21:07:52,155233184,49207,53853877,237570,17139,40,43,42920278,12917,0,0,79024
2026-04-23 21:07:53,155280262,47078,53870221,237631,16405,38,43,42932665,12387,0,0,81007
2026-04-23 21:07:54,155326407,46145,53886188,237701,16037,40,43,42945638,12973,0,0,72586
2026-04-23 21:07:55,155373481,47074,53902539,237770,16420,40,43,42956575,10937,0,0,69398
2026-04-23 21:07:56,155417021,43540,53917664,237833,15188,40,43,42969158,12583,0,0,70035
2026-04-23 21:07:57,155457817,40796,53931818,237901,14222,41,43,42991827,22669,0,0,65174
2026-04-23 21:07:59,155499522,41705,53946275,237969,14525,41,43,43002734,10907,0,0,65658
2026-04-23 21:08:00,155540899,41377,53960604,238040,14400,37,43,43013497,10763,0,0,64915
2026-04-23 21:08:01,155582496,41597,53975041,238100,14497,39,43,43024421,10924,0,0,53313
2026-04-23 21:08:02,155625354,42858,53989925,238157,14941,33,43,43034577,10156,0,0,54790
2026-04-23 21:08:03,155665572,40218,54003917,238200,14035,38,43,43044607,10030,0,0,54987
2026-04-23 21:08:04,155705077,39505,54017582,238271,13736,38,43,43066811,22204,0,0,53340
2026-04-23 21:08:06,155746058,40981,54031783,238334,14264,39,43,43077906,11095,0,0,27753
2026-04-23 21:08:07,155789083,43025,54046700,238387,14970,41,43,43087258,9352,0,0,26053
2026-04-23 21:08:08,155830230,41147,54060990,238440,14343,38,43,43098817,11559,0,0,32821
2026-04-23 21:08:09,155871886,41656,54075444,238501,14515,41,43,43109472,10655,0,0,29804
2026-04-23 21:08:10,155910630,38744,54088923,238559,13537,41,43,43120411,10939,0,0,29700
2026-04-23 21:08:11,155951675,41045,54103162,238616,14296,40,43,43142490,22079,0,0,39538
2026-04-23 21:08:13,155996008,44333,54118549,238683,15454,38,43,43154368,11878,0,0,31854
2026-04-23 21:08:14,156040605,44597,54134052,238762,15582,39,43,43165699,11331,0,0,43666
2026-04-23 21:08:15,156085955,45350,54149771,238835,15792,41,43,43177714,12015,0,0,47940
2026-04-23 21:08:16,156130841,44886,54165348,238901,15643,39,43,43189463,11749,0,0,52872
2026-04-23 21:08:17,156175038,44197,54180678,238986,15415,40,43,43201149,11686,0,0,40066
2026-04-23 21:08:18,156220079,45041,54196270,239057,15663,41,43,43225021,23872,0,0,50339
2026-04-23 21:08:20,156265170,45091,54211899,239134,15706,39,43,43237150,12129,0,0,57429
2026-04-23 21:08:21,156310802,45632,54227761,239200,15928,41,43,43248619,11469,0,0,60463
2026-04-23 21:08:22,156356574,45772,54243605,239281,15925,40,43,43261136,12517,0,0,48641
2026-04-23 21:08:23,156401106,44532,54259072,239344,15530,38,43,43272476,11340,0,0,34205
2026-04-23 21:08:24,156444919,43813,54274304,239420,15308,41,43,43284646,12170,0,0,47327
2026-04-23 21:08:25,156489393,44474,54289729,239487,15492,40,43,43309283,24637,0,0,58997
2026-04-23 21:08:27,156536046,46653,54305878,239563,16225,40,43,43321276,11993,0,0,63251
2026-04-23 21:08:28,156582611,46565,54322012,239635,16206,40,43,43333606,12330,0,0,67179
2026-04-23 21:08:29,156627817,45206,54337715,239695,15763,39,43,43345341,11735,0,0,63754
2026-04-23 21:08:30,156673938,46121,54353684,239781,16055,41,43,43356859,11518,0,0,66926
2026-04-23 21:08:31,156719728,45790,54369573,239855,15963,41,43,43368547,11688,0,0,74458
2026-04-23 21:08:32,156764809,45081,54385212,239912,15696,39,43,43391365,22818,0,0,75155
2026-04-23 21:08:34,156810480,45671,54401081,239983,15940,42,44,43403204,11839,0,0,74938
2026-04-23 21:08:35,156856542,46062,54417086,240047,16069,41,43,43414482,11278,0,0,72904
2026-04-23 21:08:36,156902542,46000,54433005,240105,15977,40,43,43426168,11686,0,0,68031
2026-04-23 21:08:37,156948438,45896,54448914,240179,15983,40,43,43437766,11598,0,0,69473
2026-04-23 21:08:38,156991765,43327,54463918,240252,15077,34,43,43449846,12080,0,0,70395
2026-04-23 21:08:39,157036282,44517,54479364,240324,15518,41,43,43472590,22744,0,0,73747
2026-04-23 21:08:41,157080243,43961,54494651,240388,15351,37,43,43484023,11433,0,0,76586
2026-04-23 21:08:42,157125173,44930,54510291,240445,15697,41,43,43495311,11288,0,0,73989
2026-04-23 21:08:43,157171093,45920,54526199,240518,15981,41,43,43506811,11500,0,0,57988
2026-04-23 21:08:44,157215890,44797,54541744,240595,15622,41,43,43518015,11204,0,0,55908
2026-04-23 21:08:45,157257501,41611,54556232,240656,14549,41,43,43529378,11363,0,0,59718
2026-04-23 21:08:46,157300001,42500,54570925,240722,14759,41,43,43551309,21931,0,0,60833
2026-04-23 21:08:48,157343480,43479,54585977,240791,15121,40,43,43562108,10799,0,0,63421
2026-04-23 21:08:49,157387626,44146,54601276,240858,15366,38,43,43571962,9854,0,0,65999
2026-04-23 21:08:50,157431546,43920,54616523,240925,15314,38,43,43582630,10668,0,0,60619
2026-04-23 21:08:51,157475156,43610,54631618,241009,15179,41,43,43593677,11047,0,0,63823
2026-04-23 21:08:52,157517091,41935,54646169,241088,14630,41,43,43604356,10679,0,0,70617
2026-04-23 21:08:53,157559693,42602,54660948,241141,14832,41,43,43625518,21162,0,0,74706
2026-04-23 21:08:55,157602422,42729,54675784,241220,14915,39,43,43636332,10814,0,0,76130
2026-04-23 21:08:56,157642476,40054,54689670,241279,13945,41,43,43647649,11317,0,0,36788
2026-04-23 21:08:57,157687553,45077,54705313,241332,15696,38,43,43657574,9925,0,0,32381
2026-04-23 21:08:58,157730311,42758,54720187,241400,14942,41,43,43668004,10430,0,0,39068
2026-04-23 21:08:59,157771447,41136,54734454,241462,14329,41,43,43678620,10616,0,0,44090
2026-04-23 21:09:00,157813776,42329,54749121,241537,14742,40,43,43700022,21402,0,0,53925
2026-04-23 21:09:02,157855976,42200,54763776,241591,14709,41,43,43710000,9978,0,0,54461
2026-04-23 21:09:03,157898264,42288,54778444,241653,14730,41,43,43719874,9874,0,0,57574
2026-04-23 21:09:04,157941644,43380,54793474,241719,15096,39,43,43730063,10189,0,0,51203
2026-04-23 21:09:05,157985602,43958,54808733,241788,15328,41,43,43740466,10403,0,0,57131
2026-04-23 21:09:06,158026414,40812,54822914,241854,14247,41,43,43751328,10862,0,0,59865
2026-04-23 21:09:07,158069075,42661,54837706,241927,14865,40,43,43773495,22167,0,0,63681
2026-04-23 21:09:09,158112644,43569,54852847,241991,15205,41,43,43784916,11421,0,0,64754
2026-04-23 21:09:10,158157556,44912,54868421,242063,15646,41,43,43796009,11093,0,0,66405
2026-04-23 21:09:11,158201239,43683,54883589,242134,15239,39,43,43806762,10753,0,0,66975
2026-04-23 21:09:12,158244818,43579,54898722,242209,15208,32,43,43817366,10604,0,0,50090
2026-04-23 21:09:13,158289147,44329,54914131,242252,15452,38,43,43828670,11304,0,0,54512
2026-04-23 21:09:14,158333550,44403,54929529,242330,15476,38,43,43850614,21944,0,0,53315
2026-04-23 21:09:16,158379517,45967,54945494,242404,16039,41,43,43862694,12080,0,0,58329
2026-04-23 21:09:17,158424140,44623,54961014,242476,15592,40,43,43874259,11565,0,0,48290
2026-04-23 21:09:18,158468927,44787,54976552,242532,15594,40,43,43885824,11565,0,0,52827
2026-04-23 21:09:19,158514938,46011,54992545,242600,16061,36,43,43896613,10789,0,0,54300
2026-04-23 21:09:20,158557878,42940,55007462,242650,14967,41,43,43907948,11335,0,0,55543
2026-04-23 21:09:21,158602073,44195,55022826,242714,15428,41,43,43929714,21766,0,0,60304
2026-04-23 21:09:23,158648179,46106,55038827,242780,16067,39,43,43941078,11364,0,0,68210
2026-04-23 21:09:24,158693193,45014,55054472,242844,15709,41,43,43951987,10909,0,0,49031
2026-04-23 21:09:25,158738308,45115,55070085,242923,15692,39,43,43962545,10558,0,0,40649
2026-04-23 21:09:26,158781720,43412,55085163,243008,15163,38,43,43973066,10521,0,0,44856
2026-04-23 21:09:27,158825339,43619,55100300,243068,15197,40,43,43994803,21737,0,0,45941
2026-04-23 21:09:28,158870480,45141,55115964,243131,15727,40,43,44005300,10497,0,0,54523
2026-04-23 21:09:30,158916131,45651,55131798,243197,15900,39,43,44015483,10183,0,0,27664
2026-04-23 21:09:31,158960151,44020,55147074,243267,15346,41,43,44026910,11427,0,0,26113
2026-04-23 21:09:32,159004331,44180,55162390,243340,15389,37,43,44037533,10623,0,0,37867
2026-04-23 21:09:33,159047618,43287,55177465,243397,15132,38,43,44048647,11114,0,0,45185
2026-04-23 21:09:34,159091486,43868,55192694,243461,15293,38,43,44070056,21409,0,0,55608
2026-04-23 21:09:35,159135842,44356,55208097,243538,15480,40,43,44081590,11534,0,0,63495
2026-04-23 21:09:37,159180061,44219,55223446,243608,15419,41,43,44092191,10601,0,0,43203
2026-04-23 21:09:38,159225290,45229,55239119,243683,15748,40,43,44102378,10187,0,0,47531
2026-04-23 21:09:39,159270273,44983,55254722,243747,15667,39,43,44113293,10915,0,0,43966
2026-04-23 21:09:40,159313055,42782,55269575,243803,14909,35,43,44123974,10681,0,0,51963
2026-04-23 21:09:41,159356927,43872,55284810,243864,15296,40,43,44145142,21168,0,0,57614
2026-04-23 21:09:42,159401305,44378,55300235,243924,15485,37,43,44156119,10977,0,0,63296
2026-04-23 21:09:44,159447149,45844,55316138,243984,15963,40,43,44167702,11583,0,0,63301
2026-04-23 21:09:45,159493102,45953,55332078,244046,16002,40,43,44177907,10205,0,0,50109
2026-04-23 21:09:46,159539293,46191,55348134,244115,16125,41,43,44188543,10636,0,0,55336
2026-04-23 21:09:47,159584645,45352,55363856,244198,15805,37,43,44199700,11157,0,0,59056
2026-04-23 21:09:48,159627919,43274,55378890,244276,15112,40,43,44221131,21431,0,0,60902
2026-04-23 21:09:50,159674488,46569,55395047,244342,16223,41,43,44232415,11284,0,0,64667
2026-04-23 21:09:51,159718812,44324,55410415,244413,15439,40,43,44242332,9917,0,0,33299
2026-04-23 21:09:52,159763874,45062,55426079,244481,15732,41,43,44253788,11456,0,0,33236
2026-04-23 21:09:53,159809203,45329,55441832,244553,15825,39,43,44264746,10958,0,0,43201
2026-04-23 21:09:54,159852693,43490,55456925,244629,15169,40,43,44275811,11065,0,0,49823
2026-04-23 21:09:55,159897935,45242,55472627,244711,15784,40,43,44297735,21924,0,0,54779
2026-04-23 21:09:57,159943882,45947,55488554,244784,16000,40,43,44308386,10651,0,0,62392
2026-04-23 21:09:58,159989427,45545,55504396,244853,15911,37,43,44319355,10969,0,0,66595
2026-04-23 21:09:59,160034390,44963,55519977,244918,15646,38,43,44330465,11110,0,0,38952
2026-04-23 21:10:00,160079065,44675,55535470,244994,15569,32,43,44341581,11116,0,0,49249
2026-04-23 21:10:01,160122933,43868,55550729,245046,15311,41,43,44351887,10306,0,0,52576
2026-04-23 21:10:02,160168229,45296,55566439,245115,15779,37,43,44374682,22795,0,0,51612
2026-04-23 21:10:04,160214603,46374,55582505,245182,16133,41,43,44385197,10515,0,0,54042
2026-04-23 21:10:05,160259400,44797,55598065,245240,15618,41,43,44395924,10727,0,0,46385
2026-04-23 21:10:06,160303845,44445,55613521,245300,15516,39,43,44407244,11320,0,0,47460
2026-04-23 21:10:07,160348893,45048,55629200,245357,15736,41,43,44418073,10829,0,0,55141
2026-04-23 21:10:08,160393098,44205,55644545,245418,15406,33,43,44429449,11376,0,0,62771
2026-04-23 21:10:09,160437303,44205,55659890,245486,15413,41,43,44451305,21856,0,0,33777
2026-04-23 21:10:11,160483727,46424,55675969,245571,16164,36,43,44462411,11106,0,0,47933
2026-04-23 21:10:12,160529559,45832,55691827,245649,15936,40,43,44472541,10130,0,0,54220
2026-04-23 21:10:13,160575868,46309,55707878,245724,16126,41,43,44483370,10829,0,0,48737
2026-04-23 21:10:14,160621470,45602,55723718,245798,15914,40,43,44494280,10910,0,0,29360
2026-04-23 21:10:15,160665204,43734,55738881,245881,15246,41,43,44516719,22439,0,0,34762
2026-04-23 21:10:16,160710660,45456,55754694,245939,15871,41,43,44528192,11473,0,0,44772
2026-04-23 21:10:18,160756284,45624,55770523,245998,15888,41,43,44539126,10934,0,0,53008
2026-04-23 21:10:19,160801960,45676,55786339,246068,15886,40,43,44549760,10634,0,0,56665
2026-04-23 21:10:20,160847316,45356,55802102,246145,15840,40,43,44561077,11317,0,0,50752
2026-04-23 21:10:21,160891731,44415,55817528,246219,15500,40,43,44572482,11405,0,0,57764
2026-04-23 21:10:22,160935171,43440,55832598,246277,15128,41,43,44594834,22352,0,0,52643
2026-04-23 21:10:23,160978119,42948,55847505,246343,14973,40,43,44605673,10839,0,0,43689
2026-04-23 21:10:25,161023330,45211,55863193,246419,15764,39,43,44616026,10353,0,0,49695
2026-04-23 21:10:26,161068319,44989,55878803,246487,15678,39,43,44626510,10484,0,0,52309
2026-04-23 21:10:27,161113016,44697,55894333,246559,15602,41,43,44637901,11391,0,0,24343
2026-04-23 21:10:28,161158587,45571,55910158,246614,15880,35,43,44649107,11206,0,0,35662
2026-04-23 21:10:29,161202471,43884,55925377,246693,15298,41,43,44659792,10685,0,0,46682
2026-04-23 21:10:30,161246792,44321,55940767,246759,15456,41,43,44681992,22200,0,0,55534
2026-04-23 21:10:32,161292763,45971,55956712,246825,16011,40,43,44692244,10252,0,0,54828
2026-04-23 21:10:33,161339322,46559,55972842,246889,16194,37,43,44702806,10562,0,0,60317
2026-04-23 21:10:34,161384751,45429,55988612,246951,15832,40,43,44714352,11546,0,0,52509
2026-04-23 21:10:35,161429329,44578,56004092,247023,15552,18,43,44725846,11494,0,0,55053
2026-04-23 21:10:36,161472857,43528,56019179,247090,15154,41,43,44737415,11569,0,0,57818
2026-04-23 21:10:37,161517981,45124,56034824,247157,15712,38,43,44759730,22315,0,0,48858
2026-04-23 21:10:39,161561673,43692,56049971,247225,15215,38,43,44770758,11028,0,0,55099
2026-04-23 21:10:40,161606677,45004,56065575,247301,15680,36,43,44781481,10723,0,0,59293
2026-04-23 21:10:41,161652342,45665,56081405,247370,15899,38,43,44793110,11629,0,0,58017
2026-04-23 21:10:42,161697590,45248,56097100,247431,15756,41,43,44803673,10563,0,0,59951
2026-04-23 21:10:43,161740914,43324,56112140,247506,15115,41,43,44814446,10773,0,0,59905
2026-04-23 21:10:44,161785813,44899,56127738,247576,15668,39,43,44837255,22809,0,0,65704
2026-04-23 21:10:46,161832253,46440,56143869,247637,16192,40,43,44848293,11038,0,0,71057
2026-04-23 21:10:47,161875659,43406,56158950,247702,15146,20,22,44859656,11363,0,0,38517
2026-04-23 21:10:48,161897084,21425,56166389,247737,7474,12,13,44868844,9188,0,0,904
2026-04-23 21:10:49,161904993,7909,56169141,247744,2759,1,2,44874041,5197,0,0,54
2026-04-23 21:10:50,161904997,4,56169141,247744,0,1,2,44875582,1541,0,0,0
2026-04-23 21:10:51,161905000,3,56169141,247744,0,1,1,44885582,10000,0,0,0
