timestamp,elapsed_sec,sum_next_o_id
2026-04-26 17:16:55,0,30010000
2026-04-26 17:16:56,1,30010000
2026-04-26 17:16:57,2,30010089
2026-04-26 17:16:58,3,30010348
2026-04-26 17:16:59,4,30010741
2026-04-26 17:17:00,5,30011252
2026-04-26 17:17:01,6,30011922
2026-04-26 17:17:02,7,30012759
2026-04-26 17:17:03,8,30013730
2026-04-26 17:17:04,9,30014818
2026-04-26 17:17:05,10,30016039
2026-04-26 17:17:06,11,30017353
2026-04-26 17:17:07,12,30018780
2026-04-26 17:17:08,13,30020308
2026-04-26 17:17:09,14,30021980
2026-04-26 17:17:10,15,30023808
2026-04-26 17:17:11,16,30025698
2026-04-26 17:17:12,17,30027706
2026-04-26 17:17:13,18,30029806
2026-04-26 17:17:14,19,30032006
2026-04-26 17:17:15,20,30034349
2026-04-26 17:17:16,21,30036728
2026-04-26 17:17:17,22,30039237
2026-04-26 17:17:18,23,30041875
2026-04-26 17:17:19,24,30044614
2026-04-26 17:17:20,25,30047358
2026-04-26 17:17:21,26,30050273
2026-04-26 17:17:22,27,30053272
2026-04-26 17:17:23,28,30056317
2026-04-26 17:17:24,29,30059469
2026-04-26 17:17:25,30,30062695
2026-04-26 17:17:27,32,30066012
2026-04-26 17:17:28,33,30069406
2026-04-26 17:17:29,34,30072772
2026-04-26 17:17:30,35,30076200
2026-04-26 17:17:31,36,30079637
2026-04-26 17:17:32,37,30083084
2026-04-26 17:17:33,38,30086648
2026-04-26 17:17:34,39,30090199
2026-04-26 17:17:35,40,30093761
2026-04-26 17:17:36,41,30097282
2026-04-26 17:17:37,42,30100917
2026-04-26 17:17:38,43,30104656
2026-04-26 17:17:39,44,30108352
2026-04-26 17:17:40,45,30112129
2026-04-26 17:17:41,46,30115982
2026-04-26 17:17:42,47,30119835
2026-04-26 17:17:43,48,30123749
2026-04-26 17:17:44,49,30127673
2026-04-26 17:17:45,50,30131599
2026-04-26 17:17:46,51,30135542
2026-04-26 17:17:47,52,30139503
2026-04-26 17:17:48,53,30143504
2026-04-26 17:17:49,54,30147569
2026-04-26 17:17:50,55,30151614
2026-04-26 17:17:51,56,30155631
2026-04-26 17:17:52,57,30159674
2026-04-26 17:17:53,58,30163663
2026-04-26 17:17:54,59,30167764
2026-04-26 17:17:55,60,30171821
2026-04-26 17:17:57,62,30175932
2026-04-26 17:17:58,63,30180012
2026-04-26 17:17:59,64,30184126
2026-04-26 17:18:00,65,30188228
2026-04-26 17:18:01,66,30192343
2026-04-26 17:18:02,67,30196416
2026-04-26 17:18:03,68,30200512
2026-04-26 17:18:04,69,30204641
2026-04-26 17:18:05,70,30208793
2026-04-26 17:18:06,71,30212962
2026-04-26 17:18:07,72,30217128
2026-04-26 17:18:08,73,30221272
2026-04-26 17:18:09,74,30225325
2026-04-26 17:18:10,75,30229464
2026-04-26 17:18:11,76,30233575
2026-04-26 17:18:12,77,30237774
2026-04-26 17:18:13,78,30241971
2026-04-26 17:18:14,79,30246186
2026-04-26 17:18:15,80,30250413
2026-04-26 17:18:16,81,30254691
2026-04-26 17:18:17,82,30258942
2026-04-26 17:18:18,83,30263099
2026-04-26 17:18:19,84,30267375
2026-04-26 17:18:20,85,30271749
2026-04-26 17:18:21,86,30276020
2026-04-26 17:18:22,87,30280302
2026-04-26 17:18:24,89,30284586
2026-04-26 17:18:25,90,30288974
2026-04-26 17:18:26,91,30293239
2026-04-26 17:18:27,92,30297543
2026-04-26 17:18:28,93,30301921
2026-04-26 17:18:29,94,30306259
2026-04-26 17:18:30,95,30310595
2026-04-26 17:18:31,96,30314976
2026-04-26 17:18:32,97,30319323
2026-04-26 17:18:33,98,30323693
2026-04-26 17:18:34,99,30328027
2026-04-26 17:18:35,100,30332417
2026-04-26 17:18:36,101,30336897
2026-04-26 17:18:37,102,30341315
2026-04-26 17:18:38,103,30345740
2026-04-26 17:18:39,104,30350145
2026-04-26 17:18:40,105,30354531
2026-04-26 17:18:41,106,30358901
2026-04-26 17:18:42,107,30363326
2026-04-26 17:18:43,108,30367765
2026-04-26 17:18:44,109,30372136
2026-04-26 17:18:45,110,30376519
2026-04-26 17:18:46,111,30380920
2026-04-26 17:18:47,112,30385282
2026-04-26 17:18:48,113,30389645
2026-04-26 17:18:49,114,30394010
2026-04-26 17:18:51,116,30398400
2026-04-26 17:18:52,117,30402796
2026-04-26 17:18:53,118,30407191
2026-04-26 17:18:54,119,30411551
2026-04-26 17:18:55,120,30415937
2026-04-26 17:18:56,121,30420289
2026-04-26 17:18:57,122,30424679
2026-04-26 17:18:58,123,30429070
2026-04-26 17:18:59,124,30433432
2026-04-26 17:19:00,125,30437867
2026-04-26 17:19:01,126,30442291
2026-04-26 17:19:02,127,30446641
2026-04-26 17:19:03,128,30451082
2026-04-26 17:19:04,129,30455535
2026-04-26 17:19:05,130,30459966
2026-04-26 17:19:06,131,30464414
2026-04-26 17:19:07,132,30468867
2026-04-26 17:19:08,133,30473399
2026-04-26 17:19:09,134,30477863
2026-04-26 17:19:10,135,30482295
2026-04-26 17:19:11,136,30486860
2026-04-26 17:19:12,137,30491309
2026-04-26 17:19:13,138,30495754
2026-04-26 17:19:14,139,30500248
2026-04-26 17:19:15,140,30504696
2026-04-26 17:19:16,141,30509138
2026-04-26 17:19:17,143,30513630
2026-04-26 17:19:19,144,30518032
2026-04-26 17:19:20,145,30522395
2026-04-26 17:19:21,146,30526856
2026-04-26 17:19:22,147,30531341
2026-04-26 17:19:23,148,30535809
2026-04-26 17:19:24,149,30540267
2026-04-26 17:19:25,150,30544789
2026-04-26 17:19:26,151,30549235
2026-04-26 17:19:27,152,30553763
2026-04-26 17:19:28,153,30558245
2026-04-26 17:19:29,154,30562744
2026-04-26 17:19:30,155,30567168
2026-04-26 17:19:31,156,30571676
2026-04-26 17:19:32,157,30576127
2026-04-26 17:19:33,158,30580544
2026-04-26 17:19:34,159,30585061
2026-04-26 17:19:35,160,30589295
2026-04-26 17:19:36,161,30593770
2026-04-26 17:19:37,162,30598231
2026-04-26 17:19:38,163,30602736
2026-04-26 17:19:39,164,30607214
2026-04-26 17:19:40,165,30611641
2026-04-26 17:19:41,166,30616126
2026-04-26 17:19:42,167,30620529
2026-04-26 17:19:43,168,30624934
2026-04-26 17:19:45,170,30629395
2026-04-26 17:19:46,171,30633836
2026-04-26 17:19:47,172,30638291
2026-04-26 17:19:48,173,30642760
2026-04-26 17:19:49,174,30647183
2026-04-26 17:19:50,175,30651662
2026-04-26 17:19:51,176,30656131
2026-04-26 17:19:52,177,30660593
2026-04-26 17:19:53,178,30665112
2026-04-26 17:19:54,179,30669595
2026-04-26 17:19:55,180,30674059
2026-04-26 17:19:56,181,30678540
2026-04-26 17:19:57,182,30683039
2026-04-26 17:19:58,183,30687417
2026-04-26 17:19:59,184,30691899
2026-04-26 17:20:00,185,30696321
2026-04-26 17:20:01,186,30700683
2026-04-26 17:20:02,187,30705073
2026-04-26 17:20:03,188,30709504
2026-04-26 17:20:04,189,30713935
2026-04-26 17:20:05,190,30718353
2026-04-26 17:20:06,191,30722813
2026-04-26 17:20:07,192,30727313
2026-04-26 17:20:08,193,30731741
2026-04-26 17:20:09,194,30736211
2026-04-26 17:20:10,195,30740703
2026-04-26 17:20:12,197,30745141
2026-04-26 17:20:13,198,30749656
2026-04-26 17:20:14,199,30754089
2026-04-26 17:20:15,200,30758537
2026-04-26 17:20:16,201,30762983
2026-04-26 17:20:17,202,30767431
2026-04-26 17:20:18,203,30771834
2026-04-26 17:20:19,204,30776310
2026-04-26 17:20:20,205,30780643
2026-04-26 17:20:21,206,30785022
2026-04-26 17:20:22,207,30789436
2026-04-26 17:20:23,208,30793773
2026-04-26 17:20:24,209,30798170
2026-04-26 17:20:25,210,30802593
2026-04-26 17:20:26,211,30807011
2026-04-26 17:20:27,212,30811460
2026-04-26 17:20:28,213,30815875
2026-04-26 17:20:29,214,30820331
2026-04-26 17:20:30,215,30824756
2026-04-26 17:20:31,216,30829150
2026-04-26 17:20:32,217,30833568
2026-04-26 17:20:33,218,30837976
2026-04-26 17:20:34,219,30842459
2026-04-26 17:20:35,220,30846974
2026-04-26 17:20:36,221,30851368
2026-04-26 17:20:37,222,30855803
2026-04-26 17:20:39,224,30860292
2026-04-26 17:20:40,225,30864719
2026-04-26 17:20:41,226,30869179
2026-04-26 17:20:42,227,30873607
2026-04-26 17:20:43,228,30878090
2026-04-26 17:20:44,229,30882496
2026-04-26 17:20:45,230,30886928
2026-04-26 17:20:46,231,30891345
2026-04-26 17:20:47,232,30895771
2026-04-26 17:20:48,233,30900085
2026-04-26 17:20:49,234,30904497
2026-04-26 17:20:50,235,30908911
2026-04-26 17:20:51,236,30913394
2026-04-26 17:20:52,237,30917573
2026-04-26 17:20:53,238,30921597
2026-04-26 17:20:54,239,30925643
2026-04-26 17:20:55,240,30929792
2026-04-26 17:20:56,241,30933987
2026-04-26 17:20:57,242,30938181
2026-04-26 17:20:59,244,30942365
2026-04-26 17:21:00,245,30946632
2026-04-26 17:21:01,246,30950955
2026-04-26 17:21:02,247,30955377
2026-04-26 17:21:03,248,30959874
2026-04-26 17:21:04,249,30964301
2026-04-26 17:21:05,250,30968737
2026-04-26 17:21:06,251,30973159
2026-04-26 17:21:07,252,30977577
2026-04-26 17:21:08,253,30981967
2026-04-26 17:21:09,254,30986410
2026-04-26 17:21:10,255,30990805
2026-04-26 17:21:12,257,30995259
2026-04-26 17:21:13,258,30999750
2026-04-26 17:21:14,259,31004245
2026-04-26 17:21:15,260,31008760
2026-04-26 17:21:16,261,31013244
2026-04-26 17:21:17,262,31017691
2026-04-26 17:21:18,263,31021883
2026-04-26 17:21:19,264,31026149
2026-04-26 17:21:20,265,31030569
2026-04-26 17:21:21,266,31035046
2026-04-26 17:21:22,267,31039436
2026-04-26 17:21:24,269,31043903
2026-04-26 17:21:25,270,31048337
2026-04-26 17:21:26,271,31052865
2026-04-26 17:21:27,272,31057376
2026-04-26 17:21:28,273,31061875
2026-04-26 17:21:29,274,31066383
2026-04-26 17:21:30,275,31070868
2026-04-26 17:21:31,276,31075387
2026-04-26 17:21:32,277,31079813
2026-04-26 17:21:33,278,31084250
2026-04-26 17:21:34,279,31088793
2026-04-26 17:21:35,280,31093269
2026-04-26 17:21:37,282,31097761
2026-04-26 17:21:38,283,31102260
2026-04-26 17:21:39,284,31106822
2026-04-26 17:21:40,285,31111255
2026-04-26 17:21:41,286,31115754
2026-04-26 17:21:42,287,31120245
2026-04-26 17:21:43,288,31124691
2026-04-26 17:21:44,289,31129197
2026-04-26 17:21:45,290,31133591
2026-04-26 17:21:46,291,31138020
2026-04-26 17:21:47,292,31142367
2026-04-26 17:21:48,293,31146840
2026-04-26 17:21:50,295,31151217
2026-04-26 17:21:51,296,31155627
2026-04-26 17:21:52,297,31160147
2026-04-26 17:21:53,298,31164657
2026-04-26 17:21:54,299,31169188
2026-04-26 17:21:55,300,31173660
2026-04-26 17:21:56,301,31178121
2026-04-26 17:21:57,302,31182565
2026-04-26 17:21:58,303,31187104
2026-04-26 17:21:59,304,31191601
2026-04-26 17:22:00,305,31196107
2026-04-26 17:22:02,307,31200707
2026-04-26 17:22:03,308,31205095
2026-04-26 17:22:04,309,31209583
2026-04-26 17:22:05,310,31214114
2026-04-26 17:22:06,311,31218587
2026-04-26 17:22:07,312,31223071
2026-04-26 17:22:08,313,31227550
2026-04-26 17:22:09,314,31232013
2026-04-26 17:22:10,315,31236514
2026-04-26 17:22:11,316,31240953
2026-04-26 17:22:12,317,31245379
2026-04-26 17:22:13,318,31249925
2026-04-26 17:22:15,320,31254395
2026-04-26 17:22:16,321,31258965
2026-04-26 17:22:17,322,31263423
2026-04-26 17:22:18,323,31267946
2026-04-26 17:22:19,324,31272473
2026-04-26 17:22:20,325,31276937
2026-04-26 17:22:21,326,31281403
2026-04-26 17:22:22,327,31285882
2026-04-26 17:22:23,328,31290323
2026-04-26 17:22:24,329,31294794
2026-04-26 17:22:25,330,31299371
2026-04-26 17:22:27,332,31303858
2026-04-26 17:22:28,333,31308379
2026-04-26 17:22:29,334,31312860
2026-04-26 17:22:30,335,31317395
2026-04-26 17:22:31,336,31321931
2026-04-26 17:22:32,337,31326441
2026-04-26 17:22:33,338,31330874
2026-04-26 17:22:34,339,31335359
2026-04-26 17:22:35,340,31339871
2026-04-26 17:22:36,341,31344386
2026-04-26 17:22:37,342,31348893
2026-04-26 17:22:38,343,31353384
2026-04-26 17:22:40,345,31357869
2026-04-26 17:22:41,346,31362384
2026-04-26 17:22:42,347,31366825
2026-04-26 17:22:43,348,31371317
2026-04-26 17:22:44,349,31375846
2026-04-26 17:22:45,350,31380351
2026-04-26 17:22:46,351,31384800
2026-04-26 17:22:47,352,31389421
2026-04-26 17:22:48,353,31393885
2026-04-26 17:22:49,354,31398401
2026-04-26 17:22:50,355,31402849
2026-04-26 17:22:52,357,31407385
2026-04-26 17:22:53,358,31411807
2026-04-26 17:22:54,359,31416378
2026-04-26 17:22:55,360,31420867
2026-04-26 17:22:56,361,31425326
2026-04-26 17:22:57,362,31429878
2026-04-26 17:22:58,363,31434333
2026-04-26 17:22:59,364,31438770
2026-04-26 17:23:00,365,31443254
2026-04-26 17:23:01,366,31447665
2026-04-26 17:23:02,367,31452098
2026-04-26 17:23:03,368,31456607
2026-04-26 17:23:05,370,31461165
2026-04-26 17:23:06,371,31465629
2026-04-26 17:23:07,372,31470117
2026-04-26 17:23:08,373,31474509
2026-04-26 17:23:09,374,31479026
2026-04-26 17:23:10,375,31483531
2026-04-26 17:23:11,376,31488010
2026-04-26 17:23:12,377,31492482
2026-04-26 17:23:13,378,31496882
2026-04-26 17:23:14,379,31501334
2026-04-26 17:23:15,380,31505756
2026-04-26 17:23:17,382,31510197
2026-04-26 17:23:18,383,31514652
2026-04-26 17:23:19,384,31519032
2026-04-26 17:23:20,385,31523449
2026-04-26 17:23:21,386,31527942
2026-04-26 17:23:22,387,31532398
2026-04-26 17:23:23,388,31536939
2026-04-26 17:23:24,389,31541437
2026-04-26 17:23:25,390,31545929
2026-04-26 17:23:26,391,31550338
2026-04-26 17:23:27,392,31554799
2026-04-26 17:23:28,393,31559290
2026-04-26 17:23:30,395,31563731
2026-04-26 17:23:31,396,31568075
2026-04-26 17:23:32,397,31572556
2026-04-26 17:23:33,398,31577049
2026-04-26 17:23:34,399,31581607
2026-04-26 17:23:35,400,31586033
2026-04-26 17:23:36,401,31590528
2026-04-26 17:23:37,402,31595058
2026-04-26 17:23:38,403,31599484
2026-04-26 17:23:39,404,31603925
2026-04-26 17:23:40,405,31608422
2026-04-26 17:23:42,407,31612899
2026-04-26 17:23:43,408,31617362
2026-04-26 17:23:44,409,31621797
2026-04-26 17:23:45,410,31626317
2026-04-26 17:23:46,411,31630731
2026-04-26 17:23:47,412,31635227
2026-04-26 17:23:48,413,31639721
2026-04-26 17:23:49,414,31644153
2026-04-26 17:23:50,415,31648718
2026-04-26 17:23:51,416,31653257
2026-04-26 17:23:52,417,31657749
2026-04-26 17:23:53,419,31662190
2026-04-26 17:23:55,420,31666563
2026-04-26 17:23:56,421,31671133
2026-04-26 17:23:57,422,31675618
2026-04-26 17:23:58,423,31680121
2026-04-26 17:23:59,424,31684575
2026-04-26 17:24:00,425,31689049
2026-04-26 17:24:01,426,31693510
2026-04-26 17:24:02,427,31697998
2026-04-26 17:24:03,428,31702516
2026-04-26 17:24:04,429,31707024
2026-04-26 17:24:05,430,31711465
2026-04-26 17:24:07,432,31715928
2026-04-26 17:24:08,433,31720368
2026-04-26 17:24:09,434,31724821
2026-04-26 17:24:10,435,31729283
2026-04-26 17:24:11,436,31733757
2026-04-26 17:24:12,437,31738193
2026-04-26 17:24:13,438,31742592
2026-04-26 17:24:14,439,31747104
2026-04-26 17:24:15,440,31751624
2026-04-26 17:24:16,441,31756048
2026-04-26 17:24:17,442,31760486
2026-04-26 17:24:19,444,31764937
2026-04-26 17:24:20,445,31769349
2026-04-26 17:24:21,446,31773813
2026-04-26 17:24:22,447,31778288
2026-04-26 17:24:23,448,31782790
2026-04-26 17:24:24,449,31787200
2026-04-26 17:24:25,450,31791686
2026-04-26 17:24:26,451,31796145
2026-04-26 17:24:27,452,31800415
2026-04-26 17:24:28,453,31804602
2026-04-26 17:24:30,455,31808722
2026-04-26 17:24:31,456,31812970
2026-04-26 17:24:32,457,31817129
2026-04-26 17:24:33,458,31821461
2026-04-26 17:24:34,459,31825840
2026-04-26 17:24:35,460,31830349
2026-04-26 17:24:36,461,31834808
2026-04-26 17:24:37,463,31839178
2026-04-26 17:24:39,464,31843771
2026-04-26 17:24:40,465,31848268
2026-04-26 17:24:41,466,31852714
2026-04-26 17:24:42,467,31857127
2026-04-26 17:24:43,468,31861532
2026-04-26 17:24:44,469,31866019
2026-04-26 17:24:45,470,31870514
2026-04-26 17:24:47,472,31874956
2026-04-26 17:24:48,473,31879467
2026-04-26 17:24:49,474,31883907
2026-04-26 17:24:50,475,31888397
2026-04-26 17:24:51,476,31892896
2026-04-26 17:24:52,477,31897271
2026-04-26 17:24:53,478,31901817
2026-04-26 17:24:55,480,31906437
2026-04-26 17:24:56,481,31910875
2026-04-26 17:24:57,482,31915050
2026-04-26 17:24:58,483,31919560
2026-04-26 17:24:59,484,31924069
2026-04-26 17:25:00,485,31928580
2026-04-26 17:25:01,486,31933039
2026-04-26 17:25:03,488,31937545
2026-04-26 17:25:04,489,31942071
2026-04-26 17:25:05,490,31946553
2026-04-26 17:25:06,491,31951124
2026-04-26 17:25:07,492,31955666
2026-04-26 17:25:08,493,31960176
2026-04-26 17:25:09,494,31964650
2026-04-26 17:25:11,496,31969198
2026-04-26 17:25:12,497,31973791
2026-04-26 17:25:13,498,31978343
2026-04-26 17:25:14,499,31982767
2026-04-26 17:25:15,500,31987197
2026-04-26 17:25:16,501,31991517
2026-04-26 17:25:17,502,31995868
2026-04-26 17:25:18,503,32000277
2026-04-26 17:25:20,505,32004635
2026-04-26 17:25:21,506,32009049
2026-04-26 17:25:22,507,32013532
2026-04-26 17:25:23,508,32017985
2026-04-26 17:25:24,509,32022456
2026-04-26 17:25:25,510,32026874
2026-04-26 17:25:26,511,32031327
2026-04-26 17:25:28,513,32035838
2026-04-26 17:25:29,514,32040387
2026-04-26 17:25:30,515,32044906
2026-04-26 17:25:31,516,32049363
2026-04-26 17:25:32,517,32053836
2026-04-26 17:25:33,518,32058290
2026-04-26 17:25:34,519,32062802
2026-04-26 17:25:36,521,32067159
2026-04-26 17:25:37,522,32071663
2026-04-26 17:25:38,523,32076184
2026-04-26 17:25:39,524,32080631
2026-04-26 17:25:40,525,32085080
2026-04-26 17:25:41,526,32089503
2026-04-26 17:25:42,527,32094005
2026-04-26 17:25:43,528,32098455
2026-04-26 17:25:45,530,32102885
2026-04-26 17:25:46,531,32107420
2026-04-26 17:25:47,532,32111912
2026-04-26 17:25:48,533,32116341
2026-04-26 17:25:49,534,32120810
2026-04-26 17:25:50,535,32125312
2026-04-26 17:25:51,536,32129794
2026-04-26 17:25:53,538,32134238
2026-04-26 17:25:54,539,32138625
2026-04-26 17:25:55,540,32142931
2026-04-26 17:25:56,541,32147410
2026-04-26 17:25:57,542,32151885
2026-04-26 17:25:58,543,32156342
2026-04-26 17:25:59,544,32160765
2026-04-26 17:26:01,546,32165149
2026-04-26 17:26:02,547,32169461
2026-04-26 17:26:03,548,32173981
2026-04-26 17:26:04,549,32178441
2026-04-26 17:26:05,550,32182810
2026-04-26 17:26:06,551,32187250
2026-04-26 17:26:07,552,32191756
2026-04-26 17:26:09,554,32196246
2026-04-26 17:26:10,555,32200687
2026-04-26 17:26:11,556,32205184
2026-04-26 17:26:12,557,32209713
2026-04-26 17:26:13,558,32214056
2026-04-26 17:26:14,559,32218397
2026-04-26 17:26:15,560,32222835
2026-04-26 17:26:16,561,32227327
2026-04-26 17:26:18,563,32231746
2026-04-26 17:26:19,564,32236235
2026-04-26 17:26:20,565,32240672
2026-04-26 17:26:21,566,32245059
2026-04-26 17:26:22,567,32249601
2026-04-26 17:26:23,568,32254039
2026-04-26 17:26:24,569,32258450
2026-04-26 17:26:26,571,32262956
2026-04-26 17:26:27,572,32267300
2026-04-26 17:26:28,573,32271713
2026-04-26 17:26:29,574,32276150
2026-04-26 17:26:30,575,32280640
2026-04-26 17:26:31,576,32285108
2026-04-26 17:26:32,577,32289492
2026-04-26 17:26:34,579,32293952
2026-04-26 17:26:35,580,32298378
2026-04-26 17:26:36,581,32302819
2026-04-26 17:26:37,582,32307190
2026-04-26 17:26:38,583,32311643
2026-04-26 17:26:39,584,32316072
2026-04-26 17:26:40,585,32320480
2026-04-26 17:26:42,587,32325068
2026-04-26 17:26:43,588,32329472
2026-04-26 17:26:44,589,32333843
2026-04-26 17:26:45,590,32338340
2026-04-26 17:26:46,591,32342710
2026-04-26 17:26:47,592,32347101
2026-04-26 17:26:48,593,32351504
2026-04-26 17:26:50,595,32355919
2026-04-26 17:26:51,596,32360384
2026-04-26 17:26:52,597,32364722
2026-04-26 17:26:53,598,32369214
2026-04-26 17:26:54,599,32373575
2026-04-26 17:26:55,600,32378034
2026-04-26 17:26:56,601,32382427
2026-04-26 17:26:58,603,32386690
2026-04-26 17:26:59,604,32390866
2026-04-26 17:27:00,605,32394869
2026-04-26 17:27:01,606,32398872
2026-04-26 17:27:02,607,32403080
2026-04-26 17:27:04,609,32407316
2026-04-26 17:27:05,610,32411553
2026-04-26 17:27:06,611,32415898
2026-04-26 17:27:07,612,32420251
2026-04-26 17:27:08,613,32424416
2026-04-26 17:27:10,615,32428575
2026-04-26 17:27:11,616,32432709
2026-04-26 17:27:12,617,32436948
2026-04-26 17:27:13,618,32441294
2026-04-26 17:27:14,619,32445656
2026-04-26 17:27:15,620,32450085
2026-04-26 17:27:16,621,32454050
2026-04-26 17:27:18,623,32458205
2026-04-26 17:27:19,624,32462428
2026-04-26 17:27:20,625,32466845
2026-04-26 17:27:21,626,32471148
2026-04-26 17:27:22,627,32475392
2026-04-26 17:27:23,628,32479753
2026-04-26 17:27:25,630,32484140
2026-04-26 17:27:26,631,32488433
2026-04-26 17:27:27,632,32492683
2026-04-26 17:27:28,633,32497017
2026-04-26 17:27:29,634,32501292
2026-04-26 17:27:30,635,32505661
2026-04-26 17:27:31,636,32509946
2026-04-26 17:27:33,638,32514053
2026-04-26 17:27:34,639,32518036
2026-04-26 17:27:35,640,32522062
2026-04-26 17:27:36,641,32526108
2026-04-26 17:27:37,642,32530211
2026-04-26 17:27:38,643,32534293
2026-04-26 17:27:40,645,32538425
2026-04-26 17:27:41,646,32542496
2026-04-26 17:27:42,647,32546605
2026-04-26 17:27:43,648,32550692
2026-04-26 17:27:44,649,32554547
2026-04-26 17:27:45,650,32558322
2026-04-26 17:27:46,651,32562427
2026-04-26 17:27:48,653,32566549
2026-04-26 17:27:49,654,32570737
2026-04-26 17:27:50,655,32574868
2026-04-26 17:27:51,656,32578972
2026-04-26 17:27:52,657,32583063
2026-04-26 17:27:53,658,32587269
2026-04-26 17:27:54,659,32591404
2026-04-26 17:27:56,661,32595677
2026-04-26 17:27:57,662,32599912
2026-04-26 17:27:58,663,32604097
2026-04-26 17:27:59,664,32608400
2026-04-26 17:28:00,665,32612596
2026-04-26 17:28:01,666,32617029
2026-04-26 17:28:02,667,32621318
2026-04-26 17:28:04,669,32625858
2026-04-26 17:28:05,670,32630294
2026-04-26 17:28:06,671,32634803
2026-04-26 17:28:07,672,32639269
2026-04-26 17:28:08,673,32643918
2026-04-26 17:28:09,674,32648556
2026-04-26 17:28:10,675,32653027
2026-04-26 17:28:12,677,32657476
2026-04-26 17:28:13,678,32662039
2026-04-26 17:28:14,679,32666619
2026-04-26 17:28:15,680,32671227
2026-04-26 17:28:16,681,32675784
2026-04-26 17:28:17,682,32680450
2026-04-26 17:28:18,683,32685067
2026-04-26 17:28:20,685,32689540
2026-04-26 17:28:21,686,32694023
2026-04-26 17:28:22,687,32698563
2026-04-26 17:28:23,688,32703140
2026-04-26 17:28:24,689,32707756
2026-04-26 17:28:25,690,32712271
2026-04-26 17:28:26,691,32716689
2026-04-26 17:28:28,693,32721124
2026-04-26 17:28:29,694,32725709
2026-04-26 17:28:30,695,32730327
2026-04-26 17:28:31,696,32734832
2026-04-26 17:28:32,697,32739434
2026-04-26 17:28:33,698,32744019
2026-04-26 17:28:34,699,32748649
2026-04-26 17:28:35,700,32753126
2026-04-26 17:28:37,702,32757684
2026-04-26 17:28:38,703,32762274
2026-04-26 17:28:39,704,32766807
2026-04-26 17:28:40,705,32771346
2026-04-26 17:28:41,706,32775865
2026-04-26 17:28:42,707,32780332
2026-04-26 17:28:43,708,32784950
2026-04-26 17:28:45,710,32789439
2026-04-26 17:28:46,711,32793933
2026-04-26 17:28:47,712,32798496
2026-04-26 17:28:48,713,32803043
2026-04-26 17:28:49,714,32807592
2026-04-26 17:28:50,715,32812151
2026-04-26 17:28:51,716,32816694
2026-04-26 17:28:53,718,32821229
2026-04-26 17:28:54,719,32825778
2026-04-26 17:28:55,720,32830240
2026-04-26 17:28:56,721,32834698
2026-04-26 17:28:57,722,32839195
2026-04-26 17:28:58,723,32843714
2026-04-26 17:28:59,724,32848187
2026-04-26 17:29:01,726,32852772
2026-04-26 17:29:02,727,32857234
2026-04-26 17:29:03,728,32861859
2026-04-26 17:29:04,729,32866417
2026-04-26 17:29:05,730,32870940
2026-04-26 17:29:06,731,32875435
2026-04-26 17:29:07,732,32879968
2026-04-26 17:29:08,733,32884568
2026-04-26 17:29:10,735,32889128
2026-04-26 17:29:11,736,32893779
2026-04-26 17:29:12,737,32898388
2026-04-26 17:29:13,738,32902969
2026-04-26 17:29:14,739,32907545
2026-04-26 17:29:15,740,32912326
2026-04-26 17:29:16,741,32917065
2026-04-26 17:29:18,743,32921912
2026-04-26 17:29:19,744,32926715
2026-04-26 17:29:20,745,32931371
2026-04-26 17:29:21,746,32936187
2026-04-26 17:29:22,747,32940878
2026-04-26 17:29:23,748,32945701
2026-04-26 17:29:24,749,32950477
2026-04-26 17:29:26,751,32955246
2026-04-26 17:29:27,752,32960021
2026-04-26 17:29:28,753,32964776
2026-04-26 17:29:29,754,32969406
2026-04-26 17:29:30,755,32974207
2026-04-26 17:29:31,756,32978940
2026-04-26 17:29:32,757,32983785
2026-04-26 17:29:34,759,32988545
2026-04-26 17:29:35,760,32993296
2026-04-26 17:29:36,761,32998035
2026-04-26 17:29:37,762,33002828
2026-04-26 17:29:38,763,33007647
2026-04-26 17:29:39,764,33012391
2026-04-26 17:29:40,765,33017158
2026-04-26 17:29:42,767,33021992
2026-04-26 17:29:43,768,33026763
2026-04-26 17:29:44,769,33031528
2026-04-26 17:29:45,770,33036258
2026-04-26 17:29:46,771,33040961
2026-04-26 17:29:47,772,33045666
2026-04-26 17:29:48,773,33050455
2026-04-26 17:29:50,775,33055176
2026-04-26 17:29:51,776,33059982
2026-04-26 17:29:52,777,33064734
2026-04-26 17:29:53,778,33069474
2026-04-26 17:29:54,779,33074207
2026-04-26 17:29:55,780,33079016
2026-04-26 17:29:56,781,33083753
2026-04-26 17:29:57,782,33088455
2026-04-26 17:29:59,784,33093322
2026-04-26 17:30:00,785,33098097
2026-04-26 17:30:01,786,33102890
2026-04-26 17:30:02,787,33107644
2026-04-26 17:30:03,788,33112503
2026-04-26 17:30:04,789,33117214
2026-04-26 17:30:05,790,33121940
2026-04-26 17:30:07,792,33126776
2026-04-26 17:30:08,793,33131522
2026-04-26 17:30:09,794,33136266
2026-04-26 17:30:10,795,33141019
2026-04-26 17:30:11,796,33145734
2026-04-26 17:30:12,797,33150446
2026-04-26 17:30:13,798,33155281
2026-04-26 17:30:15,800,33160042
2026-04-26 17:30:16,801,33164724
2026-04-26 17:30:17,802,33169472
2026-04-26 17:30:18,803,33174268
2026-04-26 17:30:19,804,33179015
2026-04-26 17:30:20,805,33183749
2026-04-26 17:30:21,806,33188530
2026-04-26 17:30:23,808,33193317
2026-04-26 17:30:24,809,33198081
2026-04-26 17:30:25,810,33202789
2026-04-26 17:30:26,811,33207472
2026-04-26 17:30:27,812,33212173
2026-04-26 17:30:28,813,33216923
2026-04-26 17:30:29,814,33221581
2026-04-26 17:30:30,815,33226392
2026-04-26 17:30:32,817,33231165
2026-04-26 17:30:33,818,33236048
2026-04-26 17:30:34,819,33240761
2026-04-26 17:30:35,820,33245547
2026-04-26 17:30:36,821,33250176
2026-04-26 17:30:37,822,33254671
2026-04-26 17:30:39,824,33259159
2026-04-26 17:30:40,825,33263708
2026-04-26 17:30:41,826,33268197
2026-04-26 17:30:42,827,33272809
2026-04-26 17:30:43,828,33277360
2026-04-26 17:30:44,829,33281981
2026-04-26 17:30:46,831,33286578
2026-04-26 17:30:47,832,33291264
2026-04-26 17:30:48,833,33296005
2026-04-26 17:30:49,834,33300789
2026-04-26 17:30:50,835,33305504
2026-04-26 17:30:52,837,33310261
2026-04-26 17:30:53,838,33314946
2026-04-26 17:30:54,839,33319669
2026-04-26 17:30:55,840,33324443
2026-04-26 17:30:56,841,33329116
2026-04-26 17:30:58,843,33333773
2026-04-26 17:30:59,844,33338466
2026-04-26 17:31:00,845,33343036
2026-04-26 17:31:01,846,33347750
2026-04-26 17:31:02,847,33352518
2026-04-26 17:31:04,849,33356952
2026-04-26 17:31:05,850,33361611
2026-04-26 17:31:06,851,33366340
2026-04-26 17:31:07,852,33371001
2026-04-26 17:31:08,853,33375690
2026-04-26 17:31:09,854,33380355
2026-04-26 17:31:11,856,33385100
2026-04-26 17:31:12,857,33389772
2026-04-26 17:31:13,858,33394501
2026-04-26 17:31:14,859,33399279
2026-04-26 17:31:15,860,33403947
2026-04-26 17:31:17,862,33408798
2026-04-26 17:31:18,863,33413464
2026-04-26 17:31:19,864,33418213
2026-04-26 17:31:20,865,33422881
2026-04-26 17:31:21,866,33427605
2026-04-26 17:31:23,868,33432304
2026-04-26 17:31:24,869,33436775
2026-04-26 17:31:25,870,33441254
2026-04-26 17:31:26,871,33445855
2026-04-26 17:31:27,872,33450217
2026-04-26 17:31:29,874,33454579
2026-04-26 17:31:30,875,33458980
2026-04-26 17:31:31,876,33463469
2026-04-26 17:31:32,877,33467811
2026-04-26 17:31:34,879,33471930
2026-04-26 17:31:35,880,33476064
2026-04-26 17:31:36,881,33480180
2026-04-26 17:31:37,882,33484022
2026-04-26 17:31:38,883,33487871
2026-04-26 17:31:40,885,33491862
2026-04-26 17:31:41,886,33495913
2026-04-26 17:31:42,887,33499921
2026-04-26 17:31:43,888,33503799
2026-04-26 17:31:45,890,33507888
2026-04-26 17:31:46,891,33511859
2026-04-26 17:31:47,892,33515860
2026-04-26 17:31:48,893,33519915
2026-04-26 17:31:50,895,33523916
2026-04-26 17:31:51,896,33527879
2026-04-26 17:31:52,897,33531940
2026-04-26 17:31:53,898,33536049
2026-04-26 17:31:54,899,33540042
2026-04-26 17:31:56,901,33544015
2026-04-26 17:31:57,902,33548208
2026-04-26 17:31:58,903,33552542
2026-04-26 17:31:59,904,33556726
2026-04-26 17:32:01,906,33561122
2026-04-26 17:32:02,907,33565498
2026-04-26 17:32:03,908,33569907
2026-04-26 17:32:04,909,33574265
2026-04-26 17:32:05,910,33578662
2026-04-26 17:32:07,912,33583025
2026-04-26 17:32:08,913,33587509
2026-04-26 17:32:09,914,33592027
2026-04-26 17:32:10,915,33596516
2026-04-26 17:32:11,916,33601118
2026-04-26 17:32:13,918,33605677
2026-04-26 17:32:14,919,33610203
2026-04-26 17:32:15,920,33614698
2026-04-26 17:32:16,921,33619277
2026-04-26 17:32:18,923,33623862
2026-04-26 17:32:19,924,33628629
2026-04-26 17:32:20,925,33633334
2026-04-26 17:32:21,926,33637982
2026-04-26 17:32:23,928,33642557
2026-04-26 17:32:24,929,33647100
2026-04-26 17:32:25,930,33651554
2026-04-26 17:32:26,931,33656265
2026-04-26 17:32:27,932,33660858
2026-04-26 17:32:29,934,33665394
2026-04-26 17:32:30,935,33670184
2026-04-26 17:32:31,936,33674808
2026-04-26 17:32:32,937,33679408
2026-04-26 17:32:33,938,33684031
2026-04-26 17:32:35,940,33688759
2026-04-26 17:32:36,941,33693295
2026-04-26 17:32:37,942,33697975
2026-04-26 17:32:38,943,33702655
2026-04-26 17:32:40,945,33707259
2026-04-26 17:32:41,946,33711779
2026-04-26 17:32:42,947,33716331
2026-04-26 17:32:43,948,33720980
2026-04-26 17:32:44,949,33725621
2026-04-26 17:32:46,951,33730250
2026-04-26 17:32:47,952,33734847
2026-04-26 17:32:48,953,33739494
2026-04-26 17:32:49,954,33744219
2026-04-26 17:32:51,956,33748929
2026-04-26 17:32:52,957,33753526
2026-04-26 17:32:53,958,33757860
2026-04-26 17:32:54,959,33762183
2026-04-26 17:32:55,960,33766471
2026-04-26 17:32:57,962,33770742
2026-04-26 17:32:58,963,33775079
2026-04-26 17:32:59,964,33779326
2026-04-26 17:33:00,965,33783563
2026-04-26 17:33:02,967,33787716
2026-04-26 17:33:03,968,33791994
2026-04-26 17:33:04,969,33796171
2026-04-26 17:33:05,970,33800301
2026-04-26 17:33:07,972,33804288
2026-04-26 17:33:08,973,33808218
2026-04-26 17:33:09,974,33812283
2026-04-26 17:33:10,975,33816377
2026-04-26 17:33:11,976,33820636
2026-04-26 17:33:12,978,33824936
2026-04-26 17:33:14,979,33829212
2026-04-26 17:33:15,980,33833456
2026-04-26 17:33:16,981,33837809
2026-04-26 17:33:17,982,33842068
2026-04-26 17:33:18,983,33846492
2026-04-26 17:33:20,985,33850935
2026-04-26 17:33:21,986,33855291
2026-04-26 17:33:22,987,33859633
2026-04-26 17:33:23,988,33863723
2026-04-26 17:33:24,989,33868039
2026-04-26 17:33:26,991,33871611
2026-04-26 17:33:27,992,33875687
2026-04-26 17:33:28,993,33880188
2026-04-26 17:33:29,994,33884829
2026-04-26 17:33:30,995,33889524
2026-04-26 17:33:32,997,33894232
2026-04-26 17:33:33,998,33898871
2026-04-26 17:33:34,999,33903438
2026-04-26 17:33:35,1000,33908146
2026-04-26 17:33:36,1001,33912749
2026-04-26 17:33:37,1002,33917486
2026-04-26 17:33:39,1004,33922157
2026-04-26 17:33:40,1005,33926776
2026-04-26 17:33:41,1006,33931418
2026-04-26 17:33:42,1007,33936145
2026-04-26 17:33:43,1008,33940799
2026-04-26 17:33:45,1010,33945521
2026-04-26 17:33:46,1011,33950228
2026-04-26 17:33:47,1012,33954836
2026-04-26 17:33:48,1013,33959517
2026-04-26 17:33:49,1014,33964216
2026-04-26 17:33:50,1015,33968871
2026-04-26 17:33:52,1017,33973544
2026-04-26 17:33:53,1018,33978203
2026-04-26 17:33:54,1019,33982834
2026-04-26 17:33:55,1020,33987660
2026-04-26 17:33:56,1021,33992380
2026-04-26 17:33:58,1023,33997059
2026-04-26 17:33:59,1024,34001723
2026-04-26 17:34:00,1025,34006387
2026-04-26 17:34:01,1026,34011030
2026-04-26 17:34:02,1027,34015721
2026-04-26 17:34:03,1028,34020222
2026-04-26 17:34:05,1030,34024865
2026-04-26 17:34:06,1031,34029438
2026-04-26 17:34:07,1032,34034142
2026-04-26 17:34:08,1033,34038947
2026-04-26 17:34:09,1034,34043548
2026-04-26 17:34:11,1036,34048263
2026-04-26 17:34:12,1037,34052945
2026-04-26 17:34:13,1038,34057520
2026-04-26 17:34:14,1039,34062028
2026-04-26 17:34:15,1040,34066792
2026-04-26 17:34:17,1042,34071327
2026-04-26 17:34:18,1043,34075979
2026-04-26 17:34:19,1044,34080642
2026-04-26 17:34:20,1045,34085282
2026-04-26 17:34:21,1046,34089887
2026-04-26 17:34:22,1047,34094536
2026-04-26 17:34:24,1049,34099117
2026-04-26 17:34:25,1050,34103830
2026-04-26 17:34:26,1051,34108420
2026-04-26 17:34:27,1052,34112996
2026-04-26 17:34:28,1053,34117584
2026-04-26 17:34:30,1055,34122376
2026-04-26 17:34:31,1056,34126976
2026-04-26 17:34:32,1057,34131619
2026-04-26 17:34:33,1058,34136219
2026-04-26 17:34:34,1059,34140840
2026-04-26 17:34:35,1060,34145516
2026-04-26 17:34:37,1062,34150167
2026-04-26 17:34:38,1063,34154838
2026-04-26 17:34:39,1064,34159562
2026-04-26 17:34:40,1065,34164363
2026-04-26 17:34:41,1066,34169007
2026-04-26 17:34:42,1067,34173653
2026-04-26 17:34:44,1069,34178379
2026-04-26 17:34:45,1070,34183037
2026-04-26 17:34:46,1071,34187662
2026-04-26 17:34:47,1072,34192519
2026-04-26 17:34:48,1073,34197214
2026-04-26 17:34:50,1075,34201801
2026-04-26 17:34:51,1076,34206524
2026-04-26 17:34:52,1077,34211228
2026-04-26 17:34:53,1078,34215958
2026-04-26 17:34:54,1079,34220605
2026-04-26 17:34:56,1081,34225349
2026-04-26 17:34:57,1082,34229892
2026-04-26 17:34:58,1083,34234449
2026-04-26 17:34:59,1084,34239233
2026-04-26 17:35:00,1085,34243856
2026-04-26 17:35:02,1087,34248633
2026-04-26 17:35:03,1088,34253311
2026-04-26 17:35:04,1089,34257935
2026-04-26 17:35:05,1090,34262659
2026-04-26 17:35:06,1091,34267336
2026-04-26 17:35:07,1092,34272034
2026-04-26 17:35:09,1094,34276606
2026-04-26 17:35:10,1095,34281360
2026-04-26 17:35:11,1096,34286047
2026-04-26 17:35:12,1097,34290674
2026-04-26 17:35:13,1098,34295422
2026-04-26 17:35:15,1100,34300090
2026-04-26 17:35:16,1101,34304662
2026-04-26 17:35:17,1102,34309271
2026-04-26 17:35:18,1103,34313926
2026-04-26 17:35:19,1104,34318560
2026-04-26 17:35:21,1106,34323176
2026-04-26 17:35:22,1107,34327805
2026-04-26 17:35:23,1108,34332258
2026-04-26 17:35:24,1109,34336699
2026-04-26 17:35:25,1110,34341117
2026-04-26 17:35:27,1112,34345496
2026-04-26 17:35:28,1113,34349893
2026-04-26 17:35:29,1114,34354230
2026-04-26 17:35:30,1115,34358577
2026-04-26 17:35:32,1117,34362920
2026-04-26 17:35:33,1118,34367377
2026-04-26 17:35:34,1119,34371973
2026-04-26 17:35:35,1120,34376567
2026-04-26 17:35:37,1122,34381076
2026-04-26 17:35:38,1123,34385575
2026-04-26 17:35:39,1124,34390235
2026-04-26 17:35:40,1125,34394845
2026-04-26 17:35:42,1127,34399302
2026-04-26 17:35:43,1128,34403735
2026-04-26 17:35:44,1129,34408364
2026-04-26 17:35:45,1130,34413113
2026-04-26 17:35:47,1132,34417668
2026-04-26 17:35:48,1133,34422357
2026-04-26 17:35:49,1134,34426876
2026-04-26 17:35:50,1135,34431487
2026-04-26 17:35:52,1137,34435514
2026-04-26 17:35:53,1138,34439727
2026-04-26 17:35:54,1139,34444061
2026-04-26 17:35:55,1140,34448438
2026-04-26 17:35:57,1142,34452775
2026-04-26 17:35:58,1143,34457248
2026-04-26 17:35:59,1144,34461805
2026-04-26 17:36:00,1145,34466427
2026-04-26 17:36:02,1147,34470960
2026-04-26 17:36:03,1148,34475544
2026-04-26 17:36:04,1149,34480179
2026-04-26 17:36:05,1150,34484753
2026-04-26 17:36:06,1151,34489188
2026-04-26 17:36:08,1153,34493730
2026-04-26 17:36:09,1154,34497933
2026-04-26 17:36:10,1155,34502310
2026-04-26 17:36:11,1156,34506746
2026-04-26 17:36:13,1158,34511209
2026-04-26 17:36:14,1159,34515698
2026-04-26 17:36:15,1160,34520015
2026-04-26 17:36:16,1161,34524564
2026-04-26 17:36:18,1163,34529082
2026-04-26 17:36:19,1164,34533547
2026-04-26 17:36:20,1165,34538103
2026-04-26 17:36:21,1166,34542461
2026-04-26 17:36:23,1168,34546932
2026-04-26 17:36:24,1169,34551388
2026-04-26 17:36:25,1170,34555888
2026-04-26 17:36:26,1171,34560441
2026-04-26 17:36:28,1173,34564907
2026-04-26 17:36:29,1174,34569409
2026-04-26 17:36:30,1175,34573855
2026-04-26 17:36:31,1176,34578317
2026-04-26 17:36:33,1178,34582942
2026-04-26 17:36:34,1179,34587459
2026-04-26 17:36:35,1180,34591907
2026-04-26 17:36:36,1181,34596439
2026-04-26 17:36:37,1182,34600965
2026-04-26 17:36:39,1184,34605357
2026-04-26 17:36:40,1185,34609794
2026-04-26 17:36:41,1186,34614184
2026-04-26 17:36:42,1187,34618527
2026-04-26 17:36:44,1189,34623062
2026-04-26 17:36:45,1190,34627586
2026-04-26 17:36:46,1191,34632049
2026-04-26 17:36:47,1192,34636361
2026-04-26 17:36:49,1194,34640880
2026-04-26 17:36:50,1195,34645236
2026-04-26 17:36:51,1196,34649727
2026-04-26 17:36:52,1197,34654178
2026-04-26 17:36:54,1199,34658580
2026-04-26 17:36:55,1200,34663133
2026-04-26 17:36:56,1201,34667561
2026-04-26 17:36:57,1202,34671916
2026-04-26 17:36:59,1204,34676181
2026-04-26 17:37:00,1205,34680321
2026-04-26 17:37:01,1206,34684642
2026-04-26 17:37:02,1207,34688742
2026-04-26 17:37:04,1209,34692874
2026-04-26 17:37:05,1210,34697018
2026-04-26 17:37:06,1211,34701258
2026-04-26 17:37:08,1213,34705540
2026-04-26 17:37:09,1214,34709710
2026-04-26 17:37:10,1215,34713715
2026-04-26 17:37:11,1216,34717939
2026-04-26 17:37:13,1218,34722111
2026-04-26 17:37:14,1219,34726453
2026-04-26 17:37:15,1220,34730827
2026-04-26 17:37:16,1221,34734952
2026-04-26 17:37:18,1223,34739018
2026-04-26 17:37:19,1224,34743151
2026-04-26 17:37:20,1225,34747298
2026-04-26 17:37:22,1227,34751480
2026-04-26 17:37:23,1228,34755817
2026-04-26 17:37:24,1229,34760063
2026-04-26 17:37:25,1230,34764333
2026-04-26 17:37:27,1232,34768518
2026-04-26 17:37:28,1233,34772799
2026-04-26 17:37:29,1234,34777199
2026-04-26 17:37:31,1236,34781466
2026-04-26 17:37:32,1237,34785763
2026-04-26 17:37:33,1238,34790035
2026-04-26 17:37:34,1239,34794290
2026-04-26 17:37:36,1241,34798613
2026-04-26 17:37:37,1242,34803108
2026-04-26 17:37:38,1243,34807465
2026-04-26 17:37:40,1245,34811858
2026-04-26 17:37:41,1246,34816286
2026-04-26 17:37:42,1247,34820735
2026-04-26 17:37:43,1248,34825056
2026-04-26 17:37:45,1250,34829498
2026-04-26 17:37:46,1251,34833931
2026-04-26 17:37:47,1252,34838293
2026-04-26 17:37:49,1254,34842878
2026-04-26 17:37:50,1255,34847366
2026-04-26 17:37:51,1256,34851842
2026-04-26 17:37:52,1257,34856286
2026-04-26 17:37:54,1259,34860867
2026-04-26 17:37:55,1260,34865415
2026-04-26 17:37:56,1261,34869863
2026-04-26 17:37:57,1262,34874289
2026-04-26 17:37:59,1264,34878853
2026-04-26 17:38:00,1265,34883247
2026-04-26 17:38:01,1266,34887806
2026-04-26 17:38:03,1268,34892222
2026-04-26 17:38:04,1269,34896815
2026-04-26 17:38:05,1270,34901347
2026-04-26 17:38:06,1271,34905727
2026-04-26 17:38:08,1273,34910204
2026-04-26 17:38:09,1274,34914743
2026-04-26 17:38:10,1275,34919151
2026-04-26 17:38:11,1276,34923689
2026-04-26 17:38:13,1278,34928246
2026-04-26 17:38:14,1279,34932877
2026-04-26 17:38:15,1280,34937579
2026-04-26 17:38:17,1282,34942168
2026-04-26 17:38:18,1283,34947049
2026-04-26 17:38:19,1284,34951716
2026-04-26 17:38:20,1285,34956556
2026-04-26 17:38:22,1287,34961251
2026-04-26 17:38:23,1288,34965986
2026-04-26 17:38:24,1289,34970670
2026-04-26 17:38:25,1290,34975280
2026-04-26 17:38:27,1292,34980083
2026-04-26 17:38:28,1293,34984810
2026-04-26 17:38:29,1294,34989428
2026-04-26 17:38:31,1296,34994212
2026-04-26 17:38:32,1297,34998969
2026-04-26 17:38:33,1298,35003731
2026-04-26 17:38:34,1299,35008581
2026-04-26 17:38:36,1301,35013413
2026-04-26 17:38:37,1302,35018212
2026-04-26 17:38:38,1303,35022983
2026-04-26 17:38:39,1304,35027645
2026-04-26 17:38:41,1306,35032298
2026-04-26 17:38:42,1307,35036989
2026-04-26 17:38:43,1308,35041597
2026-04-26 17:38:44,1309,35046168
2026-04-26 17:38:46,1311,35050678
2026-04-26 17:38:47,1312,35055496
2026-04-26 17:38:48,1313,35060173
2026-04-26 17:38:50,1315,35065025
2026-04-26 17:38:51,1316,35069798
2026-04-26 17:38:52,1317,35074444
2026-04-26 17:38:53,1318,35079237
2026-04-26 17:38:55,1320,35083605
2026-04-26 17:38:56,1321,35088065
2026-04-26 17:38:57,1322,35092452
2026-04-26 17:38:59,1324,35096646
2026-04-26 17:39:00,1325,35101128
2026-04-26 17:39:01,1326,35105632
2026-04-26 17:39:02,1327,35110077
2026-04-26 17:39:04,1329,35114520
2026-04-26 17:39:05,1330,35119008
2026-04-26 17:39:06,1331,35123449
2026-04-26 17:39:08,1333,35127885
2026-04-26 17:39:09,1334,35132288
2026-04-26 17:39:10,1335,35136850
2026-04-26 17:39:11,1336,35141236
2026-04-26 17:39:13,1338,35145670
2026-04-26 17:39:14,1339,35150112
2026-04-26 17:39:15,1340,35154722
2026-04-26 17:39:17,1342,35159181
2026-04-26 17:39:18,1343,35163773
2026-04-26 17:39:19,1344,35168124
2026-04-26 17:39:20,1345,35172416
2026-04-26 17:39:22,1347,35177013
2026-04-26 17:39:23,1348,35181430
2026-04-26 17:39:24,1349,35185918
2026-04-26 17:39:26,1351,35190391
2026-04-26 17:39:27,1352,35194953
2026-04-26 17:39:28,1353,35199464
2026-04-26 17:39:29,1354,35203818
2026-04-26 17:39:31,1356,35208312
2026-04-26 17:39:32,1357,35212767
2026-04-26 17:39:33,1358,35217195
2026-04-26 17:39:35,1360,35221695
2026-04-26 17:39:36,1361,35226077
2026-04-26 17:39:37,1362,35230503
2026-04-26 17:39:38,1363,35234862
2026-04-26 17:39:40,1365,35239326
2026-04-26 17:39:41,1366,35243663
2026-04-26 17:39:42,1367,35247952
2026-04-26 17:39:43,1368,35252465
2026-04-26 17:39:45,1370,35257048
2026-04-26 17:39:46,1371,35261445
2026-04-26 17:39:47,1372,35265949
2026-04-26 17:39:49,1374,35270404
2026-04-26 17:39:50,1375,35274826
2026-04-26 17:39:51,1376,35279320
2026-04-26 17:39:52,1377,35283702
2026-04-26 17:39:54,1379,35288207
2026-04-26 17:39:55,1380,35292540
2026-04-26 17:39:56,1381,35296907
2026-04-26 17:39:58,1383,35301407
2026-04-26 17:39:59,1384,35305561
2026-04-26 17:40:00,1385,35310017
2026-04-26 17:40:01,1386,35314391
2026-04-26 17:40:03,1388,35318657
2026-04-26 17:40:04,1389,35323037
2026-04-26 17:40:05,1390,35327501
2026-04-26 17:40:07,1392,35331942
2026-04-26 17:40:08,1393,35336455
2026-04-26 17:40:09,1394,35340910
2026-04-26 17:40:10,1395,35345268
2026-04-26 17:40:12,1397,35349713
2026-04-26 17:40:13,1398,35354112
2026-04-26 17:40:14,1399,35358456
2026-04-26 17:40:15,1400,35362845
2026-04-26 17:40:17,1402,35367175
2026-04-26 17:40:18,1403,35371662
2026-04-26 17:40:19,1404,35376172
2026-04-26 17:40:21,1406,35380588
2026-04-26 17:40:22,1407,35385070
2026-04-26 17:40:23,1408,35389482
2026-04-26 17:40:24,1409,35393899
2026-04-26 17:40:26,1411,35398425
2026-04-26 17:40:27,1412,35402825
2026-04-26 17:40:28,1413,35407268
2026-04-26 17:40:30,1415,35411617
2026-04-26 17:40:31,1416,35416056
2026-04-26 17:40:32,1417,35420482
2026-04-26 17:40:33,1418,35424851
2026-04-26 17:40:35,1420,35429312
2026-04-26 17:40:36,1421,35433831
2026-04-26 17:40:37,1422,35438178
2026-04-26 17:40:39,1424,35442642
2026-04-26 17:40:40,1425,35447022
2026-04-26 17:40:41,1426,35451408
2026-04-26 17:40:42,1427,35455859
2026-04-26 17:40:44,1429,35460292
2026-04-26 17:40:45,1430,35464650
2026-04-26 17:40:46,1431,35469033
2026-04-26 17:40:47,1432,35473324
2026-04-26 17:40:49,1434,35477896
2026-04-26 17:40:50,1435,35482293
2026-04-26 17:40:51,1436,35486789
2026-04-26 17:40:53,1438,35491367
2026-04-26 17:40:54,1439,35495750
2026-04-26 17:40:55,1440,35500302
2026-04-26 17:40:57,1442,35504683
2026-04-26 17:40:58,1443,35509119
2026-04-26 17:40:59,1444,35513459
2026-04-26 17:41:00,1445,35517812
2026-04-26 17:41:02,1447,35522241
2026-04-26 17:41:03,1448,35526602
2026-04-26 17:41:04,1449,35530967
2026-04-26 17:41:06,1451,35535434
2026-04-26 17:41:07,1452,35539804
2026-04-26 17:41:08,1453,35543774
2026-04-26 17:41:09,1454,35547830
2026-04-26 17:41:11,1456,35551782
2026-04-26 17:41:12,1457,35555864
2026-04-26 17:41:13,1458,35559863
2026-04-26 17:41:15,1460,35564098
2026-04-26 17:41:16,1461,35568313
2026-04-26 17:41:17,1462,35572410
2026-04-26 17:41:19,1464,35576616
2026-04-26 17:41:20,1465,35580776
2026-04-26 17:41:21,1466,35585096
2026-04-26 17:41:23,1468,35589329
2026-04-26 17:41:24,1469,35593535
2026-04-26 17:41:25,1470,35597750
2026-04-26 17:41:27,1472,35602071
2026-04-26 17:41:28,1473,35606343
2026-04-26 17:41:29,1474,35610635
2026-04-26 17:41:31,1476,35614921
2026-04-26 17:41:32,1477,35619178
2026-04-26 17:41:33,1478,35623291
2026-04-26 17:41:35,1480,35627395
2026-04-26 17:41:36,1481,35631687
2026-04-26 17:41:37,1482,35635906
2026-04-26 17:41:39,1484,35640058
2026-04-26 17:41:40,1485,35643519
2026-04-26 17:41:41,1486,35647444
2026-04-26 17:41:43,1488,35651365
2026-04-26 17:41:44,1489,35655369
2026-04-26 17:41:45,1490,35659451
2026-04-26 17:41:47,1492,35663405
2026-04-26 17:41:48,1493,35667458
2026-04-26 17:41:49,1494,35671591
2026-04-26 17:41:51,1496,35675499
2026-04-26 17:41:52,1497,35679052
2026-04-26 17:41:53,1498,35683076
2026-04-26 17:41:55,1500,35686894
2026-04-26 17:41:56,1501,35690887
2026-04-26 17:41:57,1502,35694513
2026-04-26 17:41:59,1504,35698237
2026-04-26 17:42:00,1505,35702011
2026-04-26 17:42:01,1506,35705910
2026-04-26 17:42:03,1508,35709665
2026-04-26 17:42:04,1509,35713365
2026-04-26 17:42:05,1510,35717156
2026-04-26 17:42:06,1512,35720226
2026-04-26 17:42:08,1513,35723299
2026-04-26 17:42:09,1514,35726433
2026-04-26 17:42:10,1515,35729510
2026-04-26 17:42:11,1516,35732724
2026-04-26 17:42:12,1517,35735932
2026-04-26 17:42:13,1518,35739140
2026-04-26 17:42:15,1520,35742380
2026-04-26 17:42:16,1521,35744814
2026-04-26 17:42:17,1522,35747034
2026-04-26 17:42:18,1523,35749407
2026-04-26 17:42:19,1524,35751897
2026-04-26 17:42:20,1525,35754453
2026-04-26 17:42:21,1526,35757034
2026-04-26 17:42:22,1527,35759642
2026-04-26 17:42:24,1529,35762333
2026-04-26 17:42:25,1530,35765034
2026-04-26 17:42:26,1531,35767729
2026-04-26 17:42:27,1532,35770458
2026-04-26 17:42:28,1533,35773351
2026-04-26 17:42:29,1534,35776234
2026-04-26 17:42:30,1535,35779154
2026-04-26 17:42:32,1537,35782048
2026-04-26 17:42:33,1538,35785004
2026-04-26 17:42:34,1539,35787987
2026-04-26 17:42:35,1540,35791022
2026-04-26 17:42:36,1541,35794108
2026-04-26 17:42:37,1542,35797183
2026-04-26 17:42:38,1543,35800249
2026-04-26 17:42:39,1544,35803273
2026-04-26 17:42:41,1546,35806372
2026-04-26 17:42:42,1547,35809482
2026-04-26 17:42:43,1548,35812634
2026-04-26 17:42:44,1549,35815755
2026-04-26 17:42:45,1550,35818875
2026-04-26 17:42:46,1551,35822039
2026-04-26 17:42:47,1552,35825198
2026-04-26 17:42:49,1554,35828399
2026-04-26 17:42:50,1555,35831589
2026-04-26 17:42:51,1556,35834816
2026-04-26 17:42:52,1557,35838002
2026-04-26 17:42:53,1558,35841155
2026-04-26 17:42:54,1559,35844271
2026-04-26 17:42:55,1560,35847451
2026-04-26 17:42:57,1562,35850585
2026-04-26 17:42:58,1563,35853746
2026-04-26 17:42:59,1564,35856863
2026-04-26 17:43:00,1565,35860074
2026-04-26 17:43:01,1566,35863356
2026-04-26 17:43:02,1567,35866635
2026-04-26 17:43:03,1568,35869986
2026-04-26 17:43:04,1569,35873239
2026-04-26 17:43:05,1570,35876545
2026-04-26 17:43:07,1572,35879852
2026-04-26 17:43:08,1573,35883266
2026-04-26 17:43:09,1574,35886428
2026-04-26 17:43:10,1575,35889753
2026-04-26 17:43:11,1576,35893226
2026-04-26 17:43:12,1577,35896646
2026-04-26 17:43:13,1578,35900129
2026-04-26 17:43:14,1579,35903658
2026-04-26 17:43:15,1580,35907147
2026-04-26 17:43:16,1581,35910649
2026-04-26 17:43:18,1583,35914257
2026-04-26 17:43:19,1584,35917785
2026-04-26 17:43:20,1585,35921316
2026-04-26 17:43:21,1586,35924807
2026-04-26 17:43:22,1587,35928382
2026-04-26 17:43:23,1588,35931924
2026-04-26 17:43:24,1589,35935485
2026-04-26 17:43:25,1590,35939017
2026-04-26 17:43:26,1591,35942645
2026-04-26 17:43:27,1592,35946248
2026-04-26 17:43:29,1594,35949963
2026-04-26 17:43:30,1595,35953725
2026-04-26 17:43:31,1596,35957514
2026-04-26 17:43:32,1597,35961232
2026-04-26 17:43:33,1598,35964937
2026-04-26 17:43:34,1599,35968736
2026-04-26 17:43:35,1600,35972532
2026-04-26 17:43:36,1601,35976321
2026-04-26 17:43:37,1602,35980178
2026-04-26 17:43:39,1604,35984004
2026-04-26 17:43:40,1605,35987873
2026-04-26 17:43:41,1606,35991663
2026-04-26 17:43:42,1607,35995459
2026-04-26 17:43:43,1608,35999294
2026-04-26 17:43:44,1609,36003140
2026-04-26 17:43:45,1610,36006968
2026-04-26 17:43:46,1611,36010834
2026-04-26 17:43:47,1612,36014661
2026-04-26 17:43:48,1613,36018496
2026-04-26 17:43:50,1615,36022263
2026-04-26 17:43:51,1616,36026065
2026-04-26 17:43:52,1617,36029835
2026-04-26 17:43:53,1618,36033710
2026-04-26 17:43:54,1619,36037572
2026-04-26 17:43:55,1620,36041462
2026-04-26 17:43:56,1621,36045299
2026-04-26 17:43:57,1622,36049162
2026-04-26 17:43:58,1623,36053036
2026-04-26 17:43:59,1624,36056869
2026-04-26 17:44:00,1625,36060732
2026-04-26 17:44:02,1627,36064601
2026-04-26 17:44:03,1628,36068500
2026-04-26 17:44:04,1629,36072308
2026-04-26 17:44:05,1630,36076151
2026-04-26 17:44:06,1631,36079983
2026-04-26 17:44:07,1632,36083836
2026-04-26 17:44:08,1633,36087712
2026-04-26 17:44:09,1634,36091604
2026-04-26 17:44:10,1635,36095501
2026-04-26 17:44:12,1637,36099461
2026-04-26 17:44:13,1638,36103314
2026-04-26 17:44:14,1639,36107305
2026-04-26 17:44:15,1640,36111198
2026-04-26 17:44:16,1641,36115148
2026-04-26 17:44:17,1642,36119135
2026-04-26 17:44:18,1643,36123076
2026-04-26 17:44:19,1644,36127005
2026-04-26 17:44:20,1645,36130966
2026-04-26 17:44:21,1646,36134901
2026-04-26 17:44:23,1648,36138808
2026-04-26 17:44:24,1649,36142633
2026-04-26 17:44:25,1650,36146599
2026-04-26 17:44:26,1651,36150483
2026-04-26 17:44:27,1652,36154425
2026-04-26 17:44:28,1653,36158290
2026-04-26 17:44:29,1654,36162162
2026-04-26 17:44:30,1655,36166146
2026-04-26 17:44:31,1656,36170073
2026-04-26 17:44:32,1657,36174049
2026-04-26 17:44:34,1659,36177897
2026-04-26 17:44:35,1660,36181746
2026-04-26 17:44:36,1661,36185696
2026-04-26 17:44:37,1662,36189609
2026-04-26 17:44:38,1663,36193495
2026-04-26 17:44:39,1664,36197356
2026-04-26 17:44:40,1665,36201298
2026-04-26 17:44:41,1666,36205222
2026-04-26 17:44:42,1667,36209225
2026-04-26 17:44:43,1668,36213102
2026-04-26 17:44:45,1670,36217013
2026-04-26 17:44:46,1671,36220966
2026-04-26 17:44:47,1672,36224823
2026-04-26 17:44:48,1673,36228754
2026-04-26 17:44:49,1674,36232649
2026-04-26 17:44:50,1675,36236638
2026-04-26 17:44:51,1676,36240557
2026-04-26 17:44:52,1677,36244498
2026-04-26 17:44:53,1678,36248475
2026-04-26 17:44:54,1679,36252410
2026-04-26 17:44:56,1681,36256303
2026-04-26 17:44:57,1682,36260173
2026-04-26 17:44:58,1683,36264078
2026-04-26 17:44:59,1684,36267961
2026-04-26 17:45:00,1685,36271891
2026-04-26 17:45:01,1686,36275857
2026-04-26 17:45:02,1687,36279766
2026-04-26 17:45:03,1688,36283746
2026-04-26 17:45:04,1689,36287807
2026-04-26 17:45:06,1691,36291764
2026-04-26 17:45:07,1692,36295712
2026-04-26 17:45:08,1693,36299677
2026-04-26 17:45:09,1694,36303604
2026-04-26 17:45:10,1695,36307435
2026-04-26 17:45:11,1696,36311302
2026-04-26 17:45:12,1697,36315230
2026-04-26 17:45:13,1698,36319109
2026-04-26 17:45:14,1699,36323032
2026-04-26 17:45:15,1700,36326931
2026-04-26 17:45:17,1702,36330845
2026-04-26 17:45:18,1703,36334748
2026-04-26 17:45:19,1704,36338679
2026-04-26 17:45:20,1705,36342698
2026-04-26 17:45:21,1706,36346686
2026-04-26 17:45:22,1707,36350789
2026-04-26 17:45:23,1708,36354827
2026-04-26 17:45:24,1709,36358901
2026-04-26 17:45:25,1710,36362950
2026-04-26 17:45:26,1711,36366979
2026-04-26 17:45:28,1713,36370941
2026-04-26 17:45:29,1714,36374885
2026-04-26 17:45:30,1715,36378810
2026-04-26 17:45:31,1716,36382838
2026-04-26 17:45:32,1717,36386861
2026-04-26 17:45:33,1718,36390852
2026-04-26 17:45:34,1719,36394879
2026-04-26 17:45:35,1720,36398781
2026-04-26 17:45:36,1721,36402751
2026-04-26 17:45:37,1722,36406750
2026-04-26 17:45:39,1724,36410691
2026-04-26 17:45:40,1725,36414667
2026-04-26 17:45:41,1726,36418619
2026-04-26 17:45:42,1727,36422526
2026-04-26 17:45:43,1728,36426401
2026-04-26 17:45:44,1729,36430244
2026-04-26 17:45:45,1730,36434039
2026-04-26 17:45:46,1731,36437689
2026-04-26 17:45:48,1733,36441292
2026-04-26 17:45:49,1734,36444904
2026-04-26 17:45:50,1735,36448658
2026-04-26 17:45:51,1736,36452450
2026-04-26 17:45:52,1737,36456196
2026-04-26 17:45:53,1738,36460006
2026-04-26 17:45:54,1739,36463857
2026-04-26 17:45:56,1741,36467656
2026-04-26 17:45:57,1742,36471388
2026-04-26 17:45:58,1743,36475197
2026-04-26 17:45:59,1744,36478914
2026-04-26 17:46:00,1745,36482728
2026-04-26 17:46:01,1746,36486632
2026-04-26 17:46:03,1748,36490558
2026-04-26 17:46:04,1749,36494486
2026-04-26 17:46:05,1750,36498351
2026-04-26 17:46:06,1751,36501949
2026-04-26 17:46:07,1752,36505861
2026-04-26 17:46:08,1753,36509914
2026-04-26 17:46:09,1754,36513911
2026-04-26 17:46:11,1756,36517869
2026-04-26 17:46:12,1757,36521825
2026-04-26 17:46:13,1758,36525807
2026-04-26 17:46:14,1759,36529870
2026-04-26 17:46:15,1760,36533938
2026-04-26 17:46:16,1761,36537903
2026-04-26 17:46:17,1762,36541847
2026-04-26 17:46:19,1764,36546044
2026-04-26 17:46:20,1765,36550140
2026-04-26 17:46:21,1766,36554039
2026-04-26 17:46:22,1767,36558011
2026-04-26 17:46:23,1768,36561966
2026-04-26 17:46:24,1769,36565949
2026-04-26 17:46:26,1771,36570018
2026-04-26 17:46:27,1772,36574035
2026-04-26 17:46:28,1773,36578099
2026-04-26 17:46:29,1774,36582213
2026-04-26 17:46:30,1775,36586348
2026-04-26 17:46:31,1776,36590553
2026-04-26 17:46:32,1777,36594717
2026-04-26 17:46:34,1779,36598885
2026-04-26 17:46:35,1780,36603023
2026-04-26 17:46:36,1781,36607123
2026-04-26 17:46:37,1782,36611240
2026-04-26 17:46:38,1783,36615376
2026-04-26 17:46:39,1784,36619585
2026-04-26 17:46:40,1785,36623688
2026-04-26 17:46:42,1787,36627927
2026-04-26 17:46:43,1788,36632053
2026-04-26 17:46:44,1789,36636194
2026-04-26 17:46:45,1790,36640266
2026-04-26 17:46:46,1791,36644540
2026-04-26 17:46:47,1792,36648656
2026-04-26 17:46:48,1793,36652863
2026-04-26 17:46:50,1795,36657062
2026-04-26 17:46:51,1796,36661259
2026-04-26 17:46:52,1797,36665488
2026-04-26 17:46:53,1798,36669666
2026-04-26 17:46:54,1799,36673828
2026-04-26 17:46:55,1800,36678057
2026-04-26 17:46:57,1802,36682215
2026-04-26 17:46:58,1803,36686069
2026-04-26 17:46:59,1804,36689873
2026-04-26 17:47:00,1805,36693696
2026-04-26 17:47:01,1806,36697624
2026-04-26 17:47:02,1807,36701503
2026-04-26 17:47:04,1809,36705506
2026-04-26 17:47:05,1810,36709265
2026-04-26 17:47:06,1811,36712944
2026-04-26 17:47:07,1812,36716707
2026-04-26 17:47:08,1813,36720433
2026-04-26 17:47:09,1814,36724151
2026-04-26 17:47:11,1816,36727778
2026-04-26 17:47:12,1817,36731134
2026-04-26 17:47:13,1818,36734582
2026-04-26 17:47:14,1819,36738028
2026-04-26 17:47:15,1820,36741475
2026-04-26 17:47:16,1821,36745010
2026-04-26 17:47:17,1823,36748555
2026-04-26 17:47:19,1824,36751967
2026-04-26 17:47:20,1825,36755477
2026-04-26 17:47:21,1826,36759029
2026-04-26 17:47:22,1827,36762545
2026-04-26 17:47:23,1828,36766120
2026-04-26 17:47:24,1829,36769632
2026-04-26 17:47:26,1831,36773157
2026-04-26 17:47:27,1832,36776652
2026-04-26 17:47:28,1833,36780113
2026-04-26 17:47:29,1834,36783764
2026-04-26 17:47:30,1835,36787394
2026-04-26 17:47:31,1836,36791175
2026-04-26 17:47:32,1837,36794843
2026-04-26 17:47:34,1839,36798614
2026-04-26 17:47:35,1840,36801937
2026-04-26 17:47:36,1841,36805374
2026-04-26 17:47:37,1842,36809116
2026-04-26 17:47:38,1843,36812823
2026-04-26 17:47:39,1844,36816469
2026-04-26 17:47:40,1845,36820128
2026-04-26 17:47:42,1847,36823902
2026-04-26 17:47:43,1848,36827661
2026-04-26 17:47:44,1849,36831335
2026-04-26 17:47:45,1850,36835057
2026-04-26 17:47:46,1851,36838706
2026-04-26 17:47:47,1852,36842421
2026-04-26 17:47:49,1854,36846086
2026-04-26 17:47:50,1855,36849760
2026-04-26 17:47:51,1856,36853428
2026-04-26 17:47:52,1857,36857066
2026-04-26 17:47:53,1858,36860552
2026-04-26 17:47:54,1859,36864243
2026-04-26 17:47:55,1860,36867995
2026-04-26 17:47:57,1862,36871694
2026-04-26 17:47:58,1863,36875360
2026-04-26 17:47:59,1864,36879198
2026-04-26 17:48:00,1865,36883056
2026-04-26 17:48:01,1866,36886831
2026-04-26 17:48:02,1867,36890668
2026-04-26 17:48:03,1868,36894513
2026-04-26 17:48:05,1870,36898416
2026-04-26 17:48:06,1871,36902222
2026-04-26 17:48:07,1872,36906179
2026-04-26 17:48:08,1873,36910000
2026-04-26 17:48:09,1874,36913941
2026-04-26 17:48:10,1875,36917835
2026-04-26 17:48:11,1876,36921844
2026-04-26 17:48:13,1878,36925746
2026-04-26 17:48:14,1879,36929780
2026-04-26 17:48:15,1880,36933811
2026-04-26 17:48:16,1881,36937796
2026-04-26 17:48:17,1882,36941737
2026-04-26 17:48:18,1883,36945751
2026-04-26 17:48:19,1884,36949622
2026-04-26 17:48:21,1886,36953508
2026-04-26 17:48:22,1887,36957471
2026-04-26 17:48:23,1888,36961495
2026-04-26 17:48:24,1889,36965566
2026-04-26 17:48:25,1890,36969623
2026-04-26 17:48:26,1891,36973782
2026-04-26 17:48:27,1892,36977885
2026-04-26 17:48:28,1893,36982196
2026-04-26 17:48:30,1895,36986300
2026-04-26 17:48:31,1896,36990515
2026-04-26 17:48:32,1897,36994598
2026-04-26 17:48:33,1898,36998827
2026-04-26 17:48:34,1899,37002914
2026-04-26 17:48:35,1900,37007112
2026-04-26 17:48:36,1901,37011231
2026-04-26 17:48:38,1903,37015385
2026-04-26 17:48:39,1904,37019534
2026-04-26 17:48:40,1905,37023669
2026-04-26 17:48:41,1906,37027790
2026-04-26 17:48:42,1907,37032039
2026-04-26 17:48:43,1908,37036288
2026-04-26 17:48:44,1909,37040550
2026-04-26 17:48:46,1911,37044703
2026-04-26 17:48:47,1912,37048821
2026-04-26 17:48:48,1913,37052913
2026-04-26 17:48:49,1914,37057184
2026-04-26 17:48:50,1915,37061401
2026-04-26 17:48:51,1916,37065536
2026-04-26 17:48:52,1917,37069721
2026-04-26 17:48:54,1919,37073841
2026-04-26 17:48:55,1920,37077917
2026-04-26 17:48:56,1921,37082075
2026-04-26 17:48:57,1922,37086214
2026-04-26 17:48:58,1923,37090354
2026-04-26 17:48:59,1924,37094467
2026-04-26 17:49:00,1925,37098668
2026-04-26 17:49:02,1927,37102863
2026-04-26 17:49:03,1928,37106991
2026-04-26 17:49:04,1929,37111235
2026-04-26 17:49:05,1930,37115396
2026-04-26 17:49:06,1931,37119583
2026-04-26 17:49:07,1932,37123767
2026-04-26 17:49:08,1933,37127933
2026-04-26 17:49:10,1935,37132137
2026-04-26 17:49:11,1936,37136345
2026-04-26 17:49:12,1937,37140415
2026-04-26 17:49:13,1938,37144619
2026-04-26 17:49:14,1939,37148744
2026-04-26 17:49:15,1940,37152954
2026-04-26 17:49:16,1941,37157004
2026-04-26 17:49:17,1942,37161120
2026-04-26 17:49:19,1944,37165317
2026-04-26 17:49:20,1945,37169462
2026-04-26 17:49:21,1946,37173559
2026-04-26 17:49:22,1947,37177830
2026-04-26 17:49:23,1948,37181950
2026-04-26 17:49:24,1949,37186173
2026-04-26 17:49:25,1950,37190318
2026-04-26 17:49:27,1952,37194370
2026-04-26 17:49:28,1953,37198494
2026-04-26 17:49:29,1954,37202673
2026-04-26 17:49:30,1955,37206895
2026-04-26 17:49:31,1956,37211040
2026-04-26 17:49:32,1957,37215227
2026-04-26 17:49:33,1958,37219362
2026-04-26 17:49:35,1960,37223511
2026-04-26 17:49:36,1961,37227743
2026-04-26 17:49:37,1962,37231921
2026-04-26 17:49:38,1963,37236121
2026-04-26 17:49:39,1964,37240245
2026-04-26 17:49:40,1965,37244340
2026-04-26 17:49:41,1966,37248562
2026-04-26 17:49:43,1968,37252740
2026-04-26 17:49:44,1969,37256877
2026-04-26 17:49:45,1970,37261034
2026-04-26 17:49:46,1971,37265180
2026-04-26 17:49:47,1972,37269237
2026-04-26 17:49:48,1973,37273369
2026-04-26 17:49:49,1974,37277530
2026-04-26 17:49:51,1976,37281679
2026-04-26 17:49:52,1977,37285869
2026-04-26 17:49:53,1978,37290038
2026-04-26 17:49:54,1979,37294249
2026-04-26 17:49:55,1980,37298420
2026-04-26 17:49:56,1981,37302662
2026-04-26 17:49:57,1982,37306908
2026-04-26 17:49:59,1984,37311018
2026-04-26 17:50:00,1985,37315202
2026-04-26 17:50:01,1986,37319412
2026-04-26 17:50:02,1987,37323634
2026-04-26 17:50:03,1988,37327656
2026-04-26 17:50:04,1989,37331808
2026-04-26 17:50:05,1990,37336037
2026-04-26 17:50:07,1992,37340189
2026-04-26 17:50:08,1993,37344361
2026-04-26 17:50:09,1994,37348537
2026-04-26 17:50:10,1995,37352747
2026-04-26 17:50:11,1996,37356789
2026-04-26 17:50:12,1997,37360993
2026-04-26 17:50:13,1998,37365231
2026-04-26 17:50:15,2000,37369450
2026-04-26 17:50:16,2001,37373640
2026-04-26 17:50:17,2002,37377856
2026-04-26 17:50:18,2003,37382090
2026-04-26 17:50:19,2004,37386283
2026-04-26 17:50:20,2005,37390525
2026-04-26 17:50:22,2007,37394707
2026-04-26 17:50:23,2008,37398990
2026-04-26 17:50:24,2009,37403115
2026-04-26 17:50:25,2010,37407186
2026-04-26 17:50:26,2011,37411454
2026-04-26 17:50:27,2012,37415616
2026-04-26 17:50:28,2013,37419752
2026-04-26 17:50:29,2014,37423904
2026-04-26 17:50:31,2016,37428082
2026-04-26 17:50:32,2017,37432288
2026-04-26 17:50:33,2018,37436533
2026-04-26 17:50:34,2019,37440674
2026-04-26 17:50:35,2020,37444791
2026-04-26 17:50:36,2021,37448992
2026-04-26 17:50:37,2022,37453123
2026-04-26 17:50:39,2024,37457192
2026-04-26 17:50:40,2025,37461250
2026-04-26 17:50:41,2026,37465316
2026-04-26 17:50:42,2027,37469470
2026-04-26 17:50:43,2028,37473625
2026-04-26 17:50:44,2029,37477809
2026-04-26 17:50:45,2030,37481949
2026-04-26 17:50:47,2032,37486045
2026-04-26 17:50:48,2033,37490212
2026-04-26 17:50:49,2034,37494398
2026-04-26 17:50:50,2035,37498449
2026-04-26 17:50:51,2036,37502621
2026-04-26 17:50:52,2037,37506776
2026-04-26 17:50:53,2038,37510819
2026-04-26 17:50:55,2040,37514986
2026-04-26 17:50:56,2041,37519091
2026-04-26 17:50:57,2042,37523200
2026-04-26 17:50:58,2043,37527334
2026-04-26 17:50:59,2044,37531442
2026-04-26 17:51:00,2045,37535547
2026-04-26 17:51:01,2046,37539755
2026-04-26 17:51:03,2048,37544013
2026-04-26 17:51:04,2049,37548144
2026-04-26 17:51:05,2050,37552334
2026-04-26 17:51:06,2051,37556552
2026-04-26 17:51:07,2052,37560429
2026-04-26 17:51:08,2053,37564357
2026-04-26 17:51:10,2055,37568371
2026-04-26 17:51:11,2056,37572377
2026-04-26 17:51:12,2057,37576531
2026-04-26 17:51:13,2058,37580513
2026-04-26 17:51:14,2059,37584632
2026-04-26 17:51:16,2061,37588712
2026-04-26 17:51:17,2062,37592728
2026-04-26 17:51:18,2063,37596821
2026-04-26 17:51:19,2064,37600998
2026-04-26 17:51:20,2065,37605070
2026-04-26 17:51:22,2067,37609187
2026-04-26 17:51:23,2068,37613310
2026-04-26 17:51:24,2069,37617431
2026-04-26 17:51:25,2070,37621493
2026-04-26 17:51:26,2071,37625600
2026-04-26 17:51:28,2073,37629686
2026-04-26 17:51:29,2074,37633875
2026-04-26 17:51:30,2075,37638007
2026-04-26 17:51:31,2076,37642215
2026-04-26 17:51:32,2077,37646471
2026-04-26 17:51:34,2079,37650614
2026-04-26 17:51:35,2080,37654773
2026-04-26 17:51:36,2081,37658436
2026-04-26 17:51:37,2082,37662413
2026-04-26 17:51:38,2083,37666308
2026-04-26 17:51:40,2085,37670287
2026-04-26 17:51:41,2086,37674195
2026-04-26 17:51:42,2087,37678217
2026-04-26 17:51:43,2088,37682104
2026-04-26 17:51:44,2089,37685968
2026-04-26 17:51:46,2091,37689828
2026-04-26 17:51:47,2092,37693701
2026-04-26 17:51:48,2093,37697576
2026-04-26 17:51:49,2094,37701392
2026-04-26 17:51:50,2095,37705326
2026-04-26 17:51:51,2096,37709238
2026-04-26 17:51:53,2098,37713152
2026-04-26 17:51:54,2099,37717074
2026-04-26 17:51:55,2100,37720940
2026-04-26 17:51:56,2101,37724663
2026-04-26 17:51:57,2102,37728268
2026-04-26 17:51:59,2104,37731767
2026-04-26 17:52:00,2105,37735477
2026-04-26 17:52:01,2106,37739334
2026-04-26 17:52:02,2107,37743116
2026-04-26 17:52:03,2108,37746666
2026-04-26 17:52:05,2110,37750315
2026-04-26 17:52:06,2111,37754013
2026-04-26 17:52:07,2112,37757639
2026-04-26 17:52:08,2113,37761234
2026-04-26 17:52:09,2114,37764765
2026-04-26 17:52:11,2116,37768439
2026-04-26 17:52:12,2117,37772026
2026-04-26 17:52:13,2118,37775554
2026-04-26 17:52:14,2119,37779236
2026-04-26 17:52:16,2121,37783006
2026-04-26 17:52:17,2122,37786748
2026-04-26 17:52:18,2123,37790399
2026-04-26 17:52:19,2124,37794050
2026-04-26 17:52:20,2125,37797831
2026-04-26 17:52:22,2127,37801489
2026-04-26 17:52:23,2128,37805108
2026-04-26 17:52:24,2129,37808741
2026-04-26 17:52:25,2130,37812575
2026-04-26 17:52:26,2131,37816319
2026-04-26 17:52:28,2133,37820152
2026-04-26 17:52:29,2134,37823841
2026-04-26 17:52:30,2135,37827795
2026-04-26 17:52:31,2136,37831722
2026-04-26 17:52:32,2137,37835543
2026-04-26 17:52:34,2139,37839507
2026-04-26 17:52:35,2140,37843423
2026-04-26 17:52:36,2141,37847445
2026-04-26 17:52:37,2142,37851371
2026-04-26 17:52:39,2144,37855241
2026-04-26 17:52:40,2145,37859233
2026-04-26 17:52:41,2146,37863138
2026-04-26 17:52:42,2147,37867009
2026-04-26 17:52:43,2148,37870951
2026-04-26 17:52:45,2150,37874803
2026-04-26 17:52:46,2151,37878718
2026-04-26 17:52:47,2152,37882732
2026-04-26 17:52:48,2153,37886583
2026-04-26 17:52:49,2154,37890580
2026-04-26 17:52:51,2156,37894465
2026-04-26 17:52:52,2157,37898374
2026-04-26 17:52:53,2158,37902189
2026-04-26 17:52:54,2159,37905996
2026-04-26 17:52:56,2161,37909557
2026-04-26 17:52:57,2162,37913119
2026-04-26 17:52:58,2163,37916599
2026-04-26 17:52:59,2164,37920118
2026-04-26 17:53:00,2165,37923533
2026-04-26 17:53:02,2167,37927221
2026-04-26 17:53:03,2168,37930996
2026-04-26 17:53:04,2169,37934695
2026-04-26 17:53:05,2170,37938464
2026-04-26 17:53:07,2172,37942334
2026-04-26 17:53:08,2173,37945965
2026-04-26 17:53:09,2174,37949638
2026-04-26 17:53:10,2175,37953225
2026-04-26 17:53:11,2176,37956946
2026-04-26 17:53:13,2178,37960681
2026-04-26 17:53:14,2179,37964329
2026-04-26 17:53:15,2180,37967872
2026-04-26 17:53:16,2181,37971434
2026-04-26 17:53:17,2182,37975083
2026-04-26 17:53:19,2184,37978792
2026-04-26 17:53:20,2185,37982404
2026-04-26 17:53:21,2186,37986018
2026-04-26 17:53:22,2187,37989669
2026-04-26 17:53:23,2188,37992896
2026-04-26 17:53:25,2190,37996355
2026-04-26 17:53:26,2191,38000085
2026-04-26 17:53:27,2192,38003954
2026-04-26 17:53:28,2193,38007761
2026-04-26 17:53:29,2194,38011547
2026-04-26 17:53:31,2196,38015538
2026-04-26 17:53:32,2197,38019507
2026-04-26 17:53:33,2198,38023463
2026-04-26 17:53:34,2199,38027464
2026-04-26 17:53:35,2200,38031479
2026-04-26 17:53:37,2202,38035396
2026-04-26 17:53:38,2203,38039240
2026-04-26 17:53:39,2204,38043345
2026-04-26 17:53:40,2205,38047313
2026-04-26 17:53:41,2206,38051418
2026-04-26 17:53:43,2208,38055444
2026-04-26 17:53:44,2209,38059369
2026-04-26 17:53:45,2210,38063412
2026-04-26 17:53:46,2211,38067349
2026-04-26 17:53:47,2212,38071373
2026-04-26 17:53:49,2214,38075325
2026-04-26 17:53:50,2215,38079298
2026-04-26 17:53:51,2216,38083292
2026-04-26 17:53:52,2217,38087337
2026-04-26 17:53:53,2218,38091285
2026-04-26 17:53:55,2220,38095298
2026-04-26 17:53:56,2221,38099299
2026-04-26 17:53:57,2222,38103351
2026-04-26 17:53:58,2223,38107375
2026-04-26 17:53:59,2224,38111383
2026-04-26 17:54:01,2226,38115417
2026-04-26 17:54:02,2227,38119360
2026-04-26 17:54:03,2228,38123482
2026-04-26 17:54:04,2229,38127446
2026-04-26 17:54:05,2230,38131416
2026-04-26 17:54:07,2232,38135384
2026-04-26 17:54:08,2233,38139399
2026-04-26 17:54:09,2234,38143464
2026-04-26 17:54:10,2235,38147512
2026-04-26 17:54:11,2236,38151572
2026-04-26 17:54:13,2238,38155692
2026-04-26 17:54:14,2239,38159683
2026-04-26 17:54:15,2240,38163671
2026-04-26 17:54:16,2241,38167682
2026-04-26 17:54:17,2242,38171632
2026-04-26 17:54:18,2243,38175617
2026-04-26 17:54:20,2245,38179518
2026-04-26 17:54:21,2246,38183558
2026-04-26 17:54:22,2247,38187654
2026-04-26 17:54:23,2248,38191715
2026-04-26 17:54:24,2249,38195765
2026-04-26 17:54:26,2251,38199764
2026-04-26 17:54:27,2252,38203736
2026-04-26 17:54:28,2253,38207808
2026-04-26 17:54:29,2254,38211763
2026-04-26 17:54:30,2255,38215755
2026-04-26 17:54:32,2257,38219730
2026-04-26 17:54:33,2258,38223761
2026-04-26 17:54:34,2259,38227663
2026-04-26 17:54:35,2260,38231625
2026-04-26 17:54:36,2261,38235654
2026-04-26 17:54:38,2263,38239678
2026-04-26 17:54:39,2264,38243704
2026-04-26 17:54:40,2265,38247616
2026-04-26 17:54:41,2266,38251560
2026-04-26 17:54:42,2267,38255573
2026-04-26 17:54:44,2269,38259625
2026-04-26 17:54:45,2270,38263703
2026-04-26 17:54:46,2271,38267757
2026-04-26 17:54:47,2272,38271719
2026-04-26 17:54:48,2273,38275591
2026-04-26 17:54:49,2274,38279458
2026-04-26 17:54:51,2276,38283423
2026-04-26 17:54:52,2277,38287323
2026-04-26 17:54:53,2278,38291329
2026-04-26 17:54:54,2279,38295251
2026-04-26 17:54:55,2280,38299260
2026-04-26 17:54:57,2282,38303135
2026-04-26 17:54:58,2283,38307149
2026-04-26 17:54:59,2284,38311072
2026-04-26 17:55:00,2285,38315059
2026-04-26 17:55:01,2286,38319027
2026-04-26 17:55:03,2288,38322990
2026-04-26 17:55:04,2289,38326956
2026-04-26 17:55:05,2290,38330960
2026-04-26 17:55:06,2291,38334800
2026-04-26 17:55:07,2292,38338783
2026-04-26 17:55:09,2294,38342838
2026-04-26 17:55:10,2295,38347047
2026-04-26 17:55:11,2296,38351158
2026-04-26 17:55:12,2297,38355092
2026-04-26 17:55:13,2298,38359238
2026-04-26 17:55:15,2300,38363462
2026-04-26 17:55:16,2301,38367561
2026-04-26 17:55:17,2302,38371843
2026-04-26 17:55:18,2303,38375991
2026-04-26 17:55:19,2304,38380149
2026-04-26 17:55:21,2306,38384299
2026-04-26 17:55:22,2307,38388390
2026-04-26 17:55:23,2308,38392601
2026-04-26 17:55:24,2309,38396778
2026-04-26 17:55:25,2310,38400951
2026-04-26 17:55:26,2311,38405295
2026-04-26 17:55:28,2313,38409501
2026-04-26 17:55:29,2314,38413648
2026-04-26 17:55:30,2315,38417874
2026-04-26 17:55:31,2316,38422130
2026-04-26 17:55:32,2317,38426285
2026-04-26 17:55:34,2319,38430493
2026-04-26 17:55:35,2320,38434756
2026-04-26 17:55:36,2321,38438838
2026-04-26 17:55:37,2322,38443025
2026-04-26 17:55:38,2323,38447151
2026-04-26 17:55:40,2325,38451178
2026-04-26 17:55:41,2326,38455313
2026-04-26 17:55:42,2327,38459585
2026-04-26 17:55:43,2328,38463787
2026-04-26 17:55:44,2329,38467994
2026-04-26 17:55:45,2331,38472135
2026-04-26 17:55:47,2332,38476215
2026-04-26 17:55:48,2333,38480415
2026-04-26 17:55:49,2334,38484587
2026-04-26 17:55:50,2335,38488784
2026-04-26 17:55:51,2336,38492942
2026-04-26 17:55:53,2338,38497101
2026-04-26 17:55:54,2339,38501260
2026-04-26 17:55:55,2340,38505501
2026-04-26 17:55:56,2341,38509656
2026-04-26 17:55:57,2342,38513839
2026-04-26 17:55:59,2344,38518078
2026-04-26 17:56:00,2345,38522278
2026-04-26 17:56:01,2346,38526543
2026-04-26 17:56:02,2347,38530761
2026-04-26 17:56:03,2348,38534889
2026-04-26 17:56:05,2350,38539064
2026-04-26 17:56:06,2351,38543402
2026-04-26 17:56:07,2352,38547610
2026-04-26 17:56:08,2353,38551831
2026-04-26 17:56:09,2354,38556245
2026-04-26 17:56:11,2356,38560470
2026-04-26 17:56:12,2357,38564673
2026-04-26 17:56:13,2358,38568953
2026-04-26 17:56:14,2359,38573236
2026-04-26 17:56:15,2360,38577525
2026-04-26 17:56:17,2362,38581685
2026-04-26 17:56:18,2363,38585929
2026-04-26 17:56:19,2364,38590150
2026-04-26 17:56:20,2365,38594209
2026-04-26 17:56:21,2366,38598475
2026-04-26 17:56:22,2367,38602695
2026-04-26 17:56:24,2369,38606811
2026-04-26 17:56:25,2370,38611171
2026-04-26 17:56:26,2371,38615566
2026-04-26 17:56:27,2372,38619697
2026-04-26 17:56:29,2374,38623857
2026-04-26 17:56:30,2375,38628013
2026-04-26 17:56:31,2376,38632098
2026-04-26 17:56:32,2377,38636126
2026-04-26 17:56:33,2378,38640231
2026-04-26 17:56:35,2380,38644467
2026-04-26 17:56:36,2381,38648745
2026-04-26 17:56:37,2382,38652628
2026-04-26 17:56:38,2383,38656728
2026-04-26 17:56:40,2385,38660828
2026-04-26 17:56:41,2386,38664860
2026-04-26 17:56:42,2387,38668946
2026-04-26 17:56:43,2388,38673136
2026-04-26 17:56:45,2390,38677234
2026-04-26 17:56:46,2391,38681264
2026-04-26 17:56:47,2392,38685558
2026-04-26 17:56:48,2393,38689551
2026-04-26 17:56:50,2395,38693446
2026-04-26 17:56:51,2396,38697365
2026-04-26 17:56:52,2397,38701243
2026-04-26 17:56:53,2398,38705138
2026-04-26 17:56:55,2400,38709129
2026-04-26 17:56:56,2401,38712749
2026-04-26 17:56:57,2402,38716498
2026-04-26 17:56:58,2403,38720236
2026-04-26 17:57:00,2405,38723981
2026-04-26 17:57:01,2406,38727663
2026-04-26 17:57:02,2407,38731437
2026-04-26 17:57:03,2408,38735261
2026-04-26 17:57:05,2410,38739018
2026-04-26 17:57:06,2411,38742740
2026-04-26 17:57:07,2412,38746526
2026-04-26 17:57:09,2414,38750371
2026-04-26 17:57:10,2415,38753997
2026-04-26 17:57:11,2416,38757843
2026-04-26 17:57:12,2417,38761468
2026-04-26 17:57:14,2419,38765265
2026-04-26 17:57:15,2420,38769039
2026-04-26 17:57:16,2421,38772743
2026-04-26 17:57:17,2422,38776193
2026-04-26 17:57:19,2424,38779686
2026-04-26 17:57:20,2425,38783238
2026-04-26 17:57:21,2426,38786828
2026-04-26 17:57:22,2427,38790217
2026-04-26 17:57:24,2429,38793944
2026-04-26 17:57:25,2430,38797506
2026-04-26 17:57:26,2431,38801116
2026-04-26 17:57:27,2432,38804781
2026-04-26 17:57:29,2434,38808458
2026-04-26 17:57:30,2435,38811883
2026-04-26 17:57:31,2436,38815564
2026-04-26 17:57:32,2437,38819531
2026-04-26 17:57:34,2439,38823624
2026-04-26 17:57:35,2440,38827837
2026-04-26 17:57:36,2441,38832029
2026-04-26 17:57:38,2443,38836120
2026-04-26 17:57:39,2444,38840179
2026-04-26 17:57:40,2445,38844399
2026-04-26 17:57:41,2446,38848602
2026-04-26 17:57:43,2448,38852678
2026-04-26 17:57:44,2449,38856960
2026-04-26 17:57:45,2450,38861153
2026-04-26 17:57:46,2451,38865493
2026-04-26 17:57:48,2453,38869895
2026-04-26 17:57:49,2454,38874278
2026-04-26 17:57:50,2455,38878531
2026-04-26 17:57:51,2456,38882894
2026-04-26 17:57:53,2458,38887302
2026-04-26 17:57:54,2459,38891788
2026-04-26 17:57:55,2460,38896131
2026-04-26 17:57:56,2461,38900439
2026-04-26 17:57:58,2463,38904779
2026-04-26 17:57:59,2464,38909157
2026-04-26 17:58:00,2465,38913333
2026-04-26 17:58:01,2466,38917868
2026-04-26 17:58:03,2468,38922220
2026-04-26 17:58:04,2469,38926629
2026-04-26 17:58:05,2470,38930962
2026-04-26 17:58:06,2471,38935423
2026-04-26 17:58:08,2473,38939699
2026-04-26 17:58:09,2474,38944196
2026-04-26 17:58:10,2475,38948484
2026-04-26 17:58:11,2476,38953004
2026-04-26 17:58:13,2478,38957406
2026-04-26 17:58:14,2479,38961717
2026-04-26 17:58:15,2480,38966147
2026-04-26 17:58:16,2481,38970497
2026-04-26 17:58:18,2483,38974821
2026-04-26 17:58:19,2484,38979191
2026-04-26 17:58:20,2485,38983478
2026-04-26 17:58:21,2486,38987807
2026-04-26 17:58:23,2488,38992215
2026-04-26 17:58:24,2489,38996519
2026-04-26 17:58:25,2490,39000939
2026-04-26 17:58:27,2492,39005339
2026-04-26 17:58:28,2493,39009718
2026-04-26 17:58:29,2494,39014118
2026-04-26 17:58:30,2495,39018460
2026-04-26 17:58:32,2497,39022864
2026-04-26 17:58:33,2498,39027333
2026-04-26 17:58:34,2499,39031619
2026-04-26 17:58:35,2500,39036079
2026-04-26 17:58:37,2502,39040435
2026-04-26 17:58:38,2503,39044917
2026-04-26 17:58:39,2504,39049362
2026-04-26 17:58:40,2505,39053673
2026-04-26 17:58:42,2507,39058057
2026-04-26 17:58:43,2508,39062397
2026-04-26 17:58:44,2509,39066777
2026-04-26 17:58:45,2510,39071189
2026-04-26 17:58:47,2512,39075476
2026-04-26 17:58:48,2513,39079949
2026-04-26 17:58:49,2514,39084364
2026-04-26 17:58:50,2515,39088723
2026-04-26 17:58:52,2517,39093230
2026-04-26 17:58:53,2518,39097661
2026-04-26 17:58:54,2519,39102073
2026-04-26 17:58:55,2520,39106403
2026-04-26 17:58:57,2522,39110636
2026-04-26 17:58:58,2523,39114892
2026-04-26 17:58:59,2524,39119387
2026-04-26 17:59:01,2526,39123834
2026-04-26 17:59:02,2527,39128253
2026-04-26 17:59:03,2528,39132737
2026-04-26 17:59:04,2529,39137258
2026-04-26 17:59:06,2531,39141620
2026-04-26 17:59:07,2532,39146112
2026-04-26 17:59:08,2533,39150529
2026-04-26 17:59:09,2534,39155104
2026-04-26 17:59:11,2536,39159577
2026-04-26 17:59:12,2537,39163928
2026-04-26 17:59:13,2538,39168295
2026-04-26 17:59:14,2539,39172681
2026-04-26 17:59:16,2541,39177123
2026-04-26 17:59:17,2542,39181505
2026-04-26 17:59:18,2543,39185884
2026-04-26 17:59:19,2544,39190229
2026-04-26 17:59:21,2546,39194413
2026-04-26 17:59:22,2547,39198812
2026-04-26 17:59:23,2548,39203100
2026-04-26 17:59:24,2549,39207320
2026-04-26 17:59:25,2550,39211719
2026-04-26 17:59:27,2552,39216032
2026-04-26 17:59:28,2553,39220159
2026-04-26 17:59:29,2554,39224484
2026-04-26 17:59:30,2555,39228846
2026-04-26 17:59:32,2557,39233297
2026-04-26 17:59:33,2558,39237751
2026-04-26 17:59:34,2559,39242092
2026-04-26 17:59:35,2560,39246556
2026-04-26 17:59:36,2561,39250997
2026-04-26 17:59:38,2563,39255370
2026-04-26 17:59:39,2564,39259644
2026-04-26 17:59:40,2565,39264116
2026-04-26 17:59:41,2566,39268626
2026-04-26 17:59:43,2568,39273091
2026-04-26 17:59:44,2569,39277507
2026-04-26 17:59:45,2570,39282114
2026-04-26 17:59:46,2571,39286457
2026-04-26 17:59:48,2573,39290889
2026-04-26 17:59:49,2574,39295224
2026-04-26 17:59:50,2575,39299556
2026-04-26 17:59:51,2576,39303822
2026-04-26 17:59:52,2577,39308222
2026-04-26 17:59:54,2579,39312580
2026-04-26 17:59:55,2580,39317058
2026-04-26 17:59:56,2581,39321495
2026-04-26 17:59:57,2582,39325819
2026-04-26 17:59:59,2584,39330257
2026-04-26 18:00:00,2585,39334632
2026-04-26 18:00:01,2586,39338998
2026-04-26 18:00:02,2587,39343326
2026-04-26 18:00:03,2588,39347684
2026-04-26 18:00:05,2590,39351938
2026-04-26 18:00:06,2591,39356319
2026-04-26 18:00:07,2592,39360550
2026-04-26 18:00:08,2593,39365025
2026-04-26 18:00:09,2594,39369388
2026-04-26 18:00:11,2596,39373790
2026-04-26 18:00:12,2597,39378078
2026-04-26 18:00:13,2598,39382425
2026-04-26 18:00:14,2599,39386762
2026-04-26 18:00:16,2601,39391042
2026-04-26 18:00:17,2602,39395402
2026-04-26 18:00:18,2603,39399731
2026-04-26 18:00:19,2604,39404082
2026-04-26 18:00:20,2605,39408499
2026-04-26 18:00:22,2607,39412864
2026-04-26 18:00:23,2608,39417250
2026-04-26 18:00:24,2609,39421629
2026-04-26 18:00:25,2610,39425998
2026-04-26 18:00:27,2612,39430322
2026-04-26 18:00:28,2613,39434695
2026-04-26 18:00:29,2614,39439087
2026-04-26 18:00:30,2615,39443309
2026-04-26 18:00:31,2616,39447673
2026-04-26 18:00:33,2618,39452106
2026-04-26 18:00:34,2619,39456468
2026-04-26 18:00:35,2620,39460830
2026-04-26 18:00:36,2621,39465174
2026-04-26 18:00:38,2623,39469452
2026-04-26 18:00:39,2624,39473791
2026-04-26 18:00:40,2625,39478022
2026-04-26 18:00:41,2626,39482370
2026-04-26 18:00:42,2627,39486802
2026-04-26 18:00:44,2629,39491336
2026-04-26 18:00:45,2630,39495764
2026-04-26 18:00:46,2631,39499951
2026-04-26 18:00:47,2632,39504365
2026-04-26 18:00:49,2634,39508807
2026-04-26 18:00:50,2635,39513126
2026-04-26 18:00:51,2636,39517543
2026-04-26 18:00:52,2637,39521978
2026-04-26 18:00:53,2638,39526237
2026-04-26 18:00:55,2640,39530669
2026-04-26 18:00:56,2641,39534928
2026-04-26 18:00:57,2642,39539025
2026-04-26 18:00:58,2643,39543160
2026-04-26 18:01:00,2645,39547286
2026-04-26 18:01:01,2646,39551491
2026-04-26 18:01:02,2647,39555621
2026-04-26 18:01:03,2648,39559716
2026-04-26 18:01:05,2650,39564070
2026-04-26 18:01:06,2651,39568214
2026-04-26 18:01:07,2652,39572365
2026-04-26 18:01:08,2653,39576372
2026-04-26 18:01:10,2655,39580266
2026-04-26 18:01:11,2656,39584027
2026-04-26 18:01:12,2657,39587892
2026-04-26 18:01:13,2658,39591707
2026-04-26 18:01:15,2660,39595573
2026-04-26 18:01:16,2661,39599320
2026-04-26 18:01:17,2662,39603254
2026-04-26 18:01:19,2664,39607346
2026-04-26 18:01:20,2665,39611402
2026-04-26 18:01:21,2666,39615393
2026-04-26 18:01:22,2667,39619322
2026-04-26 18:01:24,2669,39623321
2026-04-26 18:01:25,2670,39627356
2026-04-26 18:01:26,2671,39631414
2026-04-26 18:01:28,2673,39635447
2026-04-26 18:01:29,2674,39639420
2026-04-26 18:01:30,2675,39643447
2026-04-26 18:01:31,2677,39647521
2026-04-26 18:01:33,2678,39651453
2026-04-26 18:01:34,2679,39655524
2026-04-26 18:01:35,2680,39659351
2026-04-26 18:01:37,2682,39663186
2026-04-26 18:01:38,2683,39667199
2026-04-26 18:01:39,2684,39671141
2026-04-26 18:01:41,2686,39675037
2026-04-26 18:01:42,2687,39678980
2026-04-26 18:01:43,2688,39682769
2026-04-26 18:01:44,2689,39686785
2026-04-26 18:01:46,2691,39690627
2026-04-26 18:01:47,2692,39694557
2026-04-26 18:01:48,2693,39698516
2026-04-26 18:01:50,2695,39702474
2026-04-26 18:01:51,2696,39706328
2026-04-26 18:01:52,2697,39710218
2026-04-26 18:01:54,2699,39714194
2026-04-26 18:01:55,2700,39717958
2026-04-26 18:01:56,2701,39721581
2026-04-26 18:01:58,2703,39725174
2026-04-26 18:01:59,2704,39728876
2026-04-26 18:02:00,2705,39732497
2026-04-26 18:02:01,2706,39736358
2026-04-26 18:02:03,2708,39740109
2026-04-26 18:02:04,2709,39743895
2026-04-26 18:02:05,2710,39747799
2026-04-26 18:02:07,2712,39751543
2026-04-26 18:02:08,2713,39755428
2026-04-26 18:02:09,2714,39759192
2026-04-26 18:02:10,2715,39763043
2026-04-26 18:02:12,2717,39766962
2026-04-26 18:02:13,2718,39770792
2026-04-26 18:02:14,2719,39774649
2026-04-26 18:02:16,2721,39778424
2026-04-26 18:02:17,2722,39782199
2026-04-26 18:02:18,2723,39786109
2026-04-26 18:02:20,2725,39790005
2026-04-26 18:02:21,2726,39793862
2026-04-26 18:02:22,2727,39797764
2026-04-26 18:02:23,2728,39801641
2026-04-26 18:02:25,2730,39805630
2026-04-26 18:02:26,2731,39809616
2026-04-26 18:02:27,2732,39813517
2026-04-26 18:02:29,2734,39817482
2026-04-26 18:02:30,2735,39821480
2026-04-26 18:02:31,2736,39825558
2026-04-26 18:02:32,2737,39829660
2026-04-26 18:02:34,2739,39833960
2026-04-26 18:02:35,2740,39838149
2026-04-26 18:02:36,2741,39842379
2026-04-26 18:02:38,2743,39846492
2026-04-26 18:02:39,2744,39850738
2026-04-26 18:02:40,2745,39854987
2026-04-26 18:02:42,2747,39859024
2026-04-26 18:02:43,2748,39863181
2026-04-26 18:02:44,2749,39867231
2026-04-26 18:02:45,2750,39871327
2026-04-26 18:02:47,2752,39875402
2026-04-26 18:02:48,2753,39879528
2026-04-26 18:02:49,2754,39883625
2026-04-26 18:02:51,2756,39887811
2026-04-26 18:02:52,2757,39891965
2026-04-26 18:02:53,2758,39896135
2026-04-26 18:02:54,2759,39900206
2026-04-26 18:02:56,2761,39904256
2026-04-26 18:02:57,2762,39908401
2026-04-26 18:02:58,2763,39912488
2026-04-26 18:03:00,2765,39916571
2026-04-26 18:03:01,2766,39920623
2026-04-26 18:03:02,2767,39924636
2026-04-26 18:03:04,2769,39928613
2026-04-26 18:03:05,2770,39932794
2026-04-26 18:03:06,2771,39936992
2026-04-26 18:03:07,2772,39941271
2026-04-26 18:03:09,2774,39945237
2026-04-26 18:03:10,2775,39949348
2026-04-26 18:03:11,2776,39953512
2026-04-26 18:03:13,2778,39957901
2026-04-26 18:03:14,2779,39962247
2026-04-26 18:03:15,2780,39966413
2026-04-26 18:03:16,2781,39970633
2026-04-26 18:03:18,2783,39974930
2026-04-26 18:03:19,2784,39979268
2026-04-26 18:03:20,2785,39983399
2026-04-26 18:03:22,2787,39987654
2026-04-26 18:03:23,2788,39992090
2026-04-26 18:03:24,2789,39996327
2026-04-26 18:03:26,2791,40000680
2026-04-26 18:03:27,2792,40004905
2026-04-26 18:03:28,2793,40009218
2026-04-26 18:03:29,2794,40013509
2026-04-26 18:03:31,2796,40017647
2026-04-26 18:03:32,2797,40021908
2026-04-26 18:03:33,2798,40026116
2026-04-26 18:03:35,2800,40030440
2026-04-26 18:03:36,2801,40034674
2026-04-26 18:03:37,2802,40038969
2026-04-26 18:03:39,2804,40043259
2026-04-26 18:03:40,2805,40047456
2026-04-26 18:03:41,2806,40051828
2026-04-26 18:03:42,2807,40056117
2026-04-26 18:03:44,2809,40060507
2026-04-26 18:03:45,2810,40064758
2026-04-26 18:03:46,2811,40068935
2026-04-26 18:03:48,2813,40073233
2026-04-26 18:03:49,2814,40077609
2026-04-26 18:03:50,2815,40081955
2026-04-26 18:03:52,2817,40086224
2026-04-26 18:03:53,2818,40090401
2026-04-26 18:03:54,2819,40094632
2026-04-26 18:03:55,2820,40099054
2026-04-26 18:03:57,2822,40103330
2026-04-26 18:03:58,2823,40107632
2026-04-26 18:03:59,2824,40111917
2026-04-26 18:04:01,2826,40116163
2026-04-26 18:04:02,2827,40120482
2026-04-26 18:04:03,2828,40124763
2026-04-26 18:04:05,2830,40128992
2026-04-26 18:04:06,2831,40133267
2026-04-26 18:04:07,2832,40137539
2026-04-26 18:04:08,2833,40141774
2026-04-26 18:04:10,2835,40146004
2026-04-26 18:04:11,2836,40150379
2026-04-26 18:04:12,2837,40154856
2026-04-26 18:04:14,2839,40159204
2026-04-26 18:04:15,2840,40163652
2026-04-26 18:04:16,2841,40166765
2026-04-26 18:04:17,2842,40169539
2026-04-26 18:04:19,2844,40172529
2026-04-26 18:04:20,2845,40175720
2026-04-26 18:04:21,2846,40178962
2026-04-26 18:04:22,2847,40182368
2026-04-26 18:04:24,2849,40185772
2026-04-26 18:04:25,2850,40189131
2026-04-26 18:04:26,2851,40192633
2026-04-26 18:04:27,2852,40196085
2026-04-26 18:04:29,2854,40199652
2026-04-26 18:04:30,2855,40203267
2026-04-26 18:04:31,2856,40206862
2026-04-26 18:04:32,2857,40210435
2026-04-26 18:04:34,2859,40214022
2026-04-26 18:04:35,2860,40217628
2026-04-26 18:04:36,2861,40221202
2026-04-26 18:04:37,2862,40224902
2026-04-26 18:04:39,2864,40228643
2026-04-26 18:04:40,2865,40232353
2026-04-26 18:04:41,2866,40236062
2026-04-26 18:04:43,2868,40239810
2026-04-26 18:04:44,2869,40243693
2026-04-26 18:04:45,2870,40247510
2026-04-26 18:04:46,2871,40251355
2026-04-26 18:04:48,2873,40255124
2026-04-26 18:04:49,2874,40258892
2026-04-26 18:04:50,2875,40262702
2026-04-26 18:04:51,2876,40266471
2026-04-26 18:04:53,2878,40270313
2026-04-26 18:04:54,2879,40274120
2026-04-26 18:04:55,2880,40278063
2026-04-26 18:04:57,2882,40281891
2026-04-26 18:04:58,2883,40285715
2026-04-26 18:04:59,2884,40289528
2026-04-26 18:05:00,2885,40293304
2026-04-26 18:05:02,2887,40297243
2026-04-26 18:05:03,2888,40301103
2026-04-26 18:05:04,2889,40305020
2026-04-26 18:05:05,2890,40308959
2026-04-26 18:05:07,2892,40312838
2026-04-26 18:05:08,2893,40316765
2026-04-26 18:05:09,2894,40320757
2026-04-26 18:05:11,2896,40324730
2026-04-26 18:05:12,2897,40328643
2026-04-26 18:05:13,2898,40332660
2026-04-26 18:05:14,2899,40336576
2026-04-26 18:05:16,2901,40340507
2026-04-26 18:05:17,2902,40344450
2026-04-26 18:05:18,2903,40348461
2026-04-26 18:05:19,2904,40352457
2026-04-26 18:05:21,2906,40356560
2026-04-26 18:05:22,2907,40360702
2026-04-26 18:05:23,2908,40364906
2026-04-26 18:05:25,2910,40369095
2026-04-26 18:05:26,2911,40373202
2026-04-26 18:05:27,2912,40377344
2026-04-26 18:05:28,2913,40381570
2026-04-26 18:05:30,2915,40385741
2026-04-26 18:05:31,2916,40389996
2026-04-26 18:05:32,2917,40394243
2026-04-26 18:05:33,2918,40398474
2026-04-26 18:05:35,2920,40402617
2026-04-26 18:05:36,2921,40406794
2026-04-26 18:05:37,2922,40410942
2026-04-26 18:05:39,2924,40414924
2026-04-26 18:05:40,2925,40419098
2026-04-26 18:05:41,2926,40423076
2026-04-26 18:05:43,2928,40427231
2026-04-26 18:05:44,2929,40431243
2026-04-26 18:05:45,2930,40435331
2026-04-26 18:05:47,2932,40439291
2026-04-26 18:05:48,2933,40443308
2026-04-26 18:05:49,2934,40447587
2026-04-26 18:05:51,2936,40451630
2026-04-26 18:05:52,2937,40455593
2026-04-26 18:05:53,2938,40459576
2026-04-26 18:05:55,2940,40463715
2026-04-26 18:05:56,2941,40467879
2026-04-26 18:05:57,2942,40471998
2026-04-26 18:05:59,2944,40476149
2026-04-26 18:06:00,2945,40480191
2026-04-26 18:06:01,2946,40484320
2026-04-26 18:06:02,2947,40488274
2026-04-26 18:06:04,2949,40492198
2026-04-26 18:06:05,2950,40496079
2026-04-26 18:06:07,2952,40500007
2026-04-26 18:06:08,2953,40503869
2026-04-26 18:06:09,2954,40507874
2026-04-26 18:06:11,2956,40511767
2026-04-26 18:06:12,2957,40515658
2026-04-26 18:06:13,2958,40519542
2026-04-26 18:06:14,2959,40523437
2026-04-26 18:06:16,2961,40527372
2026-04-26 18:06:17,2962,40531333
2026-04-26 18:06:19,2964,40535308
2026-04-26 18:06:20,2965,40539277
2026-04-26 18:06:21,2966,40543196
2026-04-26 18:06:23,2968,40547173
2026-04-26 18:06:24,2969,40551099
2026-04-26 18:06:25,2970,40554839
2026-04-26 18:06:27,2972,40558655
2026-04-26 18:06:28,2973,40562433
2026-04-26 18:06:29,2974,40566327
2026-04-26 18:06:31,2976,40570109
2026-04-26 18:06:32,2977,40574125
2026-04-26 18:06:33,2978,40577722
2026-04-26 18:06:34,2979,40581492
2026-04-26 18:06:36,2981,40585524
2026-04-26 18:06:37,2982,40589686
2026-04-26 18:06:38,2983,40593679
2026-04-26 18:06:40,2985,40597819
2026-04-26 18:06:41,2986,40601917
2026-04-26 18:06:42,2987,40606083
2026-04-26 18:06:44,2989,40610266
2026-04-26 18:06:45,2990,40614378
2026-04-26 18:06:46,2991,40618583
2026-04-26 18:06:48,2993,40622681
2026-04-26 18:06:49,2994,40626962
2026-04-26 18:06:50,2995,40631238
2026-04-26 18:06:52,2997,40635343
2026-04-26 18:06:53,2998,40639277
2026-04-26 18:06:54,2999,40643150
2026-04-26 18:06:56,3001,40647022
2026-04-26 18:06:57,3002,40650815
2026-04-26 18:06:59,3004,40654806
2026-04-26 18:07:00,3005,40658664
2026-04-26 18:07:01,3006,40662413
2026-04-26 18:07:03,3008,40666209
2026-04-26 18:07:04,3009,40670078
2026-04-26 18:07:05,3010,40673714
2026-04-26 18:07:07,3012,40677402
2026-04-26 18:07:08,3013,40680990
2026-04-26 18:07:09,3014,40684590
2026-04-26 18:07:11,3016,40688185
2026-04-26 18:07:12,3017,40691905
2026-04-26 18:07:13,3018,40695637
2026-04-26 18:07:15,3020,40699717
2026-04-26 18:07:16,3021,40703551
2026-04-26 18:07:18,3023,40707426
2026-04-26 18:07:19,3024,40711148
2026-04-26 18:07:20,3025,40714793
2026-04-26 18:07:22,3027,40718603
2026-04-26 18:07:23,3028,40722361
2026-04-26 18:07:24,3029,40726127
2026-04-26 18:07:26,3031,40729778
2026-04-26 18:07:27,3032,40733521
2026-04-26 18:07:28,3033,40737200
2026-04-26 18:07:30,3035,40740893
2026-04-26 18:07:31,3036,40744754
2026-04-26 18:07:32,3037,40748984
2026-04-26 18:07:34,3039,40753111
2026-04-26 18:07:35,3040,40757404
2026-04-26 18:07:36,3041,40761660
2026-04-26 18:07:38,3043,40765839
2026-04-26 18:07:39,3044,40770001
2026-04-26 18:07:40,3045,40774282
2026-04-26 18:07:41,3046,40778529
2026-04-26 18:07:43,3048,40782741
2026-04-26 18:07:44,3049,40786994
2026-04-26 18:07:45,3050,40791180
2026-04-26 18:07:47,3052,40795420
2026-04-26 18:07:48,3053,40799612
2026-04-26 18:07:49,3054,40803779
2026-04-26 18:07:51,3056,40808057
2026-04-26 18:07:52,3057,40812388
2026-04-26 18:07:53,3058,40816861
2026-04-26 18:07:55,3060,40821302
2026-04-26 18:07:56,3061,40825806
2026-04-26 18:07:57,3062,40830265
2026-04-26 18:07:59,3064,40834746
2026-04-26 18:08:00,3065,40839275
2026-04-26 18:08:01,3066,40843673
2026-04-26 18:08:03,3068,40848240
2026-04-26 18:08:04,3069,40852747
2026-04-26 18:08:05,3070,40857111
2026-04-26 18:08:06,3071,40861581
2026-04-26 18:08:08,3073,40866022
2026-04-26 18:08:09,3074,40870430
2026-04-26 18:08:10,3075,40874903
2026-04-26 18:08:12,3077,40879387
2026-04-26 18:08:13,3078,40883796
2026-04-26 18:08:14,3079,40888264
2026-04-26 18:08:16,3081,40892724
2026-04-26 18:08:17,3082,40897178
2026-04-26 18:08:18,3083,40901847
2026-04-26 18:08:20,3085,40906447
2026-04-26 18:08:21,3086,40911032
2026-04-26 18:08:22,3087,40915504
2026-04-26 18:08:24,3089,40920012
2026-04-26 18:08:25,3090,40924413
2026-04-26 18:08:26,3091,40928969
2026-04-26 18:08:28,3093,40933506
2026-04-26 18:08:29,3094,40937898
2026-04-26 18:08:30,3095,40942524
2026-04-26 18:08:32,3097,40947059
2026-04-26 18:08:33,3098,40951544
2026-04-26 18:08:34,3099,40956074
2026-04-26 18:08:35,3100,40960554
2026-04-26 18:08:37,3102,40965020
2026-04-26 18:08:38,3103,40969503
2026-04-26 18:08:39,3104,40973891
2026-04-26 18:08:41,3106,40978251
2026-04-26 18:08:42,3107,40982823
2026-04-26 18:08:43,3108,40987192
2026-04-26 18:08:45,3110,40991792
2026-04-26 18:08:46,3111,40996278
2026-04-26 18:08:47,3112,41000836
2026-04-26 18:08:49,3114,41005426
2026-04-26 18:08:50,3115,41009772
2026-04-26 18:08:51,3116,41014222
2026-04-26 18:08:53,3118,41018753
2026-04-26 18:08:54,3119,41023126
2026-04-26 18:08:55,3120,41027572
2026-04-26 18:08:56,3121,41032130
2026-04-26 18:08:58,3123,41036649
2026-04-26 18:08:59,3124,41041119
2026-04-26 18:09:00,3125,41045631
2026-04-26 18:09:02,3127,41050043
2026-04-26 18:09:03,3128,41054606
2026-04-26 18:09:04,3129,41059149
2026-04-26 18:09:06,3131,41063705
2026-04-26 18:09:07,3132,41068218
2026-04-26 18:09:08,3133,41072840
2026-04-26 18:09:10,3135,41077214
2026-04-26 18:09:11,3136,41081775
2026-04-26 18:09:12,3137,41086375
2026-04-26 18:09:14,3139,41090917
2026-04-26 18:09:15,3140,41095272
2026-04-26 18:09:16,3141,41099638
2026-04-26 18:09:18,3143,41104108
2026-04-26 18:09:19,3144,41108624
2026-04-26 18:09:20,3145,41113113
2026-04-26 18:09:21,3146,41117610
2026-04-26 18:09:23,3148,41122156
2026-04-26 18:09:24,3149,41126663
2026-04-26 18:09:25,3150,41131246
2026-04-26 18:09:27,3152,41135699
2026-04-26 18:09:28,3153,41140192
2026-04-26 18:09:29,3154,41144583
2026-04-26 18:09:31,3156,41149052
2026-04-26 18:09:32,3157,41153513
2026-04-26 18:09:33,3158,41158099
2026-04-26 18:09:35,3160,41162667
2026-04-26 18:09:36,3161,41167052
2026-04-26 18:09:37,3162,41171495
2026-04-26 18:09:39,3164,41176134
2026-04-26 18:09:40,3165,41180553
2026-04-26 18:09:41,3166,41185015
2026-04-26 18:09:43,3168,41189538
2026-04-26 18:09:44,3169,41194077
2026-04-26 18:09:45,3170,41198534
2026-04-26 18:09:46,3171,41203033
2026-04-26 18:09:48,3173,41207605
2026-04-26 18:09:49,3174,41212086
2026-04-26 18:09:50,3175,41216664
2026-04-26 18:09:52,3177,41221187
2026-04-26 18:09:53,3178,41225667
2026-04-26 18:09:54,3179,41230208
2026-04-26 18:09:56,3181,41234547
2026-04-26 18:09:57,3182,41238937
2026-04-26 18:09:58,3183,41243530
2026-04-26 18:10:00,3185,41248099
2026-04-26 18:10:01,3186,41252663
2026-04-26 18:10:02,3187,41257185
2026-04-26 18:10:04,3189,41261658
2026-04-26 18:10:05,3190,41266279
2026-04-26 18:10:06,3191,41270704
2026-04-26 18:10:08,3193,41275293
2026-04-26 18:10:09,3194,41279816
2026-04-26 18:10:10,3195,41284349
2026-04-26 18:10:12,3197,41288979
2026-04-26 18:10:13,3198,41293480
2026-04-26 18:10:14,3199,41298069
2026-04-26 18:10:15,3200,41302659
2026-04-26 18:10:17,3202,41307089
2026-04-26 18:10:18,3203,41311555
2026-04-26 18:10:19,3204,41316171
2026-04-26 18:10:21,3206,41320570
2026-04-26 18:10:22,3207,41325131
2026-04-26 18:10:23,3208,41329627
2026-04-26 18:10:25,3210,41334135
2026-04-26 18:10:26,3211,41338721
2026-04-26 18:10:27,3212,41343294
2026-04-26 18:10:29,3214,41347781
2026-04-26 18:10:30,3215,41352315
2026-04-26 18:10:31,3216,41356780
2026-04-26 18:10:33,3218,41361380
2026-04-26 18:10:34,3219,41365944
2026-04-26 18:10:35,3220,41370539
2026-04-26 18:10:37,3222,41375130
2026-04-26 18:10:38,3223,41379747
2026-04-26 18:10:39,3224,41384295
2026-04-26 18:10:41,3226,41388903
2026-04-26 18:10:42,3227,41393416
2026-04-26 18:10:43,3228,41397839
2026-04-26 18:10:44,3229,41402315
2026-04-26 18:10:46,3231,41406743
2026-04-26 18:10:47,3232,41411271
2026-04-26 18:10:48,3233,41415734
2026-04-26 18:10:50,3235,41420246
2026-04-26 18:10:51,3236,41424771
2026-04-26 18:10:52,3237,41429268
2026-04-26 18:10:54,3239,41433733
2026-04-26 18:10:55,3240,41438314
2026-04-26 18:10:56,3241,41442815
2026-04-26 18:10:58,3243,41447345
2026-04-26 18:10:59,3244,41451851
2026-04-26 18:11:00,3245,41456332
2026-04-26 18:11:02,3247,41460846
2026-04-26 18:11:03,3248,41465372
2026-04-26 18:11:04,3249,41469987
2026-04-26 18:11:06,3251,41474525
2026-04-26 18:11:07,3252,41479105
2026-04-26 18:11:08,3253,41483505
2026-04-26 18:11:10,3255,41487875
2026-04-26 18:11:11,3256,41492184
2026-04-26 18:11:12,3257,41496441
2026-04-26 18:11:14,3259,41500641
2026-04-26 18:11:15,3260,41505124
2026-04-26 18:11:16,3261,41509496
2026-04-26 18:11:18,3263,41513900
2026-04-26 18:11:19,3264,41518367
2026-04-26 18:11:21,3266,41522769
2026-04-26 18:11:22,3267,41527017
2026-04-26 18:11:23,3268,41531373
2026-04-26 18:11:25,3270,41535596
2026-04-26 18:11:26,3271,41540018
2026-04-26 18:11:27,3272,41544447
2026-04-26 18:11:29,3274,41548892
2026-04-26 18:11:30,3275,41553222
2026-04-26 18:11:31,3276,41557616
2026-04-26 18:11:33,3278,41561866
2026-04-26 18:11:34,3279,41565816
2026-04-26 18:11:36,3281,41569810
2026-04-26 18:11:37,3282,41573788
2026-04-26 18:11:38,3283,41577927
2026-04-26 18:11:40,3285,41582093
2026-04-26 18:11:41,3286,41586319
2026-04-26 18:11:43,3288,41590442
2026-04-26 18:11:44,3289,41594501
2026-04-26 18:11:45,3290,41598654
2026-04-26 18:11:47,3292,41602791
2026-04-26 18:11:48,3293,41606890
2026-04-26 18:11:49,3294,41610978
2026-04-26 18:11:51,3296,41615008
2026-04-26 18:11:52,3297,41619212
2026-04-26 18:11:54,3299,41623176
2026-04-26 18:11:55,3300,41627256
2026-04-26 18:11:56,3301,41631110
2026-04-26 18:11:58,3303,41635184
2026-04-26 18:11:59,3304,41639155
2026-04-26 18:12:00,3305,41643152
2026-04-26 18:12:02,3307,41647249
2026-04-26 18:12:03,3308,41651200
2026-04-26 18:12:05,3310,41655066
2026-04-26 18:12:06,3311,41658955
2026-04-26 18:12:07,3312,41662776
2026-04-26 18:12:09,3314,41666552
2026-04-26 18:12:10,3315,41670290
2026-04-26 18:12:12,3317,41674007
2026-04-26 18:12:13,3318,41677604
2026-04-26 18:12:14,3319,41680596
2026-04-26 18:12:16,3321,41684081
2026-04-26 18:12:17,3322,41687649
2026-04-26 18:12:18,3323,41691284
2026-04-26 18:12:20,3325,41695189
2026-04-26 18:12:21,3326,41698956
2026-04-26 18:12:23,3328,41702867
2026-04-26 18:12:24,3329,41706837
2026-04-26 18:12:25,3330,41710776
2026-04-26 18:12:27,3332,41714691
2026-04-26 18:12:28,3333,41718546
2026-04-26 18:12:30,3335,41722557
2026-04-26 18:12:31,3336,41726409
2026-04-26 18:12:32,3337,41730507
2026-04-26 18:12:34,3339,41734801
2026-04-26 18:12:35,3340,41739244
2026-04-26 18:12:37,3342,41743533
2026-04-26 18:12:38,3343,41747828
2026-04-26 18:12:39,3344,41752093
2026-04-26 18:12:41,3346,41756407
2026-04-26 18:12:42,3347,41760819
2026-04-26 18:12:43,3348,41765144
2026-04-26 18:12:45,3350,41769708
2026-04-26 18:12:46,3351,41774065
2026-04-26 18:12:48,3353,41778390
2026-04-26 18:12:49,3354,41782813
2026-04-26 18:12:50,3355,41787148
2026-04-26 18:12:52,3357,41791465
2026-04-26 18:12:53,3358,41795857
2026-04-26 18:12:55,3360,41800163
2026-04-26 18:12:56,3361,41804658
2026-04-26 18:12:57,3362,41809092
2026-04-26 18:12:59,3364,41813466
2026-04-26 18:13:00,3365,41817113
2026-04-26 18:13:01,3366,41820627
2026-04-26 18:13:02,3367,41824235
2026-04-26 18:13:03,3368,41827718
2026-04-26 18:13:04,3369,41831330
2026-04-26 18:13:05,3370,41834850
2026-04-26 18:13:06,3371,41838372
2026-04-26 18:13:08,3373,41841970
2026-04-26 18:13:09,3374,41845533
2026-04-26 18:13:10,3375,41849007
2026-04-26 18:13:11,3376,41852581
2026-04-26 18:13:12,3377,41856281
2026-04-26 18:13:13,3378,41859803
2026-04-26 18:13:14,3379,41863498
2026-04-26 18:13:15,3380,41867169
2026-04-26 18:13:16,3381,41870933
2026-04-26 18:13:17,3382,41874684
2026-04-26 18:13:19,3384,41878452
2026-04-26 18:13:20,3385,41882287
2026-04-26 18:13:21,3386,41886123
2026-04-26 18:13:22,3387,41889874
2026-04-26 18:13:23,3388,41893641
2026-04-26 18:13:24,3389,41897459
2026-04-26 18:13:25,3390,41901316
2026-04-26 18:13:26,3391,41905180
2026-04-26 18:13:27,3392,41909031
2026-04-26 18:13:28,3393,41912906
2026-04-26 18:13:29,3394,41916763
2026-04-26 18:13:31,3396,41920555
2026-04-26 18:13:32,3397,41924375
2026-04-26 18:13:33,3398,41928236
2026-04-26 18:13:34,3399,41932091
2026-04-26 18:13:35,3400,41935901
2026-04-26 18:13:36,3401,41939719
2026-04-26 18:13:37,3402,41943526
2026-04-26 18:13:38,3403,41947390
2026-04-26 18:13:39,3404,41951264
2026-04-26 18:13:40,3405,41955115
2026-04-26 18:13:41,3406,41958969
2026-04-26 18:13:43,3408,41962864
2026-04-26 18:13:44,3409,41966775
2026-04-26 18:13:45,3410,41970573
2026-04-26 18:13:46,3411,41974395
2026-04-26 18:13:47,3412,41978280
2026-04-26 18:13:48,3413,41982142
2026-04-26 18:13:49,3414,41986008
2026-04-26 18:13:50,3415,41989885
2026-04-26 18:13:51,3416,41993786
2026-04-26 18:13:52,3417,41997685
2026-04-26 18:13:54,3419,42001545
2026-04-26 18:13:55,3420,42005305
2026-04-26 18:13:56,3421,42009159
2026-04-26 18:13:57,3422,42013024
2026-04-26 18:13:58,3423,42016995
2026-04-26 18:13:59,3424,42020937
2026-04-26 18:14:00,3425,42024846
2026-04-26 18:14:01,3426,42028718
2026-04-26 18:14:02,3427,42032514
2026-04-26 18:14:03,3428,42036356
2026-04-26 18:14:04,3429,42040168
2026-04-26 18:14:06,3431,42044024
2026-04-26 18:14:07,3432,42047921
2026-04-26 18:14:08,3433,42051706
2026-04-26 18:14:09,3434,42055623
2026-04-26 18:14:10,3435,42059420
2026-04-26 18:14:11,3436,42063285
2026-04-26 18:14:12,3437,42067094
2026-04-26 18:14:13,3438,42071016
2026-04-26 18:14:14,3439,42074907
2026-04-26 18:14:15,3440,42078728
2026-04-26 18:14:17,3442,42082537
2026-04-26 18:14:18,3443,42086502
2026-04-26 18:14:19,3444,42090381
2026-04-26 18:14:20,3445,42094254
2026-04-26 18:14:21,3446,42098100
2026-04-26 18:14:22,3447,42101942
2026-04-26 18:14:23,3448,42105774
2026-04-26 18:14:24,3449,42109633
2026-04-26 18:14:25,3450,42113506
2026-04-26 18:14:26,3451,42117343
2026-04-26 18:14:27,3452,42121226
2026-04-26 18:14:29,3454,42125097
2026-04-26 18:14:30,3455,42128907
2026-04-26 18:14:31,3456,42132677
2026-04-26 18:14:32,3457,42136559
2026-04-26 18:14:33,3458,42140402
2026-04-26 18:14:34,3459,42144221
2026-04-26 18:14:35,3460,42148019
2026-04-26 18:14:36,3461,42151879
2026-04-26 18:14:37,3462,42155700
2026-04-26 18:14:38,3463,42159552
2026-04-26 18:14:40,3465,42163463
2026-04-26 18:14:41,3466,42167332
2026-04-26 18:14:42,3467,42171100
2026-04-26 18:14:43,3468,42174947
2026-04-26 18:14:44,3469,42178812
2026-04-26 18:14:45,3470,42182676
2026-04-26 18:14:46,3471,42186586
2026-04-26 18:14:47,3472,42190454
2026-04-26 18:14:48,3473,42194242
2026-04-26 18:14:49,3474,42198062
2026-04-26 18:14:50,3475,42201842
2026-04-26 18:14:52,3477,42205671
2026-04-26 18:14:53,3478,42209637
2026-04-26 18:14:54,3479,42213507
2026-04-26 18:14:55,3480,42217321
2026-04-26 18:14:56,3481,42221247
2026-04-26 18:14:57,3482,42225058
2026-04-26 18:14:58,3483,42228683
2026-04-26 18:14:59,3484,42232330
2026-04-26 18:15:00,3485,42236015
2026-04-26 18:15:01,3486,42239650
2026-04-26 18:15:03,3488,42243372
2026-04-26 18:15:04,3489,42247060
2026-04-26 18:15:05,3490,42250721
2026-04-26 18:15:06,3491,42254499
2026-04-26 18:15:07,3492,42258183
2026-04-26 18:15:08,3493,42261764
2026-04-26 18:15:09,3494,42265515
2026-04-26 18:15:10,3495,42269215
2026-04-26 18:15:11,3496,42272876
2026-04-26 18:15:12,3497,42276546
2026-04-26 18:15:14,3499,42280230
2026-04-26 18:15:15,3500,42283878
2026-04-26 18:15:16,3501,42287489
2026-04-26 18:15:17,3502,42291188
2026-04-26 18:15:18,3503,42294883
2026-04-26 18:15:19,3504,42298567
2026-04-26 18:15:20,3505,42302282
2026-04-26 18:15:21,3506,42305847
2026-04-26 18:15:22,3507,42309445
2026-04-26 18:15:23,3508,42313068
2026-04-26 18:15:25,3510,42316702
2026-04-26 18:15:26,3511,42320338
2026-04-26 18:15:27,3512,42323970
2026-04-26 18:15:28,3513,42327608
2026-04-26 18:15:29,3514,42331284
2026-04-26 18:15:30,3515,42334928
2026-04-26 18:15:31,3516,42338543
2026-04-26 18:15:32,3517,42342151
2026-04-26 18:15:33,3518,42345782
2026-04-26 18:15:34,3519,42349519
2026-04-26 18:15:36,3521,42353084
2026-04-26 18:15:37,3522,42356797
2026-04-26 18:15:38,3523,42360448
2026-04-26 18:15:39,3524,42364098
2026-04-26 18:15:40,3525,42367794
2026-04-26 18:15:41,3526,42371405
2026-04-26 18:15:42,3527,42375000
2026-04-26 18:15:43,3528,42378544
2026-04-26 18:15:44,3529,42382230
2026-04-26 18:15:45,3530,42385867
2026-04-26 18:15:47,3532,42389454
2026-04-26 18:15:48,3533,42393101
2026-04-26 18:15:49,3534,42396760
2026-04-26 18:15:50,3535,42400436
2026-04-26 18:15:51,3536,42404024
2026-04-26 18:15:52,3537,42407734
2026-04-26 18:15:53,3538,42411338
2026-04-26 18:15:54,3539,42415002
2026-04-26 18:15:55,3540,42418599
2026-04-26 18:15:56,3541,42422224
2026-04-26 18:15:58,3543,42425865
2026-04-26 18:15:59,3544,42429566
2026-04-26 18:16:00,3545,42433105
2026-04-26 18:16:01,3546,42436831
2026-04-26 18:16:02,3547,42440428
2026-04-26 18:16:03,3548,42444087
2026-04-26 18:16:04,3549,42447689
2026-04-26 18:16:05,3550,42451341
2026-04-26 18:16:06,3551,42455044
2026-04-26 18:16:07,3552,42458657
2026-04-26 18:16:09,3554,42462355
2026-04-26 18:16:10,3555,42465963
2026-04-26 18:16:11,3556,42469621
2026-04-26 18:16:12,3557,42473140
2026-04-26 18:16:13,3558,42476558
2026-04-26 18:16:14,3559,42479950
2026-04-26 18:16:15,3560,42483259
2026-04-26 18:16:16,3561,42486660
2026-04-26 18:16:17,3562,42489996
2026-04-26 18:16:19,3564,42493337
2026-04-26 18:16:20,3565,42496656
2026-04-26 18:16:21,3566,42500030
2026-04-26 18:16:22,3567,42503515
2026-04-26 18:16:23,3568,42507006
2026-04-26 18:16:24,3569,42510546
2026-04-26 18:16:25,3570,42514049
2026-04-26 18:16:27,3572,42517512
2026-04-26 18:16:28,3573,42520939
2026-04-26 18:16:29,3574,42524391
2026-04-26 18:16:30,3575,42527967
2026-04-26 18:16:31,3576,42531427
2026-04-26 18:16:32,3577,42534969
2026-04-26 18:16:34,3579,42538552
2026-04-26 18:16:35,3580,42542015
2026-04-26 18:16:36,3581,42545539
2026-04-26 18:16:37,3582,42549058
2026-04-26 18:16:38,3583,42552257
2026-04-26 18:16:39,3584,42555691
2026-04-26 18:16:40,3585,42558897
2026-04-26 18:16:41,3586,42562188
2026-04-26 18:16:43,3588,42565532
2026-04-26 18:16:44,3589,42568876
2026-04-26 18:16:45,3590,42572236
2026-04-26 18:16:46,3591,42575569
2026-04-26 18:16:47,3592,42578929
2026-04-26 18:16:48,3593,42582237
2026-04-26 18:16:49,3594,42585616
2026-04-26 18:16:50,3595,42589003
2026-04-26 18:16:51,3596,42592272
2026-04-26 18:16:53,3598,42595426
2026-04-26 18:16:54,3599,42598565
2026-04-26 18:16:55,3600,42601693
2026-04-26 18:16:56,3601,42604859
2026-04-26 18:16:57,3602,42607973
2026-04-26 18:16:58,3603,42611076
2026-04-26 18:17:00,3605,42614088
2026-04-26 18:17:01,3606,42617162
2026-04-26 18:17:02,3607,42620213
2026-04-26 18:17:03,3608,42623073
2026-04-26 18:17:04,3609,42626022
2026-04-26 18:17:05,3610,42629041
2026-04-26 18:17:06,3611,42632133
2026-04-26 18:17:08,3613,42635184
2026-04-26 18:17:09,3614,42638213
2026-04-26 18:17:10,3615,42641091
2026-04-26 18:17:11,3616,42644049
2026-04-26 18:17:12,3617,42647006
2026-04-26 18:17:13,3618,42650053
2026-04-26 18:17:15,3620,42652798
2026-04-26 18:17:16,3621,42655800
2026-04-26 18:17:17,3622,42658692
2026-04-26 18:17:18,3623,42661634
2026-04-26 18:17:19,3624,42664572
2026-04-26 18:17:20,3625,42667582
2026-04-26 18:17:21,3626,42670762
2026-04-26 18:17:23,3628,42673940
2026-04-26 18:17:24,3629,42677073
2026-04-26 18:17:25,3630,42680197
2026-04-26 18:17:26,3631,42683362
2026-04-26 18:17:27,3632,42686378
2026-04-26 18:17:28,3633,42689507
2026-04-26 18:17:30,3635,42692616
2026-04-26 18:17:31,3636,42695702
2026-04-26 18:17:32,3637,42698696
2026-04-26 18:17:33,3638,42701916
2026-04-26 18:17:34,3639,42705191
2026-04-26 18:17:35,3640,42708437
2026-04-26 18:17:36,3641,42711763
2026-04-26 18:17:38,3643,42714943
2026-04-26 18:17:39,3644,42718256
2026-04-26 18:17:40,3645,42721582
2026-04-26 18:17:41,3646,42724904
2026-04-26 18:17:42,3647,42728234
2026-04-26 18:17:43,3648,42731536
2026-04-26 18:17:45,3650,42734846
2026-04-26 18:17:46,3651,42738173
2026-04-26 18:17:47,3652,42741534
2026-04-26 18:17:48,3653,42744889
2026-04-26 18:17:49,3654,42748243
2026-04-26 18:17:50,3655,42751606
2026-04-26 18:17:52,3657,42754900
2026-04-26 18:17:53,3658,42758262
2026-04-26 18:17:54,3659,42761656
2026-04-26 18:17:55,3660,42764994
2026-04-26 18:17:56,3661,42768278
2026-04-26 18:17:57,3662,42771646
2026-04-26 18:17:58,3663,42775068
2026-04-26 18:18:00,3665,42778450
2026-04-26 18:18:01,3666,42781816
2026-04-26 18:18:02,3667,42785188
2026-04-26 18:18:03,3668,42788557
2026-04-26 18:18:04,3669,42791898
2026-04-26 18:18:05,3670,42795287
2026-04-26 18:18:07,3672,42798635
2026-04-26 18:18:08,3673,42801891
2026-04-26 18:18:09,3674,42805317
2026-04-26 18:18:10,3675,42808769
2026-04-26 18:18:11,3676,42812298
2026-04-26 18:18:12,3677,42815889
2026-04-26 18:18:13,3678,42819350
2026-04-26 18:18:15,3680,42822949
2026-04-26 18:18:16,3681,42826456
2026-04-26 18:18:17,3682,42829987
2026-04-26 18:18:18,3683,42833563
2026-04-26 18:18:19,3684,42836945
2026-04-26 18:18:20,3685,42840469
2026-04-26 18:18:22,3687,42844047
2026-04-26 18:18:23,3688,42846387
2026-04-26 18:18:24,3689,42848652
2026-04-26 18:18:25,3690,42851152
2026-04-26 18:18:26,3691,42853709
2026-04-26 18:18:27,3692,42856302
2026-04-26 18:18:28,3693,42858965
2026-04-26 18:18:29,3695,42861745
2026-04-26 18:18:31,3696,42864580
2026-04-26 18:18:32,3697,42867451
2026-04-26 18:18:33,3698,42870323
2026-04-26 18:18:34,3699,42873250
2026-04-26 18:18:35,3700,42876213
2026-04-26 18:18:36,3701,42879096
2026-04-26 18:18:38,3703,42882030
2026-04-26 18:18:39,3704,42885014
2026-04-26 18:18:40,3705,42888013
2026-04-26 18:18:41,3706,42891080
2026-04-26 18:18:42,3707,42894086
2026-04-26 18:18:43,3708,42897100
2026-04-26 18:18:44,3709,42900103
2026-04-26 18:18:46,3711,42903239
2026-04-26 18:18:47,3712,42906317
2026-04-26 18:18:48,3713,42909430
2026-04-26 18:18:49,3714,42912500
2026-04-26 18:18:50,3715,42915555
2026-04-26 18:18:51,3716,42918615
2026-04-26 18:18:52,3717,42921793
2026-04-26 18:18:54,3719,42924862
2026-04-26 18:18:55,3720,42927951
2026-04-26 18:18:56,3721,42931013
2026-04-26 18:18:57,3722,42934132
2026-04-26 18:18:58,3723,42937297
2026-04-26 18:18:59,3724,42940457
2026-04-26 18:19:00,3725,42943637
2026-04-26 18:19:02,3727,42946771
2026-04-26 18:19:03,3728,42949957
2026-04-26 18:19:04,3729,42953180
2026-04-26 18:19:05,3730,42956337
2026-04-26 18:19:06,3731,42959544
2026-04-26 18:19:07,3732,42962727
2026-04-26 18:19:08,3733,42966012
2026-04-26 18:19:10,3735,42969439
2026-04-26 18:19:11,3736,42972730
2026-04-26 18:19:12,3737,42976093
2026-04-26 18:19:13,3738,42979412
2026-04-26 18:19:14,3739,42982854
2026-04-26 18:19:15,3740,42986321
2026-04-26 18:19:16,3741,42989767
2026-04-26 18:19:18,3743,42993171
2026-04-26 18:19:19,3744,42996677
2026-04-26 18:19:20,3745,43000044
2026-04-26 18:19:21,3746,43003559
2026-04-26 18:19:22,3747,43006966
2026-04-26 18:19:23,3748,43010594
2026-04-26 18:19:25,3750,43014066
2026-04-26 18:19:26,3751,43017666
2026-04-26 18:19:27,3752,43021036
2026-04-26 18:19:28,3753,43024504
2026-04-26 18:19:29,3754,43028005
2026-04-26 18:19:30,3755,43031495
2026-04-26 18:19:31,3756,43034984
2026-04-26 18:19:33,3758,43038480
2026-04-26 18:19:34,3759,43042062
2026-04-26 18:19:35,3760,43045573
2026-04-26 18:19:36,3761,43049123
2026-04-26 18:19:37,3762,43052645
2026-04-26 18:19:38,3763,43056030
2026-04-26 18:19:39,3764,43059602
2026-04-26 18:19:41,3766,43063091
2026-04-26 18:19:42,3767,43066815
2026-04-26 18:19:43,3768,43070578
2026-04-26 18:19:44,3769,43074290
2026-04-26 18:19:45,3770,43077959
2026-04-26 18:19:46,3771,43081554
2026-04-26 18:19:47,3772,43085213
2026-04-26 18:19:49,3774,43088523
2026-04-26 18:19:50,3775,43091838
2026-04-26 18:19:51,3776,43095243
2026-04-26 18:19:52,3777,43098690
2026-04-26 18:19:53,3778,43102127
2026-04-26 18:19:54,3779,43105564
2026-04-26 18:19:56,3781,43109052
2026-04-26 18:19:57,3782,43112547
2026-04-26 18:19:58,3783,43116014
2026-04-26 18:19:59,3784,43119543
2026-04-26 18:20:00,3785,43123098
2026-04-26 18:20:01,3786,43126626
2026-04-26 18:20:02,3787,43130160
2026-04-26 18:20:04,3789,43133747
2026-04-26 18:20:05,3790,43137259
2026-04-26 18:20:06,3791,43141046
2026-04-26 18:20:07,3792,43144854
2026-04-26 18:20:08,3793,43148712
2026-04-26 18:20:09,3794,43152599
2026-04-26 18:20:10,3795,43156545
2026-04-26 18:20:12,3797,43160429
2026-04-26 18:20:13,3798,43164329
2026-04-26 18:20:14,3799,43168234
2026-04-26 18:20:15,3800,43172138
2026-04-26 18:20:16,3801,43176118
2026-04-26 18:20:17,3802,43180059
2026-04-26 18:20:18,3803,43184050
2026-04-26 18:20:20,3805,43187980
2026-04-26 18:20:21,3806,43192001
2026-04-26 18:20:22,3807,43196014
2026-04-26 18:20:23,3808,43200066
2026-04-26 18:20:24,3809,43204112
2026-04-26 18:20:25,3810,43208133
2026-04-26 18:20:26,3811,43212169
2026-04-26 18:20:28,3813,43216286
2026-04-26 18:20:29,3814,43220345
2026-04-26 18:20:30,3815,43224378
2026-04-26 18:20:31,3816,43228555
2026-04-26 18:20:32,3817,43232644
2026-04-26 18:20:33,3818,43236776
2026-04-26 18:20:34,3819,43240884
2026-04-26 18:20:36,3821,43245003
2026-04-26 18:20:37,3822,43249161
2026-04-26 18:20:38,3823,43253250
2026-04-26 18:20:39,3824,43257367
2026-04-26 18:20:40,3825,43261521
2026-04-26 18:20:41,3826,43265609
2026-04-26 18:20:42,3827,43269738
2026-04-26 18:20:44,3829,43273868
2026-04-26 18:20:45,3830,43278064
2026-04-26 18:20:46,3831,43282120
2026-04-26 18:20:47,3832,43286317
2026-04-26 18:20:48,3833,43290533
2026-04-26 18:20:49,3834,43294595
2026-04-26 18:20:50,3835,43298741
2026-04-26 18:20:52,3837,43302944
2026-04-26 18:20:53,3838,43307133
2026-04-26 18:20:54,3839,43311314
2026-04-26 18:20:55,3840,43315453
2026-04-26 18:20:56,3841,43319602
2026-04-26 18:20:57,3842,43323907
2026-04-26 18:20:58,3843,43328063
2026-04-26 18:21:00,3845,43332201
2026-04-26 18:21:01,3846,43336378
2026-04-26 18:21:02,3847,43340503
2026-04-26 18:21:03,3848,43344692
2026-04-26 18:21:04,3849,43348885
2026-04-26 18:21:05,3850,43353033
2026-04-26 18:21:06,3851,43357238
2026-04-26 18:21:08,3853,43361454
2026-04-26 18:21:09,3854,43365673
2026-04-26 18:21:10,3855,43369795
2026-04-26 18:21:11,3856,43373933
2026-04-26 18:21:12,3857,43378187
2026-04-26 18:21:13,3858,43382334
2026-04-26 18:21:14,3859,43386463
2026-04-26 18:21:16,3861,43390671
2026-04-26 18:21:17,3862,43394823
2026-04-26 18:21:18,3863,43399034
2026-04-26 18:21:19,3864,43403200
2026-04-26 18:21:20,3865,43407323
2026-04-26 18:21:21,3866,43411453
2026-04-26 18:21:22,3867,43415695
2026-04-26 18:21:24,3869,43419980
2026-04-26 18:21:25,3870,43424195
2026-04-26 18:21:26,3871,43428301
2026-04-26 18:21:27,3872,43432515
2026-04-26 18:21:28,3873,43436517
2026-04-26 18:21:29,3874,43440567
2026-04-26 18:21:31,3876,43444564
2026-04-26 18:21:32,3877,43448525
2026-04-26 18:21:33,3878,43452448
2026-04-26 18:21:34,3879,43456509
2026-04-26 18:21:35,3880,43460689
2026-04-26 18:21:36,3881,43464805
2026-04-26 18:21:38,3883,43468795
2026-04-26 18:21:39,3884,43472878
2026-04-26 18:21:40,3885,43476930
2026-04-26 18:21:41,3886,43480999
2026-04-26 18:21:42,3887,43485033
2026-04-26 18:21:44,3889,43489165
2026-04-26 18:21:45,3890,43493342
2026-04-26 18:21:46,3891,43497437
2026-04-26 18:21:47,3892,43501584
2026-04-26 18:21:48,3893,43505690
2026-04-26 18:21:50,3895,43509779
2026-04-26 18:21:51,3896,43513887
2026-04-26 18:21:52,3897,43517973
2026-04-26 18:21:53,3898,43522124
2026-04-26 18:21:54,3899,43526229
2026-04-26 18:21:56,3901,43530266
2026-04-26 18:21:57,3902,43534031
2026-04-26 18:21:58,3903,43537923
2026-04-26 18:21:59,3904,43541822
2026-04-26 18:22:00,3905,43545770
2026-04-26 18:22:02,3907,43549650
2026-04-26 18:22:03,3908,43553585
2026-04-26 18:22:04,3909,43557654
2026-04-26 18:22:05,3910,43561884
2026-04-26 18:22:06,3911,43565870
2026-04-26 18:22:08,3913,43569859
2026-04-26 18:22:09,3914,43574001
2026-04-26 18:22:10,3915,43578048
2026-04-26 18:22:11,3916,43582105
2026-04-26 18:22:12,3917,43586123
2026-04-26 18:22:14,3919,43589932
2026-04-26 18:22:15,3920,43593947
2026-04-26 18:22:16,3921,43597931
2026-04-26 18:22:17,3922,43602028
2026-04-26 18:22:18,3923,43606142
2026-04-26 18:22:19,3924,43610199
2026-04-26 18:22:21,3926,43614238
2026-04-26 18:22:22,3927,43618419
2026-04-26 18:22:23,3928,43622529
2026-04-26 18:22:24,3929,43626469
2026-04-26 18:22:25,3930,43630494
2026-04-26 18:22:27,3932,43634576
2026-04-26 18:22:28,3933,43638679
2026-04-26 18:22:29,3934,43642799
2026-04-26 18:22:30,3935,43646842
2026-04-26 18:22:31,3936,43650887
2026-04-26 18:22:33,3938,43654961
2026-04-26 18:22:34,3939,43659013
2026-04-26 18:22:35,3940,43663095
2026-04-26 18:22:36,3941,43667119
2026-04-26 18:22:37,3942,43671139
2026-04-26 18:22:38,3943,43675321
2026-04-26 18:22:40,3945,43679485
2026-04-26 18:22:41,3946,43683527
2026-04-26 18:22:42,3947,43687698
2026-04-26 18:22:43,3948,43691772
2026-04-26 18:22:44,3949,43695854
2026-04-26 18:22:46,3951,43699949
2026-04-26 18:22:47,3952,43703941
2026-04-26 18:22:48,3953,43708071
2026-04-26 18:22:49,3954,43712234
2026-04-26 18:22:50,3955,43716313
2026-04-26 18:22:52,3957,43720360
2026-04-26 18:22:53,3958,43724452
2026-04-26 18:22:54,3959,43728514
2026-04-26 18:22:55,3960,43732433
2026-04-26 18:22:56,3961,43736436
2026-04-26 18:22:58,3963,43740487
2026-04-26 18:22:59,3964,43744424
2026-04-26 18:23:00,3965,43748439
2026-04-26 18:23:01,3966,43752437
2026-04-26 18:23:02,3967,43756584
2026-04-26 18:23:04,3969,43760537
2026-04-26 18:23:05,3970,43764751
2026-04-26 18:23:06,3971,43768754
2026-04-26 18:23:07,3972,43772864
2026-04-26 18:23:08,3973,43776798
2026-04-26 18:23:09,3974,43780750
2026-04-26 18:23:11,3976,43784878
2026-04-26 18:23:12,3977,43788916
2026-04-26 18:23:13,3978,43792992
2026-04-26 18:23:14,3979,43797093
2026-04-26 18:23:15,3980,43801137
2026-04-26 18:23:16,3981,43805139
2026-04-26 18:23:18,3983,43808979
2026-04-26 18:23:19,3984,43812946
2026-04-26 18:23:20,3985,43816959
2026-04-26 18:23:21,3986,43821009
2026-04-26 18:23:22,3987,43825005
2026-04-26 18:23:23,3988,43829116
2026-04-26 18:23:25,3990,43833175
2026-04-26 18:23:26,3991,43837226
2026-04-26 18:23:27,3992,43841157
2026-04-26 18:23:28,3993,43845159
2026-04-26 18:23:29,3994,43849246
2026-04-26 18:23:30,3995,43853302
2026-04-26 18:23:31,3996,43857369
2026-04-26 18:23:33,3998,43861363
2026-04-26 18:23:34,3999,43865347
2026-04-26 18:23:35,4000,43869532
2026-04-26 18:23:36,4001,43873597
2026-04-26 18:23:37,4002,43877691
2026-04-26 18:23:38,4003,43881775
2026-04-26 18:23:40,4005,43885945
2026-04-26 18:23:41,4006,43889998
2026-04-26 18:23:42,4007,43894088
2026-04-26 18:23:43,4008,43898113
2026-04-26 18:23:44,4009,43902159
2026-04-26 18:23:45,4010,43906216
2026-04-26 18:23:46,4011,43910312
2026-04-26 18:23:48,4013,43914331
2026-04-26 18:23:49,4014,43918406
2026-04-26 18:23:50,4015,43922532
2026-04-26 18:23:51,4016,43926624
2026-04-26 18:23:52,4017,43930620
2026-04-26 18:23:53,4018,43934723
2026-04-26 18:23:55,4020,43938829
2026-04-26 18:23:56,4021,43942899
2026-04-26 18:23:57,4022,43947050
2026-04-26 18:23:58,4023,43951188
2026-04-26 18:23:59,4024,43955360
2026-04-26 18:24:00,4025,43959474
2026-04-26 18:24:02,4027,43963590
2026-04-26 18:24:03,4028,43967578
2026-04-26 18:24:04,4029,43971721
2026-04-26 18:24:05,4030,43975833
2026-04-26 18:24:06,4031,43979907
2026-04-26 18:24:07,4032,43984036
2026-04-26 18:24:08,4033,43988094
2026-04-26 18:24:10,4035,43992205
2026-04-26 18:24:11,4036,43996433
2026-04-26 18:24:12,4037,44000547
2026-04-26 18:24:13,4038,44004551
2026-04-26 18:24:14,4039,44008650
2026-04-26 18:24:15,4040,44012733
2026-04-26 18:24:17,4042,44016833
2026-04-26 18:24:18,4043,44020904
2026-04-26 18:24:19,4044,44024990
2026-04-26 18:24:20,4045,44029128
2026-04-26 18:24:21,4046,44033269
2026-04-26 18:24:22,4047,44037348
2026-04-26 18:24:23,4048,44041453
2026-04-26 18:24:25,4050,44045557
2026-04-26 18:24:26,4051,44049604
2026-04-26 18:24:27,4052,44053618
2026-04-26 18:24:28,4053,44057751
2026-04-26 18:24:29,4054,44061909
2026-04-26 18:24:30,4055,44065958
2026-04-26 18:24:32,4057,44070087
2026-04-26 18:24:33,4058,44074141
2026-04-26 18:24:34,4059,44078296
2026-04-26 18:24:35,4060,44082423
2026-04-26 18:24:36,4061,44086541
2026-04-26 18:24:37,4062,44090576
2026-04-26 18:24:39,4064,44094620
2026-04-26 18:24:40,4065,44098716
2026-04-26 18:24:41,4066,44102742
2026-04-26 18:24:42,4067,44106771
2026-04-26 18:24:43,4068,44110811
2026-04-26 18:24:44,4069,44114961
2026-04-26 18:24:45,4070,44119040
2026-04-26 18:24:47,4072,44123113
2026-04-26 18:24:48,4073,44127107
2026-04-26 18:24:49,4074,44131263
2026-04-26 18:24:50,4075,44135356
2026-04-26 18:24:51,4076,44139463
2026-04-26 18:24:52,4077,44143564
2026-04-26 18:24:54,4079,44147675
2026-04-26 18:24:55,4080,44151851
2026-04-26 18:24:56,4081,44155979
2026-04-26 18:24:57,4082,44159977
2026-04-26 18:24:58,4083,44164031
2026-04-26 18:24:59,4084,44168096
2026-04-26 18:25:01,4086,44172230
2026-04-26 18:25:02,4087,44176300
2026-04-26 18:25:03,4088,44180330
2026-04-26 18:25:04,4089,44184508
2026-04-26 18:25:05,4090,44188687
2026-04-26 18:25:06,4091,44192797
2026-04-26 18:25:07,4092,44196929
2026-04-26 18:25:09,4094,44201085
2026-04-26 18:25:10,4095,44205155
2026-04-26 18:25:11,4096,44209301
2026-04-26 18:25:12,4097,44213410
2026-04-26 18:25:13,4098,44217607
2026-04-26 18:25:14,4099,44221766
2026-04-26 18:25:16,4101,44225847
2026-04-26 18:25:17,4102,44230031
2026-04-26 18:25:18,4103,44234184
2026-04-26 18:25:19,4104,44238251
2026-04-26 18:25:20,4105,44242323
2026-04-26 18:25:21,4106,44246388
2026-04-26 18:25:23,4108,44250475
2026-04-26 18:25:24,4109,44254517
2026-04-26 18:25:25,4110,44258574
2026-04-26 18:25:26,4111,44262628
2026-04-26 18:25:27,4112,44266702
2026-04-26 18:25:28,4113,44270797
2026-04-26 18:25:30,4115,44274843
2026-04-26 18:25:31,4116,44278756
2026-04-26 18:25:32,4117,44282691
2026-04-26 18:25:33,4118,44286479
2026-04-26 18:25:34,4119,44290487
2026-04-26 18:25:36,4121,44294563
2026-04-26 18:25:37,4122,44298574
2026-04-26 18:25:38,4123,44302416
2026-04-26 18:25:39,4124,44306204
2026-04-26 18:25:40,4125,44310058
2026-04-26 18:25:42,4127,44313847
2026-04-26 18:25:43,4128,44317796
2026-04-26 18:25:44,4129,44321725
2026-04-26 18:25:45,4130,44325556
2026-04-26 18:25:47,4132,44329555
2026-04-26 18:25:48,4133,44333433
2026-04-26 18:25:49,4134,44337345
2026-04-26 18:25:50,4135,44341227
2026-04-26 18:25:51,4136,44345065
2026-04-26 18:25:53,4138,44348977
2026-04-26 18:25:54,4139,44352963
2026-04-26 18:25:55,4140,44356969
2026-04-26 18:25:56,4141,44360676
2026-04-26 18:25:57,4142,44364354
2026-04-26 18:25:59,4144,44368156
2026-04-26 18:26:00,4145,44371949
2026-04-26 18:26:01,4146,44375737
2026-04-26 18:26:02,4147,44379451
2026-04-26 18:26:04,4149,44383236
2026-04-26 18:26:05,4150,44387253
2026-04-26 18:26:06,4151,44391220
2026-04-26 18:26:07,4152,44395333
2026-04-26 18:26:08,4153,44399355
2026-04-26 18:26:10,4155,44403273
2026-04-26 18:26:11,4156,44407384
2026-04-26 18:26:12,4157,44411444
2026-04-26 18:26:13,4158,44415346
2026-04-26 18:26:15,4160,44418991
2026-04-26 18:26:16,4161,44422831
2026-04-26 18:26:17,4162,44426627
2026-04-26 18:26:18,4163,44430484
2026-04-26 18:26:19,4164,44433988
2026-04-26 18:26:21,4166,44437726
2026-04-26 18:26:22,4167,44441602
2026-04-26 18:26:23,4168,44445514
2026-04-26 18:26:24,4169,44449495
2026-04-26 18:26:26,4171,44453441
2026-04-26 18:26:27,4172,44457442
2026-04-26 18:26:28,4173,44461396
2026-04-26 18:26:29,4174,44465373
2026-04-26 18:26:30,4175,44469346
2026-04-26 18:26:32,4177,44473344
2026-04-26 18:26:33,4178,44477315
2026-04-26 18:26:34,4179,44481311
2026-04-26 18:26:35,4180,44485467
2026-04-26 18:26:36,4181,44489483
2026-04-26 18:26:38,4183,44493611
2026-04-26 18:26:39,4184,44497780
2026-04-26 18:26:40,4185,44501944
2026-04-26 18:26:41,4186,44506003
2026-04-26 18:26:43,4188,44510173
2026-04-26 18:26:44,4189,44514208
2026-04-26 18:26:45,4190,44518418
2026-04-26 18:26:46,4191,44522527
2026-04-26 18:26:47,4192,44526711
2026-04-26 18:26:49,4194,44530894
2026-04-26 18:26:50,4195,44535114
2026-04-26 18:26:51,4196,44539305
2026-04-26 18:26:52,4197,44543162
2026-04-26 18:26:54,4199,44546964
2026-04-26 18:26:55,4200,44550858
2026-04-26 18:26:56,4201,44554891
2026-04-26 18:26:57,4202,44558994
2026-04-26 18:26:59,4204,44563041
2026-04-26 18:27:00,4205,44567086
2026-04-26 18:27:01,4206,44570467
2026-04-26 18:27:02,4207,44573826
2026-04-26 18:27:03,4208,44577339
2026-04-26 18:27:04,4209,44580830
2026-04-26 18:27:05,4210,44584318
2026-04-26 18:27:06,4211,44587865
2026-04-26 18:27:07,4212,44591248
2026-04-26 18:27:08,4213,44594643
2026-04-26 18:27:09,4214,44597965
2026-04-26 18:27:11,4216,44601364
2026-04-26 18:27:12,4217,44604742
2026-04-26 18:27:13,4218,44608176
2026-04-26 18:27:14,4219,44611679
2026-04-26 18:27:15,4220,44615165
2026-04-26 18:27:16,4221,44618348
2026-04-26 18:27:17,4222,44618348
2026-04-26 18:27:18,4223,44618348
2026-04-26 18:27:19,4224,44618348
2026-04-26 18:27:20,4225,44618348
