timestamp,questions,qps,com_commit,com_rollback,tps,threads_running,threads_connected,pages_flushed,pages_flushed_ps,purge_trx_id,purge_tps,history_list_length
2026-04-22 11:04:50,32,0,41,0,0,2,1,3797,0,0,0,0
2026-04-22 11:04:51,95,63,58,0,17,3,4,3934,137,0,0,0
2026-04-22 11:04:53,914,819,331,2,275,5,6,3934,0,0,0,0
2026-04-22 11:04:54,2474,1560,870,2,539,8,9,3934,0,0,0,0
2026-04-22 11:04:55,4884,2410,1695,10,833,10,11,3934,0,0,0,0
2026-04-22 11:04:56,7930,3046,2744,14,1053,12,13,3934,0,0,0,0
2026-04-22 11:04:57,11693,3763,4048,16,1306,14,15,3934,0,0,0,0
2026-04-22 11:04:58,16347,4654,5654,25,1615,16,17,3934,0,0,0,0
2026-04-22 11:04:59,22382,6035,7733,37,2091,19,20,3934,0,0,0,0
2026-04-22 11:05:00,29791,7409,10301,45,2576,19,22,3934,0,0,0,0
2026-04-22 11:05:01,38159,8368,13196,60,2910,21,23,3934,0,0,0,0
2026-04-22 11:05:03,47288,9129,16363,76,3183,22,23,3934,0,0,0,0
2026-04-22 11:05:04,57351,10063,19866,90,3517,21,23,3934,0,0,0,0
2026-04-22 11:05:05,68454,11103,23718,105,3867,22,23,3934,0,0,0,0
2026-04-22 11:05:06,79954,11500,27701,126,4004,22,23,3934,0,0,0,0
2026-04-22 11:05:07,92247,12293,31970,147,4290,22,23,3934,0,0,0,0
2026-04-22 11:05:08,105313,13066,36507,169,4559,22,23,3934,0,0,0,0
2026-04-22 11:05:09,118868,13555,41209,192,4725,22,23,3934,0,0,0,0
2026-04-22 11:05:10,132505,13637,45953,217,4769,22,23,3934,0,0,0,0
2026-04-22 11:05:11,147015,14510,50976,235,5041,21,23,8500,4566,0,0,0
2026-04-22 11:05:12,161515,14500,56003,256,5048,22,23,10694,2194,0,0,0
2026-04-22 11:05:14,176622,15107,61240,288,5269,21,23,12880,2186,0,0,0
2026-04-22 11:05:15,192434,15812,66736,315,5523,22,23,15058,2178,0,0,0
2026-04-22 11:05:16,209113,16679,72507,341,5797,22,23,17226,2168,0,0,0
2026-04-22 11:05:17,225915,16802,78337,365,5854,21,23,19386,2160,0,0,0
2026-04-22 11:05:18,242982,17067,84252,394,5944,22,23,21582,2196,0,0,0
2026-04-22 11:05:19,260150,17168,90241,413,6008,22,23,23716,2134,0,0,0
2026-04-22 11:05:20,277491,17341,96226,449,6021,22,23,25846,2130,0,0,0
2026-04-22 11:05:21,295235,17744,102371,471,6167,20,23,30040,4194,0,0,0
2026-04-22 11:05:22,313197,17962,108595,501,6254,22,23,32126,2086,0,0,0
2026-04-22 11:05:24,330114,16917,114477,525,5906,21,23,34278,2152,0,0,0
2026-04-22 11:05:25,348615,18501,120891,550,6439,20,23,36424,2146,0,0,0
2026-04-22 11:05:26,366990,18375,127256,574,6389,22,23,38558,2134,0,0,0
2026-04-22 11:05:27,385533,18543,133700,599,6469,21,23,40680,2122,0,0,0
2026-04-22 11:05:28,403665,18132,139993,635,6329,22,23,42768,2088,0,0,0
2026-04-22 11:05:29,422724,19059,146586,664,6622,21,23,45214,2446,0,0,0
2026-04-22 11:05:30,441696,18972,153151,693,6594,22,23,47644,2430,0,0,0
2026-04-22 11:05:31,460906,19210,159808,738,6702,21,23,52632,4988,0,0,0
2026-04-22 11:05:32,480179,19273,166490,770,6714,19,23,55102,2470,0,0,0
2026-04-22 11:05:34,499852,19673,173311,798,6849,22,23,57568,2466,0,0,0
2026-04-22 11:05:35,519856,20004,180229,830,6950,22,23,60072,2504,0,0,0
2026-04-22 11:05:36,539871,20015,187198,857,6996,20,23,62580,2508,0,0,0
2026-04-22 11:05:37,560529,20658,194343,893,7181,22,23,65114,2534,0,0,0
2026-04-22 11:05:38,581168,20639,201469,922,7155,22,23,67696,2582,0,0,0
2026-04-22 11:05:39,601531,20363,208545,953,7107,22,23,70202,2506,0,0,0
2026-04-22 11:05:40,622670,21139,215881,985,7368,22,23,72696,2494,0,0,0
2026-04-22 11:05:41,640271,17601,222006,1017,6157,22,23,79538,6842,0,0,0
2026-04-22 11:05:42,661029,20758,229201,1053,7231,21,23,93008,13470,0,0,0
2026-04-22 11:05:44,681755,20726,236399,1082,7227,19,23,99708,6700,0,0,0
2026-04-22 11:05:45,702730,20975,243653,1118,7290,21,23,106510,6802,0,0,0
2026-04-22 11:05:46,723651,20921,250930,1141,7300,21,23,113254,6744,0,0,0
2026-04-22 11:05:47,744700,21049,258251,1170,7350,21,23,119936,6682,0,0,0
2026-04-22 11:05:48,765887,21187,265585,1197,7361,20,23,126592,6656,0,0,0
2026-04-22 11:05:49,787099,21212,272948,1242,7408,19,23,133240,6648,0,0,0
2026-04-22 11:05:50,809003,21904,280527,1274,7611,20,23,139848,6608,0,0,0
2026-04-22 11:05:51,830074,21071,287848,1295,7342,22,23,146470,6622,0,0,0
2026-04-22 11:05:52,851190,21116,295146,1320,7323,21,23,159698,13228,0,0,0
2026-04-22 11:05:54,872845,21655,302684,1353,7571,21,23,166266,6568,0,0,0
2026-04-22 11:05:55,894965,22120,310348,1391,7702,22,23,172856,6590,0,0,0
2026-04-22 11:05:56,917029,22064,318002,1415,7678,22,23,179426,6570,0,0,0
2026-04-22 11:05:57,939632,22603,325830,1446,7859,21,23,185920,6494,0,0,0
2026-04-22 11:05:58,961845,22213,333517,1490,7731,22,23,192388,6468,0,0,0
2026-04-22 11:05:59,984868,23023,341476,1526,7995,21,23,198862,6474,0,0,0
2026-04-22 11:06:00,1007538,22670,349337,1568,7903,21,23,205270,6408,0,0,0
2026-04-22 11:06:01,1030015,22477,357114,1602,7811,22,23,211724,6454,0,0,0
2026-04-22 11:06:02,1052323,22308,364877,1620,7781,22,23,224594,12870,0,0,0
2026-04-22 11:06:04,1075982,23659,373067,1656,8226,21,23,231012,6418,0,0,0
2026-04-22 11:06:05,1099323,23341,381177,1698,8152,22,23,237458,6446,0,0,0
2026-04-22 11:06:06,1122789,23466,389316,1742,8183,21,23,243930,6472,0,0,0
2026-04-22 11:06:07,1146162,23373,397413,1770,8125,22,23,250420,6490,0,0,0
2026-04-22 11:06:08,1169510,23348,405503,1812,8132,20,23,256898,6478,0,0,0
2026-04-22 11:06:09,1192683,23173,413567,1850,8102,21,23,263376,6478,0,0,0
2026-04-22 11:06:10,1215609,22926,421528,1879,7990,21,23,269870,6494,0,0,0
2026-04-22 11:06:11,1237087,21478,428987,1908,7488,22,23,279680,9810,0,0,0
2026-04-22 11:06:12,1259221,22134,436660,1941,7706,22,23,299368,19688,0,0,0
2026-04-22 11:06:14,1281800,22579,444503,1987,7889,19,23,309272,9904,0,0,0
2026-04-22 11:06:15,1304649,22849,452426,2023,7959,22,23,319094,9822,0,0,0
2026-04-22 11:06:16,1327629,22980,460397,2054,8002,22,23,328862,9768,0,0,0
2026-04-22 11:06:17,1350346,22717,468265,2097,7911,22,23,338636,9774,0,0,0
2026-04-22 11:06:18,1373071,22725,476114,2142,7894,22,23,348444,9808,0,0,0
2026-04-22 11:06:19,1395792,22721,483981,2176,7901,22,23,358294,9850,0,0,0
2026-04-22 11:06:20,1418615,22823,491890,2218,7951,21,23,368000,9706,0,0,0
2026-04-22 11:06:21,1440840,22225,499602,2255,7749,22,23,377624,9624,0,0,0
2026-04-22 11:06:22,1463399,22559,507419,2289,7851,21,23,396864,19240,0,0,0
2026-04-22 11:06:24,1486122,22723,515308,2315,7915,22,23,406498,9634,0,0,0
2026-04-22 11:06:25,1509832,23710,523536,2338,8251,20,23,416098,9600,0,0,0
2026-04-22 11:06:26,1534203,24371,531972,2366,8464,22,23,425718,9620,0,0,0
2026-04-22 11:06:27,1558256,24053,540320,2390,8372,22,23,435326,9608,0,0,0
2026-04-22 11:06:28,1582239,23983,548679,2424,8393,21,23,445036,9710,0,0,0
2026-04-22 11:06:29,1606721,24482,557181,2461,8539,21,23,454740,9704,0,0,0
2026-04-22 11:06:30,1632016,25295,565945,2498,8801,21,23,464384,9644,0,0,0
2026-04-22 11:06:31,1656026,24010,574276,2535,8368,22,23,474096,9712,0,0,0
2026-04-22 11:06:32,1680007,23981,582595,2570,8354,22,23,493272,19176,0,0,0
2026-04-22 11:06:34,1705273,25266,591332,2606,8773,22,23,502880,9608,0,0,0
2026-04-22 11:06:35,1729376,24103,599712,2648,8422,22,23,512464,9584,0,0,0
2026-04-22 11:06:36,1754010,24634,608289,2677,8606,16,23,522070,9606,0,0,0
2026-04-22 11:06:37,1778746,24736,616858,2721,8613,22,23,531770,9700,0,0,0
2026-04-22 11:06:38,1803519,24773,625436,2765,8622,21,23,541488,9718,0,0,0
2026-04-22 11:06:39,1828238,24719,634007,2799,8605,21,23,551248,9760,0,0,0
2026-04-22 11:06:40,1853635,25397,642795,2837,8826,19,23,561026,9778,0,0,0
2026-04-22 11:06:41,1877324,23689,651022,2866,8256,21,23,573114,12088,0,0,0
2026-04-22 11:06:42,1902030,24706,659586,2905,8603,21,23,585078,11964,0,0,0
2026-04-22 11:06:44,1925964,23934,667887,2935,8331,21,23,608678,23600,0,0,0
2026-04-22 11:06:45,1950532,24568,676415,2974,8567,21,23,620382,11704,0,0,0
2026-04-22 11:06:46,1975262,24730,684990,3012,8613,21,23,632068,11686,0,0,0
2026-04-22 11:06:47,1999950,24688,693556,3061,8615,20,23,643790,11722,0,0,0
2026-04-22 11:06:48,2024093,24143,701942,3101,8426,21,23,655540,11750,0,0,0
2026-04-22 11:06:49,2048806,24713,710514,3141,8612,21,23,667212,11672,0,0,0
2026-04-22 11:06:50,2073921,25115,719240,3170,8755,21,23,678878,11666,0,0,0
2026-04-22 11:06:51,2098439,24518,727747,3203,8540,22,23,690590,11712,0,0,0
2026-04-22 11:06:52,2123273,24834,736365,3235,8650,22,23,702310,11720,0,0,0
2026-04-22 11:06:54,2148820,25547,745194,3282,8876,19,23,725726,23416,0,0,0
2026-04-22 11:06:55,2174603,25783,754129,3326,8979,20,23,737400,11674,0,0,0
2026-04-22 11:06:56,2201387,26784,763396,3361,9302,21,23,749096,11696,0,0,0
2026-04-22 11:06:57,2228167,26780,772674,3404,9321,19,23,760790,11694,0,0,0
2026-04-22 11:06:58,2254282,26115,781734,3431,9087,21,23,772382,11592,0,0,0
2026-04-22 11:06:59,2280516,26234,790847,3462,9144,22,23,783926,11544,0,0,0
2026-04-22 11:07:00,2306480,25964,799866,3503,9060,22,23,795274,11348,0,0,0
2026-04-22 11:07:01,2332561,26081,808896,3546,9073,22,23,806584,11310,0,0,0
2026-04-22 11:07:02,2358111,25550,817734,3589,8881,22,23,817862,11278,0,0,0
2026-04-22 11:07:04,2383553,25442,826573,3626,8876,20,23,840376,22514,0,0,0
2026-04-22 11:07:05,2409610,26057,835613,3664,9078,17,23,851620,11244,0,0,0
2026-04-22 11:07:06,2435136,25526,844482,3709,8914,22,23,862890,11270,0,0,0
2026-04-22 11:07:07,2461083,25947,853485,3754,9048,21,23,874074,11184,0,0,0
2026-04-22 11:07:08,2487200,26117,862548,3798,9107,22,23,885164,11090,0,0,0
2026-04-22 11:07:09,2513119,25919,871564,3833,9051,21,23,896150,10986,0,0,0
2026-04-22 11:07:10,2538404,25285,880354,3868,8825,21,23,907106,10956,0,0,0
2026-04-22 11:07:11,2563061,24657,888930,3901,8609,21,23,919814,12708,0,0,0
2026-04-22 11:07:12,2587948,24887,897563,3932,8664,22,23,932598,12784,0,0,0
2026-04-22 11:07:14,2614110,26162,906640,3972,9117,22,23,958078,25480,0,0,0
2026-04-22 11:07:15,2640773,26663,915891,4020,9299,20,23,970838,12760,0,0,0
2026-04-22 11:07:16,2667626,26853,925182,4078,9349,21,23,983590,12752,0,0,0
2026-04-22 11:07:17,2694758,27132,934577,4121,9438,21,23,996194,12604,0,0,0
2026-04-22 11:07:18,2721533,26775,943863,4157,9322,21,23,1008680,12486,0,0,0
2026-04-22 11:07:19,2748592,27059,953272,4199,9451,21,23,1021056,12376,0,0,0
2026-04-22 11:07:20,2776103,27511,962841,4244,9614,21,23,1033408,12352,0,0,0
2026-04-22 11:07:21,2803110,27007,972193,4296,9404,21,23,1045738,12330,0,0,0
2026-04-22 11:07:22,2829791,26681,981456,4327,9294,22,23,1057964,12226,0,0,0
2026-04-22 11:07:23,2856081,26290,990597,4372,9186,22,23,1082494,24530,0,0,0
2026-04-22 11:07:25,2883895,27814,1000254,4404,9689,21,23,1094926,12432,0,0,0
2026-04-22 11:07:26,2910992,27097,1009653,4442,9437,21,23,1107376,12450,0,0,0
2026-04-22 11:07:27,2938219,27227,1019114,4494,9513,22,23,1119806,12430,0,0,0
2026-04-22 11:07:28,2965432,27213,1028561,4531,9484,21,23,1132154,12348,0,0,0
2026-04-22 11:07:29,2992923,27491,1038115,4569,9592,20,23,1144518,12364,0,0,0
2026-04-22 11:07:30,3020596,27673,1047701,4608,9625,21,23,1156780,12262,0,0,0
2026-04-22 11:07:31,3046896,26300,1056836,4654,9181,22,23,1169084,12304,0,0,0
2026-04-22 11:07:32,3072949,26053,1065896,4679,9085,22,23,1181326,12242,0,0,0
2026-04-22 11:07:33,3099202,26253,1074997,4724,9146,22,23,1205806,24480,0,0,0
2026-04-22 11:07:35,3126291,27089,1084417,4761,9457,21,23,1218076,12270,0,0,0
2026-04-22 11:07:36,3153345,27054,1093792,4810,9424,21,23,1230264,12188,0,0,0
2026-04-22 11:07:37,3180720,27375,1103290,4862,9550,22,23,1242310,12046,0,0,0
2026-04-22 11:07:38,3207244,26524,1112524,4906,9278,22,23,1254272,11962,0,0,0
2026-04-22 11:07:39,3234196,26952,1121885,4956,9411,22,23,1266238,11966,0,0,0
2026-04-22 11:07:40,3261350,27154,1131306,5000,9465,21,23,1278182,11944,0,0,0
2026-04-22 11:07:41,3288349,26999,1140684,5034,9412,22,23,1291130,12948,0,0,0
2026-04-22 11:07:42,3315003,26654,1149944,5076,9302,20,23,1304092,12962,0,0,0
2026-04-22 11:07:43,3341957,26954,1159301,5119,9400,22,23,1316986,12894,0,0,0
2026-04-22 11:07:45,3368468,26511,1168495,5164,9239,22,23,1342648,25662,0,0,0
2026-04-22 11:07:46,3395514,27046,1177866,5209,9416,20,23,1355468,12820,0,0,0
2026-04-22 11:07:47,3423368,27854,1187504,5249,9678,22,23,1368364,12896,0,0,0
2026-04-22 11:07:48,3451251,27883,1197190,5282,9719,21,23,1381202,12838,0,0,0
2026-04-22 11:07:49,3479420,28169,1206957,5332,9817,20,23,1393974,12772,0,0,0
2026-04-22 11:07:50,3507879,28459,1216834,5367,9912,21,23,1406746,12772,0,0,0
2026-04-22 11:07:51,3536465,28586,1226770,5407,9976,20,23,1419474,12728,0,0,0
2026-04-22 11:07:52,3563949,27484,1236299,5442,9564,22,23,1432178,12704,0,0,0
2026-04-22 11:07:53,3591450,27501,1245846,5482,9587,22,23,1444806,12628,0,0,0
2026-04-22 11:07:55,3620124,28674,1255791,5517,9980,22,23,1469984,25178,0,0,0
2026-04-22 11:07:56,3649067,28943,1265836,5562,10090,19,23,1482492,12508,0,0,0
2026-04-22 11:07:57,3677123,28056,1275587,5604,9793,20,23,1494928,12436,0,0,0
2026-04-22 11:07:58,3705618,28495,1285449,5667,9925,22,23,1507314,12386,0,0,0
2026-04-22 11:07:59,3734339,28721,1295419,5707,10010,21,23,1519688,12374,0,0,0
2026-04-22 11:08:00,3762132,27793,1305069,5753,9696,21,23,1531908,12220,0,0,0
2026-04-22 11:08:01,3790613,28481,1314953,5796,9927,21,23,1544018,12110,0,0,0
2026-04-22 11:08:02,3817843,27230,1324410,5844,9505,22,23,1556100,12082,0,0,0
2026-04-22 11:08:03,3845425,27582,1333959,5888,9593,22,23,1568144,12044,0,0,0
2026-04-22 11:08:05,3874149,28724,1343925,5929,10007,20,23,1591896,23752,0,0,0
2026-04-22 11:08:06,3902897,28748,1353918,5972,10036,22,23,1603824,11928,0,0,0
2026-04-22 11:08:07,3931965,29068,1364024,6010,10144,22,23,1615732,11908,0,0,0
2026-04-22 11:08:08,3960226,28261,1373830,6062,9858,20,23,1627564,11832,0,0,0
2026-04-22 11:08:09,3989576,29350,1383979,6118,10205,21,23,1639328,11764,0,0,0
2026-04-22 11:08:10,4017783,28207,1393754,6165,9822,22,23,1651106,11778,0,0,0
2026-04-22 11:08:11,4046286,28503,1403614,6216,9911,17,23,1663460,12354,0,0,0
2026-04-22 11:08:12,4074516,28230,1413407,6263,9840,22,23,1675808,12348,0,0,0
2026-04-22 11:08:13,4102456,27940,1423092,6305,9727,18,23,1688100,12292,0,0,0
2026-04-22 11:08:15,4130556,28100,1432830,6333,9766,22,23,1712796,24696,0,0,0
2026-04-22 11:08:16,4159199,28643,1442747,6382,9966,20,23,1724982,12186,0,0,0
2026-04-22 11:08:17,4187455,28256,1452587,6414,9872,21,23,1737144,12162,0,0,0
2026-04-22 11:08:18,4216456,29001,1462635,6458,10092,22,23,1749278,12134,0,0,0
2026-04-22 11:08:19,4245653,29197,1472765,6500,10172,20,23,1761376,12098,0,0,0
2026-04-22 11:08:20,4274171,28518,1482648,6543,9926,22,23,1773528,12152,0,0,0
2026-04-22 11:08:21,4302892,28721,1492621,6586,10016,21,23,1785760,12232,0,0,0
2026-04-22 11:08:22,4331024,28132,1502401,6628,9822,22,23,1798068,12308,0,0,0
2026-04-22 11:08:23,4358398,27374,1511903,6674,9548,22,23,1810368,12300,0,0,0
2026-04-22 11:08:25,4387300,28902,1521910,6722,10055,20,23,1834802,24434,0,0,0
2026-04-22 11:08:26,4416235,28935,1531929,6779,10076,21,23,1846908,12106,0,0,0
2026-04-22 11:08:27,4445036,28801,1541919,6820,10031,22,23,1858966,12058,0,0,0
2026-04-22 11:08:28,4473932,28896,1551956,6853,10070,22,23,1870940,11974,0,0,0
2026-04-22 11:08:29,4503393,29461,1562173,6890,10254,21,23,1882882,11942,0,0,0
2026-04-22 11:08:30,4532577,29184,1572260,6944,10141,22,23,1894760,11878,0,0,0
2026-04-22 11:08:31,4562064,29487,1582450,7005,10251,21,23,1906656,11896,0,0,0
2026-04-22 11:08:32,4590971,28907,1592484,7051,10080,19,23,1918464,11808,0,0,0
2026-04-22 11:08:33,4619689,28718,1602429,7098,9992,22,23,1930322,11858,0,0,0
2026-04-22 11:08:35,4647978,28289,1612277,7138,9888,19,23,1954032,23710,0,0,0
2026-04-22 11:08:36,4677251,29273,1622443,7170,10198,22,23,1965910,11878,0,0,0
2026-04-22 11:08:37,4706393,29142,1632555,7217,10159,20,23,1977812,11902,0,0,0
2026-04-22 11:08:38,4735420,29027,1642589,7274,10091,21,23,1989630,11818,0,0,0
2026-04-22 11:08:39,4764731,29311,1652757,7312,10206,19,23,2001316,11686,0,0,0
2026-04-22 11:08:40,4794044,29313,1662931,7353,10215,21,23,2012904,11588,0,0,0
2026-04-22 11:08:41,4823135,29091,1673002,7399,10117,20,23,2024792,11888,0,0,0
2026-04-22 11:08:42,4852064,28929,1683019,7442,10060,22,23,2036610,11818,0,0,0
2026-04-22 11:08:43,4879821,27757,1692699,7487,9725,20,23,2048454,11844,0,0,0
2026-04-22 11:08:44,4907920,28099,1702430,7534,9778,21,23,2072312,23858,0,0,0
2026-04-22 11:08:46,4937316,29396,1712629,7566,10231,22,23,2084234,11922,0,0,0
2026-04-22 11:08:47,4965607,28291,1722459,7621,9885,21,23,2096160,11926,0,0,0
2026-04-22 11:08:48,4994403,28796,1732473,7647,10040,19,23,2108084,11924,0,0,0
2026-04-22 11:08:49,5022580,28177,1742272,7693,9845,22,23,2119852,11768,0,0,0
2026-04-22 11:08:50,5052161,29581,1752528,7729,10292,22,23,2131588,11736,0,0,0
2026-04-22 11:08:51,5081288,29127,1762608,7779,10130,20,23,2143276,11688,0,0,0
2026-04-22 11:08:52,5111152,29864,1772962,7828,10403,21,23,2154888,11612,0,0,0
2026-04-22 11:08:53,5139699,28547,1782882,7881,9973,21,23,2166518,11630,0,0,0
2026-04-22 11:08:54,5167700,28001,1792594,7919,9750,20,23,2189546,23028,0,0,0
2026-04-22 11:08:56,5196546,28846,1802613,7969,10069,20,23,2201054,11508,0,0,0
2026-04-22 11:08:57,5225111,28565,1812523,8024,9965,21,23,2212568,11514,0,0,0
2026-04-22 11:08:58,5254406,29295,1822690,8071,10214,22,23,2224068,11500,0,0,0
2026-04-22 11:08:59,5282912,28506,1832586,8102,9927,20,23,2235616,11548,0,0,0
2026-04-22 11:09:00,5312280,29368,1842765,8162,10239,20,23,2247230,11614,0,0,0
2026-04-22 11:09:01,5341403,29123,1852882,8201,10156,19,23,2258876,11646,0,0,0
2026-04-22 11:09:02,5370320,28917,1862917,8243,10077,20,23,2270460,11584,0,0,0
2026-04-22 11:09:03,5398872,28552,1872832,8283,9955,22,23,2282042,11582,0,0,0
2026-04-22 11:09:04,5427171,28299,1882626,8331,9842,22,23,2293532,11490,0,0,0
2026-04-22 11:09:06,5456338,29167,1892741,8375,10159,21,23,2316330,22798,0,0,0
2026-04-22 11:09:07,5485182,28844,1902769,8419,10072,20,23,2327650,11320,0,0,0
2026-04-22 11:09:08,5514317,29135,1912875,8464,10151,20,23,2338926,11276,0,0,0
2026-04-22 11:09:09,5543524,29207,1922997,8513,10171,22,23,2350204,11278,0,0,0
2026-04-22 11:09:10,5572099,28575,1932916,8563,9969,18,23,2361494,11290,0,0,0
2026-04-22 11:09:11,5600819,28720,1942867,8611,9999,20,23,2372880,11386,0,0,0
2026-04-22 11:09:12,5630206,29387,1953059,8657,10238,21,23,2384268,11388,0,0,0
2026-04-22 11:09:13,5658465,28259,1962860,8711,9855,21,23,2395668,11400,0,0,0
2026-04-22 11:09:14,5685704,27239,1972307,8749,9485,22,23,2407052,11384,0,0,0
2026-04-22 11:09:16,5715241,29537,1982546,8786,10276,22,23,2429806,22754,0,0,0
2026-04-22 11:09:17,5744970,29729,1992855,8829,10352,21,23,2441146,11340,0,0,0
2026-04-22 11:09:18,5773889,28919,2002875,8873,10064,20,23,2452460,11314,0,0,0
2026-04-22 11:09:19,5802546,28657,2012808,8908,9968,21,23,2463788,11328,0,0,0
2026-04-22 11:09:20,5831847,29301,2022975,8953,10212,22,23,2475130,11342,0,0,0
2026-04-22 11:09:21,5860691,28844,2032973,8996,10041,22,23,2486394,11264,0,0,0
2026-04-22 11:09:22,5889821,29130,2043076,9045,10152,22,23,2497770,11376,0,0,0
2026-04-22 11:09:23,5918332,28511,2052973,9088,9940,20,23,2509090,11320,0,0,0
2026-04-22 11:09:24,5946627,28295,2062780,9126,9845,21,23,2520412,11322,0,0,0
2026-04-22 11:09:26,5975795,29168,2072857,9180,10131,22,23,2542972,22560,0,0,0
2026-04-22 11:09:27,6004960,29165,2082983,9230,10176,22,23,2554132,11160,0,0,0
2026-04-22 11:09:28,6033719,28759,2092962,9277,10026,22,23,2565286,11154,0,0,0
2026-04-22 11:09:29,6062110,28391,2102818,9316,9895,22,23,2576332,11046,0,0,0
2026-04-22 11:09:30,6091065,28955,2112852,9367,10085,22,23,2587372,11040,0,0,0
2026-04-22 11:09:31,6120406,29341,2123045,9413,10239,21,23,2598404,11032,0,0,0
2026-04-22 11:09:32,6148919,28513,2132938,9465,9945,22,23,2609458,11054,0,0,0
2026-04-22 11:09:33,6177017,28098,2142728,9502,9827,21,23,2620514,11056,0,0,0
2026-04-22 11:09:34,6205035,28018,2152423,9554,9747,15,23,2631616,11102,0,0,0
2026-04-22 11:09:36,6233114,28079,2162155,9609,9787,21,23,2653726,22110,0,0,0
2026-04-22 11:09:37,6261883,28769,2172131,9649,10016,21,23,2664708,10982,0,0,0
2026-04-22 11:09:38,6291291,29408,2182363,9695,10278,21,23,2675626,10918,0,0,0
2026-04-22 11:09:39,6320828,29537,2192624,9737,10303,21,23,2686546,10920,0,0,0
2026-04-22 11:09:40,6350687,29859,2202994,9782,10415,21,23,2697508,10962,0,0,0
2026-04-22 11:09:41,6379983,29296,2213163,9826,10213,22,23,2708416,10908,0,0,0
2026-04-22 11:09:42,6409458,29475,2223389,9868,10268,22,23,2719284,10868,0,0,0
2026-04-22 11:09:43,6438394,28936,2233446,9924,10113,22,23,2730170,10886,0,0,0
2026-04-22 11:09:44,6466072,27678,2243052,9971,9653,22,23,2741034,10864,0,0,0
2026-04-22 11:09:46,6495425,29353,2253213,10018,10208,22,23,2762716,21682,0,0,0
2026-04-22 11:09:47,6525069,29644,2263467,10075,10311,21,23,2773604,10888,0,0,0
2026-04-22 11:09:48,6555056,29987,2273858,10127,10443,20,23,2784470,10866,0,0,0
2026-04-22 11:09:49,6584923,29867,2284224,10170,10409,22,23,2795258,10788,0,0,0
2026-04-22 11:09:50,6614341,29418,2294459,10209,10274,21,23,2805988,10730,0,0,0
2026-04-22 11:09:51,6644366,30025,2304857,10258,10447,20,23,2816712,10724,0,0,0
2026-04-22 11:09:52,6674008,29642,2315119,10303,10307,22,23,2827412,10700,0,0,0
2026-04-22 11:09:53,6702721,28713,2325086,10356,10020,21,23,2838138,10726,0,0,0
2026-04-22 11:09:54,6731466,28745,2335056,10397,10011,22,23,2848976,10838,0,0,0
2026-04-22 11:09:55,6760094,28628,2345007,10440,9994,22,23,2870742,21766,0,0,0
2026-04-22 11:09:57,6789779,29685,2355293,10487,10333,20,23,2881582,10840,0,0,0
2026-04-22 11:09:58,6819246,29467,2365491,10542,10253,20,23,2892362,10780,0,0,0
2026-04-22 11:09:59,6848686,29440,2375693,10598,10258,22,23,2903034,10672,0,0,0
2026-04-22 11:10:00,6877333,28647,2385620,10634,9963,19,23,2913708,10674,0,0,0
2026-04-22 11:10:01,6905977,28644,2395545,10675,9966,20,23,2924348,10640,0,0,0
2026-04-22 11:10:02,6936386,30409,2406078,10725,10583,20,23,2934958,10610,0,0,0
2026-04-22 11:10:03,6966564,30178,2416541,10771,10509,20,23,2945596,10638,0,0,0
2026-04-22 11:10:04,6996199,29635,2426830,10812,10330,20,23,2956214,10618,0,0,0
2026-04-22 11:10:05,7024305,28106,2436604,10841,9803,22,23,2966762,10548,0,0,0
2026-04-22 11:10:07,7053957,29652,2446879,10876,10310,22,23,2987984,21222,0,0,0
2026-04-22 11:10:08,7084104,30147,2457321,10925,10491,21,23,2998590,10606,0,0,0
2026-04-22 11:10:09,7114511,30407,2467862,10967,10583,20,23,3009170,10580,0,0,0
2026-04-22 11:10:10,7144454,29943,2478253,11000,10424,22,23,3019776,10606,0,0,0
2026-04-22 11:10:11,7174174,29720,2488587,11041,10375,21,23,3030364,10588,0,0,0
2026-04-22 11:10:12,7204518,30344,2499118,11091,10581,20,23,3040876,10512,0,0,0
2026-04-22 11:10:13,7234923,30405,2509645,11137,10573,21,23,3051350,10474,0,0,0
2026-04-22 11:10:14,7264492,29569,2519912,11185,10315,21,23,3061888,10538,0,0,0
2026-04-22 11:10:15,7293054,28562,2529818,11233,9954,15,23,3072488,10600,0,0,0
2026-04-22 11:10:17,7322967,29913,2540158,11296,10403,21,23,3093674,21186,0,0,0
2026-04-22 11:10:18,7352622,29655,2550446,11352,10344,22,23,3104328,10654,0,0,0
2026-04-22 11:10:19,7381784,29162,2560574,11393,10169,21,23,3114966,10638,0,0,0
2026-04-22 11:10:20,7411758,29974,2570975,11436,10444,20,23,3125568,10602,0,0,0
2026-04-22 11:10:21,7440736,28978,2581065,11474,10128,22,23,3136140,10572,0,0,0
2026-04-22 11:10:22,7470974,30238,2591554,11521,10536,22,23,3146692,10552,0,0,0
2026-04-22 11:10:23,7500163,29189,2601677,11563,10165,18,23,3157218,10526,0,0,0
2026-04-22 11:10:24,7530047,29884,2612045,11609,10414,22,23,3167690,10472,0,0,0
2026-04-22 11:10:25,7558719,28672,2621995,11652,9993,20,23,3178168,10478,0,0,0
2026-04-22 11:10:27,7588361,29642,2632289,11691,10333,20,23,3199038,20870,0,0,0
2026-04-22 11:10:28,7618052,29691,2642595,11735,10350,22,23,3209412,10374,0,0,0
2026-04-22 11:10:29,7647459,29407,2652823,11762,10255,21,23,3219776,10364,0,0,0
2026-04-22 11:10:30,7676147,28688,2662768,11808,9991,21,23,3230118,10342,0,0,0
2026-04-22 11:10:31,7704926,28779,2672746,11853,10023,22,23,3240566,10448,0,0,0
2026-04-22 11:10:32,7733741,28815,2682757,11896,10054,22,23,3251014,10448,0,0,0
2026-04-22 11:10:33,7762967,29226,2692899,11935,10181,21,23,3261448,10434,0,0,0
2026-04-22 11:10:34,7792225,29258,2703066,11970,10202,22,23,3271892,10444,0,0,0
2026-04-22 11:10:35,7821372,29147,2713148,12018,10130,19,23,3282300,10408,0,0,0
2026-04-22 11:10:36,7850935,29563,2723379,12061,10274,21,23,3303035,20735,0,0,0
2026-04-22 11:10:38,7881123,30188,2733827,12118,10505,21,23,3313452,10417,0,0,0
2026-04-22 11:10:39,7910867,29744,2744134,12160,10349,22,23,3323871,10419,0,0,0
2026-04-22 11:10:40,7941160,30293,2754667,12197,10570,22,23,3334364,10493,0,0,0
2026-04-22 11:10:41,7972021,30861,2765346,12254,10736,21,23,3344804,10440,0,0,0
2026-04-22 11:10:42,8002249,30228,2775840,12292,10532,21,23,3355234,10430,0,0,0
2026-04-22 11:10:43,8031958,29709,2786131,12343,10342,20,23,3365596,10362,0,0,0
2026-04-22 11:10:44,8062074,30116,2796579,12391,10496,22,23,3375969,10373,0,0,0
2026-04-22 11:10:45,8090525,28451,2806448,12435,9913,22,23,3386313,10344,0,0,0
2026-04-22 11:10:46,8117927,27402,2815938,12482,9537,21,23,3406908,20595,0,0,0
2026-04-22 11:10:48,8147364,29437,2826161,12525,10266,22,23,3417191,10283,0,0,0
2026-04-22 11:10:49,8176674,29310,2836332,12569,10215,21,23,3427528,10337,0,0,0
2026-04-22 11:10:50,8206802,30128,2846784,12613,10496,22,23,3437775,10247,0,0,0
2026-04-22 11:10:51,8236955,30153,2857221,12656,10480,22,23,3448008,10233,0,0,0
2026-04-22 11:10:52,8267198,30243,2867728,12699,10550,22,23,3458211,10203,0,0,0
2026-04-22 11:10:53,8297165,29967,2878115,12736,10424,21,23,3468482,10271,0,0,0
2026-04-22 11:10:54,8326884,29719,2888422,12785,10356,21,23,3478699,10217,0,0,0
2026-04-22 11:10:55,8356766,29882,2898764,12825,10382,22,23,3489017,10318,0,0,0
2026-04-22 11:10:56,8386075,29309,2908912,12881,10204,20,23,3509476,20459,0,0,0
2026-04-22 11:10:58,8416026,29951,2919293,12928,10428,21,23,3519663,10187,0,0,0
2026-04-22 11:10:59,8445800,29774,2929633,12974,10386,20,23,3529858,10195,0,0,0
2026-04-22 11:11:00,8475151,29351,2939805,13024,10222,22,23,3539998,10140,0,0,0
2026-04-22 11:11:01,8504929,29778,2950139,13068,10378,21,23,3550170,10172,0,0,0
2026-04-22 11:11:02,8533061,28132,2959924,13102,9819,22,23,3560365,10195,0,0,0
2026-04-22 11:11:03,8561442,28381,2969756,13146,9876,21,23,3570520,10155,0,0,0
2026-04-22 11:11:04,8590687,29245,2979908,13194,10200,20,23,3580611,10091,0,0,0
2026-04-22 11:11:05,8620007,29320,2990100,13230,10228,22,23,3590713,10102,0,0,0
2026-04-22 11:11:06,8648593,28586,3000028,13276,9974,22,23,3600848,10135,0,0,0
2026-04-22 11:11:08,8677782,29189,3010145,13319,10160,22,23,3621136,20288,0,0,0
2026-04-22 11:11:09,8707401,29619,3020443,13365,10344,19,23,3631269,10133,0,0,0
2026-04-22 11:11:10,8737126,29725,3030780,13412,10384,22,23,3641296,10027,0,0,0
2026-04-22 11:11:11,8766663,29537,3041014,13455,10277,22,23,3651200,9904,0,0,0
2026-04-22 11:11:12,8796791,30128,3051456,13504,10491,19,23,3661093,9893,0,0,0
2026-04-22 11:11:13,8826670,29879,3061814,13556,10410,21,23,3670955,9862,0,0,0
2026-04-22 11:11:14,8857074,30404,3072353,13601,10584,21,23,3680797,9842,0,0,0
2026-04-22 11:11:15,8887099,30025,3082777,13637,10460,20,23,3690676,9879,0,0,0
2026-04-22 11:11:16,8915520,28421,3092661,13684,9931,20,23,3700562,9886,0,0,0
2026-04-22 11:11:18,8944761,29241,3102784,13744,10183,22,23,3720435,19873,0,0,0
2026-04-22 11:11:19,8972924,28163,3112567,13788,9827,20,23,3730437,10002,0,0,0
2026-04-22 11:11:20,9002568,29644,3122861,13825,10331,22,23,3740366,9929,0,0,0
2026-04-22 11:11:21,9033137,30569,3133448,13863,10625,21,23,3750275,9909,0,0,0
2026-04-22 11:11:22,9064800,31663,3144418,13911,11018,21,23,3760197,9922,0,0,0
2026-04-22 11:11:23,9094966,30166,3154896,13950,10517,20,23,3770099,9902,0,0,0
2026-04-22 11:11:24,9125933,30967,3165642,13998,10794,22,23,3779986,9887,0,0,0
2026-04-22 11:11:25,9156274,30341,3176159,14042,10561,21,23,3789915,9929,0,0,0
2026-04-22 11:11:26,9184577,28303,3185968,14076,9843,22,23,3799835,9920,0,0,0
2026-04-22 11:11:28,9214465,29888,3196300,14115,10371,21,23,3819531,19696,0,0,0
2026-04-22 11:11:29,9244391,29926,3206705,14157,10447,20,23,3829381,9850,0,0,0
2026-04-22 11:11:30,9274144,29753,3217025,14206,10369,21,23,3839220,9839,0,0,0
2026-04-22 11:11:31,9304292,30148,3227478,14248,10495,19,23,3849044,9824,0,0,0
2026-04-22 11:11:32,9333687,29395,3237695,14291,10260,20,23,3858873,9829,0,0,0
2026-04-22 11:11:33,9362788,29101,3247776,14339,10129,22,23,3868695,9822,0,0,0
2026-04-22 11:11:34,9392573,29785,3258118,14393,10396,22,23,3878474,9779,0,0,0
2026-04-22 11:11:35,9420839,28266,3267912,14444,9845,22,23,3888230,9756,0,0,0
2026-04-22 11:11:36,9447754,26915,3277269,14487,9400,17,23,3897948,9718,0,0,0
2026-04-22 11:11:38,9477391,29637,3287537,14537,10318,21,23,3917335,19387,0,0,0
2026-04-22 11:11:39,9508024,30633,3298152,14589,10667,22,23,3927092,9757,0,0,0
2026-04-22 11:11:40,9538454,30430,3308714,14638,10611,22,23,3936865,9773,0,0,0
2026-04-22 11:11:41,9568839,30385,3319266,14690,10604,22,23,3946527,9662,0,0,0
2026-04-22 11:11:42,9598733,29894,3329658,14731,10433,21,23,3956264,9737,0,0,0
2026-04-22 11:11:43,9628603,29870,3340016,14769,10396,22,23,3965931,9667,0,0,0
2026-04-22 11:11:44,9657809,29206,3350173,14801,10189,21,23,3975597,9666,0,0,0
2026-04-22 11:11:45,9687649,29840,3360496,14857,10379,21,23,3985273,9676,0,0,0
2026-04-22 11:11:46,9717352,29703,3370812,14885,10344,22,23,3994966,9693,0,0,0
2026-04-22 11:11:47,9747319,29967,3381190,14934,10427,21,23,4014284,19318,0,0,0
2026-04-22 11:11:49,9777447,30128,3391658,14978,10512,21,23,4023943,9659,0,0,0
2026-04-22 11:11:50,9807368,29921,3402051,15021,10436,22,23,4033599,9656,0,0,0
2026-04-22 11:11:51,9835689,28321,3411900,15056,9884,20,23,4043230,9631,0,0,0
2026-04-22 11:11:52,9864433,28744,3421851,15107,10002,20,23,4052859,9629,0,0,0
2026-04-22 11:11:53,9893140,28707,3431842,15152,10036,21,23,4062453,9594,0,0,0
2026-04-22 11:11:54,9923236,30096,3442277,15197,10480,22,23,4072021,9568,0,0,0
2026-04-22 11:11:55,9953921,30685,3452914,15248,10688,18,23,4081556,9535,0,0,0
2026-04-22 11:11:56,9983520,29599,3463223,15284,10345,21,23,4091043,9487,0,0,0
2026-04-22 11:11:57,10011632,28112,3473045,15307,9845,12,23,4100541,9498,0,0,0
2026-04-22 11:11:59,10041334,29702,3483317,15356,10321,19,23,4119520,18979,0,0,0
2026-04-22 11:12:00,10070783,29449,3493551,15396,10274,19,23,4129089,9569,0,0,0
2026-04-22 11:12:01,10101411,30628,3504153,15448,10654,20,23,4138672,9583,0,0,0
2026-04-22 11:12:02,10130713,29302,3514316,15486,10201,22,23,4148245,9573,0,0,0
2026-04-22 11:12:03,10160749,30036,3524735,15521,10454,21,23,4157835,9590,0,0,0
2026-04-22 11:12:04,10190973,30224,3535219,15559,10522,22,23,4167402,9567,0,0,0
2026-04-22 11:12:05,10220437,29464,3545458,15609,10289,16,23,4176943,9541,0,0,0
2026-04-22 11:12:06,10249873,29436,3555695,15650,10278,22,23,4186515,9572,0,0,0
2026-04-22 11:12:07,10278371,28498,3565576,15692,9923,22,23,4196016,9501,0,0,0
2026-04-22 11:12:09,10307345,28974,3575639,15727,10098,22,23,4214919,18903,0,0,0
2026-04-22 11:12:10,10337413,30068,3586044,15782,10460,22,23,4224298,9379,0,0,0
2026-04-22 11:12:11,10367402,29989,3596463,15827,10464,22,23,4233619,9321,0,0,0
2026-04-22 11:12:12,10398821,31419,3607341,15876,10927,22,23,4242989,9370,0,0,0
2026-04-22 11:12:13,10429894,31073,3618117,15924,10824,18,23,4252355,9366,0,0,0
2026-04-22 11:12:14,10459343,29449,3628341,15975,10275,20,23,4261735,9380,0,0,0
2026-04-22 11:12:15,10488108,28765,3638320,16022,10026,20,23,4271130,9395,0,0,0
2026-04-22 11:12:16,10517457,29349,3648503,16070,10231,22,23,4280490,9360,0,0,0
2026-04-22 11:12:17,10546094,28637,3658430,16107,9964,22,23,4289875,9385,0,0,0
2026-04-22 11:12:19,10575863,29769,3668759,16150,10372,20,23,4308644,18769,0,0,0
2026-04-22 11:12:20,10606805,30942,3679471,16187,10749,20,23,4318001,9357,0,0,0
2026-04-22 11:12:21,10636866,30061,3689914,16239,10495,22,23,4327365,9364,0,0,0
2026-04-22 11:12:22,10667213,30347,3700445,16292,10584,22,23,4336708,9343,0,0,0
2026-04-22 11:12:23,10697233,30020,3710838,16341,10442,22,23,4346000,9292,0,0,0
2026-04-22 11:12:24,10725642,28409,3720731,16378,9930,21,23,4355355,9355,0,0,0
2026-04-22 11:12:25,10754406,28764,3730690,16427,10008,22,23,4364675,9320,0,0,0
2026-04-22 11:12:26,10783719,29313,3740856,16472,10211,22,23,4373953,9278,0,0,0
2026-04-22 11:12:27,10812019,28300,3750675,16523,9870,22,23,4383261,9308,0,0,0
2026-04-22 11:12:29,10841746,29727,3760967,16576,10345,18,23,4401796,18535,0,0,0
2026-04-22 11:12:30,10872268,30522,3771544,16617,10618,21,23,4411046,9250,0,0,0
2026-04-22 11:12:31,10902116,29848,3781907,16656,10402,22,23,4420366,9320,0,0,0
2026-04-22 11:12:32,10931839,29723,3792217,16703,10357,22,23,4429680,9314,0,0,0
2026-04-22 11:12:33,10961404,29565,3802472,16753,10305,21,23,4438988,9308,0,0,0
2026-04-22 11:12:34,10991054,29650,3812748,16800,10323,20,23,4448344,9356,0,0,0
2026-04-22 11:12:35,11021476,30422,3823291,16840,10583,21,23,4457625,9281,0,0,0
2026-04-22 11:12:36,11052070,30594,3833906,16888,10663,22,23,4466908,9283,0,0,0
2026-04-22 11:12:37,11081545,29475,3844136,16940,10282,22,23,4476201,9293,0,0,0
2026-04-22 11:12:38,11109819,28274,3853932,16977,9833,22,23,4494854,18653,0,0,0
2026-04-22 11:12:40,11139948,30129,3864402,17021,10514,20,23,4504226,9372,0,0,0
2026-04-22 11:12:41,11169470,29522,3874652,17060,10289,22,23,4513449,9223,0,0,0
2026-04-22 11:12:42,11198436,28966,3884679,17111,10078,21,23,4522595,9146,0,0,0
2026-04-22 11:12:43,11228149,29713,3894986,17148,10344,21,23,4531728,9133,0,0,0
2026-04-22 11:12:44,11257959,29810,3905308,17204,10378,20,23,4540825,9097,0,0,0
2026-04-22 11:12:45,11288261,30302,3915819,17264,10571,22,23,4549945,9120,0,0,0
2026-04-22 11:12:46,11317858,29597,3926103,17315,10335,22,23,4559094,9149,0,0,0
2026-04-22 11:12:47,11347187,29329,3936280,17363,10225,22,23,4568287,9193,0,0,0
2026-04-22 11:12:48,11373729,26542,3945500,17395,9252,22,23,4586684,18397,0,0,0
2026-04-22 11:12:50,11403228,29499,3955696,17444,10245,21,23,4595923,9239,0,0,0
2026-04-22 11:12:51,11431758,28530,3965597,17484,9941,21,23,4605071,9148,0,0,0
2026-04-22 11:12:52,11461429,29671,3975887,17535,10341,19,23,4614275,9204,0,0,0
2026-04-22 11:12:53,11491958,30529,3986458,17580,10616,21,23,4623458,9183,0,0,0
2026-04-22 11:12:54,11521909,29951,3996865,17624,10451,19,23,4632632,9174,0,0,0
2026-04-22 11:12:55,11552739,30830,4007562,17676,10749,18,23,4641794,9162,0,0,0
2026-04-22 11:12:56,11583112,30373,4018088,17724,10574,21,23,4650968,9174,0,0,0
2026-04-22 11:12:57,11612278,29166,4028200,17776,10164,22,23,4660148,9180,0,0,0
2026-04-22 11:12:58,11639614,27336,4037697,17808,9529,20,23,4678477,18329,0,0,0
2026-04-22 11:13:00,11667931,28317,4047552,17850,9897,20,23,4687683,9206,0,0,0
2026-04-22 11:13:01,11697494,29563,4057849,17889,10336,22,23,4696879,9196,0,0,0
2026-04-22 11:13:02,11727715,30221,4068314,17939,10515,22,23,4706023,9144,0,0,0
2026-04-22 11:13:03,11757948,30233,4078780,17986,10513,22,23,4715137,9114,0,0,0
2026-04-22 11:13:04,11788644,30696,4089407,18024,10665,20,23,4724258,9121,0,0,0
2026-04-22 11:13:05,11819075,30431,4099971,18062,10602,19,23,4733377,9119,0,0,0
2026-04-22 11:13:06,11849697,30622,4110586,18102,10655,21,23,4742555,9178,0,0,0
2026-04-22 11:13:07,11878694,28997,4120656,18145,10113,22,23,4751780,9225,0,0,0
2026-04-22 11:13:08,11907488,28794,4130645,18189,10033,18,23,4770142,18362,0,0,0
2026-04-22 11:13:10,11937816,30328,4141176,18223,10565,22,23,4779323,9181,0,0,0
2026-04-22 11:13:11,11967381,29565,4151438,18269,10308,21,23,4788429,9106,0,0,0
2026-04-22 11:13:12,11997831,30450,4161974,18319,10586,22,23,4797460,9031,0,0,0
2026-04-22 11:13:13,12028388,30557,4172533,18372,10612,22,23,4806475,9015,0,0,0
2026-04-22 11:13:14,12058081,29693,4182857,18414,10366,21,23,4815443,8968,0,0,0
2026-04-22 11:13:15,12087175,29094,4192956,18450,10135,19,23,4824343,8900,0,0,0
2026-04-22 11:13:16,12117090,29915,4203325,18497,10416,19,23,4833313,8970,0,0,0
2026-04-22 11:13:17,12145573,28483,4213230,18538,9946,22,23,4842297,8984,0,0,0
2026-04-22 11:13:18,12173944,28371,4223073,18586,9891,22,23,4851306,9009,0,0,0
2026-04-22 11:13:20,12203482,29538,4233329,18631,10301,20,23,4869261,17955,0,0,0
2026-04-22 11:13:21,12233712,30230,4243806,18677,10523,20,23,4878196,8935,0,0,0
2026-04-22 11:13:22,12263458,29746,4254132,18731,10380,22,23,4887129,8933,0,0,0
2026-04-22 11:13:23,12293220,29762,4264472,18772,10381,21,23,4896109,8980,0,0,0
2026-04-22 11:13:24,12322429,29209,4274591,18826,10173,22,23,4905125,9016,0,0,0
2026-04-22 11:13:25,12352259,29830,4284921,18875,10379,21,23,4914143,9018,0,0,0
2026-04-22 11:13:26,12382866,30607,4295523,18930,10657,20,23,4923181,9038,0,0,0
2026-04-22 11:13:27,12413341,30475,4306079,18973,10599,20,23,4932210,9029,0,0,0
2026-04-22 11:13:28,12442460,29119,4316181,19018,10147,22,23,4941221,9011,0,0,0
2026-04-22 11:13:29,12471530,29070,4326289,19053,10143,20,23,4959292,18071,0,0,0
2026-04-22 11:13:31,12500967,29437,4336518,19105,10281,22,23,4968333,9041,0,0,0
2026-04-22 11:13:32,12530067,29100,4346623,19149,10149,22,23,4977320,8987,0,0,0
2026-04-22 11:13:33,12559354,29287,4356776,19200,10204,22,23,4986296,8976,0,0,0
2026-04-22 11:13:34,12587890,28536,4366679,19242,9945,22,23,4995233,8937,0,0,0
2026-04-22 11:13:35,12617003,29113,4376761,19290,10130,22,23,5004132,8899,0,0,0
2026-04-22 11:13:36,12646698,29695,4387070,19333,10352,21,23,5013009,8877,0,0,0
2026-04-22 11:13:37,12675731,29033,4397163,19380,10140,21,23,5021948,8939,0,0,0
2026-04-22 11:13:38,12703744,28013,4406897,19423,9777,22,23,5030957,9009,0,0,0
2026-04-22 11:13:39,12732513,28769,4416883,19467,10030,21,23,5049115,18158,0,0,0
2026-04-22 11:13:41,12761901,29388,4427067,19521,10238,20,23,5058152,9037,0,0,0
2026-04-22 11:13:42,12790890,28989,4437115,19556,10083,22,23,5067129,8977,0,0,0
2026-04-22 11:13:43,12820444,29554,4447379,19592,10300,22,23,5076096,8967,0,0,0
2026-04-22 11:13:44,12850199,29755,4457712,19642,10383,20,23,5085042,8946,0,0,0
2026-04-22 11:13:45,12879910,29711,4468012,19684,10342,20,23,5093940,8898,0,0,0
2026-04-22 11:13:46,12909573,29663,4478303,19714,10321,21,23,5102819,8879,0,0,0
2026-04-22 11:13:47,12938748,29175,4488462,19753,10198,20,23,5111642,8823,0,0,0
2026-04-22 11:13:48,12967867,29119,4498541,19799,10125,22,23,5120488,8846,0,0,0
2026-04-22 11:13:49,12996245,28378,4508349,19844,9853,22,23,5129338,8850,0,0,0
2026-04-22 11:13:51,13024921,28676,4518275,19882,9964,22,23,5147167,17829,0,0,0
2026-04-22 11:13:52,13053335,28414,4528154,19920,9917,19,23,5156041,8874,0,0,0
2026-04-22 11:13:53,13082854,29519,4538387,19974,10287,21,23,5164828,8787,0,0,0
2026-04-22 11:13:54,13112799,29945,4548750,20011,10400,22,23,5173639,8811,0,0,0
2026-04-22 11:13:55,13143105,30306,4559259,20051,10549,21,23,5182451,8812,0,0,0
2026-04-22 11:13:56,13173552,30447,4569819,20092,10601,20,23,5191303,8852,0,0,0
2026-04-22 11:13:57,13203439,29887,4580187,20127,10403,21,23,5200141,8838,0,0,0
2026-04-22 11:13:58,13232938,29499,4590416,20170,10272,22,23,5208966,8825,0,0,0
2026-04-22 11:13:59,13261501,28563,4600315,20233,9962,19,23,5226575,17609,0,0,0
2026-04-22 11:14:01,13291525,30024,4610745,20271,10468,21,23,5235395,8820,0,0,0
2026-04-22 11:14:02,13321620,30095,4621157,20327,10468,22,23,5244246,8851,0,0,0
2026-04-22 11:14:03,13351447,29827,4631512,20372,10400,21,23,5253101,8855,0,0,0
2026-04-22 11:14:04,13381004,29557,4641758,20426,10300,21,23,5261974,8873,0,0,0
2026-04-22 11:14:05,13410700,29696,4652040,20467,10323,22,23,5270821,8847,0,0,0
2026-04-22 11:14:06,13440226,29526,4662295,20509,10297,20,23,5279643,8822,0,0,0
2026-04-22 11:14:07,13468517,28291,4672124,20565,9885,22,23,5288460,8817,0,0,0
2026-04-22 11:14:08,13495678,27161,4681577,20601,9489,21,23,5297246,8786,0,0,0
2026-04-22 11:14:09,13523277,27599,4691127,20646,9595,22,23,5306063,8817,0,0,0
2026-04-22 11:14:11,13552381,29104,4701244,20687,10158,21,23,5323637,17574,0,0,0
2026-04-22 11:14:12,13582597,30216,4711729,20725,10523,21,23,5332421,8784,0,0,0
2026-04-22 11:14:13,13612990,30393,4722253,20780,10579,21,23,5341184,8763,0,0,0
2026-04-22 11:14:14,13643410,30420,4732808,20827,10602,22,23,5350002,8818,0,0,0
2026-04-22 11:14:15,13673348,29938,4743180,20876,10421,22,23,5358733,8731,0,0,0
2026-04-22 11:14:16,13702842,29494,4753423,20915,10282,20,23,5367442,8709,0,0,0
2026-04-22 11:14:17,13732168,29326,4763596,20958,10216,22,23,5376122,8680,0,0,0
2026-04-22 11:14:18,13762015,29847,4773924,21011,10381,22,23,5384793,8671,0,0,0
2026-04-22 11:14:19,13791211,29196,4784010,21059,10134,20,23,5393492,8699,0,0,0
2026-04-22 11:14:21,13821411,30200,4794451,21108,10490,20,23,5410912,17420,0,0,0
2026-04-22 11:14:22,13850576,29165,4804592,21149,10182,21,23,5419601,8689,0,0,0
2026-04-22 11:14:23,13880163,29587,4814852,21197,10308,22,23,5428293,8692,0,0,0
2026-04-22 11:14:24,13908490,28327,4824707,21238,9896,20,23,5437012,8719,0,0,0
2026-04-22 11:14:25,13937935,29445,4834928,21280,10263,19,23,5445765,8753,0,0,0
2026-04-22 11:14:26,13966801,28866,4844942,21327,10061,21,23,5454526,8761,0,0,0
2026-04-22 11:14:27,13996494,29693,4855240,21364,10335,21,23,5463297,8771,0,0,0
2026-04-22 11:14:28,14025293,28799,4865238,21417,10051,22,23,5472069,8772,0,0,0
2026-04-22 11:14:29,14054116,28823,4875219,21460,10024,21,23,5489538,17469,0,0,0
2026-04-22 11:14:31,14084155,30039,4885644,21511,10476,21,23,5498247,8709,0,0,0
2026-04-22 11:14:32,14113660,29505,4895855,21557,10257,22,23,5506935,8688,0,0,0
2026-04-22 11:14:33,14143528,29868,4906190,21608,10386,18,23,5515649,8714,0,0,0
2026-04-22 11:14:34,14172665,29137,4916309,21646,10157,20,23,5524331,8682,0,0,0
2026-04-22 11:14:35,14202609,29944,4926709,21699,10453,16,23,5533065,8734,0,0,0
2026-04-22 11:14:36,14232691,30082,4937155,21741,10488,20,23,5541781,8716,0,0,0
2026-04-22 11:14:37,14262442,29751,4947486,21789,10379,21,23,5550491,8710,0,0,0
2026-04-22 11:14:38,14291845,29403,4957702,21851,10278,22,23,5559218,8727,0,0,0
2026-04-22 11:14:39,14319853,28008,4967412,21901,9760,22,23,5567911,8693,0,0,0
2026-04-22 11:14:41,14348874,29021,4977455,21946,10088,22,23,5585245,17334,0,0,0
2026-04-22 11:14:42,14378579,29705,4987769,21990,10358,21,23,5593908,8663,0,0,0
2026-04-22 11:14:43,14407819,29240,4997890,22042,10173,22,23,5602545,8637,0,0,0
2026-04-22 11:14:44,14438112,30293,5008380,22097,10545,22,23,5611195,8650,0,0,0
2026-04-22 11:14:45,14468558,30446,5018941,22155,10619,22,23,5619848,8653,0,0,0
2026-04-22 11:14:46,14499786,31228,5029742,22206,10852,21,23,5628509,8661,0,0,0
2026-04-22 11:14:47,14530612,30826,5040432,22253,10737,21,23,5637164,8655,0,0,0
2026-04-22 11:14:48,14561651,31039,5051193,22305,10813,21,23,5645773,8609,0,0,0
2026-04-22 11:14:49,14590994,29343,5061393,22349,10244,22,23,5654418,8645,0,0,0
2026-04-22 11:14:51,14620648,29654,5071683,22387,10328,22,23,5671821,17403,0,0,0
2026-04-22 11:14:52,14650015,29367,5081914,22424,10268,22,23,5680571,8750,0,0,0
2026-04-22 11:14:53,14680712,30697,5092561,22480,10703,19,23,5689290,8719,0,0,0
2026-04-22 11:14:54,14710723,30011,5102976,22528,10463,22,23,5697951,8661,0,0,0
2026-04-22 11:14:55,14741119,30396,5113516,22573,10585,17,23,5706605,8654,0,0,0
2026-04-22 11:14:56,14771557,30438,5124099,22610,10620,22,23,5715243,8638,0,0,0
2026-04-22 11:14:57,14801340,29783,5134432,22650,10373,22,23,5723897,8654,0,0,0
2026-04-22 11:14:58,14831027,29687,5144764,22682,10364,21,23,5732557,8660,0,0,0
2026-04-22 11:14:59,14859651,28624,5154712,22733,9999,22,23,5741225,8668,0,0,0
2026-04-22 11:15:00,14887336,27685,5164280,22781,9616,22,23,5749862,8637,0,0,0
2026-04-22 11:15:02,14917669,30333,5174767,22840,10546,22,23,5767191,17329,0,0,0
2026-04-22 11:15:03,14947786,30117,5185193,22892,10478,22,23,5775835,8644,0,0,0
2026-04-22 11:15:04,14977798,30012,5195610,22935,10460,20,23,5784553,8718,0,0,0
2026-04-22 11:15:05,15007802,30004,5206024,22972,10451,18,23,5793264,8711,0,0,0
2026-04-22 11:15:06,15037925,30123,5216480,23022,10506,21,23,5801931,8667,0,0,0
2026-04-22 11:15:07,15067784,29859,5226866,23055,10419,20,23,5810611,8680,0,0,0
2026-04-22 11:15:08,15098216,30432,5237414,23097,10590,22,23,5819209,8598,0,0,0
2026-04-22 11:15:09,15127687,29471,5247677,23127,10293,22,23,5827837,8628,0,0,0
2026-04-22 11:15:10,15156493,28806,5257683,23162,10041,22,23,5845079,17242,0,0,0
2026-04-22 11:15:12,15186787,30294,5268187,23207,10549,21,23,5853695,8616,0,0,0
2026-04-22 11:15:13,15217632,30845,5278898,23260,10764,22,23,5862361,8666,0,0,0
2026-04-22 11:15:14,15248045,30413,5289447,23305,10594,20,23,5871044,8683,0,0,0
2026-04-22 11:15:15,15278354,30309,5299973,23356,10577,22,23,5879685,8641,0,0,0
2026-04-22 11:15:16,15308094,29740,5310296,23398,10365,21,23,5888366,8681,0,0,0
2026-04-22 11:15:17,15336527,28433,5320154,23442,9902,22,23,5897063,8697,0,0,0
2026-04-22 11:15:18,15367038,30511,5330732,23487,10623,22,23,5905745,8682,0,0,0
2026-04-22 11:15:19,15395323,28285,5340523,23538,9842,20,23,5914459,8714,0,0,0
2026-04-22 11:15:20,15424218,28895,5350551,23579,10069,21,23,5931694,17235,0,0,0
2026-04-22 11:15:22,15454446,30228,5361023,23622,10515,22,23,5940307,8613,0,0,0
2026-04-22 11:15:23,15485134,30688,5371670,23668,10693,22,23,5948888,8581,0,0,0
2026-04-22 11:15:24,15515045,29911,5382051,23715,10428,21,23,5957460,8572,0,0,0
2026-04-22 11:15:25,15544778,29733,5392366,23758,10358,20,23,5966075,8615,0,0,0
2026-04-22 11:15:26,15575150,30372,5402895,23805,10576,21,23,5974667,8592,0,0,0
2026-04-22 11:15:27,15604860,29710,5413224,23832,10356,20,23,5983333,8666,0,0,0
2026-04-22 11:15:28,15635447,30587,5423846,23867,10657,22,23,5991998,8665,0,0,0
2026-04-22 11:15:29,15665877,30430,5434387,23918,10592,22,23,6000636,8638,0,0,0
2026-04-22 11:15:30,15694588,28711,5444356,23961,10012,20,23,6009286,8650,0,0,0
2026-04-22 11:15:32,15724946,30358,5454886,24002,10571,21,23,6026566,17280,0,0,0
2026-04-22 11:15:33,15754760,29814,5465260,24049,10421,21,23,6035204,8638,0,0,0
2026-04-22 11:15:34,15784293,29533,5475484,24098,10273,22,23,6043829,8625,0,0,0
2026-04-22 11:15:35,15813936,29643,5485781,24140,10339,20,23,6052375,8546,0,0,0
2026-04-22 11:15:36,15844061,30125,5496217,24188,10484,20,23,6060954,8579,0,0,0
2026-04-22 11:15:37,15874637,30576,5506836,24228,10659,22,23,6069512,8558,0,0,0
2026-04-22 11:15:38,15904572,29935,5517204,24272,10412,21,23,6078115,8603,0,0,0
2026-04-22 11:15:39,15934945,30373,5527727,24333,10584,22,23,6086733,8618,0,0,0
2026-04-22 11:15:40,15963997,29052,5537812,24375,10127,20,23,6095378,8645,0,0,0
2026-04-22 11:15:42,15993314,29317,5547988,24431,10232,20,23,6112591,17213,0,0,0
2026-04-22 11:15:43,16023097,29783,5558319,24482,10382,19,23,6121176,8585,0,0,0
2026-04-22 11:15:44,16053377,30280,5568798,24529,10526,22,23,6129737,8561,0,0,0
2026-04-22 11:15:45,16083737,30360,5579316,24577,10566,22,23,6138271,8534,0,0,0
2026-04-22 11:15:46,16114012,30275,5589838,24632,10577,20,23,6146814,8543,0,0,0
2026-04-22 11:15:47,16144738,30726,5600511,24666,10707,21,23,6155366,8552,0,0,0
2026-04-22 11:15:48,16174363,29625,5610783,24712,10318,22,23,6163914,8548,0,0,0
2026-04-22 11:15:49,16204207,29844,5621136,24761,10402,20,23,6172484,8570,0,0,0
2026-04-22 11:15:50,16233491,29284,5631270,24806,10179,21,23,6181085,8601,0,0,0
2026-04-22 11:15:52,16262068,28577,5641202,24851,9977,21,23,6198400,17315,0,0,0
2026-04-22 11:15:53,16290610,28542,5651115,24893,9955,22,23,6207078,8678,0,0,0
2026-04-22 11:15:54,16320344,29734,5661454,24924,10370,21,23,6215690,8612,0,0,0
2026-04-22 11:15:55,16349957,29613,5671703,24975,10300,22,23,6224240,8550,0,0,0
2026-04-22 11:15:56,16379945,29988,5682100,25024,10446,22,23,6232746,8506,0,0,0
2026-04-22 11:15:57,16410250,30305,5692630,25067,10573,22,23,6241257,8511,0,0,0
2026-04-22 11:15:58,16440567,30317,5703160,25117,10580,20,23,6249801,8544,0,0,0
2026-04-22 11:15:59,16471393,30826,5713885,25148,10756,18,23,6258387,8586,0,0,0
2026-04-22 11:16:00,16500124,28731,5723870,25184,10021,22,23,6267010,8623,0,0,0
2026-04-22 11:16:01,16529026,28902,5733881,25231,10058,21,23,6284135,17125,0,0,0
2026-04-22 11:16:03,16560172,31146,5744668,25291,10847,22,23,6292664,8529,0,0,0
2026-04-22 11:16:04,16591518,31346,5755528,25340,10909,22,23,6301210,8546,0,0,0
2026-04-22 11:16:05,16622503,30985,5766257,25384,10773,22,23,6309790,8580,0,0,0
2026-04-22 11:16:06,16652857,30354,5776783,25426,10568,21,23,6318365,8575,0,0,0
2026-04-22 11:16:07,16682623,29766,5787117,25474,10382,20,23,6326960,8595,0,0,0
2026-04-22 11:16:08,16711849,29226,5797287,25512,10208,20,23,6335531,8571,0,0,0
2026-04-22 11:16:09,16740891,29042,5807366,25549,10116,21,23,6344110,8579,0,0,0
2026-04-22 11:16:10,16769051,28160,5817158,25585,9828,22,23,6352694,8584,0,0,0
2026-04-22 11:16:11,16797593,28542,5827052,25614,9923,22,23,6369722,17028,0,0,0
2026-04-22 11:16:13,16828429,30836,5837736,25661,10731,21,23,6378245,8523,0,0,0
2026-04-22 11:16:14,16859185,30756,5848389,25710,10702,21,23,6386760,8515,0,0,0
2026-04-22 11:16:15,16890222,31037,5859134,25751,10786,22,23,6395264,8504,0,0,0
2026-04-22 11:16:16,16919921,29699,5869448,25808,10371,21,23,6403817,8553,0,0,0
2026-04-22 11:16:17,16949560,29639,5879734,25859,10337,20,23,6412370,8553,0,0,0
2026-04-22 11:16:18,16978999,29439,5889970,25903,10280,22,23,6420992,8622,0,0,0
2026-04-22 11:16:19,17009647,30648,5900598,25946,10671,21,23,6429582,8590,0,0,0
2026-04-22 11:16:20,17040191,30544,5911204,25990,10650,22,23,6438162,8580,0,0,0
2026-04-22 11:16:21,17069509,29318,5921397,26028,10231,21,23,6455224,17062,0,0,0
2026-04-22 11:16:23,17100246,30737,5932040,26092,10707,21,23,6463756,8532,0,0,0
2026-04-22 11:16:24,17130467,30221,5942522,26140,10530,21,23,6472267,8511,0,0,0
2026-04-22 11:16:25,17160567,30100,5952947,26186,10471,20,23,6480825,8558,0,0,0
2026-04-22 11:16:26,17189868,29301,5963112,26242,10221,22,23,6489371,8546,0,0,0
2026-04-22 11:16:27,17220421,30553,5973705,26288,10639,22,23,6497906,8535,0,0,0
2026-04-22 11:16:28,17249834,29413,5983917,26348,10272,20,23,6506432,8526,0,0,0
2026-04-22 11:16:29,17279783,29949,5994311,26402,10448,22,23,6514946,8514,0,0,0
2026-04-22 11:16:30,17310936,31153,6005106,26456,10849,22,23,6523433,8487,0,0,0
2026-04-22 11:16:31,17340695,29759,6015434,26517,10389,22,23,6531998,8565,0,0,0
2026-04-22 11:16:33,17371581,30886,6026118,26574,10741,20,23,6549125,17127,0,0,0
2026-04-22 11:16:34,17402052,30471,6036672,26623,10603,19,23,6557693,8568,0,0,0
2026-04-22 11:16:35,17432108,30056,6047100,26674,10479,20,23,6566241,8548,0,0,0
2026-04-22 11:16:36,17462334,30226,6057596,26711,10533,21,23,6574777,8536,0,0,0
2026-04-22 11:16:37,17492847,30513,6068163,26761,10617,21,23,6583300,8523,0,0,0
2026-04-22 11:16:38,17523805,30958,6078883,26821,10780,22,23,6591787,8487,0,0,0
2026-04-22 11:16:39,17554625,30820,6089583,26863,10742,21,23,6600294,8507,0,0,0
2026-04-22 11:16:40,17584963,30338,6100084,26914,10552,22,23,6608814,8520,0,0,0
2026-04-22 11:16:41,17614476,29513,6110321,26954,10277,22,23,6617358,8544,0,0,0
2026-04-22 11:16:43,17645287,30811,6120998,27008,10731,22,23,6634491,17133,0,0,0
2026-04-22 11:16:44,17675222,29935,6131389,27052,10435,20,23,6643071,8580,0,0,0
2026-04-22 11:16:45,17705743,30521,6141986,27091,10636,21,23,6651657,8586,0,0,0
2026-04-22 11:16:46,17736594,30851,6152671,27140,10734,22,23,6660228,8571,0,0,0
2026-04-22 11:16:47,17767789,31195,6163475,27188,10852,21,23,6668831,8603,0,0,0
2026-04-22 11:16:48,17798369,30580,6174070,27237,10644,21,23,6677376,8545,0,0,0
2026-04-22 11:16:49,17829189,30820,6184755,27287,10735,21,23,6685951,8575,0,0,0
2026-04-22 11:16:50,17860126,30937,6195478,27337,10773,21,23,6694496,8545,0,0,0
2026-04-22 11:16:51,17889509,29383,6205672,27381,10238,22,23,6703046,8550,0,0,0
2026-04-22 11:16:53,17919902,30393,6216201,27427,10575,20,23,6720152,17106,0,0,0
2026-04-22 11:16:54,17950972,31070,6226988,27460,10820,21,23,6728750,8598,0,0,0
2026-04-22 11:16:55,17981238,30266,6237488,27509,10549,19,23,6737287,8537,0,0,0
2026-04-22 11:16:56,18012206,30968,6248220,27557,10780,19,23,6745833,8546,0,0,0
2026-04-22 11:16:57,18042926,30720,6258854,27606,10683,22,23,6754394,8561,0,0,0
2026-04-22 11:16:58,18072902,29976,6269244,27653,10437,22,23,6762979,8585,0,0,0
2026-04-22 11:16:59,18103015,30113,6279707,27705,10515,19,23,6771581,8602,0,0,0
2026-04-22 11:17:00,18133540,30525,6290289,27746,10623,20,23,6780133,8552,0,0,0
2026-04-22 11:17:01,18161563,28023,6300035,27782,9782,22,23,6788678,8545,0,0,0
2026-04-22 11:17:03,18190164,28601,6309952,27824,9959,22,23,6805807,17129,0,0,0
2026-04-22 11:17:04,18220524,30360,6320492,27861,10577,21,23,6814374,8567,0,0,0
2026-04-22 11:17:05,18251912,31388,6331352,27924,10923,22,23,6822929,8555,0,0,0
2026-04-22 11:17:06,18282746,30834,6342052,27968,10744,22,23,6831509,8580,0,0,0
2026-04-22 11:17:07,18312734,29988,6352459,28010,10449,21,23,6840067,8558,0,0,0
2026-04-22 11:17:08,18342575,29841,6362829,28062,10422,21,23,6848610,8543,0,0,0
2026-04-22 11:17:09,18372945,30370,6373353,28100,10562,19,23,6857126,8516,0,0,0
2026-04-22 11:17:10,18403174,30229,6383861,28144,10552,20,23,6865662,8536,0,0,0
2026-04-22 11:17:11,18431822,28648,6393802,28189,9986,21,23,6874186,8524,0,0,0
2026-04-22 11:17:12,18462154,30332,6404326,28243,10578,22,23,6891147,16961,0,0,0
2026-04-22 11:17:14,18492581,30427,6414907,28288,10626,19,23,6899651,8504,0,0,0
2026-04-22 11:17:15,18523767,31186,6425739,28319,10863,21,23,6908177,8526,0,0,0
2026-04-22 11:17:16,18554266,30499,6436326,28365,10633,21,23,6916737,8560,0,0,0
2026-04-22 11:17:17,18585251,30985,6447048,28415,10772,21,23,6925300,8563,0,0,0
2026-04-22 11:17:18,18614187,28936,6457068,28454,10059,22,23,6933865,8565,0,0,0
2026-04-22 11:17:19,18643672,29485,6467309,28485,10272,21,23,6942449,8584,0,0,0
2026-04-22 11:17:20,18673886,30214,6477774,28536,10516,19,23,6951023,8574,0,0,0
2026-04-22 11:17:21,18702725,28839,6487769,28594,10053,22,23,6959538,8515,0,0,0
2026-04-22 11:17:22,18731639,28914,6497840,28643,10120,18,23,6976566,17028,0,0,0
2026-04-22 11:17:24,18762002,30363,6508377,28688,10582,21,23,6985073,8507,0,0,0
2026-04-22 11:17:25,18793017,31015,6519124,28742,10801,21,23,6993613,8540,0,0,0
2026-04-22 11:17:26,18823261,30244,6529628,28789,10551,22,23,7002148,8535,0,0,0
2026-04-22 11:17:27,18853081,29820,6539950,28833,10366,20,23,7010647,8499,0,0,0
2026-04-22 11:17:28,18884050,30969,6550673,28880,10770,22,23,7019148,8501,0,0,0
2026-04-22 11:17:29,18914098,30048,6561095,28928,10470,21,23,7027637,8489,0,0,0
2026-04-22 11:17:30,18943904,29806,6571474,28968,10419,20,23,7036181,8544,0,0,0
2026-04-22 11:17:31,18973244,29340,6581671,29016,10245,21,23,7044724,8543,0,0,0
2026-04-22 11:17:32,19002293,29049,6591747,29060,10120,22,23,7061771,17047,0,0,0
2026-04-22 11:17:34,19031045,28752,6601702,29119,10014,21,23,7070295,8524,0,0,0
2026-04-22 11:17:35,19062420,31375,6612589,29166,10934,19,23,7078851,8556,0,0,0
2026-04-22 11:17:36,19092042,29622,6622847,29209,10301,22,23,7087421,8570,0,0,0
2026-04-22 11:17:37,19122545,30503,6633407,29249,10600,21,23,7095968,8547,0,0,0
2026-04-22 11:17:38,19152187,29642,6643679,29287,10310,21,23,7104488,8520,0,0,0
2026-04-22 11:17:39,19181250,29063,6653789,29335,10158,22,23,7112949,8461,0,0,0
2026-04-22 11:17:40,19211335,30085,6664209,29398,10483,21,23,7121425,8476,0,0,0
2026-04-22 11:17:41,19240420,29085,6674326,29440,10159,18,23,7129869,8444,0,0,0
2026-04-22 11:17:42,19268656,28236,6684143,29480,9857,22,23,7146829,16960,0,0,0
2026-04-22 11:17:44,19298560,29904,6694542,29517,10436,22,23,7155311,8482,0,0,0
2026-04-22 11:17:45,19328860,30300,6705069,29554,10564,19,23,7163776,8465,0,0,0
2026-04-22 11:17:46,19359056,30196,6715559,29589,10525,21,23,7172283,8507,0,0,0
2026-04-22 11:17:47,19389289,30233,6726040,29627,10519,22,23,7180767,8484,0,0,0
2026-04-22 11:17:48,19419167,29878,6736390,29677,10400,21,23,7189286,8519,0,0,0
2026-04-22 11:17:49,19449504,30337,6746910,29720,10563,22,23,7197813,8527,0,0,0
2026-04-22 11:17:50,19479864,30360,6757453,29770,10593,21,23,7206302,8489,0,0,0
2026-04-22 11:17:51,19509669,29805,6767769,29824,10370,22,23,7214805,8503,0,0,0
2026-04-22 11:17:52,19537559,27890,6777477,29868,9752,22,23,7223302,8497,0,0,0
2026-04-22 11:17:54,19566966,29407,6787650,29916,10221,20,23,7240308,17006,0,0,0
2026-04-22 11:17:55,19597990,31024,6798390,29964,10788,20,23,7248781,8473,0,0,0
2026-04-22 11:17:56,19628077,30087,6808826,30012,10484,20,23,7257233,8452,0,0,0
2026-04-22 11:17:57,19658280,30203,6819308,30059,10529,21,23,7265715,8482,0,0,0
2026-04-22 11:17:58,19688614,30334,6829817,30118,10568,21,23,7274211,8496,0,0,0
2026-04-22 11:17:59,19718834,30220,6840281,30168,10514,21,23,7282735,8524,0,0,0
2026-04-22 11:18:00,19748680,29846,6850612,30211,10374,21,23,7291281,8546,0,0,0
2026-04-22 11:18:01,19777534,28854,6860656,30250,10083,22,23,7299815,8534,0,0,0
2026-04-22 11:18:02,19806815,29281,6870817,30289,10200,22,23,7308331,8516,0,0,0
2026-04-22 11:18:04,19835909,29094,6880908,30328,10130,22,23,7325342,17011,0,0,0
2026-04-22 11:18:05,19864278,28369,6890775,30370,9909,20,23,7333854,8512,0,0,0
2026-04-22 11:18:06,19894200,29922,6901151,30418,10424,22,23,7342328,8474,0,0,0
2026-04-22 11:18:07,19924988,30788,6911821,30467,10719,19,23,7350835,8507,0,0,0
2026-04-22 11:18:08,19954461,29473,6922071,30522,10305,20,23,7359352,8517,0,0,0
2026-04-22 11:18:09,19983248,28787,6932039,30571,10017,21,23,7367863,8511,0,0,0
2026-04-22 11:18:10,20013723,30475,6942577,30626,10593,20,23,7376397,8534,0,0,0
2026-04-22 11:18:11,20042255,28532,6952456,30668,9921,22,23,7384905,8508,0,0,0
2026-04-22 11:18:12,20069426,27171,6961869,30723,9468,22,23,7393356,8451,0,0,0
2026-04-22 11:18:14,20097212,27786,6971486,30774,9668,21,23,7410256,16900,0,0,0
2026-04-22 11:18:15,20125534,28322,6981303,30821,9864,21,23,7418707,8451,0,0,0
2026-04-22 11:18:16,20155280,29746,6991628,30863,10367,22,23,7427111,8404,0,0,0
2026-04-22 11:18:17,20184699,29419,7001813,30916,10238,22,23,7435536,8425,0,0,0
2026-04-22 11:18:18,20214445,29746,7012131,30959,10361,20,23,7443940,8404,0,0,0
2026-04-22 11:18:19,20243320,28875,7022125,31006,10041,21,23,7452367,8427,0,0,0
2026-04-22 11:18:20,20272940,29620,7032407,31056,10332,22,23,7460761,8394,0,0,0
2026-04-22 11:18:21,20303682,30742,7043052,31105,10694,22,23,7469153,8392,0,0,0
2026-04-22 11:18:22,20332748,29066,7053141,31147,10131,21,23,7477589,8436,0,0,0
2026-04-22 11:18:24,20362810,30062,7063589,31195,10496,21,23,7494477,16888,0,0,0
2026-04-22 11:18:25,20392980,30170,7074049,31259,10524,21,23,7502944,8467,0,0,0
2026-04-22 11:18:26,20423284,30304,7084570,31305,10567,22,23,7511412,8468,0,0,0
2026-04-22 11:18:27,20454569,31285,7095383,31359,10867,22,23,7519858,8446,0,0,0
2026-04-22 11:18:28,20485457,30888,7106124,31397,10779,21,23,7528303,8445,0,0,0
2026-04-22 11:18:29,20514356,28899,7116164,31433,10076,20,23,7536736,8433,0,0,0
2026-04-22 11:18:30,20544172,29816,7126507,31472,10382,21,23,7545182,8446,0,0,0
2026-04-22 11:18:31,20573935,29763,7136831,31512,10364,22,23,7553598,8416,0,0,0
2026-04-22 11:18:32,20601642,27707,7146437,31554,9648,22,23,7561972,8374,0,0,0
2026-04-22 11:18:34,20631126,29484,7156703,31588,10300,21,23,7578787,16815,0,0,0
2026-04-22 11:18:35,20660658,29532,7166964,31633,10306,22,23,7587195,8408,0,0,0
2026-04-22 11:18:36,20689868,29210,7177111,31665,10179,18,23,7595648,8453,0,0,0
2026-04-22 11:18:37,20720739,30871,7187815,31706,10745,21,23,7604072,8424,0,0,0
2026-04-22 11:18:38,20750146,29407,7198024,31748,10251,20,23,7612534,8462,0,0,0
2026-04-22 11:18:39,20779745,29599,7208266,31808,10302,22,23,7620974,8440,0,0,0
2026-04-22 11:18:40,20809872,30127,7218731,31859,10516,22,23,7629422,8448,0,0,0
2026-04-22 11:18:41,20840116,30244,7229222,31902,10534,21,23,7637797,8375,0,0,0
2026-04-22 11:18:42,20869154,29038,7239287,31953,10116,21,23,7646155,8358,0,0,0
2026-04-22 11:18:44,20898125,28971,7249355,31996,10111,22,23,7662866,16711,0,0,0
2026-04-22 11:18:45,20928433,30308,7259863,32038,10550,22,23,7671251,8385,0,0,0
2026-04-22 11:18:46,20958238,29805,7270193,32082,10374,21,23,7679667,8416,0,0,0
2026-04-22 11:18:47,20986924,28686,7280153,32132,10010,21,23,7688060,8393,0,0,0
2026-04-22 11:18:48,21016974,30050,7290568,32172,10455,22,23,7696491,8431,0,0,0
2026-04-22 11:18:49,21046465,29491,7300810,32227,10297,21,23,7704898,8407,0,0,0
2026-04-22 11:18:50,21075472,29007,7310896,32273,10132,20,23,7713279,8381,0,0,0
2026-04-22 11:18:51,21105345,29873,7321259,32315,10405,22,23,7721674,8395,0,0,0
2026-04-22 11:18:52,21135061,29716,7331548,32372,10346,22,23,7730055,8381,0,0,0
2026-04-22 11:18:54,21163380,28319,7341371,32420,9871,20,23,7746976,16921,0,0,0
2026-04-22 11:18:55,21192524,29144,7351472,32467,10148,20,23,7755452,8476,0,0,0
2026-04-22 11:18:56,21222553,30029,7361867,32504,10432,20,23,7763869,8417,0,0,0
2026-04-22 11:18:57,21251918,29365,7372073,32547,10249,20,23,7772225,8356,0,0,0
2026-04-22 11:18:58,21281237,29319,7382220,32601,10201,20,23,7780553,8328,0,0,0
2026-04-22 11:18:59,21311398,30161,7392671,32654,10504,22,23,7788893,8340,0,0,0
2026-04-22 11:19:00,21341469,30071,7403113,32693,10481,22,23,7797252,8359,0,0,0
2026-04-22 11:19:01,21371264,29795,7413435,32735,10364,22,23,7805664,8412,0,0,0
2026-04-22 11:19:02,21400407,29143,7423559,32779,10168,22,23,7814047,8383,0,0,0
2026-04-22 11:19:03,21429090,28683,7433494,32833,9989,21,23,7830774,16727,0,0,0
2026-04-22 11:19:05,21457780,28690,7443460,32869,10002,21,23,7839103,8329,0,0,0
2026-04-22 11:19:06,21487746,29966,7453840,32914,10425,22,23,7847472,8369,0,0,0
2026-04-22 11:19:07,21516995,29249,7463967,32952,10165,22,23,7855863,8391,0,0,0
2026-04-22 11:19:08,21545640,28645,7473897,32994,9972,22,23,7864254,8391,0,0,0
2026-04-22 11:19:09,21575224,29584,7484160,33037,10306,22,23,7872653,8399,0,0,0
2026-04-22 11:19:10,21605396,30172,7494622,33092,10517,22,23,7881023,8370,0,0,0
2026-04-22 11:19:11,21635894,30498,7505169,33150,10605,21,23,7889341,8318,0,0,0
2026-04-22 11:19:12,21664882,28988,7515216,33186,10083,22,23,7897697,8356,0,0,0
2026-04-22 11:19:13,21693272,28390,7525067,33222,9887,22,23,7914354,16657,0,0,0
2026-04-22 11:19:15,21722267,28995,7535143,33258,10112,21,23,7922677,8323,0,0,0
2026-04-22 11:19:16,21751139,28872,7545181,33298,10078,19,23,7931034,8357,0,0,0
2026-04-22 11:19:17,21780833,29694,7555493,33351,10365,20,23,7939395,8361,0,0,0
2026-04-22 11:19:18,21810870,30037,7565918,33403,10477,19,23,7947739,8344,0,0,0
2026-04-22 11:19:19,21841219,30349,7576435,33448,10562,22,23,7956112,8373,0,0,0
2026-04-22 11:19:20,21871173,29954,7586805,33492,10414,21,23,7964483,8371,0,0,0
2026-04-22 11:19:21,21901070,29897,7597171,33544,10418,20,23,7972860,8377,0,0,0
2026-04-22 11:19:22,21930734,29664,7607448,33585,10318,22,23,7981218,8358,0,0,0
2026-04-22 11:19:23,21957725,26991,7616821,33627,9415,22,23,7989576,8358,0,0,0
2026-04-22 11:19:25,21986483,28758,7626775,33676,10003,22,23,8006318,16742,0,0,0
2026-04-22 11:19:26,22014729,28246,7636568,33715,9832,22,23,8014674,8356,0,0,0
2026-04-22 11:19:27,22043930,29201,7646705,33764,10186,22,23,8023060,8386,0,0,0
2026-04-22 11:19:28,22073496,29566,7657002,33809,10342,22,23,8031425,8365,0,0,0
2026-04-22 11:19:29,22104138,30642,7667605,33859,10653,22,23,8039774,8349,0,0,0
2026-04-22 11:19:30,22134562,30424,7678141,33915,10592,20,23,8048086,8312,0,0,0
2026-04-22 11:19:31,22164900,30338,7688642,33962,10548,21,23,8056366,8280,0,0,0
2026-04-22 11:19:32,22193730,28830,7698652,34005,10053,22,23,8064617,8251,0,0,0
2026-04-22 11:19:33,22223130,29400,7708839,34061,10243,21,23,8072904,8287,0,0,0
2026-04-22 11:19:35,22252221,29091,7718944,34116,10160,21,23,8089524,16620,0,0,0
2026-04-22 11:19:36,22282531,30310,7729459,34166,10565,22,23,8097865,8341,0,0,0
2026-04-22 11:19:37,22313155,30624,7740098,34194,10667,21,23,8106204,8339,0,0,0
2026-04-22 11:19:38,22343993,30838,7750794,34241,10743,21,23,8114549,8345,0,0,0
2026-04-22 11:19:39,22374423,30430,7761348,34291,10604,22,23,8122888,8339,0,0,0
2026-04-22 11:19:40,22404122,29699,7771656,34341,10358,20,23,8131219,8331,0,0,0
2026-04-22 11:19:41,22433268,29146,7781744,34382,10129,21,23,8139583,8364,0,0,0
2026-04-22 11:19:42,22462782,29514,7791959,34439,10272,20,23,8147966,8383,0,0,0
2026-04-22 11:19:43,22490489,27707,7801597,34479,9678,22,23,8156355,8389,0,0,0
2026-04-22 11:19:45,22520179,29690,7811941,34508,10373,21,23,8173040,16685,0,0,0
2026-04-22 11:19:46,22549630,29451,7822137,34557,10245,21,23,8181317,8277,0,0,0
2026-04-22 11:19:47,22579375,29745,7832439,34603,10348,22,23,8189600,8283,0,0,0
2026-04-22 11:19:48,22609227,29852,7842793,34643,10394,22,23,8197892,8292,0,0,0
2026-04-22 11:19:49,22639603,30376,7853326,34682,10572,21,23,8206167,8275,0,0,0
2026-04-22 11:19:50,22669464,29861,7863690,34739,10421,22,23,8214443,8276,0,0,0
2026-04-22 11:19:51,22700702,31238,7874520,34789,10880,22,23,8222737,8294,0,0,0
2026-04-22 11:19:52,22731784,31082,7885300,34841,10832,22,23,8231073,8336,0,0,0
2026-04-22 11:19:53,22761394,29610,7895594,34883,10336,22,23,8239416,8343,0,0,0
2026-04-22 11:19:55,22791497,30103,7906000,34927,10450,22,23,8256082,16666,0,0,0
2026-04-22 11:19:56,22821561,30064,7916419,34964,10456,22,23,8264380,8298,0,0,0
2026-04-22 11:19:57,22851799,30238,7926954,35007,10578,21,23,8272709,8329,0,0,0
2026-04-22 11:19:58,22881195,29396,7937149,35051,10239,21,23,8281039,8330,0,0,0
2026-04-22 11:19:59,22909633,28438,7947007,35097,9904,21,23,8289375,8336,0,0,0
2026-04-22 11:20:00,22940120,30487,7957606,35128,10630,22,23,8297691,8316,0,0,0
2026-04-22 11:20:01,22970918,30798,7968265,35192,10723,21,23,8306013,8322,0,0,0
2026-04-22 11:20:02,23001162,30244,7978748,35242,10533,22,23,8314320,8307,0,0,0
2026-04-22 11:20:03,23031909,30747,7989390,35292,10692,22,23,8322636,8316,0,0,0
2026-04-22 11:20:05,23062002,30093,7999820,35333,10471,21,23,8339156,16520,0,0,0
2026-04-22 11:20:06,23092878,30876,8010494,35393,10734,21,23,8347431,8275,0,0,0
2026-04-22 11:20:07,23123904,31026,8021252,35437,10802,22,23,8355770,8339,0,0,0
2026-04-22 11:20:08,23154219,30315,8031771,35482,10564,22,23,8364109,8339,0,0,0
2026-04-22 11:20:09,23184867,30648,8042408,35537,10692,20,23,8372469,8360,0,0,0
2026-04-22 11:20:10,23215794,30927,8053128,35586,10769,21,23,8380825,8356,0,0,0
2026-04-22 11:20:11,23246114,30320,8063652,35635,10573,21,23,8389160,8335,0,0,0
2026-04-22 11:20:12,23276978,30864,8074369,35673,10755,22,23,8397470,8310,0,0,0
2026-04-22 11:20:13,23307140,30162,8084855,35715,10528,21,23,8405782,8312,0,0,0
2026-04-22 11:20:15,23337473,30333,8095368,35754,10552,18,23,8422483,16701,0,0,0
2026-04-22 11:20:16,23367243,29770,8105671,35808,10357,22,23,8430856,8373,0,0,0
2026-04-22 11:20:17,23397972,30729,8116325,35864,10710,21,23,8439224,8368,0,0,0
2026-04-22 11:20:18,23427653,29681,8126624,35911,10346,22,23,8447569,8345,0,0,0
2026-04-22 11:20:19,23457483,29830,8136982,35955,10402,21,23,8455916,8347,0,0,0
2026-04-22 11:20:20,23486925,29442,8147197,36001,10261,22,23,8464259,8343,0,0,0
2026-04-22 11:20:21,23516372,29447,8157421,36047,10270,22,23,8472569,8310,0,0,0
2026-04-22 11:20:22,23547136,30764,8168120,36098,10750,20,23,8480857,8288,0,0,0
2026-04-22 11:20:23,23577900,30764,8178775,36148,10705,22,23,8489188,8331,0,0,0
2026-04-22 11:20:25,23608645,30745,8189447,36183,10707,21,23,8505781,16593,0,0,0
2026-04-22 11:20:26,23640722,32077,8200565,36228,11163,20,23,8514032,8251,0,0,0
2026-04-22 11:20:27,23671060,30338,8211113,36269,10589,22,23,8522294,8262,0,0,0
2026-04-22 11:20:28,23700782,29722,8221459,36312,10389,22,23,8530557,8263,0,0,0
2026-04-22 11:20:29,23732127,31345,8232317,36358,10904,20,23,8538852,8295,0,0,0
2026-04-22 11:20:30,23762963,30836,8242989,36415,10729,21,23,8547168,8316,0,0,0
2026-04-22 11:20:31,23793251,30288,8253522,36474,10592,21,23,8555501,8333,0,0,0
2026-04-22 11:20:32,23824183,30932,8264232,36513,10749,22,23,8563854,8353,0,0,0
2026-04-22 11:20:33,23853809,29626,8274508,36559,10322,22,23,8572220,8366,0,0,0
2026-04-22 11:20:35,23883097,29288,8284693,36607,10233,19,23,8588956,16736,0,0,0
2026-04-22 11:20:36,23913667,30570,8295302,36642,10644,21,23,8597321,8365,0,0,0
2026-04-22 11:20:37,23943296,29629,8305594,36692,10342,22,23,8605675,8354,0,0,0
2026-04-22 11:20:38,23972647,29351,8315790,36723,10227,19,23,8614001,8326,0,0,0
2026-04-22 11:20:39,24003760,31113,8326587,36775,10849,19,23,8622351,8350,0,0,0
2026-04-22 11:20:40,24035682,31922,8337634,36830,11102,22,23,8630686,8335,0,0,0
2026-04-22 11:20:41,24067178,31496,8348549,36879,10964,22,23,8639040,8354,0,0,0
2026-04-22 11:20:42,24098639,31461,8359448,36943,10963,21,23,8647417,8377,0,0,0
2026-04-22 11:20:43,24129455,30816,8370157,36989,10755,20,23,8655785,8368,0,0,0
2026-04-22 11:20:45,24160483,31028,8380907,37035,10796,21,23,8672516,16731,0,0,0
2026-04-22 11:20:46,24192520,32037,8392020,37079,11157,22,23,8680901,8385,0,0,0
2026-04-22 11:20:47,24223690,31170,8402845,37130,10876,21,23,8689274,8373,0,0,0
2026-04-22 11:20:48,24255427,31737,8413843,37187,11055,20,23,8697640,8366,0,0,0
2026-04-22 11:20:49,24286698,31271,8424706,37229,10905,20,23,8705971,8331,0,0,0
2026-04-22 11:20:50,24317966,31268,8435551,37281,10897,21,23,8714244,8273,0,0,0
2026-04-22 11:20:51,24347894,29928,8445928,37330,10426,22,23,8722515,8271,0,0,0
2026-04-22 11:20:52,24379164,31270,8456772,37380,10894,22,23,8730767,8252,0,0,0
2026-04-22 11:20:53,24409632,30468,8467362,37420,10630,22,23,8739112,8345,0,0,0
2026-04-22 11:20:54,24438163,28531,8477255,37465,9938,22,23,8755884,16772,0,0,0
2026-04-22 11:20:56,24469261,31098,8488055,37509,10844,22,23,8764299,8415,0,0,0
2026-04-22 11:20:57,24500833,31572,8498988,37562,10986,21,23,8772686,8387,0,0,0
2026-04-22 11:20:58,24531628,30795,8509660,37616,10726,22,23,8781087,8401,0,0,0
2026-04-22 11:20:59,24563513,31885,8520727,37664,11115,21,23,8789443,8356,0,0,0
2026-04-22 11:21:00,24594882,31369,8531615,37716,10940,21,23,8797803,8360,0,0,0
2026-04-22 11:21:01,24626958,32076,8542727,37764,11160,21,23,8806174,8371,0,0,0
2026-04-22 11:21:02,24657661,30703,8553390,37823,10722,22,23,8814538,8364,0,0,0
2026-04-22 11:21:03,24689002,31341,8564241,37884,10912,22,23,8822885,8347,0,0,0
2026-04-22 11:21:04,24719590,30588,8574854,37935,10664,20,23,8839574,16689,0,0,0
2026-04-22 11:21:06,24748909,29319,8585019,37990,10220,18,23,8847923,8349,0,0,0
2026-04-22 11:21:07,24779989,31080,8595818,38030,10839,21,23,8856231,8308,0,0,0
2026-04-22 11:21:08,24809341,29352,8606011,38073,10236,22,23,8864528,8297,0,0,0
2026-04-22 11:21:09,24838909,29568,8616249,38120,10285,22,23,8872898,8370,0,0,0
2026-04-22 11:21:10,24869305,30396,8626765,38174,10570,22,23,8881286,8388,0,0,0
2026-04-22 11:21:11,24899512,30207,8637212,38236,10509,21,23,8889703,8417,0,0,0
2026-04-22 11:21:12,24929577,30065,8647637,38288,10477,20,23,8898066,8363,0,0,0
2026-04-22 11:21:13,24959877,30300,8658163,38343,10581,22,23,8906414,8348,0,0,0
2026-04-22 11:21:14,24988599,28722,8668135,38383,10012,20,23,8923205,16791,0,0,0
2026-04-22 11:21:16,25020074,31475,8679053,38423,10958,20,23,8931590,8385,0,0,0
2026-04-22 11:21:17,25051193,31119,8689846,38464,10834,22,23,8939940,8350,0,0,0
2026-04-22 11:21:18,25082288,31095,8700637,38505,10832,22,23,8948222,8282,0,0,0
2026-04-22 11:21:19,25112012,29724,8710962,38549,10369,21,23,8956533,8311,0,0,0
2026-04-22 11:21:20,25141810,29798,8721288,38590,10367,20,23,8964835,8302,0,0,0
2026-04-22 11:21:21,25172411,30601,8731919,38639,10680,22,23,8973198,8363,0,0,0
2026-04-22 11:21:22,25202894,30483,8742502,38682,10626,21,23,8981592,8394,0,0,0
2026-04-22 11:21:23,25233036,30142,8752952,38731,10499,21,23,8990015,8423,0,0,0
2026-04-22 11:21:24,25262354,29318,8763114,38780,10211,21,23,8998419,8404,0,0,0
2026-04-22 11:21:26,25292479,30125,8773534,38820,10460,21,23,9015256,16837,0,0,0
2026-04-22 11:21:27,25324263,31784,8784578,38855,11079,21,23,9023639,8383,0,0,0
2026-04-22 11:21:28,25355210,30947,8795320,38892,10779,21,23,9031992,8353,0,0,0
2026-04-22 11:21:29,25385349,30139,8805771,38945,10504,21,23,9040337,8345,0,0,0
2026-04-22 11:21:30,25414848,29499,8816017,38987,10288,22,23,9048714,8377,0,0,0
2026-04-22 11:21:31,25445039,30191,8826493,39030,10519,21,23,9057112,8398,0,0,0
2026-04-22 11:21:32,25476196,31157,8837301,39080,10858,20,23,9065530,8418,0,0,0
2026-04-22 11:21:33,25507176,30980,8848060,39125,10804,22,23,9073944,8414,0,0,0
2026-04-22 11:21:34,25536722,29546,8858334,39163,10312,22,23,9082354,8410,0,0,0
2026-04-22 11:21:36,25567062,30340,8868863,39209,10575,20,23,9099168,16814,0,0,0
2026-04-22 11:21:37,25595552,28490,8878762,39247,9937,21,23,9107555,8387,0,0,0
2026-04-22 11:21:38,25626641,31089,8889552,39288,10831,21,23,9115918,8363,0,0,0
2026-04-22 11:21:39,25659119,32478,8900814,39333,11307,22,23,9124255,8337,0,0,0
2026-04-22 11:21:40,25690258,31139,8911625,39387,10865,22,23,9132607,8352,0,0,0
2026-04-22 11:21:41,25722315,32057,8922743,39437,11168,22,23,9141000,8393,0,0,0
2026-04-22 11:21:42,25753709,31394,8933629,39477,10926,22,23,9149443,8443,0,0,0
2026-04-22 11:21:43,25784394,30685,8944249,39531,10674,21,23,9157851,8408,0,0,0
2026-04-22 11:21:44,25813808,29414,8954493,39576,10289,21,23,9166237,8386,0,0,0
2026-04-22 11:21:46,25845650,31842,8965549,39637,11117,20,23,9183001,16764,0,0,0
2026-04-22 11:21:47,25876581,30931,8976292,39697,10803,21,23,9191342,8341,0,0,0
2026-04-22 11:21:48,25908328,31747,8987302,39738,11051,22,23,9199669,8327,0,0,0
2026-04-22 11:21:49,25941369,33041,8998790,39798,11548,21,23,9208004,8335,0,0,0
2026-04-22 11:21:50,25974596,33227,9010338,39847,11597,21,23,9216352,8348,0,0,0
2026-04-22 11:21:51,26007613,33017,9021808,39886,11509,21,23,9224699,8347,0,0,0
2026-04-22 11:21:52,26040240,32627,9033183,39916,11405,21,23,9233078,8379,0,0,0
2026-04-22 11:21:53,26073054,32814,9044581,39981,11463,21,23,9241497,8419,0,0,0
2026-04-22 11:21:54,26103502,30448,9055131,40037,10606,22,23,9249923,8426,0,0,0
2026-04-22 11:21:56,26136208,32706,9066452,40092,11376,20,23,9266734,16811,0,0,0
2026-04-22 11:21:57,26168867,32659,9077792,40152,11400,20,23,9275129,8395,0,0,0
2026-04-22 11:21:58,26202619,33752,9089497,40206,11759,21,23,9283526,8397,0,0,0
2026-04-22 11:21:59,26235647,33028,9100966,40258,11521,22,23,9291919,8393,0,0,0
2026-04-22 11:22:00,26268731,33084,9112430,40308,11514,22,23,9300327,8408,0,0,0
2026-04-22 11:22:01,26301483,32752,9123798,40358,11418,21,23,9308717,8390,0,0,0
2026-04-22 11:22:02,26334573,33090,9135281,40410,11535,21,23,9317139,8422,0,0,0
2026-04-22 11:22:03,26366962,32389,9146540,40475,11324,18,23,9325559,8420,0,0,0
2026-04-22 11:22:04,26397572,30610,9157169,40519,10673,20,23,9333978,8419,0,0,0
2026-04-22 11:22:06,26430535,32963,9168604,40565,11481,20,23,9350789,16811,0,0,0
2026-04-22 11:22:07,26461828,31293,9179479,40608,10918,22,23,9359175,8386,0,0,0
2026-04-22 11:22:08,26494496,32668,9190824,40648,11385,21,23,9367542,8367,0,0,0
2026-04-22 11:22:09,26527520,33024,9202305,40699,11532,20,23,9375936,8394,0,0,0
2026-04-22 11:22:10,26560742,33222,9213806,40748,11550,20,23,9384341,8405,0,0,0
2026-04-22 11:22:11,26592722,31980,9224913,40794,11153,22,23,9392880,8539,0,0,0
2026-04-22 11:22:12,26624772,32050,9236040,40836,11169,21,23,9401445,8565,0,0,0
2026-04-22 11:22:13,26656610,31838,9247078,40893,11095,19,23,9410003,8558,0,0,0
2026-04-22 11:22:14,26687417,30807,9257759,40934,10722,22,23,9418523,8520,0,0,0
2026-04-22 11:22:16,26718600,31183,9268619,40976,10902,22,23,9435591,17068,0,0,0
2026-04-22 11:22:17,26750935,32335,9279837,41018,11260,20,23,9444147,8556,0,0,0
2026-04-22 11:22:18,26783787,32852,9291256,41061,11462,22,23,9452670,8523,0,0,0
2026-04-22 11:22:19,26816881,33094,9302717,41123,11523,21,23,9461173,8503,0,0,0
2026-04-22 11:22:20,26848465,31584,9313711,41165,11036,20,23,9469666,8493,0,0,0
2026-04-22 11:22:21,26880257,31792,9324736,41227,11087,22,23,9478143,8477,0,0,0
2026-04-22 11:22:22,26912894,32637,9336044,41276,11357,21,23,9486615,8472,0,0,0
2026-04-22 11:22:23,26944987,32093,9347153,41335,11168,22,23,9495083,8468,0,0,0
2026-04-22 11:22:24,26975810,30823,9357845,41377,10734,22,23,9503571,8488,0,0,0
2026-04-22 11:22:26,27007128,31318,9368674,41430,10882,22,23,9520551,16980,0,0,0
2026-04-22 11:22:27,27037860,30732,9379355,41475,10726,22,23,9529013,8462,0,0,0
2026-04-22 11:22:28,27070686,32826,9390769,41520,11459,19,23,9537483,8470,0,0,0
2026-04-22 11:22:29,27103142,32456,9402076,41564,11351,22,23,9545966,8483,0,0,0
2026-04-22 11:22:30,27135465,32323,9413300,41613,11273,21,23,9554462,8496,0,0,0
2026-04-22 11:22:31,27167716,32251,9424477,41670,11234,21,23,9562967,8505,0,0,0
2026-04-22 11:22:32,27199812,32096,9435596,41736,11185,22,23,9571449,8482,0,0,0
2026-04-22 11:22:33,27231254,31442,9446498,41792,10958,20,23,9579916,8467,0,0,0
2026-04-22 11:22:34,27263027,31773,9457510,41846,11066,16,23,9588351,8435,0,0,0
2026-04-22 11:22:36,27294646,31619,9468449,41890,10983,21,23,9605288,16937,0,0,0
2026-04-22 11:22:37,27326657,32011,9479565,41941,11167,21,23,9613786,8498,0,0,0
2026-04-22 11:22:38,27360099,33442,9491161,41993,11648,21,23,9622265,8479,0,0,0
2026-04-22 11:22:39,27392613,32514,9502419,42042,11307,21,23,9630754,8489,0,0,0
2026-04-22 11:22:40,27424094,31481,9513370,42086,10995,20,23,9639253,8499,0,0,0
2026-04-22 11:22:41,27456007,31913,9524410,42130,11084,20,23,9647810,8557,0,0,0
2026-04-22 11:22:42,27488784,32777,9535752,42176,11388,22,23,9656383,8573,0,0,0
2026-04-22 11:22:43,27519517,30733,9546395,42209,10676,19,23,9664987,8604,0,0,0
2026-04-22 11:22:44,27550039,30522,9556975,42259,10630,22,23,9673601,8614,0,0,0
2026-04-22 11:22:45,27581418,31379,9567844,42304,10914,22,23,9682200,8599,0,0,0
2026-04-22 11:22:47,27613395,31977,9578928,42355,11135,20,23,9699339,17139,0,0,0
2026-04-22 11:22:48,27646424,33029,9590377,42402,11496,21,23,9707852,8513,0,0,0
2026-04-22 11:22:49,27679510,33086,9601843,42450,11514,20,23,9716341,8489,0,0,0
2026-04-22 11:22:50,27712113,32603,9613194,42495,11396,21,23,9724843,8502,0,0,0
2026-04-22 11:22:51,27744852,32739,9624542,42557,11410,22,23,9733315,8472,0,0,0
2026-04-22 11:22:52,27777299,32447,9635794,42609,11304,20,23,9741823,8508,0,0,0
2026-04-22 11:22:53,27810294,32995,9647231,42665,11493,21,23,9750371,8548,0,0,0
2026-04-22 11:22:54,27842283,31989,9658312,42723,11139,17,23,9758913,8542,0,0,0
2026-04-22 11:22:55,27872376,30093,9668783,42772,10520,22,23,9767456,8543,0,0,0
2026-04-22 11:22:57,27904249,31873,9679788,42816,11049,22,23,9784464,17008,0,0,0
2026-04-22 11:22:58,27935957,31708,9690802,42859,11057,20,23,9792995,8531,0,0,0
2026-04-22 11:22:59,27968756,32799,9702150,42921,11410,21,23,9801540,8545,0,0,0
2026-04-22 11:23:00,28000595,31839,9713233,42973,11135,20,23,9810092,8552,0,0,0
2026-04-22 11:23:01,28032309,31714,9724237,43029,11060,21,23,9818655,8563,0,0,0
2026-04-22 11:23:02,28064400,32091,9735369,43067,11170,20,23,9827236,8581,0,0,0
2026-04-22 11:23:03,28095287,30887,9746074,43119,10757,20,23,9835810,8574,0,0,0
2026-04-22 11:23:04,28127361,32074,9757196,43160,11163,21,23,9844375,8565,0,0,0
2026-04-22 11:23:05,28158066,30705,9767852,43208,10704,22,23,9852927,8552,0,0,0
2026-04-22 11:23:07,28189205,31139,9778659,43255,10854,22,23,9869963,17036,0,0,0
2026-04-22 11:23:08,28221999,32794,9790047,43308,11441,21,23,9878458,8495,0,0,0
2026-04-22 11:23:09,28254537,32538,9801322,43362,11329,20,23,9886989,8531,0,0,0
2026-04-22 11:23:10,28285996,31459,9812219,43406,10941,20,23,9895573,8584,0,0,0
2026-04-22 11:23:11,28317997,32001,9823317,43468,11160,19,23,9904181,8608,0,0,0
2026-04-22 11:23:12,28349051,31054,9834120,43511,10846,22,23,9912840,8659,0,0,0
2026-04-22 11:23:13,28380625,31574,9845054,43569,10992,21,23,9921483,8643,0,0,0
2026-04-22 11:23:14,28412384,31759,9856086,43618,11081,22,23,9930139,8656,0,0,0
2026-04-22 11:23:15,28442575,30191,9866571,43671,10538,21,23,9938763,8624,0,0,0
2026-04-22 11:23:17,28473655,31080,9877325,43718,10801,21,23,9955951,17188,0,0,0
2026-04-22 11:23:18,28504870,31215,9888171,43763,10891,20,23,9964539,8588,0,0,0
2026-04-22 11:23:19,28536683,31813,9899216,43810,11092,20,23,9973169,8630,0,0,0
2026-04-22 11:23:20,28568732,32049,9910336,43852,11162,20,23,9981792,8623,0,0,0
2026-04-22 11:23:21,28600088,31356,9921227,43902,10941,21,23,9990433,8641,0,0,0
2026-04-22 11:23:22,28631442,31354,9932152,43937,10960,22,23,9999057,8624,0,0,0
2026-04-22 11:23:23,28663485,32043,9943262,43986,11159,22,23,10007676,8619,0,0,0
2026-04-22 11:23:24,28695779,32294,9954443,44040,11235,22,23,10016293,8617,0,0,0
2026-04-22 11:23:25,28726751,30972,9965191,44075,10783,21,23,10024921,8628,0,0,0
2026-04-22 11:23:26,28757489,30738,9975841,44124,10699,21,23,10042196,17275,0,0,0
2026-04-22 11:23:28,28789775,32286,9987055,44175,11265,21,23,10050810,8614,0,0,0
2026-04-22 11:23:29,28821496,31721,9998091,44235,11096,21,23,10059432,8622,0,0,0
2026-04-22 11:23:30,28854399,32903,10009484,44288,11446,20,23,10068050,8618,0,0,0
2026-04-22 11:23:31,28886821,32422,10020730,44335,11293,20,23,10076665,8615,0,0,0
2026-04-22 11:23:32,28918515,31694,10031729,44387,11051,22,23,10085236,8571,0,0,0
2026-04-22 11:23:33,28951031,32516,10043002,44436,11322,22,23,10093827,8591,0,0,0
2026-04-22 11:23:34,28983242,32211,10054180,44479,11221,21,23,10102400,8573,0,0,0
2026-04-22 11:23:35,29015111,31869,10065244,44529,11114,22,23,10110988,8588,0,0,0
2026-04-22 11:23:36,29047211,32100,10076347,44595,11169,21,23,10128253,17265,0,0,0
2026-04-22 11:23:38,29079402,32191,10087527,44653,11238,21,23,10136920,8667,0,0,0
2026-04-22 11:23:39,29111955,32553,10098814,44713,11347,20,23,10145563,8643,0,0,0
2026-04-22 11:23:40,29143755,31800,10109857,44761,11091,22,23,10154158,8595,0,0,0
2026-04-22 11:23:41,29176837,33082,10121325,44823,11530,21,23,10162782,8624,0,0,0
2026-04-22 11:23:42,29208686,31849,10132352,44875,11079,21,23,10171446,8664,0,0,0
2026-04-22 11:23:43,29240185,31499,10143292,44909,10974,20,23,10180121,8675,0,0,0
2026-04-22 11:23:44,29272317,32132,10154440,44966,11205,21,23,10188804,8683,0,0,0
2026-04-22 11:23:45,29303658,31341,10165313,45016,10923,15,23,10197471,8667,0,0,0
2026-04-22 11:23:46,29335370,31712,10176306,45057,11034,21,23,10206133,8662,0,0,0
2026-04-22 11:23:48,29367914,32544,10187568,45125,11330,21,23,10223504,17371,0,0,0
2026-04-22 11:23:49,29400482,32568,10198876,45179,11362,20,23,10232193,8689,0,0,0
2026-04-22 11:23:50,29432659,32177,10210007,45232,11184,21,23,10240844,8651,0,0,0
2026-04-22 11:23:51,29463365,30706,10220689,45282,10732,21,23,10249479,8635,0,0,0
2026-04-22 11:23:52,29494346,30981,10231487,45327,10843,21,23,10258136,8657,0,0,0
2026-04-22 11:23:53,29526369,32023,10242590,45377,11153,19,23,10266829,8693,0,0,0
2026-04-22 11:23:54,29559172,32803,10253962,45432,11427,21,23,10275487,8658,0,0,0
2026-04-22 11:23:55,29591312,32140,10265145,45477,11228,17,23,10284153,8666,0,0,0
2026-04-22 11:23:56,29623034,31722,10276154,45515,11047,21,23,10292801,8648,0,0,0
2026-04-22 11:23:58,29655847,32813,10287511,45577,11419,20,23,10310159,17358,0,0,0
2026-04-22 11:23:59,29688983,33136,10298987,45629,11528,21,23,10318832,8673,0,0,0
2026-04-22 11:24:00,29721778,32795,10310367,45675,11426,22,23,10327454,8622,0,0,0
2026-04-22 11:24:01,29754482,32704,10321687,45727,11372,22,23,10336093,8639,0,0,0
2026-04-22 11:24:02,29785295,30813,10332396,45780,10762,20,23,10344721,8628,0,0,0
2026-04-22 11:24:03,29817588,32293,10343607,45831,11262,20,23,10353388,8667,0,0,0
2026-04-22 11:24:04,29850100,32512,10354872,45873,11307,20,23,10362045,8657,0,0,0
2026-04-22 11:24:05,29881275,31175,10365715,45906,10876,22,23,10370702,8657,0,0,0
2026-04-22 11:24:06,29912782,31507,10376646,45944,10969,22,23,10379368,8666,0,0,0
2026-04-22 11:24:08,29944195,31413,10387538,45989,10937,22,23,10396654,17286,0,0,0
2026-04-22 11:24:09,29977048,32853,10398938,46021,11432,21,23,10405257,8603,0,0,0
2026-04-22 11:24:10,30009952,32904,10410310,46082,11433,21,23,10413894,8637,0,0,0
2026-04-22 11:24:11,30041870,31918,10421393,46120,11121,20,23,10422542,8648,0,0,0
2026-04-22 11:24:12,30073939,32069,10432503,46172,11162,20,23,10431199,8657,0,0,0
2026-04-22 11:24:13,30105823,31884,10443565,46213,11103,20,23,10439877,8678,0,0,0
2026-04-22 11:24:14,30137517,31694,10454590,46248,11060,22,23,10448561,8684,0,0,0
2026-04-22 11:24:15,30170181,32664,10465924,46297,11383,22,23,10457205,8644,0,0,0
2026-04-22 11:24:16,30202617,32436,10477166,46346,11291,22,23,10465820,8615,0,0,0
2026-04-22 11:24:18,30236554,33937,10488933,46384,11805,20,23,10483085,17265,0,0,0
2026-04-22 11:24:19,30269090,32536,10500215,46426,11324,21,23,10491754,8669,0,0,0
2026-04-22 11:24:20,30301245,32155,10511397,46474,11230,22,23,10500421,8667,0,0,0
2026-04-22 11:24:21,30333166,31921,10522479,46513,11121,22,23,10509092,8671,0,0,0
2026-04-22 11:24:22,30364909,31743,10533491,46562,11061,21,23,10517769,8677,0,0,0
2026-04-22 11:24:23,30398252,33343,10545050,46608,11605,19,23,10526476,8707,0,0,0
2026-04-22 11:24:24,30428593,30341,10555604,46637,10583,21,23,10535175,8699,0,0,0
2026-04-22 11:24:25,30459550,30957,10566336,46700,10795,22,23,10543886,8711,0,0,0
2026-04-22 11:24:26,30491579,32029,10577447,46742,11153,21,23,10552577,8691,0,0,0
2026-04-22 11:24:28,30524688,33109,10588922,46786,11519,21,23,10569974,17397,0,0,0
2026-04-22 11:24:29,30557754,33066,10600396,46823,11511,21,23,10578703,8729,0,0,0
2026-04-22 11:24:30,30591030,33276,10611912,46879,11572,19,23,10587430,8727,0,0,0
2026-04-22 11:24:31,30624118,33088,10623363,46926,11498,19,23,10596202,8772,0,0,0
2026-04-22 11:24:32,30656817,32699,10634719,46978,11408,22,23,10604960,8758,0,0,0
2026-04-22 11:24:33,30689264,32447,10645993,47016,11312,20,23,10613713,8753,0,0,0
2026-04-22 11:24:34,30722522,33258,10657532,47066,11589,19,23,10622477,8764,0,0,0
2026-04-22 11:24:35,30755875,33353,10669104,47118,11624,22,23,10631206,8729,0,0,0
2026-04-22 11:24:36,30788464,32589,10680410,47167,11355,22,23,10639931,8725,0,0,0
2026-04-22 11:24:38,30821188,32724,10691781,47220,11424,22,23,10657399,17468,0,0,0
2026-04-22 11:24:39,30855030,33842,10703516,47263,11778,21,23,10666149,8750,0,0,0
2026-04-22 11:24:40,30887595,32565,10714828,47315,11364,22,23,10674869,8720,0,0,0
2026-04-22 11:24:41,30920365,32770,10726202,47375,11434,21,23,10683608,8739,0,0,0
2026-04-22 11:24:42,30953354,32989,10737624,47431,11478,19,23,10692320,8712,0,0,0
2026-04-22 11:24:43,30986161,32807,10749005,47477,11427,21,23,10701040,8720,0,0,0
2026-04-22 11:24:44,31018326,32165,10760132,47543,11193,21,23,10709793,8753,0,0,0
2026-04-22 11:24:45,31050864,32538,10771442,47587,11354,21,23,10718598,8805,0,0,0
2026-04-22 11:24:46,31083470,32606,10782747,47626,11344,22,23,10727372,8774,0,0,0
2026-04-22 11:24:48,31116558,33088,10794227,47683,11537,20,23,10744870,17498,0,0,0
2026-04-22 11:24:49,31149242,32684,10805580,47732,11402,21,23,10753619,8749,0,0,0
2026-04-22 11:24:50,31182150,32908,10816984,47780,11452,20,23,10762388,8769,0,0,0
2026-04-22 11:24:51,31213885,31735,10828023,47824,11083,21,23,10771099,8711,0,0,0
2026-04-22 11:24:52,31247101,33216,10839568,47869,11590,22,23,10779791,8692,0,0,0
2026-04-22 11:24:53,31279970,32869,10850989,47921,11473,21,23,10788465,8674,0,0,0
2026-04-22 11:24:54,31314049,34079,10862787,47976,11853,19,23,10797168,8703,0,0,0
2026-04-22 11:24:55,31347521,33472,10874455,48020,11712,20,23,10805938,8770,0,0,0
2026-04-22 11:24:56,31379915,32394,10885698,48073,11296,22,23,10814733,8795,0,0,0
2026-04-22 11:24:58,31413172,33257,10897213,48129,11571,22,23,10832229,17496,0,0,0
2026-04-22 11:24:59,31445058,31886,10908258,48181,11097,21,23,10840995,8766,0,0,0
2026-04-22 11:25:00,31477389,32331,10919463,48229,11253,22,23,10849735,8740,0,0,0
2026-04-22 11:25:01,31509038,31649,10930458,48280,11046,22,23,10858480,8745,0,0,0
2026-04-22 11:25:02,31541017,31979,10941571,48313,11146,21,23,10867232,8752,0,0,0
2026-04-22 11:25:03,31572220,31203,10952407,48361,10884,21,23,10876014,8782,0,0,0
2026-04-22 11:25:04,31603849,31629,10963383,48406,11021,20,23,10884800,8786,0,0,0
2026-04-22 11:25:05,31636608,32759,10974751,48444,11406,22,23,10893583,8783,0,0,0
2026-04-22 11:25:06,31668551,31943,10985839,48494,11138,22,23,10902353,8770,0,0,0
2026-04-22 11:25:08,31701062,32511,10997098,48547,11312,20,23,10919859,17506,0,0,0
2026-04-22 11:25:09,31733778,32716,11008423,48602,11380,22,23,10928588,8729,0,0,0
2026-04-22 11:25:10,31766497,32719,11019756,48657,11388,21,23,10937286,8698,0,0,0
2026-04-22 11:25:11,31798844,32347,11030963,48699,11249,21,23,10946056,8770,0,0,0
2026-04-22 11:25:12,31831859,33015,11042429,48749,11516,22,23,10954828,8772,0,0,0
2026-04-22 11:25:13,31864529,32670,11053764,48804,11390,22,23,10963664,8836,0,0,0
2026-04-22 11:25:14,31898214,33685,11065421,48846,11699,21,23,10972464,8800,0,0,0
2026-04-22 11:25:15,31930947,32733,11076787,48899,11419,22,23,10981286,8822,0,0,0
2026-04-22 11:25:16,31963014,32067,11087923,48937,11174,20,23,10990081,8795,0,0,0
2026-04-22 11:25:18,31995486,32472,11099155,48978,11273,20,23,11007654,17573,0,0,0
2026-04-22 11:25:19,32028424,32938,11110577,49039,11483,21,23,11016483,8829,0,0,0
2026-04-22 11:25:20,32061088,32664,11121911,49086,11381,22,23,11025358,8875,0,0,0
2026-04-22 11:25:21,32093117,32029,11132996,49143,11142,20,23,11034180,8822,0,0,0
2026-04-22 11:25:22,32124785,31668,11143990,49184,11035,21,23,11042973,8793,0,0,0
2026-04-22 11:25:23,32158515,33730,11155689,49232,11747,21,23,11051751,8778,0,0,0
2026-04-22 11:25:24,32191571,33056,11167168,49288,11535,21,23,11060537,8786,0,0,0
2026-04-22 11:25:25,32224497,32926,11178583,49341,11468,20,23,11069313,8776,0,0,0
2026-04-22 11:25:26,32256772,32275,11189772,49388,11236,22,23,11078098,8785,0,0,0
2026-04-22 11:25:28,32288681,31909,11200816,49432,11088,21,23,11095713,17615,0,0,0
2026-04-22 11:25:29,32321859,33178,11212330,49486,11568,21,23,11104536,8823,0,0,0
2026-04-22 11:25:30,32354956,33097,11223817,49535,11536,18,23,11113358,8822,0,0,0
2026-04-22 11:25:31,32388839,33883,11235557,49591,11796,21,23,11122178,8820,0,0,0
2026-04-22 11:25:32,32422097,33258,11247074,49644,11570,21,23,11130946,8768,0,0,0
2026-04-22 11:25:33,32455415,33318,11258609,49702,11593,21,23,11139702,8756,0,0,0
2026-04-22 11:25:34,32488209,32794,11270006,49747,11442,22,23,11148470,8768,0,0,0
2026-04-22 11:25:35,32521557,33348,11281568,49807,11622,19,23,11157224,8754,0,0,0
2026-04-22 11:25:36,32554247,32690,11292906,49845,11376,22,23,11165966,8742,0,0,0
2026-04-22 11:25:37,32584938,30691,11303552,49885,10686,22,23,11183484,17518,0,0,0
2026-04-22 11:25:39,32616922,31984,11314660,49925,11148,19,23,11192244,8760,0,0,0
2026-04-22 11:25:40,32648592,31670,11325654,49975,11044,22,23,11200995,8751,0,0,0
2026-04-22 11:25:41,32681176,32584,11336954,50024,11349,19,23,11209808,8813,0,0,0
2026-04-22 11:25:42,32714235,33059,11348405,50076,11503,22,23,11218609,8801,0,0,0
2026-04-22 11:25:43,32747556,33321,11359968,50115,11602,22,23,11227391,8782,0,0,0
2026-04-22 11:25:44,32780400,32844,11371350,50178,11445,20,23,11236149,8758,0,0,0
2026-04-22 11:25:45,32813798,33398,11382920,50219,11611,22,23,11244942,8793,0,0,0
2026-04-22 11:25:46,32846806,33008,11394366,50273,11500,22,23,11253728,8786,0,0,0
2026-04-22 11:25:47,32878564,31758,11405403,50319,11083,21,23,11262532,8804,0,0,0
2026-04-22 11:25:49,32911459,32895,11416830,50367,11475,22,23,11280126,17594,0,0,0
2026-04-22 11:25:50,32944762,33303,11428388,50423,11614,21,23,11288940,8814,0,0,0
2026-04-22 11:25:51,32978282,33520,11440003,50481,11673,21,23,11297717,8777,0,0,0
2026-04-22 11:25:52,33011507,33225,11451536,50528,11580,20,23,11306493,8776,0,0,0
2026-04-22 11:25:53,33044373,32866,11462981,50573,11490,21,23,11315253,8760,0,0,0
2026-04-22 11:25:54,33077144,32771,11474381,50617,11444,20,23,11324085,8832,0,0,0
2026-04-22 11:25:55,33110756,33612,11486011,50673,11686,22,23,11332902,8817,0,0,0
2026-04-22 11:25:56,33143198,32442,11497265,50730,11311,20,23,11341732,8830,0,0,0
2026-04-22 11:25:57,33175465,32267,11508452,50771,11228,21,23,11350531,8799,0,0,0
2026-04-22 11:25:59,33206648,31183,11519281,50809,10867,21,23,11368090,17559,0,0,0
2026-04-22 11:26:00,33239326,32678,11530568,50868,11346,22,23,11376888,8798,0,0,0
2026-04-22 11:26:01,33272069,32743,11541909,50915,11388,22,23,11385648,8760,0,0,0
2026-04-22 11:26:02,33305353,33284,11553446,50980,11602,21,23,11394388,8740,0,0,0
2026-04-22 11:26:03,33338103,32750,11564796,51036,11406,22,23,11403146,8758,0,0,0
2026-04-22 11:26:04,33370799,32696,11576098,51092,11358,21,23,11411968,8822,0,0,0
2026-04-22 11:26:05,33403779,32980,11587541,51139,11490,20,23,11420803,8835,0,0,0
2026-04-22 11:26:06,33435943,32164,11598717,51188,11225,17,23,11429629,8826,0,0,0
2026-04-22 11:26:07,33468531,32588,11610033,51242,11370,22,23,11438410,8781,0,0,0
2026-04-22 11:26:09,33501531,33000,11621465,51306,11496,21,23,11455900,17490,0,0,0
2026-04-22 11:26:10,33534453,32922,11632894,51364,11487,19,23,11464681,8781,0,0,0
2026-04-22 11:26:11,33567902,33449,11644501,51411,11654,19,23,11473494,8813,0,0,0
2026-04-22 11:26:12,33600420,32518,11655783,51455,11326,21,23,11482315,8821,0,0,0
2026-04-22 11:26:13,33632747,32327,11667002,51501,11265,20,23,11491176,8861,0,0,0
2026-04-22 11:26:14,33664298,31551,11677931,51544,10972,22,23,11500042,8866,0,0,0
2026-04-22 11:26:15,33696225,31927,11688994,51590,11109,18,23,11508874,8832,0,0,0
2026-04-22 11:26:16,33728580,32355,11700224,51634,11274,21,23,11517700,8826,0,0,0
2026-04-22 11:26:17,33759681,31101,11711045,51678,10865,20,23,11526524,8824,0,0,0
2026-04-22 11:26:19,33791016,31335,11721891,51729,10897,19,23,11544145,17621,0,0,0
2026-04-22 11:26:20,33823261,32245,11733076,51778,11234,22,23,11552930,8785,0,0,0
2026-04-22 11:26:21,33855364,32103,11744214,51828,11188,19,23,11561724,8794,0,0,0
2026-04-22 11:26:22,33887530,32166,11755384,51880,11222,22,23,11570560,8836,0,0,0
2026-04-22 11:26:23,33920191,32661,11766719,51938,11393,22,23,11579375,8815,0,0,0
2026-04-22 11:26:24,33952685,32494,11778015,51985,11343,19,23,11588161,8786,0,0,0
2026-04-22 11:26:25,33985919,33234,11789540,52031,11571,20,23,11596912,8751,0,0,0
2026-04-22 11:26:26,34018412,32493,11800840,52074,11343,21,23,11605663,8751,0,0,0
2026-04-22 11:26:27,34050949,32537,11812139,52122,11347,21,23,11614434,8771,0,0,0
2026-04-22 11:26:29,34083631,32682,11823481,52170,11390,20,23,11632030,17596,0,0,0
2026-04-22 11:26:30,34116271,32640,11834815,52224,11388,20,23,11640781,8751,0,0,0
2026-04-22 11:26:31,34147796,31525,11845767,52260,10988,22,23,11649527,8746,0,0,0
2026-04-22 11:26:32,34179404,31608,11856730,52301,11004,18,23,11658316,8789,0,0,0
2026-04-22 11:26:33,34210898,31494,11867660,52352,10981,21,23,11667116,8800,0,0,0
2026-04-22 11:26:34,34242905,32007,11878769,52393,11150,14,23,11675964,8848,0,0,0
2026-04-22 11:26:35,34274536,31631,11889716,52448,11002,20,23,11684790,8826,0,0,0
2026-04-22 11:26:36,34306472,31936,11900775,52497,11108,19,23,11693637,8847,0,0,0
2026-04-22 11:26:37,34337284,30812,11911474,52542,10744,22,23,11702446,8809,0,0,0
2026-04-22 11:26:38,34368263,30979,11922207,52594,10785,21,23,11711246,8800,0,0,0
2026-04-22 11:26:40,34401105,32842,11933572,52645,11416,22,23,11728839,17593,0,0,0
2026-04-22 11:26:41,34434115,33010,11945033,52700,11516,21,23,11737630,8791,0,0,0
2026-04-22 11:26:42,34467605,33490,11956625,52757,11649,21,23,11746404,8774,0,0,0
2026-04-22 11:26:43,34500878,33273,11968131,52814,11563,20,23,11755207,8803,0,0,0
2026-04-22 11:26:44,34533200,32322,11979362,52857,11274,22,23,11764007,8800,0,0,0
2026-04-22 11:26:45,34565686,32486,11990630,52907,11318,22,23,11772813,8806,0,0,0
2026-04-22 11:26:46,34598798,33112,12002107,52979,11549,21,23,11781627,8814,0,0,0
2026-04-22 11:26:47,34632022,33224,12013639,53028,11581,21,23,11790443,8816,0,0,0
2026-04-22 11:26:48,34663916,31894,12024714,53074,11121,22,23,11799302,8859,0,0,0
2026-04-22 11:26:50,34696880,32964,12036142,53124,11478,19,23,11816963,17661,0,0,0
2026-04-22 11:26:51,34729517,32637,12047464,53179,11377,21,23,11825769,8806,0,0,0
2026-04-22 11:26:52,34760828,31311,12058327,53240,10924,22,23,11834563,8794,0,0,0
2026-04-22 11:26:53,34792708,31880,12069370,53285,11088,19,23,11843359,8796,0,0,0
2026-04-22 11:26:54,34824667,31959,12080483,53336,11164,21,23,11852170,8811,0,0,0
2026-04-22 11:26:55,34857481,32814,12091855,53384,11420,19,23,11860963,8793,0,0,0
2026-04-22 11:26:56,34889236,31755,12102911,53423,11095,20,23,11869747,8784,0,0,0
2026-04-22 11:26:57,34921916,32680,12114225,53473,11364,19,23,11878511,8764,0,0,0
2026-04-22 11:26:58,34953885,31969,12125332,53508,11142,20,23,11887268,8757,0,0,0
2026-04-22 11:27:00,34986297,32412,12136558,53556,11274,21,23,11904766,17498,0,0,0
2026-04-22 11:27:01,35018789,32492,12147857,53596,11339,20,23,11913560,8794,0,0,0
2026-04-22 11:27:02,35051685,32896,12159272,53643,11462,21,23,11922358,8798,0,0,0
2026-04-22 11:27:03,35085222,33537,12170914,53696,11695,19,23,11931159,8801,0,0,0
2026-04-22 11:27:04,35118466,33244,12182426,53749,11565,21,23,11939953,8794,0,0,0
2026-04-22 11:27:05,35151310,32844,12193838,53795,11458,22,23,11948797,8844,0,0,0
2026-04-22 11:27:06,35184134,32824,12205226,53854,11447,21,23,11957666,8869,0,0,0
2026-04-22 11:27:07,35216834,32700,12216554,53906,11380,22,23,11966499,8833,0,0,0
2026-04-22 11:27:08,35248201,31367,12227438,53965,10943,22,23,11975272,8773,0,0,0
2026-04-22 11:27:10,35280980,32779,12238793,54031,11421,22,23,11992760,17488,0,0,0
2026-04-22 11:27:11,35313001,32021,12249909,54073,11158,22,23,12001537,8777,0,0,0
2026-04-22 11:27:12,35345130,32129,12261022,54123,11163,22,23,12010305,8768,0,0,0
2026-04-22 11:27:13,35377878,32748,12272384,54173,11412,22,23,12019094,8789,0,0,0
2026-04-22 11:27:14,35410291,32413,12283641,54219,11303,21,23,12027869,8775,0,0,0
2026-04-22 11:27:15,35441709,31418,12294543,54272,10955,21,23,12036631,8762,0,0,0
2026-04-22 11:27:16,35473815,32106,12305656,54315,11156,21,23,12045377,8746,0,0,0
2026-04-22 11:27:17,35505829,32014,12316769,54361,11159,21,23,12054155,8778,0,0,0
2026-04-22 11:27:18,35537485,31656,12327760,54396,11026,22,23,12062995,8840,0,0,0
2026-04-22 11:27:20,35570228,32743,12339120,54440,11404,20,23,12080631,17636,0,0,0
2026-04-22 11:27:21,35603731,33503,12350716,54480,11636,20,23,12089373,8742,0,0,0
2026-04-22 11:27:22,35637794,34063,12362469,54541,11814,20,23,12098118,8745,0,0,0
2026-04-22 11:27:23,35670682,32888,12373859,54597,11446,22,23,12106875,8757,0,0,0
2026-04-22 11:27:24,35703570,32888,12385265,54638,11447,22,23,12115660,8785,0,0,0
2026-04-22 11:27:25,35734934,31364,12396159,54685,10941,18,23,12124403,8743,0,0,0
2026-04-22 11:27:26,35767413,32479,12407441,54734,11331,20,23,12133130,8727,0,0,0
2026-04-22 11:27:27,35799622,32209,12418611,54782,11218,21,23,12141841,8711,0,0,0
2026-04-22 11:27:28,35830961,31339,12429511,54835,10953,20,23,12150557,8716,0,0,0
2026-04-22 11:27:30,35861689,30728,12440163,54880,10697,20,23,12168094,17537,0,0,0
2026-04-22 11:27:31,35893500,31811,12451218,54936,11111,21,23,12176841,8747,0,0,0
2026-04-22 11:27:32,35926099,32599,12462492,54993,11331,22,23,12185573,8732,0,0,0
2026-04-22 11:27:33,35958413,32314,12473716,55034,11265,20,23,12194308,8735,0,0,0
2026-04-22 11:27:34,35990247,31834,12484751,55091,11092,21,23,12203063,8755,0,0,0
2026-04-22 11:27:35,36020868,30621,12495385,55130,10673,22,23,12211830,8767,0,0,0
2026-04-22 11:27:36,36052403,31535,12506326,55186,10997,21,23,12220589,8759,0,0,0
2026-04-22 11:27:37,36085493,33090,12517816,55235,11539,21,23,12229358,8769,0,0,0
2026-04-22 11:27:38,36117823,32330,12529033,55276,11258,21,23,12238105,8747,0,0,0
2026-04-22 11:27:39,36149526,31703,12540054,55317,11062,22,23,12246827,8722,0,0,0
2026-04-22 11:27:41,36182134,32608,12551358,55363,11350,19,23,12264271,17444,0,0,0
2026-04-22 11:27:42,36214073,31939,12562455,55415,11149,21,23,12273020,8749,0,0,0
2026-04-22 11:27:43,36246409,32336,12573656,55463,11249,18,23,12281734,8714,0,0,0
2026-04-22 11:27:44,36277892,31483,12584612,55509,11002,19,23,12290432,8698,0,0,0
2026-04-22 11:27:45,36309538,31646,12595579,55553,11011,19,23,12299163,8731,0,0,0
2026-04-22 11:27:46,36342039,32501,12606835,55609,11312,22,23,12307932,8769,0,0,0
2026-04-22 11:27:47,36374599,32560,12618134,55656,11346,19,23,12316685,8753,0,0,0
2026-04-22 11:27:48,36405479,30880,12628840,55707,10757,22,23,12325431,8746,0,0,0
2026-04-22 11:27:49,36436325,30846,12639551,55748,10752,22,23,12342929,17498,0,0,0
2026-04-22 11:27:51,36468238,31913,12650633,55800,11134,20,23,12351647,8718,0,0,0
2026-04-22 11:27:52,36500511,32273,12661815,55855,11237,20,23,12360304,8657,0,0,0
2026-04-22 11:27:53,36532430,31919,12672900,55896,11126,20,23,12368990,8686,0,0,0
2026-04-22 11:27:54,36563371,30941,12683647,55944,10795,22,23,12377678,8688,0,0,0
2026-04-22 11:27:55,36594712,31341,12694513,56004,10926,21,23,12386385,8707,0,0,0
2026-04-22 11:27:56,36626954,32242,12705707,56055,11245,20,23,12395091,8706,0,0,0
2026-04-22 11:27:57,36659417,32463,12716976,56104,11318,22,23,12403828,8737,0,0,0
2026-04-22 11:27:58,36692138,32721,12728321,56159,11400,22,23,12412566,8738,0,0,0
2026-04-22 11:27:59,36723884,31746,12739316,56209,11045,22,23,12421302,8736,0,0,0
2026-04-22 11:28:01,36755966,32082,12750467,56255,11197,19,23,12438716,17414,0,0,0
2026-04-22 11:28:02,36787788,31822,12761497,56299,11074,21,23,12447443,8727,0,0,0
2026-04-22 11:28:03,36819372,31584,12772446,56346,10996,22,23,12456189,8746,0,0,0
2026-04-22 11:28:04,36850203,30831,12783111,56403,10722,19,23,12464940,8751,0,0,0
2026-04-22 11:28:05,36882211,32008,12794213,56460,11159,21,23,12473703,8763,0,0,0
2026-04-22 11:28:06,36914166,31955,12805309,56505,11141,21,23,12482490,8787,0,0,0
2026-04-22 11:28:07,36946126,31960,12816410,56554,11150,22,23,12491269,8779,0,0,0
2026-04-22 11:28:08,36978314,32188,12827571,56605,11212,20,23,12500036,8767,0,0,0
2026-04-22 11:28:10,37009667,31353,12838425,56658,10907,20,23,12517551,17515,0,0,0
2026-04-22 11:28:11,37041561,31894,12849475,56709,11101,19,23,12526245,8694,0,0,0
2026-04-22 11:28:12,37074613,33052,12860948,56750,11514,21,23,12534939,8694,0,0,0
2026-04-22 11:28:13,37106012,31399,12871818,56800,10920,22,23,12543580,8641,0,0,0
2026-04-22 11:28:14,37139375,33363,12883352,56856,11590,21,23,12552257,8677,0,0,0
2026-04-22 11:28:15,37172819,33444,12894922,56918,11632,20,23,12560901,8644,0,0,0
2026-04-22 11:28:16,37205952,33133,12906429,56963,11552,22,23,12569592,8691,0,0,0
2026-04-22 11:28:17,37238534,32582,12917726,57016,11350,22,23,12578301,8709,0,0,0
2026-04-22 11:28:18,37271029,32495,12929005,57074,11337,22,23,12587007,8706,0,0,0
2026-04-22 11:28:20,37303596,32567,12940279,57113,11313,22,23,12604428,17421,0,0,0
2026-04-22 11:28:21,37337294,33698,12951968,57151,11727,20,23,12613138,8710,0,0,0
2026-04-22 11:28:22,37370058,32764,12963351,57208,11440,21,23,12621822,8684,0,0,0
2026-04-22 11:28:23,37403032,32974,12974767,57256,11464,21,23,12630432,8610,0,0,0
2026-04-22 11:28:24,37436673,33641,12986403,57302,11682,22,23,12639046,8614,0,0,0
2026-04-22 11:28:25,37469054,32381,12997655,57352,11302,18,23,12647697,8651,0,0,0
2026-04-22 11:28:26,37501548,32494,13008933,57394,11320,21,23,12656378,8681,0,0,0
2026-04-22 11:28:27,37533477,31929,13020003,57448,11124,21,23,12665064,8686,0,0,0
2026-04-22 11:28:28,37566566,33089,13031469,57499,11517,14,23,12673739,8675,0,0,0
2026-04-22 11:28:30,37597806,31240,13042278,57546,10856,21,23,12691071,17332,0,0,0
2026-04-22 11:28:31,37630849,33043,13053739,57598,11513,19,23,12699718,8647,0,0,0
2026-04-22 11:28:32,37663671,32822,13065147,57641,11451,21,23,12708363,8645,0,0,0
2026-04-22 11:28:33,37696874,33203,13076637,57693,11542,21,23,12717061,8698,0,0,0
2026-04-22 11:28:34,37729538,32664,13087997,57746,11413,21,23,12725726,8665,0,0,0
2026-04-22 11:28:35,37762580,33042,13099474,57798,11529,22,23,12734399,8673,0,0,0
2026-04-22 11:28:36,37795188,32608,13110791,57839,11358,19,23,12743061,8662,0,0,0
2026-04-22 11:28:37,37827360,32172,13121960,57880,11210,20,23,12751707,8646,0,0,0
2026-04-22 11:28:38,37859804,32444,13133252,57936,11348,22,23,12760366,8659,0,0,0
2026-04-22 11:28:39,37892332,32528,13144527,57985,11324,22,23,12769005,8639,0,0,0
2026-04-22 11:28:41,37924637,32305,13155750,58039,11277,18,23,12786368,17363,0,0,0
2026-04-22 11:28:42,37957456,32819,13167142,58082,11435,22,23,12795064,8696,0,0,0
2026-04-22 11:28:43,37991268,33812,13178849,58127,11752,21,23,12803701,8637,0,0,0
2026-04-22 11:28:44,38024411,33143,13190375,58163,11562,22,23,12812394,8693,0,0,0
2026-04-22 11:28:45,38056886,32475,13201688,58210,11360,20,23,12821060,8666,0,0,0
2026-04-22 11:28:46,38089593,32707,13213039,58249,11390,20,23,12829771,8711,0,0,0
2026-04-22 11:28:47,38123555,33962,13224783,58294,11789,20,23,12838465,8694,0,0,0
2026-04-22 11:28:48,38156028,32473,13236078,58345,11346,18,23,12847215,8750,0,0,0
2026-04-22 11:28:50,38188524,32496,13247307,58385,11269,22,23,12864658,17443,0,0,0
2026-04-22 11:28:51,38220924,32400,13258517,58440,11265,22,23,12873320,8662,0,0,0
2026-04-22 11:28:52,38254232,33308,13270084,58492,11619,20,23,12881989,8669,0,0,0
2026-04-22 11:28:53,38287940,33708,13281805,58541,11770,21,23,12890709,8720,0,0,0
2026-04-22 11:28:54,38322027,34087,13293614,58603,11871,21,23,12899448,8739,0,0,0
2026-04-22 11:28:55,38355216,33189,13305159,58642,11584,21,23,12908183,8735,0,0,0
2026-04-22 11:28:56,38389325,34109,13316945,58703,11847,21,23,12916873,8690,0,0,0
2026-04-22 11:28:57,38422139,32814,13328328,58762,11442,20,23,12925564,8691,0,0,0
2026-04-22 11:28:58,38454761,32622,13339642,58804,11356,19,23,12934240,8676,0,0,0
2026-04-22 11:29:00,38486676,31915,13350724,58856,11134,20,23,12951614,17374,0,0,0
2026-04-22 11:29:01,38519029,32353,13361954,58912,11286,22,23,12960288,8674,0,0,0
2026-04-22 11:29:02,38552619,33590,13373623,58950,11707,22,23,12968943,8655,0,0,0
2026-04-22 11:29:03,38586108,33489,13385233,58999,11659,22,23,12977593,8650,0,0,0
2026-04-22 11:29:04,38619930,33822,13396936,59051,11755,22,23,12986241,8648,0,0,0
2026-04-22 11:29:05,38652322,32392,13408199,59106,11318,22,23,12994946,8705,0,0,0
2026-04-22 11:29:06,38685425,33103,13419641,59158,11494,21,23,13003676,8730,0,0,0
2026-04-22 11:29:07,38718202,32777,13431000,59199,11400,21,23,13012406,8730,0,0,0
2026-04-22 11:29:08,38750605,32403,13442238,59255,11294,22,23,13021100,8694,0,0,0
2026-04-22 11:29:10,38780979,30374,13452787,59297,10591,22,23,13029815,8715,0,0,0
2026-04-22 11:29:11,38814386,33407,13464374,59349,11639,20,23,13047319,17504,0,0,0
2026-04-22 11:29:12,38847516,33130,13475878,59404,11559,22,23,13056053,8734,0,0,0
2026-04-22 11:29:13,38880972,33456,13487508,59444,11670,19,23,13064756,8703,0,0,0
2026-04-22 11:29:14,38914534,33562,13499153,59495,11696,22,23,13073463,8707,0,0,0
2026-04-22 11:29:15,38948317,33783,13510869,59552,11773,21,23,13082116,8653,0,0,0
2026-04-22 11:29:16,38981464,33147,13522391,59601,11571,22,23,13090823,8707,0,0,0
2026-04-22 11:29:17,39015070,33606,13534045,59654,11707,21,23,13099552,8729,0,0,0
2026-04-22 11:29:18,39047315,32245,13545259,59705,11265,22,23,13108314,8762,0,0,0
2026-04-22 11:29:19,39079428,32113,13556357,59764,11157,19,23,13117023,8709,0,0,0
2026-04-22 11:29:21,39112481,33053,13567805,59820,11504,21,23,13134512,17489,0,0,0
2026-04-22 11:29:22,39145138,32657,13579162,59867,11404,22,23,13143272,8760,0,0,0
2026-04-22 11:29:23,39178645,33507,13590805,59914,11690,21,23,13152037,8765,0,0,0
2026-04-22 11:29:24,39211767,33122,13602295,59959,11535,19,23,13160804,8767,0,0,0
2026-04-22 11:29:25,39244408,32641,13613636,59999,11381,22,23,13169554,8750,0,0,0
2026-04-22 11:29:26,39277821,33413,13625207,60049,11621,21,23,13178266,8712,0,0,0
2026-04-22 11:29:27,39311325,33504,13636840,60103,11687,21,23,13187014,8748,0,0,0
2026-04-22 11:29:28,39344934,33609,13648508,60149,11714,22,23,13195772,8758,0,0,0
2026-04-22 11:29:29,39375869,30935,13659203,60187,10733,22,23,13204566,8794,0,0,0
2026-04-22 11:29:31,39408567,32698,13670535,60235,11380,22,23,13222074,17508,0,0,0
2026-04-22 11:29:32,39440489,31922,13681610,60290,11130,21,23,13230814,8740,0,0,0
2026-04-22 11:29:33,39471942,31453,13692559,60324,10983,21,23,13239582,8768,0,0,0
2026-04-22 11:29:34,39505738,33796,13704257,60375,11749,21,23,13248346,8764,0,0,0
2026-04-22 11:29:35,39538399,32661,13715607,60423,11398,21,23,13257099,8753,0,0,0
2026-04-22 11:29:36,39571448,33049,13727070,60470,11510,22,23,13265818,8719,0,0,0
2026-04-22 11:29:37,39604324,32876,13738512,60516,11488,21,23,13274543,8725,0,0,0
2026-04-22 11:29:38,39637213,32889,13749930,60564,11466,21,23,13283284,8741,0,0,0
2026-04-22 11:29:39,39669321,32108,13761067,60617,11190,22,23,13292069,8785,0,0,0
2026-04-22 11:29:41,39701605,32284,13772285,60657,11258,22,23,13309678,17609,0,0,0
2026-04-22 11:29:42,39734152,32547,13783550,60708,11316,20,23,13318480,8802,0,0,0
2026-04-22 11:29:43,39766184,32032,13794685,60765,11192,21,23,13327230,8750,0,0,0
2026-04-22 11:29:44,39799690,33506,13806286,60820,11656,21,23,13335972,8742,0,0,0
2026-04-22 11:29:45,39832913,33223,13817818,60870,11582,21,23,13344732,8760,0,0,0
2026-04-22 11:29:46,39865854,32941,13829305,60915,11532,21,23,13353493,8761,0,0,0
2026-04-22 11:29:47,39898694,32840,13840704,60969,11453,21,23,13362251,8758,0,0,0
2026-04-22 11:29:48,39931885,33191,13852204,61015,11546,19,23,13371023,8772,0,0,0
2026-04-22 11:29:49,39963047,31162,13863031,61063,10875,21,23,13379802,8779,0,0,0
2026-04-22 11:29:51,39994778,31731,13874057,61109,11072,22,23,13397316,17514,0,0,0
2026-04-22 11:29:52,40028002,33224,13885561,61168,11563,19,23,13406103,8787,0,0,0
2026-04-22 11:29:53,40060824,32822,13896926,61224,11421,20,23,13414893,8790,0,0,0
2026-04-22 11:29:54,40093783,32959,13908364,61270,11484,21,23,13423719,8826,0,0,0
2026-04-22 11:29:55,40126871,33088,13919817,61318,11501,21,23,13432517,8798,0,0,0
2026-04-22 11:29:56,40159964,33093,13931301,61361,11527,22,23,13441318,8801,0,0,0
2026-04-22 11:29:57,40193054,33090,13942765,61421,11524,21,23,13450092,8774,0,0,0
2026-04-22 11:29:58,40224809,31755,13953831,61463,11108,20,23,13458877,8785,0,0,0
2026-04-22 11:29:59,40257036,32227,13964986,61524,11216,22,23,13467644,8767,0,0,0
2026-04-22 11:30:01,40288756,31720,13976014,61555,11059,22,23,13485132,17488,0,0,0
2026-04-22 11:30:02,40321154,32398,13987254,61599,11284,22,23,13493899,8767,0,0,0
2026-04-22 11:30:03,40354553,33399,13998813,61659,11619,22,23,13502659,8760,0,0,0
2026-04-22 11:30:04,40387821,33268,14010342,61708,11578,22,23,13511402,8743,0,0,0
2026-04-22 11:30:05,40420873,33052,14021800,61758,11508,20,23,13520103,8701,0,0,0
2026-04-22 11:30:06,40454049,33176,14033280,61806,11528,22,23,13528832,8729,0,0,0
2026-04-22 11:30:07,40485344,31295,14044145,61860,10919,20,23,13537585,8753,0,0,0
2026-04-22 11:30:08,40517347,32003,14055257,61906,11158,21,23,13546332,8747,0,0,0
2026-04-22 11:30:09,40549438,32091,14066425,61940,11202,22,23,13555081,8749,0,0,0
2026-04-22 11:30:11,40581320,31882,14077461,61991,11087,22,23,13572538,17457,0,0,0
2026-04-22 11:30:12,40613345,32025,14088564,62034,11146,21,23,13581265,8727,0,0,0
2026-04-22 11:30:13,40645589,32244,14099773,62078,11253,18,23,13589968,8703,0,0,0
2026-04-22 11:30:14,40678214,32625,14111064,62124,11337,21,23,13598717,8749,0,0,0
2026-04-22 11:30:15,40710731,32517,14122343,62178,11333,20,23,13607437,8720,0,0,0
2026-04-22 11:30:16,40743551,32820,14133687,62238,11404,20,23,13616142,8705,0,0,0
2026-04-22 11:30:17,40776469,32918,14145088,62278,11441,21,23,13624861,8719,0,0,0
2026-04-22 11:30:18,40807714,31245,14155944,62330,10908,22,23,13633584,8723,0,0,0
2026-04-22 11:30:19,40838761,31047,14166742,62370,10838,22,23,13642273,8689,0,0,0
2026-04-22 11:30:20,40867515,28754,14176698,62421,10007,22,23,13650960,8687,0,0,0
2026-04-22 11:30:22,40899533,32018,14187776,62484,11141,20,23,13668455,17495,0,0,0
2026-04-22 11:30:23,40930769,31236,14198636,62529,10905,20,23,13677263,8808,0,0,0
2026-04-22 11:30:24,40963661,32892,14210038,62576,11449,20,23,13686036,8773,0,0,0
2026-04-22 11:30:25,40996212,32551,14221327,62627,11340,22,23,13694768,8732,0,0,0
2026-04-22 11:30:26,41029101,32889,14232737,62671,11454,22,23,13703477,8709,0,0,0
2026-04-22 11:30:27,41060568,31467,14243652,62710,10954,21,23,13712205,8728,0,0,0
2026-04-22 11:30:28,41092503,31935,14254740,62765,11143,22,23,13720965,8760,0,0,0
2026-04-22 11:30:29,41124353,31850,14265817,62811,11123,20,23,13729740,8775,0,0,0
2026-04-22 11:30:30,41156513,32160,14276957,62859,11188,22,23,13738495,8755,0,0,0
2026-04-22 11:30:32,41188647,32134,14288103,62909,11196,21,23,13756017,17522,0,0,0
2026-04-22 11:30:33,41221238,32591,14299410,62964,11362,21,23,13764815,8798,0,0,0
2026-04-22 11:30:34,41253662,32424,14310673,63013,11312,19,23,13773631,8816,0,0,0
2026-04-22 11:30:35,41285481,31819,14321707,63069,11090,22,23,13782443,8812,0,0,0
2026-04-22 11:30:36,41317458,31977,14332831,63105,11160,21,23,13791217,8774,0,0,0
2026-04-22 11:30:37,41349412,31954,14343932,63156,11152,22,23,13799992,8775,0,0,0
2026-04-22 11:30:38,41382554,33142,14355437,63200,11549,18,23,13808753,8761,0,0,0
2026-04-22 11:30:39,41414386,31832,14366497,63253,11113,20,23,13817538,8785,0,0,0
2026-04-22 11:30:40,41446392,32006,14377593,63310,11153,22,23,13826309,8771,0,0,0
2026-04-22 11:30:42,41479863,33471,14389214,63352,11663,19,23,13843791,17482,0,0,0
2026-04-22 11:30:43,41512526,32663,14400559,63395,11388,22,23,13852518,8727,0,0,0
2026-04-22 11:30:44,41545066,32540,14411836,63448,11330,21,23,13861251,8733,0,0,0
2026-04-22 11:30:45,41577348,32282,14423047,63501,11264,21,23,13869970,8719,0,0,0
2026-04-22 11:30:46,41609032,31684,14434060,63546,11058,20,23,13878682,8712,0,0,0
2026-04-22 11:30:47,41641473,32441,14445326,63598,11318,19,23,13887407,8725,0,0,0
2026-04-22 11:30:48,41673471,31998,14456432,63650,11158,21,23,13896181,8774,0,0,0
2026-04-22 11:30:49,41705960,32489,14467718,63692,11328,22,23,13904934,8753,0,0,0
2026-04-22 11:30:50,41738115,32155,14478902,63735,11227,22,23,13913671,8737,0,0,0
2026-04-22 11:30:52,41770666,32551,14490189,63779,11331,20,23,13931168,17497,0,0,0
2026-04-22 11:30:53,41803815,33149,14501669,63839,11540,21,23,13939921,8753,0,0,0
2026-04-22 11:30:54,41835745,31930,14512762,63880,11134,22,23,13948650,8729,0,0,0
2026-04-22 11:30:55,41868865,33120,14524216,63944,11518,21,23,13957370,8720,0,0,0
2026-04-22 11:30:56,41901571,32706,14535572,63992,11404,21,23,13966109,8739,0,0,0
2026-04-22 11:30:57,41934460,32889,14546984,64031,11451,22,23,13974865,8756,0,0,0
2026-04-22 11:30:58,41966230,31770,14558010,64070,11065,21,23,13983612,8747,0,0,0
2026-04-22 11:30:59,41998460,32230,14569188,64114,11222,21,23,13992341,8729,0,0,0
2026-04-22 11:31:00,42031200,32740,14580553,64159,11410,22,23,14001072,8731,0,0,0
2026-04-22 11:31:02,42063008,31808,14591625,64195,11108,20,23,14018569,17497,0,0,0
2026-04-22 11:31:03,42095310,32302,14602856,64244,11280,22,23,14027279,8710,0,0,0
2026-04-22 11:31:04,42126883,31573,14613841,64287,11028,20,23,14035979,8700,0,0,0
2026-04-22 11:31:05,42157028,30145,14624312,64328,10512,22,23,14044686,8707,0,0,0
2026-04-22 11:31:06,42188530,31502,14635253,64376,10989,21,23,14053436,8750,0,0,0
2026-04-22 11:31:07,42220655,32125,14646419,64419,11209,21,23,14062174,8738,0,0,0
2026-04-22 11:31:08,42252971,32316,14657619,64473,11254,20,23,14070909,8735,0,0,0
2026-04-22 11:31:09,42285838,32867,14669051,64516,11475,22,23,14079658,8749,0,0,0
2026-04-22 11:31:10,42318010,32172,14680223,64569,11225,21,23,14088426,8768,0,0,0
2026-04-22 11:31:12,42350101,32091,14691342,64624,11174,22,23,14105863,17437,0,0,0
2026-04-22 11:31:13,42383023,32922,14702745,64677,11456,21,23,14114552,8689,0,0,0
2026-04-22 11:31:14,42415342,32319,14713959,64728,11265,21,23,14123254,8702,0,0,0
2026-04-22 11:31:15,42447814,32472,14725230,64770,11313,22,23,14131980,8726,0,0,0
2026-04-22 11:31:16,42480356,32542,14736534,64826,11360,20,23,14140689,8709,0,0,0
2026-04-22 11:31:17,42513511,33155,14748047,64865,11552,22,23,14149384,8695,0,0,0
2026-04-22 11:31:18,42545469,31958,14759084,64920,11092,22,23,14158079,8695,0,0,0
2026-04-22 11:31:19,42578664,33195,14770566,64977,11539,21,23,14166813,8734,0,0,0
2026-04-22 11:31:20,42611225,32561,14781877,65011,11345,22,23,14175560,8747,0,0,0
2026-04-22 11:31:21,42643006,31781,14792922,65064,11098,20,23,14184326,8766,0,0,0
2026-04-22 11:31:23,42675423,32417,14804172,65117,11303,21,23,14201844,17518,0,0,0
2026-04-22 11:31:24,42707409,31986,14815286,65176,11173,21,23,14210632,8788,0,0,0
2026-04-22 11:31:25,42740675,33266,14826822,65224,11584,21,23,14219415,8783,0,0,0
2026-04-22 11:31:26,42773865,33190,14838329,65285,11568,22,23,14228186,8771,0,0,0
2026-04-22 11:31:27,42805797,31932,14849413,65333,11132,18,23,14236904,8718,0,0,0
2026-04-22 11:31:28,42838346,32549,14860696,65382,11332,21,23,14245629,8725,0,0,0
2026-04-22 11:31:29,42871780,33434,14872272,65424,11618,21,23,14254362,8733,0,0,0
2026-04-22 11:31:30,42905172,33392,14883859,65479,11642,22,23,14263113,8751,0,0,0
2026-04-22 11:31:31,42937151,31979,14894986,65530,11178,22,23,14271843,8730,0,0,0
2026-04-22 11:31:33,42969199,32048,14906102,65588,11174,22,23,14289261,17418,0,0,0
2026-04-22 11:31:34,43002095,32896,14917504,65643,11457,20,23,14297966,8705,0,0,0
2026-04-22 11:31:35,43034507,32412,14928763,65689,11305,20,23,14306663,8697,0,0,0
2026-04-22 11:31:36,43067304,32797,14940111,65746,11405,21,23,14315376,8713,0,0,0
2026-04-22 11:31:37,43099001,31697,14951127,65793,11063,19,23,14324075,8699,0,0,0
2026-04-22 11:31:38,43131552,32551,14962411,65843,11334,19,23,14332799,8724,0,0,0
2026-04-22 11:31:39,43164647,33095,14973882,65891,11519,22,23,14341550,8751,0,0,0
2026-04-22 11:31:40,43197495,32848,14985285,65935,11447,21,23,14350335,8785,0,0,0
2026-04-22 11:31:41,43229509,32014,14996386,65972,11138,22,23,14359102,8767,0,0,0
2026-04-22 11:31:43,43261481,31972,15007493,66015,11150,21,23,14376524,17422,0,0,0
2026-04-22 11:31:44,43293694,32213,15018664,66075,11231,21,23,14385235,8711,0,0,0
2026-04-22 11:31:45,43326386,32692,15030002,66136,11399,22,23,14393978,8743,0,0,0
2026-04-22 11:31:46,43359199,32813,15041372,66189,11423,22,23,14402677,8699,0,0,0
2026-04-22 11:31:47,43391615,32416,15052625,66240,11304,22,23,14411368,8691,0,0,0
2026-04-22 11:31:48,43424741,33126,15064089,66313,11537,22,23,14420057,8689,0,0,0
2026-04-22 11:31:49,43457142,32401,15075323,66371,11292,20,23,14428764,8707,0,0,0
2026-04-22 11:31:50,43490271,33129,15086836,66418,11560,22,23,14437477,8713,0,0,0
2026-04-22 11:31:51,43521773,31502,15097761,66474,10981,22,23,14446159,8682,0,0,0
2026-04-22 11:31:53,43553796,32023,15108862,66525,11152,21,23,14463610,17451,0,0,0
2026-04-22 11:31:54,43586345,32549,15120161,66573,11347,21,23,14472339,8729,0,0,0
2026-04-22 11:31:55,43618584,32239,15131388,66611,11265,20,23,14481067,8728,0,0,0
2026-04-22 11:31:56,43650003,31419,15142266,66662,10929,20,23,14489802,8735,0,0,0
2026-04-22 11:31:57,43681092,31089,15153039,66709,10820,21,23,14498528,8726,0,0,0
2026-04-22 11:31:58,43714015,32923,15164462,66759,11473,21,23,14507288,8760,0,0,0
2026-04-22 11:31:59,43746822,32807,15175850,66812,11441,20,23,14516059,8771,0,0,0
2026-04-22 11:32:00,43779110,32288,15187063,66856,11257,21,23,14524870,8811,0,0,0
2026-04-22 11:32:01,43811263,32153,15198235,66910,11226,22,23,14533657,8787,0,0,0
2026-04-22 11:32:03,43840924,29661,15208523,66965,10343,20,23,14551131,17474,0,0,0
2026-04-22 11:32:04,43873269,32345,15219755,67015,11282,21,23,14559897,8766,0,0,0
2026-04-22 11:32:05,43905891,32622,15231057,67057,11344,22,23,14568667,8770,0,0,0
2026-04-22 11:32:06,43938392,32501,15242322,67109,11317,20,23,14577465,8798,0,0,0
2026-04-22 11:32:07,43971464,33072,15253801,67157,11527,21,23,14586262,8797,0,0,0
2026-04-22 11:32:08,44004566,33102,15265295,67203,11540,21,23,14595046,8784,0,0,0
2026-04-22 11:32:09,44037730,33164,15276788,67257,11547,22,23,14603812,8766,0,0,0
2026-04-22 11:32:10,44071037,33307,15288317,67306,11578,22,23,14612544,8732,0,0,0
2026-04-22 11:32:11,44104130,33093,15299779,67353,11509,22,23,14621266,8722,0,0,0
2026-04-22 11:32:13,44135227,31097,15310583,67402,10853,20,23,14638695,17429,0,0,0
2026-04-22 11:32:14,44168109,32882,15322013,67449,11477,21,23,14647449,8754,0,0,0
2026-04-22 11:32:15,44200306,32197,15333197,67494,11229,21,23,14656237,8788,0,0,0
2026-04-22 11:32:16,44233311,33005,15344642,67540,11491,22,23,14664973,8736,0,0,0
2026-04-22 11:32:17,44265960,32649,15355982,67595,11395,20,23,14673719,8746,0,0,0
2026-04-22 11:32:18,44298142,32182,15367126,67654,11203,22,23,14682465,8746,0,0,0
2026-04-22 11:32:19,44331728,33586,15378756,67708,11684,22,23,14691223,8758,0,0,0
2026-04-22 11:32:20,44364257,32529,15390039,67772,11347,21,23,14699963,8740,0,0,0
2026-04-22 11:32:21,44395977,31720,15401079,67828,11096,22,23,14708668,8705,0,0,0
2026-04-22 11:32:22,44426343,30366,15411568,67893,10554,21,23,14717412,8744,0,0,0
2026-04-22 11:32:24,44459031,32688,15422873,67944,11356,22,23,14734877,17465,0,0,0
2026-04-22 11:32:25,44491374,32343,15434106,67990,11279,22,23,14743581,8704,0,0,0
2026-04-22 11:32:26,44523660,32286,15445358,68028,11290,22,23,14752293,8712,0,0,0
2026-04-22 11:32:27,44556866,33206,15456878,68082,11574,21,23,14761015,8722,0,0,0
2026-04-22 11:32:28,44589433,32567,15468165,68132,11337,21,23,14769752,8737,0,0,0
2026-04-22 11:32:29,44622274,32841,15479561,68177,11441,21,23,14778507,8755,0,0,0
2026-04-22 11:32:30,44655708,33434,15491117,68230,11609,20,23,14787247,8740,0,0,0
2026-04-22 11:32:31,44689060,33352,15502656,68280,11589,22,23,14796003,8756,0,0,0
2026-04-22 11:32:32,44721503,32443,15513898,68346,11308,22,23,14804757,8754,0,0,0
2026-04-22 11:32:34,44753174,31671,15524865,68397,11018,20,23,14822303,17546,0,0,0
2026-04-22 11:32:35,44785380,32206,15536020,68445,11203,20,23,14831057,8754,0,0,0
2026-04-22 11:32:36,44819110,33730,15547728,68492,11755,19,23,14839770,8713,0,0,0
2026-04-22 11:32:37,44852203,33093,15559226,68536,11542,21,23,14848503,8733,0,0,0
2026-04-22 11:32:38,44885002,32799,15570652,68564,11454,22,23,14857264,8761,0,0,0
2026-04-22 11:32:39,44918780,33778,15582361,68610,11755,22,23,14866033,8769,0,0,0
2026-04-22 11:32:40,44951649,32869,15593750,68672,11451,22,23,14874810,8777,0,0,0
2026-04-22 11:32:41,44984141,32492,15605023,68716,11317,19,23,14883588,8778,0,0,0
2026-04-22 11:32:42,45016539,32398,15616251,68766,11278,21,23,14892358,8770,0,0,0
2026-04-22 11:32:44,45049517,32978,15627639,68828,11450,22,23,14909851,17493,0,0,0
2026-04-22 11:32:45,45082781,33264,15639176,68878,11587,21,23,14918613,8762,0,0,0
2026-04-22 11:32:46,45116335,33554,15650799,68945,11690,21,23,14927389,8776,0,0,0
2026-04-22 11:32:47,45149293,32958,15662236,68994,11486,17,23,14936213,8824,0,0,0
2026-04-22 11:32:48,45182685,33392,15673820,69061,11651,21,23,14945016,8803,0,0,0
2026-04-22 11:32:49,45215855,33170,15685315,69114,11548,21,23,14953778,8762,0,0,0
2026-04-22 11:32:50,45248153,32298,15696542,69160,11273,21,23,14962528,8750,0,0,0
2026-04-22 11:32:51,45280665,32512,15707827,69216,11341,22,23,14971269,8741,0,0,0
2026-04-22 11:32:52,45312546,31881,15718904,69258,11119,22,23,14980003,8734,0,0,0
2026-04-22 11:32:54,45344234,31688,15729891,69302,11031,22,23,14997416,17413,0,0,0
2026-04-22 11:32:55,45377802,33568,15741539,69352,11698,22,23,15006102,8686,0,0,0
2026-04-22 11:32:56,45410976,33174,15753063,69399,11571,20,23,15014816,8714,0,0,0
2026-04-22 11:32:57,45443793,32817,15764437,69456,11431,21,23,15023534,8718,0,0,0
2026-04-22 11:32:58,45476334,32541,15775715,69512,11334,21,23,15032296,8762,0,0,0
2026-04-22 11:32:59,45509264,32930,15787157,69562,11492,20,23,15041035,8739,0,0,0
2026-04-22 11:33:00,45541137,31873,15798205,69612,11098,20,23,15049794,8759,0,0,0
2026-04-22 11:33:01,45574202,33065,15809665,69664,11512,20,23,15058510,8716,0,0,0
2026-04-22 11:33:02,45605889,31687,15820683,69713,11067,22,23,15067281,8771,0,0,0
2026-04-22 11:33:04,45638788,32899,15832114,69752,11470,21,23,15084823,17542,0,0,0
2026-04-22 11:33:05,45671836,33048,15843571,69811,11516,21,23,15093525,8702,0,0,0
2026-04-22 11:33:06,45705959,34123,15855415,69865,11898,21,23,15102193,8668,0,0,0
2026-04-22 11:33:07,45740356,34397,15867299,69918,11937,21,23,15110904,8711,0,0,0
2026-04-22 11:33:08,45773030,32674,15878648,69968,11399,21,23,15119651,8747,0,0,0
2026-04-22 11:33:09,45805432,32402,15889885,70031,11300,21,23,15128420,8769,0,0,0
2026-04-22 11:33:10,45838119,32687,15901211,70085,11380,22,23,15137177,8757,0,0,0
2026-04-22 11:33:11,45871843,33724,15912911,70134,11749,21,23,15145948,8771,0,0,0
2026-04-22 11:33:12,45903010,31167,15923759,70177,10891,22,23,15154704,8756,0,0,0
2026-04-22 11:33:14,45935603,32593,15935058,70213,11335,22,23,15172139,17435,0,0,0
2026-04-22 11:33:15,45968498,32895,15946458,70260,11447,20,23,15180869,8730,0,0,0
2026-04-22 11:33:16,46001013,32515,15957769,70313,11364,19,23,15189593,8724,0,0,0
2026-04-22 11:33:17,46033661,32648,15969105,70367,11390,21,23,15198376,8783,0,0,0
2026-04-22 11:33:18,46065570,31909,15980204,70408,11140,21,23,15207136,8760,0,0,0
2026-04-22 11:33:19,46097431,31861,15991261,70465,11114,21,23,15215886,8750,0,0,0
2026-04-22 11:33:20,46129827,32396,16002493,70516,11283,20,23,15224610,8724,0,0,0
2026-04-22 11:33:21,46162236,32409,16013729,70569,11289,22,23,15233333,8723,0,0,0
2026-04-22 11:33:22,46195710,33474,16025330,70626,11658,13,23,15242096,8763,0,0,0
2026-04-22 11:33:23,46228554,32844,16036718,70673,11435,21,23,15250860,8764,0,0,0
2026-04-22 11:33:25,46261445,32891,16048129,70710,11448,21,23,15268412,17552,0,0,0
2026-04-22 11:33:26,46293848,32403,16059348,70771,11280,21,23,15277182,8770,0,0,0
2026-04-22 11:33:27,46326568,32720,16070660,70837,11378,20,23,15285955,8773,0,0,0
2026-04-22 11:33:28,46359391,32823,16082024,70888,11415,21,23,15294728,8773,0,0,0
2026-04-22 11:33:29,46391378,31987,16093149,70935,11172,20,23,15303498,8770,0,0,0
2026-04-22 11:33:30,46425005,33627,16104779,71004,11699,21,23,15312223,8725,0,0,0
2026-04-22 11:33:31,46457346,32341,16116001,71049,11267,22,23,15320961,8738,0,0,0
2026-04-22 11:33:32,46490791,33445,16127576,71109,11635,21,23,15329668,8707,0,0,0
2026-04-22 11:33:33,46521890,31099,16138396,71152,10863,21,23,15338427,8759,0,0,0
2026-04-22 11:33:35,46553569,31679,16149384,71203,11039,22,23,15355926,17499,0,0,0
2026-04-22 11:33:36,46587101,33532,16161023,71254,11690,21,23,15364689,8763,0,0,0
2026-04-22 11:33:37,46620353,33252,16172537,71305,11565,19,23,15373502,8813,0,0,0
2026-04-22 11:33:38,46652270,31917,16183600,71351,11109,22,23,15382315,8813,0,0,0
2026-04-22 11:33:39,46685932,33662,16195284,71392,11725,21,23,15391137,8822,0,0,0
2026-04-22 11:33:40,46718711,32779,16206663,71442,11429,21,23,15399935,8798,0,0,0
2026-04-22 11:33:41,46752122,33411,16218213,71496,11604,19,23,15408688,8753,0,0,0
2026-04-22 11:33:42,46785133,33011,16229671,71566,11528,20,23,15417427,8739,0,0,0
2026-04-22 11:33:43,46816719,31586,16240621,71612,10996,22,23,15426167,8740,0,0,0
2026-04-22 11:33:45,46848141,31422,16251522,71664,10953,21,23,15443741,17574,0,0,0
2026-04-22 11:33:46,46880564,32423,16262800,71702,11316,22,23,15452498,8757,0,0,0
2026-04-22 11:33:47,46913226,32662,16274113,71756,11367,20,23,15461240,8742,0,0,0
2026-04-22 11:33:48,46946260,33034,16285547,71804,11482,21,23,15470008,8768,0,0,0
2026-04-22 11:33:49,46979318,33058,16297022,71855,11526,20,23,15478794,8786,0,0,0
2026-04-22 11:33:50,47010541,31223,16307866,71892,10881,18,23,15487555,8761,0,0,0
2026-04-22 11:33:51,47042602,32061,16319003,71939,11184,21,23,15496278,8723,0,0,0
2026-04-22 11:33:52,47075824,33222,16330509,71996,11563,19,23,15505003,8725,0,0,0
2026-04-22 11:33:53,47108005,32181,16341682,72050,11227,20,23,15513752,8749,0,0,0
2026-04-22 11:33:55,47139926,31921,16352770,72091,11129,21,23,15531264,17512,0,0,0
2026-04-22 11:33:56,47171992,32066,16363898,72145,11182,21,23,15539998,8734,0,0,0
2026-04-22 11:33:57,47204688,32696,16375266,72192,11415,22,23,15548742,8744,0,0,0
2026-04-22 11:33:58,47236812,32124,16386435,72247,11224,20,23,15557485,8743,0,0,0
2026-04-22 11:33:59,47270195,33383,16398022,72295,11635,21,23,15566200,8715,0,0,0
2026-04-22 11:34:00,47303601,33406,16409596,72353,11632,20,23,15574887,8687,0,0,0
2026-04-22 11:34:01,47337491,33890,16421352,72402,11805,21,23,15583571,8684,0,0,0
2026-04-22 11:34:02,47370644,33153,16432869,72453,11568,18,23,15592273,8702,0,0,0
2026-04-22 11:34:03,47403401,32757,16444245,72502,11425,22,23,15600972,8699,0,0,0
2026-04-22 11:34:05,47435951,32550,16455518,72558,11329,21,23,15618359,17387,0,0,0
2026-04-22 11:34:06,47468245,32294,16466750,72599,11273,21,23,15627082,8723,0,0,0
2026-04-22 11:34:07,47500959,32714,16478088,72652,11391,22,23,15635787,8705,0,0,0
2026-04-22 11:34:08,47533657,32698,16489446,72701,11407,20,23,15644513,8726,0,0,0
2026-04-22 11:34:09,47565450,31793,16500467,72751,11071,21,23,15653275,8762,0,0,0
2026-04-22 11:34:10,47597852,32402,16511731,72798,11311,21,23,15662022,8747,0,0,0
2026-04-22 11:34:11,47630964,33112,16523215,72848,11534,19,23,15670754,8732,0,0,0
2026-04-22 11:34:12,47664071,33107,16534697,72903,11537,21,23,15679524,8770,0,0,0
2026-04-22 11:34:13,47696443,32372,16545957,72940,11297,21,23,15688315,8791,0,0,0
2026-04-22 11:34:15,47727336,30893,16556706,72982,10791,22,23,15697116,8801,0,0,0
2026-04-22 11:34:16,47759856,32520,16567968,73039,11319,22,23,15714671,17555,0,0,0
2026-04-22 11:34:17,47792451,32595,16579296,73086,11375,19,23,15723429,8758,0,0,0
2026-04-22 11:34:18,47824469,32018,16590385,73154,11157,20,23,15732150,8721,0,0,0
2026-04-22 11:34:19,47857870,33401,16601953,73198,11612,20,23,15740877,8727,0,0,0
2026-04-22 11:34:20,47890824,32954,16613382,73243,11474,22,23,15749559,8682,0,0,0
2026-04-22 11:34:21,47924187,33363,16624940,73308,11623,22,23,15758286,8727,0,0,0
2026-04-22 11:34:22,47956832,32645,16636260,73366,11378,21,23,15767004,8718,0,0,0
2026-04-22 11:34:23,47989588,32756,16647626,73408,11408,22,23,15775745,8741,0,0,0
2026-04-22 11:34:24,48021417,31829,16658687,73454,11107,22,23,15784457,8712,0,0,0
2026-04-22 11:34:26,48053726,32309,16669883,73499,11241,19,23,15801919,17462,0,0,0
2026-04-22 11:34:27,48086073,32347,16681091,73544,11253,21,23,15810610,8691,0,0,0
2026-04-22 11:34:28,48117503,31430,16691957,73611,10933,22,23,15819310,8700,0,0,0
2026-04-22 11:34:29,48149218,31715,16702975,73665,11072,21,23,15828017,8707,0,0,0
2026-04-22 11:34:30,48181739,32521,16714278,73701,11339,22,23,15836691,8674,0,0,0
2026-04-22 11:34:31,48213711,31972,16725388,73752,11161,21,23,15845391,8700,0,0,0
2026-04-22 11:34:32,48247132,33421,16736960,73805,11625,21,23,15854095,8704,0,0,0
2026-04-22 11:34:33,48280570,33438,16748575,73852,11662,22,23,15862838,8743,0,0,0
2026-04-22 11:34:34,48312056,31486,16759505,73897,10975,22,23,15871570,8732,0,0,0
2026-04-22 11:34:36,48344487,32431,16770740,73950,11288,22,23,15888902,17332,0,0,0
2026-04-22 11:34:37,48376786,32299,16781950,74018,11278,21,23,15897571,8669,0,0,0
2026-04-22 11:34:38,48408999,32213,16793158,74054,11244,19,23,15906293,8722,0,0,0
2026-04-22 11:34:39,48441403,32404,16804391,74103,11282,22,23,15915006,8713,0,0,0
2026-04-22 11:34:40,48473702,32299,16815617,74142,11265,21,23,15923680,8674,0,0,0
2026-04-22 11:34:41,48506365,32663,16826920,74193,11354,21,23,15932336,8656,0,0,0
2026-04-22 11:34:42,48537918,31553,16837879,74236,11002,21,23,15940986,8650,0,0,0
2026-04-22 11:34:43,48569954,32036,16848987,74282,11154,20,23,15949671,8685,0,0,0
2026-04-22 11:34:44,48601085,31131,16859825,74324,10880,22,23,15958320,8649,0,0,0
2026-04-22 11:34:46,48633073,31988,16870886,74373,11110,21,23,15975703,17383,0,0,0
2026-04-22 11:34:47,48664329,31256,16881721,74429,10891,22,23,15984423,8720,0,0,0
2026-04-22 11:34:48,48695910,31581,16892649,74481,10980,21,23,15993130,8707,0,0,0
2026-04-22 11:34:49,48727943,32033,16903763,74527,11160,21,23,16001806,8676,0,0,0
2026-04-22 11:34:50,48760433,32490,16915045,74580,11335,20,23,16010506,8700,0,0,0
2026-04-22 11:34:51,48793084,32651,16926409,74627,11411,21,23,16019220,8714,0,0,0
2026-04-22 11:34:52,48824999,31915,16937473,74678,11115,20,23,16027925,8705,0,0,0
2026-04-22 11:34:53,48856633,31634,16948445,74726,11020,22,23,16036617,8692,0,0,0
2026-04-22 11:34:54,48886781,30148,16958920,74762,10511,22,23,16045306,8689,0,0,0
2026-04-22 11:34:56,48917918,31137,16969731,74804,10853,22,23,16062694,17388,0,0,0
2026-04-22 11:34:57,48950539,32621,16981005,74853,11323,20,23,16071385,8691,0,0,0
2026-04-22 11:34:58,48983262,32723,16992367,74898,11407,20,23,16080057,8672,0,0,0
2026-04-22 11:34:59,49015162,31900,17003439,74949,11123,22,23,16088733,8676,0,0,0
2026-04-22 11:35:00,49047800,32638,17014750,75004,11366,21,23,16097403,8670,0,0,0
2026-04-22 11:35:01,49080374,32574,17026064,75042,11352,20,23,16106075,8672,0,0,0
2026-04-22 11:35:02,49112151,31777,17037059,75095,11048,22,23,16114730,8655,0,0,0
2026-04-22 11:35:03,49144449,32298,17048247,75152,11245,20,23,16123400,8670,0,0,0
2026-04-22 11:35:04,49175613,31164,17059082,75199,10882,22,23,16132083,8683,0,0,0
2026-04-22 11:35:06,49205904,30291,17069570,75240,10529,20,23,16149489,17406,0,0,0
2026-04-22 11:35:07,49236647,30743,17080213,75287,10690,17,23,16158219,8730,0,0,0
2026-04-22 11:35:08,49270184,33537,17091813,75356,11669,20,23,16166943,8724,0,0,0
2026-04-22 11:35:09,49303907,33723,17103483,75408,11722,21,23,16175656,8713,0,0,0
2026-04-22 11:35:10,49336183,32276,17114692,75451,11252,20,23,16184352,8696,0,0,0
2026-04-22 11:35:11,49369213,33030,17126157,75493,11507,21,23,16192960,8608,0,0,0
2026-04-22 11:35:12,49400449,31236,17136987,75547,10884,21,23,16201557,8597,0,0,0
2026-04-22 11:35:13,49431461,31012,17147770,75592,10828,19,23,16210167,8610,0,0,0
2026-04-22 11:35:14,49463606,32145,17158935,75644,11217,22,23,16218806,8639,0,0,0
2026-04-22 11:35:16,49494954,31348,17169817,75687,10925,22,23,16236130,17324,0,0,0
2026-04-22 11:35:17,49527754,32800,17181199,75734,11429,21,23,16244778,8648,0,0,0
2026-04-22 11:35:18,49560109,32355,17192444,75796,11307,21,23,16253432,8654,0,0,0
2026-04-22 11:35:19,49593196,33087,17203937,75851,11548,18,23,16262095,8663,0,0,0
2026-04-22 11:35:20,49626196,33000,17215360,75902,11474,22,23,16270801,8706,0,0,0
2026-04-22 11:35:21,49659119,32923,17226772,75955,11465,19,23,16279513,8712,0,0,0
2026-04-22 11:35:22,49692077,32958,17238183,76011,11467,21,23,16288233,8720,0,0,0
2026-04-22 11:35:23,49724774,32697,17249550,76055,11411,21,23,16296929,8696,0,0,0
2026-04-22 11:35:24,49758033,33259,17261102,76106,11603,22,23,16305572,8643,0,0,0
2026-04-22 11:35:26,49789367,31334,17271987,76144,10923,21,23,16322784,17212,0,0,0
2026-04-22 11:35:27,49822846,33479,17283582,76196,11647,22,23,16331448,8664,0,0,0
2026-04-22 11:35:28,49856349,33503,17295219,76240,11681,18,23,16340136,8688,0,0,0
2026-04-22 11:35:29,49889577,33228,17306743,76299,11583,19,23,16348838,8702,0,0,0
2026-04-22 11:35:30,49923056,33479,17318345,76346,11649,20,23,16357546,8708,0,0,0
2026-04-22 11:35:31,49955124,32068,17329471,76390,11170,19,23,16366264,8718,0,0,0
2026-04-22 11:35:32,49987001,31877,17340526,76436,11101,20,23,16375002,8738,0,0,0
2026-04-22 11:35:33,50019483,32482,17351779,76483,11300,21,23,16383718,8716,0,0,0
2026-04-22 11:35:34,50051858,32375,17362988,76545,11271,22,23,16392368,8650,0,0,0
2026-04-22 11:35:36,50084753,32895,17374377,76604,11448,22,23,16409699,17331,0,0,0
2026-04-22 11:35:37,50117533,32780,17385766,76638,11423,21,23,16418413,8714,0,0,0
2026-04-22 11:35:38,50149942,32409,17397018,76680,11294,20,23,16427115,8702,0,0,0
2026-04-22 11:35:39,50182614,32672,17408322,76740,11364,19,23,16435788,8673,0,0,0
2026-04-22 11:35:40,50215451,32837,17419700,76791,11429,22,23,16444454,8666,0,0,0
2026-04-22 11:35:41,50247752,32301,17430893,76835,11237,22,23,16453132,8678,0,0,0
2026-04-22 11:35:42,50280152,32400,17442137,76893,11302,22,23,16461879,8747,0,0,0
2026-04-22 11:35:43,50313066,32914,17453553,76949,11472,18,23,16470607,8728,0,0,0
2026-04-22 11:35:44,50345779,32713,17464924,76993,11415,22,23,16479317,8710,0,0,0
2026-04-22 11:35:46,50377484,31705,17475944,77039,11066,21,23,16487990,8673,0,0,0
2026-04-22 11:35:47,50409968,32484,17487218,77082,11317,22,23,16505389,17399,0,0,0
2026-04-22 11:35:48,50442706,32738,17498579,77131,11410,21,23,16514072,8683,0,0,0
2026-04-22 11:35:49,50474823,32117,17509720,77185,11195,19,23,16522766,8694,0,0,0
2026-04-22 11:35:50,50506514,31691,17520712,77234,11041,17,23,16531425,8659,0,0,0
2026-04-22 11:35:51,50537713,31199,17531558,77276,10888,22,23,16540114,8689,0,0,0
2026-04-22 11:35:52,50569822,32109,17542710,77324,11200,20,23,16548822,8708,0,0,0
2026-04-22 11:35:53,50602641,32819,17554057,77386,11409,20,23,16557570,8748,0,0,0
2026-04-22 11:35:54,50635944,33303,17565574,77442,11573,22,23,16566288,8718,0,0,0
2026-04-22 11:35:55,50668755,32811,17576977,77485,11446,22,23,16574979,8691,0,0,0
2026-04-22 11:35:57,50701051,32296,17588165,77543,11246,20,23,16592369,17390,0,0,0
2026-04-22 11:35:58,50733457,32406,17599436,77578,11306,19,23,16601068,8699,0,0,0
2026-04-22 11:35:59,50765480,32023,17610535,77626,11147,21,23,16609753,8685,0,0,0
2026-04-22 11:36:00,50796824,31344,17621432,77664,10935,20,23,16618437,8684,0,0,0
2026-04-22 11:36:01,50828659,31835,17632459,77721,11084,19,23,16627116,8679,0,0,0
2026-04-22 11:36:02,50860853,32194,17643626,77766,11212,22,23,16635787,8671,0,0,0
2026-04-22 11:36:03,50892952,32099,17654725,77811,11144,22,23,16644494,8707,0,0,0
2026-04-22 11:36:04,50925381,32429,17665937,77869,11270,21,23,16653187,8693,0,0,0
2026-04-22 11:36:05,50958228,32847,17677331,77921,11446,21,23,16661863,8676,0,0,0
2026-04-22 11:36:07,50989914,31686,17688313,77979,11040,21,23,16679239,17376,0,0,0
2026-04-22 11:36:08,51022376,32462,17699557,78027,11292,20,23,16687940,8701,0,0,0
2026-04-22 11:36:09,51055831,33455,17711161,78063,11640,22,23,16696648,8708,0,0,0
2026-04-22 11:36:10,51086115,30284,17721690,78119,10585,22,23,16705336,8688,0,0,0
2026-04-22 11:36:11,51118058,31943,17732770,78165,11126,22,23,16714008,8672,0,0,0
2026-04-22 11:36:12,51151214,33156,17744258,78211,11534,22,23,16722667,8659,0,0,0
2026-04-22 11:36:13,51184128,32914,17755689,78271,11491,22,23,16731313,8646,0,0,0
2026-04-22 11:36:14,51216782,32654,17767032,78310,11382,20,23,16739980,8667,0,0,0
2026-04-22 11:36:15,51249211,32429,17778293,78356,11307,21,23,16748669,8689,0,0,0
2026-04-22 11:36:17,51281588,32377,17789524,78401,11276,18,23,16766020,17351,0,0,0
2026-04-22 11:36:18,51313581,31993,17800645,78455,11175,21,23,16774706,8686,0,0,0
2026-04-22 11:36:19,51346835,33254,17812185,78500,11585,22,23,16783403,8697,0,0,0
2026-04-22 11:36:20,51379814,32979,17823637,78553,11505,22,23,16792128,8725,0,0,0
2026-04-22 11:36:21,51413133,33319,17835193,78607,11610,22,23,16800808,8680,0,0,0
2026-04-22 11:36:22,51445559,32426,17846455,78649,11304,19,23,16809496,8688,0,0,0
2026-04-22 11:36:23,51476654,31095,17857232,78716,10844,21,23,16818189,8693,0,0,0
2026-04-22 11:36:24,51509100,32446,17868507,78745,11304,21,23,16826898,8709,0,0,0
2026-04-22 11:36:25,51541919,32819,17879882,78798,11428,20,23,16835610,8712,0,0,0
2026-04-22 11:36:27,51574043,32124,17891044,78845,11209,22,23,16844304,8694,0,0,0
2026-04-22 11:36:28,51606346,32303,17902258,78892,11261,20,23,16861585,17281,0,0,0
2026-04-22 11:36:29,51639113,32767,17913601,78951,11402,21,23,16870210,8625,0,0,0
2026-04-22 11:36:30,51672407,33294,17925111,79006,11565,20,23,16878854,8644,0,0,0
2026-04-22 11:36:31,51705649,33242,17936645,79055,11583,19,23,16887511,8657,0,0,0
2026-04-22 11:36:32,51738743,33094,17948117,79093,11510,21,23,16896190,8679,0,0,0
2026-04-22 11:36:33,51772082,33339,17959678,79128,11596,21,23,16904868,8678,0,0,0
2026-04-22 11:36:34,51805023,32941,17971120,79171,11485,21,23,16913564,8696,0,0,0
2026-04-22 11:36:35,51837498,32475,17982394,79226,11329,22,23,16922276,8712,0,0,0
2026-04-22 11:36:36,51869724,32226,17993574,79277,11231,20,23,16930989,8713,0,0,0
2026-04-22 11:36:38,51902255,32531,18004870,79324,11343,20,23,16948438,17449,0,0,0
2026-04-22 11:36:39,51935697,33442,18016471,79385,11662,20,23,16957171,8733,0,0,0
2026-04-22 11:36:40,51968705,33008,18027924,79440,11508,22,23,16965897,8726,0,0,0
2026-04-22 11:36:41,52000788,32083,18039042,79493,11171,22,23,16974599,8702,0,0,0
2026-04-22 11:36:42,52033704,32916,18050477,79541,11483,22,23,16983334,8735,0,0,0
2026-04-22 11:36:43,52066656,32952,18061889,79599,11470,21,23,16992078,8744,0,0,0
2026-04-22 11:36:44,52099977,33321,18073433,79655,11600,21,23,17000867,8789,0,0,0
2026-04-22 11:36:45,52132180,32203,18084621,79706,11239,21,23,17009646,8779,0,0,0
2026-04-22 11:36:46,52163887,31707,18095631,79751,11055,22,23,17018419,8773,0,0,0
2026-04-22 11:36:48,52195931,32044,18106727,79791,11136,21,23,17035834,17415,0,0,0
2026-04-22 11:36:49,52229053,33122,18118222,79828,11532,19,23,17044512,8678,0,0,0
2026-04-22 11:36:50,52261512,32459,18129491,79888,11329,22,23,17053187,8675,0,0,0
2026-04-22 11:36:51,52294350,32838,18140933,79924,11478,21,23,17061916,8729,0,0,0
2026-04-22 11:36:52,52327150,32800,18152314,79977,11434,21,23,17070636,8720,0,0,0
2026-04-22 11:36:53,52360312,33162,18163815,80037,11561,17,23,17079384,8748,0,0,0
2026-04-22 11:36:54,52393966,33654,18175418,80105,11671,22,23,17088101,8717,0,0,0
2026-04-22 11:36:55,52426486,32520,18186687,80157,11321,20,23,17096862,8761,0,0,0
2026-04-22 11:36:56,52459491,33005,18198158,80205,11519,21,23,17105640,8778,0,0,0
2026-04-22 11:36:58,52491745,32254,18209361,80254,11252,22,23,17123046,17406,0,0,0
2026-04-22 11:36:59,52524680,32935,18220799,80302,11486,20,23,17131702,8656,0,0,0
2026-04-22 11:37:00,52556926,32246,18231963,80356,11218,21,23,17140399,8697,0,0,0
2026-04-22 11:37:01,52588150,31224,18242822,80401,10904,20,23,17149149,8750,0,0,0
2026-04-22 11:37:02,52620432,32282,18254027,80447,11251,21,23,17157836,8687,0,0,0
2026-04-22 11:37:03,52652601,32169,18265200,80491,11217,21,23,17166512,8676,0,0,0
2026-04-22 11:37:04,52684723,32122,18276339,80546,11194,20,23,17175193,8681,0,0,0
2026-04-22 11:37:05,52717971,33248,18287857,80596,11568,22,23,17183899,8706,0,0,0
2026-04-22 11:37:06,52749466,31495,18298779,80659,10985,22,23,17192624,8725,0,0,0
2026-04-22 11:37:08,52779157,29691,18309082,80708,10352,22,23,17201332,8708,0,0,0
2026-04-22 11:37:09,52811034,31877,18320106,80764,11080,22,23,17218793,17461,0,0,0
2026-04-22 11:37:10,52843809,32775,18331460,80809,11399,21,23,17227492,8699,0,0,0
2026-04-22 11:37:11,52876704,32895,18342869,80866,11466,22,23,17236164,8672,0,0,0
2026-04-22 11:37:12,52910661,33957,18354630,80923,11818,20,23,17244866,8702,0,0,0
2026-04-22 11:37:13,52944528,33867,18366385,80984,11816,21,23,17253546,8680,0,0,0
2026-04-22 11:37:14,52977703,33175,18377885,81035,11551,22,23,17262235,8689,0,0,0
2026-04-22 11:37:15,53011310,33607,18389534,81095,11709,22,23,17270931,8696,0,0,0
2026-04-22 11:37:16,53043941,32631,18400872,81148,11391,22,23,17279665,8734,0,0,0
2026-04-22 11:37:18,53075024,31083,18411660,81190,10830,22,23,17288380,8715,0,0,0
2026-04-22 11:37:19,53106513,31489,18422566,81239,10955,21,23,17305787,17407,0,0,0
2026-04-22 11:37:20,53139040,32527,18433849,81287,11331,20,23,17314474,8687,0,0,0
2026-04-22 11:37:21,53171968,32928,18445245,81329,11438,22,23,17323194,8720,0,0,0
2026-04-22 11:37:22,53205208,33240,18456746,81379,11551,21,23,17331920,8726,0,0,0
2026-04-22 11:37:23,53237359,32151,18467896,81438,11209,21,23,17340691,8771,0,0,0
2026-04-22 11:37:24,53270008,32649,18479215,81489,11370,22,23,17349424,8733,0,0,0
2026-04-22 11:37:25,53302188,32180,18490382,81539,11217,21,23,17358136,8712,0,0,0
2026-04-22 11:37:26,53332910,30722,18501062,81577,10718,22,23,17366839,8703,0,0,0
2026-04-22 11:37:28,53363209,30299,18511560,81623,10544,21,23,17375533,8694,0,0,0
2026-04-22 11:37:29,53394702,31493,18522449,81677,10943,20,23,17392949,17416,0,0,0
2026-04-22 11:37:30,53427120,32418,18533715,81725,11314,21,23,17401674,8725,0,0,0
2026-04-22 11:37:31,53459817,32697,18545053,81783,11396,20,23,17410379,8705,0,0,0
2026-04-22 11:37:32,53492529,32712,18556402,81821,11387,20,23,17419114,8735,0,0,0
2026-04-22 11:37:33,53524865,32336,18567647,81862,11286,20,23,17427872,8758,0,0,0
2026-04-22 11:37:34,53557366,32501,18578905,81902,11298,21,23,17436611,8739,0,0,0
2026-04-22 11:37:35,53588966,31600,18589897,81944,11034,21,23,17445334,8723,0,0,0
2026-04-22 11:37:36,53620964,31998,18600998,81990,11147,16,23,17454084,8750,0,0,0
2026-04-22 11:37:38,53651563,30599,18611621,82053,10686,22,23,17462854,8770,0,0,0
2026-04-22 11:37:39,53682958,31395,18622498,82112,10936,22,23,17480286,17432,0,0,0
2026-04-22 11:37:40,53715297,32339,18633730,82166,11286,21,23,17488943,8657,0,0,0
2026-04-22 11:37:41,53747976,32679,18645062,82214,11380,20,23,17497587,8644,0,0,0
2026-04-22 11:37:42,53780273,32297,18656321,82250,11295,22,23,17506288,8701,0,0,0
2026-04-22 11:37:43,53814162,33889,18668056,82297,11782,21,23,17514967,8679,0,0,0
2026-04-22 11:37:44,53847065,32903,18679461,82340,11448,20,23,17523663,8696,0,0,0
2026-04-22 11:37:45,53879384,32319,18690650,82386,11235,18,23,17532363,8700,0,0,0
2026-04-22 11:37:46,53910955,31571,18701636,82436,11036,19,23,17541048,8685,0,0,0
2026-04-22 11:37:48,53941330,30375,18712179,82490,10597,22,23,17549758,8710,0,0,0
2026-04-22 11:37:49,53973378,32048,18723309,82527,11167,19,23,17567171,17413,0,0,0
2026-04-22 11:37:50,54006497,33119,18734786,82574,11524,21,23,17575892,8721,0,0,0
2026-04-22 11:37:51,54039349,32852,18746156,82630,11426,21,23,17584633,8741,0,0,0
2026-04-22 11:37:52,54072013,32664,18757480,82677,11371,21,23,17593315,8682,0,0,0
2026-04-22 11:37:53,54104446,32433,18768728,82728,11299,21,23,17602053,8738,0,0,0
2026-04-22 11:37:54,54136416,31970,18779807,82766,11117,22,23,17610812,8759,0,0,0
2026-04-22 11:37:55,54167914,31498,18790751,82809,10987,21,23,17619606,8794,0,0,0
2026-04-22 11:37:56,54200095,32181,18801937,82856,11233,22,23,17628378,8772,0,0,0
2026-04-22 11:37:57,54229910,29815,18812305,82904,10416,22,23,17637138,8760,0,0,0
2026-04-22 11:37:59,54261601,31691,18823270,82955,11016,21,23,17654633,17495,0,0,0
2026-04-22 11:38:00,54294448,32847,18834655,83008,11438,20,23,17663351,8718,0,0,0
2026-04-22 11:38:01,54327274,32826,18846026,83061,11424,22,23,17672099,8748,0,0,0
2026-04-22 11:38:02,54360687,33413,18857602,83110,11625,21,23,17680849,8750,0,0,0
2026-04-22 11:38:03,54393124,32437,18868863,83163,11314,20,23,17689601,8752,0,0,0
2026-04-22 11:38:04,54425591,32467,18880127,83209,11310,20,23,17698264,8663,0,0,0
2026-04-22 11:38:05,54458255,32664,18891451,83261,11376,22,23,17706930,8666,0,0,0
2026-04-22 11:38:06,54490512,32257,18902664,83310,11262,19,23,17715609,8679,0,0,0
2026-04-22 11:38:07,54523644,33132,18914124,83375,11525,22,23,17724339,8730,0,0,0
2026-04-22 11:38:09,54555053,31409,18925051,83423,10975,21,23,17741810,17471,0,0,0
2026-04-22 11:38:10,54588307,33254,18936591,83469,11586,20,23,17750554,8744,0,0,0
2026-04-22 11:38:11,54620457,32150,18947734,83526,11200,19,23,17759319,8765,0,0,0
2026-04-22 11:38:12,54652684,32227,18958913,83571,11224,18,23,17768066,8747,0,0,0
2026-04-22 11:38:13,54684393,31709,18969959,83613,11088,21,23,17776809,8743,0,0,0
2026-04-22 11:38:14,54716296,31903,18981036,83656,11120,19,23,17785520,8711,0,0,0
2026-04-22 11:38:15,54748415,32119,18992163,83710,11181,21,23,17794197,8677,0,0,0
2026-04-22 11:38:16,54779837,31422,19003098,83750,10975,22,23,17802865,8668,0,0,0
2026-04-22 11:38:17,54811004,31167,19013935,83804,10891,22,23,17811545,8680,0,0,0
2026-04-22 11:38:19,54842684,31680,19024938,83851,11050,21,23,17828881,17336,0,0,0
2026-04-22 11:38:20,54875132,32448,19036200,83895,11306,20,23,17837528,8647,0,0,0
2026-04-22 11:38:21,54906634,31502,19047137,83943,10985,22,23,17846170,8642,0,0,0
2026-04-22 11:38:22,54938616,31982,19058204,83999,11123,22,23,17854824,8654,0,0,0
2026-04-22 11:38:23,54969747,31131,19069023,84037,10857,22,23,17863512,8688,0,0,0
2026-04-22 11:38:24,55002091,32344,19080228,84088,11256,22,23,17872206,8694,0,0,0
2026-04-22 11:38:25,55034701,32610,19091515,84147,11346,22,23,17880890,8684,0,0,0
2026-04-22 11:38:26,55067215,32514,19102842,84181,11361,20,23,17889519,8629,0,0,0
2026-04-22 11:38:27,55099737,32522,19114111,84247,11335,22,23,17898172,8653,0,0,0
2026-04-22 11:38:29,55131974,32237,19125291,84286,11219,21,23,17915455,17283,0,0,0
2026-04-22 11:38:30,55164081,32107,19136428,84343,11194,22,23,17924112,8657,0,0,0
2026-04-22 11:38:31,55195822,31741,19147432,84383,11044,22,23,17932773,8661,0,0,0
2026-04-22 11:38:32,55228736,32914,19158835,84419,11439,20,23,17941468,8695,0,0,0
2026-04-22 11:38:33,55261105,32369,19170059,84474,11279,21,23,17950165,8697,0,0,0
2026-04-22 11:38:34,55293856,32751,19181426,84529,11422,20,23,17958890,8725,0,0,0
2026-04-22 11:38:35,55325360,31504,19192374,84578,10997,21,23,17967581,8691,0,0,0
2026-04-22 11:38:36,55358010,32650,19203721,84627,11396,20,23,17976285,8704,0,0,0
2026-04-22 11:38:37,55391469,33459,19215317,84679,11648,21,23,17984992,8707,0,0,0
2026-04-22 11:38:39,55423428,31959,19226395,84736,11135,21,23,18002395,17403,0,0,0
2026-04-22 11:38:40,55455778,32350,19237644,84780,11293,22,23,18011053,8658,0,0,0
2026-04-22 11:38:41,55488671,32893,19249048,84832,11456,22,23,18019719,8666,0,0,0
2026-04-22 11:38:42,55521835,33164,19260524,84883,11527,20,23,18028440,8721,0,0,0
2026-04-22 11:38:43,55554600,32765,19271885,84934,11412,18,23,18037145,8705,0,0,0
2026-04-22 11:38:44,55587839,33239,19283403,84991,11575,21,23,18045826,8681,0,0,0
2026-04-22 11:38:45,55621454,33615,19295019,85055,11680,19,23,18054468,8642,0,0,0
2026-04-22 11:38:46,55654926,33472,19306603,85117,11646,22,23,18063109,8641,0,0,0
2026-04-22 11:38:47,55688268,33342,19318139,85168,11587,22,23,18071777,8668,0,0,0
2026-04-22 11:38:49,55720896,32628,19329437,85218,11348,19,23,18089106,17329,0,0,0
2026-04-22 11:38:50,55753919,33023,19340880,85265,11490,22,23,18097757,8651,0,0,0
2026-04-22 11:38:51,55786826,32907,19352338,85320,11513,22,23,18106421,8664,0,0,0
2026-04-22 11:38:52,55820046,33220,19363872,85382,11596,18,23,18115124,8703,0,0,0
2026-04-22 11:38:53,55853288,33242,19375417,85434,11597,20,23,18123835,8711,0,0,0
2026-04-22 11:38:54,55885810,32522,19386724,85489,11362,21,23,18132547,8712,0,0,0
2026-04-22 11:38:55,55918969,33159,19398224,85540,11551,21,23,18141303,8756,0,0,0
2026-04-22 11:38:56,55952642,33673,19409893,85604,11733,22,23,18150033,8730,0,0,0
2026-04-22 11:38:57,55986360,33718,19421617,85656,11776,18,23,18158741,8708,0,0,0
2026-04-22 11:38:59,56018698,32338,19432833,85699,11259,22,23,18167407,8666,0,0,0
2026-04-22 11:39:00,56052205,33507,19444435,85743,11646,21,23,18184755,17348,0,0,0
2026-04-22 11:39:01,56084860,32655,19455778,85782,11382,19,23,18193433,8678,0,0,0
2026-04-22 11:39:02,56117645,32785,19467183,85819,11442,22,23,18202125,8692,0,0,0
2026-04-22 11:39:03,56151344,33699,19478875,85868,11741,21,23,18210807,8682,0,0,0
2026-04-22 11:39:04,56185454,34110,19490700,85922,11879,19,23,18219509,8702,0,0,0
2026-04-22 11:39:05,56218987,33533,19502332,85974,11684,21,23,18228208,8699,0,0,0
2026-04-22 11:39:06,56251826,32839,19513714,86025,11433,22,23,18236898,8690,0,0,0
2026-04-22 11:39:07,56285376,33550,19525355,86080,11696,21,23,18245553,8655,0,0,0
2026-04-22 11:39:08,56317036,31660,19536367,86120,11052,22,23,18254221,8668,0,0,0
2026-04-22 11:39:10,56349783,32747,19547732,86164,11409,22,23,18271636,17415,0,0,0
2026-04-22 11:39:11,56382670,32887,19559126,86215,11445,22,23,18280377,8741,0,0,0
2026-04-22 11:39:12,56415880,33210,19570644,86269,11572,20,23,18289089,8712,0,0,0
2026-04-22 11:39:13,56447332,31452,19581583,86316,10986,20,23,18297799,8710,0,0,0
2026-04-22 11:39:14,56480556,33224,19593087,86364,11552,21,23,18306472,8673,0,0,0
2026-04-22 11:39:15,56513491,32935,19604493,86420,11462,21,23,18315183,8711,0,0,0
2026-04-22 11:39:16,56545842,32351,19615738,86459,11284,19,23,18323927,8744,0,0,0
2026-04-22 11:39:17,56579496,33654,19627355,86519,11677,22,23,18332687,8760,0,0,0
2026-04-22 11:39:18,56612850,33354,19638945,86547,11618,22,23,18341444,8757,0,0,0
2026-04-22 11:39:20,56645204,32354,19650166,86608,11282,21,23,18358887,17443,0,0,0
2026-04-22 11:39:21,56678107,32903,19661576,86664,11466,21,23,18367601,8714,0,0,0
2026-04-22 11:39:22,56711553,33446,19673186,86717,11663,21,23,18376312,8711,0,0,0
2026-04-22 11:39:23,56743819,32266,19684400,86771,11268,20,23,18384971,8659,0,0,0
2026-04-22 11:39:24,56776775,32956,19695826,86819,11474,21,23,18393636,8665,0,0,0
2026-04-22 11:39:25,56809513,32738,19707195,86869,11419,22,23,18402293,8657,0,0,0
2026-04-22 11:39:26,56842466,32953,19718625,86924,11485,21,23,18411018,8725,0,0,0
2026-04-22 11:39:27,56876008,33542,19730251,86961,11663,22,23,18419756,8738,0,0,0
2026-04-22 11:39:29,56908395,32387,19741443,87017,11248,22,23,18428517,8761,0,0,0
2026-04-22 11:39:30,56940571,32176,19752616,87067,11223,20,23,18445944,17427,0,0,0
2026-04-22 11:39:31,56973536,32965,19764021,87119,11457,22,23,18454615,8671,0,0,0
2026-04-22 11:39:32,57005038,31502,19774980,87159,10999,22,23,18463295,8680,0,0,0
2026-04-22 11:39:33,57038552,33514,19786618,87197,11676,22,23,18471993,8698,0,0,0
2026-04-22 11:39:34,57072020,33468,19798234,87242,11661,21,23,18480702,8709,0,0,0
2026-04-22 11:39:35,57105275,33255,19809784,87291,11599,21,23,18489413,8711,0,0,0
2026-04-22 11:39:36,57138373,33098,19821259,87344,11528,18,23,18498138,8725,0,0,0
2026-04-22 11:39:37,57171162,32789,19832637,87378,11412,21,23,18506822,8684,0,0,0
2026-04-22 11:39:38,57204400,33238,19844137,87442,11564,17,23,18515550,8728,0,0,0
2026-04-22 11:39:40,57236090,31690,19855148,87485,11054,20,23,18532974,17424,0,0,0
2026-04-22 11:39:41,57268643,32553,19866446,87525,11338,21,23,18541668,8694,0,0,0
2026-04-22 11:39:42,57301051,32408,19877688,87583,11300,21,23,18550352,8684,0,0,0
2026-04-22 11:39:43,57334420,33369,19889247,87631,11607,22,23,18559059,8707,0,0,0
2026-04-22 11:39:44,57367776,33356,19900826,87670,11618,20,23,18567744,8685,0,0,0
2026-04-22 11:39:45,57401501,33725,19912528,87728,11760,22,23,18576466,8722,0,0,0
2026-04-22 11:39:46,57434567,33066,19923981,87783,11508,22,23,18585158,8692,0,0,0
2026-04-22 11:39:47,57467429,32862,19935388,87827,11451,21,23,18593901,8743,0,0,0
2026-04-22 11:39:48,57498223,30794,19946078,87881,10744,22,23,18602595,8694,0,0,0
2026-04-22 11:39:50,57529906,31683,19957046,87937,11024,20,23,18619997,17402,0,0,0
2026-04-22 11:39:51,57561429,31523,19967984,87978,10979,20,23,18628697,8700,0,0,0
2026-04-22 11:39:52,57594148,32719,19979336,88032,11406,20,23,18637402,8705,0,0,0
2026-04-22 11:39:53,57627385,33237,19990840,88094,11566,21,23,18646144,8742,0,0,0
2026-04-22 11:39:54,57659975,32590,20002166,88138,11370,20,23,18654906,8762,0,0,0
2026-04-22 11:39:55,57693533,33558,20013823,88175,11694,22,23,18663694,8788,0,0,0
2026-04-22 11:39:56,57727376,33843,20025542,88242,11786,21,23,18672434,8740,0,0,0
2026-04-22 11:39:57,57760510,33134,20037047,88279,11542,18,23,18681199,8765,0,0,0
2026-04-22 11:39:58,57791804,31294,20047885,88323,10882,21,23,18689937,8738,0,0,0
2026-04-22 11:40:00,57822606,30802,20058542,88384,10718,21,23,18707432,17495,0,0,0
2026-04-22 11:40:01,57855256,32650,20069889,88439,11402,20,23,18716163,8731,0,0,0
2026-04-22 11:40:02,57888279,33023,20081344,88485,11501,21,23,18724924,8761,0,0,0
2026-04-22 11:40:03,57920913,32634,20092686,88541,11398,20,23,18733693,8769,0,0,0
2026-04-22 11:40:04,57953787,32874,20104079,88587,11439,20,23,18742449,8756,0,0,0
2026-04-22 11:40:05,57987589,33802,20115807,88640,11781,22,23,18751137,8688,0,0,0
2026-04-22 11:40:06,58020840,33251,20127357,88684,11594,20,23,18759824,8687,0,0,0
2026-04-22 11:40:07,58053508,32668,20138677,88737,11373,22,23,18768570,8746,0,0,0
2026-04-22 11:40:08,58085888,32380,20149901,88788,11275,20,23,18777318,8748,0,0,0
2026-04-22 11:40:10,58117066,31178,20160739,88825,10875,18,23,18786085,8767,0,0,0
2026-04-22 11:40:11,58148264,31198,20171573,88876,10885,22,23,18803589,17504,0,0,0
2026-04-22 11:40:12,58181940,33676,20183236,88923,11710,20,23,18812321,8732,0,0,0
2026-04-22 11:40:13,58215536,33596,20194888,88986,11715,22,23,18821063,8742,0,0,0
2026-04-22 11:40:14,58249344,33808,20206629,89036,11791,21,23,18829803,8740,0,0,0
2026-04-22 11:40:15,58283396,34052,20218436,89085,11856,20,23,18838585,8782,0,0,0
2026-04-22 11:40:16,58317869,34473,20230393,89128,12000,21,23,18847368,8783,0,0,0
2026-04-22 11:40:17,58350723,32854,20241800,89178,11457,22,23,18856146,8778,0,0,0
2026-04-22 11:40:18,58382679,31956,20252884,89234,11140,22,23,18864899,8753,0,0,0
2026-04-22 11:40:20,58414408,31729,20263894,89283,11059,20,23,18882435,17536,0,0,0
2026-04-22 11:40:21,58448503,34095,20275677,89358,11858,21,23,18891245,8810,0,0,0
2026-04-22 11:40:22,58481497,32994,20287122,89403,11490,21,23,18900004,8759,0,0,0
2026-04-22 11:40:23,58514208,32711,20298482,89453,11410,21,23,18908759,8755,0,0,0
2026-04-22 11:40:24,58547472,33264,20310007,89503,11575,22,23,18917516,8757,0,0,0
2026-04-22 11:40:25,58580202,32730,20321362,89546,11398,20,23,18926299,8783,0,0,0
2026-04-22 11:40:26,58612780,32578,20332676,89598,11366,20,23,18935083,8784,0,0,0
2026-04-22 11:40:27,58645843,33063,20344157,89642,11525,21,23,18943851,8768,0,0,0
2026-04-22 11:40:28,58677711,31868,20355253,89689,11143,22,23,18952644,8793,0,0,0
2026-04-22 11:40:30,58707438,29727,20365543,89738,10339,22,23,18961451,8807,0,0,0
2026-04-22 11:40:31,58741445,34007,20377318,89783,11820,20,23,18979071,17620,0,0,0
2026-04-22 11:40:32,58774785,33340,20388889,89836,11624,20,23,18987874,8803,0,0,0
2026-04-22 11:40:33,58807398,32613,20400210,89882,11367,22,23,18996684,8810,0,0,0
2026-04-22 11:40:34,58840086,32688,20411593,89930,11431,17,23,19005499,8815,0,0,0
2026-04-22 11:40:35,58873624,33538,20423195,89988,11660,22,23,19014300,8801,0,0,0
2026-04-22 11:40:36,58906020,32396,20434450,90038,11305,19,23,19023094,8794,0,0,0
2026-04-22 11:40:37,58938270,32250,20445639,90087,11238,22,23,19031868,8774,0,0,0
2026-04-22 11:40:38,58970221,31951,20456734,90128,11136,22,23,19040658,8790,0,0,0
2026-04-22 11:40:40,59002282,32061,20467840,90171,11149,20,23,19049441,8783,0,0,0
2026-04-22 11:40:41,59035482,33200,20479369,90220,11578,22,23,19066965,17524,0,0,0
2026-04-22 11:40:42,59068528,33046,20490840,90261,11512,21,23,19075714,8749,0,0,0
2026-04-22 11:40:43,59101114,32586,20502142,90323,11364,18,23,19084492,8778,0,0,0
2026-04-22 11:40:44,59133764,32650,20513452,90374,11361,20,23,19093275,8783,0,0,0
2026-04-22 11:40:45,59166750,32986,20524904,90416,11494,22,23,19102032,8757,0,0,0
2026-04-22 11:40:46,59198850,32100,20536049,90461,11190,21,23,19110777,8745,0,0,0
2026-04-22 11:40:47,59231438,32588,20547348,90502,11340,20,23,19119573,8796,0,0,0
2026-04-22 11:40:48,59263008,31570,20558328,90539,11017,22,23,19128403,8830,0,0,0
2026-04-22 11:40:50,59295093,32085,20569455,90595,11183,22,23,19146032,17629,0,0,0
2026-04-22 11:40:51,59327833,32740,20580833,90640,11423,19,23,19154839,8807,0,0,0
2026-04-22 11:40:52,59361078,33245,20592358,90697,11582,21,23,19163625,8786,0,0,0
2026-04-22 11:40:53,59394172,33094,20603839,90739,11523,22,23,19172433,8808,0,0,0
2026-04-22 11:40:54,59427161,32989,20615260,90789,11471,22,23,19181211,8778,0,0,0
2026-04-22 11:40:55,59458888,31727,20626273,90833,11057,21,23,19189981,8770,0,0,0
2026-04-22 11:40:56,59491380,32492,20637530,90888,11312,22,23,19198741,8760,0,0,0
2026-04-22 11:40:57,59523441,32061,20648651,90939,11172,21,23,19207513,8772,0,0,0
2026-04-22 11:40:58,59555741,32300,20659872,90993,11275,21,23,19216312,8799,0,0,0
2026-04-22 11:41:00,59587539,31798,20670884,91048,11067,21,23,19233872,17560,0,0,0
2026-04-22 11:41:01,59620227,32688,20682220,91088,11376,21,23,19242658,8786,0,0,0
2026-04-22 11:41:02,59653021,32794,20693612,91145,11449,19,23,19251459,8801,0,0,0
2026-04-22 11:41:03,59685360,32339,20704810,91205,11258,22,23,19260252,8793,0,0,0
2026-04-22 11:41:04,59717985,32625,20716127,91260,11372,22,23,19269033,8781,0,0,0
2026-04-22 11:41:05,59750309,32324,20727363,91303,11279,20,23,19277805,8772,0,0,0
2026-04-22 11:41:06,59784240,33931,20739143,91357,11834,20,23,19286566,8761,0,0,0
2026-04-22 11:41:07,59816446,32206,20750310,91409,11219,18,23,19295349,8783,0,0,0
2026-04-22 11:41:09,59849544,33098,20761791,91458,11530,22,23,19304138,8789,0,0,0
2026-04-22 11:41:10,59882211,32667,20773144,91507,11402,22,23,19321633,17495,0,0,0
2026-04-22 11:41:11,59915653,33442,20784714,91559,11622,21,23,19330307,8674,0,0,0
2026-04-22 11:41:12,59948737,33084,20796214,91610,11551,21,23,19339028,8721,0,0,0
2026-04-22 11:41:13,59980994,32257,20807391,91668,11235,21,23,19347739,8711,0,0,0
2026-04-22 11:41:14,60012967,31973,20818475,91728,11144,21,23,19356488,8749,0,0,0
2026-04-22 11:41:15,60045463,32496,20829751,91790,11338,21,23,19365253,8765,0,0,0
2026-04-22 11:41:16,60078707,33244,20841275,91845,11579,21,23,19374019,8766,0,0,0
2026-04-22 11:41:17,60112329,33622,20852937,91908,11725,22,23,19382761,8742,0,0,0
2026-04-22 11:41:18,60144198,31869,20864011,91960,11126,22,23,19391492,8731,0,0,0
2026-04-22 11:41:20,60176708,32510,20875288,92008,11325,22,23,19408968,17476,0,0,0
2026-04-22 11:41:21,60210238,33530,20886913,92058,11675,20,23,19417746,8778,0,0,0
2026-04-22 11:41:22,60242909,32671,20898271,92108,11408,21,23,19426556,8810,0,0,0
2026-04-22 11:41:23,60276330,33421,20909849,92155,11625,19,23,19435347,8791,0,0,0
2026-04-22 11:41:24,60309219,32889,20921269,92197,11462,21,23,19444130,8783,0,0,0
2026-04-22 11:41:25,60342339,33120,20932782,92256,11572,22,23,19452918,8788,0,0,0
2026-04-22 11:41:26,60375262,32923,20944224,92308,11494,21,23,19461677,8759,0,0,0
2026-04-22 11:41:27,60408495,33233,20955725,92363,11556,22,23,19470416,8739,0,0,0
2026-04-22 11:41:28,60440771,32276,20966929,92409,11250,20,23,19479187,8771,0,0,0
2026-04-22 11:41:30,60472362,31591,20977911,92467,11040,22,23,19496817,17630,0,0,0
2026-04-22 11:41:31,60505172,32810,20989279,92524,11425,19,23,19505653,8836,0,0,0
2026-04-22 11:41:32,60538012,32840,21000653,92578,11428,21,23,19514477,8824,0,0,0
2026-04-22 11:41:33,60570569,32557,21011954,92614,11337,21,23,19523259,8782,0,0,0
2026-04-22 11:41:34,60602832,32263,21023135,92675,11242,18,23,19532022,8763,0,0,0
2026-04-22 11:41:35,60635570,32738,21034482,92729,11401,20,23,19540797,8775,0,0,0
2026-04-22 11:41:36,60668349,32779,21045842,92782,11413,21,23,19549605,8808,0,0,0
2026-04-22 11:41:37,60701740,33391,21057407,92832,11615,19,23,19558365,8760,0,0,0
2026-04-22 11:41:38,60733750,32010,21068536,92879,11176,21,23,19567139,8774,0,0,0
2026-04-22 11:41:40,60766011,32261,21079711,92938,11234,20,23,19584702,17563,0,0,0
2026-04-22 11:41:41,60799722,33711,21091428,92981,11760,22,23,19593492,8790,0,0,0
2026-04-22 11:41:42,60833269,33547,21103043,93025,11659,22,23,19602282,8790,0,0,0
2026-04-22 11:41:43,60866314,33045,21114477,93087,11496,21,23,19611092,8810,0,0,0
2026-04-22 11:41:44,60899046,32732,21125819,93145,11400,20,23,19619858,8766,0,0,0
2026-04-22 11:41:45,60931145,32099,21136922,93204,11162,20,23,19628631,8773,0,0,0
2026-04-22 11:41:46,60963243,32098,21148092,93251,11217,21,23,19637402,8771,0,0,0
2026-04-22 11:41:47,60995489,32246,21159283,93299,11239,20,23,19646181,8779,0,0,0
2026-04-22 11:41:48,61026865,31376,21170166,93357,10941,22,23,19654952,8771,0,0,0
2026-04-22 11:41:50,61059397,32532,21181461,93394,11332,20,23,19672562,17610,0,0,0
2026-04-22 11:41:51,61091083,31686,21192479,93438,11062,21,23,19681372,8810,0,0,0
2026-04-22 11:41:52,61122694,31611,21203448,93484,11015,22,23,19690183,8811,0,0,0
2026-04-22 11:41:53,61155286,32592,21214781,93521,11370,21,23,19698981,8798,0,0,0
2026-04-22 11:41:54,61188410,33124,21226264,93559,11521,21,23,19707763,8782,0,0,0
2026-04-22 11:41:55,61220748,32338,21237473,93597,11247,22,23,19716554,8791,0,0,0
2026-04-22 11:41:56,61253431,32683,21248806,93652,11388,21,23,19725365,8811,0,0,0
2026-04-22 11:41:57,61286716,33285,21260290,93713,11545,18,23,19734175,8810,0,0,0
2026-04-22 11:41:58,61319573,32857,21271704,93761,11462,19,23,19742945,8770,0,0,0
2026-04-22 11:42:00,61351392,31819,21282743,93818,11096,20,23,19760561,17616,0,0,0
2026-04-22 11:42:01,61384257,32865,21294139,93872,11450,22,23,19769368,8807,0,0,0
2026-04-22 11:42:02,61417082,32825,21305522,93932,11443,21,23,19778139,8771,0,0,0
2026-04-22 11:42:03,61450237,33155,21317015,93970,11531,21,23,19786915,8776,0,0,0
2026-04-22 11:42:04,61481752,31515,21327942,94019,10976,22,23,19795692,8777,0,0,0
2026-04-22 11:42:05,61512531,30779,21338625,94068,10732,21,23,19804509,8817,0,0,0
2026-04-22 11:42:06,61545443,32912,21350037,94103,11447,20,23,19813276,8767,0,0,0
2026-04-22 11:42:07,61578192,32749,21361379,94153,11392,22,23,19822075,8799,0,0,0
2026-04-22 11:42:08,61609967,31775,21372407,94198,11073,21,23,19830808,8733,0,0,0
2026-04-22 11:42:10,61640723,30756,21383079,94249,10723,22,23,19839571,8763,0,0,0
2026-04-22 11:42:11,61671623,30900,21393798,94305,10775,21,23,19857105,17534,0,0,0
2026-04-22 11:42:12,61703886,32263,21404946,94368,11211,22,23,19865859,8754,0,0,0
2026-04-22 11:42:13,61736773,32887,21416343,94414,11443,21,23,19874606,8747,0,0,0
2026-04-22 11:42:14,61769209,32436,21427606,94455,11304,21,23,19883376,8770,0,0,0
2026-04-22 11:42:15,61801302,32093,21438740,94505,11184,20,23,19892161,8785,0,0,0
2026-04-22 11:42:16,61833606,32304,21449964,94543,11262,21,23,19900938,8777,0,0,0
2026-04-22 11:42:17,61866298,32692,21461303,94589,11385,22,23,19909678,8740,0,0,0
2026-04-22 11:42:18,61899613,33315,21472888,94626,11622,19,23,19918398,8720,0,0,0
2026-04-22 11:42:20,61931924,32311,21484117,94666,11269,22,23,19927126,8728,0,0,0
2026-04-22 11:42:21,61962588,30664,21494796,94714,10727,22,23,19944704,17578,0,0,0
2026-04-22 11:42:22,61995381,32793,21506182,94762,11434,17,23,19953554,8850,0,0,0
2026-04-22 11:42:23,62028188,32807,21517576,94814,11446,20,23,19962360,8806,0,0,0
2026-04-22 11:42:24,62061019,32831,21528952,94865,11427,21,23,19971107,8747,0,0,0
2026-04-22 11:42:25,62094159,33140,21540407,94919,11509,18,23,19979850,8743,0,0,0
2026-04-22 11:42:26,62127153,32994,21551842,94975,11491,22,23,19988624,8774,0,0,0
2026-04-22 11:42:27,62160218,33065,21563311,95031,11525,21,23,19997420,8796,0,0,0
2026-04-22 11:42:28,62192778,32560,21574590,95091,11339,21,23,20006197,8777,0,0,0
2026-04-22 11:42:30,62224327,31549,21585547,95151,11017,22,23,20014986,8789,0,0,0
2026-04-22 11:42:31,62254999,30672,21596169,95195,10666,22,23,20032584,17598,0,0,0
2026-04-22 11:42:32,62287848,32849,21607574,95232,11442,20,23,20041408,8824,0,0,0
2026-04-22 11:42:33,62320002,32154,21618763,95278,11235,21,23,20050236,8828,0,0,0
2026-04-22 11:42:34,62352546,32544,21630017,95340,11316,22,23,20059029,8793,0,0,0
2026-04-22 11:42:35,62384616,32070,21641135,95395,11173,21,23,20067858,8829,0,0,0
2026-04-22 11:42:36,62417461,32845,21652501,95441,11412,21,23,20076685,8827,0,0,0
2026-04-22 11:42:37,62450194,32733,21663868,95486,11412,20,23,20085490,8805,0,0,0
2026-04-22 11:42:38,62483219,33025,21675331,95525,11502,21,23,20094266,8776,0,0,0
2026-04-22 11:42:40,62514773,31554,21686271,95577,10992,21,23,20103019,8753,0,0,0
2026-04-22 11:42:41,62547293,32520,21697532,95624,11308,22,23,20120549,17530,0,0,0
2026-04-22 11:42:42,62578672,31379,21708403,95675,10922,21,23,20129327,8778,0,0,0
2026-04-22 11:42:43,62609618,30946,21719169,95720,10811,22,23,20138094,8767,0,0,0
2026-04-22 11:42:44,62642416,32798,21730531,95771,11413,22,23,20146862,8768,0,0,0
2026-04-22 11:42:45,62675890,33474,21742141,95812,11651,19,23,20155591,8729,0,0,0
2026-04-22 11:42:46,62707788,31898,21753214,95858,11119,21,23,20164330,8739,0,0,0
2026-04-22 11:42:47,62740338,32550,21764498,95917,11343,22,23,20173113,8783,0,0,0
2026-04-22 11:42:48,62772720,32382,21775713,95968,11266,21,23,20181951,8838,0,0,0
2026-04-22 11:42:50,62803918,31198,21786510,96024,10853,22,23,20190773,8822,0,0,0
2026-04-22 11:42:51,62834561,30643,21797112,96070,10648,21,23,20208336,17563,0,0,0
2026-04-22 11:42:52,62866533,31972,21808211,96112,11141,22,23,20217084,8748,0,0,0
2026-04-22 11:42:53,62898940,32407,21819474,96163,11314,21,23,20225850,8766,0,0,0
2026-04-22 11:42:54,62931915,32975,21830935,96206,11504,22,23,20234628,8778,0,0,0
2026-04-22 11:42:55,62965605,33690,21842629,96250,11738,21,23,20243446,8818,0,0,0
2026-04-22 11:42:56,62998364,32759,21853997,96292,11410,22,23,20252252,8806,0,0,0
2026-04-22 11:42:57,63031591,33227,21865500,96344,11555,22,23,20261038,8786,0,0,0
2026-04-22 11:42:58,63063903,32312,21876708,96391,11255,21,23,20269798,8760,0,0,0
2026-04-22 11:42:59,63095155,31252,21887546,96444,10891,22,23,20278568,8770,0,0,0
2026-04-22 11:43:01,63125948,30793,21898204,96489,10703,20,23,20296144,17576,0,0,0
2026-04-22 11:43:02,63156367,30419,21908762,96530,10599,21,23,20304921,8777,0,0,0
2026-04-22 11:43:03,63188595,32228,21919940,96577,11225,22,23,20313674,8753,0,0,0
2026-04-22 11:43:04,63221189,32594,21931235,96624,11342,21,23,20322431,8757,0,0,0
2026-04-22 11:43:05,63253917,32728,21942569,96679,11389,22,23,20331181,8750,0,0,0
2026-04-22 11:43:06,63286283,32366,21953821,96715,11288,21,23,20339948,8767,0,0,0
2026-04-22 11:43:07,63317878,31595,21964790,96773,11027,19,23,20348735,8787,0,0,0
2026-04-22 11:43:08,63348902,31024,21975565,96827,10829,21,23,20357534,8799,0,0,0
2026-04-22 11:43:09,63377927,29025,21985658,96871,10137,20,23,20366350,8816,0,0,0
2026-04-22 11:43:11,63409212,31285,21996521,96917,10909,21,23,20383959,17609,0,0,0
2026-04-22 11:43:12,63440427,31215,22007371,96950,10883,22,23,20392737,8778,0,0,0
2026-04-22 11:43:13,63473137,32710,22018724,97002,11405,21,23,20401486,8749,0,0,0
2026-04-22 11:43:14,63505193,32056,22029834,97062,11170,22,23,20410269,8783,0,0,0
2026-04-22 11:43:15,63537853,32660,22041151,97115,11370,20,23,20419049,8780,0,0,0
2026-04-22 11:43:16,63569374,31521,22052092,97159,10985,21,23,20427832,8783,0,0,0
2026-04-22 11:43:17,63601471,32097,22063197,97212,11158,21,23,20436610,8778,0,0,0
2026-04-22 11:43:18,63633131,31660,22074172,97262,11025,21,23,20445432,8822,0,0,0
2026-04-22 11:43:19,63664868,31737,22085190,97305,11061,22,23,20454232,8800,0,0,0
2026-04-22 11:43:21,63696277,31409,22096054,97356,10915,20,23,20463017,8785,0,0,0
2026-04-22 11:43:22,63728669,32392,22107265,97418,11273,20,23,20480555,17538,0,0,0
2026-04-22 11:43:23,63761635,32966,22118701,97450,11468,21,23,20489352,8797,0,0,0
2026-04-22 11:43:24,63794279,32644,22129983,97510,11342,21,23,20498178,8826,0,0,0
2026-04-22 11:43:25,63825860,31581,22140940,97543,10990,21,23,20506984,8806,0,0,0
2026-04-22 11:43:26,63858026,32166,22152113,97602,11232,21,23,20515793,8809,0,0,0
2026-04-22 11:43:27,63888343,30317,22162643,97633,10561,21,23,20524612,8819,0,0,0
2026-04-22 11:43:28,63919824,31481,22173566,97693,10983,20,23,20533428,8816,0,0,0
2026-04-22 11:43:29,63952668,32844,22184932,97735,11408,20,23,20542199,8771,0,0,0
2026-04-22 11:43:31,63984445,31777,22195948,97787,11068,22,23,20550955,8756,0,0,0
2026-04-22 11:43:32,64016018,31573,22206921,97829,11015,21,23,20568487,17532,0,0,0
2026-04-22 11:43:33,64049294,33276,22218425,97890,11565,21,23,20577227,8740,0,0,0
2026-04-22 11:43:34,64081792,32498,22229709,97939,11333,19,23,20585967,8740,0,0,0
2026-04-22 11:43:35,64113895,32103,22240845,97979,11176,22,23,20594719,8752,0,0,0
2026-04-22 11:43:36,64145848,31953,22251931,98023,11130,21,23,20603496,8777,0,0,0
2026-04-22 11:43:37,64178714,32866,22263310,98078,11434,22,23,20612268,8772,0,0,0
2026-04-22 11:43:38,64210703,31989,22274417,98123,11152,21,23,20621011,8743,0,0,0
2026-04-22 11:43:39,64242769,32066,22285527,98173,11160,21,23,20629744,8733,0,0,0
2026-04-22 11:43:41,64273115,30346,22296057,98216,10573,22,23,20638453,8709,0,0,0
2026-04-22 11:43:42,64305081,31966,22307145,98261,11133,21,23,20655912,17459,0,0,0
2026-04-22 11:43:43,64338058,32977,22318583,98317,11494,21,23,20664624,8712,0,0,0
2026-04-22 11:43:44,64370213,32155,22329736,98364,11200,22,23,20673348,8724,0,0,0
2026-04-22 11:43:45,64402831,32618,22341069,98402,11371,21,23,20682078,8730,0,0,0
2026-04-22 11:43:46,64434704,31873,22352122,98454,11105,22,23,20690843,8765,0,0,0
2026-04-22 11:43:47,64466035,31331,22362987,98492,10903,21,23,20699620,8777,0,0,0
2026-04-22 11:43:48,64498051,32016,22374115,98536,11172,22,23,20708392,8772,0,0,0
2026-04-22 11:43:49,64530782,32731,22385461,98601,11411,22,23,20717174,8782,0,0,0
2026-04-22 11:43:51,64562695,31913,22396533,98652,11123,21,23,20725988,8814,0,0,0
2026-04-22 11:43:52,64594955,32260,22407717,98708,11240,20,23,20743549,17561,0,0,0
2026-04-22 11:43:53,64627460,32505,22418991,98757,11323,19,23,20752297,8748,0,0,0
2026-04-22 11:43:54,64659793,32333,22430178,98817,11247,19,23,20761055,8758,0,0,0
2026-04-22 11:43:55,64692247,32454,22441447,98870,11322,22,23,20769826,8771,0,0,0
2026-04-22 11:43:56,64724764,32517,22452726,98917,11326,20,23,20778605,8779,0,0,0
2026-04-22 11:43:57,64756968,32204,22463910,98970,11237,21,23,20787451,8846,0,0,0
2026-04-22 11:43:58,64788171,31203,22474753,99008,10881,22,23,20796299,8848,0,0,0
2026-04-22 11:43:59,64820018,31847,22485802,99048,11089,22,23,20805121,8822,0,0,0
2026-04-22 11:44:01,64851929,31911,22496884,99098,11132,20,23,20813851,8730,0,0,0
2026-04-22 11:44:02,64884588,32659,22508197,99145,11360,21,23,20831326,17475,0,0,0
2026-04-22 11:44:03,64917409,32821,22519580,99201,11439,21,23,20840061,8735,0,0,0
2026-04-22 11:44:04,64950147,32738,22530943,99252,11414,20,23,20848822,8761,0,0,0
2026-04-22 11:44:05,64982678,32531,22542230,99296,11331,22,23,20857581,8759,0,0,0
2026-04-22 11:44:06,65014239,31561,22553172,99342,10988,22,23,20866361,8780,0,0,0
2026-04-22 11:44:07,65046517,32278,22564397,99386,11269,21,23,20875156,8795,0,0,0
2026-04-22 11:44:08,65079306,32789,22575788,99426,11431,22,23,20883952,8796,0,0,0
2026-04-22 11:44:09,65111666,32360,22587024,99474,11284,22,23,20892783,8831,0,0,0
2026-04-22 11:44:11,65143937,32271,22598220,99517,11239,15,23,20901593,8810,0,0,0
2026-04-22 11:44:12,65175650,31713,22609234,99573,11070,22,23,20919253,17660,0,0,0
2026-04-22 11:44:13,65208667,33017,22620689,99620,11502,20,23,20928097,8844,0,0,0
2026-04-22 11:44:14,65241263,32596,22632009,99664,11364,21,23,20936945,8848,0,0,0
2026-04-22 11:44:15,65273424,32161,22643169,99718,11214,21,23,20945775,8830,0,0,0
2026-04-22 11:44:16,65305366,31942,22654264,99769,11146,20,23,20954528,8753,0,0,0
2026-04-22 11:44:17,65337925,32559,22665567,99817,11351,20,23,20963234,8706,0,0,0
2026-04-22 11:44:18,65369397,31472,22676484,99861,10961,21,23,20971916,8682,0,0,0
2026-04-22 11:44:19,65402260,32863,22687903,99900,11458,21,23,20980614,8698,0,0,0
2026-04-22 11:44:20,65434572,32312,22699117,99954,11268,20,23,20989322,8708,0,0,0
2026-04-22 11:44:22,65467524,32952,22710547,100001,11477,21,23,21006881,17559,0,0,0
2026-04-22 11:44:23,65500395,32871,22721938,100053,11443,21,23,21015701,8820,0,0,0
2026-04-22 11:44:24,65532538,32143,22733109,100096,11214,21,23,21024516,8815,0,0,0
2026-04-22 11:44:25,65564713,32175,22744275,100147,11217,21,23,21033315,8799,0,0,0
2026-04-22 11:44:26,65597911,33198,22755791,100191,11560,21,23,21042111,8796,0,0,0
2026-04-22 11:44:27,65631047,33136,22767292,100232,11542,21,23,21050929,8818,0,0,0
2026-04-22 11:44:28,65664767,33720,22778976,100287,11739,21,23,21059712,8783,0,0,0
2026-04-22 11:44:29,65698205,33438,22790534,100344,11615,22,23,21068526,8814,0,0,0
2026-04-22 11:44:30,65730305,32100,22801667,100400,11189,22,23,21077317,8791,0,0,0
2026-04-22 11:44:32,65762278,31973,22812766,100448,11147,19,23,21094856,17539,0,0,0
2026-04-22 11:44:33,65795001,32723,22824103,100506,11395,22,23,21103592,8736,0,0,0
2026-04-22 11:44:34,65828036,33035,22835542,100565,11498,22,23,21112346,8754,0,0,0
2026-04-22 11:44:35,65860149,32113,22846695,100607,11195,18,23,21121116,8770,0,0,0
2026-04-22 11:44:36,65892205,32056,22857799,100648,11145,19,23,21129914,8798,0,0,0
2026-04-22 11:44:37,65924212,32007,22868908,100700,11161,21,23,21138736,8822,0,0,0
2026-04-22 11:44:38,65956756,32544,22880214,100739,11345,21,23,21147544,8808,0,0,0
2026-04-22 11:44:39,65989879,33123,22891707,100795,11549,20,23,21156295,8751,0,0,0
2026-04-22 11:44:40,66022305,32426,22902995,100843,11336,22,23,21165028,8733,0,0,0
2026-04-22 11:44:42,66054307,32002,22914113,100884,11159,20,23,21182586,17558,0,0,0
2026-04-22 11:44:43,66086879,32572,22925431,100928,11362,21,23,21191403,8817,0,0,0
2026-04-22 11:44:44,66119200,32321,22936619,100979,11239,19,23,21200237,8834,0,0,0
2026-04-22 11:44:45,66151642,32442,22947882,101031,11315,22,23,21209091,8854,0,0,0
2026-04-22 11:44:46,66183744,32102,22959034,101087,11208,21,23,21217909,8818,0,0,0
2026-04-22 11:44:47,66217140,33396,22970582,101138,11599,20,23,21226707,8798,0,0,0
2026-04-22 11:44:48,66250059,32919,22981998,101203,11481,20,23,21235510,8803,0,0,0
2026-04-22 11:44:49,66282846,32787,22993393,101258,11450,19,23,21244319,8809,0,0,0
2026-04-22 11:44:50,66316003,33157,23004890,101322,11561,22,23,21253120,8801,0,0,0
2026-04-22 11:44:52,66347768,31765,23015899,101387,11074,21,23,21270765,17645,0,0,0
2026-04-22 11:44:53,66380930,33162,23027403,101425,11542,21,23,21279597,8832,0,0,0
2026-04-22 11:44:54,66413576,32646,23038744,101467,11383,21,23,21288451,8854,0,0,0
2026-04-22 11:44:55,66445564,31988,23049838,101520,11147,21,23,21297330,8879,0,0,0
2026-04-22 11:44:56,66477326,31762,23060856,101575,11073,21,23,21306223,8893,0,0,0
2026-04-22 11:44:57,66510503,33177,23072355,101638,11562,21,23,21315094,8871,0,0,0
2026-04-22 11:44:58,66543258,32755,23083745,101693,11445,22,23,21323948,8854,0,0,0
2026-04-22 11:44:59,66576025,32767,23095142,101743,11447,20,23,21332816,8868,0,0,0
2026-04-22 11:45:00,66608111,32086,23106280,101795,11190,22,23,21341673,8857,0,0,0
2026-04-22 11:45:02,66639048,30937,23117031,101843,10799,22,23,21359379,17706,0,0,0
2026-04-22 11:45:03,66669849,30801,23127731,101894,10751,19,23,21368187,8808,0,0,0
2026-04-22 11:45:04,66702407,32558,23139032,101939,11346,21,23,21377030,8843,0,0,0
2026-04-22 11:45:05,66734844,32437,23150294,101985,11308,20,23,21385919,8889,0,0,0
2026-04-22 11:45:06,66767273,32429,23161553,102042,11316,22,23,21394808,8889,0,0,0
2026-04-22 11:45:07,66799977,32704,23172895,102091,11391,22,23,21403666,8858,0,0,0
2026-04-22 11:45:08,66832472,32495,23184173,102132,11319,20,23,21412503,8837,0,0,0
2026-04-22 11:45:09,66865160,32688,23195512,102185,11392,21,23,21421353,8850,0,0,0
2026-04-22 11:45:10,66897813,32653,23206845,102234,11382,20,23,21430216,8863,0,0,0
2026-04-22 11:45:12,66929288,31475,23217782,102274,10977,22,23,21439085,8869,0,0,0
2026-04-22 11:45:13,66961441,32153,23228951,102315,11210,21,23,21456828,17743,0,0,0
2026-04-22 11:45:14,66992857,31416,23239863,102369,10966,22,23,21465647,8819,0,0,0
2026-04-22 11:45:15,67025021,32164,23251002,102423,11193,20,23,21474481,8834,0,0,0
2026-04-22 11:45:16,67058412,33391,23262581,102467,11623,20,23,21483320,8839,0,0,0
2026-04-22 11:45:17,67091998,33586,23274239,102502,11693,19,23,21492221,8901,0,0,0
2026-04-22 11:45:18,67125620,33622,23285908,102551,11718,20,23,21501082,8861,0,0,0
2026-04-22 11:45:19,67159054,33434,23297490,102598,11629,21,23,21509941,8859,0,0,0
2026-04-22 11:45:20,67191104,32050,23308625,102646,11183,22,23,21518782,8841,0,0,0
2026-04-22 11:45:22,67221791,30687,23319277,102698,10704,21,23,21527651,8869,0,0,0
2026-04-22 11:45:23,67253252,31461,23330196,102737,10958,21,23,21545470,17819,0,0,0
2026-04-22 11:45:24,67286031,32779,23341584,102787,11438,21,23,21554394,8924,0,0,0
2026-04-22 11:45:25,67317334,31303,23352485,102840,10954,19,23,21563316,8922,0,0,0
2026-04-22 11:45:26,67349747,32413,23363726,102885,11286,21,23,21572232,8916,0,0,0
2026-04-22 11:45:27,67383132,33385,23375320,102924,11633,21,23,21581107,8875,0,0,0
2026-04-22 11:45:28,67416566,33434,23386915,102975,11646,19,23,21589998,8891,0,0,0
2026-04-22 11:45:29,67449286,32720,23398242,103031,11383,20,23,21598872,8874,0,0,0
2026-04-22 11:45:30,67480383,31097,23409083,103077,10887,21,23,21607783,8911,0,0,0
2026-04-22 11:45:32,67511891,31508,23420032,103124,10996,22,23,21625605,17822,0,0,0
2026-04-22 11:45:33,67544350,32459,23431303,103175,11322,21,23,21634511,8906,0,0,0
2026-04-22 11:45:34,67577325,32975,23442759,103226,11507,21,23,21643426,8915,0,0,0
2026-04-22 11:45:35,67610538,33213,23454292,103271,11578,22,23,21652336,8910,0,0,0
2026-04-22 11:45:36,67644123,33585,23465965,103320,11722,22,23,21661218,8882,0,0,0
2026-04-22 11:45:37,67677280,33157,23477467,103381,11563,21,23,21670116,8898,0,0,0
2026-04-22 11:45:38,67711063,33783,23489176,103436,11764,22,23,21679008,8892,0,0,0
2026-04-22 11:45:39,67743551,32488,23500445,103496,11329,20,23,21687887,8879,0,0,0
2026-04-22 11:45:40,67775200,31649,23511450,103536,11045,22,23,21696785,8898,0,0,0
2026-04-22 11:45:42,67806479,31279,23522298,103578,10890,21,23,21714633,17848,0,0,0
2026-04-22 11:45:43,67838669,32190,23533474,103617,11215,21,23,21723599,8966,0,0,0
2026-04-22 11:45:44,67871200,32531,23544760,103657,11326,20,23,21732589,8990,0,0,0
2026-04-22 11:45:45,67904099,32899,23556174,103707,11464,20,23,21741546,8957,0,0,0
2026-04-22 11:45:46,67937021,32922,23567589,103751,11459,21,23,21750486,8940,0,0,0
2026-04-22 11:45:47,67970242,33221,23579101,103805,11566,22,23,21759435,8949,0,0,0
2026-04-22 11:45:48,68003286,33044,23590550,103862,11506,22,23,21768400,8965,0,0,0
2026-04-22 11:45:49,68036303,33017,23602024,103906,11518,20,23,21777367,8967,0,0,0
2026-04-22 11:45:50,68066779,30476,23612620,103956,10646,22,23,21786310,8943,0,0,0
2026-04-22 11:45:52,68098021,31242,23623450,103993,10867,22,23,21804242,17932,0,0,0
2026-04-22 11:45:53,68130664,32643,23634783,104038,11378,22,23,21813233,8991,0,0,0
2026-04-22 11:45:54,68162662,31998,23645890,104104,11173,19,23,21822219,8986,0,0,0
2026-04-22 11:45:55,68196014,33352,23657434,104164,11604,20,23,21831209,8990,0,0,0
2026-04-22 11:45:56,68228913,32899,23668849,104216,11467,22,23,21840213,9004,0,0,0
2026-04-22 11:45:57,68262025,33112,23680327,104255,11517,22,23,21849221,9008,0,0,0
2026-04-22 11:45:58,68294301,32276,23691531,104306,11255,20,23,21858233,9012,0,0,0
2026-04-22 11:45:59,68327192,32891,23702948,104363,11474,21,23,21867275,9042,0,0,0
2026-04-22 11:46:00,68356571,29379,23713177,104412,10278,22,23,21876291,9016,0,0,0
2026-04-22 11:46:02,68387907,31336,23724036,104463,10910,21,23,21894278,17987,0,0,0
2026-04-22 11:46:03,68420646,32739,23735388,104507,11396,20,23,21903266,8988,0,0,0
2026-04-22 11:46:04,68453167,32521,23746654,104559,11318,22,23,21912296,9030,0,0,0
2026-04-22 11:46:05,68485219,32052,23757761,104614,11162,21,23,21921290,8994,0,0,0
2026-04-22 11:46:06,68517793,32574,23769080,104671,11376,18,23,21930294,9004,0,0,0
2026-04-22 11:46:07,68550279,32486,23780346,104729,11324,21,23,21939291,8997,0,0,0
2026-04-22 11:46:08,68582874,32595,23791650,104788,11363,22,23,21948290,8999,0,0,0
2026-04-22 11:46:09,68616062,33188,23803163,104838,11563,20,23,21957282,8992,0,0,0
2026-04-22 11:46:11,68647008,30946,23813881,104886,10766,20,23,21966321,9039,0,0,0
2026-04-22 11:46:12,68679692,32684,23825222,104931,11386,20,23,21984465,18144,0,0,0
2026-04-22 11:46:13,68712586,32894,23836627,104981,11455,19,23,21993541,9076,0,0,0
2026-04-22 11:46:14,68745597,33011,23848095,105022,11509,22,23,22002632,9091,0,0,0
2026-04-22 11:46:15,68778882,33285,23859635,105063,11581,22,23,22011718,9086,0,0,0
2026-04-22 11:46:16,68812230,33348,23871215,105106,11623,22,23,22020786,9068,0,0,0
2026-04-22 11:46:17,68845665,33435,23882808,105167,11654,22,23,22029845,9059,0,0,0
2026-04-22 11:46:18,68878300,32635,23894117,105221,11363,22,23,22038898,9053,0,0,0
2026-04-22 11:46:19,68909738,31438,23905042,105268,10972,20,23,22047949,9051,0,0,0
2026-04-22 11:46:21,68941245,31507,23915980,105320,10990,21,23,22057008,9059,0,0,0
2026-04-22 11:46:22,68973244,31999,23927086,105371,11157,21,23,22075211,18203,0,0,0
2026-04-22 11:46:23,69006505,33261,23938615,105425,11583,21,23,22084340,9129,0,0,0
2026-04-22 11:46:24,69039224,32719,23949990,105474,11424,22,23,22093487,9147,0,0,0
2026-04-22 11:46:25,69072880,33656,23961663,105510,11709,21,23,22102613,9126,0,0,0
2026-04-22 11:46:26,69106473,33593,23973327,105562,11716,20,23,22111746,9133,0,0,0
2026-04-22 11:46:27,69139272,32799,23984702,105599,11412,17,23,22120815,9069,0,0,0
2026-04-22 11:46:28,69172833,33561,23996315,105648,11662,20,23,22129925,9110,0,0,0
2026-04-22 11:46:29,69205238,32405,24007545,105693,11275,19,23,22139023,9098,0,0,0
2026-04-22 11:46:31,69236115,30877,24018266,105744,10772,18,23,22148127,9104,0,0,0
2026-04-22 11:46:32,69268710,32595,24029583,105786,11359,22,23,22166338,18211,0,0,0
2026-04-22 11:46:33,69301139,32429,24040851,105838,11320,22,23,22175448,9110,0,0,0
2026-04-22 11:46:34,69334620,33481,24052439,105881,11631,22,23,22184559,9111,0,0,0
2026-04-22 11:46:35,69367971,33351,24063986,105930,11596,19,23,22193626,9067,0,0,0
2026-04-22 11:46:36,69401328,33357,24075543,105983,11610,21,23,22202751,9125,0,0,0
2026-04-22 11:46:37,69433762,32434,24086809,106040,11323,22,23,22211888,9137,0,0,0
2026-04-22 11:46:38,69466456,32694,24098131,106100,11382,21,23,22220996,9108,0,0,0
2026-04-22 11:46:39,69500018,33562,24109767,106146,11682,22,23,22230115,9119,0,0,0
2026-04-22 11:46:41,69532544,32526,24121052,106194,11333,21,23,22239241,9126,0,0,0
2026-04-22 11:46:42,69565996,33452,24132639,106262,11655,22,23,22257634,18393,0,0,0
2026-04-22 11:46:43,69599937,33941,24144389,106316,11804,21,23,22266814,9180,0,0,0
2026-04-22 11:46:44,69633026,33089,24155874,106374,11543,21,23,22276000,9186,0,0,0
2026-04-22 11:46:45,69666167,33141,24167372,106427,11551,21,23,22285153,9153,0,0,0
2026-04-22 11:46:46,69699617,33450,24178981,106485,11667,21,23,22294306,9153,0,0,0
2026-04-22 11:46:47,69732898,33281,24190515,106534,11583,21,23,22303436,9130,0,0,0
2026-04-22 11:46:48,69765540,32642,24201820,106575,11346,22,23,22312574,9138,0,0,0
2026-04-22 11:46:49,69798734,33194,24213327,106629,11561,19,23,22321713,9139,0,0,0
2026-04-22 11:46:51,69830349,31615,24224293,106676,11013,20,23,22330894,9181,0,0,0
2026-04-22 11:46:52,69863061,32712,24235619,106736,11386,21,23,22349369,18475,0,0,0
2026-04-22 11:46:53,69896152,33091,24247103,106791,11539,22,23,22358592,9223,0,0,0
2026-04-22 11:46:54,69929608,33456,24258709,106836,11651,21,23,22367786,9194,0,0,0
2026-04-22 11:46:55,69961975,32367,24269946,106883,11284,22,23,22376972,9186,0,0,0
2026-04-22 11:46:56,69994281,32306,24281165,106934,11270,20,23,22386140,9168,0,0,0
2026-04-22 11:46:57,70026368,32087,24292314,106976,11191,21,23,22395329,9189,0,0,0
2026-04-22 11:46:58,70059712,33344,24303878,107029,11617,22,23,22404537,9208,0,0,0
2026-04-22 11:46:59,70091890,32178,24315060,107074,11227,22,23,22413761,9224,0,0,0
2026-04-22 11:47:01,70123673,31783,24326116,107122,11104,22,23,22422938,9177,0,0,0
2026-04-22 11:47:02,70156691,33018,24337562,107172,11496,22,23,22441340,18402,0,0,0
2026-04-22 11:47:03,70190257,33566,24349217,107222,11705,22,23,22450592,9252,0,0,0
2026-04-22 11:47:04,70222600,32343,24360428,107271,11260,22,23,22459823,9231,0,0,0
2026-04-22 11:47:05,70254593,31993,24371531,107331,11163,22,23,22469048,9225,0,0,0
2026-04-22 11:47:06,70285515,30922,24382240,107383,10761,21,23,22478267,9219,0,0,0
2026-04-22 11:47:07,70316820,31305,24393089,107448,10914,20,23,22487510,9243,0,0,0
2026-04-22 11:47:08,70349397,32577,24404374,107499,11336,22,23,22496762,9252,0,0,0
2026-04-22 11:47:09,70382870,33473,24415965,107554,11646,22,23,22505985,9223,0,0,0
2026-04-22 11:47:11,70415426,32556,24427242,107612,11335,15,23,22515191,9206,0,0,0
2026-04-22 11:47:12,70448390,32964,24438677,107660,11483,20,23,22533699,18508,0,0,0
2026-04-22 11:47:13,70481575,33185,24450165,107721,11549,20,23,22542973,9274,0,0,0
2026-04-22 11:47:14,70514159,32584,24461476,107784,11374,21,23,22552260,9287,0,0,0
2026-04-22 11:47:15,70547500,33341,24473044,107840,11624,22,23,22561570,9310,0,0,0
2026-04-22 11:47:16,70580597,33097,24484516,107894,11526,18,23,22570851,9281,0,0,0
2026-04-22 11:47:17,70613369,32772,24495884,107943,11417,20,23,22580114,9263,0,0,0
2026-04-22 11:47:18,70647454,34085,24507723,107989,11885,21,23,22589352,9238,0,0,0
2026-04-22 11:47:19,70681179,33725,24519443,108042,11773,22,23,22598617,9265,0,0,0
2026-04-22 11:47:21,70714109,32930,24530853,108097,11465,21,23,22617155,18538,0,0,0
2026-04-22 11:47:22,70747904,33795,24542593,108146,11789,22,23,22626431,9276,0,0,0
2026-04-22 11:47:23,70781330,33426,24554211,108202,11674,21,23,22635733,9302,0,0,0
2026-04-22 11:47:24,70814543,33213,24565748,108249,11584,21,23,22645008,9275,0,0,0
2026-04-22 11:47:25,70847404,32861,24577175,108297,11475,21,23,22654303,9295,0,0,0
2026-04-22 11:47:26,70881145,33741,24588883,108350,11761,21,23,22663605,9302,0,0,0
2026-04-22 11:47:27,70913921,32776,24600297,108395,11459,21,23,22672951,9346,0,0,0
2026-04-22 11:47:28,70947320,33399,24611882,108442,11632,22,23,22682263,9312,0,0,0
2026-04-22 11:47:29,70980594,33274,24623434,108482,11592,16,23,22691578,9315,0,0,0
2026-04-22 11:47:31,71013555,32961,24634858,108524,11466,22,23,22710152,18574,0,0,0
2026-04-22 11:47:32,71046473,32918,24646284,108562,11464,21,23,22719434,9282,0,0,0
2026-04-22 11:47:33,71078899,32426,24657523,108606,11283,21,23,22728731,9297,0,0,0
2026-04-22 11:47:34,71110432,31533,24668495,108646,11012,21,23,22738023,9292,0,0,0
2026-04-22 11:47:35,71143384,32952,24679936,108686,11481,21,23,22747338,9315,0,0,0
2026-04-22 11:47:36,71176390,33006,24691400,108734,11512,21,23,22756660,9322,0,0,0
2026-04-22 11:47:37,71210380,33990,24703191,108781,11838,22,23,22765985,9325,0,0,0
2026-04-22 11:47:38,71243677,33297,24714772,108829,11629,22,23,22775321,9336,0,0,0
2026-04-22 11:47:39,71276545,32868,24726180,108875,11454,21,23,22784717,9396,0,0,0
2026-04-22 11:47:41,71307593,31048,24736973,108914,10832,22,23,22794115,9398,0,0,0
2026-04-22 11:47:42,71339195,31602,24747945,108960,11018,22,23,22812904,18789,0,0,0
2026-04-22 11:47:43,71370457,31262,24758785,109013,10893,21,23,22822295,9391,0,0,0
2026-04-22 11:47:44,71403419,32962,24770200,109062,11464,21,23,22831686,9391,0,0,0
2026-04-22 11:47:45,71435947,32528,24781483,109105,11326,21,23,22841092,9406,0,0,0
2026-04-22 11:47:46,71468966,33019,24792928,109153,11493,21,23,22850514,9422,0,0,0
2026-04-22 11:47:47,71502126,33160,24804402,109214,11535,22,23,22859930,9416,0,0,0
2026-04-22 11:47:48,71535830,33704,24816077,109273,11734,21,23,22869344,9414,0,0,0
2026-04-22 11:47:49,71568394,32564,24827379,109332,11361,22,23,22878726,9382,0,0,0
2026-04-22 11:47:51,71599515,31121,24838156,109387,10832,20,23,22888082,9356,0,0,0
2026-04-22 11:47:52,71630313,30798,24848845,109426,10728,19,23,22906880,18798,0,0,0
2026-04-22 11:47:53,71662755,32442,24860075,109473,11277,22,23,22916281,9401,0,0,0
2026-04-22 11:47:54,71695111,32356,24871280,109524,11256,22,23,22925662,9381,0,0,0
2026-04-22 11:47:55,71727505,32394,24882526,109587,11309,21,23,22935032,9370,0,0,0
2026-04-22 11:47:56,71760799,33294,24894080,109639,11606,20,23,22944423,9391,0,0,0
2026-04-22 11:47:57,71793481,32682,24905383,109697,11361,20,23,22953826,9403,0,0,0
2026-04-22 11:47:58,71826370,32889,24916832,109734,11486,22,23,22963218,9392,0,0,0
2026-04-22 11:47:59,71859258,32888,24928258,109778,11470,19,23,22972609,9391,0,0,0
2026-04-22 11:48:01,71890689,31431,24939178,109816,10958,21,23,22981983,9374,0,0,0
2026-04-22 11:48:02,71922495,31806,24950214,109867,11087,19,23,23000711,18728,0,0,0
2026-04-22 11:48:03,71955578,33083,24961657,109919,11495,22,23,23010081,9370,0,0,0
2026-04-22 11:48:04,71987836,32258,24972894,109952,11270,22,23,23019456,9375,0,0,0
2026-04-22 11:48:05,72020036,32200,24984083,109995,11232,20,23,23028827,9371,0,0,0
2026-04-22 11:48:06,72053336,33300,24995638,110042,11602,21,23,23038222,9395,0,0,0
2026-04-22 11:48:07,72086019,32683,25006964,110101,11385,22,23,23047620,9398,0,0,0
2026-04-22 11:48:08,72118250,32231,25018148,110146,11229,21,23,23057026,9406,0,0,0
2026-04-22 11:48:09,72149581,31331,25029018,110200,10924,21,23,23066428,9402,0,0,0
2026-04-22 11:48:11,72178760,29179,25039182,110233,10197,22,23,23075829,9401,0,0,0
2026-04-22 11:48:12,72209027,30267,25049679,110279,10543,18,23,23094612,18783,0,0,0
2026-04-22 11:48:13,72241026,31999,25060802,110327,11171,22,23,23103986,9374,0,0,0
2026-04-22 11:48:14,72273520,32494,25072082,110381,11334,20,23,23113389,9403,0,0,0
2026-04-22 11:48:15,72305783,32263,25083287,110433,11257,18,23,23122800,9411,0,0,0
2026-04-22 11:48:16,72338653,32870,25094680,110485,11445,22,23,23132205,9405,0,0,0
2026-04-22 11:48:17,72371601,32948,25106103,110545,11483,21,23,23141569,9364,0,0,0
2026-04-22 11:48:18,72403624,32023,25117217,110601,11170,21,23,23150927,9358,0,0,0
2026-04-22 11:48:19,72435091,31467,25128149,110648,10979,22,23,23160290,9363,0,0,0
2026-04-22 11:48:21,72464809,29718,25138484,110685,10372,20,23,23169647,9357,0,0,0
2026-04-22 11:48:22,72497154,32345,25149687,110733,11251,22,23,23188399,18752,0,0,0
2026-04-22 11:48:23,72530095,32941,25161135,110779,11494,21,23,23197820,9421,0,0,0
2026-04-22 11:48:24,72562374,32279,25172308,110835,11229,22,23,23207227,9407,0,0,0
2026-04-22 11:48:25,72595030,32656,25183630,110885,11372,22,23,23216630,9403,0,0,0
2026-04-22 11:48:26,72627408,32378,25194873,110935,11293,22,23,23226003,9373,0,0,0
2026-04-22 11:48:27,72659546,32138,25206022,110984,11198,20,23,23235369,9366,0,0,0
2026-04-22 11:48:28,72691489,31943,25217104,111029,11127,20,23,23244723,9354,0,0,0
2026-04-22 11:48:29,72722979,31490,25228029,111078,10974,20,23,23254067,9344,0,0,0
2026-04-22 11:48:31,72755464,32485,25239267,111138,11298,20,23,23263418,9351,0,0,0
2026-04-22 11:48:32,72787758,32294,25250472,111184,11251,21,23,23282168,18750,0,0,0
2026-04-22 11:48:33,72820607,32849,25261875,111237,11456,20,23,23291547,9379,0,0,0
2026-04-22 11:48:34,72853756,33149,25273375,111286,11549,21,23,23300904,9357,0,0,0
2026-04-22 11:48:35,72886559,32803,25284737,111348,11424,21,23,23310282,9378,0,0,0
2026-04-22 11:48:36,72919814,33255,25296246,111407,11568,19,23,23319637,9355,0,0,0
2026-04-22 11:48:37,72952158,32344,25307481,111455,11283,21,23,23329013,9376,0,0,0
2026-04-22 11:48:38,72984295,32137,25318638,111492,11194,21,23,23338384,9371,0,0,0
2026-04-22 11:48:39,73017110,32815,25330044,111536,11450,22,23,23347786,9402,0,0,0
2026-04-22 11:48:41,73049216,32106,25341186,111584,11190,21,23,23357164,9378,0,0,0
2026-04-22 11:48:42,73080867,31651,25352168,111636,11034,21,23,23375846,18682,0,0,0
2026-04-22 11:48:43,73113873,33006,25363615,111687,11498,19,23,23385157,9311,0,0,0
2026-04-22 11:48:44,73147620,33747,25375303,111730,11731,22,23,23394475,9318,0,0,0
2026-04-22 11:48:45,73180905,33285,25386852,111773,11592,22,23,23403804,9329,0,0,0
2026-04-22 11:48:46,73214371,33466,25398432,111822,11629,21,23,23413146,9342,0,0,0
2026-04-22 11:48:47,73247866,33495,25410021,111876,11643,20,23,23422462,9316,0,0,0
2026-04-22 11:48:48,73279814,31948,25421079,111936,11118,20,23,23431786,9324,0,0,0
2026-04-22 11:48:49,73312465,32651,25432419,111975,11379,22,23,23441071,9285,0,0,0
2026-04-22 11:48:51,73344610,32145,25443578,112019,11203,22,23,23450386,9315,0,0,0
2026-04-22 11:48:52,73377362,32752,25454900,112080,11383,20,23,23469115,18729,0,0,0
2026-04-22 11:48:53,73409839,32477,25466193,112121,11334,20,23,23478501,9386,0,0,0
2026-04-22 11:48:54,73442860,33021,25477665,112162,11513,22,23,23487867,9366,0,0,0
2026-04-22 11:48:55,73475696,32836,25489069,112218,11460,19,23,23497228,9361,0,0,0
2026-04-22 11:48:56,73508523,32827,25500453,112266,11432,20,23,23506590,9362,0,0,0
2026-04-22 11:48:57,73540033,31510,25511386,112312,10979,22,23,23515992,9402,0,0,0
2026-04-22 11:48:58,73573020,32987,25522834,112355,11491,20,23,23525398,9406,0,0,0
2026-04-22 11:48:59,73606113,33093,25534317,112408,11536,20,23,23534806,9408,0,0,0
2026-04-22 11:49:01,73638807,32694,25545627,112470,11372,22,23,23544155,9349,0,0,0
2026-04-22 11:49:02,73671358,32551,25556890,112525,11318,22,23,23562873,18718,0,0,0
2026-04-22 11:49:03,73704397,33039,25568342,112584,11511,22,23,23572289,9416,0,0,0
2026-04-22 11:49:04,73736630,32233,25579536,112637,11247,20,23,23581721,9432,0,0,0
2026-04-22 11:49:05,73768375,31745,25590559,112691,11077,22,23,23591151,9430,0,0,0
2026-04-22 11:49:06,73799537,31162,25601374,112742,10866,20,23,23600553,9402,0,0,0
2026-04-22 11:49:07,73832429,32892,25612777,112792,11453,20,23,23609908,9355,0,0,0
2026-04-22 11:49:08,73865728,33299,25624333,112836,11600,19,23,23619243,9335,0,0,0
2026-04-22 11:49:09,73898641,32913,25635762,112892,11485,22,23,23628573,9330,0,0,0
2026-04-22 11:49:10,73930440,31799,25646814,112939,11099,22,23,23637886,9313,0,0,0
2026-04-22 11:49:12,73962360,31920,25657907,112986,11140,20,23,23656628,18742,0,0,0
2026-04-22 11:49:13,73994442,32082,25669071,113037,11215,20,23,23666039,9411,0,0,0
2026-04-22 11:49:14,74026123,31681,25680068,113089,11049,21,23,23675444,9405,0,0,0
2026-04-22 11:49:15,74058181,32058,25691175,113141,11159,19,23,23684836,9392,0,0,0
2026-04-22 11:49:16,74089937,31756,25702229,113188,11101,21,23,23694216,9380,0,0,0
2026-04-22 11:49:17,74122625,32688,25713586,113234,11403,20,23,23703576,9360,0,0,0
2026-04-22 11:49:18,74156055,33430,25725183,113278,11641,22,23,23712897,9321,0,0,0
2026-04-22 11:49:19,74189405,33350,25736753,113318,11610,20,23,23722220,9323,0,0,0
2026-04-22 11:49:21,74221551,32146,25747880,113372,11181,22,23,23731562,9342,0,0,0
2026-04-22 11:49:22,74253223,31672,25758911,113406,11065,21,23,23750308,18746,0,0,0
2026-04-22 11:49:23,74285708,32485,25770200,113449,11332,20,23,23759643,9335,0,0,0
2026-04-22 11:49:24,74317690,31982,25781302,113493,11146,20,23,23768951,9308,0,0,0
2026-04-22 11:49:25,74349878,32188,25792463,113539,11207,21,23,23778257,9306,0,0,0
2026-04-22 11:49:26,74382757,32879,25803849,113588,11435,17,23,23787577,9320,0,0,0
2026-04-22 11:49:27,74416053,33296,25815389,113637,11589,19,23,23796906,9329,0,0,0
2026-04-22 11:49:28,74448889,32836,25826788,113702,11464,21,23,23806245,9339,0,0,0
2026-04-22 11:49:29,74482302,33413,25838393,113750,11653,21,23,23815590,9345,0,0,0
2026-04-22 11:49:31,74514491,32189,25849593,113783,11233,22,23,23824924,9334,0,0,0
2026-04-22 11:49:32,74545978,31487,25860512,113829,10965,22,23,23843612,18688,0,0,0
2026-04-22 11:49:33,74577781,31803,25871556,113872,11087,21,23,23852935,9323,0,0,0
2026-04-22 11:49:34,74610786,33005,25883001,113935,11508,20,23,23862272,9337,0,0,0
2026-04-22 11:49:35,74643070,32284,25894231,113979,11274,20,23,23871608,9336,0,0,0
2026-04-22 11:49:36,74675213,32143,25905389,114019,11198,21,23,23880943,9335,0,0,0
2026-04-22 11:49:37,74708270,33057,25916846,114072,11510,22,23,23890276,9333,0,0,0
2026-04-22 11:49:38,74740982,32712,25928207,114109,11398,19,23,23899600,9324,0,0,0
2026-04-22 11:49:39,74773885,32903,25939609,114161,11454,20,23,23908934,9334,0,0,0
2026-04-22 11:49:41,74805663,31778,25950630,114201,11061,22,23,23918258,9324,0,0,0
2026-04-22 11:49:42,74837521,31858,25961647,114245,11061,21,23,23936868,18610,0,0,0
2026-04-22 11:49:43,74869623,32102,25972752,114301,11161,20,23,23946183,9315,0,0,0
2026-04-22 11:49:44,74902466,32843,25984145,114335,11427,22,23,23955453,9270,0,0,0
2026-04-22 11:49:45,74935180,32714,25995492,114382,11394,21,23,23964793,9340,0,0,0
2026-04-22 11:49:46,74980050,44870,26011067,114449,15642,21,23,23974107,9314,0,0,0
2026-04-22 11:49:48,75011761,31711,26022058,114511,11053,22,23,23992672,18565,0,0,0
2026-04-22 11:49:49,75044158,32397,26033277,114565,11273,21,23,24001939,9267,0,0,0
2026-04-22 11:49:50,75076254,32096,26044428,114617,11203,21,23,24011211,9272,0,0,0
2026-04-22 11:49:51,75107617,31363,26055313,114671,10939,21,23,24020477,9266,0,0,0
2026-04-22 11:49:52,75139742,32125,26066496,114712,11224,21,23,24029725,9248,0,0,0
2026-04-22 11:49:53,75172600,32858,26077918,114767,11477,20,23,24038992,9267,0,0,0
2026-04-22 11:49:54,75205698,33098,26089394,114814,11523,22,23,24048251,9259,0,0,0
2026-04-22 11:49:55,75238920,33222,26100902,114872,11566,20,23,24057532,9281,0,0,0
2026-04-22 11:49:56,75272367,33447,26112518,114922,11666,22,23,24066829,9297,0,0,0
2026-04-22 11:49:58,75304098,31731,26123516,114973,11049,22,23,24085402,18573,0,0,0
2026-04-22 11:49:59,75336937,32839,26134923,115036,11470,21,23,24094689,9287,0,0,0
2026-04-22 11:50:00,75369060,32123,26146091,115073,11205,22,23,24103965,9276,0,0,0
2026-04-22 11:50:01,75400868,31808,26157121,115133,11090,20,23,24113225,9260,0,0,0
2026-04-22 11:50:02,75434175,33307,26168683,115181,11610,22,23,24122453,9228,0,0,0
2026-04-22 11:50:03,75467655,33480,26180280,115238,11654,21,23,24131700,9247,0,0,0
2026-04-22 11:50:04,75500947,33292,26191824,115293,11599,19,23,24140988,9288,0,0,0
2026-04-22 11:50:05,75534619,33672,26203461,115353,11697,22,23,24150300,9312,0,0,0
2026-04-22 11:50:06,75567918,33299,26215028,115407,11621,19,23,24159621,9321,0,0,0
2026-04-22 11:50:08,75600611,32693,26226347,115448,11360,20,23,24168912,9291,0,0,0
2026-04-22 11:50:09,75632840,32229,26237529,115493,11227,21,23,24187413,18501,0,0,0
2026-04-22 11:50:10,75665285,32445,26248775,115539,11292,22,23,24196666,9253,0,0,0
2026-04-22 11:50:11,75698382,33097,26260268,115582,11536,21,23,24205929,9263,0,0,0
2026-04-22 11:50:12,75731761,33379,26271828,115642,11620,21,23,24215169,9240,0,0,0
2026-04-22 11:50:13,75764508,32747,26283190,115702,11422,22,23,24224401,9232,0,0,0
2026-04-22 11:50:14,75798248,33740,26294887,115758,11753,21,23,24233646,9245,0,0,0
2026-04-22 11:50:15,75831719,33471,26306498,115817,11670,19,23,24242877,9231,0,0,0
2026-04-22 11:50:16,75864843,33124,26317973,115870,11528,22,23,24252114,9237,0,0,0
2026-04-22 11:50:18,75896967,32124,26329090,115923,11170,21,23,24261360,9246,0,0,0
2026-04-22 11:50:19,75928756,31789,26340111,115977,11075,21,23,24279861,18501,0,0,0
2026-04-22 11:50:20,75960734,31978,26351219,116015,11146,21,23,24289081,9220,0,0,0
2026-04-22 11:50:21,75994337,33603,26362867,116064,11697,21,23,24298297,9216,0,0,0
2026-04-22 11:50:22,76027709,33372,26374442,116110,11621,19,23,24307529,9232,0,0,0
2026-04-22 11:50:23,76060297,32588,26385775,116156,11379,22,23,24316790,9261,0,0,0
2026-04-22 11:50:24,76093779,33482,26397400,116212,11681,21,23,24326054,9264,0,0,0
2026-04-22 11:50:25,76127311,33532,26409042,116257,11687,21,23,24335287,9233,0,0,0
2026-04-22 11:50:26,76160173,32862,26420430,116321,11452,22,23,24344505,9218,0,0,0
2026-04-22 11:50:28,76189977,29804,26430781,116362,10392,22,23,24353733,9228,0,0,0
2026-04-22 11:50:29,76223051,33074,26442236,116401,11494,20,23,24372236,18503,0,0,0
2026-04-22 11:50:30,76256323,33272,26453792,116441,11596,19,23,24381467,9231,0,0,0
2026-04-22 11:50:31,76289653,33330,26465335,116489,11591,20,23,24390672,9205,0,0,0
2026-04-22 11:50:32,76321915,32262,26476529,116538,11243,22,23,24399857,9185,0,0,0
2026-04-22 11:50:33,76355704,33789,26488221,116589,11743,22,23,24409052,9195,0,0,0
2026-04-22 11:50:34,76388751,33047,26499695,116651,11536,20,23,24418225,9173,0,0,0
2026-04-22 11:50:35,76422218,33467,26511289,116702,11645,21,23,24427394,9169,0,0,0
2026-04-22 11:50:36,76454772,32554,26522575,116753,11337,22,23,24436572,9178,0,0,0
2026-04-22 11:50:38,76486762,31990,26533665,116797,11134,22,23,24445768,9196,0,0,0
2026-04-22 11:50:39,76518785,32023,26544763,116850,11151,20,23,24464111,18343,0,0,0
2026-04-22 11:50:40,76550918,32133,26555919,116904,11210,20,23,24473288,9177,0,0,0
2026-04-22 11:50:41,76583702,32784,26567293,116948,11418,20,23,24482496,9208,0,0,0
2026-04-22 11:50:42,76616728,33026,26578741,117005,11505,21,23,24491687,9191,0,0,0
2026-04-22 11:50:43,76648856,32128,26589887,117045,11186,20,23,24500893,9206,0,0,0
2026-04-22 11:50:44,76681547,32691,26601211,117092,11371,22,23,24510136,9243,0,0,0
2026-04-22 11:50:45,76714449,32902,26612644,117141,11482,21,23,24519405,9269,0,0,0
2026-04-22 11:50:47,76745784,31335,26623533,117183,10931,22,23,24528657,9252,0,0,0
2026-04-22 11:50:48,76778484,32700,26634863,117235,11382,22,23,24547067,18410,0,0,0
2026-04-22 11:50:49,76810777,32293,26646057,117302,11261,22,23,24556269,9202,0,0,0
2026-04-22 11:50:50,76843457,32680,26657377,117349,11367,21,23,24565452,9183,0,0,0
2026-04-22 11:50:51,76876651,33194,26668884,117398,11556,19,23,24574662,9210,0,0,0
2026-04-22 11:50:52,76909726,33075,26680347,117458,11523,21,23,24583858,9196,0,0,0
2026-04-22 11:50:53,76943124,33398,26691927,117507,11629,20,23,24593055,9197,0,0,0
2026-04-22 11:50:54,76976144,33020,26703372,117551,11489,20,23,24602250,9195,0,0,0
2026-04-22 11:50:55,77008169,32025,26714484,117594,11155,22,23,24611450,9200,0,0,0
2026-04-22 11:50:57,77038973,30804,26725185,117635,10742,22,23,24620632,9182,0,0,0
2026-04-22 11:50:58,77069623,30650,26735823,117674,10677,21,23,24639036,18404,0,0,0
2026-04-22 11:50:59,77101785,32162,26746987,117719,11209,21,23,24648244,9208,0,0,0
2026-04-22 11:51:00,77133518,31733,26757998,117770,11062,22,23,24657417,9173,0,0,0
2026-04-22 11:51:01,77165773,32255,26769162,117824,11218,21,23,24666578,9161,0,0,0
2026-04-22 11:51:02,77198385,32612,26780483,117876,11373,21,23,24675779,9201,0,0,0
2026-04-22 11:51:03,77230718,32333,26791687,117930,11258,21,23,24685006,9227,0,0,0
2026-04-22 11:51:04,77262410,31692,26802694,117974,11051,20,23,24694196,9190,0,0,0
2026-04-22 11:51:05,77293761,31351,26813590,118016,10938,21,23,24703394,9198,0,0,0
2026-04-22 11:51:07,77324690,30929,26824296,118064,10754,22,23,24712596,9202,0,0,0
2026-04-22 11:51:08,77355437,30747,26834956,118114,10710,22,23,24730952,18356,0,0,0
2026-04-22 11:51:09,77388091,32654,26846271,118160,11361,19,23,24740136,9184,0,0,0
2026-04-22 11:51:10,77420518,32427,26857513,118207,11289,19,23,24749340,9204,0,0,0
2026-04-22 11:51:11,77452756,32238,26868694,118254,11228,22,23,24758500,9160,0,0,0
2026-04-22 11:51:12,77485021,32265,26879888,118297,11237,22,23,24767656,9156,0,0,0
2026-04-22 11:51:13,77516869,31848,26890918,118340,11073,22,23,24776813,9157,0,0,0
2026-04-22 11:51:14,77549726,32857,26902306,118388,11436,20,23,24785990,9177,0,0,0
2026-04-22 11:51:15,77581232,31506,26913244,118424,10974,22,23,24795169,9179,0,0,0
2026-04-22 11:51:17,77610713,29481,26923483,118470,10285,22,23,24804356,9187,0,0,0
2026-04-22 11:51:18,77642559,31846,26934503,118514,11064,21,23,24822600,18244,0,0,0
2026-04-22 11:51:19,77674527,31968,26945603,118556,11142,20,23,24831654,9054,0,0,0
2026-04-22 11:51:20,77706519,31992,26956727,118605,11173,20,23,24840742,9088,0,0,0
2026-04-22 11:51:21,77738933,32414,26967990,118643,11301,21,23,24849828,9086,0,0,0
2026-04-22 11:51:22,77771121,32188,26979195,118682,11244,22,23,24858918,9090,0,0,0
2026-04-22 11:51:23,77801979,30858,26989919,118730,10772,20,23,24868005,9087,0,0,0
2026-04-22 11:51:24,77833339,31360,27000759,118789,10899,22,23,24877081,9076,0,0,0
2026-04-22 11:51:25,77866136,32797,27012151,118832,11435,19,23,24886151,9070,0,0,0
2026-04-22 11:51:27,77897670,31534,27023093,118874,10984,22,23,24895228,9077,0,0,0
2026-04-22 11:51:28,77929660,31990,27034213,118908,11154,22,23,24913408,18180,0,0,0
2026-04-22 11:51:29,77962355,32695,27045534,118971,11384,22,23,24922491,9083,0,0,0
2026-04-22 11:51:30,77994721,32366,27056766,119026,11287,22,23,24931585,9094,0,0,0
2026-04-22 11:51:31,78026266,31545,27067707,119068,10983,22,23,24940673,9088,0,0,0
2026-04-22 11:51:32,78058521,32255,27078899,119105,11229,22,23,24949758,9085,0,0,0
2026-04-22 11:51:33,78091136,32615,27090218,119152,11366,21,23,24958868,9110,0,0,0
2026-04-22 11:51:34,78123018,31882,27101241,119197,11068,22,23,24967971,9103,0,0,0
2026-04-22 11:51:35,78154554,31536,27112190,119241,10993,20,23,24977062,9091,0,0,0
2026-04-22 11:51:37,78186347,31793,27123202,119289,11060,16,23,24986177,9115,0,0,0
2026-04-22 11:51:38,78218149,31802,27134214,119351,11074,22,23,25004439,18262,0,0,0
2026-04-22 11:51:39,78250504,32355,27145434,119392,11261,19,23,25013549,9110,0,0,0
2026-04-22 11:51:40,78283063,32559,27156749,119443,11366,20,23,25022648,9099,0,0,0
2026-04-22 11:51:41,78315381,32318,27167989,119482,11279,21,23,25031691,9043,0,0,0
2026-04-22 11:51:42,78345934,30553,27178596,119532,10657,21,23,25040728,9037,0,0,0
2026-04-22 11:51:43,78377309,31375,27189498,119586,10956,22,23,25049781,9053,0,0,0
2026-04-22 11:51:44,78410336,33027,27200930,119633,11479,20,23,25058847,9066,0,0,0
2026-04-22 11:51:45,78442545,32209,27212092,119690,11219,22,23,25067911,9064,0,0,0
2026-04-22 11:51:47,78474030,31485,27222996,119744,10958,20,23,25076970,9059,0,0,0
2026-04-22 11:51:48,78506747,32717,27234331,119790,11381,22,23,25095082,18112,0,0,0
2026-04-22 11:51:49,78538609,31862,27245413,119848,11140,20,23,25104144,9062,0,0,0
2026-04-22 11:51:50,78570973,32364,27256662,119903,11304,18,23,25113225,9081,0,0,0
2026-04-22 11:51:51,78602705,31732,27267644,119950,11029,22,23,25122294,9069,0,0,0
2026-04-22 11:51:52,78634110,31405,27278551,120001,10958,22,23,25131338,9044,0,0,0
2026-04-22 11:51:53,78664264,30154,27289002,120050,10500,21,23,25140389,9051,0,0,0
2026-04-22 11:51:54,78695228,30964,27299727,120105,10780,22,23,25149441,9052,0,0,0
2026-04-22 11:51:55,78727146,31918,27310781,120171,11120,20,23,25158487,9046,0,0,0
2026-04-22 11:51:57,78757110,29964,27321183,120219,10450,22,23,25167519,9032,0,0,0
2026-04-22 11:51:58,78787418,30308,27331691,120256,10545,20,23,25185594,18075,0,0,0
2026-04-22 11:51:59,78818037,30619,27342285,120303,10641,22,23,25194646,9052,0,0,0
2026-04-22 11:52:00,78849135,31098,27353070,120351,10833,21,23,25203695,9049,0,0,0
2026-04-22 11:52:01,78878903,29768,27363393,120388,10360,20,23,25212750,9055,0,0,0
2026-04-22 11:52:02,78908374,29471,27373625,120438,10282,21,23,25221813,9063,0,0,0
2026-04-22 11:52:03,78938701,30327,27384170,120475,10582,22,23,25230860,9047,0,0,0
2026-04-22 11:52:04,78968580,29879,27394571,120510,10436,20,23,25239921,9061,0,0,0
2026-04-22 11:52:05,78999602,31022,27405359,120558,10836,20,23,25248976,9055,0,0,0
2026-04-22 11:52:07,79030392,30790,27416029,120610,10722,20,23,25258044,9068,0,0,0
2026-04-22 11:52:08,79061211,30819,27426724,120667,10752,20,23,25276201,18157,0,0,0
2026-04-22 11:52:09,79092930,31719,27437721,120720,11050,21,23,25285269,9068,0,0,0
2026-04-22 11:52:10,79124393,31463,27448635,120765,10959,19,23,25294339,9070,0,0,0
2026-04-22 11:52:11,79156423,32030,27459743,120821,11164,22,23,25303376,9037,0,0,0
2026-04-22 11:52:12,79186753,30330,27470266,120864,10566,22,23,25312356,8980,0,0,0
2026-04-22 11:52:13,79219237,32484,27481510,120925,11305,22,23,25321328,8972,0,0,0
2026-04-22 11:52:14,79251599,32362,27492752,120972,11289,22,23,25330275,8947,0,0,0
2026-04-22 11:52:15,79282085,30486,27503379,121008,10663,21,23,25339232,8957,0,0,0
2026-04-22 11:52:17,79312048,29963,27513779,121051,10443,21,23,25348205,8973,0,0,0
2026-04-22 11:52:18,79343136,31088,27524567,121091,10828,20,23,25366138,17933,0,0,0
2026-04-22 11:52:19,79375192,32056,27535657,121135,11134,21,23,25375089,8951,0,0,0
2026-04-22 11:52:20,79405511,30319,27546205,121177,10590,21,23,25384042,8953,0,0,0
2026-04-22 11:52:21,79436794,31283,27557068,121222,10908,22,23,25392985,8943,0,0,0
2026-04-22 11:52:22,79467847,31053,27567847,121271,10828,22,23,25401942,8957,0,0,0
2026-04-22 11:52:23,79499719,31872,27578931,121309,11122,21,23,25410902,8960,0,0,0
2026-04-22 11:52:24,79531890,32171,27590099,121363,11222,20,23,25419861,8959,0,0,0
2026-04-22 11:52:25,79564435,32545,27601404,121410,11352,21,23,25428798,8937,0,0,0
2026-04-22 11:52:27,79596829,32394,27612635,121461,11282,20,23,25446651,17853,0,0,0
2026-04-22 11:52:28,79629438,32609,27623943,121510,11357,21,23,25455584,8933,0,0,0
2026-04-22 11:52:29,79662940,33502,27635580,121563,11690,18,23,25464531,8947,0,0,0
2026-04-22 11:52:30,79694541,31601,27646575,121603,11035,20,23,25473483,8952,0,0,0
2026-04-22 11:52:31,79726075,31534,27657528,121644,10994,20,23,25482402,8919,0,0,0
2026-04-22 11:52:32,79757979,31904,27668603,121697,11128,19,23,25491340,8938,0,0,0
2026-04-22 11:52:33,79790630,32651,27679899,121758,11357,21,23,25500282,8942,0,0,0
2026-04-22 11:52:34,79823731,33101,27691373,121809,11525,21,23,25509243,8961,0,0,0
2026-04-22 11:52:36,79856062,32331,27702581,121864,11263,22,23,25518193,8950,0,0,0
2026-04-22 11:52:37,79888497,32435,27713807,121911,11273,21,23,25536047,17854,0,0,0
2026-04-22 11:52:38,79921268,32771,27725154,121964,11400,19,23,25544951,8904,0,0,0
2026-04-22 11:52:39,79953061,31793,27736201,122013,11096,20,23,25553891,8940,0,0,0
2026-04-22 11:52:40,79985147,32086,27747356,122055,11197,21,23,25562844,8953,0,0,0
2026-04-22 11:52:41,80017791,32644,27758690,122096,11375,22,23,25571779,8935,0,0,0
2026-04-22 11:52:42,80050117,32326,27769918,122144,11276,22,23,25580708,8929,0,0,0
2026-04-22 11:52:43,80083407,33290,27781450,122190,11578,21,23,25589650,8942,0,0,0
2026-04-22 11:52:44,80116651,33244,27792999,122242,11601,21,23,25598596,8946,0,0,0
2026-04-22 11:52:45,80148461,31810,27804071,122293,11123,19,23,25607547,8951,0,0,0
2026-04-22 11:52:47,80180787,32326,27815274,122339,11249,21,23,25625406,17859,0,0,0
2026-04-22 11:52:48,80212682,31895,27826343,122375,11105,21,23,25634325,8919,0,0,0
2026-04-22 11:52:49,80244182,31500,27837295,122425,11002,21,23,25643218,8893,0,0,0
2026-04-22 11:52:50,80275010,30828,27847991,122476,10747,22,23,25652126,8908,0,0,0
2026-04-22 11:52:51,80307844,32834,27859382,122526,11441,21,23,25661045,8919,0,0,0
2026-04-22 11:52:52,80340946,33102,27870879,122571,11542,20,23,25669981,8936,0,0,0
2026-04-22 11:52:53,80374026,33080,27882368,122629,11547,21,23,25678923,8942,0,0,0
2026-04-22 11:52:54,80406549,32523,27893689,122679,11371,21,23,25687860,8937,0,0,0
2026-04-22 11:52:55,80440357,33808,27905433,122722,11787,21,23,25696782,8922,0,0,0
2026-04-22 11:52:57,80473324,32967,27916847,122772,11464,22,23,25714631,17849,0,0,0
2026-04-22 11:52:58,80505016,31692,27927867,122819,11067,21,23,25723589,8958,0,0,0
2026-04-22 11:52:59,80537169,32153,27939022,122865,11201,21,23,25732528,8939,0,0,0
2026-04-22 11:53:00,80570190,33021,27950476,122923,11512,22,23,25741455,8927,0,0,0
2026-04-22 11:53:01,80604017,33827,27962223,122978,11802,22,23,25750354,8899,0,0,0
2026-04-22 11:53:02,80636792,32775,27973595,123040,11434,21,23,25759301,8947,0,0,0
2026-04-22 11:53:03,80669328,32536,27984888,123095,11348,19,23,25768242,8941,0,0,0
2026-04-22 11:53:04,80702393,33065,27996366,123138,11521,19,23,25777180,8938,0,0,0
2026-04-22 11:53:06,80734384,31991,28007507,123187,11190,17,23,25786161,8981,0,0,0
2026-04-22 11:53:07,80765848,31464,28018398,123235,10939,22,23,25804160,17999,0,0,0
2026-04-22 11:53:08,80797645,31797,28029421,123279,11067,22,23,25813095,8935,0,0,0
2026-04-22 11:53:09,80828752,31107,28040231,123322,10853,21,23,25822029,8934,0,0,0
2026-04-22 11:53:10,80860797,32045,28051359,123367,11173,22,23,25830962,8933,0,0,0
2026-04-22 11:53:11,80893591,32794,28062745,123416,11435,20,23,25839895,8933,0,0,0
2026-04-22 11:53:12,80926329,32738,28074113,123451,11403,21,23,25848829,8934,0,0,0
2026-04-22 11:53:13,80959475,33146,28085609,123508,11553,20,23,25857766,8937,0,0,0
2026-04-22 11:53:14,80992317,32842,28096987,123555,11425,21,23,25866724,8958,0,0,0
2026-04-22 11:53:16,81024533,32216,28108190,123587,11235,20,23,25875695,8971,0,0,0
2026-04-22 11:53:17,81055236,30703,28118831,123652,10706,19,23,25884687,8992,0,0,0
2026-04-22 11:53:18,81087429,32193,28130006,123711,11234,19,23,25902670,17983,0,0,0
2026-04-22 11:53:19,81120434,33005,28141461,123771,11515,22,23,25911625,8955,0,0,0
2026-04-22 11:53:20,81153297,32863,28152836,123841,11445,19,23,25920601,8976,0,0,0
2026-04-22 11:53:21,81186211,32914,28164241,123888,11452,22,23,25929642,9041,0,0,0
2026-04-22 11:53:22,81219892,33681,28175917,123949,11737,21,23,25938655,9013,0,0,0
2026-04-22 11:53:23,81252786,32894,28187349,124003,11486,20,23,25947668,9013,0,0,0
2026-04-22 11:53:24,81285396,32610,28198668,124049,11365,20,23,25956680,9012,0,0,0
2026-04-22 11:53:26,81317602,32206,28209861,124088,11232,22,23,25965695,9015,0,0,0
2026-04-22 11:53:27,81349614,32012,28220945,124131,11127,21,23,25983636,17941,0,0,0
2026-04-22 11:53:28,81382596,32982,28232363,124184,11471,21,23,25992632,8996,0,0,0
2026-04-22 11:53:29,81416001,33405,28243953,124234,11640,21,23,26001655,9023,0,0,0
2026-04-22 11:53:30,81448892,32891,28255381,124279,11473,20,23,26010676,9021,0,0,0
2026-04-22 11:53:31,81481604,32712,28266733,124339,11412,21,23,26019700,9024,0,0,0
2026-04-22 11:53:32,81515238,33634,28278370,124392,11690,22,23,26028690,8990,0,0,0
2026-04-22 11:53:33,81548416,33178,28289906,124443,11587,21,23,26037694,9004,0,0,0
2026-04-22 11:53:34,81581314,32898,28301311,124495,11457,21,23,26046687,8993,0,0,0
2026-04-22 11:53:36,81613335,32021,28312445,124542,11181,22,23,26055663,8976,0,0,0
2026-04-22 11:53:37,81645158,31823,28323481,124573,11067,21,23,26073656,17993,0,0,0
2026-04-22 11:53:38,81678149,32991,28334920,124632,11498,19,23,26082687,9031,0,0,0
2026-04-22 11:53:39,81710786,32637,28346239,124679,11366,21,23,26091735,9048,0,0,0
2026-04-22 11:53:40,81743780,32994,28357699,124730,11511,21,23,26100780,9045,0,0,0
2026-04-22 11:53:41,81777437,33657,28369344,124780,11695,22,23,26109829,9049,0,0,0
2026-04-22 11:53:42,81811302,33865,28381079,124842,11797,22,23,26118863,9034,0,0,0
2026-04-22 11:53:43,81845106,33804,28392810,124892,11781,22,23,26127879,9016,0,0,0
2026-04-22 11:53:44,81878676,33570,28404453,124938,11689,22,23,26136938,9059,0,0,0
2026-04-22 11:53:46,81910286,31610,28415427,124984,11020,21,23,26146013,9075,0,0,0
2026-04-22 11:53:47,81942471,32185,28426557,125027,11173,21,23,26164122,18109,0,0,0
2026-04-22 11:53:48,81976507,34036,28438319,125089,11824,22,23,26173113,8991,0,0,0
2026-04-22 11:53:49,82009947,33440,28449910,125138,11640,21,23,26182108,8995,0,0,0
2026-04-22 11:53:50,82043914,33967,28461662,125196,11810,20,23,26191124,9016,0,0,0
2026-04-22 11:53:51,82076391,32477,28472972,125250,11364,21,23,26200173,9049,0,0,0
2026-04-22 11:53:52,82109408,33017,28484411,125301,11490,22,23,26209237,9064,0,0,0
2026-04-22 11:53:53,82142078,32670,28495746,125345,11379,21,23,26218306,9069,0,0,0
2026-04-22 11:53:54,82174755,32677,28507067,125393,11369,20,23,26227359,9053,0,0,0
2026-04-22 11:53:56,82205699,30944,28517790,125439,10769,21,23,26236407,9048,0,0,0
2026-04-22 11:53:57,82238499,32800,28529180,125484,11435,20,23,26254429,18022,0,0,0
2026-04-22 11:53:58,82271101,32602,28540512,125527,11375,21,23,26263448,9019,0,0,0
2026-04-22 11:53:59,82304182,33081,28551997,125580,11538,20,23,26272487,9039,0,0,0
2026-04-22 11:54:00,82337343,33161,28563492,125621,11536,22,23,26281559,9072,0,0,0
2026-04-22 11:54:01,82371103,33760,28575221,125659,11767,21,23,26290611,9052,0,0,0
2026-04-22 11:54:02,82403686,32583,28586526,125706,11352,21,23,26299662,9051,0,0,0
2026-04-22 11:54:03,82437251,33565,28598151,125751,11670,22,23,26308691,9029,0,0,0
2026-04-22 11:54:04,82469470,32219,28609322,125796,11216,22,23,26317744,9053,0,0,0
2026-04-22 11:54:06,82500492,31022,28620091,125838,10811,22,23,26326827,9083,0,0,0
2026-04-22 11:54:07,82533865,33373,28631647,125889,11607,22,23,26344991,18164,0,0,0
2026-04-22 11:54:08,82568127,34262,28643538,125937,11939,21,23,26354116,9125,0,0,0
2026-04-22 11:54:09,82601517,33390,28655130,125977,11632,20,23,26363227,9111,0,0,0
2026-04-22 11:54:10,82634706,33189,28666642,126028,11563,20,23,26372323,9096,0,0,0
2026-04-22 11:54:11,82667860,33154,28678136,126074,11540,20,23,26381441,9118,0,0,0
2026-04-22 11:54:12,82700478,32618,28689442,126136,11368,21,23,26390554,9113,0,0,0
2026-04-22 11:54:13,82732004,31526,28700340,126182,10944,21,23,26399676,9122,0,0,0
2026-04-22 11:54:14,82764184,32180,28711473,126236,11187,22,23,26408813,9137,0,0,0
2026-04-22 11:54:16,82794711,30527,28722059,126289,10639,15,23,26417935,9122,0,0,0
2026-04-22 11:54:17,82827256,32545,28733345,126336,11333,22,23,26436171,18236,0,0,0
2026-04-22 11:54:18,82860409,33153,28744861,126384,11564,22,23,26445298,9127,0,0,0
2026-04-22 11:54:19,82893696,33287,28756396,126446,11597,21,23,26454425,9127,0,0,0
2026-04-22 11:54:20,82926727,33031,28767888,126487,11533,20,23,26463557,9132,0,0,0
2026-04-22 11:54:21,82958109,31382,28778791,126534,10950,21,23,26472676,9119,0,0,0
2026-04-22 11:54:22,82990482,32373,28790008,126587,11270,22,23,26481790,9114,0,0,0
2026-04-22 11:54:23,83022011,31529,28800948,126634,10987,19,23,26490893,9103,0,0,0
2026-04-22 11:54:24,83054128,32117,28812082,126688,11188,21,23,26500023,9130,0,0,0
2026-04-22 11:54:26,83085582,31454,28823011,126744,10985,22,23,26518300,18277,0,0,0
2026-04-22 11:54:27,83118766,33184,28834515,126791,11551,22,23,26527419,9119,0,0,0
2026-04-22 11:54:28,83151232,32466,28845773,126841,11308,21,23,26536515,9096,0,0,0
2026-04-22 11:54:29,83183576,32344,28857010,126892,11288,20,23,26545608,9093,0,0,0
2026-04-22 11:54:30,83215943,32367,28868243,126941,11282,19,23,26554699,9091,0,0,0
2026-04-22 11:54:31,83247634,31691,28879219,126995,11030,21,23,26563817,9118,0,0,0
2026-04-22 11:54:32,83279604,31970,28890323,127042,11151,21,23,26572941,9124,0,0,0
2026-04-22 11:54:33,83312334,32730,28901678,127091,11404,22,23,26582048,9107,0,0,0
2026-04-22 11:54:35,83344968,32634,28912985,127135,11351,22,23,26591137,9089,0,0,0
2026-04-22 11:54:36,83376937,31969,28924068,127176,11124,22,23,26609330,18193,0,0,0
2026-04-22 11:54:37,83409625,32688,28935414,127229,11399,20,23,26618468,9138,0,0,0
2026-04-22 11:54:38,83442341,32716,28946763,127277,11397,22,23,26627584,9116,0,0,0
2026-04-22 11:54:39,83473488,31147,28957569,127330,10859,15,23,26636701,9117,0,0,0
2026-04-22 11:54:40,83507040,33552,28969191,127378,11670,21,23,26645792,9091,0,0,0
2026-04-22 11:54:41,83539417,32377,28980427,127436,11294,21,23,26654914,9122,0,0,0
2026-04-22 11:54:42,83572870,33453,28992026,127479,11642,22,23,26664061,9147,0,0,0
2026-04-22 11:54:43,83606389,33519,29003645,127532,11672,21,23,26673227,9166,0,0,0
2026-04-22 11:54:45,83638680,32291,29014877,127577,11277,22,23,26682416,9189,0,0,0
2026-04-22 11:54:46,83671145,32465,29026129,127627,11302,22,23,26700722,18306,0,0,0
2026-04-22 11:54:47,83704236,33091,29037614,127676,11534,22,23,26709793,9071,0,0,0
2026-04-22 11:54:48,83738050,33814,29049313,127740,11763,21,23,26718855,9062,0,0,0
2026-04-22 11:54:49,83771126,33076,29060795,127786,11528,15,23,26727953,9098,0,0,0
2026-04-22 11:54:50,83804014,32888,29072182,127842,11443,20,23,26737060,9107,0,0,0
2026-04-22 11:54:51,83837162,33148,29083680,127890,11546,21,23,26746157,9097,0,0,0
2026-04-22 11:54:52,83870967,33805,29095364,127953,11747,22,23,26755259,9102,0,0,0
2026-04-22 11:54:53,83904973,34006,29107155,128005,11843,22,23,26764338,9079,0,0,0
2026-04-22 11:54:55,83937272,32299,29118398,128042,11280,22,23,26773420,9082,0,0,0
2026-04-22 11:54:56,83970616,33344,29129954,128089,11603,19,23,26791666,18246,0,0,0
2026-04-22 11:54:57,84003905,33289,29141526,128125,11608,22,23,26800836,9170,0,0,0
2026-04-22 11:54:58,84037697,33792,29153202,128172,11723,20,23,26809973,9137,0,0,0
2026-04-22 11:54:59,84069567,31870,29164265,128219,11110,22,23,26819099,9126,0,0,0
2026-04-22 11:55:00,84102881,33314,29175845,128261,11622,22,23,26828219,9120,0,0,0
2026-04-22 11:55:01,84136343,33462,29187467,128312,11673,21,23,26837323,9104,0,0,0
2026-04-22 11:55:02,84170246,33903,29199207,128371,11799,21,23,26846433,9110,0,0,0
2026-04-22 11:55:03,84203196,32950,29210660,128420,11502,22,23,26855549,9116,0,0,0
2026-04-22 11:55:05,84235844,32648,29221956,128467,11343,22,23,26864703,9154,0,0,0
2026-04-22 11:55:06,84268568,32724,29233300,128512,11389,21,23,26883023,18320,0,0,0
2026-04-22 11:55:07,84302056,33488,29244898,128556,11642,17,23,26892146,9123,0,0,0
2026-04-22 11:55:08,84334079,32023,29255991,128607,11144,21,23,26901287,9141,0,0,0
2026-04-22 11:55:09,84366138,32059,29267123,128655,11180,20,23,26910418,9131,0,0,0
2026-04-22 11:55:10,84399194,33056,29278594,128699,11515,21,23,26919543,9125,0,0,0
2026-04-22 11:55:11,84432124,32930,29290019,128737,11463,21,23,26928711,9168,0,0,0
2026-04-22 11:55:12,84465496,33372,29301590,128789,11623,22,23,26937880,9169,0,0,0
2026-04-22 11:55:13,84498758,33262,29313136,128839,11596,21,23,26947037,9157,0,0,0
2026-04-22 11:55:15,84531919,33161,29324579,128902,11506,22,23,26956210,9173,0,0,0
2026-04-22 11:55:16,84564143,32224,29335726,128963,11208,22,23,26974560,18350,0,0,0
2026-04-22 11:55:17,84596482,32339,29346938,129009,11258,21,23,26983734,9174,0,0,0
2026-04-22 11:55:18,84629153,32671,29358282,129060,11395,22,23,26992926,9192,0,0,0
2026-04-22 11:55:19,84662358,33205,29369765,129127,11550,22,23,27002086,9160,0,0,0
2026-04-22 11:55:20,84695202,32844,29381161,129176,11445,21,23,27011266,9180,0,0,0
2026-04-22 11:55:21,84728304,33102,29392641,129225,11529,22,23,27020455,9189,0,0,0
2026-04-22 11:55:22,84761975,33671,29404312,129290,11736,22,23,27029630,9175,0,0,0
2026-04-22 11:55:23,84795450,33475,29415928,129351,11677,20,23,27038816,9186,0,0,0
2026-04-22 11:55:25,84828216,32766,29427261,129405,11387,22,23,27048000,9184,0,0,0
2026-04-22 11:55:26,84858837,30621,29437929,129435,10698,22,23,27066309,18309,0,0,0
2026-04-22 11:55:27,84890351,31514,29448862,129486,10984,21,23,27075464,9155,0,0,0
2026-04-22 11:55:28,84923455,33104,29460325,129529,11506,21,23,27084636,9172,0,0,0
2026-04-22 11:55:29,84956975,33520,29471950,129579,11675,22,23,27093785,9149,0,0,0
2026-04-22 11:55:30,84989803,32828,29483335,129626,11432,21,23,27102916,9131,0,0,0
2026-04-22 11:55:31,85022744,32941,29494761,129682,11482,21,23,27112048,9132,0,0,0
2026-04-22 11:55:32,85055100,32356,29505983,129734,11274,21,23,27121219,9171,0,0,0
2026-04-22 11:55:33,85087821,32721,29517336,129772,11391,20,23,27130400,9181,0,0,0
2026-04-22 11:55:35,85118432,30611,29527960,129819,10671,22,23,27139586,9186,0,0,0
2026-04-22 11:55:36,85148334,29902,29538320,129868,10409,22,23,27157918,18332,0,0,0
2026-04-22 11:55:37,85180646,32312,29549546,129913,11271,20,23,27167085,9167,0,0,0
2026-04-22 11:55:38,85212959,32313,29560743,129981,11265,22,23,27176260,9175,0,0,0
2026-04-22 11:55:39,85244717,31758,29571785,130032,11093,21,23,27185461,9201,0,0,0
2026-04-22 11:55:40,85278496,33779,29583484,130080,11747,21,23,27194660,9199,0,0,0
2026-04-22 11:55:41,85311770,33274,29595030,130137,11603,22,23,27203848,9188,0,0,0
2026-04-22 11:55:42,85346070,34300,29606938,130177,11948,22,23,27213063,9215,0,0,0
2026-04-22 11:55:43,85378368,32298,29618119,130231,11235,22,23,27222313,9250,0,0,0
2026-04-22 11:55:45,85409573,31205,29628929,130274,10853,22,23,27231547,9234,0,0,0
2026-04-22 11:55:46,85441599,32026,29640044,130319,11160,22,23,27249973,18426,0,0,0
2026-04-22 11:55:47,85474176,32577,29651389,130370,11396,19,23,27259122,9149,0,0,0
2026-04-22 11:55:48,85507077,32901,29662766,130421,11428,21,23,27268284,9162,0,0,0
2026-04-22 11:55:49,85539195,32118,29673914,130472,11199,19,23,27277443,9159,0,0,0
2026-04-22 11:55:50,85571837,32642,29685237,130520,11371,20,23,27286619,9176,0,0,0
2026-04-22 11:55:51,85604806,32969,29696643,130571,11457,22,23,27295785,9166,0,0,0
2026-04-22 11:55:52,85637374,32568,29707918,130626,11330,20,23,27304976,9191,0,0,0
2026-04-22 11:55:54,85668448,31074,29718737,130665,10858,22,23,27314152,9176,0,0,0
2026-04-22 11:55:55,85698200,29752,29729079,130703,10380,21,23,27332507,18355,0,0,0
2026-04-22 11:55:56,85731185,32985,29740518,130748,11484,22,23,27341672,9165,0,0,0
2026-04-22 11:55:57,85764262,33077,29751985,130800,11519,21,23,27350872,9200,0,0,0
2026-04-22 11:55:58,85797688,33426,29763585,130843,11643,20,23,27360043,9171,0,0,0
2026-04-22 11:55:59,85831164,33476,29775196,130908,11676,22,23,27369220,9177,0,0,0
2026-04-22 11:56:00,85864280,33116,29786694,130958,11548,19,23,27378402,9182,0,0,0
2026-04-22 11:56:01,85897264,32984,29798151,131006,11505,21,23,27387576,9174,0,0,0
2026-04-22 11:56:02,85929398,32134,29809269,131056,11168,20,23,27396765,9189,0,0,0
2026-04-22 11:56:04,85960844,31446,29820186,131104,10965,21,23,27405945,9180,0,0,0
2026-04-22 11:56:05,85990931,30087,29830613,131148,10471,21,23,27424333,18388,0,0,0
2026-04-22 11:56:06,86022862,31931,29841682,131194,11115,22,23,27433519,9186,0,0,0
2026-04-22 11:56:07,86055544,32682,29853040,131243,11407,21,23,27442708,9189,0,0,0
2026-04-22 11:56:08,86088651,33107,29864509,131284,11510,20,23,27451899,9191,0,0,0
2026-04-22 11:56:09,86121534,32883,29875924,131337,11468,22,23,27461102,9203,0,0,0
2026-04-22 11:56:10,86154496,32962,29887348,131400,11487,17,23,27470287,9185,0,0,0
2026-04-22 11:56:11,86188120,33624,29899010,131447,11709,20,23,27479464,9177,0,0,0
2026-04-22 11:56:12,86221041,32921,29910460,131486,11489,22,23,27488668,9204,0,0,0
2026-04-22 11:56:14,86251972,30931,29921203,131536,10793,16,23,27497868,9200,0,0,0
2026-04-22 11:56:15,86285066,33094,29932653,131574,11488,22,23,27516289,18421,0,0,0
2026-04-22 11:56:16,86317746,32680,29944006,131621,11400,21,23,27525498,9209,0,0,0
2026-04-22 11:56:17,86350825,33079,29955467,131680,11520,19,23,27534677,9179,0,0,0
2026-04-22 11:56:18,86383625,32800,29966862,131737,11452,22,23,27543863,9186,0,0,0
2026-04-22 11:56:19,86416119,32494,29978132,131781,11314,18,23,27553050,9187,0,0,0
2026-04-22 11:56:20,86449023,32904,29989577,131821,11485,21,23,27562238,9188,0,0,0
2026-04-22 11:56:21,86481992,32969,30001023,131872,11497,20,23,27571407,9169,0,0,0
2026-04-22 11:56:22,86513530,31538,30011970,131918,10993,20,23,27580618,9211,0,0,0
2026-04-22 11:56:24,86545202,31672,30022959,131968,11039,16,23,27589794,9176,0,0,0
2026-04-22 11:56:25,86577480,32278,30034129,132015,11217,18,23,27608148,18354,0,0,0
2026-04-22 11:56:26,86610450,32970,30045577,132065,11498,22,23,27617310,9162,0,0,0
2026-04-22 11:56:27,86643237,32787,30056973,132107,11438,21,23,27626475,9165,0,0,0
2026-04-22 11:56:28,86676624,33387,30068560,132142,11622,18,23,27635651,9176,0,0,0
2026-04-22 11:56:29,86709591,32967,30079998,132192,11488,20,23,27644845,9194,0,0,0
2026-04-22 11:56:30,86742495,32904,30091425,132245,11480,21,23,27654085,9240,0,0,0
2026-04-22 11:56:31,86774947,32452,30102690,132285,11305,19,23,27663306,9221,0,0,0
2026-04-22 11:56:32,86806912,31965,30113773,132347,11145,22,23,27672530,9224,0,0,0
2026-04-22 11:56:34,86838726,31814,30124837,132396,11113,21,23,27681729,9199,0,0,0
2026-04-22 11:56:35,86870995,32269,30136016,132451,11234,21,23,27700189,18460,0,0,0
2026-04-22 11:56:36,86903964,32969,30147476,132499,11508,20,23,27709407,9218,0,0,0
2026-04-22 11:56:37,86936989,33025,30158902,132561,11488,21,23,27718617,9210,0,0,0
2026-04-22 11:56:38,86970613,33624,30170537,132610,11684,22,23,27727837,9220,0,0,0
2026-04-22 11:56:39,87002804,32191,30181732,132654,11239,21,23,27737058,9221,0,0,0
2026-04-22 11:56:40,87034564,31760,30192720,132703,11037,21,23,27746292,9234,0,0,0
2026-04-22 11:56:41,87066006,31442,30203618,132757,10952,19,23,27755508,9216,0,0,0
2026-04-22 11:56:42,87098766,32760,30214949,132820,11394,20,23,27764741,9233,0,0,0
2026-04-22 11:56:44,87130991,32225,30226119,132884,11234,22,23,27773961,9220,0,0,0
2026-04-22 11:56:45,87163795,32804,30237460,132933,11390,21,23,27792444,18483,0,0,0
2026-04-22 11:56:46,87197079,33284,30248990,132986,11583,20,23,27801683,9239,0,0,0
2026-04-22 11:56:47,87229762,32683,30260340,133036,11400,22,23,27810945,9262,0,0,0
2026-04-22 11:56:48,87262055,32293,30271570,133088,11282,22,23,27820194,9249,0,0,0
2026-04-22 11:56:49,87294522,32467,30282846,133127,11315,22,23,27829444,9250,0,0,0
2026-04-22 11:56:50,87325660,31138,30293630,133179,10836,22,23,27838677,9233,0,0,0
2026-04-22 11:56:51,87358399,32739,30305007,133219,11417,22,23,27847938,9261,0,0,0
2026-04-22 11:56:52,87392435,34036,30316797,133261,11832,22,23,27857210,9272,0,0,0
2026-04-22 11:56:54,87424828,32393,30328058,133315,11315,22,23,27866503,9293,0,0,0
2026-04-22 11:56:55,87457553,32725,30339433,133358,11418,21,23,27885042,18539,0,0,0
2026-04-22 11:56:56,87490362,32809,30350836,133410,11455,21,23,27894307,9265,0,0,0
2026-04-22 11:56:57,87523971,33609,30362516,133459,11729,22,23,27903542,9235,0,0,0
2026-04-22 11:56:58,87557635,33664,30374188,133503,11716,22,23,27912774,9232,0,0,0
2026-04-22 11:56:59,87589595,31960,30385288,133545,11142,22,23,27921994,9220,0,0,0
2026-04-22 11:57:00,87623146,33551,30396930,133585,11682,19,23,27931180,9186,0,0,0
2026-04-22 11:57:01,87655829,32683,30408276,133638,11399,20,23,27940405,9225,0,0,0
2026-04-22 11:57:02,87689161,33332,30419832,133693,11611,20,23,27949657,9252,0,0,0
2026-04-22 11:57:04,87721290,32129,30430998,133745,11218,22,23,27958950,9293,0,0,0
2026-04-22 11:57:05,87755298,34008,30442763,133795,11815,22,23,27977522,18572,0,0,0
2026-04-22 11:57:06,87788843,33545,30454425,133845,11712,20,23,27986812,9290,0,0,0
2026-04-22 11:57:07,87821935,33092,30465894,133886,11510,22,23,27996081,9269,0,0,0
2026-04-22 11:57:08,87853572,31637,30476867,133923,11010,20,23,28005312,9231,0,0,0
2026-04-22 11:57:09,87886263,32691,30488222,133974,11406,20,23,28014534,9222,0,0,0
2026-04-22 11:57:10,87919393,33130,30499734,134019,11557,20,23,28023743,9209,0,0,0
2026-04-22 11:57:11,87952221,32828,30511080,134076,11403,21,23,28033027,9284,0,0,0
2026-04-22 11:57:12,87983740,31519,30522034,134125,11003,22,23,28042310,9283,0,0,0
2026-04-22 11:57:14,88013888,30148,30532516,134164,10521,22,23,28051599,9289,0,0,0
2026-04-22 11:57:15,88045301,31413,30543370,134208,10898,21,23,28070096,18497,0,0,0
2026-04-22 11:57:16,88076890,31589,30554305,134270,10997,21,23,28079352,9256,0,0,0
2026-04-22 11:57:17,88107507,30617,30564957,134321,10703,20,23,28088624,9272,0,0,0
2026-04-22 11:57:18,88138563,31056,30575746,134369,10837,22,23,28097852,9228,0,0,0
2026-04-22 11:57:19,88170448,31885,30586816,134417,11118,19,23,28107048,9196,0,0,0
2026-04-22 11:57:20,88202337,31889,30597868,134474,11109,21,23,28116278,9230,0,0,0
2026-04-22 11:57:21,88234484,32147,30609009,134528,11195,18,23,28125526,9248,0,0,0
2026-04-22 11:57:22,88266265,31781,30620042,134573,11078,22,23,28134761,9235,0,0,0
2026-04-22 11:57:24,88297083,30818,30630749,134615,10749,21,23,28144041,9280,0,0,0
2026-04-22 11:57:25,88328496,31413,30641649,134668,10953,20,23,28162650,18609,0,0,0
2026-04-22 11:57:26,88359760,31264,30652517,134708,10908,21,23,28171950,9300,0,0,0
2026-04-22 11:57:27,88390320,30560,30663108,134763,10646,21,23,28181215,9265,0,0,0
2026-04-22 11:57:28,88421824,31504,30674024,134807,10960,20,23,28190461,9246,0,0,0
2026-04-22 11:57:29,88452920,31096,30684813,134844,10826,21,23,28199719,9258,0,0,0
2026-04-22 11:57:30,88484477,31557,30695766,134884,10993,22,23,28208971,9252,0,0,0
2026-04-22 11:57:31,88517026,32549,30707083,134920,11353,20,23,28218255,9284,0,0,0
2026-04-22 11:57:33,88547750,30724,30717747,134962,10706,22,23,28227506,9251,0,0,0
2026-04-22 11:57:34,88576981,29231,30727887,135009,10187,22,23,28236776,9270,0,0,0
2026-04-22 11:57:35,88607343,30362,30738390,135059,10553,22,23,28255351,18575,0,0,0
2026-04-22 11:57:36,88636529,29186,30748536,135107,10194,22,23,28264626,9275,0,0,0
2026-04-22 11:57:37,88667201,30672,30759144,135156,10657,22,23,28273915,9289,0,0,0
2026-04-22 11:57:38,88698910,31709,30770144,135205,11049,21,23,28283188,9273,0,0,0
2026-04-22 11:57:39,88728754,29844,30780483,135251,10385,21,23,28292451,9263,0,0,0
2026-04-22 11:57:40,88758364,29610,30790750,135301,10317,21,23,28301685,9234,0,0,0
2026-04-22 11:57:41,88788963,30599,30801382,135338,10669,22,23,28310856,9171,0,0,0
2026-04-22 11:57:43,88819527,30564,30811982,135387,10649,22,23,28319973,9117,0,0,0
2026-04-22 11:57:44,88850691,31164,30822787,135441,10859,21,23,28338215,18242,0,0,0
2026-04-22 11:57:45,88881608,30917,30833532,135496,10800,21,23,28347325,9110,0,0,0
2026-04-22 11:57:46,88913373,31765,30844512,135564,11048,22,23,28356466,9141,0,0,0
2026-04-22 11:57:47,88946311,32938,30855900,135622,11446,20,23,28365616,9150,0,0,0
2026-04-22 11:57:48,88979055,32744,30867276,135657,11411,22,23,28374767,9151,0,0,0
2026-04-22 11:57:49,89011930,32875,30878673,135717,11457,21,23,28383940,9173,0,0,0
2026-04-22 11:57:50,89044302,32372,30889918,135763,11291,21,23,28393130,9190,0,0,0
2026-04-22 11:57:51,89077108,32806,30901325,135800,11444,20,23,28402311,9181,0,0,0
2026-04-22 11:57:53,89109091,31983,30912415,135851,11141,22,23,28411459,9148,0,0,0
2026-04-22 11:57:54,89141051,31960,30923522,135902,11158,21,23,28429752,18293,0,0,0
2026-04-22 11:57:55,89173064,32013,30934645,135949,11170,19,23,28438896,9144,0,0,0
2026-04-22 11:57:56,89206011,32947,30946055,136000,11461,22,23,28448056,9160,0,0,0
2026-04-22 11:57:57,89239233,33222,30957576,136045,11566,22,23,28457246,9190,0,0,0
2026-04-22 11:57:58,89271566,32333,30968792,136086,11257,21,23,28466437,9191,0,0,0
2026-04-22 11:57:59,89304678,33112,30980277,136130,11529,18,23,28475624,9187,0,0,0
2026-04-22 11:58:00,89337722,33044,30991766,136182,11541,19,23,28484795,9171,0,0,0
2026-04-22 11:58:01,89371309,33587,31003404,136240,11696,22,23,28493967,9172,0,0,0
2026-04-22 11:58:03,89402215,30906,31014146,136283,10785,22,23,28503172,9205,0,0,0
2026-04-22 11:58:04,89434200,31985,31025237,136328,11136,21,23,28521607,18435,0,0,0
2026-04-22 11:58:05,89466872,32672,31036583,136382,11400,22,23,28530812,9205,0,0,0
2026-04-22 11:58:06,89499377,32505,31047867,136438,11340,21,23,28539998,9186,0,0,0
2026-04-22 11:58:07,89532423,33046,31059330,136498,11523,22,23,28549182,9184,0,0,0
2026-04-22 11:58:08,89564088,31665,31070335,136554,11061,22,23,28558342,9160,0,0,0
2026-04-22 11:58:09,89597022,32934,31081778,136605,11494,22,23,28567504,9162,0,0,0
2026-04-22 11:58:10,89629984,32962,31093216,136662,11495,20,23,28576688,9184,0,0,0
2026-04-22 11:58:11,89662753,32769,31104570,136719,11411,17,23,28585910,9222,0,0,0
2026-04-22 11:58:13,89692921,30168,31115072,136764,10547,22,23,28595128,9218,0,0,0
2026-04-22 11:58:14,89723760,30839,31125795,136819,10778,22,23,28613539,18411,0,0,0
2026-04-22 11:58:15,89757009,33249,31137316,136865,11567,21,23,28622758,9219,0,0,0
2026-04-22 11:58:16,89789831,32822,31148702,136917,11438,22,23,28631944,9186,0,0,0
2026-04-22 11:58:17,89823104,33273,31160255,136968,11604,21,23,28641110,9166,0,0,0
2026-04-22 11:58:18,89856569,33465,31171853,137021,11651,21,23,28650244,9134,0,0,0
2026-04-22 11:58:19,89889302,32733,31183192,137078,11396,21,23,28659430,9186,0,0,0
2026-04-22 11:58:20,89923228,33926,31194959,137136,11825,18,23,28668595,9165,0,0,0
2026-04-22 11:58:22,89955543,32315,31206189,137180,11274,21,23,28677791,9196,0,0,0
2026-04-22 11:58:23,89986083,30540,31216809,137221,10661,22,23,28686967,9176,0,0,0
2026-04-22 11:58:24,90017341,31258,31227654,137283,10907,20,23,28705303,18336,0,0,0
2026-04-22 11:58:25,90049139,31798,31238720,137330,11113,22,23,28714464,9161,0,0,0
2026-04-22 11:58:26,90081393,32254,31249919,137376,11245,18,23,28723604,9140,0,0,0
2026-04-22 11:58:27,90115289,33896,31261669,137425,11799,20,23,28732750,9146,0,0,0
2026-04-22 11:58:28,90148579,33290,31273224,137478,11608,20,23,28741890,9140,0,0,0
2026-04-22 11:58:29,90181252,32673,31284562,137529,11389,22,23,28751049,9159,0,0,0
2026-04-22 11:58:30,90214062,32810,31295936,137586,11431,21,23,28760207,9158,0,0,0
2026-04-22 11:58:32,90243781,29719,31306262,137632,10372,22,23,28769363,9156,0,0,0
2026-04-22 11:58:33,90275070,31289,31317121,137682,10909,21,23,28787610,18247,0,0,0
2026-04-22 11:58:34,90307460,32390,31328359,137724,11280,21,23,28796770,9160,0,0,0
2026-04-22 11:58:35,90339940,32480,31339627,137770,11314,20,23,28805956,9186,0,0,0
2026-04-22 11:58:36,90372469,32529,31350890,137830,11323,21,23,28815156,9200,0,0,0
2026-04-22 11:58:37,90405551,33082,31362344,137873,11497,21,23,28824302,9146,0,0,0
2026-04-22 11:58:38,90437891,32340,31373573,137919,11275,21,23,28833417,9115,0,0,0
2026-04-22 11:58:39,90469930,32039,31384671,137965,11144,21,23,28842546,9129,0,0,0
2026-04-22 11:58:40,90503068,33138,31396148,138023,11535,21,23,28851674,9128,0,0,0
2026-04-22 11:58:42,90531882,28814,31406150,138065,10044,22,23,28860807,9133,0,0,0
2026-04-22 11:58:43,90562484,30602,31416802,138096,10683,22,23,28879026,18219,0,0,0
2026-04-22 11:58:44,90595417,32933,31428225,138143,11470,19,23,28888127,9101,0,0,0
2026-04-22 11:58:45,90628006,32589,31439490,138204,11326,20,23,28897232,9105,0,0,0
2026-04-22 11:58:46,90660144,32138,31450663,138243,11212,20,23,28906371,9139,0,0,0
2026-04-22 11:58:47,90692438,32294,31461857,138302,11253,19,23,28915524,9153,0,0,0
2026-04-22 11:58:48,90724134,31696,31472856,138354,11051,21,23,28924661,9137,0,0,0
2026-04-22 11:58:49,90755525,31391,31483739,138403,10932,21,23,28933809,9148,0,0,0
2026-04-22 11:58:50,90786454,30929,31494445,138456,10759,21,23,28942937,9128,0,0,0
2026-04-22 11:58:52,90815950,29496,31504684,138504,10287,22,23,28952047,9110,0,0,0
2026-04-22 11:58:53,90847845,31895,31515731,138548,11091,20,23,28970309,18262,0,0,0
2026-04-22 11:58:54,90880409,32564,31527031,138605,11357,22,23,28979434,9125,0,0,0
2026-04-22 11:58:55,90912794,32385,31538231,138673,11268,17,23,28988528,9094,0,0,0
2026-04-22 11:58:56,90944837,32043,31549343,138728,11167,21,23,28997634,9106,0,0,0
2026-04-22 11:58:57,90977726,32889,31560745,138782,11456,21,23,29006739,9105,0,0,0
2026-04-22 11:58:58,91010151,32425,31571983,138819,11275,21,23,29015853,9114,0,0,0
2026-04-22 11:58:59,91042217,32066,31583102,138867,11167,21,23,29024955,9102,0,0,0
2026-04-22 11:59:00,91073258,31041,31593875,138914,10820,21,23,29034045,9090,0,0,0
2026-04-22 11:59:02,91103079,29821,31604215,138962,10388,18,23,29043116,9071,0,0,0
2026-04-22 11:59:03,91134546,31467,31615130,139015,10968,19,23,29061274,18158,0,0,0
2026-04-22 11:59:04,91166803,32257,31626313,139062,11230,21,23,29070341,9067,0,0,0
2026-04-22 11:59:05,91199214,32411,31637518,139121,11264,22,23,29079408,9067,0,0,0
2026-04-22 11:59:06,91230962,31748,31648556,139161,11078,20,23,29088515,9107,0,0,0
2026-04-22 11:59:07,91263379,32417,31659801,139207,11291,22,23,29097623,9108,0,0,0
2026-04-22 11:59:08,91294350,30971,31670571,139253,10816,20,23,29106710,9087,0,0,0
2026-04-22 11:59:09,91326133,31783,31681572,139296,11044,22,23,29115796,9086,0,0,0
2026-04-22 11:59:10,91358281,32148,31692733,139336,11201,22,23,29124887,9091,0,0,0
2026-04-22 11:59:12,91389648,31367,31703623,139382,10936,22,23,29133913,9026,0,0,0
2026-04-22 11:59:13,91422153,32505,31714895,139439,11329,21,23,29151915,18002,0,0,0
2026-04-22 11:59:14,91454701,32548,31726178,139495,11339,21,23,29160945,9030,0,0,0
2026-04-22 11:59:15,91487238,32537,31737469,139551,11347,20,23,29169986,9041,0,0,0
2026-04-22 11:59:16,91519790,32552,31748731,139616,11327,21,23,29179021,9035,0,0,0
2026-04-22 11:59:17,91551995,32205,31759928,139660,11241,21,23,29188059,9038,0,0,0
2026-04-22 11:59:18,91583786,31791,31770958,139711,11081,21,23,29197106,9047,0,0,0
2026-04-22 11:59:19,91614584,30798,31781643,139772,10746,22,23,29206157,9051,0,0,0
2026-04-22 11:59:20,91646321,31737,31792649,139826,11060,22,23,29215213,9056,0,0,0
2026-04-22 11:59:22,91676522,30201,31803127,139886,10538,21,23,29224300,9087,0,0,0
2026-04-22 11:59:23,91708780,32258,31814287,139930,11204,20,23,29242441,18141,0,0,0
2026-04-22 11:59:24,91741378,32598,31825586,139992,11361,20,23,29251489,9048,0,0,0
2026-04-22 11:59:25,91774259,32881,31836993,140044,11459,21,23,29260549,9060,0,0,0
2026-04-22 11:59:26,91806134,31875,31848070,140086,11119,21,23,29269585,9036,0,0,0
2026-04-22 11:59:27,91837375,31241,31858910,140151,10905,22,23,29278617,9032,0,0,0
2026-04-22 11:59:28,91869142,31767,31869929,140202,11070,22,23,29287662,9045,0,0,0
2026-04-22 11:59:29,91900633,31491,31880891,140251,11011,21,23,29296693,9031,0,0,0
2026-04-22 11:59:30,91932503,31870,31891932,140296,11086,19,23,29305751,9058,0,0,0
2026-04-22 11:59:32,91962840,30337,31902477,140337,10586,22,23,29314791,9040,0,0,0
2026-04-22 11:59:33,91995330,32490,31913735,140400,11321,21,23,29332848,18057,0,0,0
2026-04-22 11:59:34,92028024,32694,31925065,140447,11377,22,23,29341867,9019,0,0,0
2026-04-22 11:59:35,92059330,31306,31935948,140493,10929,21,23,29350909,9042,0,0,0
2026-04-22 11:59:36,92090977,31647,31946954,140538,11051,21,23,29359921,9012,0,0,0
2026-04-22 11:59:37,92122246,31269,31957799,140578,10885,22,23,29368935,9014,0,0,0
2026-04-22 11:59:38,92152906,30660,31968439,140628,10690,22,23,29377951,9016,0,0,0
2026-04-22 11:59:39,92185061,32155,31979594,140677,11204,22,23,29386956,9005,0,0,0
2026-04-22 11:59:41,92216900,31839,31990659,140718,11106,19,23,29395964,9008,0,0,0
2026-04-22 11:59:42,92248136,31236,32001465,140774,10862,22,23,29404951,8987,0,0,0
2026-04-22 11:59:43,92281383,33247,32012995,140828,11584,20,23,29422945,17994,0,0,0
2026-04-22 11:59:44,92313818,32435,32024262,140866,11305,18,23,29431948,9003,0,0,0
2026-04-22 11:59:45,92344929,31111,32035065,140922,10859,22,23,29440982,9034,0,0,0
2026-04-22 11:59:46,92376474,31545,32046003,140981,10997,22,23,29450026,9044,0,0,0
2026-04-22 11:59:47,92408317,31843,32057054,141032,11102,21,23,29459064,9038,0,0,0
2026-04-22 11:59:48,92441507,33190,32068569,141074,11557,21,23,29468052,8988,0,0,0
2026-04-22 11:59:49,92473499,31992,32079659,141118,11134,21,23,29477004,8952,0,0,0
2026-04-22 11:59:51,92505645,32146,32090796,141170,11189,21,23,29485989,8985,0,0,0
2026-04-22 11:59:52,92537522,31877,32101845,141214,11093,21,23,29504034,18045,0,0,0
2026-04-22 11:59:53,92569641,32119,32113002,141265,11208,19,23,29513075,9041,0,0,0
2026-04-22 11:59:54,92600956,31315,32123879,141317,10929,22,23,29522104,9029,0,0,0
2026-04-22 11:59:55,92633361,32405,32135111,141375,11290,21,23,29531122,9018,0,0,0
2026-04-22 11:59:56,92663881,30520,32145692,141423,10629,22,23,29540145,9023,0,0,0
2026-04-22 11:59:57,92695213,31332,32156543,141470,10898,21,23,29549149,9004,0,0,0
2026-04-22 11:59:58,92725951,30738,32167224,141519,10730,21,23,29558155,9006,0,0,0
2026-04-22 11:59:59,92758670,32719,32178581,141563,11401,20,23,29567144,8989,0,0,0
2026-04-22 12:00:01,92790065,31395,32189456,141608,10920,22,23,29576113,8969,0,0,0
2026-04-22 12:00:02,92821471,31406,32200364,141654,10954,21,23,29594150,18037,0,0,0
2026-04-22 12:00:03,92853584,32113,32211496,141701,11179,21,23,29603187,9037,0,0,0
2026-04-22 12:00:04,92885355,31771,32222497,141759,11059,20,23,29612202,9015,0,0,0
2026-04-22 12:00:05,92916499,31144,32233332,141802,10878,21,23,29621197,8995,0,0,0
2026-04-22 12:00:06,92948045,31546,32244271,141846,10983,21,23,29630213,9016,0,0,0
2026-04-22 12:00:07,92979754,31709,32255283,141897,11063,21,23,29639239,9026,0,0,0
2026-04-22 12:00:08,93011539,31785,32266294,141951,11065,20,23,29648244,9005,0,0,0
2026-04-22 12:00:09,93043161,31622,32277273,141988,11016,21,23,29657262,9018,0,0,0
2026-04-22 12:00:11,93074270,31109,32288088,142038,10865,22,23,29666265,9003,0,0,0
2026-04-22 12:00:12,93103889,29619,32298367,142080,10321,22,23,29675275,9010,0,0,0
2026-04-22 12:00:13,93134402,30513,32308946,142129,10628,21,23,29693342,18067,0,0,0
2026-04-22 12:00:14,93165992,31590,32319928,142177,11030,22,23,29702370,9028,0,0,0
2026-04-22 12:00:15,93196746,30754,32330567,142235,10697,21,23,29711361,8991,0,0,0
2026-04-22 12:00:16,93227331,30585,32341196,142277,10671,20,23,29720330,8969,0,0,0
2026-04-22 12:00:17,93258373,31042,32351983,142331,10841,21,23,29729309,8979,0,0,0
2026-04-22 12:00:18,93289904,31531,32362904,142374,10964,21,23,29738286,8977,0,0,0
2026-04-22 12:00:19,93320826,30922,32373618,142413,10753,22,23,29747275,8989,0,0,0
2026-04-22 12:00:21,93352992,32166,32384756,142475,11200,22,23,29756281,9006,0,0,0
2026-04-22 12:00:22,93384361,31369,32395634,142517,10920,21,23,29774321,18040,0,0,0
2026-04-22 12:00:23,93415620,31259,32406473,142567,10889,21,23,29783329,9008,0,0,0
2026-04-22 12:00:24,93446641,31021,32417258,142603,10821,21,23,29792328,8999,0,0,0
2026-04-22 12:00:25,93478065,31424,32428158,142653,10950,21,23,29801323,8995,0,0,0
2026-04-22 12:00:26,93509812,31747,32439163,142701,11053,22,23,29810305,8982,0,0,0
2026-04-22 12:00:27,93541729,31917,32450244,142740,11120,21,23,29819308,9003,0,0,0
2026-04-22 12:00:28,93574274,32545,32461536,142784,11336,21,23,29828297,8989,0,0,0
2026-04-22 12:00:29,93606135,31861,32472593,142831,11104,22,23,29837265,8968,0,0,0
2026-04-22 12:00:31,93637304,31169,32483441,142875,10892,22,23,29846234,8969,0,0,0
2026-04-22 12:00:32,93668147,30843,32494104,142934,10722,22,23,29855184,8950,0,0,0
2026-04-22 12:00:33,93699682,31535,32505045,142972,10979,20,23,29873129,17945,0,0,0
2026-04-22 12:00:34,93730258,30576,32515652,143023,10658,22,23,29882092,8963,0,0,0
2026-04-22 12:00:35,93760448,30190,32526140,143071,10536,21,23,29891036,8944,0,0,0
2026-04-22 12:00:36,93791440,30992,32536924,143105,10818,20,23,29899995,8959,0,0,0
2026-04-22 12:00:37,93822913,31473,32547829,143149,10949,19,23,29908933,8938,0,0,0
2026-04-22 12:00:38,93854176,31263,32558712,143181,10915,21,23,29917880,8947,0,0,0
2026-04-22 12:00:39,93885996,31820,32569753,143221,11081,19,23,29926834,8954,0,0,0
2026-04-22 12:00:41,93916847,30851,32580442,143279,10747,22,23,29935770,8936,0,0,0
2026-04-22 12:00:42,93946918,30071,32590900,143312,10491,22,23,29944685,8915,0,0,0
2026-04-22 12:00:43,93975832,28914,32600917,143361,10066,22,23,29962496,17811,0,0,0
2026-04-22 12:00:44,94006890,31058,32611689,143400,10811,22,23,29971402,8906,0,0,0
2026-04-22 12:00:45,94037758,30868,32622423,143439,10773,22,23,29980339,8937,0,0,0
2026-04-22 12:00:46,94069990,32232,32633606,143489,11233,21,23,29989275,8936,0,0,0
2026-04-22 12:00:47,94101764,31774,32644612,143543,11060,20,23,29998196,8921,0,0,0
2026-04-22 12:00:48,94133329,31565,32655544,143597,10986,20,23,30007101,8905,0,0,0
2026-04-22 12:00:49,94164458,31129,32666357,143649,10865,21,23,30015986,8885,0,0,0
2026-04-22 12:00:51,94195100,30642,32676976,143710,10680,22,23,30024897,8911,0,0,0
2026-04-22 12:00:52,94224774,29674,32687252,143757,10323,22,23,30033831,8934,0,0,0
2026-04-22 12:00:53,94254783,30009,32697642,143805,10438,21,23,30051676,17845,0,0,0
2026-04-22 12:00:54,94285175,30392,32708154,143863,10570,20,23,30060607,8931,0,0,0
2026-04-22 12:00:55,94316740,31565,32719082,143912,10977,20,23,30069545,8938,0,0,0
2026-04-22 12:00:56,94347914,31174,32729906,143964,10876,20,23,30078462,8917,0,0,0
2026-04-22 12:00:57,94379910,31996,32740958,144022,11110,22,23,30087375,8913,0,0,0
2026-04-22 12:00:58,94411679,31769,32751977,144071,11068,22,23,30096293,8918,0,0,0
2026-04-22 12:00:59,94442462,30783,32762671,144125,10748,20,23,30105221,8928,0,0,0
2026-04-22 12:01:01,94472775,30313,32773226,144172,10602,21,23,30114122,8901,0,0,0
2026-04-22 12:01:02,94502281,29506,32783477,144209,10288,20,23,30131975,17853,0,0,0
2026-04-22 12:01:03,94533673,31392,32794372,144261,10947,20,23,30140887,8912,0,0,0
2026-04-22 12:01:04,94565850,32177,32805527,144319,11213,21,23,30149808,8921,0,0,0
2026-04-22 12:01:05,94597960,32110,32816679,144369,11202,22,23,30158694,8886,0,0,0
2026-04-22 12:01:06,94629290,31330,32827563,144416,10931,22,23,30167592,8898,0,0,0
2026-04-22 12:01:07,94661418,32128,32838724,144456,11201,21,23,30176491,8899,0,0,0
2026-04-22 12:01:08,94693826,32408,32849975,144499,11294,21,23,30185403,8912,0,0,0
2026-04-22 12:01:09,94725375,31549,32860895,144560,10981,21,23,30194285,8882,0,0,0
2026-04-22 12:01:11,94755500,30125,32871349,144616,10510,22,23,30203166,8881,0,0,0
2026-04-22 12:01:12,94785552,30052,32881763,144659,10457,21,23,30220924,17758,0,0,0
2026-04-22 12:01:13,94816734,31182,32892591,144703,10872,21,23,30229809,8885,0,0,0
2026-04-22 12:01:14,94848369,31635,32903589,144757,11052,21,23,30238681,8872,0,0,0
2026-04-22 12:01:15,94879319,30950,32914332,144806,10792,20,23,30247567,8886,0,0,0
2026-04-22 12:01:16,94911288,31969,32925389,144860,11111,19,23,30256443,8876,0,0,0
2026-04-22 12:01:17,94943151,31863,32936447,144903,11101,21,23,30265320,8877,0,0,0
2026-04-22 12:01:18,94974561,31410,32947338,144957,10945,21,23,30274203,8883,0,0,0
2026-04-22 12:01:19,95005945,31384,32958223,145008,10936,22,23,30283108,8905,0,0,0
2026-04-22 12:01:21,95035985,30040,32968623,145051,10443,22,23,30292005,8897,0,0,0
2026-04-22 12:01:22,95065801,29816,32978995,145096,10417,20,23,30309798,17793,0,0,0
2026-04-22 12:01:23,95096516,30715,32989680,145145,10734,21,23,30318701,8903,0,0,0
2026-04-22 12:01:24,95128555,32039,33000788,145193,11156,21,23,30327626,8925,0,0,0
2026-04-22 12:01:25,95159828,31273,33011686,145235,10940,20,23,30336574,8948,0,0,0
2026-04-22 12:01:26,95192265,32437,33022918,145281,11278,22,23,30345465,8891,0,0,0
2026-04-22 12:01:27,95224451,32186,33034101,145331,11233,22,23,30354331,8866,0,0,0
2026-04-22 12:01:28,95257189,32738,33045420,145387,11375,19,23,30363163,8832,0,0,0
2026-04-22 12:01:30,95288591,31402,33056335,145438,10966,22,23,30372032,8869,0,0,0
2026-04-22 12:01:31,95318766,30175,33066780,145500,10507,22,23,30380928,8896,0,0,0
2026-04-22 12:01:32,95348708,29942,33077162,145542,10424,21,23,30398774,17846,0,0,0
2026-04-22 12:01:33,95380068,31360,33088068,145580,10944,22,23,30407681,8907,0,0,0
2026-04-22 12:01:34,95412131,32063,33099183,145628,11163,21,23,30416557,8876,0,0,0
2026-04-22 12:01:35,95443120,30989,33109957,145676,10822,21,23,30425452,8895,0,0,0
2026-04-22 12:01:36,95475054,31934,33121035,145719,11121,21,23,30434349,8897,0,0,0
2026-04-22 12:01:37,95507296,32242,33132215,145771,11232,20,23,30443261,8912,0,0,0
2026-04-22 12:01:38,95539881,32585,33143490,145808,11312,20,23,30452176,8915,0,0,0
2026-04-22 12:01:40,95571047,31166,33154330,145861,10893,22,23,30461070,8894,0,0,0
2026-04-22 12:01:41,95600293,29246,33164463,145900,10172,22,23,30469969,8899,0,0,0
2026-04-22 12:01:42,95631048,30755,33175137,145949,10723,21,23,30487704,17735,0,0,0
2026-04-22 12:01:43,95663423,32375,33186360,145993,11267,20,23,30496596,8892,0,0,0
2026-04-22 12:01:44,95695605,32182,33197525,146033,11205,22,23,30505497,8901,0,0,0
2026-04-22 12:01:45,95727420,31815,33208572,146080,11094,21,23,30514393,8896,0,0,0
2026-04-22 12:01:46,95758790,31370,33219455,146128,10931,20,23,30523269,8876,0,0,0
2026-04-22 12:01:47,95790993,32203,33230654,146175,11246,21,23,30532153,8884,0,0,0
2026-04-22 12:01:48,95823225,32232,33241854,146219,11244,21,23,30541029,8876,0,0,0
2026-04-22 12:01:50,95855250,32025,33252957,146275,11159,20,23,30549908,8879,0,0,0
2026-04-22 12:01:51,95885829,30579,33263567,146334,10669,10,23,30558786,8878,0,0,0
2026-04-22 12:01:52,95916267,30438,33274101,146388,10588,21,23,30576502,17716,0,0,0
2026-04-22 12:01:53,95947400,31133,33284889,146428,10828,20,23,30585395,8893,0,0,0
2026-04-22 12:01:54,95979715,32315,33296092,146471,11246,20,23,30594316,8921,0,0,0
2026-04-22 12:01:55,96011796,32081,33307202,146525,11164,19,23,30603255,8939,0,0,0
2026-04-22 12:01:56,96044001,32205,33318374,146578,11225,19,23,30612185,8930,0,0,0
2026-04-22 12:01:57,96075676,31675,33329378,146622,11048,21,23,30621102,8917,0,0,0
2026-04-22 12:01:58,96108144,32468,33340616,146671,11287,22,23,30630002,8900,0,0,0
2026-04-22 12:01:59,96138498,30354,33351179,146718,10610,22,23,30638890,8888,0,0,0
2026-04-22 12:02:01,96167843,29345,33361352,146756,10211,21,23,30647744,8854,0,0,0
2026-04-22 12:02:02,96199340,31497,33372288,146809,10989,22,23,30665409,17665,0,0,0
2026-04-22 12:02:03,96232595,33255,33383785,146853,11541,21,23,30674256,8847,0,0,0
2026-04-22 12:02:04,96264810,32215,33394952,146893,11207,22,23,30683146,8890,0,0,0
2026-04-22 12:02:05,96296914,32104,33406110,146932,11197,20,23,30692054,8908,0,0,0
2026-04-22 12:02:06,96329584,32670,33417437,146983,11378,21,23,30700961,8907,0,0,0
2026-04-22 12:02:07,96360453,30869,33428186,147017,10783,21,23,30709865,8904,0,0,0
2026-04-22 12:02:08,96392951,32498,33439420,147073,11290,22,23,30718760,8895,0,0,0
2026-04-22 12:02:10,96423443,30492,33450013,147118,10638,22,23,30727628,8868,0,0,0
2026-04-22 12:02:11,96452563,29120,33460109,147161,10139,22,23,30736490,8862,0,0,0
2026-04-22 12:02:12,96484589,32026,33471226,147208,11164,21,23,30754204,17714,0,0,0
2026-04-22 12:02:13,96515928,31339,33482111,147252,10929,21,23,30763087,8883,0,0,0
2026-04-22 12:02:14,96548062,32134,33493239,147298,11174,22,23,30772001,8914,0,0,0
2026-04-22 12:02:15,96580556,32494,33504491,147349,11303,22,23,30780889,8888,0,0,0
2026-04-22 12:02:16,96612684,32128,33515637,147400,11197,20,23,30789764,8875,0,0,0
2026-04-22 12:02:17,96645545,32861,33527023,147448,11434,20,23,30798630,8866,0,0,0
2026-04-22 12:02:18,96676249,30704,33537704,147493,10726,22,23,30807533,8903,0,0,0
2026-04-22 12:02:19,96707800,31551,33548655,147536,10994,20,23,30816447,8914,0,0,0
2026-04-22 12:02:21,96739898,32098,33559756,147581,11146,22,23,30825356,8909,0,0,0
2026-04-22 12:02:22,96772564,32666,33571065,147633,11361,22,23,30843202,17846,0,0,0
2026-04-22 12:02:23,96805188,32624,33582373,147686,11361,19,23,30852124,8922,0,0,0
2026-04-22 12:02:24,96837848,32660,33593698,147735,11374,22,23,30861010,8886,0,0,0
2026-04-22 12:02:25,96870804,32956,33605156,147778,11501,19,23,30869904,8894,0,0,0
2026-04-22 12:02:26,96902455,31651,33616166,147825,11057,18,23,30878823,8919,0,0,0
2026-04-22 12:02:27,96935067,32612,33627466,147883,11358,21,23,30887771,8948,0,0,0
2026-04-22 12:02:28,96968019,32952,33638886,147924,11461,21,23,30896690,8919,0,0,0
2026-04-22 12:02:29,96999222,31203,33649717,147967,10874,21,23,30905593,8903,0,0,0
2026-04-22 12:02:31,97029614,30392,33660297,148010,10623,22,23,30914489,8896,0,0,0
2026-04-22 12:02:32,97061176,31562,33671255,148049,10997,22,23,30932377,17888,0,0,0
2026-04-22 12:02:33,97094476,33300,33682781,148108,11585,22,23,30941328,8951,0,0,0
2026-04-22 12:02:34,97127360,32884,33694178,148160,11449,22,23,30950273,8945,0,0,0
2026-04-22 12:02:35,97161033,33673,33705860,148204,11726,20,23,30959193,8920,0,0,0
2026-04-22 12:02:36,97193419,32386,33717099,148255,11290,20,23,30968100,8907,0,0,0
2026-04-22 12:02:37,97225881,32462,33728359,148300,11305,20,23,30976985,8885,0,0,0
2026-04-22 12:02:38,97258687,32806,33739694,148355,11390,21,23,30985905,8920,0,0,0
2026-04-22 12:02:39,97291199,32512,33750978,148406,11335,22,23,30994817,8912,0,0,0
2026-04-22 12:02:41,97324046,32847,33762368,148449,11433,22,23,31003734,8917,0,0,0
2026-04-22 12:02:42,97356323,32277,33773556,148496,11235,20,23,31021621,17887,0,0,0
2026-04-22 12:02:43,97388834,32511,33784860,148547,11355,21,23,31030574,8953,0,0,0
2026-04-22 12:02:44,97421436,32602,33796188,148589,11370,21,23,31039531,8957,0,0,0
2026-04-22 12:02:45,97454004,32568,33807498,148628,11349,21,23,31048465,8934,0,0,0
2026-04-22 12:02:46,97486578,32574,33818809,148676,11359,22,23,31057389,8924,0,0,0
2026-04-22 12:02:47,97517938,31360,33829709,148717,10941,22,23,31066291,8902,0,0,0
2026-04-22 12:02:48,97549505,31567,33840654,148754,10982,20,23,31075225,8934,0,0,0
2026-04-22 12:02:49,97581973,32468,33851932,148806,11330,19,23,31084189,8964,0,0,0
2026-04-22 12:02:51,97613262,31289,33862801,148839,10902,22,23,31093137,8948,0,0,0
2026-04-22 12:02:52,97646002,32740,33874143,148898,11401,21,23,31111000,17863,0,0,0
2026-04-22 12:02:53,97679140,33138,33885633,148952,11544,21,23,31119953,8953,0,0,0
2026-04-22 12:02:54,97712178,33038,33897077,148999,11491,22,23,31128904,8951,0,0,0
2026-04-22 12:02:55,97744537,32359,33908296,149047,11267,21,23,31137848,8944,0,0,0
2026-04-22 12:02:56,97776614,32077,33919417,149089,11163,19,23,31146764,8916,0,0,0
2026-04-22 12:02:57,97809684,33070,33930883,149129,11506,21,23,31155705,8941,0,0,0
2026-04-22 12:02:58,97842854,33170,33942370,149188,11546,21,23,31164659,8954,0,0,0
2026-04-22 12:02:59,97875699,32845,33953796,149234,11472,22,23,31173620,8961,0,0,0
2026-04-22 12:03:01,97906808,31109,33964591,149267,10828,22,23,31182588,8968,0,0,0
2026-04-22 12:03:02,97939631,32823,33975978,149312,11432,22,23,31200551,17963,0,0,0
2026-04-22 12:03:03,97972880,33249,33987509,149364,11583,22,23,31209538,8987,0,0,0
2026-04-22 12:03:04,98005612,32732,33998870,149411,11408,20,23,31218530,8992,0,0,0
2026-04-22 12:03:05,98038779,33167,34010353,149456,11528,20,23,31227489,8959,0,0,0
2026-04-22 12:03:06,98070762,31983,34021423,149504,11118,20,23,31236432,8943,0,0,0
2026-04-22 12:03:07,98103437,32675,34032744,149566,11383,19,23,31245340,8908,0,0,0
2026-04-22 12:03:08,98136441,33004,34044185,149614,11489,22,23,31254271,8931,0,0,0
2026-04-22 12:03:09,98168947,32506,34055466,149668,11335,21,23,31263217,8946,0,0,0
2026-04-22 12:03:11,98200746,31799,34066497,149717,11080,21,23,31272193,8976,0,0,0
2026-04-22 12:03:12,98232949,32203,34077654,149779,11219,21,23,31290225,18032,0,0,0
2026-04-22 12:03:13,98266191,33242,34089192,149823,11582,22,23,31299263,9038,0,0,0
2026-04-22 12:03:14,98298403,32212,34100353,149879,11217,21,23,31308273,9010,0,0,0
2026-04-22 12:03:15,98330220,31817,34111408,149918,11094,22,23,31317260,8987,0,0,0
2026-04-22 12:03:16,98363256,33036,34122845,149967,11486,21,23,31326277,9017,0,0,0
2026-04-22 12:03:17,98395822,32566,34134169,150011,11368,22,23,31335312,9035,0,0,0
2026-04-22 12:03:18,98428931,33109,34145664,150051,11535,19,23,31344339,9027,0,0,0
2026-04-22 12:03:20,98461203,32272,34156872,150086,11243,19,23,31353378,9039,0,0,0
2026-04-22 12:03:21,98491443,30240,34167364,150129,10535,22,23,31362439,9061,0,0,0
2026-04-22 12:03:22,98522751,31308,34178250,150168,10925,22,23,31380571,18132,0,0,0
2026-04-22 12:03:23,98554243,31492,34189208,150210,11000,22,23,31389657,9086,0,0,0
2026-04-22 12:03:24,98585722,31479,34200112,150265,10959,22,23,31398729,9072,0,0,0
2026-04-22 12:03:25,98617378,31656,34211085,150316,11024,21,23,31407788,9059,0,0,0
2026-04-22 12:03:26,98649469,32091,34222212,150360,11171,22,23,31416821,9033,0,0,0
2026-04-22 12:03:27,98681697,32228,34233394,150406,11228,21,23,31425860,9039,0,0,0
2026-04-22 12:03:28,98713408,31711,34244418,150445,11063,18,23,31434917,9057,0,0,0
2026-04-22 12:03:29,98745378,31970,34255490,150495,11122,18,23,31443966,9049,0,0,0
2026-04-22 12:03:31,98776001,30623,34266127,150546,10688,20,23,31453019,9053,0,0,0
2026-04-22 12:03:32,98807168,31167,34276896,150588,10811,21,23,31471080,18061,0,0,0
2026-04-22 12:03:33,98839261,32093,34288000,150645,11161,21,23,31480125,9045,0,0,0
2026-04-22 12:03:34,98869651,30390,34298543,150692,10590,21,23,31489153,9028,0,0,0
2026-04-22 12:03:35,98900094,30443,34309162,150731,10658,21,23,31498190,9037,0,0,0
2026-04-22 12:03:36,98932831,32737,34320505,150781,11393,21,23,31507190,9000,0,0,0
2026-04-22 12:03:37,98963607,30776,34331170,150828,10712,21,23,31516244,9054,0,0,0
2026-04-22 12:03:38,98995677,32070,34342306,150880,11188,22,23,31525312,9068,0,0,0
2026-04-22 12:03:39,99028361,32684,34353657,150941,11412,21,23,31534394,9082,0,0,0
2026-04-22 12:03:41,99059974,31613,34364615,150993,11010,22,23,31543459,9065,0,0,0
2026-04-22 12:03:42,99091771,31797,34375611,151042,11045,22,23,31561535,18076,0,0,0
2026-04-22 12:03:43,99123243,31472,34386537,151091,10975,20,23,31570567,9032,0,0,0
2026-04-22 12:03:44,99154749,31506,34397452,151139,10963,22,23,31579569,9002,0,0,0
2026-04-22 12:03:45,99187020,32271,34408669,151182,11260,22,23,31588596,9027,0,0,0
2026-04-22 12:03:46,99219779,32759,34420040,151242,11431,20,23,31597618,9022,0,0,0
2026-04-22 12:03:47,99252791,33012,34431465,151299,11482,17,23,31606634,9016,0,0,0
2026-04-22 12:03:48,99286277,33486,34443099,151348,11683,21,23,31615640,9006,0,0,0
2026-04-22 12:03:49,99319618,33341,34454680,151387,11620,22,23,31624616,8976,0,0,0
2026-04-22 12:03:51,99351540,31922,34465759,151448,11140,22,23,31633606,8990,0,0,0
2026-04-22 12:03:52,99382936,31396,34476630,151509,10932,22,23,31651636,18030,0,0,0
2026-04-22 12:03:53,99415452,32516,34487911,151550,11322,22,23,31660644,9008,0,0,0
2026-04-22 12:03:54,99448035,32583,34499223,151593,11355,19,23,31669681,9037,0,0,0
2026-04-22 12:03:55,99481195,33160,34510712,151653,11549,20,23,31678749,9068,0,0,0
2026-04-22 12:03:56,99514765,33570,34522306,151703,11644,21,23,31687808,9059,0,0,0
2026-04-22 12:03:57,99547613,32848,34533733,151758,11482,22,23,31696846,9038,0,0,0
2026-04-22 12:03:58,99579959,32346,34544994,151803,11306,21,23,31705889,9043,0,0,0
2026-04-22 12:03:59,99612496,32537,34556274,151849,11326,21,23,31714946,9057,0,0,0
2026-04-22 12:04:01,99643951,31455,34567171,151890,10938,19,23,31724007,9061,0,0,0
2026-04-22 12:04:02,99674708,30757,34577844,151934,10717,18,23,31742022,18015,0,0,0
2026-04-22 12:04:03,99707221,32513,34589118,151978,11318,21,23,31751054,9032,0,0,0
2026-04-22 12:04:04,99739773,32552,34600407,152026,11337,19,23,31760088,9034,0,0,0
2026-04-22 12:04:05,99772722,32949,34611794,152085,11446,21,23,31769091,9003,0,0,0
2026-04-22 12:04:06,99805759,33037,34623247,152138,11506,21,23,31778099,9008,0,0,0
2026-04-22 12:04:07,99838596,32837,34634631,152190,11436,20,23,31787131,9032,0,0,0
2026-04-22 12:04:08,99870568,31972,34645735,152245,11159,20,23,31796169,9038,0,0,0
2026-04-22 12:04:09,99902539,31971,34656834,152286,11140,22,23,31805181,9012,0,0,0
2026-04-22 12:04:11,99932472,29933,34667217,152330,10427,22,23,31814231,9050,0,0,0
2026-04-22 12:04:12,99963233,30761,34677878,152380,10711,22,23,31832341,18110,0,0,0
2026-04-22 12:04:13,99995078,31845,34688897,152443,11082,20,23,31841370,9029,0,0,0
2026-04-22 12:04:14,100026553,31475,34699807,152487,10954,22,23,31850416,9046,0,0,0
2026-04-22 12:04:15,100058481,31928,34710861,152531,11098,21,23,31859455,9039,0,0,0
2026-04-22 12:04:16,100090825,32344,34722081,152575,11264,21,23,31868502,9047,0,0,0
2026-04-22 12:04:17,100122275,31450,34732998,152620,10962,20,23,31877542,9040,0,0,0
2026-04-22 12:04:18,100153973,31698,34743979,152679,11040,21,23,31886589,9047,0,0,0
2026-04-22 12:04:19,100184826,30853,34754692,152736,10770,22,23,31895670,9081,0,0,0
2026-04-22 12:04:21,100214454,29628,34764979,152789,10340,22,23,31904754,9084,0,0,0
2026-04-22 12:04:22,100243583,29129,34775071,152839,10142,20,23,31922824,18070,0,0,0
2026-04-22 12:04:23,100274479,30896,34785771,152892,10753,21,23,31931839,9015,0,0,0
2026-04-22 12:04:24,100306022,31543,34796686,152948,10971,19,23,31940900,9061,0,0,0
2026-04-22 12:04:25,100338190,32168,34807831,152997,11194,21,23,31949940,9040,0,0,0
2026-04-22 12:04:26,100369439,31249,34818697,153046,10915,21,23,31958993,9053,0,0,0
2026-04-22 12:04:27,100401649,32210,34829873,153092,11222,20,23,31967998,9005,0,0,0
2026-04-22 12:04:28,100433512,31863,34840936,153139,11110,20,23,31977024,9026,0,0,0
2026-04-22 12:04:30,100464488,30976,34851691,153185,10801,22,23,31986041,9017,0,0,0
2026-04-22 12:04:31,100494172,29684,34861992,153220,10336,21,23,31995088,9047,0,0,0
2026-04-22 12:04:32,100524806,30634,34872637,153255,10680,22,23,32013176,18088,0,0,0
2026-04-22 12:04:33,100556523,31717,34883640,153298,11046,20,23,32022200,9024,0,0,0
2026-04-22 12:04:34,100588499,31976,34894728,153338,11128,19,23,32031246,9046,0,0,0
2026-04-22 12:04:35,100620028,31529,34905672,153381,10987,21,23,32040294,9048,0,0,0
2026-04-22 12:04:36,100651925,31897,34916726,153429,11102,20,23,32049370,9076,0,0,0
2026-04-22 12:04:37,100683110,31185,34927557,153465,10867,20,23,32058418,9048,0,0,0
2026-04-22 12:04:38,100714200,31090,34938311,153512,10801,22,23,32067447,9029,0,0,0
2026-04-22 12:04:40,100745070,30870,34949035,153565,10777,22,23,32076450,9003,0,0,0
2026-04-22 12:04:41,100773255,28185,34958824,153599,9823,22,23,32085480,9030,0,0,0
2026-04-22 12:04:42,100802652,29397,34969011,153651,10239,20,23,32103518,18038,0,0,0
2026-04-22 12:04:43,100834279,31627,34979989,153694,11021,22,23,32112540,9022,0,0,0
2026-04-22 12:04:44,100865189,30910,34990725,153735,10777,22,23,32121568,9028,0,0,0
2026-04-22 12:04:45,100895553,30364,35001235,153792,10567,22,23,32130585,9017,0,0,0
2026-04-22 12:04:46,100926472,30919,35011972,153850,10795,21,23,32139609,9024,0,0,0
2026-04-22 12:04:47,100956596,30124,35022430,153899,10507,21,23,32148634,9025,0,0,0
2026-04-22 12:04:48,100988472,31876,35033516,153944,11131,18,23,32157635,9001,0,0,0
2026-04-22 12:04:50,101017716,29244,35043683,153984,10207,22,23,32166652,9017,0,0,0
2026-04-22 12:04:51,101047476,29760,35054002,154024,10359,22,23,32175658,9006,0,0,0
2026-04-22 12:04:52,101077522,30046,35064423,154072,10469,19,23,32193591,17933,0,0,0
2026-04-22 12:04:53,101108574,31052,35075191,154117,10813,22,23,32202551,8960,0,0,0
2026-04-22 12:04:54,101140963,32389,35086421,154153,11266,21,23,32211542,8991,0,0,0
2026-04-22 12:04:55,101173068,32105,35097548,154213,11187,21,23,32220563,9021,0,0,0
2026-04-22 12:04:56,101204699,31631,35108553,154269,11061,22,23,32229581,9018,0,0,0
2026-04-22 12:04:57,101237269,32570,35119853,154315,11346,22,23,32238570,8989,0,0,0
2026-04-22 12:04:58,101269561,32292,35131069,154359,11260,18,23,32247547,8977,0,0,0
2026-04-22 12:05:00,101301290,31729,35142090,154404,11066,22,23,32256539,8992,0,0,0
2026-04-22 12:05:01,101331274,29984,35152496,154453,10455,21,23,32274514,17975,0,0,0
2026-04-22 12:05:02,101363473,32199,35163643,154505,11199,21,23,32283500,8986,0,0,0
2026-04-22 12:05:03,101395960,32487,35174908,154554,11314,21,23,32292464,8964,0,0,0
2026-04-22 12:05:04,101428542,32582,35186211,154597,11346,21,23,32301476,9012,0,0,0
2026-04-22 12:05:05,101461111,32569,35197516,154650,11358,21,23,32310496,9020,0,0,0
2026-04-22 12:05:06,101494280,33169,35209007,154702,11543,21,23,32319549,9053,0,0,0
2026-04-22 12:05:07,101527308,33028,35220442,154756,11489,20,23,32328610,9061,0,0,0
2026-04-22 12:05:08,101558204,30896,35231150,154803,10755,18,23,32337639,9029,0,0,0
2026-04-22 12:05:10,101589205,31001,35241934,154849,10830,22,23,32346665,9026,0,0,0
2026-04-22 12:05:11,101620414,31209,35252782,154886,10885,21,23,32364646,17981,0,0,0
2026-04-22 12:05:12,101652817,32403,35264036,154928,11296,20,23,32373622,8976,0,0,0
2026-04-22 12:05:13,101685540,32723,35275391,154990,11417,21,23,32382610,8988,0,0,0
2026-04-22 12:05:14,101718038,32498,35286659,155040,11318,21,23,32391600,8990,0,0,0
2026-04-22 12:05:15,101750291,32253,35297850,155097,11248,20,23,32400560,8960,0,0,0
2026-04-22 12:05:16,101783048,32757,35309178,155156,11387,21,23,32409543,8983,0,0,0
2026-04-22 12:05:17,101815186,32138,35320337,155201,11204,21,23,32418514,8971,0,0,0
2026-04-22 12:05:18,101847394,32208,35331515,155244,11221,22,23,32427508,8994,0,0,0
2026-04-22 12:05:20,101877379,29985,35341896,155289,10426,22,23,32436484,8976,0,0,0
2026-04-22 12:05:21,101908950,31571,35352846,155337,10998,21,23,32454399,17915,0,0,0
2026-04-22 12:05:22,101941035,32085,35363978,155387,11182,22,23,32463359,8960,0,0,0
2026-04-22 12:05:23,101973365,32330,35375207,155435,11277,22,23,32472346,8987,0,0,0
2026-04-22 12:05:24,102005371,32006,35386316,155480,11154,21,23,32481329,8983,0,0,0
2026-04-22 12:05:25,102037239,31868,35397376,155539,11119,21,23,32490330,9001,0,0,0
2026-04-22 12:05:26,102070057,32818,35408726,155597,11408,22,23,32499306,8976,0,0,0
2026-04-22 12:05:27,102101078,31021,35419502,155627,10806,21,23,32508295,8989,0,0,0
2026-04-22 12:05:28,102132327,31249,35430328,155682,10881,21,23,32517285,8990,0,0,0
2026-04-22 12:05:30,102163746,31419,35441224,155734,10948,22,23,32526263,8978,0,0,0
2026-04-22 12:05:31,102194990,31244,35452044,155786,10872,21,23,32544157,17894,0,0,0
2026-04-22 12:05:32,102228425,33435,35463678,155833,11681,21,23,32553097,8940,0,0,0
2026-04-22 12:05:33,102261809,33384,35475225,155889,11603,22,23,32562034,8937,0,0,0
2026-04-22 12:05:34,102294188,32379,35486485,155928,11299,21,23,32571011,8977,0,0,0
2026-04-22 12:05:35,102325760,31572,35497442,155986,11015,22,23,32579996,8985,0,0,0
2026-04-22 12:05:36,102357652,31892,35508489,156053,11114,22,23,32588998,9002,0,0,0
2026-04-22 12:05:37,102389725,32073,35519571,156121,11150,21,23,32597996,8998,0,0,0
2026-04-22 12:05:39,102420314,30589,35530196,156160,10664,22,23,32607003,9007,0,0,0
2026-04-22 12:05:40,102451180,30866,35540901,156203,10748,22,23,32616008,9005,0,0,0
2026-04-22 12:05:41,102483037,31857,35551949,156257,11102,21,23,32634044,18036,0,0,0
2026-04-22 12:05:42,102515485,32448,35563212,156302,11308,22,23,32643033,8989,0,0,0
2026-04-22 12:05:43,102548511,33026,35574646,156352,11484,22,23,32652016,8983,0,0,0
2026-04-22 12:05:44,102580929,32418,35585879,156400,11281,19,23,32661028,9012,0,0,0
2026-04-22 12:05:45,102613251,32322,35597143,156451,11315,22,23,32670071,9043,0,0,0
2026-04-22 12:05:46,102645797,32546,35608402,156485,11293,21,23,32679088,9017,0,0,0
2026-04-22 12:05:47,102676631,30834,35619064,156551,10728,21,23,32688084,8996,0,0,0
2026-04-22 12:05:49,102708140,31509,35629998,156596,10979,22,23,32697078,8994,0,0,0
2026-04-22 12:05:50,102738494,30354,35640515,156645,10566,22,23,32715025,17947,0,0,0
2026-04-22 12:05:51,102770391,31897,35651566,156699,11105,21,23,32723984,8959,0,0,0
2026-04-22 12:05:52,102802892,32501,35662829,156759,11323,21,23,32732973,8989,0,0,0
2026-04-22 12:05:53,102835725,32833,35674208,156813,11433,21,23,32741971,8998,0,0,0
2026-04-22 12:05:54,102867667,31942,35685277,156873,11129,22,23,32751002,9031,0,0,0
2026-04-22 12:05:55,102899675,32008,35696399,156915,11164,21,23,32760028,9026,0,0,0
2026-04-22 12:05:56,102931599,31924,35707455,156949,11090,22,23,32769045,9017,0,0,0
2026-04-22 12:05:57,102962787,31188,35718277,156991,10864,21,23,32778060,9015,0,0,0
2026-04-22 12:05:59,102993566,30779,35728953,157046,10731,22,23,32787042,8982,0,0,0
2026-04-22 12:06:00,103024425,30859,35739657,157087,10745,20,23,32804988,17946,0,0,0
2026-04-22 12:06:01,103056628,32203,35750822,157135,11213,20,23,32813966,8978,0,0,0
2026-04-22 12:06:02,103088639,32011,35761961,157165,11169,20,23,32822978,9012,0,0,0
2026-04-22 12:06:03,103120201,31562,35772852,157231,10957,22,23,32831998,9020,0,0,0
2026-04-22 12:06:04,103151976,31775,35783866,157271,11054,22,23,32841029,9031,0,0,0
2026-04-22 12:06:05,103182918,30942,35794610,157323,10796,21,23,32850037,9008,0,0,0
2026-04-22 12:06:06,103213388,30470,35805180,157369,10616,22,23,32859024,8987,0,0,0
2026-04-22 12:06:07,103244952,31564,35816130,157421,11002,22,23,32868037,9013,0,0,0
2026-04-22 12:06:09,103275922,30970,35826894,157462,10805,22,23,32877075,9038,0,0,0
2026-04-22 12:06:10,103306468,30546,35837452,157509,10605,20,23,32895099,18024,0,0,0
2026-04-22 12:06:11,103338073,31605,35848399,157569,11007,20,23,32904116,9017,0,0,0
2026-04-22 12:06:12,103370249,32176,35859557,157616,11205,21,23,32913120,9004,0,0,0
2026-04-22 12:06:13,103402227,31978,35870652,157655,11134,19,23,32922144,9024,0,0,0
2026-04-22 12:06:14,103433878,31651,35881660,157691,11044,19,23,32931137,8993,0,0,0
2026-04-22 12:06:15,103465223,31345,35892547,157725,10921,21,23,32940139,9002,0,0,0
2026-04-22 12:06:16,103496276,31053,35903304,157776,10808,21,23,32949129,8990,0,0,0
2026-04-22 12:06:17,103528263,31987,35914390,157821,11131,20,23,32958129,9000,0,0,0
2026-04-22 12:06:19,103559375,31112,35925195,157859,10843,22,23,32967088,8959,0,0,0
2026-04-22 12:06:20,103590372,30997,35935923,157910,10779,22,23,32976044,8956,0,0,0
2026-04-22 12:06:21,103622841,32469,35947165,157964,11296,22,23,32994019,17975,0,0,0
2026-04-22 12:06:22,103654150,31309,35958043,158009,10923,22,23,33002996,8977,0,0,0
2026-04-22 12:06:23,103686181,32031,35969133,158053,11134,20,23,33011959,8963,0,0,0
2026-04-22 12:06:24,103716748,30567,35979703,158102,10619,21,23,33020930,8971,0,0,0
2026-04-22 12:06:25,103747548,30800,35990386,158147,10728,22,23,33029891,8961,0,0,0
2026-04-22 12:06:26,103779609,32061,36001519,158188,11174,22,23,33038878,8987,0,0,0
2026-04-22 12:06:27,103811347,31738,36012524,158243,11060,21,23,33047891,9013,0,0,0
2026-04-22 12:06:29,103841935,30588,36023184,158276,10693,22,23,33056912,9021,0,0,0
2026-04-22 12:06:30,103872642,30707,36033863,158322,10725,15,23,33065909,8997,0,0,0
2026-04-22 12:06:31,103904861,32219,36045051,158368,11234,21,23,33083831,17922,0,0,0
2026-04-22 12:06:32,103936967,32106,36056180,158426,11187,22,23,33092852,9021,0,0,0
2026-04-22 12:06:33,103968376,31409,36067092,158474,10960,21,23,33101847,8995,0,0,0
2026-04-22 12:06:34,104000482,32106,36078175,158525,11134,22,23,33110853,9006,0,0,0
2026-04-22 12:06:35,104031900,31418,36089097,158561,10958,21,23,33119876,9023,0,0,0
2026-04-22 12:06:36,104064802,32902,36100492,158621,11455,20,23,33128914,9038,0,0,0
2026-04-22 12:06:37,104097620,32818,36111877,158664,11428,22,23,33137944,9030,0,0,0
2026-04-22 12:06:39,104128905,31285,36122731,158705,10895,22,23,33146968,9024,0,0,0
2026-04-22 12:06:40,104160143,31238,36133545,158746,10855,19,23,33164981,18013,0,0,0
2026-04-22 12:06:41,104191703,31560,36144461,158794,10964,19,23,33173977,8996,0,0,0
2026-04-22 12:06:42,104222955,31252,36155319,158839,10903,22,23,33182982,9005,0,0,0
2026-04-22 12:06:43,104253525,30570,36165926,158890,10658,21,23,33191993,9011,0,0,0
2026-04-22 12:06:44,104284608,31083,36176740,158945,10869,22,23,33200957,8964,0,0,0
2026-04-22 12:06:45,104316950,32342,36187953,158992,11260,20,23,33209916,8959,0,0,0
2026-04-22 12:06:46,104348932,31982,36199080,159027,11162,21,23,33218899,8983,0,0,0
2026-04-22 12:06:47,104381290,32358,36210310,159075,11278,20,23,33227900,9001,0,0,0
2026-04-22 12:06:49,104413109,31819,36221360,159128,11103,22,23,33236925,9025,0,0,0
2026-04-22 12:06:50,104443493,30384,36231923,159178,10613,21,23,33254919,17994,0,0,0
2026-04-22 12:06:51,104475121,31628,36242906,159221,11026,20,23,33263871,8952,0,0,0
2026-04-22 12:06:52,104506987,31866,36253980,159259,11112,22,23,33272808,8937,0,0,0
2026-04-22 12:06:53,104539500,32513,36265260,159325,11346,21,23,33281761,8953,0,0,0
2026-04-22 12:06:54,104570352,30852,36275990,159363,10768,20,23,33290737,8976,0,0,0
2026-04-22 12:06:55,104603601,33249,36287532,159415,11594,18,23,33299728,8991,0,0,0
2026-04-22 12:06:56,104637118,33517,36299137,159471,11661,21,23,33308738,9010,0,0,0
2026-04-22 12:06:57,104670662,33544,36310773,159517,11682,22,23,33317741,9003,0,0,0
2026-04-22 12:06:59,104703671,33009,36322224,159563,11497,22,23,33326746,9005,0,0,0
2026-04-22 12:07:00,104735606,31935,36333309,159605,11127,21,23,33344806,18060,0,0,0
2026-04-22 12:07:01,104768583,32977,36344781,159653,11520,19,23,33353825,9019,0,0,0
2026-04-22 12:07:02,104799952,31369,36355666,159710,10942,20,23,33362820,8995,0,0,0
2026-04-22 12:07:03,104832592,32640,36366978,159758,11360,21,23,33371825,9005,0,0,0
2026-04-22 12:07:04,104865419,32827,36378406,159795,11465,22,23,33380850,9025,0,0,0
2026-04-22 12:07:05,104898349,32930,36389863,159848,11510,20,23,33389849,8999,0,0,0
2026-04-22 12:07:06,104932600,34251,36401711,159915,11915,21,23,33398843,8994,0,0,0
2026-04-22 12:07:07,104965797,33197,36413229,159970,11573,19,23,33407809,8966,0,0,0
2026-04-22 12:07:09,104998467,32670,36424558,160008,11367,22,23,33416782,8973,0,0,0
2026-04-22 12:07:10,105030484,32017,36435692,160056,11182,20,23,33434704,17922,0,0,0
2026-04-22 12:07:11,105063859,33375,36447225,160115,11592,22,23,33443770,9066,0,0,0
2026-04-22 12:07:12,105095347,31488,36458168,160166,10994,22,23,33452859,9089,0,0,0
2026-04-22 12:07:13,105128378,33031,36469633,160218,11517,18,23,33461935,9076,0,0,0
2026-04-22 12:07:14,105162241,33863,36481352,160262,11763,20,23,33470995,9060,0,0,0
2026-04-22 12:07:15,105195087,32846,36492733,160316,11435,20,23,33480037,9042,0,0,0
2026-04-22 12:07:16,105227961,32874,36504119,160367,11437,20,23,33489086,9049,0,0,0
2026-04-22 12:07:17,105261204,33243,36515643,160419,11576,22,23,33498130,9044,0,0,0
2026-04-22 12:07:19,105293342,32138,36526781,160461,11180,22,23,33507168,9038,0,0,0
2026-04-22 12:07:20,105325859,32517,36538043,160511,11312,21,23,33525319,18151,0,0,0
2026-04-22 12:07:21,105357373,31514,36548965,160554,10965,20,23,33534402,9083,0,0,0
2026-04-22 12:07:22,105390119,32746,36560339,160610,11430,20,23,33543444,9042,0,0,0
2026-04-22 12:07:23,105422176,32057,36571476,160662,11189,22,23,33552491,9047,0,0,0
2026-04-22 12:07:24,105454111,31935,36582595,160721,11178,22,23,33561526,9035,0,0,0
2026-04-22 12:07:25,105487124,33013,36594021,160776,11481,19,23,33570588,9062,0,0,0
2026-04-22 12:07:26,105519481,32357,36605291,160825,11319,20,23,33579651,9063,0,0,0
2026-04-22 12:07:28,105551944,32463,36616539,160882,11305,22,23,33588757,9106,0,0,0
2026-04-22 12:07:29,105583782,31838,36627587,160926,11092,22,23,33597856,9099,0,0,0
2026-04-22 12:07:30,105614987,31205,36638395,160977,10859,22,23,33616000,18144,0,0,0
2026-04-22 12:07:31,105647264,32277,36649591,161029,11248,18,23,33625078,9078,0,0,0
2026-04-22 12:07:32,105680059,32795,36660909,161084,11373,22,23,33634138,9060,0,0,0
2026-04-22 12:07:33,105713157,33098,36672420,161124,11551,22,23,33643221,9083,0,0,0
2026-04-22 12:07:34,105745680,32523,36683721,161170,11347,20,23,33652272,9051,0,0,0
2026-04-22 12:07:35,105779108,33428,36695303,161217,11629,21,23,33661325,9053,0,0,0
2026-04-22 12:07:36,105811723,32615,36706622,161278,11380,21,23,33670378,9053,0,0,0
2026-04-22 12:07:38,105844527,32804,36717991,161327,11418,21,23,33679447,9069,0,0,0
2026-04-22 12:07:39,105875774,31247,36728838,161366,10886,21,23,33688517,9070,0,0,0
2026-04-22 12:07:40,105908380,32606,36740157,161419,11372,21,23,33706632,18115,0,0,0
2026-04-22 12:07:41,105941816,33436,36751752,161461,11637,20,23,33715720,9088,0,0,0
2026-04-22 12:07:42,105975453,33637,36763408,161513,11708,18,23,33724820,9100,0,0,0
2026-04-22 12:07:43,106008784,33331,36774969,161565,11613,20,23,33733925,9105,0,0,0
2026-04-22 12:07:44,106041922,33138,36786477,161612,11555,20,23,33743042,9117,0,0,0
2026-04-22 12:07:45,106074886,32964,36797885,161674,11470,21,23,33752123,9081,0,0,0
2026-04-22 12:07:46,106107733,32847,36809272,161721,11434,22,23,33761222,9099,0,0,0
2026-04-22 12:07:48,106139958,32225,36820429,161777,11213,21,23,33770331,9109,0,0,0
2026-04-22 12:07:49,106170304,30346,36830966,161819,10579,22,23,33779434,9103,0,0,0
2026-04-22 12:07:50,106202411,32107,36842091,161868,11174,20,23,33797539,18105,0,0,0
2026-04-22 12:07:51,106235346,32935,36853516,161918,11475,22,23,33806588,9049,0,0,0
2026-04-22 12:07:52,106267231,31885,36864589,161959,11114,21,23,33815652,9064,0,0,0
2026-04-22 12:07:53,106300383,33152,36876073,162016,11541,20,23,33824750,9098,0,0,0
2026-04-22 12:07:54,106332988,32605,36887379,162064,11354,20,23,33833811,9061,0,0,0
2026-04-22 12:07:55,106364255,31267,36898258,162116,10931,22,23,33842877,9066,0,0,0
2026-04-22 12:07:56,106396311,32056,36909397,162154,11177,21,23,33851945,9068,0,0,0
2026-04-22 12:07:58,106427538,31227,36920242,162209,10900,22,23,33861038,9093,0,0,0
2026-04-22 12:07:59,106458392,30854,36930915,162266,10730,22,23,33870175,9137,0,0,0
2026-04-22 12:08:00,106491522,33130,36942414,162313,11546,20,23,33888385,18210,0,0,0
2026-04-22 12:08:01,106525034,33512,36954039,162366,11678,20,23,33897453,9068,0,0,0
2026-04-22 12:08:02,106557754,32720,36965389,162424,11408,22,23,33906527,9074,0,0,0
2026-04-22 12:08:03,106591265,33511,36977001,162485,11673,21,23,33915632,9105,0,0,0
2026-04-22 12:08:04,106624735,33470,36988593,162537,11644,22,23,33924727,9095,0,0,0
2026-04-22 12:08:05,106657033,32298,36999783,162588,11241,21,23,33933820,9093,0,0,0
2026-04-22 12:08:06,106689765,32732,37011141,162643,11413,22,23,33942882,9062,0,0,0
2026-04-22 12:08:08,106719355,29590,37021395,162699,10310,22,23,33951957,9075,0,0,0
2026-04-22 12:08:09,106749858,30503,37031994,162745,10645,19,23,33970081,18124,0,0,0
2026-04-22 12:08:10,106781943,32085,37043134,162798,11193,20,23,33979147,9066,0,0,0
2026-04-22 12:08:11,106814461,32518,37054430,162849,11347,19,23,33988253,9106,0,0,0
2026-04-22 12:08:12,106847723,33262,37065944,162909,11574,19,23,33997355,9102,0,0,0
2026-04-22 12:08:13,106880646,32923,37077347,162978,11472,20,23,34006417,9062,0,0,0
2026-04-22 12:08:14,106913319,32673,37088660,163024,11359,21,23,34015450,9033,0,0,0
2026-04-22 12:08:15,106944960,31641,37099663,163071,11050,22,23,34024494,9044,0,0,0
2026-04-22 12:08:16,106976315,31355,37110537,163121,10924,20,23,34033538,9044,0,0,0
2026-04-22 12:08:18,107007918,31603,37121547,163154,11043,21,23,34042581,9043,0,0,0
2026-04-22 12:08:19,107038299,30381,37132097,163190,10586,19,23,34060736,18155,0,0,0
2026-04-22 12:08:20,107071112,32813,37143476,163247,11436,22,23,34069843,9107,0,0,0
2026-04-22 12:08:21,107104251,33139,37154971,163298,11546,22,23,34078929,9086,0,0,0
2026-04-22 12:08:22,107137171,32920,37166378,163351,11460,21,23,34088032,9103,0,0,0
2026-04-22 12:08:23,107170207,33036,37177811,163409,11491,21,23,34097129,9097,0,0,0
2026-04-22 12:08:24,107202789,32582,37189106,163454,11340,21,23,34106208,9079,0,0,0
2026-04-22 12:08:25,107234817,32028,37200225,163505,11170,22,23,34115281,9073,0,0,0
2026-04-22 12:08:26,107266457,31640,37211189,163564,11023,17,23,34124310,9029,0,0,0
2026-04-22 12:08:28,107298194,31737,37222175,163618,11040,20,23,34133352,9042,0,0,0
2026-04-22 12:08:29,107330045,31851,37233207,163668,11082,20,23,34151510,18158,0,0,0
2026-04-22 12:08:30,107362068,32023,37244330,163716,11171,21,23,34160573,9063,0,0,0
2026-04-22 12:08:31,107395345,33277,37255837,163769,11560,20,23,34169664,9091,0,0,0
2026-04-22 12:08:32,107427697,32352,37267068,163825,11287,21,23,34178769,9105,0,0,0
2026-04-22 12:08:33,107459756,32059,37278204,163882,11193,20,23,34187886,9117,0,0,0
2026-04-22 12:08:34,107490717,30961,37288968,163931,10813,22,23,34196992,9106,0,0,0
2026-04-22 12:08:35,107522561,31844,37300025,163978,11104,20,23,34206074,9082,0,0,0
2026-04-22 12:08:36,107555552,32991,37311452,164032,11481,21,23,34215136,9062,0,0,0
2026-04-22 12:08:38,107587858,32306,37322677,164076,11269,22,23,34224212,9076,0,0,0
2026-04-22 12:08:39,107619953,32095,37333816,164130,11193,20,23,34242417,18205,0,0,0
2026-04-22 12:08:40,107653533,33580,37345450,164169,11673,22,23,34251530,9113,0,0,0
2026-04-22 12:08:41,107685628,32095,37356611,164213,11205,17,23,34260607,9077,0,0,0
2026-04-22 12:08:42,107718479,32851,37368004,164259,11439,21,23,34269665,9058,0,0,0
2026-04-22 12:08:43,107750290,31811,37379024,164312,11073,21,23,34278714,9049,0,0,0
2026-04-22 12:08:44,107782551,32261,37390225,164352,11241,22,23,34287735,9021,0,0,0
2026-04-22 12:08:45,107814839,32288,37401429,164397,11249,22,23,34296730,8995,0,0,0
2026-04-22 12:08:46,107847990,33151,37412929,164444,11547,21,23,34305726,8996,0,0,0
2026-04-22 12:08:48,107880251,32261,37424113,164500,11240,22,23,34314760,9034,0,0,0
2026-04-22 12:08:49,107912924,32673,37435482,164541,11410,20,23,34332956,18196,0,0,0
2026-04-22 12:08:50,107945804,32880,37446870,164576,11423,22,23,34342045,9089,0,0,0
2026-04-22 12:08:51,107978269,32465,37458125,164613,11292,21,23,34351116,9071,0,0,0
2026-04-22 12:08:52,108008938,30669,37468791,164642,10695,20,23,34360176,9060,0,0,0
2026-04-22 12:08:53,108040549,31611,37479770,164700,11037,21,23,34369237,9061,0,0,0
2026-04-22 12:08:54,108072887,32338,37490979,164747,11256,20,23,34378311,9074,0,0,0
2026-04-22 12:08:55,108105580,32693,37502333,164793,11400,21,23,34387392,9081,0,0,0
2026-04-22 12:08:56,108137024,31444,37513279,164834,10987,22,23,34396493,9101,0,0,0
2026-04-22 12:08:58,108168731,31707,37524286,164885,11058,21,23,34405580,9087,0,0,0
2026-04-22 12:08:59,108201323,32592,37535595,164936,11360,21,23,34423728,18148,0,0,0
2026-04-22 12:09:00,108233435,32112,37546744,164985,11198,22,23,34432777,9049,0,0,0
2026-04-22 12:09:01,108264992,31557,37557709,165026,11006,20,23,34441817,9040,0,0,0
2026-04-22 12:09:02,108297830,32838,37569074,165069,11408,21,23,34450873,9056,0,0,0
2026-04-22 12:09:03,108329556,31726,37580080,165134,11071,21,23,34459951,9078,0,0,0
2026-04-22 12:09:04,108360999,31443,37590995,165191,10972,21,23,34469031,9080,0,0,0
2026-04-22 12:09:05,108393380,32381,37602249,165225,11288,21,23,34478082,9051,0,0,0
2026-04-22 12:09:06,108426111,32731,37613636,165276,11438,21,23,34487118,9036,0,0,0
2026-04-22 12:09:08,108457966,31855,37624682,165327,11097,20,23,34496175,9057,0,0,0
2026-04-22 12:09:09,108489973,32007,37635797,165381,11169,20,23,34514359,18184,0,0,0
2026-04-22 12:09:10,108522968,32995,37647221,165434,11477,21,23,34523441,9082,0,0,0
2026-04-22 12:09:11,108554927,31959,37658285,165488,11118,22,23,34532510,9069,0,0,0
2026-04-22 12:09:12,108587988,33061,37669742,165535,11504,22,23,34541581,9071,0,0,0
2026-04-22 12:09:13,108620209,32221,37680912,165569,11204,21,23,34550659,9078,0,0,0
2026-04-22 12:09:14,108653026,32817,37692310,165611,11440,22,23,34559771,9112,0,0,0
2026-04-22 12:09:15,108686370,33344,37703859,165670,11608,21,23,34568879,9108,0,0,0
2026-04-22 12:09:16,108719290,32920,37715278,165714,11463,21,23,34577987,9108,0,0,0
2026-04-22 12:09:18,108751428,32138,37726430,165771,11209,17,23,34587087,9100,0,0,0
2026-04-22 12:09:19,108782772,31344,37737305,165818,10922,21,23,34605304,18217,0,0,0
2026-04-22 12:09:20,108814718,31946,37748377,165867,11121,21,23,34614420,9116,0,0,0
2026-04-22 12:09:21,108847140,32422,37759639,165913,11308,18,23,34623511,9091,0,0,0
2026-04-22 12:09:22,108879113,31973,37770733,165964,11145,22,23,34632536,9025,0,0,0
2026-04-22 12:09:23,108911010,31897,37781798,166006,11107,21,23,34641591,9055,0,0,0
2026-04-22 12:09:24,108943420,32410,37793043,166059,11298,21,23,34650654,9063,0,0,0
2026-04-22 12:09:25,108976705,33285,37804603,166111,11612,22,23,34659749,9095,0,0,0
2026-04-22 12:09:27,109009574,32869,37816019,166166,11471,21,23,34668840,9091,0,0,0
2026-04-22 12:09:28,109041255,31681,37827021,166205,11041,21,23,34677913,9073,0,0,0
2026-04-22 12:09:29,109074035,32780,37838372,166260,11406,21,23,34696039,18126,0,0,0
2026-04-22 12:09:30,109105418,31383,37849268,166305,10941,19,23,34705140,9101,0,0,0
2026-04-22 12:09:31,109138623,33205,37860766,166345,11538,22,23,34714233,9093,0,0,0
2026-04-22 12:09:32,109170942,32319,37871979,166391,11259,20,23,34723302,9069,0,0,0
2026-04-22 12:09:33,109203913,32971,37883387,166454,11471,20,23,34732351,9049,0,0,0
2026-04-22 12:09:34,109237543,33630,37895064,166503,11726,21,23,34741426,9075,0,0,0
2026-04-22 12:09:35,109270687,33144,37906563,166558,11554,20,23,34750508,9082,0,0,0
2026-04-22 12:09:37,109303244,32557,37917859,166601,11339,22,23,34759615,9107,0,0,0
2026-04-22 12:09:38,109334586,31342,37928735,166645,10920,22,23,34768713,9098,0,0,0
2026-04-22 12:09:39,109365928,31342,37939630,166687,10937,22,23,34786930,18217,0,0,0
2026-04-22 12:09:40,109398371,32443,37950907,166732,11322,22,23,34796037,9107,0,0,0
2026-04-22 12:09:41,109429714,31343,37961779,166781,10921,21,23,34805107,9070,0,0,0
2026-04-22 12:09:42,109461403,31689,37972746,166832,11018,22,23,34814160,9053,0,0,0
2026-04-22 12:09:43,109494608,33205,37984280,166883,11585,22,23,34823243,9083,0,0,0
2026-04-22 12:09:44,109527160,32552,37995581,166945,11363,22,23,34832321,9078,0,0,0
2026-04-22 12:09:45,109559166,32006,38006682,166996,11152,21,23,34841414,9093,0,0,0
2026-04-22 12:09:47,109590937,31771,38017732,167040,11094,22,23,34850512,9098,0,0,0
2026-04-22 12:09:48,109622234,31297,38028563,167095,10886,22,23,34859606,9094,0,0,0
2026-04-22 12:09:49,109652514,30280,38039053,167143,10538,22,23,34877757,18151,0,0,0
2026-04-22 12:09:50,109683969,31455,38049981,167188,10973,20,23,34886818,9061,0,0,0
2026-04-22 12:09:51,109716736,32767,38061340,167237,11408,21,23,34895903,9085,0,0,0
2026-04-22 12:09:52,109749118,32382,38072568,167290,11281,20,23,34904993,9090,0,0,0
2026-04-22 12:09:53,109781735,32617,38083860,167349,11351,20,23,34914081,9088,0,0,0
2026-04-22 12:09:54,109814671,32936,38095308,167389,11488,20,23,34923172,9091,0,0,0
2026-04-22 12:09:55,109848157,33486,38106913,167431,11647,20,23,34932273,9101,0,0,0
2026-04-22 12:09:57,109879514,31357,38117841,167468,10965,22,23,34941381,9108,0,0,0
2026-04-22 12:09:58,109909952,30438,38128395,167515,10601,21,23,34959570,18189,0,0,0
2026-04-22 12:09:59,109942861,32909,38139810,167563,11463,19,23,34968646,9076,0,0,0
2026-04-22 12:10:00,109973773,30912,38150524,167608,10759,20,23,34977732,9086,0,0,0
2026-04-22 12:10:01,110005491,31718,38161521,167657,11046,21,23,34986805,9073,0,0,0
2026-04-22 12:10:02,110038111,32620,38172827,167702,11351,21,23,34995861,9056,0,0,0
2026-04-22 12:10:03,110071581,33470,38184432,167749,11652,20,23,35004961,9100,0,0,0
2026-04-22 12:10:04,110104381,32800,38195818,167795,11432,19,23,35014084,9123,0,0,0
2026-04-22 12:10:05,110136207,31826,38206862,167848,11097,18,23,35023204,9120,0,0,0
2026-04-22 12:10:07,110169158,32951,38218265,167899,11454,20,23,35032326,9122,0,0,0
2026-04-22 12:10:08,110199580,30422,38228827,167938,10601,19,23,35041460,9134,0,0,0
2026-04-22 12:10:09,110231251,31671,38239809,167990,11034,20,23,35059642,18182,0,0,0
2026-04-22 12:10:10,110263427,32176,38250969,168047,11217,22,23,35068718,9076,0,0,0
2026-04-22 12:10:11,110295986,32559,38262287,168103,11374,21,23,35077809,9091,0,0,0
2026-04-22 12:10:12,110328283,32297,38273521,168150,11281,22,23,35086913,9104,0,0,0
2026-04-22 12:10:13,110361387,33104,38285026,168199,11554,21,23,35095982,9069,0,0,0
2026-04-22 12:10:14,110394033,32646,38296340,168254,11369,20,23,35105067,9085,0,0,0
2026-04-22 12:10:15,110427916,33883,38308069,168315,11790,22,23,35114161,9094,0,0,0
2026-04-22 12:10:17,110460713,32797,38319452,168369,11437,22,23,35123263,9102,0,0,0
2026-04-22 12:10:18,110492656,31943,38330527,168422,11128,22,23,35132346,9083,0,0,0
2026-04-22 12:10:19,110524544,31888,38341575,168469,11095,21,23,35150540,18194,0,0,0
2026-04-22 12:10:20,110557598,33054,38353030,168513,11499,21,23,35159639,9099,0,0,0
2026-04-22 12:10:21,110590523,32925,38364458,168557,11472,21,23,35168731,9092,0,0,0
2026-04-22 12:10:22,110623093,32570,38375744,168604,11333,22,23,35177837,9106,0,0,0
2026-04-22 12:10:23,110655537,32444,38387022,168641,11315,21,23,35186957,9120,0,0,0
2026-04-22 12:10:24,110688230,32693,38398405,168681,11423,22,23,35196054,9097,0,0,0
2026-04-22 12:10:25,110721572,33342,38409954,168733,11601,19,23,35205141,9087,0,0,0
2026-04-22 12:10:27,110754100,32528,38421202,168788,11303,22,23,35214251,9110,0,0,0
2026-04-22 12:10:28,110785910,31810,38432220,168833,11063,22,23,35223384,9133,0,0,0
2026-04-22 12:10:29,110818708,32798,38443550,168888,11385,21,23,35241588,18204,0,0,0
2026-04-22 12:10:30,110851429,32721,38454905,168935,11402,21,23,35250690,9102,0,0,0
2026-04-22 12:10:31,110883733,32304,38466098,169002,11260,21,23,35259812,9122,0,0,0
2026-04-22 12:10:32,110916949,33216,38477619,169033,11552,19,23,35268952,9140,0,0,0
2026-04-22 12:10:33,110949866,32917,38489034,169094,11476,22,23,35278062,9110,0,0,0
2026-04-22 12:10:34,110982812,32946,38500456,169150,11478,20,23,35287133,9071,0,0,0
2026-04-22 12:10:35,111016318,33506,38512054,169209,11657,22,23,35296221,9088,0,0,0
2026-04-22 12:10:37,111048873,32555,38523348,169246,11331,22,23,35305305,9084,0,0,0
2026-04-22 12:10:38,111079756,30883,38534081,169286,10773,22,23,35314390,9085,0,0,0
2026-04-22 12:10:39,111112212,32456,38545320,169328,11281,21,23,35332588,18198,0,0,0
2026-04-22 12:10:40,111144593,32381,38556544,169370,11266,22,23,35341725,9137,0,0,0
2026-04-22 12:10:41,111177388,32795,38567921,169422,11429,20,23,35350855,9130,0,0,0
2026-04-22 12:10:42,111209783,32395,38579152,169484,11293,21,23,35359998,9143,0,0,0
2026-04-22 12:10:43,111242151,32368,38590406,169537,11307,20,23,35369110,9112,0,0,0
2026-04-22 12:10:44,111275355,33204,38601899,169594,11550,21,23,35378228,9118,0,0,0
2026-04-22 12:10:45,111308069,32714,38613239,169637,11383,22,23,35387342,9114,0,0,0
2026-04-22 12:10:47,111339555,31486,38624187,169689,11000,21,23,35396510,9168,0,0,0
2026-04-22 12:10:48,111370186,30631,38634839,169730,10693,22,23,35405675,9165,0,0,0
2026-04-22 12:10:49,111403142,32956,38646250,169773,11454,22,23,35424049,18374,0,0,0
2026-04-22 12:10:50,111435810,32668,38657594,169826,11397,22,23,35433233,9184,0,0,0
2026-04-22 12:10:51,111468290,32480,38668869,169881,11330,20,23,35442394,9161,0,0,0
2026-04-22 12:10:52,111501709,33419,38680446,169924,11620,20,23,35451546,9152,0,0,0
2026-04-22 12:10:53,111533807,32098,38691576,169979,11185,21,23,35460681,9135,0,0,0
2026-04-22 12:10:54,111566183,32376,38702811,170041,11297,21,23,35469803,9122,0,0,0
2026-04-22 12:10:55,111598581,32398,38714061,170098,11307,21,23,35478920,9117,0,0,0
2026-04-22 12:10:57,111630505,31924,38725141,170147,11129,22,23,35488053,9133,0,0,0
2026-04-22 12:10:58,111659732,29227,38735256,170195,10163,21,23,35497203,9150,0,0,0
2026-04-22 12:10:59,111690954,31222,38746089,170250,10888,21,23,35515503,18300,0,0,0
2026-04-22 12:11:00,111723453,32499,38757371,170304,11336,21,23,35524675,9172,0,0,0
2026-04-22 12:11:01,111756486,33033,38768831,170358,11514,22,23,35533841,9166,0,0,0
2026-04-22 12:11:02,111788764,32278,38780028,170415,11254,21,23,35543016,9175,0,0,0
2026-04-22 12:11:03,111821121,32357,38791259,170467,11283,21,23,35552172,9156,0,0,0
2026-04-22 12:11:04,111852988,31867,38802312,170513,11099,20,23,35561320,9148,0,0,0
2026-04-22 12:11:05,111884888,31900,38813393,170567,11135,21,23,35570456,9136,0,0,0
2026-04-22 12:11:06,111915777,30889,38824127,170601,10768,21,23,35579601,9145,0,0,0
2026-04-22 12:11:08,111947106,31329,38834999,170653,10924,19,23,35588760,9159,0,0,0
2026-04-22 12:11:09,111978629,31523,38845948,170696,10992,21,23,35607023,18263,0,0,0
2026-04-22 12:11:10,112010685,32056,38857085,170746,11187,22,23,35616155,9132,0,0,0
2026-04-22 12:11:11,112043394,32709,38868419,170792,11380,19,23,35625285,9130,0,0,0
2026-04-22 12:11:12,112074675,31281,38879301,170852,10942,21,23,35634415,9130,0,0,0
2026-04-22 12:11:13,112108053,33378,38890876,170898,11621,20,23,35643526,9111,0,0,0
2026-04-22 12:11:14,112140401,32348,38902154,170937,11317,21,23,35652647,9121,0,0,0
2026-04-22 12:11:15,112172713,32312,38913382,170991,11282,21,23,35661741,9094,0,0,0
2026-04-22 12:11:16,112204655,31942,38924469,171042,11138,22,23,35670840,9099,0,0,0
2026-04-22 12:11:18,112237320,32665,38935786,171101,11376,22,23,35679914,9074,0,0,0
2026-04-22 12:11:19,112269984,32664,38947125,171152,11390,20,23,35698145,18231,0,0,0
2026-04-22 12:11:20,112303043,33059,38958599,171189,11511,20,23,35707288,9143,0,0,0
2026-04-22 12:11:21,112336112,33069,38970063,171242,11517,21,23,35716416,9128,0,0,0
2026-04-22 12:11:22,112367969,31857,38981131,171298,11124,22,23,35725517,9101,0,0,0
2026-04-22 12:11:23,112399917,31948,38992220,171337,11128,19,23,35734605,9088,0,0,0
2026-04-22 12:11:24,112432510,32593,39003553,171384,11380,21,23,35743720,9115,0,0,0
2026-04-22 12:11:25,112465777,33267,39015105,171445,11613,21,23,35752828,9108,0,0,0
2026-04-22 12:11:26,112499024,33247,39026622,171509,11581,19,23,35761924,9096,0,0,0
2026-04-22 12:11:28,112531237,32213,39037785,171563,11217,22,23,35771033,9109,0,0,0
2026-04-22 12:11:29,112563054,31817,39048812,171603,11067,19,23,35789289,18256,0,0,0
2026-04-22 12:11:30,112595724,32670,39060142,171650,11377,21,23,35798422,9133,0,0,0
2026-04-22 12:11:31,112628528,32804,39071525,171701,11434,22,23,35807556,9134,0,0,0
2026-04-22 12:11:32,112661322,32794,39082907,171747,11428,21,23,35816722,9166,0,0,0
2026-04-22 12:11:33,112693417,32095,39094028,171806,11180,18,23,35825881,9159,0,0,0
2026-04-22 12:11:34,112725414,31997,39105084,171857,11107,22,23,35835017,9136,0,0,0
2026-04-22 12:11:35,112757499,32085,39116238,171908,11205,22,23,35844127,9110,0,0,0
2026-04-22 12:11:36,112790706,33207,39127773,171959,11586,21,23,35853200,9073,0,0,0
2026-04-22 12:11:38,112823176,32470,39139059,172009,11336,21,23,35862279,9079,0,0,0
2026-04-22 12:11:39,112855308,32132,39150194,172059,11185,22,23,35880500,18221,0,0,0
2026-04-22 12:11:40,112888555,33247,39161720,172109,11576,18,23,35889644,9144,0,0,0
2026-04-22 12:11:41,112922164,33609,39173377,172158,11706,21,23,35898788,9144,0,0,0
2026-04-22 12:11:42,112954971,32807,39184733,172206,11404,22,23,35907943,9155,0,0,0
2026-04-22 12:11:43,112987821,32850,39196115,172253,11429,22,23,35917079,9136,0,0,0
2026-04-22 12:11:44,113021347,33526,39207734,172298,11664,20,23,35926223,9144,0,0,0
2026-04-22 12:11:45,113054922,33575,39219368,172358,11694,22,23,35935366,9143,0,0,0
2026-04-22 12:11:46,113088128,33206,39230877,172408,11559,18,23,35944491,9125,0,0,0
2026-04-22 12:11:48,113120765,32637,39242209,172456,11380,22,23,35953613,9122,0,0,0
2026-04-22 12:11:49,113153607,32842,39253601,172507,11443,22,23,35971897,18284,0,0,0
2026-04-22 12:11:50,113186743,33136,39265071,172559,11522,21,23,35981058,9161,0,0,0
2026-04-22 12:11:51,113220592,33849,39276803,172616,11789,22,23,35990253,9195,0,0,0
2026-04-22 12:11:52,113252899,32307,39288041,172652,11274,19,23,35999443,9190,0,0,0
2026-04-22 12:11:53,113284249,31350,39298901,172703,10911,22,23,36008594,9151,0,0,0
2026-04-22 12:11:54,113316087,31838,39309944,172757,11097,22,23,36017711,9117,0,0,0
2026-04-22 12:11:55,113349299,33212,39321467,172813,11579,22,23,36026804,9093,0,0,0
2026-04-22 12:11:56,113382826,33527,39333090,172858,11668,22,23,36035926,9122,0,0,0
2026-04-22 12:11:58,113414345,31519,39344072,172895,11019,22,23,36045064,9138,0,0,0
2026-04-22 12:11:59,113446777,32432,39355317,172943,11293,22,23,36063345,18281,0,0,0
2026-04-22 12:12:00,113479226,32449,39366605,172993,11338,21,23,36072501,9156,0,0,0
2026-04-22 12:12:01,113511131,31905,39377659,173047,11108,20,23,36081632,9131,0,0,0
2026-04-22 12:12:02,113543778,32647,39388987,173105,11386,22,23,36090793,9161,0,0,0
2026-04-22 12:12:03,113576224,32446,39400265,173158,11331,21,23,36099955,9162,0,0,0
2026-04-22 12:12:04,113609482,33258,39411788,173200,11565,20,23,36109131,9176,0,0,0
2026-04-22 12:12:05,113642530,33048,39423236,173246,11494,21,23,36118288,9157,0,0,0
2026-04-22 12:12:07,113675976,33446,39434829,173291,11638,22,23,36127432,9144,0,0,0
2026-04-22 12:12:08,113707839,31863,39445891,173341,11112,21,23,36136546,9114,0,0,0
2026-04-22 12:12:09,113739199,31360,39456806,173380,10954,21,23,36154749,18203,0,0,0
2026-04-22 12:12:10,113772493,33294,39468342,173433,11589,21,23,36163848,9099,0,0,0
2026-04-22 12:12:11,113806001,33508,39479955,173484,11664,21,23,36172956,9108,0,0,0
2026-04-22 12:12:12,113837688,31687,39490926,173542,11029,20,23,36182073,9117,0,0,0
2026-04-22 12:12:13,113870121,32433,39502198,173591,11321,20,23,36191243,9170,0,0,0
2026-04-22 12:12:14,113903424,33303,39513746,173646,11603,22,23,36200445,9202,0,0,0
2026-04-22 12:12:15,113936591,33167,39525254,173702,11564,22,23,36209652,9207,0,0,0
2026-04-22 12:12:17,113968748,32157,39536443,173750,11237,22,23,36218838,9186,0,0,0
2026-04-22 12:12:18,114000711,31963,39547548,173806,11161,22,23,36228010,9172,0,0,0
2026-04-22 12:12:19,114032504,31793,39558553,173849,11048,20,23,36246360,18350,0,0,0
2026-04-22 12:12:20,114064657,32153,39569726,173891,11215,19,23,36255536,9176,0,0,0
2026-04-22 12:12:21,114096946,32289,39580955,173940,11278,21,23,36264693,9157,0,0,0
2026-04-22 12:12:22,114129988,33042,39592446,173983,11534,22,23,36273831,9138,0,0,0
2026-04-22 12:12:23,114164233,34245,39604283,174038,11892,22,23,36282949,9118,0,0,0
2026-04-22 12:12:24,114197162,32929,39615709,174090,11478,21,23,36292026,9077,0,0,0
2026-04-22 12:12:25,114229539,32377,39626985,174138,11324,22,23,36301124,9098,0,0,0
2026-04-22 12:12:27,114262784,33245,39638521,174188,11586,21,23,36310245,9121,0,0,0
2026-04-22 12:12:28,114294227,31443,39649443,174239,10973,22,23,36319390,9145,0,0,0
2026-04-22 12:12:29,114327370,33143,39660955,174294,11567,22,23,36337676,18286,0,0,0
2026-04-22 12:12:30,114359705,32335,39672180,174342,11273,20,23,36346801,9125,0,0,0
2026-04-22 12:12:31,114390928,31223,39683034,174394,10906,20,23,36355921,9120,0,0,0
2026-04-22 12:12:32,114423806,32878,39694450,174443,11465,21,23,36365054,9133,0,0,0
2026-04-22 12:12:33,114455935,32129,39705612,174484,11203,22,23,36374171,9117,0,0,0
2026-04-22 12:12:34,114487941,32006,39716724,174536,11164,22,23,36383305,9134,0,0,0
2026-04-22 12:12:35,114521173,33232,39728226,174588,11554,22,23,36392454,9149,0,0,0
2026-04-22 12:12:37,114553429,32256,39739401,174640,11227,22,23,36401629,9175,0,0,0
2026-04-22 12:12:38,114583184,29755,39749745,174679,10383,19,23,36410794,9165,0,0,0
2026-04-22 12:12:39,114616339,33155,39761209,174738,11523,22,23,36429064,18270,0,0,0
2026-04-22 12:12:40,114649335,32996,39772663,174778,11494,18,23,36438188,9124,0,0,0
2026-04-22 12:12:41,114683063,33728,39784314,174834,11707,21,23,36447301,9113,0,0,0
2026-04-22 12:12:42,114716206,33143,39795823,174891,11566,19,23,36456432,9131,0,0,0
2026-04-22 12:12:43,114748582,32376,39807101,174932,11319,19,23,36465578,9146,0,0,0
2026-04-22 12:12:44,114781463,32881,39818521,174977,11465,21,23,36474722,9144,0,0,0
2026-04-22 12:12:45,114814647,33184,39830029,175027,11558,22,23,36483885,9163,0,0,0
2026-04-22 12:12:47,114847591,32944,39841423,175090,11457,22,23,36493036,9151,0,0,0
2026-04-22 12:12:48,114879880,32289,39852606,175145,11238,21,23,36511348,18312,0,0,0
2026-04-22 12:12:49,114911729,31849,39863662,175202,11113,21,23,36520522,9174,0,0,0
2026-04-22 12:12:50,114942593,30864,39874396,175249,10781,21,23,36529702,9180,0,0,0
2026-04-22 12:12:51,114974997,32404,39885629,175302,11286,22,23,36538867,9165,0,0,0
2026-04-22 12:12:52,115008133,33136,39897120,175357,11546,21,23,36548038,9171,0,0,0
2026-04-22 12:12:53,115041879,33746,39908809,175424,11756,22,23,36557185,9147,0,0,0
2026-04-22 12:12:54,115075026,33147,39920287,175486,11540,21,23,36566353,9168,0,0,0
2026-04-22 12:12:55,115108598,33572,39931914,175549,11690,20,23,36575504,9151,0,0,0
2026-04-22 12:12:57,115140540,31942,39942973,175600,11110,22,23,36584663,9159,0,0,0
2026-04-22 12:12:58,115172090,31550,39953925,175648,11000,21,23,36603008,18345,0,0,0
2026-04-22 12:12:59,115204959,32869,39965297,175704,11428,18,23,36612166,9158,0,0,0
2026-04-22 12:13:00,115238631,33672,39976967,175750,11716,18,23,36621319,9153,0,0,0
2026-04-22 12:13:01,115272097,33466,39988576,175799,11658,22,23,36630438,9119,0,0,0
2026-04-22 12:13:02,115304811,32714,39999944,175849,11418,19,23,36639572,9134,0,0,0
2026-04-22 12:13:03,115337680,32869,40011362,175898,11467,20,23,36648684,9112,0,0,0
2026-04-22 12:13:04,115370232,32552,40022692,175955,11387,20,23,36657798,9114,0,0,0
2026-04-22 12:13:05,115403616,33384,40034239,176014,11606,21,23,36666900,9102,0,0,0
2026-04-22 12:13:07,115436078,32462,40045528,176052,11327,21,23,36676011,9111,0,0,0
2026-04-22 12:13:08,115466582,30504,40056113,176102,10635,22,23,36685151,9140,0,0,0
2026-04-22 12:13:09,115498482,31900,40067159,176140,11084,21,23,36703416,18265,0,0,0
2026-04-22 12:13:10,115531340,32858,40078557,176183,11441,22,23,36712549,9133,0,0,0
2026-04-22 12:13:11,115563866,32526,40089865,176231,11356,21,23,36721714,9165,0,0,0
2026-04-22 12:13:12,115596719,32853,40101258,176276,11438,20,23,36730884,9170,0,0,0
2026-04-22 12:13:13,115629513,32794,40112628,176328,11422,20,23,36740038,9154,0,0,0
2026-04-22 12:13:14,115662039,32526,40123938,176382,11364,22,23,36749168,9130,0,0,0
2026-04-22 12:13:15,115693940,31901,40135002,176429,11111,21,23,36758318,9150,0,0,0
2026-04-22 12:13:17,115726286,32346,40146213,176474,11256,22,23,36767480,9162,0,0,0
2026-04-22 12:13:18,115758030,31744,40157227,176511,11051,22,23,36785812,18332,0,0,0
2026-04-22 12:13:19,115790756,32726,40168604,176558,11424,20,23,36794930,9118,0,0,0
2026-04-22 12:13:20,115823265,32509,40179857,176608,11303,21,23,36804063,9133,0,0,0
2026-04-22 12:13:21,115856945,33680,40191526,176654,11715,20,23,36813160,9097,0,0,0
2026-04-22 12:13:22,115889876,32931,40202976,176695,11491,20,23,36822295,9135,0,0,0
2026-04-22 12:13:23,115922668,32792,40214388,176731,11448,21,23,36831439,9144,0,0,0
2026-04-22 12:13:24,115955356,32688,40225755,176779,11415,19,23,36840583,9144,0,0,0
2026-04-22 12:13:25,115988311,32955,40237196,176822,11484,22,23,36849740,9157,0,0,0
2026-04-22 12:13:27,116020320,32009,40248294,176878,11154,22,23,36858872,9132,0,0,0
2026-04-22 12:13:28,116050614,30294,40258787,176925,10540,22,23,36877082,18210,0,0,0
2026-04-22 12:13:29,116083328,32714,40270136,176983,11407,20,23,36886177,9095,0,0,0
2026-04-22 12:13:30,116115799,32471,40281431,177036,11348,20,23,36895289,9112,0,0,0
2026-04-22 12:13:31,116148979,33180,40292953,177079,11565,21,23,36904391,9102,0,0,0
2026-04-22 12:13:32,116182388,33409,40304523,177129,11620,21,23,36913511,9120,0,0,0
2026-04-22 12:13:33,116214967,32579,40315832,177186,11366,19,23,36922657,9146,0,0,0
2026-04-22 12:13:34,116246746,31779,40326883,177231,11096,22,23,36931783,9126,0,0,0
2026-04-22 12:13:35,116280479,33733,40338553,177281,11720,20,23,36940907,9124,0,0,0
2026-04-22 12:13:37,116313169,32690,40349892,177334,11392,22,23,36950032,9125,0,0,0
2026-04-22 12:13:38,116345311,32142,40361044,177380,11198,21,23,36968259,18227,0,0,0
2026-04-22 12:13:39,116379115,33804,40372770,177436,11782,22,23,36977365,9106,0,0,0
2026-04-22 12:13:40,116411852,32737,40384140,177488,11422,21,23,36986514,9149,0,0,0
2026-04-22 12:13:41,116445083,33231,40395646,177546,11564,21,23,36995659,9145,0,0,0
2026-04-22 12:13:42,116478093,33010,40407075,177606,11489,21,23,37004849,9190,0,0,0
2026-04-22 12:13:43,116510638,32545,40418404,177665,11388,21,23,37014034,9185,0,0,0
2026-04-22 12:13:44,116543834,33196,40429922,177713,11566,21,23,37023231,9197,0,0,0
2026-04-22 12:13:45,116575536,31702,40440940,177760,11065,22,23,37032426,9195,0,0,0
2026-04-22 12:13:47,116608289,32753,40452309,177807,11416,22,23,37041602,9176,0,0,0
2026-04-22 12:13:48,116640906,32617,40463618,177873,11375,20,23,37059942,18340,0,0,0
2026-04-22 12:13:49,116674625,33719,40475301,177932,11742,20,23,37069102,9160,0,0,0
2026-04-22 12:13:50,116707650,33025,40486765,177979,11511,21,23,37078225,9123,0,0,0
2026-04-22 12:13:51,116740199,32549,40498056,178025,11337,20,23,37087361,9136,0,0,0
2026-04-22 12:13:52,116772113,31914,40509147,178059,11125,22,23,37096493,9132,0,0,0
2026-04-22 12:13:53,116804913,32800,40520527,178110,11431,21,23,37105661,9168,0,0,0
2026-04-22 12:13:54,116837606,32693,40531873,178158,11394,22,23,37114783,9122,0,0,0
2026-04-22 12:13:56,116870202,32596,40543210,178204,11383,21,23,37123912,9129,0,0,0
2026-04-22 12:13:57,116901630,31428,40554136,178244,10966,19,23,37133058,9146,0,0,0
2026-04-22 12:13:58,116934281,32651,40565494,178287,11401,21,23,37151395,18337,0,0,0
2026-04-22 12:13:59,116967349,33068,40576951,178340,11510,20,23,37160550,9155,0,0,0
2026-04-22 12:14:00,117000705,33356,40588510,178397,11616,21,23,37169695,9145,0,0,0
2026-04-22 12:14:01,117033702,32997,40599983,178447,11523,22,23,37178853,9158,0,0,0
2026-04-22 12:14:02,117066777,33075,40611432,178487,11489,21,23,37188035,9182,0,0,0
2026-04-22 12:14:03,117098501,31724,40622424,178537,11042,20,23,37197220,9185,0,0,0
2026-04-22 12:14:04,117130942,32441,40633700,178581,11320,22,23,37206400,9180,0,0,0
2026-04-22 12:14:06,117163559,32617,40645049,178619,11387,20,23,37215568,9168,0,0,0
2026-04-22 12:14:07,117195928,32369,40656301,178662,11295,21,23,37224760,9192,0,0,0
2026-04-22 12:14:08,117229152,33224,40667822,178715,11574,22,23,37243191,18431,0,0,0
2026-04-22 12:14:09,117261858,32706,40679180,178774,11417,21,23,37252371,9180,0,0,0
2026-04-22 12:14:10,117293975,32117,40690318,178830,11194,20,23,37261527,9156,0,0,0
2026-04-22 12:14:11,117325945,31970,40701423,178877,11152,20,23,37270685,9158,0,0,0
2026-04-22 12:14:12,117358541,32596,40712745,178937,11382,22,23,37279871,9186,0,0,0
2026-04-22 12:14:13,117391228,32687,40724063,178994,11375,22,23,37289045,9174,0,0,0
2026-04-22 12:14:14,117424186,32958,40735496,179045,11484,19,23,37298197,9152,0,0,0
2026-04-22 12:14:16,117457219,33033,40746977,179081,11517,21,23,37307371,9174,0,0,0
2026-04-22 12:14:17,117489662,32443,40758232,179129,11303,20,23,37316583,9212,0,0,0
2026-04-22 12:14:18,117522480,32818,40769615,179167,11421,21,23,37334950,18367,0,0,0
2026-04-22 12:14:19,117554854,32374,40780851,179218,11287,20,23,37344097,9147,0,0,0
2026-04-22 12:14:20,117587608,32754,40792220,179275,11426,18,23,37353253,9156,0,0,0
2026-04-22 12:14:21,117620321,32713,40803581,179330,11416,19,23,37362428,9175,0,0,0
2026-04-22 12:14:22,117652175,31854,40814643,179375,11107,22,23,37371626,9198,0,0,0
2026-04-22 12:14:23,117684670,32495,40825945,179423,11350,21,23,37380862,9236,0,0,0
2026-04-22 12:14:24,117718041,33371,40837536,179467,11635,20,23,37390087,9225,0,0,0
2026-04-22 12:14:26,117751232,33191,40849055,179511,11563,22,23,37399288,9201,0,0,0
2026-04-22 12:14:27,117782743,31511,40860001,179554,10989,22,23,37408462,9174,0,0,0
2026-04-22 12:14:28,117814066,31323,40870852,179598,10895,20,23,37426748,18286,0,0,0
2026-04-22 12:14:29,117845937,31871,40881914,179639,11103,22,23,37435895,9147,0,0,0
2026-04-22 12:14:30,117879691,33754,40893613,179704,11764,22,23,37445062,9167,0,0,0
2026-04-22 12:14:31,117912687,32996,40905054,179754,11491,21,23,37454240,9178,0,0,0
2026-04-22 12:14:32,117945666,32979,40916501,179807,11500,22,23,37463363,9123,0,0,0
2026-04-22 12:14:33,117979561,33895,40928252,179862,11806,21,23,37472477,9114,0,0,0
2026-04-22 12:14:34,118013454,33893,40939991,179915,11792,20,23,37481626,9149,0,0,0
2026-04-22 12:14:36,118046998,33544,40951649,179972,11715,21,23,37490790,9164,0,0,0
2026-04-22 12:14:37,118078866,31868,40962700,180027,11106,22,23,37499949,9159,0,0,0
2026-04-22 12:14:38,118111028,32162,40973846,180085,11204,21,23,37518268,18319,0,0,0
2026-04-22 12:14:39,118144266,33238,40985352,180128,11549,18,23,37527424,9156,0,0,0
2026-04-22 12:14:40,118176195,31929,40996438,180182,11140,20,23,37536582,9158,0,0,0
2026-04-22 12:14:41,118208218,32023,41007562,180237,11179,20,23,37545780,9198,0,0,0
2026-04-22 12:14:42,118241827,33609,41019193,180298,11692,20,23,37554976,9196,0,0,0
2026-04-22 12:14:43,118275293,33466,41030777,180358,11644,22,23,37564168,9192,0,0,0
2026-04-22 12:14:44,118308773,33480,41042378,180404,11647,20,23,37573340,9172,0,0,0
2026-04-22 12:14:46,118341513,32740,41053778,180445,11441,22,23,37582509,9169,0,0,0
2026-04-22 12:14:47,118371901,30388,41064343,180497,10617,21,23,37591665,9156,0,0,0
2026-04-22 12:14:48,118403897,31996,41075427,180550,11137,22,23,37609992,18327,0,0,0
2026-04-22 12:14:49,118436502,32605,41086758,180596,11377,22,23,37619186,9194,0,0,0
2026-04-22 12:14:50,118469614,33112,41098252,180656,11554,20,23,37628384,9198,0,0,0
2026-04-22 12:14:51,118502716,33102,41109772,180703,11567,20,23,37637616,9232,0,0,0
2026-04-22 12:14:52,118531163,28447,41119635,180751,9911,11,12,37646840,9224,0,0,0
2026-04-22 12:14:53,118543585,12422,41123957,180778,4349,5,5,37656054,9214,0,0,0
2026-04-22 12:14:54,118544207,622,41124173,180778,216,2,2,37665204,9150,0,0,0
2026-04-22 12:14:56,118544212,5,41124173,180778,0,2,2,37674332,9128,0,0,0
