elapsed_sec,sum_next_o_id,orders_delta,nopm_rate
0,30010000,0,0
1,30010000,0,0.0
2,30010043,43,2580.0
3,30010261,218,13080.0
4,30010602,341,20460.0
5,30011087,485,29100.0
6,30011706,619,37140.0
7,30012491,785,47100.0
8,30013420,929,55740.0
9,30014535,1115,66900.0
10,30015770,1235,74100.0
11,30017106,1336,80160.0
12,30018489,1383,82980.0
13,30020039,1550,93000.0
14,30021727,1688,101280.0
15,30023516,1789,107340.0
16,30025410,1894,113640.0
17,30027445,2035,122100.0
18,30029522,2077,124620.0
19,30031736,2214,132840.0
20,30034009,2273,136380.0
21,30036430,2421,145260.0
22,30038980,2550,153000.0
23,30041580,2600,156000.0
24,30044255,2675,160500.0
25,30047089,2834,170040.0
26,30049974,2885,173100.0
27,30053019,3045,182700.0
28,30056024,3005,180300.0
29,30059184,3160,189600.0
30,30062428,3244,194640.0
31,30065718,3290,197400.0
32,30069070,3352,201120.0
33,30072514,3444,206640.0
34,30076061,3547,212820.0
35,30079520,3459,207540.0
37,30083007,3487,104610.0
38,30086378,3371,202260.0
39,30089769,3391,203460.0
40,30093134,3365,201900.0
41,30096471,3337,200220.0
42,30099842,3371,202260.0
43,30103299,3457,207420.0
44,30106685,3386,203160.0
45,30110084,3399,203940.0
46,30113507,3423,205380.0
47,30116855,3348,200880.0
48,30120225,3370,202200.0
49,30123617,3392,203520.0
50,30126976,3359,201540.0
51,30130469,3493,209580.0
52,30133981,3512,210720.0
53,30137510,3529,211740.0
54,30141069,3559,213540.0
55,30144593,3524,211440.0
56,30148147,3554,213240.0
57,30151708,3561,213660.0
58,30155266,3558,213480.0
59,30158817,3551,213060.0
60,30162344,3527,211620.0
61,30165752,3408,204480.0
62,30169102,3350,201000.0
63,30172480,3378,202680.0
64,30175842,3362,201720.0
65,30179218,3376,202560.0
67,30182551,3333,99990.0
68,30185916,3365,201900.0
69,30189324,3408,204480.0
70,30192676,3352,201120.0
71,30196069,3393,203580.0
72,30199433,3364,201840.0
73,30202805,3372,202320.0
74,30206187,3382,202920.0
75,30209546,3359,201540.0
76,30212954,3408,204480.0
77,30216334,3380,202800.0
78,30219671,3337,200220.0
79,30223037,3366,201960.0
80,30226386,3349,200940.0
81,30229757,3371,202260.0
82,30233160,3403,204180.0
83,30236528,3368,202080.0
84,30239856,3328,199680.0
85,30243236,3380,202800.0
86,30246579,3343,200580.0
87,30249890,3311,198660.0
88,30253279,3389,203340.0
89,30256669,3390,203400.0
90,30259971,3302,198120.0
91,30263256,3285,197100.0
92,30266563,3307,198420.0
93,30269830,3267,196020.0
94,30273083,3253,195180.0
96,30276405,3322,99660.0
97,30279697,3292,197520.0
98,30283020,3323,199380.0
99,30286387,3367,202020.0
100,30289675,3288,197280.0
101,30293005,3330,199800.0
102,30296336,3331,199860.0
103,30299639,3303,198180.0
104,30302926,3287,197220.0
105,30306230,3304,198240.0
106,30309490,3260,195600.0
107,30312832,3342,200520.0
108,30316081,3249,194940.0
109,30319408,3327,199620.0
110,30322671,3263,195780.0
111,30325979,3308,198480.0
112,30329307,3328,199680.0
113,30332588,3281,196860.0
114,30335874,3286,197160.0
115,30339134,3260,195600.0
116,30342375,3241,194460.0
117,30345666,3291,197460.0
118,30348879,3213,192780.0
119,30352170,3291,197460.0
120,30355481,3311,198660.0
121,30358795,3314,198840.0
122,30362027,3232,193920.0
123,30365285,3258,195480.0
125,30368548,3263,97890.0
126,30371811,3263,195780.0
127,30375089,3278,196680.0
128,30378316,3227,193620.0
129,30381598,3282,196920.0
130,30384830,3232,193920.0
131,30388085,3255,195300.0
132,30391336,3251,195060.0
133,30394511,3175,190500.0
134,30397769,3258,195480.0
135,30401043,3274,196440.0
136,30404317,3274,196440.0
137,30407533,3216,192960.0
138,30410789,3256,195360.0
139,30414045,3256,195360.0
140,30417231,3186,191160.0
141,30420441,3210,192600.0
142,30423677,3236,194160.0
143,30426938,3261,195660.0
144,30430131,3193,191580.0
145,30433332,3201,192060.0
146,30436576,3244,194640.0
147,30439749,3173,190380.0
148,30442902,3153,189180.0
149,30446133,3231,193860.0
150,30449398,3265,195900.0
151,30452650,3252,195120.0
152,30455833,3183,190980.0
154,30459054,3221,96630.0
155,30462230,3176,190560.0
156,30465360,3130,187800.0
157,30468573,3213,192780.0
158,30471755,3182,190920.0
159,30474976,3221,193260.0
160,30478126,3150,189000.0
161,30481295,3169,190140.0
162,30484490,3195,191700.0
163,30487660,3170,190200.0
164,30490841,3181,190860.0
165,30493967,3126,187560.0
166,30497084,3117,187020.0
167,30500240,3156,189360.0
168,30503389,3149,188940.0
169,30506541,3152,189120.0
170,30509640,3099,185940.0
171,30512780,3140,188400.0
172,30515927,3147,188820.0
173,30519081,3154,189240.0
174,30522167,3086,185160.0
175,30525274,3107,186420.0
176,30528416,3142,188520.0
177,30531541,3125,187500.0
178,30534696,3155,189300.0
179,30537806,3110,186600.0
180,30540917,3111,186660.0
181,30544054,3137,188220.0
183,30547143,3089,92670.0
184,30550234,3091,185460.0
185,30553307,3073,184380.0
186,30556382,3075,184500.0
187,30559451,3069,184140.0
188,30562578,3127,187620.0
189,30565614,3036,182160.0
190,30568724,3110,186600.0
191,30571806,3082,184920.0
192,30574961,3155,189300.0
193,30578099,3138,188280.0
194,30581155,3056,183360.0
195,30584219,3064,183840.0
196,30587313,3094,185640.0
197,30590356,3043,182580.0
198,30593385,3029,181740.0
199,30596446,3061,183660.0
200,30599519,3073,184380.0
201,30602553,3034,182040.0
202,30605586,3033,181980.0
203,30608614,3028,181680.0
204,30611711,3097,185820.0
205,30614789,3078,184680.0
206,30617882,3093,185580.0
207,30620938,3056,183360.0
208,30624026,3088,185280.0
209,30627100,3074,184440.0
210,30630139,3039,182340.0
212,30633197,3058,91740.0
213,30636186,2989,179340.0
214,30639217,3031,181860.0
215,30642303,3086,185160.0
216,30645332,3029,181740.0
217,30648258,2926,175560.0
218,30651171,2913,174780.0
219,30654053,2882,172920.0
220,30656927,2874,172440.0
221,30659781,2854,171240.0
222,30662700,2919,175140.0
223,30665530,2830,169800.0
224,30668408,2878,172680.0
225,30671357,2949,176940.0
226,30674326,2969,178140.0
227,30677259,2933,175980.0
228,30680313,3054,183240.0
230,30683322,3009,90270.0
231,30686309,2987,179220.0
232,30689323,3014,180840.0
233,30692355,3032,181920.0
234,30695417,3062,183720.0
235,30698525,3108,186480.0
236,30701346,2821,169260.0
237,30704228,2882,172920.0
238,30707190,2962,177720.0
239,30710129,2939,176340.0
240,30713101,2972,178320.0
241,30716081,2980,178800.0
242,30719082,3001,180060.0
243,30722004,2922,175320.0
244,30724934,2930,175800.0
246,30727921,2987,89610.0
247,30730899,2978,178680.0
248,30733880,2981,178860.0
249,30736898,3018,181080.0
250,30739810,2912,174720.0
251,30742681,2871,172260.0
252,30745556,2875,172500.0
253,30748503,2947,176820.0
254,30751461,2958,177480.0
255,30754461,3000,180000.0
256,30757508,3047,182820.0
257,30760545,3037,182220.0
258,30763584,3039,182340.0
259,30766587,3003,180180.0
261,30769631,3044,91320.0
262,30772705,3074,184440.0
263,30775908,3203,192180.0
264,30779058,3150,189000.0
265,30782222,3164,189840.0
266,30785405,3183,190980.0
267,30788560,3155,189300.0
268,30791700,3140,188400.0
269,30794913,3213,192780.0
270,30798107,3194,191640.0
271,30801260,3153,189180.0
272,30804413,3153,189180.0
273,30807606,3193,191580.0
274,30810715,3109,186540.0
275,30813943,3228,193680.0
277,30817195,3252,97560.0
278,30820315,3120,187200.0
279,30823535,3220,193200.0
280,30826711,3176,190560.0
281,30829917,3206,192360.0
282,30833064,3147,188820.0
283,30836249,3185,191100.0
284,30839417,3168,190080.0
285,30842574,3157,189420.0
286,30845697,3123,187380.0
287,30848876,3179,190740.0
288,30852035,3159,189540.0
289,30855130,3095,185700.0
290,30858336,3206,192360.0
292,30861524,3188,95640.0
293,30864685,3161,189660.0
294,30867862,3177,190620.0
295,30871058,3196,191760.0
296,30874210,3152,189120.0
297,30877313,3103,186180.0
298,30880429,3116,186960.0
299,30883584,3155,189300.0
300,30886753,3169,190140.0
301,30889911,3158,189480.0
302,30893031,3120,187200.0
303,30896206,3175,190500.0
304,30899253,3047,182820.0
305,30902322,3069,184140.0
306,30905375,3053,183180.0
308,30908305,2930,87900.0
309,30911268,2963,177780.0
310,30914278,3010,180600.0
311,30917238,2960,177600.0
312,30920229,2991,179460.0
313,30923277,3048,182880.0
314,30926336,3059,183540.0
315,30929410,3074,184440.0
316,30932497,3087,185220.0
317,30935516,3019,181140.0
318,30938601,3085,185100.0
320,30941628,3027,90810.0
321,30944653,3025,181500.0
322,30947627,2974,178440.0
323,30950757,3130,187800.0
324,30953797,3040,182400.0
325,30956910,3113,186780.0
326,30959981,3071,184260.0
327,30963136,3155,189300.0
328,30966264,3128,187680.0
329,30969388,3124,187440.0
331,30972543,3155,94650.0
332,30975650,3107,186420.0
333,30978853,3203,192180.0
334,30981972,3119,187140.0
335,30985114,3142,188520.0
336,30988207,3093,185580.0
337,30991267,3060,183600.0
338,30994449,3182,190920.0
339,30997504,3055,183300.0
340,31000611,3107,186420.0
341,31003709,3098,185880.0
343,31006760,3051,91530.0
344,31009806,3046,182760.0
345,31012857,3051,183060.0
346,31015957,3100,186000.0
347,31018929,2972,178320.0
348,31021951,3022,181320.0
349,31024932,2981,178860.0
350,31027893,2961,177660.0
351,31030921,3028,181680.0
352,31033944,3023,181380.0
353,31036895,2951,177060.0
354,31039910,3015,180900.0
355,31042957,3047,182820.0
356,31045967,3010,180600.0
357,31048996,3029,181740.0
358,31051969,2973,178380.0
360,31054919,2950,88500.0
361,31057908,2989,179340.0
362,31060927,3019,181140.0
363,31063876,2949,176940.0
364,31066886,3010,180600.0
365,31069823,2937,176220.0
366,31072786,2963,177780.0
367,31075717,2931,175860.0
368,31078710,2993,179580.0
369,31081625,2915,174900.0
370,31084606,2981,178860.0
371,31087584,2978,178680.0
372,31090555,2971,178260.0
373,31093519,2964,177840.0
374,31096509,2990,179400.0
375,31099500,2991,179460.0
376,31102521,3021,181260.0
377,31105563,3042,182520.0
379,31108522,2959,88770.0
380,31111501,2979,178740.0
381,31114479,2978,178680.0
382,31117444,2965,177900.0
383,31120321,2877,172620.0
384,31123298,2977,178620.0
385,31126198,2900,174000.0
386,31129084,2886,173160.0
387,31132050,2966,177960.0
388,31135032,2982,178920.0
389,31138014,2982,178920.0
390,31140943,2929,175740.0
391,31143874,2931,175860.0
392,31146802,2928,175680.0
393,31149795,2993,179580.0
394,31152695,2900,174000.0
395,31155608,2913,174780.0
396,31158573,2965,177900.0
397,31161447,2874,172440.0
399,31164371,2924,87720.0
400,31167298,2927,175620.0
401,31170172,2874,172440.0
402,31173114,2942,176520.0
403,31176037,2923,175380.0
404,31178929,2892,173520.0
405,31181840,2911,174660.0
406,31184765,2925,175500.0
407,31187641,2876,172560.0
408,31190591,2950,177000.0
409,31193533,2942,176520.0
410,31196452,2919,175140.0
411,31199291,2839,170340.0
412,31202212,2921,175260.0
413,31205179,2967,178020.0
414,31208036,2857,171420.0
415,31210960,2924,175440.0
416,31213789,2829,169740.0
418,31216617,2828,84840.0
419,31219555,2938,176280.0
420,31222453,2898,173880.0
421,31225307,2854,171240.0
422,31228233,2926,175560.0
423,31231153,2920,175200.0
424,31234015,2862,171720.0
425,31236873,2858,171480.0
426,31239836,2963,177780.0
427,31242760,2924,175440.0
428,31245687,2927,175620.0
429,31248551,2864,171840.0
430,31251392,2841,170460.0
431,31254188,2796,167760.0
432,31257093,2905,174300.0
433,31260000,2907,174420.0
434,31262870,2870,172200.0
435,31265813,2943,176580.0
436,31268701,2888,173280.0
438,31271499,2798,83940.0
439,31274377,2878,172680.0
440,31277272,2895,173700.0
441,31280097,2825,169500.0
442,31283014,2917,175020.0
443,31285829,2815,168900.0
444,31288659,2830,169800.0
445,31291579,2920,175200.0
446,31294478,2899,173940.0
447,31297369,2891,173460.0
448,31300196,2827,169620.0
449,31303026,2830,169800.0
450,31305833,2807,168420.0
451,31308693,2860,171600.0
452,31311551,2858,171480.0
453,31314402,2851,171060.0
454,31317194,2792,167520.0
455,31319946,2752,165120.0
456,31322797,2851,171060.0
458,31325682,2885,86550.0
459,31328498,2816,168960.0
460,31331328,2830,169800.0
461,31334132,2804,168240.0
462,31336913,2781,166860.0
463,31339771,2858,171480.0
464,31342604,2833,169980.0
465,31345424,2820,169200.0
466,31348209,2785,167100.0
467,31351117,2908,174480.0
468,31353924,2807,168420.0
469,31356730,2806,168360.0
470,31359507,2777,166620.0
471,31362321,2814,168840.0
472,31365115,2794,167640.0
473,31367942,2827,169620.0
474,31370815,2873,172380.0
475,31373644,2829,169740.0
476,31376503,2859,171540.0
478,31379262,2759,82770.0
479,31382041,2779,166740.0
480,31384835,2794,167640.0
481,31387655,2820,169200.0
482,31390459,2804,168240.0
483,31393271,2812,168720.0
484,31396060,2789,167340.0
485,31398859,2799,167940.0
486,31401635,2776,166560.0
487,31404340,2705,162300.0
488,31407133,2793,167580.0
489,31409936,2803,168180.0
490,31412668,2732,163920.0
491,31415442,2774,166440.0
492,31418223,2781,166860.0
493,31420943,2720,163200.0
494,31423745,2802,168120.0
495,31426517,2772,166320.0
497,31429305,2788,83640.0
498,31432070,2765,165900.0
499,31434806,2736,164160.0
500,31437524,2718,163080.0
501,31440271,2747,164820.0
502,31443037,2766,165960.0
503,31445791,2754,165240.0
504,31448503,2712,162720.0
505,31451270,2767,166020.0
506,31454005,2735,164100.0
507,31456727,2722,163320.0
508,31459578,2851,171060.0
509,31462315,2737,164220.0
510,31465017,2702,162120.0
511,31467758,2741,164460.0
512,31470470,2712,162720.0
513,31473241,2771,166260.0
514,31475980,2739,164340.0
516,31478745,2765,82950.0
517,31481480,2735,164100.0
518,31484260,2780,166800.0
519,31487020,2760,165600.0
520,31489708,2688,161280.0
521,31492413,2705,162300.0
522,31495101,2688,161280.0
523,31497797,2696,161760.0
524,31500545,2748,164880.0
525,31503258,2713,162780.0
526,31505946,2688,161280.0
527,31508677,2731,163860.0
528,31511349,2672,160320.0
529,31514042,2693,161580.0
530,31516696,2654,159240.0
531,31519357,2661,159660.0
532,31522086,2729,163740.0
533,31524745,2659,159540.0
534,31527508,2763,165780.0
536,31530260,2752,82560.0
537,31532895,2635,158100.0
538,31535396,2501,150060.0
539,31537952,2556,153360.0
540,31540508,2556,153360.0
541,31543119,2611,156660.0
542,31545769,2650,159000.0
543,31548387,2618,157080.0
544,31551025,2638,158280.0
545,31553693,2668,160080.0
546,31556367,2674,160440.0
548,31559037,2670,80100.0
549,31561728,2691,161460.0
550,31564419,2691,161460.0
551,31567083,2664,159840.0
552,31569714,2631,157860.0
553,31572435,2721,163260.0
554,31575149,2714,162840.0
555,31577878,2729,163740.0
556,31580573,2695,161700.0
557,31583309,2736,164160.0
558,31585781,2472,148320.0
560,31588389,2608,78240.0
561,31591010,2621,157260.0
562,31593610,2600,156000.0
563,31596291,2681,160860.0
564,31599019,2728,163680.0
565,31601703,2684,161040.0
566,31604459,2756,165360.0
567,31606949,2490,149400.0
568,31609555,2606,156360.0
569,31612131,2576,154560.0
570,31614727,2596,155760.0
572,31617303,2576,77280.0
573,31619990,2687,161220.0
574,31622638,2648,158880.0
575,31625228,2590,155400.0
576,31627904,2676,160560.0
577,31630629,2725,163500.0
578,31633266,2637,158220.0
579,31636001,2735,164100.0
580,31638739,2738,164280.0
581,31641446,2707,162420.0
582,31644095,2649,158940.0
584,31646841,2746,82380.0
585,31649593,2752,165120.0
586,31652400,2807,168420.0
587,31655162,2762,165720.0
588,31657866,2704,162240.0
589,31660625,2759,165540.0
590,31663447,2822,169320.0
591,31666256,2809,168540.0
592,31668722,2466,147960.0
593,31671507,2785,167100.0
595,31674362,2855,85650.0
596,31677188,2826,169560.0
597,31680023,2835,170100.0
598,31682801,2778,166680.0
599,31685587,2786,167160.0
600,31688348,2761,165660.0
601,31691111,2763,165780.0
602,31693945,2834,170040.0
603,31696716,2771,166260.0
604,31699531,2815,168900.0
605,31702339,2808,168480.0
607,31705099,2760,82800.0
608,31707915,2816,168960.0
609,31710778,2863,171780.0
610,31713558,2780,166800.0
611,31716374,2816,168960.0
612,31719229,2855,171300.0
613,31722010,2781,166860.0
614,31724816,2806,168360.0
615,31727654,2838,170280.0
616,31730438,2784,167040.0
617,31733190,2752,165120.0
618,31736048,2858,171480.0
619,31738862,2814,168840.0
621,31741735,2873,86190.0
622,31744599,2864,171840.0
623,31747467,2868,172080.0
624,31750405,2938,176280.0
625,31753311,2906,174360.0
626,31756214,2903,174180.0
627,31759225,3011,180660.0
628,31762136,2911,174660.0
629,31765115,2979,178740.0
630,31768029,2914,174840.0
631,31770937,2908,174480.0
632,31773972,3035,182100.0
634,31776983,3011,90330.0
635,31779974,2991,179460.0
636,31782949,2975,178500.0
637,31785887,2938,176280.0
638,31788863,2976,178560.0
639,31791839,2976,178560.0
640,31794813,2974,178440.0
641,31797749,2936,176160.0
642,31800755,3006,180360.0
643,31803747,2992,179520.0
644,31806794,3047,182820.0
645,31809691,2897,173820.0
647,31812675,2984,89520.0
648,31815638,2963,177780.0
649,31818582,2944,176640.0
650,31821587,3005,180300.0
651,31824519,2932,175920.0
652,31827432,2913,174780.0
653,31830369,2937,176220.0
654,31833328,2959,177540.0
655,31836290,2962,177720.0
656,31839267,2977,178620.0
657,31842170,2903,174180.0
658,31845083,2913,174780.0
660,31848059,2976,89280.0
661,31850957,2898,173880.0
662,31853811,2854,171240.0
663,31856702,2891,173460.0
664,31859645,2943,176580.0
665,31862597,2952,177120.0
666,31865546,2949,176940.0
667,31868394,2848,170880.0
668,31871339,2945,176700.0
669,31874232,2893,173580.0
670,31877072,2840,170400.0
671,31880022,2950,177000.0
673,31882865,2843,85290.0
674,31885744,2879,172740.0
675,31888647,2903,174180.0
676,31891572,2925,175500.0
677,31894419,2847,170820.0
678,31897234,2815,168900.0
679,31900152,2918,175080.0
680,31903031,2879,172740.0
681,31905959,2928,175680.0
682,31908828,2869,172140.0
683,31911744,2916,174960.0
684,31914641,2897,173820.0
686,31917551,2910,87300.0
687,31920446,2895,173700.0
688,31923293,2847,170820.0
689,31926162,2869,172140.0
690,31929124,2962,177720.0
691,31931996,2872,172320.0
692,31934925,2929,175740.0
693,31937817,2892,173520.0
694,31940690,2873,172380.0
695,31943552,2862,171720.0
696,31946428,2876,172560.0
697,31949295,2867,172020.0
699,31952184,2889,86670.0
700,31955026,2842,170520.0
701,31957856,2830,169800.0
702,31960651,2795,167700.0
703,31963541,2890,173400.0
704,31966397,2856,171360.0
705,31969182,2785,167100.0
706,31972064,2882,172920.0
707,31974963,2899,173940.0
708,31977787,2824,169440.0
709,31980630,2843,170580.0
710,31983563,2933,175980.0
712,31986430,2867,86010.0
713,31989252,2822,169320.0
714,31992124,2872,172320.0
715,31994968,2844,170640.0
716,31997857,2889,173340.0
717,32000682,2825,169500.0
718,32003531,2849,170940.0
719,32006354,2823,169380.0
720,32009165,2811,168660.0
721,32012018,2853,171180.0
722,32014826,2808,168480.0
723,32017672,2846,170760.0
725,32020517,2845,85350.0
726,32023404,2887,173220.0
727,32026253,2849,170940.0
728,32029107,2854,171240.0
729,32031858,2751,165060.0
730,32034737,2879,172740.0
731,32037557,2820,169200.0
732,32040378,2821,169260.0
733,32043218,2840,170400.0
734,32045988,2770,166200.0
735,32048882,2894,173640.0
736,32051689,2807,168420.0
738,32054531,2842,85260.0
739,32057376,2845,170700.0
740,32060261,2885,173100.0
741,32063117,2856,171360.0
742,32065959,2842,170520.0
743,32068715,2756,165360.0
744,32071536,2821,169260.0
745,32074284,2748,164880.0
746,32077116,2832,169920.0
747,32079843,2727,163620.0
748,32082588,2745,164700.0
749,32085353,2765,165900.0
751,32088097,2744,82320.0
752,32090870,2773,166380.0
753,32093732,2862,171720.0
754,32096522,2790,167400.0
755,32099334,2812,168720.0
756,32102157,2823,169380.0
757,32104953,2796,167760.0
758,32107742,2789,167340.0
759,32110578,2836,170160.0
760,32113342,2764,165840.0
761,32116133,2791,167460.0
762,32118930,2797,167820.0
764,32121772,2842,85260.0
765,32124546,2774,166440.0
766,32127344,2798,167880.0
767,32130127,2783,166980.0
768,32132881,2754,165240.0
769,32135657,2776,166560.0
770,32138502,2845,170700.0
771,32141289,2787,167220.0
772,32144059,2770,166200.0
773,32146827,2768,166080.0
774,32149563,2736,164160.0
775,32152293,2730,163800.0
777,32155072,2779,83370.0
778,32157806,2734,164040.0
779,32160586,2780,166800.0
780,32163295,2709,162540.0
781,32166084,2789,167340.0
782,32168825,2741,164460.0
783,32171619,2794,167640.0
784,32174350,2731,163860.0
785,32177099,2749,164940.0
786,32179848,2749,164940.0
787,32182595,2747,164820.0
788,32185314,2719,163140.0
789,32188061,2747,164820.0
791,32190789,2728,81840.0
792,32193526,2737,164220.0
793,32196317,2791,167460.0
794,32199042,2725,163500.0
795,32201823,2781,166860.0
796,32204609,2786,167160.0
797,32207399,2790,167400.0
798,32210129,2730,163800.0
799,32212953,2824,169440.0
800,32215671,2718,163080.0
801,32218361,2690,161400.0
802,32221090,2729,163740.0
804,32223795,2705,81150.0
805,32226514,2719,163140.0
806,32229258,2744,164640.0
807,32232011,2753,165180.0
808,32234676,2665,159900.0
809,32237380,2704,162240.0
810,32240068,2688,161280.0
811,32242783,2715,162900.0
812,32245502,2719,163140.0
813,32248204,2702,162120.0
814,32250922,2718,163080.0
815,32253587,2665,159900.0
816,32256297,2710,162600.0
818,32258981,2684,80520.0
819,32261659,2678,160680.0
820,32264306,2647,158820.0
821,32267039,2733,163980.0
822,32269747,2708,162480.0
823,32272438,2691,161460.0
824,32275148,2710,162600.0
825,32277824,2676,160560.0
826,32280535,2711,162660.0
827,32283145,2610,156600.0
828,32285696,2551,153060.0
830,32288145,2449,73470.0
831,32290634,2489,149340.0
832,32293210,2576,154560.0
833,32295676,2466,147960.0
834,32298225,2549,152940.0
835,32300773,2548,152880.0
836,32303416,2643,158580.0
837,32306035,2619,157140.0
839,32308631,2596,77880.0
840,32311193,2562,153720.0
841,32313759,2566,153960.0
842,32316356,2597,155820.0
843,32319054,2698,161880.0
844,32321757,2703,162180.0
845,32324353,2596,155760.0
846,32326833,2480,148800.0
847,32329398,2565,153900.0
849,32332077,2679,80370.0
850,32334656,2579,154740.0
851,32337253,2597,155820.0
852,32339927,2674,160440.0
853,32342561,2634,158040.0
854,32345166,2605,156300.0
855,32347778,2612,156720.0
856,32350438,2660,159600.0
858,32353123,2685,80550.0
859,32355751,2628,157680.0
860,32358367,2616,156960.0
861,32360778,2411,144660.0
862,32363246,2468,148080.0
863,32365860,2614,156840.0
864,32368479,2619,157140.0
865,32371171,2692,161520.0
867,32373841,2670,80100.0
868,32376548,2707,162420.0
869,32379268,2720,163200.0
870,32381652,2384,143040.0
871,32384184,2532,151920.0
872,32386852,2668,160080.0
873,32389583,2731,163860.0
874,32392323,2740,164400.0
876,32394972,2649,79470.0
877,32397733,2761,165660.0
878,32400501,2768,166080.0
879,32403283,2782,166920.0
880,32406092,2809,168540.0
881,32408932,2840,170400.0
882,32411824,2892,173520.0
883,32414691,2867,172020.0
885,32417539,2848,85440.0
886,32420405,2866,171960.0
887,32423252,2847,170820.0
888,32426205,2953,177180.0
889,32429050,2845,170700.0
890,32432011,2961,177660.0
891,32434943,2932,175920.0
892,32437885,2942,176520.0
893,32440824,2939,176340.0
895,32443774,2950,88500.0
896,32446735,2961,177660.0
897,32449812,3077,184620.0
898,32452952,3140,188400.0
899,32456029,3077,184620.0
900,32459169,3140,188400.0
901,32462239,3070,184200.0
902,32465420,3181,190860.0
904,32468534,3114,93420.0
905,32471629,3095,185700.0
906,32474783,3154,189240.0
907,32477941,3158,189480.0
908,32481084,3143,188580.0
909,32484196,3112,186720.0
910,32487207,3011,180660.0
911,32490394,3187,191220.0
912,32493472,3078,184680.0
914,32496575,3103,93090.0
915,32499722,3147,188820.0
916,32502853,3131,187860.0
917,32506013,3160,189600.0
918,32509071,3058,183480.0
919,32512179,3108,186480.0
920,32515276,3097,185820.0
921,32518365,3089,185340.0
923,32521487,3122,93660.0
924,32524581,3094,185640.0
925,32527622,3041,182460.0
926,32530805,3183,190980.0
927,32533889,3084,185040.0
928,32537033,3144,188640.0
929,32540104,3071,184260.0
930,32543197,3093,185580.0
932,32546129,2932,87960.0
933,32549036,2907,174420.0
934,32551958,2922,175320.0
935,32554901,2943,176580.0
936,32557950,3049,182940.0
937,32560967,3017,181020.0
938,32564080,3113,186780.0
939,32566980,2900,174000.0
941,32569859,2879,86370.0
942,32572768,2909,174540.0
943,32575716,2948,176880.0
944,32578601,2885,173100.0
945,32581510,2909,174540.0
946,32584257,2747,164820.0
947,32587031,2774,166440.0
949,32589888,2857,85710.0
950,32592647,2759,165540.0
951,32595517,2870,172200.0
952,32598320,2803,168180.0
953,32601227,2907,174420.0
954,32604138,2911,174660.0
955,32607154,3016,180960.0
957,32610140,2986,89580.0
958,32613145,3005,180300.0
959,32616130,2985,179100.0
960,32619087,2957,177420.0
961,32622001,2914,174840.0
962,32625038,3037,182220.0
963,32628056,3018,181080.0
964,32631025,2969,178140.0
966,32634003,2978,89340.0
967,32637004,3001,180060.0
968,32639963,2959,177540.0
969,32643048,3085,185100.0
970,32646087,3039,182340.0
971,32649186,3099,185940.0
972,32652255,3069,184140.0
973,32655269,3014,180840.0
974,32658238,2969,178140.0
976,32661294,3056,91680.0
977,32664279,2985,179100.0
978,32667290,3011,180660.0
979,32670349,3059,183540.0
980,32673371,3022,181320.0
981,32676444,3073,184380.0
982,32679451,3007,180420.0
983,32682404,2953,177180.0
984,32685471,3067,184020.0
986,32688491,3020,90600.0
987,32691573,3082,184920.0
988,32694594,3021,181260.0
989,32697630,3036,182160.0
990,32700601,2971,178260.0
991,32703559,2958,177480.0
992,32706649,3090,185400.0
993,32709660,3011,180660.0
994,32712627,2967,178020.0
996,32715634,3007,90210.0
997,32718634,3000,180000.0
998,32721625,2991,179460.0
999,32724566,2941,176460.0
1000,32727591,3025,181500.0
1001,32730605,3014,180840.0
1002,32733574,2969,178140.0
1003,32736554,2980,178800.0
1004,32739493,2939,176340.0
1006,32742555,3062,91860.0
1007,32745574,3019,181140.0
1008,32748558,2984,179040.0
1009,32751549,2991,179460.0
1010,32754522,2973,178380.0
1011,32757492,2970,178200.0
1012,32760427,2935,176100.0
1013,32763406,2979,178740.0
1014,32766363,2957,177420.0
1016,32769268,2905,87150.0
1017,32772236,2968,178080.0
1018,32775183,2947,176820.0
1019,32778150,2967,178020.0
1020,32781081,2931,175860.0
1021,32784013,2932,175920.0
1022,32786985,2972,178320.0
1023,32789973,2988,179280.0
1024,32792923,2950,177000.0
1026,32795828,2905,87150.0
1027,32798791,2963,177780.0
1028,32801779,2988,179280.0
1029,32804755,2976,178560.0
1030,32807707,2952,177120.0
1031,32810671,2964,177840.0
1032,32813613,2942,176520.0
1033,32816586,2973,178380.0
1034,32819500,2914,174840.0
1036,32822369,2869,86070.0
1037,32825341,2972,178320.0
1038,32828286,2945,176700.0
1039,32831193,2907,174420.0
1040,32834146,2953,177180.0
1041,32837067,2921,175260.0
1042,32839927,2860,171600.0
1043,32842837,2910,174600.0
1044,32845794,2957,177420.0
1046,32848728,2934,88020.0
1047,32851693,2965,177900.0
1048,32854645,2952,177120.0
1049,32857589,2944,176640.0
1050,32860549,2960,177600.0
1051,32863471,2922,175320.0
1052,32866370,2899,173940.0
1053,32869218,2848,170880.0
1054,32872157,2939,176340.0
1056,32875075,2918,87540.0
1057,32878049,2974,178440.0
1058,32880954,2905,174300.0
1059,32883802,2848,170880.0
1060,32886737,2935,176100.0
1061,32889550,2813,168780.0
1062,32892481,2931,175860.0
1063,32895364,2883,172980.0
1064,32898216,2852,171120.0
1066,32901089,2873,86190.0
1067,32903912,2823,169380.0
1068,32906762,2850,171000.0
1069,32909614,2852,171120.0
1070,32912509,2895,173700.0
1071,32915320,2811,168660.0
1072,32918230,2910,174600.0
1073,32921074,2844,170640.0
1074,32923973,2899,173940.0
1076,32926866,2893,86790.0
1077,32929726,2860,171600.0
1078,32932562,2836,170160.0
1079,32935460,2898,173880.0
1080,32938290,2830,169800.0
1081,32941098,2808,168480.0
1082,32943968,2870,172200.0
1083,32946831,2863,171780.0
1084,32949639,2808,168480.0
1086,32952426,2787,83610.0
1087,32955319,2893,173580.0
1088,32958171,2852,171120.0
1089,32960936,2765,165900.0
1090,32963741,2805,168300.0
1091,32966589,2848,170880.0
1092,32969545,2956,177360.0
1093,32972332,2787,167220.0
1094,32975186,2854,171240.0
1096,32978018,2832,84960.0
1097,32980774,2756,165360.0
1098,32983500,2726,163560.0
1099,32986363,2863,171780.0
1100,32989174,2811,168660.0
1101,32992011,2837,170220.0
1102,32994771,2760,165600.0
1103,32997660,2889,173340.0
1104,33000486,2826,169560.0
1106,33003289,2803,84090.0
1107,33006103,2814,168840.0
1108,33008898,2795,167700.0
1109,33011735,2837,170220.0
1110,33014536,2801,168060.0
1111,33017327,2791,167460.0
1112,33020131,2804,168240.0
1113,33022877,2746,164760.0
1114,33025693,2816,168960.0
1116,33028522,2829,84870.0
1117,33031331,2809,168540.0
1118,33034084,2753,165180.0
1119,33036833,2749,164940.0
1120,33039646,2813,168780.0
1121,33042481,2835,170100.0
1122,33045319,2838,170280.0
1123,33048083,2764,165840.0
1124,33050908,2825,169500.0
1125,33053728,2820,169200.0
1127,33056520,2792,83760.0
1128,33059250,2730,163800.0
1129,33062020,2770,166200.0
1130,33064731,2711,162660.0
1131,33067435,2704,162240.0
1132,33070199,2764,165840.0
1133,33072973,2774,166440.0
1134,33075718,2745,164700.0
1135,33078537,2819,169140.0
1137,33081330,2793,83790.0
1138,33084078,2748,164880.0
1139,33086786,2708,162480.0
1140,33089540,2754,165240.0
1141,33092250,2710,162600.0
1142,33095055,2805,168300.0
1143,33097783,2728,163680.0
1144,33100554,2771,166260.0
1145,33103314,2760,165600.0
1147,33106126,2812,84360.0
1148,33108802,2676,160560.0
1149,33111516,2714,162840.0
1150,33114299,2783,166980.0
1151,33117020,2721,163260.0
1152,33119796,2776,166560.0
1153,33122465,2669,160140.0
1154,33125209,2744,164640.0
1155,33127875,2666,159960.0
1157,33130661,2786,83580.0
1158,33133367,2706,162360.0
1159,33136129,2762,165720.0
1160,33138858,2729,163740.0
1161,33141572,2714,162840.0
1162,33144306,2734,164040.0
1163,33147039,2733,163980.0
1164,33149767,2728,163680.0
1165,33152487,2720,163200.0
1167,33155248,2761,82830.0
1168,33157933,2685,161100.0
1169,33160654,2721,163260.0
1170,33163343,2689,161340.0
1171,33166056,2713,162780.0
1172,33168636,2580,154800.0
1173,33171156,2520,151200.0
1174,33173659,2503,150180.0
1176,33176218,2559,76770.0
1177,33178885,2667,160020.0
1178,33181574,2689,161340.0
1179,33184261,2687,161220.0
1180,33187022,2761,165660.0
1181,33189751,2729,163740.0
1182,33192478,2727,163620.0
1184,33195291,2813,84390.0
1185,33198053,2762,165720.0
1186,33200804,2751,165060.0
1187,33203570,2766,165960.0
1188,33206134,2564,153840.0
1189,33208731,2597,155820.0
1191,33211074,2343,70290.0
1192,33213431,2357,141420.0
1193,33215918,2487,149220.0
1194,33218187,2269,136140.0
1195,33220411,2224,133440.0
1196,33222800,2389,143340.0
1198,33225127,2327,69810.0
1199,33227539,2412,144720.0
1200,33229904,2365,141900.0
1201,33232255,2351,141060.0
1202,33234610,2355,141300.0
1203,33236867,2257,135420.0
1205,33239271,2404,72120.0
1206,33241671,2400,144000.0
1207,33244162,2491,149460.0
1208,33246605,2443,146580.0
1209,33249042,2437,146220.0
1210,33251496,2454,147240.0
1212,33253962,2466,73980.0
1213,33256412,2450,147000.0
1214,33258894,2482,148920.0
1215,33261354,2460,147600.0
1216,33263629,2275,136500.0
1217,33265813,2184,131040.0
1218,33268124,2311,138660.0
1220,33270470,2346,70380.0
1221,33272871,2401,144060.0
1222,33275338,2467,148020.0
1223,33277836,2498,149880.0
1224,33280415,2579,154740.0
1225,33282928,2513,150780.0
1226,33285526,2598,155880.0
1228,33288312,2786,83580.0
1229,33291129,2817,169020.0
1230,33293953,2824,169440.0
1231,33296787,2834,170040.0
1232,33299637,2850,171000.0
1233,33302550,2913,174780.0
1234,33305454,2904,174240.0
1235,33308407,2953,177180.0
1237,33311269,2862,85860.0
1238,33314156,2887,173220.0
1239,33317089,2933,175980.0
1240,33320043,2954,177240.0
1241,33323049,3006,180360.0
1242,33326046,2997,179820.0
1243,33329014,2968,178080.0
1245,33331990,2976,89280.0
1246,33334918,2928,175680.0
1247,33337842,2924,175440.0
1248,33340947,3105,186300.0
1249,33343927,2980,178800.0
1250,33346906,2979,178740.0
1251,33349901,2995,179700.0
1253,33352929,3028,90840.0
1254,33355842,2913,174780.0
1255,33358835,2993,179580.0
1256,33361864,3029,181740.0
1257,33364871,3007,180420.0
1258,33367878,3007,180420.0
1259,33370841,2963,177780.0
1261,33373875,3034,91020.0
1262,33376804,2929,175740.0
1263,33379832,3028,181680.0
1264,33382814,2982,178920.0
1265,33385773,2959,177540.0
1266,33388783,3010,180600.0
1267,33391780,2997,179820.0
1268,33394771,2991,179460.0
1270,33397672,2901,87030.0
1271,33400757,3085,185100.0
1272,33403689,2932,175920.0
1273,33406658,2969,178140.0
1274,33409583,2925,175500.0
1275,33412519,2936,176160.0
1276,33415479,2960,177600.0
1278,33418402,2923,87690.0
1279,33421389,2987,179220.0
1280,33424334,2945,176700.0
1281,33427239,2905,174300.0
1282,33430196,2957,177420.0
1283,33433210,3014,180840.0
1284,33436145,2935,176100.0
1285,33439040,2895,173700.0
1287,33441980,2940,88200.0
1288,33444903,2923,175380.0
1289,33447872,2969,178140.0
1290,33450718,2846,170760.0
1291,33453671,2953,177180.0
1292,33456660,2989,179340.0
1293,33459592,2932,175920.0
1294,33462494,2902,174120.0
1296,33465378,2884,86520.0
1297,33468415,3037,182220.0
1298,33471410,2995,179700.0
1299,33474325,2915,174900.0
1300,33477329,3004,180240.0
1301,33480220,2891,173460.0
1302,33483162,2942,176520.0
1304,33486136,2974,89220.0
1305,33489053,2917,175020.0
1306,33491980,2927,175620.0
1307,33494930,2950,177000.0
1308,33497831,2901,174060.0
1309,33500742,2911,174660.0
1310,33503715,2973,178380.0
1312,33506628,2913,87390.0
1313,33509589,2961,177660.0
1314,33512565,2976,178560.0
1315,33515437,2872,172320.0
1316,33518361,2924,175440.0
1317,33521226,2865,171900.0
1318,33524140,2914,174840.0
1320,33527073,2933,87990.0
1321,33529993,2920,175200.0
1322,33532924,2931,175860.0
1323,33535829,2905,174300.0
1324,33538690,2861,171660.0
1325,33541550,2860,171600.0
1326,33544424,2874,172440.0
1328,33547223,2799,83970.0
1329,33550106,2883,172980.0
1330,33552907,2801,168060.0
1331,33555831,2924,175440.0
1332,33558738,2907,174420.0
1333,33561657,2919,175140.0
1334,33564573,2916,174960.0
1335,33567418,2845,170700.0
1337,33570256,2838,85140.0
1338,33573136,2880,172800.0
1339,33576030,2894,173640.0
1340,33578913,2883,172980.0
1341,33581836,2923,175380.0
1342,33584626,2790,167400.0
1343,33587474,2848,170880.0
1345,33590366,2892,86760.0
1346,33593207,2841,170460.0
1347,33596097,2890,173400.0
1348,33599018,2921,175260.0
1349,33601964,2946,176760.0
1350,33604846,2882,172920.0
1351,33607635,2789,167340.0
1352,33610418,2783,166980.0
1354,33613259,2841,85230.0
1355,33616137,2878,172680.0
1356,33619030,2893,173580.0
1357,33621922,2892,173520.0
1358,33624771,2849,170940.0
1359,33627561,2790,167400.0
1360,33630416,2855,171300.0
1362,33633222,2806,84180.0
1363,33636101,2879,172740.0
1364,33638935,2834,170040.0
1365,33641789,2854,171240.0
1366,33644660,2871,172260.0
1367,33647555,2895,173700.0
1368,33650463,2908,174480.0
1370,33653319,2856,85680.0
1371,33656188,2869,172140.0
1372,33659019,2831,169860.0
1373,33661824,2805,168300.0
1374,33664645,2821,169260.0
1375,33667444,2799,167940.0
1376,33670321,2877,172620.0
1378,33673089,2768,83040.0
1379,33675975,2886,173160.0
1380,33678745,2770,166200.0
1381,33681592,2847,170820.0
1382,33684468,2876,172560.0
1383,33687313,2845,170700.0
1384,33690092,2779,166740.0
1385,33692963,2871,172260.0
1387,33695780,2817,84510.0
1388,33698654,2874,172440.0
1389,33701420,2766,165960.0
1390,33704230,2810,168600.0
1391,33707063,2833,169980.0
1392,33709895,2832,169920.0
1393,33712739,2844,170640.0
1395,33715545,2806,84180.0
1396,33718371,2826,169560.0
1397,33721092,2721,163260.0
1398,33723871,2779,166740.0
1399,33726640,2769,166140.0
1400,33729413,2773,166380.0
1401,33732197,2784,167040.0
1403,33734967,2770,83100.0
1404,33737725,2758,165480.0
1405,33740463,2738,164280.0
1406,33743240,2777,166620.0
1407,33746038,2798,167880.0
1408,33748860,2822,169320.0
1409,33751646,2786,167160.0
1411,33754482,2836,85080.0
1412,33757324,2842,170520.0
1413,33760116,2792,167520.0
1414,33762915,2799,167940.0
1415,33765678,2763,165780.0
1416,33768512,2834,170040.0
1417,33771311,2799,167940.0
1419,33774099,2788,83640.0
1420,33776862,2763,165780.0
1421,33779616,2754,165240.0
1422,33782372,2756,165360.0
1423,33785065,2693,161580.0
1424,33787821,2756,165360.0
1425,33790595,2774,166440.0
1427,33793348,2753,82590.0
1428,33796089,2741,164460.0
1429,33798804,2715,162900.0
1430,33801614,2810,168600.0
1431,33804421,2807,168420.0
1432,33807163,2742,164520.0
1433,33809902,2739,164340.0
1435,33812655,2753,82590.0
1436,33815439,2784,167040.0
1437,33818200,2761,165660.0
1438,33820887,2687,161220.0
1439,33823623,2736,164160.0
1440,33826365,2742,164520.0
1441,33829121,2756,165360.0
1443,33831676,2555,76650.0
1444,33834251,2575,154500.0
1445,33836928,2677,160620.0
1446,33839484,2556,153360.0
1447,33842130,2646,158760.0
1448,33844779,2649,158940.0
1450,33847510,2731,81930.0
1451,33850204,2694,161640.0
1452,33852923,2719,163140.0
1453,33855755,2832,169920.0
1454,33858563,2808,168480.0
1455,33861338,2775,166500.0
1457,33864022,2684,80520.0
1458,33866486,2464,147840.0
1459,33868994,2508,150480.0
1460,33871564,2570,154200.0
1461,33874212,2648,158880.0
1462,33876842,2630,157800.0
1464,33879479,2637,79110.0
1465,33882114,2635,158100.0
1466,33884763,2649,158940.0
1467,33887305,2542,152520.0
1468,33890106,2801,168060.0
1470,33892828,2722,81660.0
1471,33895575,2747,164820.0
1472,33898423,2848,170880.0
1473,33901172,2749,164940.0
1474,33903889,2717,163020.0
1476,33906617,2728,81840.0
1477,33909158,2541,152460.0
1478,33911803,2645,158700.0
1479,33914398,2595,155700.0
1480,33917146,2748,164880.0
1481,33919866,2720,163200.0
1483,33922131,2265,67950.0
1484,33924493,2362,141720.0
1485,33926984,2491,149460.0
1486,33929544,2560,153600.0
1487,33932093,2549,152940.0
1489,33934683,2590,77700.0
1490,33937384,2701,162060.0
1491,33940042,2658,159480.0
1492,33942772,2730,163800.0
1493,33945455,2683,160980.0
1494,33948156,2701,162060.0
1496,33950902,2746,82380.0
1497,33953581,2679,160740.0
1498,33956368,2787,167220.0
1499,33959364,2996,179760.0
1500,33962330,2966,177960.0
1502,33965256,2926,87780.0
1503,33968246,2990,179400.0
1504,33971250,3004,180240.0
1505,33974204,2954,177240.0
1506,33977222,3018,181080.0
1507,33980267,3045,182700.0
1509,33983187,2920,87600.0
1510,33986231,3044,182640.0
1511,33989241,3010,180600.0
1512,33992192,2951,177060.0
1513,33995213,3021,181260.0
1515,33998244,3031,90930.0
1516,34001295,3051,183060.0
1517,34004339,3044,182640.0
1518,34007429,3090,185400.0
1519,34010375,2946,176760.0
1520,34013401,3026,181560.0
1522,34016467,3066,91980.0
1523,34019547,3080,184800.0
1524,34022594,3047,182820.0
1525,34025651,3057,183420.0
1526,34028857,3206,192360.0
1527,34031907,3050,183000.0
1529,34035004,3097,92910.0
1530,34038036,3032,181920.0
1531,34041118,3082,184920.0
1532,34044199,3081,184860.0
1533,34047190,2991,179460.0
1534,34050277,3087,185220.0
1536,34053449,3172,95160.0
1537,34056480,3031,181860.0
1538,34059579,3099,185940.0
1539,34062610,3031,181860.0
1540,34065760,3150,189000.0
1542,34068872,3112,93360.0
1543,34071952,3080,184800.0
1544,34075080,3128,187680.0
1545,34078116,3036,182160.0
1546,34081209,3093,185580.0
1547,34084166,2957,177420.0
1549,34087229,3063,91890.0
1550,34090283,3054,183240.0
1551,34093449,3166,189960.0
1552,34096513,3064,183840.0
1553,34099580,3067,184020.0
1554,34102584,3004,180240.0
1556,34105667,3083,92490.0
1557,34108772,3105,186300.0
1558,34111756,2984,179040.0
1559,34114779,3023,181380.0
1560,34117907,3128,187680.0
1562,34120952,3045,91350.0
1563,34124016,3064,183840.0
1564,34127100,3084,185040.0
1565,34130164,3064,183840.0
1566,34133294,3130,187800.0
1567,34136339,3045,182700.0
1569,34139339,3000,90000.0
1570,34142395,3056,183360.0
1571,34145388,2993,179580.0
1572,34148367,2979,178740.0
1573,34151388,3021,181260.0
1574,34154379,2991,179460.0
1576,34157463,3084,92520.0
1577,34160517,3054,183240.0
1578,34163573,3056,183360.0
1579,34166582,3009,180540.0
1580,34169663,3081,184860.0
1581,34172741,3078,184680.0
1583,34175789,3048,91440.0
1584,34178731,2942,176520.0
1585,34181818,3087,185220.0
1586,34184872,3054,183240.0
1587,34187821,2949,176940.0
1589,34190796,2975,89250.0
1590,34193879,3083,184980.0
1591,34196828,2949,176940.0
1592,34199894,3066,183960.0
1593,34202912,3018,181080.0
1594,34205885,2973,178380.0
1596,34208905,3020,90600.0
1597,34211958,3053,183180.0
1598,34214966,3008,180480.0
1599,34217929,2963,177780.0
1600,34220949,3020,181200.0
1601,34223908,2959,177540.0
1603,34226920,3012,90360.0
1604,34229899,2979,178740.0
1605,34232920,3021,181260.0
1606,34235960,3040,182400.0
1607,34238867,2907,174420.0
1609,34241918,3051,91530.0
1610,34244882,2964,177840.0
1611,34247842,2960,177600.0
1612,34250801,2959,177540.0
1613,34253743,2942,176520.0
1614,34256672,2929,175740.0
1616,34259670,2998,89940.0
1617,34262668,2998,179880.0
1618,34265607,2939,176340.0
1619,34268546,2939,176340.0
1620,34271448,2902,174120.0
1621,34274398,2950,177000.0
1623,34277331,2933,87990.0
1624,34280254,2923,175380.0
1625,34283131,2877,172620.0
1626,34286090,2959,177540.0
1627,34289000,2910,174600.0
1628,34291819,2819,169140.0
1630,34294747,2928,87840.0
1631,34297661,2914,174840.0
1632,34300579,2918,175080.0
1633,34303504,2925,175500.0
1634,34306440,2936,176160.0
1636,34309322,2882,86460.0
1637,34312258,2936,176160.0
1638,34315156,2898,173880.0
1639,34318022,2866,171960.0
1640,34321002,2980,178800.0
1641,34323887,2885,173100.0
1643,34326724,2837,85110.0
1644,34329732,3008,180480.0
1645,34332630,2898,173880.0
1646,34335540,2910,174600.0
1647,34338562,3022,181320.0
1648,34341440,2878,172680.0
1650,34344276,2836,85080.0
1651,34347210,2934,176040.0
1652,34350058,2848,170880.0
1653,34352965,2907,174420.0
1654,34355907,2942,176520.0
1656,34358834,2927,87810.0
1657,34361635,2801,168060.0
1658,34364642,3007,180420.0
1659,34367575,2933,175980.0
1660,34370394,2819,169140.0
1661,34373231,2837,170220.0
1663,34376212,2981,89430.0
1664,34379114,2902,174120.0
1665,34381983,2869,172140.0
1666,34384818,2835,170100.0
1667,34387705,2887,173220.0
1669,34390536,2831,84930.0
1670,34393269,2733,163980.0
1671,34395847,2578,154680.0
1672,34398460,2613,156780.0
1673,34401042,2582,154920.0
1674,34403631,2589,155340.0
1675,34406271,2640,158400.0
1676,34408818,2547,152820.0
1677,34411432,2614,156840.0
1678,34414009,2577,154620.0
1679,34416634,2625,157500.0
1680,34419210,2576,154560.0
1681,34421773,2563,153780.0
1682,34424287,2514,150840.0
1684,34426813,2526,75780.0
1685,34429413,2600,156000.0
1686,34431971,2558,153480.0
1687,34434540,2569,154140.0
1688,34437189,2649,158940.0
1689,34439698,2509,150540.0
1690,34442273,2575,154500.0
1691,34444815,2542,152520.0
1692,34447360,2545,152700.0
1693,34449896,2536,152160.0
1694,34452494,2598,155880.0
1695,34455050,2556,153360.0
1696,34457580,2530,151800.0
1697,34460001,2421,145260.0
1699,34462448,2447,73410.0
1700,34464773,2325,139500.0
1701,34467004,2231,133860.0
1702,34469223,2219,133140.0
1703,34471614,2391,143460.0
1704,34473946,2332,139920.0
1705,34476356,2410,144600.0
1706,34478808,2452,147120.0
1707,34481204,2396,143760.0
1708,34483535,2331,139860.0
1710,34485893,2358,70740.0
1711,34488302,2409,144540.0
1712,34490738,2436,146160.0
1713,34493018,2280,136800.0
1714,34495438,2420,145200.0
1715,34497847,2409,144540.0
1716,34500316,2469,148140.0
1717,34502837,2521,151260.0
1718,34505443,2606,156360.0
1719,34507904,2461,147660.0
1721,34510468,2564,76920.0
1722,34513058,2590,155400.0
1723,34515646,2588,155280.0
1724,34518273,2627,157620.0
1725,34520852,2579,154740.0
1726,34523516,2664,159840.0
1727,34526138,2622,157320.0
1728,34528785,2647,158820.0
1729,34531308,2523,151380.0
1730,34533891,2583,154980.0
1732,34536478,2587,77610.0
1733,34539202,2724,163440.0
1734,34541922,2720,163200.0
1735,34544671,2749,164940.0
1736,34547352,2681,160860.0
1737,34550005,2653,159180.0
1738,34552755,2750,165000.0
1739,34555535,2780,166800.0
1740,34558412,2877,172620.0
1741,34561244,2832,169920.0
1743,34564046,2802,84060.0
1744,34566955,2909,174540.0
1745,34569731,2776,166560.0
1746,34572537,2806,168360.0
1747,34575445,2908,174480.0
1748,34578315,2870,172200.0
1749,34581174,2859,171540.0
1750,34584013,2839,170340.0
1751,34586904,2891,173460.0
1752,34589749,2845,170700.0
1754,34592564,2815,84450.0
1755,34595478,2914,174840.0
1756,34598279,2801,168060.0
1757,34601141,2862,171720.0
1758,34604012,2871,172260.0
1759,34606880,2868,172080.0
1760,34609712,2832,169920.0
1761,34612575,2863,171780.0
1762,34615459,2884,173040.0
1763,34618243,2784,167040.0
1765,34621153,2910,87300.0
1766,34624016,2863,171780.0
1767,34626826,2810,168600.0
1768,34629723,2897,173820.0
1769,34632545,2822,169320.0
1770,34635354,2809,168540.0
1771,34638172,2818,169080.0
1772,34640992,2820,169200.0
1773,34643885,2893,173580.0
1775,34646689,2804,84120.0
1776,34649491,2802,168120.0
1777,34652298,2807,168420.0
1778,34655145,2847,170820.0
1779,34657942,2797,167820.0
1780,34660671,2729,163740.0
1781,34663398,2727,163620.0
1782,34666163,2765,165900.0
1783,34668998,2835,170100.0
1784,34671843,2845,170700.0
1785,34674664,2821,169260.0
1787,34677411,2747,82410.0
1788,34679965,2554,153240.0
1789,34682623,2658,159480.0
1790,34685312,2689,161340.0
1791,34687987,2675,160500.0
1792,34690487,2500,150000.0
1793,34692916,2429,145740.0
1794,34695335,2419,145140.0
1796,34697768,2433,72990.0
1797,34700193,2425,145500.0
1798,34702684,2491,149460.0
1799,34704929,2245,134700.0
1800,34707161,2232,133920.0
1801,34709466,2305,138300.0
1802,34711764,2298,137880.0
1804,34714028,2264,67920.0
1805,34716369,2341,140460.0
1806,34718705,2336,140160.0
1807,34720979,2274,136440.0
1808,34723256,2277,136620.0
1809,34725512,2256,135360.0
1810,34727775,2263,135780.0
1811,34730048,2273,136380.0
1813,34732277,2229,66870.0
1814,34734504,2227,133620.0
1815,34736710,2206,132360.0
1816,34738985,2275,136500.0
1817,34741270,2285,137100.0
1818,34743562,2292,137520.0
1819,34745800,2238,134280.0
1820,34748029,2229,133740.0
1822,34750291,2262,67860.0
1823,34752599,2308,138480.0
1824,34754882,2283,136980.0
1825,34757141,2259,135540.0
1826,34759384,2243,134580.0
1827,34761727,2343,140580.0
1828,34764092,2365,141900.0
1830,34766430,2338,70140.0
1831,34768784,2354,141240.0
1832,34771231,2447,146820.0
1833,34773704,2473,148380.0
1834,34776204,2500,150000.0
1835,34778690,2486,149160.0
1836,34781077,2387,143220.0
1837,34783540,2463,147780.0
1839,34785951,2411,72330.0
1840,34788372,2421,145260.0
1841,34790834,2462,147720.0
1842,34793323,2489,149340.0
1843,34795733,2410,144600.0
1844,34798217,2484,149040.0
1845,34800681,2464,147840.0
1846,34803146,2465,147900.0
1848,34805548,2402,72060.0
1849,34807961,2413,144780.0
1850,34810441,2480,148800.0
1851,34812901,2460,147600.0
1852,34815423,2522,151320.0
1853,34817858,2435,146100.0
1854,34820432,2574,154440.0
1856,34822974,2542,76260.0
1857,34825436,2462,147720.0
1858,34827972,2536,152160.0
1859,34830536,2564,153840.0
1860,34833108,2572,154320.0
1861,34835656,2548,152880.0
1862,34838181,2525,151500.0
1863,34840783,2602,156120.0
1865,34843247,2464,73920.0
1866,34845799,2552,153120.0
1867,34848371,2572,154320.0
1868,34850871,2500,150000.0
1869,34853395,2524,151440.0
1870,34855913,2518,151080.0
1871,34858436,2523,151380.0
1873,34861008,2572,77160.0
1874,34863606,2598,155880.0
1875,34866196,2590,155400.0
1876,34868805,2609,156540.0
1877,34871289,2484,149040.0
1878,34873894,2605,156300.0
1879,34876444,2550,153000.0
1880,34879021,2577,154620.0
1882,34881585,2564,76920.0
1883,34884133,2548,152880.0
1884,34886687,2554,153240.0
1885,34889263,2576,154560.0
1886,34891793,2530,151800.0
1887,34894312,2519,151140.0
1888,34896938,2626,157560.0
1890,34899462,2524,75720.0
1891,34902029,2567,154020.0
1892,34904549,2520,151200.0
1893,34907063,2514,150840.0
1894,34909611,2548,152880.0
1895,34912113,2502,150120.0
1896,34914683,2570,154200.0
1897,34917244,2561,153660.0
1899,34919786,2542,76260.0
1900,34922267,2481,148860.0
1901,34924708,2441,146460.0
1902,34927231,2523,151380.0
1903,34929722,2491,149460.0
1904,34932175,2453,147180.0
1905,34934628,2453,147180.0
1906,34937108,2480,148800.0
1908,34939561,2453,73590.0
1909,34942085,2524,151440.0
1910,34944534,2449,146940.0
1911,34946993,2459,147540.0
1912,34949419,2426,145560.0
1913,34951863,2444,146640.0
1914,34954324,2461,147660.0
1916,34956733,2409,72270.0
1917,34959137,2404,144240.0
1918,34961538,2401,144060.0
1919,34963884,2346,140760.0
1920,34966298,2414,144840.0
1921,34968665,2367,142020.0
1922,34971153,2488,149280.0
1923,34973582,2429,145740.0
1924,34975995,2413,144780.0
1925,34978473,2478,148680.0
1927,34980904,2431,72930.0
1928,34983379,2475,148500.0
1929,34985834,2455,147300.0
1930,34988277,2443,146580.0
1931,34990656,2379,142740.0
1932,34993070,2414,144840.0
1933,34995496,2426,145560.0
1934,34997963,2467,148020.0
1935,35000366,2403,144180.0
1936,35002779,2413,144780.0
1938,35005201,2422,72660.0
1939,35007647,2446,146760.0
1940,35010077,2430,145800.0
1941,35012504,2427,145620.0
1942,35014912,2408,144480.0
1943,35017317,2405,144300.0
1944,35019733,2416,144960.0
1945,35022116,2383,142980.0
1946,35024520,2404,144240.0
1947,35026912,2392,143520.0
1949,35029338,2426,72780.0
1950,35031780,2442,146520.0
1951,35034193,2413,144780.0
1952,35036647,2454,147240.0
1953,35039014,2367,142020.0
1954,35041453,2439,146340.0
1955,35043877,2424,145440.0
1956,35046343,2466,147960.0
1957,35048789,2446,146760.0
1958,35051212,2423,145380.0
1960,35053691,2479,74370.0
1961,35056118,2427,145620.0
1962,35058649,2531,151860.0
1963,35061075,2426,145560.0
1964,35063601,2526,151560.0
1965,35066134,2533,151980.0
1966,35068358,2224,133440.0
1967,35070259,1901,114060.0
1968,35072370,2111,126660.0
1969,35074626,2256,135360.0
1971,35076942,2316,69480.0
1972,35079438,2496,149760.0
1973,35081971,2533,151980.0
1974,35084457,2486,149160.0
1975,35086986,2529,151740.0
1976,35089580,2594,155640.0
1977,35092157,2577,154620.0
1978,35094841,2684,161040.0
1979,35097511,2670,160200.0
1980,35100253,2742,164520.0
1981,35102932,2679,160740.0
1983,35105709,2777,83310.0
1984,35108441,2732,163920.0
1985,35111146,2705,162300.0
1986,35113917,2771,166260.0
1987,35116669,2752,165120.0
1988,35119383,2714,162840.0
1989,35122129,2746,164760.0
1990,35124857,2728,163680.0
1991,35127582,2725,163500.0
1992,35130389,2807,168420.0
1994,35133164,2775,83250.0
1995,35135939,2775,166500.0
1996,35138725,2786,167160.0
1997,35141446,2721,163260.0
1998,35144193,2747,164820.0
1999,35146913,2720,163200.0
2000,35149669,2756,165360.0
2001,35152404,2735,164100.0
2002,35155222,2818,169080.0
2003,35157987,2765,165900.0
2004,35160730,2743,164580.0
2006,35163511,2781,83430.0
2007,35166228,2717,163020.0
2008,35168895,2667,160020.0
2009,35171626,2731,163860.0
2010,35174384,2758,165480.0
2011,35177076,2692,161520.0
2012,35179784,2708,162480.0
2013,35182543,2759,165540.0
2014,35185257,2714,162840.0
2015,35188009,2752,165120.0
2017,35190696,2687,80610.0
2018,35193395,2699,161940.0
2019,35196085,2690,161400.0
2020,35198737,2652,159120.0
2021,35201430,2693,161580.0
2022,35204123,2693,161580.0
2023,35206852,2729,163740.0
2024,35209581,2729,163740.0
2025,35212262,2681,160860.0
2026,35214981,2719,163140.0
2027,35217682,2701,162060.0
2029,35220371,2689,80670.0
2030,35223035,2664,159840.0
2031,35225694,2659,159540.0
2032,35228363,2669,160140.0
2033,35230934,2571,154260.0
2034,35233574,2640,158400.0
2035,35236223,2649,158940.0
2036,35238871,2648,158880.0
2037,35241451,2580,154800.0
2038,35244109,2658,159480.0
2040,35246802,2693,80790.0
2041,35249394,2592,155520.0
2042,35252006,2612,156720.0
2043,35254672,2666,159960.0
2044,35257295,2623,157380.0
2045,35259856,2561,153660.0
2046,35262483,2627,157620.0
2047,35265105,2622,157320.0
2048,35267796,2691,161460.0
2049,35270479,2683,160980.0
2051,35273011,2532,75960.0
2052,35275598,2587,155220.0
2053,35278159,2561,153660.0
2054,35280813,2654,159240.0
2055,35283495,2682,160920.0
2056,35286235,2740,164400.0
2057,35288897,2662,159720.0
2058,35291616,2719,163140.0
2059,35294335,2719,163140.0
2060,35297018,2683,160980.0
2061,35299681,2663,159780.0
2063,35302269,2588,77640.0
2064,35304834,2565,153900.0
2065,35307460,2626,157560.0
2066,35310000,2540,152400.0
2067,35312637,2637,158220.0
2068,35315333,2696,161760.0
2069,35317991,2658,159480.0
2070,35320714,2723,163380.0
2072,35323447,2733,81990.0
2073,35326239,2792,167520.0
2074,35329077,2838,170280.0
2075,35331889,2812,168720.0
2076,35334688,2799,167940.0
2077,35337428,2740,164400.0
2078,35340208,2780,166800.0
2080,35342981,2773,83190.0
2081,35345482,2501,150060.0
2082,35348119,2637,158220.0
2083,35350723,2604,156240.0
2084,35353447,2724,163440.0
2085,35356086,2639,158340.0
2086,35358811,2725,163500.0
2088,35361435,2624,78720.0
2089,35364087,2652,159120.0
2090,35366761,2674,160440.0
2091,35369412,2651,159060.0
2092,35372102,2690,161400.0
2093,35374783,2681,160860.0
2094,35377528,2745,164700.0
2096,35380233,2705,81150.0
2097,35382810,2577,154620.0
2098,35385473,2663,159780.0
2099,35388090,2617,157020.0
2100,35390843,2753,165180.0
2101,35393731,2888,173280.0
2102,35396616,2885,173100.0
2104,35399547,2931,87930.0
2105,35402582,3035,182100.0
2106,35405517,2935,176100.0
2107,35408431,2914,174840.0
2108,35411386,2955,177300.0
2109,35414458,3072,184320.0
2110,35417399,2941,176460.0
2111,35420461,3062,183720.0
2113,35423531,3070,92100.0
2114,35426518,2987,179220.0
2115,35429573,3055,183300.0
2116,35432576,3003,180180.0
2117,35435652,3076,184560.0
2118,35438599,2947,176820.0
2119,35441619,3020,181200.0
2121,35444621,3002,90060.0
2122,35447633,3012,180720.0
2123,35450625,2992,179520.0
2124,35453683,3058,183480.0
2125,35456730,3047,182820.0
2126,35459783,3053,183180.0
2127,35462790,3007,180420.0
2129,35465735,2945,88350.0
2130,35468688,2953,177180.0
2131,35471687,2999,179940.0
2132,35474714,3027,181620.0
2133,35477718,3004,180240.0
2134,35480708,2990,179400.0
2135,35483729,3021,181260.0
2136,35486720,2991,179460.0
2138,35489733,3013,90390.0
2139,35492776,3043,182580.0
2140,35495808,3032,181920.0
2141,35498789,2981,178860.0
2142,35501819,3030,181800.0
2143,35504811,2992,179520.0
2144,35507861,3050,183000.0
2146,35510821,2960,88800.0
2147,35513746,2925,175500.0
2148,35516758,3012,180720.0
2149,35519796,3038,182280.0
2150,35522777,2981,178860.0
2151,35525768,2991,179460.0
2152,35528837,3069,184140.0
2153,35531769,2932,175920.0
2155,35534807,3038,91140.0
2156,35537792,2985,179100.0
2157,35540728,2936,176160.0
2158,35543773,3045,182700.0
2159,35546712,2939,176340.0
2160,35549693,2981,178860.0
2161,35552615,2922,175320.0
2163,35555676,3061,91830.0
2164,35558621,2945,176700.0
2165,35561574,2953,177180.0
2166,35564632,3058,183480.0
2167,35567480,2848,170880.0
2168,35570134,2654,159240.0
2169,35572720,2586,155160.0
2171,35575501,2781,83430.0
2172,35578100,2599,155940.0
2173,35580656,2556,153360.0
2174,35583256,2600,156000.0
2175,35585966,2710,162600.0
2176,35588644,2678,160680.0
2178,35591441,2797,83910.0
2179,35594245,2804,168240.0
2180,35596910,2665,159900.0
2181,35599685,2775,166500.0
2182,35602362,2677,160620.0
2183,35604923,2561,153660.0
2184,35607515,2592,155520.0
2186,35610110,2595,77850.0
2187,35612701,2591,155460.0
2188,35615273,2572,154320.0
2189,35617843,2570,154200.0
2190,35620449,2606,156360.0
2191,35623105,2656,159360.0
2192,35625754,2649,158940.0
2194,35628376,2622,78660.0
2195,35631158,2782,166920.0
2196,35633922,2764,165840.0
2197,35636657,2735,164100.0
2198,35639454,2797,167820.0
2199,35642207,2753,165180.0
2200,35644982,2775,166500.0
2202,35647719,2737,82110.0
2203,35650511,2792,167520.0
2204,35653285,2774,166440.0
2205,35656056,2771,166260.0
2206,35658855,2799,167940.0
2207,35661604,2749,164940.0
2208,35664387,2783,166980.0
2209,35667141,2754,165240.0
2211,35669915,2774,83220.0
2212,35672647,2732,163920.0
2213,35675425,2778,166680.0
2214,35678310,2885,173100.0
2215,35681173,2863,171780.0
2216,35683986,2813,168780.0
2217,35686882,2896,173760.0
2219,35689693,2811,84330.0
2220,35692572,2879,172740.0
2221,35695440,2868,172080.0
2222,35698314,2874,172440.0
2223,35701243,2929,175740.0
2224,35704099,2856,171360.0
2225,35706986,2887,173220.0
2226,35709890,2904,174240.0
2228,35712833,2943,88290.0
2229,35715724,2891,173460.0
2230,35718645,2921,175260.0
2231,35721480,2835,170100.0
2232,35724390,2910,174600.0
2233,35727320,2930,175800.0
2234,35730272,2952,177120.0
2235,35733170,2898,173880.0
2237,35736044,2874,86220.0
2238,35738965,2921,175260.0
2239,35741840,2875,172500.0
2240,35744791,2951,177060.0
2241,35747687,2896,173760.0
2242,35750597,2910,174600.0
2243,35753494,2897,173820.0
2245,35756489,2995,89850.0
2246,35759471,2982,178920.0
2247,35762418,2947,176820.0
2248,35765415,2997,179820.0
2249,35768407,2992,179520.0
2250,35771453,3046,182760.0
2251,35774415,2962,177720.0
2252,35777418,3003,180180.0
2254,35780393,2975,89250.0
2255,35783436,3043,182580.0
2256,35786429,2993,179580.0
2257,35789415,2986,179160.0
2258,35792407,2992,179520.0
2259,35795408,3001,180060.0
2260,35798393,2985,179100.0
2261,35801376,2983,178980.0
2263,35804371,2995,89850.0
2264,35807429,3058,183480.0
2265,35810402,2973,178380.0
2266,35813357,2955,177300.0
2267,35816249,2892,173520.0
2268,35819186,2937,176220.0
2269,35822140,2954,177240.0
2270,35825080,2940,176400.0
2272,35827994,2914,87420.0
2273,35830904,2910,174600.0
2274,35833805,2901,174060.0
2275,35836757,2952,177120.0
2276,35839683,2926,175560.0
2277,35842611,2928,175680.0
2278,35845559,2948,176880.0
2280,35848520,2961,88830.0
2281,35851499,2979,178740.0
2282,35854473,2974,178440.0
2283,35857441,2968,178080.0
2284,35860350,2909,174540.0
2285,35863283,2933,175980.0
2286,35866239,2956,177360.0
2287,35869175,2936,176160.0
2289,35872157,2982,89460.0
2290,35875159,3002,180120.0
2291,35878131,2972,178320.0
2292,35881144,3013,180780.0
2293,35884093,2949,176940.0
2294,35887075,2982,178920.0
2295,35890022,2947,176820.0
2297,35893030,3008,90240.0
2298,35896015,2985,179100.0
2299,35899007,2992,179520.0
2300,35901904,2897,173820.0
2301,35904679,2775,166500.0
2302,35907574,2895,173700.0
2303,35910443,2869,172140.0
2304,35913437,2994,179640.0
2306,35916339,2902,87060.0
2307,35919328,2989,179340.0
2308,35922263,2935,176100.0
2309,35925228,2965,177900.0
2310,35928106,2878,172680.0
2311,35931001,2895,173700.0
2312,35933926,2925,175500.0
2313,35936860,2934,176040.0
2315,35939776,2916,87480.0
2316,35942679,2903,174180.0
2317,35945674,2995,179700.0
2318,35948606,2932,175920.0
2319,35951449,2843,170580.0
2320,35954406,2957,177420.0
2321,35957306,2900,174000.0
2322,35960141,2835,170100.0
2324,35963032,2891,86730.0
2325,35965993,2961,177660.0
2326,35968944,2951,177060.0
2327,35971828,2884,173040.0
2328,35974724,2896,173760.0
2329,35977605,2881,172860.0
2330,35980517,2912,174720.0
2331,35983423,2906,174360.0
2333,35986323,2900,87000.0
2334,35989179,2856,171360.0
2335,35992004,2825,169500.0
2336,35994894,2890,173400.0
2337,35997762,2868,172080.0
2338,36000621,2859,171540.0
2339,36003474,2853,171180.0
2340,36006290,2816,168960.0
2342,36009125,2835,85050.0
2343,36012022,2897,173820.0
2344,36014882,2860,171600.0
2345,36017740,2858,171480.0
2346,36020617,2877,172620.0
2347,36023472,2855,171300.0
2348,36026281,2809,168540.0
2349,36029197,2916,174960.0
2351,36032050,2853,85590.0
2352,36034890,2840,170400.0
2353,36037736,2846,170760.0
2354,36040575,2839,170340.0
2355,36043417,2842,170520.0
2356,36046266,2849,170940.0
2357,36049077,2811,168660.0
2358,36051943,2866,171960.0
2360,36054819,2876,86280.0
2361,36057734,2915,174900.0
2362,36060584,2850,171000.0
2363,36063436,2852,171120.0
2364,36066276,2840,170400.0
2365,36069075,2799,167940.0
2366,36071973,2898,173880.0
2367,36074786,2813,168780.0
2369,36077674,2888,86640.0
2370,36080539,2865,171900.0
2371,36083420,2881,172860.0
2372,36086295,2875,172500.0
2373,36089130,2835,170100.0
2374,36091974,2844,170640.0
2375,36094760,2786,167160.0
2377,36097584,2824,84720.0
2378,36100358,2774,166440.0
2379,36103138,2780,166800.0
2380,36105922,2784,167040.0
2381,36108760,2838,170280.0
2382,36111510,2750,165000.0
2383,36114260,2750,165000.0
2384,36117098,2838,170280.0
2386,36119829,2731,81930.0
2387,36122580,2751,165060.0
2388,36125161,2581,154860.0
2389,36127809,2648,158880.0
2390,36130589,2780,166800.0
2391,36132983,2394,143640.0
2392,36135526,2543,152580.0
2394,36138138,2612,78360.0
2395,36140757,2619,157140.0
2396,36143312,2555,153300.0
2397,36145930,2618,157080.0
2398,36148565,2635,158100.0
2399,36151189,2624,157440.0
2401,36153875,2686,80580.0
2402,36156528,2653,159180.0
2403,36159268,2740,164400.0
2404,36161740,2472,148320.0
2405,36164385,2645,158700.0
2406,36167012,2627,157620.0
2408,36169747,2735,82050.0
2409,36172401,2654,159240.0
2410,36175037,2636,158160.0
2411,36177770,2733,163980.0
2412,36180546,2776,166560.0
2413,36183254,2708,162480.0
2415,36186121,2867,86010.0
2416,36188791,2670,160200.0
2417,36191388,2597,155820.0
2418,36193991,2603,156180.0
2419,36196701,2710,162600.0
2420,36199542,2841,170460.0
2421,36202356,2814,168840.0
2423,36205231,2875,86250.0
2424,36208129,2898,173880.0
2425,36210821,2692,161520.0
2426,36213461,2640,158400.0
2427,36216275,2814,168840.0
2428,36219155,2880,172800.0
2430,36221941,2786,83580.0
2431,36224903,2962,177720.0
2432,36227876,2973,178380.0
2433,36230741,2865,171900.0
2434,36233670,2929,175740.0
2435,36236676,3006,180360.0
2437,36239778,3102,93060.0
2438,36242816,3038,182280.0
2439,36245897,3081,184860.0
2440,36248946,3049,182940.0
2441,36252060,3114,186840.0
2442,36255098,3038,182280.0
2444,36258106,3008,90240.0
2445,36261264,3158,189480.0
2446,36264241,2977,178620.0
2447,36267312,3071,184260.0
2448,36270383,3071,184260.0
2449,36273467,3084,185040.0
2451,36276541,3074,92220.0
2452,36279560,3019,181140.0
2453,36282658,3098,185880.0
2454,36285704,3046,182760.0
2455,36288783,3079,184740.0
2456,36291943,3160,189600.0
2458,36294950,3007,90210.0
2459,36298059,3109,186540.0
2460,36301132,3073,184380.0
2461,36304257,3125,187500.0
2462,36307259,3002,180120.0
2463,36310240,2981,178860.0
2465,36313314,3074,92220.0
2466,36316434,3120,187200.0
2467,36319494,3060,183600.0
2468,36322453,2959,177540.0
2469,36325550,3097,185820.0
2470,36328591,3041,182460.0
2472,36331620,3029,90870.0
2473,36334690,3070,184200.0
2474,36337637,2947,176820.0
2475,36340729,3092,185520.0
2476,36343719,2990,179400.0
2477,36346716,2997,179820.0
2479,36349697,2981,89430.0
2480,36352637,2940,176400.0
2481,36355674,3037,182220.0
2482,36358615,2941,176460.0
2483,36361624,3009,180540.0
2484,36364554,2930,175800.0
2486,36367482,2928,87840.0
2487,36370421,2939,176340.0
2488,36373518,3097,185820.0
2489,36376494,2976,178560.0
2490,36379473,2979,178740.0
2491,36382468,2995,179700.0
2493,36385504,3036,91080.0
2494,36388406,2902,174120.0
2495,36391454,3048,182880.0
2496,36394400,2946,176760.0
2497,36397314,2914,174840.0
2498,36400330,3016,180960.0
2500,36403261,2931,87930.0
2501,36406159,2898,173880.0
2502,36409051,2892,173520.0
2503,36412056,3005,180300.0
2504,36415036,2980,178800.0
2505,36417940,2904,174240.0
2507,36420966,3026,90780.0
2508,36423892,2926,175560.0
2509,36426843,2951,177060.0
2510,36429815,2972,178320.0
2511,36432729,2914,174840.0
2512,36435666,2937,176220.0
2513,36438523,2857,171420.0
2515,36441511,2988,89640.0
2516,36444408,2897,173820.0
2517,36447286,2878,172680.0
2518,36450177,2891,173460.0
2519,36453040,2863,171780.0
2520,36455940,2900,174000.0
2522,36458854,2914,87420.0
2523,36461840,2986,179160.0
2524,36464711,2871,172260.0
2525,36467614,2903,174180.0
2526,36470603,2989,179340.0
2527,36473522,2919,175140.0
2529,36476393,2871,86130.0
2530,36479283,2890,173400.0
2531,36482137,2854,171240.0
2532,36485052,2915,174900.0
2533,36488013,2961,177660.0
2534,36490874,2861,171660.0
2536,36493798,2924,87720.0
2537,36496641,2843,170580.0
2538,36499580,2939,176340.0
2539,36502448,2868,172080.0
2540,36505309,2861,171660.0
2541,36508138,2829,169740.0
2543,36511089,2951,88530.0
2544,36513994,2905,174300.0
2545,36516865,2871,172260.0
2546,36519754,2889,173340.0
2547,36522609,2855,171300.0
2548,36525561,2952,177120.0
2550,36528445,2884,86520.0
2551,36531333,2888,173280.0
2552,36534228,2895,173700.0
2553,36537152,2924,175440.0
2554,36540030,2878,172680.0
2555,36542861,2831,169860.0
2557,36545805,2944,88320.0
2558,36548726,2921,175260.0
2559,36551531,2805,168300.0
2560,36554412,2881,172860.0
2561,36557168,2756,165360.0
2562,36559983,2815,168900.0
2564,36562834,2851,85530.0
2565,36565677,2843,170580.0
2566,36568570,2893,173580.0
2567,36571491,2921,175260.0
2568,36574396,2905,174300.0
2569,36577195,2799,167940.0
2571,36579995,2800,84000.0
2572,36582811,2816,168960.0
2573,36585637,2826,169560.0
2574,36588497,2860,171600.0
2575,36591378,2881,172860.0
2576,36594204,2826,169560.0
2578,36596983,2779,83370.0
2579,36599724,2741,164460.0
2580,36602463,2739,164340.0
2581,36605331,2868,172080.0
2582,36608173,2842,170520.0
2583,36610947,2774,166440.0
2585,36613648,2701,81030.0
2586,36616458,2810,168600.0
2587,36619173,2715,162900.0
2588,36621962,2789,167340.0
2589,36624819,2857,171420.0
2590,36627559,2740,164400.0
2592,36630361,2802,84060.0
2593,36633150,2789,167340.0
2594,36635983,2833,169980.0
2595,36638753,2770,166200.0
2596,36641531,2778,166680.0
2597,36644345,2814,168840.0
2599,36647204,2859,85770.0
2600,36649963,2759,165540.0
2601,36652770,2807,168420.0
2602,36655526,2756,165360.0
2603,36658246,2720,163200.0
2604,36661033,2787,167220.0
2605,36663801,2768,166080.0
2607,36666525,2724,81720.0
2608,36669343,2818,169080.0
2609,36672155,2812,168720.0
2610,36675000,2845,170700.0
2611,36677786,2786,167160.0
2613,36680561,2775,83250.0
2614,36683315,2754,165240.0
2615,36686091,2776,166560.0
2616,36688827,2736,164160.0
2617,36691441,2614,156840.0
2618,36694198,2757,165420.0
2620,36696943,2745,82350.0
2621,36699741,2798,167880.0
2622,36702454,2713,162780.0
2623,36705176,2722,163320.0
2624,36707926,2750,165000.0
2625,36710637,2711,162660.0
2627,36713243,2606,78180.0
2628,36715916,2673,160380.0
2629,36718609,2693,161580.0
2630,36721312,2703,162180.0
2631,36724020,2708,162480.0
2632,36726393,2373,142380.0
2633,36728790,2397,143820.0
2634,36731327,2537,152220.0
2636,36733810,2483,74490.0
2637,36736291,2481,148860.0
2638,36738759,2468,148080.0
2639,36741175,2416,144960.0
2640,36743620,2445,146700.0
2641,36746105,2485,149100.0
2642,36748566,2461,147660.0
2643,36750935,2369,142140.0
2644,36753241,2306,138360.0
2645,36755524,2283,136980.0
2646,36757861,2337,140220.0
2647,36760295,2434,146040.0
2648,36762840,2545,152700.0
2650,36765363,2523,75690.0
2651,36767912,2549,152940.0
2652,36770399,2487,149220.0
2653,36772964,2565,153900.0
2654,36775499,2535,152100.0
2655,36778022,2523,151380.0
2656,36780544,2522,151320.0
2657,36783078,2534,152040.0
2658,36785488,2410,144600.0
2659,36787982,2494,149640.0
2661,36790497,2515,75450.0
2662,36793032,2535,152100.0
2663,36795567,2535,152100.0
2664,36798059,2492,149520.0
2665,36800528,2469,148140.0
2666,36803063,2535,152100.0
2667,36805580,2517,151020.0
2668,36808040,2460,147600.0
2669,36810343,2303,138180.0
2670,36812613,2270,136200.0
2672,36814905,2292,68760.0
2673,36817190,2285,137100.0
2674,36819626,2436,146160.0
2675,36822050,2424,145440.0
2676,36824473,2423,145380.0
2677,36826905,2432,145920.0
2678,36829465,2560,153600.0
2679,36831872,2407,144420.0
2680,36834412,2540,152400.0
2681,36836898,2486,149160.0
2683,36839362,2464,73920.0
2684,36841801,2439,146340.0
2685,36844349,2548,152880.0
2686,36846911,2562,153720.0
2687,36849463,2552,153120.0
2688,36851976,2513,150780.0
2689,36854487,2511,150660.0
2690,36857023,2536,152160.0
2691,36859493,2470,148200.0
2692,36862007,2514,150840.0
2694,36864526,2519,75570.0
2695,36866999,2473,148380.0
2696,36869583,2584,155040.0
2697,36872131,2548,152880.0
2698,36874677,2546,152760.0
2699,36877193,2516,150960.0
2700,36879793,2600,156000.0
2701,36882344,2551,153060.0
2702,36884954,2610,156600.0
2704,36887503,2549,76470.0
2705,36890040,2537,152220.0
2706,36892618,2578,154680.0
2707,36895171,2553,153180.0
2708,36897751,2580,154800.0
2709,36900279,2528,151680.0
2710,36902821,2542,152520.0
2711,36905451,2630,157800.0
2712,36907992,2541,152460.0
2713,36910517,2525,151500.0
2715,36913045,2528,75840.0
2716,36915627,2582,154920.0
2717,36918189,2562,153720.0
2718,36920839,2650,159000.0
2719,36923500,2661,159660.0
2720,36926189,2689,161340.0
2721,36928853,2664,159840.0
2722,36931516,2663,159780.0
2723,36934161,2645,158700.0
2725,36936854,2693,80790.0
2726,36939511,2657,159420.0
2727,36942207,2696,161760.0
2728,36944800,2593,155580.0
2729,36947484,2684,161040.0
2730,36950222,2738,164280.0
2731,36952913,2691,161460.0
2732,36955619,2706,162360.0
2733,36958391,2772,166320.0
2734,36961119,2728,163680.0
2736,36963752,2633,78990.0
2737,36966471,2719,163140.0
2738,36969241,2770,166200.0
2739,36972016,2775,166500.0
2740,36974772,2756,165360.0
2741,36977543,2771,166260.0
2742,36980235,2692,161520.0
2743,36982997,2762,165720.0
2744,36985716,2719,163140.0
2745,36988468,2752,165120.0
2747,36991199,2731,81930.0
2748,36994014,2815,168900.0
2749,36996708,2694,161640.0
2750,36999453,2745,164700.0
2751,37002151,2698,161880.0
2752,37004702,2551,153060.0
2753,37007178,2476,148560.0
2754,37009688,2510,150600.0
2755,37012290,2602,156120.0
2757,37014992,2702,81060.0
2758,37017653,2661,159660.0
2759,37020303,2650,159000.0
2760,37022963,2660,159600.0
2761,37025681,2718,163080.0
2762,37028326,2645,158700.0
2763,37031130,2804,168240.0
2764,37033881,2751,165060.0
2766,37036711,2830,84900.0
2767,37039290,2579,154740.0
2768,37041943,2653,159180.0
2769,37044700,2757,165420.0
2770,37047452,2752,165120.0
2771,37050223,2771,166260.0
2772,37053026,2803,168180.0
2773,37055860,2834,170040.0
2774,37058687,2827,169620.0
2776,37061473,2786,83580.0
2777,37064252,2779,166740.0
2778,37066989,2737,164220.0
2779,37069829,2840,170400.0
2780,37072625,2796,167760.0
2781,37075388,2763,165780.0
2782,37078134,2746,164760.0
2783,37080975,2841,170460.0
2785,37083637,2662,79860.0
2786,37086397,2760,165600.0
2787,37089153,2756,165360.0
2788,37091947,2794,167640.0
2789,37094687,2740,164400.0
2790,37097510,2823,169380.0
2791,37100308,2798,167880.0
2792,37103144,2836,170160.0
2794,37105918,2774,83220.0
2795,37108724,2806,168360.0
2796,37111501,2777,166620.0
2797,37114346,2845,170700.0
2798,37117115,2769,166140.0
2799,37119875,2760,165600.0
2800,37122733,2858,171480.0
2801,37125566,2833,169980.0
2803,37128333,2767,83010.0
2804,37131057,2724,163440.0
2805,37133868,2811,168660.0
2806,37136680,2812,168720.0
2807,37139460,2780,166800.0
2808,37142215,2755,165300.0
2809,37145017,2802,168120.0
2810,37147807,2790,167400.0
2811,37150548,2741,164460.0
2813,37153279,2731,81930.0
2814,37156031,2752,165120.0
2815,37158852,2821,169260.0
2816,37161718,2866,171960.0
2817,37164490,2772,166320.0
2818,37167207,2717,163020.0
2819,37169967,2760,165600.0
2820,37172737,2770,166200.0
2822,37175396,2659,79770.0
2823,37178076,2680,160800.0
2824,37180840,2764,165840.0
2825,37183558,2718,163080.0
2826,37186290,2732,163920.0
2827,37188961,2671,160260.0
2828,37191665,2704,162240.0
2829,37194400,2735,164100.0
2830,37197131,2731,163860.0
2832,37199730,2599,77970.0
2833,37202503,2773,166380.0
2834,37205202,2699,161940.0
2835,37207932,2730,163800.0
2836,37210634,2702,162120.0
2837,37213366,2732,163920.0
2838,37216011,2645,158700.0
2839,37218750,2739,164340.0
2841,37221463,2713,81390.0
2842,37224125,2662,159720.0
2843,37226832,2707,162420.0
2844,37229635,2803,168180.0
2845,37232347,2712,162720.0
2846,37235109,2762,165720.0
2847,37237801,2692,161520.0
2848,37240584,2783,166980.0
2849,37243287,2703,162180.0
2851,37245998,2711,81330.0
2852,37248741,2743,164580.0
2853,37251414,2673,160380.0
2854,37254099,2685,161100.0
2855,37256843,2744,164640.0
2856,37259545,2702,162120.0
2857,37262262,2717,163020.0
2858,37264992,2730,163800.0
2860,37267651,2659,79770.0
2861,37270376,2725,163500.0
2862,37273047,2671,160260.0
2863,37275718,2671,160260.0
2864,37278420,2702,162120.0
2865,37281126,2706,162360.0
2866,37283784,2658,159480.0
2867,37286437,2653,159180.0
2869,37289093,2656,79680.0
2870,37291710,2617,157020.0
2871,37294249,2539,152340.0
2872,37296755,2506,150360.0
2873,37299244,2489,149340.0
2874,37301901,2657,159420.0
2875,37304394,2493,149580.0
2876,37306911,2517,151020.0
2878,37309383,2472,74160.0
2879,37311819,2436,146160.0
2880,37314348,2529,151740.0
2881,37316874,2526,151560.0
2882,37319361,2487,149220.0
2883,37321786,2425,145500.0
2884,37324236,2450,147000.0
2885,37326708,2472,148320.0
2886,37329210,2502,150120.0
2888,37331736,2526,75780.0
2889,37334205,2469,148140.0
2890,37336686,2481,148860.0
2891,37339195,2509,150540.0
2892,37341710,2515,150900.0
2893,37344139,2429,145740.0
2894,37346663,2524,151440.0
2895,37349170,2507,150420.0
2896,37351546,2376,142560.0
2897,37353752,2206,132360.0
2898,37356023,2271,136260.0
2900,37358419,2396,71880.0
2901,37360837,2418,145080.0
2902,37363292,2455,147300.0
2903,37365799,2507,150420.0
2904,37368351,2552,153120.0
2905,37370975,2624,157440.0
2906,37373617,2642,158520.0
2907,37376187,2570,154200.0
2908,37378880,2693,161580.0
2909,37381503,2623,157380.0
2910,37384107,2604,156240.0
2912,37386801,2694,80820.0
2913,37389506,2705,162300.0
2914,37392174,2668,160080.0
2915,37394803,2629,157740.0
2916,37397491,2688,161280.0
2917,37400174,2683,160980.0
2918,37402768,2594,155640.0
2919,37405366,2598,155880.0
2920,37408022,2656,159360.0
2921,37410684,2662,159720.0
2922,37413336,2652,159120.0
2924,37416045,2709,81270.0
2925,37418638,2593,155580.0
2926,37421308,2670,160200.0
2927,37423952,2644,158640.0
2928,37426580,2628,157680.0
2929,37429188,2608,156480.0
2930,37431822,2634,158040.0
2931,37434437,2615,156900.0
2932,37437052,2615,156900.0
2933,37439625,2573,154380.0
2934,37442252,2627,157620.0
2936,37444826,2574,77220.0
2937,37447399,2573,154380.0
2938,37449996,2597,155820.0
2939,37452639,2643,158580.0
2940,37455266,2627,157620.0
2941,37457944,2678,160680.0
2942,37460550,2606,156360.0
2943,37463121,2571,154260.0
2944,37465711,2590,155400.0
2945,37468360,2649,158940.0
2946,37470958,2598,155880.0
2948,37473543,2585,77550.0
2949,37476155,2612,156720.0
2950,37478743,2588,155280.0
2951,37481332,2589,155340.0
2952,37483925,2593,155580.0
2953,37486407,2482,148920.0
2954,37489050,2643,158580.0
2955,37491603,2553,153180.0
2956,37494141,2538,152280.0
2957,37496719,2578,154680.0
2958,37499281,2562,153720.0
2960,37501808,2527,75810.0
2961,37504302,2494,149640.0
2962,37506889,2587,155220.0
2963,37509368,2479,148740.0
2964,37511957,2589,155340.0
2965,37514445,2488,149280.0
2966,37516922,2477,148620.0
2967,37519450,2528,151680.0
2968,37521941,2491,149460.0
2969,37524415,2474,148440.0
2970,37526946,2531,151860.0
2971,37529403,2457,147420.0
2973,37531948,2545,76350.0
2974,37534420,2472,148320.0
2975,37536930,2510,150600.0
2976,37539510,2580,154800.0
2977,37542007,2497,149820.0
2978,37544460,2453,147180.0
2979,37546978,2518,151080.0
2980,37549455,2477,148620.0
2981,37551946,2491,149460.0
2982,37554437,2491,149460.0
2983,37557010,2573,154380.0
2985,37559502,2492,74760.0
2986,37562003,2501,150060.0
2987,37564493,2490,149400.0
2988,37566842,2349,140940.0
2989,37569209,2367,142020.0
2990,37571494,2285,137100.0
2991,37573829,2335,140100.0
2992,37576301,2472,148320.0
2993,37578766,2465,147900.0
2995,37581223,2457,73710.0
2996,37583618,2395,143700.0
2997,37586121,2503,150180.0
2998,37588571,2450,147000.0
2999,37591023,2452,147120.0
3000,37593550,2527,151620.0
3001,37596126,2576,154560.0
3002,37598552,2426,145560.0
3004,37600942,2390,71700.0
3005,37603464,2522,151320.0
3006,37605891,2427,145620.0
3007,37608394,2503,150180.0
3008,37610907,2513,150780.0
3009,37613474,2567,154020.0
3010,37616021,2547,152820.0
3011,37618622,2601,156060.0
3013,37621255,2633,78990.0
3014,37623889,2634,158040.0
3015,37626463,2574,154440.0
3016,37628889,2426,145560.0
3017,37631405,2516,150960.0
3018,37633929,2524,151440.0
3019,37636523,2594,155640.0
3020,37639118,2595,155700.0
3022,37641721,2603,78090.0
3023,37644351,2630,157800.0
3024,37647000,2649,158940.0
3025,37649582,2582,154920.0
3026,37652183,2601,156060.0
3027,37654737,2554,153240.0
3028,37657386,2649,158940.0
3030,37660026,2640,79200.0
3031,37662647,2621,157260.0
3032,37665312,2665,159900.0
3033,37667893,2581,154860.0
3034,37670554,2661,159660.0
3035,37673171,2617,157020.0
3036,37675771,2600,156000.0
3037,37678444,2673,160380.0
3039,37681153,2709,81270.0
3040,37683806,2653,159180.0
3041,37686444,2638,158280.0
3042,37689137,2693,161580.0
3043,37691781,2644,158640.0
3044,37694378,2597,155820.0
3045,37697057,2679,160740.0
3047,37699736,2679,80370.0
3048,37702424,2688,161280.0
3049,37705059,2635,158100.0
3050,37707699,2640,158400.0
3051,37710299,2600,156000.0
3052,37713016,2717,163020.0
3053,37715655,2639,158340.0
3055,37718297,2642,79260.0
3056,37720909,2612,156720.0
3057,37723542,2633,157980.0
3058,37726157,2615,156900.0
3059,37728781,2624,157440.0
3060,37731354,2573,154380.0
3061,37733969,2615,156900.0
3062,37736626,2657,159420.0
3064,37739247,2621,78630.0
3065,37741987,2740,164400.0
3066,37744709,2722,163320.0
3067,37747468,2759,165540.0
3068,37750193,2725,163500.0
3069,37752984,2791,167460.0
3070,37755690,2706,162360.0
3071,37758449,2759,165540.0
3073,37761199,2750,82500.0
3074,37763938,2739,164340.0
3075,37766648,2710,162600.0
3076,37769458,2810,168600.0
3077,37772249,2791,167460.0
3078,37774875,2626,157560.0
3079,37777553,2678,160680.0
3080,37780246,2693,161580.0
3082,37782999,2753,82590.0
3083,37785671,2672,160320.0
3084,37788483,2812,168720.0
3085,37791275,2792,167520.0
3086,37794014,2739,164340.0
3087,37796839,2825,169500.0
3088,37799644,2805,168300.0
3089,37802418,2774,166440.0
3091,37805122,2704,81120.0
3092,37807946,2824,169440.0
3093,37810739,2793,167580.0
3094,37813637,2898,173880.0
3095,37816444,2807,168420.0
3096,37819267,2823,169380.0
3097,37822073,2806,168360.0
3099,37824916,2843,85290.0
3100,37827746,2830,169800.0
3101,37830523,2777,166620.0
3102,37833369,2846,170760.0
3103,37836287,2918,175080.0
3104,37839103,2816,168960.0
3105,37841929,2826,169560.0
3106,37844765,2836,170160.0
3108,37847590,2825,84750.0
3109,37850483,2893,173580.0
3110,37853265,2782,166920.0
3111,37856049,2784,167040.0
3112,37858833,2784,167040.0
3113,37861635,2802,168120.0
3114,37864477,2842,170520.0
3115,37867322,2845,170700.0
3117,37870156,2834,85020.0
3118,37872953,2797,167820.0
3119,37875776,2823,169380.0
3120,37878571,2795,167700.0
3121,37881456,2885,173100.0
3122,37884322,2866,171960.0
3123,37887132,2810,168600.0
3124,37889933,2801,168060.0
3126,37892665,2732,81960.0
3127,37895500,2835,170100.0
3128,37898283,2783,166980.0
3129,37901094,2811,168660.0
3130,37903821,2727,163620.0
3131,37906683,2862,171720.0
3132,37909391,2708,162480.0
3133,37912118,2727,163620.0
3135,37914924,2806,84180.0
3136,37917735,2811,168660.0
3137,37920471,2736,164160.0
3138,37923187,2716,162960.0
3139,37926010,2823,169380.0
3140,37928779,2769,166140.0
3141,37931548,2769,166140.0
3142,37934362,2814,168840.0
3144,37937146,2784,83520.0
3145,37939903,2757,165420.0
3146,37942649,2746,164760.0
3147,37945428,2779,166740.0
3148,37948157,2729,163740.0
3149,37950960,2803,168180.0
3150,37953787,2827,169620.0
3151,37956512,2725,163500.0
3153,37959269,2757,82710.0
3154,37961990,2721,163260.0
3155,37964823,2833,169980.0
3156,37967560,2737,164220.0
3157,37970332,2772,166320.0
3158,37973082,2750,165000.0
3159,37975786,2704,162240.0
3160,37978495,2709,162540.0
3162,37981229,2734,82020.0
3163,37983956,2727,163620.0
3164,37986659,2703,162180.0
3165,37989423,2764,165840.0
3166,37992136,2713,162780.0
3167,37994850,2714,162840.0
3168,37997607,2757,165420.0
3170,38000296,2689,80670.0
3171,38003014,2718,163080.0
3172,38005692,2678,160680.0
3173,38008338,2646,158760.0
3174,38011066,2728,163680.0
3175,38013757,2691,161460.0
3176,38016492,2735,164100.0
3177,38019154,2662,159720.0
3179,38021801,2647,79410.0
3180,38024471,2670,160200.0
3181,38027138,2667,160020.0
3182,38029864,2726,163560.0
3183,38032484,2620,157200.0
3184,38035251,2767,166020.0
3185,38037941,2690,161400.0
3186,38040654,2713,162780.0
3188,38043348,2694,80820.0
3189,38046016,2668,160080.0
3190,38048678,2662,159720.0
3191,38051317,2639,158340.0
3192,38053994,2677,160620.0
3193,38056656,2662,159720.0
3194,38059210,2554,153240.0
3195,38061936,2726,163560.0
3197,38064586,2650,79500.0
3198,38067302,2716,162960.0
3199,38069945,2643,158580.0
3200,38072631,2686,161160.0
3201,38075309,2678,160680.0
3202,38078017,2708,162480.0
3203,38080622,2605,156300.0
3204,38083318,2696,161760.0
3206,38085960,2642,79260.0
3207,38088611,2651,159060.0
3208,38091220,2609,156540.0
3209,38093810,2590,155400.0
3210,38096475,2665,159900.0
3211,38099134,2659,159540.0
3212,38101775,2641,158460.0
3213,38104426,2651,159060.0
3215,38107034,2608,78240.0
3216,38109634,2600,156000.0
3217,38112227,2593,155580.0
3218,38114876,2649,158940.0
3219,38117459,2583,154980.0
3220,38120115,2656,159360.0
3221,38122735,2620,157200.0
3222,38125239,2504,150240.0
3224,38127570,2331,69930.0
3225,38130216,2646,158760.0
3226,38132694,2478,148680.0
3227,38135326,2632,157920.0
3228,38137939,2613,156780.0
3229,38140521,2582,154920.0
3230,38143131,2610,156600.0
3231,38145685,2554,153240.0
3233,38148157,2472,74160.0
3234,38150480,2323,139380.0
3235,38152872,2392,143520.0
3236,38155272,2400,144000.0
3237,38157640,2368,142080.0
3238,38159985,2345,140700.0
3239,38162437,2452,147120.0
3240,38164809,2372,142320.0
3242,38167077,2268,68040.0
3243,38169397,2320,139200.0
3244,38171764,2367,142020.0
3245,38174198,2434,146040.0
3246,38176575,2377,142620.0
3247,38178907,2332,139920.0
3248,38181261,2354,141240.0
3249,38183591,2330,139800.0
3251,38185913,2322,69660.0
3252,38188196,2283,136980.0
3253,38190448,2252,135120.0
3254,38192647,2199,131940.0
3255,38194963,2316,138960.0
3256,38197333,2370,142200.0
3258,38199668,2335,70050.0
3259,38201947,2279,136740.0
3260,38204320,2373,142380.0
3261,38206724,2404,144240.0
3262,38209166,2442,146520.0
3263,38211558,2392,143520.0
3265,38213992,2434,73020.0
3266,38216459,2467,148020.0
3267,38218866,2407,144420.0
3268,38221248,2382,142920.0
3269,38223627,2379,142740.0
3270,38225999,2372,142320.0
3272,38228119,2120,63600.0
3273,38230464,2345,140700.0
3274,38232799,2335,140100.0
3275,38235062,2263,135780.0
3276,38237328,2266,135960.0
3278,38239650,2322,69660.0
3279,38241921,2271,136260.0
3280,38244199,2278,136680.0
3281,38246526,2327,139620.0
3282,38248881,2355,141300.0
3283,38251181,2300,138000.0
3285,38253555,2374,71220.0
3286,38255869,2314,138840.0
3287,38258214,2345,140700.0
3288,38260464,2250,135000.0
3289,38262742,2278,136680.0
3290,38265077,2335,140100.0
3292,38267508,2431,72930.0
3293,38269995,2487,149220.0
3294,38272462,2467,148020.0
3295,38274908,2446,146760.0
3296,38277310,2402,144120.0
3298,38279699,2389,71670.0
3299,38282234,2535,152100.0
3300,38284702,2468,148080.0
3301,38286875,2173,130380.0
3302,38289015,2140,128400.0
3303,38291300,2285,137100.0
3305,38293672,2372,71160.0
3306,38295991,2319,139140.0
3307,38298472,2481,148860.0
3308,38300942,2470,148200.0
3309,38303427,2485,149100.0
3310,38305839,2412,144720.0
3312,38308340,2501,75030.0
3313,38310816,2476,148560.0
3314,38313367,2551,153060.0
3315,38315906,2539,152340.0
3316,38318411,2505,150300.0
3317,38320968,2557,153420.0
3319,38323511,2543,76290.0
3320,38326029,2518,151080.0
3321,38328575,2546,152760.0
3322,38331132,2557,153420.0
3323,38333685,2553,153180.0
3324,38336135,2450,147000.0
3326,38338687,2552,76560.0
3327,38341210,2523,151380.0
3328,38343749,2539,152340.0
3329,38346297,2548,152880.0
3330,38348812,2515,150900.0
3331,38351256,2444,146640.0
3333,38353779,2523,75690.0
3334,38356366,2587,155220.0
3335,38358920,2554,153240.0
3336,38361474,2554,153240.0
3337,38363986,2512,150720.0
3338,38366593,2607,156420.0
3340,38369164,2571,77130.0
3341,38371715,2551,153060.0
3342,38374282,2567,154020.0
3343,38376845,2563,153780.0
3344,38379436,2591,155460.0
3345,38381946,2510,150600.0
3347,38384582,2636,79080.0
3348,38387168,2586,155160.0
3349,38389813,2645,158700.0
3350,38392461,2648,158880.0
3351,38394793,2332,139920.0
3352,38397269,2476,148560.0
3354,38399694,2425,72750.0
3355,38402045,2351,141060.0
3356,38404406,2361,141660.0
3357,38406741,2335,140100.0
3358,38409131,2390,143400.0
3359,38411677,2546,152760.0
3361,38414141,2464,73920.0
3362,38416440,2299,137940.0
3363,38418696,2256,135360.0
3364,38421087,2391,143460.0
3365,38423442,2355,141300.0
3366,38425859,2417,145020.0
3367,38428279,2420,145200.0
3369,38430732,2453,73590.0
3370,38433242,2510,150600.0
3371,38435719,2477,148620.0
3372,38438277,2558,153480.0
3373,38440788,2511,150660.0
3374,38443261,2473,148380.0
3375,38445774,2513,150780.0
3376,38448356,2582,154920.0
3378,38450874,2518,75540.0
3379,38453414,2540,152400.0
3380,38455903,2489,149340.0
3381,38458495,2592,155520.0
3382,38460984,2489,149340.0
3383,38463583,2599,155940.0
3384,38466170,2587,155220.0
3386,38468697,2527,75810.0
3387,38471277,2580,154800.0
3388,38473750,2473,148380.0
3389,38476313,2563,153780.0
3390,38478879,2566,153960.0
3391,38481432,2553,153180.0
3392,38483963,2531,151860.0
3394,38486459,2496,74880.0
3395,38489026,2567,154020.0
3396,38491563,2537,152220.0
3397,38494126,2563,153780.0
3398,38496607,2481,148860.0
3399,38499147,2540,152400.0
3400,38501736,2589,155340.0
3401,38504324,2588,155280.0
3403,38506875,2551,76530.0
3404,38509469,2594,155640.0
3405,38511996,2527,151620.0
3406,38514546,2550,153000.0
3407,38517043,2497,149820.0
3408,38519628,2585,155100.0
3409,38522186,2558,153480.0
3411,38524727,2541,76230.0
3412,38527247,2520,151200.0
3413,38529792,2545,152700.0
3414,38532350,2558,153480.0
3415,38534909,2559,153540.0
3416,38537421,2512,150720.0
3417,38539938,2517,151020.0
3418,38542475,2537,152220.0
3420,38544995,2520,75600.0
3421,38547468,2473,148380.0
3422,38550018,2550,153000.0
3423,38552584,2566,153960.0
3424,38555138,2554,153240.0
3425,38557694,2556,153360.0
3426,38560207,2513,150780.0
3428,38562711,2504,75120.0
3429,38565306,2595,155700.0
3430,38567926,2620,157200.0
3431,38570493,2567,154020.0
3432,38573097,2604,156240.0
3433,38575671,2574,154440.0
3434,38578208,2537,152220.0
3435,38580833,2625,157500.0
3437,38583326,2493,74790.0
3438,38586004,2678,160680.0
3439,38588566,2562,153720.0
3440,38591093,2527,151620.0
3441,38593660,2567,154020.0
3442,38596199,2539,152340.0
3443,38598815,2616,156960.0
3445,38601356,2541,76230.0
3446,38603935,2579,154740.0
3447,38606499,2564,153840.0
3448,38608984,2485,149100.0
3449,38611551,2567,154020.0
3450,38614009,2458,147480.0
3451,38616583,2574,154440.0
3452,38619116,2533,151980.0
3454,38621708,2592,77760.0
3455,38624258,2550,153000.0
3456,38626853,2595,155700.0
3457,38629372,2519,151140.0
3458,38631896,2524,151440.0
3459,38634404,2508,150480.0
3460,38636875,2471,148260.0
3461,38639477,2602,156120.0
3463,38641988,2511,75330.0
3464,38644593,2605,156300.0
3465,38647125,2532,151920.0
3466,38649608,2483,148980.0
3467,38652150,2542,152520.0
3468,38654688,2538,152280.0
3469,38657246,2558,153480.0
3471,38659801,2555,76650.0
3472,38662333,2532,151920.0
3473,38664838,2505,150300.0
3474,38667367,2529,151740.0
3475,38669875,2508,150480.0
3476,38672383,2508,150480.0
3477,38674890,2507,150420.0
3479,38677437,2547,76410.0
3480,38679970,2533,151980.0
3481,38682515,2545,152700.0
3482,38685070,2555,153300.0
3483,38687497,2427,145620.0
3484,38690023,2526,151560.0
3485,38692498,2475,148500.0
3486,38695004,2506,150360.0
3488,38697465,2461,73830.0
3489,38700008,2543,152580.0
3490,38702555,2547,152820.0
3491,38705033,2478,148680.0
3492,38707562,2529,151740.0
3493,38709979,2417,145020.0
3494,38712478,2499,149940.0
3495,38715015,2537,152220.0
3497,38717422,2407,72210.0
3498,38719994,2572,154320.0
3499,38722477,2483,148980.0
3500,38724974,2497,149820.0
3501,38727461,2487,149220.0
3502,38729953,2492,149520.0
3503,38732397,2444,146640.0
3505,38734898,2501,75030.0
3506,38737304,2406,144360.0
3507,38739827,2523,151380.0
3508,38742284,2457,147420.0
3509,38744706,2422,145320.0
3510,38747155,2449,146940.0
3511,38749611,2456,147360.0
3512,38751991,2380,142800.0
3514,38754389,2398,71940.0
3515,38756885,2496,149760.0
3516,38759279,2394,143640.0
3517,38761719,2440,146400.0
3518,38764183,2464,147840.0
3519,38766671,2488,149280.0
3520,38769099,2428,145680.0
3521,38771550,2451,147060.0
3523,38774026,2476,74280.0
3524,38776446,2420,145200.0
3525,38778841,2395,143700.0
3526,38781299,2458,147480.0
3527,38783761,2462,147720.0
3528,38786199,2438,146280.0
3529,38788612,2413,144780.0
3531,38790953,2341,70230.0
3532,38793320,2367,142020.0
3533,38795703,2383,142980.0
3534,38798118,2415,144900.0
3535,38800545,2427,145620.0
3536,38802922,2377,142620.0
3537,38805344,2422,145320.0
3539,38807751,2407,72210.0
3540,38810095,2344,140640.0
3541,38812448,2353,141180.0
3542,38814753,2305,138300.0
3543,38817033,2280,136800.0
3544,38819404,2371,142260.0
3545,38821773,2369,142140.0
3546,38824115,2342,140520.0
3548,38826399,2284,68520.0
3549,38828703,2304,138240.0
3550,38830947,2244,134640.0
3551,38833294,2347,140820.0
3552,38835718,2424,145440.0
3554,38838193,2475,74250.0
3555,38840735,2542,152520.0
3556,38843383,2648,158880.0
3557,38845864,2481,148860.0
3558,38848543,2679,160740.0
3559,38851112,2569,154140.0
3561,38853700,2588,77640.0
3562,38856278,2578,154680.0
3563,38858886,2608,156480.0
3564,38861484,2598,155880.0
3565,38863989,2505,150300.0
3567,38866557,2568,77040.0
3568,38869048,2491,149460.0
3569,38871609,2561,153660.0
3570,38874150,2541,152460.0
3571,38876792,2642,158520.0
3572,38879391,2599,155940.0
3574,38882049,2658,79740.0
3575,38884622,2573,154380.0
3576,38887223,2601,156060.0
3577,38889894,2671,160260.0
3578,38892328,2434,146040.0
3580,38894858,2530,75900.0
3581,38897261,2403,144180.0
3582,38899699,2438,146280.0
3583,38902265,2566,153960.0
3584,38904813,2548,152880.0
3586,38907531,2718,81540.0
3587,38910082,2551,153060.0
3588,38912530,2448,146880.0
3589,38914975,2445,146700.0
3590,38917186,2211,132660.0
3592,38919506,2320,69600.0
3593,38921779,2273,136380.0
3594,38924040,2261,135660.0
3595,38926384,2344,140640.0
3596,38928629,2245,134700.0
3598,38930808,2179,65370.0
3599,38933061,2253,135180.0
3600,38935298,2237,134220.0
3601,38937522,2224,133440.0
3602,38939861,2339,140340.0
3604,38942235,2374,71220.0
3605,38944556,2321,139260.0
3606,38946861,2305,138300.0
3607,38949158,2297,137820.0
3609,38951451,2293,68790.0
3610,38953704,2253,135180.0
3611,38956016,2312,138720.0
3612,38958368,2352,141120.0
3613,38960620,2252,135120.0
3615,38962906,2286,68580.0
3616,38965324,2418,145080.0
3617,38967707,2383,142980.0
3618,38970148,2441,146460.0
3619,38972558,2410,144600.0
3621,38975035,2477,74310.0
3622,38977456,2421,145260.0
3623,38979798,2342,140520.0
3624,38982207,2409,144540.0
3626,38984588,2381,71430.0
3627,38987020,2432,145920.0
3628,38989441,2421,145260.0
3629,38991884,2443,146580.0
3630,38994357,2473,148380.0
3632,38996781,2424,72720.0
3633,38999297,2516,150960.0
3634,39001700,2403,144180.0
3635,39004136,2436,146160.0
3637,39006605,2469,74070.0
3638,39008993,2388,143280.0
3639,39011390,2397,143820.0
3640,39013765,2375,142500.0
3641,39016153,2388,143280.0
3643,39018604,2451,73530.0
3644,39021115,2511,150660.0
3645,39023500,2385,143100.0
3646,39025821,2321,139260.0
3647,39028164,2343,140580.0
3649,39030607,2443,73290.0
3650,39032992,2385,143100.0
3651,39035357,2365,141900.0
3652,39037722,2365,141900.0
3653,39040054,2332,139920.0
3655,39042381,2327,69810.0
3656,39044705,2324,139440.0
3657,39047037,2332,139920.0
3658,39049398,2361,141660.0
3660,39051688,2290,68700.0
3661,39054044,2356,141360.0
3662,39056442,2398,143880.0
3663,39058877,2435,146100.0
3664,39061263,2386,143160.0
3666,39063579,2316,69480.0
3667,39065946,2367,142020.0
3668,39068390,2444,146640.0
3669,39070641,2251,135060.0
3670,39072750,2109,126540.0
3672,39074888,2138,64140.0
3673,39077055,2167,130020.0
3674,39079340,2285,137100.0
3675,39081601,2261,135660.0
3676,39083998,2397,143820.0
3677,39086436,2438,146280.0
3679,39088962,2526,75780.0
3680,39091400,2438,146280.0
3681,39093876,2476,148560.0
3682,39096487,2611,156660.0
3683,39099034,2547,152820.0
3684,39101602,2568,154080.0
3686,39104162,2560,76800.0
3687,39106720,2558,153480.0
3688,39109244,2524,151440.0
3689,39111917,2673,160380.0
3690,39114490,2573,154380.0
3691,39117033,2543,152580.0
3693,39119733,2700,81000.0
3694,39122365,2632,157920.0
3695,39124959,2594,155640.0
3696,39127634,2675,160500.0
3697,39130238,2604,156240.0
3698,39132803,2565,153900.0
3700,39135400,2597,77910.0
3701,39138016,2616,156960.0
3702,39140591,2575,154500.0
3703,39143285,2694,161640.0
3704,39145870,2585,155100.0
3706,39148459,2589,77670.0
3707,39151018,2559,153540.0
3708,39153604,2586,155160.0
3709,39156161,2557,153420.0
3710,39158796,2635,158100.0
3711,39161406,2610,156600.0
3713,39164006,2600,78000.0
3714,39166589,2583,154980.0
3715,39169139,2550,153000.0
3716,39171799,2660,159600.0
3717,39174364,2565,153900.0
3718,39177044,2680,160800.0
3720,39179647,2603,78090.0
3721,39182239,2592,155520.0
3722,39184714,2475,148500.0
3723,39187289,2575,154500.0
3724,39189884,2595,155700.0
3725,39192460,2576,154560.0
3727,39194973,2513,75390.0
3728,39197540,2567,154020.0
3729,39200125,2585,155100.0
3730,39202749,2624,157440.0
3731,39205328,2579,154740.0
3732,39207898,2570,154200.0
3734,39210490,2592,77760.0
3735,39213101,2611,156660.0
3736,39215649,2548,152880.0
3737,39218152,2503,150180.0
3738,39220760,2608,156480.0
3739,39223250,2490,149400.0
3741,39225892,2642,79260.0
3742,39228435,2543,152580.0
3743,39230999,2564,153840.0
3744,39233556,2557,153420.0
3745,39236092,2536,152160.0
3747,39238599,2507,75210.0
3748,39241162,2563,153780.0
3749,39243651,2489,149340.0
3750,39246090,2439,146340.0
3751,39248647,2557,153420.0
3752,39251158,2511,150660.0
3754,39253674,2516,75480.0
3755,39256166,2492,149520.0
3756,39258635,2469,148140.0
3757,39261211,2576,154560.0
3758,39263797,2586,155160.0
3759,39266421,2624,157440.0
3761,39269027,2606,78180.0
3762,39271772,2745,164700.0
3763,39274504,2732,163920.0
3764,39277277,2773,166380.0
3765,39279895,2618,157080.0
3766,39281844,1949,116940.0
3768,39283929,2085,62550.0
3769,39286234,2305,138300.0
3770,39288645,2411,144660.0
3771,39291040,2395,143700.0
3772,39293566,2526,151560.0
3773,39295974,2408,144480.0
3775,39298427,2453,73590.0
3776,39300966,2539,152340.0
3777,39303585,2619,157140.0
3778,39306175,2590,155400.0
3779,39308789,2614,156840.0
3780,39311486,2697,161820.0
3782,39314053,2567,77010.0
3783,39316808,2755,165300.0
3784,39319504,2696,161760.0
3785,39322286,2782,166920.0
3786,39324935,2649,158940.0
3787,39327609,2674,160440.0
3789,39330320,2711,81330.0
3790,39332984,2664,159840.0
3791,39335680,2696,161760.0
3792,39338425,2745,164700.0
3793,39341051,2626,157560.0
3794,39343717,2666,159960.0
3796,39346385,2668,80040.0
3797,39349095,2710,162600.0
3798,39351802,2707,162420.0
3799,39354490,2688,161280.0
3800,39357103,2613,156780.0
3801,39359727,2624,157440.0
3803,39362445,2718,81540.0
3804,39365068,2623,157380.0
3805,39367726,2658,159480.0
3806,39370349,2623,157380.0
3807,39372948,2599,155940.0
3808,39375601,2653,159180.0
3810,39378237,2636,79080.0
3811,39380873,2636,158160.0
3812,39383512,2639,158340.0
3813,39386203,2691,161460.0
3814,39388875,2672,160320.0
3815,39391551,2676,160560.0
3817,39394158,2607,78210.0
3818,39396785,2627,157620.0
3819,39399385,2600,156000.0
3820,39402016,2631,157860.0
3821,39404654,2638,158280.0
3823,39407285,2631,78930.0
3824,39409873,2588,155280.0
3825,39412492,2619,157140.0
3826,39415193,2701,162060.0
3827,39417781,2588,155280.0
3828,39420343,2562,153720.0
3830,39422948,2605,78150.0
3831,39425579,2631,157860.0
3832,39428174,2595,155700.0
3833,39430695,2521,151260.0
3834,39433285,2590,155400.0
3836,39435873,2588,77640.0
3837,39438483,2610,156600.0
3838,39441031,2548,152880.0
3839,39443636,2605,156300.0
3840,39446218,2582,154920.0
3841,39448856,2638,158280.0
3843,39451423,2567,77010.0
3844,39453975,2552,153120.0
3845,39456563,2588,155280.0
3846,39459187,2624,157440.0
3847,39461782,2595,155700.0
3848,39464362,2580,154800.0
3850,39466834,2472,74160.0
3851,39469400,2566,153960.0
3852,39471970,2570,154200.0
3853,39474474,2504,150240.0
3854,39476955,2481,148860.0
3856,39479475,2520,75600.0
3857,39482038,2563,153780.0
3858,39484568,2530,151800.0
3859,39487028,2460,147600.0
3860,39489545,2517,151020.0
3861,39492089,2544,152640.0
3863,39494583,2494,74820.0
3864,39497062,2479,148740.0
3865,39499527,2465,147900.0
3866,39501973,2446,146760.0
3867,39504551,2578,154680.0
3869,39507092,2541,76230.0
3870,39509673,2581,154860.0
3871,39512178,2505,150300.0
3872,39514698,2520,151200.0
3873,39517139,2441,146460.0
3875,39519658,2519,75570.0
3876,39522160,2502,150120.0
3877,39524684,2524,151440.0
3878,39527092,2408,144480.0
3879,39529622,2530,151800.0
3881,39532091,2469,74070.0
3882,39534529,2438,146280.0
3883,39536904,2375,142500.0
3884,39539287,2383,142980.0
3886,39541712,2425,72750.0
3887,39543961,2249,134940.0
3888,39546159,2198,131880.0
3889,39548385,2226,133560.0
3890,39550721,2336,140160.0
3892,39553056,2335,70050.0
3893,39555528,2472,148320.0
3894,39558111,2583,154980.0
3895,39560659,2548,152880.0
3896,39563180,2521,151260.0
3898,39565484,2304,69120.0
3899,39568037,2553,153180.0
3900,39570561,2524,151440.0
3901,39573140,2579,154740.0
3902,39575633,2493,149580.0
3904,39578169,2536,76080.0
3905,39580727,2558,153480.0
3906,39583234,2507,150420.0
3907,39585848,2614,156840.0
3908,39588383,2535,152100.0
3910,39591056,2673,80190.0
3911,39593523,2467,148020.0
3912,39596078,2555,153300.0
3913,39598407,2329,139740.0
3914,39600800,2393,143580.0
3916,39603222,2422,72660.0
3917,39605737,2515,150900.0
3918,39608246,2509,150540.0
3919,39610865,2619,157140.0
3920,39613467,2602,156120.0
3922,39616031,2564,76920.0
3923,39618649,2618,157080.0
3924,39621187,2538,152280.0
3925,39623823,2636,158160.0
3926,39626448,2625,157500.0
3928,39629118,2670,80100.0
3929,39631737,2619,157140.0
3930,39634374,2637,158220.0
3931,39636968,2594,155640.0
3933,39639569,2601,78030.0
3934,39642227,2658,159480.0
3935,39644835,2608,156480.0
3936,39647446,2611,156660.0
3937,39650138,2692,161520.0
3939,39652749,2611,78330.0
3940,39655334,2585,155100.0
3941,39657942,2608,156480.0
3942,39660583,2641,158460.0
3943,39663152,2569,154140.0
3945,39665890,2738,82140.0
3946,39668516,2626,157560.0
3947,39671125,2609,156540.0
3948,39673734,2609,156540.0
3950,39676382,2648,79440.0
3951,39678951,2569,154140.0
3952,39681587,2636,158160.0
3953,39684101,2514,150840.0
3954,39686787,2686,161160.0
3956,39689314,2527,75810.0
3957,39691817,2503,150180.0
3958,39694433,2616,156960.0
3959,39696993,2560,153600.0
3960,39699579,2586,155160.0
3962,39702206,2627,78810.0
3963,39704788,2582,154920.0
3964,39707429,2641,158460.0
3965,39709973,2544,152640.0
3966,39712683,2710,162600.0
3968,39715318,2635,79050.0
3969,39717951,2633,157980.0
3970,39720519,2568,154080.0
3971,39723083,2564,153840.0
3973,39725583,2500,75000.0
3974,39728101,2518,151080.0
3975,39730676,2575,154500.0
3976,39733370,2694,161640.0
3977,39735955,2585,155100.0
3979,39738656,2701,81030.0
3980,39741404,2748,164880.0
3981,39744062,2658,159480.0
3982,39746790,2728,163680.0
3983,39749518,2728,163680.0
3985,39752229,2711,81330.0
3986,39754912,2683,160980.0
3987,39757665,2753,165180.0
3988,39760378,2713,162780.0
3989,39763149,2771,166260.0
3991,39765919,2770,83100.0
3992,39768720,2801,168060.0
3993,39771542,2822,169320.0
3994,39774352,2810,168600.0
3995,39777164,2812,168720.0
3997,39779934,2770,83100.0
3998,39782613,2679,160740.0
3999,39785056,2443,146580.0
4000,39787914,2858,171480.0
4001,39790647,2733,163980.0
4003,39793461,2814,84420.0
4004,39795911,2450,147000.0
4005,39798448,2537,152220.0
4006,39801022,2574,154440.0
4008,39803547,2525,75750.0
4009,39806057,2510,150600.0
4010,39808705,2648,158880.0
4011,39811354,2649,158940.0
4013,39814042,2688,80640.0
4014,39816718,2676,160560.0
4015,39819409,2691,161460.0
4016,39822118,2709,162540.0
4018,39824830,2712,81360.0
4019,39827518,2688,161280.0
4020,39830297,2779,166740.0
4021,39833034,2737,164220.0
4023,39835881,2847,85410.0
4024,39838720,2839,170340.0
4025,39841545,2825,169500.0
4026,39844180,2635,158100.0
4027,39846510,2330,139800.0
4029,39848930,2420,72600.0
4030,39851451,2521,151260.0
4031,39854038,2587,155220.0
4032,39856680,2642,158520.0
4034,39859413,2733,81990.0
4035,39862166,2753,165180.0
4036,39864903,2737,164220.0
4037,39867630,2727,163620.0
4038,39870436,2806,168360.0
4040,39873321,2885,86550.0
4041,39876209,2888,173280.0
4042,39879037,2828,169680.0
4043,39882032,2995,179700.0
4045,39884901,2869,86070.0
4046,39887888,2987,179220.0
4047,39890762,2874,172440.0
4048,39893663,2901,174060.0
4049,39896573,2910,174600.0
4051,39899368,2795,83850.0
4052,39902348,2980,178800.0
4053,39905282,2934,176040.0
4054,39908244,2962,177720.0
4056,39911147,2903,87090.0
4057,39914041,2894,173640.0
4058,39916939,2898,173880.0
4059,39919838,2899,173940.0
4061,39922827,2989,89670.0
4062,39925828,3001,180060.0
4063,39928695,2867,172020.0
4064,39931666,2971,178260.0
4065,39934583,2917,175020.0
4067,39937513,2930,87900.0
4068,39940363,2850,171000.0
4069,39943160,2797,167820.0
4070,39946030,2870,172200.0
4072,39948802,2772,83160.0
4073,39951474,2672,160320.0
4074,39954097,2623,157380.0
4075,39956610,2513,150780.0
4076,39959125,2515,150900.0
4078,39961715,2590,77700.0
4079,39964318,2603,156180.0
4080,39966855,2537,152220.0
4081,39969450,2595,155700.0
4083,39972014,2564,76920.0
4084,39974633,2619,157140.0
4085,39977237,2604,156240.0
4086,39979988,2751,165060.0
4088,39982672,2684,80520.0
4089,39985248,2576,154560.0
4090,39987810,2562,153720.0
4091,39990465,2655,159300.0
4092,39993143,2678,160680.0
4093,39995777,2634,158040.0
4095,39998446,2669,80070.0
4096,40001164,2718,163080.0
4097,40003861,2697,161820.0
4098,40006590,2729,163740.0
4099,40009318,2728,163680.0
4101,40012160,2842,85260.0
4102,40015011,2851,171060.0
4103,40017795,2784,167040.0
4104,40020681,2886,173160.0
4105,40023464,2783,166980.0
4106,40026307,2843,170580.0
4108,40029125,2818,84540.0
4109,40031917,2792,167520.0
4110,40034692,2775,166500.0
4111,40037506,2814,168840.0
4112,40040391,2885,173100.0
4114,40043201,2810,84300.0
4115,40046012,2811,168660.0
4116,40048830,2818,169080.0
4117,40051601,2771,166260.0
4118,40054413,2812,168720.0
4119,40057175,2762,165720.0
4121,40059927,2752,82560.0
4122,40062622,2695,161700.0
4123,40065373,2751,165060.0
4124,40068107,2734,164040.0
4125,40070759,2652,159120.0
4127,40073527,2768,83040.0
4128,40076220,2693,161580.0
4129,40078890,2670,160200.0
4130,40081674,2784,167040.0
4131,40084480,2806,168360.0
4132,40087175,2695,161700.0
4134,40089938,2763,82890.0
4135,40092693,2755,165300.0
4136,40095500,2807,168420.0
4137,40098219,2719,163140.0
4138,40100958,2739,164340.0
4140,40103688,2730,81900.0
4141,40106398,2710,162600.0
4142,40109137,2739,164340.0
4143,40111876,2739,164340.0
4144,40114607,2731,163860.0
4145,40117288,2681,160860.0
4147,40119930,2642,79260.0
4148,40122680,2750,165000.0
4149,40125426,2746,164760.0
4150,40128147,2721,163260.0
4151,40130820,2673,160380.0
4153,40133568,2748,82440.0
4154,40136216,2648,158880.0
4155,40138858,2642,158520.0
4156,40141497,2639,158340.0
4157,40144158,2661,159660.0
4159,40146772,2614,78420.0
4160,40149452,2680,160800.0
4161,40152125,2673,160380.0
4162,40154809,2684,161040.0
4163,40157502,2693,161580.0
4165,40160180,2678,80340.0
4166,40162814,2634,158040.0
4167,40165495,2681,160860.0
4168,40168146,2651,159060.0
4169,40170816,2670,160200.0
4170,40173469,2653,159180.0
4172,40176110,2641,79230.0
4173,40178815,2705,162300.0
4174,40181496,2681,160860.0
4175,40184075,2579,154740.0
4176,40186657,2582,154920.0
4178,40189350,2693,80790.0
4179,40192005,2655,159300.0
4180,40194722,2717,163020.0
4181,40197381,2659,159540.0
4182,40200092,2711,162660.0
4184,40202755,2663,79890.0
4185,40205393,2638,158280.0
4186,40208014,2621,157260.0
4187,40210403,2389,143340.0
4188,40212923,2520,151200.0
4190,40215409,2486,74580.0
4191,40217914,2505,150300.0
4192,40220528,2614,156840.0
4193,40223138,2610,156600.0
4195,40225626,2488,74640.0
4196,40227973,2347,140820.0
4197,40230299,2326,139560.0
4198,40232603,2304,138240.0
4199,40234969,2366,141960.0
4201,40237359,2390,71700.0
4202,40239775,2416,144960.0
4203,40242209,2434,146040.0
4204,40244647,2438,146280.0
4206,40247181,2534,76020.0
4207,40249525,2344,140640.0
4208,40252130,2605,156300.0
4209,40254742,2612,156720.0
4210,40257390,2648,158880.0
4212,40259968,2578,77340.0
4213,40262621,2653,159180.0
4214,40265174,2553,153180.0
4215,40267745,2571,154260.0
4217,40270360,2615,78450.0
4218,40272951,2591,155460.0
4219,40275615,2664,159840.0
4220,40278331,2716,162960.0
4222,40279935,1604,48120.0
4223,40279935,0,0.0
4224,40279935,0,0.0
4225,40279935,0,0.0
