elapsed_sec,sum_next_o_id,orders_delta,nopm_rate
0,30010000,0,0
1,30010000,0,0.0
2,30010050,50,3000.0
3,30010246,196,11760.0
4,30010609,363,21780.0
5,30011097,488,29280.0
6,30011729,632,37920.0
7,30012531,802,48120.0
8,30013459,928,55680.0
9,30014538,1079,64740.0
10,30015765,1227,73620.0
11,30017129,1364,81840.0
12,30018564,1435,86100.0
13,30020154,1590,95400.0
14,30021831,1677,100620.0
15,30023653,1822,109320.0
16,30025575,1922,115320.0
17,30027538,1963,117780.0
18,30029641,2103,126180.0
19,30031767,2126,127560.0
20,30033975,2208,132480.0
21,30036269,2294,137640.0
22,30038606,2337,140220.0
23,30040983,2377,142620.0
24,30043467,2484,149040.0
25,30045987,2520,151200.0
26,30048677,2690,161400.0
27,30051352,2675,160500.0
28,30054032,2680,160800.0
29,30056737,2705,162300.0
30,30059468,2731,163860.0
31,30062175,2707,162420.0
32,30064926,2751,165060.0
33,30067697,2771,166260.0
34,30070414,2717,163020.0
36,30073117,2703,81090.0
37,30075920,2803,168180.0
38,30078668,2748,164880.0
39,30081399,2731,163860.0
40,30084067,2668,160080.0
41,30086785,2718,163080.0
42,30089452,2667,160020.0
43,30092101,2649,158940.0
44,30094851,2750,165000.0
45,30097541,2690,161400.0
46,30100195,2654,159240.0
47,30102798,2603,156180.0
48,30105441,2643,158580.0
49,30108089,2648,158880.0
50,30110696,2607,156420.0
51,30113402,2706,162360.0
52,30116150,2748,164880.0
53,30118930,2780,166800.0
54,30121727,2797,167820.0
55,30124447,2720,163200.0
56,30127175,2728,163680.0
57,30129952,2777,166620.0
58,30132623,2671,160260.0
59,30135371,2748,164880.0
60,30138086,2715,162900.0
61,30140807,2721,163260.0
62,30143527,2720,163200.0
63,30146254,2727,163620.0
64,30148958,2704,162240.0
65,30151637,2679,160740.0
66,30154279,2642,158520.0
68,30156935,2656,79680.0
69,30159638,2703,162180.0
70,30162250,2612,156720.0
71,30164967,2717,163020.0
72,30167621,2654,159240.0
73,30170269,2648,158880.0
74,30172877,2608,156480.0
75,30175524,2647,158820.0
76,30178119,2595,155700.0
77,30180692,2573,154380.0
78,30183318,2626,157560.0
79,30185941,2623,157380.0
80,30188579,2638,158280.0
81,30191214,2635,158100.0
82,30193743,2529,151740.0
83,30196327,2584,155040.0
84,30198916,2589,155340.0
85,30201459,2543,152580.0
86,30204065,2606,156360.0
87,30206660,2595,155700.0
88,30209227,2567,154020.0
89,30211770,2543,152580.0
90,30214360,2590,155400.0
91,30216895,2535,152100.0
92,30219435,2540,152400.0
93,30221983,2548,152880.0
94,30224463,2480,148800.0
95,30226976,2513,150780.0
96,30229390,2414,144840.0
98,30231662,2272,68160.0
99,30234113,2451,147060.0
100,30236557,2444,146640.0
101,30238995,2438,146280.0
102,30241355,2360,141600.0
103,30243753,2398,143880.0
104,30246181,2428,145680.0
105,30248628,2447,146820.0
106,30251020,2392,143520.0
107,30253434,2414,144840.0
108,30255895,2461,147660.0
109,30258396,2501,150060.0
110,30260857,2461,147660.0
111,30263312,2455,147300.0
112,30265962,2650,159000.0
113,30268474,2512,150720.0
114,30271087,2613,156780.0
115,30273695,2608,156480.0
116,30276215,2520,151200.0
117,30278850,2635,158100.0
119,30281441,2591,77730.0
120,30284041,2600,156000.0
121,30286632,2591,155460.0
122,30289228,2596,155760.0
123,30291760,2532,151920.0
124,30294307,2547,152820.0
125,30296856,2549,152940.0
126,30299420,2564,153840.0
127,30301998,2578,154680.0
128,30304546,2548,152880.0
129,30307063,2517,151020.0
130,30309654,2591,155460.0
131,30312254,2600,156000.0
132,30314853,2599,155940.0
133,30317405,2552,153120.0
134,30319969,2564,153840.0
135,30322476,2507,150420.0
136,30325017,2541,152460.0
137,30327584,2567,154020.0
138,30330063,2479,148740.0
140,30332577,2514,75420.0
141,30335107,2530,151800.0
142,30337625,2518,151080.0
143,30340087,2462,147720.0
144,30342641,2554,153240.0
145,30345189,2548,152880.0
146,30347657,2468,148080.0
147,30350106,2449,146940.0
148,30352626,2520,151200.0
149,30355102,2476,148560.0
150,30357688,2586,155160.0
151,30360139,2451,147060.0
152,30362673,2534,152040.0
153,30365117,2444,146640.0
154,30367596,2479,148740.0
155,30370083,2487,149220.0
156,30372509,2426,145560.0
157,30374929,2420,145200.0
158,30377374,2445,146700.0
160,30379832,2458,73740.0
161,30382296,2464,147840.0
162,30384758,2462,147720.0
163,30387182,2424,145440.0
164,30389641,2459,147540.0
165,30392087,2446,146760.0
166,30394503,2416,144960.0
167,30396849,2346,140760.0
168,30399286,2437,146220.0
169,30401629,2343,140580.0
170,30404025,2396,143760.0
171,30406434,2409,144540.0
172,30408769,2335,140100.0
173,30411136,2367,142020.0
174,30413495,2359,141540.0
175,30415836,2341,140460.0
176,30418185,2349,140940.0
177,30420577,2392,143520.0
178,30422918,2341,140460.0
179,30425256,2338,140280.0
181,30427583,2327,69810.0
182,30429893,2310,138600.0
183,30431977,2084,125040.0
184,30434108,2131,127860.0
185,30436353,2245,134700.0
186,30438636,2283,136980.0
187,30440906,2270,136200.0
188,30443133,2227,133620.0
189,30445560,2427,145620.0
190,30447850,2290,137400.0
191,30450080,2230,133800.0
192,30452385,2305,138300.0
193,30454699,2314,138840.0
194,30457017,2318,139080.0
195,30459375,2358,141480.0
197,30461814,2439,73170.0
198,30464233,2419,145140.0
199,30466671,2438,146280.0
200,30469066,2395,143700.0
201,30471453,2387,143220.0
202,30473894,2441,146460.0
203,30476349,2455,147300.0
204,30478847,2498,149880.0
205,30481305,2458,147480.0
206,30483842,2537,152220.0
207,30486284,2442,146520.0
208,30488709,2425,145500.0
209,30491206,2497,149820.0
210,30493653,2447,146820.0
212,30496177,2524,75720.0
213,30498604,2427,145620.0
214,30501080,2476,148560.0
215,30503532,2452,147120.0
216,30505969,2437,146220.0
217,30508412,2443,146580.0
218,30510881,2469,148140.0
219,30513375,2494,149640.0
220,30515853,2478,148680.0
221,30518286,2433,145980.0
222,30520735,2449,146940.0
223,30523126,2391,143460.0
224,30525568,2442,146520.0
225,30527942,2374,142440.0
227,30530345,2403,72090.0
228,30532754,2409,144540.0
229,30535148,2394,143640.0
230,30537514,2366,141960.0
231,30539918,2404,144240.0
232,30542336,2418,145080.0
233,30544693,2357,141420.0
234,30547105,2412,144720.0
235,30549512,2407,144420.0
236,30551903,2391,143460.0
237,30554298,2395,143700.0
238,30556636,2338,140280.0
239,30558940,2304,138240.0
241,30561292,2352,70560.0
242,30563634,2342,140520.0
243,30566015,2381,142860.0
244,30568345,2330,139800.0
245,30570644,2299,137940.0
246,30573004,2360,141600.0
247,30575229,2225,133500.0
248,30577469,2240,134400.0
249,30579770,2301,138060.0
250,30582043,2273,136380.0
251,30584256,2213,132780.0
252,30586572,2316,138960.0
253,30588895,2323,139380.0
254,30591160,2265,135900.0
256,30593350,2190,65700.0
257,30595539,2189,131340.0
258,30597729,2190,131400.0
259,30599909,2180,130800.0
260,30602122,2213,132780.0
261,30604330,2208,132480.0
262,30606500,2170,130200.0
263,30608745,2245,134700.0
264,30611026,2281,136860.0
265,30613230,2204,132240.0
266,30615419,2189,131340.0
267,30617612,2193,131580.0
268,30619805,2193,131580.0
269,30621991,2186,131160.0
271,30624174,2183,65490.0
272,30626309,2135,128100.0
273,30628446,2137,128220.0
274,30630613,2167,130020.0
275,30632634,2021,121260.0
276,30634785,2151,129060.0
277,30636860,2075,124500.0
278,30639008,2148,128880.0
279,30641060,2052,123120.0
280,30643151,2091,125460.0
281,30645170,2019,121140.0
282,30647091,1921,115260.0
283,30649048,1957,117420.0
285,30651168,2120,63600.0
286,30653240,2072,124320.0
287,30655218,1978,118680.0
288,30657280,2062,123720.0
289,30659320,2040,122400.0
290,30661454,2134,128040.0
291,30663594,2140,128400.0
292,30665602,2008,120480.0
293,30667663,2061,123660.0
294,30669834,2171,130260.0
295,30672011,2177,130620.0
296,30674243,2232,133920.0
298,30676458,2215,66450.0
299,30678629,2171,130260.0
300,30680792,2163,129780.0
301,30683052,2260,135600.0
302,30685359,2307,138420.0
303,30687644,2285,137100.0
304,30689946,2302,138120.0
305,30692260,2314,138840.0
306,30694598,2338,140280.0
307,30696936,2338,140280.0
308,30699291,2355,141300.0
310,30701627,2336,70080.0
311,30704049,2422,145320.0
312,30706405,2356,141360.0
313,30708743,2338,140280.0
314,30711132,2389,143340.0
315,30713470,2338,140280.0
316,30715859,2389,143340.0
317,30718286,2427,145620.0
318,30720661,2375,142500.0
319,30723131,2470,148200.0
320,30725545,2414,144840.0
321,30727884,2339,140340.0
323,30730226,2342,70260.0
324,30732642,2416,144960.0
325,30734998,2356,141360.0
326,30737372,2374,142440.0
327,30739790,2418,145080.0
328,30742246,2456,147360.0
329,30744630,2384,143040.0
330,30746999,2369,142140.0
331,30749442,2443,146580.0
332,30751863,2421,145260.0
333,30754256,2393,143580.0
335,30756680,2424,72720.0
336,30759063,2383,142980.0
337,30761440,2377,142620.0
338,30763784,2344,140640.0
339,30766146,2362,141720.0
340,30768498,2352,141120.0
341,30770785,2287,137220.0
342,30773119,2334,140040.0
343,30775478,2359,141540.0
344,30777781,2303,138180.0
345,30780148,2367,142020.0
346,30782430,2282,136920.0
348,30784619,2189,65670.0
349,30786782,2163,129780.0
350,30788971,2189,131340.0
351,30791079,2108,126480.0
352,30793321,2242,134520.0
353,30795501,2180,130800.0
354,30797831,2330,139800.0
355,30800072,2241,134460.0
356,30802290,2218,133080.0
357,30804554,2264,135840.0
358,30806725,2171,130260.0
359,30809014,2289,137340.0
360,30811267,2253,135180.0
362,30813528,2261,67830.0
363,30815712,2184,131040.0
364,30817914,2202,132120.0
365,30820130,2216,132960.0
366,30822361,2231,133860.0
367,30824645,2284,137040.0
368,30826890,2245,134700.0
369,30829132,2242,134520.0
370,30831393,2261,135660.0
371,30833642,2249,134940.0
372,30835897,2255,135300.0
373,30838161,2264,135840.0
375,30840385,2224,66720.0
376,30842571,2186,131160.0
377,30844811,2240,134400.0
378,30847046,2235,134100.0
379,30849209,2163,129780.0
380,30851354,2145,128700.0
381,30853601,2247,134820.0
382,30855582,1981,118860.0
383,30857649,2067,124020.0
384,30859751,2102,126120.0
385,30861827,2076,124560.0
387,30863981,2154,64620.0
388,30866157,2176,130560.0
389,30868303,2146,128760.0
390,30870505,2202,132120.0
391,30872679,2174,130440.0
392,30874971,2292,137520.0
393,30877258,2287,137220.0
394,30879558,2300,138000.0
395,30881879,2321,139260.0
396,30884146,2267,136020.0
397,30886473,2327,139620.0
398,30888788,2315,138900.0
400,30891191,2403,72090.0
401,30893515,2324,139440.0
402,30895848,2333,139980.0
403,30898159,2311,138660.0
404,30900480,2321,139260.0
405,30902766,2286,137160.0
406,30905003,2237,134220.0
407,30907225,2222,133320.0
408,30909512,2287,137220.0
409,30911764,2252,135120.0
410,30913988,2224,133440.0
412,30916237,2249,67470.0
413,30918498,2261,135660.0
414,30920819,2321,139260.0
415,30923072,2253,135180.0
416,30925399,2327,139620.0
417,30927687,2288,137280.0
418,30929931,2244,134640.0
419,30932242,2311,138660.0
420,30934554,2312,138720.0
421,30936903,2349,140940.0
422,30939188,2285,137100.0
424,30941542,2354,70620.0
425,30943882,2340,140400.0
426,30946170,2288,137280.0
427,30948506,2336,140160.0
428,30950832,2326,139560.0
429,30953105,2273,136380.0
430,30955423,2318,139080.0
431,30957702,2279,136740.0
432,30960019,2317,139020.0
433,30962318,2299,137940.0
434,30964589,2271,136260.0
436,30966879,2290,68700.0
437,30969162,2283,136980.0
438,30971440,2278,136680.0
439,30973705,2265,135900.0
440,30975978,2273,136380.0
441,30978263,2285,137100.0
442,30980480,2217,133020.0
443,30982700,2220,133200.0
444,30984930,2230,133800.0
445,30987171,2241,134460.0
447,30989382,2211,66330.0
448,30991539,2157,129420.0
449,30993727,2188,131280.0
450,30995903,2176,130560.0
451,30998081,2178,130680.0
452,31000227,2146,128760.0
453,31002440,2213,132780.0
454,31004686,2246,134760.0
455,31006887,2201,132060.0
456,31009014,2127,127620.0
458,31011165,2151,64530.0
459,31013302,2137,128220.0
460,31015371,2069,124140.0
461,31017428,2057,123420.0
462,31019545,2117,127020.0
463,31021649,2104,126240.0
464,31023750,2101,126060.0
465,31025779,2029,121740.0
466,31027896,2117,127020.0
467,31029991,2095,125700.0
469,31032063,2072,62160.0
470,31034080,2017,121020.0
471,31036182,2102,126120.0
472,31038117,1935,116100.0
473,31040156,2039,122340.0
474,31042196,2040,122400.0
475,31044258,2062,123720.0
476,31046193,1935,116100.0
477,31048224,2031,121860.0
479,31050241,2017,60510.0
480,31052272,2031,121860.0
481,31054348,2076,124560.0
482,31056235,1887,113220.0
483,31058003,1768,106080.0
484,31059976,1973,118380.0
485,31061991,2015,120900.0
486,31064027,2036,122160.0
487,31066085,2058,123480.0
488,31068160,2075,124500.0
490,31070251,2091,62730.0
491,31072338,2087,125220.0
492,31074292,1954,117240.0
493,31076328,2036,122160.0
494,31078461,2133,127980.0
495,31080611,2150,129000.0
496,31082771,2160,129600.0
497,31084902,2131,127860.0
498,31087089,2187,131220.0
500,31089191,2102,63060.0
501,31091301,2110,126600.0
502,31093489,2188,131280.0
503,31095573,2084,125040.0
504,31097721,2148,128880.0
505,31099789,2068,124080.0
506,31101935,2146,128760.0
507,31104143,2208,132480.0
508,31106368,2225,133500.0
510,31108554,2186,65580.0
511,31110760,2206,132360.0
512,31112984,2224,133440.0
513,31115336,2352,141120.0
514,31117594,2258,135480.0
515,31119906,2312,138720.0
516,31122246,2340,140400.0
517,31124509,2263,135780.0
518,31126771,2262,135720.0
520,31129147,2376,71280.0
521,31131509,2362,141720.0
522,31133825,2316,138960.0
523,31136077,2252,135120.0
524,31138331,2254,135240.0
525,31140611,2280,136800.0
526,31142901,2290,137400.0
527,31145187,2286,137160.0
528,31147476,2289,137340.0
530,31149701,2225,66750.0
531,31152002,2301,138060.0
532,31154217,2215,132900.0
533,31156465,2248,134880.0
534,31158723,2258,135480.0
535,31161030,2307,138420.0
536,31163228,2198,131880.0
537,31165445,2217,133020.0
538,31167669,2224,133440.0
539,31169924,2255,135300.0
541,31172109,2185,65550.0
542,31174344,2235,134100.0
543,31176511,2167,130020.0
544,31178718,2207,132420.0
545,31181000,2282,136920.0
546,31183177,2177,130620.0
547,31185438,2261,135660.0
548,31187659,2221,133260.0
550,31189832,2173,65190.0
551,31192032,2200,132000.0
552,31194304,2272,136320.0
553,31196478,2174,130440.0
554,31198702,2224,133440.0
555,31200798,2096,125760.0
556,31202940,2142,128520.0
557,31205067,2127,127620.0
558,31207203,2136,128160.0
560,31209358,2155,64650.0
561,31211453,2095,125700.0
562,31213541,2088,125280.0
563,31215611,2070,124200.0
564,31217730,2119,127140.0
565,31219882,2152,129120.0
566,31222101,2219,133140.0
567,31224179,2078,124680.0
568,31226282,2103,126180.0
570,31228465,2183,65490.0
571,31230521,2056,123360.0
572,31232604,2083,124980.0
573,31234712,2108,126480.0
574,31236743,2031,121860.0
575,31238811,2068,124080.0
576,31240857,2046,122760.0
577,31242854,1997,119820.0
579,31244820,1966,58980.0
580,31246862,2042,122520.0
581,31248874,2012,120720.0
582,31250779,1905,114300.0
583,31252736,1957,117420.0
584,31254776,2040,122400.0
585,31256890,2114,126840.0
586,31258861,1971,118260.0
587,31260763,1902,114120.0
589,31262435,1672,50160.0
590,31264243,1808,108480.0
591,31266054,1811,108660.0
592,31267775,1721,103260.0
593,31269412,1637,98220.0
594,31271196,1784,107040.0
595,31273039,1843,110580.0
596,31274828,1789,107340.0
597,31276699,1871,112260.0
599,31278661,1962,58860.0
600,31280613,1952,117120.0
601,31282541,1928,115680.0
602,31284506,1965,117900.0
603,31286580,2074,124440.0
604,31288610,2030,121800.0
605,31290692,2082,124920.0
606,31292770,2078,124680.0
607,31294837,2067,124020.0
609,31296972,2135,64050.0
610,31299176,2204,132240.0
611,31301454,2278,136680.0
612,31303667,2213,132780.0
613,31305847,2180,130800.0
614,31308104,2257,135420.0
615,31310356,2252,135120.0
616,31312600,2244,134640.0
617,31314874,2274,136440.0
619,31317103,2229,66870.0
620,31319308,2205,132300.0
621,31321525,2217,133020.0
622,31323808,2283,136980.0
623,31326018,2210,132600.0
624,31328195,2177,130620.0
625,31330415,2220,133200.0
626,31332632,2217,133020.0
627,31334836,2204,132240.0
629,31337149,2313,69390.0
630,31339483,2334,140040.0
631,31341780,2297,137820.0
632,31344057,2277,136620.0
633,31346245,2188,131280.0
634,31348562,2317,139020.0
635,31350833,2271,136260.0
636,31353128,2295,137700.0
637,31355390,2262,135720.0
639,31357629,2239,67170.0
640,31359999,2370,142200.0
641,31362216,2217,133020.0
642,31364455,2239,134340.0
643,31366663,2208,132480.0
644,31368873,2210,132600.0
645,31371084,2211,132660.0
647,31373336,2252,67560.0
648,31375498,2162,129720.0
649,31377786,2288,137280.0
650,31379992,2206,132360.0
651,31382211,2219,133140.0
652,31384440,2229,133740.0
653,31386620,2180,130800.0
654,31388867,2247,134820.0
656,31391053,2186,65580.0
657,31393233,2180,130800.0
658,31395439,2206,132360.0
659,31397625,2186,131160.0
660,31399732,2107,126420.0
661,31401934,2202,132120.0
662,31404078,2144,128640.0
664,31406178,2100,63000.0
665,31408270,2092,125520.0
666,31410401,2131,127860.0
667,31412501,2100,126000.0
668,31414628,2127,127620.0
669,31416738,2110,126600.0
670,31418806,2068,124080.0
672,31420897,2091,62730.0
673,31422937,2040,122400.0
674,31425001,2064,123840.0
675,31427095,2094,125640.0
676,31429145,2050,123000.0
677,31431251,2106,126360.0
678,31433176,1925,115500.0
680,31435212,2036,61080.0
681,31437190,1978,118680.0
682,31439236,2046,122760.0
683,31441306,2070,124200.0
684,31443292,1986,119160.0
685,31445289,1997,119820.0
686,31447248,1959,117540.0
688,31449187,1939,58170.0
689,31451214,2027,121620.0
690,31453240,2026,121560.0
691,31455163,1923,115380.0
692,31457072,1909,114540.0
693,31459084,2012,120720.0
694,31460983,1899,113940.0
695,31462925,1942,116520.0
697,31464940,2015,60450.0
698,31466954,2014,120840.0
699,31468818,1864,111840.0
700,31470726,1908,114480.0
701,31472590,1864,111840.0
702,31474321,1731,103860.0
703,31476186,1865,111900.0
705,31478078,1892,56760.0
706,31480007,1929,115740.0
707,31481912,1905,114300.0
708,31483764,1852,111120.0
709,31485558,1794,107640.0
710,31487377,1819,109140.0
711,31489180,1803,108180.0
713,31490905,1725,51750.0
714,31492699,1794,107640.0
715,31494559,1860,111600.0
716,31496433,1874,112440.0
717,31498277,1844,110640.0
718,31500195,1918,115080.0
719,31502101,1906,114360.0
720,31504061,1960,117600.0
721,31505975,1914,114840.0
723,31507829,1854,55620.0
724,31509782,1953,117180.0
725,31511759,1977,118620.0
726,31513860,2101,126060.0
727,31516000,2140,128400.0
728,31518201,2201,132060.0
730,31520358,2157,64710.0
731,31522666,2308,138480.0
732,31524986,2320,139200.0
733,31527218,2232,133920.0
734,31529585,2367,142020.0
735,31532030,2445,146700.0
737,31534375,2345,70350.0
738,31536797,2422,145320.0
739,31539246,2449,146940.0
740,31541669,2423,145380.0
741,31544090,2421,145260.0
742,31546558,2468,148080.0
744,31549000,2442,73260.0
745,31551474,2474,148440.0
746,31553892,2418,145080.0
747,31556300,2408,144480.0
748,31558622,2322,139320.0
749,31560975,2353,141180.0
751,31563399,2424,72720.0
752,31565888,2489,149340.0
753,31568409,2521,151260.0
754,31570888,2479,148740.0
755,31573369,2481,148860.0
756,31575844,2475,148500.0
758,31578325,2481,74430.0
759,31580773,2448,146880.0
760,31583231,2458,147480.0
761,31585619,2388,143280.0
762,31587938,2319,139140.0
764,31590360,2422,72660.0
765,31592739,2379,142740.0
766,31595123,2384,143040.0
767,31597514,2391,143460.0
768,31599890,2376,142560.0
769,31602358,2468,148080.0
771,31604750,2392,71760.0
772,31607129,2379,142740.0
773,31609491,2362,141720.0
774,31611834,2343,140580.0
775,31614172,2338,140280.0
776,31616475,2303,138180.0
778,31618739,2264,67920.0
779,31621110,2371,142260.0
780,31623479,2369,142140.0
781,31625822,2343,140580.0
782,31628163,2341,140460.0
784,31630416,2253,67590.0
785,31632718,2302,138120.0
786,31635039,2321,139260.0
787,31637290,2251,135060.0
788,31639556,2266,135960.0
789,31641773,2217,133020.0
791,31643986,2213,66390.0
792,31646223,2237,134220.0
793,31648416,2193,131580.0
794,31650619,2203,132180.0
795,31652802,2183,130980.0
796,31655067,2265,135900.0
798,31657232,2165,64950.0
799,31659426,2194,131640.0
800,31661748,2322,139320.0
801,31663922,2174,130440.0
802,31666076,2154,129240.0
804,31668137,2061,61830.0
805,31670254,2117,127020.0
806,31672335,2081,124860.0
807,31674449,2114,126840.0
808,31676521,2072,124320.0
809,31678497,1976,118560.0
811,31680626,2129,63870.0
812,31682677,2051,123060.0
813,31684623,1946,116760.0
814,31686598,1975,118500.0
815,31688613,2015,120900.0
816,31690648,2035,122100.0
818,31692727,2079,62370.0
819,31694837,2110,126600.0
820,31696962,2125,127500.0
821,31699215,2253,135180.0
822,31701471,2256,135360.0
823,31703736,2265,135900.0
825,31705994,2258,67740.0
826,31708331,2337,140220.0
827,31710607,2276,136560.0
828,31712811,2204,132240.0
829,31715047,2236,134160.0
830,31717243,2196,131760.0
831,31719491,2248,134880.0
833,31721676,2185,65550.0
834,31723873,2197,131820.0
835,31726077,2204,132240.0
836,31728312,2235,134100.0
837,31730500,2188,131280.0
838,31732731,2231,133860.0
839,31734928,2197,131820.0
841,31737192,2264,67920.0
842,31739541,2349,140940.0
843,31741806,2265,135900.0
844,31744028,2222,133320.0
845,31746375,2347,140820.0
846,31748647,2272,136320.0
848,31750993,2346,70380.0
849,31753346,2353,141180.0
850,31755637,2291,137460.0
851,31757991,2354,141240.0
852,31760268,2277,136620.0
853,31762597,2329,139740.0
855,31764791,2194,65820.0
856,31767031,2240,134400.0
857,31769239,2208,132480.0
858,31771496,2257,135420.0
859,31773743,2247,134820.0
860,31775936,2193,131580.0
862,31778237,2301,69030.0
863,31780510,2273,136380.0
864,31782742,2232,133920.0
865,31784965,2223,133380.0
866,31787135,2170,130200.0
867,31789356,2221,133260.0
869,31791555,2199,65970.0
870,31793683,2128,127680.0
871,31795846,2163,129780.0
872,31798079,2233,133980.0
873,31800307,2228,133680.0
875,31802473,2166,64980.0
876,31804580,2107,126420.0
877,31806753,2173,130380.0
878,31808896,2143,128580.0
879,31810988,2092,125520.0
880,31813106,2118,127080.0
882,31815209,2103,63090.0
883,31817342,2133,127980.0
884,31819440,2098,125880.0
885,31821509,2069,124140.0
886,31823523,2014,120840.0
888,31825580,2057,61710.0
889,31827598,2018,121080.0
890,31829658,2060,123600.0
891,31831769,2111,126660.0
892,31833856,2087,125220.0
894,31835918,2062,61860.0
895,31837963,2045,122700.0
896,31840021,2058,123480.0
897,31842053,2032,121920.0
898,31844093,2040,122400.0
899,31846147,2054,123240.0
901,31848190,2043,61290.0
902,31850143,1953,117180.0
903,31852131,1988,119280.0
904,31854117,1986,119160.0
905,31856040,1923,115380.0
907,31858069,2029,60870.0
908,31860049,1980,118800.0
909,31862015,1966,117960.0
910,31863975,1960,117600.0
911,31865946,1971,118260.0
912,31867933,1987,119220.0
914,31869867,1934,58020.0
915,31871782,1915,114900.0
916,31873702,1920,115200.0
917,31875598,1896,113760.0
918,31877550,1952,117120.0
920,31879414,1864,55920.0
921,31881334,1920,115200.0
922,31883235,1901,114060.0
923,31884934,1699,101940.0
924,31886779,1845,110700.0
925,31888664,1885,113100.0
927,31890540,1876,56280.0
928,31892445,1905,114300.0
929,31894462,2017,121020.0
930,31896380,1918,115080.0
931,31898354,1974,118440.0
932,31900366,2012,120720.0
934,31902441,2075,62250.0
935,31904522,2081,124860.0
936,31906568,2046,122760.0
937,31908632,2064,123840.0
938,31910757,2125,127500.0
939,31912797,2040,122400.0
941,31914854,2057,61710.0
942,31916809,1955,117300.0
943,31918871,2062,123720.0
944,31920853,1982,118920.0
945,31922846,1993,119580.0
946,31924937,2091,125460.0
948,31926955,2018,60540.0
949,31928815,1860,111600.0
950,31930770,1955,117300.0
951,31932658,1888,113280.0
952,31934582,1924,115440.0
953,31936481,1899,113940.0
955,31938422,1941,58230.0
956,31940276,1854,111240.0
957,31942087,1811,108660.0
958,31943977,1890,113400.0
959,31945941,1964,117840.0
960,31947857,1916,114960.0
961,31949796,1939,116340.0
963,31951752,1956,58680.0
964,31953777,2025,121500.0
965,31955789,2012,120720.0
966,31957585,1796,107760.0
967,31959393,1808,108480.0
968,31961490,2097,125820.0
969,31963520,2030,121800.0
971,31965564,2044,61320.0
972,31967591,2027,121620.0
973,31969652,2061,123660.0
974,31971754,2102,126120.0
975,31973790,2036,122160.0
976,31975866,2076,124560.0
977,31977920,2054,123240.0
979,31980034,2114,63420.0
980,31981970,1936,116160.0
981,31983998,2028,121680.0
982,31986028,2030,121800.0
983,31988110,2082,124920.0
984,31990191,2081,124860.0
985,31992353,2162,129720.0
986,31994392,2039,122340.0
988,31996492,2100,63000.0
989,31998609,2117,127020.0
990,32000743,2134,128040.0
991,32002856,2113,126780.0
992,32004955,2099,125940.0
993,32007115,2160,129600.0
994,32009178,2063,123780.0
996,32011253,2075,62250.0
997,32013342,2089,125340.0
998,32015516,2174,130440.0
999,32017571,2055,123300.0
1000,32019631,2060,123600.0
1001,32021634,2003,120180.0
1002,32023654,2020,121200.0
1004,32025662,2008,60240.0
1005,32027745,2083,124980.0
1006,32029778,2033,121980.0
1007,32031828,2050,123000.0
1008,32033809,1981,118860.0
1009,32035816,2007,120420.0
1010,32037756,1940,116400.0
1012,32039739,1983,59490.0
1013,32041780,2041,122460.0
1014,32043871,2091,125460.0
1015,32045777,1906,114360.0
1016,32047810,2033,121980.0
1017,32049809,1999,119940.0
1019,32051734,1925,57750.0
1020,32053701,1967,118020.0
1021,32055629,1928,115680.0
1022,32057589,1960,117600.0
1023,32059542,1953,117180.0
1024,32061495,1953,117180.0
1025,32063468,1973,118380.0
1027,32065430,1962,58860.0
1028,32067331,1901,114060.0
1029,32069283,1952,117120.0
1030,32071239,1956,117360.0
1031,32073138,1899,113940.0
1032,32075003,1865,111900.0
1034,32076890,1887,56610.0
1035,32078738,1848,110880.0
1036,32080570,1832,109920.0
1037,32082509,1939,116340.0
1038,32084362,1853,111180.0
1039,32086227,1865,111900.0
1041,32088023,1796,53880.0
1042,32089828,1805,108300.0
1043,32091612,1784,107040.0
1044,32093444,1832,109920.0
1045,32095308,1864,111840.0
1046,32097185,1877,112620.0
1048,32099134,1949,58470.0
1049,32101091,1957,117420.0
1050,32103014,1923,115380.0
1051,32105006,1992,119520.0
1052,32107121,2115,126900.0
1053,32109263,2142,128520.0
1054,32111521,2258,135480.0
1056,32113752,2231,66930.0
1057,32115906,2154,129240.0
1058,32118050,2144,128640.0
1059,32120310,2260,135600.0
1060,32122619,2309,138540.0
1061,32124797,2178,130680.0
1063,32126994,2197,65910.0
1064,32129258,2264,135840.0
1065,32131440,2182,130920.0
1066,32133665,2225,133500.0
1067,32135863,2198,131880.0
1068,32138110,2247,134820.0
1070,32140224,2114,63420.0
1071,32142385,2161,129660.0
1072,32144508,2123,127380.0
1073,32146675,2167,130020.0
1074,32148827,2152,129120.0
1075,32150953,2126,127560.0
1077,32153110,2157,64710.0
1078,32155174,2064,123840.0
1079,32157385,2211,132660.0
1080,32159477,2092,125520.0
1081,32161622,2145,128700.0
1083,32163811,2189,65670.0
1084,32166016,2205,132300.0
1085,32168314,2298,137880.0
1086,32170467,2153,129180.0
1087,32172675,2208,132480.0
1089,32174816,2141,64230.0
1090,32177018,2202,132120.0
1091,32179221,2203,132180.0
1092,32181467,2246,134760.0
1093,32183715,2248,134880.0
1095,32185955,2240,67200.0
1096,32188153,2198,131880.0
1097,32190360,2207,132420.0
1098,32192598,2238,134280.0
1099,32194837,2239,134340.0
1101,32197100,2263,67890.0
1102,32199254,2154,129240.0
1103,32201419,2165,129900.0
1104,32203544,2125,127500.0
1105,32205698,2154,129240.0
1107,32207835,2137,64110.0
1108,32209931,2096,125760.0
1109,32212096,2165,129900.0
1110,32214288,2192,131520.0
1112,32216421,2133,63990.0
1113,32218589,2168,130080.0
1114,32220662,2073,124380.0
1115,32222740,2078,124680.0
1116,32224883,2143,128580.0
1118,32226995,2112,63360.0
1119,32229085,2090,125400.0
1120,32231163,2078,124680.0
1121,32233228,2065,123900.0
1123,32235306,2078,62340.0
1124,32237400,2094,125640.0
1125,32239438,2038,122280.0
1126,32241468,2030,121800.0
1127,32243542,2074,124440.0
1129,32245613,2071,62130.0
1130,32247597,1984,119040.0
1131,32249545,1948,116880.0
1132,32251543,1998,119880.0
1134,32253591,2048,61440.0
1135,32255572,1981,118860.0
1136,32257544,1972,118320.0
1137,32259527,1983,118980.0
1138,32261484,1957,117420.0
1140,32263422,1938,58140.0
1141,32265381,1959,117540.0
1142,32267279,1898,113880.0
1143,32269261,1982,118920.0
1145,32271192,1931,57930.0
1146,32273114,1922,115320.0
1147,32275100,1986,119160.0
1148,32277026,1926,115560.0
1149,32278955,1929,115740.0
1151,32280914,1959,58770.0
1152,32282861,1947,116820.0
1153,32284786,1925,115500.0
1154,32286670,1884,113040.0
1156,32288604,1934,58020.0
1157,32290468,1864,111840.0
1158,32292368,1900,114000.0
1159,32294278,1910,114600.0
1160,32296164,1886,113160.0
1162,32297943,1779,53370.0
1163,32299694,1751,105060.0
1164,32301509,1815,108900.0
1165,32303312,1803,108180.0
1167,32305125,1813,54390.0
1168,32307057,1932,115920.0
1169,32309021,1964,117840.0
1170,32310951,1930,115800.0
1172,32312855,1904,57120.0
1173,32314826,1971,118260.0
1174,32316911,2085,125100.0
1175,32318980,2069,124140.0
1176,32321091,2111,126660.0
1178,32323187,2096,62880.0
1179,32325201,2014,120840.0
1180,32327280,2079,124740.0
1181,32329408,2128,127680.0
1182,32331460,2052,123120.0
1184,32333515,2055,61650.0
1185,32335668,2153,129180.0
1186,32337750,2082,124920.0
1187,32339840,2090,125400.0
1188,32341900,2060,123600.0
1190,32343843,1943,58290.0
1191,32345860,2017,121020.0
1192,32347647,1787,107220.0
1193,32349422,1775,106500.0
1194,32351119,1697,101820.0
1195,32352914,1795,107700.0
1196,32354729,1815,108900.0
1197,32356582,1853,111180.0
1198,32358449,1867,112020.0
1199,32360278,1829,109740.0
1200,32362167,1889,113340.0
1201,32364090,1923,115380.0
1203,32365993,1903,57090.0
1204,32367842,1849,110940.0
1205,32369699,1857,111420.0
1206,32371570,1871,112260.0
1207,32373452,1882,112920.0
1208,32375292,1840,110400.0
1209,32377171,1879,112740.0
1210,32378903,1732,103920.0
1211,32380621,1718,103080.0
1212,32382416,1795,107700.0
1213,32384391,1975,118500.0
1214,32386298,1907,114420.0
1215,32388252,1954,117240.0
1216,32390212,1960,117600.0
1217,32392183,1971,118260.0
1218,32394178,1995,119700.0
1219,32396048,1870,112200.0
1221,32398048,2000,60000.0
1222,32400020,1972,118320.0
1223,32402004,1984,119040.0
1224,32403913,1909,114540.0
1225,32405816,1903,114180.0
1226,32407701,1885,113100.0
1227,32409637,1936,116160.0
1228,32411532,1895,113700.0
1229,32413391,1859,111540.0
1230,32415252,1861,111660.0
1231,32417106,1854,111240.0
1232,32418970,1864,111840.0
1233,32420892,1922,115320.0
1234,32422816,1924,115440.0
1235,32424727,1911,114660.0
1236,32426616,1889,113340.0
1237,32428593,1977,118620.0
1239,32430463,1870,56100.0
1240,32432439,1976,118560.0
1241,32434451,2012,120720.0
1242,32436394,1943,116580.0
1243,32438388,1994,119640.0
1244,32440365,1977,118620.0
1245,32442303,1938,116280.0
1246,32444278,1975,118500.0
1247,32446240,1962,117720.0
1248,32448158,1918,115080.0
1249,32450102,1944,116640.0
1250,32452046,1944,116640.0
1251,32453909,1863,111780.0
1252,32455791,1882,112920.0
1253,32457689,1898,113880.0
1255,32459622,1933,57990.0
1256,32461525,1903,114180.0
1257,32463340,1815,108900.0
1258,32465125,1785,107100.0
1259,32467035,1910,114600.0
1260,32468893,1858,111480.0
1261,32470676,1783,106980.0
1262,32472566,1890,113400.0
1263,32474409,1843,110580.0
1264,32476189,1780,106800.0
1265,32478049,1860,111600.0
1266,32479919,1870,112200.0
1267,32481723,1804,108240.0
1268,32483505,1782,106920.0
1270,32485293,1788,53640.0
1271,32487153,1860,111600.0
1272,32488941,1788,107280.0
1273,32490768,1827,109620.0
1274,32492523,1755,105300.0
1275,32494354,1831,109860.0
1276,32496148,1794,107640.0
1277,32497952,1804,108240.0
1278,32499734,1782,106920.0
1279,32501485,1751,105060.0
1280,32503255,1770,106200.0
1281,32505014,1759,105540.0
1282,32506823,1809,108540.0
1284,32508657,1834,55020.0
1285,32510387,1730,103800.0
1286,32512106,1719,103140.0
1287,32513853,1747,104820.0
1288,32515631,1778,106680.0
1289,32517371,1740,104400.0
1290,32519099,1728,103680.0
1291,32520837,1738,104280.0
1292,32522618,1781,106860.0
1293,32524336,1718,103080.0
1294,32525983,1647,98820.0
1295,32527706,1723,103380.0
1296,32529465,1759,105540.0
1298,32531120,1655,49650.0
1299,32532849,1729,103740.0
1300,32534539,1690,101400.0
1301,32536248,1709,102540.0
1302,32537881,1633,97980.0
1303,32539559,1678,100680.0
1304,32541296,1737,104220.0
1305,32542945,1649,98940.0
1306,32544600,1655,99300.0
1307,32546271,1671,100260.0
1308,32547929,1658,99480.0
1309,32549540,1611,96660.0
1310,32551122,1582,94920.0
1312,32552632,1510,45300.0
1313,32554194,1562,93720.0
1314,32555793,1599,95940.0
1315,32557463,1670,100200.0
1316,32559110,1647,98820.0
1317,32560740,1630,97800.0
1318,32562507,1767,106020.0
1319,32564225,1718,103080.0
1320,32565823,1598,95880.0
1321,32567472,1649,98940.0
1322,32569168,1696,101760.0
1323,32570936,1768,106080.0
1325,32572699,1763,52890.0
1326,32574469,1770,106200.0
1327,32576222,1753,105180.0
1328,32577966,1744,104640.0
1329,32579778,1812,108720.0
1330,32581570,1792,107520.0
1331,32583386,1816,108960.0
1332,32585242,1856,111360.0
1333,32587020,1778,106680.0
1334,32588821,1801,108060.0
1335,32590652,1831,109860.0
1336,32592463,1811,108660.0
1338,32594264,1801,54030.0
1339,32596085,1821,109260.0
1340,32597995,1910,114600.0
1341,32599890,1895,113700.0
1342,32601768,1878,112680.0
1343,32603702,1934,116040.0
1344,32605670,1968,118080.0
1345,32607646,1976,118560.0
1346,32609539,1893,113580.0
1347,32611477,1938,116280.0
1348,32613466,1989,119340.0
1349,32615407,1941,116460.0
1351,32617325,1918,57540.0
1352,32619222,1897,113820.0
1353,32621108,1886,113160.0
1354,32623053,1945,116700.0
1355,32624958,1905,114300.0
1356,32627002,2044,122640.0
1357,32629087,2085,125100.0
1358,32631097,2010,120600.0
1359,32633028,1931,115860.0
1360,32634971,1943,116580.0
1361,32636889,1918,115080.0
1362,32638838,1949,116940.0
1363,32640830,1992,119520.0
1365,32642817,1987,59610.0
1366,32644799,1982,118920.0
1367,32646755,1956,117360.0
1368,32648737,1982,118920.0
1369,32650654,1917,115020.0
1370,32652556,1902,114120.0
1371,32654490,1934,116040.0
1372,32656475,1985,119100.0
1373,32658393,1918,115080.0
1374,32660337,1944,116640.0
1375,32662243,1906,114360.0
1376,32664159,1916,114960.0
1378,32666025,1866,55980.0
1379,32667855,1830,109800.0
1380,32669700,1845,110700.0
1381,32671523,1823,109380.0
1382,32673431,1908,114480.0
1383,32675260,1829,109740.0
1384,32677190,1930,115800.0
1385,32679056,1866,111960.0
1386,32680966,1910,114600.0
1387,32682876,1910,114600.0
1388,32684754,1878,112680.0
1389,32686626,1872,112320.0
1391,32688432,1806,54180.0
1392,32690262,1830,109800.0
1393,32692092,1830,109800.0
1394,32693847,1755,105300.0
1395,32695680,1833,109980.0
1396,32697423,1743,104580.0
1397,32699179,1756,105360.0
1398,32701075,1896,113760.0
1399,32702901,1826,109560.0
1400,32704679,1778,106680.0
1401,32706445,1766,105960.0
1403,32708152,1707,51210.0
1404,32709881,1729,103740.0
1405,32711599,1718,103080.0
1406,32713383,1784,107040.0
1407,32715178,1795,107700.0
1408,32716958,1780,106800.0
1409,32718736,1778,106680.0
1410,32720466,1730,103800.0
1411,32722228,1762,105720.0
1412,32723985,1757,105420.0
1413,32725714,1729,103740.0
1414,32727429,1715,102900.0
1416,32729121,1692,50760.0
1417,32730866,1745,104700.0
1418,32732514,1648,98880.0
1419,32734177,1663,99780.0
1420,32735895,1718,103080.0
1421,32737583,1688,101280.0
1422,32739247,1664,99840.0
1423,32740925,1678,100680.0
1424,32742669,1744,104640.0
1425,32744359,1690,101400.0
1426,32746038,1679,100740.0
1427,32747698,1660,99600.0
1429,32749416,1718,51540.0
1430,32750997,1581,94860.0
1431,32752497,1500,90000.0
1432,32754039,1542,92520.0
1433,32755593,1554,93240.0
1434,32757031,1438,86280.0
1435,32758561,1530,91800.0
1436,32760050,1489,89340.0
1437,32761493,1443,86580.0
1438,32762918,1425,85500.0
1439,32764377,1459,87540.0
1441,32765772,1395,41850.0
1442,32767240,1468,88080.0
1443,32768845,1605,96300.0
1444,32770470,1625,97500.0
1445,32772065,1595,95700.0
1446,32773714,1649,98940.0
1447,32775392,1678,100680.0
1448,32777050,1658,99480.0
1449,32778788,1738,104280.0
1450,32780547,1759,105540.0
1452,32782326,1779,53370.0
1453,32784154,1828,109680.0
1454,32785990,1836,110160.0
1455,32787764,1774,106440.0
1456,32789576,1812,108720.0
1457,32791435,1859,111540.0
1458,32793311,1876,112560.0
1459,32795173,1862,111720.0
1460,32797003,1830,109800.0
1461,32798813,1810,108600.0
1462,32800692,1879,112740.0
1464,32802550,1858,55740.0
1465,32804430,1880,112800.0
1466,32806261,1831,109860.0
1467,32808212,1951,117060.0
1468,32810124,1912,114720.0
1469,32811994,1870,112200.0
1470,32813895,1901,114060.0
1471,32815796,1901,114060.0
1472,32817726,1930,115800.0
1473,32819567,1841,110460.0
1475,32821472,1905,57150.0
1476,32823251,1779,106740.0
1477,32825170,1919,115140.0
1478,32827068,1898,113880.0
1479,32828983,1915,114900.0
1480,32830948,1965,117900.0
1481,32832882,1934,116040.0
1482,32834848,1966,117960.0
1483,32836817,1969,118140.0
1484,32838809,1992,119520.0
1486,32840685,1876,56280.0
1487,32842578,1893,113580.0
1488,32844581,2003,120180.0
1489,32846514,1933,115980.0
1490,32848429,1915,114900.0
1491,32850406,1977,118620.0
1492,32852369,1963,117780.0
1493,32854275,1906,114360.0
1494,32856091,1816,108960.0
1495,32858009,1918,115080.0
1496,32859888,1879,112740.0
1498,32861827,1939,58170.0
1499,32863698,1871,112260.0
1500,32865558,1860,111600.0
1501,32867455,1897,113820.0
1502,32869302,1847,110820.0
1503,32871226,1924,115440.0
1504,32873094,1868,112080.0
1505,32874902,1808,108480.0
1506,32876780,1878,112680.0
1507,32878642,1862,111720.0
1509,32880455,1813,54390.0
1510,32882342,1887,113220.0
1511,32884169,1827,109620.0
1512,32886031,1862,111720.0
1513,32887889,1858,111480.0
1514,32889698,1809,108540.0
1515,32891507,1809,108540.0
1516,32893335,1828,109680.0
1517,32895148,1813,108780.0
1518,32896922,1774,106440.0
1520,32898676,1754,52620.0
1521,32900417,1741,104460.0
1522,32902231,1814,108840.0
1523,32903979,1748,104880.0
1524,32905750,1771,106260.0
1525,32907482,1732,103920.0
1526,32909203,1721,103260.0
1527,32911066,1863,111780.0
1528,32912822,1756,105360.0
1529,32914594,1772,106320.0
1531,32916259,1665,49950.0
1532,32918046,1787,107220.0
1533,32919771,1725,103500.0
1534,32921465,1694,101640.0
1535,32923258,1793,107580.0
1536,32924990,1732,103920.0
1537,32926713,1723,103380.0
1538,32928431,1718,103080.0
1539,32930206,1775,106500.0
1540,32931922,1716,102960.0
1542,32933583,1661,49830.0
1543,32935330,1747,104820.0
1544,32937063,1733,103980.0
1545,32938709,1646,98760.0
1546,32940416,1707,102420.0
1547,32942066,1650,99000.0
1548,32943745,1679,100740.0
1549,32945431,1686,101160.0
1550,32947065,1634,98040.0
1551,32948719,1654,99240.0
1553,32950335,1616,48480.0
1554,32951994,1659,99540.0
1555,32953528,1534,92040.0
1556,32955219,1691,101460.0
1557,32956874,1655,99300.0
1558,32958466,1592,95520.0
1559,32959991,1525,91500.0
1560,32961613,1622,97320.0
1561,32963214,1601,96060.0
1562,32964623,1409,84540.0
1563,32966135,1512,90720.0
1564,32967774,1639,98340.0
1566,32969440,1666,49980.0
1567,32971043,1603,96180.0
1568,32972790,1747,104820.0
1569,32974545,1755,105300.0
1570,32976294,1749,104940.0
1571,32978000,1706,102360.0
1572,32979778,1778,106680.0
1573,32981535,1757,105420.0
1574,32983283,1748,104880.0
1575,32985102,1819,109140.0
1577,32986913,1811,54330.0
1578,32988690,1777,106620.0
1579,32990431,1741,104460.0
1580,32992091,1660,99600.0
1581,32993830,1739,104340.0
1582,32995577,1747,104820.0
1583,32997340,1763,105780.0
1584,32999096,1756,105360.0
1585,33000788,1692,101520.0
1586,33002585,1797,107820.0
1588,33004321,1736,52080.0
1589,33006148,1827,109620.0
1590,33007979,1831,109860.0
1591,33009741,1762,105720.0
1592,33011503,1762,105720.0
1593,33013305,1802,108120.0
1594,33015167,1862,111720.0
1595,33017008,1841,110460.0
1596,33018959,1951,117060.0
1597,33020858,1899,113940.0
1599,33022847,1989,59670.0
1600,33024810,1963,117780.0
1601,33026818,2008,120480.0
1602,33028782,1964,117840.0
1603,33030844,2062,123720.0
1604,33032877,2033,121980.0
1605,33034872,1995,119700.0
1606,33036851,1979,118740.0
1607,33038855,2004,120240.0
1609,33040851,1996,59880.0
1610,33042871,2020,121200.0
1611,33044850,1979,118740.0
1612,33046871,2021,121260.0
1613,33048859,1988,119280.0
1614,33050863,2004,120240.0
1615,33052861,1998,119880.0
1616,33054875,2014,120840.0
1618,33056839,1964,58920.0
1619,33058771,1932,115920.0
1620,33060730,1959,117540.0
1621,33062631,1901,114060.0
1622,33064581,1950,117000.0
1623,33066483,1902,114120.0
1624,33068422,1939,116340.0
1625,33070313,1891,113460.0
1626,33072125,1812,108720.0
1628,33073994,1869,56070.0
1629,33075965,1971,118260.0
1630,33077856,1891,113460.0
1631,33079782,1926,115560.0
1632,33081674,1892,113520.0
1633,33083522,1848,110880.0
1634,33085447,1925,115500.0
1635,33087293,1846,110760.0
1637,33089183,1890,56700.0
1638,33091112,1929,115740.0
1639,33092960,1848,110880.0
1640,33094903,1943,116580.0
1641,33096700,1797,107820.0
1642,33098538,1838,110280.0
1643,33100298,1760,105600.0
1644,33102141,1843,110580.0
1646,33103924,1783,53490.0
1647,33105806,1882,112920.0
1648,33107658,1852,111120.0
1649,33109461,1803,108180.0
1650,33111305,1844,110640.0
1651,33113048,1743,104580.0
1652,33114838,1790,107400.0
1653,33116611,1773,106380.0
1655,33118391,1780,53400.0
1656,33120062,1671,100260.0
1657,33121822,1760,105600.0
1658,33123598,1776,106560.0
1659,33125308,1710,102600.0
1660,33127049,1741,104460.0
1661,33128775,1726,103560.0
1662,33130488,1713,102780.0
1664,33132298,1810,54300.0
1665,33134038,1740,104400.0
1666,33135809,1771,106260.0
1667,33137514,1705,102300.0
1668,33139196,1682,100920.0
1669,33140958,1762,105720.0
1670,33142519,1561,93660.0
1671,33144099,1580,94800.0
1673,33145645,1546,46380.0
1674,33147225,1580,94800.0
1675,33148812,1587,95220.0
1676,33150422,1610,96600.0
1677,33152150,1728,103680.0
1678,33153689,1539,92340.0
1679,33155346,1657,99420.0
1680,33156881,1535,92100.0
1682,33158471,1590,47700.0
1683,33160122,1651,99060.0
1684,33161747,1625,97500.0
1685,33163389,1642,98520.0
1686,33164961,1572,94320.0
1687,33166577,1616,96960.0
1688,33168111,1534,92040.0
1689,33169609,1498,89880.0
1691,33171259,1650,49500.0
1692,33172829,1570,94200.0
1693,33174358,1529,91740.0
1694,33175927,1569,94140.0
1695,33177561,1634,98040.0
1696,33179261,1700,102000.0
1697,33181000,1739,104340.0
1698,33182711,1711,102660.0
1700,33184509,1798,53940.0
1701,33186331,1822,109320.0
1702,33188192,1861,111660.0
1703,33190113,1921,115260.0
1704,33192156,2043,122580.0
1705,33194116,1960,117600.0
1706,33196055,1939,116340.0
1707,33198047,1992,119520.0
1708,33200020,1973,118380.0
1710,33202008,1988,59640.0
1711,33204031,2023,121380.0
1712,33205983,1952,117120.0
1713,33207963,1980,118800.0
1714,33209952,1989,119340.0
1715,33211862,1910,114600.0
1716,33213841,1979,118740.0
1717,33215801,1960,117600.0
1719,33217718,1917,57510.0
1720,33219635,1917,115020.0
1721,33221567,1932,115920.0
1722,33223471,1904,114240.0
1723,33225399,1928,115680.0
1724,33227297,1898,113880.0
1725,33229258,1961,117660.0
1726,33231198,1940,116400.0
1728,33233007,1809,54270.0
1729,33234930,1923,115380.0
1730,33236873,1943,116580.0
1731,33238747,1874,112440.0
1732,33240568,1821,109260.0
1733,33242455,1887,113220.0
1734,33244296,1841,110460.0
1735,33246223,1927,115620.0
1737,33248103,1880,56400.0
1738,33249953,1850,111000.0
1739,33251783,1830,109800.0
1740,33253634,1851,111060.0
1741,33255495,1861,111660.0
1742,33257352,1857,111420.0
1743,33259155,1803,108180.0
1744,33260979,1824,109440.0
1746,33262804,1825,54750.0
1747,33264654,1850,111000.0
1748,33266455,1801,108060.0
1749,33268292,1837,110220.0
1750,33270124,1832,109920.0
1751,33271927,1803,108180.0
1752,33273766,1839,110340.0
1753,33275610,1844,110640.0
1755,33277374,1764,52920.0
1756,33279124,1750,105000.0
1757,33280907,1783,106980.0
1758,33282663,1756,105360.0
1759,33284407,1744,104640.0
1760,33286241,1834,110040.0
1761,33288071,1830,109800.0
1762,33289872,1801,108060.0
1764,33291642,1770,53100.0
1765,33293416,1774,106440.0
1766,33295081,1665,99900.0
1767,33296811,1730,103800.0
1768,33298591,1780,106800.0
1769,33300341,1750,105000.0
1770,33302065,1724,103440.0
1771,33303780,1715,102900.0
1773,33305500,1720,51600.0
1774,33307293,1793,107580.0
1775,33308974,1681,100860.0
1776,33310668,1694,101640.0
1777,33312312,1644,98640.0
1778,33314030,1718,103080.0
1779,33315726,1696,101760.0
1780,33317385,1659,99540.0
1782,33319034,1649,49470.0
1783,33320746,1712,102720.0
1784,33322437,1691,101460.0
1785,33324168,1731,103860.0
1786,33325935,1767,106020.0
1787,33327624,1689,101340.0
1788,33329296,1672,100320.0
1789,33331021,1725,103500.0
1791,33332641,1620,48600.0
1792,33334136,1495,89700.0
1793,33335455,1319,79140.0
1794,33336871,1416,84960.0
1795,33338223,1352,81120.0
1796,33339760,1537,92220.0
1797,33341256,1496,89760.0
1799,33342756,1500,45000.0
1800,33344293,1537,92220.0
1801,33345895,1602,96120.0
1802,33347417,1522,91320.0
1803,33348917,1500,90000.0
1804,33350512,1595,95700.0
1805,33352047,1535,92100.0
1806,33353604,1557,93420.0
1807,33355172,1568,94080.0
1809,33356699,1527,45810.0
1810,33358307,1608,96480.0
1811,33359880,1573,94380.0
1812,33361491,1611,96660.0
1813,33363015,1524,91440.0
1814,33364648,1633,97980.0
1815,33366349,1701,102060.0
1816,33367997,1648,98880.0
1818,33369623,1626,48780.0
1819,33371242,1619,97140.0
1820,33372746,1504,90240.0
1821,33374324,1578,94680.0
1822,33375938,1614,96840.0
1823,33377665,1727,103620.0
1825,33379344,1679,50370.0
1826,33381012,1668,100080.0
1827,33382787,1775,106500.0
1828,33384562,1775,106500.0
1829,33386369,1807,108420.0
1830,33388155,1786,107160.0
1832,33389989,1834,55020.0
1833,33391777,1788,107280.0
1834,33393666,1889,113340.0
1835,33395557,1891,113460.0
1836,33397484,1927,115620.0
1837,33399480,1996,119760.0
1839,33401531,2051,61530.0
1840,33403532,2001,120060.0
1841,33405541,2009,120540.0
1842,33407567,2026,121560.0
1843,33409563,1996,119760.0
1844,33411596,2033,121980.0
1846,33413611,2015,60450.0
1847,33415694,2083,124980.0
1848,33417750,2056,123360.0
1849,33419884,2134,128040.0
1850,33421968,2084,125040.0
1851,33424129,2161,129660.0
1852,33426211,2082,124920.0
1854,33428247,2036,61080.0
1855,33430294,2047,122820.0
1856,33432381,2087,125220.0
1857,33434445,2064,123840.0
1858,33436509,2064,123840.0
1859,33438548,2039,122340.0
1861,33440588,2040,61200.0
1862,33442585,1997,119820.0
1863,33444566,1981,118860.0
1864,33446551,1985,119100.0
1865,33448631,2080,124800.0
1866,33450771,2140,128400.0
1868,33452825,2054,61620.0
1869,33454880,2055,123300.0
1870,33456853,1973,118380.0
1871,33458918,2065,123900.0
1872,33460952,2034,122040.0
1873,33462951,1999,119940.0
1875,33464967,2016,60480.0
1876,33466951,1984,119040.0
1877,33468953,2002,120120.0
1878,33470908,1955,117300.0
1879,33472856,1948,116880.0
1880,33474835,1979,118740.0
1882,33476740,1905,57150.0
1883,33478658,1918,115080.0
1884,33480601,1943,116580.0
1885,33482496,1895,113700.0
1886,33484468,1972,118320.0
1887,33486374,1906,114360.0
1889,33488277,1903,57090.0
1890,33490182,1905,114300.0
1891,33492135,1953,117180.0
1892,33494052,1917,115020.0
1893,33496005,1953,117180.0
1894,33497893,1888,113280.0
1895,33499820,1927,115620.0
1897,33501666,1846,55380.0
1898,33503527,1861,111660.0
1899,33505374,1847,110820.0
1900,33507276,1902,114120.0
1901,33509124,1848,110880.0
1903,33511005,1881,56430.0
1904,33512883,1878,112680.0
1905,33514715,1832,109920.0
1906,33516505,1790,107400.0
1907,33518366,1861,111660.0
1908,33520277,1911,114660.0
1910,33522138,1861,55830.0
1911,33523933,1795,107700.0
1912,33525782,1849,110940.0
1913,33527570,1788,107280.0
1914,33529390,1820,109200.0
1915,33531234,1844,110640.0
1917,33533080,1846,55380.0
1918,33534737,1657,99420.0
1919,33536473,1736,104160.0
1920,33538240,1767,106020.0
1921,33539949,1709,102540.0
1922,33541692,1743,104580.0
1924,33543507,1815,54450.0
1925,33545345,1838,110280.0
1926,33547263,1918,115080.0
1927,33549271,2008,120480.0
1928,33551249,1978,118680.0
1929,33553240,1991,119460.0
1930,33555241,2001,120060.0
1932,33557333,2092,62760.0
1933,33559364,2031,121860.0
1934,33561390,2026,121560.0
1935,33563428,2038,122280.0
1936,33565431,2003,120180.0
1937,33567456,2025,121500.0
1938,33569414,1958,117480.0
1940,33571395,1981,59430.0
1941,33573375,1980,118800.0
1942,33575367,1992,119520.0
1943,33577320,1953,117180.0
1944,33579266,1946,116760.0
1945,33581192,1926,115560.0
1946,33583164,1972,118320.0
1948,33585130,1966,58980.0
1949,33587087,1957,117420.0
1950,33589058,1971,118260.0
1951,33591049,1991,119460.0
1952,33593010,1961,117660.0
1953,33594956,1946,116760.0
1955,33596961,2005,60150.0
1956,33598841,1880,112800.0
1957,33600779,1938,116280.0
1958,33602780,2001,120060.0
1959,33604663,1883,112980.0
1960,33606488,1825,109500.0
1962,33608343,1855,55650.0
1963,33610236,1893,113580.0
1964,33612116,1880,112800.0
1965,33614024,1908,114480.0
1966,33615924,1900,114000.0
1967,33617852,1928,115680.0
1969,33619835,1983,59490.0
1970,33621816,1981,118860.0
1971,33623785,1969,118140.0
1972,33625714,1929,115740.0
1973,33627624,1910,114600.0
1974,33629433,1809,108540.0
1976,33631329,1896,56880.0
1977,33633222,1893,113580.0
1978,33635129,1907,114420.0
1979,33637050,1921,115260.0
1980,33638963,1913,114780.0
1981,33640934,1971,118260.0
1983,33642731,1797,53910.0
1984,33644574,1843,110580.0
1985,33646520,1946,116760.0
1986,33648446,1926,115560.0
1987,33650294,1848,110880.0
1988,33652125,1831,109860.0
1990,33653912,1787,53610.0
1991,33655796,1884,113040.0
1992,33657605,1809,108540.0
1993,33659432,1827,109620.0
1994,33661342,1910,114600.0
1995,33663104,1762,105720.0
1997,33664904,1800,54000.0
1998,33666697,1793,107580.0
1999,33668533,1836,110160.0
2000,33670381,1848,110880.0
2001,33672228,1847,110820.0
2002,33674072,1844,110640.0
2004,33675832,1760,52800.0
2005,33677611,1779,106740.0
2006,33679438,1827,109620.0
2007,33681215,1777,106620.0
2008,33683049,1834,110040.0
2010,33684762,1713,51390.0
2011,33686535,1773,106380.0
2012,33688247,1712,102720.0
2013,33690050,1803,108180.0
2014,33691765,1715,102900.0
2015,33693543,1778,106680.0
2017,33695254,1711,51330.0
2018,33696982,1728,103680.0
2019,33698771,1789,107340.0
2020,33700569,1798,107880.0
2021,33702297,1728,103680.0
2022,33703978,1681,100860.0
2024,33705580,1602,48060.0
2025,33707285,1705,102300.0
2026,33708983,1698,101880.0
2027,33710665,1682,100920.0
2028,33712290,1625,97500.0
2030,33714058,1768,53040.0
2031,33715749,1691,101460.0
2032,33717455,1706,102360.0
2033,33719042,1587,95220.0
2034,33720647,1605,96300.0
2035,33722170,1523,91380.0
2037,33723806,1636,49080.0
2038,33725437,1631,97860.0
2039,33727084,1647,98820.0
2040,33728611,1527,91620.0
2041,33730113,1502,90120.0
2042,33731743,1630,97800.0
2043,33733308,1565,93900.0
2044,33734801,1493,89580.0
2046,33736376,1575,47250.0
2047,33737872,1496,89760.0
2048,33739431,1559,93540.0
2049,33740936,1505,90300.0
2050,33742495,1559,93540.0
2051,33743987,1492,89520.0
2052,33745386,1399,83940.0
2054,33746882,1496,44880.0
2055,33748405,1523,91380.0
2056,33749964,1559,93540.0
2057,33751492,1528,91680.0
2058,33753158,1666,99960.0
2060,33754869,1711,51330.0
2061,33756496,1627,97620.0
2062,33758217,1721,103260.0
2063,33760037,1820,109200.0
2064,33761844,1807,108420.0
2065,33763637,1793,107580.0
2067,33765415,1778,53340.0
2068,33767189,1774,106440.0
2069,33768923,1734,104040.0
2070,33770663,1740,104400.0
2071,33772385,1722,103320.0
2072,33774148,1763,105780.0
2074,33775883,1735,52050.0
2075,33777626,1743,104580.0
2076,33779373,1747,104820.0
2077,33781125,1752,105120.0
2078,33782838,1713,102780.0
2080,33784542,1704,51120.0
2081,33786336,1794,107640.0
2082,33788036,1700,102000.0
2083,33789757,1721,103260.0
2084,33791592,1835,110100.0
2086,33793476,1884,56520.0
2087,33795411,1935,116100.0
2088,33797313,1902,114120.0
2089,33799253,1940,116400.0
2090,33801230,1977,118620.0
2091,33803211,1981,118860.0
2093,33805235,2024,60720.0
2094,33807193,1958,117480.0
2095,33809195,2002,120120.0
2096,33811224,2029,121740.0
2097,33813217,1993,119580.0
2099,33815195,1978,59340.0
2100,33817161,1966,117960.0
2101,33819143,1982,118920.0
2102,33821114,1971,118260.0
2103,33823124,2010,120600.0
2104,33825114,1990,119400.0
2106,33827072,1958,58740.0
2107,33829019,1947,116820.0
2108,33830968,1949,116940.0
2109,33832985,2017,121020.0
2110,33834929,1944,116640.0
2112,33836854,1925,57750.0
2113,33838748,1894,113640.0
2114,33840665,1917,115020.0
2115,33842572,1907,114420.0
2116,33844587,2015,120900.0
2118,33846490,1903,57090.0
2119,33848392,1902,114120.0
2120,33850355,1963,117780.0
2121,33852243,1888,113280.0
2122,33854145,1902,114120.0
2124,33856035,1890,56700.0
2125,33857901,1866,111960.0
2126,33859812,1911,114660.0
2127,33861776,1964,117840.0
2128,33863684,1908,114480.0
2130,33865556,1872,56160.0
2131,33867436,1880,112800.0
2132,33869369,1933,115980.0
2133,33871245,1876,112560.0
2134,33873191,1946,116760.0
2136,33875016,1825,54750.0
2137,33876852,1836,110160.0
2138,33878633,1781,106860.0
2139,33880498,1865,111900.0
2140,33882328,1830,109800.0
2142,33884119,1791,53730.0
2143,33885945,1826,109560.0
2144,33887705,1760,105600.0
2145,33889476,1771,106260.0
2147,33891285,1809,54270.0
2148,33893054,1769,106140.0
2149,33894843,1789,107340.0
2150,33896628,1785,107100.0
2151,33898275,1647,98820.0
2153,33899990,1715,51450.0
2154,33901600,1610,96600.0
2155,33903272,1672,100320.0
2156,33904848,1576,94560.0
2157,33906477,1629,97740.0
2159,33908089,1612,48360.0
2160,33909662,1573,94380.0
2161,33911320,1658,99480.0
2162,33912967,1647,98820.0
2163,33914625,1658,99480.0
2165,33916287,1662,49860.0
2166,33917866,1579,94740.0
2167,33919431,1565,93900.0
2168,33921011,1580,94800.0
2170,33922593,1582,47460.0
2171,33924309,1716,102960.0
2172,33925900,1591,95460.0
2173,33927615,1715,102900.0
2174,33929314,1699,101940.0
2176,33930950,1636,49080.0
2177,33932745,1795,107700.0
2178,33934484,1739,104340.0
2179,33936302,1818,109080.0
2180,33938063,1761,105660.0
2182,33939850,1787,53610.0
2183,33941623,1773,106380.0
2184,33943423,1800,108000.0
2185,33945238,1815,108900.0
2186,33947011,1773,106380.0
2188,33948535,1524,45720.0
2189,33950122,1587,95220.0
2190,33951791,1669,100140.0
2191,33953452,1661,99660.0
2192,33955033,1581,94860.0
2193,33956621,1588,95280.0
2194,33958200,1579,94740.0
2195,33959867,1667,100020.0
2196,33961625,1758,105480.0
2197,33963436,1811,108660.0
2198,33965287,1851,111060.0
2199,33967124,1837,110220.0
2200,33968983,1859,111540.0
2201,33970855,1872,112320.0
2202,33972666,1811,108660.0
2204,33974538,1872,56160.0
2205,33976390,1852,111120.0
2206,33978229,1839,110340.0
2207,33980141,1912,114720.0
2208,33982024,1883,112980.0
2209,33983848,1824,109440.0
2210,33985743,1895,113700.0
2211,33987630,1887,113220.0
2212,33989474,1844,110640.0
2213,33991350,1876,112560.0
2214,33993223,1873,112380.0
2215,33995111,1888,113280.0
2216,33996990,1879,112740.0
2217,33998861,1871,112260.0
2218,34000731,1870,112200.0
2219,34002558,1827,109620.0
2221,34004402,1844,55320.0
2222,34006259,1857,111420.0
2223,34008032,1773,106380.0
2224,34009878,1846,110760.0
2225,34011741,1863,111780.0
2226,34013577,1836,110160.0
2227,34015433,1856,111360.0
2228,34017262,1829,109740.0
2229,34019062,1800,108000.0
2230,34020855,1793,107580.0
2231,34022691,1836,110160.0
2232,34024526,1835,110100.0
2233,34026205,1679,100740.0
2234,34027986,1781,106860.0
2235,34029714,1728,103680.0
2237,34031574,1860,55800.0
2238,34033369,1795,107700.0
2239,34035084,1715,102900.0
2240,34036858,1774,106440.0
2241,34038613,1755,105300.0
2242,34040355,1742,104520.0
2243,34042086,1731,103860.0
2244,34043876,1790,107400.0
2245,34045659,1783,106980.0
2246,34047471,1812,108720.0
2247,34049212,1741,104460.0
2248,34051025,1813,108780.0
2249,34052788,1763,105780.0
2250,34054523,1735,104100.0
2251,34056202,1679,100740.0
2253,34057887,1685,50550.0
2254,34059609,1722,103320.0
2255,34061378,1769,106140.0
2256,34063049,1671,100260.0
2257,34064784,1735,104100.0
2258,34066509,1725,103500.0
2259,34068195,1686,101160.0
2260,34069944,1749,104940.0
2261,34071624,1680,100800.0
2262,34073336,1712,102720.0
2263,34074987,1651,99060.0
2264,34076622,1635,98100.0
2265,34078274,1652,99120.0
2266,34079968,1694,101640.0
2268,34081619,1651,49530.0
2269,34083313,1694,101640.0
2270,34084906,1593,95580.0
2271,34086564,1658,99480.0
2272,34088109,1545,92700.0
2273,34089618,1509,90540.0
2274,34091113,1495,89700.0
2275,34092692,1579,94740.0
2276,34094328,1636,98160.0
2277,34095897,1569,94140.0
2278,34097385,1488,89280.0
2279,34098949,1564,93840.0
2280,34100553,1604,96240.0
2281,34102090,1537,92220.0
2282,34103599,1509,90540.0
2284,34105110,1511,45330.0
2285,34106789,1679,100740.0
2286,34108375,1586,95160.0
2287,34109961,1586,95160.0
2288,34111619,1658,99480.0
2289,34113181,1562,93720.0
2290,34114717,1536,92160.0
2291,34116292,1575,94500.0
2292,34117818,1526,91560.0
2293,34119319,1501,90060.0
2294,34120796,1477,88620.0
2295,34122307,1511,90660.0
2296,34123881,1574,94440.0
2297,34125380,1499,89940.0
2298,34126900,1520,91200.0
2299,34128481,1581,94860.0
2301,34130018,1537,46110.0
2302,34131552,1534,92040.0
2303,34133046,1494,89640.0
2304,34134516,1470,88200.0
2305,34136111,1595,95700.0
2306,34137634,1523,91380.0
2307,34139208,1574,94440.0
2308,34140711,1503,90180.0
2309,34142270,1559,93540.0
2310,34143772,1502,90120.0
2311,34145321,1549,92940.0
2312,34146849,1528,91680.0
2313,34148301,1452,87120.0
2314,34149745,1444,86640.0
2315,34151230,1485,89100.0
2317,34152789,1559,46770.0
2318,34154266,1477,88620.0
2319,34155673,1407,84420.0
2320,34157135,1462,87720.0
2321,34158633,1498,89880.0
2322,34160052,1419,85140.0
2323,34161423,1371,82260.0
2324,34162939,1516,90960.0
2325,34164481,1542,92520.0
2326,34166100,1619,97140.0
2327,34167599,1499,89940.0
2328,34169161,1562,93720.0
2329,34170701,1540,92400.0
2331,34172206,1505,45150.0
2332,34173657,1451,87060.0
2333,34175251,1594,95640.0
2334,34176782,1531,91860.0
2335,34178392,1610,96600.0
2336,34179918,1526,91560.0
2337,34181467,1549,92940.0
2338,34183059,1592,95520.0
2339,34184669,1610,96600.0
2340,34186236,1567,94020.0
2341,34187783,1547,92820.0
2342,34189310,1527,91620.0
2344,34190839,1529,45870.0
2345,34192496,1657,99420.0
2346,34194105,1609,96540.0
2347,34195643,1538,92280.0
2348,34197256,1613,96780.0
2349,34198814,1558,93480.0
2350,34200352,1538,92280.0
2351,34201934,1582,94920.0
2352,34203510,1576,94560.0
2353,34205109,1599,95940.0
2354,34206689,1580,94800.0
2355,34208242,1553,93180.0
2357,34209832,1590,47700.0
2358,34211492,1660,99600.0
2359,34213218,1726,103560.0
2360,34214854,1636,98160.0
2361,34216545,1691,101460.0
2362,34218199,1654,99240.0
2363,34219891,1692,101520.0
2364,34221560,1669,100140.0
2365,34223293,1733,103980.0
2366,34224975,1682,100920.0
2367,34226773,1798,107880.0
2368,34228567,1794,107640.0
2370,34230334,1767,53010.0
2371,34232162,1828,109680.0
2372,34233912,1750,105000.0
2373,34235718,1806,108360.0
2374,34237493,1775,106500.0
2375,34239284,1791,107460.0
2376,34241038,1754,105240.0
2377,34242728,1690,101400.0
2378,34244538,1810,108600.0
2379,34246312,1774,106440.0
2380,34248054,1742,104520.0
2381,34249781,1727,103620.0
2382,34251499,1718,103080.0
2384,34253178,1679,50370.0
2385,34254949,1771,106260.0
2386,34256705,1756,105360.0
2387,34258476,1771,106260.0
2388,34260115,1639,98340.0
2389,34261867,1752,105120.0
2390,34263553,1686,101160.0
2391,34265194,1641,98460.0
2392,34266733,1539,92340.0
2393,34268280,1547,92820.0
2394,34269750,1470,88200.0
2396,34271280,1530,45900.0
2397,34272782,1502,90120.0
2398,34274363,1581,94860.0
2399,34275966,1603,96180.0
2400,34277507,1541,92460.0
2401,34279070,1563,93780.0
2402,34280561,1491,89460.0
2403,34282036,1475,88500.0
2404,34283399,1363,81780.0
2405,34284870,1471,88260.0
2406,34286331,1461,87660.0
2407,34287767,1436,86160.0
2408,34289334,1567,94020.0
2410,34290829,1495,44850.0
2411,34292200,1371,82260.0
2412,34293685,1485,89100.0
2413,34295242,1557,93420.0
2414,34296794,1552,93120.0
2415,34298342,1548,92880.0
2416,34299944,1602,96120.0
2417,34301493,1549,92940.0
2418,34303186,1693,101580.0
2419,34304842,1656,99360.0
2420,34306509,1667,100020.0
2421,34308125,1616,96960.0
2422,34309728,1603,96180.0
2424,34311397,1669,50070.0
2425,34313084,1687,101220.0
2426,34314734,1650,99000.0
2427,34316395,1661,99660.0
2428,34318077,1682,100920.0
2429,34319719,1642,98520.0
2430,34321339,1620,97200.0
2431,34323084,1745,104700.0
2432,34324848,1764,105840.0
2433,34326487,1639,98340.0
2434,34328267,1780,106800.0
2436,34329997,1730,51900.0
2437,34331694,1697,101820.0
2438,34333422,1728,103680.0
2439,34335137,1715,102900.0
2440,34336879,1742,104520.0
2441,34338712,1833,109980.0
2442,34340433,1721,103260.0
2443,34342212,1779,106740.0
2444,34343940,1728,103680.0
2445,34345730,1790,107400.0
2446,34347526,1796,107760.0
2447,34349318,1792,107520.0
2449,34351114,1796,53880.0
2450,34352869,1755,105300.0
2451,34354678,1809,108540.0
2452,34356474,1796,107760.0
2453,34358240,1766,105960.0
2454,34359963,1723,103380.0
2455,34361697,1734,104040.0
2456,34363553,1856,111360.0
2457,34365279,1726,103560.0
2458,34367009,1730,103800.0
2459,34368800,1791,107460.0
2461,34370634,1834,55020.0
2462,34372370,1736,104160.0
2463,34374057,1687,101220.0
2464,34375759,1702,102120.0
2465,34377567,1808,108480.0
2466,34379290,1723,103380.0
2467,34381022,1732,103920.0
2468,34382767,1745,104700.0
2469,34384422,1655,99300.0
2470,34386118,1696,101760.0
2471,34387781,1663,99780.0
2473,34389451,1670,50100.0
2474,34391159,1708,102480.0
2475,34392860,1701,102060.0
2476,34394508,1648,98880.0
2477,34396206,1698,101880.0
2478,34397973,1767,106020.0
2479,34399620,1647,98820.0
2480,34401311,1691,101460.0
2481,34403033,1722,103320.0
2482,34404735,1702,102120.0
2483,34406394,1659,99540.0
2485,34408031,1637,49110.0
2486,34409634,1603,96180.0
2487,34411247,1613,96780.0
2488,34412808,1561,93660.0
2489,34414456,1648,98880.0
2490,34416061,1605,96300.0
2491,34417742,1681,100860.0
2492,34419394,1652,99120.0
2493,34421025,1631,97860.0
2494,34422601,1576,94560.0
2495,34424250,1649,98940.0
2497,34425883,1633,48990.0
2498,34427454,1571,94260.0
2499,34429129,1675,100500.0
2500,34430698,1569,94140.0
2501,34432307,1609,96540.0
2502,34433930,1623,97380.0
2503,34435517,1587,95220.0
2504,34437036,1519,91140.0
2505,34438629,1593,95580.0
2506,34440171,1542,92520.0
2508,34441765,1594,47820.0
2509,34443333,1568,94080.0
2510,34444855,1522,91320.0
2511,34446461,1606,96360.0
2512,34448046,1585,95100.0
2513,34449612,1566,93960.0
2514,34451121,1509,90540.0
2515,34452703,1582,94920.0
2516,34454256,1553,93180.0
2517,34455750,1494,89640.0
2518,34457326,1576,94560.0
2520,34458808,1482,44460.0
2521,34460386,1578,94680.0
2522,34461898,1512,90720.0
2523,34463356,1458,87480.0
2524,34464917,1561,93660.0
2525,34466475,1558,93480.0
2526,34467953,1478,88680.0
2527,34469452,1499,89940.0
2528,34470873,1421,85260.0
2529,34472390,1517,91020.0
2531,34473948,1558,46740.0
2532,34475421,1473,88380.0
2533,34476976,1555,93300.0
2534,34478577,1601,96060.0
2535,34480063,1486,89160.0
2536,34481630,1567,94020.0
2537,34483215,1585,95100.0
2538,34484887,1672,100320.0
2539,34486572,1685,101100.0
2540,34488255,1683,100980.0
2542,34489923,1668,50040.0
2543,34491637,1714,102840.0
2544,34493429,1792,107520.0
2545,34495119,1690,101400.0
2546,34496757,1638,98280.0
2547,34498455,1698,101880.0
2548,34500092,1637,98220.0
2549,34501727,1635,98100.0
2550,34503421,1694,101640.0
2551,34505088,1667,100020.0
2553,34506402,1314,39420.0
2554,34507901,1499,89940.0
2555,34509406,1505,90300.0
2556,34510956,1550,93000.0
2557,34512564,1608,96480.0
2558,34514252,1688,101280.0
2559,34515915,1663,99780.0
2560,34517564,1649,98940.0
2561,34519106,1542,92520.0
2562,34520698,1592,95520.0
2564,34522376,1678,50340.0
2565,34524028,1652,99120.0
2566,34525640,1612,96720.0
2567,34527267,1627,97620.0
2568,34528949,1682,100920.0
2569,34530616,1667,100020.0
2570,34532315,1699,101940.0
2571,34533973,1658,99480.0
2572,34535694,1721,103260.0
2574,34537430,1736,52080.0
2575,34539221,1791,107460.0
2576,34540959,1738,104280.0
2577,34542733,1774,106440.0
2578,34544480,1747,104820.0
2579,34546247,1767,106020.0
2580,34548128,1881,112860.0
2581,34549854,1726,103560.0
2582,34551733,1879,112740.0
2584,34553512,1779,53370.0
2585,34555426,1914,114840.0
2586,34557316,1890,113400.0
2587,34559147,1831,109860.0
2588,34561003,1856,111360.0
2589,34562871,1868,112080.0
2590,34564701,1830,109800.0
2591,34566570,1869,112140.0
2592,34568378,1808,108480.0
2594,34570168,1790,53700.0
2595,34572016,1848,110880.0
2596,34573819,1803,108180.0
2597,34575708,1889,113340.0
2598,34577550,1842,110520.0
2599,34579345,1795,107700.0
2600,34581176,1831,109860.0
2601,34582958,1782,106920.0
2602,34584722,1764,105840.0
2603,34586472,1750,105000.0
2605,34588215,1743,52290.0
2606,34590035,1820,109200.0
2607,34591859,1824,109440.0
2608,34593663,1804,108240.0
2609,34595414,1751,105060.0
2610,34597249,1835,110100.0
2611,34598989,1740,104400.0
2612,34600761,1772,106320.0
2613,34602493,1732,103920.0
2615,34604213,1720,51600.0
2616,34605912,1699,101940.0
2617,34607660,1748,104880.0
2618,34609391,1731,103860.0
2619,34611133,1742,104520.0
2620,34612877,1744,104640.0
2621,34614621,1744,104640.0
2622,34616307,1686,101160.0
2623,34618068,1761,105660.0
2625,34619803,1735,52050.0
2626,34621543,1740,104400.0
2627,34623233,1690,101400.0
2628,34624935,1702,102120.0
2629,34626660,1725,103500.0
2630,34628313,1653,99180.0
2631,34629944,1631,97860.0
2632,34631598,1654,99240.0
2633,34633225,1627,97620.0
2634,34634823,1598,95880.0
2636,34636418,1595,47850.0
2637,34638126,1708,102480.0
2638,34639774,1648,98880.0
2639,34641369,1595,95700.0
2640,34642928,1559,93540.0
2641,34644503,1575,94500.0
2642,34646095,1592,95520.0
2643,34647680,1585,95100.0
2644,34649289,1609,96540.0
2645,34650884,1595,95700.0
2646,34652517,1633,97980.0
2647,34654078,1561,93660.0
2649,34655690,1612,48360.0
2650,34657286,1596,95760.0
2651,34658860,1574,94440.0
2652,34660380,1520,91200.0
2653,34661979,1599,95940.0
2654,34663574,1595,95700.0
2655,34665048,1474,88440.0
2656,34666596,1548,92880.0
2657,34668205,1609,96540.0
2658,34669762,1557,93420.0
2659,34671337,1575,94500.0
2660,34672881,1544,92640.0
2662,34674389,1508,45240.0
2663,34675882,1493,89580.0
2664,34677447,1565,93900.0
2665,34678996,1549,92940.0
2666,34680609,1613,96780.0
2667,34682077,1468,88080.0
2668,34683602,1525,91500.0
2669,34685098,1496,89760.0
2671,34686559,1461,43830.0
2672,34688084,1525,91500.0
2673,34689647,1563,93780.0
2674,34691208,1561,93660.0
2675,34692788,1580,94800.0
2676,34694384,1596,95760.0
2677,34695885,1501,90060.0
2678,34697513,1628,97680.0
2679,34699085,1572,94320.0
2681,34700704,1619,48570.0
2682,34702245,1541,92460.0
2683,34703783,1538,92280.0
2684,34705361,1578,94680.0
2685,34706936,1575,94500.0
2686,34708482,1546,92760.0
2687,34710046,1564,93840.0
2688,34711595,1549,92940.0
2689,34713128,1533,91980.0
2691,34714733,1605,48150.0
2692,34716233,1500,90000.0
2693,34717822,1589,95340.0
2694,34719407,1585,95100.0
2695,34721013,1606,96360.0
2696,34722576,1563,93780.0
2697,34724176,1600,96000.0
2698,34725692,1516,90960.0
2699,34727301,1609,96540.0
2701,34728875,1574,47220.0
2702,34730502,1627,97620.0
2703,34732006,1504,90240.0
2704,34733617,1611,96660.0
2705,34735115,1498,89880.0
2706,34736658,1543,92580.0
2707,34738160,1502,90120.0
2708,34739705,1545,92700.0
2710,34741254,1549,46470.0
2711,34742798,1544,92640.0
2712,34744407,1609,96540.0
2713,34745975,1568,94080.0
2714,34747594,1619,97140.0
2715,34749134,1540,92400.0
2716,34750625,1491,89460.0
2718,34752159,1534,46020.0
2719,34753699,1540,92400.0
2720,34755238,1539,92340.0
2721,34756667,1429,85740.0
2722,34758120,1453,87180.0
2723,34759647,1527,91620.0
2724,34761186,1539,92340.0
2726,34762771,1585,47550.0
2727,34764302,1531,91860.0
2728,34765760,1458,87480.0
2729,34767255,1495,89700.0
2730,34768825,1570,94200.0
2731,34770368,1543,92580.0
2732,34771898,1530,91800.0
2733,34773411,1513,90780.0
2735,34774970,1559,46770.0
2736,34776474,1504,90240.0
2737,34777944,1470,88200.0
2738,34779392,1448,86880.0
2739,34780882,1490,89400.0
2740,34782448,1566,93960.0
2741,34783987,1539,92340.0
2743,34785491,1504,45120.0
2744,34786957,1466,87960.0
2745,34788408,1451,87060.0
2746,34789839,1431,85860.0
2747,34791325,1486,89160.0
2748,34792841,1516,90960.0
2749,34794220,1379,82740.0
2751,34795673,1453,43590.0
2752,34797153,1480,88800.0
2753,34798548,1395,83700.0
2754,34799907,1359,81540.0
2755,34801332,1425,85500.0
2756,34802739,1407,84420.0
2757,34804110,1371,82260.0
2759,34805496,1386,41580.0
2760,34806945,1449,86940.0
2761,34808249,1304,78240.0
2762,34809543,1294,77640.0
2763,34810961,1418,85080.0
2764,34812360,1399,83940.0
2765,34813732,1372,82320.0
2767,34815061,1329,39870.0
2768,34816369,1308,78480.0
2769,34817731,1362,81720.0
2770,34819159,1428,85680.0
2771,34820527,1368,82080.0
2772,34821835,1308,78480.0
2773,34823206,1371,82260.0
2775,34824495,1289,38670.0
2776,34825839,1344,80640.0
2777,34827147,1308,78480.0
2778,34828403,1256,75360.0
2779,34829802,1399,83940.0
2780,34831169,1367,82020.0
2781,34832490,1321,79260.0
2783,34833884,1394,41820.0
2784,34835266,1382,82920.0
2785,34836594,1328,79680.0
2786,34838002,1408,84480.0
2787,34839443,1441,86460.0
2788,34840865,1422,85320.0
2790,34842254,1389,41670.0
2791,34843697,1443,86580.0
2792,34844902,1205,72300.0
2793,34846208,1306,78360.0
2794,34847575,1367,82020.0
2795,34848853,1278,76680.0
2796,34850302,1449,86940.0
2798,34851728,1426,42780.0
2799,34853029,1301,78060.0
2800,34854378,1349,80940.0
2801,34855726,1348,80880.0
2802,34857081,1355,81300.0
2803,34858344,1263,75780.0
2804,34859700,1356,81360.0
2806,34861065,1365,40950.0
2807,34862511,1446,86760.0
2808,34863984,1473,88380.0
2809,34865386,1402,84120.0
2810,34866784,1398,83880.0
2811,34867980,1196,71760.0
2812,34869299,1319,79140.0
2813,34870646,1347,80820.0
2815,34871968,1322,39660.0
2816,34873212,1244,74640.0
2817,34874610,1398,83880.0
2818,34875979,1369,82140.0
2819,34877418,1439,86340.0
2820,34878832,1414,84840.0
2821,34880211,1379,82740.0
2823,34881566,1355,40650.0
2824,34882929,1363,81780.0
2825,34884343,1414,84840.0
2826,34885784,1441,86460.0
2827,34887162,1378,82680.0
2828,34888650,1488,89280.0
2829,34890162,1512,90720.0
2830,34891618,1456,87360.0
2832,34893170,1552,46560.0
2833,34894633,1463,87780.0
2834,34896130,1497,89820.0
2835,34897610,1480,88800.0
2836,34899226,1616,96960.0
2837,34900746,1520,91200.0
2838,34902165,1419,85140.0
2840,34903687,1522,45660.0
2841,34905201,1514,90840.0
2842,34906736,1535,92100.0
2843,34908250,1514,90840.0
2844,34909771,1521,91260.0
2845,34911365,1594,95640.0
2846,34912942,1577,94620.0
2848,34914483,1541,46230.0
2849,34916051,1568,94080.0
2850,34917561,1510,90600.0
2851,34919079,1518,91080.0
2852,34920664,1585,95100.0
2853,34922259,1595,95700.0
2854,34923838,1579,94740.0
2856,34925447,1609,48270.0
2857,34927066,1619,97140.0
2858,34928760,1694,101640.0
2859,34930392,1632,97920.0
2860,34932052,1660,99600.0
2861,34933637,1585,95100.0
2862,34935298,1661,99660.0
2863,34936903,1605,96300.0
2865,34938426,1523,45690.0
2866,34940132,1706,102360.0
2867,34941702,1570,94200.0
2868,34943349,1647,98820.0
2869,34944993,1644,98640.0
2870,34946657,1664,99840.0
2871,34948368,1711,102660.0
2873,34949953,1585,47550.0
2874,34951526,1573,94380.0
2875,34952917,1391,83460.0
2876,34954492,1575,94500.0
2877,34956015,1523,91380.0
2878,34957555,1540,92400.0
2879,34959083,1528,91680.0
2881,34960633,1550,46500.0
2882,34962166,1533,91980.0
2883,34963736,1570,94200.0
2884,34965274,1538,92280.0
2885,34966821,1547,92820.0
2886,34968358,1537,92220.0
2887,34969906,1548,92880.0
2888,34971482,1576,94560.0
2889,34973063,1581,94860.0
2891,34974659,1596,47880.0
2892,34976165,1506,90360.0
2893,34977712,1547,92820.0
2894,34979251,1539,92340.0
2895,34980849,1598,95880.0
2896,34982372,1523,91380.0
2897,34983921,1549,92940.0
2898,34985522,1601,96060.0
2899,34987104,1582,94920.0
2901,34988687,1583,47490.0
2902,34990339,1652,99120.0
2903,34991972,1633,97980.0
2904,34993736,1764,105840.0
2905,34995506,1770,106200.0
2906,34997260,1754,105240.0
2907,34999046,1786,107160.0
2908,35000779,1733,103980.0
2910,35002503,1724,51720.0
2911,35004197,1694,101640.0
2912,35005981,1784,107040.0
2913,35007727,1746,104760.0
2914,35009427,1700,102000.0
2915,35011164,1737,104220.0
2917,35012984,1820,54600.0
2918,35014645,1661,99660.0
2919,35016375,1730,103800.0
2920,35018052,1677,100620.0
2921,35019738,1686,101160.0
2923,35021443,1705,51150.0
2924,35023108,1665,99900.0
2925,35024806,1698,101880.0
2926,35026418,1612,96720.0
2927,35028072,1654,99240.0
2928,35029765,1693,101580.0
2930,35031525,1760,52800.0
2931,35033254,1729,103740.0
2932,35034935,1681,100860.0
2933,35036552,1617,97020.0
2934,35038237,1685,101100.0
2935,35039924,1687,101220.0
2937,35041608,1684,50520.0
2938,35043273,1665,99900.0
2939,35044991,1718,103080.0
2940,35046669,1678,100680.0
2941,35048226,1557,93420.0
2943,35049850,1624,48720.0
2944,35051503,1653,99180.0
2945,35053161,1658,99480.0
2946,35054716,1555,93300.0
2947,35056339,1623,97380.0
2948,35057955,1616,96960.0
2950,35059494,1539,46170.0
2951,35061119,1625,97500.0
2952,35062717,1598,95880.0
2953,35064332,1615,96900.0
2954,35065943,1611,96660.0
2955,35067483,1540,92400.0
2957,35069128,1645,49350.0
2958,35070658,1530,91800.0
2959,35072255,1597,95820.0
2960,35073711,1456,87360.0
2961,35075274,1563,93780.0
2962,35076849,1575,94500.0
2964,35078449,1600,48000.0
2965,35080000,1551,93060.0
2966,35081652,1652,99120.0
2967,35083201,1549,92940.0
2968,35084801,1600,96000.0
2970,35086326,1525,45750.0
2971,35087821,1495,89700.0
2972,35089397,1576,94560.0
2973,35090976,1579,94740.0
2974,35092480,1504,90240.0
2975,35093995,1515,90900.0
2977,35095597,1602,48060.0
2978,35097230,1633,97980.0
2979,35098873,1643,98580.0
2980,35100483,1610,96600.0
2981,35102114,1631,97860.0
2982,35103799,1685,101100.0
2984,35105446,1647,49410.0
2985,35107186,1740,104400.0
2986,35108953,1767,106020.0
2987,35110607,1654,99240.0
2988,35112358,1751,105060.0
2989,35114016,1658,99480.0
2990,35115688,1672,100320.0
2992,35117412,1724,51720.0
2993,35118906,1494,89640.0
2994,35120470,1564,93840.0
2995,35121962,1492,89520.0
2996,35123482,1520,91200.0
2997,35125046,1564,93840.0
2999,35126665,1619,48570.0
3000,35128216,1551,93060.0
3001,35129772,1556,93360.0
3002,35131441,1669,100140.0
3003,35133005,1564,93840.0
3004,35134618,1613,96780.0
3005,35136243,1625,97500.0
3007,35137835,1592,47760.0
3008,35139414,1579,94740.0
3009,35140912,1498,89880.0
3010,35142480,1568,94080.0
3011,35144063,1583,94980.0
3012,35145498,1435,86100.0
3014,35146917,1419,42570.0
3015,35148392,1475,88500.0
3016,35149896,1504,90240.0
3017,35151409,1513,90780.0
3018,35152951,1542,92520.0
3019,35154557,1606,96360.0
3021,35156168,1611,48330.0
3022,35157668,1500,90000.0
3023,35159179,1511,90660.0
3024,35160723,1544,92640.0
3025,35162321,1598,95880.0
3026,35163873,1552,93120.0
3028,35165401,1528,45840.0
3029,35167016,1615,96900.0
3030,35168589,1573,94380.0
3031,35170274,1685,101100.0
3032,35171892,1618,97080.0
3033,35173616,1724,103440.0
3035,35175263,1647,49410.0
3036,35176889,1626,97560.0
3037,35178502,1613,96780.0
3038,35180252,1750,105000.0
3039,35181960,1708,102480.0
3040,35183668,1708,102480.0
3042,35185303,1635,49050.0
3043,35186999,1696,101760.0
3044,35188713,1714,102840.0
3045,35190478,1765,105900.0
3046,35192133,1655,99300.0
3047,35193785,1652,99120.0
3049,35195512,1727,51810.0
3050,35197232,1720,103200.0
3051,35198972,1740,104400.0
3052,35200758,1786,107160.0
3053,35202574,1816,108960.0
3055,35204358,1784,53520.0
3056,35206145,1787,107220.0
3057,35207910,1765,105900.0
3058,35209729,1819,109140.0
3059,35211493,1764,105840.0
3060,35213226,1733,103980.0
3062,35214935,1709,51270.0
3063,35216692,1757,105420.0
3064,35218434,1742,104520.0
3065,35220308,1874,112440.0
3066,35222079,1771,106260.0
3067,35223761,1682,100920.0
3069,35225543,1782,53460.0
3070,35227231,1688,101280.0
3071,35228992,1761,105660.0
3072,35230725,1733,103980.0
3073,35232441,1716,102960.0
3075,35234177,1736,52080.0
3076,35235942,1765,105900.0
3077,35237627,1685,101100.0
3078,35239404,1777,106620.0
3079,35241087,1683,100980.0
3080,35242800,1713,102780.0
3082,35244377,1577,47310.0
3083,35246073,1696,101760.0
3084,35247739,1666,99960.0
3085,35249398,1659,99540.0
3086,35251067,1669,100140.0
3087,35252753,1686,101160.0
3089,35254469,1716,51480.0
3090,35256130,1661,99660.0
3091,35257807,1677,100620.0
3092,35259474,1667,100020.0
3093,35261133,1659,99540.0
3095,35262804,1671,50130.0
3096,35264450,1646,98760.0
3097,35266060,1610,96600.0
3098,35267729,1669,100140.0
3099,35269399,1670,100200.0
3100,35271014,1615,96900.0
3102,35272646,1632,48960.0
3103,35274320,1674,100440.0
3104,35275962,1642,98520.0
3105,35277598,1636,98160.0
3106,35279276,1678,100680.0
3107,35280885,1609,96540.0
3109,35282548,1663,49890.0
3110,35284202,1654,99240.0
3111,35285780,1578,94680.0
3112,35287309,1529,91740.0
3113,35288913,1604,96240.0
3115,35290527,1614,48420.0
3116,35292118,1591,95460.0
3117,35293659,1541,92460.0
3118,35295097,1438,86280.0
3119,35296527,1430,85800.0
3120,35298008,1481,88860.0
3121,35299411,1403,84180.0
3122,35300877,1466,87960.0
3123,35302289,1412,84720.0
3124,35303759,1470,88200.0
3125,35305167,1408,84480.0
3127,35306637,1470,44100.0
3128,35308108,1471,88260.0
3129,35309517,1409,84540.0
3130,35310901,1384,83040.0
3131,35312311,1410,84600.0
3132,35313689,1378,82680.0
3133,35315146,1457,87420.0
3134,35316530,1384,83040.0
3135,35317928,1398,83880.0
3136,35319317,1389,83340.0
3137,35320673,1356,81360.0
3138,35321945,1272,76320.0
3139,35323367,1422,85320.0
3140,35324893,1526,91560.0
3141,35326350,1457,87420.0
3142,35327792,1442,86520.0
3144,35329261,1469,44070.0
3145,35330843,1582,94920.0
3146,35332438,1595,95700.0
3147,35334136,1698,101880.0
3148,35335845,1709,102540.0
3149,35337556,1711,102660.0
3150,35339283,1727,103620.0
3151,35341046,1763,105780.0
3152,35342710,1664,99840.0
3153,35344431,1721,103260.0
3154,35346160,1729,103740.0
3155,35347854,1694,101640.0
3156,35349598,1744,104640.0
3157,35351327,1729,103740.0
3159,35353061,1734,52020.0
3160,35354740,1679,100740.0
3161,35356455,1715,102900.0
3162,35358225,1770,106200.0
3163,35359974,1749,104940.0
3164,35361686,1712,102720.0
3165,35363364,1678,100680.0
3166,35365015,1651,99060.0
3167,35366645,1630,97800.0
3168,35368323,1678,100680.0
3169,35370019,1696,101760.0
3170,35371680,1661,99660.0
3171,35373262,1582,94920.0
3173,35374934,1672,50160.0
3174,35376561,1627,97620.0
3175,35378183,1622,97320.0
3176,35379763,1580,94800.0
3177,35381366,1603,96180.0
3178,35383052,1686,101160.0
3179,35384670,1618,97080.0
3180,35386350,1680,100800.0
3181,35387949,1599,95940.0
3182,35389600,1651,99060.0
3183,35391243,1643,98580.0
3184,35392801,1558,93480.0
3185,35394467,1666,99960.0
3187,35396063,1596,47880.0
3188,35397651,1588,95280.0
3189,35399175,1524,91440.0
3190,35400796,1621,97260.0
3191,35402408,1612,96720.0
3192,35403844,1436,86160.0
3193,35405387,1543,92580.0
3194,35407046,1659,99540.0
3195,35408540,1494,89640.0
3196,35410049,1509,90540.0
3197,35411537,1488,89280.0
3198,35413036,1499,89940.0
3200,35414579,1543,46290.0
3201,35416088,1509,90540.0
3202,35417672,1584,95040.0
3203,35419174,1502,90120.0
3204,35420748,1574,94440.0
3205,35422256,1508,90480.0
3206,35423779,1523,91380.0
3207,35425348,1569,94140.0
3208,35426857,1509,90540.0
3209,35428343,1486,89160.0
3210,35429884,1541,92460.0
3211,35431482,1598,95880.0
3212,35432989,1507,90420.0
3214,35434528,1539,46170.0
3215,35436065,1537,92220.0
3216,35437592,1527,91620.0
3217,35439009,1417,85020.0
3218,35440505,1496,89760.0
3219,35442010,1505,90300.0
3220,35443484,1474,88440.0
3221,35444967,1483,88980.0
3222,35446448,1481,88860.0
3223,35447973,1525,91500.0
3224,35449458,1485,89100.0
3225,35450907,1449,86940.0
3227,35452330,1423,42690.0
3228,35453843,1513,90780.0
3229,35455366,1523,91380.0
3230,35456899,1533,91980.0
3231,35458385,1486,89160.0
3232,35459904,1519,91140.0
3233,35461282,1378,82680.0
3234,35462601,1319,79140.0
3235,35463913,1312,78720.0
3236,35465283,1370,82200.0
3237,35466551,1268,76080.0
3238,35467857,1306,78360.0
3239,35469160,1303,78180.0
3240,35470528,1368,82080.0
3241,35471870,1342,80520.0
3243,35473105,1235,37050.0
3244,35474397,1292,77520.0
3245,35475599,1202,72120.0
3246,35476849,1250,75000.0
3247,35478151,1302,78120.0
3248,35479439,1288,77280.0
3249,35480674,1235,74100.0
3250,35482015,1341,80460.0
3251,35483348,1333,79980.0
3252,35484569,1221,73260.0
3253,35485915,1346,80760.0
3254,35487209,1294,77640.0
3255,35488566,1357,81420.0
3257,35489747,1181,35430.0
3258,35491032,1285,77100.0
3259,35492262,1230,73800.0
3260,35493587,1325,79500.0
3261,35494913,1326,79560.0
3262,35496214,1301,78060.0
3263,35497506,1292,77520.0
3264,35498804,1298,77880.0
3265,35500133,1329,79740.0
3266,35501373,1240,74400.0
3267,35502661,1288,77280.0
3268,35503952,1291,77460.0
3269,35505183,1231,73860.0
3271,35506464,1281,38430.0
3272,35507700,1236,74160.0
3273,35508981,1281,76860.0
3274,35510212,1231,73860.0
3275,35511525,1313,78780.0
3276,35512818,1293,77580.0
3277,35514035,1217,73020.0
3278,35515310,1275,76500.0
3279,35516526,1216,72960.0
3280,35517751,1225,73500.0
3281,35518926,1175,70500.0
3282,35520166,1240,74400.0
3283,35521451,1285,77100.0
3285,35522690,1239,37170.0
3286,35523958,1268,76080.0
3287,35525190,1232,73920.0
3288,35526322,1132,67920.0
3289,35527597,1275,76500.0
3290,35528911,1314,78840.0
3291,35530225,1314,78840.0
3292,35531471,1246,74760.0
3293,35532795,1324,79440.0
3294,35534126,1331,79860.0
3295,35535484,1358,81480.0
3296,35536909,1425,85500.0
3297,35538326,1417,85020.0
3299,35539757,1431,42930.0
3300,35541196,1439,86340.0
3301,35542707,1511,90660.0
3302,35544327,1620,97200.0
3303,35545857,1530,91800.0
3304,35547341,1484,89040.0
3305,35548799,1458,87480.0
3306,35550321,1522,91320.0
3307,35551879,1558,93480.0
3308,35553367,1488,89280.0
3309,35554822,1455,87300.0
3310,35556283,1461,87660.0
3312,35557699,1416,42480.0
3313,35559051,1352,81120.0
3314,35560411,1360,81600.0
3315,35561835,1424,85440.0
3316,35563212,1377,82620.0
3317,35564610,1398,83880.0
3318,35566028,1418,85080.0
3319,35567422,1394,83640.0
3320,35568840,1418,85080.0
3321,35570232,1392,83520.0
3322,35571654,1422,85320.0
3323,35573093,1439,86340.0
3325,35574551,1458,43740.0
3326,35575969,1418,85080.0
3327,35577410,1441,86460.0
3328,35578837,1427,85620.0
3329,35580227,1390,83400.0
3330,35581557,1330,79800.0
3331,35582975,1418,85080.0
3332,35584397,1422,85320.0
3333,35585892,1495,89700.0
3334,35587306,1414,84840.0
3335,35588753,1447,86820.0
3336,35590261,1508,90480.0
3337,35591709,1448,86880.0
3339,35593143,1434,43020.0
3340,35594575,1432,85920.0
3341,35596031,1456,87360.0
3342,35597491,1460,87600.0
3343,35598965,1474,88440.0
3344,35600363,1398,83880.0
3345,35601771,1408,84480.0
3346,35603297,1526,91560.0
3347,35604778,1481,88860.0
3348,35606246,1468,88080.0
3349,35607796,1550,93000.0
3350,35609288,1492,89520.0
3352,35610803,1515,45450.0
3353,35612349,1546,92760.0
3354,35613858,1509,90540.0
3355,35615442,1584,95040.0
3356,35616889,1447,86820.0
3357,35618385,1496,89760.0
3358,35619854,1469,88140.0
3359,35621345,1491,89460.0
3360,35622914,1569,94140.0
3361,35624473,1559,93540.0
3362,35626039,1566,93960.0
3363,35627609,1570,94200.0
3365,35629063,1454,43620.0
3366,35630555,1492,89520.0
3367,35632056,1501,90060.0
3368,35633654,1598,95880.0
3369,35635210,1556,93360.0
3370,35636722,1512,90720.0
3371,35638281,1559,93540.0
3372,35639824,1543,92580.0
3373,35641411,1587,95220.0
3374,35642990,1579,94740.0
3375,35644561,1571,94260.0
3376,35646127,1566,93960.0
3378,35647634,1507,45210.0
3379,35649260,1626,97560.0
3380,35650863,1603,96180.0
3381,35652352,1489,89340.0
3382,35653889,1537,92220.0
3383,35655518,1629,97740.0
3384,35657056,1538,92280.0
3385,35658614,1558,93480.0
3386,35660113,1499,89940.0
3387,35661689,1576,94560.0
3388,35663191,1502,90120.0
3389,35664688,1497,89820.0
3391,35666209,1521,45630.0
3392,35667763,1554,93240.0
3393,35669268,1505,90300.0
3394,35670780,1512,90720.0
3395,35672195,1415,84900.0
3396,35673743,1548,92880.0
3397,35675244,1501,90060.0
3398,35676822,1578,94680.0
3399,35678324,1502,90120.0
3400,35679842,1518,91080.0
3401,35681342,1500,90000.0
3402,35682911,1569,94140.0
3403,35684442,1531,91860.0
3405,35685939,1497,44910.0
3406,35687434,1495,89700.0
3407,35688894,1460,87600.0
3408,35690417,1523,91380.0
3409,35691953,1536,92160.0
3410,35693419,1466,87960.0
3411,35694855,1436,86160.0
3412,35696368,1513,90780.0
3413,35697783,1415,84900.0
3414,35699233,1450,87000.0
3415,35700738,1505,90300.0
3416,35702225,1487,89220.0
3418,35703676,1451,43530.0
3419,35705112,1436,86160.0
3420,35706521,1409,84540.0
3421,35707841,1320,79200.0
3422,35709269,1428,85680.0
3423,35710709,1440,86400.0
3424,35712208,1499,89940.0
3425,35713587,1379,82740.0
3426,35714951,1364,81840.0
3427,35716315,1364,81840.0
3428,35717711,1396,83760.0
3429,35719128,1417,85020.0
3431,35720567,1439,43170.0
3432,35721998,1431,85860.0
3433,35723340,1342,80520.0
3434,35724678,1338,80280.0
3435,35726124,1446,86760.0
3436,35727533,1409,84540.0
3437,35729026,1493,89580.0
3438,35730419,1393,83580.0
3439,35731801,1382,82920.0
3440,35733217,1416,84960.0
3441,35734640,1423,85380.0
3442,35735992,1352,81120.0
3444,35737207,1215,36450.0
3445,35738415,1208,72480.0
3446,35739773,1358,81480.0
3447,35741051,1278,76680.0
3448,35742405,1354,81240.0
3449,35743876,1471,88260.0
3450,35745378,1502,90120.0
3451,35746991,1613,96780.0
3452,35748583,1592,95520.0
3453,35750301,1718,103080.0
3454,35751977,1676,100560.0
3455,35753563,1586,95160.0
3457,35755202,1639,49170.0
3458,35756842,1640,98400.0
3459,35758486,1644,98640.0
3460,35760181,1695,101700.0
3461,35761862,1681,100860.0
3462,35763503,1641,98460.0
3463,35765094,1591,95460.0
3464,35766713,1619,97140.0
3465,35768341,1628,97680.0
3466,35769966,1625,97500.0
3467,35771618,1652,99120.0
3468,35773279,1661,99660.0
3469,35774892,1613,96780.0
3470,35776481,1589,95340.0
3472,35778118,1637,49110.0
3473,35779747,1629,97740.0
3474,35781344,1597,95820.0
3475,35782999,1655,99300.0
3476,35784626,1627,97620.0
3477,35786278,1652,99120.0
3478,35787858,1580,94800.0
3479,35789421,1563,93780.0
3480,35791071,1650,99000.0
3481,35792701,1630,97800.0
3482,35794344,1643,98580.0
3483,35796027,1683,100980.0
3484,35797645,1618,97080.0
3486,35799191,1546,46380.0
3487,35800841,1650,99000.0
3488,35802535,1694,101640.0
3489,35804178,1643,98580.0
3490,35805777,1599,95940.0
3491,35807343,1566,93960.0
3492,35808989,1646,98760.0
3493,35810567,1578,94680.0
3494,35812171,1604,96240.0
3495,35813842,1671,100260.0
3497,35815457,1615,48450.0
3498,35817158,1701,102060.0
3499,35818758,1600,96000.0
3500,35820397,1639,98340.0
3501,35821993,1596,95760.0
3502,35823630,1637,98220.0
3503,35825245,1615,96900.0
3504,35826870,1625,97500.0
3505,35828446,1576,94560.0
3506,35830008,1562,93720.0
3508,35831624,1616,48480.0
3509,35833165,1541,92460.0
3510,35834816,1651,99060.0
3511,35836415,1599,95940.0
3512,35837996,1581,94860.0
3513,35839583,1587,95220.0
3514,35841193,1610,96600.0
3515,35842835,1642,98520.0
3516,35844402,1567,94020.0
3518,35845966,1564,46920.0
3519,35847516,1550,93000.0
3520,35849134,1618,97080.0
3521,35850704,1570,94200.0
3522,35852241,1537,92220.0
3523,35853777,1536,92160.0
3524,35855408,1631,97860.0
3525,35856955,1547,92820.0
3526,35858504,1549,92940.0
3528,35860050,1546,46380.0
3529,35861656,1606,96360.0
3530,35863136,1480,88800.0
3531,35864621,1485,89100.0
3532,35866173,1552,93120.0
3533,35867791,1618,97080.0
3534,35869285,1494,89640.0
3535,35870795,1510,90600.0
3537,35872399,1604,48120.0
3538,35873898,1499,89940.0
3539,35875429,1531,91860.0
3540,35876939,1510,90600.0
3541,35878425,1486,89160.0
3542,35879855,1430,85800.0
3543,35881377,1522,91320.0
3544,35882807,1430,85800.0
3545,35884274,1467,88020.0
3547,35885717,1443,43290.0
3548,35887049,1332,79920.0
3549,35888608,1559,93540.0
3550,35890048,1440,86400.0
3551,35891549,1501,90060.0
3552,35892981,1432,85920.0
3553,35894430,1449,86940.0
3554,35895868,1438,86280.0
3555,35897340,1472,88320.0
3557,35898767,1427,42810.0
3558,35900208,1441,86460.0
3559,35901610,1402,84120.0
3560,35902989,1379,82740.0
3561,35904410,1421,85260.0
3562,35905844,1434,86040.0
3563,35907279,1435,86100.0
3564,35908613,1334,80040.0
3566,35910038,1425,42750.0
3567,35911461,1423,85380.0
3568,35913006,1545,92700.0
3569,35914411,1405,84300.0
3570,35915803,1392,83520.0
3571,35917231,1428,85680.0
3572,35918680,1449,86940.0
3573,35920102,1422,85320.0
3574,35921493,1391,83460.0
3576,35922926,1433,42990.0
3577,35924349,1423,85380.0
3578,35925732,1383,82980.0
3579,35927119,1387,83220.0
3580,35928542,1423,85380.0
3581,35929840,1298,77880.0
3582,35931277,1437,86220.0
3583,35932625,1348,80880.0
3584,35934003,1378,82680.0
3586,35935394,1391,41730.0
3587,35936789,1395,83700.0
3588,35938022,1233,73980.0
3589,35939390,1368,82080.0
3590,35940809,1419,85140.0
3591,35942069,1260,75600.0
3592,35943226,1157,69420.0
3593,35944429,1203,72180.0
3594,35945696,1267,76020.0
3596,35947007,1311,39330.0
3597,35948243,1236,74160.0
3598,35949559,1316,78960.0
3599,35950692,1133,67980.0
3600,35951874,1182,70920.0
3601,35953052,1178,70680.0
3602,35954317,1265,75900.0
3603,35955534,1217,73020.0
3604,35956797,1263,75780.0
3605,35958081,1284,77040.0
3607,35959270,1189,35670.0
3608,35960513,1243,74580.0
3609,35961780,1267,76020.0
3610,35963063,1283,76980.0
3611,35964321,1258,75480.0
3612,35965512,1191,71460.0
3613,35966802,1290,77400.0
3614,35968020,1218,73080.0
3615,35969234,1214,72840.0
3616,35970425,1191,71460.0
3618,35971637,1212,36360.0
3619,35972780,1143,68580.0
3620,35973994,1214,72840.0
3621,35975122,1128,67680.0
3622,35976331,1209,72540.0
3623,35977578,1247,74820.0
3624,35978777,1199,71940.0
3625,35979916,1139,68340.0
3626,35981105,1189,71340.0
3627,35982242,1137,68220.0
3629,35983326,1084,32520.0
3630,35984578,1252,75120.0
3631,35985793,1215,72900.0
3632,35987063,1270,76200.0
3633,35988335,1272,76320.0
3634,35989620,1285,77100.0
3635,35990978,1358,81480.0
3636,35992318,1340,80400.0
3637,35993644,1326,79560.0
3639,35995051,1407,42210.0
3640,35996338,1287,77220.0
3641,35997696,1358,81480.0
3642,35999035,1339,80340.0
3643,36000398,1363,81780.0
3644,36001836,1438,86280.0
3645,36003268,1432,85920.0
3646,36004699,1431,85860.0
3648,36006126,1427,42810.0
3649,36007624,1498,89880.0
3650,36009067,1443,86580.0
3651,36010578,1511,90660.0
3652,36012079,1501,90060.0
3653,36013526,1447,86820.0
3654,36015009,1483,88980.0
3656,36016536,1527,45810.0
3657,36017994,1458,87480.0
3658,36019482,1488,89280.0
3659,36020935,1453,87180.0
3660,36022443,1508,90480.0
3661,36023903,1460,87600.0
3663,36025372,1469,44070.0
3664,36026848,1476,88560.0
3665,36028362,1514,90840.0
3666,36029881,1519,91140.0
3667,36031395,1514,90840.0
3668,36032825,1430,85800.0
3669,36034289,1464,87840.0
3671,36035817,1528,45840.0
3672,36037319,1502,90120.0
3673,36038860,1541,92460.0
3674,36040332,1472,88320.0
3675,36041817,1485,89100.0
3676,36043262,1445,86700.0
3677,36044721,1459,87540.0
3679,36046167,1446,43380.0
3680,36047589,1422,85320.0
3681,36049029,1440,86400.0
3682,36050372,1343,80580.0
3683,36051878,1506,90360.0
3684,36053318,1440,86400.0
3685,36054743,1425,85500.0
3687,36056229,1486,44580.0
3688,36057689,1460,87600.0
3689,36059111,1422,85320.0
3690,36060577,1466,87960.0
3691,36062012,1435,86100.0
3692,36063511,1499,89940.0
3694,36064920,1409,42270.0
3695,36066331,1411,84660.0
3696,36067691,1360,81600.0
3697,36069118,1427,85620.0
3698,36070547,1429,85740.0
3699,36072017,1470,88200.0
3700,36073415,1398,83880.0
3702,36074775,1360,40800.0
3703,36076144,1369,82140.0
3704,36077510,1366,81960.0
3705,36078873,1363,81780.0
3706,36080256,1383,82980.0
3707,36081601,1345,80700.0
3709,36083058,1457,43710.0
3710,36084366,1308,78480.0
3711,36085787,1421,85260.0
3712,36087217,1430,85800.0
3713,36088619,1402,84120.0
3714,36089951,1332,79920.0
3716,36091321,1370,41100.0
3717,36092687,1366,81960.0
3718,36094093,1406,84360.0
3719,36095456,1363,81780.0
3720,36096794,1338,80280.0
3721,36098080,1286,77160.0
3722,36099462,1382,82920.0
3724,36100770,1308,39240.0
3725,36102204,1434,86040.0
3726,36103526,1322,79320.0
3727,36104833,1307,78420.0
3728,36106242,1409,84540.0
3729,36107662,1420,85200.0
3731,36108984,1322,39660.0
3732,36110285,1301,78060.0
3733,36111691,1406,84360.0
3734,36113106,1415,84900.0
3735,36114536,1430,85800.0
3736,36115933,1397,83820.0
3737,36117335,1402,84120.0
3739,36118814,1479,44370.0
3740,36120189,1375,82500.0
3741,36121560,1371,82260.0
3742,36122968,1408,84480.0
3743,36124586,1618,97080.0
3744,36126305,1719,103140.0
3746,36128094,1789,53670.0
3747,36129884,1790,107400.0
3748,36131796,1912,114720.0
3749,36133670,1874,112440.0
3750,36135521,1851,111060.0
3751,36137423,1902,114120.0
3752,36139342,1919,115140.0
3754,36141206,1864,55920.0
3755,36143060,1854,111240.0
3756,36144957,1897,113820.0
3757,36146796,1839,110340.0
3758,36148556,1760,105600.0
3759,36150349,1793,107580.0
3760,36152305,1956,117360.0
3761,36154152,1847,110820.0
3763,36156026,1874,56220.0
3764,36157958,1932,115920.0
3765,36159926,1968,118080.0
3766,36161764,1838,110280.0
3767,36163594,1830,109800.0
3768,36165532,1938,116280.0
3769,36167462,1930,115800.0
3770,36169413,1951,117060.0
3772,36171380,1967,59010.0
3773,36173329,1949,116940.0
3774,36175297,1968,118080.0
3775,36177194,1897,113820.0
3776,36179132,1938,116280.0
3777,36181061,1929,115740.0
3778,36183025,1964,117840.0
3779,36184961,1936,116160.0
3781,36186854,1893,56790.0
3782,36188739,1885,113100.0
3783,36190619,1880,112800.0
3784,36192573,1954,117240.0
3785,36194454,1881,112860.0
3786,36196397,1943,116580.0
3787,36198371,1974,118440.0
3788,36200349,1978,118680.0
3790,36202249,1900,57000.0
3791,36204254,2005,120300.0
3792,36206206,1952,117120.0
3793,36208292,2086,125160.0
3794,36210229,1937,116220.0
3795,36212166,1937,116220.0
3796,36214190,2024,121440.0
3797,36216141,1951,117060.0
3799,36218043,1902,57060.0
3800,36220042,1999,119940.0
3801,36221956,1914,114840.0
3802,36223879,1923,115380.0
3803,36225828,1949,116940.0
3804,36227835,2007,120420.0
3805,36229844,2009,120540.0
3807,36231807,1963,58890.0
3808,36233765,1958,117480.0
3809,36235721,1956,117360.0
3810,36237686,1965,117900.0
3811,36239721,2035,122100.0
3812,36241737,2016,120960.0
3813,36243771,2034,122040.0
3815,36245892,2121,63630.0
3816,36247983,2091,125460.0
3817,36250100,2117,127020.0
3818,36252161,2061,123660.0
3819,36254216,2055,123300.0
3820,36256326,2110,126600.0
3821,36258424,2098,125880.0
3823,36260523,2099,62970.0
3824,36262578,2055,123300.0
3825,36264702,2124,127440.0
3826,36266754,2052,123120.0
3827,36268770,2016,120960.0
3828,36270793,2023,121380.0
3829,36272871,2078,124680.0
3831,36274919,2048,61440.0
3832,36277083,2164,129840.0
3833,36279165,2082,124920.0
3834,36281240,2075,124500.0
3835,36283310,2070,124200.0
3836,36285260,1950,117000.0
3838,36287267,2007,60210.0
3839,36289368,2101,126060.0
3840,36291401,2033,121980.0
3841,36293400,1999,119940.0
3842,36295348,1948,116880.0
3843,36297358,2010,120600.0
3844,36299338,1980,118800.0
3846,36301396,2058,61740.0
3847,36303309,1913,114780.0
3848,36305219,1910,114600.0
3849,36307130,1911,114660.0
3850,36309107,1977,118620.0
3851,36311129,2022,121320.0
3852,36313050,1921,115260.0
3854,36314979,1929,57870.0
3855,36316907,1928,115680.0
3856,36318813,1906,114360.0
3857,36320825,2012,120720.0
3858,36322790,1965,117900.0
3859,36324692,1902,114120.0
3860,36326620,1928,115680.0
3862,36328514,1894,56820.0
3863,36330430,1916,114960.0
3864,36332411,1981,118860.0
3865,36334244,1833,109980.0
3866,36336083,1839,110340.0
3867,36337990,1907,114420.0
3868,36339817,1827,109620.0
3870,36341674,1857,55710.0
3871,36343635,1961,117660.0
3872,36345455,1820,109200.0
3873,36347302,1847,110820.0
3874,36349155,1853,111180.0
3875,36350997,1842,110520.0
3877,36352923,1926,57780.0
3878,36354668,1745,104700.0
3879,36356324,1656,99360.0
3880,36358118,1794,107640.0
3881,36359894,1776,106560.0
3882,36361587,1693,101580.0
3883,36363378,1791,107460.0
3884,36365195,1817,109020.0
3886,36366968,1773,53190.0
3887,36368874,1906,114360.0
3888,36370814,1940,116400.0
3889,36372726,1912,114720.0
3890,36374778,2052,123120.0
3891,36376717,1939,116340.0
3892,36378722,2005,120300.0
3893,36380649,1927,115620.0
3894,36382475,1826,109560.0
3895,36384336,1861,111660.0
3897,36386323,1987,59610.0
3898,36388295,1972,118320.0
3899,36390261,1966,117960.0
3900,36392251,1990,119400.0
3901,36394259,2008,120480.0
3902,36396213,1954,117240.0
3903,36398145,1932,115920.0
3904,36400181,2036,122160.0
3905,36402207,2026,121560.0
3906,36404222,2015,120900.0
3908,36406213,1991,59730.0
3909,36408214,2001,120060.0
3910,36410212,1998,119880.0
3911,36412166,1954,117240.0
3912,36414177,2011,120660.0
3913,36416104,1927,115620.0
3914,36418033,1929,115740.0
3915,36419962,1929,115740.0
3916,36421944,1982,118920.0
3918,36423929,1985,59550.0
3919,36425906,1977,118620.0
3920,36427870,1964,117840.0
3921,36429858,1988,119280.0
3922,36431719,1861,111660.0
3923,36433634,1915,114900.0
3924,36435558,1924,115440.0
3925,36437483,1925,115500.0
3926,36439334,1851,111060.0
3928,36441287,1953,58590.0
3929,36443225,1938,116280.0
3930,36445117,1892,113520.0
3931,36447028,1911,114660.0
3932,36448920,1892,113520.0
3933,36450804,1884,113040.0
3934,36452722,1918,115080.0
3935,36454575,1853,111180.0
3936,36456405,1830,109800.0
3938,36458230,1825,54750.0
3939,36460119,1889,113340.0
3940,36461935,1816,108960.0
3941,36463816,1881,112860.0
3942,36465664,1848,110880.0
3943,36467456,1792,107520.0
3944,36469311,1855,111300.0
3945,36471119,1808,108480.0
3947,36472871,1752,52560.0
3948,36474657,1786,107160.0
3949,36476412,1755,105300.0
3950,36478210,1798,107880.0
3951,36479943,1733,103980.0
3952,36481663,1720,103200.0
3953,36483422,1759,105540.0
3954,36485167,1745,104700.0
3955,36486926,1759,105540.0
3957,36488679,1753,52590.0
3958,36490410,1731,103860.0
3959,36492091,1681,100860.0
3960,36493743,1652,99120.0
3961,36495475,1732,103920.0
3962,36497210,1735,104100.0
3963,36498931,1721,103260.0
3964,36500573,1642,98520.0
3966,36502360,1787,53610.0
3967,36504091,1731,103860.0
3968,36505805,1714,102840.0
3969,36507498,1693,101580.0
3970,36509134,1636,98160.0
3971,36510826,1692,101520.0
3972,36512484,1658,99480.0
3973,36514229,1745,104700.0
3975,36515909,1680,50400.0
3976,36517589,1680,100800.0
3977,36519245,1656,99360.0
3978,36520932,1687,101220.0
3979,36522621,1689,101340.0
3980,36524286,1665,99900.0
3981,36525979,1693,101580.0
3982,36527660,1681,100860.0
3984,36529304,1644,49320.0
3985,36530931,1627,97620.0
3986,36532523,1592,95520.0
3987,36534134,1611,96660.0
3988,36535771,1637,98220.0
3989,36537382,1611,96660.0
3990,36538981,1599,95940.0
3992,36540530,1549,46470.0
3993,36542216,1686,101160.0
3994,36543768,1552,93120.0
3995,36545404,1636,98160.0
3996,36546914,1510,90600.0
3997,36548495,1581,94860.0
3998,36550034,1539,92340.0
4000,36551592,1558,46740.0
4001,36553124,1532,91920.0
4002,36554665,1541,92460.0
4003,36556246,1581,94860.0
4004,36557821,1575,94500.0
4005,36559326,1505,90300.0
4006,36560824,1498,89880.0
4008,36562275,1451,43530.0
4009,36563890,1615,96900.0
4010,36565456,1566,93960.0
4011,36567070,1614,96840.0
4012,36568637,1567,94020.0
4013,36570314,1677,100620.0
4014,36572040,1726,103560.0
4016,36573668,1628,48840.0
4017,36575358,1690,101400.0
4018,36577109,1751,105060.0
4019,36578835,1726,103560.0
4020,36580615,1780,106800.0
4021,36582340,1725,103500.0
4022,36584018,1678,100680.0
4023,36585727,1709,102540.0
4025,36587422,1695,50850.0
4026,36589040,1618,97080.0
4027,36590783,1743,104580.0
4028,36592520,1737,104220.0
4029,36594331,1811,108660.0
4030,36596126,1795,107700.0
4031,36597916,1790,107400.0
4032,36599607,1691,101460.0
4034,36601435,1828,54840.0
4035,36603190,1755,105300.0
4036,36604949,1759,105540.0
4037,36606657,1708,102480.0
4038,36608459,1802,108120.0
4039,36610127,1668,100080.0
4041,36611823,1696,50880.0
4042,36613578,1755,105300.0
4043,36615357,1779,106740.0
4044,36617129,1772,106320.0
4045,36618828,1699,101940.0
4046,36620506,1678,100680.0
4048,36622272,1766,52980.0
4049,36624020,1748,104880.0
4050,36625788,1768,106080.0
4051,36627511,1723,103380.0
4052,36629280,1769,106140.0
4053,36631053,1773,106380.0
4055,36632751,1698,50940.0
4056,36634518,1767,106020.0
4057,36636213,1695,101700.0
4058,36637924,1711,102660.0
4059,36639716,1792,107520.0
4060,36641447,1731,103860.0
4062,36643268,1821,54630.0
4063,36645033,1765,105900.0
4064,36646895,1862,111720.0
4065,36648734,1839,110340.0
4066,36650567,1833,109980.0
4067,36652393,1826,109560.0
4069,36654237,1844,55320.0
4070,36656217,1980,118800.0
4071,36658086,1869,112140.0
4072,36659887,1801,108060.0
4073,36661729,1842,110520.0
4074,36663615,1886,113160.0
4076,36665312,1697,50910.0
4077,36667007,1695,101700.0
4078,36668704,1697,101820.0
4079,36670395,1691,101460.0
4080,36672145,1750,105000.0
4082,36673869,1724,51720.0
4083,36675659,1790,107400.0
4084,36677474,1815,108900.0
4085,36679303,1829,109740.0
4086,36681123,1820,109200.0
4087,36682873,1750,105000.0
4089,36684667,1794,53820.0
4090,36686421,1754,105240.0
4091,36688298,1877,112620.0
4092,36690099,1801,108060.0
4093,36691924,1825,109500.0
4094,36693715,1791,107460.0
4096,36695457,1742,52260.0
4097,36697278,1821,109260.0
4098,36699052,1774,106440.0
4099,36700899,1847,110820.0
4100,36702689,1790,107400.0
4101,36704449,1760,105600.0
4103,36706241,1792,53760.0
4104,36708017,1776,106560.0
4105,36709782,1765,105900.0
4106,36711571,1789,107340.0
4107,36713425,1854,111240.0
4108,36715241,1816,108960.0
4110,36716907,1666,49980.0
4111,36718686,1779,106740.0
4112,36720433,1747,104820.0
4113,36722192,1759,105540.0
4114,36723964,1772,106320.0
4116,36725646,1682,50460.0
4117,36727341,1695,101700.0
4118,36729019,1678,100680.0
4119,36730709,1690,101400.0
4120,36732388,1679,100740.0
4121,36733987,1599,95940.0
4123,36735649,1662,49860.0
4124,36737257,1608,96480.0
4125,36738950,1693,101580.0
4126,36740580,1630,97800.0
4127,36742282,1702,102120.0
4128,36743915,1633,97980.0
4130,36745567,1652,49560.0
4131,36747267,1700,102000.0
4132,36748898,1631,97860.0
4133,36750509,1611,96660.0
4134,36752117,1608,96480.0
4135,36753835,1718,103080.0
4137,36755532,1697,50910.0
4138,36757118,1586,95160.0
4139,36758759,1641,98460.0
4140,36760362,1603,96180.0
4141,36762041,1679,100740.0
4143,36763633,1592,47760.0
4144,36765248,1615,96900.0
4145,36766859,1611,96660.0
4146,36768485,1626,97560.0
4147,36769968,1483,88980.0
4148,36771497,1529,91740.0
4150,36773291,1794,53820.0
4151,36775023,1732,103920.0
4152,36776772,1749,104940.0
4154,36778618,1846,55380.0
4155,36780357,1739,104340.0
4156,36782192,1835,110100.0
4157,36784057,1865,111900.0
4158,36786066,2009,120540.0
4160,36788115,2049,61470.0
4161,36790069,1954,117240.0
4162,36792107,2038,122280.0
4164,36794047,1940,58200.0
4165,36796003,1956,117360.0
4166,36798020,2017,121020.0
4167,36800165,2145,128700.0
4169,36802283,2118,63540.0
4170,36804331,2048,122880.0
4171,36806401,2070,124200.0
4172,36808443,2042,122520.0
4174,36810527,2084,62520.0
4175,36812637,2110,126600.0
4176,36814778,2141,128460.0
4177,36816848,2070,124200.0
4179,36818881,2033,60990.0
4180,36820995,2114,126840.0
4181,36822961,1966,117960.0
4182,36824780,1819,109140.0
4184,36826796,2016,60480.0
4185,36828727,1931,115860.0
4186,36830693,1966,117960.0
4187,36832437,1744,104640.0
4189,36834253,1816,54480.0
4190,36836033,1780,106800.0
4191,36837885,1852,111120.0
4192,36839798,1913,114780.0
4193,36841607,1809,108540.0
4195,36843507,1900,57000.0
4196,36845229,1722,103320.0
4197,36846920,1691,101460.0
4198,36848604,1684,101040.0
4199,36850265,1661,99660.0
4200,36851886,1621,97260.0
4201,36853597,1711,102660.0
4203,36855259,1662,49860.0
4204,36856923,1664,99840.0
4205,36858555,1632,97920.0
4206,36860218,1663,99780.0
4207,36861830,1612,96720.0
4208,36863474,1644,98640.0
4210,36865095,1621,48630.0
4211,36866782,1687,101220.0
4212,36868508,1726,103560.0
4213,36870152,1644,98640.0
4214,36871849,1697,101820.0
4216,36873515,1666,49980.0
4217,36875151,1636,98160.0
4218,36876912,1761,105660.0
4219,36878652,1740,104400.0
4220,36880358,1706,102360.0
4222,36880564,206,6180.0
4223,36880564,0,0.0
4224,36880564,0,0.0
4225,36880564,0,0.0
