timestamp,questions,qps,com_commit,com_rollback,tps,threads_running,threads_connected,pages_flushed,pages_flushed_ps,purge_trx_id,purge_tps,history_list_length
2026-04-23 02:32:52,35,0,0,0,0,2,1,8,0,0,0,0
2026-04-23 02:32:53,39,4,0,0,0,2,1,24,16,0,0,0
2026-04-23 02:32:54,187,148,45,0,45,3,4,38,14,0,0,0
2026-04-23 02:32:55,1171,984,378,3,336,6,7,803,765,0,0,0
2026-04-23 02:32:56,3623,2452,1219,5,843,8,9,803,0,0,0,0
2026-04-23 02:32:57,7681,4058,2624,6,1406,9,11,803,0,0,0,0
2026-04-23 02:32:58,13293,5612,4561,18,1949,11,13,803,0,0,0,0
2026-04-23 02:32:59,20566,7273,7093,31,2545,14,15,803,0,0,0,0
2026-04-23 02:33:00,29895,9329,10328,49,3253,17,18,803,0,0,0,0
2026-04-23 02:33:02,40952,11057,14155,69,3847,19,20,803,0,0,0,0
2026-04-23 02:33:03,54093,13141,18706,91,4573,21,22,803,0,0,0,0
2026-04-23 02:33:04,68577,14484,23727,116,5046,22,24,803,0,0,0,0
2026-04-23 02:33:05,84755,16178,29334,130,5621,23,26,803,0,0,0,0
2026-04-23 02:33:06,103293,18538,35760,154,6450,26,29,803,0,0,0,0
2026-04-23 02:33:07,123707,20414,42827,181,7094,29,31,803,0,0,0,0
2026-04-23 02:33:08,145999,22292,50540,214,7746,30,33,803,0,0,0,0
2026-04-23 02:33:09,170463,24464,59021,252,8519,32,35,803,0,0,0,0
2026-04-23 02:33:10,196919,26456,68230,289,9246,35,38,803,0,0,0,0
2026-04-23 02:33:12,225725,28806,78213,339,10033,38,40,803,0,0,0,0
2026-04-23 02:33:13,256480,30755,88858,382,10688,41,42,803,0,0,0,0
2026-04-23 02:33:14,287099,30619,99487,426,10673,41,44,803,0,0,0,0
2026-04-23 02:33:15,319530,32431,110707,470,11264,46,47,803,0,0,0,0
2026-04-23 02:33:16,353236,33706,122396,525,11744,47,49,803,0,0,0,0
2026-04-23 02:33:17,388479,35243,134623,574,12276,49,51,803,0,0,0,0
2026-04-23 02:33:18,424994,36515,147263,631,12697,51,53,803,0,0,0,0
2026-04-23 02:33:19,461986,36992,160133,690,12929,52,55,803,0,0,0,0
2026-04-23 02:33:20,499042,37056,172972,757,12906,57,58,5335,4532,0,0,0
2026-04-23 02:33:22,537912,38870,186448,812,13531,59,60,9719,4384,0,0,0
2026-04-23 02:33:23,577340,39428,200111,886,13737,59,62,14001,4282,0,0,0
2026-04-23 02:33:24,617905,40565,214187,951,14141,60,64,18155,4154,0,0,0
2026-04-23 02:33:25,658715,40810,228353,1014,14229,63,67,22217,4062,0,0,0
2026-04-23 02:33:26,702701,43986,243597,1078,15308,66,69,30371,8154,0,0,0
2026-04-23 02:33:27,746109,43408,258662,1125,15112,70,71,34779,4408,0,0,0
2026-04-23 02:33:28,790993,44884,274206,1189,15608,71,73,39171,4392,0,0,0
2026-04-23 02:33:29,836469,45476,289962,1272,15839,72,76,43591,4420,0,0,0
2026-04-23 02:33:31,883610,47141,306274,1349,16389,75,78,47993,4402,0,0,0
2026-04-23 02:33:32,931880,48270,323044,1406,16827,78,80,52373,4380,0,0,0
2026-04-23 02:33:33,980983,49103,340077,1490,17117,80,82,56813,4440,0,0,0
2026-04-23 02:33:34,1029381,48398,356838,1569,16840,83,85,61207,4394,0,0,0
2026-04-23 02:33:35,1079500,50119,374191,1645,17429,86,87,69857,8650,0,0,0
2026-04-23 02:33:36,1130196,50696,391758,1714,17636,88,89,74135,4278,0,0,0
2026-04-23 02:33:37,1180247,50051,409148,1787,17463,85,92,78395,4260,0,0,0
2026-04-23 02:33:39,1231350,51103,426842,1861,17768,91,94,82641,4246,0,0,0
2026-04-23 02:33:40,1282436,51086,444548,1943,17788,94,96,86881,4240,0,0,0
2026-04-23 02:33:41,1334138,51702,462492,2026,18027,94,98,91063,4182,0,0,0
2026-04-23 02:33:42,1385597,51459,480337,2115,17934,100,101,95265,4202,0,0,0
2026-04-23 02:33:43,1438221,52624,498560,2198,18306,95,103,103759,8494,0,0,0
2026-04-23 02:33:44,1491503,53282,517031,2286,18559,103,105,107997,4238,0,0,0
2026-04-23 02:33:45,1544161,52658,535313,2368,18364,103,107,112207,4210,0,0,0
2026-04-23 02:33:47,1597270,53109,553756,2449,18524,108,110,116423,4216,0,0,0
2026-04-23 02:33:48,1651179,53909,572466,2532,18793,94,112,120627,4204,0,0,0
2026-04-23 02:33:49,1703351,52172,590541,2613,18156,94,114,124893,4266,0,0,0
2026-04-23 02:33:50,1752342,48991,607563,2695,17104,116,117,129141,4248,0,0,0
2026-04-23 02:33:51,1798959,46617,623745,2765,16252,118,119,140859,11718,0,0,0
2026-04-23 02:33:52,1847237,48278,640439,2847,16776,120,121,163959,23100,0,0,0
2026-04-23 02:33:53,1897881,50644,658043,2919,17676,113,123,175269,11310,0,0,0
2026-04-23 02:33:55,1952974,55093,677150,3020,19208,125,126,186435,11166,0,0,0
2026-04-23 02:33:56,2008022,55048,696267,3111,19208,127,128,197521,11086,0,0,0
2026-04-23 02:33:57,2063709,55687,715572,3181,19375,129,130,208449,10928,0,0,0
2026-04-23 02:33:58,2119236,55527,734844,3270,19361,128,133,219265,10816,0,0,0
2026-04-23 02:33:59,2173745,54509,753766,3349,19001,134,135,230047,10782,0,0,0
2026-04-23 02:34:00,2230687,56942,773397,3453,19735,130,137,251177,21130,0,0,0
2026-04-23 02:34:01,2287534,56847,793088,3543,19781,133,139,261601,10424,0,0,0
2026-04-23 02:34:03,2343694,56160,812584,3618,19571,137,142,271995,10394,0,0,0
2026-04-23 02:34:04,2400160,56466,832159,3700,19657,138,144,282369,10374,0,0,0
2026-04-23 02:34:05,2456449,56289,851702,3785,19628,142,146,292653,10284,0,0,0
2026-04-23 02:34:06,2512270,55821,871084,3869,19466,148,149,302793,10140,0,0,0
2026-04-23 02:34:07,2569385,57115,890869,3968,19884,150,151,312865,10072,0,0,0
2026-04-23 02:34:08,2625801,56416,910450,4052,19665,145,153,332947,20082,0,0,0
2026-04-23 02:34:09,2682509,56708,930093,4143,19734,138,156,342973,10026,0,0,0
2026-04-23 02:34:11,2738507,55998,949500,4229,19493,155,158,352865,9892,0,0,0
2026-04-23 02:34:12,2794569,56062,968977,4339,19587,155,160,362589,9724,0,0,0
2026-04-23 02:34:13,2850926,56357,988458,4430,19572,159,163,372211,9622,0,0,0
2026-04-23 02:34:14,2906963,56037,1007902,4513,19527,161,163,381805,9594,0,0,0
2026-04-23 02:34:15,2963470,56507,1027522,4600,19707,151,163,400799,18994,0,0,0
2026-04-23 02:34:16,3021176,57706,1047546,4684,20108,155,163,410175,9376,0,0,0
2026-04-23 02:34:18,3078121,56945,1067346,4766,19882,146,163,419419,9244,0,0,0
2026-04-23 02:34:19,3135362,57241,1087220,4848,19956,149,163,428639,9220,0,0,0
2026-04-23 02:34:20,3193163,57801,1107238,4925,20095,159,163,437853,9214,0,0,0
2026-04-23 02:34:21,3249661,56498,1126859,5028,19724,162,163,451679,13826,0,0,0
2026-04-23 02:34:22,3307046,57385,1146708,5131,19952,158,163,465361,13682,0,0,0
2026-04-23 02:34:23,3364315,57269,1166547,5231,19939,160,163,492543,27182,0,0,0
2026-04-23 02:34:25,3421360,57045,1186365,5304,19891,149,163,505969,13426,0,0,0
2026-04-23 02:34:26,3479234,57874,1206476,5393,20200,135,163,519437,13468,0,0,0
2026-04-23 02:34:27,3537453,58219,1226665,5470,20266,161,163,532779,13342,0,0,0
2026-04-23 02:34:28,3595549,58096,1246784,5554,20203,162,163,546041,13262,0,0,0
2026-04-23 02:34:29,3651554,56005,1266245,5630,19537,152,163,559259,13218,0,0,0
2026-04-23 02:34:30,3709466,57912,1286351,5715,20191,140,163,585421,26162,0,0,0
2026-04-23 02:34:31,3768035,58569,1306617,5798,20349,152,163,598353,12932,0,0,0
2026-04-23 02:34:33,3826099,58064,1326821,5885,20291,162,163,611197,12844,0,0,0
2026-04-23 02:34:34,3884469,58370,1347043,5971,20308,148,163,623863,12666,0,0,0
2026-04-23 02:34:35,3942969,58500,1367368,6054,20408,154,163,636551,12688,0,0,0
2026-04-23 02:34:36,4002143,59174,1387785,6153,20516,162,163,649217,12666,0,0,0
2026-04-23 02:34:37,4059616,57473,1407698,6236,19996,160,163,661771,12554,0,0,0
2026-04-23 02:34:38,4117857,58241,1427930,6313,20309,144,163,686687,24916,0,0,0
2026-04-23 02:34:40,4177039,59182,1448463,6408,20628,150,163,699075,12388,0,0,0
2026-04-23 02:34:41,4235605,58566,1468836,6481,20446,162,163,711461,12386,0,0,0
2026-04-23 02:34:42,4293454,57849,1488952,6581,20216,162,163,723839,12378,0,0,0
2026-04-23 02:34:43,4350971,57517,1508946,6667,20080,162,163,736151,12312,0,0,0
2026-04-23 02:34:44,4408698,57727,1528963,6756,20106,159,163,748461,12310,0,0,0
2026-04-23 02:34:45,4466459,57761,1548969,6865,20115,146,163,772911,24450,0,0,0
2026-04-23 02:34:47,4524180,57721,1569033,6942,20141,161,163,785073,12162,0,0,0
2026-04-23 02:34:48,4581939,57759,1589057,7028,20110,157,163,797225,12152,0,0,0
2026-04-23 02:34:49,4640088,58149,1609239,7118,20272,157,163,809343,12118,0,0,0
2026-04-23 02:34:50,4698172,58084,1629449,7188,20280,148,163,821407,12064,0,0,0
2026-04-23 02:34:51,4755636,57464,1649377,7273,20013,150,163,835985,14578,0,0,0
2026-04-23 02:34:52,4813746,58110,1669510,7362,20222,158,163,850569,14584,0,0,0
2026-04-23 02:34:53,4871576,57830,1689584,7448,20160,149,163,879595,29026,0,0,0
2026-04-23 02:34:55,4929969,58393,1709840,7524,20332,162,163,893957,14362,0,0,0
2026-04-23 02:34:56,4987485,57516,1729846,7598,20080,156,163,908271,14314,0,0,0
2026-04-23 02:34:57,5044840,57355,1749728,7691,19975,158,163,922665,14394,0,0,0
2026-04-23 02:34:58,5102078,57238,1769539,7781,19901,161,163,936985,14320,0,0,0
2026-04-23 02:34:59,5158815,56737,1789271,7882,19833,160,163,951259,14274,0,0,0
2026-04-23 02:35:00,5215868,57053,1809049,7966,19862,152,163,979963,28704,0,0,0
2026-04-23 02:35:02,5274585,58717,1829358,8054,20397,157,163,994363,14400,0,0,0
2026-04-23 02:35:03,5331296,56711,1849125,8133,19846,158,163,1008683,14320,0,0,0
2026-04-23 02:35:04,5388564,57268,1869043,8198,19983,162,163,1022909,14226,0,0,0
2026-04-23 02:35:05,5446153,57589,1888926,8280,19965,162,163,1037027,14118,0,0,0
2026-04-23 02:35:06,5504386,58233,1909150,8371,20315,162,163,1051165,14138,0,0,0
2026-04-23 02:35:07,5561901,57515,1929110,8447,20036,149,163,1065215,14050,0,0,0
2026-04-23 02:35:08,5619992,58091,1949278,8533,20254,158,163,1093367,28152,0,0,0
2026-04-23 02:35:10,5678111,58119,1969473,8615,20277,144,163,1107303,13936,0,0,0
2026-04-23 02:35:11,5736778,58667,1989720,8710,20342,154,163,1121309,14006,0,0,0
2026-04-23 02:35:12,5795279,58501,2009990,8799,20359,158,163,1135300,13991,0,0,0
2026-04-23 02:35:13,5852283,57004,2029784,8893,19888,162,163,1149316,14016,0,0,0
2026-04-23 02:35:14,5909073,56790,2049571,8968,19862,161,163,1163352,14036,0,0,0
2026-04-23 02:35:15,5965842,56769,2069277,9058,19796,162,163,1191666,28314,0,0,0
2026-04-23 02:35:17,6023156,57314,2089180,9147,19992,160,163,1205814,14148,0,0,0
2026-04-23 02:35:18,6081272,58116,2109386,9239,20298,158,163,1220020,14206,0,0,0
2026-04-23 02:35:19,6139134,57862,2129405,9324,20104,161,163,1234291,14271,0,0,0
2026-04-23 02:35:20,6197545,58411,2149702,9406,20379,161,163,1248539,14248,0,0,0
2026-04-23 02:35:21,6254624,57079,2169508,9491,19891,156,163,1264156,15617,0,0,0
2026-04-23 02:35:22,6311802,57178,2189332,9579,19912,160,163,1279672,15516,0,0,0
2026-04-23 02:35:23,6369346,57544,2209316,9668,20073,160,163,1310520,30848,0,0,0
2026-04-23 02:35:25,6426881,57535,2229243,9755,20014,161,163,1325908,15388,0,0,0
2026-04-23 02:35:26,6484471,57590,2249222,9841,20065,160,163,1341266,15358,0,0,0
2026-04-23 02:35:27,6542034,57563,2269100,9931,19968,146,163,1356635,15369,0,0,0
2026-04-23 02:35:28,6598735,56701,2288825,10011,19805,162,163,1372058,15423,0,0,0
2026-04-23 02:35:29,6656512,57777,2308859,10095,20118,137,163,1387549,15491,0,0,0
2026-04-23 02:35:30,6713989,57477,2328791,10186,20023,160,163,1418403,30854,0,0,0
2026-04-23 02:35:32,6772219,58230,2349035,10272,20330,153,163,1433789,15386,0,0,0
2026-04-23 02:35:33,6830688,58469,2369283,10356,20332,162,163,1449160,15371,0,0,0
2026-04-23 02:35:34,6888534,57846,2389341,10457,20159,162,163,1464572,15412,0,0,0
2026-04-23 02:35:35,6945460,56926,2409113,10554,19869,162,163,1480022,15450,0,0,0
2026-04-23 02:35:36,7002387,56927,2428888,10626,19847,162,163,1495471,15449,0,0,0
2026-04-23 02:35:37,7058954,56567,2448542,10710,19738,161,163,1510981,15510,0,0,0
2026-04-23 02:35:38,7117056,58102,2468641,10808,20197,154,163,1541993,31012,0,0,0
2026-04-23 02:35:40,7175468,58412,2488887,10911,20349,161,163,1557441,15448,0,0,0
2026-04-23 02:35:41,7233063,57595,2508899,10986,20087,162,163,1572873,15432,0,0,0
2026-04-23 02:35:42,7291198,58135,2529046,11081,20242,155,163,1588367,15494,0,0,0
2026-04-23 02:35:43,7349282,58084,2549238,11173,20284,162,163,1603873,15506,0,0,0
2026-04-23 02:35:44,7407207,57925,2569356,11247,20192,162,163,1619412,15539,0,0,0
2026-04-23 02:35:45,7465627,58420,2589590,11337,20324,162,163,1650609,31197,0,0,0
2026-04-23 02:35:47,7524040,58413,2609814,11430,20317,150,163,1666283,15674,0,0,0
2026-04-23 02:35:48,7583180,59140,2630338,11516,20610,155,163,1681989,15706,0,0,0
2026-04-23 02:35:49,7641614,58434,2650675,11591,20412,147,163,1697760,15771,0,0,0
2026-04-23 02:35:50,7700403,58789,2671068,11677,20479,162,163,1713590,15830,0,0,0
2026-04-23 02:35:51,7759084,58681,2691429,11772,20456,145,163,1730374,16784,0,0,0
2026-04-23 02:35:52,7817768,58684,2711803,11852,20454,160,163,1747122,16748,0,0,0
2026-04-23 02:35:54,7876259,58491,2732086,11939,20370,161,163,1780595,33473,0,0,0
2026-04-23 02:35:55,7934884,58625,2752441,12031,20447,162,163,1797388,16793,0,0,0
2026-04-23 02:35:56,7993636,58752,2772840,12114,20482,149,163,1814148,16760,0,0,0
2026-04-23 02:35:57,8053181,59545,2793519,12192,20757,147,163,1830824,16676,0,0,0
2026-04-23 02:35:58,8111265,58084,2813719,12264,20272,162,163,1847629,16805,0,0,0
2026-04-23 02:35:59,8170256,58991,2834143,12360,20520,153,163,1864371,16742,0,0,0
2026-04-23 02:36:01,8230167,59911,2854896,12444,20837,157,163,1897674,33303,0,0,0
2026-04-23 02:36:02,8289075,58908,2875379,12538,20577,149,163,1914285,16611,0,0,0
2026-04-23 02:36:03,8348104,59029,2895832,12632,20547,151,163,1930878,16593,0,0,0
2026-04-23 02:36:04,8405493,57389,2915857,12731,20124,135,163,1947467,16589,0,0,0
2026-04-23 02:36:05,8463419,57926,2935968,12805,20185,162,163,1964153,16686,0,0,0
2026-04-23 02:36:06,8522281,58862,2956359,12899,20485,161,163,1980887,16734,0,0,0
2026-04-23 02:36:07,8580331,58050,2976528,12980,20250,155,163,2014405,33518,0,0,0
2026-04-23 02:36:09,8639410,59079,2997028,13073,20593,161,163,2031125,16720,0,0,0
2026-04-23 02:36:10,8698042,58632,3017364,13138,20401,161,163,2047893,16768,0,0,0
2026-04-23 02:36:11,8757469,59427,3037965,13236,20699,160,163,2064560,16667,0,0,0
2026-04-23 02:36:12,8816957,59488,3058592,13329,20720,149,163,2081192,16632,0,0,0
2026-04-23 02:36:13,8876432,59475,3079136,13435,20650,157,163,2097895,16703,0,0,0
2026-04-23 02:36:14,8934855,58423,3099438,13525,20392,162,163,2114652,16757,0,0,0
2026-04-23 02:36:16,8993438,58583,3119769,13634,20440,156,163,2148162,33510,0,0,0
2026-04-23 02:36:17,9052449,59011,3140238,13713,20548,149,163,2165062,16900,0,0,0
2026-04-23 02:36:18,9111601,59152,3160787,13793,20629,162,163,2181929,16867,0,0,0
2026-04-23 02:36:19,9170960,59359,3181327,13891,20638,155,163,2198839,16910,0,0,0
2026-04-23 02:36:20,9229094,58134,3201523,13981,20286,161,163,2215755,16916,0,0,0
2026-04-23 02:36:21,9287716,58622,3221855,14067,20418,161,163,2233262,17507,0,0,0
2026-04-23 02:36:22,9346718,59002,3242336,14165,20579,162,163,2250714,17452,0,0,0
2026-04-23 02:36:24,9405021,58303,3262611,14262,20372,162,163,2285146,34432,0,0,0
2026-04-23 02:36:25,9463729,58708,3282931,14361,20419,162,163,2302202,17056,0,0,0
2026-04-23 02:36:26,9522229,58500,3303259,14442,20409,143,163,2319122,16920,0,0,0
2026-04-23 02:36:27,9579895,57666,3323278,14532,20109,161,163,2336028,16906,0,0,0
2026-04-23 02:36:28,9639037,59142,3343764,14645,20599,161,163,2352901,16873,0,0,0
2026-04-23 02:36:29,9696282,57245,3363692,14732,20015,162,163,2369638,16737,0,0,0
2026-04-23 02:36:31,9755963,59681,3384310,14841,20727,137,163,2402840,33202,0,0,0
2026-04-23 02:36:32,9815028,59065,3404840,14936,20625,136,163,2419316,16476,0,0,0
2026-04-23 02:36:33,9873431,58403,3425041,15033,20298,153,163,2435729,16413,0,0,0
2026-04-23 02:36:34,9932502,59071,3445558,15122,20606,159,163,2452148,16419,0,0,0
2026-04-23 02:36:35,9990705,58203,3465827,15215,20362,157,163,2468584,16436,0,0,0
2026-04-23 02:36:36,10049006,58301,3486037,15308,20303,162,163,2484966,16382,0,0,0
2026-04-23 02:36:37,10106825,57819,3506151,15397,20203,162,163,2517536,32570,0,0,0
2026-04-23 02:36:39,10166079,59254,3526699,15483,20634,152,163,2533653,16117,0,0,0
2026-04-23 02:36:40,10224929,58850,3547132,15544,20494,162,163,2549765,16112,0,0,0
2026-04-23 02:36:41,10284014,59085,3567557,15639,20520,144,163,2565719,15954,0,0,0
2026-04-23 02:36:42,10341483,57469,3587579,15734,20117,162,163,2581665,15946,0,0,0
2026-04-23 02:36:43,10399716,58233,3607763,15827,20277,159,163,2597456,15791,0,0,0
2026-04-23 02:36:44,10457110,57394,3627759,15910,20079,162,163,2613314,15858,0,0,0
2026-04-23 02:36:46,10515692,58582,3648078,15999,20408,162,163,2644844,31530,0,0,0
2026-04-23 02:36:47,10574971,59279,3668584,16093,20600,161,163,2660541,15697,0,0,0
2026-04-23 02:36:48,10633447,58476,3688871,16193,20387,159,163,2676230,15689,0,0,0
2026-04-23 02:36:49,10692563,59116,3709384,16280,20600,144,163,2691906,15676,0,0,0
2026-04-23 02:36:50,10750285,57722,3729428,16374,20138,162,163,2707539,15633,0,0,0
2026-04-23 02:36:51,10807951,57666,3749407,16475,20080,161,163,2723314,15775,0,0,0
2026-04-23 02:36:52,10866618,58667,3769693,16573,20384,154,163,2754772,31458,0,0,0
2026-04-23 02:36:54,10925270,58652,3790065,16653,20452,149,163,2770439,15667,0,0,0
2026-04-23 02:36:55,10984562,59292,3810657,16743,20682,161,163,2786016,15577,0,0,0
2026-04-23 02:36:56,11043911,59349,3831193,16845,20638,156,163,2801602,15586,0,0,0
2026-04-23 02:36:57,11102110,58199,3851383,16941,20286,150,163,2817181,15579,0,0,0
2026-04-23 02:36:58,11161165,59055,3871843,17029,20548,160,163,2832717,15536,0,0,0
2026-04-23 02:36:59,11218698,57533,3891840,17126,20094,154,163,2848238,15521,0,0,0
2026-04-23 02:37:01,11277278,58580,3912173,17207,20414,162,163,2879213,30975,0,0,0
2026-04-23 02:37:02,11337175,59897,3932956,17308,20884,149,163,2894517,15304,0,0,0
2026-04-23 02:37:03,11396060,58885,3953368,17384,20488,160,163,2909719,15202,0,0,0
2026-04-23 02:37:04,11455002,58942,3973823,17488,20559,162,163,2924764,15045,0,0,0
2026-04-23 02:37:05,11513450,58448,3994047,17568,20304,162,163,2939775,15011,0,0,0
2026-04-23 02:37:06,11571904,58454,4014359,17661,20405,162,163,2954703,14928,0,0,0
2026-04-23 02:37:07,11630282,58378,4034576,17736,20292,162,163,2984487,29784,0,0,0
2026-04-23 02:37:09,11688538,58256,4054819,17815,20322,151,163,2999276,14789,0,0,0
2026-04-23 02:37:10,11748282,59744,4075581,17901,20848,159,163,3014017,14741,0,0,0
2026-04-23 02:37:11,11807709,59427,4096174,17992,20684,160,163,3028679,14662,0,0,0
2026-04-23 02:37:12,11866158,58449,4116456,18076,20366,161,163,3043340,14661,0,0,0
2026-04-23 02:37:13,11925120,58962,4136913,18161,20542,161,163,3058014,14674,0,0,0
2026-04-23 02:37:14,11983686,58566,4157265,18243,20434,161,163,3072709,14695,0,0,0
2026-04-23 02:37:16,12041848,58162,4177494,18340,20326,154,163,3102048,29339,0,0,0
2026-04-23 02:37:17,12100778,58930,4197900,18439,20505,162,163,3116591,14543,0,0,0
2026-04-23 02:37:18,12159815,59037,4218352,18530,20543,144,163,3131064,14473,0,0,0
2026-04-23 02:37:19,12219066,59251,4238852,18614,20584,162,163,3145495,14431,0,0,0
2026-04-23 02:37:20,12277226,58160,4259168,18706,20408,151,163,3159916,14421,0,0,0
2026-04-23 02:37:21,12336048,58822,4279545,18792,20463,151,163,3174236,14320,0,0,0
2026-04-23 02:37:22,12394835,58787,4299941,18889,20493,144,163,3202799,28563,0,0,0
2026-04-23 02:37:24,12454057,59222,4320477,18995,20642,157,163,3217102,14303,0,0,0
2026-04-23 02:37:25,12513276,59219,4340999,19086,20613,151,163,3231346,14244,0,0,0
2026-04-23 02:37:26,12573043,59767,4361766,19177,20858,149,163,3245537,14191,0,0,0
2026-04-23 02:37:27,12631626,58583,4382025,19279,20361,159,163,3259713,14176,0,0,0
2026-04-23 02:37:28,12689861,58235,4402295,19368,20359,157,163,3273843,14130,0,0,0
2026-04-23 02:37:29,12748894,59033,4422718,19451,20506,149,163,3287938,14095,0,0,0
2026-04-23 02:37:31,12808498,59604,4443387,19557,20775,161,163,3316119,28181,0,0,0
2026-04-23 02:37:32,12867552,59054,4463840,19638,20534,154,163,3330204,14085,0,0,0
2026-04-23 02:37:33,12927394,59842,4484584,19728,20834,148,163,3344296,14092,0,0,0
2026-04-23 02:37:34,12986056,58662,4504959,19806,20453,138,163,3358379,14083,0,0,0
2026-04-23 02:37:35,13044080,58024,4525155,19905,20295,159,163,3372386,14007,0,0,0
2026-04-23 02:37:36,13103152,59072,4545602,19998,20540,158,163,3386341,13955,0,0,0
2026-04-23 02:37:37,13162335,59183,4566148,20097,20645,162,163,3414235,27894,0,0,0
2026-04-23 02:37:39,13220774,58439,4586445,20189,20389,161,163,3428205,13970,0,0,0
2026-04-23 02:37:40,13279846,59072,4606880,20289,20535,150,163,3442171,13966,0,0,0
2026-04-23 02:37:41,13339099,59253,4627410,20383,20624,154,163,3456057,13886,0,0,0
2026-04-23 02:37:42,13396609,57510,4647413,20468,20088,133,163,3469884,13827,0,0,0
2026-04-23 02:37:43,13455973,59364,4667950,20568,20637,147,163,3483737,13853,0,0,0
2026-04-23 02:37:44,13515064,59091,4688454,20660,20596,161,163,3497589,13852,0,0,0
2026-04-23 02:37:45,13573920,58856,4708904,20765,20555,160,163,3525340,27751,0,0,0
2026-04-23 02:37:47,13632339,58419,4729128,20870,20329,160,163,3539183,13843,0,0,0
2026-04-23 02:37:48,13691940,59601,4749792,20962,20756,162,163,3552986,13803,0,0,0
2026-04-23 02:37:49,13751369,59429,4770442,21041,20729,161,163,3566718,13732,0,0,0
2026-04-23 02:37:50,13809758,58389,4790693,21126,20336,162,163,3580528,13810,0,0,0
2026-04-23 02:37:51,13868810,59052,4811196,21225,20602,153,163,3594029,13501,0,0,0
2026-04-23 02:37:52,13927913,59103,4831717,21317,20613,162,163,3621017,26988,0,0,0
2026-04-23 02:37:54,13987897,59984,4852538,21408,20912,162,163,3634464,13447,0,0,0
2026-04-23 02:37:55,14047491,59594,4873175,21517,20746,154,163,3647846,13382,0,0,0
2026-04-23 02:37:56,14106693,59202,4893732,21617,20657,148,163,3661137,13291,0,0,0
2026-04-23 02:37:57,14165086,58393,4913999,21696,20346,155,163,3674356,13219,0,0,0
2026-04-23 02:37:58,14223650,58564,4934341,21798,20444,161,163,3687631,13275,0,0,0
2026-04-23 02:37:59,14282841,59191,4954861,21884,20606,161,163,3714260,26629,0,0,0
2026-04-23 02:38:01,14341850,59009,4975331,21979,20565,160,163,3727714,13454,0,0,0
2026-04-23 02:38:02,14401400,59550,4995953,22070,20713,157,163,3741093,13379,0,0,0
2026-04-23 02:38:03,14460630,59230,5016535,22150,20662,156,163,3754512,13419,0,0,0
2026-04-23 02:38:04,14520433,59803,5037253,22236,20804,162,163,3767875,13363,0,0,0
2026-04-23 02:38:05,14578105,57672,5057243,22308,20062,161,163,3781148,13273,0,0,0
2026-04-23 02:38:06,14637267,59162,5077738,22428,20615,155,163,3794403,13255,0,0,0
2026-04-23 02:38:07,14696972,59705,5098469,22521,20824,162,163,3820916,26513,0,0,0
2026-04-23 02:38:09,14755997,59025,5118985,22609,20604,161,163,3834220,13304,0,0,0
2026-04-23 02:38:10,14815421,59424,5139626,22698,20730,162,163,3847580,13360,0,0,0
2026-04-23 02:38:11,14874659,59238,5160188,22783,20647,148,163,3860950,13370,0,0,0
2026-04-23 02:38:12,14934250,59591,5180815,22880,20724,157,163,3874294,13344,0,0,0
2026-04-23 02:38:13,14993803,59553,5201418,22972,20695,144,163,3887642,13348,0,0,0
2026-04-23 02:38:14,15053437,59634,5222083,23074,20767,162,163,3914286,26644,0,0,0
2026-04-23 02:38:16,15113143,59706,5242826,23168,20837,162,163,3927579,13293,0,0,0
2026-04-23 02:38:17,15171416,58273,5263045,23245,20296,148,163,3940899,13320,0,0,0
2026-04-23 02:38:18,15230524,59108,5283597,23344,20651,149,163,3954186,13287,0,0,0
2026-04-23 02:38:19,15289582,59058,5304102,23426,20587,161,163,3967532,13346,0,0,0
2026-04-23 02:38:20,15348092,58510,5324387,23521,20380,160,163,3980892,13360,0,0,0
2026-04-23 02:38:21,15407245,59153,5344907,23615,20614,162,163,4007047,26155,0,0,0
2026-04-23 02:38:23,15465607,58362,5365209,23692,20379,156,163,4020056,13009,0,0,0
2026-04-23 02:38:24,15524606,58999,5385658,23792,20549,161,163,4033058,13002,0,0,0
2026-04-23 02:38:25,15583514,58908,5406093,23869,20512,157,163,4046050,12992,0,0,0
2026-04-23 02:38:26,15642829,59315,5426718,23952,20708,162,163,4059064,13014,0,0,0
2026-04-23 02:38:27,15700653,57824,5446790,24048,20168,156,163,4072115,13051,0,0,0
2026-04-23 02:38:28,15758445,57792,5466834,24138,20134,143,163,4085214,13099,0,0,0
2026-04-23 02:38:29,15817273,58828,5487228,24213,20469,158,163,4111443,26229,0,0,0
2026-04-23 02:38:31,15876702,59429,5507826,24295,20680,158,163,4124619,13176,0,0,0
2026-04-23 02:38:32,15936090,59388,5528475,24375,20729,161,163,4137771,13152,0,0,0
2026-04-23 02:38:33,15995959,59869,5549209,24484,20843,161,163,4150922,13151,0,0,0
2026-04-23 02:38:34,16054517,58558,5569560,24576,20443,149,163,4163997,13075,0,0,0
2026-04-23 02:38:35,16113751,59234,5590082,24668,20614,160,163,4177057,13060,0,0,0
2026-04-23 02:38:36,16173168,59417,5610680,24756,20686,147,163,4190098,13041,0,0,0
2026-04-23 02:38:38,16231689,58521,5630925,24863,20352,158,163,4216355,26257,0,0,0
2026-04-23 02:38:39,16291162,59473,5651531,24952,20695,157,163,4229511,13156,0,0,0
2026-04-23 02:38:40,16350758,59596,5672214,25039,20770,161,163,4242689,13178,0,0,0
2026-04-23 02:38:41,16410242,59484,5692848,25131,20726,158,163,4255829,13140,0,0,0
2026-04-23 02:38:42,16468812,58570,5713208,25240,20469,162,163,4268940,13111,0,0,0
2026-04-23 02:38:43,16528211,59399,5733780,25333,20665,157,163,4282070,13130,0,0,0
2026-04-23 02:38:44,16586547,58336,5754045,25410,20342,161,163,4308239,26169,0,0,0
2026-04-23 02:38:46,16646365,59818,5774762,25513,20820,160,163,4321360,13121,0,0,0
2026-04-23 02:38:47,16704672,58307,5794973,25608,20306,137,163,4334481,13121,0,0,0
2026-04-23 02:38:48,16763769,59097,5815449,25687,20555,155,163,4347632,13151,0,0,0
2026-04-23 02:38:49,16823377,59608,5836156,25783,20803,162,163,4360786,13154,0,0,0
2026-04-23 02:38:50,16882332,58955,5856596,25876,20533,162,163,4373940,13154,0,0,0
2026-04-23 02:38:51,16940128,57796,5876653,25969,20150,155,163,4386889,12949,0,0,0
2026-04-23 02:38:53,16999176,59048,5897094,26060,20532,160,163,4412867,25978,0,0,0
2026-04-23 02:38:54,17059518,60342,5917996,26154,20996,160,163,4425878,13011,0,0,0
2026-04-23 02:38:55,17118201,58683,5938418,26246,20514,162,163,4438909,13031,0,0,0
2026-04-23 02:38:56,17177234,59033,5958898,26338,20572,141,163,4451966,13057,0,0,0
2026-04-23 02:38:57,17236486,59252,5979439,26427,20630,162,163,4465047,13081,0,0,0
2026-04-23 02:38:58,17294770,58284,5999643,26516,20293,158,163,4478150,13103,0,0,0
2026-04-23 02:38:59,17354658,59888,6020420,26602,20863,155,163,4504295,26145,0,0,0
2026-04-23 02:39:01,17413907,59249,6041013,26686,20677,146,163,4517359,13064,0,0,0
2026-04-23 02:39:02,17473507,59600,6061648,26798,20747,156,163,4530337,12978,0,0,0
2026-04-23 02:39:03,17533174,59667,6082356,26884,20794,161,163,4543348,13011,0,0,0
2026-04-23 02:39:04,17592990,59816,6103096,26964,20820,162,163,4556329,12981,0,0,0
2026-04-23 02:39:05,17651210,58220,6123311,27036,20287,158,163,4569300,12971,0,0,0
2026-04-23 02:39:06,17710088,58878,6143763,27143,20559,161,163,4595292,25992,0,0,0
2026-04-23 02:39:08,17770269,60181,6164596,27233,20923,155,163,4608358,13066,0,0,0
2026-04-23 02:39:09,17829382,59113,6185151,27320,20642,156,163,4621442,13084,0,0,0
2026-04-23 02:39:10,17888243,58861,6205570,27409,20508,162,163,4634453,13011,0,0,0
2026-04-23 02:39:11,17947823,59580,6226214,27495,20730,161,163,4647534,13081,0,0,0
2026-04-23 02:39:12,18006653,58830,6246701,27573,20565,160,163,4660599,13065,0,0,0
2026-04-23 02:39:13,18065574,58921,6267140,27685,20551,161,163,4673743,13144,0,0,0
2026-04-23 02:39:14,18124201,58627,6287455,27772,20402,155,163,4700099,26356,0,0,0
2026-04-23 02:39:16,18183853,59652,6308141,27860,20774,151,163,4713263,13164,0,0,0
2026-04-23 02:39:17,18243225,59372,6328742,27972,20713,162,163,4726362,13099,0,0,0
2026-04-23 02:39:18,18302547,59322,6349312,28054,20652,162,163,4739406,13044,0,0,0
2026-04-23 02:39:19,18362310,59763,6370044,28135,20813,150,163,4752447,13041,0,0,0
2026-04-23 02:39:20,18420322,58012,6390197,28229,20247,159,163,4765549,13102,0,0,0
2026-04-23 02:39:21,18478518,58196,6410358,28315,20247,153,163,4791636,26087,0,0,0
2026-04-23 02:39:23,18538595,60077,6431160,28411,20898,162,163,4804753,13117,0,0,0
2026-04-23 02:39:24,18598327,59732,6451890,28516,20835,157,163,4817807,13054,0,0,0
2026-04-23 02:39:25,18657951,59624,6472575,28607,20776,162,163,4830869,13062,0,0,0
2026-04-23 02:39:26,18717184,59233,6493129,28686,20633,151,163,4843939,13070,0,0,0
2026-04-23 02:39:27,18775903,58719,6513534,28773,20492,162,163,4856954,13015,0,0,0
2026-04-23 02:39:28,18835513,59610,6534243,28845,20781,149,163,4870053,13099,0,0,0
2026-04-23 02:39:29,18894772,59259,6554805,28934,20651,150,163,4896275,26222,0,0,0
2026-04-23 02:39:31,18953632,58860,6575258,29006,20525,162,163,4909477,13202,0,0,0
2026-04-23 02:39:32,19013312,59680,6595939,29089,20764,162,163,4922627,13150,0,0,0
2026-04-23 02:39:33,19072297,58985,6616440,29173,20585,162,163,4935735,13108,0,0,0
2026-04-23 02:39:34,19131441,59144,6636917,29270,20574,161,163,4948849,13114,0,0,0
2026-04-23 02:39:35,19189159,57718,6657058,29346,20217,144,163,4961929,13080,0,0,0
2026-04-23 02:39:36,19247503,58344,6677225,29435,20256,144,163,4988150,26221,0,0,0
2026-04-23 02:39:38,19306606,59103,6697787,29515,20642,160,163,5001317,13167,0,0,0
2026-04-23 02:39:39,19366490,59884,6718521,29617,20836,144,163,5014468,13151,0,0,0
2026-04-23 02:39:40,19426953,60463,6739430,29730,21022,161,163,5027656,13188,0,0,0
2026-04-23 02:39:41,19486828,59875,6760209,29824,20873,156,163,5040790,13134,0,0,0
2026-04-23 02:39:42,19546467,59639,6780865,29923,20755,158,163,5053905,13115,0,0,0
2026-04-23 02:39:43,19605882,59415,6801449,30014,20675,162,163,5067064,13159,0,0,0
2026-04-23 02:39:44,19665162,59280,6822017,30085,20639,152,163,5093304,26240,0,0,0
2026-04-23 02:39:46,19724735,59573,6842724,30181,20803,157,163,5106424,13120,0,0,0
2026-04-23 02:39:47,19784604,59869,6863464,30267,20826,157,163,5119557,13133,0,0,0
2026-04-23 02:39:48,19844690,60086,6884254,30380,20903,162,163,5132711,13154,0,0,0
2026-04-23 02:39:49,19903891,59201,6904786,30467,20619,161,163,5145883,13172,0,0,0
2026-04-23 02:39:50,19962723,58832,6925184,30558,20489,153,163,5159061,13178,0,0,0
2026-04-23 02:39:51,20022005,59282,6945766,30641,20665,144,163,5185385,26324,0,0,0
2026-04-23 02:39:53,20082338,60333,6966623,30734,20950,152,163,5198544,13159,0,0,0
2026-04-23 02:39:54,20140693,58355,6986906,30834,20383,139,163,5211735,13191,0,0,0
2026-04-23 02:39:55,20200386,59693,7007610,30934,20804,162,163,5224926,13191,0,0,0
2026-04-23 02:39:56,20259283,58897,7028041,31018,20515,159,163,5238083,13157,0,0,0
2026-04-23 02:39:57,20318564,59281,7048640,31094,20675,161,163,5251194,13111,0,0,0
2026-04-23 02:39:58,20378435,59871,7069382,31188,20836,153,163,5264286,13092,0,0,0
2026-04-23 02:40:00,20436989,58554,7089754,31267,20451,152,163,5290487,26201,0,0,0
2026-04-23 02:40:01,20497505,60516,7110706,31354,21039,158,163,5303649,13162,0,0,0
2026-04-23 02:40:02,20556314,58809,7131076,31451,20467,159,163,5316789,13140,0,0,0
2026-04-23 02:40:03,20614776,58462,7151434,31549,20456,150,163,5329973,13184,0,0,0
2026-04-23 02:40:04,20673373,58597,7171754,31626,20397,158,163,5343202,13229,0,0,0
2026-04-23 02:40:05,20731644,58271,7191963,31707,20290,162,163,5356447,13245,0,0,0
2026-04-23 02:40:06,20789450,57806,7212096,31787,20213,162,163,5382994,26547,0,0,0
2026-04-23 02:40:08,20848346,58896,7232527,31868,20512,151,163,5396247,13253,0,0,0
2026-04-23 02:40:09,20904803,56457,7252135,31955,19695,155,163,5409473,13226,0,0,0
2026-04-23 02:40:10,20962757,57954,7272260,32036,20206,162,163,5422655,13182,0,0,0
2026-04-23 02:40:11,21021386,58629,7292576,32130,20410,162,163,5435822,13167,0,0,0
2026-04-23 02:40:12,21079922,58536,7312940,32207,20441,157,163,5449040,13218,0,0,0
2026-04-23 02:40:13,21138531,58609,7333279,32302,20434,162,163,5462274,13234,0,0,0
2026-04-23 02:40:15,21197201,58670,7353606,32382,20407,157,163,5488768,26494,0,0,0
2026-04-23 02:40:16,21257424,60223,7374504,32476,20992,150,163,5501940,13172,0,0,0
2026-04-23 02:40:17,21316349,58925,7394920,32563,20503,141,163,5515100,13160,0,0,0
2026-04-23 02:40:18,21373410,57061,7414785,32633,19935,154,163,5528278,13178,0,0,0
2026-04-23 02:40:19,21430830,57420,7434674,32727,19983,162,163,5541455,13177,0,0,0
2026-04-23 02:40:20,21490141,59311,7455189,32817,20605,160,163,5554623,13168,0,0,0
2026-04-23 02:40:21,21549352,59211,7475723,32913,20630,161,163,5580903,26280,0,0,0
2026-04-23 02:40:23,21608721,59369,7496343,33010,20717,148,163,5594025,13122,0,0,0
2026-04-23 02:40:24,21668471,59750,7517086,33103,20836,162,163,5607164,13139,0,0,0
2026-04-23 02:40:25,21727504,59033,7537549,33205,20565,157,163,5620310,13146,0,0,0
2026-04-23 02:40:26,21786176,58672,7557941,33282,20469,162,163,5633473,13163,0,0,0
2026-04-23 02:40:27,21845073,58897,7578318,33377,20472,162,163,5646677,13204,0,0,0
2026-04-23 02:40:28,21904393,59320,7598906,33477,20688,154,163,5659823,13146,0,0,0
2026-04-23 02:40:30,21964387,59994,7619727,33559,20903,158,163,5686047,26224,0,0,0
2026-04-23 02:40:31,22022816,58429,7640026,33658,20398,162,163,5699181,13134,0,0,0
2026-04-23 02:40:32,22082117,59301,7660612,33748,20676,142,163,5712329,13148,0,0,0
2026-04-23 02:40:33,22141472,59355,7681196,33843,20679,161,163,5725471,13142,0,0,0
2026-04-23 02:40:34,22197111,55639,7700564,33937,19462,162,163,5738666,13195,0,0,0
2026-04-23 02:40:35,22252770,55659,7719881,34017,19397,143,163,5751808,13142,0,0,0
2026-04-23 02:40:36,22310912,58142,7740092,34108,20302,158,163,5777951,26143,0,0,0
2026-04-23 02:40:38,22371117,60205,7760927,34192,20919,161,163,5791022,13071,0,0,0
2026-04-23 02:40:39,22429869,58752,7781341,34265,20487,130,163,5804104,13082,0,0,0
2026-04-23 02:40:40,22489851,59982,7802187,34359,20940,162,163,5817220,13116,0,0,0
2026-04-23 02:40:41,22550629,60778,7823209,34446,21109,146,163,5830396,13176,0,0,0
2026-04-23 02:40:42,22608301,57672,7843262,34547,20154,152,163,5843547,13151,0,0,0
2026-04-23 02:40:43,22666734,58433,7863563,34641,20395,161,163,5856609,13062,0,0,0
2026-04-23 02:40:44,22727008,60274,7884422,34730,20948,162,163,5882577,25968,0,0,0
2026-04-23 02:40:46,22785936,58928,7904843,34818,20509,142,163,5895549,12972,0,0,0
2026-04-23 02:40:47,22845777,59841,7925592,34897,20828,162,163,5908558,13009,0,0,0
2026-04-23 02:40:48,22905849,60072,7946448,34980,20939,161,163,5921615,13057,0,0,0
2026-04-23 02:40:49,22963093,57244,7966378,35055,20005,161,163,5934669,13054,0,0,0
2026-04-23 02:40:50,23021764,58671,7986731,35155,20453,149,163,5947728,13059,0,0,0
2026-04-23 02:40:51,23080067,58303,8006875,35244,20233,136,163,5973747,26019,0,0,0
2026-04-23 02:40:53,23139647,59580,8027548,35346,20775,162,163,5986726,12979,0,0,0
2026-04-23 02:40:54,23200069,60422,8048453,35446,21005,161,163,5999710,12984,0,0,0
2026-04-23 02:40:55,23259179,59110,8068998,35538,20637,154,163,6012750,13040,0,0,0
2026-04-23 02:40:56,23319030,59851,8089804,35631,20899,160,163,6025767,13017,0,0,0
2026-04-23 02:40:57,23378374,59344,8110396,35719,20680,162,163,6038828,13061,0,0,0
2026-04-23 02:40:58,23437256,58882,8130824,35822,20531,148,163,6051905,13077,0,0,0
2026-04-23 02:40:59,23496805,59549,8151438,35922,20714,161,163,6078017,26112,0,0,0
2026-04-23 02:41:01,23556143,59338,8172002,36026,20668,156,163,6091011,12994,0,0,0
2026-04-23 02:41:02,23615845,59702,8192736,36108,20816,141,163,6103981,12970,0,0,0
2026-04-23 02:41:03,23675978,60133,8213596,36202,20954,160,163,6116963,12982,0,0,0
2026-04-23 02:41:04,23735906,59928,8234436,36302,20940,157,163,6129910,12947,0,0,0
2026-04-23 02:41:05,23795620,59714,8255157,36382,20801,161,163,6142940,13030,0,0,0
2026-04-23 02:41:06,23854477,58857,8275626,36466,20553,147,163,6168948,26008,0,0,0
2026-04-23 02:41:08,23913967,59490,8296283,36542,20733,162,163,6181944,12996,0,0,0
2026-04-23 02:41:09,23973039,59072,8316712,36638,20525,148,163,6194923,12979,0,0,0
2026-04-23 02:41:10,24032808,59769,8337435,36721,20806,156,163,6207884,12961,0,0,0
2026-04-23 02:41:11,24092207,59399,8358054,36832,20730,148,163,6220845,12961,0,0,0
2026-04-23 02:41:12,24151061,58854,8378417,36938,20469,158,163,6233785,12940,0,0,0
2026-04-23 02:41:13,24209745,58684,8398783,37022,20450,150,163,6246704,12919,0,0,0
2026-04-23 02:41:14,24269880,60135,8419594,37132,20921,145,163,6272569,25865,0,0,0
2026-04-23 02:41:16,24328878,58998,8440104,37215,20593,162,163,6285508,12939,0,0,0
2026-04-23 02:41:17,24388782,59904,8460825,37294,20800,161,163,6298437,12929,0,0,0
2026-04-23 02:41:18,24447717,58935,8481288,37398,20567,162,163,6311368,12931,0,0,0
2026-04-23 02:41:19,24506800,59083,8501766,37494,20574,156,163,6324287,12919,0,0,0
2026-04-23 02:41:20,24565873,59073,8522315,37569,20624,162,163,6337225,12938,0,0,0
2026-04-23 02:41:21,24625689,59816,8543006,37657,20779,147,163,6350128,12903,0,0,0
2026-04-23 02:41:23,24684667,58978,8563451,37754,20542,149,163,6375988,25860,0,0,0
2026-04-23 02:41:24,24744371,59704,8584191,37849,20835,151,163,6388866,12878,0,0,0
2026-04-23 02:41:25,24804217,59846,8604985,37932,20877,160,163,6401767,12901,0,0,0
2026-04-23 02:41:26,24863936,59719,8625772,38006,20861,162,163,6414670,12903,0,0,0
2026-04-23 02:41:27,24922641,58705,8646138,38090,20450,144,163,6427529,12859,0,0,0
2026-04-23 02:41:28,24981510,58869,8666589,38175,20536,156,163,6440393,12864,0,0,0
2026-04-23 02:41:29,25041382,59872,8687327,38261,20824,145,163,6466080,25687,0,0,0
2026-04-23 02:41:31,25100406,59024,8707863,38355,20630,151,163,6478969,12889,0,0,0
2026-04-23 02:41:32,25160699,60293,8728799,38438,21019,162,163,6491848,12879,0,0,0
2026-04-23 02:41:33,25220786,60087,8749587,38541,20891,159,163,6504642,12794,0,0,0
2026-04-23 02:41:34,25281082,60296,8770479,38616,20967,159,163,6517426,12784,0,0,0
2026-04-23 02:41:35,25340347,59265,8791022,38704,20631,152,163,6530214,12788,0,0,0
2026-04-23 02:41:36,25398969,58622,8811396,38787,20457,158,163,6543062,12848,0,0,0
2026-04-23 02:41:38,25458253,59284,8832004,38891,20712,162,163,6568820,25758,0,0,0
2026-04-23 02:41:39,25517280,59027,8852549,38969,20623,156,163,6581671,12851,0,0,0
2026-04-23 02:41:40,25577830,60550,8873433,39065,20980,161,163,6594488,12817,0,0,0
2026-04-23 02:41:41,25637664,59834,8894155,39153,20810,159,163,6607274,12786,0,0,0
2026-04-23 02:41:42,25697393,59729,8914885,39244,20821,150,163,6620055,12781,0,0,0
2026-04-23 02:41:43,25755260,57867,8935024,39330,20225,161,163,6632798,12743,0,0,0
2026-04-23 02:41:44,25814060,58800,8955365,39428,20439,149,163,6658355,25557,0,0,0
2026-04-23 02:41:46,25874716,60656,8976398,39549,21154,161,163,6671164,12809,0,0,0
2026-04-23 02:41:47,25934857,60141,8997249,39633,20935,139,163,6684033,12869,0,0,0
2026-04-23 02:41:48,25994699,59842,9018029,39740,20887,152,163,6696944,12911,0,0,0
2026-04-23 02:41:49,26054463,59764,9038783,39821,20835,162,163,6709827,12883,0,0,0
2026-04-23 02:41:50,26113639,59176,9059332,39906,20634,144,163,6722685,12858,0,0,0
2026-04-23 02:41:51,26172760,59121,9079805,39991,20558,161,163,6735471,12786,0,0,0
2026-04-23 02:41:53,26231759,58999,9100282,40085,20571,162,163,6760892,25421,0,0,0
2026-04-23 02:41:54,26291750,59991,9121048,40187,20868,159,163,6773570,12678,0,0,0
2026-04-23 02:41:55,26350694,58944,9141494,40283,20542,156,163,6786291,12721,0,0,0
2026-04-23 02:41:56,26411183,60489,9162462,40376,21061,152,163,6799051,12760,0,0,0
2026-04-23 02:41:57,26470923,59740,9183154,40472,20788,162,163,6811802,12751,0,0,0
2026-04-23 02:41:58,26529404,58481,9203446,40569,20389,161,163,6824538,12736,0,0,0
2026-04-23 02:41:59,26588899,59495,9224106,40681,20772,156,163,6837253,12715,0,0,0
2026-04-23 02:42:01,26649781,60882,9245252,40771,21236,161,163,6862650,25397,0,0,0
2026-04-23 02:42:02,26711030,61249,9266466,40885,21328,136,163,6875367,12717,0,0,0
2026-04-23 02:42:03,26771984,60954,9287707,40975,21331,161,163,6888023,12656,0,0,0
2026-04-23 02:42:04,26833297,61313,9308920,41074,21312,161,163,6900666,12643,0,0,0
2026-04-23 02:42:05,26894463,61166,9330185,41177,21368,161,163,6913326,12660,0,0,0
2026-04-23 02:42:06,26955308,60845,9351297,41257,21192,158,163,6926037,12711,0,0,0
2026-04-23 02:42:08,27016797,61489,9372670,41352,21468,155,163,6951498,25461,0,0,0
2026-04-23 02:42:09,27077880,61083,9393859,41457,21294,160,163,6964228,12730,0,0,0
2026-04-23 02:42:10,27139254,61374,9415175,41566,21425,162,163,6976933,12705,0,0,0
2026-04-23 02:42:11,27201878,62624,9436816,41657,21732,144,163,6989680,12747,0,0,0
2026-04-23 02:42:12,27263369,61491,9458198,41746,21471,161,163,7002451,12771,0,0,0
2026-04-23 02:42:13,27323487,60118,9479097,41836,20989,161,163,7015258,12807,0,0,0
2026-04-23 02:42:15,27385612,62125,9500568,41959,21594,161,163,7040850,25592,0,0,0
2026-04-23 02:42:16,27446574,60962,9521700,42066,21239,153,163,7053640,12790,0,0,0
2026-04-23 02:42:17,27507684,61110,9542966,42166,21366,162,163,7066400,12760,0,0,0
2026-04-23 02:42:18,27569277,61593,9564308,42251,21427,162,163,7079161,12761,0,0,0
2026-04-23 02:42:19,27630676,61399,9585597,42339,21377,161,163,7091894,12733,0,0,0
2026-04-23 02:42:20,27691585,60909,9606759,42436,21259,162,163,7104639,12745,0,0,0
2026-04-23 02:42:21,27753056,61471,9628040,42530,21375,162,163,7130126,25487,0,0,0
2026-04-23 02:42:23,27815060,62004,9649607,42628,21665,150,163,7142832,12706,0,0,0
2026-04-23 02:42:24,27876957,61897,9671009,42741,21515,143,163,7155547,12715,0,0,0
2026-04-23 02:42:25,27937630,60673,9692092,42835,21177,160,163,7168301,12754,0,0,0
2026-04-23 02:42:26,27999488,61858,9713463,42954,21490,146,163,7181059,12758,0,0,0
2026-04-23 02:42:27,28060050,60562,9734488,43043,21114,149,163,7193769,12710,0,0,0
2026-04-23 02:42:28,28120511,60461,9755481,43121,21071,157,163,7219227,25458,0,0,0
2026-04-23 02:42:30,28180839,60328,9776420,43200,21018,161,163,7231981,12754,0,0,0
2026-04-23 02:42:31,28242304,61465,9797739,43302,21421,162,163,7244713,12732,0,0,0
2026-04-23 02:42:32,28304145,61841,9819168,43406,21533,162,163,7257428,12715,0,0,0
2026-04-23 02:42:33,28365054,60909,9840279,43491,21196,148,163,7270194,12766,0,0,0
2026-04-23 02:42:34,28426572,61518,9861631,43588,21449,160,163,7282944,12750,0,0,0
2026-04-23 02:42:35,28486133,59561,9882308,43684,20773,160,163,7295631,12687,0,0,0
2026-04-23 02:42:37,28547776,61643,9903712,43773,21493,153,163,7321091,25460,0,0,0
2026-04-23 02:42:38,28609086,61310,9925034,43861,21410,162,163,7333767,12676,0,0,0
2026-04-23 02:42:39,28670796,61710,9946340,43948,21393,157,163,7346440,12673,0,0,0
2026-04-23 02:42:40,28732533,61737,9967718,44043,21473,150,163,7359086,12646,0,0,0
2026-04-23 02:42:41,28793844,61311,9989043,44135,21417,162,163,7371702,12616,0,0,0
2026-04-23 02:42:42,28855387,61543,10010346,44230,21398,161,163,7384319,12617,0,0,0
2026-04-23 02:42:44,28917004,61617,10031708,44351,21483,161,163,7409624,25305,0,0,0
2026-04-23 02:42:45,28978628,61624,10053094,44431,21466,161,163,7422292,12668,0,0,0
2026-04-23 02:42:46,29040494,61866,10074545,44528,21548,151,163,7434939,12647,0,0,0
2026-04-23 02:42:47,29101243,60749,10095649,44632,21208,162,163,7447574,12635,0,0,0
2026-04-23 02:42:48,29162455,61212,10116864,44730,21313,162,163,7460240,12666,0,0,0
2026-04-23 02:42:49,29223151,60696,10137936,44827,21169,161,163,7472933,12693,0,0,0
2026-04-23 02:42:50,29283583,60432,10158886,44912,21035,149,163,7498308,25375,0,0,0
2026-04-23 02:42:52,29345649,62066,10180381,45008,21591,157,163,7510978,12670,0,0,0
2026-04-23 02:42:53,29407571,61922,10201816,45102,21529,150,163,7523646,12668,0,0,0
2026-04-23 02:42:54,29468937,61366,10223123,45201,21406,147,163,7536346,12700,0,0,0
2026-04-23 02:42:55,29529750,60813,10244251,45282,21209,146,163,7549041,12695,0,0,0
2026-04-23 02:42:56,29590165,60415,10265258,45374,21099,146,163,7561714,12673,0,0,0
2026-04-23 02:42:57,29650577,60412,10286190,45456,21014,158,163,7574353,12639,0,0,0
2026-04-23 02:42:59,29712374,61797,10307660,45559,21573,150,163,7599562,25209,0,0,0
2026-04-23 02:43:00,29774188,61814,10329124,45644,21549,159,163,7612216,12654,0,0,0
2026-04-23 02:43:01,29835883,61695,10350455,45764,21451,141,163,7624932,12716,0,0,0
2026-04-23 02:43:02,29897469,61586,10371776,45857,21414,162,163,7637642,12710,0,0,0
2026-04-23 02:43:03,29958176,60707,10392870,45960,21197,161,163,7650395,12753,0,0,0
2026-04-23 02:43:04,30018982,60806,10413983,46043,21196,151,163,7663152,12757,0,0,0
2026-04-23 02:43:06,30080479,61497,10435276,46141,21391,151,163,7688690,25538,0,0,0
2026-04-23 02:43:07,30142469,61990,10456822,46245,21650,162,163,7701382,12692,0,0,0
2026-04-23 02:43:08,30204791,62322,10478395,46325,21653,157,163,7714048,12666,0,0,0
2026-04-23 02:43:09,30265775,60984,10499589,46414,21283,162,163,7726711,12663,0,0,0
2026-04-23 02:43:10,30326410,60635,10520645,46500,21142,160,163,7739381,12670,0,0,0
2026-04-23 02:43:11,30388634,62224,10542189,46599,21643,160,163,7752094,12713,0,0,0
2026-04-23 02:43:13,30449742,61108,10563410,46695,21317,155,163,7777549,25455,0,0,0
2026-04-23 02:43:14,30510611,60869,10584569,46793,21257,162,163,7790257,12708,0,0,0
2026-04-23 02:43:15,30572495,61884,10605994,46893,21525,150,163,7802988,12731,0,0,0
2026-04-23 02:43:16,30633779,61284,10627302,46984,21399,161,163,7815686,12698,0,0,0
2026-04-23 02:43:17,30695222,61443,10648632,47069,21415,162,163,7828364,12678,0,0,0
2026-04-23 02:43:18,30756561,61339,10669912,47149,21360,155,163,7840989,12625,0,0,0
2026-04-23 02:43:20,30817870,61309,10691194,47228,21361,129,163,7866348,25359,0,0,0
2026-04-23 02:43:21,30878986,61116,10712414,47327,21319,130,163,7879068,12720,0,0,0
2026-04-23 02:43:22,30940795,61809,10733842,47421,21522,162,163,7891780,12712,0,0,0
2026-04-23 02:43:23,31001611,60816,10754931,47507,21175,161,163,7904514,12734,0,0,0
2026-04-23 02:43:24,31062464,60853,10776003,47607,21172,158,163,7917242,12728,0,0,0
2026-04-23 02:43:25,31122483,60019,10796916,47711,21017,139,163,7930007,12765,0,0,0
2026-04-23 02:43:27,31184128,61645,10818248,47814,21435,138,163,7955500,25493,0,0,0
2026-04-23 02:43:28,31245236,61108,10839402,47944,21284,154,163,7968263,12763,0,0,0
2026-04-23 02:43:29,31307955,62719,10861122,48044,21820,158,163,7981030,12767,0,0,0
2026-04-23 02:43:30,31369297,61342,10882435,48147,21416,143,163,7993750,12720,0,0,0
2026-04-23 02:43:31,31430552,61255,10903658,48254,21330,149,163,8006464,12714,0,0,0
2026-04-23 02:43:32,31491582,61030,10924861,48339,21288,155,163,8019145,12681,0,0,0
2026-04-23 02:43:33,31552398,60816,10945971,48427,21198,151,163,8031876,12731,0,0,0
2026-04-23 02:43:35,31614185,61787,10967423,48517,21542,162,163,8057344,25468,0,0,0
2026-04-23 02:43:36,31675306,61121,10988655,48606,21321,152,163,8070083,12739,0,0,0
2026-04-23 02:43:37,31736277,60971,11009808,48692,21239,161,163,8082790,12707,0,0,0
2026-04-23 02:43:38,31797299,61022,11031009,48781,21290,157,163,8095454,12664,0,0,0
2026-04-23 02:43:39,31858667,61368,11052320,48863,21393,156,163,8108142,12688,0,0,0
2026-04-23 02:43:40,31917966,59299,11072912,48947,20676,156,163,8120848,12706,0,0,0
2026-04-23 02:43:42,31978452,60486,11093916,49031,21088,142,163,8146295,25447,0,0,0
2026-04-23 02:43:43,32039285,60833,11115042,49104,21199,147,163,8159076,12781,0,0,0
2026-04-23 02:43:44,32101325,62040,11136550,49179,21583,147,163,8171792,12716,0,0,0
2026-04-23 02:43:45,32162846,61521,11157927,49267,21465,146,163,8184503,12711,0,0,0
2026-04-23 02:43:46,32223248,60402,11178883,49368,21057,161,163,8197221,12718,0,0,0
2026-04-23 02:43:47,32284353,61105,11200073,49463,21285,144,163,8209951,12730,0,0,0
2026-04-23 02:43:49,32345627,61274,11221299,49561,21324,150,163,8235386,25435,0,0,0
2026-04-23 02:43:50,32408321,62694,11242976,49661,21777,160,163,8248130,12744,0,0,0
2026-04-23 02:43:51,32469951,61630,11264369,49745,21477,142,163,8260840,12710,0,0,0
2026-04-23 02:43:52,32531539,61588,11285701,49857,21444,142,163,8273570,12730,0,0,0
2026-04-23 02:43:53,32593234,61695,11307148,49951,21541,150,163,8286290,12720,0,0,0
2026-04-23 02:43:54,32654282,61048,11328315,50042,21258,162,163,8299106,12816,0,0,0
2026-04-23 02:43:56,32714264,59982,11349125,50131,20899,162,163,8324791,25685,0,0,0
2026-04-23 02:43:57,32775443,61179,11370357,50226,21327,152,163,8337573,12782,0,0,0
2026-04-23 02:43:58,32836050,60607,11391362,50319,21098,161,163,8350328,12755,0,0,0
2026-04-23 02:43:59,32897177,61127,11412579,50419,21317,140,163,8363126,12798,0,0,0
2026-04-23 02:44:00,32958408,61231,11433832,50513,21347,161,163,8375888,12762,0,0,0
2026-04-23 02:44:01,33019549,61141,11454992,50600,21247,150,163,8388681,12793,0,0,0
2026-04-23 02:44:03,33079049,59500,11475724,50698,20830,162,163,8414403,25722,0,0,0
2026-04-23 02:44:04,33139954,60905,11496841,50803,21222,162,163,8427224,12821,0,0,0
2026-04-23 02:44:05,33200960,61006,11517976,50893,21225,156,163,8440106,12882,0,0,0
2026-04-23 02:44:06,33261732,60772,11539054,50992,21177,154,163,8452971,12865,0,0,0
2026-04-23 02:44:07,33323101,61369,11560320,51089,21363,145,163,8465860,12889,0,0,0
2026-04-23 02:44:08,33383673,60572,11581337,51186,21114,162,163,8478704,12844,0,0,0
2026-04-23 02:44:09,33441624,57951,11601505,51280,20262,153,163,8491537,12833,0,0,0
2026-04-23 02:44:11,33502962,61338,11622773,51382,21370,148,163,8517228,25691,0,0,0
2026-04-23 02:44:12,33564617,61655,11644126,51479,21450,138,163,8530085,12857,0,0,0
2026-04-23 02:44:13,33624408,59791,11664847,51572,20814,144,163,8542897,12812,0,0,0
2026-04-23 02:44:14,33683160,58752,11685207,51667,20455,161,163,8555736,12839,0,0,0
2026-04-23 02:44:15,33740618,57458,11705159,51749,20034,152,163,8568535,12799,0,0,0
2026-04-23 02:44:16,33801236,60618,11726234,51839,21165,162,163,8581360,12825,0,0,0
2026-04-23 02:44:18,33861011,59775,11746935,51937,20799,162,163,8606893,25533,0,0,0
2026-04-23 02:44:19,33922530,61519,11768245,52052,21425,162,163,8619658,12765,0,0,0
2026-04-23 02:44:20,33983383,60853,11789373,52153,21229,162,163,8632474,12816,0,0,0
2026-04-23 02:44:21,34043949,60566,11810334,52253,21061,136,163,8645312,12838,0,0,0
2026-04-23 02:44:22,34103393,59444,11830985,52336,20734,154,163,8658097,12785,0,0,0
2026-04-23 02:44:23,34162974,59581,11851673,52423,20775,162,163,8670844,12747,0,0,0
2026-04-23 02:44:25,34223897,60923,11872796,52512,21212,162,163,8696455,25611,0,0,0
2026-04-23 02:44:26,34285971,62074,11894270,52602,21564,153,163,8709316,12861,0,0,0
2026-04-23 02:44:27,34346310,60339,11915246,52679,21053,146,163,8722182,12866,0,0,0
2026-04-23 02:44:28,34407483,61173,11936396,52776,21247,142,163,8735063,12881,0,0,0
2026-04-23 02:44:29,34469310,61827,11957851,52877,21556,149,163,8747946,12883,0,0,0
2026-04-23 02:44:30,34530482,61172,11979038,52973,21283,160,163,8760802,12856,0,0,0
2026-04-23 02:44:31,34590287,59805,11999779,53064,20832,153,163,8773646,12844,0,0,0
2026-04-23 02:44:33,34652421,62134,12021341,53152,21650,162,163,8799391,25745,0,0,0
2026-04-23 02:44:34,34713246,60825,12042441,53246,21194,152,163,8812298,12907,0,0,0
2026-04-23 02:44:35,34775033,61787,12063839,53338,21490,146,163,8825168,12870,0,0,0
2026-04-23 02:44:36,34835789,60756,12084977,53420,21220,152,163,8837990,12822,0,0,0
2026-04-23 02:44:37,34897111,61322,12106290,53513,21406,153,163,8850826,12836,0,0,0
2026-04-23 02:44:38,34957398,60287,12127166,53605,20968,155,163,8863651,12825,0,0,0
2026-04-23 02:44:40,35018715,61317,12148441,53688,21358,156,163,8889328,25677,0,0,0
2026-04-23 02:44:41,35079417,60702,12169522,53773,21166,158,163,8902235,12907,0,0,0
2026-04-23 02:44:42,35140657,61240,12190740,53864,21309,161,163,8915123,12888,0,0,0
2026-04-23 02:44:43,35201750,61093,12211935,53963,21294,162,163,8927989,12866,0,0,0
2026-04-23 02:44:44,35263136,61386,12233265,54067,21434,161,163,8940840,12851,0,0,0
2026-04-23 02:44:45,35323996,60860,12254361,54171,21200,159,163,8953737,12897,0,0,0
2026-04-23 02:44:47,35384831,60835,12275483,54264,21215,162,163,8979454,25717,0,0,0
2026-04-23 02:44:48,35446816,61985,12296937,54369,21559,162,163,8992226,12772,0,0,0
2026-04-23 02:44:49,35507523,60707,12317990,54473,21157,140,163,9005032,12806,0,0,0
2026-04-23 02:44:50,35569307,61784,12339446,54558,21541,162,163,9017833,12801,0,0,0
2026-04-23 02:44:51,35629688,60381,12360428,54667,21091,162,163,9030694,12861,0,0,0
2026-04-23 02:44:52,35690542,60854,12381506,54767,21178,147,163,9043515,12821,0,0,0
2026-04-23 02:44:54,35752338,61796,12402967,54866,21560,141,163,9069218,25703,0,0,0
2026-04-23 02:44:55,35813085,60747,12423969,54973,21109,142,163,9082074,12856,0,0,0
2026-04-23 02:44:56,35875172,62087,12445532,55066,21656,156,163,9094939,12865,0,0,0
2026-04-23 02:44:57,35935922,60750,12466638,55163,21203,162,163,9107811,12872,0,0,0
2026-04-23 02:44:58,35996713,60791,12487763,55248,21210,141,163,9120684,12873,0,0,0
2026-04-23 02:44:59,36058351,61638,12509103,55345,21437,162,163,9133604,12920,0,0,0
2026-04-23 02:45:01,36118851,60500,12530106,55437,21095,158,163,9159330,25726,0,0,0
2026-04-23 02:45:02,36179390,60539,12551148,55520,21125,163,163,9172179,12849,0,0,0
2026-04-23 02:45:03,36239713,60323,12572084,55622,21038,151,163,9185038,12859,0,0,0
2026-04-23 02:45:04,36300595,60882,12593178,55723,21195,159,163,9197922,12884,0,0,0
2026-04-23 02:45:05,36359619,59024,12613757,55807,20663,150,163,9210798,12876,0,0,0
2026-04-23 02:45:06,36419577,59958,12634605,55908,20949,157,163,9223676,12878,0,0,0
2026-04-23 02:45:07,36479271,59694,12655291,55990,20768,162,163,9236552,12876,0,0,0
2026-04-23 02:45:09,36540326,61055,12676440,56088,21247,162,163,9262164,25612,0,0,0
2026-04-23 02:45:10,36602008,61682,12697778,56178,21428,158,163,9274976,12812,0,0,0
2026-04-23 02:45:11,36662891,60883,12718950,56282,21276,146,163,9287805,12829,0,0,0
2026-04-23 02:45:12,36722655,59764,12739679,56373,20820,145,163,9300655,12850,0,0,0
2026-04-23 02:45:13,36778724,56069,12759132,56462,19542,162,163,9313528,12873,0,0,0
2026-04-23 02:45:14,36836913,58189,12779280,56558,20244,160,163,9326390,12862,0,0,0
2026-04-23 02:45:16,36896809,59896,12800055,56640,20857,154,163,9352053,25663,0,0,0
2026-04-23 02:45:17,36956895,60086,12820977,56717,20999,162,163,9364892,12839,0,0,0
2026-04-23 02:45:18,37017911,61016,12842088,56797,21191,149,163,9377730,12838,0,0,0
2026-04-23 02:45:19,37077217,59306,12862660,56900,20675,161,163,9390553,12823,0,0,0
2026-04-23 02:45:20,37135183,57966,12882752,56966,20158,161,163,9403359,12806,0,0,0
2026-04-23 02:45:21,37189617,54434,12901637,57036,18955,160,163,9416187,12828,0,0,0
2026-04-23 02:45:22,37247391,57774,12921640,57139,20106,160,163,9429028,12841,0,0,0
2026-04-23 02:45:24,37308219,60828,12942775,57229,21225,145,163,9454747,25719,0,0,0
2026-04-23 02:45:25,37369198,60979,12963883,57317,21196,157,163,9467631,12884,0,0,0
2026-04-23 02:45:26,37430037,60839,12985035,57414,21249,143,163,9480488,12857,0,0,0
2026-04-23 02:45:27,37490613,60576,13006032,57505,21088,133,163,9493285,12797,0,0,0
2026-04-23 02:45:28,37549300,58687,13026401,57605,20469,161,163,9506075,12790,0,0,0
2026-04-23 02:45:29,37604474,55174,13045539,57693,19226,161,163,9518849,12774,0,0,0
2026-04-23 02:45:31,37659581,55107,13064642,57774,19184,159,163,9544449,25600,0,0,0
2026-04-23 02:45:32,37719022,59441,13085284,57867,20735,149,163,9557269,12820,0,0,0
2026-04-23 02:45:33,37779462,60440,13106256,57950,21055,162,163,9570065,12796,0,0,0
2026-04-23 02:45:34,37839813,60351,13127186,58036,21016,148,163,9582806,12741,0,0,0
2026-04-23 02:45:35,37900728,60915,13148354,58141,21273,162,163,9595532,12726,0,0,0
2026-04-23 02:45:36,37959791,59063,13168849,58226,20580,149,163,9608266,12734,0,0,0
2026-04-23 02:45:37,38015078,55287,13187997,58302,19224,149,163,9621046,12780,0,0,0
2026-04-23 02:45:39,38072486,57408,13207954,58379,20034,156,163,9646614,25568,0,0,0
2026-04-23 02:45:40,38131733,59247,13228541,58461,20669,160,163,9659368,12754,0,0,0
2026-04-23 02:45:41,38192657,60924,13249717,58560,21275,137,163,9672132,12764,0,0,0
2026-04-23 02:45:42,38254214,61557,13271012,58642,21377,158,163,9684905,12773,0,0,0
2026-04-23 02:45:43,38314903,60689,13292043,58732,21121,162,163,9697708,12803,0,0,0
2026-04-23 02:45:44,38372563,57660,13312067,58817,20109,160,163,9710538,12830,0,0,0
2026-04-23 02:45:46,38431368,58805,13332434,58909,20459,146,163,9736200,25662,0,0,0
2026-04-23 02:45:47,38484196,52828,13350753,58990,18400,157,163,9749055,12855,0,0,0
2026-04-23 02:45:48,38543011,58815,13371114,59087,20458,147,163,9761882,12827,0,0,0
2026-04-23 02:45:49,38602134,59123,13391601,59191,20591,157,163,9774673,12791,0,0,0
2026-04-23 02:45:50,38658678,56544,13411271,59279,19758,138,163,9787448,12775,0,0,0
2026-04-23 02:45:51,38716723,58045,13431394,59367,20211,161,163,9800127,12679,0,0,0
2026-04-23 02:45:52,38771516,54793,13450409,59457,19105,161,163,9812845,12718,0,0,0
2026-04-23 02:45:54,38825476,53960,13469141,59538,18813,162,163,9838195,25350,0,0,0
2026-04-23 02:45:55,38879552,54076,13487901,59626,18848,155,163,9850834,12639,0,0,0
2026-04-23 02:45:56,38939609,60057,13508727,59719,20919,161,163,9863516,12682,0,0,0
2026-04-23 02:45:57,38998808,59199,13529293,59822,20669,148,163,9876164,12648,0,0,0
2026-04-23 02:45:58,39059374,60566,13550228,59914,21027,152,163,9888785,12621,0,0,0
2026-04-23 02:45:59,39120681,61307,13571526,60003,21387,162,163,9901383,12598,0,0,0
2026-04-23 02:46:01,39179325,58644,13591864,60088,20423,149,163,9926599,25216,0,0,0
2026-04-23 02:46:02,39240201,60876,13612995,60167,21210,162,163,9939263,12664,0,0,0
2026-04-23 02:46:03,39300958,60757,13634113,60267,21218,162,163,9951948,12685,0,0,0
2026-04-23 02:46:04,39362087,61129,13655318,60353,21291,155,163,9964655,12707,0,0,0
2026-04-23 02:46:05,39421364,59277,13675967,60433,20729,130,163,9977294,12639,0,0,0
2026-04-23 02:46:06,39482283,60919,13697057,60527,21184,162,163,9989907,12613,0,0,0
2026-04-23 02:46:08,39543120,60837,13718103,60623,21142,151,163,10002501,12594,0,0,0
2026-04-23 02:46:09,39603799,60679,13739187,60704,21165,153,163,10027718,25217,0,0,0
2026-04-23 02:46:10,39661059,57260,13759095,60781,19985,153,163,10040374,12656,0,0,0
2026-04-23 02:46:11,39720458,59399,13779680,60869,20673,157,163,10053046,12672,0,0,0
2026-04-23 02:46:12,39780873,60415,13800619,60951,21021,158,163,10065692,12646,0,0,0
2026-04-23 02:46:13,39840692,59819,13821399,61033,20862,151,163,10078349,12657,0,0,0
2026-04-23 02:46:14,39901044,60352,13842404,61121,21093,155,163,10090977,12628,0,0,0
2026-04-23 02:46:16,39962289,61245,13863641,61228,21344,161,163,10116248,25271,0,0,0
2026-04-23 02:46:17,40024985,62696,13885314,61330,21775,154,163,10128867,12619,0,0,0
2026-04-23 02:46:18,40085208,60223,13906241,61412,21009,161,163,10141516,12649,0,0,0
2026-04-23 02:46:19,40145850,60642,13927308,61495,21150,157,163,10154154,12638,0,0,0
2026-04-23 02:46:20,40206768,60918,13948472,61579,21248,154,163,10166815,12661,0,0,0
2026-04-23 02:46:21,40264176,57408,13968389,61660,19998,146,163,10179456,12641,0,0,0
2026-04-23 02:46:23,40321005,56829,13988116,61736,19803,157,163,10204758,25302,0,0,0
2026-04-23 02:46:24,40380308,59303,14008648,61832,20628,156,163,10217412,12654,0,0,0
2026-04-23 02:46:25,40439850,59542,14029339,61926,20785,162,163,10230046,12634,0,0,0
2026-04-23 02:46:26,40497962,58112,14049500,62010,20245,161,163,10242655,12609,0,0,0
2026-04-23 02:46:27,40552710,54748,14068473,62096,19059,156,163,10255270,12615,0,0,0
2026-04-23 02:46:28,40609564,56854,14088225,62186,19842,162,163,10267880,12610,0,0,0
2026-04-23 02:46:30,40667638,58074,14108307,62278,20174,158,163,10280477,12597,0,0,0
2026-04-23 02:46:31,40728103,60465,14129295,62371,21081,148,163,10305613,25136,0,0,0
2026-04-23 02:46:32,40789618,61515,14150594,62463,21391,155,163,10318242,12629,0,0,0
2026-04-23 02:46:33,40851531,61913,14172145,62550,21638,162,163,10330899,12657,0,0,0
2026-04-23 02:46:34,40912728,61197,14193356,62648,21309,131,163,10343549,12650,0,0,0
2026-04-23 02:46:35,40974331,61603,14214730,62759,21485,162,163,10356194,12645,0,0,0
2026-04-23 02:46:36,41034322,59991,14235530,62847,20888,160,163,10368786,12592,0,0,0
2026-04-23 02:46:38,41095848,61526,14256892,62925,21440,156,163,10393971,25185,0,0,0
2026-04-23 02:46:39,41157824,61976,14278356,63023,21562,159,163,10406544,12573,0,0,0
2026-04-23 02:46:40,41219123,61299,14299619,63109,21349,155,163,10419126,12582,0,0,0
2026-04-23 02:46:41,41281086,61963,14321133,63194,21599,162,163,10431661,12535,0,0,0
2026-04-23 02:46:42,41342129,61043,14342300,63292,21265,161,163,10444239,12578,0,0,0
2026-04-23 02:46:43,41404043,61914,14363752,63398,21558,150,163,10456786,12547,0,0,0
2026-04-23 02:46:45,41465572,61529,14385114,63515,21479,162,163,10481944,25158,0,0,0
2026-04-23 02:46:46,41527432,61860,14406534,63622,21527,162,163,10494564,12620,0,0,0
2026-04-23 02:46:47,41588003,60571,14427615,63722,21181,162,163,10507139,12575,0,0,0
2026-04-23 02:46:48,41649110,61107,14448756,63828,21247,154,163,10519691,12552,0,0,0
2026-04-23 02:46:49,41710467,61357,14470047,63931,21394,149,163,10532201,12510,0,0,0
2026-04-23 02:46:50,41771456,60989,14491164,64040,21226,159,163,10544706,12505,0,0,0
2026-04-23 02:46:52,41832364,60908,14512308,64137,21241,161,163,10557187,12481,0,0,0
2026-04-23 02:46:53,41894294,61930,14533767,64238,21560,160,163,10582226,25039,0,0,0
2026-04-23 02:46:54,41955228,60934,14554911,64332,21238,161,163,10594746,12520,0,0,0
2026-04-23 02:46:55,42015911,60683,14575970,64423,21150,154,163,10607273,12527,0,0,0
2026-04-23 02:46:56,42077644,61733,14597401,64501,21509,159,163,10619811,12538,0,0,0
2026-04-23 02:46:57,42139687,62043,14618922,64586,21606,162,163,10632353,12542,0,0,0
2026-04-23 02:46:58,42200628,60941,14640092,64661,21245,160,163,10644927,12574,0,0,0
2026-04-23 02:47:00,42262672,62044,14661553,64759,21559,152,163,10669996,25069,0,0,0
2026-04-23 02:47:01,42323932,61260,14682843,64865,21396,151,163,10682511,12515,0,0,0
2026-04-23 02:47:02,42385916,61984,14704305,64966,21563,152,163,10695087,12576,0,0,0
2026-04-23 02:47:03,42447647,61731,14725752,65059,21540,137,163,10707635,12548,0,0,0
2026-04-23 02:47:04,42508756,61109,14746908,65151,21248,161,163,10720200,12565,0,0,0
2026-04-23 02:47:05,42570979,62223,14768480,65241,21662,160,163,10732763,12563,0,0,0
2026-04-23 02:47:07,42631895,60916,14789651,65336,21266,162,163,10757898,25135,0,0,0
2026-04-23 02:47:08,42694096,62201,14811157,65435,21605,162,163,10770444,12546,0,0,0
2026-04-23 02:47:09,42754736,60640,14832206,65530,21144,151,163,10782990,12546,0,0,0
2026-04-23 02:47:10,42816222,61486,14853542,65618,21424,159,163,10795508,12518,0,0,0
2026-04-23 02:47:11,42877542,61320,14874851,65709,21400,139,163,10808080,12572,0,0,0
2026-04-23 02:47:12,42939192,61650,14896247,65817,21504,162,163,10820615,12535,0,0,0
2026-04-23 02:47:14,43000155,60963,14917359,65917,21212,162,163,10833167,12552,0,0,0
2026-04-23 02:47:15,43061831,61676,14938779,66006,21509,146,163,10858267,25100,0,0,0
2026-04-23 02:47:16,43123286,61455,14960126,66090,21431,148,163,10870846,12579,0,0,0
2026-04-23 02:47:17,43185435,62149,14981637,66210,21631,147,163,10883410,12564,0,0,0
2026-04-23 02:47:18,43247149,61714,15003064,66291,21508,152,163,10895932,12522,0,0,0
2026-04-23 02:47:19,43308009,60860,15024242,66384,21271,160,163,10908441,12509,0,0,0
2026-04-23 02:47:21,43369719,61710,15045634,66500,21508,162,163,10920966,12525,0,0,0
2026-04-23 02:47:22,43431258,61539,15066938,66586,21390,148,163,10946072,25106,0,0,0
2026-04-23 02:47:23,43492591,61333,15088243,66671,21390,152,163,10958593,12521,0,0,0
2026-04-23 02:47:24,43554211,61620,15109663,66760,21509,159,163,10971185,12592,0,0,0
2026-04-23 02:47:25,43615659,61448,15131026,66860,21463,161,163,10983767,12582,0,0,0
2026-04-23 02:47:26,43677624,61965,15152485,66947,21546,160,163,10996366,12599,0,0,0
2026-04-23 02:47:27,43737975,60351,15173475,67039,21082,146,163,11008915,12549,0,0,0
2026-04-23 02:47:29,43799110,61135,15194640,67129,21255,162,163,11033997,25082,0,0,0
2026-04-23 02:47:30,43859763,60653,15215730,67218,21179,161,163,11046532,12535,0,0,0
2026-04-23 02:47:31,43921418,61655,15237079,67314,21445,157,163,11059091,12559,0,0,0
2026-04-23 02:47:32,43983874,62456,15258745,67392,21744,150,163,11071642,12551,0,0,0
2026-04-23 02:47:33,44045628,61754,15280132,67504,21499,154,163,11084167,12525,0,0,0
2026-04-23 02:47:34,44105885,60257,15301058,67593,21015,160,163,11096671,12504,0,0,0
2026-04-23 02:47:36,44166775,60890,15322241,67671,21261,162,163,11109188,12517,0,0,0
2026-04-23 02:47:37,44228576,61801,15343693,67760,21541,161,163,11134227,25039,0,0,0
2026-04-23 02:47:38,44289343,60767,15364776,67834,21157,142,163,11146787,12560,0,0,0
2026-04-23 02:47:39,44350675,61332,15386130,67933,21453,140,163,11159389,12602,0,0,0
2026-04-23 02:47:40,44412907,62232,15407668,68027,21632,150,163,11171998,12609,0,0,0
2026-04-23 02:47:41,44473925,61018,15428877,68115,21297,162,163,11184571,12573,0,0,0
2026-04-23 02:47:42,44534306,60381,15449802,68207,21017,159,163,11197170,12599,0,0,0
2026-04-23 02:47:44,44595846,61540,15471171,68291,21453,155,163,11222382,25212,0,0,0
2026-04-23 02:47:45,44657563,61717,15492610,68373,21521,141,163,11234999,12617,0,0,0
2026-04-23 02:47:46,44720901,63338,15514540,68460,22017,162,163,11247620,12621,0,0,0
2026-04-23 02:47:47,44781352,60451,15535582,68544,21126,162,163,11260206,12586,0,0,0
2026-04-23 02:47:48,44842127,60775,15556701,68628,21203,162,163,11272788,12582,0,0,0
2026-04-23 02:47:49,44904151,62024,15578176,68721,21568,161,163,11285417,12629,0,0,0
2026-04-23 02:47:51,44965810,61659,15599565,68810,21478,161,163,11310747,25330,0,0,0
2026-04-23 02:47:52,45027235,61425,15620825,68904,21354,144,163,11323447,12700,0,0,0
2026-04-23 02:47:53,45088532,61297,15642146,68980,21397,162,163,11336128,12681,0,0,0
2026-04-23 02:47:54,45150680,62148,15663637,69068,21579,143,163,11348803,12675,0,0,0
2026-04-23 02:47:55,45211697,61017,15684809,69159,21263,146,163,11361454,12651,0,0,0
2026-04-23 02:47:56,45272596,60899,15705905,69252,21189,156,163,11374101,12647,0,0,0
2026-04-23 02:47:58,45333642,61046,15727078,69359,21280,145,163,11386728,12627,0,0,0
2026-04-23 02:47:59,45395361,61719,15748571,69461,21595,162,163,11412005,25277,0,0,0
2026-04-23 02:48:00,45456897,61536,15769881,69566,21415,161,163,11424647,12642,0,0,0
2026-04-23 02:48:01,45517723,60826,15791022,69661,21236,153,163,11437288,12641,0,0,0
2026-04-23 02:48:02,45579180,61457,15812313,69742,21372,161,163,11449957,12669,0,0,0
2026-04-23 02:48:03,45639766,60586,15833329,69831,21105,158,163,11462636,12679,0,0,0
2026-04-23 02:48:05,45700180,60414,15854364,69897,21101,162,163,11475295,12659,0,0,0
2026-04-23 02:48:06,45761739,61559,15875653,69989,21381,151,163,11500577,25282,0,0,0
2026-04-23 02:48:07,45823337,61598,15897051,70105,21514,162,163,11513256,12679,0,0,0
2026-04-23 02:48:08,45884375,61038,15918211,70197,21252,159,163,11525946,12690,0,0,0
2026-04-23 02:48:09,45945184,60809,15939353,70295,21240,141,163,11538654,12708,0,0,0
2026-04-23 02:48:10,46005385,60201,15960277,70399,21028,157,163,11551365,12711,0,0,0
2026-04-23 02:48:11,46066570,61185,15981456,70507,21287,162,163,11564099,12734,0,0,0
2026-04-23 02:48:13,46127905,61335,16002773,70604,21414,158,163,11589588,25489,0,0,0
2026-04-23 02:48:14,46189685,61780,16024223,70692,21538,147,163,11602302,12714,0,0,0
2026-04-23 02:48:15,46251807,62122,16045741,70808,21634,159,163,11615040,12738,0,0,0
2026-04-23 02:48:16,46313962,62155,16067253,70899,21603,150,163,11627743,12703,0,0,0
2026-04-23 02:48:17,46374702,60740,16088384,70992,21224,162,163,11640464,12721,0,0,0
2026-04-23 02:48:18,46436282,61580,16109737,71081,21442,154,163,11653191,12727,0,0,0
2026-04-23 02:48:20,46496938,60656,16130777,71162,21121,157,163,11665959,12768,0,0,0
2026-04-23 02:48:21,46559363,62425,16152432,71265,21758,162,163,11691554,25595,0,0,0
2026-04-23 02:48:22,46621386,62023,16173928,71373,21604,154,163,11704322,12768,0,0,0
2026-04-23 02:48:23,46681963,60577,16194956,71474,21129,150,163,11717048,12726,0,0,0
2026-04-23 02:48:24,46742439,60476,16216010,71565,21145,152,163,11729737,12689,0,0,0
2026-04-23 02:48:25,46804896,62457,16237587,71661,21673,147,163,11742430,12693,0,0,0
2026-04-23 02:48:27,46866396,61500,16258950,71755,21457,162,163,11755176,12746,0,0,0
2026-04-23 02:48:28,46927836,61440,16280243,71852,21390,149,163,11780751,25575,0,0,0
2026-04-23 02:48:29,46989953,62117,16301800,71934,21639,162,163,11793518,12767,0,0,0
2026-04-23 02:48:30,47051236,61283,16323071,72040,21377,146,163,11806271,12753,0,0,0
2026-04-23 02:48:31,47113082,61846,16344516,72143,21548,162,163,11819008,12737,0,0,0
2026-04-23 02:48:32,47173869,60787,16365594,72229,21164,158,163,11831741,12733,0,0,0
2026-04-23 02:48:33,47234678,60809,16386702,72320,21199,159,163,11844462,12721,0,0,0
2026-04-23 02:48:35,47295543,60865,16407828,72421,21227,158,163,11869874,25412,0,0,0
2026-04-23 02:48:36,47357791,62248,16429404,72522,21677,162,163,11882576,12702,0,0,0
2026-04-23 02:48:37,47418581,60790,16450492,72626,21192,160,163,11895283,12707,0,0,0
2026-04-23 02:48:38,47480361,61780,16471942,72721,21545,162,163,11908043,12760,0,0,0
2026-04-23 02:48:39,47541091,60730,16493021,72813,21171,155,163,11920817,12774,0,0,0
2026-04-23 02:48:40,47601727,60636,16514108,72905,21179,159,163,11933588,12771,0,0,0
2026-04-23 02:48:42,47661912,60185,16535021,73006,21014,137,163,11946366,12778,0,0,0
2026-04-23 02:48:43,47722619,60707,16556065,73104,21142,155,163,11971891,25525,0,0,0
2026-04-23 02:48:44,47785481,62862,16577861,73218,21910,162,163,11984636,12745,0,0,0
2026-04-23 02:48:45,47847165,61684,16599215,73317,21453,150,163,11997405,12769,0,0,0
2026-04-23 02:48:46,47909303,62138,16620773,73429,21670,162,163,12010173,12768,0,0,0
2026-04-23 02:48:47,47969409,60106,16641601,73523,20922,142,163,12022932,12759,0,0,0
2026-04-23 02:48:49,48029924,60515,16662623,73627,21126,156,163,12035654,12722,0,0,0
2026-04-23 02:48:50,48089371,59447,16683225,73729,20704,140,163,12061196,25542,0,0,0
2026-04-23 02:48:51,48148506,59135,16703763,73813,20622,152,163,12073998,12802,0,0,0
2026-04-23 02:48:52,48209553,61047,16724958,73902,21284,162,163,12086799,12801,0,0,0
2026-04-23 02:48:53,48271677,62124,16746540,73992,21672,162,163,12099589,12790,0,0,0
2026-04-23 02:48:54,48333157,61480,16767812,74077,21357,162,163,12112374,12785,0,0,0
2026-04-23 02:48:55,48393128,59971,16788612,74181,20904,144,163,12125160,12786,0,0,0
2026-04-23 02:48:57,48453734,60606,16809627,74273,21107,155,163,12150767,25607,0,0,0
2026-04-23 02:48:58,48514284,60550,16830680,74361,21141,145,163,12163556,12789,0,0,0
2026-04-23 02:48:59,48575786,61502,16852080,74462,21501,162,163,12176353,12797,0,0,0
2026-04-23 02:49:00,48637530,61744,16873504,74578,21540,162,163,12189149,12796,0,0,0
2026-04-23 02:49:01,48699174,61644,16894889,74671,21478,148,163,12201959,12810,0,0,0
2026-04-23 02:49:02,48759716,60542,16915902,74758,21100,154,163,12214766,12807,0,0,0
2026-04-23 02:49:04,48820832,61116,16937139,74849,21328,162,163,12227527,12761,0,0,0
2026-04-23 02:49:05,48882917,62085,16958675,74934,21621,145,163,12253058,25531,0,0,0
2026-04-23 02:49:06,48945681,62764,16980387,75033,21811,155,163,12265903,12845,0,0,0
2026-04-23 02:49:07,49007724,62043,17001926,75135,21641,158,163,12278756,12853,0,0,0
2026-04-23 02:49:08,49069614,61890,17023398,75248,21585,158,163,12291606,12850,0,0,0
2026-04-23 02:49:09,49130952,61338,17044650,75353,21357,162,163,12304454,12848,0,0,0
2026-04-23 02:49:11,49191929,60977,17065781,75448,21226,160,163,12317304,12850,0,0,0
2026-04-23 02:49:12,49252794,60865,17086912,75545,21228,162,163,12342940,25636,0,0,0
2026-04-23 02:49:13,49314061,61267,17108176,75640,21359,158,163,12355748,12808,0,0,0
2026-04-23 02:49:14,49374248,60187,17129142,75724,21050,162,163,12368572,12824,0,0,0
2026-04-23 02:49:15,49435759,61511,17150472,75828,21434,149,163,12381415,12843,0,0,0
2026-04-23 02:49:16,49497917,62158,17171973,75934,21607,161,163,12394294,12879,0,0,0
2026-04-23 02:49:18,49559090,61173,17193202,76040,21335,161,163,12407170,12876,0,0,0
2026-04-23 02:49:19,49619766,60676,17214265,76133,21156,160,163,12432900,25730,0,0,0
2026-04-23 02:49:20,49681034,61268,17235494,76227,21323,133,163,12445748,12848,0,0,0
2026-04-23 02:49:21,49742124,61090,17256732,76319,21330,150,163,12458666,12918,0,0,0
2026-04-23 02:49:22,49802675,60551,17277760,76411,21120,161,163,12471582,12916,0,0,0
2026-04-23 02:49:23,49861403,58728,17298111,76506,20446,155,163,12484497,12915,0,0,0
2026-04-23 02:49:24,49918155,56752,17317819,76598,19800,155,163,12497391,12894,0,0,0
2026-04-23 02:49:26,49978847,60692,17338909,76682,21174,144,163,12510291,12900,0,0,0
2026-04-23 02:49:27,50040645,61798,17360337,76779,21525,162,163,12536093,25802,0,0,0
2026-04-23 02:49:28,50102412,61767,17381754,76854,21492,162,163,12548988,12895,0,0,0
2026-04-23 02:49:29,50163323,60911,17402887,76957,21236,162,163,12561887,12899,0,0,0
2026-04-23 02:49:30,50220992,57669,17422922,77047,20125,162,163,12574767,12880,0,0,0
2026-04-23 02:49:31,50278943,57951,17443004,77128,20163,151,163,12587700,12933,0,0,0
2026-04-23 02:49:33,50338588,59645,17463708,77216,20792,162,163,12600630,12930,0,0,0
2026-04-23 02:49:34,50399052,60464,17484679,77305,21060,160,163,12626485,25855,0,0,0
2026-04-23 02:49:35,50460290,61238,17505982,77401,21399,149,163,12639373,12888,0,0,0
2026-04-23 02:49:36,50522061,61771,17527410,77494,21521,156,163,12652260,12887,0,0,0
2026-04-23 02:49:37,50583133,61072,17548615,77601,21312,159,163,12665146,12886,0,0,0
2026-04-23 02:49:38,50643254,60121,17569490,77687,20961,160,163,12678026,12880,0,0,0
2026-04-23 02:49:39,50704067,60813,17590548,77784,21155,152,163,12690922,12896,0,0,0
2026-04-23 02:49:41,50763920,59853,17611384,77857,20909,157,163,12716751,25829,0,0,0
2026-04-23 02:49:42,50825467,61547,17632729,77935,21423,162,163,12729621,12870,0,0,0
2026-04-23 02:49:43,50886900,61433,17654005,78020,21361,161,163,12742518,12897,0,0,0
2026-04-23 02:49:44,50948099,61199,17675273,78110,21358,162,163,12755438,12920,0,0,0
2026-04-23 02:49:45,51007939,59840,17696034,78209,20860,149,163,12768377,12939,0,0,0
2026-04-23 02:49:46,51065894,57955,17716107,78303,20167,159,163,12781303,12926,0,0,0
2026-04-23 02:49:48,51124091,58197,17736285,78384,20259,152,163,12794258,12955,0,0,0
2026-04-23 02:49:49,51185208,61117,17757473,78485,21289,158,163,12820177,25919,0,0,0
2026-04-23 02:49:50,51246324,61116,17778671,78574,21287,160,163,12833118,12941,0,0,0
2026-04-23 02:49:51,51307169,60845,17799839,78665,21259,161,163,12846009,12891,0,0,0
2026-04-23 02:49:52,51368205,61036,17821049,78770,21315,147,163,12858911,12902,0,0,0
2026-04-23 02:49:53,51429830,61625,17842377,78859,21417,158,163,12871800,12889,0,0,0
2026-04-23 02:49:55,51491709,61879,17863816,78946,21526,156,163,12884706,12906,0,0,0
2026-04-23 02:49:56,51553713,62004,17885347,79040,21625,156,163,12910511,25805,0,0,0
2026-04-23 02:49:57,51615474,61761,17906724,79132,21469,154,163,12923429,12918,0,0,0
2026-04-23 02:49:58,51676205,60731,17927797,79221,21162,144,163,12936359,12930,0,0,0
2026-04-23 02:49:59,51737648,61443,17949204,79307,21493,147,163,12949272,12913,0,0,0
2026-04-23 02:50:00,51799399,61751,17970575,79402,21466,161,163,12962213,12941,0,0,0
2026-04-23 02:50:02,51859491,60092,17991501,79503,21027,147,163,12975108,12895,0,0,0
2026-04-23 02:50:03,51919101,59610,18012153,79588,20737,161,163,13000853,25745,0,0,0
2026-04-23 02:50:04,51979563,60462,18033064,79690,21013,157,163,13013761,12908,0,0,0
2026-04-23 02:50:05,52041409,61846,18054605,79763,21614,162,163,13026679,12918,0,0,0
2026-04-23 02:50:06,52102285,60876,18075687,79857,21176,155,163,13039585,12906,0,0,0
2026-04-23 02:50:07,52162866,60581,18096736,79961,21153,149,163,13052480,12895,0,0,0
2026-04-23 02:50:08,52222877,60011,18117573,80046,20922,156,163,13065390,12910,0,0,0
2026-04-23 02:50:10,52282930,60053,18138398,80144,20923,157,163,13078328,12938,0,0,0
2026-04-23 02:50:11,52343086,60156,18159295,80241,20994,160,163,13104144,25816,0,0,0
2026-04-23 02:50:12,52403600,60514,18180319,80326,21109,158,163,13116985,12841,0,0,0
2026-04-23 02:50:13,52462009,58409,18200588,80426,20369,160,163,13129798,12813,0,0,0
2026-04-23 02:50:14,52523144,61135,18221794,80513,21293,159,163,13142669,12871,0,0,0
2026-04-23 02:50:15,52582896,59752,18242493,80614,20800,162,163,13155569,12900,0,0,0
2026-04-23 02:50:17,52642327,59431,18263157,80702,20752,144,163,13168432,12863,0,0,0
2026-04-23 02:50:18,52703282,60955,18284280,80803,21224,149,163,13194144,25712,0,0,0
2026-04-23 02:50:19,52761748,58466,18304563,80887,20367,161,163,13207020,12876,0,0,0
2026-04-23 02:50:20,52819543,57795,18324597,80976,20123,155,163,13219897,12877,0,0,0
2026-04-23 02:50:21,52879951,60408,18345558,81069,21054,141,163,13232782,12885,0,0,0
2026-04-23 02:50:22,52939778,59827,18366304,81162,20839,154,163,13245642,12860,0,0,0
2026-04-23 02:50:23,52999951,60173,18387184,81245,20963,162,163,13258512,12870,0,0,0
2026-04-23 02:50:25,53060100,60149,18408069,81318,20958,161,163,13271329,12817,0,0,0
2026-04-23 02:50:26,53119346,59246,18428681,81403,20697,139,163,13297049,25720,0,0,0
2026-04-23 02:50:27,53179884,60538,18449660,81495,21071,155,163,13309933,12884,0,0,0
2026-04-23 02:50:28,53239574,59690,18470383,81590,20818,162,163,13322795,12862,0,0,0
2026-04-23 02:50:29,53297227,57653,18490370,81670,20067,158,163,13335657,12862,0,0,0
2026-04-23 02:50:30,53354521,57294,18510290,81751,20001,151,163,13348537,12880,0,0,0
2026-04-23 02:50:32,53414493,59972,18531094,81853,20906,158,163,13361389,12852,0,0,0
2026-04-23 02:50:33,53473898,59405,18551698,81940,20691,162,163,13387118,25729,0,0,0
2026-04-23 02:50:34,53534896,60998,18572831,82035,21228,161,163,13399977,12859,0,0,0
2026-04-23 02:50:35,53596517,61621,18594221,82128,21483,162,163,13412822,12845,0,0,0
2026-04-23 02:50:36,53657641,61124,18615397,82235,21283,152,163,13425662,12840,0,0,0
2026-04-23 02:50:37,53717033,59392,18636018,82340,20726,148,163,13438523,12861,0,0,0
2026-04-23 02:50:38,53777847,60814,18657103,82428,21173,150,163,13451399,12876,0,0,0
2026-04-23 02:50:40,53838120,60273,18678009,82524,21002,157,163,13464270,12871,0,0,0
2026-04-23 02:50:41,53897709,59589,18698719,82616,20802,144,163,13489920,25650,0,0,0
2026-04-23 02:50:42,53958329,60620,18719695,82722,21082,150,163,13502710,12790,0,0,0
2026-04-23 02:50:43,54018292,59963,18740596,82799,20978,158,163,13515517,12807,0,0,0
2026-04-23 02:50:44,54077404,59112,18761056,82896,20557,161,163,13528312,12795,0,0,0
2026-04-23 02:50:45,54134933,57529,18781056,82977,20081,160,163,13541104,12792,0,0,0
2026-04-23 02:50:47,54194219,59286,18801623,83073,20663,146,163,13553866,12762,0,0,0
2026-04-23 02:50:48,54255448,61229,18822833,83164,21301,157,163,13579382,25516,0,0,0
2026-04-23 02:50:49,54316167,60719,18843893,83274,21170,162,163,13592147,12765,0,0,0
2026-04-23 02:50:50,54378171,62004,18865362,83370,21565,144,163,13604936,12789,0,0,0
2026-04-23 02:50:51,54439650,61479,18886752,83465,21485,162,163,13617659,12723,0,0,0
2026-04-23 02:50:52,54498556,58906,18907079,83568,20430,138,163,13630376,12717,0,0,0
2026-04-23 02:50:54,54555355,56799,18926863,83665,19881,160,163,13643093,12717,0,0,0
2026-04-23 02:50:55,54614554,59199,18947402,83747,20621,162,163,13655831,12738,0,0,0
2026-04-23 02:50:56,54674500,59946,18968132,83847,20830,152,163,13681358,25527,0,0,0
2026-04-23 02:50:57,54735771,61271,18989403,83939,21363,146,163,13694093,12735,0,0,0
2026-04-23 02:50:58,54797389,61618,19010784,84047,21489,148,163,13706812,12719,0,0,0
2026-04-23 02:50:59,54857850,60461,19031720,84128,21017,156,163,13719535,12723,0,0,0
2026-04-23 02:51:00,54915232,57382,19051683,84199,20034,145,163,13732233,12698,0,0,0
2026-04-23 02:51:02,54972117,56885,19071500,84268,19886,139,163,13744904,12671,0,0,0
2026-04-23 02:51:03,55030727,58610,19091781,84356,20369,160,163,13770343,25439,0,0,0
2026-04-23 02:51:04,55091050,60323,19112685,84441,20989,150,163,13783092,12749,0,0,0
2026-04-23 02:51:05,55151997,60947,19133842,84529,21245,149,163,13795830,12738,0,0,0
2026-04-23 02:51:06,55212643,60646,19154884,84614,21127,157,163,13808525,12695,0,0,0
2026-04-23 02:51:07,55271617,58974,19175370,84703,20575,161,163,13821173,12648,0,0,0
2026-04-23 02:51:08,55326641,55024,19194437,84789,19153,159,163,13833809,12636,0,0,0
2026-04-23 02:51:10,55380183,53542,19213054,84874,18702,162,163,13846416,12607,0,0,0
2026-04-23 02:51:11,55436012,55829,19232388,84962,19422,159,163,13871724,25308,0,0,0
2026-04-23 02:51:12,55494354,58342,19252643,85054,20347,161,163,13884377,12653,0,0,0
2026-04-23 02:51:13,55554308,59954,19273378,85154,20835,160,163,13897058,12681,0,0,0
2026-04-23 02:51:14,55614263,59955,19294239,85236,20943,162,163,13909711,12653,0,0,0
2026-04-23 02:51:15,55674222,59959,19315063,85318,20906,161,163,13922419,12708,0,0,0
2026-04-23 02:51:17,55731350,57128,19334785,85433,19837,162,163,13935064,12645,0,0,0
2026-04-23 02:51:18,55786942,55592,19354071,85531,19384,162,163,13947681,12617,0,0,0
2026-04-23 02:51:19,55841924,54982,19373074,85620,19092,161,163,13972939,25258,0,0,0
2026-04-23 02:51:20,55901863,59939,19393866,85714,20886,143,163,13985608,12669,0,0,0
2026-04-23 02:51:21,55962194,60331,19414796,85811,21027,159,163,13998213,12605,0,0,0
2026-04-23 02:51:22,56023380,61186,19435992,85905,21290,157,163,14010754,12541,0,0,0
2026-04-23 02:51:23,56083379,59999,19456800,86010,20913,160,163,14023261,12507,0,0,0
2026-04-23 02:51:25,56140603,57224,19476684,86097,19971,144,163,14035775,12514,0,0,0
2026-04-23 02:51:26,56195633,55030,19495781,86173,19173,158,163,14060862,25087,0,0,0
2026-04-23 02:51:27,56255754,60121,19516715,86276,21037,147,163,14073377,12515,0,0,0
2026-04-23 02:51:28,56316653,60899,19537848,86363,21220,153,163,14085868,12491,0,0,0
2026-04-23 02:51:29,56376630,59977,19558655,86470,20914,151,163,14098362,12494,0,0,0
2026-04-23 02:51:30,56438155,61525,19580018,86557,21450,162,163,14110857,12495,0,0,0
2026-04-23 02:51:32,56498126,59971,19600726,86633,20784,154,163,14123382,12525,0,0,0
2026-04-23 02:51:33,56553787,55661,19620119,86710,19470,162,163,14135909,12527,0,0,0
2026-04-23 02:51:34,56614089,60302,19641015,86807,20993,149,163,14161022,25113,0,0,0
2026-04-23 02:51:35,56671946,57857,19661064,86895,20137,161,163,14173527,12505,0,0,0
2026-04-23 02:51:36,56732889,60943,19682174,86985,21200,161,163,14186035,12508,0,0,0
2026-04-23 02:51:37,56795043,62154,19703721,87072,21634,148,163,14198500,12465,0,0,0
2026-04-23 02:51:38,56856461,61418,19725056,87155,21418,160,163,14211023,12523,0,0,0
2026-04-23 02:51:40,56918021,61560,19746372,87265,21426,162,163,14223508,12485,0,0,0
2026-04-23 02:51:41,56978984,60963,19767473,87361,21197,161,163,14248442,24934,0,0,0
2026-04-23 02:51:42,57040312,61328,19788728,87455,21349,162,163,14260974,12532,0,0,0
2026-04-23 02:51:43,57101447,61135,19809997,87548,21362,141,163,14273522,12548,0,0,0
2026-04-23 02:51:44,57163400,61953,19831441,87644,21540,162,163,14286092,12570,0,0,0
2026-04-23 02:51:45,57224069,60669,19852527,87735,21177,150,163,14298590,12498,0,0,0
2026-04-23 02:51:47,57285294,61225,19873716,87836,21290,159,163,14311084,12494,0,0,0
2026-04-23 02:51:48,57345681,60387,19894685,87927,21060,143,163,14336143,25059,0,0,0
2026-04-23 02:51:49,57408159,62478,19916313,88023,21724,151,163,14348734,12591,0,0,0
2026-04-23 02:51:50,57469158,60999,19937450,88121,21235,160,163,14361350,12616,0,0,0
2026-04-23 02:51:51,57530240,61082,19958660,88212,21301,162,163,14373946,12596,0,0,0
2026-04-23 02:51:52,57590816,60576,19979709,88305,21142,144,163,14386557,12611,0,0,0
2026-04-23 02:51:54,57651033,60217,20000590,88414,20990,160,163,14399100,12543,0,0,0
2026-04-23 02:51:55,57713080,62047,20022088,88505,21589,140,163,14411634,12534,0,0,0
2026-04-23 02:51:56,57774844,61764,20043512,88603,21522,155,163,14436647,25013,0,0,0
2026-04-23 02:51:57,57836997,62153,20065070,88689,21644,139,163,14449147,12500,0,0,0
2026-04-23 02:51:58,57898621,61624,20086458,88792,21491,162,163,14461608,12461,0,0,0
2026-04-23 02:51:59,57960250,61629,20107823,88886,21459,162,163,14474048,12440,0,0,0
2026-04-23 02:52:00,58021248,60998,20128983,88979,21253,160,163,14486548,12500,0,0,0
2026-04-23 02:52:02,58081984,60736,20150064,89071,21173,159,163,14499075,12527,0,0,0
2026-04-23 02:52:03,58143366,61382,20171355,89154,21374,157,163,14524140,25065,0,0,0
2026-04-23 02:52:04,58205057,61691,20192747,89252,21490,162,163,14536674,12534,0,0,0
2026-04-23 02:52:05,58266354,61297,20214013,89342,21356,159,163,14549215,12541,0,0,0
2026-04-23 02:52:06,58327886,61532,20235383,89441,21469,154,163,14561721,12506,0,0,0
2026-04-23 02:52:07,58389402,61516,20256741,89548,21465,158,163,14574208,12487,0,0,0
2026-04-23 02:52:09,58450299,60897,20277877,89656,21244,162,163,14586688,12480,0,0,0
2026-04-23 02:52:10,58511793,61494,20299125,89751,21343,157,163,14611714,25026,0,0,0
2026-04-23 02:52:11,58572902,61109,20320371,89834,21329,162,163,14624202,12488,0,0,0
2026-04-23 02:52:12,58634685,61783,20341779,89933,21507,148,163,14636687,12485,0,0,0
2026-04-23 02:52:13,58696216,61531,20363091,90034,21413,151,163,14649198,12511,0,0,0
2026-04-23 02:52:14,58756582,60366,20384124,90130,21129,154,163,14661771,12573,0,0,0
2026-04-23 02:52:16,58818243,61661,20405472,90226,21444,149,163,14674347,12576,0,0,0
2026-04-23 02:52:17,58879830,61587,20426879,90308,21489,139,163,14686900,12553,0,0,0
2026-04-23 02:52:18,58941322,61492,20448181,90400,21394,156,163,14711904,25004,0,0,0
2026-04-23 02:52:19,59002694,61372,20469505,90489,21413,161,163,14724355,12451,0,0,0
2026-04-23 02:52:20,59064262,61568,20490815,90600,21421,155,163,14736815,12460,0,0,0
2026-04-23 02:52:21,59126025,61763,20512167,90693,21445,162,163,14749309,12494,0,0,0
2026-04-23 02:52:23,59187496,61471,20533595,90783,21518,157,163,14761800,12491,0,0,0
2026-04-23 02:52:24,59248839,61343,20554843,90875,21340,161,163,14774311,12511,0,0,0
2026-04-23 02:52:25,59310806,61967,20576307,90968,21557,150,163,14799295,24984,0,0,0
2026-04-23 02:52:26,59372450,61644,20597676,91067,21468,159,163,14811792,12497,0,0,0
2026-04-23 02:52:27,59432806,60356,20618689,91151,21097,150,163,14824312,12520,0,0,0
2026-04-23 02:52:28,59494910,62104,20640252,91246,21658,158,163,14836838,12526,0,0,0
2026-04-23 02:52:29,59556458,61548,20661584,91339,21425,151,163,14849333,12495,0,0,0
2026-04-23 02:52:31,59617317,60859,20682672,91442,21191,162,163,14861860,12527,0,0,0
2026-04-23 02:52:32,59677932,60615,20703747,91544,21177,162,163,14886965,25105,0,0,0
2026-04-23 02:52:33,59738195,60263,20724629,91639,20977,156,163,14899491,12526,0,0,0
2026-04-23 02:52:34,59798804,60609,20745696,91740,21168,151,163,14912048,12557,0,0,0
2026-04-23 02:52:35,59860674,61870,20767128,91844,21536,151,163,14924628,12580,0,0,0
2026-04-23 02:52:36,59922031,61357,20788412,91944,21384,160,163,14937223,12595,0,0,0
2026-04-23 02:52:38,59983382,61351,20809715,92041,21400,141,163,14949774,12551,0,0,0
2026-04-23 02:52:39,60045136,61754,20831049,92141,21434,145,163,14974787,25013,0,0,0
2026-04-23 02:52:40,60105887,60751,20852178,92237,21225,161,163,14987345,12558,0,0,0
2026-04-23 02:52:41,60167019,61132,20873417,92326,21328,151,163,14999940,12595,0,0,0
2026-04-23 02:52:42,60229648,62629,20895102,92408,21767,160,163,15012511,12571,0,0,0
2026-04-23 02:52:43,60290568,60920,20916276,92507,21273,160,163,15025042,12531,0,0,0
2026-04-23 02:52:45,60351613,61045,20937412,92597,21226,162,163,15037604,12562,0,0,0
2026-04-23 02:52:46,60413673,62060,20958909,92696,21596,157,163,15050184,12580,0,0,0
2026-04-23 02:52:47,60475594,61921,20980396,92785,21576,159,163,15075306,25122,0,0,0
2026-04-23 02:52:48,60537505,61911,21001877,92903,21599,134,163,15087838,12532,0,0,0
2026-04-23 02:52:49,60599105,61600,21023246,92998,21464,159,163,15100413,12575,0,0,0
2026-04-23 02:52:50,60661455,62350,21044832,93092,21680,149,163,15112961,12548,0,0,0
2026-04-23 02:52:52,60722584,61129,21066068,93185,21329,158,163,15125519,12558,0,0,0
2026-04-23 02:52:53,60783478,60894,21087196,93278,21221,161,163,15138105,12586,0,0,0
2026-04-23 02:52:54,60845242,61764,21108513,93384,21423,161,163,15163374,25269,0,0,0
2026-04-23 02:52:55,60906897,61655,21129994,93474,21571,162,163,15175980,12606,0,0,0
2026-04-23 02:52:56,60968889,61992,21151463,93563,21558,161,163,15188547,12567,0,0,0
2026-04-23 02:52:57,61029417,60528,21172474,93660,21108,150,163,15201125,12578,0,0,0
2026-04-23 02:52:58,61090397,60980,21193668,93755,21289,162,163,15213676,12551,0,0,0
2026-04-23 02:53:00,61151052,60655,21214683,93842,21102,125,163,15226236,12560,0,0,0
2026-04-23 02:53:01,61211624,60572,21235721,93925,21121,153,163,15251343,25107,0,0,0
2026-04-23 02:53:02,61273871,62247,21257365,94008,21727,160,163,15263922,12579,0,0,0
2026-04-23 02:53:03,61335326,61455,21278650,94100,21377,161,163,15276530,12608,0,0,0
2026-04-23 02:53:04,61396288,60962,21299798,94195,21243,149,163,15289176,12646,0,0,0
2026-04-23 02:53:05,61458522,62234,21321383,94289,21679,151,163,15301809,12633,0,0,0
2026-04-23 02:53:07,61520457,61935,21342905,94393,21626,162,163,15314449,12640,0,0,0
2026-04-23 02:53:08,61579958,59501,21363591,94486,20779,150,163,15339731,25282,0,0,0
2026-04-23 02:53:09,61642216,62258,21385101,94573,21597,145,163,15352381,12650,0,0,0
2026-04-23 02:53:10,61702845,60629,21406185,94671,21182,162,163,15365008,12627,0,0,0
2026-04-23 02:53:11,61764498,61653,21427584,94766,21494,141,163,15377660,12652,0,0,0
2026-04-23 02:53:12,61825872,61374,21448829,94870,21349,158,163,15390283,12623,0,0,0
2026-04-23 02:53:14,61885872,60000,21469692,94952,20945,155,163,15402876,12593,0,0,0
2026-04-23 02:53:15,61946442,60570,21490686,95035,21077,162,163,15415468,12592,0,0,0
2026-04-23 02:53:16,62007525,61083,21511847,95118,21244,162,163,15440748,25280,0,0,0
2026-04-23 02:53:17,62069542,62017,21533327,95217,21579,153,163,15453429,12681,0,0,0
2026-04-23 02:53:18,62130738,61196,21554529,95306,21291,153,163,15466070,12641,0,0,0
2026-04-23 02:53:19,62192144,61406,21575894,95394,21453,162,163,15478713,12643,0,0,0
2026-04-23 02:53:20,62253086,60942,21597004,95487,21203,161,163,15491332,12619,0,0,0
2026-04-23 02:53:22,62313463,60377,21617963,95586,21058,157,163,15503956,12624,0,0,0
2026-04-23 02:53:23,62369220,55757,21637266,95667,19384,153,163,15529181,25225,0,0,0
2026-04-23 02:53:24,62429295,60075,21658140,95757,20964,138,163,15541782,12601,0,0,0
2026-04-23 02:53:25,62490193,60898,21679287,95849,21239,162,163,15554393,12611,0,0,0
2026-04-23 02:53:26,62548919,58726,21699570,95960,20394,152,163,15567027,12634,0,0,0
2026-04-23 02:53:27,62610675,61756,21721006,96054,21530,161,163,15579681,12654,0,0,0
2026-04-23 02:53:29,62671153,60478,21741949,96133,21022,158,163,15592361,12680,0,0,0
2026-04-23 02:53:30,62731645,60492,21762921,96226,21065,143,163,15617739,25378,0,0,0
2026-04-23 02:53:31,62793186,61541,21784239,96333,21425,147,163,15630460,12721,0,0,0
2026-04-23 02:53:32,62855526,62340,21805824,96422,21674,160,163,15643175,12715,0,0,0
2026-04-23 02:53:33,62917213,61687,21827202,96515,21471,159,163,15655841,12666,0,0,0
2026-04-23 02:53:34,62978053,60840,21848381,96598,21262,162,163,15668506,12665,0,0,0
2026-04-23 02:53:36,63038660,60607,21869433,96699,21153,161,163,15681149,12643,0,0,0
2026-04-23 02:53:37,63100273,61613,21890793,96789,21450,149,163,15693834,12685,0,0,0
2026-04-23 02:53:38,63161595,61322,21912065,96876,21359,145,163,15719284,25450,0,0,0
2026-04-23 02:53:39,63223345,61750,21933537,96956,21552,147,163,15732041,12757,0,0,0
2026-04-23 02:53:40,63285104,61759,21954925,97053,21485,162,163,15744755,12714,0,0,0
2026-04-23 02:53:41,63346349,61245,21976170,97145,21337,159,163,15757511,12756,0,0,0
2026-04-23 02:53:43,63407816,61467,21997477,97238,21400,162,163,15770250,12739,0,0,0
2026-04-23 02:53:44,63467905,60089,22018353,97329,20967,140,163,15783034,12784,0,0,0
2026-04-23 02:53:45,63529092,61187,22039596,97426,21340,159,163,15808539,25505,0,0,0
2026-04-23 02:53:46,63589964,60872,22060730,97508,21216,146,163,15821319,12780,0,0,0
2026-04-23 02:53:47,63650779,60815,22081907,97595,21264,162,163,15834112,12793,0,0,0
2026-04-23 02:53:48,63712796,62017,22103436,97695,21629,150,163,15846852,12740,0,0,0
2026-04-23 02:53:49,63773482,60686,22124514,97784,21167,159,163,15859575,12723,0,0,0
2026-04-23 02:53:51,63835397,61915,22146010,97854,21566,161,163,15872235,12660,0,0,0
2026-04-23 02:53:52,63896349,60952,22167103,97949,21188,161,163,15897596,25361,0,0,0
2026-04-23 02:53:53,63958120,61771,22188587,98043,21578,162,163,15910290,12694,0,0,0
2026-04-23 02:53:54,64019933,61813,22210029,98125,21524,147,163,15923027,12737,0,0,0
2026-04-23 02:53:55,64080979,61046,22231197,98221,21264,161,163,15935789,12762,0,0,0
2026-04-23 02:53:56,64143301,62322,22252834,98306,21722,162,163,15948548,12759,0,0,0
2026-04-23 02:53:58,64204136,60835,22273892,98408,21160,147,163,15961302,12754,0,0,0
2026-04-23 02:53:59,64266028,61892,22295350,98506,21556,161,163,15974014,12712,0,0,0
2026-04-23 02:54:00,64327603,61575,22316682,98603,21429,144,163,15999441,25427,0,0,0
2026-04-23 02:54:01,64389841,62238,22338265,98697,21677,149,163,16012192,12751,0,0,0
2026-04-23 02:54:02,64451382,61541,22359618,98795,21451,157,163,16024949,12757,0,0,0
2026-04-23 02:54:03,64511345,59963,22380453,98872,20912,162,163,16037713,12764,0,0,0
2026-04-23 02:54:05,64571050,59705,22401109,98961,20745,162,163,16050474,12761,0,0,0
2026-04-23 02:54:06,64622556,51506,22418966,99042,17938,160,163,16063202,12728,0,0,0
2026-04-23 02:54:07,64682984,60428,22439946,99143,21081,161,163,16088660,25458,0,0,0
2026-04-23 02:54:08,64743434,60450,22460905,99244,21060,155,163,16101418,12758,0,0,0
2026-04-23 02:54:09,64804101,60667,22482012,99337,21200,162,163,16114125,12707,0,0,0
2026-04-23 02:54:10,64865806,61705,22503363,99449,21463,146,163,16126849,12724,0,0,0
2026-04-23 02:54:12,64925729,59923,22524207,99528,20923,153,163,16139617,12768,0,0,0
2026-04-23 02:54:13,64984433,58704,22544585,99607,20457,146,163,16152386,12769,0,0,0
2026-04-23 02:54:14,65038132,53699,22563255,99683,18746,142,163,16165162,12776,0,0,0
2026-04-23 02:54:15,65100598,62466,22584832,99800,21694,151,163,16190739,25577,0,0,0
2026-04-23 02:54:16,65161678,61080,22606073,99889,21330,161,163,16203510,12771,0,0,0
2026-04-23 02:54:17,65224834,63156,22627984,99981,22003,159,163,16216251,12741,0,0,0
2026-04-23 02:54:18,65285504,60670,22648992,100077,21104,155,163,16229000,12749,0,0,0
2026-04-23 02:54:20,65345679,60175,22669928,100162,21021,161,163,16241766,12766,0,0,0
2026-04-23 02:54:21,65403354,57675,22689892,100257,20059,141,163,16254539,12773,0,0,0
2026-04-23 02:54:22,65462487,59133,22710393,100355,20599,151,163,16280045,25506,0,0,0
2026-04-23 02:54:23,65522379,59892,22731124,100440,20816,160,163,16292848,12803,0,0,0
2026-04-23 02:54:24,65582458,60079,22752022,100518,20976,147,163,16305642,12794,0,0,0
2026-04-23 02:54:25,65643968,61510,22773322,100632,21414,158,163,16318458,12816,0,0,0
2026-04-23 02:54:27,65704662,60694,22794386,100721,21153,152,163,16331273,12815,0,0,0
2026-04-23 02:54:28,65765914,61252,22815615,100805,21313,147,163,16344091,12818,0,0,0
2026-04-23 02:54:29,65826043,60129,22836482,100901,20963,156,163,16369667,25576,0,0,0
2026-04-23 02:54:30,65887120,61077,22857639,101003,21259,146,163,16382461,12794,0,0,0
2026-04-23 02:54:31,65946186,59066,22878131,101088,20577,161,163,16395269,12808,0,0,0
2026-04-23 02:54:32,66007487,61301,22899396,101190,21367,153,163,16408061,12792,0,0,0
2026-04-23 02:54:34,66067381,59894,22920172,101285,20871,154,163,16420830,12769,0,0,0
2026-04-23 02:54:35,66126957,59576,22940883,101373,20799,162,163,16433651,12821,0,0,0
2026-04-23 02:54:36,66187114,60157,22961743,101462,20949,149,163,16459302,25651,0,0,0
2026-04-23 02:54:37,66247187,60073,22982582,101546,20923,153,163,16472068,12766,0,0,0
2026-04-23 02:54:38,66307599,60412,23003542,101642,21056,151,163,16484857,12789,0,0,0
2026-04-23 02:54:39,66365526,57927,23023629,101725,20170,150,163,16497654,12797,0,0,0
2026-04-23 02:54:41,66424631,59105,23044148,101818,20612,160,163,16510445,12791,0,0,0
2026-04-23 02:54:42,66484590,59959,23064943,101915,20892,156,163,16523222,12777,0,0,0
2026-04-23 02:54:43,66545372,60782,23086044,102003,21189,146,163,16548795,25573,0,0,0
2026-04-23 02:54:44,66607055,61683,23107475,102086,21514,142,163,16561629,12834,0,0,0
2026-04-23 02:54:45,66667535,60480,23128519,102175,21133,148,163,16574463,12834,0,0,0
2026-04-23 02:54:46,66727459,59924,23149367,102260,20933,162,163,16587294,12831,0,0,0
2026-04-23 02:54:47,66785534,58075,23169504,102343,20220,162,163,16600122,12828,0,0,0
2026-04-23 02:54:49,66843448,57914,23189574,102436,20163,156,163,16612972,12850,0,0,0
2026-04-23 02:54:50,66903939,60491,23210574,102518,21082,162,163,16638634,25662,0,0,0
2026-04-23 02:54:51,66965807,61868,23232045,102602,21555,141,163,16651439,12805,0,0,0
2026-04-23 02:54:52,67026342,60535,23253043,102694,21090,156,163,16664237,12798,0,0,0
2026-04-23 02:54:53,67085896,59554,23273734,102788,20785,161,163,16677003,12766,0,0,0
2026-04-23 02:54:54,67146130,60234,23294604,102877,20959,160,163,16689789,12786,0,0,0
2026-04-23 02:54:56,67200470,54340,23313444,102977,18940,162,163,16702616,12827,0,0,0
2026-04-23 02:54:57,67257796,57326,23333375,103065,20019,159,163,16715433,12817,0,0,0
2026-04-23 02:54:58,67317005,59209,23353900,103158,20618,158,163,16740958,25525,0,0,0
2026-04-23 02:54:59,67377953,60948,23375033,103267,21242,151,163,16753762,12804,0,0,0
2026-04-23 02:55:00,67438489,60536,23396027,103353,21080,157,163,16766580,12818,0,0,0
2026-04-23 02:55:01,67498478,59989,23416879,103445,20944,144,163,16779366,12786,0,0,0
2026-04-23 02:55:03,67558734,60256,23437761,103550,20987,158,163,16792140,12774,0,0,0
2026-04-23 02:55:04,67613927,55193,23456958,103640,19287,162,163,16804912,12772,0,0,0
2026-04-23 02:55:05,67669088,55161,23476105,103711,19218,161,163,16830504,25592,0,0,0
2026-04-23 02:55:06,67728688,59600,23496778,103805,20767,147,163,16843328,12824,0,0,0
2026-04-23 02:55:07,67788829,60141,23517653,103910,20980,159,163,16856145,12817,0,0,0
2026-04-23 02:55:08,67850221,61392,23538941,104001,21379,154,163,16868939,12794,0,0,0
2026-04-23 02:55:09,67911453,61232,23560231,104089,21378,162,163,16881703,12764,0,0,0
2026-04-23 02:55:11,67969640,58187,23580342,104184,20206,162,163,16894461,12758,0,0,0
2026-04-23 02:55:12,68023775,54135,23599168,104258,18900,162,163,16907233,12772,0,0,0
2026-04-23 02:55:13,68083535,59760,23619870,104338,20782,148,163,16932887,25654,0,0,0
2026-04-23 02:55:14,68144233,60698,23640895,104435,21122,156,163,16945751,12864,0,0,0
2026-04-23 02:55:15,68203172,58939,23661386,104535,20591,148,163,16958573,12822,0,0,0
2026-04-23 02:55:16,68263904,60732,23682443,104627,21149,157,163,16971408,12835,0,0,0
2026-04-23 02:55:18,68323991,60087,23703265,104713,20908,154,163,16984253,12845,0,0,0
2026-04-23 02:55:19,68378492,54501,23722243,104799,19064,162,163,16997103,12850,0,0,0
2026-04-23 02:55:20,68432383,53891,23740871,104875,18704,150,163,17022707,25604,0,0,0
2026-04-23 02:55:21,68487908,55525,23760151,104973,19378,162,163,17035450,12743,0,0,0
2026-04-23 02:55:22,68543803,55895,23779492,105064,19432,159,163,17048181,12731,0,0,0
2026-04-23 02:55:23,68598616,54813,23798532,105152,19128,162,163,17060911,12730,0,0,0
2026-04-23 02:55:24,68659246,60630,23819502,105241,21059,156,163,17073663,12752,0,0,0
2026-04-23 02:55:26,68719531,60285,23840439,105341,21037,157,163,17086367,12704,0,0,0
2026-04-23 02:55:27,68779408,59877,23861202,105446,20868,159,163,17099060,12693,0,0,0
2026-04-23 02:55:28,68838839,59431,23881804,105559,20715,151,163,17124397,25337,0,0,0
2026-04-23 02:55:29,68897156,58317,23902060,105661,20358,141,163,17137112,12715,0,0,0
2026-04-23 02:55:30,68958310,61154,23923227,105769,21275,162,163,17149839,12727,0,0,0
2026-04-23 02:55:31,69018359,60049,23944019,105854,20877,146,163,17162544,12705,0,0,0
2026-04-23 02:55:33,69076130,57771,23964055,105936,20118,156,163,17175279,12735,0,0,0
2026-04-23 02:55:34,69133856,57726,23984116,106030,20155,162,163,17188018,12739,0,0,0
2026-04-23 02:55:35,69187736,53880,24002782,106133,18769,151,163,17213426,25408,0,0,0
2026-04-23 02:55:36,69242426,54690,24021763,106225,19073,153,163,17226081,12655,0,0,0
2026-04-23 02:55:37,69300118,57692,24041759,106304,20075,162,163,17238757,12676,0,0,0
2026-04-23 02:55:38,69355849,55731,24061138,106382,19457,150,163,17251432,12675,0,0,0
2026-04-23 02:55:40,69416845,60996,24082290,106478,21248,153,163,17264153,12721,0,0,0
2026-04-23 02:55:41,69475455,58610,24102728,106566,20526,158,163,17276864,12711,0,0,0
2026-04-23 02:55:42,69536443,60988,24123902,106672,21280,162,163,17302319,25455,0,0,0
2026-04-23 02:55:43,69598618,62175,24145390,106781,21597,148,163,17314991,12672,0,0,0
2026-04-23 02:55:44,69659695,61077,24166592,106876,21297,161,163,17327586,12595,0,0,0
2026-04-23 02:55:45,69720211,60516,24187669,106963,21164,154,163,17340168,12582,0,0,0
2026-04-23 02:55:46,69781846,61635,24209005,107041,21414,159,163,17352815,12647,0,0,0
2026-04-23 02:55:48,69842900,61054,24230214,107133,21301,152,163,17365489,12674,0,0,0
2026-04-23 02:55:49,69903314,60414,24251190,107210,21053,162,163,17378170,12681,0,0,0
2026-04-23 02:55:50,69964002,60688,24272251,107301,21152,156,163,17403461,25291,0,0,0
2026-04-23 02:55:51,70025906,61904,24293672,107389,21509,151,163,17416051,12590,0,0,0
2026-04-23 02:55:52,70087755,61849,24315147,107482,21568,151,163,17428673,12622,0,0,0
2026-04-23 02:55:53,70147921,60166,24336064,107579,21014,162,163,17441309,12636,0,0,0
2026-04-23 02:55:55,70208977,61056,24357277,107663,21297,153,163,17453973,12664,0,0,0
2026-04-23 02:55:56,70269521,60544,24378278,107746,21084,161,163,17466598,12625,0,0,0
2026-04-23 02:55:57,70330938,61417,24399580,107863,21419,162,163,17491757,25159,0,0,0
2026-04-23 02:55:58,70392634,61696,24420960,107978,21495,162,163,17504351,12594,0,0,0
2026-04-23 02:55:59,70453755,61121,24442196,108076,21334,136,163,17516930,12579,0,0,0
2026-04-23 02:56:00,70515836,62081,24463701,108166,21595,142,163,17529478,12548,0,0,0
2026-04-23 02:56:02,70577019,61183,24484917,108248,21298,155,163,17542028,12550,0,0,0
2026-04-23 02:56:03,70637594,60575,24505967,108346,21148,160,163,17554607,12579,0,0,0
2026-04-23 02:56:04,70699433,61839,24527408,108441,21536,154,163,17579789,25182,0,0,0
2026-04-23 02:56:05,70760844,61411,24548718,108523,21392,155,163,17592336,12547,0,0,0
2026-04-23 02:56:06,70821842,60998,24569923,108605,21287,159,163,17604923,12587,0,0,0
2026-04-23 02:56:07,70883126,61284,24591188,108685,21345,153,163,17617490,12567,0,0,0
2026-04-23 02:56:09,70942821,59695,24611989,108765,20881,161,163,17630091,12601,0,0,0
2026-04-23 02:56:10,71003038,60217,24632887,108853,20986,159,163,17642674,12583,0,0,0
2026-04-23 02:56:11,71064533,61495,24654233,108952,21445,152,163,17667825,25151,0,0,0
2026-04-23 02:56:12,71126353,61820,24675639,109041,21495,156,163,17680432,12607,0,0,0
2026-04-23 02:56:13,71187257,60904,24696761,109140,21221,152,163,17693033,12601,0,0,0
2026-04-23 02:56:14,71248934,61677,24718191,109247,21537,161,163,17705579,12546,0,0,0
2026-04-23 02:56:16,71309758,60824,24739305,109333,21200,158,163,17718117,12538,0,0,0
2026-04-23 02:56:17,71371777,62019,24760773,109431,21566,162,163,17730700,12583,0,0,0
2026-04-23 02:56:18,71433220,61443,24782105,109516,21417,158,163,17755919,25219,0,0,0
2026-04-23 02:56:19,71493392,60172,24803054,109607,21040,162,163,17768494,12575,0,0,0
2026-04-23 02:56:20,71553956,60564,24824082,109694,21115,149,163,17781056,12562,0,0,0
2026-04-23 02:56:21,71615413,61457,24845344,109800,21368,146,163,17793671,12615,0,0,0
2026-04-23 02:56:23,71676989,61576,24866732,109889,21477,162,163,17806283,12612,0,0,0
2026-04-23 02:56:24,71737824,60835,24887821,109987,21187,162,163,17818873,12590,0,0,0
2026-04-23 02:56:25,71799925,62101,24909388,110076,21656,162,163,17844078,25205,0,0,0
2026-04-23 02:56:26,71862006,62081,24930811,110190,21537,149,163,17856692,12614,0,0,0
2026-04-23 02:56:27,71924092,62086,24952343,110299,21641,162,163,17869266,12574,0,0,0
2026-04-23 02:56:28,71985753,61661,24973685,110401,21444,155,163,17881818,12552,0,0,0
2026-04-23 02:56:29,72046999,61246,24994913,110506,21333,146,163,17894339,12521,0,0,0
2026-04-23 02:56:31,72107535,60536,25015953,110593,21127,151,163,17906914,12575,0,0,0
2026-04-23 02:56:32,72168390,60855,25037008,110694,21156,157,163,17919511,12597,0,0,0
2026-04-23 02:56:33,72230544,62154,25058568,110798,21664,160,163,17944734,25223,0,0,0
2026-04-23 02:56:34,72292503,61959,25080092,110900,21626,143,163,17957347,12613,0,0,0
2026-04-23 02:56:35,72354461,61958,25101526,111021,21555,162,163,17969941,12594,0,0,0
2026-04-23 02:56:36,72415574,61113,25122647,111131,21231,154,163,17982565,12624,0,0,0
2026-04-23 02:56:38,72476559,60985,25143838,111214,21274,159,163,17995179,12614,0,0,0
2026-04-23 02:56:39,72538173,61614,25165212,111308,21468,162,163,18007806,12627,0,0,0
2026-04-23 02:56:40,72599589,61416,25186521,111401,21402,150,163,18032986,25180,0,0,0
2026-04-23 02:56:41,72661041,61452,25207824,111495,21397,157,163,18045552,12566,0,0,0
2026-04-23 02:56:42,72722854,61813,25229283,111591,21555,151,163,18058111,12559,0,0,0
2026-04-23 02:56:43,72784826,61972,25250735,111682,21543,162,163,18070700,12589,0,0,0
2026-04-23 02:56:45,72845863,61037,25271926,111783,21292,160,163,18083326,12626,0,0,0
2026-04-23 02:56:46,72907875,62012,25293413,111879,21583,151,163,18095938,12612,0,0,0
2026-04-23 02:56:47,72969332,61457,25314700,111972,21380,156,163,18121238,25300,0,0,0
2026-04-23 02:56:48,73030970,61638,25336040,112069,21437,157,163,18133880,12642,0,0,0
2026-04-23 02:56:49,73092100,61130,25357289,112161,21341,149,163,18146488,12608,0,0,0
2026-04-23 02:56:50,73153904,61804,25378752,112253,21555,162,163,18159096,12608,0,0,0
2026-04-23 02:56:52,73214292,60388,25399688,112341,21024,158,163,18171700,12604,0,0,0
2026-04-23 02:56:53,73274962,60670,25420759,112426,21156,143,163,18184329,12629,0,0,0
2026-04-23 02:56:54,73336565,61603,25442146,112509,21470,143,163,18209547,25218,0,0,0
2026-04-23 02:56:55,73397896,61331,25463458,112592,21395,162,163,18222157,12610,0,0,0
2026-04-23 02:56:56,73459931,62035,25484993,112693,21636,161,163,18234791,12634,0,0,0
2026-04-23 02:56:57,73521110,61179,25506226,112789,21329,145,163,18247389,12598,0,0,0
2026-04-23 02:56:59,73583185,62075,25527718,112885,21588,160,163,18259971,12582,0,0,0
2026-04-23 02:57:00,73642931,59746,25548439,113008,20844,150,163,18272593,12622,0,0,0
2026-04-23 02:57:01,73703932,61001,25569629,113095,21277,162,163,18297921,25328,0,0,0
2026-04-23 02:57:02,73765917,61985,25591107,113196,21579,161,163,18310602,12681,0,0,0
2026-04-23 02:57:03,73827982,62065,25612649,113286,21632,162,163,18323270,12668,0,0,0
2026-04-23 02:57:04,73889354,61372,25633982,113365,21412,162,163,18335946,12676,0,0,0
2026-04-23 02:57:06,73950104,60750,25655026,113469,21148,142,163,18348616,12670,0,0,0
2026-04-23 02:57:07,74011150,61046,25676167,113563,21235,158,163,18361301,12685,0,0,0
2026-04-23 02:57:08,74072456,61306,25697420,113638,21328,153,163,18386630,25329,0,0,0
2026-04-23 02:57:09,74134758,62302,25719050,113730,21722,159,163,18399309,12679,0,0,0
2026-04-23 02:57:10,74197150,62392,25740716,113823,21759,139,163,18412002,12693,0,0,0
2026-04-23 02:57:11,74259404,62254,25762186,113920,21567,143,163,18424701,12699,0,0,0
2026-04-23 02:57:13,74320864,61460,25783512,114025,21431,160,163,18437358,12657,0,0,0
2026-04-23 02:57:14,74382530,61666,25804847,114116,21426,156,163,18450053,12695,0,0,0
2026-04-23 02:57:15,74443195,60665,25825951,114192,21180,155,163,18462757,12704,0,0,0
2026-04-23 02:57:16,74505014,61819,25847403,114273,21533,147,163,18488245,25488,0,0,0
2026-04-23 02:57:17,74566277,61263,25868636,114360,21320,155,163,18500994,12749,0,0,0
2026-04-23 02:57:18,74628101,61824,25890065,114446,21515,162,163,18513709,12715,0,0,0
2026-04-23 02:57:19,74689326,61225,25911332,114529,21350,162,163,18526384,12675,0,0,0
2026-04-23 02:57:21,74750663,61337,25932546,114628,21313,158,163,18539067,12683,0,0,0
2026-04-23 02:57:22,74811382,60719,25953654,114725,21205,155,163,18551754,12687,0,0,0
2026-04-23 02:57:23,74873022,61640,25975000,114817,21438,159,163,18577210,25456,0,0,0
2026-04-23 02:57:24,74934336,61314,25996263,114904,21350,161,163,18589944,12734,0,0,0
2026-04-23 02:57:25,74994628,60292,26017243,114995,21071,150,163,18602712,12768,0,0,0
2026-04-23 02:57:26,75055061,60433,26038185,115086,21033,152,163,18615517,12805,0,0,0
2026-04-23 02:57:28,75115492,60431,26059218,115187,21134,149,163,18628357,12840,0,0,0
2026-04-23 02:57:29,75175847,60355,26080128,115273,20996,149,163,18641190,12833,0,0,0
2026-04-23 02:57:30,75236504,60657,26101175,115374,21148,162,163,18654020,12830,0,0,0
2026-04-23 02:57:31,75298573,62069,26122690,115466,21607,149,163,18679603,25583,0,0,0
2026-04-23 02:57:32,75361332,62759,26144394,115556,21794,152,163,18692413,12810,0,0,0
2026-04-23 02:57:33,75423391,62059,26165928,115655,21633,155,163,18705248,12835,0,0,0
2026-04-23 02:57:35,75485262,61871,26187368,115739,21524,158,163,18718049,12801,0,0,0
2026-04-23 02:57:36,75545144,59882,26208175,115831,20899,161,163,18730830,12781,0,0,0
2026-04-23 02:57:37,75606325,61181,26229413,115930,21337,158,163,18743610,12780,0,0,0
2026-04-23 02:57:38,75667703,61378,26250640,116037,21334,148,163,18769151,25541,0,0,0
2026-04-23 02:57:39,75729518,61815,26272082,116134,21539,161,163,18781886,12735,0,0,0
2026-04-23 02:57:40,75791082,61564,26293433,116224,21441,162,163,18794651,12765,0,0,0
2026-04-23 02:57:42,75852035,60953,26314598,116323,21264,162,163,18807444,12793,0,0,0
2026-04-23 02:57:43,75912626,60591,26335658,116403,21140,162,163,18820247,12803,0,0,0
2026-04-23 02:57:44,75973818,61192,26356869,116512,21320,156,163,18833063,12816,0,0,0
2026-04-23 02:57:45,76035323,61505,26378211,116599,21429,154,163,18858652,25589,0,0,0
2026-04-23 02:57:46,76096711,61388,26399522,116692,21404,162,163,18871466,12814,0,0,0
2026-04-23 02:57:47,76159566,62855,26421328,116795,21909,156,163,18884288,12822,0,0,0
2026-04-23 02:57:49,76221498,61932,26442782,116892,21551,139,163,18897120,12832,0,0,0
2026-04-23 02:57:50,76283003,61505,26464098,116977,21401,162,163,18909900,12780,0,0,0
2026-04-23 02:57:51,76343084,60081,26484953,117079,20957,154,163,18922719,12819,0,0,0
2026-04-23 02:57:52,76403643,60559,26506013,117159,21140,153,163,18948436,25717,0,0,0
2026-04-23 02:57:53,76465250,61607,26527362,117261,21451,160,163,18961265,12829,0,0,0
2026-04-23 02:57:54,76527327,62077,26548855,117366,21598,152,163,18974099,12834,0,0,0
2026-04-23 02:57:56,76588564,61237,26570120,117450,21349,153,163,18986973,12874,0,0,0
2026-04-23 02:57:57,76649665,61101,26591298,117533,21261,157,163,18999903,12930,0,0,0
2026-04-23 02:57:58,76709608,59943,26612084,117634,20887,145,163,19012835,12932,0,0,0
2026-04-23 02:57:59,76771724,62116,26633612,117733,21627,160,163,19038646,25811,0,0,0
2026-04-23 02:58:00,76832928,61204,26654900,117825,21380,161,163,19051539,12893,0,0,0
2026-04-23 02:58:01,76895448,62520,26676526,117913,21714,156,163,19064459,12920,0,0,0
2026-04-23 02:58:03,76955973,60525,26697484,118025,21070,162,163,19077367,12908,0,0,0
2026-04-23 02:58:04,77015837,59864,26718337,118137,20965,162,163,19090273,12906,0,0,0
2026-04-23 02:58:05,77076404,60567,26739362,118229,21117,161,163,19103161,12888,0,0,0
2026-04-23 02:58:06,77137840,61436,26760637,118322,21368,146,163,19128966,25805,0,0,0
2026-04-23 02:58:07,77199015,61175,26781848,118420,21309,162,163,19141849,12883,0,0,0
2026-04-23 02:58:08,77260747,61732,26803278,118530,21540,161,163,19154766,12917,0,0,0
2026-04-23 02:58:10,77323027,62280,26824836,118657,21685,161,163,19167656,12890,0,0,0
2026-04-23 02:58:11,77384407,61380,26846118,118765,21390,162,163,19180555,12899,0,0,0
2026-04-23 02:58:12,77445294,60887,26867242,118859,21218,160,163,19193420,12865,0,0,0
2026-04-23 02:58:13,77506324,61030,26888371,118950,21220,155,163,19219279,25859,0,0,0
2026-04-23 02:58:14,77567711,61387,26909663,119035,21377,161,163,19232231,12952,0,0,0
2026-04-23 02:58:15,77628405,60694,26930739,119137,21178,162,163,19245215,12984,0,0,0
2026-04-23 02:58:16,77684892,56487,26950374,119204,19702,153,163,19258234,13019,0,0,0
2026-04-23 02:58:18,77745426,60534,26971354,119305,21081,153,163,19271259,13025,0,0,0
2026-04-23 02:58:19,77805001,59575,26992011,119417,20769,159,163,19284287,13028,0,0,0
2026-04-23 02:58:20,77865247,60246,27012947,119491,21010,150,163,19310346,26059,0,0,0
2026-04-23 02:58:21,77926752,61505,27034271,119588,21421,160,163,19323432,13086,0,0,0
2026-04-23 02:58:22,77988148,61396,27055534,119688,21363,161,163,19336480,13048,0,0,0
2026-04-23 02:58:23,78049840,61692,27076927,119777,21482,146,163,19349560,13080,0,0,0
2026-04-23 02:58:25,78110666,60826,27098014,119867,21177,158,163,19362668,13108,0,0,0
2026-04-23 02:58:26,78171793,61127,27119244,119956,21319,162,163,19375803,13135,0,0,0
2026-04-23 02:58:27,78232918,61125,27140437,120046,21283,155,163,19402005,26202,0,0,0
2026-04-23 02:58:28,78294518,61600,27161786,120137,21440,143,163,19415091,13086,0,0,0
2026-04-23 02:58:29,78355869,61351,27183057,120230,21364,155,163,19428196,13105,0,0,0
2026-04-23 02:58:30,78417936,62067,27204564,120330,21607,160,163,19441313,13117,0,0,0
2026-04-23 02:58:32,78478215,60279,27225531,120409,21046,162,163,19454389,13076,0,0,0
2026-04-23 02:58:33,78538145,59930,27246296,120495,20851,143,163,19467496,13107,0,0,0
2026-04-23 02:58:34,78599421,61276,27267597,120589,21395,147,163,19493761,26265,0,0,0
2026-04-23 02:58:35,78659899,60478,27288614,120672,21100,154,163,19506897,13136,0,0,0
2026-04-23 02:58:36,78721049,61150,27309792,120758,21264,138,163,19520010,13113,0,0,0
2026-04-23 02:58:37,78782104,61055,27330984,120845,21279,162,163,19533073,13063,0,0,0
2026-04-23 02:58:39,78843125,61021,27352202,120931,21304,157,163,19546164,13091,0,0,0
2026-04-23 02:58:40,78903472,60347,27373168,121027,21062,155,163,19559280,13116,0,0,0
2026-04-23 02:58:41,78964180,60708,27394186,121127,21118,162,163,19572393,13113,0,0,0
2026-04-23 02:58:42,79025458,61278,27415455,121219,21361,160,163,19598682,26289,0,0,0
2026-04-23 02:58:43,79086610,61152,27436670,121318,21314,161,163,19611856,13174,0,0,0
2026-04-23 02:58:44,79148421,61811,27458078,121413,21503,157,163,19625064,13208,0,0,0
2026-04-23 02:58:46,79209616,61195,27479315,121503,21327,156,163,19638258,13194,0,0,0
2026-04-23 02:58:47,79270914,61298,27500606,121600,21388,161,163,19651461,13203,0,0,0
2026-04-23 02:58:48,79332250,61336,27521846,121695,21335,155,163,19664643,13182,0,0,0
2026-04-23 02:58:49,79394331,62081,27543384,121791,21634,159,163,19690948,26305,0,0,0
2026-04-23 02:58:50,79456583,62252,27564920,121874,21619,146,163,19704122,13174,0,0,0
2026-04-23 02:58:51,79518188,61605,27586295,121954,21455,155,163,19717377,13255,0,0,0
2026-04-23 02:58:53,79579072,60884,27607417,122057,21225,156,163,19730637,13260,0,0,0
2026-04-23 02:58:54,79639308,60236,27628390,122148,21064,160,163,19743902,13265,0,0,0
2026-04-23 02:58:55,79699831,60523,27649380,122234,21076,162,163,19757166,13264,0,0,0
2026-04-23 02:58:56,79761600,61769,27670754,122317,21457,159,163,19783761,26595,0,0,0
2026-04-23 02:58:57,79822234,60634,27691790,122404,21123,162,163,19797080,13319,0,0,0
2026-04-23 02:58:58,79884005,61771,27713226,122484,21516,162,163,19810369,13289,0,0,0
2026-04-23 02:58:59,79944908,60903,27734347,122576,21213,162,163,19823689,13320,0,0,0
2026-04-23 02:59:01,80004717,59809,27755116,122679,20872,162,163,19836971,13282,0,0,0
2026-04-23 02:59:02,80065421,60704,27776137,122779,21121,157,163,19850277,13306,0,0,0
2026-04-23 02:59:03,80125362,59941,27796972,122871,20927,162,163,19876874,26597,0,0,0
2026-04-23 02:59:04,80185558,60196,27817862,122968,20987,145,163,19890190,13316,0,0,0
2026-04-23 02:59:05,80243816,58258,27838095,123047,20312,140,163,19903539,13349,0,0,0
2026-04-23 02:59:06,80303751,59935,27858936,123130,20924,162,163,19916867,13328,0,0,0
2026-04-23 02:59:08,80364431,60680,27879999,123213,21146,159,163,19930134,13267,0,0,0
2026-04-23 02:59:09,80425903,61472,27901311,123312,21411,160,163,19943409,13275,0,0,0
2026-04-23 02:59:10,80486675,60772,27922355,123415,21147,154,163,19956724,13315,0,0,0
2026-04-23 02:59:11,80548660,61985,27943834,123521,21585,154,163,19983483,26759,0,0,0
2026-04-23 02:59:12,80609654,60994,27965008,123634,21287,145,163,19996856,13373,0,0,0
2026-04-23 02:59:13,80670789,61135,27986194,123725,21277,157,163,20010263,13407,0,0,0
2026-04-23 02:59:15,80731778,60989,28007378,123813,21272,159,163,20023685,13422,0,0,0
2026-04-23 02:59:16,80792603,60825,28028440,123922,21171,149,163,20037090,13405,0,0,0
2026-04-23 02:59:17,80854219,61616,28049837,124009,21484,156,163,20050484,13394,0,0,0
2026-04-23 02:59:18,80916013,61794,28071230,124113,21497,162,163,20077195,26711,0,0,0
2026-04-23 02:59:19,80977116,61103,28092396,124220,21273,157,163,20090564,13369,0,0,0
2026-04-23 02:59:20,81037416,60300,28113357,124291,21032,162,163,20104012,13448,0,0,0
2026-04-23 02:59:22,81098258,60842,28134515,124390,21257,162,163,20117477,13465,0,0,0
2026-04-23 02:59:23,81158934,60676,28155583,124474,21152,151,163,20130961,13484,0,0,0
2026-04-23 02:59:24,81220608,61674,28176970,124553,21466,162,163,20144475,13514,0,0,0
2026-04-23 02:59:25,81282409,61801,28198372,124655,21504,161,163,20171554,27079,0,0,0
2026-04-23 02:59:26,81343527,61118,28219588,124731,21292,131,163,20185092,13538,0,0,0
2026-04-23 02:59:27,81404122,60595,28240685,124824,21190,162,163,20198629,13537,0,0,0
2026-04-23 02:59:29,81465376,61254,28261917,124917,21325,162,163,20212193,13564,0,0,0
2026-04-23 02:59:30,81526540,61164,28283128,124990,21284,162,163,20225737,13544,0,0,0
2026-04-23 02:59:31,81586816,60276,28304025,125088,20995,155,163,20239265,13528,0,0,0
2026-04-23 02:59:32,81647313,60497,28325058,125192,21137,162,163,20266255,26990,0,0,0
2026-04-23 02:59:33,81708654,61341,28346282,125298,21330,160,163,20279745,13490,0,0,0
2026-04-23 02:59:34,81767956,59302,28366916,125383,20719,162,163,20293236,13491,0,0,0
2026-04-23 02:59:35,81827800,59844,28387614,125480,20795,141,163,20306734,13498,0,0,0
2026-04-23 02:59:37,81883136,55336,28406854,125583,19343,162,163,20320179,13445,0,0,0
2026-04-23 02:59:38,81938532,55396,28426070,125655,19288,156,163,20333635,13456,0,0,0
2026-04-23 02:59:39,81998734,60202,28446873,125739,20887,157,163,20347096,13461,0,0,0
2026-04-23 02:59:40,82058210,59476,28467506,125849,20743,155,163,20374119,27023,0,0,0
2026-04-23 02:59:41,82118688,60478,28488472,125939,21056,162,163,20387636,13517,0,0,0
2026-04-23 02:59:42,82179509,60821,28509638,126019,21246,158,163,20401141,13505,0,0,0
2026-04-23 02:59:44,82240512,61003,28530764,126112,21219,159,163,20414642,13501,0,0,0
2026-04-23 02:59:45,82299709,59197,28551336,126199,20659,149,163,20428123,13481,0,0,0
2026-04-23 02:59:46,82360463,60754,28572423,126303,21191,147,163,20441628,13505,0,0,0
2026-04-23 02:59:47,82421833,61370,28593764,126385,21423,156,163,20468679,27051,0,0,0
2026-04-23 02:59:48,82481802,59969,28614593,126480,20924,149,163,20482200,13521,0,0,0
2026-04-23 02:59:49,82542503,60701,28635659,126569,21155,162,163,20495692,13492,0,0,0
2026-04-23 02:59:51,82604321,61818,28657085,126661,21518,143,163,20509153,13461,0,0,0
2026-04-23 02:59:52,82664122,59801,28677845,126759,20858,152,163,20522687,13534,0,0,0
2026-04-23 02:59:53,82718826,54704,28696798,126842,19036,141,163,20536210,13523,0,0,0
2026-04-23 02:59:54,82778667,59841,28717522,126931,20813,160,163,20563258,27048,0,0,0
2026-04-23 02:59:55,82837303,58636,28737899,127015,20461,155,163,20576743,13485,0,0,0
2026-04-23 02:59:56,82899283,61980,28759401,127106,21593,154,163,20590252,13509,0,0,0
2026-04-23 02:59:58,82959201,59918,28780167,127205,20865,152,163,20603783,13531,0,0,0
2026-04-23 02:59:59,83019798,60597,28801152,127311,21091,156,163,20617262,13479,0,0,0
2026-04-23 03:00:00,83081194,61396,28822429,127402,21368,159,163,20630742,13480,0,0,0
2026-04-23 03:00:01,83142647,61453,28843768,127499,21436,144,163,20657665,26923,0,0,0
2026-04-23 03:00:02,83204219,61572,28865169,127588,21490,150,163,20671151,13486,0,0,0
2026-04-23 03:00:03,83265334,61115,28886330,127677,21250,151,163,20684644,13493,0,0,0
2026-04-23 03:00:04,83326491,61157,28907585,127772,21350,162,163,20698105,13461,0,0,0
2026-04-23 03:00:06,83387558,61067,28928757,127860,21260,152,163,20711567,13462,0,0,0
2026-04-23 03:00:07,83448566,61008,28949887,127935,21205,146,163,20725052,13485,0,0,0
2026-04-23 03:00:08,83508550,59984,28970693,128039,20910,161,163,20738539,13487,0,0,0
2026-04-23 03:00:09,83569914,61364,28991985,128119,21372,156,163,20765436,26897,0,0,0
2026-04-23 03:00:10,83632050,62136,29013489,128207,21592,155,163,20778865,13429,0,0,0
2026-04-23 03:00:11,83692531,60481,29034518,128307,21129,157,163,20792258,13393,0,0,0
2026-04-23 03:00:13,83753687,61156,29055680,128412,21267,153,163,20805679,13421,0,0,0
2026-04-23 03:00:14,83813800,60113,29076549,128506,20963,158,163,20819095,13416,0,0,0
2026-04-23 03:00:15,83873942,60142,29097408,128598,20951,160,163,20832539,13444,0,0,0
2026-04-23 03:00:16,83934477,60535,29118473,128675,21142,162,163,20859369,26830,0,0,0
2026-04-23 03:00:17,83995543,61066,29139618,128776,21246,146,163,20872746,13377,0,0,0
2026-04-23 03:00:18,84056231,60688,29160693,128855,21154,161,163,20886126,13380,0,0,0
2026-04-23 03:00:20,84116737,60506,29181719,128941,21112,159,163,20899531,13405,0,0,0
2026-04-23 03:00:21,84177310,60573,29202698,129022,21060,160,163,20912949,13418,0,0,0
2026-04-23 03:00:22,84238215,60905,29223828,129130,21238,162,163,20926377,13428,0,0,0
2026-04-23 03:00:23,84299098,60883,29244919,129241,21202,162,163,20953133,26756,0,0,0
2026-04-23 03:00:24,84358865,59767,29265616,129315,20771,135,163,20966504,13371,0,0,0
2026-04-23 03:00:25,84419091,60226,29286530,129387,20986,150,163,20979908,13404,0,0,0
2026-04-23 03:00:27,84479857,60766,29307581,129480,21144,150,163,20993296,13388,0,0,0
2026-04-23 03:00:28,84539977,60120,29328502,129571,21012,153,163,21006656,13360,0,0,0
2026-04-23 03:00:29,84601069,61092,29349673,129669,21269,160,163,21020043,13387,0,0,0
2026-04-23 03:00:30,84663292,62223,29371257,129752,21667,155,163,21046850,26807,0,0,0
2026-04-23 03:00:31,84724648,61356,29392549,129839,21379,157,163,21060303,13453,0,0,0
2026-04-23 03:00:32,84785417,60769,29413660,129936,21208,162,163,21073730,13427,0,0,0
2026-04-23 03:00:34,84847302,61885,29435084,130023,21511,156,163,21087132,13402,0,0,0
2026-04-23 03:00:35,84907853,60551,29456082,130127,21102,142,163,21100501,13369,0,0,0
2026-04-23 03:00:36,84969325,61472,29477386,130217,21394,152,163,21113837,13336,0,0,0
2026-04-23 03:00:37,85030913,61588,29498690,130317,21404,159,163,21140479,26642,0,0,0
2026-04-23 03:00:38,85091529,60616,29519689,130420,21102,155,163,21153851,13372,0,0,0
2026-04-23 03:00:39,85151036,59507,29540370,130508,20769,162,163,21167204,13353,0,0,0
2026-04-23 03:00:41,85209080,58044,29560497,130599,20218,162,163,21180544,13340,0,0,0
2026-04-23 03:00:42,85265818,56738,29580170,130703,19777,154,163,21193883,13339,0,0,0
2026-04-23 03:00:43,85324394,58576,29600462,130791,20380,158,163,21207242,13359,0,0,0
2026-04-23 03:00:44,85380063,55669,29619794,130861,19402,157,163,21220632,13390,0,0,0
2026-04-23 03:00:45,85439289,59226,29640374,130946,20665,162,163,21247361,26729,0,0,0
2026-04-23 03:00:46,85500780,61491,29661676,131039,21395,161,163,21260653,13292,0,0,0
2026-04-23 03:00:47,85558965,58185,29681834,131137,20256,152,163,21273922,13269,0,0,0
2026-04-23 03:00:49,85618710,59745,29702569,131228,20826,162,163,21287194,13272,0,0,0
2026-04-23 03:00:50,85679838,61128,29723775,131330,21308,162,163,21300490,13296,0,0,0
2026-04-23 03:00:51,85739610,59772,29744511,131416,20822,162,163,21313758,13268,0,0,0
2026-04-23 03:00:52,85801490,61880,29765956,131491,21520,160,163,21340174,26416,0,0,0
2026-04-23 03:00:53,85863216,61726,29787402,131584,21539,139,163,21353385,13211,0,0,0
2026-04-23 03:00:54,85924414,61198,29808564,131683,21261,150,163,21366606,13221,0,0,0
2026-04-23 03:00:56,85984668,60254,29829483,131774,21010,158,163,21379810,13204,0,0,0
2026-04-23 03:00:57,86045517,60849,29850584,131862,21189,153,163,21393045,13235,0,0,0
2026-04-23 03:00:58,86105281,59764,29871327,131959,20840,162,163,21406274,13229,0,0,0
2026-04-23 03:00:59,86165326,60045,29892167,132051,20932,148,163,21432728,26454,0,0,0
2026-04-23 03:01:00,86225670,60344,29913095,132157,21034,163,163,21445960,13232,0,0,0
2026-04-23 03:01:01,86286315,60645,29934155,132251,21154,161,163,21459211,13251,0,0,0
2026-04-23 03:01:03,86347361,61046,29955302,132349,21245,158,163,21472449,13238,0,0,0
2026-04-23 03:01:04,86406571,59210,29975907,132436,20692,152,163,21485700,13251,0,0,0
2026-04-23 03:01:05,86466063,59492,29996545,132524,20726,159,163,21498870,13170,0,0,0
2026-04-23 03:01:06,86526078,60015,30017362,132605,20898,145,163,21525207,26337,0,0,0
2026-04-23 03:01:07,86588023,61945,30038802,132694,21529,162,163,21538401,13194,0,0,0
2026-04-23 03:01:08,86648756,60733,30059918,132786,21208,157,163,21551607,13206,0,0,0
2026-04-23 03:01:09,86710091,61335,30081203,132877,21376,160,163,21564805,13198,0,0,0
2026-04-23 03:01:11,86771135,61044,30102405,132962,21287,156,163,21578019,13214,0,0,0
2026-04-23 03:01:12,86832325,61190,30123640,133077,21350,151,163,21591231,13212,0,0,0
2026-04-23 03:01:13,86894223,61898,30145036,133181,21500,160,163,21604472,13241,0,0,0
2026-04-23 03:01:14,86955479,61256,30166311,133280,21374,162,163,21630932,26460,0,0,0
2026-04-23 03:01:15,87015966,60487,30187277,133378,21064,148,163,21644128,13196,0,0,0
2026-04-23 03:01:16,87078120,62154,30208800,133502,21647,154,163,21657359,13231,0,0,0
2026-04-23 03:01:18,87138924,60804,30229867,133587,21152,159,163,21670580,13221,0,0,0
2026-04-23 03:01:19,87198856,59932,30250767,133669,20982,162,163,21683763,13183,0,0,0
2026-04-23 03:01:20,87259822,60966,30271921,133755,21240,162,163,21696911,13148,0,0,0
2026-04-23 03:01:21,87320545,60723,30292983,133849,21156,152,163,21723256,26345,0,0,0
2026-04-23 03:01:22,87382602,62057,30314486,133957,21611,160,163,21736442,13186,0,0,0
2026-04-23 03:01:23,87444262,61660,30335818,134065,21440,162,163,21749635,13193,0,0,0
2026-04-23 03:01:25,87505744,61482,30357191,134167,21475,162,163,21762817,13182,0,0,0
2026-04-23 03:01:26,87567159,61415,30378441,134275,21358,153,163,21776022,13205,0,0,0
2026-04-23 03:01:27,87628598,61439,30399710,134369,21363,161,163,21789189,13167,0,0,0
2026-04-23 03:01:28,87689814,61216,30420916,134470,21307,162,163,21815525,26336,0,0,0
2026-04-23 03:01:29,87751003,61189,30442133,134566,21313,141,163,21828727,13202,0,0,0
2026-04-23 03:01:30,87812273,61270,30463387,134657,21345,159,163,21841905,13178,0,0,0
2026-04-23 03:01:32,87874443,62170,30484978,134741,21675,157,163,21855044,13139,0,0,0
2026-04-23 03:01:33,87935424,60981,30506166,134831,21278,155,163,21868164,13120,0,0,0
2026-04-23 03:01:34,87996003,60579,30527169,134926,21098,155,163,21881289,13125,0,0,0
2026-04-23 03:01:35,88057566,61563,30548509,135016,21430,155,163,21907599,26310,0,0,0
2026-04-23 03:01:36,88119196,61630,30569968,135101,21544,150,163,21920763,13164,0,0,0
2026-04-23 03:01:37,88181024,61828,30591418,135186,21535,150,163,21933910,13147,0,0,0
2026-04-23 03:01:39,88243774,62750,30613212,135290,21898,152,163,21947076,13166,0,0,0
2026-04-23 03:01:40,88304882,61108,30634372,135379,21249,158,163,21960227,13151,0,0,0
2026-04-23 03:01:41,88367158,62276,30655950,135469,21668,156,163,21973356,13129,0,0,0
2026-04-23 03:01:42,88427257,60099,30676851,135549,20981,162,163,21999590,26234,0,0,0
2026-04-23 03:01:43,88488414,61157,30698117,135644,21361,162,163,22012722,13132,0,0,0
2026-04-23 03:01:44,88549260,60846,30719208,135740,21187,141,163,22025851,13129,0,0,0
2026-04-23 03:01:46,88610739,61479,30740517,135835,21404,160,163,22038983,13132,0,0,0
2026-04-23 03:01:47,88671491,60752,30761596,135945,21189,148,163,22052080,13097,0,0,0
2026-04-23 03:01:48,88731723,60232,30782414,136061,20934,156,163,22065187,13107,0,0,0
2026-04-23 03:01:49,88793404,61681,30803774,136155,21454,149,163,22091433,26246,0,0,0
2026-04-23 03:01:50,88855705,62301,30825399,136243,21713,152,163,22104609,13176,0,0,0
2026-04-23 03:01:51,88916540,60835,30846523,136352,21233,140,163,22117760,13151,0,0,0
2026-04-23 03:01:53,88977858,61318,30867791,136453,21369,150,163,22130910,13150,0,0,0
2026-04-23 03:01:54,89039799,61941,30889251,136560,21567,161,163,22144042,13132,0,0,0
2026-04-23 03:01:55,89100428,60629,30910281,136652,21122,154,163,22157218,13176,0,0,0
2026-04-23 03:01:56,89161414,60986,30931420,136746,21233,162,163,22170374,13156,0,0,0
2026-04-23 03:01:57,89222476,61062,30952591,136851,21276,145,163,22196596,26222,0,0,0
2026-04-23 03:01:58,89284566,62090,30974094,136958,21610,161,163,22209661,13065,0,0,0
2026-04-23 03:01:59,89346004,61438,30995412,137060,21420,160,163,22222748,13087,0,0,0
2026-04-23 03:02:01,89407211,61207,31016662,137155,21345,160,163,22235838,13090,0,0,0
2026-04-23 03:02:02,89467994,60783,31037741,137243,21167,162,163,22248977,13139,0,0,0
2026-04-23 03:02:03,89530237,62243,31059313,137327,21656,161,163,22262126,13149,0,0,0
2026-04-23 03:02:04,89591864,61627,31080648,137425,21433,147,163,22288497,26371,0,0,0
2026-04-23 03:02:05,89653655,61791,31102106,137507,21540,162,163,22301650,13153,0,0,0
2026-04-23 03:02:06,89715688,62033,31123596,137614,21597,162,163,22314778,13128,0,0,0
2026-04-23 03:02:08,89776349,60661,31144646,137703,21139,162,163,22327913,13135,0,0,0
2026-04-23 03:02:09,89838150,61801,31166022,137802,21475,158,163,22341033,13120,0,0,0
2026-04-23 03:02:10,89899311,61161,31187253,137899,21328,161,163,22354142,13109,0,0,0
2026-04-23 03:02:11,89959223,59912,31208017,137992,20857,154,163,22380379,26237,0,0,0
2026-04-23 03:02:12,90020317,61094,31229278,138084,21353,141,163,22393497,13118,0,0,0
2026-04-23 03:02:13,90081695,61378,31250570,138197,21405,162,163,22406605,13108,0,0,0
2026-04-23 03:02:15,90142147,60452,31271531,138285,21049,160,163,22419713,13108,0,0,0
2026-04-23 03:02:16,90203172,61025,31292773,138371,21328,148,163,22432807,13094,0,0,0
2026-04-23 03:02:17,90264584,61412,31314008,138461,21325,162,163,22445919,13112,0,0,0
2026-04-23 03:02:18,90325354,60770,31335041,138569,21141,153,163,22459038,13119,0,0,0
2026-04-23 03:02:19,90386979,61625,31356442,138659,21491,146,163,22485228,26190,0,0,0
2026-04-23 03:02:20,90448335,61356,31377687,138741,21327,156,163,22498323,13095,0,0,0
2026-04-23 03:02:22,90509948,61613,31399095,138825,21492,158,163,22511448,13125,0,0,0
2026-04-23 03:02:23,90572069,62121,31420599,138913,21592,155,163,22524561,13113,0,0,0
2026-04-23 03:02:24,90633552,61483,31441973,138998,21459,162,163,22537647,13086,0,0,0
2026-04-23 03:02:25,90695432,61880,31463410,139097,21536,155,163,22550691,13044,0,0,0
2026-04-23 03:02:26,90758419,62987,31485191,139186,21870,151,163,22576893,26202,0,0,0
2026-04-23 03:02:27,90819392,60973,31506385,139286,21294,161,163,22590040,13147,0,0,0
2026-04-23 03:02:29,90881762,62370,31528008,139386,21723,149,163,22603180,13140,0,0,0
2026-04-23 03:02:30,90943025,61263,31549276,139495,21377,161,163,22616288,13108,0,0,0
2026-04-23 03:02:31,91004015,60990,31570500,139591,21320,124,163,22629412,13124,0,0,0
2026-04-23 03:02:32,91065713,61698,31591866,139672,21447,156,163,22642569,13157,0,0,0
2026-04-23 03:02:33,91127189,61476,31613181,139770,21413,162,163,22668873,26304,0,0,0
2026-04-23 03:02:34,91189232,62043,31634658,139854,21561,140,163,22681978,13105,0,0,0
2026-04-23 03:02:35,91249581,60349,31655617,139944,21049,150,163,22695099,13121,0,0,0
2026-04-23 03:02:37,91310854,61273,31676930,140025,21394,161,163,22708219,13120,0,0,0
2026-04-23 03:02:38,91373353,62499,31698550,140114,21709,161,163,22721381,13162,0,0,0
2026-04-23 03:02:39,91434028,60675,31719673,140195,21204,162,163,22734527,13146,0,0,0
2026-04-23 03:02:40,91495437,61409,31740969,140268,21369,162,163,22760781,26254,0,0,0
2026-04-23 03:02:41,91556410,60973,31762098,140371,21232,150,163,22773926,13145,0,0,0
2026-04-23 03:02:42,91618266,61856,31783581,140452,21564,151,163,22787053,13127,0,0,0
2026-04-23 03:02:44,91679388,61122,31804774,140542,21283,159,163,22800196,13143,0,0,0
2026-04-23 03:02:45,91741158,61770,31826220,140623,21527,161,163,22813307,13111,0,0,0
2026-04-23 03:02:46,91802439,61281,31847470,140715,21342,160,163,22826422,13115,0,0,0
2026-04-23 03:02:47,91862894,60455,31868463,140791,21069,159,163,22852672,26250,0,0,0
2026-04-23 03:02:48,91924858,61964,31889926,140890,21562,162,163,22865827,13155,0,0,0
2026-04-23 03:02:49,91986202,61344,31911229,140981,21394,161,163,22878998,13171,0,0,0
2026-04-23 03:02:51,92046035,59833,31932063,141049,20902,149,163,22892136,13138,0,0,0
2026-04-23 03:02:52,92109175,63140,31953863,141153,21904,155,163,22905256,13120,0,0,0
2026-04-23 03:02:53,92169553,60378,31974913,141235,21132,134,163,22918384,13128,0,0,0
2026-04-23 03:02:54,92231075,61522,31996232,141332,21416,162,163,22944753,26369,0,0,0
2026-04-23 03:02:55,92292688,61613,32017569,141433,21438,145,163,22957923,13170,0,0,0
2026-04-23 03:02:56,92354854,62166,32039083,141521,21602,152,163,22971072,13149,0,0,0
2026-04-23 03:02:58,92417005,62151,32060617,141613,21626,161,163,22984180,13108,0,0,0
2026-04-23 03:02:59,92478830,61825,32082075,141711,21556,158,163,22997242,13062,0,0,0
2026-04-23 03:03:00,92539319,60489,32103081,141799,21094,162,163,23010344,13102,0,0,0
2026-04-23 03:03:01,92600959,61640,32124530,141883,21533,162,163,23023473,13129,0,0,0
2026-04-23 03:03:02,92662606,61647,32145832,141983,21402,161,163,23049792,26319,0,0,0
2026-04-23 03:03:03,92724856,62250,32167433,142070,21688,158,163,23062943,13151,0,0,0
2026-04-23 03:03:05,92786030,61174,32188624,142176,21297,158,163,23076089,13146,0,0,0
2026-04-23 03:03:06,92847245,61215,32209848,142286,21334,158,163,23089251,13162,0,0,0
2026-04-23 03:03:07,92907194,59949,32230628,142376,20870,161,163,23102418,13167,0,0,0
2026-04-23 03:03:08,92967628,60434,32251592,142467,21055,151,163,23115590,13172,0,0,0
2026-04-23 03:03:09,93029178,61550,32272961,142564,21466,153,163,23141864,26274,0,0,0
2026-04-23 03:03:10,93090353,61175,32294208,142646,21329,150,163,23155023,13159,0,0,0
2026-04-23 03:03:11,93151209,60856,32315362,142743,21251,152,163,23168193,13170,0,0,0
2026-04-23 03:03:13,93212157,60948,32336469,142866,21230,160,163,23181385,13192,0,0,0
2026-04-23 03:03:14,93272625,60468,32357452,142961,21078,158,163,23194544,13159,0,0,0
2026-04-23 03:03:15,93332671,60046,32378296,143064,20947,154,163,23207708,13164,0,0,0
2026-04-23 03:03:16,93393222,60551,32399360,143146,21146,149,163,23234112,26404,0,0,0
2026-04-23 03:03:17,93453550,60328,32420348,143236,21078,162,163,23247313,13201,0,0,0
2026-04-23 03:03:18,93514074,60524,32441398,143322,21136,155,163,23260479,13166,0,0,0
2026-04-23 03:03:20,93575905,61831,32462845,143406,21531,159,163,23273657,13178,0,0,0
2026-04-23 03:03:21,93637228,61323,32484115,143507,21371,156,163,23286865,13208,0,0,0
2026-04-23 03:03:22,93697763,60535,32505134,143603,21115,155,163,23300074,13209,0,0,0
2026-04-23 03:03:23,93756637,58874,32525557,143687,20507,162,163,23326429,26355,0,0,0
2026-04-23 03:03:24,93816936,60299,32546471,143789,21016,154,163,23339585,13156,0,0,0
2026-04-23 03:03:25,93877736,60800,32567543,143883,21166,154,163,23352723,13138,0,0,0
2026-04-23 03:03:27,93939229,61493,32588864,143970,21408,148,163,23365870,13147,0,0,0
2026-04-23 03:03:28,94000749,61520,32610226,144066,21458,162,163,23379025,13155,0,0,0
2026-04-23 03:03:29,94061917,61168,32631431,144146,21285,162,163,23392194,13169,0,0,0
2026-04-23 03:03:30,94122452,60535,32652390,144237,21050,156,163,23405374,13180,0,0,0
2026-04-23 03:03:31,94183110,60658,32673470,144323,21166,159,163,23431780,26406,0,0,0
2026-04-23 03:03:32,94243614,60504,32694505,144403,21115,153,163,23444991,13211,0,0,0
2026-04-23 03:03:34,94305384,61770,32715926,144499,21517,148,163,23458221,13230,0,0,0
2026-04-23 03:03:35,94367654,62270,32737471,144621,21667,158,163,23471469,13248,0,0,0
2026-04-23 03:03:36,94427592,59938,32758279,144718,20905,161,163,23484699,13230,0,0,0
2026-04-23 03:03:37,94488475,60883,32779425,144799,21227,155,163,23497922,13223,0,0,0
2026-04-23 03:03:38,94549124,60649,32800467,144894,21137,161,163,23524349,26427,0,0,0
2026-04-23 03:03:39,94609634,60510,32821524,144974,21137,155,163,23537578,13229,0,0,0
2026-04-23 03:03:41,94670437,60803,32842666,145045,21213,154,163,23550804,13226,0,0,0
2026-04-23 03:03:42,94731262,60825,32863794,145141,21224,161,163,23564064,13260,0,0,0
2026-04-23 03:03:43,94791794,60532,32884750,145221,21036,154,163,23577317,13253,0,0,0
2026-04-23 03:03:44,94852132,60338,32905713,145324,21066,162,163,23590589,13272,0,0,0
2026-04-23 03:03:45,94913139,61007,32926862,145419,21244,139,163,23617104,26515,0,0,0
2026-04-23 03:03:46,94974077,60938,32948020,145502,21241,161,163,23630349,13245,0,0,0
2026-04-23 03:03:47,95035108,61031,32969222,145586,21286,142,163,23643565,13216,0,0,0
2026-04-23 03:03:49,95096189,61081,32990355,145683,21230,158,163,23656800,13235,0,0,0
2026-04-23 03:03:50,95156878,60689,33011436,145764,21162,152,163,23670045,13245,0,0,0
2026-04-23 03:03:51,95217965,61087,33032618,145856,21274,160,163,23683293,13248,0,0,0
2026-04-23 03:03:52,95278478,60513,33053630,145960,21116,162,163,23709778,26485,0,0,0
2026-04-23 03:03:53,95338897,60419,33074547,146069,21026,151,163,23723005,13227,0,0,0
2026-04-23 03:03:54,95399207,60310,33095512,146161,21057,162,163,23736241,13236,0,0,0
2026-04-23 03:03:56,95457917,58710,33115861,146257,20445,159,163,23749506,13265,0,0,0
2026-04-23 03:03:57,95516375,58458,33136115,146345,20342,162,163,23762786,13280,0,0,0
2026-04-23 03:03:58,95576798,60423,33157080,146440,21060,157,163,23776054,13268,0,0,0
2026-04-23 03:03:59,95637762,60964,33178151,146538,21169,157,163,23789334,13280,0,0,0
2026-04-23 03:04:00,95698390,60628,33199239,146623,21173,160,163,23815846,26512,0,0,0
2026-04-23 03:04:01,95759146,60756,33220302,146699,21139,147,163,23829106,13260,0,0,0
2026-04-23 03:04:03,95818961,59815,33241044,146798,20841,159,163,23842382,13276,0,0,0
2026-04-23 03:04:04,95878132,59171,33261569,146890,20617,161,163,23855727,13345,0,0,0
2026-04-23 03:04:05,95937538,59406,33282193,146973,20707,154,163,23869021,13294,0,0,0
2026-04-23 03:04:06,95995211,57673,33302222,147064,20120,155,163,23882286,13265,0,0,0
2026-04-23 03:04:07,96054461,59250,33322713,147147,20574,152,163,23908733,26447,0,0,0
2026-04-23 03:04:09,96139474,85013,33352217,147299,29656,157,163,23921979,13246,0,0,0
2026-04-23 03:04:10,96194689,55215,33371331,147388,19203,162,163,23935246,13267,0,0,0
2026-04-23 03:04:11,96252970,58281,33391571,147463,20315,161,163,23948516,13270,0,0,0
2026-04-23 03:04:12,96306142,53172,33410011,147550,18527,162,163,23975072,26556,0,0,0
2026-04-23 03:04:13,96364287,58145,33430089,147652,20180,155,163,23988342,13270,0,0,0
2026-04-23 03:04:15,96421646,57359,33450030,147739,20028,144,163,24001615,13273,0,0,0
2026-04-23 03:04:16,96479590,57944,33470127,147835,20193,151,163,24014913,13298,0,0,0
2026-04-23 03:04:17,96538693,59103,33490653,147929,20620,161,163,24028181,13268,0,0,0
2026-04-23 03:04:18,96600049,61356,33511863,148038,21319,159,163,24041429,13248,0,0,0
2026-04-23 03:04:19,96660023,59974,33532750,148125,20974,161,163,24067863,26434,0,0,0
2026-04-23 03:04:20,96721021,60998,33553907,148213,21245,156,163,24081054,13191,0,0,0
2026-04-23 03:04:21,96782386,61365,33575204,148307,21391,158,163,24094223,13169,0,0,0
2026-04-23 03:04:23,96843877,61491,33596515,148411,21415,162,163,24107384,13161,0,0,0
2026-04-23 03:04:24,96905752,61875,33617944,148493,21511,161,163,24120579,13195,0,0,0
2026-04-23 03:04:25,96965715,59963,33638787,148574,20924,162,163,24133792,13213,0,0,0
2026-04-23 03:04:26,97025691,59976,33659626,148681,20946,162,163,24160193,26401,0,0,0
2026-04-23 03:04:27,97086926,61235,33680812,148776,21281,153,163,24173371,13178,0,0,0
2026-04-23 03:04:28,97149051,62125,33702297,148878,21587,145,163,24186547,13176,0,0,0
2026-04-23 03:04:30,97210466,61415,33723597,148974,21396,161,163,24199753,13206,0,0,0
2026-04-23 03:04:31,97272070,61604,33744952,149078,21459,159,163,24212935,13182,0,0,0
2026-04-23 03:04:32,97332584,60514,33765983,149161,21114,155,163,24226128,13193,0,0,0
2026-04-23 03:04:33,97393585,61001,33787087,149254,21197,160,163,24239291,13163,0,0,0
2026-04-23 03:04:34,97454103,60518,33808096,149361,21116,148,163,24265625,26334,0,0,0
2026-04-23 03:04:35,97515046,60943,33829262,149435,21240,159,163,24278792,13167,0,0,0
2026-04-23 03:04:37,97575874,60828,33850390,149529,21222,147,163,24291988,13196,0,0,0
2026-04-23 03:04:38,97637642,61768,33871844,149603,21528,162,163,24305178,13190,0,0,0
2026-04-23 03:04:39,97699104,61462,33893156,149696,21405,162,163,24318423,13245,0,0,0
2026-04-23 03:04:40,97760543,61439,33914419,149790,21357,160,163,24331644,13221,0,0,0
2026-04-23 03:04:41,97821062,60519,33935473,149864,21128,145,163,24357986,26342,0,0,0
2026-04-23 03:04:42,97882546,61484,33956808,149969,21440,162,163,24371159,13173,0,0,0
2026-04-23 03:04:44,97943668,61122,33978037,150070,21330,161,163,24384344,13185,0,0,0
2026-04-23 03:04:45,98004820,61152,33999250,150166,21309,153,163,24397521,13177,0,0,0
2026-04-23 03:04:46,98065614,60794,34020347,150252,21183,157,163,24410672,13151,0,0,0
2026-04-23 03:04:47,98126252,60638,34041459,150321,21181,162,163,24423812,13140,0,0,0
2026-04-23 03:04:48,98186619,60367,34062429,150413,21062,162,163,24450180,26368,0,0,0
2026-04-23 03:04:49,98247690,61071,34083607,150492,21257,162,163,24463415,13235,0,0,0
2026-04-23 03:04:50,98308995,61305,34104904,150597,21402,147,163,24476616,13201,0,0,0
2026-04-23 03:04:52,98370236,61241,34126089,150686,21274,154,163,24489882,13266,0,0,0
2026-04-23 03:04:53,98431105,60869,34147228,150768,21221,161,163,24503149,13267,0,0,0
2026-04-23 03:04:54,98492288,61183,34168470,150861,21335,150,163,24516400,13251,0,0,0
2026-04-23 03:04:55,98552348,60060,34189366,150949,20984,151,163,24529645,13245,0,0,0
2026-04-23 03:04:56,98613991,61643,34210693,151048,21426,134,163,24556108,26463,0,0,0
2026-04-23 03:04:57,98676105,62114,34232216,151145,21620,160,163,24569331,13223,0,0,0
2026-04-23 03:04:59,98736609,60504,34253200,151241,21080,162,163,24582566,13235,0,0,0
2026-04-23 03:05:00,98797700,61091,34274379,151339,21277,161,163,24595816,13250,0,0,0
2026-04-23 03:05:01,98857998,60298,34295296,151432,21010,146,163,24609098,13282,0,0,0
2026-04-23 03:05:02,98918368,60370,34316250,151510,21032,150,163,24622385,13287,0,0,0
2026-04-23 03:05:03,98979356,60988,34337414,151618,21272,153,163,24648868,26483,0,0,0
2026-04-23 03:05:04,99040802,61446,34358695,151705,21368,162,163,24662065,13197,0,0,0
2026-04-23 03:05:05,99101784,60982,34379831,151789,21220,161,163,24675253,13188,0,0,0
2026-04-23 03:05:07,99163310,61526,34401217,151881,21478,161,163,24688454,13201,0,0,0
2026-04-23 03:05:08,99223575,60265,34422122,151963,20987,156,163,24701679,13225,0,0,0
2026-04-23 03:05:09,99283742,60167,34443011,152053,20979,162,163,24714880,13201,0,0,0
2026-04-23 03:05:10,99343957,60215,34463882,152144,20962,154,163,24741221,26341,0,0,0
2026-04-23 03:05:11,99404926,60969,34485004,152258,21236,159,163,24754390,13169,0,0,0
2026-04-23 03:05:12,99465848,60922,34506177,152356,21271,154,163,24767583,13193,0,0,0
2026-04-23 03:05:14,99527194,61346,34527422,152446,21335,158,163,24780810,13227,0,0,0
2026-04-23 03:05:15,99589040,61846,34548919,152550,21601,145,163,24794046,13236,0,0,0
2026-04-23 03:05:16,99649087,60047,34569800,152631,20962,162,163,24807284,13238,0,0,0
2026-04-23 03:05:17,99709572,60485,34590750,152721,21040,160,163,24820477,13193,0,0,0
2026-04-23 03:05:18,99771059,61487,34612094,152833,21456,157,163,24846808,26331,0,0,0
2026-04-23 03:05:19,99832832,61773,34633505,152933,21511,151,163,24859982,13174,0,0,0
2026-04-23 03:05:21,99893810,60978,34654662,153003,21227,159,163,24873187,13205,0,0,0
2026-04-23 03:05:22,99955544,61734,34676112,153094,21541,153,163,24886412,13225,0,0,0
2026-04-23 03:05:23,100017253,61709,34697505,153170,21469,162,163,24899635,13223,0,0,0
2026-04-23 03:05:24,100077376,60123,34718336,153257,20918,162,163,24912808,13173,0,0,0
2026-04-23 03:05:25,100137994,60618,34739409,153350,21166,144,163,24939191,26383,0,0,0
2026-04-23 03:05:26,100198696,60702,34760456,153444,21141,161,163,24952374,13183,0,0,0
2026-04-23 03:05:28,100260074,61378,34781715,153566,21381,157,163,24965595,13221,0,0,0
2026-04-23 03:05:29,100321619,61545,34803054,153666,21439,158,163,24978800,13205,0,0,0
2026-04-23 03:05:30,100382348,60729,34824150,153754,21184,160,163,24992003,13203,0,0,0
2026-04-23 03:05:31,100443433,61085,34845327,153854,21277,162,163,25005164,13161,0,0,0
2026-04-23 03:05:32,100504398,60965,34866493,153948,21260,143,163,25031581,26417,0,0,0
2026-04-23 03:05:33,100566302,61904,34887851,154053,21463,155,163,25044789,13208,0,0,0
2026-04-23 03:05:34,100627765,61463,34909158,154155,21409,159,163,25057952,13163,0,0,0
2026-04-23 03:05:36,100688748,60983,34930331,154247,21265,157,163,25071122,13170,0,0,0
2026-04-23 03:05:37,100749687,60939,34951410,154346,21178,156,163,25084268,13146,0,0,0
2026-04-23 03:05:38,100809313,59626,34972182,154434,20860,136,163,25097429,13161,0,0,0
2026-04-23 03:05:39,100870422,61109,34993339,154533,21256,162,163,25110612,13183,0,0,0
2026-04-23 03:05:40,100932639,62217,35014941,154619,21688,155,163,25137018,26406,0,0,0
2026-04-23 03:05:41,100992886,60247,35035835,154701,20976,150,163,25150189,13171,0,0,0
2026-04-23 03:05:43,101054958,62072,35057366,154803,21633,161,163,25163336,13147,0,0,0
2026-04-23 03:05:44,101115994,61036,35078607,154898,21336,145,163,25176504,13168,0,0,0
2026-04-23 03:05:45,101176423,60429,35099535,155000,21030,158,163,25189699,13195,0,0,0
2026-04-23 03:05:46,101236225,59802,35120360,155091,20916,162,163,25202928,13229,0,0,0
2026-04-23 03:05:47,101297500,61275,35141611,155167,21327,156,163,25229351,26423,0,0,0
2026-04-23 03:05:48,101358854,61354,35162897,155257,21376,161,163,25242532,13181,0,0,0
2026-04-23 03:05:49,101419658,60804,35183988,155348,21182,135,163,25255735,13203,0,0,0
2026-04-23 03:05:51,101480702,61044,35205197,155440,21301,151,163,25268948,13213,0,0,0
2026-04-23 03:05:52,101542242,61540,35226495,155540,21398,152,163,25282172,13224,0,0,0
2026-04-23 03:05:53,101602548,60306,35247501,155632,21098,147,163,25295378,13206,0,0,0
2026-04-23 03:05:54,101663551,61003,35268612,155723,21202,161,163,25321756,26378,0,0,0
2026-04-23 03:05:55,101724991,61440,35289926,155827,21418,144,163,25334952,13196,0,0,0
2026-04-23 03:05:56,101786645,61654,35311363,155905,21515,162,163,25348149,13197,0,0,0
2026-04-23 03:05:58,101848231,61586,35332674,156007,21413,155,163,25361288,13139,0,0,0
2026-04-23 03:05:59,101910155,61924,35354168,156089,21576,161,163,25374388,13100,0,0,0
2026-04-23 03:06:00,101971069,60914,35375304,156176,21223,149,163,25387533,13145,0,0,0
2026-04-23 03:06:01,102031817,60748,35396328,156288,21136,158,163,25400735,13202,0,0,0
2026-04-23 03:06:02,102092986,61169,35417510,156385,21279,160,163,25427162,26427,0,0,0
2026-04-23 03:06:03,102153972,60986,35438688,156477,21270,153,163,25440334,13172,0,0,0
2026-04-23 03:06:05,102215958,61986,35460163,156572,21570,139,163,25453498,13164,0,0,0
2026-04-23 03:06:06,102277076,61118,35481340,156672,21277,161,163,25466668,13170,0,0,0
2026-04-23 03:06:07,102336957,59881,35502187,156748,20923,153,163,25479849,13181,0,0,0
2026-04-23 03:06:08,102397734,60777,35523252,156846,21163,151,163,25493047,13198,0,0,0
2026-04-23 03:06:09,102458322,60588,35544322,156935,21159,158,163,25519428,26381,0,0,0
2026-04-23 03:06:10,102520317,61995,35565797,157026,21566,161,163,25532625,13197,0,0,0
2026-04-23 03:06:12,102581708,61391,35587152,157116,21445,146,163,25545845,13220,0,0,0
2026-04-23 03:06:13,102643320,61612,35608500,157203,21435,162,163,25559047,13202,0,0,0
2026-04-23 03:06:14,102704837,61517,35629851,157304,21452,161,163,25572250,13203,0,0,0
2026-04-23 03:06:15,102765237,60400,35650829,157407,21081,142,163,25585446,13196,0,0,0
2026-04-23 03:06:16,102826208,60971,35672005,157497,21266,160,163,25611773,26327,0,0,0
2026-04-23 03:06:17,102888063,61855,35693452,157593,21543,162,163,25624938,13165,0,0,0
2026-04-23 03:06:19,102948859,60796,35714504,157696,21155,154,163,25638094,13156,0,0,0
2026-04-23 03:06:20,103010705,61846,35735932,157799,21531,162,163,25651241,13147,0,0,0
2026-04-23 03:06:21,103072452,61747,35757347,157891,21507,159,163,25664361,13120,0,0,0
2026-04-23 03:06:22,103133592,61140,35778545,157985,21292,159,163,25677530,13169,0,0,0
2026-04-23 03:06:23,103193954,60362,35799573,158065,21108,162,163,25690722,13192,0,0,0
2026-04-23 03:06:24,103256065,62111,35821057,158159,21578,161,163,25717149,26427,0,0,0
2026-04-23 03:06:25,103317665,61600,35842419,158253,21456,147,163,25730318,13169,0,0,0
2026-04-23 03:06:27,103378877,61212,35863638,158354,21320,157,163,25743513,13195,0,0,0
2026-04-23 03:06:28,103439849,60972,35884804,158459,21271,151,163,25756686,13173,0,0,0
2026-04-23 03:06:29,103501142,61293,35906036,158556,21329,146,163,25769887,13201,0,0,0
2026-04-23 03:06:30,103561987,60845,35927167,158655,21230,161,163,25783092,13205,0,0,0
2026-04-23 03:06:31,103623529,61542,35948522,158743,21443,157,163,25809516,26424,0,0,0
2026-04-23 03:06:32,103684288,60759,35969583,158826,21144,159,163,25822729,13213,0,0,0
2026-04-23 03:06:34,103744608,60320,35990505,158909,21005,160,163,25835909,13180,0,0,0
2026-04-23 03:06:35,103806113,61505,36011833,159021,21440,147,163,25849075,13166,0,0,0
2026-04-23 03:06:36,103867282,61169,36033025,159116,21287,161,163,25862249,13174,0,0,0
2026-04-23 03:06:37,103928183,60901,36054167,159206,21232,151,163,25875422,13173,0,0,0
2026-04-23 03:06:38,103989362,61179,36075383,159316,21326,151,163,25901794,26372,0,0,0
2026-04-23 03:06:39,104051079,61717,36096812,159387,21500,152,163,25915009,13215,0,0,0
2026-04-23 03:06:41,104112122,61043,36118023,159483,21307,158,163,25928255,13246,0,0,0
2026-04-23 03:06:42,104173381,61259,36139248,159577,21319,158,163,25941481,13226,0,0,0
2026-04-23 03:06:43,104233848,60467,36160343,159669,21187,153,163,25954678,13197,0,0,0
2026-04-23 03:06:44,104295355,61507,36181637,159766,21391,155,163,25967918,13240,0,0,0
2026-04-23 03:06:45,104357189,61834,36203070,159849,21516,156,163,25994299,26381,0,0,0
2026-04-23 03:06:46,104418055,60866,36224169,159938,21188,156,163,26007482,13183,0,0,0
2026-04-23 03:06:48,104478566,60511,36245209,160029,21131,155,163,26020686,13204,0,0,0
2026-04-23 03:06:49,104540242,61676,36266557,160139,21458,161,163,26033887,13201,0,0,0
2026-04-23 03:06:50,104600368,60126,36287479,160233,21016,162,163,26047092,13205,0,0,0
2026-04-23 03:06:51,104660430,60062,36308295,160318,20901,161,163,26060290,13198,0,0,0
2026-04-23 03:06:52,104720615,60185,36329136,160418,20941,160,163,26073512,13222,0,0,0
2026-04-23 03:06:53,104781979,61364,36350426,160502,21374,154,163,26099909,26397,0,0,0
2026-04-23 03:06:54,104843721,61742,36371920,160612,21604,152,163,26113108,13199,0,0,0
2026-04-23 03:06:56,104904516,60795,36392978,160705,21151,161,163,26126264,13156,0,0,0
2026-04-23 03:06:57,104965428,60912,36414142,160789,21248,161,163,26139423,13159,0,0,0
2026-04-23 03:06:58,105026036,60608,36435202,160885,21156,150,163,26152630,13207,0,0,0
2026-04-23 03:06:59,105087194,61158,36456442,160966,21321,148,163,26165826,13196,0,0,0
2026-04-23 03:07:00,105148188,60994,36477599,161028,21219,161,163,26192258,26432,0,0,0
2026-04-23 03:07:01,105209590,61402,36498877,161126,21376,162,163,26205495,13237,0,0,0
2026-04-23 03:07:03,105271495,61905,36520367,161223,21587,162,163,26218712,13217,0,0,0
2026-04-23 03:07:04,105332687,61192,36541588,161310,21308,153,163,26231918,13206,0,0,0
2026-04-23 03:07:05,105393273,60586,36562627,161404,21133,162,163,26245110,13192,0,0,0
2026-04-23 03:07:06,105454129,60856,36583764,161499,21232,162,163,26258299,13189,0,0,0
2026-04-23 03:07:07,105515691,61562,36605147,161592,21476,162,163,26284714,26415,0,0,0
2026-04-23 03:07:08,105577680,61989,36626610,161677,21548,159,163,26297891,13177,0,0,0
2026-04-23 03:07:10,105639302,61622,36647945,161767,21425,145,163,26311071,13180,0,0,0
2026-04-23 03:07:11,105700078,60776,36669082,161855,21225,161,163,26324232,13161,0,0,0
2026-04-23 03:07:12,105760198,60120,36689935,161955,20953,162,163,26337396,13164,0,0,0
2026-04-23 03:07:13,105820791,60593,36710948,162041,21099,160,163,26350564,13168,0,0,0
2026-04-23 03:07:14,105881556,60765,36731980,162136,21127,153,163,26363754,13190,0,0,0
2026-04-23 03:07:15,105942267,60711,36753030,162239,21153,161,163,26390110,26356,0,0,0
2026-04-23 03:07:16,106003060,60793,36774144,162329,21204,161,163,26403241,13131,0,0,0
2026-04-23 03:07:18,106063710,60650,36795187,162406,21120,156,163,26416390,13149,0,0,0
2026-04-23 03:07:19,106125511,61801,36816588,162497,21492,146,163,26429535,13145,0,0,0
2026-04-23 03:07:20,106186559,61048,36837735,162611,21261,155,163,26442713,13178,0,0,0
2026-04-23 03:07:21,106247913,61354,36859017,162699,21370,158,163,26455882,13169,0,0,0
2026-04-23 03:07:22,106307956,60043,36879905,162777,20966,158,163,26482212,26330,0,0,0
2026-04-23 03:07:23,106369552,61596,36901245,162868,21431,161,163,26495387,13175,0,0,0
2026-04-23 03:07:25,106430447,60895,36922436,162948,21271,143,163,26508566,13179,0,0,0
2026-04-23 03:07:26,106491456,61009,36943554,163037,21207,147,163,26521712,13146,0,0,0
2026-04-23 03:07:27,106552278,60822,36964717,163119,21245,149,163,26534857,13145,0,0,0
2026-04-23 03:07:28,106612815,60537,36985689,163207,21060,135,163,26548018,13161,0,0,0
2026-04-23 03:07:29,106674808,61993,37007149,163308,21561,161,163,26574547,26529,0,0,0
2026-04-23 03:07:30,106736334,61526,37028474,163406,21423,159,163,26587808,13261,0,0,0
2026-04-23 03:07:32,106797418,61084,37049651,163489,21260,160,163,26601032,13224,0,0,0
2026-04-23 03:07:33,106857785,60367,37070659,163571,21090,162,163,26614292,13260,0,0,0
2026-04-23 03:07:34,106918385,60600,37091682,163652,21104,146,163,26627571,13279,0,0,0
2026-04-23 03:07:35,106978591,60206,37112636,163740,21042,161,163,26640819,13248,0,0,0
2026-04-23 03:07:36,107039422,60831,37133724,163861,21209,142,163,26667211,26392,0,0,0
2026-04-23 03:07:37,107101211,61789,37155133,163952,21500,146,163,26680441,13230,0,0,0
2026-04-23 03:07:39,107162933,61722,37176528,164053,21496,153,163,26693659,13218,0,0,0
2026-04-23 03:07:40,107224206,61273,37197802,164140,21361,154,163,26706901,13242,0,0,0
2026-04-23 03:07:41,107285637,61431,37219099,164220,21377,160,163,26720095,13194,0,0,0
2026-04-23 03:07:42,107346528,60891,37240212,164317,21210,162,163,26733283,13188,0,0,0
2026-04-23 03:07:43,107407823,61295,37261415,164398,21284,160,163,26746431,13148,0,0,0
2026-04-23 03:07:44,107469179,61356,37282671,164492,21350,160,163,26772747,26316,0,0,0
2026-04-23 03:07:45,107530418,61239,37303951,164584,21372,162,163,26785935,13188,0,0,0
2026-04-23 03:07:47,107591305,60887,37325067,164666,21198,161,163,26799138,13203,0,0,0
2026-04-23 03:07:48,107652743,61438,37346391,164755,21413,153,163,26812324,13186,0,0,0
2026-04-23 03:07:49,107714793,62050,37367911,164854,21619,159,163,26825493,13169,0,0,0
2026-04-23 03:07:50,107774824,60031,37388758,164942,20935,147,163,26838671,13178,0,0,0
2026-04-23 03:07:51,107835605,60781,37409791,165035,21126,154,163,26865031,26360,0,0,0
2026-04-23 03:07:52,107896260,60655,37430884,165130,21188,148,163,26878191,13160,0,0,0
2026-04-23 03:07:54,107958494,62234,37452434,165238,21658,162,163,26891380,13189,0,0,0
2026-04-23 03:07:55,108020602,62108,37473960,165321,21609,154,163,26904603,13223,0,0,0
2026-04-23 03:07:56,108081202,60600,37494978,165423,21120,149,163,26917852,13249,0,0,0
2026-04-23 03:07:57,108139920,58718,37515340,165513,20452,148,163,26931095,13243,0,0,0
2026-04-23 03:07:58,108200758,60838,37536460,165620,21227,160,163,26957516,26421,0,0,0
2026-04-23 03:07:59,108262073,61315,37557713,165704,21337,161,163,26970730,13214,0,0,0
2026-04-23 03:08:01,108323924,61851,37579200,165777,21560,159,163,26983957,13227,0,0,0
2026-04-23 03:08:02,108385597,61673,37600655,165880,21558,161,163,26997205,13248,0,0,0
2026-04-23 03:08:03,108446918,61321,37621875,165978,21318,161,163,27010443,13238,0,0,0
2026-04-23 03:08:04,108508544,61626,37643188,166073,21408,143,163,27023691,13248,0,0,0
2026-04-23 03:08:05,108569299,60755,37664276,166173,21188,162,163,27050150,26459,0,0,0
2026-04-23 03:08:06,108629590,60291,37685188,166281,21020,162,163,27063344,13194,0,0,0
2026-04-23 03:08:08,108690677,61087,37706375,166364,21270,162,163,27076557,13213,0,0,0
2026-04-23 03:08:09,108752124,61447,37727682,166441,21384,160,163,27089787,13230,0,0,0
2026-04-23 03:08:10,108813304,61180,37748915,166539,21331,162,163,27103064,13277,0,0,0
2026-04-23 03:08:11,108873900,60596,37769915,166626,21087,162,163,27116356,13292,0,0,0
2026-04-23 03:08:12,108933586,59686,37790625,166706,20790,156,163,27129679,13323,0,0,0
2026-04-23 03:08:13,108993371,59785,37811337,166799,20805,152,163,27156189,26510,0,0,0
2026-04-23 03:08:14,109054281,60910,37832471,166919,21254,161,163,27169440,13251,0,0,0
2026-04-23 03:08:16,109115511,61230,37853710,167007,21327,162,163,27182684,13244,0,0,0
2026-04-23 03:08:17,109177781,62270,37875275,167098,21656,151,163,27195936,13252,0,0,0
2026-04-23 03:08:18,109237856,60075,37896117,167192,20936,155,163,27209203,13267,0,0,0
2026-04-23 03:08:19,109298393,60537,37917134,167282,21107,154,163,27222495,13292,0,0,0
2026-04-23 03:08:20,109358468,60075,37937929,167388,20901,156,163,27249109,26614,0,0,0
2026-04-23 03:08:21,109420399,61931,37959399,167468,21550,156,163,27262416,13307,0,0,0
2026-04-23 03:08:23,109480454,60055,37980245,167554,20932,162,163,27275720,13304,0,0,0
2026-04-23 03:08:24,109541305,60851,38001349,167636,21186,158,163,27289026,13306,0,0,0
2026-04-23 03:08:25,109602292,60987,38022546,167729,21290,154,163,27302331,13305,0,0,0
2026-04-23 03:08:26,109663364,61072,38043756,167809,21290,159,163,27315653,13322,0,0,0
2026-04-23 03:08:27,109723632,60268,38064673,167919,21027,144,163,27342283,26630,0,0,0
2026-04-23 03:08:28,109784888,61256,38085937,168012,21357,162,163,27355567,13284,0,0,0
2026-04-23 03:08:30,109846373,61485,38107213,168090,21354,156,163,27368849,13282,0,0,0
2026-04-23 03:08:31,109907768,61395,38128497,168189,21383,156,163,27382132,13283,0,0,0
2026-04-23 03:08:32,109967198,59430,38149196,168272,20782,143,163,27395392,13260,0,0,0
2026-04-23 03:08:33,110027268,60070,38169979,168361,20872,159,163,27408612,13220,0,0,0
2026-04-23 03:08:34,110088142,60874,38191102,168461,21223,138,163,27421858,13246,0,0,0
2026-04-23 03:08:35,110149055,60913,38212270,168565,21272,162,163,27448435,26577,0,0,0
2026-04-23 03:08:37,110209227,60172,38233178,168633,20976,149,163,27461715,13280,0,0,0
2026-04-23 03:08:38,110269294,60067,38254011,168721,20921,157,163,27474990,13275,0,0,0
2026-04-23 03:08:39,110329551,60257,38274874,168829,20971,156,163,27488259,13269,0,0,0
2026-04-23 03:08:40,110389078,59527,38295614,168937,20848,150,163,27501526,13267,0,0,0
2026-04-23 03:08:41,110449470,60392,38316560,169019,21028,151,163,27514762,13236,0,0,0
2026-04-23 03:08:42,110510919,61449,38337905,169108,21434,162,163,27541189,26427,0,0,0
2026-04-23 03:08:44,110571396,60477,38358878,169187,21052,159,163,27554441,13252,0,0,0
2026-04-23 03:08:45,110631978,60582,38379885,169299,21119,154,163,27567663,13222,0,0,0
2026-04-23 03:08:46,110692060,60082,38400778,169396,20990,155,163,27580883,13220,0,0,0
2026-04-23 03:08:47,110753787,61727,38422132,169495,21453,161,163,27594107,13224,0,0,0
2026-04-23 03:08:48,110811844,58057,38442309,169584,20266,159,163,27607313,13206,0,0,0
2026-04-23 03:08:49,110870836,58992,38462760,169683,20550,156,163,27633684,26371,0,0,0
2026-04-23 03:08:50,110928810,57974,38482883,169763,20203,155,163,27646882,13198,0,0,0
2026-04-23 03:08:52,110988535,59725,38503592,169865,20811,160,163,27660090,13208,0,0,0
2026-04-23 03:08:53,111046613,58078,38523796,169965,20304,143,163,27673267,13177,0,0,0
2026-04-23 03:08:54,111104530,57917,38543918,170047,20204,162,163,27686433,13166,0,0,0
2026-04-23 03:08:55,111160364,55834,38563242,170126,19403,161,163,27699598,13165,0,0,0
2026-04-23 03:08:56,111220348,59984,38584027,170217,20876,152,163,27712761,13163,0,0,0
2026-04-23 03:08:57,111280810,60462,38605036,170306,21098,146,163,27739137,26376,0,0,0
2026-04-23 03:08:59,111342807,61997,38626484,170410,21552,160,163,27752332,13195,0,0,0
2026-04-23 03:09:00,111404285,61478,38647795,170499,21400,159,163,27765530,13198,0,0,0
2026-04-23 03:09:01,111464856,60571,38668884,170603,21193,161,163,27778738,13208,0,0,0
2026-04-23 03:09:02,111526269,61413,38690130,170687,21330,157,163,27791964,13226,0,0,0
2026-04-23 03:09:03,111586860,60591,38711189,170761,21133,162,163,27805164,13200,0,0,0
2026-04-23 03:09:04,111648163,61303,38732466,170849,21365,161,163,27831552,26388,0,0,0
2026-04-23 03:09:06,111709746,61583,38753771,170954,21410,160,163,27844728,13176,0,0,0
2026-04-23 03:09:07,111771154,61408,38775069,171049,21393,150,163,27857937,13209,0,0,0
2026-04-23 03:09:08,111831179,60025,38795963,171154,20999,147,163,27871105,13168,0,0,0
2026-04-23 03:09:09,111893052,61873,38817395,171245,21523,162,163,27884290,13185,0,0,0
2026-04-23 03:09:10,111953395,60343,38838318,171349,21027,162,163,27897493,13203,0,0,0
2026-04-23 03:09:11,112013555,60160,38859180,171444,20957,159,163,27923880,26387,0,0,0
2026-04-23 03:09:12,112074266,60711,38880247,171544,21167,152,163,27937015,13135,0,0,0
2026-04-23 03:09:14,112134889,60623,38901351,171624,21184,161,163,27950178,13163,0,0,0
2026-04-23 03:09:15,112195826,60937,38922462,171711,21198,159,163,27963362,13184,0,0,0
2026-04-23 03:09:16,112256903,61077,38943581,171810,21218,157,163,27976556,13194,0,0,0
2026-04-23 03:09:17,112317435,60532,38964587,171921,21117,147,163,27989764,13208,0,0,0
2026-04-23 03:09:18,112378645,61210,38985815,172013,21320,161,163,28016079,26315,0,0,0
2026-04-23 03:09:19,112440120,61475,39007162,172104,21438,160,163,28029243,13164,0,0,0
2026-04-23 03:09:21,112500336,60216,39028112,172190,21036,143,163,28042418,13175,0,0,0
2026-04-23 03:09:22,112561588,61252,39049357,172276,21331,148,163,28055590,13172,0,0,0
2026-04-23 03:09:23,112622055,60467,39070320,172376,21063,156,163,28068749,13159,0,0,0
2026-04-23 03:09:24,112683449,61394,39091669,172468,21441,150,163,28081930,13181,0,0,0
2026-04-23 03:09:25,112744871,61422,39112955,172547,21365,160,163,28095084,13154,0,0,0
2026-04-23 03:09:26,112806235,61364,39134278,172630,21406,162,163,28121327,26243,0,0,0
2026-04-23 03:09:28,112868080,61845,39155714,172721,21527,162,163,28134464,13137,0,0,0
2026-04-23 03:09:29,112929056,60976,39176848,172808,21221,157,163,28147606,13142,0,0,0
2026-04-23 03:09:30,112990488,61432,39198183,172906,21433,162,163,28160753,13147,0,0,0
2026-04-23 03:09:31,113051864,61376,39219470,172998,21379,158,163,28173877,13124,0,0,0
2026-04-23 03:09:32,113113322,61458,39240706,173090,21328,140,163,28187021,13144,0,0,0
2026-04-23 03:09:33,113172947,59625,39261435,173177,20816,161,163,28213352,26331,0,0,0
2026-04-23 03:09:34,113233976,61029,39282652,173258,21298,154,163,28226517,13165,0,0,0
2026-04-23 03:09:36,113294329,60353,39303640,173360,21090,152,163,28239671,13154,0,0,0
2026-04-23 03:09:37,113354811,60482,39324652,173441,21093,161,163,28252825,13154,0,0,0
2026-04-23 03:09:38,113415665,60854,39345756,173539,21202,159,163,28265984,13159,0,0,0
2026-04-23 03:09:39,113475822,60157,39366661,173650,21016,162,163,28279173,13189,0,0,0
2026-04-23 03:09:40,113536976,61154,39387848,173740,21277,143,163,28305561,26388,0,0,0
2026-04-23 03:09:41,113597770,60794,39408920,173839,21171,154,163,28318765,13204,0,0,0
2026-04-23 03:09:43,113658085,60315,39429877,173915,21033,162,163,28331967,13202,0,0,0
2026-04-23 03:09:44,113719090,61005,39451047,174013,21268,155,163,28345132,13165,0,0,0
2026-04-23 03:09:45,113780337,61247,39472295,174102,21337,162,163,28358272,13140,0,0,0
2026-04-23 03:09:46,113840693,60356,39493232,174203,21038,162,163,28371427,13155,0,0,0
2026-04-23 03:09:47,113901516,60823,39514320,174285,21170,153,163,28384570,13143,0,0,0
2026-04-23 03:09:48,113962560,61044,39535480,174372,21247,151,163,28410885,26315,0,0,0
2026-04-23 03:09:50,114021898,59338,39556110,174456,20714,146,163,28424026,13141,0,0,0
2026-04-23 03:09:51,114081856,59958,39576887,174543,20864,159,163,28437118,13092,0,0,0
2026-04-23 03:09:52,114142760,60904,39598036,174642,21248,160,163,28450213,13095,0,0,0
2026-04-23 03:09:53,114201943,59183,39618605,174720,20647,153,163,28463338,13125,0,0,0
2026-04-23 03:09:54,114263059,61116,39639826,174806,21307,162,163,28476456,13118,0,0,0
2026-04-23 03:09:55,114324151,61092,39660957,174896,21221,140,163,28502686,26230,0,0,0
2026-04-23 03:09:56,114385018,60867,39682112,174980,21239,162,163,28515817,13131,0,0,0
2026-04-23 03:09:58,114445823,60805,39703178,175073,21159,161,163,28528988,13171,0,0,0
2026-04-23 03:09:59,114505124,59301,39723738,175152,20639,144,163,28542152,13164,0,0,0
2026-04-23 03:10:00,114563976,58852,39744143,175250,20503,161,163,28555313,13161,0,0,0
2026-04-23 03:10:01,114624074,60098,39764990,175345,20942,161,163,28568445,13132,0,0,0
2026-04-23 03:10:02,114683835,59761,39785737,175442,20844,157,163,28594727,26282,0,0,0
2026-04-23 03:10:03,114743644,59809,39806520,175539,20880,156,163,28607877,13150,0,0,0
2026-04-23 03:10:05,114804518,60874,39827667,175603,21211,162,163,28621025,13148,0,0,0
2026-04-23 03:10:06,114864586,60068,39848562,175697,20989,162,163,28634165,13140,0,0,0
2026-04-23 03:10:07,114925303,60717,39869609,175781,21131,160,163,28647323,13158,0,0,0
2026-04-23 03:10:08,114985138,59835,39890336,175873,20819,153,163,28660480,13157,0,0,0
2026-04-23 03:10:09,115045356,60218,39911210,175972,20973,161,163,28673640,13160,0,0,0
2026-04-23 03:10:10,115105204,59848,39931976,176062,20856,162,163,28699931,26291,0,0,0
2026-04-23 03:10:11,115165593,60389,39952931,176129,21022,161,163,28713063,13132,0,0,0
2026-04-23 03:10:13,115227551,61958,39974423,176237,21600,145,163,28726228,13165,0,0,0
2026-04-23 03:10:14,115289924,62373,39996035,176330,21705,151,163,28739371,13143,0,0,0
2026-04-23 03:10:15,115349578,59654,40016681,176421,20737,161,163,28752554,13183,0,0,0
2026-04-23 03:10:16,115405693,56115,40036172,176501,19571,161,163,28765693,13139,0,0,0
2026-04-23 03:10:17,115464456,58763,40056562,176605,20494,146,163,28791929,26236,0,0,0
2026-04-23 03:10:18,115524513,60057,40077401,176695,20929,156,163,28805061,13132,0,0,0
2026-04-23 03:10:20,115585538,61025,40098516,176779,21199,154,163,28818182,13121,0,0,0
2026-04-23 03:10:21,115646181,60643,40119581,176865,21151,161,163,28831348,13166,0,0,0
2026-04-23 03:10:22,115706104,59923,40140391,176950,20895,154,163,28844486,13138,0,0,0
2026-04-23 03:10:23,115762826,56722,40160082,177043,19784,153,163,28857624,13138,0,0,0
2026-04-23 03:10:24,115822216,59390,40180702,177130,20707,162,163,28870761,13137,0,0,0
2026-04-23 03:10:25,115882704,60488,40201671,177213,21052,161,163,28896964,26203,0,0,0
2026-04-23 03:10:27,115943854,61150,40222871,177306,21293,149,163,28910062,13098,0,0,0
2026-04-23 03:10:28,116005328,61474,40244180,177396,21399,149,163,28923161,13099,0,0,0
2026-04-23 03:10:29,116066558,61230,40265379,177489,21292,158,163,28936275,13114,0,0,0
2026-04-23 03:10:30,116126351,59793,40286142,177592,20866,155,163,28949413,13138,0,0,0
2026-04-23 03:10:31,116182342,55991,40305646,177678,19590,159,163,28962523,13110,0,0,0
2026-04-23 03:10:32,116243841,61499,40326949,177781,21406,162,163,28988826,26303,0,0,0
2026-04-23 03:10:33,116304932,61091,40348095,177880,21245,159,163,29001992,13166,0,0,0
2026-04-23 03:10:35,116366466,61534,40369443,177976,21444,153,163,29015154,13162,0,0,0
2026-04-23 03:10:36,116427391,60925,40390562,178075,21218,160,163,29028312,13158,0,0,0
2026-04-23 03:10:37,116489165,61774,40411976,178176,21515,148,163,29041458,13146,0,0,0
2026-04-23 03:10:38,116548713,59548,40432675,178271,20794,147,163,29054551,13093,0,0,0
2026-04-23 03:10:39,116609285,60572,40453712,178346,21112,162,163,29067644,13093,0,0,0
2026-04-23 03:10:40,116671054,61769,40475134,178448,21524,151,163,29093843,26199,0,0,0
2026-04-23 03:10:42,116731645,60591,40496148,178541,21107,158,163,29106938,13095,0,0,0
2026-04-23 03:10:43,116792563,60918,40517301,178648,21260,150,163,29120055,13117,0,0,0
2026-04-23 03:10:44,116853675,61112,40538498,178733,21282,150,163,29133133,13078,0,0,0
2026-04-23 03:10:45,116914716,61041,40559655,178834,21258,162,163,29146249,13116,0,0,0
2026-04-23 03:10:46,116973581,58865,40580119,178932,20562,162,163,29159368,13119,0,0,0
2026-04-23 03:10:47,117032109,58528,40600384,179021,20354,151,163,29185672,26304,0,0,0
2026-04-23 03:10:49,117091346,59237,40620974,179120,20689,139,163,29198789,13117,0,0,0
2026-04-23 03:10:50,117152713,61367,40642222,179217,21345,135,163,29211895,13106,0,0,0
2026-04-23 03:10:51,117213453,60740,40663334,179304,21199,162,163,29225005,13110,0,0,0
2026-04-23 03:10:52,117273800,60347,40684201,179400,20963,162,163,29238096,13091,0,0,0
2026-04-23 03:10:53,117334012,60212,40705081,179506,20986,162,163,29251168,13072,0,0,0
2026-04-23 03:10:54,117392819,58807,40725473,179592,20478,159,163,29277306,26138,0,0,0
2026-04-23 03:10:55,117451781,58962,40745898,179697,20530,162,163,29290381,13075,0,0,0
2026-04-23 03:10:57,117512598,60817,40767011,179781,21197,149,163,29303458,13077,0,0,0
2026-04-23 03:10:58,117573525,60927,40788164,179882,21254,162,163,29316520,13062,0,0,0
2026-04-23 03:10:59,117634731,61206,40809395,179973,21322,154,163,29329580,13060,0,0,0
2026-04-23 03:11:00,117695737,61006,40830496,180086,21214,162,163,29342653,13073,0,0,0
2026-04-23 03:11:01,117757026,61289,40851762,180185,21365,145,163,29368743,26090,0,0,0
2026-04-23 03:11:02,117817747,60721,40872780,180286,21119,127,163,29381753,13010,0,0,0
2026-04-23 03:11:04,117876069,58322,40892994,180367,20295,162,163,29394783,13030,0,0,0
2026-04-23 03:11:05,117935502,59433,40913624,180462,20725,131,163,29407798,13015,0,0,0
2026-04-23 03:11:06,117996924,61422,40934910,180562,21386,162,163,29420837,13039,0,0,0
2026-04-23 03:11:07,118056733,59809,40955674,180664,20866,156,163,29433883,13046,0,0,0
2026-04-23 03:11:08,118118808,62075,40977172,180758,21592,155,163,29446976,13093,0,0,0
2026-04-23 03:11:09,118181260,62452,40998805,180870,21745,151,163,29473195,26219,0,0,0
2026-04-23 03:11:11,118242946,61686,41020197,180962,21484,162,163,29486306,13111,0,0,0
2026-04-23 03:11:12,118304232,61286,41041409,181061,21311,158,163,29499422,13116,0,0,0
2026-04-23 03:11:13,118365294,61062,41062608,181159,21297,159,163,29512528,13106,0,0,0
2026-04-23 03:11:14,118426262,60968,41083750,181256,21239,157,163,29525602,13074,0,0,0
2026-04-23 03:11:15,118485747,59485,41104412,181352,20758,162,163,29538682,13080,0,0,0
2026-04-23 03:11:16,118547331,61584,41125751,181450,21437,145,163,29564902,26220,0,0,0
2026-04-23 03:11:18,118608505,61174,41146987,181549,21335,150,163,29578014,13112,0,0,0
2026-04-23 03:11:19,118669283,60778,41168098,181649,21211,159,163,29591114,13100,0,0,0
2026-04-23 03:11:20,118729712,60429,41189073,181763,21089,162,163,29604209,13095,0,0,0
2026-04-23 03:11:21,118790069,60357,41210026,181853,21043,143,163,29617279,13070,0,0,0
2026-04-23 03:11:22,118852018,61949,41231467,181954,21542,140,163,29630370,13091,0,0,0
2026-04-23 03:11:23,118913646,61628,41252860,182066,21505,162,163,29656519,26149,0,0,0
2026-04-23 03:11:25,118974526,60880,41273983,182174,21231,160,163,29669607,13088,0,0,0
2026-04-23 03:11:26,119036309,61783,41295397,182286,21526,159,163,29682729,13122,0,0,0
2026-04-23 03:11:27,119097649,61340,41316683,182369,21369,162,163,29695829,13100,0,0,0
2026-04-23 03:11:28,119158320,60671,41337790,182473,21211,160,163,29708938,13109,0,0,0
2026-04-23 03:11:29,119218960,60640,41358829,182555,21121,153,163,29722050,13112,0,0,0
2026-04-23 03:11:30,119279601,60641,41379879,182633,21128,146,163,29748366,26316,0,0,0
2026-04-23 03:11:31,119341275,61674,41401233,182716,21437,156,163,29761489,13123,0,0,0
2026-04-23 03:11:33,119403210,61935,41422690,182813,21554,151,163,29774613,13124,0,0,0
2026-04-23 03:11:34,119464065,60855,41443871,182888,21256,161,163,29787709,13096,0,0,0
2026-04-23 03:11:35,119526177,62112,41465400,182975,21616,161,163,29800811,13102,0,0,0
2026-04-23 03:11:36,119588069,61892,41486813,183056,21494,158,163,29813909,13098,0,0,0
2026-04-23 03:11:37,119649430,61361,41508069,183163,21363,144,163,29827033,13124,0,0,0
2026-04-23 03:11:38,119710551,61121,41529270,183275,21313,148,163,29853265,26232,0,0,0
2026-04-23 03:11:40,119771206,60655,41550356,183362,21173,162,163,29866391,13126,0,0,0
2026-04-23 03:11:41,119831608,60402,41571344,183467,21093,158,163,29879526,13135,0,0,0
2026-04-23 03:11:42,119893135,61527,41592691,183559,21439,162,163,29892652,13126,0,0,0
2026-04-23 03:11:43,119954093,60958,41613776,183664,21190,159,163,29905779,13127,0,0,0
2026-04-23 03:11:44,120015113,61020,41634970,183740,21270,162,163,29918870,13091,0,0,0
2026-04-23 03:11:45,120076041,60928,41656125,183826,21241,162,163,29945033,26163,0,0,0
2026-04-23 03:11:47,120136863,60822,41677259,183918,21226,139,163,29958102,13069,0,0,0
2026-04-23 03:11:48,120199486,62623,41698957,184029,21809,162,163,29971183,13081,0,0,0
2026-04-23 03:11:49,120261179,61693,41720342,184120,21476,151,163,29984312,13129,0,0,0
2026-04-23 03:11:50,120322436,61257,41741617,184212,21367,155,163,29997467,13155,0,0,0
2026-04-23 03:11:51,120383822,61386,41762909,184298,21378,162,163,30010601,13134,0,0,0
2026-04-23 03:11:52,120444433,60611,41783909,184393,21095,154,163,30036924,26323,0,0,0
2026-04-23 03:11:54,120504952,60519,41804933,184506,21137,153,163,30050103,13179,0,0,0
2026-04-23 03:11:55,120566269,61317,41826221,184601,21383,155,163,30063251,13148,0,0,0
2026-04-23 03:11:56,120627410,61141,41847427,184705,21310,149,163,30076367,13116,0,0,0
2026-04-23 03:11:57,120687637,60227,41868382,184790,21040,161,163,30089517,13150,0,0,0
2026-04-23 03:11:58,120748759,61122,41889539,184879,21246,154,163,30102686,13169,0,0,0
2026-04-23 03:11:59,120809341,60582,41910587,184978,21147,158,163,30128947,26261,0,0,0
2026-04-23 03:12:00,120870929,61588,41931928,185085,21448,149,163,30142081,13134,0,0,0
2026-04-23 03:12:02,120931510,60581,41952973,185169,21129,154,163,30155231,13150,0,0,0
2026-04-23 03:12:03,120992405,60895,41974141,185261,21260,162,163,30168417,13186,0,0,0
2026-04-23 03:12:04,121053304,60899,41995251,185358,21207,161,163,30181574,13157,0,0,0
2026-04-23 03:12:05,121115022,61718,42016595,185455,21441,143,163,30194739,13165,0,0,0
2026-04-23 03:12:06,121176176,61154,42037851,185526,21327,162,163,30207913,13174,0,0,0
2026-04-23 03:12:07,121238080,61904,42059285,185611,21519,158,163,30234294,26381,0,0,0
2026-04-23 03:12:09,121299278,61198,42080527,185690,21321,160,163,30247447,13153,0,0,0
2026-04-23 03:12:10,121360081,60803,42101599,185791,21173,154,163,30260567,13120,0,0,0
2026-04-23 03:12:11,121421121,61040,42122780,185885,21275,160,163,30273742,13175,0,0,0
2026-04-23 03:12:12,121481794,60673,42143895,185997,21227,161,163,30286947,13205,0,0,0
2026-04-23 03:12:13,121542793,60999,42165025,186106,21239,158,163,30300101,13154,0,0,0
2026-04-23 03:12:14,121603738,60945,42186196,186190,21255,134,163,30326399,26298,0,0,0
2026-04-23 03:12:16,121665895,62157,42207680,186304,21598,155,163,30339589,13190,0,0,0
2026-04-23 03:12:17,121727034,61139,42228951,186395,21362,160,163,30352774,13185,0,0,0
2026-04-23 03:12:18,121788452,61418,42250227,186502,21383,160,163,30365944,13170,0,0,0
2026-04-23 03:12:19,121849337,60885,42271335,186595,21201,156,163,30379159,13215,0,0,0
2026-04-23 03:12:20,121910445,61108,42292441,186677,21188,152,163,30392356,13197,0,0,0
2026-04-23 03:12:21,121971018,60573,42313536,186758,21176,146,163,30418756,26400,0,0,0
2026-04-23 03:12:22,122032069,61051,42334623,186863,21192,152,163,30431909,13153,0,0,0
2026-04-23 03:12:24,122092698,60629,42355719,186948,21181,157,163,30445044,13135,0,0,0
2026-04-23 03:12:25,122154474,61776,42377164,187040,21537,162,163,30458213,13169,0,0,0
2026-04-23 03:12:26,122215718,61244,42398435,187146,21377,162,163,30471425,13212,0,0,0
2026-04-23 03:12:27,122276213,60495,42419431,187243,21093,162,163,30484649,13224,0,0,0
2026-04-23 03:12:28,122337322,61109,42440619,187341,21286,159,163,30511016,26367,0,0,0
2026-04-23 03:12:29,122399306,61984,42462086,187430,21556,150,163,30524203,13187,0,0,0
2026-04-23 03:12:31,122460842,61536,42483440,187523,21447,160,163,30537365,13162,0,0,0
2026-04-23 03:12:32,122522119,61277,42504705,187620,21362,155,163,30550551,13186,0,0,0
2026-04-23 03:12:33,122583788,61669,42526102,187720,21497,154,163,30563727,13176,0,0,0
2026-04-23 03:12:34,122645750,61962,42547624,187835,21637,162,163,30576945,13218,0,0,0
2026-04-23 03:12:35,122706841,61091,42568799,187916,21256,152,163,30590178,13233,0,0,0
2026-04-23 03:12:36,122767686,60845,42589881,188004,21170,160,163,30616647,26469,0,0,0
2026-04-23 03:12:38,122828227,60541,42610976,188089,21180,162,163,30629852,13205,0,0,0
2026-04-23 03:12:39,122889968,61741,42632359,188179,21473,150,163,30643038,13186,0,0,0
2026-04-23 03:12:40,122952485,62517,42653981,188288,21731,155,163,30656242,13204,0,0,0
2026-04-23 03:12:41,123013761,61276,42675206,188380,21317,140,163,30669440,13198,0,0,0
2026-04-23 03:12:42,123074624,60863,42696333,188475,21222,159,163,30682661,13221,0,0,0
2026-04-23 03:12:43,123135693,61069,42717493,188572,21257,155,163,30709063,26402,0,0,0
2026-04-23 03:12:45,123196796,61103,42738730,188679,21344,156,163,30722216,13153,0,0,0
2026-04-23 03:12:46,123258831,62035,42760199,188770,21560,160,163,30735366,13150,0,0,0
2026-04-23 03:12:47,123320606,61775,42781621,188875,21527,136,163,30748516,13150,0,0,0
2026-04-23 03:12:48,123381305,60699,42802701,188972,21177,146,163,30761679,13163,0,0,0
2026-04-23 03:12:49,123442529,61224,42823957,189061,21345,144,163,30774856,13177,0,0,0
2026-04-23 03:12:50,123503955,61426,42845211,189169,21362,159,163,30801244,26388,0,0,0
2026-04-23 03:12:52,123565925,61970,42866668,189266,21554,160,163,30814461,13217,0,0,0
2026-04-23 03:12:53,123627490,61565,42888007,189350,21423,145,163,30827666,13205,0,0,0
2026-04-23 03:12:54,123688795,61305,42909293,189441,21377,156,163,30840883,13217,0,0,0
2026-04-23 03:12:55,123749262,60467,42930318,189538,21122,162,163,30854119,13236,0,0,0
2026-04-23 03:12:56,123810473,61211,42951517,189620,21281,158,163,30867323,13204,0,0,0
2026-04-23 03:12:57,123871147,60674,42972586,189706,21155,151,163,30893725,26402,0,0,0
2026-04-23 03:12:59,123932180,61033,42993726,189800,21234,161,163,30906939,13214,0,0,0
2026-04-23 03:13:00,123993600,61420,43015007,189894,21375,158,163,30920117,13178,0,0,0
2026-04-23 03:13:01,124054388,60788,43036105,189983,21187,159,163,30933304,13187,0,0,0
2026-04-23 03:13:02,124114993,60605,43057103,190083,21098,153,163,30946515,13211,0,0,0
2026-04-23 03:13:03,124176589,61596,43078473,190177,21464,161,163,30959754,13239,0,0,0
2026-04-23 03:13:04,124235152,58563,43098777,190271,20398,142,163,30973040,13286,0,0,0
2026-04-23 03:13:05,124295269,60117,43119607,190366,20925,149,163,30999562,26522,0,0,0
2026-04-23 03:13:07,124356269,61000,43140771,190464,21262,159,163,31012780,13218,0,0,0
2026-04-23 03:13:08,124416508,60239,43161748,190567,21080,132,163,31025987,13207,0,0,0
2026-04-23 03:13:09,124477968,61460,43182991,190665,21341,161,163,31039189,13202,0,0,0
2026-04-23 03:13:10,124537076,59108,43203508,190757,20609,154,163,31052350,13161,0,0,0
2026-04-23 03:13:11,124597333,60257,43224467,190834,21036,160,163,31065511,13161,0,0,0
2026-04-23 03:13:12,124657903,60570,43245494,190906,21099,141,163,31091886,26375,0,0,0
2026-04-23 03:13:14,124718924,61021,43266690,191003,21293,152,163,31105086,13200,0,0,0
2026-04-23 03:13:15,124779488,60564,43287760,191079,21146,150,163,31118273,13187,0,0,0
2026-04-23 03:13:16,124840686,61198,43308983,191163,21307,159,163,31131511,13238,0,0,0
2026-04-23 03:13:17,124901789,61103,43330155,191272,21281,160,163,31144713,13202,0,0,0
2026-04-23 03:13:18,124962628,60839,43351312,191351,21236,147,163,31157879,13166,0,0,0
2026-04-23 03:13:19,125023492,60864,43372358,191461,21156,157,163,31184229,26350,0,0,0
2026-04-23 03:13:21,125084126,60634,43393387,191549,21117,155,163,31197404,13175,0,0,0
2026-04-23 03:13:22,125145326,61200,43414683,191632,21379,155,163,31210568,13164,0,0,0
2026-04-23 03:13:23,125206197,60871,43435809,191707,21201,141,163,31223768,13200,0,0,0
2026-04-23 03:13:24,125267365,61168,43457048,191808,21340,147,163,31236986,13218,0,0,0
2026-04-23 03:13:25,125327863,60498,43478056,191919,21119,161,163,31250232,13246,0,0,0
2026-04-23 03:13:26,125388370,60507,43499016,192013,21054,141,163,31276642,26410,0,0,0
2026-04-23 03:13:28,125448490,60120,43519874,192094,20939,159,163,31289818,13176,0,0,0
2026-04-23 03:13:29,125508292,59802,43540619,192186,20837,162,163,31303008,13190,0,0,0
2026-04-23 03:13:30,125567946,59654,43561219,192281,20695,152,163,31316217,13209,0,0,0
2026-04-23 03:13:31,125627406,59460,43581800,192371,20671,150,163,31329434,13217,0,0,0
2026-04-23 03:13:32,125686809,59403,43602440,192464,20733,162,163,31342608,13174,0,0,0
2026-04-23 03:13:33,125746534,59725,43623150,192556,20802,162,163,31355799,13191,0,0,0
2026-04-23 03:13:34,125806996,60462,43644084,192644,21022,161,163,31382163,26364,0,0,0
2026-04-23 03:13:36,125867674,60678,43665143,192739,21154,162,163,31395330,13167,0,0,0
2026-04-23 03:13:37,125927613,59939,43685962,192827,20907,157,163,31408509,13179,0,0,0
2026-04-23 03:13:38,125986525,58912,43706380,192920,20511,149,163,31421701,13192,0,0,0
2026-04-23 03:13:39,126045997,59472,43727034,193031,20765,161,163,31434902,13201,0,0,0
2026-04-23 03:13:40,126106513,60516,43747975,193141,21051,160,163,31448131,13229,0,0,0
2026-04-23 03:13:41,126167297,60784,43769038,193235,21157,156,163,31474493,26362,0,0,0
2026-04-23 03:13:43,126228671,61374,43790300,193346,21373,152,163,31487613,13120,0,0,0
2026-04-23 03:13:44,126288508,59837,43811108,193433,20895,162,163,31500761,13148,0,0,0
2026-04-23 03:13:45,126348779,60271,43832023,193521,21003,162,163,31513917,13156,0,0,0
2026-04-23 03:13:46,126404832,56053,43851555,193611,19622,132,163,31527088,13171,0,0,0
2026-04-23 03:13:47,126462775,57943,43871642,193693,20169,162,163,31540304,13216,0,0,0
2026-04-23 03:13:48,126521129,58354,43891837,193786,20288,156,163,31553492,13188,0,0,0
2026-04-23 03:13:49,126582317,61188,43913079,193891,21347,147,163,31579865,26373,0,0,0
2026-04-23 03:13:51,126643300,60983,43934202,193980,21212,156,163,31593050,13185,0,0,0
2026-04-23 03:13:52,126703759,60459,43955174,194086,21078,141,163,31606201,13151,0,0,0
2026-04-23 03:13:53,126763448,59689,43975887,194178,20805,152,163,31619372,13171,0,0,0
2026-04-23 03:13:54,126821838,58390,43996193,194284,20412,156,163,31632556,13184,0,0,0
2026-04-23 03:13:55,126880599,58761,44016594,194379,20496,162,163,31645738,13182,0,0,0
2026-04-23 03:13:56,126939508,58909,44036980,194467,20474,161,163,31672026,26288,0,0,0
2026-04-23 03:13:58,127000413,60905,44058166,194555,21274,139,163,31685191,13165,0,0,0
2026-04-23 03:13:59,127061445,61032,44079285,194652,21216,161,163,31698365,13174,0,0,0
2026-04-23 03:14:00,127121505,60060,44100107,194747,20917,162,163,31711517,13152,0,0,0
2026-04-23 03:14:01,127181155,59650,44120807,194824,20777,157,163,31724631,13114,0,0,0
2026-04-23 03:14:02,127233917,52762,44139118,194917,18404,161,163,31737750,13119,0,0,0
2026-04-23 03:14:03,127291861,57944,44159207,195022,20194,162,163,31750896,13146,0,0,0
2026-04-23 03:14:04,127350179,58318,44179465,195130,20366,147,163,31777176,26280,0,0,0
2026-04-23 03:14:06,127410366,60187,44200304,195225,20934,156,163,31790320,13144,0,0,0
2026-04-23 03:14:07,127470502,60136,44221189,195318,20978,143,163,31803482,13162,0,0,0
2026-04-23 03:14:08,127530529,60027,44241969,195406,20868,147,163,31816650,13168,0,0,0
2026-04-23 03:14:09,127587693,57164,44261882,195492,19999,162,163,31829787,13137,0,0,0
2026-04-23 03:14:10,127646216,58523,44282170,195574,20370,161,163,31842913,13126,0,0,0
2026-04-23 03:14:11,127706875,60659,44303177,195663,21096,156,163,31869133,26220,0,0,0
2026-04-23 03:14:13,127767116,60241,44324082,195747,20989,147,163,31882265,13132,0,0,0
2026-04-23 03:14:14,127827783,60667,44345150,195844,21165,162,163,31895380,13115,0,0,0
2026-04-23 03:14:15,127888468,60685,44366190,195946,21142,157,163,31908458,13078,0,0,0
2026-04-23 03:14:16,127947931,59463,44386808,196041,20713,160,163,31921528,13070,0,0,0
2026-04-23 03:14:17,128005276,57345,44406724,196128,20003,162,163,31934644,13116,0,0,0
2026-04-23 03:14:18,128061512,56236,44426206,196195,19549,155,163,31947791,13147,0,0,0
2026-04-23 03:14:19,128121323,59811,44446872,196284,20755,156,163,31974076,26285,0,0,0
2026-04-23 03:14:21,128180770,59447,44467580,196370,20794,162,163,31987200,13124,0,0,0
2026-04-23 03:14:22,128242410,61640,44488972,196457,21479,158,163,32000297,13097,0,0,0
2026-04-23 03:14:23,128302935,60525,44509979,196545,21095,161,163,32013355,13058,0,0,0
2026-04-23 03:14:24,128359271,56336,44529530,196638,19644,145,163,32026393,13038,0,0,0
2026-04-23 03:14:25,128415046,55775,44548875,196708,19415,162,163,32039427,13034,0,0,0
2026-04-23 03:14:26,128472726,57680,44568864,196797,20078,160,163,32052470,13043,0,0,0
2026-04-23 03:14:28,128533064,60338,44589777,196893,21009,156,163,32078519,26049,0,0,0
2026-04-23 03:14:29,128593532,60468,44610691,196994,21015,147,163,32091583,13064,0,0,0
2026-04-23 03:14:30,128655032,61500,44632043,197093,21451,156,163,32104656,13073,0,0,0
2026-04-23 03:14:31,128715109,60077,44652829,197189,20882,162,163,32117777,13121,0,0,0
2026-04-23 03:14:32,128773339,58230,44673034,197276,20292,162,163,32130851,13074,0,0,0
2026-04-23 03:14:33,128832528,59189,44693523,197359,20572,160,163,32143923,13072,0,0,0
2026-04-23 03:14:34,128892037,59509,44714229,197443,20790,162,163,32170089,26166,0,0,0
2026-04-23 03:14:36,128953466,61429,44735540,197549,21417,162,163,32183229,13140,0,0,0
2026-04-23 03:14:37,129014012,60546,44756466,197651,21028,159,163,32196349,13120,0,0,0
2026-04-23 03:14:38,129074555,60543,44777546,197735,21164,137,163,32209428,13079,0,0,0
2026-04-23 03:14:39,129135952,61397,44798793,197831,21343,153,163,32222482,13054,0,0,0
2026-04-23 03:14:40,129194283,58331,44819028,197915,20319,162,163,32235545,13063,0,0,0
2026-04-23 03:14:41,129247047,52764,44837355,197990,18402,162,163,32248601,13056,0,0,0
2026-04-23 03:14:42,129306363,59316,44857900,198087,20642,146,163,32274787,26186,0,0,0
2026-04-23 03:14:44,129365988,59625,44878605,198197,20815,162,163,32287879,13092,0,0,0
2026-04-23 03:14:45,129427426,61438,44899868,198310,21376,150,163,32300982,13103,0,0,0
2026-04-23 03:14:46,129488751,61325,44921139,198428,21389,161,163,32314093,13111,0,0,0
2026-04-23 03:14:47,129549735,60984,44942252,198519,21204,157,163,32327185,13092,0,0,0
2026-04-23 03:14:48,129608037,58302,44962519,198617,20365,162,163,32340224,13039,0,0,0
2026-04-23 03:14:49,129665592,57555,44982463,198724,20051,149,163,32366285,26061,0,0,0
2026-04-23 03:14:51,129725784,60192,45003411,198817,21041,148,163,32379353,13068,0,0,0
2026-04-23 03:14:52,129786351,60567,45024377,198917,21066,161,163,32392425,13072,0,0,0
2026-04-23 03:14:53,129847056,60705,45045497,199013,21216,146,163,32405499,13074,0,0,0
2026-04-23 03:14:54,129907752,60696,45066549,199101,21140,143,163,32418583,13084,0,0,0
2026-04-23 03:14:55,129968177,60425,45087490,199211,21051,161,163,32431650,13067,0,0,0
2026-04-23 03:14:56,130025557,57380,45107392,199299,19990,141,163,32444696,13046,0,0,0
2026-04-23 03:14:58,130082328,56771,45127074,199383,19766,161,163,32470772,26076,0,0,0
2026-04-23 03:14:59,130143149,60821,45148168,199480,21191,148,163,32483861,13089,0,0,0
2026-04-23 03:15:00,130204134,60985,45169335,199551,21238,154,163,32496952,13091,0,0,0
2026-04-23 03:15:01,130263301,59167,45189860,199633,20607,147,163,32510019,13067,0,0,0
2026-04-23 03:15:02,130323190,59889,45210685,199718,20910,162,163,32523096,13077,0,0,0
2026-04-23 03:15:03,130383015,59825,45231430,199813,20840,161,163,32536164,13068,0,0,0
2026-04-23 03:15:04,130443459,60444,45252397,199898,21052,145,163,32562305,26141,0,0,0
2026-04-23 03:15:06,130505026,61567,45273761,199992,21458,162,163,32575386,13081,0,0,0
2026-04-23 03:15:07,130565797,60771,45294853,200078,21178,162,163,32588479,13093,0,0,0
2026-04-23 03:15:08,130627324,61527,45316189,200175,21433,159,163,32601564,13085,0,0,0
2026-04-23 03:15:09,130687858,60534,45337257,200261,21154,141,163,32614673,13109,0,0,0
2026-04-23 03:15:10,130748684,60826,45358289,200355,21126,162,163,32627747,13074,0,0,0
2026-04-23 03:15:11,130807899,59215,45378803,200446,20605,156,163,32653876,26129,0,0,0
2026-04-23 03:15:13,130867160,59261,45399334,200537,20622,159,163,32666944,13068,0,0,0
2026-04-23 03:15:14,130924095,56935,45419113,200613,19855,162,163,32679983,13039,0,0,0
2026-04-23 03:15:15,130980157,56062,45438546,200700,19520,162,163,32693019,13036,0,0,0
2026-04-23 03:15:16,131040428,60271,45459354,200806,20914,153,163,32706060,13041,0,0,0
2026-04-23 03:15:17,131100120,59692,45480126,200890,20856,160,163,32719112,13052,0,0,0
2026-04-23 03:15:18,131161059,60939,45501243,200986,21213,156,163,32732181,13069,0,0,0
2026-04-23 03:15:20,131223202,62143,45522780,201064,21615,149,163,32758305,26124,0,0,0
2026-04-23 03:15:21,131285381,62179,45544309,201154,21619,157,163,32771329,13024,0,0,0
2026-04-23 03:15:22,131346922,61541,45565667,201242,21446,152,163,32784371,13042,0,0,0
2026-04-23 03:15:23,131408351,61429,45587054,201337,21482,148,163,32797385,13014,0,0,0
2026-04-23 03:15:24,131469175,60824,45608135,201432,21176,155,163,32810400,13015,0,0,0
2026-04-23 03:15:25,131529788,60613,45629109,201527,21069,153,163,32823387,12987,0,0,0
2026-04-23 03:15:26,131592221,62433,45650759,201622,21745,144,163,32849364,25977,0,0,0
2026-04-23 03:15:28,131653120,60899,45671947,201721,21287,155,163,32862371,13007,0,0,0
2026-04-23 03:15:29,131714142,61022,45693082,201817,21231,156,163,32875369,12998,0,0,0
2026-04-23 03:15:30,131775732,61590,45714450,201914,21465,154,163,32888409,13040,0,0,0
2026-04-23 03:15:31,131836153,60421,45735437,202000,21073,154,163,32901418,13009,0,0,0
2026-04-23 03:15:32,131896420,60267,45756374,202106,21043,161,163,32914434,13016,0,0,0
2026-04-23 03:15:33,131956769,60349,45777340,202187,21047,140,163,32940428,25994,0,0,0
2026-04-23 03:15:35,132016994,60225,45798217,202271,20961,153,163,32953436,13008,0,0,0
2026-04-23 03:15:36,132077596,60602,45819293,202357,21162,159,163,32966436,13000,0,0,0
2026-04-23 03:15:37,132138278,60682,45840351,202450,21151,157,163,32979446,13010,0,0,0
2026-04-23 03:15:38,132199432,61154,45861548,202539,21286,158,163,32992471,13025,0,0,0
2026-04-23 03:15:39,132260357,60925,45882722,202631,21266,160,163,33005524,13053,0,0,0
2026-04-23 03:15:40,132320910,60553,45903739,202729,21115,161,163,33018582,13058,0,0,0
2026-04-23 03:15:42,132382249,61339,45924992,202819,21343,143,163,33044642,26060,0,0,0
2026-04-23 03:15:43,132443696,61447,45946360,202899,21448,162,163,33057685,13043,0,0,0
2026-04-23 03:15:44,132505025,61329,45967523,203014,21278,160,163,33070719,13034,0,0,0
2026-04-23 03:15:45,132565601,60576,45988561,203104,21128,158,163,33083738,13019,0,0,0
2026-04-23 03:15:46,132626997,61396,46009942,203189,21466,162,163,33096745,13007,0,0,0
2026-04-23 03:15:47,132687197,60200,46030818,203277,20964,148,163,33109774,13029,0,0,0
2026-04-23 03:15:48,132747512,60315,46051715,203377,20997,162,163,33135820,26046,0,0,0
2026-04-23 03:15:50,132807856,60344,46072659,203466,21033,162,163,33148812,12992,0,0,0
2026-04-23 03:15:51,132869278,61422,46093965,203547,21387,153,163,33161824,13012,0,0,0
2026-04-23 03:15:52,132931754,62476,46115593,203633,21714,142,163,33174859,13035,0,0,0
2026-04-23 03:15:53,132992949,61195,46136810,203727,21311,160,163,33187909,13050,0,0,0
2026-04-23 03:15:54,133054157,61208,46158053,203824,21340,156,163,33201006,13097,0,0,0
2026-04-23 03:15:55,133114956,60799,46179166,203915,21204,162,163,33227178,26172,0,0,0
2026-04-23 03:15:57,133176429,61473,46200510,204006,21435,161,163,33240236,13058,0,0,0
2026-04-23 03:15:58,133237304,60875,46221628,204093,21205,152,163,33253298,13062,0,0,0
2026-04-23 03:15:59,133299955,62651,46243342,204193,21814,161,163,33266342,13044,0,0,0
2026-04-23 03:16:00,133360355,60400,46264395,204278,21138,162,163,33279367,13025,0,0,0
2026-04-23 03:16:01,133421185,60830,46285441,204381,21149,162,163,33292427,13060,0,0,0
2026-04-23 03:16:02,133481449,60264,46306343,204475,20996,149,163,33305481,13054,0,0,0
2026-04-23 03:16:04,133542801,61352,46327651,204565,21398,162,163,33331547,26066,0,0,0
2026-04-23 03:16:05,133604048,61247,46348892,204649,21325,154,163,33344593,13046,0,0,0
2026-04-23 03:16:06,133665091,61043,46370119,204738,21316,147,163,33357686,13093,0,0,0
2026-04-23 03:16:07,133726391,61300,46391378,204847,21368,162,163,33370790,13104,0,0,0
2026-04-23 03:16:08,133786211,59820,46412171,204926,20872,161,163,33383909,13119,0,0,0
2026-04-23 03:16:09,133847993,61782,46433601,205027,21531,150,163,33397018,13109,0,0,0
2026-04-23 03:16:10,133909315,61322,46454842,205142,21356,144,163,33423272,26254,0,0,0
2026-04-23 03:16:12,133971392,62077,46476370,205232,21618,154,163,33436408,13136,0,0,0
2026-04-23 03:16:13,134032643,61251,46497602,205315,21315,159,163,33449516,13108,0,0,0
2026-04-23 03:16:14,134094931,62288,46519143,205417,21643,151,163,33462629,13113,0,0,0
2026-04-23 03:16:15,134154801,59870,46539964,205504,20908,162,163,33475721,13092,0,0,0
2026-04-23 03:16:16,134215581,60780,46561027,205586,21145,158,163,33488798,13077,0,0,0
2026-04-23 03:16:17,134276740,61159,46582288,205670,21345,161,163,33501896,13098,0,0,0
2026-04-23 03:16:19,134338342,61602,46603672,205778,21492,161,163,33528091,26195,0,0,0
2026-04-23 03:16:20,134400657,62315,46625236,205871,21657,160,163,33541158,13067,0,0,0
2026-04-23 03:16:21,134461091,60434,46646162,205972,21027,162,163,33554260,13102,0,0,0
2026-04-23 03:16:22,134522045,60954,46667335,206059,21260,158,163,33567406,13146,0,0,0
2026-04-23 03:16:23,134582962,60917,46688480,206140,21226,162,163,33580570,13164,0,0,0
2026-04-23 03:16:24,134643415,60453,46709474,206251,21105,162,163,33593730,13160,0,0,0
2026-04-23 03:16:26,134704570,61155,46730628,206354,21257,149,163,33620049,26319,0,0,0
2026-04-23 03:16:27,134766095,61525,46751967,206455,21440,141,163,33633217,13168,0,0,0
2026-04-23 03:16:28,134828234,62139,46773522,206554,21654,161,163,33646405,13188,0,0,0
2026-04-23 03:16:29,134889701,61467,46794841,206644,21409,154,163,33659581,13176,0,0,0
2026-04-23 03:16:30,134950570,60869,46816047,206732,21294,153,163,33672716,13135,0,0,0
2026-04-23 03:16:31,135010780,60210,46836927,206823,20971,145,163,33685836,13120,0,0,0
2026-04-23 03:16:33,135071573,60793,46857989,206921,21160,140,163,33712080,26244,0,0,0
2026-04-23 03:16:34,135132903,61330,46879266,207002,21358,156,163,33725216,13136,0,0,0
2026-04-23 03:16:35,135195425,62522,46900962,207093,21787,162,163,33738338,13122,0,0,0
2026-04-23 03:16:36,135256406,60981,46922088,207190,21223,162,163,33751463,13125,0,0,0
2026-04-23 03:16:37,135317964,61558,46943457,207267,21446,161,163,33764607,13144,0,0,0
2026-04-23 03:16:38,135379403,61439,46964728,207362,21366,161,163,33777764,13157,0,0,0
2026-04-23 03:16:40,135440060,60657,46985774,207452,21136,162,163,33804107,26343,0,0,0
2026-04-23 03:16:41,135502217,62157,47007300,207543,21617,132,163,33817253,13146,0,0,0
2026-04-23 03:16:42,135564749,62532,47029014,207639,21810,161,163,33830392,13139,0,0,0
2026-04-23 03:16:43,135626088,61339,47050288,207722,21357,157,163,33843535,13143,0,0,0
2026-04-23 03:16:44,135687764,61676,47071703,207817,21510,162,163,33856698,13163,0,0,0
2026-04-23 03:16:45,135748761,60997,47092842,207894,21216,157,163,33869865,13167,0,0,0
2026-04-23 03:16:46,135809841,61080,47114051,207980,21295,151,163,33896224,26359,0,0,0
2026-04-23 03:16:48,135871888,62047,47135562,208078,21609,150,163,33909377,13153,0,0,0
2026-04-23 03:16:49,135933603,61715,47156971,208165,21496,162,163,33922519,13142,0,0,0
2026-04-23 03:16:50,135994830,61227,47178235,208249,21348,149,163,33935635,13116,0,0,0
2026-04-23 03:16:51,136055685,60855,47199368,208339,21223,161,163,33948776,13141,0,0,0
2026-04-23 03:16:52,136116699,61014,47220555,208435,21283,162,163,33961960,13184,0,0,0
2026-04-23 03:16:53,136177791,61092,47241762,208525,21297,154,163,33988279,26319,0,0,0
2026-04-23 03:16:55,136239055,61264,47262994,208608,21315,159,163,34001404,13125,0,0,0
2026-04-23 03:16:56,136300662,61607,47284347,208718,21463,159,163,34014564,13160,0,0,0
2026-04-23 03:16:57,136362215,61553,47305678,208818,21431,159,163,34027727,13163,0,0,0
2026-04-23 03:16:58,136422689,60474,47326696,208902,21102,162,163,34040895,13168,0,0,0
2026-04-23 03:16:59,136483348,60659,47347736,208991,21129,161,163,34054098,13203,0,0,0
2026-04-23 03:17:00,136543662,60314,47368694,209071,21038,161,163,34067316,13218,0,0,0
2026-04-23 03:17:02,136604520,60858,47389823,209170,21228,153,163,34093716,26400,0,0,0
2026-04-23 03:17:03,136666601,62081,47411299,209287,21593,148,163,34106893,13177,0,0,0
2026-04-23 03:17:04,136728238,61637,47432722,209375,21511,145,163,34120067,13174,0,0,0
2026-04-23 03:17:05,136789948,61710,47454058,209480,21441,147,163,34133249,13182,0,0,0
2026-04-23 03:17:06,136850774,60826,47475168,209579,21209,149,163,34146401,13152,0,0,0
2026-04-23 03:17:07,136911794,61020,47496381,209683,21317,152,163,34159552,13151,0,0,0
2026-04-23 03:17:09,136973893,62099,47517854,209796,21586,155,163,34185865,26313,0,0,0
2026-04-23 03:17:10,137034883,60990,47539028,209897,21275,160,163,34199008,13143,0,0,0
2026-04-23 03:17:11,137095834,60951,47560158,210008,21241,153,163,34212205,13197,0,0,0
2026-04-23 03:17:12,137157646,61812,47581575,210098,21507,150,163,34225396,13191,0,0,0
2026-04-23 03:17:13,137218863,61217,47602815,210195,21337,159,163,34238607,13211,0,0,0
2026-04-23 03:17:14,137279780,60917,47623993,210281,21264,160,163,34251792,13185,0,0,0
2026-04-23 03:17:16,137339643,59863,47644830,210379,20935,162,163,34278066,26274,0,0,0
2026-04-23 03:17:17,137400042,60399,47665806,210467,21064,161,163,34291202,13136,0,0,0
2026-04-23 03:17:18,137461145,61103,47687031,210554,21312,162,163,34304368,13166,0,0,0
2026-04-23 03:17:19,137522673,61528,47708324,210649,21388,147,163,34317565,13197,0,0,0
2026-04-23 03:17:20,137583750,61077,47729583,210737,21347,162,163,34330742,13177,0,0,0
2026-04-23 03:17:21,137644289,60539,47750562,210830,21072,162,163,34343906,13164,0,0,0
2026-04-23 03:17:23,137704737,60448,47771477,210933,21018,151,163,34370306,26400,0,0,0
2026-04-23 03:17:24,137766301,61564,47792825,211024,21439,157,163,34383502,13196,0,0,0
2026-04-23 03:17:25,137828052,61751,47814248,211120,21519,156,163,34396677,13175,0,0,0
2026-04-23 03:17:26,137888726,60674,47835331,211205,21168,162,163,34409837,13160,0,0,0
2026-04-23 03:17:27,137950144,61418,47856603,211291,21358,160,163,34422997,13160,0,0,0
2026-04-23 03:17:28,138011072,60928,47877756,211385,21247,155,163,34436192,13195,0,0,0
2026-04-23 03:17:29,138072740,61668,47899144,211494,21497,162,163,34449397,13205,0,0,0
2026-04-23 03:17:31,138134268,61528,47920498,211598,21458,159,163,34475820,26423,0,0,0
2026-04-23 03:17:32,138195936,61668,47941909,211682,21495,155,163,34488978,13158,0,0,0
2026-04-23 03:17:33,138258056,62120,47963424,211767,21600,162,163,34502134,13156,0,0,0
2026-04-23 03:17:34,138319940,61884,47984918,211842,21569,157,163,34515283,13149,0,0,0
2026-04-23 03:17:35,138381800,61860,48006362,211929,21531,152,163,34528431,13148,0,0,0
2026-04-23 03:17:36,138442940,61140,48027534,212037,21280,160,163,34554768,26337,0,0,0
2026-04-23 03:17:38,138504607,61667,48048943,212123,21495,162,163,34568025,13257,0,0,0
2026-04-23 03:17:39,138566613,62006,48070430,212218,21582,156,163,34581326,13301,0,0,0
2026-04-23 03:17:40,138627632,61019,48091603,212304,21259,156,163,34594618,13292,0,0,0
2026-04-23 03:17:41,138688737,61105,48112841,212389,21323,162,163,34607859,13241,0,0,0
2026-04-23 03:17:42,138749077,60340,48133751,212470,20991,156,163,34621089,13230,0,0,0
2026-04-23 03:17:43,138810215,61138,48154964,212570,21313,155,163,34634337,13248,0,0,0
2026-04-23 03:17:45,138871206,60991,48176138,212655,21259,161,163,34660811,26474,0,0,0
2026-04-23 03:17:46,138933825,62619,48197831,212753,21791,161,163,34673982,13171,0,0,0
2026-04-23 03:17:47,138995053,61228,48219055,212852,21323,157,163,34687143,13161,0,0,0
2026-04-23 03:17:48,139056610,61557,48240345,212947,21385,161,163,34700295,13152,0,0,0
2026-04-23 03:17:49,139117647,61037,48261554,213035,21297,146,163,34713450,13155,0,0,0
2026-04-23 03:17:50,139178190,60543,48282541,213159,21111,158,163,34726628,13178,0,0,0
2026-04-23 03:17:52,139239983,61793,48303922,213256,21478,151,163,34753070,26442,0,0,0
2026-04-23 03:17:53,139301707,61724,48325345,213339,21506,139,163,34766282,13212,0,0,0
2026-04-23 03:17:54,139362854,61147,48346594,213434,21344,162,163,34779463,13181,0,0,0
2026-04-23 03:17:55,139424019,61165,48367762,213536,21270,151,163,34792638,13175,0,0,0
2026-04-23 03:17:56,139485476,61457,48389019,213616,21337,141,163,34805855,13217,0,0,0
2026-04-23 03:17:57,139545705,60229,48409967,213711,21043,161,163,34819084,13229,0,0,0
2026-04-23 03:17:59,139608524,62819,48431732,213798,21852,160,163,34845484,26400,0,0,0
2026-04-23 03:18:00,139670066,61542,48453088,213891,21449,150,163,34858691,13207,0,0,0
2026-04-23 03:18:01,139731729,61663,48474483,213979,21483,143,163,34871881,13190,0,0,0
2026-04-23 03:18:02,139793574,61845,48495922,214088,21548,146,163,34885073,13192,0,0,0
2026-04-23 03:18:03,139853897,60323,48516890,214176,21056,159,163,34898256,13183,0,0,0
2026-04-23 03:18:04,139914323,60426,48537815,214271,21020,161,163,34911454,13198,0,0,0
2026-04-23 03:18:06,139974938,60615,48558838,214378,21130,155,163,34937867,26413,0,0,0
2026-04-23 03:18:07,140035695,60757,48579921,214498,21203,162,163,34951086,13219,0,0,0
2026-04-23 03:18:08,140097511,61816,48601338,214598,21517,162,163,34964323,13237,0,0,0
2026-04-23 03:18:09,140158714,61203,48622537,214685,21286,161,163,34977547,13224,0,0,0
2026-04-23 03:18:10,140220657,61943,48643980,214779,21537,155,163,34990805,13258,0,0,0
2026-04-23 03:18:11,140281490,60833,48665119,214867,21227,145,163,35004058,13253,0,0,0
2026-04-23 03:18:12,140341989,60499,48686079,214944,21037,156,163,35017333,13275,0,0,0
2026-04-23 03:18:14,140403408,61419,48707380,215037,21394,156,163,35043779,26446,0,0,0
2026-04-23 03:18:15,140464197,60789,48728482,215151,21216,144,163,35056986,13207,0,0,0
2026-04-23 03:18:16,140526335,62138,48750048,215228,21643,152,163,35070185,13199,0,0,0
2026-04-23 03:18:17,140587947,61612,48771437,215315,21476,162,163,35083413,13228,0,0,0
2026-04-23 03:18:18,140650097,62150,48792964,215423,21635,159,163,35096641,13228,0,0,0
2026-04-23 03:18:19,140711304,61207,48814178,215519,21310,162,163,35109898,13257,0,0,0
2026-04-23 03:18:21,140772186,60882,48835293,215609,21205,153,163,35136393,26495,0,0,0
2026-04-23 03:18:22,140833665,61479,48856614,215704,21416,152,163,35149639,13246,0,0,0
2026-04-23 03:18:23,140894533,60868,48877685,215812,21179,144,163,35162869,13230,0,0,0
2026-04-23 03:18:24,140955339,60806,48898755,215908,21166,151,163,35176106,13237,0,0,0
2026-04-23 03:18:25,141016842,61503,48920082,215993,21412,158,163,35189358,13252,0,0,0
2026-04-23 03:18:26,141077302,60460,48941107,216086,21118,161,163,35202608,13250,0,0,0
2026-04-23 03:18:28,141138289,60987,48962271,216174,21252,161,163,35229110,26502,0,0,0
2026-04-23 03:18:29,141195547,57258,48982159,216262,19976,162,163,35242349,13239,0,0,0
2026-04-23 03:18:30,141253669,58122,49002280,216353,20212,155,163,35255576,13227,0,0,0
2026-04-23 03:18:31,141314999,61330,49023536,216461,21364,161,163,35268792,13216,0,0,0
2026-04-23 03:18:32,141375340,60341,49044480,216568,21051,152,163,35282020,13228,0,0,0
2026-04-23 03:18:33,141436124,60784,49065609,216651,21212,154,163,35295235,13215,0,0,0
2026-04-23 03:18:35,141497991,61867,49087016,216746,21502,158,163,35321676,26441,0,0,0
2026-04-23 03:18:36,141559167,61176,49108253,216838,21329,162,163,35334941,13265,0,0,0
2026-04-23 03:18:37,141619285,60118,49129110,216930,20949,160,163,35348197,13256,0,0,0
2026-04-23 03:18:38,141682093,62808,49150901,217033,21894,162,163,35361471,13274,0,0,0
2026-04-23 03:18:39,141742998,60905,49171950,217131,21147,152,163,35374729,13258,0,0,0
2026-04-23 03:18:40,141803925,60927,49193090,217207,21216,151,163,35388033,13304,0,0,0
2026-04-23 03:18:42,141864748,60823,49214210,217298,21211,161,163,35414548,26515,0,0,0
2026-04-23 03:18:43,141926019,61271,49235490,217399,21381,150,163,35427754,13206,0,0,0
2026-04-23 03:18:44,141986224,60205,49256322,217492,20925,162,163,35440937,13183,0,0,0
2026-04-23 03:18:45,142045852,59628,49276964,217608,20758,156,163,35454128,13191,0,0,0
2026-04-23 03:18:46,142104237,58385,49297226,217701,20355,161,163,35467336,13208,0,0,0
2026-04-23 03:18:47,142163148,58911,49317668,217777,20518,162,163,35480551,13215,0,0,0
2026-04-23 03:18:48,142221839,58691,49338016,217868,20439,161,163,35493779,13228,0,0,0
2026-04-23 03:18:50,142282812,60973,49359114,217968,21198,157,163,35520229,26450,0,0,0
2026-04-23 03:18:51,142344324,61512,49380483,218069,21470,160,163,35533466,13237,0,0,0
2026-04-23 03:18:52,142403732,59408,49401045,218184,20677,150,163,35546678,13212,0,0,0
2026-04-23 03:18:53,142459813,56081,49420477,218275,19523,162,163,35559900,13222,0,0,0
2026-04-23 03:18:54,142518317,58504,49440778,218375,20401,160,163,35573126,13226,0,0,0
2026-04-23 03:18:55,142578368,60051,49461664,218457,20968,162,163,35586351,13225,0,0,0
2026-04-23 03:18:57,142638260,59892,49482374,218554,20807,158,163,35612707,26356,0,0,0
2026-04-23 03:18:58,142699864,61604,49503711,218654,21437,140,163,35625839,13132,0,0,0
2026-04-23 03:18:59,142760945,61081,49524906,218756,21297,161,163,35638973,13134,0,0,0
2026-04-23 03:19:00,142821858,60913,49546040,218829,21207,162,163,35652166,13193,0,0,0
2026-04-23 03:19:01,142877738,55880,49565419,218927,19477,153,163,35665338,13172,0,0,0
2026-04-23 03:19:02,142934512,56774,49585112,219025,19791,153,163,35678537,13199,0,0,0
2026-04-23 03:19:04,142994299,59787,49605864,219115,20842,161,163,35704873,26336,0,0,0
2026-04-23 03:19:05,143054200,59901,49626650,219206,20877,151,163,35718052,13179,0,0,0
2026-04-23 03:19:06,143115500,61300,49647935,219304,21383,148,163,35731241,13189,0,0,0
2026-04-23 03:19:07,143176458,60958,49669016,219402,21179,154,163,35744422,13181,0,0,0
2026-04-23 03:19:08,143237407,60949,49690173,219509,21264,162,163,35757640,13218,0,0,0
2026-04-23 03:19:09,143295665,58258,49710346,219604,20268,145,163,35770858,13218,0,0,0
2026-04-23 03:19:10,143353424,57759,49730371,219703,20124,162,163,35784054,13196,0,0,0
2026-04-23 03:19:12,143414388,60964,49751498,219792,21216,160,163,35810423,26369,0,0,0
2026-04-23 03:19:13,143475257,60869,49772624,219884,21218,161,163,35823632,13209,0,0,0
2026-04-23 03:19:14,143537097,61840,49794072,219981,21545,141,163,35836819,13187,0,0,0
2026-04-23 03:19:15,143597365,60268,49814975,220068,20990,162,163,35850030,13211,0,0,0
2026-04-23 03:19:16,143654482,57117,49834820,220161,19938,142,163,35863232,13202,0,0,0
2026-04-23 03:19:17,143708995,54513,49853746,220247,19012,162,163,35876461,13229,0,0,0
2026-04-23 03:19:19,143763660,54665,49872674,220339,19020,161,163,35889662,13201,0,0,0
2026-04-23 03:19:20,143820974,57314,49892561,220422,19970,162,163,35916046,26384,0,0,0
2026-04-23 03:19:21,143880310,59336,49913136,220513,20666,159,163,35929226,13180,0,0,0
2026-04-23 03:19:22,143940378,60068,49933945,220593,20889,155,163,35942383,13157,0,0,0
2026-04-23 03:19:23,144000888,60510,49954968,220693,21123,162,163,35955536,13153,0,0,0
2026-04-23 03:19:24,144058619,57731,49975035,220771,20145,155,163,35968694,13158,0,0,0
2026-04-23 03:19:25,144113129,54510,49993956,220853,19003,162,163,35981825,13131,0,0,0
2026-04-23 03:19:27,144168174,55045,50013029,220938,19158,161,163,36008126,26301,0,0,0
2026-04-23 03:19:28,144226954,58780,50033404,221039,20476,158,163,36021247,13121,0,0,0
2026-04-23 03:19:29,144286718,59764,50054121,221127,20805,159,163,36034344,13097,0,0,0
2026-04-23 03:19:30,144346774,60056,50074951,221226,20929,142,163,36047468,13124,0,0,0
2026-04-23 03:19:31,144406614,59840,50095731,221316,20870,159,163,36060588,13120,0,0,0
2026-04-23 03:19:32,144467346,60732,50116742,221437,21132,149,163,36073700,13112,0,0,0
2026-04-23 03:19:34,144524478,57132,50136573,221506,19900,161,163,36086822,13122,0,0,0
2026-04-23 03:19:35,144580436,55958,50155984,221583,19488,149,163,36113003,26181,0,0,0
2026-04-23 03:19:36,144640650,60214,50176826,221675,20934,153,163,36126113,13110,0,0,0
2026-04-23 03:19:37,144701004,60354,50197762,221774,21035,159,163,36139192,13079,0,0,0
2026-04-23 03:19:38,144761277,60273,50218600,221871,20935,161,163,36152275,13083,0,0,0
2026-04-23 03:19:39,144819889,58612,50239023,221944,20496,161,163,36165312,13037,0,0,0
2026-04-23 03:19:40,144877332,57443,50258910,222058,20001,162,163,36178371,13059,0,0,0
2026-04-23 03:19:42,144933788,56456,50278507,222153,19692,162,163,36204438,26067,0,0,0
2026-04-23 03:19:43,144989521,55733,50297806,222229,19375,147,163,36217455,13017,0,0,0
2026-04-23 03:19:44,145044708,55187,50317013,222312,19290,156,163,36230479,13024,0,0,0
2026-04-23 03:19:45,145102113,57405,50336921,222391,19987,155,163,36243548,13069,0,0,0
2026-04-23 03:19:46,145160637,58524,50357201,222490,20379,151,163,36256595,13047,0,0,0
2026-04-23 03:19:47,145218516,57879,50377304,222564,20177,162,163,36269653,13058,0,0,0
2026-04-23 03:19:48,145276701,58185,50397478,222667,20277,162,163,36282655,13002,0,0,0
2026-04-23 03:19:50,145335685,58984,50417880,222744,20479,152,163,36308739,26084,0,0,0
2026-04-23 03:19:51,145394747,59062,50438427,222837,20640,159,163,36321834,13095,0,0,0
2026-04-23 03:19:52,145454647,59900,50459166,222937,20839,161,163,36334855,13021,0,0,0
2026-04-23 03:19:53,145515038,60391,50480194,223046,21137,149,163,36347880,13025,0,0,0
2026-04-23 03:19:54,145576040,61002,50501326,223132,21218,154,163,36360877,12997,0,0,0
2026-04-23 03:19:55,145636535,60495,50522343,223227,21112,157,163,36373827,12950,0,0,0
2026-04-23 03:19:57,145697237,60702,50543437,223319,21186,159,163,36399705,25878,0,0,0
2026-04-23 03:19:58,145758418,61181,50564684,223399,21327,161,163,36412665,12960,0,0,0
2026-04-23 03:19:59,145819737,61319,50585934,223496,21347,162,163,36425688,13023,0,0,0
2026-04-23 03:20:00,145881218,61481,50607294,223578,21442,137,163,36438743,13055,0,0,0
2026-04-23 03:20:01,145941777,60559,50628314,223663,21105,147,163,36451800,13057,0,0,0
2026-04-23 03:20:02,146002136,60359,50649276,223732,21031,162,163,36464788,12988,0,0,0
2026-04-23 03:20:04,146063817,61681,50670680,223812,21484,160,163,36490676,25888,0,0,0
2026-04-23 03:20:05,146124630,60813,50691725,223912,21145,155,163,36503650,12974,0,0,0
2026-04-23 03:20:06,146186613,61983,50713209,224027,21599,145,163,36516650,13000,0,0,0
2026-04-23 03:20:07,146247969,61356,50734543,224118,21425,149,163,36529643,12993,0,0,0
2026-04-23 03:20:08,146308728,60759,50755607,224197,21143,150,163,36542625,12982,0,0,0
2026-04-23 03:20:09,146369156,60428,50776612,224290,21098,162,163,36555626,13001,0,0,0
2026-04-23 03:20:11,146430608,61452,50797951,224383,21432,162,163,36581551,25925,0,0,0
2026-04-23 03:20:12,146491657,61049,50819070,224489,21225,162,163,36594534,12983,0,0,0
2026-04-23 03:20:13,146552443,60786,50840135,224587,21163,160,163,36607525,12991,0,0,0
2026-04-23 03:20:14,146613965,61522,50861455,224676,21409,158,163,36620505,12980,0,0,0
2026-04-23 03:20:15,146674734,60769,50882587,224761,21217,152,163,36633489,12984,0,0,0
2026-04-23 03:20:16,146735568,60834,50903658,224842,21152,155,163,36646454,12965,0,0,0
2026-04-23 03:20:18,146796292,60724,50924753,224929,21182,141,163,36672382,25928,0,0,0
2026-04-23 03:20:19,146857420,61128,50945967,225025,21310,150,163,36685345,12963,0,0,0
2026-04-23 03:20:20,146919073,61653,50967407,225109,21524,154,163,36698339,12994,0,0,0
2026-04-23 03:20:21,146980231,61158,50988618,225198,21300,151,163,36711350,13011,0,0,0
2026-04-23 03:20:22,147041727,61496,51009969,225295,21448,162,163,36724386,13036,0,0,0
2026-04-23 03:20:23,147102762,61035,51031142,225380,21258,158,163,36737429,13043,0,0,0
2026-04-23 03:20:25,147163797,61035,51052288,225475,21241,155,163,36763521,26092,0,0,0
2026-04-23 03:20:26,147224970,61173,51073481,225567,21285,161,163,36776541,13020,0,0,0
2026-04-23 03:20:27,147285569,60599,51094574,225663,21189,162,163,36789545,13004,0,0,0
2026-04-23 03:20:28,147346848,61279,51115785,225753,21301,162,163,36802567,13022,0,0,0
2026-04-23 03:20:29,147408814,61966,51137227,225857,21546,162,163,36815609,13042,0,0,0
2026-04-23 03:20:30,147470274,61460,51158560,225946,21422,147,163,36828592,12983,0,0,0
2026-04-23 03:20:32,147530685,60411,51179471,226051,21016,155,163,36841586,12994,0,0,0
2026-04-23 03:20:33,147591525,60840,51200568,226152,21198,159,163,36867584,25998,0,0,0
2026-04-23 03:20:34,147653061,61536,51221973,226246,21499,162,163,36880617,13033,0,0,0
2026-04-23 03:20:35,147713106,60045,51242810,226336,20927,146,163,36893663,13046,0,0,0
2026-04-23 03:20:36,147774532,61426,51264141,226429,21424,155,163,36906726,13063,0,0,0
2026-04-23 03:20:37,147835983,61451,51285449,226518,21397,160,163,36919787,13061,0,0,0
2026-04-23 03:20:38,147896174,60191,51306382,226594,21009,152,163,36932784,12997,0,0,0
2026-04-23 03:20:40,147957473,61299,51327659,226691,21374,157,163,36958776,25992,0,0,0
2026-04-23 03:20:41,148018839,61366,51348930,226802,21382,147,163,36971819,13043,0,0,0
2026-04-23 03:20:42,148080286,61447,51370243,226896,21407,159,163,36984906,13087,0,0,0
2026-04-23 03:20:43,148141351,61065,51391405,226989,21255,158,163,36998044,13138,0,0,0
2026-04-23 03:20:44,148201942,60591,51412447,227068,21121,151,163,37011123,13079,0,0,0
2026-04-23 03:20:45,148262953,61011,51433617,227152,21254,162,163,37024160,13037,0,0,0
2026-04-23 03:20:47,148324349,61396,51454904,227250,21385,162,163,37050282,26122,0,0,0
2026-04-23 03:20:48,148385905,61556,51476198,227348,21392,155,163,37063352,13070,0,0,0
2026-04-23 03:20:49,148448057,62152,51497785,227450,21689,158,163,37076417,13065,0,0,0
2026-04-23 03:20:50,148509133,61076,51519024,227534,21323,138,163,37089501,13084,0,0,0
2026-04-23 03:20:51,148570072,60939,51540192,227628,21262,157,163,37102562,13061,0,0,0
2026-04-23 03:20:52,148631188,61116,51561405,227722,21307,162,163,37115605,13043,0,0,0
2026-04-23 03:20:54,148692717,61529,51582717,227834,21424,153,163,37141692,26087,0,0,0
2026-04-23 03:20:55,148753472,60755,51603781,227921,21151,162,163,37154746,13054,0,0,0
2026-04-23 03:20:56,148814413,60941,51624899,228018,21215,154,163,37167767,13021,0,0,0
2026-04-23 03:20:57,148875556,61143,51646139,228126,21348,161,163,37180786,13019,0,0,0
2026-04-23 03:20:58,148935636,60080,51666937,228230,20902,151,163,37193843,13057,0,0,0
2026-04-23 03:20:59,148995993,60357,51687900,228315,21048,159,163,37206881,13038,0,0,0
2026-04-23 03:21:01,149056850,60857,51709019,228426,21230,155,163,37219901,13020,0,0,0
2026-04-23 03:21:02,149118545,61695,51730471,228513,21539,135,163,37245861,25960,0,0,0
2026-04-23 03:21:03,149179214,60669,51751507,228622,21145,144,163,37258872,13011,0,0,0
2026-04-23 03:21:04,149240256,61042,51772693,228715,21279,157,163,37271908,13036,0,0,0
2026-04-23 03:21:05,149301010,60754,51793765,228821,21178,152,163,37284951,13043,0,0,0
2026-04-23 03:21:06,149362254,61244,51815054,228929,21397,161,163,37298066,13115,0,0,0
2026-04-23 03:21:08,149423719,61465,51836354,229014,21385,160,163,37311157,13091,0,0,0
2026-04-23 03:21:09,149485139,61420,51857654,229116,21402,146,163,37337322,26165,0,0,0
2026-04-23 03:21:10,149546664,61525,51878955,229221,21406,152,163,37350390,13068,0,0,0
2026-04-23 03:21:11,149607338,60674,51900010,229329,21163,160,163,37363489,13099,0,0,0
2026-04-23 03:21:12,149669133,61795,51921391,229430,21482,162,163,37376582,13093,0,0,0
2026-04-23 03:21:13,149730342,61209,51942596,229529,21304,154,163,37389647,13065,0,0,0
2026-04-23 03:21:15,149791837,61495,51963956,229612,21443,162,163,37402710,13063,0,0,0
2026-04-23 03:21:16,149852608,60771,51985032,229695,21159,160,163,37428844,26134,0,0,0
2026-04-23 03:21:17,149913280,60672,52006090,229782,21145,159,163,37441919,13075,0,0,0
2026-04-23 03:21:18,149974007,60727,52027187,229884,21199,145,163,37454999,13080,0,0,0
2026-04-23 03:21:19,150035083,61076,52048411,229967,21307,154,163,37468060,13061,0,0,0
2026-04-23 03:21:20,150096676,61593,52069753,230059,21434,159,163,37481107,13047,0,0,0
2026-04-23 03:21:21,150157222,60546,52090842,230156,21186,140,163,37494145,13038,0,0,0
2026-04-23 03:21:23,150218637,61415,52112118,230244,21364,162,163,37520274,26129,0,0,0
2026-04-23 03:21:24,150280067,61430,52133399,230338,21375,150,163,37533337,13063,0,0,0
2026-04-23 03:21:25,150341685,61618,52154795,230451,21509,157,163,37546399,13062,0,0,0
2026-04-23 03:21:26,150402921,61236,52175983,230544,21281,158,163,37559443,13044,0,0,0
2026-04-23 03:21:27,150464249,61328,52197280,230642,21395,156,163,37572489,13046,0,0,0
2026-04-23 03:21:28,150524047,59798,52218033,230734,20845,157,163,37585556,13067,0,0,0
2026-04-23 03:21:30,150584220,60173,52238994,230814,21041,162,163,37611734,26178,0,0,0
2026-04-23 03:21:31,150644884,60664,52260035,230917,21144,159,163,37624822,13088,0,0,0
2026-04-23 03:21:32,150705997,61113,52281261,231010,21319,162,163,37637933,13111,0,0,0
2026-04-23 03:21:33,150767463,61466,52302546,231092,21367,156,163,37651058,13125,0,0,0
2026-04-23 03:21:34,150828509,61046,52323725,231183,21270,161,163,37664160,13102,0,0,0
2026-04-23 03:21:35,150888381,59872,52344495,231271,20858,158,163,37677244,13084,0,0,0
2026-04-23 03:21:37,150948502,60121,52365367,231345,20946,158,163,37690310,13066,0,0,0
2026-04-23 03:21:38,151010252,61750,52386844,231431,21563,161,163,37716473,26163,0,0,0
2026-04-23 03:21:39,151071404,61152,52408032,231524,21281,151,163,37729567,13094,0,0,0
2026-04-23 03:21:40,151132601,61197,52429339,231615,21398,144,163,37742711,13144,0,0,0
2026-04-23 03:21:41,151194552,61951,52450772,231722,21540,162,163,37755811,13100,0,0,0
2026-04-23 03:21:42,151254529,59977,52471624,231810,20940,158,163,37768943,13132,0,0,0
2026-04-23 03:21:44,151315428,60899,52492728,231895,21189,162,163,37782030,13087,0,0,0
2026-04-23 03:21:45,151376447,61019,52513857,231967,21201,162,163,37808215,26185,0,0,0
2026-04-23 03:21:46,151436785,60338,52534776,232058,21010,161,163,37821277,13062,0,0,0
2026-04-23 03:21:47,151497424,60639,52555819,232132,21117,155,163,37834352,13075,0,0,0
2026-04-23 03:21:48,151559378,61954,52577245,232238,21532,159,163,37847415,13063,0,0,0
2026-04-23 03:21:49,151620599,61221,52598505,232331,21353,132,163,37860497,13082,0,0,0
2026-04-23 03:21:51,151682064,61465,52619824,232430,21418,159,163,37873574,13077,0,0,0
2026-04-23 03:21:52,151742466,60402,52640842,232525,21113,160,163,37899772,26198,0,0,0
2026-04-23 03:21:53,151799430,56964,52660525,232619,19777,153,163,37912918,13146,0,0,0
2026-04-23 03:21:54,151858135,58705,52680860,232714,20430,161,163,37926022,13104,0,0,0
2026-04-23 03:21:55,151917897,59762,52701658,232798,20882,162,163,37939112,13090,0,0,0
2026-04-23 03:21:56,151977636,59739,52722307,232894,20745,161,163,37952166,13054,0,0,0
2026-04-23 03:21:57,152036111,58475,52742618,232980,20397,162,163,37965272,13106,0,0,0
2026-04-23 03:21:59,152095541,59430,52763153,233070,20625,151,163,37991503,26231,0,0,0
2026-04-23 03:22:00,152155417,59876,52783925,233159,20861,161,163,38004603,13100,0,0,0
2026-04-23 03:22:01,152214779,59362,52804461,233253,20630,153,163,38017701,13098,0,0,0
2026-04-23 03:22:02,152273287,58508,52824820,233341,20447,160,163,38030795,13094,0,0,0
2026-04-23 03:22:03,152333210,59923,52845604,233425,20868,158,163,38043880,13085,0,0,0
2026-04-23 03:22:04,152392612,59402,52866247,233511,20729,161,163,38056948,13068,0,0,0
2026-04-23 03:22:06,152451881,59269,52886846,233589,20677,150,163,38069994,13046,0,0,0
2026-04-23 03:22:07,152512450,60569,52907882,233675,21122,144,163,38096115,26121,0,0,0
2026-04-23 03:22:08,152571914,59464,52928476,233780,20699,138,163,38109147,13032,0,0,0
2026-04-23 03:22:09,152629410,57496,52948364,233867,19975,158,163,38122252,13105,0,0,0
2026-04-23 03:22:10,152686190,56780,52968073,233934,19776,159,163,38135381,13129,0,0,0
2026-04-23 03:22:11,152745226,59036,52988561,234023,20577,160,163,38148510,13129,0,0,0
2026-04-23 03:22:13,152805194,59968,53009367,234122,20905,146,163,38161599,13089,0,0,0
2026-04-23 03:22:14,152866593,61399,53030611,234216,21338,162,163,38187681,26082,0,0,0
2026-04-23 03:22:15,152928057,61464,53051912,234317,21402,162,163,38200704,13023,0,0,0
2026-04-23 03:22:16,152987995,59938,53072667,234412,20850,156,163,38213740,13036,0,0,0
2026-04-23 03:22:17,153049227,61232,53093896,234517,21334,149,163,38226832,13092,0,0,0
2026-04-23 03:22:18,153108674,59447,53114556,234605,20748,162,163,38239966,13134,0,0,0
2026-04-23 03:22:20,153167599,58925,53135001,234699,20539,162,163,38253072,13106,0,0,0
2026-04-23 03:22:21,153228902,61303,53156279,234778,21357,158,163,38279229,26157,0,0,0
2026-04-23 03:22:22,153289542,60640,53177327,234867,21137,150,163,38292291,13062,0,0,0
2026-04-23 03:22:23,153350578,61036,53198451,234962,21219,162,163,38305370,13079,0,0,0
2026-04-23 03:22:24,153409870,59292,53219019,235050,20656,160,163,38318483,13113,0,0,0
2026-04-23 03:22:25,153466916,57046,53238805,235154,19890,158,163,38331553,13070,0,0,0
2026-04-23 03:22:26,153523188,56272,53258300,235244,19585,151,163,38344595,13042,0,0,0
2026-04-23 03:22:28,153582984,59796,53279078,235335,20869,156,163,38357559,12964,0,0,0
2026-04-23 03:22:29,153644182,61198,53300284,235431,21302,156,163,38383550,25991,0,0,0
2026-04-23 03:22:30,153704461,60279,53321203,235537,21025,152,163,38396589,13039,0,0,0
2026-04-23 03:22:31,153765062,60601,53342281,235624,21165,162,163,38409625,13036,0,0,0
2026-04-23 03:22:32,153825832,60770,53363328,235705,21128,154,163,38422628,13003,0,0,0
2026-04-23 03:22:33,153884273,58441,53383576,235800,20343,161,163,38435677,13049,0,0,0
2026-04-23 03:22:35,153943485,59212,53404190,235866,20680,145,163,38448748,13071,0,0,0
2026-04-23 03:22:36,154000174,56689,53423853,235949,19746,162,163,38474851,26103,0,0,0
2026-04-23 03:22:37,154060992,60818,53444942,236036,21176,152,163,38487905,13054,0,0,0
2026-04-23 03:22:38,154122355,61363,53466223,236111,21356,148,163,38500957,13052,0,0,0
2026-04-23 03:22:39,154183327,60972,53487372,236196,21234,158,163,38514017,13060,0,0,0
2026-04-23 03:22:40,154244114,60787,53508488,236283,21203,157,163,38527059,13042,0,0,0
2026-04-23 03:22:42,154302269,58155,53528693,236362,20284,154,163,38540102,13043,0,0,0
2026-04-23 03:22:43,154362203,59934,53549418,236468,20831,152,163,38566078,25976,0,0,0
2026-04-23 03:22:44,154423795,61592,53570758,236572,21444,159,163,38579081,13003,0,0,0
2026-04-23 03:22:45,154485219,61424,53592034,236676,21380,150,163,38592108,13027,0,0,0
2026-04-23 03:22:46,154547084,61865,53613492,236769,21551,152,163,38605151,13043,0,0,0
2026-04-23 03:22:47,154608022,60938,53634591,236868,21198,152,163,38618211,13060,0,0,0
2026-04-23 03:22:48,154667981,59959,53655424,236954,20919,142,163,38631319,13108,0,0,0
2026-04-23 03:22:50,154728717,60736,53676556,237045,21223,144,163,38657472,26153,0,0,0
2026-04-23 03:22:51,154790722,62005,53698027,237129,21555,158,163,38670514,13042,0,0,0
2026-04-23 03:22:52,154852150,61428,53719322,237226,21392,147,163,38683586,13072,0,0,0
2026-04-23 03:22:53,154913851,61701,53740750,237327,21529,162,163,38696696,13110,0,0,0
2026-04-23 03:22:54,154975151,61300,53761986,237431,21340,162,163,38709772,13076,0,0,0
2026-04-23 03:22:55,155035871,60720,53783029,237513,21125,162,163,38722828,13056,0,0,0
2026-04-23 03:22:57,155096870,60999,53804217,237608,21283,162,163,38735890,13062,0,0,0
2026-04-23 03:22:58,155158058,61188,53825482,237688,21345,160,163,38762055,26165,0,0,0
2026-04-23 03:22:59,155219393,61335,53846764,237777,21371,162,163,38775122,13067,0,0,0
2026-04-23 03:23:00,155281002,61609,53868098,237879,21436,160,163,38788193,13071,0,0,0
2026-04-23 03:23:01,155341511,60509,53889124,237971,21118,162,163,38801253,13060,0,0,0
2026-04-23 03:23:02,155402087,60576,53910095,238065,21065,161,163,38814318,13065,0,0,0
2026-04-23 03:23:04,155463199,61112,53931314,238153,21307,151,163,38827395,13077,0,0,0
2026-04-23 03:23:05,155524147,60948,53952486,238242,21261,160,163,38853558,26163,0,0,0
2026-04-23 03:23:06,155585628,61481,53973805,238335,21412,150,163,38866626,13068,0,0,0
2026-04-23 03:23:07,155645709,60081,53994667,238414,20941,155,163,38879690,13064,0,0,0
2026-04-23 03:23:08,155704706,58997,54015089,238517,20525,158,163,38892756,13066,0,0,0
2026-04-23 03:23:09,155763398,58692,54035431,238612,20437,162,163,38905811,13055,0,0,0
2026-04-23 03:23:11,155824509,61111,54056637,238692,21286,162,163,38918872,13061,0,0,0
2026-04-23 03:23:12,155884415,59906,54077419,238792,20882,141,163,38944960,26088,0,0,0
2026-04-23 03:23:13,155945552,61137,54098590,238879,21258,154,163,38957982,13022,0,0,0
2026-04-23 03:23:14,156007159,61607,54120013,238972,21516,149,163,38971009,13027,0,0,0
2026-04-23 03:23:15,156068318,61159,54141186,239083,21284,154,163,38984068,13059,0,0,0
2026-04-23 03:23:16,156129110,60792,54162292,239175,21198,159,163,38997150,13082,0,0,0
2026-04-23 03:23:18,156190004,60894,54183444,239277,21254,141,163,39010271,13121,0,0,0
2026-04-23 03:23:19,156249793,59789,54204118,239361,20758,157,163,39036507,26236,0,0,0
2026-04-23 03:23:20,156310842,61049,54225361,239439,21321,156,163,39049596,13089,0,0,0
2026-04-23 03:23:21,156372409,61567,54246752,239535,21487,153,163,39062677,13081,0,0,0
2026-04-23 03:23:22,156434363,61954,54268230,239607,21550,152,163,39075780,13103,0,0,0
2026-04-23 03:23:23,156494897,60534,54289258,239716,21137,161,163,39088919,13139,0,0,0
2026-04-23 03:23:24,156556168,61271,54310412,239828,21266,162,163,39102046,13127,0,0,0
2026-04-23 03:23:26,156616298,60130,54331330,239905,20995,162,163,39128303,26257,0,0,0
2026-04-23 03:23:27,156676247,59949,54352170,239991,20926,160,163,39141404,13101,0,0,0
2026-04-23 03:23:28,156737735,61488,54373459,240075,21373,162,163,39154480,13076,0,0,0
2026-04-23 03:23:29,156798332,60597,54394489,240168,21123,158,163,39167562,13082,0,0,0
2026-04-23 03:23:30,156858975,60643,54415549,240267,21159,162,163,39180670,13108,0,0,0
2026-04-23 03:23:31,156918714,59739,54436285,240355,20824,154,163,39193818,13148,0,0,0
2026-04-23 03:23:33,156978769,60055,54457141,240452,20953,158,163,39206917,13099,0,0,0
2026-04-23 03:23:34,157041174,62405,54478769,240548,21724,148,163,39233117,26200,0,0,0
2026-04-23 03:23:35,157103024,61850,54500247,240635,21565,160,163,39246216,13099,0,0,0
2026-04-23 03:23:36,157164416,61392,54521566,240736,21420,161,163,39259328,13112,0,0,0
2026-04-23 03:23:37,157225497,61081,54542739,240843,21280,160,163,39272434,13106,0,0,0
2026-04-23 03:23:38,157285529,60032,54563655,240944,21017,162,163,39285563,13129,0,0,0
2026-04-23 03:23:40,157345556,60027,54584478,241035,20914,162,163,39298747,13184,0,0,0
2026-04-23 03:23:41,157401816,56260,54603933,241114,19534,155,163,39325063,26316,0,0,0
2026-04-23 03:23:42,157460970,59154,54624504,241210,20667,146,163,39338189,13126,0,0,0
2026-04-23 03:23:43,157522806,61836,54645931,241303,21520,155,163,39351314,13125,0,0,0
2026-04-23 03:23:44,157583836,61030,54667103,241397,21266,145,163,39364503,13189,0,0,0
2026-04-23 03:23:45,157644611,60775,54688160,241506,21166,159,163,39377653,13150,0,0,0
2026-04-23 03:23:47,157704849,60238,54709156,241598,21088,162,163,39390829,13176,0,0,0
2026-04-23 03:23:48,157764664,59815,54729897,241691,20834,146,163,39417142,26313,0,0,0
2026-04-23 03:23:49,157825099,60435,54750812,241788,21012,152,163,39430299,13157,0,0,0
2026-04-23 03:23:50,157886691,61592,54772160,241887,21447,150,163,39443430,13131,0,0,0
2026-04-23 03:23:51,157947068,60377,54793170,241966,21089,158,163,39456578,13148,0,0,0
2026-04-23 03:23:52,158006833,59765,54813922,242052,20838,162,163,39469733,13155,0,0,0
2026-04-23 03:23:54,158067694,60861,54835018,242131,21175,160,163,39482856,13123,0,0,0
2026-04-23 03:23:55,158128300,60606,54856031,242226,21108,162,163,39509104,26248,0,0,0
2026-04-23 03:23:56,158188070,59770,54876795,242325,20863,162,163,39522252,13148,0,0,0
2026-04-23 03:23:57,158247371,59301,54897344,242394,20618,161,163,39535389,13137,0,0,0
2026-04-23 03:23:58,158304743,57372,54917236,242478,19976,141,163,39548547,13158,0,0,0
2026-04-23 03:23:59,158365706,60963,54938416,242583,21285,161,163,39561711,13164,0,0,0
2026-04-23 03:24:00,158426052,60346,54959360,242659,21020,150,163,39574865,13154,0,0,0
2026-04-23 03:24:02,158486622,60570,54980339,242757,21077,158,163,39588024,13159,0,0,0
2026-04-23 03:24:03,158547579,60957,55001501,242840,21245,158,163,39614334,26310,0,0,0
2026-04-23 03:24:04,158607477,59898,55022286,242937,20882,152,163,39627444,13110,0,0,0
2026-04-23 03:24:05,158667952,60475,55043320,243026,21123,161,163,39640536,13092,0,0,0
2026-04-23 03:24:06,158728552,60600,55064317,243115,21086,162,163,39653614,13078,0,0,0
2026-04-23 03:24:07,158789188,60636,55085372,243212,21152,162,163,39666736,13122,0,0,0
2026-04-23 03:24:09,158849643,60455,55106293,243296,21005,154,163,39679854,13118,0,0,0
2026-04-23 03:24:10,158910858,61215,55127568,243395,21374,160,163,39706054,26200,0,0,0
2026-04-23 03:24:11,158971429,60571,55148526,243499,21062,148,163,39719160,13106,0,0,0
2026-04-23 03:24:12,159031196,59767,55169334,243585,20894,162,163,39732302,13142,0,0,0
2026-04-23 03:24:13,159091152,59956,55190048,243671,20800,158,163,39745448,13146,0,0,0
2026-04-23 03:24:14,159147360,56208,55209585,243745,19611,162,163,39758574,13126,0,0,0
2026-04-23 03:24:16,159204275,56915,55229334,243838,19842,154,163,39771676,13102,0,0,0
2026-04-23 03:24:17,159262804,58529,55249604,243930,20362,144,163,39797848,26172,0,0,0
2026-04-23 03:24:18,159322932,60128,55270498,244012,20976,149,163,39810970,13122,0,0,0
2026-04-23 03:24:19,159384184,61252,55291841,244081,21412,153,163,39824111,13141,0,0,0
2026-04-23 03:24:20,159445452,61268,55312992,244178,21248,143,163,39837227,13116,0,0,0
2026-04-23 03:24:21,159505328,59876,55333793,244277,20900,156,163,39850327,13100,0,0,0
2026-04-23 03:24:23,159564198,58870,55354207,244378,20515,162,163,39863377,13050,0,0,0
2026-04-23 03:24:24,159625366,61168,55375458,244459,21332,155,163,39889477,26100,0,0,0
2026-04-23 03:24:25,159686341,60975,55396577,244559,21219,155,163,39902551,13074,0,0,0
2026-04-23 03:24:26,159747981,61640,55417945,244642,21451,160,163,39915626,13075,0,0,0
2026-04-23 03:24:27,159809076,61095,55439096,244730,21239,155,163,39928678,13052,0,0,0
2026-04-23 03:24:28,159869945,60869,55460207,244815,21196,162,163,39941686,13008,0,0,0
2026-04-23 03:24:29,159927897,57952,55480316,244895,20189,160,163,39954669,12983,0,0,0
2026-04-23 03:24:31,159980819,52922,55498678,244985,18452,162,163,39967680,13011,0,0,0
2026-04-23 03:24:32,160040358,59539,55519327,245072,20736,162,163,39993796,26116,0,0,0
2026-04-23 03:24:33,160100437,60079,55540128,245170,20899,158,163,40006840,13044,0,0,0
2026-04-23 03:24:34,160160976,60539,55561156,245254,21112,162,163,40019923,13083,0,0,0
2026-04-23 03:24:35,160221332,60356,55582131,245349,21070,162,163,40033003,13080,0,0,0
2026-04-23 03:24:36,160281669,60337,55603113,245434,21067,162,163,40046068,13065,0,0,0
2026-04-23 03:24:38,160339420,57751,55623116,245500,20069,161,163,40059106,13038,0,0,0
2026-04-23 03:24:39,160397845,58425,55643372,245583,20339,148,163,40085238,26132,0,0,0
2026-04-23 03:24:40,160458099,60254,55664180,245679,20904,151,163,40098331,13093,0,0,0
2026-04-23 03:24:41,160517696,59597,55684906,245758,20805,160,163,40111397,13066,0,0,0
2026-04-23 03:24:42,160576458,58762,55705253,245854,20443,157,163,40124464,13067,0,0,0
2026-04-23 03:24:43,160635332,58874,55725701,245953,20547,159,163,40137518,13054,0,0,0
2026-04-23 03:24:45,160695587,60255,55746639,246039,21024,149,163,40150560,13042,0,0,0
2026-04-23 03:24:46,160757209,61622,55768003,246132,21457,159,163,40163566,13006,0,0,0
2026-04-23 03:24:47,160816164,58955,55788504,246214,20583,162,163,40189561,25995,0,0,0
2026-04-23 03:24:48,160876316,60152,55809425,246299,21006,137,163,40202554,12993,0,0,0
2026-04-23 03:24:49,160938010,61694,55830683,246406,21365,162,163,40215568,13014,0,0,0
2026-04-23 03:24:50,160999300,61290,55851956,246509,21376,161,163,40228611,13043,0,0,0
2026-04-23 03:24:51,161056050,56750,55871683,246595,19813,162,163,40241678,13067,0,0,0
2026-04-23 03:24:53,161114378,58328,55891893,246690,20305,160,163,40254733,13055,0,0,0
2026-04-23 03:24:54,161171731,57353,55911778,246786,19981,137,163,40280830,26097,0,0,0
2026-04-23 03:24:55,161230117,58386,55932074,246899,20409,161,163,40293859,13029,0,0,0
2026-04-23 03:24:56,161289747,59630,55952728,246994,20749,157,163,40306890,13031,0,0,0
2026-04-23 03:24:57,161349731,59984,55973499,247098,20875,157,163,40319918,13028,0,0,0
2026-04-23 03:24:58,161409263,59532,55994133,247203,20739,162,163,40332947,13029,0,0,0
2026-04-23 03:25:00,161467762,58499,56014377,247303,20344,158,163,40345971,13024,0,0,0
2026-04-23 03:25:01,161529078,61316,56035657,247377,21354,159,163,40371888,25917,0,0,0
2026-04-23 03:25:02,161589723,60645,56056715,247471,21152,162,163,40384878,12990,0,0,0
2026-04-23 03:25:03,161650633,60910,56077828,247559,21201,158,163,40397911,13033,0,0,0
2026-04-23 03:25:04,161711838,61205,56099004,247657,21274,148,163,40410889,12978,0,0,0
2026-04-23 03:25:05,161772493,60655,56120093,247749,21181,155,163,40423849,12960,0,0,0
2026-04-23 03:25:07,161833472,60979,56141196,247849,21203,160,163,40436806,12957,0,0,0
2026-04-23 03:25:08,161894708,61236,56162360,247972,21287,144,163,40462772,25966,0,0,0
2026-04-23 03:25:09,161955149,60441,56183334,248064,21066,160,163,40475774,13002,0,0,0
2026-04-23 03:25:10,162015438,60289,56204260,248165,21027,147,163,40488773,12999,0,0,0
2026-04-23 03:25:11,162076323,60885,56225443,248279,21297,162,163,40501782,13009,0,0,0
2026-04-23 03:25:12,162136974,60651,56246468,248360,21106,162,163,40514777,12995,0,0,0
2026-04-23 03:25:13,162197308,60334,56267455,248451,21078,143,163,40527771,12994,0,0,0
2026-04-23 03:25:15,162257594,60286,56288317,248536,20947,153,163,40540773,13002,0,0,0
2026-04-23 03:25:16,162318498,60904,56309451,248630,21228,162,163,40566763,25990,0,0,0
2026-04-23 03:25:17,162379613,61115,56330703,248717,21339,152,163,40579738,12975,0,0,0
2026-04-23 03:25:18,162440944,61331,56351980,248801,21361,161,163,40592729,12991,0,0,0
2026-04-23 03:25:19,162502507,61563,56373281,248917,21417,152,163,40605701,12972,0,0,0
2026-04-23 03:25:20,162563902,61395,56394586,249020,21408,149,163,40618658,12957,0,0,0
2026-04-23 03:25:22,162624707,60805,56415708,249107,21209,162,163,40631610,12952,0,0,0
2026-04-23 03:25:23,162685357,60650,56436746,249202,21133,156,163,40657639,26029,0,0,0
2026-04-23 03:25:24,162746823,61466,56458051,249310,21413,161,163,40670683,13044,0,0,0
2026-04-23 03:25:25,162808200,61377,56479350,249404,21393,159,163,40683729,13046,0,0,0
2026-04-23 03:25:26,162869948,61748,56500773,249504,21523,160,163,40696724,12995,0,0,0
2026-04-23 03:25:27,162931081,61133,56521960,249615,21298,162,163,40709691,12967,0,0,0
2026-04-23 03:25:29,162992052,60971,56543102,249708,21235,152,163,40722641,12950,0,0,0
2026-04-23 03:25:30,163052717,60665,56564174,249803,21167,155,163,40748573,25932,0,0,0
2026-04-23 03:25:31,163114030,61313,56585428,249890,21341,156,163,40761562,12989,0,0,0
2026-04-23 03:25:32,163175444,61414,56606765,249968,21415,153,163,40774572,13010,0,0,0
2026-04-23 03:25:33,163236186,60742,56627839,250055,21161,159,163,40787606,13034,0,0,0
2026-04-23 03:25:34,163297379,61193,56649049,250150,21305,153,163,40800616,13010,0,0,0
2026-04-23 03:25:36,163358375,60996,56670221,250244,21266,147,163,40813632,13016,0,0,0
2026-04-23 03:25:37,163418811,60436,56691180,250327,21042,151,163,40839643,26011,0,0,0
2026-04-23 03:25:38,163480835,62024,56712725,250415,21633,162,163,40852664,13021,0,0,0
2026-04-23 03:25:39,163541647,60812,56733763,250510,21133,158,163,40865676,13012,0,0,0
2026-04-23 03:25:40,163603071,61424,56755066,250606,21399,156,163,40878674,12998,0,0,0
2026-04-23 03:25:41,163663392,60321,56776039,250695,21062,154,163,40891667,12993,0,0,0
2026-04-23 03:25:43,163723113,59721,56796793,250790,20849,161,163,40904669,13002,0,0,0
2026-04-23 03:25:44,163783821,60708,56817882,250882,21181,160,163,40930765,26096,0,0,0
2026-04-23 03:25:45,163845061,61240,56839116,250965,21317,155,163,40943818,13053,0,0,0
2026-04-23 03:25:46,163906107,61046,56860260,251077,21256,146,163,40956835,13017,0,0,0
2026-04-23 03:25:47,163967786,61679,56881657,251188,21508,152,163,40969838,13003,0,0,0
2026-04-23 03:25:48,164029288,61502,56902995,251286,21436,135,163,40982825,12987,0,0,0
2026-04-23 03:25:50,164089463,60175,56923910,251371,21000,162,163,40995843,13018,0,0,0
2026-04-23 03:25:51,164150798,61335,56945163,251463,21345,151,163,41021855,26012,0,0,0
2026-04-23 03:25:52,164212369,61571,56966512,251564,21450,162,163,41034881,13026,0,0,0
2026-04-23 03:25:53,164273757,61388,56987755,251658,21337,159,163,41047921,13040,0,0,0
2026-04-23 03:25:54,164334592,60835,57008925,251750,21262,162,163,41060967,13046,0,0,0
2026-04-23 03:25:55,164396832,62240,57030482,251852,21659,157,163,41074025,13058,0,0,0
2026-04-23 03:25:57,164457077,60245,57051417,251961,21044,137,163,41087117,13092,0,0,0
2026-04-23 03:25:58,164518520,61443,57072719,252054,21395,162,163,41113271,26154,0,0,0
2026-04-23 03:25:59,164578716,60196,57093608,252144,20979,145,163,41126309,13038,0,0,0
2026-04-23 03:26:00,164640138,61422,57114959,252234,21441,149,163,41139342,13033,0,0,0
2026-04-23 03:26:01,164702078,61940,57136434,252325,21566,160,163,41152380,13038,0,0,0
2026-04-23 03:26:02,164762646,60568,57157479,252411,21131,147,163,41165425,13045,0,0,0
2026-04-23 03:26:04,164823164,60518,57178522,252491,21123,157,163,41178487,13062,0,0,0
2026-04-23 03:26:05,164884184,61020,57199702,252585,21274,161,163,41191571,13084,0,0,0
2026-04-23 03:26:06,164945218,61034,57220884,252684,21281,161,163,41217736,26165,0,0,0
2026-04-23 03:26:07,165006649,61431,57242214,252765,21411,154,163,41230811,13075,0,0,0
2026-04-23 03:26:08,165068525,61876,57263650,252863,21534,141,163,41243889,13078,0,0,0
2026-04-23 03:26:09,165129309,60784,57284757,252962,21206,150,163,41256923,13034,0,0,0
2026-04-23 03:26:11,165190740,61431,57306082,253054,21417,162,163,41270020,13097,0,0,0
2026-04-23 03:26:12,165252471,61731,57327438,253143,21445,158,163,41283094,13074,0,0,0
2026-04-23 03:26:13,165313735,61264,57348737,253233,21389,144,163,41309165,26071,0,0,0
2026-04-23 03:26:14,165375163,61428,57370111,253313,21454,135,163,41322212,13047,0,0,0
2026-04-23 03:26:15,165436539,61376,57391341,253409,21326,161,163,41335322,13110,0,0,0
2026-04-23 03:26:16,165498017,61478,57412670,253497,21417,143,163,41348390,13068,0,0,0
2026-04-23 03:26:18,165559212,61195,57433886,253594,21313,159,163,41361450,13060,0,0,0
2026-04-23 03:26:19,165619451,60239,57454769,253695,20984,161,163,41374497,13047,0,0,0
2026-04-23 03:26:20,165680585,61134,57476012,253793,21341,162,163,41400647,26150,0,0,0
2026-04-23 03:26:21,165742565,61980,57497562,253886,21643,162,163,41413731,13084,0,0,0
2026-04-23 03:26:22,165803577,61012,57518742,253952,21246,161,163,41426870,13139,0,0,0
2026-04-23 03:26:23,165864840,61263,57539932,254059,21297,162,163,41440026,13156,0,0,0
2026-04-23 03:26:24,165926268,61428,57561207,254160,21376,161,163,41453150,13124,0,0,0
2026-04-23 03:26:26,165987142,60874,57582296,254244,21173,156,163,41466272,13122,0,0,0
2026-04-23 03:26:27,166047280,60138,57603228,254334,21022,162,163,41492552,26280,0,0,0
2026-04-23 03:26:28,166107521,60241,57624180,254425,21043,162,163,41505715,13163,0,0,0
2026-04-23 03:26:29,166168872,61351,57645471,254511,21377,161,163,41518866,13151,0,0,0
2026-04-23 03:26:30,166229974,61102,57666658,254622,21298,161,163,41531983,13117,0,0,0
2026-04-23 03:26:31,166290173,60199,57687529,254718,20967,152,163,41545096,13113,0,0,0
2026-04-23 03:26:33,166350408,60235,57708428,254820,21001,156,163,41558182,13086,0,0,0
2026-04-23 03:26:34,166410940,60532,57729424,254914,21090,148,163,41584337,26155,0,0,0
2026-04-23 03:26:35,166471756,60816,57750549,255004,21215,162,163,41597468,13131,0,0,0
2026-04-23 03:26:36,166532841,61085,57771654,255094,21195,159,163,41610564,13096,0,0,0
2026-04-23 03:26:37,166593810,60969,57792888,255166,21306,162,163,41623699,13135,0,0,0
2026-04-23 03:26:38,166654480,60670,57813950,255247,21143,158,163,41636825,13126,0,0,0
2026-04-23 03:26:40,166715400,60920,57835059,255351,21213,146,163,41649996,13171,0,0,0
2026-04-23 03:26:41,166775266,59866,57855829,255441,20860,150,163,41663135,13139,0,0,0
2026-04-23 03:26:42,166836947,61681,57877230,255518,21478,147,163,41689379,26244,0,0,0
2026-04-23 03:26:43,166898804,61857,57898632,255621,21505,161,163,41702470,13091,0,0,0
2026-04-23 03:26:44,166960169,61365,57919934,255704,21385,157,163,41715566,13096,0,0,0
2026-04-23 03:26:45,167021428,61259,57941131,255810,21303,151,163,41728630,13064,0,0,0
2026-04-23 03:26:47,167081250,59822,57961897,255909,20865,160,163,41741720,13090,0,0,0
2026-04-23 03:26:48,167142586,61336,57983180,255996,21370,160,163,41754819,13099,0,0,0
2026-04-23 03:26:49,167203146,60560,58004207,256089,21120,150,163,41781114,26295,0,0,0
2026-04-23 03:26:50,167264388,61242,58025483,256182,21369,162,163,41794261,13147,0,0,0
2026-04-23 03:26:51,167324308,59920,58046333,256267,20935,149,163,41807389,13128,0,0,0
2026-04-23 03:26:52,167384708,60400,58067345,256361,21106,162,163,41820541,13152,0,0,0
2026-04-23 03:26:53,167444850,60142,58088237,256443,20974,162,163,41833701,13160,0,0,0
2026-04-23 03:26:55,167504713,59863,58108970,256514,20804,159,163,41846853,13152,0,0,0
2026-04-23 03:26:56,167563213,58500,58129302,256576,20394,151,163,41873105,26252,0,0,0
2026-04-23 03:26:57,167624619,61406,58150585,256663,21370,160,163,41886246,13141,0,0,0
2026-04-23 03:26:58,167685720,61101,58171773,256760,21285,162,163,41899351,13105,0,0,0
2026-04-23 03:26:59,167747318,61598,58193127,256863,21457,162,163,41912445,13094,0,0,0
2026-04-23 03:27:00,167806750,59432,58213797,256947,20754,162,163,41925532,13087,0,0,0
2026-04-23 03:27:02,167865950,59200,58234368,257045,20669,162,163,41938629,13097,0,0,0
2026-04-23 03:27:03,167925756,59806,58255073,257133,20793,154,163,41964880,26251,0,0,0
2026-04-23 03:27:04,167985313,59557,58275673,257250,20717,158,163,41978022,13142,0,0,0
2026-04-23 03:27:05,168041693,56380,58295202,257335,19614,155,163,41991167,13145,0,0,0
2026-04-23 03:27:06,168101229,59536,58315840,257431,20734,158,163,42004282,13115,0,0,0
2026-04-23 03:27:07,168161503,60274,58336772,257516,21017,155,163,42017360,13078,0,0,0
2026-04-23 03:27:09,168222079,60576,58357762,257606,21080,160,163,42030434,13074,0,0,0
2026-04-23 03:27:10,168283363,61284,58378956,257700,21288,162,163,42043531,13097,0,0,0
2026-04-23 03:27:11,168344956,61593,58400334,257796,21474,162,163,42069707,26176,0,0,0
2026-04-23 03:27:12,168404485,59529,58420935,257889,20694,135,163,42082765,13058,0,0,0
2026-04-23 03:27:13,168463944,59459,58441554,257995,20725,155,163,42095858,13093,0,0,0
2026-04-23 03:27:14,168523168,59224,58462114,258090,20655,159,163,42108970,13112,0,0,0
2026-04-23 03:27:16,168583194,60026,58482987,258168,20951,160,163,42122065,13095,0,0,0
2026-04-23 03:27:17,168642625,59431,58503613,258246,20704,162,163,42135167,13102,0,0,0
2026-04-23 03:27:18,168702831,60206,58524462,258335,20938,156,163,42161378,26211,0,0,0
2026-04-23 03:27:19,168763342,60511,58545499,258421,21123,162,163,42174513,13135,0,0,0
2026-04-23 03:27:20,168823068,59726,58566127,258523,20730,149,163,42187607,13094,0,0,0
2026-04-23 03:27:21,168878168,55100,58585307,258610,19267,147,163,42200735,13128,0,0,0
2026-04-23 03:27:23,168931283,53115,58603756,258689,18528,152,163,42213788,13053,0,0,0
2026-04-23 03:27:24,168987101,55818,58623065,258770,19390,158,163,42226856,13068,0,0,0
2026-04-23 03:27:25,169044976,57875,58643130,258856,20151,161,163,42253020,26164,0,0,0
2026-04-23 03:27:26,169105939,60963,58664254,258951,21219,146,163,42266115,13095,0,0,0
2026-04-23 03:27:27,169167590,61651,58685610,259051,21456,141,163,42279194,13079,0,0,0
2026-04-23 03:27:28,169229872,62282,58707145,259149,21633,160,163,42292254,13060,0,0,0
2026-04-23 03:27:29,169290920,61048,58728324,259249,21279,157,163,42305313,13059,0,0,0
2026-04-23 03:27:31,169350312,59392,58748953,259341,20721,162,163,42318351,13038,0,0,0
2026-04-23 03:27:32,169410262,59950,58769795,259432,20933,145,163,42344462,26111,0,0,0
2026-04-23 03:27:33,169470578,60316,58790715,259524,21012,158,163,42357501,13039,0,0,0
2026-04-23 03:27:34,169532205,61627,58812077,259606,21444,155,163,42370564,13063,0,0,0
2026-04-23 03:27:35,169592857,60652,58833121,259706,21144,158,163,42383615,13051,0,0,0
2026-04-23 03:27:36,169652564,59707,58853834,259802,20809,157,163,42396647,13032,0,0,0
2026-04-23 03:27:38,169713127,60563,58874877,259897,21138,154,163,42409651,13004,0,0,0
2026-04-23 03:27:39,169774067,60940,58895938,259993,21157,150,163,42435756,26105,0,0,0
2026-04-23 03:27:40,169835405,61338,58917206,260100,21375,152,163,42448838,13082,0,0,0
2026-04-23 03:27:41,169895938,60533,58938250,260192,21136,162,163,42461893,13055,0,0,0
2026-04-23 03:27:42,169957949,62011,58959720,260278,21556,146,163,42474915,13022,0,0,0
2026-04-23 03:27:43,170018194,60245,58980633,260366,21001,146,163,42487936,13021,0,0,0
2026-04-23 03:27:45,170078926,60732,59001722,260466,21189,151,163,42500984,13048,0,0,0
2026-04-23 03:27:46,170139256,60330,59022582,260586,20980,160,163,42514030,13046,0,0,0
2026-04-23 03:27:47,170199547,60291,59043495,260682,21009,162,163,42540090,26060,0,0,0
2026-04-23 03:27:48,170260580,61033,59064678,260774,21275,154,163,42553116,13026,0,0,0
2026-04-23 03:27:49,170322031,61451,59085998,260866,21412,154,163,42566142,13026,0,0,0
2026-04-23 03:27:50,170383549,61518,59107374,260963,21473,156,163,42579199,13057,0,0,0
2026-04-23 03:27:52,170445188,61639,59128709,261054,21426,157,163,42592278,13079,0,0,0
2026-04-23 03:27:53,170505013,59825,59149495,261148,20880,148,163,42605343,13065,0,0,0
2026-04-23 03:27:54,170566100,61087,59170614,261231,21202,158,163,42631387,26044,0,0,0
2026-04-23 03:27:55,170626377,60277,59191557,261324,21036,160,163,42644422,13035,0,0,0
2026-04-23 03:27:56,170688077,61700,59212955,261427,21501,155,163,42657463,13041,0,0,0
2026-04-23 03:27:57,170749812,61735,59234323,261511,21452,152,163,42670510,13047,0,0,0
2026-04-23 03:27:58,170809688,59876,59255130,261611,20907,155,163,42683568,13058,0,0,0
2026-04-23 03:28:00,170869834,60146,59276044,261711,21014,145,163,42696647,13079,0,0,0
2026-04-23 03:28:01,170930150,60316,59296936,261804,20985,162,163,42722754,26107,0,0,0
2026-04-23 03:28:02,170990273,60123,59317766,261892,20918,158,163,42735799,13045,0,0,0
2026-04-23 03:28:03,171051007,60734,59338876,261978,21196,162,163,42748853,13054,0,0,0
2026-04-23 03:28:04,171112247,61240,59360093,262080,21319,159,163,42761899,13046,0,0,0
2026-04-23 03:28:05,171173108,60861,59381216,262177,21220,162,163,42774932,13033,0,0,0
2026-04-23 03:28:07,171234260,61152,59402406,262271,21284,161,163,42787962,13030,0,0,0
2026-04-23 03:28:08,171295084,60824,59423480,262363,21166,161,163,42814087,26125,0,0,0
2026-04-23 03:28:09,171354804,59720,59444197,262441,20795,160,163,42827160,13073,0,0,0
2026-04-23 03:28:10,171415357,60553,59465185,262542,21089,149,163,42840246,13086,0,0,0
2026-04-23 03:28:11,171475936,60579,59486217,262637,21127,158,163,42853322,13076,0,0,0
2026-04-23 03:28:12,171535722,59786,59506985,262718,20849,148,163,42866423,13101,0,0,0
2026-04-23 03:28:14,171595951,60229,59527881,262800,20978,157,163,42879522,13099,0,0,0
2026-04-23 03:28:15,171656276,60325,59548818,262890,21027,155,163,42892625,13103,0,0,0
2026-04-23 03:28:16,171716496,60220,59569711,262983,20986,151,163,42918814,26189,0,0,0
2026-04-23 03:28:17,171776383,59887,59590547,263080,20933,162,163,42931936,13122,0,0,0
2026-04-23 03:28:18,171835648,59265,59611038,263170,20581,161,163,42945036,13100,0,0,0
2026-04-23 03:28:19,171892566,56918,59630816,263274,19882,153,163,42958114,13078,0,0,0
2026-04-23 03:28:21,171952637,60071,59651623,263372,20905,162,163,42971120,13006,0,0,0
2026-04-23 03:28:22,172010679,58042,59671781,263467,20253,161,163,42984150,13030,0,0,0
2026-04-23 03:28:23,172070210,59531,59692413,263561,20726,161,163,43010270,26120,0,0,0
2026-04-23 03:28:24,172130785,60575,59713402,263668,21096,161,163,43023313,13043,0,0,0
2026-04-23 03:28:25,172190111,59326,59733992,263773,20695,157,163,43036342,13029,0,0,0
2026-04-23 03:28:26,172250545,60434,59754862,263866,20963,158,163,43049373,13031,0,0,0
2026-04-23 03:28:27,172310720,60175,59775764,263945,20981,161,163,43062394,13021,0,0,0
2026-04-23 03:28:29,172370661,59941,59796599,264022,20912,158,163,43075460,13066,0,0,0
2026-04-23 03:28:30,172430937,60276,59817486,264119,20984,158,163,43101628,26168,0,0,0
2026-04-23 03:28:31,172491210,60273,59838433,264207,21035,161,163,43114756,13128,0,0,0
2026-04-23 03:28:32,172551906,60696,59859441,264300,21101,159,163,43127875,13119,0,0,0
2026-04-23 03:28:33,172611731,59825,59880231,264398,20888,155,163,43140973,13098,0,0,0
2026-04-23 03:28:34,172671051,59320,59900828,264501,20700,148,163,43154056,13083,0,0,0
2026-04-23 03:28:36,172727102,56051,59920257,264592,19520,162,163,43167128,13072,0,0,0
2026-04-23 03:28:37,172785397,58295,59940460,264669,20280,153,163,43180220,13092,0,0,0
2026-04-23 03:28:38,172845926,60529,59961445,264765,21081,153,163,43206468,26248,0,0,0
2026-04-23 03:28:39,172905470,59544,59982175,264843,20808,161,163,43219556,13088,0,0,0
2026-04-23 03:28:40,172966983,61513,60003431,264939,21352,131,163,43232613,13057,0,0,0
2026-04-23 03:28:41,173028652,61669,60024853,265035,21518,162,163,43245658,13045,0,0,0
2026-04-23 03:28:43,173088064,59412,60045453,265111,20676,160,163,43258739,13081,0,0,0
2026-04-23 03:28:44,173147951,59887,60066251,265200,20887,161,163,43271781,13042,0,0,0
2026-04-23 03:28:45,173207892,59941,60087004,265291,20844,158,163,43297900,26119,0,0,0
2026-04-23 03:28:46,173269271,61379,60108255,265392,21352,155,163,43310978,13078,0,0,0
2026-04-23 03:28:47,173329496,60225,60129184,265476,21013,154,163,43324017,13039,0,0,0
2026-04-23 03:28:48,173389404,59908,60150028,265566,20934,162,163,43337083,13066,0,0,0
2026-04-23 03:28:49,173450212,60808,60171120,265659,21185,162,163,43350163,13080,0,0,0
2026-04-23 03:28:51,173505707,55495,60190408,265744,19373,162,163,43363277,13114,0,0,0
2026-04-23 03:28:52,173562951,57244,60210273,265842,19963,150,163,43389440,26163,0,0,0
2026-04-23 03:28:53,173622879,59928,60231059,265929,20873,144,163,43402490,13050,0,0,0
2026-04-23 03:28:54,173681311,58432,60251368,266026,20406,142,163,43415538,13048,0,0,0
2026-04-23 03:28:55,173742648,61337,60272682,266108,21396,162,163,43428609,13071,0,0,0
2026-04-23 03:28:56,173802781,60133,60293524,266183,20917,156,163,43441665,13056,0,0,0
2026-04-23 03:28:58,173859773,56992,60313289,266276,19858,162,163,43454695,13030,0,0,0
2026-04-23 03:28:59,173911846,52073,60331379,266350,18164,161,163,43467731,13036,0,0,0
2026-04-23 03:29:00,173967970,56124,60350856,266443,19570,161,163,43493865,26134,0,0,0
2026-04-23 03:29:01,174028828,60858,60371968,266535,21204,158,163,43506936,13071,0,0,0
2026-04-23 03:29:02,174088453,59625,60392676,266633,20806,162,163,43520013,13077,0,0,0
2026-04-23 03:29:03,174148244,59791,60413374,266730,20795,158,163,43533104,13091,0,0,0
2026-04-23 03:29:04,174206582,58338,60433695,266821,20412,159,163,43546189,13085,0,0,0
2026-04-23 03:29:06,174263127,56545,60453264,266911,19659,151,163,43559260,13071,0,0,0
2026-04-23 03:29:07,174317683,54556,60472213,266999,19037,149,163,43572326,13066,0,0,0
2026-04-23 03:29:08,174374304,56621,60491831,267070,19689,148,163,43598442,26116,0,0,0
2026-04-23 03:29:09,174435059,60755,60512906,267156,21161,157,163,43611551,13109,0,0,0
2026-04-23 03:29:10,174496135,61076,60534128,267243,21309,162,163,43624609,13058,0,0,0
2026-04-23 03:29:11,174556631,60496,60555157,267339,21125,149,163,43637689,13080,0,0,0
2026-04-23 03:29:13,174617924,61293,60576404,267443,21351,160,163,43650750,13061,0,0,0
2026-04-23 03:29:14,174677915,59991,60597226,267527,20906,160,163,43663797,13047,0,0,0
2026-04-23 03:29:15,174738330,60415,60618199,267623,21069,159,163,43689847,26050,0,0,0
2026-04-23 03:29:16,174798971,60641,60639226,267731,21135,157,163,43702922,13075,0,0,0
2026-04-23 03:29:17,174860058,61087,60660462,267830,21335,158,163,43715994,13072,0,0,0
2026-04-23 03:29:18,174921206,61148,60681661,267937,21306,162,163,43729082,13088,0,0,0
2026-04-23 03:29:20,174981392,60186,60702557,268015,20974,162,163,43742154,13072,0,0,0
2026-04-23 03:29:21,175040941,59549,60723246,268101,20775,156,163,43755192,13038,0,0,0
2026-04-23 03:29:22,175101929,60988,60744397,268186,21236,156,163,43781210,26018,0,0,0
2026-04-23 03:29:23,175163074,61145,60765616,268264,21297,158,163,43794204,12994,0,0,0
2026-04-23 03:29:24,175223081,60007,60786508,268344,20972,141,163,43807206,13002,0,0,0
2026-04-23 03:29:25,175285368,62287,60808113,268432,21693,162,163,43820200,12994,0,0,0
2026-04-23 03:29:27,175346901,61533,60829453,268503,21411,162,163,43833243,13043,0,0,0
2026-04-23 03:29:28,175407067,60166,60850386,268595,21025,148,163,43846287,13044,0,0,0
2026-04-23 03:29:29,175468271,61204,60871600,268693,21312,158,163,43872393,26106,0,0,0
2026-04-23 03:29:30,175528938,60667,60892669,268788,21164,158,163,43885391,12998,0,0,0
2026-04-23 03:29:31,175589949,61011,60913826,268865,21234,154,163,43898372,12981,0,0,0
2026-04-23 03:29:32,175651227,61278,60935173,268965,21447,147,163,43911340,12968,0,0,0
2026-04-23 03:29:33,175711722,60495,60956162,269049,21073,144,163,43924319,12979,0,0,0
2026-04-23 03:29:35,175772230,60508,60977144,269146,21079,148,163,43937343,13024,0,0,0
2026-04-23 03:29:36,175833082,60852,60998236,269244,21190,141,163,43963379,26036,0,0,0
2026-04-23 03:29:37,175893910,60828,61019305,269347,21172,158,163,43976372,12993,0,0,0
2026-04-23 03:29:38,175955236,61326,61040591,269426,21365,144,163,43989383,13011,0,0,0
2026-04-23 03:29:39,176016405,61169,61061764,269536,21283,154,163,44002397,13014,0,0,0
2026-04-23 03:29:40,176078111,61706,61083128,269633,21461,154,163,44015386,12989,0,0,0
2026-04-23 03:29:42,176138553,60442,61104169,269725,21133,135,163,44028373,12987,0,0,0
2026-04-23 03:29:43,176199077,60524,61125085,269823,21014,162,163,44041371,12998,0,0,0
2026-04-23 03:29:44,176259827,60750,61146206,269920,21218,152,163,44067421,26050,0,0,0
2026-04-23 03:29:45,176321087,61260,61167415,270002,21291,160,163,44080444,13023,0,0,0
2026-04-23 03:29:46,176382550,61463,61188769,270089,21441,153,163,44093432,12988,0,0,0
2026-04-23 03:29:47,176445109,62559,61210403,270181,21726,156,163,44106406,12974,0,0,0
2026-04-23 03:29:49,176506115,61006,61231627,270268,21311,157,163,44119390,12984,0,0,0
2026-04-23 03:29:50,176567239,61124,61252795,270354,21254,142,163,44132402,13012,0,0,0
2026-04-23 03:29:51,176628387,61148,61274060,270438,21349,152,163,44158422,26020,0,0,0
2026-04-23 03:29:52,176689637,61250,61295290,270523,21315,151,163,44171458,13036,0,0,0
2026-04-23 03:29:53,176751120,61483,61316649,270607,21443,161,163,44184482,13024,0,0,0
2026-04-23 03:29:54,176812469,61349,61337864,270705,21313,162,163,44197509,13027,0,0,0
2026-04-23 03:29:56,176873414,60945,61359036,270787,21254,155,163,44210558,13049,0,0,0
2026-04-23 03:29:57,176934704,61290,61380308,270873,21358,158,163,44223598,13040,0,0,0
2026-04-23 03:29:58,176995549,60845,61401461,270971,21251,144,163,44249685,26087,0,0,0
2026-04-23 03:29:59,177056198,60649,61422501,271048,21117,162,163,44262721,13036,0,0,0
2026-04-23 03:30:00,177117216,61018,61443680,271148,21279,157,163,44275741,13020,0,0,0
2026-04-23 03:30:01,177179080,61864,61465114,271244,21530,152,163,44288774,13033,0,0,0
2026-04-23 03:30:03,177239674,60594,61486169,271325,21136,159,163,44301803,13029,0,0,0
2026-04-23 03:30:04,177300320,60646,61507228,271426,21160,156,163,44314863,13060,0,0,0
2026-04-23 03:30:05,177361344,61024,61528397,271536,21279,162,163,44340960,26097,0,0,0
2026-04-23 03:30:06,177422259,60915,61549527,271625,21219,157,163,44354010,13050,0,0,0
2026-04-23 03:30:07,177483313,61054,61570732,271714,21294,143,163,44367088,13078,0,0,0
2026-04-23 03:30:08,177544123,60810,61591829,271808,21191,149,163,44380142,13054,0,0,0
2026-04-23 03:30:09,177605498,61375,61613089,271899,21351,156,163,44393207,13065,0,0,0
2026-04-23 03:30:11,177667236,61738,61634488,271992,21492,159,163,44406229,13022,0,0,0
2026-04-23 03:30:12,177727983,60747,61655581,272067,21168,141,163,44432212,25983,0,0,0
2026-04-23 03:30:13,177788578,60595,61676634,272161,21147,161,163,44445228,13016,0,0,0
2026-04-23 03:30:14,177851301,62723,61698353,272262,21820,155,163,44458245,13017,0,0,0
2026-04-23 03:30:15,177912113,60812,61719462,272357,21204,162,163,44471312,13067,0,0,0
2026-04-23 03:30:16,177974061,61948,61740963,272439,21583,162,163,44484387,13075,0,0,0
2026-04-23 03:30:18,178034539,60478,61761907,272530,21035,160,163,44497465,13078,0,0,0
2026-04-23 03:30:19,178095254,60715,61783008,272626,21197,162,163,44510518,13053,0,0,0
2026-04-23 03:30:20,178156715,61461,61804280,272728,21374,161,163,44536563,26045,0,0,0
2026-04-23 03:30:21,178218133,61418,61825623,272823,21438,160,163,44549593,13030,0,0,0
2026-04-23 03:30:22,178279267,61134,61846804,272923,21281,161,163,44562662,13069,0,0,0
2026-04-23 03:30:23,178339632,60365,61867751,273015,21039,140,163,44575733,13071,0,0,0
2026-04-23 03:30:25,178400160,60528,61888787,273110,21131,162,163,44588778,13045,0,0,0
2026-04-23 03:30:26,178460349,60189,61909709,273193,21005,148,163,44601833,13055,0,0,0
2026-04-23 03:30:27,178521729,61380,61930934,273294,21326,161,163,44627924,26091,0,0,0
2026-04-23 03:30:28,178582923,61194,61952165,273401,21338,157,163,44640985,13061,0,0,0
2026-04-23 03:30:29,178644141,61218,61973468,273486,21388,161,163,44654039,13054,0,0,0
2026-04-23 03:30:30,178705345,61204,61994644,273583,21273,144,163,44667141,13102,0,0,0
2026-04-23 03:30:32,178766520,61175,62015874,273688,21335,162,163,44680194,13053,0,0,0
2026-04-23 03:30:33,178827507,60987,62036995,273783,21216,162,163,44693224,13030,0,0,0
2026-04-23 03:30:34,178887831,60324,62057940,273861,21023,147,163,44719311,26087,0,0,0
2026-04-23 03:30:35,178948950,61119,62079169,273956,21324,158,163,44732429,13118,0,0,0
2026-04-23 03:30:36,179010031,61081,62100358,274060,21293,138,163,44745508,13079,0,0,0
2026-04-23 03:30:37,179071920,61889,62121815,274135,21532,154,163,44758550,13042,0,0,0
2026-04-23 03:30:39,179133257,61337,62143115,274232,21397,161,163,44771517,12967,0,0,0
2026-04-23 03:30:40,179195106,61849,62164544,274337,21534,162,163,44784440,12923,0,0,0
2026-04-23 03:30:41,179255739,60633,62185591,274428,21138,146,163,44810442,26002,0,0,0
2026-04-23 03:30:42,179316550,60811,62206737,274520,21238,152,163,44823515,13073,0,0,0
2026-04-23 03:30:43,179377856,61306,62228052,274607,21402,162,163,44836614,13099,0,0,0
2026-04-23 03:30:44,179439180,61324,62249286,274689,21316,147,163,44849685,13071,0,0,0
2026-04-23 03:30:46,179498530,59350,62269948,274780,20753,161,163,44862770,13085,0,0,0
2026-04-23 03:30:47,179555148,56618,62289671,274861,19804,149,163,44875854,13084,0,0,0
2026-04-23 03:30:48,179615069,59921,62310442,274953,20863,159,163,44902027,26173,0,0,0
2026-04-23 03:30:49,179676621,61552,62331751,275045,21401,156,163,44915048,13021,0,0,0
2026-04-23 03:30:50,179737263,60642,62352874,275127,21205,151,163,44928081,13033,0,0,0
2026-04-23 03:30:51,179798713,61450,62374132,275234,21365,157,163,44941130,13049,0,0,0
2026-04-23 03:30:53,179859219,60506,62395108,275333,21075,160,163,44954212,13082,0,0,0
2026-04-23 03:30:54,179917738,58519,62415438,275413,20410,162,163,44967322,13110,0,0,0
2026-04-23 03:30:55,179975247,57509,62435347,275521,20017,158,163,44980360,13038,0,0,0
2026-04-23 03:30:56,180036331,61084,62456530,275633,21295,155,163,45006470,26110,0,0,0
2026-04-23 03:30:57,180096826,60495,62477484,275739,21060,162,163,45019563,13093,0,0,0
2026-04-23 03:30:58,180157586,60760,62498575,275837,21189,151,163,45032668,13105,0,0,0
2026-04-23 03:30:59,180219336,61750,62519912,275959,21459,157,163,45045720,13052,0,0,0
2026-04-23 03:31:01,180280304,60968,62541023,276042,21194,161,163,45058814,13094,0,0,0
2026-04-23 03:31:02,180339627,59323,62561602,276127,20664,158,163,45071874,13060,0,0,0
2026-04-23 03:31:03,180399603,59976,62582475,276213,20959,162,163,45098031,26157,0,0,0
2026-04-23 03:31:04,180460540,60937,62603619,276309,21240,160,163,45111112,13081,0,0,0
2026-04-23 03:31:05,180520691,60151,62624415,276402,20889,158,163,45124171,13059,0,0,0
2026-04-23 03:31:06,180582328,61637,62645790,276497,21470,146,163,45137212,13041,0,0,0
2026-04-23 03:31:08,180642712,60384,62666735,276589,21037,154,163,45150260,13048,0,0,0
2026-04-23 03:31:09,180701728,59016,62687271,276663,20610,155,163,45163304,13044,0,0,0
2026-04-23 03:31:10,180759445,57717,62707294,276749,20109,156,163,45176375,13071,0,0,0
2026-04-23 03:31:11,180818833,59388,62727891,276844,20692,162,163,45202517,26142,0,0,0
2026-04-23 03:31:12,180879620,60787,62749009,276939,21213,152,163,45215602,13085,0,0,0
2026-04-23 03:31:13,180939950,60330,62769929,277033,21014,154,163,45228682,13080,0,0,0
2026-04-23 03:31:14,181000313,60363,62790951,277133,21122,162,163,45241803,13121,0,0,0
2026-04-23 03:31:16,181060668,60355,62811833,277230,20979,157,163,45254908,13105,0,0,0
2026-04-23 03:31:17,181120610,59942,62832645,277323,20905,145,163,45268049,13141,0,0,0
2026-04-23 03:31:18,181181457,60847,62853727,277417,21176,162,163,45294298,26249,0,0,0
2026-04-23 03:31:19,181242216,60759,62874794,277499,21149,156,163,45307415,13117,0,0,0
2026-04-23 03:31:20,181304179,61963,62896258,277585,21550,162,163,45320535,13120,0,0,0
2026-04-23 03:31:21,181364783,60604,62917281,277672,21110,149,163,45333660,13125,0,0,0
2026-04-23 03:31:23,181424566,59783,62938105,277745,20897,161,163,45346770,13110,0,0,0
2026-04-23 03:31:24,181485331,60765,62959183,277842,21175,158,163,45359880,13110,0,0,0
2026-04-23 03:31:25,181546042,60711,62980259,277935,21169,154,163,45386016,26136,0,0,0
2026-04-23 03:31:26,181605719,59677,63001040,278029,20875,162,163,45399084,13068,0,0,0
2026-04-23 03:31:27,181666589,60870,63022156,278122,21209,162,163,45412161,13077,0,0,0
2026-04-23 03:31:28,181726540,59951,63042980,278204,20906,156,163,45425258,13097,0,0,0
2026-04-23 03:31:30,181787538,60998,63064221,278279,21316,142,163,45438363,13105,0,0,0
2026-04-23 03:31:31,181848240,60702,63085268,278368,21136,155,163,45451461,13098,0,0,0
2026-04-23 03:31:32,181909488,61248,63106498,278477,21339,162,163,45477666,26205,0,0,0
2026-04-23 03:31:33,181970680,61192,63127706,278565,21296,154,163,45490790,13124,0,0,0
2026-04-23 03:31:34,182031188,60508,63148691,278651,21071,155,163,45503921,13131,0,0,0
2026-04-23 03:31:35,182092038,60850,63169817,278729,21204,157,163,45517093,13172,0,0,0
2026-04-23 03:31:37,182153117,61079,63191020,278811,21285,161,163,45530274,13181,0,0,0
2026-04-23 03:31:38,182213428,60311,63211938,278906,21013,161,163,45543427,13153,0,0,0
2026-04-23 03:31:39,182275114,61686,63233342,278988,21486,156,163,45569664,26237,0,0,0
2026-04-23 03:31:40,182335857,60743,63254428,279081,21179,161,163,45582777,13113,0,0,0
2026-04-23 03:31:41,182397432,61575,63275809,279163,21463,148,163,45595887,13110,0,0,0
2026-04-23 03:31:42,182459434,62002,63297318,279266,21612,158,163,45608990,13103,0,0,0
2026-04-23 03:31:44,182520941,61507,63318608,279368,21392,156,163,45622098,13108,0,0,0
2026-04-23 03:31:45,182581318,60377,63339567,279462,21053,158,163,45635227,13129,0,0,0
2026-04-23 03:31:46,182641520,60202,63360433,279576,20980,156,163,45648336,13109,0,0,0
2026-04-23 03:31:47,182703123,61603,63381799,279669,21459,162,163,45674525,26189,0,0,0
2026-04-23 03:31:48,182764673,61550,63403143,279772,21447,161,163,45687626,13101,0,0,0
2026-04-23 03:31:49,182826536,61863,63424580,279859,21524,149,163,45700761,13135,0,0,0
2026-04-23 03:31:50,182887516,60980,63445745,279949,21255,159,163,45713903,13142,0,0,0
2026-04-23 03:31:52,182948609,61093,63466902,280053,21261,147,163,45727030,13127,0,0,0
2026-04-23 03:31:53,183009156,60547,63487922,280137,21104,137,163,45740140,13110,0,0,0
2026-04-23 03:31:54,183070238,61082,63509092,280226,21259,162,163,45766417,26277,0,0,0
2026-04-23 03:31:55,183131545,61307,63530345,280314,21341,162,163,45779575,13158,0,0,0
2026-04-23 03:31:56,183193399,61854,63551788,280402,21531,161,163,45792716,13141,0,0,0
2026-04-23 03:31:57,183254301,60902,63572925,280487,21222,145,163,45805882,13166,0,0,0
2026-04-23 03:31:59,183314796,60495,63593910,280578,21076,162,163,45819010,13128,0,0,0
2026-04-23 03:32:00,183375758,60962,63615084,280656,21252,140,163,45832098,13088,0,0,0
2026-04-23 03:32:01,183436919,61161,63636280,280752,21292,162,163,45858265,26167,0,0,0
2026-04-23 03:32:02,183497876,60957,63657448,280845,21261,162,163,45871335,13070,0,0,0
2026-04-23 03:32:03,183559583,61707,63678793,280953,21453,162,163,45884411,13076,0,0,0
2026-04-23 03:32:04,183621786,62203,63700396,281036,21686,161,163,45897479,13068,0,0,0
2026-04-23 03:32:06,183682628,60842,63721497,281114,21179,161,163,45910569,13090,0,0,0
2026-04-23 03:32:07,183743697,61069,63742691,281211,21291,162,163,45923650,13081,0,0,0
2026-04-23 03:32:08,183804338,60641,63763723,281303,21124,160,163,45949839,26189,0,0,0
2026-04-23 03:32:09,183865358,61020,63784912,281400,21286,155,163,45962921,13082,0,0,0
2026-04-23 03:32:10,183926616,61258,63806151,281505,21344,161,163,45975995,13074,0,0,0
2026-04-23 03:32:11,183987595,60979,63827320,281589,21253,139,163,45989056,13061,0,0,0
2026-04-23 03:32:13,184048267,60672,63848417,281666,21174,160,163,46002149,13093,0,0,0
2026-04-23 03:32:14,184109035,60768,63869544,281756,21217,162,163,46015244,13095,0,0,0
2026-04-23 03:32:15,184170023,60988,63890719,281858,21277,150,163,46041364,26120,0,0,0
2026-04-23 03:32:16,184230925,60902,63911843,281948,21214,144,163,46054435,13071,0,0,0
2026-04-23 03:32:17,184292444,61519,63933150,282051,21410,156,163,46067553,13118,0,0,0
2026-04-23 03:32:18,184355042,62598,63954813,282136,21748,159,163,46080680,13127,0,0,0
2026-04-23 03:32:20,184415955,60913,63976008,282229,21288,155,163,46093799,13119,0,0,0
2026-04-23 03:32:21,184476867,60912,63997127,282330,21220,157,163,46106869,13070,0,0,0
2026-04-23 03:32:22,184537204,60337,64018089,282424,21056,141,163,46132982,26113,0,0,0
2026-04-23 03:32:23,184598230,61026,64039210,282526,21223,140,163,46146047,13065,0,0,0
2026-04-23 03:32:24,184658926,60696,64060253,282626,21143,154,163,46159132,13085,0,0,0
2026-04-23 03:32:25,184720216,61290,64081540,282730,21391,159,163,46172242,13110,0,0,0
2026-04-23 03:32:27,184781174,60958,64102718,282819,21267,162,163,46185333,13091,0,0,0
2026-04-23 03:32:28,184841527,60353,64123669,282904,21036,161,163,46198413,13080,0,0,0
2026-04-23 03:32:29,184901659,60132,64144568,282993,20988,145,163,46224553,26140,0,0,0
2026-04-23 03:32:30,184963192,61533,64165822,283090,21351,148,163,46237664,13111,0,0,0
2026-04-23 03:32:31,185024034,60842,64186974,283163,21225,159,163,46250770,13106,0,0,0
2026-04-23 03:32:32,185085100,61066,64208197,283247,21307,161,163,46263885,13115,0,0,0
2026-04-23 03:32:33,185146206,61106,64229407,283324,21287,162,163,46276945,13060,0,0,0
2026-04-23 03:32:35,185205656,59450,64250050,283409,20728,154,163,46290015,13070,0,0,0
2026-04-23 03:32:36,185267110,61454,64271362,283512,21415,154,163,46303076,13061,0,0,0
2026-04-23 03:32:37,185328677,61567,64292681,283605,21412,133,163,46329312,26236,0,0,0
2026-04-23 03:32:38,185390219,61542,64314039,283696,21449,157,163,46342469,13157,0,0,0
2026-04-23 03:32:39,185450981,60762,64335145,283775,21185,162,163,46355629,13160,0,0,0
2026-04-23 03:32:40,185510229,59248,64355724,283885,20689,161,163,46368773,13144,0,0,0
2026-04-23 03:32:42,185570893,60664,64376734,284000,21125,160,163,46381933,13160,0,0,0
2026-04-23 03:32:43,185632136,61243,64397971,284093,21330,161,163,46395044,13111,0,0,0
2026-04-23 03:32:44,185693459,61323,64419223,284182,21341,145,163,46421224,26180,0,0,0
2026-04-23 03:32:45,185754549,61090,64440469,284262,21326,162,163,46434360,13136,0,0,0
2026-04-23 03:32:46,185815931,61382,64461728,284373,21370,143,163,46447557,13197,0,0,0
2026-04-23 03:32:47,185877134,61203,64482947,284452,21298,156,163,46460728,13171,0,0,0
2026-04-23 03:32:49,185937742,60608,64503992,284533,21126,152,163,46473896,13168,0,0,0
2026-04-23 03:32:50,185998682,60940,64525067,284626,21168,152,163,46487000,13104,0,0,0
2026-04-23 03:32:51,186058567,59885,64545889,284723,20919,148,163,46513189,26189,0,0,0
2026-04-23 03:32:52,186120198,61631,64567270,284829,21487,158,163,46526290,13101,0,0,0
2026-04-23 03:32:53,186181625,61427,64588629,284920,21450,162,163,46539401,13111,0,0,0
2026-04-23 03:32:54,186242457,60832,64609735,285003,21189,161,163,46552518,13117,0,0,0
2026-04-23 03:32:56,186302802,60345,64630694,285098,21054,151,163,46565677,13159,0,0,0
2026-04-23 03:32:57,186363019,60217,64651550,285196,20954,150,163,46578836,13159,0,0,0
2026-04-23 03:32:58,186424338,61319,64672825,285280,21359,157,163,46605079,26243,0,0,0
2026-04-23 03:32:59,186484804,60466,64693818,285369,21082,146,163,46618194,13115,0,0,0
2026-04-23 03:33:00,186545597,60793,64714908,285463,21184,162,163,46631309,13115,0,0,0
2026-04-23 03:33:01,186607120,61523,64736247,285561,21437,160,163,46644450,13141,0,0,0
2026-04-23 03:33:03,186667600,60480,64757236,285663,21091,162,163,46657573,13123,0,0,0
2026-04-23 03:33:04,186726670,59070,64777769,285747,20617,161,163,46670707,13134,0,0,0
2026-04-23 03:33:05,186787108,60438,64798685,285843,21012,148,163,46696982,26275,0,0,0
2026-04-23 03:33:06,186847919,60811,64819808,285929,21209,160,163,46710153,13171,0,0,0
2026-04-23 03:33:07,186909354,61435,64841125,286027,21415,157,163,46723362,13209,0,0,0
2026-04-23 03:33:08,186969965,60611,64862220,286129,21197,162,163,46736543,13181,0,0,0
2026-04-23 03:33:10,187032471,62506,64883790,286225,21666,152,163,46749704,13161,0,0,0
2026-04-23 03:33:11,187093644,61173,64905030,286329,21344,155,163,46762862,13158,0,0,0
2026-04-23 03:33:12,187152100,58456,64925297,286405,20343,160,163,46775995,13133,0,0,0
2026-04-23 03:33:13,187208901,56801,64945001,286484,19783,145,163,46802286,26291,0,0,0
2026-04-23 03:33:14,187269160,60259,64965949,286584,21048,162,163,46815460,13174,0,0,0
2026-04-23 03:33:15,187331379,62219,64987439,286676,21582,161,163,46828629,13169,0,0,0
2026-04-23 03:33:16,187392518,61139,65008683,286771,21339,150,163,46841817,13188,0,0,0
2026-04-23 03:33:18,187453146,60628,65029756,286848,21150,155,163,46854994,13177,0,0,0
2026-04-23 03:33:19,187511652,58506,65050066,286932,20394,153,163,46868164,13170,0,0,0
2026-04-23 03:33:20,187572242,60590,65071120,287011,21133,155,163,46894494,26330,0,0,0
2026-04-23 03:33:21,187632185,59943,65091940,287096,20905,161,163,46907671,13177,0,0,0
2026-04-23 03:33:22,187692717,60532,65112958,287204,21126,154,163,46920859,13188,0,0,0
2026-04-23 03:33:23,187753863,61146,65134148,287297,21283,156,163,46934054,13195,0,0,0
2026-04-23 03:33:25,187813733,59870,65154967,287379,20901,162,163,46947219,13165,0,0,0
2026-04-23 03:33:26,187874357,60624,65175958,287485,21097,158,163,46960380,13161,0,0,0
2026-04-23 03:33:27,187933939,59582,65196618,287591,20766,139,163,46986730,26350,0,0,0
2026-04-23 03:33:28,187992696,58757,65217012,287682,20485,155,163,46999899,13169,0,0,0
2026-04-23 03:33:29,188049814,57118,65236855,287773,19934,161,163,47013108,13209,0,0,0
2026-04-23 03:33:30,188109211,59397,65257450,287850,20672,161,163,47026278,13170,0,0,0
2026-04-23 03:33:32,188168561,59350,65278042,287935,20677,151,163,47039454,13176,0,0,0
2026-04-23 03:33:33,188226456,57895,65298190,288016,20229,160,163,47052589,13135,0,0,0
2026-04-23 03:33:34,188286556,60100,65319064,288095,20953,158,163,47065737,13148,0,0,0
2026-04-23 03:33:35,188347130,60574,65340050,288190,21081,140,163,47091926,26189,0,0,0
2026-04-23 03:33:36,188407686,60556,65361049,288269,21078,160,163,47105007,13081,0,0,0
2026-04-23 03:33:37,188467994,60308,65381940,288362,20984,144,163,47118064,13057,0,0,0
2026-04-23 03:33:38,188528587,60593,65402988,288469,21155,154,163,47131140,13076,0,0,0
2026-04-23 03:33:40,188587576,58989,65423433,288557,20533,159,163,47144194,13054,0,0,0
2026-04-23 03:33:41,188647604,60028,65444234,288641,20885,162,163,47157307,13113,0,0,0
2026-04-23 03:33:42,188705830,58226,65464411,288745,20281,158,163,47183527,26220,0,0,0
2026-04-23 03:33:43,188766010,60180,65485296,288838,20978,160,163,47196647,13120,0,0,0
2026-04-23 03:33:44,188825356,59346,65505912,288935,20713,162,163,47209765,13118,0,0,0
2026-04-23 03:33:45,188881800,56444,65525525,289009,19687,162,163,47222878,13113,0,0,0
2026-04-23 03:33:47,188940820,59020,65545953,289099,20518,161,163,47236005,13127,0,0,0
2026-04-23 03:33:48,188999093,58273,65566154,289188,20290,162,163,47249106,13101,0,0,0
2026-04-23 03:33:49,189057212,58119,65586317,289280,20255,141,163,47275386,26280,0,0,0
2026-04-23 03:33:50,189117480,60268,65607254,289362,21019,158,163,47288557,13171,0,0,0
2026-04-23 03:33:51,189177794,60314,65628206,289469,21059,155,163,47301691,13134,0,0,0
2026-04-23 03:33:52,189236821,59027,65648648,289565,20538,162,163,47314761,13070,0,0,0
2026-04-23 03:33:54,189295674,58853,65669122,289645,20554,161,163,47327820,13059,0,0,0
2026-04-23 03:33:55,189354501,58827,65689528,289730,20491,156,163,47340881,13061,0,0,0
2026-04-23 03:33:56,189412923,58422,65709860,289810,20412,162,163,47353927,13046,0,0,0
2026-04-23 03:33:57,189472768,59845,65730641,289893,20864,162,163,47379930,26003,0,0,0
2026-04-23 03:33:58,189532125,59357,65751164,289980,20610,156,163,47392943,13013,0,0,0
2026-04-23 03:33:59,189589597,57472,65771097,290067,20020,148,163,47406010,13067,0,0,0
2026-04-23 03:34:01,189648447,58850,65791520,290149,20505,157,163,47419050,13040,0,0,0
2026-04-23 03:34:02,189698500,50053,65808961,290229,17521,162,163,47432099,13049,0,0,0
2026-04-23 03:34:03,189747296,48796,65825800,290310,16920,155,163,47445141,13042,0,0,0
2026-04-23 03:34:04,189798577,51281,65843647,290385,17922,154,163,47458209,13068,0,0,0
2026-04-23 03:34:05,189851771,53194,65862115,290474,18557,161,163,47484294,26085,0,0,0
2026-04-23 03:34:06,189907854,56083,65881596,290554,19561,158,163,47497297,13003,0,0,0
2026-04-23 03:34:07,189968063,60209,65902483,290629,20962,146,163,47510287,12990,0,0,0
2026-04-23 03:34:09,190029546,61483,65923787,290730,21405,148,163,47523297,13010,0,0,0
2026-04-23 03:34:10,190090564,61018,65944978,290823,21284,162,163,47536263,12966,0,0,0
2026-04-23 03:34:11,190151178,60614,65966069,290906,21174,162,163,47549234,12971,0,0,0
2026-04-23 03:34:12,190212914,61736,65987438,290997,21460,149,163,47575260,26026,0,0,0
2026-04-23 03:34:13,190275175,62261,66009005,291092,21662,161,163,47588267,13007,0,0,0
2026-04-23 03:34:14,190336054,60879,66030185,291165,21253,154,163,47601237,12970,0,0,0
2026-04-23 03:34:16,190396991,60937,66051328,291268,21246,162,163,47614209,12972,0,0,0
2026-04-23 03:34:17,190457183,60192,66072273,291367,21044,162,163,47627184,12975,0,0,0
2026-04-23 03:34:18,190517516,60333,66093179,291453,20992,157,163,47640188,13004,0,0,0
2026-04-23 03:34:19,190578859,61343,66114420,291551,21339,160,163,47666251,26063,0,0,0
2026-04-23 03:34:20,190640158,61299,66135717,291634,21380,162,163,47679281,13030,0,0,0
2026-04-23 03:34:21,190701682,61524,66157023,291744,21416,160,163,47692287,13006,0,0,0
2026-04-23 03:34:22,190762775,61093,66178175,291838,21246,150,163,47705241,12954,0,0,0
2026-04-23 03:34:24,190822108,59333,66198827,291939,20753,162,163,47718179,12938,0,0,0
2026-04-23 03:34:25,190881032,58924,66219269,292034,20537,146,163,47731120,12941,0,0,0
2026-04-23 03:34:26,190941288,60256,66240070,292133,20900,146,163,47757004,25884,0,0,0
2026-04-23 03:34:27,191001781,60493,66261108,292221,21126,162,163,47769956,12952,0,0,0
2026-04-23 03:34:28,191062670,60889,66282170,292314,21155,158,163,47782891,12935,0,0,0
2026-04-23 03:34:29,191123645,60975,66303325,292397,21238,158,163,47795862,12971,0,0,0
2026-04-23 03:34:31,191184642,60997,66324519,292490,21287,154,163,47808799,12937,0,0,0
2026-04-23 03:34:32,191244984,60342,66345398,292579,20968,158,163,47821757,12958,0,0,0
2026-04-23 03:34:33,191305439,60455,66366484,292648,21155,161,163,47834709,12952,0,0,0
2026-04-23 03:34:34,191366606,61167,66387670,292750,21288,158,163,47860628,25919,0,0,0
2026-04-23 03:34:35,191427619,61013,66408853,292845,21278,140,163,47873587,12959,0,0,0
2026-04-23 03:34:36,191488263,60644,66429939,292932,21173,162,163,47886535,12948,0,0,0
2026-04-23 03:34:38,191549978,61715,66451292,293032,21453,161,163,47899514,12979,0,0,0
2026-04-23 03:34:39,191609880,59902,66472009,293145,20830,158,163,47912541,13027,0,0,0
2026-04-23 03:34:40,191668832,58952,66492512,293235,20593,140,163,47925529,12988,0,0,0
2026-04-23 03:34:41,191728550,59718,66513213,293330,20796,155,163,47951524,25995,0,0,0
2026-04-23 03:34:42,191789996,61446,66534540,293427,21424,158,163,47964524,13000,0,0,0
2026-04-23 03:34:43,191850966,60970,66555680,293515,21228,161,163,47977546,13022,0,0,0
2026-04-23 03:34:45,191912862,61896,66577136,293609,21550,162,163,47990542,12996,0,0,0
2026-04-23 03:34:46,191972938,60076,66597960,293700,20915,158,163,48003507,12965,0,0,0
2026-04-23 03:34:47,192033731,60793,66619088,293791,21219,161,163,48016483,12976,0,0,0
2026-04-23 03:34:48,192094675,60944,66640243,293861,21225,148,163,48042447,25964,0,0,0
2026-04-23 03:34:49,192155751,61076,66661473,293936,21305,161,163,48055434,12987,0,0,0
2026-04-23 03:34:50,192216102,60351,66682412,294044,21047,145,163,48068445,13011,0,0,0
2026-04-23 03:34:52,192276744,60642,66703438,294145,21127,158,163,48081411,12966,0,0,0
2026-04-23 03:34:53,192337463,60719,66724497,294241,21155,155,163,48094380,12969,0,0,0
2026-04-23 03:34:54,192397872,60409,66745444,294322,21028,162,163,48107313,12933,0,0,0
2026-04-23 03:34:55,192458959,61087,66766630,294410,21274,153,163,48133238,25925,0,0,0
2026-04-23 03:34:56,192519814,60855,66787723,294486,21169,162,163,48146189,12951,0,0,0
2026-04-23 03:34:57,192579321,59507,66808354,294584,20729,161,163,48159140,12951,0,0,0
2026-04-23 03:34:58,192635628,56307,66827837,294692,19591,148,163,48172107,12967,0,0,0
2026-04-23 03:35:00,192695581,59953,66848664,294789,20924,161,163,48185066,12959,0,0,0
2026-04-23 03:35:01,192753761,58180,66868832,294874,20253,161,163,48198030,12964,0,0,0
2026-04-23 03:35:02,192814993,61232,66890037,294967,21298,155,163,48223970,25940,0,0,0
2026-04-23 03:35:03,192876408,61415,66911332,295079,21407,154,163,48236950,12980,0,0,0
2026-04-23 03:35:04,192937514,61106,66932490,295183,21262,144,163,48249912,12962,0,0,0
2026-04-23 03:35:05,192999837,62323,66954079,295277,21683,159,163,48262894,12982,0,0,0
2026-04-23 03:35:07,193060862,61025,66975298,295363,21305,158,163,48275907,13013,0,0,0
2026-04-23 03:35:08,193121461,60599,66996327,295449,21115,151,163,48288926,13019,0,0,0
2026-04-23 03:35:09,193182313,60852,67017477,295539,21240,148,163,48314952,26026,0,0,0
2026-04-23 03:35:10,193243661,61348,67038788,295622,21394,162,163,48327987,13035,0,0,0
2026-04-23 03:35:11,193304132,60471,67059800,295722,21112,162,163,48341001,13014,0,0,0
2026-04-23 03:35:12,193365377,61245,67080980,295837,21295,154,163,48353998,12997,0,0,0
2026-04-23 03:35:14,193427148,61771,67102395,295945,21523,135,163,48367000,13002,0,0,0
2026-04-23 03:35:15,193488029,60881,67123537,296030,21227,155,163,48380019,13019,0,0,0
2026-04-23 03:35:16,193548633,60604,67144544,296117,21094,140,163,48393052,13033,0,0,0
2026-04-23 03:35:17,193609786,61153,67165769,296206,21314,158,163,48419072,26020,0,0,0
2026-04-23 03:35:18,193672083,62297,67187373,296309,21707,161,163,48432081,13009,0,0,0
2026-04-23 03:35:19,193733584,61501,67208690,296410,21418,162,163,48445108,13027,0,0,0
2026-04-23 03:35:21,193794616,61032,67229857,296489,21246,162,163,48458118,13010,0,0,0
2026-04-23 03:35:22,193854949,60333,67250732,296603,20989,160,163,48471111,12993,0,0,0
2026-04-23 03:35:23,193915511,60562,67271790,296686,21141,161,163,48484086,12975,0,0,0
2026-04-23 03:35:24,193977092,61581,67293141,296774,21439,152,163,48510013,25927,0,0,0
2026-04-23 03:35:25,194038561,61469,67314509,296849,21443,149,163,48523005,12992,0,0,0
2026-04-23 03:35:26,194099086,60525,67335548,296936,21126,161,163,48536023,13018,0,0,0
2026-04-23 03:35:28,194160722,61636,67356921,297032,21469,162,163,48549031,13008,0,0,0
2026-04-23 03:35:29,194221104,60382,67377876,297110,21033,153,163,48562045,13014,0,0,0
2026-04-23 03:35:30,194282360,61256,67399105,297220,21339,152,163,48575037,12992,0,0,0
2026-04-23 03:35:31,194343675,61315,67420375,297317,21367,157,163,48601083,26046,0,0,0
2026-04-23 03:35:32,194403294,59619,67441174,297412,20894,162,163,48614150,13067,0,0,0
2026-04-23 03:35:33,194465141,61847,67462582,297505,21501,159,163,48627214,13064,0,0,0
2026-04-23 03:35:35,194526299,61158,67483765,297597,21275,154,163,48640264,13050,0,0,0
2026-04-23 03:35:36,194587353,61054,67504985,297685,21308,161,163,48653294,13030,0,0,0
2026-04-23 03:35:37,194647795,60442,67525961,297764,21055,151,163,48666315,13021,0,0,0
2026-04-23 03:35:38,194707499,59704,67546734,297854,20863,155,163,48692365,26050,0,0,0
2026-04-23 03:35:39,194768476,60977,67567914,297969,21295,144,163,48705365,13000,0,0,0
2026-04-23 03:35:40,194829356,60880,67588985,298058,21160,153,163,48718362,12997,0,0,0
2026-04-23 03:35:41,194890784,61428,67610288,298150,21395,150,163,48731343,12981,0,0,0
2026-04-23 03:35:43,194950581,59797,67631093,298244,20899,148,163,48744353,13010,0,0,0
2026-04-23 03:35:44,195011191,60610,67652121,298328,21112,162,163,48757354,13001,0,0,0
2026-04-23 03:35:45,195072089,60898,67673266,298421,21238,161,163,48770388,13034,0,0,0
2026-04-23 03:35:46,195133129,61040,67694424,298518,21255,147,163,48796497,26109,0,0,0
2026-04-23 03:35:47,195195298,62169,67716029,298613,21700,162,163,48809553,13056,0,0,0
2026-04-23 03:35:48,195256170,60872,67737100,298708,21166,154,163,48822583,13030,0,0,0
2026-04-23 03:35:50,195317205,61035,67758330,298791,21313,159,163,48835622,13039,0,0,0
2026-04-23 03:35:51,195377660,60455,67779332,298879,21090,146,163,48848705,13083,0,0,0
2026-04-23 03:35:52,195438251,60591,67800285,298978,21052,150,163,48874837,26132,0,0,0
2026-04-23 03:35:53,195500658,62407,67821907,299064,21708,157,163,48887895,13058,0,0,0
2026-04-23 03:35:54,195561649,60991,67843066,299151,21246,159,163,48900958,13063,0,0,0
2026-04-23 03:35:55,195622473,60824,67864199,299226,21208,141,163,48914021,13063,0,0,0
2026-04-23 03:35:57,195683815,61342,67885501,299325,21401,150,163,48927079,13058,0,0,0
2026-04-23 03:35:58,195743273,59458,67906165,299409,20748,149,163,48940132,13053,0,0,0
2026-04-23 03:35:59,195804363,61090,67927310,299500,21236,149,163,48953191,13059,0,0,0
2026-04-23 03:36:00,195864733,60370,67948292,299579,21061,158,163,48979330,26139,0,0,0
2026-04-23 03:36:01,195925917,61184,67969523,299669,21321,147,163,48992374,13044,0,0,0
2026-04-23 03:36:02,195987074,61157,67990756,299775,21339,139,163,49005440,13066,0,0,0
2026-04-23 03:36:04,196048371,61297,68012011,299887,21367,156,163,49018508,13068,0,0,0
2026-04-23 03:36:05,196109858,61487,68033353,299973,21428,162,163,49031601,13093,0,0,0
2026-04-23 03:36:06,196170563,60705,68054377,300064,21115,162,163,49044666,13065,0,0,0
2026-04-23 03:36:07,196231138,60575,68075453,300135,21147,157,163,49070772,26106,0,0,0
2026-04-23 03:36:08,196292408,61270,68096697,300228,21337,162,163,49083789,13017,0,0,0
2026-04-23 03:36:09,196353454,61046,68117832,300320,21227,150,163,49096836,13047,0,0,0
2026-04-23 03:36:11,196414999,61545,68139216,300409,21473,151,163,49109860,13024,0,0,0
2026-04-23 03:36:12,196474941,59942,68160008,300508,20891,153,163,49122902,13042,0,0,0
2026-04-23 03:36:13,196536333,61392,68181320,300589,21393,150,163,49135958,13056,0,0,0
2026-04-23 03:36:14,196597688,61355,68202593,300692,21376,160,163,49162158,26200,0,0,0
2026-04-23 03:36:15,196658849,61161,68223808,300784,21307,159,163,49175219,13061,0,0,0
2026-04-23 03:36:16,196721189,62340,68245450,300877,21735,149,163,49188248,13029,0,0,0
2026-04-23 03:36:18,196782160,60971,68266565,300978,21216,159,163,49201293,13045,0,0,0
2026-04-23 03:36:19,196841403,59243,68287225,301064,20746,151,163,49214355,13062,0,0,0
2026-04-23 03:36:20,196902716,61313,68308478,301150,21339,162,163,49227404,13049,0,0,0
2026-04-23 03:36:21,196964147,61431,68329712,301253,21337,150,163,49253485,26081,0,0,0
2026-04-23 03:36:22,197024794,60647,68350832,301348,21215,162,163,49266556,13071,0,0,0
2026-04-23 03:36:23,197086248,61454,68372090,301443,21353,147,163,49279594,13038,0,0,0
2026-04-23 03:36:25,197148276,62028,68393606,301536,21609,154,163,49292643,13049,0,0,0
2026-04-23 03:36:26,197208964,60688,68414667,301653,21178,150,163,49305644,13001,0,0,0
2026-04-23 03:36:27,197270096,61132,68435835,301760,21275,157,163,49318692,13048,0,0,0
2026-04-23 03:36:28,197331311,61215,68457068,301839,21312,150,163,49344790,26098,0,0,0
2026-04-23 03:36:29,197392763,61452,68478395,301924,21412,144,163,49357844,13054,0,0,0
2026-04-23 03:36:30,197454398,61635,68499722,302007,21410,161,163,49370919,13075,0,0,0
2026-04-23 03:36:32,197514870,60472,68520713,302099,21083,155,163,49384003,13084,0,0,0
2026-04-23 03:36:33,197575593,60723,68541842,302178,21208,162,163,49397065,13062,0,0,0
2026-04-23 03:36:34,197636206,60613,68562810,302269,21059,159,163,49410109,13044,0,0,0
2026-04-23 03:36:35,197696811,60605,68583866,302368,21155,155,163,49436177,26068,0,0,0
2026-04-23 03:36:36,197758553,61742,68605268,302470,21504,151,163,49449215,13038,0,0,0
2026-04-23 03:36:37,197819965,61412,68626579,302544,21385,147,163,49462244,13029,0,0,0
2026-04-23 03:36:39,197881148,61183,68647845,302619,21341,160,163,49475258,13014,0,0,0
2026-04-23 03:36:40,197941744,60596,68668914,302722,21172,149,163,49488255,12997,0,0,0
2026-04-23 03:36:41,198002227,60483,68689837,302821,21022,155,163,49501294,13039,0,0,0
2026-04-23 03:36:42,198063670,61443,68711160,302906,21408,160,163,49527447,26153,0,0,0
2026-04-23 03:36:43,198123864,60194,68732123,302999,21056,162,163,49540463,13016,0,0,0
2026-04-23 03:36:44,198184348,60484,68753134,303096,21108,159,163,49553480,13017,0,0,0
2026-04-23 03:36:45,198241663,57315,68773057,303176,20003,161,163,49566478,12998,0,0,0
2026-04-23 03:36:47,198301559,59896,68793914,303268,20949,162,163,49579482,13004,0,0,0
2026-04-23 03:36:48,198362072,60513,68814890,303371,21079,162,163,49592512,13030,0,0,0
2026-04-23 03:36:49,198422008,59936,68835721,303476,20936,158,163,49605564,13052,0,0,0
2026-04-23 03:36:50,198483355,61347,68857022,303561,21386,155,163,49631676,26112,0,0,0
2026-04-23 03:36:51,198544202,60847,68878114,303650,21181,155,163,49644725,13049,0,0,0
2026-04-23 03:36:52,198605163,60961,68899323,303747,21306,162,163,49657791,13066,0,0,0
2026-04-23 03:36:54,198666201,61038,68920509,303840,21279,162,163,49670839,13048,0,0,0
2026-04-23 03:36:55,198726830,60629,68941527,303937,21115,161,163,49683891,13052,0,0,0
2026-04-23 03:36:56,198788296,61466,68962766,304026,21328,162,163,49696954,13063,0,0,0
2026-04-23 03:36:57,198849372,61076,68983981,304114,21303,162,163,49723155,26201,0,0,0
2026-04-23 03:36:58,198910477,61105,69005151,304207,21263,157,163,49736270,13115,0,0,0
2026-04-23 03:36:59,198970893,60416,69026113,304293,21048,162,163,49749389,13119,0,0,0
2026-04-23 03:37:01,199032626,61733,69047514,304385,21493,154,163,49762501,13112,0,0,0
2026-04-23 03:37:02,199093012,60386,69068528,304475,21104,161,163,49775578,13077,0,0,0
2026-04-23 03:37:03,199153381,60369,69089435,304571,21003,143,163,49788632,13054,0,0,0
2026-04-23 03:37:04,199214328,60947,69110556,304670,21220,158,163,49814765,26133,0,0,0
2026-04-23 03:37:05,199274580,60252,69131468,304772,21014,146,163,49827846,13081,0,0,0
2026-04-23 03:37:06,199335564,60984,69152639,304856,21255,157,163,49840930,13084,0,0,0
2026-04-23 03:37:08,199396773,61209,69173888,304963,21356,152,163,49853994,13064,0,0,0
2026-04-23 03:37:09,199457213,60440,69194819,305059,21027,158,163,49867031,13037,0,0,0
2026-04-23 03:37:10,199517444,60231,69215705,305153,20980,162,163,49880079,13048,0,0,0
2026-04-23 03:37:11,199576970,59526,69236372,305256,20770,160,163,49906174,26095,0,0,0
2026-04-23 03:37:12,199637950,60980,69257577,305348,21297,145,163,49919237,13063,0,0,0
2026-04-23 03:37:13,199699238,61288,69278762,305465,21302,155,163,49932306,13069,0,0,0
2026-04-23 03:37:15,199760823,61585,69300130,305555,21458,154,163,49945379,13073,0,0,0
2026-04-23 03:37:16,199821934,61111,69321327,305641,21283,148,163,49958439,13060,0,0,0
2026-04-23 03:37:17,199883208,61274,69342583,305734,21349,151,163,49971521,13082,0,0,0
2026-04-23 03:37:18,199944246,61038,69363709,305825,21217,159,163,49997720,26199,0,0,0
2026-04-23 03:37:19,200004758,60512,69384748,305902,21116,162,163,50010824,13104,0,0,0
2026-04-23 03:37:20,200066769,62011,69406206,305992,21548,151,163,50023951,13127,0,0,0
2026-04-23 03:37:22,200128462,61693,69427632,306093,21527,159,163,50037058,13107,0,0,0
2026-04-23 03:37:23,200189350,60888,69448767,306183,21225,162,163,50050132,13074,0,0,0
2026-04-23 03:37:24,200250195,60845,69469846,306281,21177,159,163,50063196,13064,0,0,0
2026-04-23 03:37:25,200310118,59923,69490654,306370,20897,162,163,50076296,13100,0,0,0
2026-04-23 03:37:26,200370968,60850,69511733,306470,21179,150,163,50102434,26138,0,0,0
2026-04-23 03:37:27,200432355,61387,69533021,306563,21381,162,163,50115497,13063,0,0,0
2026-04-23 03:37:28,200492170,59815,69553791,306656,20863,160,163,50128631,13134,0,0,0
2026-04-23 03:37:30,200553184,61014,69574947,306734,21234,139,163,50141769,13138,0,0,0
2026-04-23 03:37:31,200613007,59823,69595683,306834,20836,161,163,50154903,13134,0,0,0
2026-04-23 03:37:32,200673930,60923,69616773,306934,21190,159,163,50168016,13113,0,0,0
2026-04-23 03:37:33,200734491,60561,69637784,307042,21119,144,163,50194199,26183,0,0,0
2026-04-23 03:37:34,200795359,60868,69658913,307124,21211,161,163,50207266,13067,0,0,0
2026-04-23 03:37:35,200856071,60712,69679970,307211,21144,152,163,50220328,13062,0,0,0
2026-04-23 03:37:37,200916785,60714,69701055,307297,21171,162,163,50233385,13057,0,0,0
2026-04-23 03:37:38,200977237,60452,69722018,307392,21058,147,163,50246431,13046,0,0,0
2026-04-23 03:37:39,201036911,59674,69742761,307478,20829,151,163,50259484,13053,0,0,0
2026-04-23 03:37:40,201098347,61436,69764043,307586,21390,158,163,50285658,26174,0,0,0
2026-04-23 03:37:41,201157888,59541,69784743,307673,20787,135,163,50298767,13109,0,0,0
2026-04-23 03:37:42,201218501,60613,69805764,307761,21109,162,163,50311873,13106,0,0,0
2026-04-23 03:37:44,201278843,60342,69826703,307846,21024,156,163,50324957,13084,0,0,0
2026-04-23 03:37:45,201337568,58725,69847157,307930,20538,162,163,50338055,13098,0,0,0
2026-04-23 03:37:46,201396228,58660,69867483,308008,20404,138,163,50351179,13124,0,0,0
2026-04-23 03:37:47,201455943,59715,69888272,308093,20874,162,163,50377484,26305,0,0,0
2026-04-23 03:37:48,201516396,60453,69909217,308197,21049,162,163,50390637,13153,0,0,0
2026-04-23 03:37:49,201577344,60948,69930338,308287,21211,141,163,50403740,13103,0,0,0
2026-04-23 03:37:51,201635964,58620,69950740,308368,20483,141,163,50416836,13096,0,0,0
2026-04-23 03:37:52,201694467,58503,69971028,308449,20369,162,163,50429932,13096,0,0,0
2026-04-23 03:37:53,201752333,57866,69991136,308543,20202,139,163,50443049,13117,0,0,0
2026-04-23 03:37:54,201812340,60007,70011925,308634,20880,156,163,50469307,26258,0,0,0
2026-04-23 03:37:55,201873616,61276,70033135,308719,21295,158,163,50482439,13132,0,0,0
2026-04-23 03:37:56,201933923,60307,70054083,308816,21045,162,163,50495611,13172,0,0,0
2026-04-23 03:37:58,201995357,61434,70075431,308894,21426,161,163,50508729,13118,0,0,0
2026-04-23 03:37:59,202055686,60329,70096307,308989,20971,162,163,50521846,13117,0,0,0
2026-04-23 03:38:00,202116090,60404,70117316,309075,21095,158,163,50534969,13123,0,0,0
2026-04-23 03:38:01,202176526,60436,70138220,309181,21010,157,163,50561310,26341,0,0,0
2026-04-23 03:38:02,202238073,61547,70159561,309283,21443,147,163,50574463,13153,0,0,0
2026-04-23 03:38:03,202298773,60700,70180624,309363,21143,139,163,50587567,13104,0,0,0
2026-04-23 03:38:05,202360272,61499,70201932,309454,21399,151,163,50600664,13097,0,0,0
2026-04-23 03:38:06,202420679,60407,70222983,309545,21142,162,163,50613752,13088,0,0,0
2026-04-23 03:38:07,202481150,60471,70243923,309657,21052,157,163,50626879,13127,0,0,0
2026-04-23 03:38:08,202542672,61522,70265205,309755,21380,156,163,50640026,13147,0,0,0
2026-04-23 03:38:09,202604311,61639,70286570,309848,21458,155,163,50666359,26333,0,0,0
2026-04-23 03:38:10,202665338,61027,70307770,309941,21293,152,163,50679516,13157,0,0,0
2026-04-23 03:38:12,202726726,61388,70329111,310032,21432,162,163,50692658,13142,0,0,0
2026-04-23 03:38:13,202787343,60617,70350194,310111,21162,160,163,50705780,13122,0,0,0
2026-04-23 03:38:14,202847334,59991,70371006,310190,20891,146,163,50718917,13137,0,0,0
2026-04-23 03:38:15,202907695,60361,70391962,310297,21063,161,163,50732061,13144,0,0,0
2026-04-23 03:38:16,202969815,62120,70413477,310402,21620,153,163,50758366,26305,0,0,0
2026-04-23 03:38:17,203031772,61957,70434932,310502,21555,155,163,50771540,13174,0,0,0
2026-04-23 03:38:18,203093434,61662,70456299,310586,21451,155,163,50784720,13180,0,0,0
2026-04-23 03:38:20,203155197,61763,70477715,310674,21504,162,163,50797918,13198,0,0,0
2026-04-23 03:38:21,203215316,60119,70498636,310755,21002,157,163,50811115,13197,0,0,0
2026-04-23 03:38:22,203276638,61322,70519882,310857,21348,160,163,50824291,13176,0,0,0
2026-04-23 03:38:23,203338641,62003,70541353,310971,21585,161,163,50850660,26369,0,0,0
2026-04-23 03:38:24,203399665,61024,70562572,311059,21307,162,163,50863871,13211,0,0,0
2026-04-23 03:38:25,203461889,62224,70584113,311161,21643,149,163,50877106,13235,0,0,0
2026-04-23 03:38:27,203523566,61677,70605538,311254,21518,159,163,50890305,13199,0,0,0
2026-04-23 03:38:28,203584796,61230,70626735,311352,21295,159,163,50903465,13160,0,0,0
2026-04-23 03:38:29,203645010,60214,70647595,311442,20950,161,163,50916593,13128,0,0,0
2026-04-23 03:38:30,203705272,60262,70668473,311540,20976,154,163,50942950,26357,0,0,0
2026-04-23 03:38:31,203766199,60927,70689561,311622,21170,155,163,50956145,13195,0,0,0
2026-04-23 03:38:32,203827130,60931,70710721,311708,21246,154,163,50969340,13195,0,0,0
2026-04-23 03:38:34,203887430,60300,70731677,311797,21045,141,163,50982570,13230,0,0,0
2026-04-23 03:38:35,203947187,59757,70752487,311891,20904,161,163,50995770,13200,0,0,0
2026-04-23 03:38:36,204008092,60905,70773643,311979,21244,162,163,51008957,13187,0,0,0
2026-04-23 03:38:37,204068070,59978,70794461,312071,20910,156,163,51035335,26378,0,0,0
2026-04-23 03:38:38,204129732,61662,70815857,312168,21493,147,163,51048509,13174,0,0,0
2026-04-23 03:38:39,204190562,60830,70836962,312259,21196,161,163,51061700,13191,0,0,0
2026-04-23 03:38:41,204251889,61327,70858260,312336,21375,129,163,51074871,13171,0,0,0
2026-04-23 03:38:42,204311738,59849,70879092,312420,20916,157,163,51088056,13185,0,0,0
2026-04-23 03:38:43,204371870,60132,70899986,312513,20987,153,163,51101264,13208,0,0,0
2026-04-23 03:38:44,204431784,59914,70920807,312594,20902,162,163,51127638,26374,0,0,0
2026-04-23 03:38:45,204492277,60493,70941786,312683,21068,153,163,51140785,13147,0,0,0
2026-04-23 03:38:46,204550295,58018,70961864,312790,20185,162,163,51153963,13178,0,0,0
2026-04-23 03:38:48,204611833,61538,70983218,312889,21453,162,163,51167129,13166,0,0,0
2026-04-23 03:38:49,204672130,60297,71004148,312974,21015,158,163,51180256,13127,0,0,0
2026-04-23 03:38:50,204732910,60780,71025207,313060,21145,153,163,51193376,13120,0,0,0
2026-04-23 03:38:51,204792941,60031,71046034,313149,20916,151,163,51219665,26289,0,0,0
2026-04-23 03:38:52,204853880,60939,71067171,313249,21237,159,163,51232828,13163,0,0,0
2026-04-23 03:38:53,204913187,59307,71087784,313338,20702,156,163,51245969,13141,0,0,0
2026-04-23 03:38:55,204973833,60646,71108791,313439,21108,162,163,51259110,13141,0,0,0
2026-04-23 03:38:56,205032829,58996,71129231,313529,20530,142,163,51272253,13143,0,0,0
2026-04-23 03:38:57,205092015,59186,71149759,313631,20630,160,163,51285400,13147,0,0,0
2026-04-23 03:38:58,205153053,61038,71170957,313737,21304,161,163,51298583,13183,0,0,0
2026-04-23 03:38:59,205214250,61197,71192146,313843,21295,154,163,51324932,26349,0,0,0
2026-04-23 03:39:00,205274516,60266,71213031,313940,20982,151,163,51338126,13194,0,0,0
2026-04-23 03:39:02,205334067,59551,71233724,314040,20793,148,163,51351272,13146,0,0,0
2026-04-23 03:39:03,205392849,58782,71254065,314130,20431,161,163,51364402,13130,0,0,0
2026-04-23 03:39:04,205452965,60116,71275011,314222,21038,158,163,51377534,13132,0,0,0
2026-04-23 03:39:05,205513782,60817,71296098,314311,21176,160,163,51390703,13169,0,0,0
2026-04-23 03:39:06,205574237,60455,71317070,314383,21044,156,163,51417046,26343,0,0,0
2026-04-23 03:39:07,205635731,61494,71338394,314482,21423,153,163,51430182,13136,0,0,0
2026-04-23 03:39:08,205697463,61732,71359826,314568,21518,151,163,51443340,13158,0,0,0
2026-04-23 03:39:10,205759510,62047,71381305,314661,21572,149,163,51456485,13145,0,0,0
2026-04-23 03:39:11,205819669,60159,71402154,314759,20947,137,163,51469632,13147,0,0,0
2026-04-23 03:39:12,205879637,59968,71422920,314850,20857,157,163,51482782,13150,0,0,0
2026-04-23 03:39:13,205939906,60269,71443846,314943,21019,153,163,51509001,26219,0,0,0
2026-04-23 03:39:14,206000592,60686,71464939,315039,21189,158,163,51522096,13095,0,0,0
2026-04-23 03:39:15,206062019,61427,71486207,315137,21366,144,163,51535196,13100,0,0,0
2026-04-23 03:39:17,206123631,61612,71507534,315233,21423,156,163,51548316,13120,0,0,0
2026-04-23 03:39:18,206185554,61923,71529031,315326,21590,159,163,51561467,13151,0,0,0
2026-04-23 03:39:19,206245896,60342,71549979,315405,21027,162,163,51574627,13160,0,0,0
2026-04-23 03:39:20,206305851,59955,71570729,315496,20841,142,163,51600831,26204,0,0,0
2026-04-23 03:39:21,206367547,61696,71592129,315600,21504,156,163,51613939,13108,0,0,0
2026-04-23 03:39:22,206429144,61597,71613463,315692,21426,153,163,51627041,13102,0,0,0
2026-04-23 03:39:24,206490542,61398,71634734,315779,21358,161,163,51640139,13098,0,0,0
2026-04-23 03:39:25,206552018,61476,71656087,315880,21454,161,163,51653262,13123,0,0,0
2026-04-23 03:39:26,206612399,60381,71677030,315974,21037,145,163,51666372,13110,0,0,0
2026-04-23 03:39:27,206672787,60388,71697965,316056,21017,160,163,51692663,26291,0,0,0
2026-04-23 03:39:28,206733383,60596,71718970,316169,21118,156,163,51705758,13095,0,0,0
2026-04-23 03:39:29,206795067,61684,71740377,316266,21504,146,163,51718868,13110,0,0,0
2026-04-23 03:39:31,206855959,60892,71761507,316357,21221,146,163,51731993,13125,0,0,0
2026-04-23 03:39:32,206916047,60088,71782407,316437,20980,162,163,51745134,13141,0,0,0
2026-04-23 03:39:33,206976920,60873,71803528,316549,21233,162,163,51758249,13115,0,0,0
2026-04-23 03:39:34,207036979,60059,71824343,316646,20912,160,163,51784471,26222,0,0,0
2026-04-23 03:39:35,207098514,61535,71845685,316724,21420,158,163,51797586,13115,0,0,0
2026-04-23 03:39:36,207159233,60719,71866795,316823,21209,153,163,51810717,13131,0,0,0
2026-04-23 03:39:38,207220407,61174,71887983,316922,21287,156,163,51823813,13096,0,0,0
2026-04-23 03:39:39,207281515,61108,71909204,317009,21308,162,163,51836889,13076,0,0,0
2026-04-23 03:39:40,207343284,61769,71930626,317100,21513,140,163,51849987,13098,0,0,0
2026-04-23 03:39:41,207404076,60792,71951742,317189,21205,160,163,51863096,13109,0,0,0
2026-04-23 03:39:42,207465301,61225,71972958,317271,21298,160,163,51889302,26206,0,0,0
2026-04-23 03:39:43,207526592,61291,71994215,317363,21349,160,163,51902421,13119,0,0,0
2026-04-23 03:39:45,207586944,60352,72015185,317432,21039,158,163,51915543,13122,0,0,0
2026-04-23 03:39:46,207647632,60688,72036257,317534,21174,156,163,51928693,13150,0,0,0
2026-04-23 03:39:47,207708122,60490,72057227,317622,21058,159,163,51941836,13143,0,0,0
2026-04-23 03:39:48,207768649,60527,72078238,317734,21123,159,163,51954936,13100,0,0,0
2026-04-23 03:39:49,207829864,61215,72099462,317841,21331,160,163,51981084,26148,0,0,0
2026-04-23 03:39:50,207892004,62140,72120994,317923,21614,161,163,51994190,13106,0,0,0
2026-04-23 03:39:52,207953025,61021,72142193,318015,21291,161,163,52007300,13110,0,0,0
2026-04-23 03:39:53,208013470,60445,72163124,318116,21032,145,163,52020454,13154,0,0,0
2026-04-23 03:39:54,208073872,60402,72184132,318213,21105,153,163,52033582,13128,0,0,0
2026-04-23 03:39:55,208134378,60506,72205141,318316,21112,154,163,52046682,13100,0,0,0
2026-04-23 03:39:56,208195359,60981,72226226,318391,21160,155,163,52072863,26181,0,0,0
2026-04-23 03:39:57,208255631,60272,72247148,318499,21030,161,163,52085945,13082,0,0,0
2026-04-23 03:39:58,208316408,60777,72268164,318597,21114,161,163,52099013,13068,0,0,0
2026-04-23 03:40:00,208377286,60878,72289381,318676,21296,145,163,52112101,13088,0,0,0
2026-04-23 03:40:01,208437532,60246,72310322,318754,21019,161,163,52125194,13093,0,0,0
2026-04-23 03:40:02,208496564,59032,72330812,318828,20564,160,163,52138292,13098,0,0,0
2026-04-23 03:40:03,208556453,59889,72351588,318917,20865,145,163,52164450,26158,0,0,0
2026-04-23 03:40:04,208617739,61286,72372864,319013,21372,162,163,52177563,13113,0,0,0
2026-04-23 03:40:05,208679081,61342,72394088,319105,21316,159,163,52190690,13127,0,0,0
2026-04-23 03:40:07,208739188,60107,72414946,319205,20958,160,163,52203789,13099,0,0,0
2026-04-23 03:40:08,208796472,57284,72434894,319289,20032,145,163,52216876,13087,0,0,0
2026-04-23 03:40:09,208855511,59039,72455332,319381,20530,160,163,52229933,13057,0,0,0
2026-04-23 03:40:10,208915569,60058,72476187,319464,20938,159,163,52256061,26128,0,0,0
2026-04-23 03:40:11,208976224,60655,72497246,319564,21159,160,163,52269146,13085,0,0,0
2026-04-23 03:40:12,209037082,60858,72518388,319650,21228,161,163,52282235,13089,0,0,0
2026-04-23 03:40:14,209098680,61598,72539744,319749,21455,162,163,52295337,13102,0,0,0
2026-04-23 03:40:15,209159362,60682,72560770,319866,21143,155,163,52308444,13107,0,0,0
2026-04-23 03:40:16,209220293,60931,72581962,319950,21276,159,163,52321548,13104,0,0,0
2026-04-23 03:40:17,209280878,60585,72602977,320033,21098,130,163,52347704,26156,0,0,0
2026-04-23 03:40:18,209342887,62009,72624454,320130,21574,159,163,52360776,13072,0,0,0
2026-04-23 03:40:19,209404478,61591,72645793,320234,21443,141,163,52373873,13097,0,0,0
2026-04-23 03:40:21,209465167,60689,72666844,320342,21159,156,163,52386980,13107,0,0,0
2026-04-23 03:40:22,209525731,60564,72687908,320432,21154,155,163,52400077,13097,0,0,0
2026-04-23 03:40:23,209586730,60999,72709072,320521,21253,146,163,52413128,13051,0,0,0
2026-04-23 03:40:24,209648238,61508,72730357,320601,21365,156,163,52439212,26084,0,0,0
2026-04-23 03:40:25,209709624,61386,72751663,320687,21392,147,163,52452313,13101,0,0,0
2026-04-23 03:40:26,209770828,61204,72772860,320793,21303,155,163,52465429,13116,0,0,0
2026-04-23 03:40:28,209831321,60493,72793903,320887,21137,160,163,52478542,13113,0,0,0
2026-04-23 03:40:29,209891599,60278,72814845,320979,21034,157,163,52491625,13083,0,0,0
2026-04-23 03:40:30,209951602,60003,72835656,321076,20908,157,163,52504697,13072,0,0,0
2026-04-23 03:40:31,210012452,60850,72856701,321179,21148,153,163,52530789,26092,0,0,0
2026-04-23 03:40:32,210073674,61222,72877979,321242,21341,150,163,52543888,13099,0,0,0
2026-04-23 03:40:33,210135156,61482,72899271,321330,21380,158,163,52556986,13098,0,0,0
2026-04-23 03:40:35,210196960,61804,72920734,321431,21564,161,163,52570074,13088,0,0,0
2026-04-23 03:40:36,210258096,61136,72941908,321528,21271,160,163,52583170,13096,0,0,0
2026-04-23 03:40:37,210319296,61200,72963146,321614,21324,151,163,52596254,13084,0,0,0
2026-04-23 03:40:38,210380459,61163,72984365,321714,21319,155,163,52622395,26141,0,0,0
2026-04-23 03:40:39,210441728,61269,73005597,321806,21324,158,163,52635510,13115,0,0,0
2026-04-23 03:40:40,210501884,60156,73026479,321913,20989,152,163,52648637,13127,0,0,0
2026-04-23 03:40:42,210562678,60794,73047619,322016,21243,143,163,52661760,13123,0,0,0
2026-04-23 03:40:43,210624136,61458,73068980,322100,21445,157,163,52674846,13086,0,0,0
2026-04-23 03:40:44,210685748,61612,73090337,322192,21449,161,163,52687939,13093,0,0,0
2026-04-23 03:40:45,210747109,61361,73111611,322292,21374,161,163,52700996,13057,0,0,0
2026-04-23 03:40:46,210807892,60783,73132694,322382,21173,162,163,52727085,26089,0,0,0
2026-04-23 03:40:47,210869623,61731,73154087,322475,21486,162,163,52740178,13093,0,0,0
2026-04-23 03:40:49,210930099,60476,73175044,322562,21044,153,163,52753258,13080,0,0,0
2026-04-23 03:40:50,210991759,61660,73196367,322661,21422,162,163,52766349,13091,0,0,0
2026-04-23 03:40:51,211052050,60291,73217287,322752,21011,146,163,52779399,13050,0,0,0
2026-04-23 03:40:52,211112710,60660,73238334,322841,21136,156,163,52792431,13032,0,0,0
2026-04-23 03:40:53,211172758,60048,73259197,322921,20943,158,163,52818555,26124,0,0,0
2026-04-23 03:40:54,211233758,61000,73280354,323024,21260,160,163,52831652,13097,0,0,0
2026-04-23 03:40:56,211295252,61494,73301665,323125,21412,161,163,52844735,13083,0,0,0
2026-04-23 03:40:57,211356148,60896,73322788,323209,21207,138,163,52857807,13072,0,0,0
2026-04-23 03:40:58,211415462,59314,73343375,323286,20664,154,163,52870866,13059,0,0,0
2026-04-23 03:40:59,211475491,60029,73364209,323364,20912,148,163,52883902,13036,0,0,0
2026-04-23 03:41:00,211536051,60560,73385245,323470,21142,160,163,52909985,26083,0,0,0
2026-04-23 03:41:01,211596702,60651,73406308,323561,21154,155,163,52923043,13058,0,0,0
2026-04-23 03:41:02,211657765,61063,73427496,323658,21285,159,163,52936077,13034,0,0,0
2026-04-23 03:41:04,211719223,61458,73448823,323763,21432,151,163,52949155,13078,0,0,0
2026-04-23 03:41:05,211779102,59879,73469615,323858,20887,158,163,52962232,13077,0,0,0
2026-04-23 03:41:06,211838890,59788,73490396,323949,20872,151,163,52975346,13114,0,0,0
2026-04-23 03:41:07,211898584,59694,73511144,324044,20843,152,163,52988453,13107,0,0,0
2026-04-23 03:41:08,211959263,60679,73532222,324132,21166,151,163,53014688,26235,0,0,0
2026-04-23 03:41:09,212019756,60493,73553239,324230,21115,160,163,53027811,13123,0,0,0
2026-04-23 03:41:11,212080259,60503,73574196,324322,21049,160,163,53040911,13100,0,0,0
2026-04-23 03:41:12,212141131,60872,73595323,324418,21223,147,163,53054002,13091,0,0,0
2026-04-23 03:41:13,212201774,60643,73616374,324503,21136,160,163,53067076,13074,0,0,0
2026-04-23 03:41:14,212262332,60558,73637351,324593,21067,160,163,53080156,13080,0,0,0
2026-04-23 03:41:15,212322122,59790,73658126,324687,20869,150,163,53106319,26163,0,0,0
2026-04-23 03:41:16,212383332,61210,73679323,324783,21293,149,163,53119395,13076,0,0,0
2026-04-23 03:41:18,212443902,60570,73700386,324871,21151,158,163,53132488,13093,0,0,0
2026-04-23 03:41:19,212504552,60650,73721513,324967,21223,162,163,53145562,13074,0,0,0
2026-04-23 03:41:20,212565140,60588,73742401,325066,20987,162,163,53158639,13077,0,0,0
2026-04-23 03:41:21,212625606,60466,73763407,325159,21099,158,163,53171733,13094,0,0,0
2026-04-23 03:41:22,212685750,60144,73784240,325248,20922,145,163,53197893,26160,0,0,0
2026-04-23 03:41:23,212746367,60617,73805267,325346,21125,158,163,53210924,13031,0,0,0
2026-04-23 03:41:24,212807379,61012,73826450,325450,21287,162,163,53223970,13046,0,0,0
2026-04-23 03:41:26,212868654,61275,73847699,325541,21340,145,163,53237008,13038,0,0,0
2026-04-23 03:41:27,212929520,60866,73868844,325636,21240,156,163,53250076,13068,0,0,0
2026-04-23 03:41:28,212990647,61127,73890067,325728,21315,162,163,53263097,13021,0,0,0
2026-04-23 03:41:29,213050426,59779,73910783,325812,20800,130,163,53276161,13064,0,0,0
2026-04-23 03:41:30,213110917,60491,73931753,325905,21063,161,163,53302291,26130,0,0,0
2026-04-23 03:41:31,213171556,60639,73952786,325989,21117,154,163,53315359,13068,0,0,0
2026-04-23 03:41:33,213232268,60712,73973854,326099,21178,162,163,53328445,13086,0,0,0
2026-04-23 03:41:34,213292697,60429,73994823,326188,21058,162,163,53341517,13072,0,0,0
2026-04-23 03:41:35,213354133,61436,74016070,326284,21343,157,163,53354561,13044,0,0,0
2026-04-23 03:41:36,213414023,59890,74036886,326377,20909,158,163,53367634,13073,0,0,0
2026-04-23 03:41:37,213475402,61379,74058144,326463,21344,160,163,53393813,26179,0,0,0
2026-04-23 03:41:38,213536104,60702,74079229,326573,21195,162,163,53406905,13092,0,0,0
2026-04-23 03:41:39,213596538,60434,74100145,326688,21031,150,163,53419997,13092,0,0,0
2026-04-23 03:41:41,213656999,60461,74121138,326771,21076,162,163,53433122,13125,0,0,0
2026-04-23 03:41:42,213717046,60047,74141970,326854,20915,160,163,53446247,13125,0,0,0
2026-04-23 03:41:43,213776844,59798,74162755,326954,20885,158,163,53459368,13121,0,0,0
2026-04-23 03:41:44,213836825,59981,74183580,327062,20933,162,163,53472477,13109,0,0,0
2026-04-23 03:41:45,213897526,60701,74204641,327149,21148,153,163,53498648,26171,0,0,0
2026-04-23 03:41:46,213958614,61088,74225808,327244,21262,144,163,53511723,13075,0,0,0
2026-04-23 03:41:48,214020174,61560,74247165,327339,21452,143,163,53524831,13108,0,0,0
2026-04-23 03:41:49,214081571,61397,74268464,327437,21397,149,163,53537917,13086,0,0,0
2026-04-23 03:41:50,214141533,59962,74289297,327529,20925,161,163,53550954,13037,0,0,0
2026-04-23 03:41:51,214202218,60685,74310334,327610,21118,159,163,53563970,13016,0,0,0
2026-04-23 03:41:52,214262939,60721,74331421,327695,21172,151,163,53590103,26133,0,0,0
2026-04-23 03:41:53,214323771,60832,74352534,327790,21208,162,163,53603221,13118,0,0,0
2026-04-23 03:41:55,214384106,60335,74373511,327868,21055,160,163,53616341,13120,0,0,0
2026-04-23 03:41:56,214444845,60739,74394528,327963,21112,161,163,53629477,13136,0,0,0
2026-04-23 03:41:57,214504210,59365,74415122,328066,20697,159,163,53642612,13135,0,0,0
2026-04-23 03:41:58,214564087,59877,74435940,328175,20927,162,163,53655713,13101,0,0,0
2026-04-23 03:41:59,214624555,60468,74456891,328275,21051,156,163,53681860,26147,0,0,0
2026-04-23 03:42:00,214686581,62026,74478388,328372,21594,159,163,53694930,13070,0,0,0
2026-04-23 03:42:01,214747327,60746,74499430,328469,21139,160,163,53708014,13084,0,0,0
2026-04-23 03:42:03,214807630,60303,74520430,328548,21079,153,163,53721143,13129,0,0,0
2026-04-23 03:42:04,214867012,59382,74541048,328645,20715,154,163,53734286,13143,0,0,0
2026-04-23 03:42:05,214926790,59778,74561768,328731,20806,159,163,53747425,13139,0,0,0
2026-04-23 03:42:06,214987091,60301,74582695,328821,21017,155,163,53760557,13132,0,0,0
2026-04-23 03:42:07,215047376,60285,74603657,328915,21056,153,163,53786782,26225,0,0,0
2026-04-23 03:42:08,215105053,57677,74623620,329003,20051,146,163,53799878,13096,0,0,0
2026-04-23 03:42:10,215165223,60170,74644518,329096,20991,142,163,53813016,13138,0,0,0
2026-04-23 03:42:11,215225045,59822,74665226,329192,20804,162,163,53826160,13144,0,0,0
2026-04-23 03:42:12,215281280,56235,74684766,329276,19624,161,163,53839285,13125,0,0,0
2026-04-23 03:42:13,215341297,60017,74705553,329366,20877,159,163,53852379,13094,0,0,0
2026-04-23 03:42:14,215402019,60722,74726673,329455,21209,162,163,53878630,26251,0,0,0
2026-04-23 03:42:15,215462017,59998,74747462,329558,20892,160,163,53891732,13102,0,0,0
2026-04-23 03:42:17,215523118,61101,74768706,329652,21338,162,163,53904842,13110,0,0,0
2026-04-23 03:42:18,215583521,60403,74789686,329763,21091,148,163,53917937,13095,0,0,0
2026-04-23 03:42:19,215643829,60308,74810579,329853,20983,154,163,53931046,13109,0,0,0
2026-04-23 03:42:20,215704053,60224,74831486,329944,20998,162,163,53944118,13072,0,0,0
2026-04-23 03:42:21,215764596,60543,74852442,330038,21050,150,163,53970332,26214,0,0,0
2026-04-23 03:42:22,215825572,60976,74873602,330142,21264,157,163,53983392,13060,0,0,0
2026-04-23 03:42:23,215885659,60087,74894473,330242,20971,162,163,53996421,13029,0,0,0
2026-04-23 03:42:25,215947282,61623,74915820,330328,21433,151,163,54009453,13032,0,0,0
2026-04-23 03:42:26,216008527,61245,74937076,330424,21352,160,163,54022527,13074,0,0,0
2026-04-23 03:42:27,216068965,60438,74958107,330501,21108,139,163,54035604,13077,0,0,0
2026-04-23 03:42:28,216130572,61607,74979390,330597,21379,147,163,54048694,13090,0,0,0
2026-04-23 03:42:29,216191402,60830,75000510,330692,21215,161,163,54074853,26159,0,0,0
2026-04-23 03:42:30,216252674,61272,75021748,330773,21319,157,163,54087916,13063,0,0,0
2026-04-23 03:42:32,216312956,60282,75042715,330860,21054,158,163,54100996,13080,0,0,0
2026-04-23 03:42:33,216374374,61418,75064039,330952,21416,139,163,54114086,13090,0,0,0
2026-04-23 03:42:34,216434776,60402,75084998,331050,21057,132,163,54127180,13094,0,0,0
2026-04-23 03:42:35,216494546,59770,75105704,331150,20806,157,163,54140291,13111,0,0,0
2026-04-23 03:42:36,216555616,61070,75126908,331251,21305,162,163,54166438,26147,0,0,0
2026-04-23 03:42:37,216617824,62208,75148485,331340,21666,162,163,54179508,13070,0,0,0
2026-04-23 03:42:39,216678848,61024,75169679,331434,21288,162,163,54192588,13080,0,0,0
2026-04-23 03:42:40,216739878,61030,75190785,331539,21211,161,163,54205693,13105,0,0,0
2026-04-23 03:42:41,216800112,60234,75211674,331629,20979,160,163,54218809,13116,0,0,0
2026-04-23 03:42:42,216861517,61405,75233024,331722,21443,160,163,54231946,13137,0,0,0
2026-04-23 03:42:43,216921573,60056,75253869,331810,20933,162,163,54258173,26227,0,0,0
2026-04-23 03:42:44,216981858,60285,75274791,331904,21016,162,163,54271246,13073,0,0,0
2026-04-23 03:42:45,217043606,61748,75296223,331996,21524,153,163,54284344,13098,0,0,0
2026-04-23 03:42:47,217105336,61730,75317586,332098,21465,161,163,54297414,13070,0,0,0
2026-04-23 03:42:48,217166373,61037,75338749,332191,21256,146,163,54310484,13070,0,0,0
2026-04-23 03:42:49,217225080,58707,75359136,332288,20484,143,163,54323572,13088,0,0,0
2026-04-23 03:42:50,217284961,59881,75379912,332369,20857,162,163,54336676,13104,0,0,0
2026-04-23 03:42:51,217337517,52556,75398056,332454,18229,159,163,54362884,26208,0,0,0
2026-04-23 03:42:52,217396232,58715,75418460,332557,20507,162,163,54375934,13050,0,0,0
2026-04-23 03:42:54,217452706,56474,75438097,332644,19724,162,163,54389004,13070,0,0,0
2026-04-23 03:42:55,217511049,58343,75458329,332719,20307,130,130,54402074,13070,0,0,0
2026-04-23 03:42:56,217567517,56468,75477917,332801,19670,101,102,54415169,13095,0,0,0
2026-04-23 03:42:57,217619906,52389,75496099,332875,18256,69,74,54428265,13096,0,0,0
2026-04-23 03:42:58,217666680,46774,75512301,332940,16267,29,30,54454480,26215,0,0,0
2026-04-23 03:42:59,217676454,9774,75515705,332951,3415,2,2,54467634,13154,0,0,0
2026-04-23 03:43:00,217676459,5,75515705,332951,0,2,2,54480761,13127,0,0,0
2026-04-23 03:43:01,217676464,5,75515705,332951,0,2,1,54490761,10000,0,0,0
