timestamp,questions,qps,com_commit,com_rollback,tps,threads_running,threads_connected,pages_flushed,pages_flushed_ps,purge_trx_id,purge_tps,history_list_length
2026-04-29 20:55:36,32,0,41,0,0,2,1,1592,0,0,0,0
2026-04-29 20:55:37,42,10,41,0,0,2,3,1592,0,0,0,0
2026-04-29 20:55:38,473,431,184,1,144,4,5,4044,2452,0,0,0
2026-04-29 20:55:39,1747,1274,625,1,441,7,8,4044,0,0,0,0
2026-04-29 20:55:40,4153,2406,1455,3,832,9,10,4044,0,0,0,0
2026-04-29 20:55:41,7574,3421,2634,10,1186,11,12,4044,0,0,0,0
2026-04-29 20:55:42,12535,4961,4349,22,1727,12,14,4044,0,0,0,0
2026-04-29 20:55:44,18835,6300,6524,30,2183,15,16,4044,0,0,0,0
2026-04-29 20:55:45,26531,7696,9166,44,2656,18,19,4044,0,0,0,0
2026-04-29 20:55:46,35685,9154,12340,62,3192,18,21,4044,0,0,0,0
2026-04-29 20:55:47,46097,10412,15948,80,3626,22,23,4044,0,0,0,0
2026-04-29 20:55:48,58107,12010,20107,93,4172,24,25,4044,0,0,0,0
2026-04-29 20:55:49,72086,13979,24934,114,4848,26,28,4044,0,0,0,0
2026-04-29 20:55:50,87869,15783,30402,138,5492,28,30,4044,0,0,0,0
2026-04-29 20:55:51,105083,17214,36383,160,6003,29,32,4044,0,0,0,0
2026-04-29 20:55:52,123370,18287,42740,199,6396,33,34,4044,0,0,0,0
2026-04-29 20:55:54,142407,19037,49334,226,6621,34,36,4044,0,0,0,0
2026-04-29 20:55:55,163825,21418,56763,264,7467,37,39,4044,0,0,0,0
2026-04-29 20:55:56,186936,23111,64789,296,8058,35,41,4044,0,0,0,0
2026-04-29 20:55:57,210473,23537,72957,346,8218,42,43,4044,0,0,0,0
2026-04-29 20:55:58,234493,24020,81298,372,8367,43,45,6816,2772,0,0,0
2026-04-29 20:55:59,259715,25222,90035,404,8769,47,48,9468,2652,0,0,0
2026-04-29 20:56:00,286953,27238,99512,443,9516,48,50,12074,2606,0,0,0
2026-04-29 20:56:01,315637,28684,109453,487,9985,50,52,15022,2948,0,0,0
2026-04-29 20:56:03,344875,29238,119622,537,10219,50,54,17960,2938,0,0,0
2026-04-29 20:56:04,374887,30012,130024,582,10447,54,57,23894,5934,0,0,0
2026-04-29 20:56:05,406900,32013,141148,618,11160,57,59,26902,3008,0,0,0
2026-04-29 20:56:06,439380,32480,152416,668,11318,60,61,29922,3020,0,0,0
2026-04-29 20:56:07,473154,33774,164126,705,11747,60,63,32958,3036,0,0,0
2026-04-29 20:56:08,508208,35054,176303,754,12226,63,66,36000,3042,0,0,0
2026-04-29 20:56:09,543921,35713,188681,806,12430,59,68,39078,3078,0,0,0
2026-04-29 20:56:10,581354,37433,201660,856,13029,69,70,42190,3112,0,0,0
2026-04-29 20:56:12,618121,36767,214375,936,12795,68,72,45338,3148,0,0,0
2026-04-29 20:56:13,656165,38044,227576,986,13251,73,75,51614,6276,0,0,0
2026-04-29 20:56:14,695930,39765,241369,1043,13850,68,77,54748,3134,0,0,0
2026-04-29 20:56:15,736814,40884,255562,1117,14267,72,79,57896,3148,0,0,0
2026-04-29 20:56:16,778247,41433,269909,1175,14405,80,81,61044,3148,0,0,0
2026-04-29 20:56:17,822368,44121,285179,1236,15331,75,83,64180,3136,0,0,0
2026-04-29 20:56:18,866650,44282,300531,1314,15430,82,83,67386,3206,0,0,0
2026-04-29 20:56:19,912712,46062,316483,1393,16031,78,83,70600,3214,0,0,0
2026-04-29 20:56:21,958181,45469,332279,1461,15864,76,83,77212,6612,0,0,0
2026-04-29 20:56:22,1004965,46784,348515,1524,16299,81,83,80594,3382,0,0,0
2026-04-29 20:56:23,1051753,46788,364810,1585,16356,79,83,84026,3432,0,0,0
2026-04-29 20:56:24,1099535,47782,381402,1648,16655,76,83,87434,3408,0,0,0
2026-04-29 20:56:25,1147097,47562,397896,1739,16585,77,83,90838,3404,0,0,0
2026-04-29 20:56:26,1194561,47464,414382,1810,16557,77,83,94270,3432,0,0,0
2026-04-29 20:56:27,1242414,47853,430927,1884,16619,78,83,97760,3490,0,0,0
2026-04-29 20:56:29,1286665,44251,446290,1957,15436,81,83,109380,11620,0,0,0
2026-04-29 20:56:30,1329939,43274,461302,2041,15096,82,83,120972,11592,0,0,0
2026-04-29 20:56:31,1372127,42188,475957,2098,14712,78,83,132490,11518,0,0,0
2026-04-29 20:56:32,1417685,45558,491725,2164,15834,81,83,155322,22832,0,0,0
2026-04-29 20:56:33,1463178,45493,507516,2243,15870,77,83,166612,11290,0,0,0
2026-04-29 20:56:34,1508808,45630,523336,2329,15906,80,83,177946,11334,0,0,0
2026-04-29 20:56:35,1555181,46373,539445,2402,16182,81,83,189232,11286,0,0,0
2026-04-29 20:56:36,1600789,45608,555250,2475,15878,81,83,200496,11264,0,0,0
2026-04-29 20:56:38,1646160,45371,571029,2534,15838,82,83,211632,11136,0,0,0
2026-04-29 20:56:39,1690039,43879,586259,2602,15298,81,83,222728,11096,0,0,0
2026-04-29 20:56:40,1732912,42873,601116,2677,14932,77,83,244740,22012,0,0,0
2026-04-29 20:56:41,1777370,44458,616520,2755,15482,74,83,255740,11000,0,0,0
2026-04-29 20:56:42,1822750,45380,632260,2814,15799,77,83,266660,10920,0,0,0
2026-04-29 20:56:43,1868405,45655,648093,2896,15915,74,83,277552,10892,0,0,0
2026-04-29 20:56:44,1915852,47447,664516,2990,16517,73,83,288384,10832,0,0,0
2026-04-29 20:56:46,1962504,46652,680748,3063,16305,81,83,299170,10786,0,0,0
2026-04-29 20:56:47,2005772,43268,695794,3119,15102,82,83,309906,10736,0,0,0
2026-04-29 20:56:48,2050984,45212,711455,3165,15707,82,83,320624,10718,0,0,0
2026-04-29 20:56:49,2096888,45904,727383,3245,16008,80,83,342244,21620,0,0,0
2026-04-29 20:56:50,2142735,45847,743321,3312,16005,82,83,353044,10800,0,0,0
2026-04-29 20:56:51,2191341,48606,760158,3384,16909,76,83,363998,10954,0,0,0
2026-04-29 20:56:52,2236691,45350,775894,3452,15804,76,83,374960,10962,0,0,0
2026-04-29 20:56:53,2282206,45515,791673,3517,15844,82,83,385994,11034,0,0,0
2026-04-29 20:56:55,2324235,42029,806273,3581,14664,82,83,397018,11024,0,0,0
2026-04-29 20:56:56,2367342,43107,821196,3630,14972,82,83,407800,10782,0,0,0
2026-04-29 20:56:57,2411298,43956,836434,3697,15305,76,83,429248,21448,0,0,0
2026-04-29 20:56:58,2453323,42025,850971,3774,14614,81,83,445638,16390,0,0,0
2026-04-29 20:56:59,2493861,40538,865043,3837,14135,78,83,461850,16212,0,0,0
2026-04-29 20:57:00,2536746,42885,879922,3904,14946,77,83,478008,16158,0,0,0
2026-04-29 20:57:01,2583071,46325,895981,3984,16139,81,83,494126,16118,0,0,0
2026-04-29 20:57:03,2626669,43598,911154,4058,15247,82,83,510236,16110,0,0,0
2026-04-29 20:57:04,2669202,42533,925882,4128,14798,82,83,526266,16030,0,0,0
2026-04-29 20:57:05,2709944,40742,940020,4192,14202,82,83,542182,15916,0,0,0
2026-04-29 20:57:06,2750552,40608,954104,4265,14157,82,83,558060,15878,0,0,0
2026-04-29 20:57:07,2792620,42068,968661,4332,14624,80,83,589734,31674,0,0,0
2026-04-29 20:57:08,2835713,43093,983599,4398,15004,77,83,605574,15840,0,0,0
2026-04-29 20:57:09,2878595,42882,998443,4462,14908,75,83,621348,15774,0,0,0
2026-04-29 20:57:10,2921831,43236,1013464,4520,15079,78,83,637038,15690,0,0,0
2026-04-29 20:57:12,2963160,41329,1027846,4586,14448,82,83,652760,15722,0,0,0
2026-04-29 20:57:13,3001594,38434,1041153,4641,13362,82,83,668316,15556,0,0,0
2026-04-29 20:57:14,3044490,42896,1056056,4710,14972,77,83,683812,15496,0,0,0
2026-04-29 20:57:15,3093075,48585,1072902,4781,16917,80,83,714786,30974,0,0,0
2026-04-29 20:57:16,3142887,49812,1090183,4859,17359,82,83,730180,15394,0,0,0
2026-04-29 20:57:17,3190241,47354,1106624,4930,16512,81,83,745548,15368,0,0,0
2026-04-29 20:57:18,3238922,48681,1123469,5023,16938,79,83,760822,15274,0,0,0
2026-04-29 20:57:19,3282885,43963,1138762,5072,15342,82,83,776180,15358,0,0,0
2026-04-29 20:57:21,3323752,40867,1152985,5136,14287,82,83,791578,15398,0,0,0
2026-04-29 20:57:22,3365763,42011,1167477,5197,14553,82,83,806982,15404,0,0,0
2026-04-29 20:57:23,3409131,43368,1182563,5263,15152,82,83,822428,15446,0,0,0
2026-04-29 20:57:24,3454816,45685,1198369,5327,15870,81,83,853140,30712,0,0,0
2026-04-29 20:57:25,3500001,45185,1214102,5403,15809,69,83,868440,15300,0,0,0
2026-04-29 20:57:26,3551726,51725,1232014,5494,18003,78,83,883660,15220,0,0,0
2026-04-29 20:57:27,3602675,50949,1249698,5571,17761,80,83,898824,15164,0,0,0
2026-04-29 20:57:29,3649046,46371,1265815,5653,16199,64,83,917142,18318,0,0,0
2026-04-29 20:57:30,3696206,47160,1282129,5736,16397,82,83,935410,18268,0,0,0
2026-04-29 20:57:31,3735924,39718,1295908,5789,13832,82,83,953606,18196,0,0,0
2026-04-29 20:57:32,3778387,42463,1310601,5868,14772,82,83,971678,18072,0,0,0
2026-04-29 20:57:33,3822590,44203,1325918,5939,15388,76,83,1007932,36254,0,0,0
2026-04-29 20:57:34,3869801,47211,1342264,6014,16421,73,83,1026032,18100,0,0,0
2026-04-29 20:57:35,3916110,46309,1358299,6083,16104,72,83,1044072,18040,0,0,0
2026-04-29 20:57:36,3960045,43935,1373543,6129,15290,73,83,1062114,18042,0,0,0
2026-04-29 20:57:38,3998509,38464,1386928,6195,13451,82,83,1080082,17968,0,0,0
2026-04-29 20:57:39,4037815,39306,1400519,6261,13657,81,83,1098010,17928,0,0,0
2026-04-29 20:57:40,4077057,39242,1414111,6319,13650,75,83,1115790,17780,0,0,0
2026-04-29 20:57:41,4117199,40142,1428047,6388,14005,82,83,1133380,17590,0,0,0
2026-04-29 20:57:42,4160308,43109,1443020,6454,15039,76,83,1168322,34942,0,0,0
2026-04-29 20:57:43,4204132,43824,1458209,6530,15265,80,83,1185654,17332,0,0,0
2026-04-29 20:57:44,4247870,43738,1473393,6595,15249,73,83,1202886,17232,0,0,0
2026-04-29 20:57:45,4290727,42857,1488252,6655,14919,81,83,1219966,17080,0,0,0
2026-04-29 20:57:47,4332248,41521,1502672,6729,14494,81,83,1237070,17104,0,0,0
2026-04-29 20:57:48,4373326,41078,1516939,6788,14326,82,83,1254164,17094,0,0,0
2026-04-29 20:57:49,4413157,39831,1530761,6845,13879,82,83,1271176,17012,0,0,0
2026-04-29 20:57:50,4456283,43126,1545645,6919,14958,77,83,1304738,33562,0,0,0
2026-04-29 20:57:51,4500945,44662,1561086,6996,15518,81,83,1321328,16590,0,0,0
2026-04-29 20:57:52,4547238,46293,1577146,7062,16126,75,83,1337802,16474,0,0,0
2026-04-29 20:57:53,4592667,45429,1592939,7131,15862,72,83,1354098,16296,0,0,0
2026-04-29 20:57:55,4637911,45244,1608692,7203,15825,82,83,1370258,16160,0,0,0
2026-04-29 20:57:56,4678880,40969,1622904,7268,14277,82,83,1386402,16144,0,0,0
2026-04-29 20:57:57,4716741,37861,1636017,7326,13171,82,83,1402408,16006,0,0,0
2026-04-29 20:57:58,4754420,37679,1649054,7393,13104,81,83,1418532,16124,0,0,0
2026-04-29 20:57:59,4796066,41646,1663450,7452,14455,78,83,1453492,34960,0,0,0
2026-04-29 20:58:00,4842117,46051,1679457,7508,16063,82,83,1470824,17332,0,0,0
2026-04-29 20:58:01,4888156,46039,1695440,7582,16057,74,83,1488034,17210,0,0,0
2026-04-29 20:58:02,4932987,44831,1710963,7652,15593,82,83,1505268,17234,0,0,0
2026-04-29 20:58:04,4977848,44861,1726549,7713,15647,82,83,1522324,17056,0,0,0
2026-04-29 20:58:05,5023709,45861,1742465,7779,15982,81,83,1539326,17002,0,0,0
2026-04-29 20:58:06,5066986,43277,1757528,7838,15122,82,83,1556254,16928,0,0,0
2026-04-29 20:58:07,5106301,39315,1771140,7894,13668,82,83,1573090,16836,0,0,0
2026-04-29 20:58:08,5149196,42895,1786010,7959,14935,80,83,1606548,33458,0,0,0
2026-04-29 20:58:09,5194851,45655,1801861,8025,15917,74,83,1623302,16754,0,0,0
2026-04-29 20:58:10,5239473,44622,1817350,8100,15564,80,83,1639960,16658,0,0,0
2026-04-29 20:58:11,5286417,46944,1833628,8171,16349,66,83,1656654,16694,0,0,0
2026-04-29 20:58:13,5331796,45379,1849387,8265,15853,82,83,1673394,16740,0,0,0
2026-04-29 20:58:14,5380596,48800,1866326,8346,17020,82,83,1690064,16670,0,0,0
2026-04-29 20:58:15,5429552,48956,1883250,8411,16989,82,83,1706498,16434,0,0,0
2026-04-29 20:58:16,5484021,54469,1902111,8485,18935,82,83,1738994,32496,0,0,0
2026-04-29 20:58:17,5537453,53432,1920670,8551,18625,82,83,1755132,16138,0,0,0
2026-04-29 20:58:18,5589034,51581,1938602,8632,18013,77,83,1771090,15958,0,0,0
2026-04-29 20:58:19,5641511,52477,1956771,8723,18260,81,83,1787036,15946,0,0,0
2026-04-29 20:58:21,5692837,51326,1974602,8802,17910,82,83,1803044,16008,0,0,0
2026-04-29 20:58:22,5738027,45190,1990292,8855,15743,82,83,1819066,16022,0,0,0
2026-04-29 20:58:23,5782601,44574,2005735,8924,15512,77,83,1835030,15964,0,0,0
2026-04-29 20:58:24,5828653,46052,2021743,8986,16070,78,83,1866778,31748,0,0,0
2026-04-29 20:58:25,5874819,46166,2037785,9055,16111,82,83,1882508,15730,0,0,0
2026-04-29 20:58:26,5921977,47158,2054157,9129,16446,82,83,1898064,15556,0,0,0
2026-04-29 20:58:27,5968775,46798,2070383,9202,16299,77,83,1913540,15476,0,0,0
2026-04-29 20:58:28,6015173,46398,2086457,9304,16176,77,83,1929926,16386,0,0,0
2026-04-29 20:58:30,6059824,44651,2101980,9370,15589,82,83,1946362,16436,0,0,0
2026-04-29 20:58:31,6102350,42526,2116732,9437,14819,82,83,1962722,16360,0,0,0
2026-04-29 20:58:32,6140534,38184,2129995,9485,13311,82,83,1979064,16342,0,0,0
2026-04-29 20:58:33,6181494,40960,2144188,9542,14250,81,83,1995322,16258,0,0,0
2026-04-29 20:58:34,6227463,45969,2160141,9597,16008,72,83,2027686,32364,0,0,0
2026-04-29 20:58:35,6273406,45943,2176073,9666,16001,81,83,2043796,16110,0,0,0
2026-04-29 20:58:36,6319882,46476,2192236,9745,16242,71,83,2059874,16078,0,0,0
2026-04-29 20:58:37,6366978,47096,2208556,9834,16409,78,83,2075876,16002,0,0,0
2026-04-29 20:58:39,6409082,42104,2223199,9892,14701,82,83,2091846,15970,0,0,0
2026-04-29 20:58:40,6449757,40675,2237251,9951,14111,78,83,2107735,15889,0,0,0
2026-04-29 20:58:41,6491476,41719,2251748,10021,14567,82,83,2123548,15813,0,0,0
2026-04-29 20:58:42,6530599,39123,2265373,10074,13678,82,83,2139290,15742,0,0,0
2026-04-29 20:58:43,6566777,36178,2277842,10150,12545,68,83,2170747,31457,0,0,0
2026-04-29 20:58:44,6607441,40664,2291944,10223,14175,82,83,2186382,15635,0,0,0
2026-04-29 20:58:45,6648007,40566,2306000,10288,14121,81,83,2201913,15531,0,0,0
2026-04-29 20:58:46,6687850,39843,2319778,10351,13841,81,83,2217403,15490,0,0,0
2026-04-29 20:58:48,6723311,35461,2332119,10395,12385,82,83,2232804,15401,0,0,0
2026-04-29 20:58:49,6758962,35651,2344486,10449,12421,82,83,2248095,15291,0,0,0
2026-04-29 20:58:50,6799227,40265,2358367,10533,13965,82,83,2263361,15266,0,0,0
2026-04-29 20:58:51,6841214,41987,2372922,10594,14616,81,83,2293702,30341,0,0,0
2026-04-29 20:58:52,6886494,45280,2388641,10655,15780,68,83,2308795,15093,0,0,0
2026-04-29 20:58:53,6932015,45521,2404421,10725,15850,75,83,2323898,15103,0,0,0
2026-04-29 20:58:54,6977232,45217,2420116,10788,15758,69,83,2338976,15078,0,0,0
2026-04-29 20:58:55,7021506,44274,2435466,10865,15427,78,83,2354065,15089,0,0,0
2026-04-29 20:58:57,7062224,40718,2449652,10914,14235,82,83,2369155,15090,0,0,0
2026-04-29 20:58:58,7100393,38169,2462928,10968,13330,82,83,2384177,15022,0,0,0
2026-04-29 20:58:59,7140941,40548,2476979,11031,14114,82,83,2398954,14777,0,0,0
2026-04-29 20:59:00,7180612,39671,2490667,11102,13759,81,83,2428323,29369,0,0,0
2026-04-29 20:59:01,7221726,41114,2504952,11156,14339,75,83,2442817,14494,0,0,0
2026-04-29 20:59:02,7264403,42677,2519748,11208,14848,80,83,2457308,14491,0,0,0
2026-04-29 20:59:03,7306773,42370,2534468,11267,14779,82,83,2471834,14526,0,0,0
2026-04-29 20:59:05,7349124,42351,2549115,11342,14722,76,83,2486415,14581,0,0,0
2026-04-29 20:59:06,7385001,35877,2561632,11413,12588,82,83,2500994,14579,0,0,0
2026-04-29 20:59:07,7422648,37647,2574667,11467,13089,81,83,2515555,14561,0,0,0
2026-04-29 20:59:08,7454540,31892,2585723,11518,11107,82,83,2530082,14527,0,0,0
2026-04-29 20:59:09,7489760,35220,2597954,11568,12281,82,83,2544594,14512,0,0,0
2026-04-29 20:59:10,7528249,38489,2611246,11632,13356,82,83,2573496,28902,0,0,0
2026-04-29 20:59:11,7569759,41510,2625634,11697,14453,82,83,2587916,14420,0,0,0
2026-04-29 20:59:12,7610102,40343,2639647,11760,14076,82,83,2602321,14405,0,0,0
2026-04-29 20:59:13,7654177,44075,2654941,11824,15358,82,83,2616641,14320,0,0,0
2026-04-29 20:59:15,7697808,43631,2670059,11885,15179,80,83,2631014,14373,0,0,0
2026-04-29 20:59:16,7740446,42638,2684871,11952,14879,82,83,2645303,14289,0,0,0
2026-04-29 20:59:17,7785124,44678,2700355,12034,15566,67,83,2659596,14293,0,0,0
2026-04-29 20:59:18,7833590,48466,2717134,12121,16866,76,83,2688199,28603,0,0,0
2026-04-29 20:59:19,7883361,49771,2734411,12193,17349,82,83,2702424,14225,0,0,0
2026-04-29 20:59:20,7932278,48917,2751368,12263,17027,79,83,2716697,14273,0,0,0
2026-04-29 20:59:21,7981187,48909,2768350,12322,17041,79,83,2730945,14248,0,0,0
2026-04-29 20:59:23,8030718,49531,2785596,12399,17323,82,83,2745144,14199,0,0,0
2026-04-29 20:59:24,8071577,40859,2799745,12453,14203,75,83,2759274,14130,0,0,0
2026-04-29 20:59:25,8115219,43642,2814910,12505,15217,81,83,2773391,14117,0,0,0
2026-04-29 20:59:26,8159295,44076,2830169,12578,15332,78,83,2801529,28138,0,0,0
2026-04-29 20:59:27,8211960,52665,2848404,12657,18314,82,83,2815598,14069,0,0,0
2026-04-29 20:59:28,8264566,52606,2866678,12746,18363,81,83,2829455,13857,0,0,0
2026-04-29 20:59:29,8317875,53309,2885190,12825,18591,82,83,2843211,13756,0,0,0
2026-04-29 20:59:30,8370835,52960,2903528,12922,18435,82,83,2857007,13796,0,0,0
2026-04-29 20:59:32,8422171,51336,2921327,12998,17875,82,83,2870817,13810,0,0,0
2026-04-29 20:59:33,8470788,48617,2938214,13073,16962,82,83,2884585,13768,0,0,0
2026-04-29 20:59:34,8515944,45156,2953880,13133,15726,73,83,2911970,27385,0,0,0
2026-04-29 20:59:35,8567417,51473,2971732,13220,17939,82,83,2925695,13725,0,0,0
2026-04-29 20:59:36,8619321,51904,2989768,13304,18120,81,83,2939473,13778,0,0,0
2026-04-29 20:59:37,8672181,52860,3008080,13381,18389,81,83,2953302,13829,0,0,0
2026-04-29 20:59:38,8721652,49471,3025228,13455,17222,80,83,2967100,13798,0,0,0
2026-04-29 20:59:40,8769130,47478,3041711,13528,16556,82,83,2980832,13732,0,0,0
2026-04-29 20:59:41,8820463,51333,3059476,13608,17845,80,83,2994516,13684,0,0,0
2026-04-29 20:59:42,8869997,49534,3076688,13672,17276,74,83,3021584,27068,0,0,0
2026-04-29 20:59:43,8922498,52501,3094877,13748,18265,82,83,3035069,13485,0,0,0
2026-04-29 20:59:44,8973500,51002,3112540,13822,17737,82,83,3048552,13483,0,0,0
2026-04-29 20:59:45,9024359,50859,3130207,13903,17748,81,83,3061985,13433,0,0,0
2026-04-29 20:59:46,9077305,52946,3148589,13985,18464,82,83,3075415,13430,0,0,0
2026-04-29 20:59:48,9130334,53029,3166968,14065,18459,81,83,3088884,13469,0,0,0
2026-04-29 20:59:49,9179640,49306,3184073,14142,17182,80,83,3102325,13441,0,0,0
2026-04-29 20:59:50,9225988,46348,3200158,14222,16165,82,83,3115774,13449,0,0,0
2026-04-29 20:59:51,9273782,47794,3216717,14285,16622,76,83,3142621,26847,0,0,0
2026-04-29 20:59:52,9325277,51495,3234635,14358,17991,82,83,3156051,13430,0,0,0
2026-04-29 20:59:53,9375523,50246,3252017,14461,17485,80,83,3169515,13464,0,0,0
2026-04-29 20:59:54,9425445,49922,3269285,14556,17363,79,83,3182947,13432,0,0,0
2026-04-29 20:59:55,9475308,49863,3286536,14638,17333,81,83,3196427,13480,0,0,0
2026-04-29 20:59:57,9520678,45370,3302309,14709,15844,82,83,3209896,13469,0,0,0
2026-04-29 20:59:58,9565629,44951,3317883,14781,15646,82,83,3223362,13466,0,0,0
2026-04-29 20:59:59,9612492,46863,3334167,14841,16344,73,83,3250820,27458,0,0,0
2026-04-29 21:00:00,9661207,48715,3351043,14912,16947,79,83,3264572,13752,0,0,0
2026-04-29 21:00:01,9711614,50407,3368547,15015,17607,66,83,3278247,13675,0,0,0
2026-04-29 21:00:02,9762066,50452,3385991,15103,17532,79,83,3291888,13641,0,0,0
2026-04-29 21:00:03,9811202,49136,3403110,15173,17189,79,83,3305496,13608,0,0,0
2026-04-29 21:00:05,9858016,46814,3419396,15247,16360,81,83,3319141,13645,0,0,0
2026-04-29 21:00:06,9897300,39284,3433039,15299,13695,81,83,3332760,13619,0,0,0
2026-04-29 21:00:07,9938790,41490,3447463,15359,14484,82,83,3346471,13711,0,0,0
2026-04-29 21:00:08,9978532,39742,3461246,15416,13840,80,83,3360158,13687,0,0,0
2026-04-29 21:00:09,10023687,45155,3476946,15488,15772,78,83,3387472,27314,0,0,0
2026-04-29 21:00:10,10067852,44165,3492262,15557,15385,78,83,3401124,13652,0,0,0
2026-04-29 21:00:11,10112417,44565,3507705,15635,15521,81,83,3414781,13657,0,0,0
2026-04-29 21:00:12,10157286,44869,3523293,15700,15653,81,83,3428407,13626,0,0,0
2026-04-29 21:00:14,10196579,39293,3536981,15767,13755,82,83,3442088,13681,0,0,0
2026-04-29 21:00:15,10235449,38870,3550494,15832,13578,69,83,3455752,13664,0,0,0
2026-04-29 21:00:16,10274692,39243,3564088,15888,13650,82,83,3469420,13668,0,0,0
2026-04-29 21:00:17,10314548,39856,3577945,15955,13924,82,83,3483043,13623,0,0,0
2026-04-29 21:00:18,10356635,42087,3592489,16007,14596,80,83,3510347,27304,0,0,0
2026-04-29 21:00:19,10397954,41319,3606834,16063,14401,80,83,3524021,13674,0,0,0
2026-04-29 21:00:20,10442479,44525,3622251,16133,15487,76,83,3537729,13708,0,0,0
2026-04-29 21:00:21,10487712,45233,3637976,16208,15800,82,83,3551440,13711,0,0,0
2026-04-29 21:00:23,10531761,44049,3653314,16276,15406,82,83,3565086,13646,0,0,0
2026-04-29 21:00:24,10573676,41915,3667825,16341,14576,82,83,3578644,13558,0,0,0
2026-04-29 21:00:25,10614012,40336,3681827,16395,14056,82,83,3592138,13494,0,0,0
2026-04-29 21:00:26,10652701,38689,3695225,16470,13473,82,83,3605556,13418,0,0,0
2026-04-29 21:00:27,10693659,40958,3709391,16527,14223,82,83,3632449,26893,0,0,0
2026-04-29 21:00:28,10739569,45910,3725321,16588,15991,81,83,3645658,13209,0,0,0
2026-04-29 21:00:29,10787185,47616,3741838,16651,16580,80,83,3658904,13246,0,0,0
2026-04-29 21:00:30,10832660,45475,3757619,16728,15858,74,83,3672157,13253,0,0,0
2026-04-29 21:00:32,10876199,43539,3772775,16793,15221,75,83,3685359,13202,0,0,0
2026-04-29 21:00:33,10917545,41346,3787119,16860,14411,82,83,3698551,13192,0,0,0
2026-04-29 21:00:34,10958588,41043,3801350,16926,14297,45,83,3711647,13096,0,0,0
2026-04-29 21:00:35,10997509,38921,3814881,16976,13581,82,83,3724719,13072,0,0,0
2026-04-29 21:00:36,11037322,39813,3828626,17043,13812,81,83,3750870,26151,0,0,0
2026-04-29 21:00:37,11080339,43017,3843543,17109,14983,77,83,3763983,13113,0,0,0
2026-04-29 21:00:38,11123267,42928,3858426,17176,14950,82,83,3777142,13159,0,0,0
2026-04-29 21:00:39,11167632,44365,3873790,17253,15441,75,83,3790265,13123,0,0,0
2026-04-29 21:00:41,11206412,38780,3887299,17298,13554,82,83,3803341,13076,0,0,0
2026-04-29 21:00:42,11251909,45497,3903079,17366,15848,82,83,3816422,13081,0,0,0
2026-04-29 21:00:43,11285524,33615,3914754,17408,11717,82,83,3829520,13098,0,0,0
2026-04-29 21:00:44,11320495,34971,3926860,17465,12163,82,83,3842570,13050,0,0,0
2026-04-29 21:00:45,11356936,36441,3939546,17521,12742,67,83,3868526,25956,0,0,0
2026-04-29 21:00:46,11401931,44995,3955126,17598,15657,79,83,3881478,12952,0,0,0
2026-04-29 21:00:47,11439741,37810,3968294,17651,13221,82,83,3894469,12991,0,0,0
2026-04-29 21:00:48,11480599,40858,3982492,17703,14250,73,83,3907518,13049,0,0,0
2026-04-29 21:00:50,11517773,37174,3995413,17776,12994,82,83,3920613,13095,0,0,0
2026-04-29 21:00:51,11553406,35633,4007773,17830,12414,82,83,3933764,13151,0,0,0
2026-04-29 21:00:52,11590081,36675,4020480,17885,12762,82,83,3946848,13084,0,0,0
2026-04-29 21:00:53,11626678,36597,4033149,17954,12738,82,83,3959907,13059,0,0,0
2026-04-29 21:00:54,11664269,37591,4046143,18004,13044,76,83,3985874,25967,0,0,0
2026-04-29 21:00:55,11704928,40659,4060242,18073,14168,77,83,3998861,12987,0,0,0
2026-04-29 21:00:56,11746032,41104,4074498,18150,14333,82,83,4011900,13039,0,0,0
2026-04-29 21:00:57,11790602,44570,4089934,18217,15503,79,83,4024930,13030,0,0,0
2026-04-29 21:00:59,11823741,33139,4101463,18272,11584,82,83,4037369,12439,0,0,0
2026-04-29 21:01:00,11855340,31599,4112487,18310,11062,82,83,4049807,12438,0,0,0
2026-04-29 21:01:01,11887996,32656,4123847,18371,11421,82,83,4062133,12326,0,0,0
2026-04-29 21:01:02,11923882,35886,4136258,18422,12462,82,83,4074430,12297,0,0,0
2026-04-29 21:01:03,11965551,41669,4150732,18478,14530,69,83,4099106,24676,0,0,0
2026-04-29 21:01:04,12008842,43291,4165729,18556,15075,78,83,4111445,12339,0,0,0
2026-04-29 21:01:05,12050285,41443,4180082,18631,14428,74,83,4123771,12326,0,0,0
2026-04-29 21:01:06,12091661,41376,4194428,18683,14398,78,83,4135996,12225,0,0,0
2026-04-29 21:01:08,12129587,37926,4207613,18731,13233,82,83,4148245,12249,0,0,0
2026-04-29 21:01:09,12166536,36949,4220453,18780,12889,82,83,4160449,12204,0,0,0
2026-04-29 21:01:10,12203027,36491,4233106,18842,12715,82,83,4172625,12176,0,0,0
2026-04-29 21:01:11,12241387,38360,4246360,18908,13320,78,83,4197015,24390,0,0,0
2026-04-29 21:01:12,12285633,44246,4261701,18984,15417,73,83,4209221,12206,0,0,0
2026-04-29 21:01:13,12327084,41451,4276084,19032,14431,77,83,4221458,12237,0,0,0
2026-04-29 21:01:14,12371365,44281,4291462,19097,15443,78,83,4233661,12203,0,0,0
2026-04-29 21:01:16,12412731,41366,4305852,19162,14455,82,83,4245906,12245,0,0,0
2026-04-29 21:01:17,12451648,38917,4319393,19212,13591,82,83,4258127,12221,0,0,0
2026-04-29 21:01:18,12489666,38018,4332601,19271,13267,82,83,4270314,12187,0,0,0
2026-04-29 21:01:19,12529192,39526,4346313,19340,13781,82,83,4282507,12193,0,0,0
2026-04-29 21:01:20,12571434,42242,4360898,19412,14657,82,83,4306944,24437,0,0,0
2026-04-29 21:01:21,12616673,45239,4376583,19474,15747,70,83,4319190,12246,0,0,0
2026-04-29 21:01:22,12661151,44478,4391993,19535,15471,77,83,4331436,12246,0,0,0
2026-04-29 21:01:23,12709941,48790,4408922,19605,16999,75,83,4343644,12208,0,0,0
2026-04-29 21:01:25,12758394,48453,4425778,19673,16924,82,83,4355904,12260,0,0,0
2026-04-29 21:01:26,12803989,45595,4441615,19742,15906,82,83,4368116,12212,0,0,0
2026-04-29 21:01:27,12850071,46082,4457588,19820,16051,82,83,4380326,12210,0,0,0
2026-04-29 21:01:28,12899921,49850,4474879,19890,17361,82,83,4404294,23968,0,0,0
2026-04-29 21:01:29,12947612,47691,4491406,19955,16592,74,83,4416101,11807,0,0,0
2026-04-29 21:01:30,12997065,49453,4508590,20038,17267,82,83,4427899,11798,0,0,0
2026-04-29 21:01:31,13046226,49161,4525638,20111,17121,71,83,4439782,11883,0,0,0
2026-04-29 21:01:32,13096124,49898,4542915,20198,17364,78,83,4451695,11913,0,0,0
2026-04-29 21:01:34,13143479,47355,4559340,20289,16516,82,83,4463619,11924,0,0,0
2026-04-29 21:01:35,13186705,43226,4574349,20352,15072,82,83,4475576,11957,0,0,0
2026-04-29 21:01:36,13231331,44626,4589810,20417,15526,82,83,4487418,11842,0,0,0
2026-04-29 21:01:37,13278686,47355,4606151,20493,16417,76,83,4511034,23616,0,0,0
2026-04-29 21:01:38,13326099,47413,4622586,20562,16504,82,83,4522868,11834,0,0,0
2026-04-29 21:01:39,13375038,48939,4639561,20633,17046,82,83,4534785,11917,0,0,0
2026-04-29 21:01:40,13423075,48037,4656214,20723,16743,74,83,4546773,11988,0,0,0
2026-04-29 21:01:42,13471388,48313,4672937,20805,16805,75,83,4558779,12006,0,0,0
2026-04-29 21:01:43,13515726,44338,4688339,20871,15468,82,83,4570775,11996,0,0,0
2026-04-29 21:01:44,13558462,42736,4703216,20940,14946,82,83,4582774,11999,0,0,0
2026-04-29 21:01:45,13602651,44189,4718502,21007,15353,78,83,4606743,23969,0,0,0
2026-04-29 21:01:46,13647264,44613,4733953,21063,15507,82,83,4618669,11926,0,0,0
2026-04-29 21:01:47,13693682,46418,4750085,21138,16207,79,83,4630587,11918,0,0,0
2026-04-29 21:01:48,13741915,48233,4766849,21201,16827,75,83,4642513,11926,0,0,0
2026-04-29 21:01:49,13789480,47565,4783375,21283,16608,82,83,4654430,11917,0,0,0
2026-04-29 21:01:51,13836942,47462,4799851,21359,16552,81,83,4666432,12002,0,0,0
2026-04-29 21:01:52,13885362,48420,4816668,21444,16902,82,83,4678376,11944,0,0,0
2026-04-29 21:01:53,13935150,49788,4833917,21525,17330,73,83,4702289,23913,0,0,0
2026-04-29 21:01:54,13988632,53482,4852474,21600,18632,71,83,4714229,11940,0,0,0
2026-04-29 21:01:55,14043503,54871,4871488,21682,19096,82,83,4726106,11877,0,0,0
2026-04-29 21:01:56,14096977,53474,4890041,21754,18625,75,83,4737933,11827,0,0,0
2026-04-29 21:01:57,14151259,54282,4908896,21834,18935,74,83,4749818,11885,0,0,0
2026-04-29 21:01:59,14204262,53003,4927297,21910,18477,81,83,4761879,12061,0,0,0
2026-04-29 21:02:00,14253389,49127,4944328,21982,17103,82,83,4773946,12067,0,0,0
2026-04-29 21:02:01,14304403,51014,4962028,22062,17780,81,83,4798063,24117,0,0,0
2026-04-29 21:02:02,14358544,54141,4980796,22147,18853,79,83,4810127,12064,0,0,0
2026-04-29 21:02:03,14412004,53460,4999360,22214,18631,82,83,4822171,12044,0,0,0
2026-04-29 21:02:04,14465912,53908,5018052,22293,18771,82,83,4834214,12043,0,0,0
2026-04-29 21:02:05,14517294,51382,5035900,22374,17929,81,83,4846262,12048,0,0,0
2026-04-29 21:02:07,14569892,52598,5054155,22459,18340,77,83,4858297,12035,0,0,0
2026-04-29 21:02:08,14622388,52496,5072381,22537,18304,82,83,4870267,11970,0,0,0
2026-04-29 21:02:09,14673956,51568,5090287,22614,17983,79,83,4894080,23813,0,0,0
2026-04-29 21:02:10,14726227,52271,5108420,22695,18214,81,83,4906103,12023,0,0,0
2026-04-29 21:02:11,14779218,52991,5126799,22781,18465,80,83,4918189,12086,0,0,0
2026-04-29 21:02:12,14831328,52110,5144847,22865,18132,79,83,4930244,12055,0,0,0
2026-04-29 21:02:13,14882331,51003,5162517,22950,17755,80,83,4942288,12044,0,0,0
2026-04-29 21:02:15,14931592,49261,5179625,23026,17184,76,83,4954327,12039,0,0,0
2026-04-29 21:02:16,14979802,48210,5196403,23101,16853,81,83,4966368,12041,0,0,0
2026-04-29 21:02:17,15027788,47986,5213037,23181,16714,82,83,4978412,12044,0,0,0
2026-04-29 21:02:18,15081204,53416,5231478,23261,18521,82,83,5002539,24127,0,0,0
2026-04-29 21:02:19,15132984,51780,5249443,23343,18047,81,83,5014617,12078,0,0,0
2026-04-29 21:02:20,15184798,51814,5267451,23414,18079,79,83,5026720,12103,0,0,0
2026-04-29 21:02:21,15237129,52331,5285591,23491,18217,77,83,5038793,12073,0,0,0
2026-04-29 21:02:22,15290248,53119,5304048,23569,18535,77,83,5050859,12066,0,0,0
2026-04-29 21:02:24,15342710,52462,5322207,23659,18249,75,83,5062904,12045,0,0,0
2026-04-29 21:02:25,15394395,51685,5340129,23763,18026,82,83,5074862,11958,0,0,0
2026-04-29 21:02:26,15445798,51403,5357894,23844,17846,77,83,5098780,23918,0,0,0
2026-04-29 21:02:27,15495985,50187,5375279,23925,17466,80,83,5110734,11954,0,0,0
2026-04-29 21:02:28,15547068,51083,5393014,24006,17816,73,83,5122994,12260,0,0,0
2026-04-29 21:02:29,15599479,52411,5411205,24086,18271,80,83,5135231,12237,0,0,0
2026-04-29 21:02:30,15651961,52482,5429441,24156,18306,79,83,5147433,12202,0,0,0
2026-04-29 21:02:32,15701068,49107,5446464,24242,17109,80,83,5159568,12135,0,0,0
2026-04-29 21:02:33,15752030,50962,5464111,24323,17728,78,83,5171697,12129,0,0,0
2026-04-29 21:02:34,15805347,53317,5482579,24410,18555,81,83,5195977,24280,0,0,0
2026-04-29 21:02:35,15858511,53164,5501060,24484,18555,82,83,5208174,12197,0,0,0
2026-04-29 21:02:36,15912434,53923,5519764,24573,18793,80,83,5220376,12202,0,0,0
2026-04-29 21:02:37,15965854,53420,5538312,24668,18643,79,83,5232612,12236,0,0,0
2026-04-29 21:02:38,16020165,54311,5557164,24754,18938,71,83,5244822,12210,0,0,0
2026-04-29 21:02:40,16073583,53418,5575705,24833,18620,78,83,5256939,12117,0,0,0
2026-04-29 21:02:41,16125421,51838,5593680,24911,18053,81,83,5269058,12119,0,0,0
2026-04-29 21:02:42,16176849,51428,5611481,24997,17887,77,83,5293174,24116,0,0,0
2026-04-29 21:02:43,16227762,50913,5629123,25086,17731,79,83,5305208,12034,0,0,0
2026-04-29 21:02:44,16281720,53958,5647841,25170,18802,77,83,5317250,12042,0,0,0
2026-04-29 21:02:45,16335999,54279,5666682,25245,18916,81,83,5329333,12083,0,0,0
2026-04-29 21:02:46,16389052,53053,5685052,25316,18441,80,83,5341459,12126,0,0,0
2026-04-29 21:02:48,16442310,53258,5703517,25399,18548,82,83,5353519,12060,0,0,0
2026-04-29 21:02:49,16494203,51893,5721521,25485,18090,82,83,5365478,11959,0,0,0
2026-04-29 21:02:50,16546940,52737,5739785,25561,18340,79,83,5389337,23859,0,0,0
2026-04-29 21:02:51,16601505,54565,5758719,25633,19006,74,83,5401194,11857,0,0,0
2026-04-29 21:02:52,16655616,54111,5777510,25708,18866,81,83,5413108,11914,0,0,0
2026-04-29 21:02:53,16709648,54032,5796251,25788,18821,81,83,5425064,11956,0,0,0
2026-04-29 21:02:54,16762754,53106,5814716,25871,18548,78,83,5437021,11957,0,0,0
2026-04-29 21:02:56,16816368,53614,5833237,25950,18600,79,83,5448976,11955,0,0,0
2026-04-29 21:02:57,16867290,50922,5850927,26022,17762,82,83,5460980,12004,0,0,0
2026-04-29 21:02:58,16914671,47381,5867412,26089,16552,82,83,5472950,11970,0,0,0
2026-04-29 21:02:59,16968998,54327,5886277,26153,18929,79,83,5497149,24199,0,0,0
2026-04-29 21:03:00,17022230,53232,5904727,26244,18541,75,83,5509251,12102,0,0,0
2026-04-29 21:03:01,17073165,50935,5922370,26327,17726,82,83,5521368,12117,0,0,0
2026-04-29 21:03:02,17126524,53359,5940863,26419,18585,81,83,5533500,12132,0,0,0
2026-04-29 21:03:04,17179883,53359,5959350,26503,18571,81,83,5545625,12125,0,0,0
2026-04-29 21:03:05,17230468,50585,5976895,26575,17617,77,83,5557684,12059,0,0,0
2026-04-29 21:03:06,17280831,50363,5994355,26662,17547,82,83,5569701,12017,0,0,0
2026-04-29 21:03:07,17330953,50122,6011783,26736,17502,73,83,5593570,23869,0,0,0
2026-04-29 21:03:08,17382368,51415,6029601,26808,17890,79,83,5605550,11980,0,0,0
2026-04-29 21:03:09,17434199,51831,6047580,26905,18076,82,83,5617497,11947,0,0,0
2026-04-29 21:03:10,17485711,51512,6065443,26983,17941,78,83,5629453,11956,0,0,0
2026-04-29 21:03:11,17535643,49932,6082757,27049,17380,78,83,5641346,11893,0,0,0
2026-04-29 21:03:13,17584242,48599,6099604,27136,16934,82,83,5653247,11901,0,0,0
2026-04-29 21:03:14,17629982,45740,6115556,27190,16006,81,83,5665154,11907,0,0,0
2026-04-29 21:03:15,17675096,45114,6131257,27264,15775,82,83,5677068,11914,0,0,0
2026-04-29 21:03:16,17722914,47818,6147791,27337,16607,78,83,5700785,23717,0,0,0
2026-04-29 21:03:17,17771975,49061,6164820,27423,17115,80,83,5712674,11889,0,0,0
2026-04-29 21:03:18,17820590,48615,6181655,27499,16911,80,83,5724613,11939,0,0,0
2026-04-29 21:03:19,17867855,47265,6198023,27555,16424,82,83,5736625,12012,0,0,0
2026-04-29 21:03:21,17918363,50508,6215549,27632,17603,72,83,5748636,12011,0,0,0
2026-04-29 21:03:22,17965147,46784,6231779,27711,16309,82,83,5760631,11995,0,0,0
2026-04-29 21:03:23,18012632,47485,6248250,27788,16548,81,83,5772609,11978,0,0,0
2026-04-29 21:03:24,18064357,51725,6266155,27871,17988,78,83,5796475,23866,0,0,0
2026-04-29 21:03:25,18117156,52799,6284475,27948,18397,79,83,5808375,11900,0,0,0
2026-04-29 21:03:26,18170571,53415,6303018,28038,18633,75,83,5820252,11877,0,0,0
2026-04-29 21:03:27,18222853,52282,6321187,28110,18241,75,83,5832118,11866,0,0,0
2026-04-29 21:03:28,18276558,53705,6339786,28187,18676,79,83,5843938,11820,0,0,0
2026-04-29 21:03:30,18329468,52910,6358179,28270,18476,76,83,5855740,11802,0,0,0
2026-04-29 21:03:31,18381112,51644,6376057,28358,17966,81,83,5867536,11796,0,0,0
2026-04-29 21:03:32,18433607,52495,6394278,28451,18314,82,83,5891016,23480,0,0,0
2026-04-29 21:03:33,18486384,52777,6412624,28544,18439,80,83,5902832,11816,0,0,0
2026-04-29 21:03:34,18539359,52975,6431037,28623,18492,74,83,5914678,11846,0,0,0
2026-04-29 21:03:35,18593211,53852,6449736,28694,18770,80,83,5926493,11815,0,0,0
2026-04-29 21:03:36,18646855,53644,6468374,28784,18728,78,83,5938299,11806,0,0,0
2026-04-29 21:03:38,18700284,53429,6486920,28868,18630,75,83,5950163,11864,0,0,0
2026-04-29 21:03:39,18752990,52706,6505198,28952,18362,77,83,5962026,11863,0,0,0
2026-04-29 21:03:40,18806269,53279,6523672,29027,18549,80,83,5985910,23884,0,0,0
2026-04-29 21:03:41,18860129,53860,6542378,29097,18776,81,83,5997815,11905,0,0,0
2026-04-29 21:03:42,18911025,50896,6560031,29187,17743,80,83,6009747,11932,0,0,0
2026-04-29 21:03:43,18965216,54191,6578800,29267,18849,79,83,6021691,11944,0,0,0
2026-04-29 21:03:44,19019038,53822,6597470,29347,18750,74,83,6033697,12006,0,0,0
2026-04-29 21:03:46,19072532,53494,6616078,29420,18681,80,83,6045713,12016,0,0,0
2026-04-29 21:03:47,19125687,53155,6634566,29496,18564,82,83,6057758,12045,0,0,0
2026-04-29 21:03:48,19178993,53306,6653009,29579,18526,73,83,6081820,24062,0,0,0
2026-04-29 21:03:49,19232564,53571,6671591,29663,18666,81,83,6093868,12048,0,0,0
2026-04-29 21:03:50,19286600,54036,6690360,29750,18856,82,83,6105899,12031,0,0,0
2026-04-29 21:03:51,19340151,53551,6708968,29825,18683,82,83,6117959,12060,0,0,0
2026-04-29 21:03:52,19393515,53364,6727511,29888,18606,81,83,6130002,12043,0,0,0
2026-04-29 21:03:54,19446431,52916,6745916,29957,18474,82,83,6142052,12050,0,0,0
2026-04-29 21:03:55,19496679,50248,6763318,30034,17479,82,83,6154161,12109,0,0,0
2026-04-29 21:03:56,19544496,47817,6779908,30115,16671,80,83,6166290,12129,0,0,0
2026-04-29 21:03:57,19598458,53962,6798603,30195,18775,75,83,6190577,24287,0,0,0
2026-04-29 21:03:58,19650488,52030,6816616,30290,18108,73,83,6202817,12240,0,0,0
2026-04-29 21:03:59,19704448,53960,6835338,30383,18815,74,83,6215042,12225,0,0,0
2026-04-29 21:04:00,19756090,51642,6853212,30467,17958,80,83,6227196,12154,0,0,0
2026-04-29 21:04:02,19808243,52153,6871311,30550,18182,79,83,6239347,12151,0,0,0
2026-04-29 21:04:03,19858220,49977,6888678,30627,17444,82,83,6251484,12137,0,0,0
2026-04-29 21:04:04,19909841,51621,6906556,30698,17949,75,83,6263654,12170,0,0,0
2026-04-29 21:04:05,19962517,52676,6924838,30777,18361,78,83,6288025,24371,0,0,0
2026-04-29 21:04:06,20014879,52362,6943031,30832,18248,77,83,6300202,12177,0,0,0
2026-04-29 21:04:07,20065939,51060,6960761,30895,17793,82,83,6312366,12164,0,0,0
2026-04-29 21:04:08,20118935,52996,6979158,30980,18482,76,83,6324547,12181,0,0,0
2026-04-29 21:04:09,20170596,51661,6997098,31061,18021,81,83,6336761,12214,0,0,0
2026-04-29 21:04:11,20221655,51059,7014869,31127,17837,82,83,6349063,12302,0,0,0
2026-04-29 21:04:12,20271719,50064,7032244,31204,17452,82,83,6361347,12284,0,0,0
2026-04-29 21:04:13,20322646,50927,7049895,31280,17727,82,83,6385865,24518,0,0,0
2026-04-29 21:04:14,20375688,53042,7068309,31359,18493,78,83,6398165,12300,0,0,0
2026-04-29 21:04:15,20427305,51617,7086200,31452,17984,80,83,6410443,12278,0,0,0
2026-04-29 21:04:16,20480692,53387,7104712,31544,18604,79,83,6422716,12273,0,0,0
2026-04-29 21:04:17,20533226,52534,7122948,31630,18322,77,83,6434988,12272,0,0,0
2026-04-29 21:04:19,20584982,51756,7140924,31694,18040,76,83,6447307,12319,0,0,0
2026-04-29 21:04:20,20635548,50566,7158460,31765,17607,82,83,6459614,12307,0,0,0
2026-04-29 21:04:21,20685448,49900,7175734,31860,17369,78,83,6484308,24694,0,0,0
2026-04-29 21:04:22,20738071,52623,7194003,31946,18355,78,83,6496692,12384,0,0,0
2026-04-29 21:04:23,20788964,50893,7211691,32019,17761,81,83,6509193,12501,0,0,0
2026-04-29 21:04:24,20839151,50187,7229102,32102,17494,78,83,6521733,12540,0,0,0
2026-04-29 21:04:25,20888598,49447,7246277,32181,17254,82,83,6534314,12581,0,0,0
2026-04-29 21:04:27,20936659,48061,7262991,32261,16794,81,83,6546861,12547,0,0,0
2026-04-29 21:04:28,20983838,47179,7279422,32333,16503,82,83,6559316,12455,0,0,0
2026-04-29 21:04:29,21029519,45681,7295233,32418,15896,82,83,6571846,12530,0,0,0
2026-04-29 21:04:30,21075354,45835,7311099,32495,15943,81,83,6584350,12504,0,0,0
2026-04-29 21:04:31,21124408,49054,7328101,32567,17074,76,83,6609377,25027,0,0,0
2026-04-29 21:04:32,21172241,47833,7344739,32632,16703,71,83,6621825,12448,0,0,0
2026-04-29 21:04:33,21221181,48940,7361695,32722,17046,81,83,6634284,12459,0,0,0
2026-04-29 21:04:34,21269855,48674,7378567,32795,16945,81,83,6646771,12487,0,0,0
2026-04-29 21:04:36,21317668,47813,7395140,32866,16644,81,83,6659271,12500,0,0,0
2026-04-29 21:04:37,21362224,44556,7410620,32928,15542,82,83,6671845,12574,0,0,0
2026-04-29 21:04:38,21405780,43556,7425692,33017,15161,81,83,6684397,12552,0,0,0
2026-04-29 21:04:39,21454301,48521,7442517,33088,16896,80,83,6709560,25163,0,0,0
2026-04-29 21:04:40,21503308,49007,7459524,33161,17080,76,83,6722129,12569,0,0,0
2026-04-29 21:04:41,21551819,48511,7476335,33247,16897,81,83,6734751,12622,0,0,0
2026-04-29 21:04:42,21599670,47851,7492956,33324,16698,77,83,6747366,12615,0,0,0
2026-04-29 21:04:43,21648485,48815,7509890,33407,17017,79,83,6760000,12634,0,0,0
2026-04-29 21:04:45,21694798,46313,7526010,33474,16187,81,83,6772609,12609,0,0,0
2026-04-29 21:04:46,21740081,45283,7541779,33532,15827,82,83,6785211,12602,0,0,0
2026-04-29 21:04:47,21785684,45603,7557548,33597,15834,80,83,6810353,25142,0,0,0
2026-04-29 21:04:48,21835642,49958,7574876,33675,17406,75,83,6822875,12522,0,0,0
2026-04-29 21:04:49,21885096,49454,7592078,33746,17273,80,83,6835355,12480,0,0,0
2026-04-29 21:04:50,21935854,50758,7609713,33833,17722,81,83,6847819,12464,0,0,0
2026-04-29 21:04:51,21981977,46123,7625720,33903,16077,75,83,6860336,12517,0,0,0
2026-04-29 21:04:53,22029204,47227,7642151,33974,16502,82,83,6872861,12525,0,0,0
2026-04-29 21:04:54,22072139,42935,7657074,34036,14985,82,83,6885365,12504,0,0,0
2026-04-29 21:04:55,22117637,45498,7672859,34101,15850,82,83,6897895,12530,0,0,0
2026-04-29 21:04:56,22163223,45586,7688608,34185,15833,77,83,6922996,25101,0,0,0
2026-04-29 21:04:57,22211894,48671,7705491,34262,16960,81,83,6935556,12560,0,0,0
2026-04-29 21:04:58,22258531,46637,7721664,34346,16257,76,83,6947907,12351,0,0,0
2026-04-29 21:04:59,22307584,49053,7738658,34426,17074,80,83,6960207,12300,0,0,0
2026-04-29 21:05:00,22355826,48242,7755371,34495,16782,82,83,6972463,12256,0,0,0
2026-04-29 21:05:02,22404591,48765,7772293,34557,16984,82,83,6984716,12253,0,0,0
2026-04-29 21:05:03,22452289,47698,7788841,34640,16631,82,83,6996951,12235,0,0,0
2026-04-29 21:05:04,22501320,49031,7805809,34708,17036,74,83,7021483,24532,0,0,0
2026-04-29 21:05:05,22551562,50242,7823239,34790,17512,80,83,7033715,12232,0,0,0
2026-04-29 21:05:06,22603215,51653,7841177,34869,18017,72,83,7045916,12201,0,0,0
2026-04-29 21:05:07,22654592,51377,7859007,34942,17903,75,83,7058095,12179,0,0,0
2026-04-29 21:05:08,22707472,52880,7877337,35024,18412,77,83,7070324,12229,0,0,0
2026-04-29 21:05:10,22760287,52815,7895671,35112,18422,82,83,7082565,12241,0,0,0
2026-04-29 21:05:11,22809975,49688,7912878,35192,17287,81,83,7094791,12226,0,0,0
2026-04-29 21:05:12,22862300,52325,7930984,35291,18205,81,83,7119123,24332,0,0,0
2026-04-29 21:05:13,22915942,53642,7949613,35366,18704,75,83,7131283,12160,0,0,0
2026-04-29 21:05:14,22968747,52805,7967975,35441,18437,76,83,7143455,12172,0,0,0
2026-04-29 21:05:15,23020522,51775,7985946,35520,18050,77,83,7155663,12208,0,0,0
2026-04-29 21:05:16,23073054,52532,8004163,35590,18287,77,83,7167842,12179,0,0,0
2026-04-29 21:05:18,23125738,52684,8022443,35668,18358,82,83,7179994,12152,0,0,0
2026-04-29 21:05:19,23177214,51476,8040370,35738,17997,82,83,7192149,12155,0,0,0
2026-04-29 21:05:20,23229356,52142,8058403,35821,18116,77,83,7216354,24205,0,0,0
2026-04-29 21:05:21,23282669,53313,8076895,35901,18572,72,83,7228469,12115,0,0,0
2026-04-29 21:05:22,23334745,52076,8094933,36001,18138,82,83,7240553,12084,0,0,0
2026-04-29 21:05:23,23388013,53268,8113475,36086,18627,78,83,7252654,12101,0,0,0
2026-04-29 21:05:24,23440585,52572,8131723,36165,18327,80,83,7264800,12146,0,0,0
2026-04-29 21:05:26,23493125,52540,8150027,36240,18379,60,83,7276952,12152,0,0,0
2026-04-29 21:05:27,23543769,50644,8167634,36307,17674,82,83,7289085,12133,0,0,0
2026-04-29 21:05:28,23593207,49438,8184771,36390,17220,82,83,7301222,12137,0,0,0
2026-04-29 21:05:29,23643416,50209,8202119,36490,17448,82,83,7325488,24266,0,0,0
2026-04-29 21:05:30,23693833,50417,8219611,36550,17552,77,83,7337640,12152,0,0,0
2026-04-29 21:05:31,23745649,51816,8237570,36637,18046,82,83,7349753,12113,0,0,0
2026-04-29 21:05:32,23797584,51935,8255532,36732,18057,77,83,7361805,12052,0,0,0
2026-04-29 21:05:33,23849075,51491,8273395,36809,17940,74,83,7373824,12019,0,0,0
2026-04-29 21:05:35,23900223,51148,8291132,36890,17818,81,83,7385913,12089,0,0,0
2026-04-29 21:05:36,23948931,48708,8308079,36966,17023,39,83,7397967,12054,0,0,0
2026-04-29 21:05:37,23997442,48511,8324857,37044,16856,82,83,7422127,24160,0,0,0
2026-04-29 21:05:38,24050066,52624,8343142,37120,18361,82,83,7434085,11958,0,0,0
2026-04-29 21:05:39,24103104,53038,8361524,37190,18452,78,83,7446022,11937,0,0,0
2026-04-29 21:05:40,24154283,51179,8379286,37268,17840,80,83,7457976,11954,0,0,0
2026-04-29 21:05:41,24207447,53164,8397739,37347,18532,81,83,7469986,12010,0,0,0
2026-04-29 21:05:43,24260817,53370,8416234,37453,18601,77,83,7482042,12056,0,0,0
2026-04-29 21:05:44,24312966,52149,8434343,37526,18182,82,83,7494079,12037,0,0,0
2026-04-29 21:05:45,24361485,48519,8451155,37602,16888,80,83,7518095,24016,0,0,0
2026-04-29 21:05:46,24415280,53795,8469798,37671,18712,76,83,7530046,11951,0,0,0
2026-04-29 21:05:47,24468326,53046,8488243,37743,18517,82,83,7541973,11927,0,0,0
2026-04-29 21:05:48,24521406,53080,8506666,37833,18513,74,83,7553868,11895,0,0,0
2026-04-29 21:05:49,24575188,53782,8525307,37913,18721,82,83,7565779,11911,0,0,0
2026-04-29 21:05:51,24628626,53438,8543895,37993,18668,69,83,7577663,11884,0,0,0
2026-04-29 21:05:52,24678509,49883,8561201,38045,17358,82,83,7589558,11895,0,0,0
2026-04-29 21:05:53,24727286,48777,8578156,38113,17023,82,83,7601416,11858,0,0,0
2026-04-29 21:05:54,24779055,51769,8596098,38193,18022,78,83,7625136,23720,0,0,0
2026-04-29 21:05:55,24828092,49037,8613164,38261,17134,78,83,7636997,11861,0,0,0
2026-04-29 21:05:56,24876576,48484,8629980,38341,16896,78,83,7648911,11914,0,0,0
2026-04-29 21:05:57,24924677,48101,8646725,38400,16804,78,83,7660825,11914,0,0,0
2026-04-29 21:05:58,24973227,48550,8663585,38460,16920,75,83,7672704,11879,0,0,0
2026-04-29 21:06:00,25018051,44824,8679161,38535,15651,82,83,7684556,11852,0,0,0
2026-04-29 21:06:01,25060367,42316,8693838,38611,14753,82,83,7696424,11868,0,0,0
2026-04-29 21:06:02,25104541,44174,8709172,38685,15408,82,83,7708301,11877,0,0,0
2026-04-29 21:06:03,25152088,47547,8725608,38748,16499,80,83,7732114,23813,0,0,0
2026-04-29 21:06:04,25201559,49471,8742764,38835,17243,81,83,7744023,11909,0,0,0
2026-04-29 21:06:05,25249938,48379,8759527,38912,16840,82,83,7755889,11866,0,0,0
2026-04-29 21:06:06,25297873,47935,8776155,38980,16696,78,83,7767760,11871,0,0,0
2026-04-29 21:06:08,25342648,44775,8791668,39062,15595,75,83,7779613,11853,0,0,0
2026-04-29 21:06:09,25389505,46857,8807879,39124,16273,81,83,7791471,11858,0,0,0
2026-04-29 21:06:10,25435008,45503,8823699,39213,15909,82,83,7803304,11833,0,0,0
2026-04-29 21:06:11,25483276,48268,8840411,39304,16803,74,83,7826955,23651,0,0,0
2026-04-29 21:06:12,25533605,50329,8857906,39374,17565,76,83,7838767,11812,0,0,0
2026-04-29 21:06:13,25585599,51994,8875918,39467,18105,77,83,7850583,11816,0,0,0
2026-04-29 21:06:14,25637418,51819,8893857,39557,18029,81,83,7862428,11845,0,0,0
2026-04-29 21:06:15,25688752,51334,8911639,39628,17853,81,83,7874247,11819,0,0,0
2026-04-29 21:06:17,25737646,48894,8928651,39712,17096,82,83,7886008,11761,0,0,0
2026-04-29 21:06:18,25784644,46998,8944928,39786,16351,82,83,7897757,11749,0,0,0
2026-04-29 21:06:19,25832443,47799,8961515,39844,16645,82,83,7909466,11709,0,0,0
2026-04-29 21:06:20,25880520,48077,8978124,39914,16679,77,83,7933004,23538,0,0,0
2026-04-29 21:06:21,25933843,53323,8996624,40006,18592,78,83,7944808,11804,0,0,0
2026-04-29 21:06:22,25985975,52132,9014622,40113,18105,81,83,7956592,11784,0,0,0
2026-04-29 21:06:23,26037136,51161,9032368,40206,17839,76,83,7968360,11768,0,0,0
2026-04-29 21:06:25,26087978,50842,9050051,40279,17756,82,83,7980046,11686,0,0,0
2026-04-29 21:06:26,26131982,44004,9065325,40348,15343,82,83,7991768,11722,0,0,0
2026-04-29 21:06:27,26177111,45129,9080925,40430,15682,81,83,8003454,11686,0,0,0
2026-04-29 21:06:28,26229322,52211,9099028,40500,18173,74,83,8026683,23229,0,0,0
2026-04-29 21:06:29,26282799,53477,9117547,40575,18594,78,83,8038217,11534,0,0,0
2026-04-29 21:06:30,26337335,54536,9136489,40648,19015,80,83,8049804,11587,0,0,0
2026-04-29 21:06:31,26391955,54620,9155447,40727,19037,75,83,8061415,11611,0,0,0
2026-04-29 21:06:33,26446928,54973,9174530,40822,19178,72,83,8072996,11581,0,0,0
2026-04-29 21:06:34,26500667,53739,9193193,40895,18736,80,83,8084569,11573,0,0,0
2026-04-29 21:06:35,26553754,53087,9211635,40960,18507,71,83,8096176,11607,0,0,0
2026-04-29 21:06:36,26609300,55546,9230941,41020,19366,78,83,8119310,23134,0,0,0
2026-04-29 21:06:37,26664577,55277,9250122,41104,19265,75,83,8130874,11564,0,0,0
2026-04-29 21:06:38,26721142,56565,9269747,41187,19708,80,83,8142401,11527,0,0,0
2026-04-29 21:06:39,26776622,55480,9288999,41263,19328,75,83,8153970,11569,0,0,0
2026-04-29 21:06:41,26832997,56375,9308558,41347,19643,82,83,8165507,11537,0,0,0
2026-04-29 21:06:42,26887492,54495,9327438,41441,18974,82,83,8177074,11567,0,0,0
2026-04-29 21:06:43,26942213,54721,9346330,41530,18981,78,83,8200165,23091,0,0,0
2026-04-29 21:06:44,26998412,56199,9365868,41612,19620,80,83,8211665,11500,0,0,0
2026-04-29 21:06:45,27053348,54936,9384951,41706,19177,80,83,8223192,11527,0,0,0
2026-04-29 21:06:46,27109465,56117,9404418,41790,19551,82,83,8234715,11523,0,0,0
2026-04-29 21:06:47,27164928,55463,9423653,41898,19343,78,83,8246270,11555,0,0,0
2026-04-29 21:06:49,27220568,55640,9442945,41974,19368,82,83,8257846,11576,0,0,0
2026-04-29 21:06:50,27271924,51356,9460804,42043,17928,82,83,8269405,11559,0,0,0
2026-04-29 21:06:51,27323662,51738,9478713,42117,17983,67,83,8292375,22970,0,0,0
2026-04-29 21:06:52,27378278,54616,9497617,42210,18997,82,83,8303830,11455,0,0,0
2026-04-29 21:06:53,27432708,54430,9516498,42297,18968,82,83,8315386,11556,0,0,0
2026-04-29 21:06:54,27488113,55405,9535700,42398,19303,73,83,8326955,11569,0,0,0
2026-04-29 21:06:55,27543101,54988,9554793,42495,19190,78,83,8338529,11574,0,0,0
2026-04-29 21:06:57,27598016,54915,9573841,42588,19141,77,83,8350066,11537,0,0,0
2026-04-29 21:06:58,27649148,51132,9591627,42664,17862,72,83,8361593,11527,0,0,0
2026-04-29 21:06:59,27699076,49928,9608938,42745,17392,82,83,8373231,11638,0,0,0
2026-04-29 21:07:00,27754849,55773,9628285,42835,19437,78,83,8396455,23224,0,0,0
2026-04-29 21:07:01,27810156,55307,9647463,42928,19271,80,83,8408035,11580,0,0,0
2026-04-29 21:07:02,27865417,55261,9666639,43007,19255,82,83,8419630,11595,0,0,0
2026-04-29 21:07:03,27921266,55849,9686018,43095,19467,82,83,8431226,11596,0,0,0
2026-04-29 21:07:05,27975035,53769,9704692,43182,18761,79,83,8442870,11644,0,0,0
2026-04-29 21:07:06,28029978,54943,9723730,43270,19126,78,83,8454511,11641,0,0,0
2026-04-29 21:07:07,28085388,55410,9742929,43362,19291,75,83,8477794,23283,0,0,0
2026-04-29 21:07:08,28141290,55902,9762310,43461,19480,81,83,8489402,11608,0,0,0
2026-04-29 21:07:09,28196826,55536,9781597,43552,19378,78,83,8501003,11601,0,0,0
2026-04-29 21:07:10,28252351,55525,9800831,43656,19338,75,83,8512607,11604,0,0,0
2026-04-29 21:07:11,28308497,56146,9820287,43761,19561,74,83,8524232,11625,0,0,0
2026-04-29 21:07:13,28363650,55153,9839454,43841,19247,77,83,8535928,11696,0,0,0
2026-04-29 21:07:14,28418654,55004,9858546,43933,19184,82,83,8547662,11734,0,0,0
2026-04-29 21:07:15,28472933,54279,9877340,44011,18872,80,83,8571142,23480,0,0,0
2026-04-29 21:07:16,28528958,56025,9896784,44097,19530,82,83,8582881,11739,0,0,0
2026-04-29 21:07:17,28584554,55596,9916077,44191,19387,77,83,8594667,11786,0,0,0
2026-04-29 21:07:18,28640585,56031,9935502,44268,19502,78,83,8606434,11767,0,0,0
2026-04-29 21:07:19,28696630,56045,9954942,44359,19531,82,83,8618193,11759,0,0,0
2026-04-29 21:07:21,28752372,55742,9974310,44437,19446,74,83,8629954,11761,0,0,0
2026-04-29 21:07:22,28807777,55405,9993542,44509,19304,78,83,8641650,11696,0,0,0
2026-04-29 21:07:23,28863551,55774,10012910,44603,19462,82,83,8665121,23471,0,0,0
2026-04-29 21:07:24,28920033,56482,10032473,44680,19640,81,83,8676852,11731,0,0,0
2026-04-29 21:07:25,28975996,55963,10051886,44795,19528,78,83,8688550,11698,0,0,0
2026-04-29 21:07:26,29031244,55248,10071134,44869,19322,77,83,8700255,11705,0,0,0
2026-04-29 21:07:27,29087417,56173,10090617,44973,19587,81,83,8711891,11636,0,0,0
2026-04-29 21:07:29,29142910,55493,10109872,45054,19336,82,83,8723639,11748,0,0,0
2026-04-29 21:07:30,29197652,54742,10128857,45138,19069,73,83,8735368,11729,0,0,0
2026-04-29 21:07:31,29250263,52611,10147089,45221,18315,73,83,8758841,23473,0,0,0
2026-04-29 21:07:32,29306471,56208,10166557,45307,19554,78,83,8770611,11770,0,0,0
2026-04-29 21:07:33,29359897,53426,10185089,45401,18626,74,83,8782382,11771,0,0,0
2026-04-29 21:07:34,29415650,55753,10204400,45480,19390,80,83,8794154,11772,0,0,0
2026-04-29 21:07:36,29471728,56078,10223829,45573,19522,78,83,8805932,11778,0,0,0
2026-04-29 21:07:37,29524837,53109,10242305,45647,18550,81,83,8817716,11784,0,0,0
2026-04-29 21:07:38,29578275,53438,10260818,45736,18602,82,83,8829530,11814,0,0,0
2026-04-29 21:07:39,29630840,52565,10279084,45810,18340,82,83,8853144,23614,0,0,0
2026-04-29 21:07:40,29687169,56329,10298610,45900,19616,82,83,8864938,11794,0,0,0
2026-04-29 21:07:41,29742800,55631,10317873,45989,19352,78,83,8876759,11821,0,0,0
2026-04-29 21:07:42,29797721,54921,10336985,46057,19180,78,83,8888567,11808,0,0,0
2026-04-29 21:07:44,29852169,54448,10355871,46141,18970,82,83,8900325,11758,0,0,0
2026-04-29 21:07:45,29904338,52169,10374083,46225,18296,82,83,8912058,11733,0,0,0
2026-04-29 21:07:46,29954375,50037,10391419,46285,17396,80,83,8923851,11793,0,0,0
2026-04-29 21:07:47,30001894,47519,10407899,46357,16552,81,83,8947397,23546,0,0,0
2026-04-29 21:07:48,30053098,51204,10425681,46412,17837,81,83,8959102,11705,0,0,0
2026-04-29 21:07:49,30105026,51928,10443697,46494,18098,72,83,8970794,11692,0,0,0
2026-04-29 21:07:50,30156045,51019,10461404,46566,17779,81,83,8982509,11715,0,0,0
2026-04-29 21:07:51,30207451,51406,10479190,46659,17879,78,83,8994247,11738,0,0,0
2026-04-29 21:07:53,30258360,50909,10496912,46734,17797,82,83,9006013,11766,0,0,0
2026-04-29 21:07:54,30305892,47532,10513386,46805,16545,82,83,9017782,11769,0,0,0
2026-04-29 21:07:55,30350899,45007,10528952,46867,15628,82,83,9029579,11797,0,0,0
2026-04-29 21:07:56,30397153,46254,10544928,46948,16057,82,83,9053099,23520,0,0,0
2026-04-29 21:07:57,30447715,50562,10562514,47013,17651,79,83,9064822,11723,0,0,0
2026-04-29 21:07:58,30501445,53730,10581129,47083,18685,79,83,9076541,11719,0,0,0
2026-04-29 21:07:59,30554793,53348,10599648,47164,18600,82,83,9088235,11694,0,0,0
2026-04-29 21:08:01,30606580,51787,10617623,47244,18055,82,83,9099963,11728,0,0,0
2026-04-29 21:08:02,30654804,48224,10634371,47311,16815,82,83,9111660,11697,0,0,0
2026-04-29 21:08:03,30706412,51608,10652241,47380,17939,80,83,9135099,23439,0,0,0
2026-04-29 21:08:04,30758968,52556,10670449,47454,18282,77,83,9146774,11675,0,0,0
2026-04-29 21:08:05,30812576,53608,10689054,47550,18701,73,83,9158444,11670,0,0,0
2026-04-29 21:08:06,30868065,55489,10708270,47632,19298,76,83,9170142,11698,0,0,0
2026-04-29 21:08:07,30923856,55791,10727623,47703,19424,79,83,9181818,11676,0,0,0
2026-04-29 21:08:09,30979432,55576,10746892,47799,19365,80,83,9193505,11687,0,0,0
2026-04-29 21:08:10,31031618,52186,10764964,47884,18157,73,83,9205182,11677,0,0,0
2026-04-29 21:08:11,31085672,54054,10783697,47974,18823,82,83,9228556,23374,0,0,0
2026-04-29 21:08:12,31141375,55703,10803016,48067,19412,72,83,9240278,11722,0,0,0
2026-04-29 21:08:13,31196970,55595,10822342,48137,19396,82,83,9252015,11737,0,0,0
2026-04-29 21:08:14,31252013,55043,10841487,48215,19223,80,83,9263793,11778,0,0,0
2026-04-29 21:08:15,31308290,56277,10861046,48298,19642,68,83,9275587,11794,0,0,0
2026-04-29 21:08:17,31363439,55149,10880196,48387,19239,82,83,9287386,11799,0,0,0
2026-04-29 21:08:18,31416375,52936,10898519,48471,18407,73,83,9299140,11754,0,0,0
2026-04-29 21:08:19,31470157,53782,10917157,48546,18713,82,83,9322667,23527,0,0,0
2026-04-29 21:08:20,31525726,55569,10936402,48628,19327,80,83,9334464,11797,0,0,0
2026-04-29 21:08:21,31580782,55056,10955499,48723,19192,82,83,9346270,11806,0,0,0
2026-04-29 21:08:22,31634335,53553,10974041,48816,18635,82,83,9358048,11778,0,0,0
2026-04-29 21:08:23,31685658,51323,10991868,48881,17892,72,83,9369799,11751,0,0,0
2026-04-29 21:08:25,31736545,50887,11009541,48963,17755,81,83,9381574,11775,0,0,0
2026-04-29 21:08:26,31787809,51264,11027347,49051,17894,81,83,9393352,11778,0,0,0
2026-04-29 21:08:27,31837842,50033,11044657,49122,17381,81,83,9416862,23510,0,0,0
2026-04-29 21:08:28,31891932,54090,11063388,49204,18813,80,83,9428661,11799,0,0,0
2026-04-29 21:08:29,31941102,49170,11080451,49279,17138,76,83,9440534,11873,0,0,0
2026-04-29 21:08:30,31995807,54705,11099438,49354,19062,81,83,9452414,11880,0,0,0
2026-04-29 21:08:31,32048915,53108,11117822,49458,18488,75,83,9464282,11868,0,0,0
2026-04-29 21:08:33,32101498,52583,11136077,49541,18338,82,83,9476141,11859,0,0,0
2026-04-29 21:08:34,32152923,51425,11153949,49635,17966,82,83,9488056,11915,0,0,0
2026-04-29 21:08:35,32206377,53454,11172450,49718,18584,67,83,9511947,23891,0,0,0
2026-04-29 21:08:36,32262341,55964,11191840,49810,19482,71,83,9523917,11970,0,0,0
2026-04-29 21:08:37,32317865,55524,11211140,49893,19383,82,83,9535905,11988,0,0,0
2026-04-29 21:08:38,32374189,56324,11230645,49989,19601,82,83,9547908,12003,0,0,0
2026-04-29 21:08:39,32430501,56312,11250188,50059,19613,78,83,9559882,11974,0,0,0
2026-04-29 21:08:41,32485215,54714,11269177,50134,19064,72,83,9571851,11969,0,0,0
2026-04-29 21:08:42,32540295,55080,11288286,50210,19185,74,83,9583814,11963,0,0,0
2026-04-29 21:08:43,32593827,53532,11306884,50289,18677,77,83,9607802,23988,0,0,0
2026-04-29 21:08:44,32650226,56399,11326467,50357,19651,75,83,9619816,12014,0,0,0
2026-04-29 21:08:45,32706534,56308,11345970,50448,19594,81,83,9631840,12024,0,0,0
2026-04-29 21:08:46,32763364,56830,11365700,50535,19817,70,83,9643860,12020,0,0,0
2026-04-29 21:08:47,32819027,55663,11385017,50628,19410,77,83,9655888,12028,0,0,0
2026-04-29 21:08:49,32874563,55536,11404280,50716,19351,77,83,9667930,12042,0,0,0
2026-04-29 21:08:50,32929784,55221,11423475,50801,19280,82,83,9680003,12073,0,0,0
2026-04-29 21:08:51,32985854,56070,11442896,50889,19509,80,83,9704051,24048,0,0,0
2026-04-29 21:08:52,33040952,55098,11461996,50971,19182,79,83,9716126,12075,0,0,0
2026-04-29 21:08:53,33096467,55515,11481218,51068,19319,73,83,9728179,12053,0,0,0
2026-04-29 21:08:54,33152956,56489,11500789,51146,19649,76,83,9740300,12121,0,0,0
2026-04-29 21:08:56,33208391,55435,11519986,51251,19302,80,83,9752384,12084,0,0,0
2026-04-29 21:08:57,33263808,55417,11539218,51339,19320,79,83,9764540,12156,0,0,0
2026-04-29 21:08:58,33317404,53596,11557840,51417,18700,81,83,9776737,12197,0,0,0
2026-04-29 21:08:59,33369422,52018,11575857,51491,18091,79,83,9801347,24610,0,0,0
2026-04-29 21:09:00,33423065,53643,11594482,51570,18704,78,83,9813604,12257,0,0,0
2026-04-29 21:09:01,33476847,53782,11613165,51659,18772,81,83,9825894,12290,0,0,0
2026-04-29 21:09:02,33530580,53733,11631786,51753,18715,77,83,9838198,12304,0,0,0
2026-04-29 21:09:03,33585090,54510,11650691,51831,18983,82,83,9850516,12318,0,0,0
2026-04-29 21:09:05,33638015,52925,11669053,51912,18443,81,83,9862783,12267,0,0,0
2026-04-29 21:09:06,33688123,50108,11686459,51987,17481,82,83,9875056,12273,0,0,0
2026-04-29 21:09:07,33739129,51006,11704144,52053,17751,79,83,9899640,24584,0,0,0
2026-04-29 21:09:08,33790494,51365,11721967,52132,17902,76,83,9911974,12334,0,0,0
2026-04-29 21:09:09,33844457,53963,11740674,52217,18792,79,83,9924293,12319,0,0,0
2026-04-29 21:09:10,33899761,55304,11759829,52307,19245,82,83,9936573,12280,0,0,0
2026-04-29 21:09:11,33954607,54846,11778858,52394,19116,82,83,9948817,12244,0,0,0
2026-04-29 21:09:13,34009955,55348,11798094,52483,19325,81,83,9961040,12223,0,0,0
2026-04-29 21:09:14,34062446,52491,11816297,52565,18285,82,83,9973222,12182,0,0,0
2026-04-29 21:09:15,34113953,51507,11834181,52638,17957,75,83,9985398,12176,0,0,0
2026-04-29 21:09:16,34169144,55191,11853365,52727,19273,80,83,10009686,24288,0,0,0
2026-04-29 21:09:17,34224817,55673,11872659,52803,19370,78,83,10021858,12172,0,0,0
2026-04-29 21:09:18,34279677,54860,11891670,52903,19111,82,83,10034056,12198,0,0,0
2026-04-29 21:09:19,34334308,54631,11910583,52989,18999,80,83,10046285,12229,0,0,0
2026-04-29 21:09:21,34389446,55138,11929731,53072,19231,78,83,10058496,12211,0,0,0
2026-04-29 21:09:22,34442275,52829,11948110,53148,18455,78,83,10070681,12185,0,0,0
2026-04-29 21:09:23,34493707,51432,11965982,53232,17956,71,83,10095058,24377,0,0,0
2026-04-29 21:09:24,34544662,50955,11983673,53300,17759,70,83,10107266,12208,0,0,0
2026-04-29 21:09:25,34597612,52950,12001999,53387,18413,78,83,10119467,12201,0,0,0
2026-04-29 21:09:26,34649437,51825,12020032,53469,18115,70,83,10131634,12167,0,0,0
2026-04-29 21:09:27,34702421,52984,12038406,53542,18447,68,83,10143756,12122,0,0,0
2026-04-29 21:09:29,34754320,51899,12056372,53620,18044,77,83,10155917,12161,0,0,0
2026-04-29 21:09:30,34804745,50425,12073908,53715,17631,82,83,10168097,12180,0,0,0
2026-04-29 21:09:31,34853108,48363,12090671,53790,16838,82,83,10180298,12201,0,0,0
2026-04-29 21:09:32,34904373,51265,12108430,53874,17843,77,83,10204725,24427,0,0,0
2026-04-29 21:09:33,34957698,53325,12126902,53957,18555,82,83,10216945,12220,0,0,0
2026-04-29 21:09:34,35010424,52726,12145237,54040,18418,76,83,10229173,12228,0,0,0
2026-04-29 21:09:35,35063250,52826,12163562,54120,18405,81,83,10241405,12232,0,0,0
2026-04-29 21:09:37,35115213,51963,12181593,54205,18116,81,83,10253657,12252,0,0,0
2026-04-29 21:09:38,35165109,49896,12198962,54277,17441,82,83,10265857,12200,0,0,0
2026-04-29 21:09:39,35214035,48926,12215946,54362,17069,68,83,10278088,12231,0,0,0
2026-04-29 21:09:40,35257443,43408,12231016,54422,15130,82,83,10290295,12207,0,0,0
2026-04-29 21:09:41,35312549,55106,12250112,54500,19174,78,83,10314647,24352,0,0,0
2026-04-29 21:09:42,35365866,53317,12268564,54591,18543,80,83,10326837,12190,0,0,0
2026-04-29 21:09:43,35420858,54992,12287661,54671,19177,82,83,10339057,12220,0,0,0
2026-04-29 21:09:45,35476122,55264,12306825,54763,19256,72,83,10351236,12179,0,0,0
2026-04-29 21:09:46,35531492,55370,12326024,54851,19287,80,83,10363416,12180,0,0,0
2026-04-29 21:09:47,35585408,53916,12344753,54929,18807,75,83,10375687,12271,0,0,0
2026-04-29 21:09:48,35641927,56519,12364285,55008,19611,80,83,10400195,24508,0,0,0
2026-04-29 21:09:49,35697487,55560,12383571,55095,19373,76,83,10412447,12252,0,0,0
2026-04-29 21:09:50,35752714,55227,12402753,55181,19268,66,83,10424591,12144,0,0,0
2026-04-29 21:09:51,35808341,55627,12422039,55259,19364,79,83,10436734,12143,0,0,0
2026-04-29 21:09:53,35864861,56520,12441628,55339,19669,75,83,10448852,12118,0,0,0
2026-04-29 21:09:54,35919371,54510,12460613,55420,19066,71,83,10460956,12104,0,0,0
2026-04-29 21:09:55,35974239,54868,12479612,55494,19073,73,83,10473044,12088,0,0,0
2026-04-29 21:09:56,36030075,55836,12498977,55567,19438,76,83,10497243,24199,0,0,0
2026-04-29 21:09:57,36086293,56218,12518450,55666,19572,76,83,10509370,12127,0,0,0
2026-04-29 21:09:58,36142321,56028,12537889,55751,19524,82,83,10521460,12090,0,0,0
2026-04-29 21:09:59,36197929,55608,12557164,55839,19363,78,83,10533618,12158,0,0,0
2026-04-29 21:10:01,36253613,55684,12576506,55931,19434,74,83,10545768,12150,0,0,0
2026-04-29 21:10:02,36306858,53245,12595000,56017,18580,82,83,10557944,12176,0,0,0
2026-04-29 21:10:03,36358670,51812,12612907,56101,17991,81,83,10570113,12169,0,0,0
2026-04-29 21:10:04,36413791,55121,12632041,56193,19226,82,83,10594509,24396,0,0,0
2026-04-29 21:10:05,36470117,56326,12651532,56291,19589,82,83,10606735,12226,0,0,0
2026-04-29 21:10:06,36526143,56026,12670970,56380,19527,73,83,10618926,12191,0,0,0
2026-04-29 21:10:07,36581392,55249,12690154,56451,19255,82,83,10631139,12213,0,0,0
2026-04-29 21:10:09,36636158,54766,12709143,56553,19091,80,83,10643323,12184,0,0,0
2026-04-29 21:10:10,36688329,52171,12727225,56625,18154,81,83,10655527,12204,0,0,0
2026-04-29 21:10:11,36742337,54008,12745922,56725,18797,81,83,10680030,24503,0,0,0
2026-04-29 21:10:12,36797777,55440,12765142,56815,19310,80,83,10692306,12276,0,0,0
2026-04-29 21:10:13,36852843,55066,12784223,56904,19170,76,83,10704487,12181,0,0,0
2026-04-29 21:10:14,36906232,53389,12802735,56990,18598,79,83,10716662,12175,0,0,0
2026-04-29 21:10:15,36958157,51925,12820756,57051,18082,82,83,10728849,12187,0,0,0
2026-04-29 21:10:17,37009976,51819,12838731,57129,18053,81,83,10741129,12280,0,0,0
2026-04-29 21:10:18,37058605,48629,12855609,57206,16955,82,83,10753434,12305,0,0,0
2026-04-29 21:10:19,37106900,48295,12872361,57281,16827,81,83,10765690,12256,0,0,0
2026-04-29 21:10:20,37158228,51328,12890147,57354,17859,79,83,10790156,24466,0,0,0
2026-04-29 21:10:21,37209199,50971,12907839,57427,17765,82,83,10802391,12235,0,0,0
2026-04-29 21:10:22,37260594,51395,12925732,57494,17960,81,83,10814645,12254,0,0,0
2026-04-29 21:10:23,37313116,52522,12943961,57574,18309,80,83,10826908,12263,0,0,0
2026-04-29 21:10:25,37365585,52469,12962141,57660,18266,81,83,10839176,12268,0,0,0
2026-04-29 21:10:26,37412431,46846,12978405,57739,16343,81,83,10851424,12248,0,0,0
2026-04-29 21:10:27,37459377,46946,12994662,57812,16330,78,83,10863627,12203,0,0,0
2026-04-29 21:10:28,37513522,54145,13013453,57890,18869,75,83,10887962,24335,0,0,0
2026-04-29 21:10:29,37568861,55339,13032625,57971,19253,78,83,10900182,12220,0,0,0
2026-04-29 21:10:30,37624466,55605,13051906,58058,19368,79,83,10912447,12265,0,0,0
2026-04-29 21:10:31,37680026,55560,13071194,58135,19365,78,83,10924728,12281,0,0,0
2026-04-29 21:10:33,37734899,54873,13090201,58214,19086,81,83,10936941,12213,0,0,0
2026-04-29 21:10:34,37789376,54477,13109105,58305,18995,81,83,10949142,12201,0,0,0
2026-04-29 21:10:35,37843942,54566,13128055,58384,19029,82,83,10973451,24309,0,0,0
2026-04-29 21:10:36,37899641,55699,13147377,58458,19396,78,83,10985574,12123,0,0,0
2026-04-29 21:10:37,37955761,56120,13166827,58557,19549,76,83,10997724,12150,0,0,0
2026-04-29 21:10:38,38011050,55289,13185996,58644,19256,80,83,11009845,12121,0,0,0
2026-04-29 21:10:39,38066793,55743,13205360,58728,19448,78,83,11021940,12095,0,0,0
2026-04-29 21:10:41,38122328,55535,13224636,58807,19355,79,83,11034039,12099,0,0,0
2026-04-29 21:10:42,38177616,55288,13243825,58884,19266,82,83,11046117,12078,0,0,0
2026-04-29 21:10:43,38233188,55572,13263093,58968,19352,77,83,11070355,24238,0,0,0
2026-04-29 21:10:44,38289336,56148,13282556,59056,19551,76,83,11082463,12108,0,0,0
2026-04-29 21:10:45,38346261,56925,13302259,59150,19797,82,83,11094583,12120,0,0,0
2026-04-29 21:10:46,38402477,56216,13321748,59237,19576,79,83,11106711,12128,0,0,0
2026-04-29 21:10:48,38457700,55223,13340937,59304,19256,66,83,11118799,12088,0,0,0
2026-04-29 21:10:49,38510300,52600,13359202,59391,18352,82,83,11130860,12061,0,0,0
2026-04-29 21:10:50,38559534,49234,13376315,59463,17185,82,83,11142891,12031,0,0,0
2026-04-29 21:10:51,38612121,52587,13394534,59536,18292,80,83,11166990,24099,0,0,0
2026-04-29 21:10:52,38666695,54574,13413434,59624,18988,82,83,11179040,12050,0,0,0
2026-04-29 21:10:53,38720286,53591,13432019,59708,18669,74,83,11191097,12057,0,0,0
2026-04-29 21:10:54,38771429,51143,13449753,59789,17815,75,83,11203164,12067,0,0,0
2026-04-29 21:10:56,38820653,49224,13466835,59874,17167,80,83,11215231,12067,0,0,0
2026-04-29 21:10:57,38866432,45779,13482752,59968,16011,78,83,11227267,12036,0,0,0
2026-04-29 21:10:58,38909949,43517,13497893,60034,15207,82,83,11239297,12030,0,0,0
2026-04-29 21:10:59,38957062,47113,13514190,60102,16365,74,83,11263292,23995,0,0,0
2026-04-29 21:11:00,39009855,52793,13532494,60182,18384,77,83,11275267,11975,0,0,0
2026-04-29 21:11:01,39063974,54119,13551241,60263,18828,79,83,11287234,11967,0,0,0
2026-04-29 21:11:02,39117411,53437,13569795,60333,18624,80,83,11299226,11992,0,0,0
2026-04-29 21:11:03,39169556,52145,13587881,60433,18186,76,83,11311195,11969,0,0,0
2026-04-29 21:11:05,39221798,52242,13606035,60519,18240,60,83,11323128,11933,0,0,0
2026-04-29 21:11:06,39272762,50964,13623668,60596,17710,82,83,11335075,11947,0,0,0
2026-04-29 21:11:07,39320060,47298,13640061,60684,16481,81,83,11347058,11983,0,0,0
2026-04-29 21:11:08,39372407,52347,13658181,60770,18206,81,83,11371040,23982,0,0,0
2026-04-29 21:11:09,39425810,53403,13676714,60855,18618,77,83,11382994,11954,0,0,0
2026-04-29 21:11:10,39479173,53363,13695284,60935,18650,82,83,11394905,11911,0,0,0
2026-04-29 21:11:11,39532785,53612,13713926,61023,18730,77,83,11406810,11905,0,0,0
2026-04-29 21:11:13,39587556,54771,13732967,61102,19120,80,83,11418717,11907,0,0,0
2026-04-29 21:11:14,39641139,53583,13751602,61176,18709,82,83,11430616,11899,0,0,0
2026-04-29 21:11:15,39695081,53942,13770293,61274,18789,82,83,11454401,23785,0,0,0
2026-04-29 21:11:16,39750298,55217,13789472,61361,19266,76,83,11466311,11910,0,0,0
2026-04-29 21:11:17,39805811,55513,13808742,61439,19348,80,83,11478210,11899,0,0,0
2026-04-29 21:11:18,39861589,55778,13828134,61501,19454,75,83,11490148,11938,0,0,0
2026-04-29 21:11:19,39916525,54936,13847200,61597,19162,80,83,11502121,11973,0,0,0
2026-04-29 21:11:21,39972135,55610,13866493,61689,19385,82,83,11514074,11953,0,0,0
2026-04-29 21:11:22,40027108,54973,13885579,61760,19157,68,83,11525999,11925,0,0,0
2026-04-29 21:11:23,40081760,54652,13904617,61837,19115,80,83,11549803,23804,0,0,0
2026-04-29 21:11:24,40137895,56135,13924092,61924,19562,81,83,11561740,11937,0,0,0
2026-04-29 21:11:25,40193918,56023,13943525,62008,19517,80,83,11573662,11922,0,0,0
2026-04-29 21:11:26,40249676,55758,13962860,62089,19416,81,83,11585533,11871,0,0,0
2026-04-29 21:11:28,40304837,55161,13981998,62179,19228,80,83,11597414,11881,0,0,0
2026-04-29 21:11:29,40360147,55310,14001168,62271,19262,82,83,11609284,11870,0,0,0
2026-04-29 21:11:30,40414739,54592,14020120,62353,19034,82,83,11621144,11860,0,0,0
2026-04-29 21:11:31,40471165,56426,14039665,62423,19615,78,83,11644848,23704,0,0,0
2026-04-29 21:11:32,40526841,55676,14059008,62510,19430,82,83,11656691,11843,0,0,0
2026-04-29 21:11:33,40582489,55648,14078290,62594,19366,79,83,11668550,11859,0,0,0
2026-04-29 21:11:34,40638510,56021,14097727,62673,19516,82,83,11680420,11870,0,0,0
2026-04-29 21:11:36,40694817,56307,14117216,62756,19572,78,83,11692290,11870,0,0,0
2026-04-29 21:11:37,40750422,55605,14136480,62840,19348,82,83,11704165,11875,0,0,0
2026-04-29 21:11:38,40805178,54756,14155499,62929,19108,79,83,11727972,23807,0,0,0
2026-04-29 21:11:39,40858106,52928,14173870,63006,18448,82,83,11739870,11898,0,0,0
2026-04-29 21:11:40,40913205,55099,14192990,63089,19203,81,83,11751770,11900,0,0,0
2026-04-29 21:11:41,40969251,56046,14212404,63175,19500,82,83,11763614,11844,0,0,0
2026-04-29 21:11:42,41024399,55148,14231575,63250,19246,79,83,11775451,11837,0,0,0
2026-04-29 21:11:44,41079581,55182,14250750,63324,19249,75,83,11787292,11841,0,0,0
2026-04-29 21:11:45,41133384,53803,14269411,63400,18737,82,83,11799146,11854,0,0,0
2026-04-29 21:11:46,41187081,53697,14287994,63489,18672,70,83,11822977,23831,0,0,0
2026-04-29 21:11:47,41239851,52770,14306308,63562,18387,81,83,11834919,11942,0,0,0
2026-04-29 21:11:48,41294116,54265,14325152,63656,18938,79,83,11846808,11889,0,0,0
2026-04-29 21:11:49,41345763,51647,14343077,63747,18016,80,83,11858661,11853,0,0,0
2026-04-29 21:11:50,41401723,55960,14362471,63833,19480,67,83,11870462,11801,0,0,0
2026-04-29 21:11:52,41456879,55156,14381615,63916,19227,70,83,11882293,11831,0,0,0
2026-04-29 21:11:53,41506800,49921,14398978,63996,17443,82,83,11894125,11832,0,0,0
2026-04-29 21:11:54,41558911,52111,14416999,64071,18096,80,83,11917804,23679,0,0,0
2026-04-29 21:11:55,41609984,51073,14434688,64155,17773,82,83,11929675,11871,0,0,0
2026-04-29 21:11:56,41664080,54096,14453447,64233,18837,78,83,11941541,11866,0,0,0
2026-04-29 21:11:57,41716841,52761,14471693,64314,18327,82,83,11953436,11895,0,0,0
2026-04-29 21:11:59,41769572,52731,14489992,64398,18383,79,83,11965287,11851,0,0,0
2026-04-29 21:12:00,41818843,49271,14507125,64476,17211,80,83,11977226,11939,0,0,0
2026-04-29 21:12:01,41866989,48146,14523877,64538,16814,73,83,11989178,11952,0,0,0
2026-04-29 21:12:02,41914009,47020,14540194,64610,16389,82,83,12001123,11945,0,0,0
2026-04-29 21:12:03,41966955,52946,14558526,64696,18418,67,83,12024933,23810,0,0,0
2026-04-29 21:12:04,42018215,51260,14576294,64789,17861,77,83,12036884,11951,0,0,0
2026-04-29 21:12:05,42070051,51836,14594267,64866,18050,80,83,12048849,11965,0,0,0
2026-04-29 21:12:06,42124268,54217,14613055,64956,18878,76,83,12060779,11930,0,0,0
2026-04-29 21:12:08,42176440,52172,14631168,65030,18187,82,83,12072729,11950,0,0,0
2026-04-29 21:12:09,42225030,48590,14648042,65106,16950,82,83,12084677,11948,0,0,0
2026-04-29 21:12:10,42272773,47743,14664616,65163,16631,82,83,12096629,11952,0,0,0
2026-04-29 21:12:11,42323610,50837,14682242,65244,17707,81,83,12120431,23802,0,0,0
2026-04-29 21:12:12,42377479,53869,14700866,65342,18722,81,83,12132327,11896,0,0,0
2026-04-29 21:12:13,42431538,54059,14719630,65424,18846,81,83,12144226,11899,0,0,0
2026-04-29 21:12:14,42485266,53728,14738254,65504,18704,77,83,12156121,11895,0,0,0
2026-04-29 21:12:16,42536726,51460,14756128,65573,17943,81,83,12168021,11900,0,0,0
2026-04-29 21:12:17,42584431,47705,14772698,65647,16644,82,83,12179948,11927,0,0,0
2026-04-29 21:12:18,42631541,47110,14789021,65709,16385,82,83,12191844,11896,0,0,0
2026-04-29 21:12:19,42674966,43425,14804078,65776,15124,81,83,12203670,11826,0,0,0
2026-04-29 21:12:20,42726618,51652,14821974,65851,17971,79,83,12227184,23514,0,0,0
2026-04-29 21:12:21,42777638,51020,14839654,65941,17770,74,83,12238985,11801,0,0,0
2026-04-29 21:12:22,42828517,50879,14857322,66019,17746,75,83,12250817,11832,0,0,0
2026-04-29 21:12:24,42883670,55153,14876421,66103,19183,82,83,12262657,11840,0,0,0
2026-04-29 21:12:25,42937239,53569,14895015,66192,18683,67,83,12274523,11866,0,0,0
2026-04-29 21:12:26,42991703,54464,14913874,66288,18955,77,83,12286393,11870,0,0,0
2026-04-29 21:12:27,43046726,55023,14932957,66364,19159,79,83,12310097,23704,0,0,0
2026-04-29 21:12:28,43103100,56374,14952477,66456,19612,77,83,12321826,11729,0,0,0
2026-04-29 21:12:29,43158058,54958,14971548,66548,19163,78,83,12333556,11730,0,0,0
2026-04-29 21:12:30,43213498,55440,14990808,66648,19360,80,83,12345284,11728,0,0,0
2026-04-29 21:12:32,43269598,56100,15010233,66733,19510,80,83,12356998,11714,0,0,0
2026-04-29 21:12:33,43324216,54618,15029180,66816,19030,82,83,12368740,11742,0,0,0
2026-04-29 21:12:34,43378123,53907,15047893,66915,18812,77,83,12392286,23546,0,0,0
2026-04-29 21:12:35,43432485,54362,15066762,67002,18956,76,83,12404082,11796,0,0,0
2026-04-29 21:12:36,43488588,56103,15086227,67102,19565,78,83,12415891,11809,0,0,0
2026-04-29 21:12:37,43544128,55540,15105513,67186,19370,75,83,12427714,11823,0,0,0
2026-04-29 21:12:38,43599817,55689,15124806,67276,19383,81,83,12439502,11788,0,0,0
2026-04-29 21:12:40,43656368,56551,15144364,67382,19664,82,83,12451289,11787,0,0,0
2026-04-29 21:12:41,43711449,55081,15163433,67473,19160,80,83,12463086,11797,0,0,0
2026-04-29 21:12:42,43767676,56227,15182866,67579,19539,81,83,12486669,23583,0,0,0
2026-04-29 21:12:43,43823635,55959,15202289,67664,19508,75,83,12498445,11776,0,0,0
2026-04-29 21:12:44,43879723,56088,15221740,67742,19529,71,83,12510228,11783,0,0,0
2026-04-29 21:12:45,43936007,56284,15241239,67828,19585,81,83,12522060,11832,0,0,0
2026-04-29 21:12:47,43992370,56363,15260781,67912,19626,79,83,12533895,11835,0,0,0
2026-04-29 21:12:48,44047767,55397,15280024,68004,19335,68,83,12545737,11842,0,0,0
2026-04-29 21:12:49,44102201,54434,15298940,68076,18988,73,83,12557541,11804,0,0,0
2026-04-29 21:12:50,44158045,55844,15318289,68171,19444,82,83,12581107,23566,0,0,0
2026-04-29 21:12:51,44213893,55848,15337648,68270,19458,75,83,12592895,11788,0,0,0
2026-04-29 21:12:52,44270187,56294,15357183,68360,19625,75,83,12604693,11798,0,0,0
2026-04-29 21:12:53,44326704,56517,15376785,68441,19683,82,83,12616469,11776,0,0,0
2026-04-29 21:12:55,44383080,56376,15396324,68523,19621,76,83,12628251,11782,0,0,0
2026-04-29 21:12:56,44438798,55718,15415648,68617,19418,74,83,12640014,11763,0,0,0
2026-04-29 21:12:57,44493703,54905,15434666,68709,19110,80,83,12651769,11755,0,0,0
2026-04-29 21:12:58,44548425,54722,15453643,68803,19071,80,83,12675371,23602,0,0,0
2026-04-29 21:12:59,44603273,54848,15472696,68882,19132,81,83,12687245,11874,0,0,0
2026-04-29 21:13:00,44656723,53450,15491265,68966,18653,82,83,12699148,11903,0,0,0
2026-04-29 21:13:01,44711862,55139,15510414,69041,19224,81,83,12711060,11912,0,0,0
2026-04-29 21:13:03,44766642,54780,15529409,69122,19076,82,83,12722942,11882,0,0,0
2026-04-29 21:13:04,44821235,54593,15548357,69213,19039,70,83,12734841,11899,0,0,0
2026-04-29 21:13:05,44875398,54163,15567130,69291,18851,72,83,12746744,11903,0,0,0
2026-04-29 21:13:06,44929025,53627,15585693,69381,18653,78,83,12770516,23772,0,0,0
2026-04-29 21:13:07,44981021,51996,15603742,69458,18126,80,83,12782393,11877,0,0,0
2026-04-29 21:13:08,45034756,53735,15622417,69537,18754,71,83,12794273,11880,0,0,0
2026-04-29 21:13:09,45089655,54899,15641441,69622,19109,80,83,12806162,11889,0,0,0
2026-04-29 21:13:11,45144385,54730,15660428,69697,19062,77,83,12818071,11909,0,0,0
2026-04-29 21:13:12,45196190,51805,15678419,69785,18079,82,83,12830002,11931,0,0,0
2026-04-29 21:13:13,45244679,48489,15695275,69881,16952,82,83,12841940,11938,0,0,0
2026-04-29 21:13:14,45296118,51439,15713064,69964,17872,78,83,12865782,23842,0,0,0
2026-04-29 21:13:15,45340316,44198,15728428,70032,15432,66,83,12877707,11925,0,0,0
2026-04-29 21:13:16,45391464,51148,15746169,70110,17819,77,83,12889660,11953,0,0,0
2026-04-29 21:13:17,45442764,51300,15763951,70206,17878,73,83,12901610,11950,0,0,0
2026-04-29 21:13:19,45493116,50352,15781452,70289,17584,75,83,12913599,11989,0,0,0
2026-04-29 21:13:20,45542092,48976,15798488,70366,17113,82,83,12925548,11949,0,0,0
2026-04-29 21:13:21,45584240,42148,15813113,70424,14683,82,83,12937478,11930,0,0,0
2026-04-29 21:13:22,45624461,40221,15827053,70482,13998,82,83,12949369,11891,0,0,0
2026-04-29 21:13:23,45666516,42055,15841595,70549,14609,82,83,12973173,23804,0,0,0
2026-04-29 21:13:24,45710977,44461,15857071,70615,15542,82,83,12985096,11923,0,0,0
2026-04-29 21:13:25,45760569,49592,15874262,70690,17266,76,83,12997059,11963,0,0,0
2026-04-29 21:13:26,45809959,49390,15891401,70765,17214,79,83,13009001,11942,0,0,0
2026-04-29 21:13:28,45857421,47462,15907917,70835,16586,82,83,13020880,11879,0,0,0
2026-04-29 21:13:29,45899984,42563,15922688,70888,14824,81,83,13032654,11774,0,0,0
2026-04-29 21:13:30,45941490,41506,15937057,70963,14444,82,83,13044371,11717,0,0,0
2026-04-29 21:13:31,45985979,44489,15952543,71015,15538,82,83,13067832,23461,0,0,0
2026-04-29 21:13:32,46030515,44536,15967969,71084,15495,77,83,13079620,11788,0,0,0
2026-04-29 21:13:33,46078322,47807,15984548,71150,16645,82,83,13091390,11770,0,0,0
2026-04-29 21:13:34,46123763,45441,16000325,71215,15842,76,83,13103172,11782,0,0,0
2026-04-29 21:13:36,46175540,51777,16018338,71280,18078,78,83,13114962,11790,0,0,0
2026-04-29 21:13:37,46225157,49617,16035540,71351,17273,82,83,13126809,11847,0,0,0
2026-04-29 21:13:38,46272143,46986,16051900,71417,16426,82,83,13138671,11862,0,0,0
2026-04-29 21:13:39,46318195,46052,16067920,71486,16089,82,83,13150524,11853,0,0,0
2026-04-29 21:13:40,46365772,47577,16084403,71557,16554,81,83,13174192,23668,0,0,0
2026-04-29 21:13:41,46414994,49222,16101495,71625,17160,82,83,13186032,11840,0,0,0
2026-04-29 21:13:42,46466082,51088,16119238,71693,17811,79,83,13197848,11816,0,0,0
2026-04-29 21:13:43,46517005,50923,16136912,71767,17748,75,83,13209611,11763,0,0,0
2026-04-29 21:13:45,46569689,52684,16155144,71851,18316,79,83,13221362,11751,0,0,0
2026-04-29 21:13:46,46616338,46649,16171387,71929,16321,82,83,13233157,11795,0,0,0
2026-04-29 21:13:47,46662728,46390,16187485,71995,16164,82,83,13244962,11805,0,0,0
2026-04-29 21:13:48,46709313,46585,16203588,72066,16174,81,83,13268607,23645,0,0,0
2026-04-29 21:13:49,46754469,45156,16219259,72137,15742,79,83,13280448,11841,0,0,0
2026-04-29 21:13:50,46807729,53260,16237716,72214,18534,82,83,13292257,11809,0,0,0
2026-04-29 21:13:51,46854296,46567,16253870,72288,16228,73,83,13304123,11866,0,0,0
2026-04-29 21:13:53,46899271,44975,16269452,72379,15673,81,83,13315997,11874,0,0,0
2026-04-29 21:13:54,46949753,50482,16286948,72457,17574,82,83,13327883,11886,0,0,0
2026-04-29 21:13:55,46995470,45717,16302833,72516,15944,82,83,13339747,11864,0,0,0
2026-04-29 21:13:56,47038585,43115,16317782,72579,15012,73,83,13351576,11829,0,0,0
2026-04-29 21:13:57,47086407,47822,16334366,72650,16655,81,83,13375289,23713,0,0,0
2026-04-29 21:13:58,47137463,51056,16352079,72730,17793,81,83,13386946,11657,0,0,0
2026-04-29 21:13:59,47185594,48131,16368765,72788,16744,78,83,13398534,11588,0,0,0
2026-04-29 21:14:00,47234829,49235,16385859,72874,17180,82,83,13410090,11556,0,0,0
2026-04-29 21:14:02,47284497,49668,16403110,72948,17325,78,83,13421681,11591,0,0,0
2026-04-29 21:14:03,47332790,48293,16419884,73026,16852,81,83,13433307,11626,0,0,0
2026-04-29 21:14:04,47382025,49235,16436944,73100,17134,77,83,13444925,11618,0,0,0
2026-04-29 21:14:05,47432711,50686,16454511,73181,17648,82,83,13468155,23230,0,0,0
2026-04-29 21:14:06,47485285,52574,16472748,73273,18329,82,83,13479759,11604,0,0,0
2026-04-29 21:14:07,47538103,52818,16491109,73354,18442,78,83,13491341,11582,0,0,0
2026-04-29 21:14:08,47588075,49972,16508454,73437,17428,75,83,13502935,11594,0,0,0
2026-04-29 21:14:10,47641690,53615,16527044,73514,18667,77,83,13514492,11557,0,0,0
2026-04-29 21:14:11,47694483,52793,16545399,73578,18419,76,83,13526046,11554,0,0,0
2026-04-29 21:14:12,47746267,51784,16563364,73657,18044,77,83,13537623,11577,0,0,0
2026-04-29 21:14:13,47797418,51151,16581137,73734,17850,82,83,13560811,23188,0,0,0
2026-04-29 21:14:14,47850656,53238,16599597,73808,18534,76,83,13572419,11608,0,0,0
2026-04-29 21:14:15,47905254,54598,16618502,73897,18994,73,83,13584007,11588,0,0,0
2026-04-29 21:14:16,47959018,53764,16637166,73970,18737,81,83,13595632,11625,0,0,0
2026-04-29 21:14:18,48012564,53546,16655789,74051,18704,82,83,13607176,11544,0,0,0
2026-04-29 21:14:19,48065112,52548,16673982,74135,18277,78,83,13618714,11538,0,0,0
2026-04-29 21:14:20,48115404,50292,16691462,74219,17564,82,83,13630231,11517,0,0,0
2026-04-29 21:14:21,48166768,51364,16709289,74293,17901,80,83,13653393,23162,0,0,0
2026-04-29 21:14:22,48218387,51619,16727208,74370,17996,82,83,13664957,11564,0,0,0
2026-04-29 21:14:23,48272083,53696,16745796,74439,18657,76,83,13676526,11569,0,0,0
2026-04-29 21:14:24,48324457,52374,16763917,74524,18206,81,83,13688122,11596,0,0,0
2026-04-29 21:14:26,48375251,50794,16781542,74610,17711,82,83,13699715,11593,0,0,0
2026-04-29 21:14:27,48426342,51091,16799283,74690,17821,80,83,13711321,11606,0,0,0
2026-04-29 21:14:28,48473978,47636,16815824,74758,16609,82,83,13722934,11613,0,0,0
2026-04-29 21:14:29,48520302,46324,16831865,74836,16119,82,83,13734555,11621,0,0,0
2026-04-29 21:14:30,48567511,47209,16848187,74919,16405,81,83,13757723,23168,0,0,0
2026-04-29 21:14:31,48618558,51047,16865912,74984,17790,77,83,13769296,11573,0,0,0
2026-04-29 21:14:32,48671870,53312,16884389,75060,18553,73,83,13780874,11578,0,0,0
2026-04-29 21:14:33,48723370,51500,16902242,75144,17937,82,83,13792473,11599,0,0,0
2026-04-29 21:14:35,48774702,51332,16920074,75214,17902,79,83,13804075,11602,0,0,0
2026-04-29 21:14:36,48823147,48445,16936901,75288,16901,80,83,13815703,11628,0,0,0
2026-04-29 21:14:37,48871290,48143,16953582,75385,16778,57,83,13827296,11593,0,0,0
2026-04-29 21:14:38,48920489,49199,16970601,75469,17103,82,83,13850535,23239,0,0,0
2026-04-29 21:14:39,48967966,47477,16987063,75547,16540,75,83,13862197,11662,0,0,0
2026-04-29 21:14:40,49014849,46883,17003355,75613,16358,70,83,13873852,11655,0,0,0
2026-04-29 21:14:41,49065176,50327,17020755,75705,17492,81,83,13885511,11659,0,0,0
2026-04-29 21:14:43,49113540,48364,17037549,75782,16871,70,83,13897171,11660,0,0,0
2026-04-29 21:14:44,49162266,48726,17054493,75858,17020,82,83,13908856,11685,0,0,0
2026-04-29 21:14:45,49210257,47991,17071126,75939,16714,82,83,13920496,11640,0,0,0
2026-04-29 21:14:46,49259212,48955,17088025,76019,16979,79,83,13943633,23137,0,0,0
2026-04-29 21:14:47,49307941,48729,17104945,76105,17006,74,83,13955243,11610,0,0,0
2026-04-29 21:14:48,49360593,52652,17123222,76179,18351,81,83,13966910,11667,0,0,0
2026-04-29 21:14:49,49412221,51628,17141128,76249,17976,82,83,13978570,11660,0,0,0
2026-04-29 21:14:51,49463796,51575,17159058,76324,18005,74,83,13990180,11610,0,0,0
2026-04-29 21:14:52,49513736,49940,17176375,76408,17401,82,83,14001760,11580,0,0,0
2026-04-29 21:14:53,49563116,49380,17193546,76473,17236,82,83,14013331,11571,0,0,0
2026-04-29 21:14:54,49610603,47487,17210047,76538,16566,81,83,14024919,11588,0,0,0
2026-04-29 21:14:55,49661144,50541,17227540,76610,17565,75,83,14048086,23167,0,0,0
2026-04-29 21:14:56,49712549,51405,17245383,76709,17942,81,83,14059699,11613,0,0,0
2026-04-29 21:14:57,49760743,48194,17262095,76780,16783,82,83,14071310,11611,0,0,0
2026-04-29 21:14:58,49811323,50580,17279653,76861,17639,82,83,14082859,11549,0,0,0
2026-04-29 21:15:00,49861302,49979,17297014,76937,17437,80,83,14094350,11491,0,0,0
2026-04-29 21:15:01,49909617,48315,17313816,77015,16880,79,83,14105856,11506,0,0,0
2026-04-29 21:15:02,49957838,48221,17330574,77082,16825,82,83,14117378,11522,0,0,0
2026-04-29 21:15:03,50012313,54475,17349450,77167,18961,79,83,14140382,23004,0,0,0
2026-04-29 21:15:04,50053980,41667,17363908,77229,14520,77,83,14151909,11527,0,0,0
2026-04-29 21:15:05,50098797,44817,17379439,77302,15604,79,83,14163444,11535,0,0,0
2026-04-29 21:15:06,50140185,41388,17393783,77366,14408,78,83,14174994,11550,0,0,0
2026-04-29 21:15:08,50181303,41118,17408094,77430,14375,73,83,14186501,11507,0,0,0
2026-04-29 21:15:09,50220713,39410,17421826,77495,13797,82,83,14197953,11452,0,0,0
2026-04-29 21:15:10,50261372,40659,17435892,77575,14146,82,83,14209386,11433,0,0,0
2026-04-29 21:15:11,50301083,39711,17449612,77646,13791,82,83,14220823,11437,0,0,0
2026-04-29 21:15:12,50340057,38974,17463173,77704,13619,82,83,14232318,11495,0,0,0
2026-04-29 21:15:13,50387251,47194,17479492,77774,16389,76,83,14255408,23090,0,0,0
2026-04-29 21:15:14,50436431,49180,17496514,77854,17102,78,83,14266946,11538,0,0,0
2026-04-29 21:15:15,50484493,48062,17513205,77921,16758,76,83,14278458,11512,0,0,0
2026-04-29 21:15:17,50531060,46567,17529392,77996,16262,78,83,14289977,11519,0,0,0
2026-04-29 21:15:18,50579227,48167,17546101,78079,16792,82,83,14301486,11509,0,0,0
2026-04-29 21:15:19,50626548,47321,17562488,78143,16451,70,83,14313023,11537,0,0,0
2026-04-29 21:15:20,50675291,48743,17579328,78217,16914,81,83,14336077,23054,0,0,0
2026-04-29 21:15:21,50729545,54254,17598098,78304,18857,80,83,14347548,11471,0,0,0
2026-04-29 21:15:22,50779790,50245,17615492,78392,17482,78,83,14358988,11440,0,0,0
2026-04-29 21:15:23,50831725,51935,17633542,78475,18133,68,83,14370403,11415,0,0,0
2026-04-29 21:15:25,50886259,54534,17652416,78561,18960,74,83,14381837,11434,0,0,0
2026-04-29 21:15:26,50937447,51188,17670228,78638,17889,81,83,14393303,11466,0,0,0
2026-04-29 21:15:27,50991556,54109,17688957,78722,18813,71,83,14404800,11497,0,0,0
2026-04-29 21:15:28,51046138,54582,17707917,78809,19047,81,83,14427621,22821,0,0,0
2026-04-29 21:15:29,51102364,56226,17727423,78893,19590,82,83,14438928,11307,0,0,0
2026-04-29 21:15:30,51158239,55875,17746784,78996,19464,74,83,14450233,11305,0,0,0
2026-04-29 21:15:31,51213215,54976,17765864,79076,19160,78,83,14461570,11337,0,0,0
2026-04-29 21:15:33,51269164,55949,17785238,79180,19478,78,83,14472897,11327,0,0,0
2026-04-29 21:15:34,51318847,49683,17802536,79248,17366,63,83,14484229,11332,0,0,0
2026-04-29 21:15:35,51370945,52098,17820594,79334,18144,77,83,14506911,22682,0,0,0
2026-04-29 21:15:36,51425510,54565,17839499,79417,18988,81,83,14518208,11297,0,0,0
2026-04-29 21:15:37,51479457,53947,17858206,79503,18793,81,83,14529439,11231,0,0,0
2026-04-29 21:15:38,51535364,55907,17877567,79599,19457,80,83,14540693,11254,0,0,0
2026-04-29 21:15:39,51591006,55642,17896877,79674,19385,76,83,14551984,11291,0,0,0
2026-04-29 21:15:41,51647337,56331,17916408,79753,19610,69,83,14563306,11322,0,0,0
2026-04-29 21:15:42,51702534,55197,17935545,79828,19212,82,83,14574641,11335,0,0,0
2026-04-29 21:15:43,51758315,55781,17954903,79914,19444,77,83,14597328,22687,0,0,0
2026-04-29 21:15:44,51814342,56027,17974306,80010,19499,80,83,14608725,11397,0,0,0
2026-04-29 21:15:45,51869997,55655,17993631,80085,19400,80,83,14620097,11372,0,0,0
2026-04-29 21:15:46,51926325,56328,18013198,80154,19636,74,83,14631426,11329,0,0,0
2026-04-29 21:15:48,51982866,56541,18032802,80237,19687,76,83,14642737,11311,0,0,0
2026-04-29 21:15:49,52037129,54263,18051675,80309,18945,81,83,14654057,11320,0,0,0
2026-04-29 21:15:50,52086275,49146,18068692,80394,17102,82,83,14665404,11347,0,0,0
2026-04-29 21:15:51,52133480,47205,18085094,80478,16486,82,83,14676717,11313,0,0,0
2026-04-29 21:15:52,52183861,50381,18102477,80560,17465,80,83,14699407,22690,0,0,0
2026-04-29 21:15:53,52235400,51539,18120387,80626,17976,82,83,14710735,11328,0,0,0
2026-04-29 21:15:54,52287758,52358,18138496,80701,18184,81,83,14722024,11289,0,0,0
2026-04-29 21:15:55,52339340,51582,18156402,80779,17984,82,83,14733328,11304,0,0,0
2026-04-29 21:15:57,52390766,51426,18174292,80842,17953,82,83,14744659,11331,0,0,0
2026-04-29 21:15:58,52436917,46151,18190289,80920,16075,72,83,14755968,11309,0,0,0
2026-04-29 21:15:59,52481496,44579,18205749,80998,15538,82,83,14767377,11409,0,0,0
2026-04-29 21:16:00,52525845,44349,18221095,81059,15407,78,83,14790200,22823,0,0,0
2026-04-29 21:16:01,52574627,48782,18237976,81157,16979,78,83,14801639,11439,0,0,0
2026-04-29 21:16:02,52622039,47412,18254416,81231,16514,82,83,14813026,11387,0,0,0
2026-04-29 21:16:03,52668119,46080,18270416,81288,16057,71,83,14824383,11357,0,0,0
2026-04-29 21:16:05,52715706,47587,18286929,81369,16594,81,83,14835717,11334,0,0,0
2026-04-29 21:16:06,52762876,47170,18303334,81441,16477,82,83,14847077,11360,0,0,0
2026-04-29 21:16:07,52805942,43066,18318293,81500,15018,82,83,14858464,11387,0,0,0
2026-04-29 21:16:08,52848105,42163,18332957,81568,14732,82,83,14869854,11390,0,0,0
2026-04-29 21:16:09,52893325,45220,18348581,81653,15709,81,83,14892610,22756,0,0,0
2026-04-29 21:16:10,52941688,48363,18365349,81731,16846,80,83,14904003,11393,0,0,0
2026-04-29 21:16:11,52989235,47547,18381861,81812,16593,70,83,14915433,11430,0,0,0
2026-04-29 21:16:12,53037425,48190,18398556,81875,16758,82,83,14926871,11438,0,0,0
2026-04-29 21:16:14,53081233,43808,18413790,81928,15287,77,83,14938297,11426,0,0,0
2026-04-29 21:16:15,53124602,43369,18428845,81998,15125,82,83,14949711,11414,0,0,0
2026-04-29 21:16:16,53167195,42593,18443685,82060,14902,82,83,14961102,11391,0,0,0
2026-04-29 21:16:17,53208425,41230,18457983,82133,14371,82,83,14972512,11410,0,0,0
2026-04-29 21:16:18,53255302,46877,18474169,82208,16261,77,83,14995268,22756,0,0,0
2026-04-29 21:16:19,53304715,49413,18491270,82266,17159,78,83,15006662,11394,0,0,0
2026-04-29 21:16:20,53353736,49021,18508326,82328,17118,64,83,15018076,11414,0,0,0
2026-04-29 21:16:22,53403429,49693,18525553,82416,17315,79,83,15029477,11401,0,0,0
2026-04-29 21:16:23,53452991,49562,18542804,82497,17332,53,83,15040895,11418,0,0,0
2026-04-29 21:16:24,53498984,45993,18558796,82564,16059,82,83,15052318,11423,0,0,0
2026-04-29 21:16:25,53543970,44986,18574365,82622,15627,78,83,15063736,11418,0,0,0
2026-04-29 21:16:26,53592683,48713,18591226,82694,16933,80,83,15086532,22796,0,0,0
2026-04-29 21:16:27,53644277,51594,18609119,82767,17966,81,83,15097959,11427,0,0,0
2026-04-29 21:16:28,53695737,51460,18626991,82851,17956,73,83,15109237,11278,0,0,0
2026-04-29 21:16:29,53748559,52822,18645306,82936,18400,80,83,15120500,11263,0,0,0
2026-04-29 21:16:31,53799371,50812,18662899,83026,17683,80,83,15131757,11257,0,0,0
2026-04-29 21:16:32,53848839,49468,18680084,83093,17252,82,83,15142965,11208,0,0,0
2026-04-29 21:16:33,53896447,47608,18696643,83163,16629,82,83,15154187,11222,0,0,0
2026-04-29 21:16:34,53946985,50538,18714160,83216,17570,81,83,15176633,22446,0,0,0
2026-04-29 21:16:35,53999972,52987,18732556,83288,18468,72,83,15187871,11238,0,0,0
2026-04-29 21:16:36,54051985,52013,18750577,83364,18097,80,83,15199085,11214,0,0,0
2026-04-29 21:16:37,54103619,51634,18768496,83447,18002,82,83,15210330,11245,0,0,0
2026-04-29 21:16:39,54154311,50692,18786131,83526,17714,74,83,15221595,11265,0,0,0
2026-04-29 21:16:40,54202053,47742,18802740,83594,16677,80,83,15232850,11255,0,0,0
2026-04-29 21:16:41,54250886,48833,18819644,83660,16970,77,83,15244107,11257,0,0,0
2026-04-29 21:16:42,54295342,44456,18835117,83736,15549,82,83,15255375,11268,0,0,0
2026-04-29 21:16:43,54346285,50943,18852708,83822,17677,82,83,15277947,22572,0,0,0
2026-04-29 21:16:44,54396395,50110,18870089,83907,17466,67,83,15289230,11283,0,0,0
2026-04-29 21:16:45,54446200,49805,18887347,83977,17328,80,83,15300490,11260,0,0,0
2026-04-29 21:16:47,54496422,50222,18904747,84060,17483,75,83,15311708,11218,0,0,0
2026-04-29 21:16:48,54544874,48452,18921635,84124,16952,82,83,15322861,11153,0,0,0
2026-04-29 21:16:49,54591315,46441,18937771,84209,16221,82,83,15334018,11157,0,0,0
2026-04-29 21:16:50,54637530,46215,18953795,84274,16089,82,83,15345225,11207,0,0,0
2026-04-29 21:16:51,54686555,49025,18970794,84344,17069,78,83,15367755,22530,0,0,0
2026-04-29 21:16:52,54737329,50774,18988378,84402,17642,76,83,15378967,11212,0,0,0
2026-04-29 21:16:53,54787001,49672,19005622,84477,17319,80,83,15390160,11193,0,0,0
2026-04-29 21:16:54,54836944,49943,19023006,84554,17461,65,83,15401322,11162,0,0,0
2026-04-29 21:16:56,54890661,53717,19041604,84650,18694,81,83,15412498,11176,0,0,0
2026-04-29 21:16:57,54940180,49519,19058794,84725,17265,68,83,15423681,11183,0,0,0
2026-04-29 21:16:58,54991034,50854,19076453,84793,17727,82,83,15434874,11193,0,0,0
2026-04-29 21:16:59,55037752,46718,19092636,84882,16272,82,83,15457349,22475,0,0,0
2026-04-29 21:17:00,55090550,52798,19110941,84970,18393,78,83,15468571,11222,0,0,0
2026-04-29 21:17:01,55141987,51437,19128793,85043,17925,73,83,15479784,11213,0,0,0
2026-04-29 21:17:02,55193885,51898,19146769,85120,18053,79,83,15490949,11165,0,0,0
2026-04-29 21:17:04,55245961,52076,19164834,85189,18134,79,83,15502112,11163,0,0,0
2026-04-29 21:17:05,55293955,47994,19181551,85266,16794,82,83,15513298,11186,0,0,0
2026-04-29 21:17:06,55342092,48137,19198170,85342,16695,81,83,15524464,11166,0,0,0
2026-04-29 21:17:07,55391305,49213,19215259,85414,17161,77,83,15546767,22303,0,0,0
2026-04-29 21:17:08,55444600,53295,19233719,85508,18554,76,83,15557909,11142,0,0,0
2026-04-29 21:17:09,55497417,52817,19252050,85597,18420,82,83,15569032,11123,0,0,0
2026-04-29 21:17:10,55549336,51919,19270083,85661,18097,71,83,15580161,11129,0,0,0
2026-04-29 21:17:12,55602246,52910,19288405,85746,18407,82,83,15591269,11108,0,0,0
2026-04-29 21:17:13,55652258,50012,19305790,85826,17465,65,83,15602402,11133,0,0,0
2026-04-29 21:17:14,55700808,48550,19322649,85915,16948,82,83,15613545,11143,0,0,0
2026-04-29 21:17:15,55746423,45615,19338497,85978,15911,82,83,15624676,11131,0,0,0
2026-04-29 21:17:16,55794056,47633,19354954,86039,16518,79,83,15646947,22271,0,0,0
2026-04-29 21:17:17,55844020,49964,19372320,86099,17426,71,83,15658084,11137,0,0,0
2026-04-29 21:17:18,55896775,52755,19390585,86172,18338,78,83,15669205,11121,0,0,0
2026-04-29 21:17:20,55949145,52370,19408785,86251,18279,80,83,15680314,11109,0,0,0
2026-04-29 21:17:21,56002741,53596,19427333,86332,18629,81,83,15691414,11100,0,0,0
2026-04-29 21:17:22,56054488,51747,19445334,86404,18073,77,83,15702510,11096,0,0,0
2026-04-29 21:17:23,56108672,54184,19464153,86488,18903,67,83,15724786,22276,0,0,0
2026-04-29 21:17:24,56163656,54984,19483218,86579,19156,79,83,15735998,11212,0,0,0
2026-04-29 21:17:25,56218691,55035,19502333,86664,19200,81,83,15747212,11214,0,0,0
2026-04-29 21:17:26,56274164,55473,19521563,86759,19325,81,83,15758391,11179,0,0,0
2026-04-29 21:17:28,56329220,55056,19540708,86825,19211,79,83,15769533,11142,0,0,0
2026-04-29 21:17:29,56384184,54964,19559802,86909,19178,71,83,15780686,11153,0,0,0
2026-04-29 21:17:30,56439496,55312,19579003,86989,19281,64,83,15791846,11160,0,0,0
2026-04-29 21:17:31,56495209,55713,19598287,87065,19360,79,83,15814235,22389,0,0,0
2026-04-29 21:17:32,56549927,54718,19617333,87149,19130,82,83,15825435,11200,0,0,0
2026-04-29 21:17:33,56603087,53160,19635750,87223,18491,77,83,15836659,11224,0,0,0
2026-04-29 21:17:34,56658557,55470,19654982,87310,19319,80,83,15847847,11188,0,0,0
2026-04-29 21:17:36,56715025,56468,19674561,87373,19642,80,83,15859066,11219,0,0,0
2026-04-29 21:17:37,56770086,55061,19693632,87455,19153,81,83,15870307,11241,0,0,0
2026-04-29 21:17:38,56822293,52207,19711724,87522,18159,82,83,15881541,11234,0,0,0
2026-04-29 21:17:39,56876413,54120,19730520,87586,18860,82,83,15904061,22520,0,0,0
2026-04-29 21:17:40,56932083,55670,19749847,87663,19404,80,83,15915317,11256,0,0,0
2026-04-29 21:17:41,56987994,55911,19769259,87734,19483,66,83,15926636,11319,0,0,0
2026-04-29 21:17:42,57044508,56514,19788828,87834,19669,81,83,15937978,11342,0,0,0
2026-04-29 21:17:44,57100032,55524,19808093,87933,19364,82,83,15949355,11377,0,0,0
2026-04-29 21:17:45,57154038,54006,19826798,88010,18782,82,83,15960726,11371,0,0,0
2026-04-29 21:17:46,57204581,50543,19844338,88086,17616,82,83,15983500,22774,0,0,0
2026-04-29 21:17:47,57256820,52239,19862475,88166,18217,78,83,15994889,11389,0,0,0
2026-04-29 21:17:48,57309186,52366,19880666,88268,18293,69,83,16006274,11385,0,0,0
2026-04-29 21:17:49,57361656,52470,19898881,88346,18293,75,83,16017649,11375,0,0,0
2026-04-29 21:17:50,57415674,54018,19917601,88417,18791,82,83,16028977,11328,0,0,0
2026-04-29 21:17:52,57468415,52741,19935904,88506,18392,81,83,16040315,11338,0,0,0
2026-04-29 21:17:53,57518867,50452,19953425,88577,17592,82,83,16051701,11386,0,0,0
2026-04-29 21:17:54,57569740,50873,19971075,88664,17737,76,83,16063125,11424,0,0,0
2026-04-29 21:17:55,57617468,47728,19987635,88751,16647,82,83,16085966,22841,0,0,0
2026-04-29 21:17:56,57670135,52667,20005923,88834,18371,77,83,16097373,11407,0,0,0
2026-04-29 21:17:57,57722176,52041,20023976,88903,18122,75,83,16108805,11432,0,0,0
2026-04-29 21:17:58,57773848,51672,20041921,88974,18016,78,83,16120347,11542,0,0,0
2026-04-29 21:18:00,57824923,51075,20059667,89062,17834,82,83,16131896,11549,0,0,0
2026-04-29 21:18:01,57875010,50087,20077071,89142,17484,82,83,16143459,11563,0,0,0
2026-04-29 21:18:02,57918656,43646,20092205,89207,15199,82,83,16155064,11605,0,0,0
2026-04-29 21:18:03,57965631,46975,20108425,89281,16294,75,83,16178196,23132,0,0,0
2026-04-29 21:18:04,58020150,54519,20127339,89370,19003,74,83,16189745,11549,0,0,0
2026-04-29 21:18:05,58073588,53438,20145879,89444,18614,76,83,16201309,11564,0,0,0
2026-04-29 21:18:06,58126695,53107,20164319,89527,18523,82,83,16212945,11636,0,0,0
2026-04-29 21:18:08,58179966,53271,20182801,89613,18568,81,83,16224581,11636,0,0,0
2026-04-29 21:18:09,58232746,52780,20201154,89701,18441,70,83,16236235,11654,0,0,0
2026-04-29 21:18:10,58285857,53111,20219614,89761,18520,71,83,16247873,11638,0,0,0
2026-04-29 21:18:11,58337400,51543,20237506,89840,17971,66,83,16271185,23312,0,0,0
2026-04-29 21:18:12,58391790,54390,20256344,89928,18926,75,83,16282883,11698,0,0,0
2026-04-29 21:18:13,58446358,54568,20275229,90014,18971,81,83,16294593,11710,0,0,0
2026-04-29 21:18:14,58500832,54474,20294097,90115,18969,79,83,16306283,11690,0,0,0
2026-04-29 21:18:16,58553379,52547,20312329,90198,18315,80,83,16317980,11697,0,0,0
2026-04-29 21:18:17,58603068,49689,20329606,90271,17350,82,83,16329694,11714,0,0,0
2026-04-29 21:18:18,58651424,48356,20346342,90368,16833,82,83,16341475,11781,0,0,0
2026-04-29 21:18:19,58700749,49325,20363438,90432,17160,70,83,16365013,23538,0,0,0
2026-04-29 21:18:20,58753283,52534,20381641,90501,18272,76,83,16376677,11664,0,0,0
2026-04-29 21:18:21,58805190,51907,20399643,90577,18078,78,83,16388377,11700,0,0,0
2026-04-29 21:18:22,58856892,51702,20417576,90653,18009,66,83,16400045,11668,0,0,0
2026-04-29 21:18:24,58906760,49868,20434880,90736,17387,74,83,16411731,11686,0,0,0
2026-04-29 21:18:25,58951740,44980,20450525,90795,15704,80,83,16423340,11609,0,0,0
2026-04-29 21:18:26,58999270,47530,20466998,90861,16539,82,83,16434919,11579,0,0,0
2026-04-29 21:18:27,59049013,49743,20484220,90944,17305,82,83,16458108,23189,0,0,0
2026-04-29 21:18:28,59103045,54032,20502962,91029,18827,77,83,16469780,11672,0,0,0
2026-04-29 21:18:29,59157900,54855,20521988,91097,19094,79,83,16481473,11693,0,0,0
2026-04-29 21:18:30,59213194,55294,20541159,91190,19264,79,83,16493120,11647,0,0,0
2026-04-29 21:18:32,59268517,55323,20560329,91281,19261,77,83,16504759,11639,0,0,0
2026-04-29 21:18:33,59323580,55063,20579435,91346,19171,80,83,16516379,11620,0,0,0
2026-04-29 21:18:34,59378492,54912,20598506,91429,19154,81,83,16528017,11638,0,0,0
2026-04-29 21:18:35,59433623,55131,20617653,91502,19220,65,83,16551385,23368,0,0,0
2026-04-29 21:18:36,59489147,55524,20636900,91577,19322,82,83,16563101,11716,0,0,0
2026-04-29 21:18:37,59544770,55623,20656182,91665,19370,80,83,16574820,11719,0,0,0
2026-04-29 21:18:38,59599383,54613,20675122,91756,19031,77,83,16586533,11713,0,0,0
2026-04-29 21:18:40,59655089,55706,20694436,91840,19398,77,83,16598211,11678,0,0,0
2026-04-29 21:18:41,59708479,53390,20712940,91933,18597,70,83,16609821,11610,0,0,0
2026-04-29 21:18:42,59762964,54485,20731792,92022,18941,79,83,16621439,11618,0,0,0
2026-04-29 21:18:43,59815124,52160,20749920,92093,18199,80,83,16644785,23346,0,0,0
2026-04-29 21:18:44,59869716,54592,20768878,92168,19033,82,83,16656504,11719,0,0,0
2026-04-29 21:18:45,59925147,55431,20788121,92243,19318,76,83,16668170,11666,0,0,0
2026-04-29 21:18:46,59979279,54132,20806926,92330,18892,73,83,16679792,11622,0,0,0
2026-04-29 21:18:48,60034353,55074,20826033,92415,19192,81,83,16691383,11591,0,0,0
2026-04-29 21:18:49,60088748,54395,20844895,92488,18935,81,83,16703027,11644,0,0,0
2026-04-29 21:18:50,60140444,51696,20862843,92571,18031,39,83,16714722,11695,0,0,0
2026-04-29 21:18:51,60192201,51757,20880747,92649,17982,79,83,16738114,23392,0,0,0
2026-04-29 21:18:52,60247155,54954,20899816,92722,19142,81,83,16749805,11691,0,0,0
2026-04-29 21:18:53,60302163,55008,20918929,92811,19202,77,83,16761480,11675,0,0,0
2026-04-29 21:18:54,60357531,55368,20938117,92900,19277,73,83,16773104,11624,0,0,0
2026-04-29 21:18:56,60413642,56111,20957582,92981,19546,82,83,16784742,11638,0,0,0
2026-04-29 21:18:57,60467748,54106,20976433,93053,18923,81,83,16796427,11685,0,0,0
2026-04-29 21:18:58,60522823,55075,20995540,93147,19201,80,83,16808134,11707,0,0,0
2026-04-29 21:18:59,60578691,55868,21014853,93233,19399,78,83,16831772,23638,0,0,0
2026-04-29 21:19:00,60635509,56818,21034530,93339,19783,80,83,16843599,11827,0,0,0
2026-04-29 21:19:01,60691939,56430,21054114,93426,19671,81,83,16855445,11846,0,0,0
2026-04-29 21:19:02,60747725,55786,21073463,93507,19430,79,83,16867332,11887,0,0,0
2026-04-29 21:19:04,60804017,56292,21092963,93602,19595,72,83,16879213,11881,0,0,0
2026-04-29 21:19:05,60858935,54918,21112062,93683,19180,73,83,16891134,11921,0,0,0
2026-04-29 21:19:06,60914391,55456,21131272,93763,19290,81,83,16914852,23718,0,0,0
2026-04-29 21:19:07,60970304,55913,21150682,93850,19497,77,83,16926626,11774,0,0,0
2026-04-29 21:19:08,61026293,55989,21170091,93927,19486,81,83,16938467,11841,0,0,0
2026-04-29 21:19:09,61082048,55755,21189459,94016,19457,82,83,16950248,11781,0,0,0
2026-04-29 21:19:11,61138478,56430,21209015,94101,19641,81,83,16962077,11829,0,0,0
2026-04-29 21:19:12,61193753,55275,21228217,94172,19273,81,83,16973905,11828,0,0,0
2026-04-29 21:19:13,61247892,54139,21247028,94262,18901,78,83,16985749,11844,0,0,0
2026-04-29 21:19:14,61301203,53311,21265555,94347,18612,77,83,17009443,23694,0,0,0
2026-04-29 21:19:15,61357712,56509,21285112,94438,19648,78,83,17021309,11866,0,0,0
2026-04-29 21:19:16,61413556,55844,21304482,94540,19472,82,83,17033181,11872,0,0,0
2026-04-29 21:19:17,61469499,55943,21323913,94623,19514,80,83,17045053,11872,0,0,0
2026-04-29 21:19:19,61525038,55539,21343206,94706,19376,73,83,17056890,11837,0,0,0
2026-04-29 21:19:20,61580747,55709,21362528,94785,19401,79,83,17068751,11861,0,0,0
2026-04-29 21:19:21,61635971,55224,21381700,94859,19246,81,83,17080600,11849,0,0,0
2026-04-29 21:19:22,61690930,54959,21400758,94946,19145,76,83,17104352,23752,0,0,0
2026-04-29 21:19:23,61747046,56116,21420216,95026,19538,80,83,17116247,11895,0,0,0
2026-04-29 21:19:24,61802129,55083,21439357,95102,19217,81,83,17128162,11915,0,0,0
2026-04-29 21:19:25,61857656,55527,21458652,95167,19360,69,83,17140054,11892,0,0,0
2026-04-29 21:19:27,61913068,55412,21477881,95239,19301,76,83,17151972,11918,0,0,0
2026-04-29 21:19:28,61968090,55022,21497005,95322,19207,82,83,17163926,11954,0,0,0
2026-04-29 21:19:29,62020909,52819,21515304,95400,18377,82,83,17175998,12072,0,0,0
2026-04-29 21:19:30,62072606,51697,21533183,95494,17973,80,83,17200207,24209,0,0,0
2026-04-29 21:19:31,62124288,51682,21551112,95599,18034,73,83,17212394,12187,0,0,0
2026-04-29 21:19:32,62179641,55353,21570295,95684,19268,79,83,17224600,12206,0,0,0
2026-04-29 21:19:33,62235603,55962,21589700,95758,19479,82,83,17236811,12211,0,0,0
2026-04-29 21:19:35,62291106,55503,21608977,95834,19353,79,83,17248983,12172,0,0,0
2026-04-29 21:19:36,62343915,52809,21627309,95921,18419,82,83,17261142,12159,0,0,0
2026-04-29 21:19:37,62389719,45804,21643255,95980,16005,82,83,17273367,12225,0,0,0
2026-04-29 21:19:38,62428689,38970,21656789,96045,13599,82,83,17285656,12289,0,0,0
2026-04-29 21:19:39,62466189,37500,21669810,96099,13075,82,83,17297952,12296,0,0,0
2026-04-29 21:19:40,62508963,42774,21684615,96154,14860,80,83,17322316,24364,0,0,0
2026-04-29 21:19:41,62553030,44067,21699929,96224,15384,77,83,17334389,12073,0,0,0
2026-04-29 21:19:42,62597987,44957,21715541,96296,15684,76,83,17346465,12076,0,0,0
2026-04-29 21:19:44,62643032,45045,21731167,96367,15697,75,83,17358542,12077,0,0,0
2026-04-29 21:19:45,62683628,40596,21745316,96435,14217,82,83,17370621,12079,0,0,0
2026-04-29 21:19:46,62726776,43148,21760293,96494,15036,82,83,17382677,12056,0,0,0
2026-04-29 21:19:47,62767450,40674,21774416,96554,14183,82,83,17394699,12022,0,0,0
2026-04-29 21:19:48,62806404,38954,21787911,96603,13544,80,83,17406687,11988,0,0,0
2026-04-29 21:19:49,62849464,43060,21802814,96661,14961,81,83,17430666,23979,0,0,0
2026-04-29 21:19:50,62894383,44919,21818412,96738,15675,80,83,17442634,11968,0,0,0
2026-04-29 21:19:51,62940509,46126,21834364,96829,16043,78,83,17454592,11958,0,0,0
2026-04-29 21:19:53,62985323,44814,21849926,96909,15642,82,83,17466535,11943,0,0,0
2026-04-29 21:19:54,63025482,40159,21863890,96967,14022,82,83,17478510,11975,0,0,0
2026-04-29 21:19:55,63066734,41252,21878209,97042,14394,82,83,17490426,11916,0,0,0
2026-04-29 21:19:56,63107748,41014,21892443,97096,14288,64,83,17502399,11973,0,0,0
2026-04-29 21:19:57,63153340,45592,21908222,97165,15848,82,83,17526292,23893,0,0,0
2026-04-29 21:19:58,63201984,48644,21925118,97247,16978,80,83,17537971,11679,0,0,0
2026-04-29 21:19:59,63259955,57971,21945204,97349,20188,78,83,17549642,11671,0,0,0
2026-04-29 21:20:01,63317498,57543,21965146,97437,20030,77,83,17561287,11645,0,0,0
2026-04-29 21:20:02,63375615,58117,21985276,97518,20211,82,83,17572914,11627,0,0,0
2026-04-29 21:20:03,63429871,54256,22004092,97593,18891,81,83,17584548,11634,0,0,0
2026-04-29 21:20:04,63484201,54330,22022945,97672,18932,80,83,17607768,23220,0,0,0
2026-04-29 21:20:05,63539576,55375,22042165,97753,19301,53,83,17619396,11628,0,0,0
2026-04-29 21:20:06,63595263,55687,22061440,97845,19367,73,83,17631031,11635,0,0,0
2026-04-29 21:20:07,63650755,55492,22080666,97938,19319,78,83,17642645,11614,0,0,0
2026-04-29 21:20:09,63706093,55338,22099906,98017,19319,80,83,17654243,11598,0,0,0
2026-04-29 21:20:10,63761536,55443,22119123,98110,19310,82,83,17665825,11582,0,0,0
2026-04-29 21:20:11,63815462,53926,22137856,98189,18812,82,83,17677451,11626,0,0,0
2026-04-29 21:20:12,63870525,55063,22156973,98256,19184,73,83,17700737,23286,0,0,0
2026-04-29 21:20:13,63926431,55906,22176374,98341,19486,75,83,17712403,11666,0,0,0
2026-04-29 21:20:14,63981970,55539,22195678,98415,19378,81,83,17724067,11664,0,0,0
2026-04-29 21:20:15,64037890,55920,22215089,98500,19496,81,83,17735716,11649,0,0,0
2026-04-29 21:20:17,64093325,55435,22234315,98592,19318,80,83,17747345,11629,0,0,0
2026-04-29 21:20:18,64147889,54564,22253281,98658,19032,82,83,17758977,11632,0,0,0
2026-04-29 21:20:19,64200807,52918,22271649,98738,18448,74,83,17770654,11677,0,0,0
2026-04-29 21:20:20,64256251,55444,22290869,98822,19304,81,83,17793986,23332,0,0,0
2026-04-29 21:20:21,64311235,54984,22309970,98903,19182,75,83,17805629,11643,0,0,0
2026-04-29 21:20:22,64366780,55545,22329249,98995,19371,76,83,17817314,11685,0,0,0
2026-04-29 21:20:23,64416740,49960,22346585,99061,17402,82,83,17828995,11681,0,0,0
2026-04-29 21:20:25,64466625,49885,22363877,99139,17370,76,83,17840703,11708,0,0,0
2026-04-29 21:20:26,64514285,47660,22380461,99216,16661,82,83,17852430,11727,0,0,0
2026-04-29 21:20:27,64559920,45635,22396267,99277,15867,82,83,17864161,11731,0,0,0
2026-04-29 21:20:28,64608459,48539,22413078,99355,16889,79,83,17887793,23632,0,0,0
2026-04-29 21:20:29,64658488,50029,22430373,99441,17381,79,83,17899647,11854,0,0,0
2026-04-29 21:20:30,64710018,51530,22448265,99516,17967,80,83,17911505,11858,0,0,0
2026-04-29 21:20:31,64761688,51670,22466203,99582,18004,78,83,17923378,11873,0,0,0
2026-04-29 21:20:33,64812977,51289,22483965,99671,17851,81,83,17935263,11885,0,0,0
2026-04-29 21:20:34,64862404,49427,22501133,99748,17245,81,83,17947188,11925,0,0,0
2026-04-29 21:20:35,64910210,47806,22517733,99826,16678,80,83,17959188,12000,0,0,0
2026-04-29 21:20:36,64959564,49354,22534812,99896,17149,81,83,17983129,23941,0,0,0
2026-04-29 21:20:37,65008387,48823,22551773,99957,17022,81,83,17995036,11907,0,0,0
2026-04-29 21:20:38,65057816,49429,22568891,100024,17185,82,83,18006908,11872,0,0,0
2026-04-29 21:20:39,65110718,52902,22587235,100104,18424,77,83,18018797,11889,0,0,0
2026-04-29 21:20:41,65160230,49512,22604368,100199,17228,75,83,18030680,11883,0,0,0
2026-04-29 21:20:42,65209754,49524,22621613,100267,17313,82,83,18042604,11924,0,0,0
2026-04-29 21:20:43,65257798,48044,22638231,100342,16693,82,83,18054479,11875,0,0,0
2026-04-29 21:20:44,65305958,48160,22654963,100413,16803,82,83,18066330,11851,0,0,0
2026-04-29 21:20:45,65355570,49612,22672126,100495,17245,77,83,18090010,23680,0,0,0
2026-04-29 21:20:46,65406378,50808,22689719,100591,17689,82,83,18101878,11868,0,0,0
2026-04-29 21:20:47,65456753,50375,22707249,100662,17601,67,83,18113727,11849,0,0,0
2026-04-29 21:20:49,65507936,51183,22725017,100736,17842,77,83,18125561,11834,0,0,0
2026-04-29 21:20:50,65557929,49993,22742344,100820,17411,82,83,18137389,11828,0,0,0
2026-04-29 21:20:51,65604591,46662,22758537,100888,16261,80,83,18149199,11810,0,0,0
2026-04-29 21:20:52,65649680,45089,22774204,100962,15741,81,83,18161045,11846,0,0,0
2026-04-29 21:20:53,65694074,44394,22789506,101043,15383,76,83,18184643,23598,0,0,0
2026-04-29 21:20:54,65743754,49680,22806773,101110,17334,76,83,18196413,11770,0,0,0
2026-04-29 21:20:55,65793701,49947,22824053,101194,17364,75,83,18208196,11783,0,0,0
2026-04-29 21:20:56,65843860,50159,22841460,101272,17485,79,83,18220011,11815,0,0,0
2026-04-29 21:20:58,65894339,50479,22858977,101359,17604,82,83,18231804,11793,0,0,0
2026-04-29 21:20:59,65942150,47811,22875549,101437,16650,82,83,18243518,11714,0,0,0
2026-04-29 21:21:00,65988697,46547,22891665,101516,16195,82,83,18255227,11709,0,0,0
2026-04-29 21:21:01,66034767,46070,22907623,101593,16035,72,83,18278706,23479,0,0,0
2026-04-29 21:21:02,66084926,50159,22925034,101667,17485,82,83,18290446,11740,0,0,0
2026-04-29 21:21:03,66132441,47515,22941510,101720,16529,76,83,18302161,11715,0,0,0
2026-04-29 21:21:04,66182630,50189,22958876,101794,17440,82,83,18313894,11733,0,0,0
2026-04-29 21:21:06,66232294,49664,22976117,101864,17311,80,83,18325631,11737,0,0,0
2026-04-29 21:21:07,66282139,49845,22993450,101944,17413,82,83,18337435,11804,0,0,0
2026-04-29 21:21:08,66327710,45571,23009191,102019,15816,79,83,18349199,11764,0,0,0
2026-04-29 21:21:09,66373264,45554,23025080,102095,15965,82,83,18360951,11752,0,0,0
2026-04-29 21:21:10,66422188,48924,23041980,102172,16977,80,83,18384296,23345,0,0,0
2026-04-29 21:21:11,66470940,48752,23058918,102246,17012,70,83,18395999,11703,0,0,0
2026-04-29 21:21:12,66523566,52626,23077171,102331,18338,82,83,18407713,11714,0,0,0
2026-04-29 21:21:13,66577255,53689,23095808,102412,18718,81,83,18419412,11699,0,0,0
2026-04-29 21:21:15,66630623,53368,23114343,102477,18600,75,83,18431093,11681,0,0,0
2026-04-29 21:21:16,66684165,53542,23132969,102551,18700,77,83,18442793,11700,0,0,0
2026-04-29 21:21:17,66736720,52555,23151171,102622,18273,80,83,18454506,11713,0,0,0
2026-04-29 21:21:18,66791537,54817,23170211,102701,19119,75,83,18477943,23437,0,0,0
2026-04-29 21:21:19,66845761,54224,23189037,102775,18900,80,83,18489669,11726,0,0,0
2026-04-29 21:21:20,66900912,55151,23208151,102869,19208,78,83,18501372,11703,0,0,0
2026-04-29 21:21:21,66954345,53433,23226713,102941,18634,79,83,18513058,11686,0,0,0
2026-04-29 21:21:23,67010382,56037,23246084,103030,19460,81,83,18524757,11699,0,0,0
2026-04-29 21:21:24,67063609,53227,23264591,103097,18574,78,83,18536438,11681,0,0,0
2026-04-29 21:21:25,67115281,51672,23282534,103171,18017,82,83,18548131,11693,0,0,0
2026-04-29 21:21:26,67168853,53572,23301068,103266,18629,80,83,18571547,23416,0,0,0
2026-04-29 21:21:27,67222146,53293,23319548,103345,18559,78,83,18583235,11688,0,0,0
2026-04-29 21:21:28,67275182,53036,23337962,103427,18496,82,83,18594878,11643,0,0,0
2026-04-29 21:21:29,67330892,55710,23357270,103514,19395,72,83,18606510,11632,0,0,0
2026-04-29 21:21:31,67386265,55373,23376488,103600,19304,81,83,18618184,11674,0,0,0
2026-04-29 21:21:32,67440424,54159,23395306,103668,18886,82,83,18629873,11689,0,0,0
2026-04-29 21:21:33,67494970,54546,23414229,103744,18999,82,83,18641574,11701,0,0,0
2026-04-29 21:21:34,67550237,55267,23433368,103816,19211,76,83,18664929,23355,0,0,0
2026-04-29 21:21:35,67605823,55586,23452661,103895,19372,75,83,18676583,11654,0,0,0
2026-04-29 21:21:36,67661540,55717,23471988,103980,19412,78,83,18688261,11678,0,0,0
2026-04-29 21:21:37,67717718,56178,23491450,104070,19552,77,83,18699947,11686,0,0,0
2026-04-29 21:21:39,67772288,54570,23510405,104170,19055,77,83,18711642,11695,0,0,0
2026-04-29 21:21:40,67827215,54927,23529437,104261,19123,72,83,18723320,11678,0,0,0
2026-04-29 21:21:41,67882412,55197,23548569,104353,19224,81,83,18746578,23258,0,0,0
2026-04-29 21:21:42,67938264,55852,23567934,104444,19456,82,83,18758211,11633,0,0,0
2026-04-29 21:21:43,67991829,53565,23586511,104518,18651,75,83,18769868,11657,0,0,0
2026-04-29 21:21:44,68047146,55317,23605677,104605,19253,82,83,18781502,11634,0,0,0
2026-04-29 21:21:46,68102098,54952,23624804,104678,19200,77,83,18793148,11646,0,0,0
2026-04-29 21:21:47,68157073,54975,23643911,104758,19187,77,83,18804773,11625,0,0,0
2026-04-29 21:21:48,68211730,54657,23662897,104844,19072,74,83,18816396,11623,0,0,0
2026-04-29 21:21:49,68266528,54798,23681899,104928,19086,76,83,18839690,23294,0,0,0
2026-04-29 21:21:50,68322364,55836,23701235,105016,19424,81,83,18851344,11654,0,0,0
2026-04-29 21:21:51,68378369,56005,23720633,105111,19493,77,83,18862991,11647,0,0,0
2026-04-29 21:21:52,68433903,55534,23739898,105202,19356,82,83,18874661,11670,0,0,0
2026-04-29 21:21:54,68489540,55637,23759222,105281,19403,79,83,18886348,11687,0,0,0
2026-04-29 21:21:55,68544531,54991,23778316,105374,19187,82,83,18897992,11644,0,0,0
2026-04-29 21:21:56,68597225,52694,23796622,105452,18384,81,83,18909620,11628,0,0,0
2026-04-29 21:21:57,68650539,53314,23815034,105538,18498,81,83,18932843,23223,0,0,0
2026-04-29 21:21:58,68704319,53780,23833691,105623,18742,79,83,18944548,11705,0,0,0
2026-04-29 21:21:59,68755260,50941,23851399,105709,17794,79,83,18956280,11732,0,0,0
2026-04-29 21:22:00,68807973,52713,23869656,105781,18329,75,83,18967960,11680,0,0,0
2026-04-29 21:22:02,68860748,52775,23887947,105860,18370,71,83,18979613,11653,0,0,0
2026-04-29 21:22:03,68912367,51619,23905894,105935,18022,81,83,18991254,11641,0,0,0
2026-04-29 21:22:04,68964926,52559,23924153,106011,18335,82,83,19002936,11682,0,0,0
2026-04-29 21:22:05,69018094,53168,23942552,106109,18497,72,83,19026368,23432,0,0,0
2026-04-29 21:22:06,69070060,51966,23960566,106181,18086,81,83,19038114,11746,0,0,0
2026-04-29 21:22:07,69122122,52062,23978614,106264,18131,82,83,19049851,11737,0,0,0
2026-04-29 21:22:08,69175963,53841,23997304,106338,18764,80,83,19061592,11741,0,0,0
2026-04-29 21:22:10,69229213,53250,24015798,106426,18582,82,83,19073318,11726,0,0,0
2026-04-29 21:22:11,69281703,52490,24034069,106506,18351,82,83,19085035,11717,0,0,0
2026-04-29 21:22:12,69331318,49615,24051245,106575,17245,82,83,19096732,11697,0,0,0
2026-04-29 21:22:13,69380036,48718,24068130,106663,16973,80,83,19120153,23421,0,0,0
2026-04-29 21:22:14,69431315,51279,24085950,106736,17893,82,83,19131875,11722,0,0,0
2026-04-29 21:22:15,69477850,46535,24102082,106811,16207,77,83,19143626,11751,0,0,0
2026-04-29 21:22:16,69527920,50070,24119461,106885,17453,81,83,19155409,11783,0,0,0
2026-04-29 21:22:18,69578976,51056,24137141,106960,17755,81,83,19167213,11804,0,0,0
2026-04-29 21:22:19,69624956,45980,24153143,107030,16072,82,83,19178989,11776,0,0,0
2026-04-29 21:22:20,69670732,45776,24169003,107115,15945,82,83,19190790,11801,0,0,0
2026-04-29 21:22:21,69719210,48478,24185760,107205,16847,77,83,19214381,23591,0,0,0
2026-04-29 21:22:22,69769197,49987,24203098,107286,17419,80,83,19226177,11796,0,0,0
2026-04-29 21:22:23,69820494,51297,24220879,107359,17854,81,83,19237985,11808,0,0,0
2026-04-29 21:22:24,69870891,50397,24238377,107444,17583,74,83,19249725,11740,0,0,0
2026-04-29 21:22:26,69921731,50840,24256002,107512,17693,81,83,19261508,11783,0,0,0
2026-04-29 21:22:27,69970830,49099,24273056,107590,17132,82,83,19273302,11794,0,0,0
2026-04-29 21:22:28,70015493,44663,24288494,107660,15508,81,83,19285122,11820,0,0,0
2026-04-29 21:22:29,70059569,44076,24303824,107715,15385,81,83,19296846,11724,0,0,0
2026-04-29 21:22:30,70106593,47024,24320121,107786,16368,77,83,19320266,23420,0,0,0
2026-04-29 21:22:31,70158473,51880,24338103,107866,18062,60,83,19331969,11703,0,0,0
2026-04-29 21:22:32,70206571,48098,24354764,107917,16712,81,83,19343705,11736,0,0,0
2026-04-29 21:22:34,70259208,52637,24373021,107990,18330,81,83,19355496,11791,0,0,0
2026-04-29 21:22:35,70310350,51142,24390826,108061,17876,82,83,19367299,11803,0,0,0
2026-04-29 21:22:36,70359374,49024,24407836,108122,17071,81,83,19379091,11792,0,0,0
2026-04-29 21:22:37,70409476,50102,24425215,108205,17462,82,83,19390883,11792,0,0,0
2026-04-29 21:22:38,70459632,50156,24442609,108287,17476,79,83,19414562,23679,0,0,0
2026-04-29 21:22:39,70512054,52422,24460779,108367,18250,82,83,19426359,11797,0,0,0
2026-04-29 21:22:40,70563971,51917,24478789,108461,18104,81,83,19438163,11804,0,0,0
2026-04-29 21:22:42,70617427,53456,24497313,108532,18595,72,83,19449943,11780,0,0,0
2026-04-29 21:22:43,70669273,51846,24515323,108598,18076,78,83,19461746,11803,0,0,0
2026-04-29 21:22:44,70718264,48991,24532299,108677,17055,81,83,19473554,11808,0,0,0
2026-04-29 21:22:45,70771446,53182,24550689,108751,18464,81,83,19497155,23601,0,0,0
2026-04-29 21:22:46,70824366,52920,24569023,108828,18411,81,83,19508934,11779,0,0,0
2026-04-29 21:22:47,70877634,53268,24587490,108929,18568,77,83,19520681,11747,0,0,0
2026-04-29 21:22:48,70928349,50715,24605095,109007,17683,76,83,19532445,11764,0,0,0
2026-04-29 21:22:50,70980919,52570,24623317,109098,18313,82,83,19544198,11753,0,0,0
2026-04-29 21:22:51,71032735,51816,24641342,109188,18115,82,83,19555974,11776,0,0,0
2026-04-29 21:22:52,71084450,51715,24659266,109277,18013,81,83,19567777,11803,0,0,0
2026-04-29 21:22:53,71136098,51648,24677145,109347,17949,75,83,19591351,23574,0,0,0
2026-04-29 21:22:54,71190641,54543,24696068,109442,19018,80,83,19603106,11755,0,0,0
2026-04-29 21:22:55,71244088,53447,24714619,109516,18625,82,83,19614898,11792,0,0,0
2026-04-29 21:22:56,71299622,55534,24733919,109598,19382,74,83,19626711,11813,0,0,0
2026-04-29 21:22:58,71355151,55529,24753195,109681,19359,80,83,19638499,11788,0,0,0
2026-04-29 21:22:59,71410968,55817,24772557,109754,19435,75,83,19650274,11775,0,0,0
2026-04-29 21:23:00,71465614,54646,24791533,109847,19069,82,83,19662064,11790,0,0,0
2026-04-29 21:23:01,71520763,55149,24810664,109936,19220,82,83,19685616,23552,0,0,0
2026-04-29 21:23:02,71576016,55253,24829788,110041,19229,79,83,19697417,11801,0,0,0
2026-04-29 21:23:03,71631414,55398,24848999,110124,19294,77,83,19709232,11815,0,0,0
2026-04-29 21:23:04,71685515,54101,24867830,110194,18901,82,83,19721083,11851,0,0,0
2026-04-29 21:23:06,71740594,55079,24886893,110278,19147,77,83,19732927,11844,0,0,0
2026-04-29 21:23:07,71796046,55452,24906152,110358,19339,73,83,19744768,11841,0,0,0
2026-04-29 21:23:08,71851081,55035,24925221,110450,19161,82,83,19756591,11823,0,0,0
2026-04-29 21:23:09,71905706,54625,24944215,110543,19087,77,83,19780258,23667,0,0,0
2026-04-29 21:23:10,71961308,55602,24963506,110636,19384,79,83,19792109,11851,0,0,0
2026-04-29 21:23:11,72015591,54283,24982302,110724,18884,81,83,19803934,11825,0,0,0
2026-04-29 21:23:12,72070902,55311,25001438,110822,19234,79,83,19815727,11793,0,0,0
2026-04-29 21:23:14,72125814,54912,25020500,110912,19152,81,83,19827530,11803,0,0,0
2026-04-29 21:23:15,72179960,54146,25039294,111010,18892,81,83,19839361,11831,0,0,0
2026-04-29 21:23:16,72233436,53476,25057871,111091,18658,79,83,19851231,11870,0,0,0
2026-04-29 21:23:17,72288732,55296,25077039,111178,19255,71,83,19874937,23706,0,0,0
2026-04-29 21:23:18,72343887,55155,25096151,111271,19205,70,83,19886769,11832,0,0,0
2026-04-29 21:23:19,72397719,53832,25114831,111346,18755,76,83,19898598,11829,0,0,0
2026-04-29 21:23:21,72449245,51526,25132715,111424,17962,78,83,19910468,11870,0,0,0
2026-04-29 21:23:22,72500089,50844,25150403,111497,17761,82,83,19922327,11859,0,0,0
2026-04-29 21:23:23,72548602,48513,25167257,111579,16936,81,83,19934159,11832,0,0,0
2026-04-29 21:23:24,72599510,50908,25184920,111656,17740,82,83,19946045,11886,0,0,0
2026-04-29 21:23:25,72654295,54785,25203919,111723,19066,68,83,19969961,23916,0,0,0
2026-04-29 21:23:26,72710374,56079,25223339,111811,19508,72,83,19981931,11970,0,0,0
2026-04-29 21:23:27,72766103,55729,25242610,111909,19369,80,83,19993857,11926,0,0,0
2026-04-29 21:23:29,72821875,55772,25261933,112008,19422,82,83,20005877,12020,0,0,0
2026-04-29 21:23:30,72877507,55632,25281270,112108,19437,81,83,20017850,11973,0,0,0
2026-04-29 21:23:31,72932215,54708,25300227,112190,19039,70,83,20029822,11972,0,0,0
2026-04-29 21:23:32,72987495,55280,25319414,112267,19264,82,83,20053857,24035,0,0,0
2026-04-29 21:23:33,73043038,55543,25338631,112351,19301,76,83,20065911,12054,0,0,0
2026-04-29 21:23:34,73098636,55598,25357929,112446,19393,82,83,20077930,12019,0,0,0
2026-04-29 21:23:35,73154775,56139,25377399,112530,19554,78,83,20089995,12065,0,0,0
2026-04-29 21:23:37,73210696,55921,25396779,112631,19481,82,83,20102061,12066,0,0,0
2026-04-29 21:23:38,73266061,55365,25415972,112725,19287,82,83,20114159,12098,0,0,0
2026-04-29 21:23:39,73320833,54772,25434936,112830,19069,79,83,20126279,12120,0,0,0
2026-04-29 21:23:40,73375878,55045,25454095,112902,19231,81,83,20150510,24231,0,0,0
2026-04-29 21:23:41,73432176,56298,25473544,113004,19551,67,83,20162578,12068,0,0,0
2026-04-29 21:23:42,73486631,54455,25492448,113077,18977,79,83,20174673,12095,0,0,0
2026-04-29 21:23:43,73541383,54752,25511448,113165,19088,81,83,20186788,12115,0,0,0
2026-04-29 21:23:45,73595148,53765,25530122,113243,18752,82,83,20198901,12113,0,0,0
2026-04-29 21:23:46,73646304,51156,25547912,113308,17855,82,83,20211044,12143,0,0,0
2026-04-29 21:23:47,73694657,48353,25564713,113369,16862,82,83,20223173,12129,0,0,0
2026-04-29 21:23:48,73744874,50217,25582107,113434,17459,81,83,20247427,24254,0,0,0
2026-04-29 21:23:49,73796240,51366,25599927,113508,17894,71,83,20259584,12157,0,0,0
2026-04-29 21:23:50,73848763,52523,25618109,113589,18263,82,83,20271775,12191,0,0,0
2026-04-29 21:23:51,73900264,51501,25635967,113681,17950,77,83,20283990,12215,0,0,0
2026-04-29 21:23:53,73951448,51184,25653721,113774,17847,80,83,20296214,12224,0,0,0
2026-04-29 21:23:54,74000690,49242,25670838,113831,17174,64,83,20308417,12203,0,0,0
2026-04-29 21:23:55,74050635,49945,25688132,113913,17376,62,83,20320630,12213,0,0,0
2026-04-29 21:23:56,74098117,47482,25704592,113994,16541,82,83,20332838,12208,0,0,0
2026-04-29 21:23:57,74149060,50943,25722223,114065,17702,81,83,20357323,24485,0,0,0
2026-04-29 21:23:58,74199045,49985,25739568,114142,17422,74,83,20369679,12356,0,0,0
2026-04-29 21:23:59,74251468,52423,25757712,114230,18232,79,83,20382041,12362,0,0,0
2026-04-29 21:24:01,74304432,52964,25776055,114290,18403,76,83,20394444,12403,0,0,0
2026-04-29 21:24:02,74355226,50794,25793698,114373,17726,82,83,20406878,12434,0,0,0
2026-04-29 21:24:03,74404691,49465,25810881,114454,17264,82,83,20419334,12456,0,0,0
2026-04-29 21:24:04,74454780,50089,25828179,114537,17381,81,83,20444330,24996,0,0,0
2026-04-29 21:24:05,74508151,53371,25846716,114604,18604,82,83,20456868,12538,0,0,0
2026-04-29 21:24:06,74561141,52990,25865059,114683,18422,78,83,20469453,12585,0,0,0
2026-04-29 21:24:07,74612851,51710,25883022,114769,18049,82,83,20482020,12567,0,0,0
2026-04-29 21:24:09,74664178,51327,25900831,114858,17898,79,83,20494573,12553,0,0,0
2026-04-29 21:24:10,74712598,48420,25917659,114931,16901,82,83,20507145,12572,0,0,0
2026-04-29 21:24:11,74759509,46911,25933895,115009,16314,77,83,20519720,12575,0,0,0
2026-04-29 21:24:12,74805803,46294,25949949,115084,16129,81,83,20532366,12646,0,0,0
2026-04-29 21:24:13,74859953,54150,25968724,115155,18846,72,83,20557680,25314,0,0,0
2026-04-29 21:24:14,74912024,52071,25986827,115235,18183,77,83,20570342,12662,0,0,0
2026-04-29 21:24:15,74965482,53458,26005368,115317,18623,77,83,20582996,12654,0,0,0
2026-04-29 21:24:17,75019045,53563,26023991,115410,18716,77,83,20595682,12686,0,0,0
2026-04-29 21:24:18,75074122,55077,26043040,115496,19135,81,83,20608360,12678,0,0,0
2026-04-29 21:24:19,75127051,52929,26061441,115589,18494,78,83,20621065,12705,0,0,0
2026-04-29 21:24:20,75181821,54770,26080421,115668,19059,81,83,20646373,25308,0,0,0
2026-04-29 21:24:21,75237230,55409,26099652,115747,19310,82,83,20658947,12574,0,0,0
2026-04-29 21:24:22,75292729,55499,26118899,115838,19338,78,83,20671518,12571,0,0,0
2026-04-29 21:24:23,75346946,54217,26137738,115922,18923,78,83,20684090,12572,0,0,0
2026-04-29 21:24:25,75401106,54160,26156537,116002,18879,78,83,20696659,12569,0,0,0
2026-04-29 21:24:26,75455850,54744,26175529,116092,19082,75,83,20709226,12567,0,0,0
2026-04-29 21:24:27,75510723,54873,26194574,116170,19123,82,83,20721788,12562,0,0,0
2026-04-29 21:24:28,75566248,55525,26213812,116248,19316,77,83,20746949,25161,0,0,0
2026-04-29 21:24:29,75622256,56008,26233234,116338,19512,68,83,20759532,12583,0,0,0
2026-04-29 21:24:30,75676794,54538,26252166,116418,19012,82,83,20772084,12552,0,0,0
2026-04-29 21:24:31,75731894,55100,26271279,116503,19198,80,83,20784686,12602,0,0,0
2026-04-29 21:24:33,75788204,56310,26290827,116593,19638,76,83,20797296,12610,0,0,0
2026-04-29 21:24:34,75843882,55678,26310127,116668,19375,79,83,20809917,12621,0,0,0
2026-04-29 21:24:35,75899384,55502,26329391,116749,19345,82,83,20822576,12659,0,0,0
2026-04-29 21:24:36,75955114,55730,26348702,116822,19384,82,83,20847905,25329,0,0,0
2026-04-29 21:24:37,76010964,55850,26368104,116909,19489,75,83,20860525,12620,0,0,0
2026-04-29 21:24:38,76067155,56191,26387574,116986,19547,82,83,20873134,12609,0,0,0
2026-04-29 21:24:40,76123503,56348,26407098,117076,19614,80,83,20885711,12577,0,0,0
2026-04-29 21:24:41,76179329,55826,26426510,117149,19485,82,83,20898248,12537,0,0,0
2026-04-29 21:24:42,76233963,54634,26445458,117237,19036,78,83,20910779,12531,0,0,0
2026-04-29 21:24:43,76289069,55106,26464605,117310,19220,78,83,20935906,25127,0,0,0
2026-04-29 21:24:44,76345514,56445,26484112,117417,19614,81,83,20948480,12574,0,0,0
2026-04-29 21:24:45,76400435,54921,26503214,117488,19173,62,83,20961062,12582,0,0,0
2026-04-29 21:24:46,76456659,56224,26522711,117571,19580,77,83,20973664,12602,0,0,0
2026-04-29 21:24:48,76512247,55588,26541980,117649,19347,72,83,20986232,12568,0,0,0
2026-04-29 21:24:49,76567548,55301,26561155,117744,19270,80,83,20998859,12627,0,0,0
2026-04-29 21:24:50,76621743,54195,26580028,117809,18938,70,83,21011485,12626,0,0,0
2026-04-29 21:24:51,76676695,54952,26599104,117890,19157,74,83,21036812,25327,0,0,0
2026-04-29 21:24:52,76732449,55754,26618445,117987,19438,80,83,21049461,12649,0,0,0
2026-04-29 21:24:53,76788431,55982,26637883,118053,19504,82,83,21062047,12586,0,0,0
2026-04-29 21:24:54,76842687,54256,26656659,118157,18880,78,83,21074636,12589,0,0,0
2026-04-29 21:24:56,76897769,55082,26675770,118258,19212,67,83,21087259,12623,0,0,0
2026-04-29 21:24:57,76952610,54841,26694774,118339,19085,78,83,21099954,12695,0,0,0
2026-04-29 21:24:58,77006909,54299,26713583,118416,18886,82,83,21112642,12688,0,0,0
2026-04-29 21:24:59,77062238,55329,26732770,118503,19274,78,83,21138197,25555,0,0,0
2026-04-29 21:25:00,77117664,55426,26752021,118592,19340,80,83,21150975,12778,0,0,0
2026-04-29 21:25:01,77173630,55966,26771414,118672,19473,77,83,21163777,12802,0,0,0
2026-04-29 21:25:03,77227108,53478,26789978,118761,18653,81,83,21176592,12815,0,0,0
2026-04-29 21:25:04,77281708,54600,26808892,118857,19010,81,83,21189432,12840,0,0,0
2026-04-29 21:25:05,77335418,53710,26827531,118938,18720,82,83,21202273,12841,0,0,0
2026-04-29 21:25:06,77390362,54944,26846628,119015,19174,70,83,21215077,12804,0,0,0
2026-04-29 21:25:07,77445177,54815,26865627,119107,19091,80,83,21240638,25561,0,0,0
2026-04-29 21:25:08,77500223,55046,26884714,119197,19177,73,83,21253440,12802,0,0,0
2026-04-29 21:25:09,77553029,52806,26903048,119276,18413,82,83,21266262,12822,0,0,0
2026-04-29 21:25:11,77604542,51513,26920915,119356,17947,79,83,21279130,12868,0,0,0
2026-04-29 21:25:12,77655724,51182,26938692,119432,17853,80,83,21292015,12885,0,0,0
2026-04-29 21:25:13,77707100,51376,26956428,119519,17823,76,83,21304884,12869,0,0,0
2026-04-29 21:25:14,77758542,51442,26974349,119596,17998,79,83,21317744,12860,0,0,0
2026-04-29 21:25:15,77808413,49871,26991644,119658,17357,82,83,21343392,25648,0,0,0
2026-04-29 21:25:16,77858773,50360,27009107,119739,17544,82,83,21356212,12820,0,0,0
2026-04-29 21:25:17,77907678,48905,27026077,119821,17052,82,83,21369049,12837,0,0,0
2026-04-29 21:25:19,77958717,51039,27043774,119895,17771,81,83,21381908,12859,0,0,0
2026-04-29 21:25:20,78008385,49668,27061013,119963,17307,82,83,21394786,12878,0,0,0
2026-04-29 21:25:21,78053499,45114,27076642,120023,15689,80,83,21407686,12900,0,0,0
2026-04-29 21:25:22,78097765,44266,27092052,120087,15474,82,83,21420556,12870,0,0,0
2026-04-29 21:25:23,78147525,49760,27109269,120170,17300,79,83,21446233,25677,0,0,0
2026-04-29 21:25:24,78201176,53651,27127935,120237,18733,82,83,21459061,12828,0,0,0
2026-04-29 21:25:25,78253317,52141,27146050,120323,18201,73,83,21471889,12828,0,0,0
2026-04-29 21:25:26,78306714,53397,27164557,120414,18598,73,83,21484715,12826,0,0,0
2026-04-29 21:25:28,78362103,55389,27183768,120494,19291,78,83,21497544,12829,0,0,0
2026-04-29 21:25:29,78417121,55018,27202846,120564,19148,82,83,21510373,12829,0,0,0
2026-04-29 21:25:30,78471728,54607,27221815,120650,19055,71,83,21523211,12838,0,0,0
2026-04-29 21:25:31,78526843,55115,27240899,120725,19159,75,83,21548833,25622,0,0,0
2026-04-29 21:25:32,78582389,55546,27260212,120806,19394,73,83,21561613,12780,0,0,0
2026-04-29 21:25:33,78639146,56757,27279836,120883,19701,82,83,21574393,12780,0,0,0
2026-04-29 21:25:35,78694480,55334,27299038,120972,19291,82,83,21587188,12795,0,0,0
2026-04-29 21:25:36,78749750,55270,27318232,121050,19272,81,83,21599966,12778,0,0,0
2026-04-29 21:25:37,78805424,55674,27337526,121123,19367,81,83,21612735,12769,0,0,0
2026-04-29 21:25:38,78860892,55468,27356751,121201,19303,80,83,21638260,25525,0,0,0
2026-04-29 21:25:39,78915970,55078,27375869,121278,19195,82,83,21651033,12773,0,0,0
2026-04-29 21:25:40,78970935,54965,27394907,121358,19118,80,83,21663803,12770,0,0,0
2026-04-29 21:25:41,79026246,55311,27414088,121440,19263,79,83,21676605,12802,0,0,0
2026-04-29 21:25:43,79079607,53361,27432635,121520,18627,76,83,21689384,12779,0,0,0
2026-04-29 21:25:44,79134872,55265,27451800,121623,19268,78,83,21702136,12752,0,0,0
2026-04-29 21:25:45,79189549,54677,27470757,121705,19039,80,83,21714836,12700,0,0,0
2026-04-29 21:25:46,79244860,55311,27489962,121779,19279,82,83,21740247,25411,0,0,0
2026-04-29 21:25:47,79300434,55574,27509232,121868,19359,77,83,21752983,12736,0,0,0
2026-04-29 21:25:48,79355560,55126,27528380,121945,19225,82,83,21765686,12703,0,0,0
2026-04-29 21:25:49,79410789,55229,27547548,122028,19251,73,83,21778362,12676,0,0,0
2026-04-29 21:25:51,79466564,55775,27566869,122106,19399,76,83,21791022,12660,0,0,0
2026-04-29 21:25:52,79520098,53534,27585479,122179,18683,81,83,21803644,12622,0,0,0
2026-04-29 21:25:53,79571927,51829,27603509,122249,18100,82,83,21816330,12686,0,0,0
2026-04-29 21:25:54,79624678,52751,27621767,122340,18349,78,83,21841680,25350,0,0,0
2026-04-29 21:25:55,79675441,50763,27639426,122402,17721,82,83,21854301,12621,0,0,0
2026-04-29 21:25:56,79725659,50218,27656823,122486,17481,72,83,21866892,12591,0,0,0
2026-04-29 21:25:58,79775292,49633,27674090,122557,17338,82,83,21879474,12582,0,0,0
2026-04-29 21:25:59,79825812,50520,27691616,122632,17601,72,83,21892096,12622,0,0,0
2026-04-29 21:26:00,79873930,48118,27708326,122702,16780,82,83,21904741,12645,0,0,0
2026-04-29 21:26:01,79922082,48152,27725036,122769,16777,82,83,21917376,12635,0,0,0
2026-04-29 21:26:02,79971129,49047,27742015,122855,17065,71,83,21942677,25301,0,0,0
2026-04-29 21:26:03,80022953,51824,27759982,122937,18049,79,83,21955295,12618,0,0,0
2026-04-29 21:26:04,80075987,53034,27778388,123040,18509,80,83,21967884,12589,0,0,0
2026-04-29 21:26:05,80122425,46438,27794460,123099,16131,79,83,21980449,12565,0,0,0
2026-04-29 21:26:07,80172151,49726,27811701,123183,17325,80,83,21993008,12559,0,0,0
2026-04-29 21:26:08,80220097,47946,27828381,123252,16749,82,83,22005554,12546,0,0,0
2026-04-29 21:26:09,80270114,50017,27845749,123313,17429,82,83,22018096,12542,0,0,0
2026-04-29 21:26:10,80323972,53858,27864400,123398,18736,79,83,22043126,25030,0,0,0
2026-04-29 21:26:11,80377079,53107,27882806,123484,18492,82,83,22055634,12508,0,0,0
2026-04-29 21:26:12,80426767,49688,27900066,123560,17336,73,83,22068138,12504,0,0,0
2026-04-29 21:26:13,80477786,51019,27917772,123643,17789,79,83,22080642,12504,0,0,0
2026-04-29 21:26:15,80529855,52069,27935814,123735,18134,79,83,22093122,12480,0,0,0
2026-04-29 21:26:16,80581037,51182,27953624,123816,17891,73,83,22105590,12468,0,0,0
2026-04-29 21:26:17,80634061,53024,27972026,123907,18493,82,83,22118038,12448,0,0,0
2026-04-29 21:26:18,80688683,54622,27991006,123973,19046,75,83,22143060,25022,0,0,0
2026-04-29 21:26:19,80743774,55091,28010106,124057,19184,81,83,22155595,12535,0,0,0
2026-04-29 21:26:20,80799288,55514,28029363,124142,19342,75,83,22168096,12501,0,0,0
2026-04-29 21:26:22,80854853,55565,28048644,124212,19351,76,83,22180596,12500,0,0,0
2026-04-29 21:26:23,80910681,55828,28068053,124294,19491,81,83,22193095,12499,0,0,0
2026-04-29 21:26:24,80964071,53390,28086597,124374,18624,82,83,22205563,12468,0,0,0
2026-04-29 21:26:25,81019158,55087,28105698,124463,19190,80,83,22218005,12442,0,0,0
2026-04-29 21:26:26,81074742,55584,28124972,124539,19350,82,83,22242921,24916,0,0,0
2026-04-29 21:26:27,81128898,54156,28143731,124619,18839,82,83,22255428,12507,0,0,0
2026-04-29 21:26:28,81184592,55694,28163055,124718,19423,73,83,22267827,12399,0,0,0
2026-04-29 21:26:30,81240132,55540,28182302,124813,19342,76,83,22280249,12422,0,0,0
2026-04-29 21:26:31,81294291,54159,28201147,124905,18937,72,83,22292622,12373,0,0,0
2026-04-29 21:26:32,81348926,54635,28220114,124980,19042,78,83,22305056,12434,0,0,0
2026-04-29 21:26:33,81403637,54711,28239093,125052,19051,81,83,22329932,24876,0,0,0
2026-04-29 21:26:34,81460181,56544,28258679,125123,19657,82,83,22342379,12447,0,0,0
2026-04-29 21:26:35,81516558,56377,28278214,125206,19618,80,83,22354813,12434,0,0,0
2026-04-29 21:26:36,81571905,55347,28297453,125284,19317,81,83,22367275,12462,0,0,0
2026-04-29 21:26:38,81626320,54415,28316384,125370,19017,77,83,22379725,12450,0,0,0
2026-04-29 21:26:39,81682407,56087,28335792,125469,19507,75,83,22392190,12465,0,0,0
2026-04-29 21:26:40,81737312,54905,28354816,125565,19120,82,83,22404671,12481,0,0,0
2026-04-29 21:26:41,81793815,56503,28374370,125678,19667,82,83,22429628,24957,0,0,0
2026-04-29 21:26:42,81848274,54459,28393310,125757,19019,78,83,22442106,12478,0,0,0
2026-04-29 21:26:43,81903086,54812,28412332,125842,19107,82,83,22454605,12499,0,0,0
2026-04-29 21:26:45,81955482,52396,28430496,125935,18257,78,83,22467134,12529,0,0,0
2026-04-29 21:26:46,82010642,55160,28449643,126023,19235,73,83,22479644,12510,0,0,0
2026-04-29 21:26:47,82061473,50831,28467282,126092,17708,78,83,22492166,12522,0,0,0
2026-04-29 21:26:48,82111575,50102,28484661,126178,17465,82,83,22504676,12510,0,0,0
2026-04-29 21:26:49,82163483,51908,28502661,126256,18078,80,83,22529727,25051,0,0,0
2026-04-29 21:26:50,82216281,52798,28520987,126341,18411,75,83,22542265,12538,0,0,0
2026-04-29 21:26:51,82269065,52784,28539307,126428,18407,77,83,22554827,12562,0,0,0
2026-04-29 21:26:53,82320885,51820,28557251,126508,18024,77,83,22567357,12530,0,0,0
2026-04-29 21:26:54,82373116,52231,28575358,126594,18193,79,83,22579888,12531,0,0,0
2026-04-29 21:26:55,82421247,48131,28592094,126649,16791,81,83,22592404,12516,0,0,0
2026-04-29 21:26:56,82469743,48496,28608954,126705,16916,82,83,22604914,12510,0,0,0
2026-04-29 21:26:57,82518345,48602,28625800,126783,16924,82,83,22629934,25020,0,0,0
2026-04-29 21:26:58,82569920,51575,28643718,126860,17995,71,83,22642451,12517,0,0,0
2026-04-29 21:26:59,82619838,49918,28660996,126947,17365,74,83,22654980,12529,0,0,0
2026-04-29 21:27:01,82667389,47551,28677508,127017,16582,78,83,22667477,12497,0,0,0
2026-04-29 21:27:02,82708249,40860,28691667,127064,14206,80,83,22679957,12480,0,0,0
2026-04-29 21:27:03,82747619,39370,28705393,127118,13780,79,83,22692460,12503,0,0,0
2026-04-29 21:27:04,82783745,36126,28717902,127161,12552,82,83,22704949,12489,0,0,0
2026-04-29 21:27:05,82820516,36771,28730684,127219,12840,82,83,22717455,12506,0,0,0
2026-04-29 21:27:06,82858258,37742,28743770,127253,13120,82,83,22729898,12443,0,0,0
2026-04-29 21:27:07,82915174,56916,28763456,127364,19797,77,83,22754657,24759,0,0,0
2026-04-29 21:27:08,82972096,56922,28783243,127449,19872,82,83,22767064,12407,0,0,0
2026-04-29 21:27:10,83026545,54449,28802131,127528,18967,77,83,22779477,12413,0,0,0
2026-04-29 21:27:11,83078511,51966,28820177,127620,18138,81,83,22791900,12423,0,0,0
2026-04-29 21:27:12,83131272,52761,28838481,127700,18384,82,83,22804289,12389,0,0,0
2026-04-29 21:27:13,83181948,50676,28856048,127781,17648,75,83,22829065,24776,0,0,0
2026-04-29 21:27:14,83231705,49757,28873282,127859,17312,74,83,22841459,12394,0,0,0
2026-04-29 21:27:15,83283521,51816,28891213,127948,18020,73,83,22853836,12377,0,0,0
2026-04-29 21:27:16,83335317,51796,28909110,128032,17981,76,83,22866188,12352,0,0,0
2026-04-29 21:27:18,83386545,51228,28926852,128110,17820,72,83,22878564,12376,0,0,0
2026-04-29 21:27:19,83435966,49421,28943989,128182,17209,82,83,22890942,12378,0,0,0
2026-04-29 21:27:20,83478058,42092,28958622,128245,14696,54,83,22903281,12339,0,0,0
2026-04-29 21:27:21,83519882,41824,28973086,128308,14527,81,83,22915590,12309,0,0,0
2026-04-29 21:27:22,83563357,43475,28988168,128371,15145,78,83,22940185,24595,0,0,0
2026-04-29 21:27:23,83610766,47409,29004638,128431,16530,80,83,22952477,12292,0,0,0
2026-04-29 21:27:24,83660445,49679,29021877,128508,17316,80,83,22964756,12279,0,0,0
2026-04-29 21:27:26,83709286,48841,29038857,128572,17044,72,83,22977061,12305,0,0,0
2026-04-29 21:27:27,83759680,50394,29056322,128648,17541,77,83,22989344,12283,0,0,0
2026-04-29 21:27:28,83808209,48529,29073157,128726,16913,82,83,23001603,12259,0,0,0
2026-04-29 21:27:29,83856869,48660,29090031,128814,16962,82,83,23013618,12015,0,0,0
2026-04-29 21:27:30,83906211,49342,29107145,128876,17176,79,83,23037775,24157,0,0,0
2026-04-29 21:27:31,83958802,52591,29125426,128946,18351,68,83,23049838,12063,0,0,0
2026-04-29 21:27:32,84011425,52623,29143692,129027,18347,82,83,23061868,12030,0,0,0
2026-04-29 21:27:34,84064743,53318,29162188,129103,18572,82,83,23073897,12029,0,0,0
2026-04-29 21:27:35,84118952,54209,29180976,129184,18869,82,83,23085912,12015,0,0,0
2026-04-29 21:27:36,84172128,53176,29199454,129276,18570,75,83,23097920,12008,0,0,0
2026-04-29 21:27:37,84225844,53716,29218117,129344,18731,77,83,23109917,11997,0,0,0
2026-04-29 21:27:38,84281757,55913,29237461,129448,19448,80,83,23133916,23999,0,0,0
2026-04-29 21:27:39,84336634,54877,29256511,129530,19132,82,83,23145903,11987,0,0,0
2026-04-29 21:27:40,84392178,55544,29275786,129610,19355,71,83,23157885,11982,0,0,0
2026-04-29 21:27:42,84448271,56093,29295202,129712,19518,78,83,23169876,11991,0,0,0
2026-04-29 21:27:43,84503639,55368,29314387,129799,19272,81,83,23181896,12020,0,0,0
2026-04-29 21:27:44,84558426,54787,29333425,129882,19121,77,83,23193937,12041,0,0,0
2026-04-29 21:27:45,84613425,54999,29352471,129971,19135,82,83,23217994,24057,0,0,0
2026-04-29 21:27:46,84668137,54712,29371472,130062,19092,77,83,23230024,12030,0,0,0
2026-04-29 21:27:47,84722009,53872,29390191,130139,18796,76,83,23242043,12019,0,0,0
2026-04-29 21:27:48,84777549,55540,29409492,130220,19382,77,83,23254043,12000,0,0,0
2026-04-29 21:27:50,84833295,55746,29428817,130312,19417,82,83,23266008,11965,0,0,0
2026-04-29 21:27:51,84889121,55826,29448163,130406,19440,75,83,23278017,12009,0,0,0
2026-04-29 21:27:52,84943581,54460,29467036,130482,18949,81,83,23290051,12034,0,0,0
2026-04-29 21:27:53,84999148,55567,29486331,130568,19381,73,83,23314084,24033,0,0,0
2026-04-29 21:27:54,85055318,56170,29505783,130656,19540,65,83,23326055,11971,0,0,0
2026-04-29 21:27:55,85111280,55962,29525175,130732,19468,80,83,23337990,11935,0,0,0
2026-04-29 21:27:57,85167579,56299,29544681,130810,19584,80,83,23349918,11928,0,0,0
2026-04-29 21:27:58,85222679,55100,29563842,130883,19234,79,83,23361889,11971,0,0,0
2026-04-29 21:27:59,85277169,54490,29582788,130961,19024,65,83,23373975,12086,0,0,0
2026-04-29 21:28:00,85332592,55423,29601998,131037,19286,77,83,23398098,24123,0,0,0
2026-04-29 21:28:01,85387366,54774,29621032,131106,19103,79,83,23410158,12060,0,0,0
2026-04-29 21:28:02,85442880,55514,29640231,131200,19293,79,83,23422181,12023,0,0,0
2026-04-29 21:28:03,85498114,55234,29659385,131270,19224,82,83,23434200,12019,0,0,0
2026-04-29 21:28:05,85549878,51764,29677360,131344,18049,79,83,23446199,11999,0,0,0
2026-04-29 21:28:06,85601572,51694,29695315,131419,18030,82,83,23458172,11973,0,0,0
2026-04-29 21:28:07,85650781,49209,29712380,131501,17147,82,83,23470151,11979,0,0,0
2026-04-29 21:28:08,85700912,50131,29729704,131592,17415,77,83,23494178,24027,0,0,0
2026-04-29 21:28:09,85752825,51913,29747726,131665,18095,81,83,23506226,12048,0,0,0
2026-04-29 21:28:10,85804551,51726,29765681,131739,18029,82,83,23518242,12016,0,0,0
2026-04-29 21:28:11,85855600,51049,29783318,131825,17723,79,83,23530288,12046,0,0,0
2026-04-29 21:28:13,85906907,51307,29801097,131908,17862,79,83,23542325,12037,0,0,0
2026-04-29 21:28:14,85956468,49561,29818369,131982,17346,82,83,23554415,12090,0,0,0
2026-04-29 21:28:15,86003699,47231,29834689,132060,16398,81,83,23566467,12052,0,0,0
2026-04-29 21:28:16,86054533,50834,29852247,132151,17649,80,83,23590564,24097,0,0,0
2026-04-29 21:28:17,86104259,49726,29869543,132225,17370,82,83,23602658,12094,0,0,0
2026-04-29 21:28:18,86155074,50815,29887200,132300,17732,77,83,23614783,12125,0,0,0
2026-04-29 21:28:19,86199448,44374,29902581,132363,15444,74,83,23626896,12113,0,0,0
2026-04-29 21:28:21,86249411,49963,29919925,132440,17421,71,83,23638986,12090,0,0,0
2026-04-29 21:28:22,86296702,47291,29936388,132497,16520,82,83,23651084,12098,0,0,0
2026-04-29 21:28:23,86344779,48077,29953076,132567,16758,82,83,23663243,12159,0,0,0
2026-04-29 21:28:24,86391937,47158,29969475,132627,16459,82,83,23675399,12156,0,0,0
2026-04-29 21:28:25,86447145,55208,29988596,132712,19206,80,83,23699669,24270,0,0,0
2026-04-29 21:28:26,86502207,55062,30007696,132808,19196,79,83,23711817,12148,0,0,0
2026-04-29 21:28:27,86556987,54780,30026721,132895,19112,78,83,23723957,12140,0,0,0
2026-04-29 21:28:29,86611491,54504,30045631,132978,18993,76,83,23736072,12115,0,0,0
2026-04-29 21:28:30,86666716,55225,30064796,133068,19255,81,83,23748195,12123,0,0,0
2026-04-29 21:28:31,86721463,54747,30083776,133160,19072,82,83,23760304,12109,0,0,0
2026-04-29 21:28:32,86776757,55294,30102913,133248,19225,78,83,23784502,24198,0,0,0
2026-04-29 21:28:33,86832261,55504,30122164,133342,19345,82,83,23796587,12085,0,0,0
2026-04-29 21:28:34,86887945,55684,30141470,133427,19391,82,83,23808682,12095,0,0,0
2026-04-29 21:28:36,86940830,52885,30159874,133493,18470,76,83,23820775,12093,0,0,0
2026-04-29 21:28:37,86995620,54790,30178914,133585,19132,81,83,23832855,12080,0,0,0
2026-04-29 21:28:38,87049405,53785,30197592,133667,18760,80,83,23844951,12096,0,0,0
2026-04-29 21:28:39,87104469,55064,30216696,133746,19183,77,83,23857037,12086,0,0,0
2026-04-29 21:28:40,87160478,56009,30236116,133829,19503,79,83,23881228,24191,0,0,0
2026-04-29 21:28:41,87216507,56029,30255564,133918,19537,81,83,23893305,12077,0,0,0
2026-04-29 21:28:42,87272538,56031,30275016,134007,19541,82,83,23905388,12083,0,0,0
2026-04-29 21:28:44,87327774,55236,30294187,134089,19253,82,83,23917500,12112,0,0,0
2026-04-29 21:28:45,87381977,54203,30312981,134182,18887,76,83,23929608,12108,0,0,0
2026-04-29 21:28:46,87436803,54826,30332012,134279,19128,73,83,23941692,12084,0,0,0
2026-04-29 21:28:47,87491696,54893,30351045,134356,19110,82,83,23965839,24147,0,0,0
2026-04-29 21:28:48,87547569,55873,30370460,134434,19493,82,83,23977958,12119,0,0,0
2026-04-29 21:28:49,87602524,54955,30389551,134514,19171,75,83,23990069,12111,0,0,0
2026-04-29 21:28:51,87658402,55878,30408929,134599,19463,77,83,24002147,12078,0,0,0
2026-04-29 21:28:52,87713298,54896,30427998,134683,19153,73,83,24014231,12084,0,0,0
2026-04-29 21:28:53,87766204,52906,30446363,134749,18431,82,83,24026328,12097,0,0,0
2026-04-29 21:28:54,87820711,54507,30465256,134838,18982,82,83,24038422,12094,0,0,0
2026-04-29 21:28:55,87876629,55918,30484661,134936,19503,80,83,24062607,24185,0,0,0
2026-04-29 21:28:56,87931965,55336,30503866,135013,19282,81,83,24074690,12083,0,0,0
2026-04-29 21:28:57,87987842,55877,30523266,135080,19467,70,83,24086756,12066,0,0,0
2026-04-29 21:28:59,88043384,55542,30542494,135173,19321,82,83,24098921,12165,0,0,0
2026-04-29 21:29:00,88097722,54338,30561320,135266,18919,75,83,24111081,12160,0,0,0
2026-04-29 21:29:01,88149510,51788,30579268,135344,18026,80,83,24123237,12156,0,0,0
2026-04-29 21:29:02,88202329,52819,30597598,135426,18412,79,83,24147559,24322,0,0,0
2026-04-29 21:29:03,88256075,53746,30616218,135512,18706,70,83,24159728,12169,0,0,0
2026-04-29 21:29:04,88307858,51783,30634154,135608,18032,73,83,24171880,12152,0,0,0
2026-04-29 21:29:05,88359029,51171,30651922,135681,17841,79,83,24184023,12143,0,0,0
2026-04-29 21:29:07,88410360,51331,30669722,135764,17883,78,83,24196185,12162,0,0,0
2026-04-29 21:29:08,88458711,48351,30686560,135837,16911,80,83,24208352,12167,0,0,0
2026-04-29 21:29:09,88506311,47600,30703080,135927,16610,82,83,24220498,12146,0,0,0
2026-04-29 21:29:10,88556281,49970,30720372,136006,17371,69,83,24244771,24273,0,0,0
2026-04-29 21:29:11,88608218,51937,30738338,136094,18054,75,83,24256882,12111,0,0,0
2026-04-29 21:29:12,88659921,51703,30756289,136171,18028,77,83,24268998,12116,0,0,0
2026-04-29 21:29:13,88713044,53123,30774707,136241,18488,79,83,24281158,12160,0,0,0
2026-04-29 21:29:15,88764377,51333,30792525,136324,17901,82,83,24293360,12202,0,0,0
2026-04-29 21:29:16,88812963,48586,30809457,136395,17003,78,83,24305561,12201,0,0,0
2026-04-29 21:29:17,88859634,46671,30825645,136459,16252,82,83,24317739,12178,0,0,0
2026-04-29 21:29:18,88906846,47212,30842010,136541,16447,82,83,24342039,24300,0,0,0
2026-04-29 21:29:19,88960637,53791,30860620,136632,18701,81,83,24354192,12153,0,0,0
2026-04-29 21:29:20,89015654,55017,30879720,136716,19184,82,83,24366361,12169,0,0,0
2026-04-29 21:29:21,89071388,55734,30898995,136803,19362,75,83,24378554,12193,0,0,0
2026-04-29 21:29:23,89126251,54863,30918046,136887,19135,82,83,24390764,12210,0,0,0
2026-04-29 21:29:24,89180097,53846,30936723,136979,18769,80,83,24402943,12179,0,0,0
2026-04-29 21:29:25,89233056,52959,30955129,137057,18484,69,83,24415142,12199,0,0,0
2026-04-29 21:29:26,89288129,55073,30974213,137142,19169,81,83,24439508,24366,0,0,0
2026-04-29 21:29:27,89344775,56646,30993806,137221,19672,77,83,24451671,12163,0,0,0
2026-04-29 21:29:28,89400010,55235,31012997,137282,19252,75,83,24463813,12142,0,0,0
2026-04-29 21:29:29,89456114,56104,31032457,137384,19562,81,83,24475957,12144,0,0,0
2026-04-29 21:29:31,89511261,55147,31051632,137463,19254,66,83,24488132,12175,0,0,0
2026-04-29 21:29:32,89567401,56140,31071075,137555,19535,81,83,24500309,12177,0,0,0
2026-04-29 21:29:33,89622480,55079,31090205,137641,19216,79,83,24512520,12211,0,0,0
2026-04-29 21:29:34,89677817,55337,31109402,137737,19293,82,83,24536865,24345,0,0,0
2026-04-29 21:29:35,89734086,56269,31128930,137810,19601,78,83,24549006,12141,0,0,0
2026-04-29 21:29:36,89789583,55497,31148204,137888,19352,81,83,24561165,12159,0,0,0
2026-04-29 21:29:38,89846101,56518,31167781,137977,19666,75,83,24573366,12201,0,0,0
2026-04-29 21:29:39,89901363,55262,31186939,138071,19252,80,83,24585572,12206,0,0,0
2026-04-29 21:29:40,89952409,51046,31204667,138138,17795,79,83,24597818,12246,0,0,0
2026-04-29 21:29:41,90007511,55102,31223797,138212,19204,71,83,24622340,24522,0,0,0
2026-04-29 21:29:42,90063652,56141,31243231,138299,19521,78,83,24634632,12292,0,0,0
2026-04-29 21:29:43,90119146,55494,31262537,138373,19380,80,83,24646916,12284,0,0,0
2026-04-29 21:29:44,90174838,55692,31281865,138438,19393,77,83,24659207,12291,0,0,0
2026-04-29 21:29:46,90230689,55851,31301259,138510,19466,78,83,24671478,12271,0,0,0
2026-04-29 21:29:47,90285613,54924,31320328,138595,19154,82,83,24683793,12315,0,0,0
2026-04-29 21:29:48,90339191,53578,31338930,138675,18682,82,83,24696112,12319,0,0,0
2026-04-29 21:29:49,90394060,54869,31357939,138766,19100,75,83,24720754,24642,0,0,0
2026-04-29 21:29:50,90449913,55853,31377335,138845,19475,69,83,24733126,12372,0,0,0
2026-04-29 21:29:51,90505209,55296,31396548,138919,19287,79,83,24745487,12361,0,0,0
2026-04-29 21:29:53,90558233,53024,31414942,139015,18490,80,83,24757850,12363,0,0,0
2026-04-29 21:29:54,90610510,52277,31433082,139097,18222,76,83,24770227,12377,0,0,0
2026-04-29 21:29:55,90662142,51632,31451010,139174,18005,82,83,24782569,12342,0,0,0
2026-04-29 21:29:56,90710131,47989,31467659,139252,16727,82,83,24794856,12287,0,0,0
2026-04-29 21:29:57,90760030,49899,31484906,139334,17329,78,83,24819375,24519,0,0,0
2026-04-29 21:29:58,90811187,51157,31502642,139411,17813,77,83,24831707,12332,0,0,0
2026-04-29 21:29:59,90860619,49432,31519820,139487,17254,77,83,24844073,12366,0,0,0
2026-04-29 21:30:01,90912405,51786,31537787,139571,18051,81,83,24856431,12358,0,0,0
2026-04-29 21:30:02,90963783,51378,31555642,139657,17941,80,83,24868805,12374,0,0,0
2026-04-29 21:30:03,91013052,49269,31572777,139727,17205,82,83,24881189,12384,0,0,0
2026-04-29 21:30:04,91059966,46914,31589047,139794,16337,75,83,24893552,12363,0,0,0
2026-04-29 21:30:05,91105594,45628,31604823,139860,15842,79,83,24918320,24768,0,0,0
2026-04-29 21:30:06,91154984,49390,31621944,139934,17195,82,83,24930679,12359,0,0,0
2026-04-29 21:30:07,91204214,49230,31638999,140014,17135,81,83,24943033,12354,0,0,0
2026-04-29 21:30:08,91252780,48566,31655820,140087,16894,81,83,24955361,12328,0,0,0
2026-04-29 21:30:10,91297444,44664,31671353,140163,15609,77,83,24967662,12301,0,0,0
2026-04-29 21:30:11,91341290,43846,31686606,140242,15332,82,83,24979978,12316,0,0,0
2026-04-29 21:30:12,91381822,40532,31700682,140292,14126,82,83,24992271,12293,0,0,0
2026-04-29 21:30:13,91423884,42062,31715281,140369,14676,82,83,25004589,12318,0,0,0
2026-04-29 21:30:14,91469195,45311,31730956,140428,15734,78,83,25029312,24723,0,0,0
2026-04-29 21:30:15,91519151,49956,31748310,140502,17428,82,83,25041652,12340,0,0,0
2026-04-29 21:30:16,91569212,50061,31765712,140566,17466,82,83,25053979,12327,0,0,0
2026-04-29 21:30:18,91619738,50526,31783256,140660,17638,80,83,25066288,12309,0,0,0
2026-04-29 21:30:19,91668803,49065,31800284,140732,17100,79,83,25078596,12308,0,0,0
2026-04-29 21:30:20,91718567,49764,31817507,140806,17297,73,83,25090914,12318,0,0,0
2026-04-29 21:30:21,91768883,50316,31834925,140890,17502,81,83,25103228,12314,0,0,0
2026-04-29 21:30:22,91823298,54415,31853803,140967,18955,79,83,25127914,24686,0,0,0
2026-04-29 21:30:23,91877387,54089,31872510,141064,18804,76,83,25140237,12323,0,0,0
2026-04-29 21:30:24,91931053,53666,31891122,141152,18700,78,83,25152593,12356,0,0,0
2026-04-29 21:30:26,91985666,54613,31910079,141211,19016,78,83,25164970,12377,0,0,0
2026-04-29 21:30:27,92038935,53269,31928606,141287,18603,82,83,25177380,12410,0,0,0
2026-04-29 21:30:28,92091507,52572,31946778,141370,18255,81,83,25189807,12427,0,0,0
2026-04-29 21:30:29,92146002,54495,31965678,141458,18988,67,83,25214344,24537,0,0,0
2026-04-29 21:30:30,92202176,56174,31985136,141540,19540,80,83,25226597,12253,0,0,0
2026-04-29 21:30:31,92258170,55994,32004534,141632,19490,77,83,25238853,12256,0,0,0
2026-04-29 21:30:32,92314177,56007,32023964,141705,19503,79,83,25251094,12241,0,0,0
2026-04-29 21:30:34,92370064,55887,32043344,141794,19469,78,83,25263356,12262,0,0,0
2026-04-29 21:30:35,92425372,55308,32062496,141883,19241,74,83,25275659,12303,0,0,0
2026-04-29 21:30:36,92480027,54655,32081487,141972,19080,76,83,25287954,12295,0,0,0
2026-04-29 21:30:37,92535725,55698,32100779,142058,19378,66,83,25312503,24549,0,0,0
2026-04-29 21:30:38,92591146,55421,32120007,142134,19304,81,83,25324751,12248,0,0,0
2026-04-29 21:30:39,92647396,56250,32139551,142209,19619,60,83,25337013,12262,0,0,0
2026-04-29 21:30:41,92703480,56084,32158996,142293,19529,79,83,25349242,12229,0,0,0
2026-04-29 21:30:42,92758537,55057,32178136,142366,19213,80,83,25361492,12250,0,0,0
2026-04-29 21:30:43,92813163,54626,32197110,142445,19053,70,83,25373728,12236,0,0,0
2026-04-29 21:30:44,92865883,52720,32215386,142544,18375,79,83,25385955,12227,0,0,0
2026-04-29 21:30:45,92921740,55857,32234798,142622,19490,82,83,25410399,24444,0,0,0
2026-04-29 21:30:46,92977269,55529,32254084,142686,19350,81,83,25422659,12260,0,0,0
2026-04-29 21:30:47,93032927,55658,32273413,142761,19404,81,83,25434907,12248,0,0,0
2026-04-29 21:30:49,93088357,55430,32292656,142849,19331,81,83,25447174,12267,0,0,0
2026-04-29 21:30:50,93143919,55562,32312002,142909,19406,80,83,25459414,12240,0,0,0
2026-04-29 21:30:51,93199138,55219,32331173,142992,19254,80,83,25471632,12218,0,0,0
2026-04-29 21:30:52,93254147,55009,32350231,143087,19153,75,83,25496081,24449,0,0,0
2026-04-29 21:30:53,93309815,55668,32369484,143188,19354,74,83,25508344,12263,0,0,0
2026-04-29 21:30:54,93366900,57085,32389258,143273,19859,65,83,25520625,12281,0,0,0
2026-04-29 21:30:55,93423032,56132,32408745,143365,19579,82,83,25532858,12233,0,0,0
2026-04-29 21:30:57,93479360,56328,32428280,143445,19615,76,83,25545048,12190,0,0,0
2026-04-29 21:30:58,93533832,54472,32447214,143532,19021,80,83,25557251,12203,0,0,0
2026-04-29 21:30:59,93585417,51585,32465062,143605,17921,82,83,25569568,12317,0,0,0
2026-04-29 21:31:00,93640657,55240,32484195,143690,19218,78,83,25594198,24630,0,0,0
2026-04-29 21:31:01,93696024,55367,32503421,143756,19292,82,83,25606570,12372,0,0,0
2026-04-29 21:31:02,93751969,55945,32522827,143846,19496,78,83,25618934,12364,0,0,0
2026-04-29 21:31:04,93808426,56457,32542397,143932,19656,80,83,25631285,12351,0,0,0
2026-04-29 21:31:05,93863740,55314,32561571,144042,19284,78,83,25643586,12301,0,0,0
2026-04-29 21:31:06,93918855,55115,32580686,144145,19218,67,83,25655899,12313,0,0,0
2026-04-29 21:31:07,93973799,54944,32599707,144231,19107,81,83,25668229,12330,0,0,0
2026-04-29 21:31:08,94029132,55333,32618934,144313,19309,82,83,25692961,24732,0,0,0
2026-04-29 21:31:09,94084730,55598,32638196,144403,19352,71,83,25705360,12399,0,0,0
2026-04-29 21:31:10,94140744,56014,32657635,144481,19517,79,83,25717755,12395,0,0,0
2026-04-29 21:31:12,94195081,54337,32676484,144566,18934,76,83,25730151,12396,0,0,0
2026-04-29 21:31:13,94249085,54004,32695235,144662,18847,82,83,25742529,12378,0,0,0
2026-04-29 21:31:14,94298813,49728,32712495,144724,17322,80,83,25754950,12421,0,0,0
2026-04-29 21:31:15,94346687,47874,32729099,144795,16675,81,83,25767402,12452,0,0,0
2026-04-29 21:31:16,94398998,52311,32747248,144860,18214,76,83,25792279,24877,0,0,0
2026-04-29 21:31:17,94450864,51866,32765238,144943,18073,65,83,25804733,12454,0,0,0
2026-04-29 21:31:18,94503150,52286,32783365,145027,18211,79,83,25817196,12463,0,0,0
2026-04-29 21:31:20,94555548,52398,32801592,145086,18286,76,83,25829638,12442,0,0,0
2026-04-29 21:31:21,94609423,53875,32820309,145167,18798,82,83,25842040,12402,0,0,0
2026-04-29 21:31:22,94660890,51467,32838156,145257,17937,77,83,25854420,12380,0,0,0
2026-04-29 21:31:23,94709151,48261,32854905,145324,16816,80,83,25866848,12428,0,0,0
2026-04-29 21:31:24,94759909,50758,32872593,145394,17758,81,83,25891705,24857,0,0,0
2026-04-29 21:31:25,94812557,52648,32890838,145478,18329,79,83,25904169,12464,0,0,0
2026-04-29 21:31:26,94865061,52504,32909051,145562,18297,77,83,25916685,12516,0,0,0
2026-04-29 21:31:28,94917450,52389,32927201,145649,18237,82,83,25929272,12587,0,0,0
2026-04-29 21:31:29,94968024,50574,32944755,145726,17631,81,83,25941898,12626,0,0,0
2026-04-29 21:31:30,95014948,46924,32961043,145802,16364,82,83,25954496,12598,0,0,0
2026-04-29 21:31:31,95061590,46642,32977201,145850,16206,81,83,25967059,12563,0,0,0
2026-04-29 21:31:32,95108376,46786,32993383,145920,16252,78,83,25992085,25026,0,0,0
2026-04-29 21:31:33,95158196,49820,33010656,146011,17364,78,83,26004585,12500,0,0,0
2026-04-29 21:31:34,95209460,51264,33028433,146074,17840,78,83,26017099,12514,0,0,0
2026-04-29 21:31:36,95258392,48932,33045402,146152,17047,82,83,26029654,12555,0,0,0
2026-04-29 21:31:37,95307514,49122,33062478,146226,17150,82,83,26042225,12571,0,0,0
2026-04-29 21:31:38,95351475,43961,33077734,146293,15323,82,83,26054800,12575,0,0,0
2026-04-29 21:31:39,95396880,45405,33093508,146370,15851,82,83,26067378,12578,0,0,0
2026-04-29 21:31:40,95445104,48224,33110162,146468,16752,82,83,26092503,25125,0,0,0
2026-04-29 21:31:41,95494761,49657,33127418,146545,17333,81,83,26105071,12568,0,0,0
2026-04-29 21:31:42,95544055,49294,33144518,146615,17170,81,83,26117629,12558,0,0,0
2026-04-29 21:31:44,95590809,46754,33160733,146693,16293,82,83,26130190,12561,0,0,0
2026-04-29 21:31:45,95637660,46851,33177025,146742,16341,78,83,26142744,12554,0,0,0
2026-04-29 21:31:46,95679314,41654,33191552,146804,14589,82,83,26155306,12562,0,0,0
2026-04-29 21:31:47,95718392,39078,33205152,146855,13651,82,83,26167872,12566,0,0,0
2026-04-29 21:31:48,95760772,42380,33219846,146909,14748,82,83,26180468,12596,0,0,0
2026-04-29 21:31:49,95802756,41984,33234396,146968,14609,78,83,26205588,25120,0,0,0
2026-04-29 21:31:50,95851521,48765,33251287,147048,16971,81,83,26218088,12500,0,0,0
2026-04-29 21:31:51,95903052,51531,33269141,147129,17935,78,83,26230580,12492,0,0,0
2026-04-29 21:31:53,95954087,51035,33286819,147213,17762,79,83,26243065,12485,0,0,0
2026-04-29 21:31:54,96003165,49078,33303941,147284,17193,82,83,26255557,12492,0,0,0
2026-04-29 21:31:55,96052059,48894,33320876,147364,17015,82,83,26268064,12507,0,0,0
2026-04-29 21:31:56,96102240,50181,33338228,147431,17419,80,83,26293046,24982,0,0,0
2026-04-29 21:31:57,96156709,54469,33357121,147515,18977,79,83,26305470,12424,0,0,0
2026-04-29 21:31:58,96211570,54861,33376153,147591,19108,81,83,26317752,12282,0,0,0
2026-04-29 21:31:59,96266890,55320,33395322,147693,19271,78,83,26330060,12308,0,0,0
2026-04-29 21:32:01,96322813,55923,33414708,147788,19481,78,83,26342359,12299,0,0,0
2026-04-29 21:32:02,96377615,54802,33433712,147879,19095,82,83,26354645,12286,0,0,0
2026-04-29 21:32:03,96429421,51806,33451744,147952,18105,81,83,26366900,12255,0,0,0
2026-04-29 21:32:04,96484161,54740,33470724,148028,19056,82,83,26391488,24588,0,0,0
2026-04-29 21:32:05,96539774,55613,33490039,148103,19390,78,83,26403766,12278,0,0,0
2026-04-29 21:32:06,96595565,55791,33509391,148195,19444,72,83,26415978,12212,0,0,0
2026-04-29 21:32:07,96651587,56022,33528793,148293,19500,76,83,26428196,12218,0,0,0
2026-04-29 21:32:09,96707741,56154,33548289,148362,19565,75,83,26440423,12227,0,0,0
2026-04-29 21:32:10,96762871,55130,33567421,148440,19210,81,83,26452641,12218,0,0,0
2026-04-29 21:32:11,96817948,55077,33586522,148524,19185,82,83,26464879,12238,0,0,0
2026-04-29 21:32:12,96874041,56093,33605938,148616,19508,82,83,26489302,24423,0,0,0
2026-04-29 21:32:13,96929555,55514,33625203,148711,19360,82,83,26501530,12228,0,0,0
2026-04-29 21:32:14,96984764,55209,33644351,148809,19246,81,83,26513763,12233,0,0,0
2026-04-29 21:32:16,97040698,55934,33663774,148890,19504,77,83,26525969,12206,0,0,0
2026-04-29 21:32:17,97097164,56466,33683346,148968,19650,79,83,26538172,12203,0,0,0
2026-04-29 21:32:18,97152042,54878,33702410,149050,19146,75,83,26550398,12226,0,0,0
2026-04-29 21:32:19,97207254,55212,33721552,149137,19229,71,83,26574785,24387,0,0,0
2026-04-29 21:32:20,97263484,56230,33741026,149234,19571,72,83,26586924,12139,0,0,0
2026-04-29 21:32:21,97319712,56228,33760529,149318,19587,69,83,26599044,12120,0,0,0
2026-04-29 21:32:22,97375595,55883,33779906,149397,19456,73,83,26611159,12115,0,0,0
2026-04-29 21:32:24,97430987,55392,33799107,149503,19307,79,83,26623301,12142,0,0,0
2026-04-29 21:32:25,97486756,55769,33818477,149575,19442,77,83,26635440,12139,0,0,0
2026-04-29 21:32:26,97541800,55044,33837578,149674,19200,80,83,26647626,12186,0,0,0
2026-04-29 21:32:27,97597419,55619,33856880,149765,19393,82,83,26671992,24366,0,0,0
2026-04-29 21:32:28,97653570,56151,33876366,149856,19577,76,83,26684315,12323,0,0,0
2026-04-29 21:32:29,97709324,55754,33895708,149938,19424,81,83,26696631,12316,0,0,0
2026-04-29 21:32:31,97764817,55493,33914955,150020,19329,74,83,26708913,12282,0,0,0
2026-04-29 21:32:32,97819954,55137,33934113,150105,19243,69,83,26721191,12278,0,0,0
2026-04-29 21:32:33,97874622,54668,33953087,150182,19051,82,83,26733479,12288,0,0,0
2026-04-29 21:32:34,97928086,53464,33971704,150254,18689,82,83,26745829,12350,0,0,0
2026-04-29 21:32:35,97983396,55310,33990848,150347,19237,76,83,26770496,24667,0,0,0
2026-04-29 21:32:36,98039020,55624,34010168,150448,19421,54,83,26782809,12313,0,0,0
2026-04-29 21:32:37,98095382,56362,34029675,150552,19611,82,83,26795153,12344,0,0,0
2026-04-29 21:32:39,98151843,56461,34049252,150654,19679,78,83,26807482,12329,0,0,0
2026-04-29 21:32:40,98207103,55260,34068416,150741,19251,81,83,26819797,12315,0,0,0
2026-04-29 21:32:41,98261678,54575,34087354,150828,19025,82,83,26832114,12317,0,0,0
2026-04-29 21:32:42,98317187,55509,34106612,150909,19339,82,83,26856763,24649,0,0,0
2026-04-29 21:32:43,98372453,55266,34125805,150988,19272,82,83,26869103,12340,0,0,0
2026-04-29 21:32:44,98428024,55571,34145105,151075,19387,82,83,26881480,12377,0,0,0
2026-04-29 21:32:45,98483996,55972,34164503,151142,19465,79,83,26893828,12348,0,0,0
2026-04-29 21:32:47,98540364,56368,34184070,151232,19657,82,83,26906195,12367,0,0,0
2026-04-29 21:32:48,98595711,55347,34203301,151318,19317,82,83,26918552,12357,0,0,0
2026-04-29 21:32:49,98649657,53946,34222028,151401,18810,82,83,26930926,12374,0,0,0
2026-04-29 21:32:50,98703810,54153,34240791,151484,18846,78,83,26955646,24720,0,0,0
2026-04-29 21:32:51,98758419,54609,34259764,151553,19042,82,83,26968019,12373,0,0,0
2026-04-29 21:32:52,98813638,55219,34278958,151638,19279,82,83,26980387,12368,0,0,0
2026-04-29 21:32:54,98870051,56413,34298540,151739,19683,82,83,26992785,12398,0,0,0
2026-04-29 21:32:55,98925398,55347,34317734,151815,19270,76,83,27005154,12369,0,0,0
2026-04-29 21:32:56,98981136,55738,34337047,151898,19396,82,83,27017501,12347,0,0,0
2026-04-29 21:32:57,99036813,55677,34356352,151974,19381,81,83,27029801,12300,0,0,0
2026-04-29 21:32:58,99092746,55933,34375751,152073,19498,79,83,27054468,24667,0,0,0
2026-04-29 21:32:59,99148656,55910,34395159,152168,19503,68,83,27066870,12402,0,0,0
2026-04-29 21:33:00,99204937,56281,34414676,152257,19606,82,83,27079274,12404,0,0,0
2026-04-29 21:33:02,99261218,56281,34434226,152341,19634,82,83,27091689,12415,0,0,0
2026-04-29 21:33:03,99316919,55701,34453547,152424,19404,79,83,27104115,12426,0,0,0
2026-04-29 21:33:04,99371684,54765,34472532,152521,19082,81,83,27116524,12409,0,0,0
2026-04-29 21:33:05,99427642,55958,34491932,152608,19487,77,83,27141248,24724,0,0,0
2026-04-29 21:33:06,99482995,55353,34511149,152689,19298,71,83,27153643,12395,0,0,0
2026-04-29 21:33:07,99539087,56092,34530628,152769,19559,81,83,27166043,12400,0,0,0
2026-04-29 21:33:09,99594989,55902,34550055,152849,19507,81,83,27178419,12376,0,0,0
2026-04-29 21:33:10,99651526,56537,34569664,152927,19687,78,83,27190759,12340,0,0,0
2026-04-29 21:33:11,99707053,55527,34588905,153020,19334,73,83,27203074,12315,0,0,0
2026-04-29 21:33:12,99762490,55437,34608152,153100,19327,67,83,27215402,12328,0,0,0
2026-04-29 21:33:13,99817550,55060,34627275,153181,19204,81,83,27240146,24744,0,0,0
2026-04-29 21:33:14,99873629,56079,34646708,153274,19526,76,83,27252542,12396,0,0,0
2026-04-29 21:33:15,99929846,56217,34666198,153360,19576,77,83,27264916,12374,0,0,0
2026-04-29 21:33:17,99986419,56573,34685822,153448,19712,80,83,27277276,12360,0,0,0
2026-04-29 21:33:18,100042368,55949,34705264,153530,19524,80,83,27289607,12331,0,0,0
2026-04-29 21:33:19,100097367,54999,34724335,153633,19174,82,83,27301936,12329,0,0,0
2026-04-29 21:33:20,100152297,54930,34743366,153724,19122,75,83,27326632,24696,0,0,0
2026-04-29 21:33:21,100206256,53959,34762105,153788,18803,77,83,27339007,12375,0,0,0
2026-04-29 21:33:22,100261921,55665,34781439,153875,19421,79,83,27351381,12374,0,0,0
2026-04-29 21:33:23,100317839,55918,34800838,153959,19483,77,83,27363756,12375,0,0,0
2026-04-29 21:33:25,100373705,55866,34820223,154059,19485,70,83,27376127,12371,0,0,0
2026-04-29 21:33:26,100428971,55266,34839361,154169,19248,77,83,27388485,12358,0,0,0
2026-04-29 21:33:27,100485340,56369,34858845,154249,19564,78,83,27400878,12393,0,0,0
2026-04-29 21:33:28,100539903,54563,34877762,154354,19022,73,83,27425733,24855,0,0,0
2026-04-29 21:33:29,100595285,55382,34897010,154442,19336,80,83,27438164,12431,0,0,0
2026-04-29 21:33:30,100650719,55434,34916276,154534,19358,81,83,27450578,12414,0,0,0
2026-04-29 21:33:32,100707406,56687,34935871,154642,19703,79,83,27463011,12433,0,0,0
2026-04-29 21:33:33,100763559,56153,34955344,154731,19562,81,83,27475504,12493,0,0,0
2026-04-29 21:33:34,100817518,53959,34974106,154818,18849,81,83,27487981,12477,0,0,0
2026-04-29 21:33:35,100872642,55124,34993183,154902,19161,82,83,27512894,24913,0,0,0
2026-04-29 21:33:36,100925429,52787,35011493,154975,18383,75,83,27525322,12428,0,0,0
2026-04-29 21:33:37,100978417,52988,35029882,155051,18465,76,83,27537744,12422,0,0,0
2026-04-29 21:33:38,101033431,55014,35048982,155131,19180,82,83,27550183,12439,0,0,0
2026-04-29 21:33:40,101086752,53321,35067555,155217,18659,79,83,27562640,12457,0,0,0
2026-04-29 21:33:41,101140890,54138,35086326,155303,18857,81,83,27575112,12472,0,0,0
2026-04-29 21:33:42,101193495,52605,35104596,155390,18357,81,83,27587586,12474,0,0,0
2026-04-29 21:33:43,101244550,51055,35122318,155461,17793,76,83,27612549,24963,0,0,0
2026-04-29 21:33:44,101298176,53626,35140926,155535,18682,80,83,27625041,12492,0,0,0
2026-04-29 21:33:45,101351481,53305,35159460,155610,18609,76,83,27637544,12503,0,0,0
2026-04-29 21:33:46,101404543,53062,35177832,155705,18467,80,83,27650066,12522,0,0,0
2026-04-29 21:33:48,101457210,52667,35196136,155788,18387,76,83,27662563,12497,0,0,0
2026-04-29 21:33:49,101507658,50448,35213704,155851,17631,82,83,27675035,12472,0,0,0
2026-04-29 21:33:50,101554580,46922,35229910,155922,16277,79,83,27687453,12418,0,0,0
2026-04-29 21:33:51,101601168,46588,35246057,155992,16217,82,83,27712259,24806,0,0,0
2026-04-29 21:33:52,101649250,48082,35262763,156062,16776,75,83,27724664,12405,0,0,0
2026-04-29 21:33:53,101701736,52486,35280935,156144,18254,82,83,27737043,12379,0,0,0
2026-04-29 21:33:54,101752547,50811,35298585,156224,17730,70,83,27749371,12328,0,0,0
2026-04-29 21:33:56,101802709,50162,35315981,156300,17472,82,83,27761686,12315,0,0,0
2026-04-29 21:33:57,101852311,49602,35333223,156370,17312,82,83,27774055,12369,0,0,0
2026-04-29 21:33:58,101899752,47441,35349678,156459,16544,82,83,27786467,12412,0,0,0
2026-04-29 21:33:59,101945508,45756,35365561,156526,15950,78,83,27798815,12348,0,0,0
2026-04-29 21:34:00,101991341,45833,35381451,156589,15953,71,83,27823470,24655,0,0,0
2026-04-29 21:34:01,102041791,50450,35398934,156662,17556,81,83,27835778,12308,0,0,0
2026-04-29 21:34:02,102095099,53308,35417440,156735,18579,82,83,27848105,12327,0,0,0
2026-04-29 21:34:04,102148369,53270,35435888,156814,18527,77,83,27860412,12307,0,0,0
2026-04-29 21:34:05,102201449,53080,35454296,156897,18491,79,83,27872733,12321,0,0,0
2026-04-29 21:34:06,102251704,50255,35471734,156978,17519,82,83,27885051,12318,0,0,0
2026-04-29 21:34:07,102303817,52113,35489761,157071,18120,77,83,27897358,12307,0,0,0
2026-04-29 21:34:08,102357605,53788,35508401,157161,18730,71,83,27921981,24623,0,0,0
2026-04-29 21:34:09,102412487,54882,35527443,157238,19119,79,83,27934275,12294,0,0,0
2026-04-29 21:34:10,102467954,55467,35546745,157311,19375,81,83,27946587,12312,0,0,0
2026-04-29 21:34:12,102523858,55904,35566136,157400,19480,73,83,27958920,12333,0,0,0
2026-04-29 21:34:13,102578981,55123,35585281,157477,19222,82,83,27971257,12337,0,0,0
2026-04-29 21:34:14,102633826,54845,35604335,157567,19144,79,83,27983542,12285,0,0,0
2026-04-29 21:34:15,102688720,54894,35623432,157644,19174,76,83,28008160,24618,0,0,0
2026-04-29 21:34:16,102744527,55807,35642832,157723,19479,77,83,28020497,12337,0,0,0
2026-04-29 21:34:17,102800460,55933,35662244,157815,19504,77,83,28032853,12356,0,0,0
2026-04-29 21:34:19,102855989,55529,35681528,157894,19363,81,83,28045196,12343,0,0,0
2026-04-29 21:34:20,102911543,55554,35700789,157983,19350,80,83,28057536,12340,0,0,0
2026-04-29 21:34:21,102966735,55192,35719954,158062,19244,77,83,28069843,12307,0,0,0
2026-04-29 21:34:22,103021386,54651,35738888,158137,19009,82,83,28082158,12315,0,0,0
2026-04-29 21:34:23,103076415,55029,35757961,158214,19150,77,83,28106924,24766,0,0,0
2026-04-29 21:34:24,103130311,53896,35776685,158283,18793,81,83,28119304,12380,0,0,0
2026-04-29 21:34:25,103185930,55619,35795994,158370,19396,75,83,28131677,12373,0,0,0
2026-04-29 21:34:27,103241584,55654,35815304,158466,19406,73,83,28144057,12380,0,0,0
2026-04-29 21:34:28,103296448,54864,35834387,158561,19178,80,83,28156445,12388,0,0,0
2026-04-29 21:34:29,103352213,55765,35853702,158653,19407,77,83,28168854,12409,0,0,0
2026-04-29 21:34:30,103407333,55120,35872839,158738,19222,82,83,28193795,24941,0,0,0
2026-04-29 21:34:31,103463731,56398,35892346,158827,19596,76,83,28206290,12495,0,0,0
2026-04-29 21:34:32,103519860,56129,35911777,158921,19525,79,83,28218769,12479,0,0,0
2026-04-29 21:34:34,103575397,55537,35931056,158999,19357,72,83,28231265,12496,0,0,0
2026-04-29 21:34:35,103630356,54959,35950129,159089,19163,80,83,28243761,12496,0,0,0
2026-04-29 21:34:36,103686225,55869,35969511,159168,19461,75,83,28256244,12483,0,0,0
2026-04-29 21:34:37,103741865,55640,35988772,159263,19356,80,83,28268728,12484,0,0,0
2026-04-29 21:34:38,103795820,53955,36007532,159359,18856,81,83,28293750,25022,0,0,0
2026-04-29 21:34:39,103849231,53411,36026079,159438,18626,68,83,28306270,12520,0,0,0
2026-04-29 21:34:40,103904615,55384,36045276,159526,19285,81,83,28318805,12535,0,0,0
2026-04-29 21:34:42,103959886,55271,36064499,159589,19286,80,83,28331316,12511,0,0,0
2026-04-29 21:34:43,104014844,54958,36083572,159683,19167,77,83,28343870,12554,0,0,0
2026-04-29 21:34:44,104069155,54311,36102410,159772,18927,78,83,28356404,12534,0,0,0
2026-04-29 21:34:45,104124386,55231,36121535,159864,19217,81,83,28368889,12485,0,0,0
2026-04-29 21:34:46,104180138,55752,36140845,159945,19391,76,83,28393870,24981,0,0,0
2026-04-29 21:34:47,104235587,55449,36160102,160036,19348,82,83,28406389,12519,0,0,0
2026-04-29 21:34:48,104290890,55303,36179302,160131,19295,80,83,28418952,12563,0,0,0
2026-04-29 21:34:50,104347109,56219,36198758,160236,19561,80,83,28431462,12510,0,0,0
2026-04-29 21:34:51,104403127,56018,36218174,160322,19502,58,83,28443990,12528,0,0,0
2026-04-29 21:34:52,104458909,55782,36237494,160413,19411,78,83,28456459,12469,0,0,0
2026-04-29 21:34:53,104514253,55344,36256686,160503,19282,78,83,28481424,24965,0,0,0
2026-04-29 21:34:54,104569743,55490,36275912,160594,19317,79,83,28493895,12471,0,0,0
2026-04-29 21:34:55,104624911,55168,36295060,160680,19234,70,83,28506336,12441,0,0,0
2026-04-29 21:34:57,104681121,56210,36314515,160770,19545,74,83,28518771,12435,0,0,0
2026-04-29 21:34:58,104736607,55486,36333773,160861,19349,76,83,28531220,12449,0,0,0
2026-04-29 21:34:59,104792198,55591,36353052,160946,19364,69,83,28543759,12539,0,0,0
2026-04-29 21:35:00,104847826,55628,36372334,161027,19363,79,83,28556268,12509,0,0,0
2026-04-29 21:35:01,104902874,55048,36391429,161103,19171,82,83,28581259,24991,0,0,0
2026-04-29 21:35:02,104958056,55182,36410624,161176,19268,73,83,28593729,12470,0,0,0
2026-04-29 21:35:03,105014372,56316,36430141,161248,19589,77,83,28606202,12473,0,0,0
2026-04-29 21:35:05,105069564,55192,36449299,161326,19236,77,83,28618685,12483,0,0,0
2026-04-29 21:35:06,105124942,55378,36468497,161403,19275,79,83,28631174,12489,0,0,0
2026-04-29 21:35:07,105178936,53994,36487219,161492,18811,82,83,28643655,12481,0,0,0
2026-04-29 21:35:08,105233535,54599,36506195,161572,19056,80,83,28656144,12489,0,0,0
2026-04-29 21:35:09,105287559,54024,36524980,161646,18859,75,83,28681117,24973,0,0,0
2026-04-29 21:35:10,105342774,55215,36544075,161750,19199,79,83,28693568,12451,0,0,0
2026-04-29 21:35:11,105399423,56649,36563706,161847,19728,80,83,28706034,12466,0,0,0
2026-04-29 21:35:13,105455457,56034,36583120,161933,19500,76,83,28718523,12489,0,0,0
2026-04-29 21:35:14,105510960,55503,36602405,162015,19367,82,83,28731043,12520,0,0,0
2026-04-29 21:35:15,105565966,55006,36621510,162080,19170,80,83,28743532,12489,0,0,0
2026-04-29 21:35:16,105621554,55588,36640786,162149,19345,74,83,28768478,24946,0,0,0
2026-04-29 21:35:17,105677710,56156,36660275,162237,19577,81,83,28780992,12514,0,0,0
2026-04-29 21:35:18,105733472,55762,36679639,162314,19441,79,83,28793501,12509,0,0,0
2026-04-29 21:35:20,105789311,55839,36699006,162393,19446,76,83,28806066,12565,0,0,0
2026-04-29 21:35:21,105845823,56512,36718634,162469,19704,77,83,28818570,12504,0,0,0
2026-04-29 21:35:22,105901206,55383,36737823,162566,19286,81,83,28831033,12463,0,0,0
2026-04-29 21:35:23,105955664,54458,36756733,162652,18996,80,83,28843473,12440,0,0,0
2026-04-29 21:35:24,106011009,55345,36775953,162729,19297,82,83,28868348,24875,0,0,0
2026-04-29 21:35:25,106064925,53916,36794684,162812,18814,77,83,28880798,12450,0,0,0
2026-04-29 21:35:26,106117139,52214,36812815,162891,18210,82,83,28893214,12416,0,0,0
2026-04-29 21:35:28,106172180,55041,36831899,162992,19185,82,83,28905634,12420,0,0,0
2026-04-29 21:35:29,106226590,54410,36850806,163089,19004,82,83,28918055,12421,0,0,0
2026-04-29 21:35:30,106280107,53517,36869337,163159,18601,77,83,28930485,12430,0,0,0
2026-04-29 21:35:31,106334854,54747,36888301,163252,19057,82,83,28955456,24971,0,0,0
2026-04-29 21:35:32,106388285,53431,36906838,163349,18634,80,83,28967949,12493,0,0,0
2026-04-29 21:35:33,106441440,53155,36925275,163443,18531,82,83,28980415,12466,0,0,0
2026-04-29 21:35:35,106495859,54419,36944097,163534,18913,79,83,28992875,12460,0,0,0
2026-04-29 21:35:36,106552034,56175,36963566,163611,19546,82,83,29005377,12502,0,0,0
2026-04-29 21:35:37,106605037,53003,36981958,163706,18487,82,83,29017892,12515,0,0,0
2026-04-29 21:35:38,106656363,51326,36999748,163790,17874,82,83,29030421,12529,0,0,0
2026-04-29 21:35:39,106707755,51392,37017537,163874,17873,77,83,29055542,25121,0,0,0
2026-04-29 21:35:40,106757883,50128,37034945,163957,17491,82,83,29068072,12530,0,0,0
2026-04-29 21:35:41,106808336,50453,37052457,164035,17590,75,83,29080553,12481,0,0,0
2026-04-29 21:35:43,106860393,52057,37070502,164118,18128,79,83,29093020,12467,0,0,0
2026-04-29 21:35:44,106911992,51599,37088433,164193,18006,82,83,29105497,12477,0,0,0
2026-04-29 21:35:45,106961277,49285,37105551,164260,17185,82,83,29118001,12504,0,0,0
2026-04-29 21:35:46,107010413,49136,37122610,164337,17136,82,83,29130529,12528,0,0,0
2026-04-29 21:35:47,107059138,48725,37139435,164410,16898,81,83,29155621,25092,0,0,0
2026-04-29 21:35:48,107105939,46801,37155690,164483,16328,81,83,29168212,12591,0,0,0
2026-04-29 21:35:49,107154702,48763,37172585,164560,16972,77,83,29180792,12580,0,0,0
2026-04-29 21:35:51,107204612,49910,37189905,164635,17395,76,83,29193383,12591,0,0,0
2026-04-29 21:35:52,107257187,52575,37208161,164717,18338,75,83,29205963,12580,0,0,0
2026-04-29 21:35:53,107310077,52890,37226543,164784,18449,74,83,29218527,12564,0,0,0
2026-04-29 21:35:54,107361036,50959,37244214,164863,17750,72,83,29231104,12577,0,0,0
2026-04-29 21:35:55,107412968,51932,37262208,164938,18069,81,83,29256204,25100,0,0,0
2026-04-29 21:35:56,107464814,51846,37280253,165011,18118,78,83,29268750,12546,0,0,0
2026-04-29 21:35:57,107513285,48471,37297046,165086,16868,79,83,29281356,12606,0,0,0
2026-04-29 21:35:59,107565241,51956,37315062,165184,18114,80,83,29293888,12532,0,0,0
2026-04-29 21:36:00,107615817,50576,37332627,165270,17651,81,83,29306412,12524,0,0,0
2026-04-29 21:36:01,107667360,51543,37350562,165335,18000,82,83,29318979,12567,0,0,0
2026-04-29 21:36:02,107718174,50814,37368146,165408,17657,79,83,29331552,12573,0,0,0
2026-04-29 21:36:03,107766688,48514,37384955,165487,16888,81,83,29356665,25113,0,0,0
2026-04-29 21:36:04,107816024,49336,37402116,165561,17235,82,83,29369243,12578,0,0,0
2026-04-29 21:36:05,107867377,51353,37419936,165636,17895,81,83,29381819,12576,0,0,0
2026-04-29 21:36:07,107918038,50661,37437565,165705,17698,61,83,29394445,12626,0,0,0
2026-04-29 21:36:08,107968766,50728,37455139,165772,17641,80,83,29407082,12637,0,0,0
2026-04-29 21:36:09,108017523,48757,37472033,165863,16985,82,83,29419742,12660,0,0,0
2026-04-29 21:36:10,108063660,46137,37488076,165932,16112,76,83,29432404,12662,0,0,0
2026-04-29 21:36:11,108106216,42556,37502808,165996,14796,82,83,29445087,12683,0,0,0
2026-04-29 21:36:12,108148497,42281,37517458,166063,14717,78,83,29470446,25359,0,0,0
2026-04-29 21:36:13,108197811,49314,37534581,166137,17197,81,83,29483111,12665,0,0,0
2026-04-29 21:36:14,108251110,53299,37553067,166216,18565,80,83,29495770,12659,0,0,0
2026-04-29 21:36:16,108304045,52935,37571457,166277,18451,79,83,29508456,12686,0,0,0
2026-04-29 21:36:17,108355442,51397,37589286,166352,17904,82,83,29521103,12647,0,0,0
2026-04-29 21:36:18,108408105,52663,37607636,166411,18409,81,83,29533751,12648,0,0,0
2026-04-29 21:36:19,108462540,54435,37626532,166486,18971,75,83,29558943,25192,0,0,0
2026-04-29 21:36:20,108515440,52900,37644911,166571,18464,78,83,29571532,12589,0,0,0
2026-04-29 21:36:21,108569886,54446,37663799,166661,18978,82,83,29584133,12601,0,0,0
2026-04-29 21:36:23,108624694,54808,37682859,166725,19124,80,83,29596766,12633,0,0,0
2026-04-29 21:36:24,108680375,55681,37702177,166804,19397,80,83,29609380,12614,0,0,0
2026-04-29 21:36:25,108734837,54462,37721084,166885,18988,82,83,29621977,12597,0,0,0
2026-04-29 21:36:26,108788627,53790,37739754,166961,18746,78,83,29634517,12540,0,0,0
2026-04-29 21:36:27,108844356,55729,37759070,167049,19404,82,83,29659628,25111,0,0,0
2026-04-29 21:36:28,108898119,53763,37777731,167134,18746,75,83,29672102,12474,0,0,0
2026-04-29 21:36:29,108953068,54949,37796767,167205,19107,78,83,29684569,12467,0,0,0
2026-04-29 21:36:31,109008568,55500,37816006,167277,19311,81,83,29697040,12471,0,0,0
2026-04-29 21:36:32,109062180,53612,37834655,167361,18733,82,83,29709500,12460,0,0,0
2026-04-29 21:36:33,109116060,53880,37853378,167433,18795,77,83,29721957,12457,0,0,0
2026-04-29 21:36:34,109170916,54856,37872399,167503,19091,80,83,29746797,24840,0,0,0
2026-04-29 21:36:35,109226172,55256,37891566,167593,19257,80,83,29759209,12412,0,0,0
2026-04-29 21:36:36,109281237,55065,37910658,167690,19189,67,83,29771636,12427,0,0,0
2026-04-29 21:36:37,109336420,55183,37929832,167763,19247,81,83,29784063,12427,0,0,0
2026-04-29 21:36:39,109392182,55762,37949174,167860,19439,81,83,29796483,12420,0,0,0
2026-04-29 21:36:40,109445867,53685,37967852,167943,18761,81,83,29808906,12423,0,0,0
2026-04-29 21:36:41,109500656,54789,37986865,168038,19108,82,83,29821298,12392,0,0,0
2026-04-29 21:36:42,109555557,54901,38005921,168112,19130,82,83,29846074,24776,0,0,0
2026-04-29 21:36:43,109608315,52758,38024268,168197,18432,81,83,29858478,12404,0,0,0
2026-04-29 21:36:44,109661197,52882,38042575,168274,18384,73,83,29870872,12394,0,0,0
2026-04-29 21:36:46,109716563,55366,38061737,168376,19264,75,83,29883283,12411,0,0,0
2026-04-29 21:36:47,109771445,54882,38080788,168474,19149,79,83,29895682,12399,0,0,0
2026-04-29 21:36:48,109825967,54522,38099687,168556,18981,81,83,29908041,12359,0,0,0
2026-04-29 21:36:49,109880838,54871,38118690,168639,19086,81,83,29920387,12346,0,0,0
2026-04-29 21:36:50,109934397,53559,38137294,168709,18674,76,83,29945092,24705,0,0,0
2026-04-29 21:36:51,109988564,54167,38156116,168781,18894,81,83,29957441,12349,0,0,0
2026-04-29 21:36:52,110041739,53175,38174575,168852,18530,66,83,29969782,12341,0,0,0
2026-04-29 21:36:54,110095660,53921,38193264,168939,18776,79,83,29982117,12335,0,0,0
2026-04-29 21:36:55,110149726,54066,38212022,169019,18838,77,83,29994446,12329,0,0,0
2026-04-29 21:36:56,110203805,54079,38230784,169113,18856,82,83,30006780,12334,0,0,0
2026-04-29 21:36:57,110254939,51134,38248530,169198,17831,74,83,30019088,12308,0,0,0
2026-04-29 21:36:58,110306948,52009,38266519,169276,18067,76,83,30043783,24695,0,0,0
2026-04-29 21:36:59,110357386,50438,38284018,169361,17584,74,83,30056185,12402,0,0,0
2026-04-29 21:37:00,110412415,55029,38303039,169445,19105,81,83,30068580,12395,0,0,0
2026-04-29 21:37:02,110466350,53935,38321717,169532,18765,76,83,30080922,12342,0,0,0
2026-04-29 21:37:03,110520297,53947,38340477,169596,18824,75,83,30093283,12361,0,0,0
2026-04-29 21:37:04,110574326,54029,38359242,169657,18826,80,83,30105648,12365,0,0,0
2026-04-29 21:37:05,110629079,54753,38378261,169735,19097,81,83,30130427,24779,0,0,0
2026-04-29 21:37:06,110684419,55340,38397426,169820,19250,74,83,30142803,12376,0,0,0
2026-04-29 21:37:07,110740341,55922,38416777,169893,19424,81,83,30155190,12387,0,0,0
2026-04-29 21:37:09,110795470,55129,38435943,169972,19245,71,83,30167547,12357,0,0,0
2026-04-29 21:37:10,110850469,54999,38454996,170050,19131,77,83,30179901,12354,0,0,0
2026-04-29 21:37:11,110905372,54903,38474054,170142,19150,74,83,30192243,12342,0,0,0
2026-04-29 21:37:12,110959467,54095,38492884,170229,18917,80,83,30204596,12353,0,0,0
2026-04-29 21:37:13,111014782,55315,38512065,170315,19267,77,83,30229318,24722,0,0,0
2026-04-29 21:37:14,111069612,54830,38531092,170399,19111,78,83,30241721,12403,0,0,0
2026-04-29 21:37:15,111125347,55735,38550417,170463,19389,72,83,30254115,12394,0,0,0
2026-04-29 21:37:17,111179643,54296,38569277,170543,18940,82,83,30266535,12420,0,0,0
2026-04-29 21:37:18,111235424,55781,38588610,170622,19412,82,83,30278915,12380,0,0,0
2026-04-29 21:37:19,111289783,54359,38607479,170702,18949,68,83,30291289,12374,0,0,0
2026-04-29 21:37:20,111344379,54596,38626426,170783,19028,82,83,30303658,12369,0,0,0
2026-04-29 21:37:21,111399509,55130,38645558,170859,19208,78,83,30328399,24741,0,0,0
2026-04-29 21:37:22,111453648,54139,38664351,170946,18880,82,83,30340768,12369,0,0,0
2026-04-29 21:37:23,111506573,52925,38682706,171018,18427,80,83,30353123,12355,0,0,0
2026-04-29 21:37:25,111560296,53723,38701365,171089,18730,78,83,30365474,12351,0,0,0
2026-04-29 21:37:26,111615071,54775,38720407,171163,19116,82,83,30377794,12320,0,0,0
2026-04-29 21:37:27,111668971,53900,38739122,171229,18781,82,83,30390139,12345,0,0,0
2026-04-29 21:37:28,111719595,50624,38756666,171294,17609,82,83,30402474,12335,0,0,0
2026-04-29 21:37:29,111771841,52246,38774818,171356,18214,82,83,30427182,24708,0,0,0
2026-04-29 21:37:30,111822227,50386,38792290,171440,17556,76,83,30439517,12335,0,0,0
2026-04-29 21:37:31,111873244,51017,38809966,171532,17768,82,83,30451828,12311,0,0,0
2026-04-29 21:37:33,111925211,51967,38827987,171607,18096,82,83,30464140,12312,0,0,0
2026-04-29 21:37:34,111976540,51329,38845835,171670,17911,82,83,30476445,12305,0,0,0
2026-04-29 21:37:35,112025400,48860,38862778,171756,17029,82,83,30488773,12328,0,0,0
2026-04-29 21:37:36,112073802,48402,38879537,171831,16834,79,83,30501092,12319,0,0,0
2026-04-29 21:37:37,112124904,51102,38897238,171890,17760,78,83,30525679,24587,0,0,0
2026-04-29 21:37:38,112175002,50098,38914616,171967,17455,80,83,30537968,12289,0,0,0
2026-04-29 21:37:39,112225280,50278,38932062,172042,17521,81,83,30550261,12293,0,0,0
2026-04-29 21:37:41,112276293,51013,38949755,172122,17773,81,83,30562566,12305,0,0,0
2026-04-29 21:37:42,112323603,47310,38966204,172192,16519,82,83,30574883,12317,0,0,0
2026-04-29 21:37:43,112369930,46327,38982294,172281,16179,82,83,30587146,12263,0,0,0
2026-04-29 21:37:44,112412785,42855,38997148,172330,14903,82,83,30599389,12243,0,0,0
2026-04-29 21:37:45,112456526,43741,39012246,172409,15177,79,83,30623890,24501,0,0,0
2026-04-29 21:37:46,112507846,51320,39030030,172500,17875,74,83,30636175,12285,0,0,0
2026-04-29 21:37:47,112552348,44502,39045442,172572,15484,82,83,30648452,12277,0,0,0
2026-04-29 21:37:49,112603046,50698,39063036,172646,17668,80,83,30660699,12247,0,0,0
2026-04-29 21:37:50,112654597,51551,39080930,172721,17969,79,83,30672942,12243,0,0,0
2026-04-29 21:37:51,112708460,53863,39099627,172801,18777,79,83,30685216,12274,0,0,0
2026-04-29 21:37:52,112762921,54461,39118524,172882,18978,81,83,30709762,24546,0,0,0
2026-04-29 21:37:53,112818636,55715,39137876,172970,19440,82,83,30722030,12268,0,0,0
2026-04-29 21:37:54,112874752,56116,39157288,173059,19501,76,83,30734285,12255,0,0,0
2026-04-29 21:37:55,112930400,55648,39176574,173144,19371,77,83,30746539,12254,0,0,0
2026-04-29 21:37:57,112987022,56622,39196181,173244,19707,74,83,30758787,12248,0,0,0
2026-04-29 21:37:58,113043219,56197,39215656,173336,19567,76,83,30771023,12236,0,0,0
2026-04-29 21:37:59,113098043,54824,39234685,173417,19110,80,83,30783125,12102,0,0,0
2026-04-29 21:38:00,113153742,55699,39254003,173482,19383,70,83,30807366,24241,0,0,0
2026-04-29 21:38:01,113209210,55468,39273225,173578,19318,70,83,30819506,12140,0,0,0
2026-04-29 21:38:02,113253077,43867,39288434,173655,15286,80,83,30831632,12126,0,0,0
2026-04-29 21:38:04,113295625,42548,39303182,173728,14821,81,83,30843743,12111,0,0,0
2026-04-29 21:38:05,113341998,46373,39319284,173805,16179,76,83,30855834,12091,0,0,0
2026-04-29 21:38:06,113384509,42511,39334105,173864,14880,82,83,30867960,12126,0,0,0
2026-04-29 21:38:07,113426736,42227,39348726,173920,14677,81,83,30880074,12114,0,0,0
2026-04-29 21:38:08,113467216,40480,39362799,173980,14133,82,83,30892207,12133,0,0,0
2026-04-29 21:38:09,113511510,44294,39378123,174034,15378,79,83,30916532,24325,0,0,0
2026-04-29 21:38:10,113557542,46032,39394138,174102,16083,78,83,30928741,12209,0,0,0
2026-04-29 21:38:11,113605586,48044,39410811,174173,16744,82,83,30940932,12191,0,0,0
2026-04-29 21:38:13,113656151,50565,39428342,174252,17610,82,83,30953106,12174,0,0,0
2026-04-29 21:38:14,113703557,47406,39444834,174313,16553,82,83,30965268,12162,0,0,0
2026-04-29 21:38:15,113752402,48845,39461709,174393,16955,76,83,30977459,12191,0,0,0
2026-04-29 21:38:16,113799343,46941,39477995,174481,16374,80,83,30989657,12198,0,0,0
2026-04-29 21:38:17,113849125,49782,39495272,174543,17339,70,83,31014076,24419,0,0,0
2026-04-29 21:38:18,113900225,51100,39513011,174625,17821,73,83,31026286,12210,0,0,0
2026-04-29 21:38:19,113952706,52481,39531192,174698,18254,82,83,31038505,12219,0,0,0
2026-04-29 21:38:21,114004086,51380,39549036,174789,17935,80,83,31050731,12226,0,0,0
2026-04-29 21:38:22,114058448,54362,39567840,174884,18899,78,83,31062931,12200,0,0,0
2026-04-29 21:38:23,114110719,52271,39585980,174966,18222,80,83,31075166,12235,0,0,0
2026-04-29 21:38:24,114164982,54263,39604790,175031,18875,82,83,31099740,24574,0,0,0
2026-04-29 21:38:25,114220816,55834,39624133,175121,19433,78,83,31112026,12286,0,0,0
2026-04-29 21:38:26,114275886,55070,39643247,175204,19197,74,83,31124289,12263,0,0,0
2026-04-29 21:38:27,114330647,54761,39662277,175289,19115,68,83,31136551,12262,0,0,0
2026-04-29 21:38:29,114385848,55201,39681394,175382,19210,79,83,31148711,12160,0,0,0
2026-04-29 21:38:30,114440687,54839,39700447,175466,19137,71,83,31160805,12094,0,0,0
2026-04-29 21:38:31,114495137,54450,39719309,175561,18957,79,83,31172914,12109,0,0,0
2026-04-29 21:38:32,114551178,56041,39738709,175650,19489,82,83,31197093,24179,0,0,0
2026-04-29 21:38:33,114605888,54710,39757687,175726,19054,74,83,31209171,12078,0,0,0
2026-04-29 21:38:34,114661037,55149,39776842,175801,19230,82,83,31221261,12090,0,0,0
2026-04-29 21:38:36,114715025,53988,39795560,175869,18786,81,83,31233303,12042,0,0,0
2026-04-29 21:38:37,114770024,54999,39814661,175949,19181,82,83,31245341,12038,0,0,0
2026-04-29 21:38:38,114821649,51625,39832588,176026,18004,81,83,31257352,12011,0,0,0
2026-04-29 21:38:39,114873621,51972,39850627,176108,18121,82,83,31269348,11996,0,0,0
2026-04-29 21:38:40,114927345,53724,39869238,176198,18701,82,83,31293449,24101,0,0,0
2026-04-29 21:38:41,114981034,53689,39887882,176282,18728,82,83,31305563,12114,0,0,0
2026-04-29 21:38:42,115034312,53278,39906335,176380,18551,79,83,31317682,12119,0,0,0
2026-04-29 21:38:44,115086636,52324,39924488,176451,18224,75,83,31329766,12084,0,0,0
2026-04-29 21:38:45,115138760,52124,39942498,176537,18096,81,83,31341851,12085,0,0,0
2026-04-29 21:38:46,115188276,49516,39959761,176606,17332,78,83,31353935,12084,0,0,0
2026-04-29 21:38:47,115237979,49703,39976995,176680,17308,81,83,31366029,12094,0,0,0
2026-04-29 21:38:48,115288479,50500,39994513,176747,17585,80,83,31390139,24110,0,0,0
2026-04-29 21:38:49,115340626,52147,40012575,176825,18140,82,83,31402213,12074,0,0,0
2026-04-29 21:38:50,115391366,50740,40030175,176904,17679,79,83,31414305,12092,0,0,0
2026-04-29 21:38:52,115441921,50555,40047739,176972,17632,79,83,31426371,12066,0,0,0
2026-04-29 21:38:53,115493624,51703,40065682,177038,18009,79,83,31438444,12073,0,0,0
2026-04-29 21:38:54,115543121,49497,40082909,177097,17286,82,83,31450470,12026,0,0,0
2026-04-29 21:38:55,115589970,46849,40099120,177181,16295,81,83,31462493,12023,0,0,0
2026-04-29 21:38:56,115636758,46788,40115343,177260,16302,80,83,31486516,24023,0,0,0
2026-04-29 21:38:57,115687274,50516,40132871,177342,17610,76,83,31498525,12009,0,0,0
2026-04-29 21:38:58,115739531,52257,40150987,177419,18193,82,83,31510520,11995,0,0,0
2026-04-29 21:39:00,115791567,52036,40169028,177501,18123,80,83,31522507,11987,0,0,0
2026-04-29 21:39:01,115843710,52143,40187122,177582,18175,79,83,31534512,12005,0,0,0
2026-04-29 21:39:02,115897348,53638,40205748,177666,18710,81,83,31546567,12055,0,0,0
2026-04-29 21:39:03,115950525,53177,40224221,177739,18546,80,83,31558636,12069,0,0,0
2026-04-29 21:39:04,116006602,56077,40243643,177827,19510,74,83,31582746,24110,0,0,0
2026-04-29 21:39:05,116062427,55825,40262928,177924,19382,80,83,31594777,12031,0,0,0
2026-04-29 21:39:06,116116982,54555,40281876,178002,19026,79,83,31606828,12051,0,0,0
2026-04-29 21:39:08,116169276,52294,40300053,178069,18244,78,83,31618890,12062,0,0,0
2026-04-29 21:39:09,116221535,52259,40318186,178143,18207,76,83,31630935,12045,0,0,0
2026-04-29 21:39:10,116271211,49676,40335488,178220,17379,82,83,31643005,12070,0,0,0
2026-04-29 21:39:11,116320226,49015,40352493,178298,17083,82,83,31655082,12077,0,0,0
2026-04-29 21:39:12,116372665,52439,40370676,178375,18260,75,83,31679251,24169,0,0,0
2026-04-29 21:39:13,116422955,50290,40388180,178459,17588,77,83,31691291,12040,0,0,0
2026-04-29 21:39:15,116477215,54260,40406989,178529,18879,82,83,31703306,12015,0,0,0
2026-04-29 21:39:16,116531499,54284,40425811,178599,18892,82,83,31715333,12027,0,0,0
2026-04-29 21:39:17,116584799,53300,40444354,178670,18614,81,83,31727357,12024,0,0,0
2026-04-29 21:39:18,116637227,52428,40462552,178750,18278,82,83,31739381,12024,0,0,0
2026-04-29 21:39:19,116691464,54237,40481365,178839,18902,77,83,31763420,24039,0,0,0
2026-04-29 21:39:20,116746595,55131,40500508,178910,19214,79,83,31775441,12021,0,0,0
2026-04-29 21:39:21,116802624,56029,40519900,179008,19490,80,83,31787477,12036,0,0,0
2026-04-29 21:39:23,116858107,55483,40539137,179094,19323,76,83,31799517,12040,0,0,0
2026-04-29 21:39:24,116911838,53731,40557762,179181,18712,74,83,31811558,12041,0,0,0
2026-04-29 21:39:25,116962580,50742,40575394,179255,17706,71,83,31823566,12008,0,0,0
2026-04-29 21:39:26,117014907,52327,40593517,179338,18206,82,83,31835587,12021,0,0,0
2026-04-29 21:39:27,117064319,49412,40610610,179412,17167,77,83,31859643,24056,0,0,0
2026-04-29 21:39:28,117116651,52332,40628780,179494,18252,79,83,31871744,12101,0,0,0
2026-04-29 21:39:29,117169444,52793,40647062,179573,18361,80,83,31883799,12055,0,0,0
2026-04-29 21:39:31,117221394,51950,40665113,179663,18141,82,83,31895856,12057,0,0,0
2026-04-29 21:39:32,117273046,51652,40683023,179744,17991,82,83,31907902,12046,0,0,0
2026-04-29 21:39:33,117323453,50407,40700529,179817,17579,81,83,31919947,12045,0,0,0
2026-04-29 21:39:34,117373745,50292,40717992,179888,17534,82,83,31931974,12027,0,0,0
2026-04-29 21:39:35,117422885,49140,40735007,179969,17096,72,83,31956067,24093,0,0,0
2026-04-29 21:39:36,117474982,52097,40753111,180053,18188,80,83,31968125,12058,0,0,0
2026-04-29 21:39:37,117527057,52075,40771187,180134,18157,82,83,31980167,12042,0,0,0
2026-04-29 21:39:39,117577240,50183,40788634,180189,17502,81,83,31992250,12083,0,0,0
2026-04-29 21:39:40,117627449,50209,40806041,180274,17492,80,83,32004317,12067,0,0,0
2026-04-29 21:39:41,117675044,47595,40822556,180343,16584,77,83,32016364,12047,0,0,0
2026-04-29 21:39:42,117721494,46450,40838684,180400,16185,82,83,32028405,12041,0,0,0
2026-04-29 21:39:43,117767206,45712,40854554,180467,15937,82,83,32040445,12040,0,0,0
2026-04-29 21:39:44,117815768,48562,40871316,180542,16837,78,83,32064511,24066,0,0,0
2026-04-29 21:39:45,117864974,49206,40888379,180609,17130,81,83,32076506,11995,0,0,0
2026-04-29 21:39:47,117915840,50866,40906015,180690,17717,81,83,32088504,11998,0,0,0
2026-04-29 21:39:48,117966796,50956,40923716,180770,17781,76,83,32100519,12015,0,0,0
2026-04-29 21:39:49,118019714,52918,40942089,180852,18455,82,83,32112545,12026,0,0,0
2026-04-29 21:39:50,118073753,54039,40960764,180938,18761,79,83,32124560,12015,0,0,0
2026-04-29 21:39:51,118128525,54772,40979799,181007,19104,80,83,32148600,24040,0,0,0
2026-04-29 21:39:52,118183231,54706,40998759,181091,19044,78,83,32160633,12033,0,0,0
2026-04-29 21:39:53,118237801,54570,41017669,181178,18997,80,83,32172658,12025,0,0,0
2026-04-29 21:39:55,118292009,54208,41036532,181251,18936,79,83,32184704,12046,0,0,0
2026-04-29 21:39:56,118346098,54089,41055294,181317,18828,79,83,32196758,12054,0,0,0
2026-04-29 21:39:57,118396981,50883,41072980,181395,17764,82,83,32208792,12034,0,0,0
2026-04-29 21:39:58,118445089,48108,41089661,181480,16766,82,83,32220836,12044,0,0,0
2026-04-29 21:39:59,118496721,51632,41107552,181557,17968,78,83,32244842,24006,0,0,0
2026-04-29 21:40:00,118550225,53504,41126122,181641,18654,80,83,32256859,12017,0,0,0
2026-04-29 21:40:01,118606167,55942,41145495,181728,19460,79,83,32268868,12009,0,0,0
2026-04-29 21:40:03,118661843,55676,41164812,181812,19401,82,83,32280865,11997,0,0,0
2026-04-29 21:40:04,118715948,54105,41183548,181897,18821,81,83,32292884,12019,0,0,0
2026-04-29 21:40:05,118763979,48031,41200247,181961,16763,82,83,32304917,12033,0,0,0
2026-04-29 21:40:06,118811941,47962,41216863,182033,16688,82,83,32316989,12072,0,0,0
2026-04-29 21:40:07,118859634,47693,41233399,182111,16614,81,83,32341102,24113,0,0,0
2026-04-29 21:40:08,118911825,52191,41251526,182197,18213,79,83,32353152,12050,0,0,0
2026-04-29 21:40:09,118958689,46864,41267754,182276,16307,82,83,32365189,12037,0,0,0
2026-04-29 21:40:11,119007883,49194,41284825,182355,17150,82,83,32377245,12056,0,0,0
2026-04-29 21:40:12,119058397,50514,41302292,182455,17567,80,83,32389324,12079,0,0,0
2026-04-29 21:40:13,119103468,45071,41317960,182540,15753,82,83,32401456,12132,0,0,0
2026-04-29 21:40:14,119149651,46183,41333939,182612,16051,82,83,32413610,12154,0,0,0
2026-04-29 21:40:15,119196869,47218,41350292,182686,16427,82,83,32437872,24262,0,0,0
2026-04-29 21:40:16,119247317,50448,41367793,182760,17575,74,83,32449978,12106,0,0,0
2026-04-29 21:40:17,119297574,50257,41385228,182828,17503,80,83,32462090,12112,0,0,0
2026-04-29 21:40:19,119348343,50769,41402870,182914,17728,78,83,32474156,12066,0,0,0
2026-04-29 21:40:20,119401032,52689,41421143,182995,18354,78,83,32486186,12030,0,0,0
2026-04-29 21:40:21,119452679,51647,41439115,183064,18041,82,83,32498237,12051,0,0,0
2026-04-29 21:40:22,119501940,49261,41456195,183134,17150,69,83,32510315,12078,0,0,0
2026-04-29 21:40:23,119555610,53670,41474791,183216,18678,81,83,32534568,24253,0,0,0
2026-04-29 21:40:24,119610218,54608,41493703,183297,18993,65,83,32546722,12154,0,0,0
2026-04-29 21:40:25,119663813,53595,41512297,183382,18679,82,83,32558846,12124,0,0,0
2026-04-29 21:40:27,119719294,55481,41531557,183473,19351,75,83,32570976,12130,0,0,0
2026-04-29 21:40:28,119775505,56211,41551054,183550,19574,73,83,32583135,12159,0,0,0
2026-04-29 21:40:29,119829089,53584,41569672,183641,18709,41,83,32595281,12146,0,0,0
2026-04-29 21:40:30,119879796,50707,41587244,183724,17655,81,83,32607421,12140,0,0,0
2026-04-29 21:40:31,119934463,54667,41606176,183804,19012,82,83,32631733,24312,0,0,0
2026-04-29 21:40:32,119989485,55022,41625277,183899,19196,76,83,32643909,12176,0,0,0
2026-04-29 21:40:33,120044828,55343,41644520,183976,19320,67,83,32656070,12161,0,0,0
2026-04-29 21:40:35,120100309,55481,41663751,184066,19321,80,83,32668256,12186,0,0,0
2026-04-29 21:40:36,120156458,56149,41683215,184146,19544,77,83,32680464,12208,0,0,0
2026-04-29 21:40:37,120210955,54497,41702188,184213,19040,71,83,32692682,12218,0,0,0
2026-04-29 21:40:38,120264665,53710,41720800,184308,18707,76,83,32717089,24407,0,0,0
2026-04-29 21:40:39,120320432,55767,41740170,184394,19456,66,83,32729258,12169,0,0,0
2026-04-29 21:40:40,120376265,55833,41759538,184461,19435,77,83,32741428,12170,0,0,0
2026-04-29 21:40:42,120432232,55967,41778918,184562,19481,82,83,32753597,12169,0,0,0
2026-04-29 21:40:43,120487764,55532,41798215,184642,19377,80,83,32765760,12163,0,0,0
2026-04-29 21:40:44,120543370,55606,41817507,184729,19379,76,83,32777986,12226,0,0,0
2026-04-29 21:40:45,120597690,54320,41836360,184813,18937,81,83,32790193,12207,0,0,0
2026-04-29 21:40:46,120652452,54762,41855368,184894,19089,80,83,32814640,24447,0,0,0
2026-04-29 21:40:47,120708149,55697,41874728,184982,19448,71,83,32826835,12195,0,0,0
2026-04-29 21:40:48,120763523,55374,41893918,185066,19274,79,83,32839016,12181,0,0,0
2026-04-29 21:40:50,120819313,55790,41913265,185165,19446,78,83,32851213,12197,0,0,0
2026-04-29 21:40:51,120875007,55694,41932599,185260,19429,76,83,32863435,12222,0,0,0
2026-04-29 21:40:52,120929328,54321,41951489,185339,18969,82,83,32875643,12208,0,0,0
2026-04-29 21:40:53,120983380,54052,41970254,185414,18840,75,83,32887854,12211,0,0,0
2026-04-29 21:40:54,121038478,55098,41989365,185502,19199,81,83,32912223,24369,0,0,0
2026-04-29 21:40:55,121093774,55296,42008561,185599,19293,77,83,32924393,12170,0,0,0
2026-04-29 21:40:56,121145378,51604,42026457,185708,18005,82,83,32936536,12143,0,0,0
2026-04-29 21:40:58,121194226,48848,42043315,185789,16939,82,83,32948650,12114,0,0,0
2026-04-29 21:40:59,121244201,49975,42060681,185854,17431,78,83,32960913,12263,0,0,0
2026-04-29 21:41:00,121288741,44540,42076193,185906,15564,81,83,32973154,12241,0,0,0
2026-04-29 21:41:01,121333202,44461,42091607,185975,15483,82,83,32985410,12256,0,0,0
2026-04-29 21:41:02,121382997,49795,42108833,186045,17296,82,83,33009920,24510,0,0,0
2026-04-29 21:41:03,121432003,49006,42125828,186127,17077,78,83,33022169,12249,0,0,0
2026-04-29 21:41:04,121487275,55272,42145029,186210,19284,78,83,33034436,12267,0,0,0
2026-04-29 21:41:06,121542271,54996,42164106,186286,19153,81,83,33046703,12267,0,0,0
2026-04-29 21:41:07,121597417,55146,42183240,186384,19232,82,83,33058973,12270,0,0,0
2026-04-29 21:41:08,121651194,53777,42201893,186470,18739,70,83,33071225,12252,0,0,0
2026-04-29 21:41:09,121704990,53796,42220564,186557,18758,77,83,33095691,24466,0,0,0
2026-04-29 21:41:10,121761053,56063,42240060,186630,19569,59,83,33107931,12240,0,0,0
2026-04-29 21:41:11,121816479,55426,42259266,186728,19304,82,83,33120200,12269,0,0,0
2026-04-29 21:41:13,121872024,55545,42278492,186822,19320,79,83,33132455,12255,0,0,0
2026-04-29 21:41:14,121927824,55800,42297867,186903,19456,65,83,33144735,12280,0,0,0
2026-04-29 21:41:15,121983276,55452,42317087,186988,19305,77,83,33156973,12238,0,0,0
2026-04-29 21:41:16,122037743,54467,42335970,187085,18980,77,83,33169203,12230,0,0,0
2026-04-29 21:41:17,122084287,46544,42352128,187167,16240,82,83,33181410,12207,0,0,0
2026-04-29 21:41:18,122130929,46642,42368226,187241,16172,81,83,33205889,24479,0,0,0
2026-04-29 21:41:19,122181042,50113,42385639,187321,17493,80,83,33218149,12260,0,0,0
2026-04-29 21:41:20,122229248,48206,42402365,187386,16791,78,83,33230344,12195,0,0,0
2026-04-29 21:41:22,122279325,50077,42419767,187465,17481,73,83,33242551,12207,0,0,0
2026-04-29 21:41:23,122327734,48409,42436568,187545,16881,81,83,33254764,12213,0,0,0
2026-04-29 21:41:24,122372700,44966,42452209,187623,15719,82,83,33267027,12263,0,0,0
2026-04-29 21:41:25,122417958,45258,42467872,187702,15742,75,83,33279295,12268,0,0,0
2026-04-29 21:41:26,122466555,48597,42484738,187787,16951,82,83,33303809,24514,0,0,0
2026-04-29 21:41:27,122517490,50935,42502417,187864,17756,77,83,33316070,12261,0,0,0
2026-04-29 21:41:28,122568437,50947,42520116,187941,17776,82,83,33328243,12173,0,0,0
2026-04-29 21:41:30,122619305,50868,42537801,188017,17761,75,83,33340416,12173,0,0,0
2026-04-29 21:41:31,122669160,49855,42555124,188097,17403,82,83,33352578,12162,0,0,0
2026-04-29 21:41:32,122716418,47258,42571521,188162,16462,82,83,33364762,12184,0,0,0
2026-04-29 21:41:33,122760724,44306,42586942,188231,15490,82,83,33376904,12142,0,0,0
2026-04-29 21:41:34,122807342,46618,42603047,188290,16164,76,83,33401157,24253,0,0,0
2026-04-29 21:41:35,122858558,51216,42620790,188376,17829,79,83,33413294,12137,0,0,0
2026-04-29 21:41:36,122908790,50232,42638236,188462,17532,81,83,33425376,12082,0,0,0
2026-04-29 21:41:38,122959745,50955,42655911,188536,17749,78,83,33437463,12087,0,0,0
2026-04-29 21:41:39,123010826,51081,42673621,188603,17777,80,83,33449527,12064,0,0,0
2026-04-29 21:41:40,123057106,46280,42689739,188676,16191,82,83,33461642,12115,0,0,0
2026-04-29 21:41:41,123101495,44389,42705095,188753,15433,82,83,33473784,12142,0,0,0
2026-04-29 21:41:42,123147881,46386,42721170,188812,16134,82,83,33498044,24260,0,0,0
2026-04-29 21:41:43,123199812,51931,42739172,188880,18070,78,83,33510122,12078,0,0,0
2026-04-29 21:41:44,123251467,51655,42757057,188957,17962,79,83,33522189,12067,0,0,0
2026-04-29 21:41:46,123302379,50912,42774778,189030,17794,82,83,33534256,12067,0,0,0
2026-04-29 21:41:47,123353553,51174,42792541,189107,17840,81,83,33546317,12061,0,0,0
2026-04-29 21:41:48,123400941,47388,42809022,189189,16563,82,83,33558372,12055,0,0,0
2026-04-29 21:41:49,123444375,43434,42824101,189256,15146,82,83,33570411,12039,0,0,0
2026-04-29 21:41:50,123489253,44878,42839624,189320,15587,77,83,33582460,12049,0,0,0
2026-04-29 21:41:51,123537121,47868,42856235,189391,16682,72,83,33606652,24192,0,0,0
2026-04-29 21:41:52,123588106,50985,42873900,189457,17731,79,83,33618745,12093,0,0,0
2026-04-29 21:41:54,123638775,50669,42891504,189537,17684,78,83,33630823,12078,0,0,0
2026-04-29 21:41:55,123689872,51097,42909222,189608,17789,77,83,33642922,12099,0,0,0
2026-04-29 21:41:56,123737854,47982,42925916,189677,16763,82,83,33655006,12084,0,0,0
2026-04-29 21:41:57,123782515,44661,42941393,189757,15557,82,83,33667107,12101,0,0,0
2026-04-29 21:41:58,123827148,44633,42956875,189830,15555,82,83,33679205,12098,0,0,0
2026-04-29 21:41:59,123877498,50350,42974280,189907,17482,82,83,33703132,23927,0,0,0
2026-04-29 21:42:00,123927138,49640,42991531,189994,17338,81,83,33715104,11972,0,0,0
2026-04-29 21:42:02,123977359,50221,43008964,190062,17501,77,83,33727062,11958,0,0,0
2026-04-29 21:42:03,124026555,49196,43026082,190111,17167,76,83,33739048,11986,0,0,0
2026-04-29 21:42:04,124076012,49457,43043264,190195,17266,71,83,33751059,12011,0,0,0
2026-04-29 21:42:05,124123986,47974,43059839,190279,16659,81,83,33763068,12009,0,0,0
2026-04-29 21:42:06,124172513,48527,43076708,190343,16933,82,83,33775060,11992,0,0,0
2026-04-29 21:42:07,124223519,51006,43094366,190434,17749,82,83,33799068,24008,0,0,0
2026-04-29 21:42:08,124276032,52513,43112599,190518,18317,81,83,33811064,11996,0,0,0
2026-04-29 21:42:10,124329171,53139,43131005,190614,18502,81,83,33823032,11968,0,0,0
2026-04-29 21:42:11,124384099,54928,43150049,190707,19137,73,83,33835019,11987,0,0,0
2026-04-29 21:42:12,124438545,54446,43168945,190786,18975,79,83,33846980,11961,0,0,0
2026-04-29 21:42:13,124493478,54933,43187962,190884,19115,72,83,33858998,12018,0,0,0
2026-04-29 21:42:14,124545275,51797,43205900,190965,18019,82,83,33883073,24075,0,0,0
2026-04-29 21:42:15,124600522,55247,43225058,191064,19257,80,83,33895108,12035,0,0,0
2026-04-29 21:42:16,124655943,55421,43244321,191130,19329,73,83,33907149,12041,0,0,0
2026-04-29 21:42:18,124711421,55478,43263568,191220,19337,82,83,33919222,12073,0,0,0
2026-04-29 21:42:19,124767470,56049,43283037,191301,19550,80,83,33931273,12051,0,0,0
2026-04-29 21:42:20,124821080,53610,43301691,191379,18732,76,83,33943357,12084,0,0,0
2026-04-29 21:42:21,124875218,54138,43320467,191456,18853,82,83,33955432,12075,0,0,0
2026-04-29 21:42:22,124927040,51822,43338497,191533,18107,75,83,33979545,24113,0,0,0
2026-04-29 21:42:23,124980318,53278,43357011,191611,18592,57,83,33991573,12028,0,0,0
2026-04-29 21:42:24,125034739,54421,43375855,191691,18924,82,83,34003602,12029,0,0,0
2026-04-29 21:42:26,125089399,54660,43394837,191785,19076,79,83,34015643,12041,0,0,0
2026-04-29 21:42:27,125144371,54972,43413951,191845,19174,72,83,34027660,12017,0,0,0
2026-04-29 21:42:28,125198024,53653,43432541,191938,18683,78,83,34039665,12005,0,0,0
2026-04-29 21:42:29,125252172,54148,43451307,192028,18856,78,83,34051712,12047,0,0,0
2026-04-29 21:42:30,125306290,54118,43470055,192117,18837,76,83,34075835,24123,0,0,0
2026-04-29 21:42:31,125358729,52439,43488251,192186,18265,77,83,34087917,12082,0,0,0
2026-04-29 21:42:33,125411516,52787,43506576,192283,18422,80,83,34100040,12123,0,0,0
2026-04-29 21:42:34,125463834,52318,43524726,192367,18234,82,83,34112173,12133,0,0,0
2026-04-29 21:42:35,125514306,50472,43542298,192458,17663,82,83,34124332,12159,0,0,0
2026-04-29 21:42:36,125562709,48403,43559055,192521,16820,81,83,34136514,12182,0,0,0
2026-04-29 21:42:37,125609331,46622,43575212,192587,16223,82,83,34148710,12196,0,0,0
2026-04-29 21:42:38,125657396,48065,43591862,192668,16731,73,83,34173100,24390,0,0,0
2026-04-29 21:42:39,125706243,48847,43608855,192727,17052,81,83,34185342,12242,0,0,0
2026-04-29 21:42:40,125756357,50114,43626296,192808,17522,77,83,34197562,12220,0,0,0
2026-04-29 21:42:42,125807248,50891,43643931,192890,17717,81,83,34209767,12205,0,0,0
2026-04-29 21:42:43,125855787,48539,43660837,192962,16978,82,83,34221969,12202,0,0,0
2026-04-29 21:42:44,125900708,44921,43676394,193040,15635,82,83,34234181,12212,0,0,0
2026-04-29 21:42:45,125945078,44370,43691793,193101,15460,82,83,34246379,12198,0,0,0
2026-04-29 21:42:46,125995078,50000,43709105,193183,17394,82,83,34270784,24405,0,0,0
2026-04-29 21:42:47,126046413,51335,43726877,193254,17843,81,83,34282967,12183,0,0,0
2026-04-29 21:42:48,126101316,54903,43745935,193334,19138,77,83,34295121,12154,0,0,0
2026-04-29 21:42:50,126155529,54213,43764781,193408,18920,81,83,34307252,12131,0,0,0
2026-04-29 21:42:51,126209429,53900,43783507,193484,18802,75,83,34319401,12149,0,0,0
2026-04-29 21:42:52,126263903,54474,43802398,193575,18982,80,83,34331534,12133,0,0,0
2026-04-29 21:42:53,126319467,55564,43821670,193654,19351,81,83,34355823,24289,0,0,0
2026-04-29 21:42:54,126374282,54815,43840694,193731,19101,78,83,34367956,12133,0,0,0
2026-04-29 21:42:55,126427017,52735,43858959,193799,18333,80,83,34380075,12119,0,0,0
2026-04-29 21:42:57,126481851,54834,43877954,193894,19090,81,83,34392210,12135,0,0,0
2026-04-29 21:42:58,126537823,55972,43897363,193994,19509,81,83,34404364,12154,0,0,0
2026-04-29 21:42:59,126590370,52547,43915661,194080,18384,75,83,34416532,12168,0,0,0
2026-04-29 21:43:00,126644176,53806,43934270,194167,18696,82,83,34428651,12119,0,0,0
2026-04-29 21:43:01,126698214,54038,43953043,194247,18853,79,83,34452786,24135,0,0,0
2026-04-29 21:43:02,126751444,53230,43971529,194321,18560,81,83,34464858,12072,0,0,0
2026-04-29 21:43:03,126804928,53484,43990052,194415,18617,78,83,34476914,12056,0,0,0
2026-04-29 21:43:05,126859693,54765,44009018,194503,19054,80,83,34488978,12064,0,0,0
2026-04-29 21:43:06,126913491,53798,44027691,194579,18749,81,83,34501069,12091,0,0,0
2026-04-29 21:43:07,126961458,47967,44044416,194648,16794,82,83,34513182,12113,0,0,0
2026-04-29 21:43:08,127009044,47586,44060904,194709,16549,82,83,34525292,12110,0,0,0
2026-04-29 21:43:09,127057312,48268,44077650,194769,16806,82,83,34549438,24146,0,0,0
2026-04-29 21:43:10,127108821,51509,44095541,194847,17969,82,83,34561517,12079,0,0,0
2026-04-29 21:43:11,127159903,51082,44113212,194928,17752,80,83,34573609,12092,0,0,0
2026-04-29 21:43:13,127212118,52215,44131314,195001,18175,81,83,34585682,12073,0,0,0
2026-04-29 21:43:14,127264480,52362,44149441,195091,18217,79,83,34597766,12084,0,0,0
2026-04-29 21:43:15,127313440,48960,44166500,195154,17122,82,83,34609848,12082,0,0,0
2026-04-29 21:43:16,127361846,48406,44183228,195236,16810,76,83,34621942,12094,0,0,0
2026-04-29 21:43:17,127410716,48870,44200169,195298,17003,74,83,34646087,24145,0,0,0
2026-04-29 21:43:18,127457691,46975,44216475,195369,16377,79,83,34658177,12090,0,0,0
2026-04-29 21:43:19,127508380,50689,44234054,195446,17656,78,83,34670253,12076,0,0,0
2026-04-29 21:43:21,127560072,51692,44251984,195534,18018,79,83,34682344,12091,0,0,0
2026-04-29 21:43:22,127614022,53950,44270724,195619,18825,74,83,34694409,12065,0,0,0
2026-04-29 21:43:23,127666840,52818,44289085,195701,18443,78,83,34706514,12105,0,0,0
2026-04-29 21:43:24,127721311,54471,44307986,195764,18964,81,83,34718586,12072,0,0,0
2026-04-29 21:43:25,127775312,54001,44326706,195860,18816,78,83,34742763,24177,0,0,0
2026-04-29 21:43:26,127830600,55288,44345928,195941,19303,68,83,34754857,12094,0,0,0
2026-04-29 21:43:27,127883299,52699,44364201,196023,18355,82,83,34766961,12104,0,0,0
2026-04-29 21:43:29,127936996,53697,44382834,196111,18721,81,83,34779048,12087,0,0,0
2026-04-29 21:43:30,127991019,54023,44401533,196183,18771,80,83,34791142,12094,0,0,0
2026-04-29 21:43:31,128045197,54178,44420380,196271,18935,82,83,34803294,12152,0,0,0
2026-04-29 21:43:32,128100444,55247,44439506,196357,19212,82,83,34827563,24269,0,0,0
2026-04-29 21:43:33,128156505,56061,44458966,196435,19538,74,83,34839687,12124,0,0,0
2026-04-29 21:43:34,128210623,54118,44477742,196524,18865,79,83,34851791,12104,0,0,0
2026-04-29 21:43:36,128263706,53083,44496155,196606,18495,80,83,34863882,12091,0,0,0
2026-04-29 21:43:37,128317486,53780,44514807,196687,18733,79,83,34875951,12069,0,0,0
2026-04-29 21:43:38,128372711,55225,44533980,196751,19237,70,83,34888024,12073,0,0,0
2026-04-29 21:43:39,128427435,54724,44552955,196845,19069,82,83,34900122,12098,0,0,0
2026-04-29 21:43:40,128482681,55246,44572117,196924,19241,76,83,34924336,24214,0,0,0
2026-04-29 21:43:41,128538905,56224,44591596,197018,19573,70,83,34936429,12093,0,0,0
2026-04-29 21:43:42,128595438,56533,44611207,197097,19690,79,83,34948513,12084,0,0,0
2026-04-29 21:43:44,128650900,55462,44630454,197183,19333,81,83,34960586,12073,0,0,0
2026-04-29 21:43:45,128706388,55488,44649695,197273,19331,75,83,34972682,12096,0,0,0
2026-04-29 21:43:46,128761334,54946,44668735,197355,19122,80,83,34984757,12075,0,0,0
2026-04-29 21:43:47,128815849,54515,44687668,197445,19023,78,83,34996874,12117,0,0,0
2026-04-29 21:43:48,128871055,55206,44706827,197522,19236,72,83,35021124,24250,0,0,0
2026-04-29 21:43:49,128926905,55850,44726182,197613,19446,82,83,35033207,12083,0,0,0
2026-04-29 21:43:51,128982501,55596,44745475,197702,19382,74,83,35045272,12065,0,0,0
2026-04-29 21:43:52,129038267,55766,44764795,197788,19406,80,83,35057355,12083,0,0,0
2026-04-29 21:43:53,129094128,55861,44784181,197875,19473,82,83,35069457,12102,0,0,0
2026-04-29 21:43:54,129149652,55524,44803389,197975,19308,71,83,35081593,12136,0,0,0
2026-04-29 21:43:55,129205305,55653,44822721,198035,19392,79,83,35105818,24225,0,0,0
2026-04-29 21:43:56,129261182,55877,44842114,198112,19470,77,83,35117867,12049,0,0,0
2026-04-29 21:43:57,129316253,55071,44861191,198205,19170,76,83,35129902,12035,0,0,0
2026-04-29 21:43:59,129371528,55275,44880349,198306,19259,78,83,35142045,12143,0,0,0
2026-04-29 21:44:00,129424217,52689,44898645,198385,18375,79,83,35154229,12184,0,0,0
2026-04-29 21:44:01,129479692,55475,44917894,198475,19339,82,83,35166424,12195,0,0,0
2026-04-29 21:44:02,129533908,54216,44936642,198563,18836,78,83,35178637,12213,0,0,0
2026-04-29 21:44:03,129589976,56068,44956075,198645,19515,82,83,35203103,24466,0,0,0
2026-04-29 21:44:04,129645728,55752,44975436,198722,19438,80,83,35215359,12256,0,0,0
2026-04-29 21:44:05,129701525,55797,44994810,198801,19453,77,83,35227606,12247,0,0,0
2026-04-29 21:44:07,129756817,55292,45013996,198860,19245,79,83,35239874,12268,0,0,0
2026-04-29 21:44:08,129811108,54291,45032875,198937,18956,80,83,35252131,12257,0,0,0
2026-04-29 21:44:09,129865292,54184,45051679,199012,18879,73,83,35264406,12275,0,0,0
2026-04-29 21:44:10,129920251,54959,45070738,199096,19143,78,83,35288959,24553,0,0,0
2026-04-29 21:44:11,129975446,55195,45089890,199177,19233,76,83,35301231,12272,0,0,0
2026-04-29 21:44:12,130031630,56184,45109381,199267,19581,74,83,35313494,12263,0,0,0
2026-04-29 21:44:14,130086827,55197,45128511,199371,19234,78,83,35325755,12261,0,0,0
2026-04-29 21:44:15,130141080,54253,45147330,199451,18899,75,83,35338033,12278,0,0,0
2026-04-29 21:44:16,130194779,53699,45165951,199544,18714,82,83,35350298,12265,0,0,0
2026-04-29 21:44:17,130250232,55453,45185178,199623,19306,74,83,35362541,12243,0,0,0
2026-04-29 21:44:18,130305444,55212,45204336,199704,19239,82,83,35386958,24417,0,0,0
2026-04-29 21:44:19,130361147,55703,45223648,199797,19405,79,83,35399144,12186,0,0,0
2026-04-29 21:44:20,130416802,55655,45242952,199880,19387,81,83,35411350,12206,0,0,0
2026-04-29 21:44:22,130472152,55350,45262181,199961,19310,75,83,35423567,12217,0,0,0
2026-04-29 21:44:23,130528158,56006,45281583,200052,19493,80,83,35435838,12271,0,0,0
2026-04-29 21:44:24,130583438,55280,45300755,200142,19262,71,83,35448080,12242,0,0,0
2026-04-29 21:44:25,130638125,54687,45319711,200226,19040,78,83,35460332,12252,0,0,0
2026-04-29 21:44:26,130693557,55432,45338911,200321,19295,78,83,35484801,24469,0,0,0
2026-04-29 21:44:27,130748961,55404,45358166,200388,19322,77,83,35497045,12244,0,0,0
2026-04-29 21:44:29,130803880,54919,45377235,200452,19133,77,83,35509394,12349,0,0,0
2026-04-29 21:44:30,130859053,55173,45396365,200539,19217,74,83,35521729,12335,0,0,0
2026-04-29 21:44:31,130911256,52203,45414461,200631,18188,76,83,35534127,12398,0,0,0
2026-04-29 21:44:32,130962844,51588,45432367,200712,17987,82,83,35546499,12372,0,0,0
2026-04-29 21:44:33,131015275,52431,45450522,200807,18250,79,83,35571155,24656,0,0,0
2026-04-29 21:44:34,131070630,55355,45469741,200884,19296,78,83,35583475,12320,0,0,0
2026-04-29 21:44:35,131125587,54957,45488837,200952,19164,73,83,35595819,12344,0,0,0
2026-04-29 21:44:37,131176765,51178,45506608,201022,17841,81,83,35608215,12396,0,0,0
2026-04-29 21:44:38,131228597,51832,45524565,201098,18033,76,83,35620595,12380,0,0,0
2026-04-29 21:44:39,131278425,49828,45541858,201175,17370,81,83,35633010,12415,0,0,0
2026-04-29 21:44:40,131326344,47919,45558535,201246,16748,81,83,35645397,12387,0,0,0
2026-04-29 21:44:41,131376168,49824,45575755,201327,17301,77,83,35670107,24710,0,0,0
2026-04-29 21:44:42,131426988,50820,45593426,201396,17740,81,83,35682454,12347,0,0,0
2026-04-29 21:44:43,131478506,51518,45611269,201492,17939,78,83,35694806,12352,0,0,0
2026-04-29 21:44:45,131528389,49883,45628547,201566,17352,81,83,35707209,12403,0,0,0
2026-04-29 21:44:46,131580561,52172,45646664,201647,18198,80,83,35719644,12435,0,0,0
2026-04-29 21:44:47,131626098,45537,45662453,201726,15868,82,83,35732089,12445,0,0,0
2026-04-29 21:44:48,131672314,46216,45678482,201796,16099,81,83,35744515,12426,0,0,0
2026-04-29 21:44:49,131719102,46788,45694743,201859,16324,82,83,35756948,12433,0,0,0
2026-04-29 21:44:50,131770410,51308,45712476,201940,17814,82,83,35781772,24824,0,0,0
2026-04-29 21:44:51,131820873,50463,45729994,202015,17593,72,83,35794159,12387,0,0,0
2026-04-29 21:44:53,131871251,50378,45747456,202106,17553,78,83,35806557,12398,0,0,0
2026-04-29 21:44:54,131921255,50004,45764819,202174,17431,77,83,35818926,12369,0,0,0
2026-04-29 21:44:55,131968457,47202,45781268,202258,16533,82,83,35831296,12370,0,0,0
2026-04-29 21:44:56,132014570,46113,45797221,202323,16018,81,83,35843668,12372,0,0,0
2026-04-29 21:44:57,132062081,47511,45813768,202402,16626,74,83,35856081,12413,0,0,0
2026-04-29 21:44:58,132114140,52059,45831803,202489,18122,82,83,35880818,24737,0,0,0
2026-04-29 21:44:59,132166287,52147,45849879,202560,18147,77,83,35893083,12265,0,0,0
2026-04-29 21:45:01,132217707,51420,45867712,202632,17905,79,83,35905331,12248,0,0,0
2026-04-29 21:45:02,132269040,51333,45885525,202715,17896,82,83,35917534,12203,0,0,0
2026-04-29 21:45:03,132319453,50413,45903050,202790,17600,82,83,35929785,12251,0,0,0
2026-04-29 21:45:04,132365772,46319,45919073,202866,16099,82,83,35942018,12233,0,0,0
2026-04-29 21:45:05,132410372,44600,45934548,202944,15553,82,83,35954236,12218,0,0,0
2026-04-29 21:45:06,132461205,50833,45952186,203008,17702,71,83,35978607,24371,0,0,0
2026-04-29 21:45:07,132513308,52103,45970228,203087,18121,75,83,35990785,12178,0,0,0
2026-04-29 21:45:09,132564155,50847,45987880,203164,17729,82,83,36002949,12164,0,0,0
2026-04-29 21:45:10,132615607,51452,46005727,203252,17935,82,83,36015102,12153,0,0,0
2026-04-29 21:45:11,132666108,50501,46023266,203336,17623,64,83,36027272,12170,0,0,0
2026-04-29 21:45:12,132716665,50557,46040768,203424,17590,82,83,36039463,12191,0,0,0
2026-04-29 21:45:13,132770258,53593,46059295,203497,18600,78,83,36063802,24339,0,0,0
2026-04-29 21:45:14,132825502,55244,46078447,203588,19243,79,83,36075965,12163,0,0,0
2026-04-29 21:45:15,132880684,55182,46097579,203672,19216,81,83,36088135,12170,0,0,0
2026-04-29 21:45:17,132936104,55420,46116785,203766,19300,80,83,36100246,12111,0,0,0
2026-04-29 21:45:18,132991387,55283,46136002,203831,19282,77,83,36112373,12127,0,0,0
2026-04-29 21:45:19,133042528,51141,46153800,203913,17880,82,83,36124514,12141,0,0,0
2026-04-29 21:45:20,133095637,53109,46172199,204005,18491,81,83,36136642,12128,0,0,0
2026-04-29 21:45:21,133150301,54664,46191153,204095,19044,79,83,36160963,24321,0,0,0
2026-04-29 21:45:22,133205856,55555,46210420,204187,19359,81,83,36173157,12194,0,0,0
2026-04-29 21:45:23,133261385,55529,46229720,204264,19377,79,83,36185353,12196,0,0,0
2026-04-29 21:45:25,133317687,56302,46249231,204348,19595,82,83,36197559,12206,0,0,0
2026-04-29 21:45:26,133373385,55698,46268574,204426,19421,82,83,36209783,12224,0,0,0
2026-04-29 21:45:27,133428620,55235,46287718,204501,19219,81,83,36222044,12261,0,0,0
2026-04-29 21:45:28,133482476,53856,46306402,204584,18767,78,83,36246485,24441,0,0,0
2026-04-29 21:45:29,133537493,55017,46325538,204647,19199,73,83,36258690,12205,0,0,0
2026-04-29 21:45:30,133593388,55895,46344899,204729,19443,76,83,36270889,12199,0,0,0
2026-04-29 21:45:32,133649189,55801,46364260,204822,19454,79,83,36283163,12274,0,0,0
2026-04-29 21:45:33,133705686,56497,46383850,204909,19677,77,83,36295417,12254,0,0,0
2026-04-29 21:45:34,133760916,55230,46403069,204976,19286,80,83,36307674,12257,0,0,0
2026-04-29 21:45:35,133814866,53950,46421764,205059,18778,80,83,36319885,12211,0,0,0
2026-04-29 21:45:36,133870281,55415,46440996,205147,19320,80,83,36344307,24422,0,0,0
2026-04-29 21:45:37,133926205,55924,46460391,205224,19472,82,83,36356571,12264,0,0,0
2026-04-29 21:45:38,133982306,56101,46479873,205305,19563,81,83,36368808,12237,0,0,0
2026-04-29 21:45:40,134038125,55819,46499264,205409,19495,68,83,36381026,12218,0,0,0
2026-04-29 21:45:41,134093333,55208,46518420,205498,19245,78,83,36393221,12195,0,0,0
2026-04-29 21:45:42,134148822,55489,46537664,205588,19334,81,83,36405403,12182,0,0,0
2026-04-29 21:45:43,134203158,54336,46556557,205662,18967,81,83,36417667,12264,0,0,0
2026-04-29 21:45:44,134258627,55469,46575797,205742,19320,80,83,36442141,24474,0,0,0
2026-04-29 21:45:45,134313663,55036,46594894,205831,19186,74,83,36454324,12183,0,0,0
2026-04-29 21:45:46,134368716,55053,46613982,205919,19176,71,83,36466533,12209,0,0,0
2026-04-29 21:45:48,134424541,55825,46633349,206007,19455,81,83,36478759,12226,0,0,0
2026-04-29 21:45:49,134480742,56201,46652810,206086,19540,80,83,36490983,12224,0,0,0
2026-04-29 21:45:50,134534356,53614,46671443,206179,18726,69,83,36503212,12229,0,0,0
2026-04-29 21:45:51,134588200,53844,46690096,206260,18734,81,83,36527697,24485,0,0,0
2026-04-29 21:45:52,134645021,56821,46709773,206343,19760,78,83,36539956,12259,0,0,0
2026-04-29 21:45:53,134701138,56117,46729227,206436,19547,70,83,36552237,12281,0,0,0
2026-04-29 21:45:55,134756984,55846,46748581,206529,19447,80,83,36564487,12250,0,0,0
2026-04-29 21:45:56,134812663,55679,46767912,206616,19418,78,83,36576749,12262,0,0,0
2026-04-29 21:45:57,134867832,55169,46787093,206704,19269,82,83,36589008,12259,0,0,0
2026-04-29 21:45:58,134923335,55503,46806332,206781,19316,80,83,36601269,12261,0,0,0
2026-04-29 21:45:59,134978710,55375,46825542,206865,19294,78,83,36626011,24742,0,0,0
2026-04-29 21:46:00,135033983,55273,46844741,206947,19281,79,83,36638419,12408,0,0,0
2026-04-29 21:46:01,135089972,55989,46864145,207033,19490,78,83,36650873,12454,0,0,0
2026-04-29 21:46:03,135145237,55265,46883332,207113,19267,77,83,36663320,12447,0,0,0
2026-04-29 21:46:04,135201372,56135,46902817,207185,19557,82,83,36675774,12454,0,0,0
2026-04-29 21:46:05,135255675,54303,46921716,207250,18964,82,83,36688237,12463,0,0,0
2026-04-29 21:46:06,135308595,52920,46940052,207339,18425,70,83,36700733,12496,0,0,0
2026-04-29 21:46:07,135364323,55728,46959361,207419,19389,79,83,36725767,25034,0,0,0
2026-04-29 21:46:08,135419388,55065,46978450,207530,19200,82,83,36738249,12482,0,0,0
2026-04-29 21:46:10,135474236,54848,46997505,207603,19128,80,83,36750732,12483,0,0,0
2026-04-29 21:46:11,135527823,53587,47016114,207692,18698,77,83,36763188,12456,0,0,0
2026-04-29 21:46:12,135582806,54983,47035228,207772,19194,76,83,36775655,12467,0,0,0
2026-04-29 21:46:13,135636753,53947,47053939,207861,18800,82,83,36788143,12488,0,0,0
2026-04-29 21:46:14,135691290,54537,47072832,207940,18972,78,83,36813135,24992,0,0,0
2026-04-29 21:46:15,135746521,55231,47091987,208036,19251,80,83,36825605,12470,0,0,0
2026-04-29 21:46:16,135802200,55679,47111290,208119,19386,70,83,36838066,12461,0,0,0
2026-04-29 21:46:18,135856685,54485,47130202,208210,19003,69,83,36850543,12477,0,0,0
2026-04-29 21:46:19,135912329,55644,47149516,208294,19398,74,83,36863039,12496,0,0,0
2026-04-29 21:46:20,135967444,55115,47168632,208377,19199,81,83,36875543,12504,0,0,0
2026-04-29 21:46:21,136020161,52717,47186970,208467,18428,82,83,36888059,12516,0,0,0
2026-04-29 21:46:22,136074994,54833,47205972,208549,19084,81,83,36913062,25003,0,0,0
2026-04-29 21:46:23,136130943,55949,47225394,208634,19507,78,83,36925532,12470,0,0,0
2026-04-29 21:46:24,136187352,56409,47244964,208707,19643,79,83,36938015,12483,0,0,0
2026-04-29 21:46:26,136243194,55842,47264394,208789,19512,75,83,36950526,12511,0,0,0
2026-04-29 21:46:27,136298423,55229,47283579,208862,19258,82,83,36963039,12513,0,0,0
2026-04-29 21:46:28,136352835,54412,47302422,208952,18933,82,83,36975534,12495,0,0,0
2026-04-29 21:46:29,136406906,54071,47321157,209035,18818,80,83,37000709,25175,0,0,0
2026-04-29 21:46:30,136462431,55525,47340420,209124,19352,81,83,37013286,12577,0,0,0
2026-04-29 21:46:31,136517185,54754,47359394,209213,19063,76,83,37025858,12572,0,0,0
2026-04-29 21:46:33,136571949,54764,47378389,209292,19074,79,83,37038451,12593,0,0,0
2026-04-29 21:46:34,136626331,54382,47397264,209376,18959,81,83,37051028,12577,0,0,0
2026-04-29 21:46:35,136679262,52931,47415644,209455,18459,81,83,37063620,12592,0,0,0
2026-04-29 21:46:36,136728276,49014,47432669,209521,17091,79,83,37076233,12613,0,0,0
2026-04-29 21:46:37,136775970,47694,47449256,209580,16646,69,83,37088832,12599,0,0,0
2026-04-29 21:46:38,136827850,51880,47467203,209665,18032,75,83,37113916,25084,0,0,0
2026-04-29 21:46:39,136878896,51046,47484924,209739,17795,77,83,37126470,12554,0,0,0
2026-04-29 21:46:41,136929948,51052,47502698,209820,17855,81,83,37138985,12515,0,0,0
2026-04-29 21:46:42,136981544,51596,47520593,209898,17973,79,83,37151463,12478,0,0,0
2026-04-29 21:46:43,137032317,50773,47538231,209980,17720,55,83,37163913,12450,0,0,0
2026-04-29 21:46:44,137080717,48400,47555044,210039,16872,80,83,37176408,12495,0,0,0
2026-04-29 21:46:45,137129145,48428,47571815,210098,16830,77,83,37188893,12485,0,0,0
2026-04-29 21:46:46,137179548,50403,47589288,210180,17555,77,83,37213891,24998,0,0,0
2026-04-29 21:46:47,137230949,51401,47607113,210251,17896,80,83,37226413,12522,0,0,0
2026-04-29 21:46:49,137278969,48020,47623787,210327,16750,80,83,37238918,12505,0,0,0
2026-04-29 21:46:50,137329896,50927,47641446,210402,17734,82,83,37251390,12472,0,0,0
2026-04-29 21:46:51,137377945,48049,47658177,210483,16812,82,83,37263850,12460,0,0,0
2026-04-29 21:46:52,137421892,43947,47673393,210542,15275,82,83,37276310,12460,0,0,0
2026-04-29 21:46:53,137465890,43998,47688712,210617,15394,82,83,37288775,12465,0,0,0
2026-04-29 21:46:54,137512002,46112,47704693,210691,16055,82,83,37313701,24926,0,0,0
2026-04-29 21:46:55,137564478,52476,47722932,210770,18318,82,83,37326149,12448,0,0,0
2026-04-29 21:46:56,137614325,49847,47740231,210843,17372,82,83,37338575,12426,0,0,0
2026-04-29 21:46:58,137665829,51504,47758088,210921,17935,82,83,37351021,12446,0,0,0
2026-04-29 21:46:59,137717051,51222,47775886,211005,17882,76,83,37363347,12326,0,0,0
2026-04-29 21:47:00,137766282,49231,47792929,211095,17133,80,83,37375669,12322,0,0,0
2026-04-29 21:47:01,137819869,53587,47811553,211180,18709,82,83,37388005,12336,0,0,0
2026-04-29 21:47:02,137874800,54931,47830561,211271,19099,78,83,37412721,24716,0,0,0
2026-04-29 21:47:03,137929765,54965,47849626,211366,19160,78,83,37425077,12356,0,0,0
2026-04-29 21:47:05,137985910,56145,47869112,211442,19562,81,83,37437438,12361,0,0,0
2026-04-29 21:47:06,138041924,56014,47888549,211526,19521,81,83,37449839,12401,0,0,0
2026-04-29 21:47:07,138097602,55678,47907869,211622,19416,82,83,37462293,12454,0,0,0
2026-04-29 21:47:08,138151522,53920,47926591,211696,18796,77,83,37474739,12446,0,0,0
2026-04-29 21:47:09,138204911,53389,47945087,211782,18582,74,83,37499589,24850,0,0,0
2026-04-29 21:47:10,138260594,55683,47964380,211877,19388,78,83,37512014,12425,0,0,0
2026-04-29 21:47:11,138316492,55898,47983751,211962,19456,82,83,37524410,12396,0,0,0
2026-04-29 21:47:13,138372457,55965,48003184,212030,19501,81,83,37536786,12376,0,0,0
2026-04-29 21:47:14,138427881,55424,48022455,212108,19349,75,83,37549170,12384,0,0,0
2026-04-29 21:47:15,138482932,55051,48041585,212196,19218,77,83,37561598,12428,0,0,0
2026-04-29 21:47:16,138537423,54491,48060486,212276,18981,79,83,37574021,12423,0,0,0
2026-04-29 21:47:17,138593331,55908,48079884,212364,19486,82,83,37598843,24822,0,0,0
2026-04-29 21:47:18,138649263,55932,48099263,212440,19455,79,83,37611253,12410,0,0,0
2026-04-29 21:47:19,138703522,54259,48118131,212536,18964,73,83,37623659,12406,0,0,0
2026-04-29 21:47:21,138759707,56185,48137632,212612,19577,72,83,37636000,12341,0,0,0
2026-04-29 21:47:22,138814633,54926,48156700,212696,19152,77,83,37648339,12339,0,0,0
2026-04-29 21:47:23,138868962,54329,48175630,212788,19022,71,83,37660671,12332,0,0,0
2026-04-29 21:47:24,138923449,54487,48194516,212865,18963,80,83,37685352,24681,0,0,0
2026-04-29 21:47:25,138977486,54037,48213323,212939,18881,76,83,37697715,12363,0,0,0
2026-04-29 21:47:26,139032566,55080,48232400,213024,19162,80,83,37710094,12379,0,0,0
2026-04-29 21:47:28,139088776,56210,48251868,213118,19562,79,83,37722490,12396,0,0,0
2026-04-29 21:47:29,139143854,55078,48270996,213204,19214,81,83,37734896,12406,0,0,0
2026-04-29 21:47:30,139198740,54886,48290032,213288,19120,76,83,37747305,12409,0,0,0
2026-04-29 21:47:31,139249379,50639,48307653,213375,17708,70,83,37759695,12390,0,0,0
2026-04-29 21:47:32,139300826,51447,48325438,213460,17870,82,83,37784545,24850,0,0,0
2026-04-29 21:47:33,139355372,54546,48344360,213551,19013,76,83,37796994,12449,0,0,0
2026-04-29 21:47:34,139408293,52921,48362758,213645,18492,71,83,37809509,12515,0,0,0
2026-04-29 21:47:36,139461153,52860,48381101,213731,18429,82,83,37821976,12467,0,0,0
2026-04-29 21:47:37,139514321,53168,48399543,213800,18511,81,83,37834467,12491,0,0,0
2026-04-29 21:47:38,139568063,53742,48418223,213881,18761,57,83,37846899,12432,0,0,0
2026-04-29 21:47:39,139620433,52370,48436376,213978,18250,82,83,37859330,12431,0,0,0
2026-04-29 21:47:40,139671914,51481,48454198,214055,17899,78,83,37884204,24874,0,0,0
2026-04-29 21:47:41,139727401,55487,48473460,214133,19340,78,83,37896666,12462,0,0,0
2026-04-29 21:47:42,139782383,54982,48492536,214202,19145,80,83,37909096,12430,0,0,0
2026-04-29 21:47:44,139837502,55119,48511713,214265,19240,76,83,37921499,12403,0,0,0
2026-04-29 21:47:45,139893146,55644,48531014,214337,19373,82,83,37933918,12419,0,0,0
2026-04-29 21:47:46,139947486,54340,48549852,214427,18928,81,83,37946370,12452,0,0,0
2026-04-29 21:47:47,140000483,52997,48568255,214505,18481,82,83,37958832,12462,0,0,0
2026-04-29 21:47:48,140054739,54256,48586996,214585,18821,78,83,37983678,24846,0,0,0
2026-04-29 21:47:49,140108678,53939,48605695,214666,18780,81,83,37996094,12416,0,0,0
2026-04-29 21:47:50,140162663,53985,48624441,214736,18816,81,83,38008500,12406,0,0,0
2026-04-29 21:47:52,140217323,54660,48643416,214812,19051,79,83,38020958,12458,0,0,0
2026-04-29 21:47:53,140272627,55304,48662621,214885,19278,82,83,38033376,12418,0,0,0
2026-04-29 21:47:54,140325537,52910,48681004,214965,18463,82,83,38045798,12422,0,0,0
2026-04-29 21:47:55,140376221,50684,48698602,215034,17667,82,83,38058178,12380,0,0,0
2026-04-29 21:47:56,140429770,53549,48717144,215127,18635,78,83,38082991,24813,0,0,0
2026-04-29 21:47:57,140484457,54687,48736084,215211,19024,77,83,38095407,12416,0,0,0
2026-04-29 21:47:58,140538735,54278,48754895,215303,18903,80,83,38107865,12458,0,0,0
2026-04-29 21:48:00,140592969,54234,48773687,215373,18862,77,83,38120301,12436,0,0,0
2026-04-29 21:48:01,140648339,55370,48792888,215450,19278,81,83,38132707,12406,0,0,0
2026-04-29 21:48:02,140700341,52002,48811007,215525,18194,61,83,38145072,12365,0,0,0
2026-04-29 21:48:03,140750893,50552,48828578,215601,17647,65,83,38157467,12395,0,0,0
2026-04-29 21:48:04,140804504,53611,48847131,215679,18631,81,83,38182265,24798,0,0,0
2026-04-29 21:48:05,140858978,54474,48866032,215755,18977,79,83,38194634,12369,0,0,0
2026-04-29 21:48:07,140913728,54750,48884993,215846,19052,79,83,38206991,12357,0,0,0
2026-04-29 21:48:08,140966330,52602,48903255,215929,18345,76,83,38219343,12352,0,0,0
2026-04-29 21:48:09,141017131,50801,48920970,215991,17777,82,83,38231679,12336,0,0,0
2026-04-29 21:48:10,141063646,46515,48937107,216054,16200,82,83,38244016,12337,0,0,0
2026-04-29 21:48:11,141108135,44489,48952568,216122,15529,82,83,38256344,12328,0,0,0
2026-04-29 21:48:12,141156072,47937,48969137,216184,16631,81,83,38280978,24634,0,0,0
2026-04-29 21:48:13,141207728,51656,48987067,216261,18007,75,83,38293307,12329,0,0,0
2026-04-29 21:48:14,141258295,50567,49004578,216365,17615,79,83,38305655,12348,0,0,0
2026-04-29 21:48:16,141310139,51844,49022562,216438,18057,74,83,38317995,12340,0,0,0
2026-04-29 21:48:17,141360714,50575,49040119,216515,17634,82,83,38330355,12360,0,0,0
2026-04-29 21:48:18,141403607,42893,49055006,216584,14956,82,83,38342713,12358,0,0,0
2026-04-29 21:48:19,141444551,40944,49069262,216639,14311,82,83,38355053,12340,0,0,0
2026-04-29 21:48:20,141487249,42698,49084020,216710,14829,81,83,38379583,24530,0,0,0
2026-04-29 21:48:21,141534757,47508,49100550,216766,16586,73,83,38391810,12227,0,0,0
2026-04-29 21:48:22,141586260,51503,49118413,216845,17942,78,83,38404076,12266,0,0,0
2026-04-29 21:48:24,141637316,51056,49136115,216920,17777,82,83,38416385,12309,0,0,0
2026-04-29 21:48:25,141689222,51906,49154108,217008,18081,80,83,38428722,12337,0,0,0
2026-04-29 21:48:26,141735764,46542,49170255,217084,16223,82,83,38441042,12320,0,0,0
2026-04-29 21:48:27,141780669,44905,49185811,217147,15619,82,83,38453354,12312,0,0,0
2026-04-29 21:48:28,141826033,45364,49201540,217204,15786,79,83,38477828,24474,0,0,0
2026-04-29 21:48:29,141875883,49850,49218822,217282,17360,82,83,38489954,12126,0,0,0
2026-04-29 21:48:30,141926396,50513,49236348,217376,17620,76,83,38502066,12112,0,0,0
2026-04-29 21:48:32,141974022,47626,49252866,217451,16593,82,83,38514150,12084,0,0,0
2026-04-29 21:48:33,142024199,50177,49270247,217531,17461,73,83,38526212,12062,0,0,0
2026-04-29 21:48:34,142072051,47852,49286868,217606,16696,82,83,38538272,12060,0,0,0
2026-04-29 21:48:35,142119653,47602,49303392,217676,16594,82,83,38550325,12053,0,0,0
2026-04-29 21:48:36,142172373,52720,49321596,217751,18279,81,83,38574463,24138,0,0,0
2026-04-29 21:48:37,142225560,53187,49340102,217833,18588,81,83,38586544,12081,0,0,0
2026-04-29 21:48:38,142277938,52378,49358298,217920,18283,78,83,38598636,12092,0,0,0
2026-04-29 21:48:40,142331134,53196,49376752,217990,18524,80,83,38610742,12106,0,0,0
2026-04-29 21:48:41,142384158,53024,49395212,218072,18542,79,83,38622839,12097,0,0,0
2026-04-29 21:48:42,142435803,51645,49413138,218156,18010,80,83,38634938,12099,0,0,0
2026-04-29 21:48:43,142484507,48704,49430100,218237,17043,82,83,38647004,12066,0,0,0
2026-04-29 21:48:44,142537844,53337,49448606,218324,18593,75,83,38671092,24088,0,0,0
2026-04-29 21:48:45,142591730,53886,49467313,218405,18788,81,83,38683166,12074,0,0,0
2026-04-29 21:48:47,142646862,55132,49486428,218489,19199,81,83,38695228,12062,0,0,0
2026-04-29 21:48:48,142702526,55664,49505755,218585,19423,81,83,38707306,12078,0,0,0
2026-04-29 21:48:49,142758070,55544,49524979,218679,19318,81,83,38719379,12073,0,0,0
2026-04-29 21:48:50,142811949,53879,49543721,218772,18835,71,83,38731436,12057,0,0,0
2026-04-29 21:48:51,142866601,54652,49562679,218852,19038,77,83,38755546,24110,0,0,0
2026-04-29 21:48:52,142922489,55888,49582074,218943,19486,80,83,38767622,12076,0,0,0
2026-04-29 21:48:53,142978790,56301,49601571,219032,19586,81,83,38779728,12106,0,0,0
2026-04-29 21:48:55,143034729,55939,49620933,219145,19475,80,83,38791871,12143,0,0,0
2026-04-29 21:48:56,143090889,56160,49640445,219220,19587,69,83,38804004,12133,0,0,0
2026-04-29 21:48:57,143146318,55429,49659658,219303,19296,78,83,38816097,12093,0,0,0
2026-04-29 21:48:58,143201250,54932,49678689,219387,19115,82,83,38828155,12058,0,0,0
2026-04-29 21:48:59,143255403,54153,49697501,219465,18890,77,83,38852270,24115,0,0,0
2026-04-29 21:49:00,143311312,55909,49716910,219540,19484,81,83,38864344,12074,0,0,0
2026-04-29 21:49:01,143365564,54252,49735823,219607,18980,77,83,38876414,12070,0,0,0
2026-04-29 21:49:03,143422076,56512,49755374,219698,19642,77,83,38888518,12104,0,0,0
2026-04-29 21:49:04,143477866,55790,49774730,219799,19457,78,83,38900595,12077,0,0,0
2026-04-29 21:49:05,143532121,54255,49793629,219874,18974,81,83,38912686,12091,0,0,0
2026-04-29 21:49:06,143587624,55503,49812841,219966,19304,82,83,38924780,12094,0,0,0
2026-04-29 21:49:07,143642694,55070,49831980,220043,19216,78,83,38949006,24226,0,0,0
2026-04-29 21:49:08,143698771,56077,49851433,220136,19546,81,83,38961181,12175,0,0,0
2026-04-29 21:49:10,143754022,55251,49870603,220220,19254,80,83,38973375,12194,0,0,0
2026-04-29 21:49:11,143809745,55723,49889931,220297,19405,77,83,38985567,12192,0,0,0
2026-04-29 21:49:12,143864647,54902,49908992,220381,19145,77,83,38997784,12217,0,0,0
2026-04-29 21:49:13,143920081,55434,49928199,220450,19276,78,83,39010005,12221,0,0,0
2026-04-29 21:49:14,143975398,55317,49947367,220539,19257,76,83,39034411,24406,0,0,0
2026-04-29 21:49:15,144030465,55067,49966474,220626,19194,82,83,39046617,12206,0,0,0
2026-04-29 21:49:16,144083946,53481,49984987,220709,18596,72,83,39058853,12236,0,0,0
2026-04-29 21:49:18,144138393,54447,50003890,220776,18970,78,83,39071117,12264,0,0,0
2026-04-29 21:49:19,144193586,55193,50023037,220867,19238,75,83,39083401,12284,0,0,0
2026-04-29 21:49:20,144248455,54869,50042105,220960,19161,79,83,39095635,12234,0,0,0
2026-04-29 21:49:21,144302650,54195,50060938,221038,18911,82,83,39107857,12222,0,0,0
2026-04-29 21:49:22,144356872,54222,50079735,221128,18887,79,83,39132348,24491,0,0,0
2026-04-29 21:49:23,144412262,55390,50098984,221212,19333,82,83,39144601,12253,0,0,0
2026-04-29 21:49:24,144466162,53900,50117744,221286,18834,81,83,39156851,12250,0,0,0
2026-04-29 21:49:26,144520756,54594,50136705,221366,19041,80,83,39169102,12251,0,0,0
2026-04-29 21:49:27,144573199,52443,50154937,221447,18313,75,83,39181402,12300,0,0,0
2026-04-29 21:49:28,144625607,52408,50173177,221521,18314,77,83,39193702,12300,0,0,0
2026-04-29 21:49:29,144676749,51142,50190876,221593,17771,82,83,39206089,12387,0,0,0
2026-04-29 21:49:30,144731388,54639,50209839,221685,19055,79,83,39230764,24675,0,0,0
2026-04-29 21:49:31,144787040,55652,50229135,221778,19389,76,83,39243090,12326,0,0,0
2026-04-29 21:49:33,144840737,53697,50247790,221852,18729,70,83,39255475,12385,0,0,0
2026-04-29 21:49:34,144893727,52990,50266147,221938,18443,80,83,39267866,12391,0,0,0
2026-04-29 21:49:35,144948967,55240,50285323,222017,19255,80,83,39280272,12406,0,0,0
2026-04-29 21:49:36,145001231,52264,50303481,222091,18232,82,83,39292657,12385,0,0,0
2026-04-29 21:49:37,145055295,54064,50322222,222171,18821,81,83,39317401,24744,0,0,0
2026-04-29 21:49:38,145110053,54758,50341218,222263,19088,80,83,39329762,12361,0,0,0
2026-04-29 21:49:39,145163439,53386,50359747,222345,18611,82,83,39342096,12334,0,0,0
2026-04-29 21:49:41,145216074,52635,50378024,222419,18351,74,83,39354450,12354,0,0,0
2026-04-29 21:49:42,145269686,53612,50396655,222491,18703,77,83,39366789,12339,0,0,0
2026-04-29 21:49:43,145322593,52907,50415065,222563,18482,82,83,39379089,12300,0,0,0
2026-04-29 21:49:44,145372336,49743,50432286,222646,17304,78,83,39391379,12290,0,0,0
2026-04-29 21:49:45,145420818,48482,50449096,222737,16901,80,83,39415997,24618,0,0,0
2026-04-29 21:49:46,145473229,52411,50467299,222831,18297,74,83,39428345,12348,0,0,0
2026-04-29 21:49:47,145526499,53270,50485773,222915,18558,72,83,39440669,12324,0,0,0
2026-04-29 21:49:49,145578342,51843,50503751,222994,18057,76,83,39452988,12319,0,0,0
2026-04-29 21:49:50,145631072,52730,50522049,223063,18367,79,83,39465276,12288,0,0,0
2026-04-29 21:49:51,145681046,49974,50539376,223140,17404,82,83,39477545,12269,0,0,0
2026-04-29 21:49:52,145730126,49080,50556446,223203,17133,61,83,39489818,12273,0,0,0
2026-04-29 21:49:53,145778831,48705,50573290,223283,16924,80,83,39514386,24568,0,0,0
2026-04-29 21:49:54,145828021,49190,50590394,223351,17172,70,83,39526637,12251,0,0,0
2026-04-29 21:49:55,145877267,49246,50607517,223426,17198,82,83,39538869,12232,0,0,0
2026-04-29 21:49:57,145923470,46203,50623530,223511,16098,82,83,39551131,12262,0,0,0
2026-04-29 21:49:58,145972540,49070,50640571,223579,17109,82,83,39563410,12279,0,0,0
2026-04-29 21:49:59,146020229,47689,50657124,223663,16637,81,83,39575627,12217,0,0,0
2026-04-29 21:50:00,146073047,52818,50675432,223747,18392,82,83,39587788,12161,0,0,0
2026-04-29 21:50:01,146128968,55921,50694804,223822,19447,81,83,39612080,24292,0,0,0
2026-04-29 21:50:02,146182865,53897,50713549,223903,18826,69,83,39624262,12182,0,0,0
2026-04-29 21:50:04,146238181,55316,50732722,223979,19249,82,83,39636445,12183,0,0,0
2026-04-29 21:50:05,146291724,53543,50751309,224054,18662,81,83,39648578,12133,0,0,0
2026-04-29 21:50:06,146345961,54237,50770099,224142,18878,81,83,39660714,12136,0,0,0
2026-04-29 21:50:07,146400165,54204,50788913,224223,18895,82,83,39672856,12142,0,0,0
2026-04-29 21:50:08,146455251,55086,50808011,224304,19179,76,83,39697234,24378,0,0,0
2026-04-29 21:50:09,146509309,54058,50826821,224379,18885,81,83,39709433,12199,0,0,0
2026-04-29 21:50:10,146562990,53681,50845447,224449,18696,82,83,39721605,12172,0,0,0
2026-04-29 21:50:12,146618044,55054,50864517,224530,19151,82,83,39733789,12184,0,0,0
2026-04-29 21:50:13,146673339,55295,50883708,224602,19263,82,83,39745946,12157,0,0,0
2026-04-29 21:50:14,146726601,53262,50902202,224674,18566,76,83,39758120,12174,0,0,0
2026-04-29 21:50:15,146779813,53212,50920679,224763,18566,82,83,39770297,12177,0,0,0
2026-04-29 21:50:16,146832754,52941,50939020,224838,18416,80,83,39794635,24338,0,0,0
2026-04-29 21:50:17,146885333,52579,50957301,224914,18357,81,83,39806781,12146,0,0,0
2026-04-29 21:50:18,146937496,52163,50975437,224982,18204,76,83,39818925,12144,0,0,0
2026-04-29 21:50:20,146987267,49771,50992744,225049,17374,72,83,39831061,12136,0,0,0
2026-04-29 21:50:21,147040568,53301,51011229,225123,18559,81,83,39843205,12144,0,0,0
2026-04-29 21:50:22,147091266,50698,51028797,225195,17640,80,83,39855313,12108,0,0,0
2026-04-29 21:50:23,147139487,48221,51045595,225271,16874,82,83,39867430,12117,0,0,0
2026-04-29 21:50:24,147188695,49208,51062636,225345,17115,82,83,39891573,24143,0,0,0
2026-04-29 21:50:25,147239193,50498,51080178,225413,17610,82,83,39903678,12105,0,0,0
2026-04-29 21:50:26,147289247,50054,51097556,225495,17460,82,83,39915790,12112,0,0,0
2026-04-29 21:50:28,147336744,47497,51114034,225556,16539,75,83,39927912,12122,0,0,0
2026-04-29 21:50:29,147389098,52354,51132172,225657,18239,81,83,39939998,12086,0,0,0
2026-04-29 21:50:30,147439861,50763,51149784,225736,17691,76,83,39952084,12086,0,0,0
2026-04-29 21:50:31,147490449,50588,51167374,225824,17678,82,83,39964170,12086,0,0,0
2026-04-29 21:50:32,147542038,51589,51185250,225915,17967,77,83,39988295,24125,0,0,0
2026-04-29 21:50:33,147595370,53332,51203730,225993,18558,79,83,40000374,12079,0,0,0
2026-04-29 21:50:34,147649229,53859,51222451,226063,18791,69,83,40012443,12069,0,0,0
2026-04-29 21:50:36,147701234,52005,51240465,226145,18096,74,83,40024504,12061,0,0,0
2026-04-29 21:50:37,147757254,56020,51259861,226241,19492,80,83,40036581,12077,0,0,0
2026-04-29 21:50:38,147810487,53233,51278358,226310,18566,81,83,40048681,12100,0,0,0
2026-04-29 21:50:39,147865444,54957,51297411,226385,19128,81,83,40060796,12115,0,0,0
2026-04-29 21:50:40,147920093,54649,51316401,226474,19079,65,83,40085058,24262,0,0,0
2026-04-29 21:50:41,147975080,54987,51335527,226559,19211,82,83,40097184,12126,0,0,0
2026-04-29 21:50:43,148031117,56037,51354949,226657,19520,81,83,40109305,12121,0,0,0
2026-04-29 21:50:44,148086883,55766,51374312,226735,19441,79,83,40121399,12094,0,0,0
2026-04-29 21:50:45,148142420,55537,51393610,226823,19386,73,83,40133486,12087,0,0,0
2026-04-29 21:50:46,148197693,55273,51412789,226910,19266,75,83,40145561,12075,0,0,0
2026-04-29 21:50:47,148253432,55739,51432131,227003,19435,78,83,40169742,24181,0,0,0
2026-04-29 21:50:48,148309336,55904,51451525,227083,19474,81,83,40181841,12099,0,0,0
2026-04-29 21:50:49,148364553,55217,51470674,227172,19238,82,83,40193951,12110,0,0,0
2026-04-29 21:50:51,148418903,54350,51489551,227238,18943,78,83,40206065,12114,0,0,0
2026-04-29 21:50:52,148470974,52071,51507644,227302,18157,82,83,40218190,12125,0,0,0
2026-04-29 21:50:53,148524722,53748,51526346,227376,18776,60,83,40230310,12120,0,0,0
2026-04-29 21:50:54,148578769,54047,51545111,227451,18840,76,83,40242439,12129,0,0,0
2026-04-29 21:50:55,148634605,55836,51564503,227519,19460,82,83,40266675,24236,0,0,0
2026-04-29 21:50:56,148690286,55681,51583830,227608,19416,74,83,40278780,12105,0,0,0
2026-04-29 21:50:58,148745277,54991,51602898,227697,19157,81,83,40290909,12129,0,0,0
2026-04-29 21:50:59,148800312,55035,51621984,227776,19165,81,83,40303085,12176,0,0,0
2026-04-29 21:51:00,148855370,55058,51641081,227862,19183,82,83,40315275,12190,0,0,0
2026-04-29 21:51:01,148909045,53675,51659733,227946,18736,81,83,40327469,12194,0,0,0
2026-04-29 21:51:02,148959100,50055,51677049,228033,17403,79,83,40351888,24419,0,0,0
2026-04-29 21:51:03,149013016,53916,51695712,228120,18750,80,83,40364063,12175,0,0,0
2026-04-29 21:51:04,149066496,53480,51714286,228196,18650,81,83,40376212,12149,0,0,0
2026-04-29 21:51:06,149122388,55892,51733598,228299,19415,78,83,40388371,12159,0,0,0
2026-04-29 21:51:07,149175923,53535,51752176,228393,18672,78,83,40400602,12231,0,0,0
2026-04-29 21:51:08,149228595,52672,51770450,228458,18339,81,83,40412831,12229,0,0,0
2026-04-29 21:51:09,149281706,53111,51788874,228545,18511,82,83,40425071,12240,0,0,0
2026-04-29 21:51:10,149335791,54085,51807603,228633,18817,77,83,40449573,24502,0,0,0
2026-04-29 21:51:11,149392098,56307,51827109,228722,19595,81,83,40461835,12262,0,0,0
2026-04-29 21:51:12,149448325,56227,51846616,228796,19581,74,83,40474119,12284,0,0,0
2026-04-29 21:51:14,149504326,56001,51866056,228874,19518,80,83,40486385,12266,0,0,0
2026-04-29 21:51:15,149559633,55307,51885252,228957,19279,74,83,40498661,12276,0,0,0
2026-04-29 21:51:16,149614789,55156,51904381,229038,19210,80,83,40510949,12288,0,0,0
2026-04-29 21:51:17,149669948,55159,51923514,229119,19214,82,83,40523236,12287,0,0,0
2026-04-29 21:51:18,149725152,55204,51942644,229196,19207,81,83,40547853,24617,0,0,0
2026-04-29 21:51:19,149781142,55990,51962043,229300,19503,77,83,40560183,12330,0,0,0
2026-04-29 21:51:21,149836956,55814,51981403,229392,19452,72,83,40572515,12332,0,0,0
2026-04-29 21:51:22,149892805,55849,52000791,229463,19459,79,83,40584885,12370,0,0,0
2026-04-29 21:51:23,149948250,55445,52020033,229541,19320,81,83,40597283,12398,0,0,0
2026-04-29 21:51:24,150002710,54460,52038976,229613,19015,82,83,40609667,12384,0,0,0
2026-04-29 21:51:25,150055445,52735,52057250,229675,18336,75,83,40634381,24714,0,0,0
2026-04-29 21:51:26,150111267,55822,52076663,229757,19495,81,83,40646728,12347,0,0,0
2026-04-29 21:51:27,150166548,55281,52095896,229833,19309,79,83,40659093,12365,0,0,0
2026-04-29 21:51:29,150222174,55626,52115211,229911,19393,82,83,40671506,12413,0,0,0
2026-04-29 21:51:30,150278022,55848,52134543,230013,19434,75,83,40683937,12431,0,0,0
2026-04-29 21:51:31,150332985,54963,52153606,230093,19143,77,83,40696297,12360,0,0,0
2026-04-29 21:51:32,150387262,54277,52172428,230168,18897,82,83,40708678,12381,0,0,0
2026-04-29 21:51:33,150442929,55667,52191715,230262,19381,73,83,40733447,24769,0,0,0
2026-04-29 21:51:34,150498512,55583,52211004,230354,19381,72,83,40745821,12374,0,0,0
2026-04-29 21:51:36,150554117,55605,52230300,230445,19387,78,83,40758162,12341,0,0,0
2026-04-29 21:51:37,150610240,56123,52249780,230522,19557,82,83,40770503,12341,0,0,0
2026-04-29 21:51:38,150665907,55667,52269071,230626,19395,67,83,40782820,12317,0,0,0
2026-04-29 21:51:39,150719893,53986,52287793,230723,18819,68,83,40795157,12337,0,0,0
2026-04-29 21:51:40,150770283,50390,52305301,230800,17585,72,83,40807490,12333,0,0,0
2026-04-29 21:51:41,150826687,56404,52324821,230880,19600,76,83,40832147,24657,0,0,0
2026-04-29 21:51:42,150882411,55724,52344132,230981,19412,80,83,40844471,12324,0,0,0
2026-04-29 21:51:44,150937800,55389,52363347,231071,19305,81,83,40856837,12366,0,0,0
2026-04-29 21:51:45,150992747,54947,52382432,231156,19170,82,83,40869182,12345,0,0,0
2026-04-29 21:51:46,151047353,54606,52401410,231251,19073,82,83,40881482,12300,0,0,0
2026-04-29 21:51:47,151098904,51551,52419305,231329,17973,76,83,40893810,12328,0,0,0
2026-04-29 21:51:48,151149596,50692,52436877,231399,17642,82,83,40918460,24650,0,0,0
2026-04-29 21:51:49,151204022,54426,52455781,231477,18982,80,83,40930810,12350,0,0,0
2026-04-29 21:51:50,151255353,51331,52473610,231542,17894,82,83,40943185,12375,0,0,0
2026-04-29 21:51:52,151306885,51532,52491489,231611,17948,76,83,40955585,12400,0,0,0
2026-04-29 21:51:53,151358131,51246,52509312,231680,17892,66,83,40967937,12352,0,0,0
2026-04-29 21:51:54,151407981,49850,52526577,231764,17349,71,83,40980263,12326,0,0,0
2026-04-29 21:51:55,151454582,46601,52542761,231831,16251,82,83,40992544,12281,0,0,0
2026-04-29 21:51:56,151500383,45801,52558713,231893,16014,82,83,41004850,12306,0,0,0
2026-04-29 21:51:57,151550719,50336,52576103,231983,17480,74,83,41029446,24596,0,0,0
2026-04-29 21:51:58,151602566,51847,52594052,232069,18035,73,83,41041759,12313,0,0,0
2026-04-29 21:52:00,151654822,52256,52612168,232151,18198,82,83,41054091,12332,0,0,0
2026-04-29 21:52:01,151705265,50443,52629661,232229,17571,75,83,41066465,12374,0,0,0
2026-04-29 21:52:02,151754418,49153,52646760,232313,17183,82,83,41078830,12365,0,0,0
2026-04-29 21:52:03,151801956,47538,52663201,232403,16531,82,83,41091183,12353,0,0,0
2026-04-29 21:52:04,151847592,45636,52679036,232465,15897,82,83,41103514,12331,0,0,0
2026-04-29 21:52:05,151896432,48840,52695962,232544,17005,81,83,41128205,24691,0,0,0
2026-04-29 21:52:06,151943358,46926,52712247,232633,16374,81,83,41140554,12349,0,0,0
2026-04-29 21:52:08,151993848,50490,52729753,232721,17594,80,83,41152904,12350,0,0,0
2026-04-29 21:52:09,152042020,48172,52746444,232792,16762,77,83,41165208,12304,0,0,0
2026-04-29 21:52:10,152089039,47019,52762776,232862,16402,82,83,41177518,12310,0,0,0
2026-04-29 21:52:11,152132485,43446,52777895,232916,15173,82,83,41189794,12276,0,0,0
2026-04-29 21:52:12,152177461,44976,52793481,233000,15670,81,83,41202042,12248,0,0,0
2026-04-29 21:52:13,152224993,47532,52809923,233074,16516,72,83,41226605,24563,0,0,0
2026-04-29 21:52:14,152276335,51342,52827718,233148,17869,70,83,41238892,12287,0,0,0
2026-04-29 21:52:16,152329328,52993,52846090,233220,18444,75,83,41251167,12275,0,0,0
2026-04-29 21:52:17,152380814,51486,52863947,233295,17932,78,83,41263446,12279,0,0,0
2026-04-29 21:52:18,152431520,50706,52881560,233370,17688,79,83,41275724,12278,0,0,0
2026-04-29 21:52:19,152478907,47387,52898005,233441,16516,82,83,41287990,12266,0,0,0
2026-04-29 21:52:20,152525115,46208,52914032,233519,16105,81,83,41300261,12271,0,0,0
2026-04-29 21:52:21,152573895,48780,52930995,233586,17030,81,83,41324871,24610,0,0,0
2026-04-29 21:52:22,152625879,51984,52949057,233674,18150,74,83,41337151,12280,0,0,0
2026-04-29 21:52:24,152680108,54229,52967874,233758,18901,82,83,41349465,12314,0,0,0
2026-04-29 21:52:25,152731829,51721,52985866,233836,18070,73,83,41361764,12299,0,0,0
2026-04-29 21:52:26,152783575,51746,53003798,233915,18011,81,83,41374044,12280,0,0,0
2026-04-29 21:52:27,152830746,47171,53020196,233984,16467,80,83,41386295,12251,0,0,0
2026-04-29 21:52:28,152877744,46998,53036529,234054,16403,82,83,41398555,12260,0,0,0
2026-04-29 21:52:29,152927135,49391,53053616,234133,17166,74,83,41422809,24254,0,0,0
2026-04-29 21:52:30,152980920,53785,53072317,234221,18789,72,83,41434901,12092,0,0,0
2026-04-29 21:52:32,153031274,50354,53089783,234288,17533,82,83,41447004,12103,0,0,0
2026-04-29 21:52:33,153082476,51202,53107562,234358,17849,75,83,41459101,12097,0,0,0
2026-04-29 21:52:34,153134387,51911,53125625,234415,18120,77,83,41471221,12120,0,0,0
2026-04-29 21:52:35,153182645,48258,53142405,234485,16850,82,83,41483399,12178,0,0,0
2026-04-29 21:52:36,153232398,49753,53159638,234565,17313,82,83,41495615,12216,0,0,0
2026-04-29 21:52:37,153282281,49883,53176919,234652,17368,82,83,41520064,24449,0,0,0
2026-04-29 21:52:38,153334276,51995,53194977,234731,18137,82,83,41532284,12220,0,0,0
2026-04-29 21:52:40,153386044,51768,53212931,234805,18028,82,83,41544514,12230,0,0,0
2026-04-29 21:52:41,153437467,51423,53230803,234868,17935,77,83,41556712,12198,0,0,0
2026-04-29 21:52:42,153487209,49742,53248082,234947,17358,81,83,41568897,12185,0,0,0
2026-04-29 21:52:43,153533854,46645,53264340,235014,16325,82,83,41581081,12184,0,0,0
2026-04-29 21:52:44,153582215,48361,53281037,235097,16780,81,83,41593274,12193,0,0,0
2026-04-29 21:52:45,153631480,49265,53298154,235165,17185,80,83,41617658,24384,0,0,0
2026-04-29 21:52:46,153684297,52817,53316482,235248,18411,75,83,41629852,12194,0,0,0
2026-04-29 21:52:48,153735789,51492,53334323,235339,17932,80,83,41642079,12227,0,0,0
2026-04-29 21:52:49,153787172,51383,53352143,235408,17889,76,83,41654309,12230,0,0,0
2026-04-29 21:52:50,153837415,50243,53369571,235471,17491,79,83,41666573,12264,0,0,0
2026-04-29 21:52:51,153883726,46311,53385701,235545,16204,82,83,41678857,12284,0,0,0
2026-04-29 21:52:52,153924025,40299,53399767,235600,14121,81,83,41691151,12294,0,0,0
2026-04-29 21:52:53,153965377,41352,53414083,235651,14367,82,83,41703454,12303,0,0,0
2026-04-29 21:52:54,154011263,45886,53429988,235729,15983,76,83,41727996,24542,0,0,0
2026-04-29 21:52:55,154065146,53883,53448701,235803,18787,80,83,41740257,12261,0,0,0
2026-04-29 21:52:57,154117576,52430,53466856,235891,18243,78,83,41752507,12250,0,0,0
2026-04-29 21:52:58,154168364,50788,53484496,235974,17723,81,83,41764730,12223,0,0,0
2026-04-29 21:52:59,154216366,48002,53501177,236054,16761,40,83,41776884,12154,0,0,0
2026-04-29 21:53:00,154261431,45065,53516782,236139,15690,82,83,41789050,12166,0,0,0
2026-04-29 21:53:01,154307716,46285,53532816,236201,16096,81,83,41813293,24243,0,0,0
2026-04-29 21:53:02,154357408,49692,53550044,236288,17315,81,83,41825418,12125,0,0,0
2026-04-29 21:53:03,154404449,47041,53566384,236347,16399,71,83,41837528,12110,0,0,0
2026-04-29 21:53:05,154453285,48836,53583356,236423,17048,80,83,41849671,12143,0,0,0
2026-04-29 21:53:06,154500757,47472,53599836,236485,16542,72,83,41861837,12166,0,0,0
2026-04-29 21:53:07,154545445,44688,53615430,236554,15663,82,83,41873995,12158,0,0,0
2026-04-29 21:53:08,154585355,39910,53629287,236607,13910,82,83,41886137,12142,0,0,0
2026-04-29 21:53:09,154628698,43343,53644298,236661,15065,82,83,41898270,12133,0,0,0
2026-04-29 21:53:10,154674048,45350,53659957,236713,15711,81,83,41922530,24260,0,0,0
2026-04-29 21:53:11,154725206,51158,53677692,236799,17821,82,83,41934619,12089,0,0,0
2026-04-29 21:53:13,154772423,47217,53694102,236874,16485,81,83,41946661,12042,0,0,0
2026-04-29 21:53:14,154820557,48134,53710857,236938,16819,81,83,41958697,12036,0,0,0
2026-04-29 21:53:15,154869633,49076,53727879,237010,17094,70,83,41970693,11996,0,0,0
2026-04-29 21:53:16,154915005,45372,53743682,237076,15869,82,83,41982702,12009,0,0,0
2026-04-29 21:53:17,154960596,45591,53759509,237147,15898,65,83,41994740,12038,0,0,0
2026-04-29 21:53:18,155007864,47268,53775875,237226,16445,80,83,42018827,24087,0,0,0
2026-04-29 21:53:19,155060468,52604,53794091,237314,18304,82,83,42030856,12029,0,0,0
2026-04-29 21:53:21,155111891,51423,53811940,237401,17936,78,83,42042871,12015,0,0,0
2026-04-29 21:53:22,155164504,52613,53830224,237465,18348,80,83,42054887,12016,0,0,0
2026-04-29 21:53:23,155215917,51413,53848106,237540,17957,81,83,42066896,12009,0,0,0
2026-04-29 21:53:24,155264016,48099,53864817,237609,16780,82,83,42078889,11993,0,0,0
2026-04-29 21:53:25,155311369,47353,53881234,237672,16480,82,83,42090869,11980,0,0,0
2026-04-29 21:53:26,155358142,46773,53897491,237746,16331,78,83,42114760,23891,0,0,0
2026-04-29 21:53:27,155410999,52857,53915868,237828,18459,82,83,42126752,11992,0,0,0
2026-04-29 21:53:29,155462261,51262,53933645,237902,17851,70,83,42138601,11849,0,0,0
2026-04-29 21:53:30,155514317,52056,53951701,237981,18135,75,83,42150468,11867,0,0,0
2026-04-29 21:53:31,155565699,51382,53969562,238051,17931,82,83,42162295,11827,0,0,0
2026-04-29 21:53:32,155610835,45136,53985249,238111,15747,79,83,42174135,11840,0,0,0
2026-04-29 21:53:33,155654844,44009,54000518,238175,15333,82,83,42185955,11820,0,0,0
2026-04-29 21:53:34,155698099,43255,54015485,238245,15037,77,83,42209579,23624,0,0,0
2026-04-29 21:53:35,155748462,50363,54032926,238311,17507,73,83,42221388,11809,0,0,0
2026-04-29 21:53:36,155797899,49437,54050116,238386,17265,79,83,42233211,11823,0,0,0
2026-04-29 21:53:38,155847355,49456,54067290,238461,17249,78,83,42245040,11829,0,0,0
2026-04-29 21:53:39,155896587,49232,54084378,238530,17157,82,83,42256885,11845,0,0,0
2026-04-29 21:53:40,155943046,46459,54100567,238610,16269,82,83,42268714,11829,0,0,0
2026-04-29 21:53:41,155986739,43693,54115701,238680,15204,82,83,42280533,11819,0,0,0
2026-04-29 21:53:42,156030259,43520,54130867,238740,15226,81,83,42292347,11814,0,0,0
2026-04-29 21:53:43,156077483,47224,54147193,238809,16395,77,83,42315981,23634,0,0,0
2026-04-29 21:53:44,156130578,53095,54165581,238894,18473,81,83,42327779,11798,0,0,0
2026-04-29 21:53:46,156180096,49518,54182772,238983,17280,76,83,42339530,11751,0,0,0
2026-04-29 21:53:47,156231511,51415,54200594,239065,17904,82,83,42351300,11770,0,0,0
2026-04-29 21:53:48,156280730,49219,54217724,239141,17206,79,83,42363074,11774,0,0,0
2026-04-29 21:53:49,156325993,45263,54233394,239202,15731,81,83,42374854,11780,0,0,0
2026-04-29 21:53:50,156368541,42548,54248208,239263,14875,82,83,42386603,11749,0,0,0
2026-04-29 21:53:51,156418226,49685,54265423,239339,17291,75,83,42410090,23487,0,0,0
2026-04-29 21:53:52,156468700,50474,54282907,239425,17570,78,83,42421884,11794,0,0,0
2026-04-29 21:53:54,156521775,53075,54301323,239520,18511,48,83,42433662,11778,0,0,0
2026-04-29 21:53:55,156575616,53841,54319963,239611,18731,81,83,42445446,11784,0,0,0
2026-04-29 21:53:56,156628361,52745,54338313,239691,18430,82,83,42457218,11772,0,0,0
2026-04-29 21:53:57,156680685,52324,54356498,239765,18259,79,83,42469026,11808,0,0,0
2026-04-29 21:53:58,156733880,53195,54374858,239856,18451,82,83,42492620,23594,0,0,0
2026-04-29 21:53:59,156788671,54791,54393891,239941,19118,82,83,42504383,11763,0,0,0
2026-04-29 21:54:00,156843662,54991,54412956,240026,19150,78,83,42516140,11757,0,0,0
2026-04-29 21:54:02,156899648,55986,54432393,240104,19515,78,83,42527902,11762,0,0,0
2026-04-29 21:54:03,156955576,55928,54451805,240183,19491,79,83,42539672,11770,0,0,0
2026-04-29 21:54:04,157010700,55124,54470928,240284,19224,80,83,42551437,11765,0,0,0
2026-04-29 21:54:05,157065953,55253,54490088,240368,19244,82,83,42563204,11767,0,0,0
2026-04-29 21:54:06,157122012,56059,54509526,240451,19521,82,83,42586703,23499,0,0,0
2026-04-29 21:54:07,157178526,56514,54529093,240531,19647,72,83,42598495,11792,0,0,0
2026-04-29 21:54:09,157233898,55372,54548281,240619,19276,76,83,42610271,11776,0,0,0
2026-04-29 21:54:10,157289587,55689,54567620,240713,19433,76,83,42622052,11781,0,0,0
2026-04-29 21:54:11,157345660,56073,54587057,240815,19539,79,83,42633811,11759,0,0,0
2026-04-29 21:54:12,157400987,55327,54606261,240910,19299,82,83,42645575,11764,0,0,0
2026-04-29 21:54:13,157456942,55955,54625620,241005,19454,80,83,42669079,23504,0,0,0
2026-04-29 21:54:14,157512908,55966,54645006,241096,19477,74,83,42680880,11801,0,0,0
2026-04-29 21:54:15,157569019,56111,54664468,241181,19547,73,83,42692680,11800,0,0,0
2026-04-29 21:54:17,157624310,55291,54683673,241265,19289,79,83,42704497,11817,0,0,0
2026-04-29 21:54:18,157680597,56287,54703188,241354,19604,81,83,42716340,11843,0,0,0
2026-04-29 21:54:19,157735764,55167,54722374,241438,19270,82,83,42728138,11798,0,0,0
2026-04-29 21:54:20,157790372,54608,54741360,241509,19057,80,83,42739926,11788,0,0,0
2026-04-29 21:54:21,157844612,54240,54760139,241591,18861,72,83,42763583,23657,0,0,0
2026-04-29 21:54:22,157899651,55039,54779187,241667,19124,81,83,42775443,11860,0,0,0
2026-04-29 21:54:24,157955022,55371,54798449,241743,19338,82,83,42787260,11817,0,0,0
2026-04-29 21:54:25,158010477,55455,54817704,241814,19326,82,83,42799084,11824,0,0,0
2026-04-29 21:54:26,158065581,55104,54836851,241900,19233,82,83,42810901,11817,0,0,0
2026-04-29 21:54:27,158120581,55000,54855907,241986,19142,80,83,42822760,11859,0,0,0
2026-04-29 21:54:28,158175048,54467,54874837,242076,19020,82,83,42834655,11895,0,0,0
2026-04-29 21:54:29,158230776,55728,54894143,242174,19404,82,83,42858768,24113,0,0,0
2026-04-29 21:54:30,158286913,56137,54913652,242255,19590,79,83,42870799,12031,0,0,0
2026-04-29 21:54:32,158342260,55347,54932852,242344,19289,71,83,42882866,12067,0,0,0
2026-04-29 21:54:33,158398694,56434,54952429,242427,19660,74,83,42894931,12065,0,0,0
2026-04-29 21:54:34,158454139,55445,54971664,242509,19317,74,83,42906994,12063,0,0,0
2026-04-29 21:54:35,158509410,55271,54990834,242584,19245,81,83,42919063,12069,0,0,0
2026-04-29 21:54:36,158564707,55297,55010008,242672,19262,73,83,42943161,24098,0,0,0
2026-04-29 21:54:37,158620509,55802,55029352,242756,19428,74,83,42955195,12034,0,0,0
2026-04-29 21:54:38,158675484,54975,55048433,242853,19178,68,83,42967219,12024,0,0,0
2026-04-29 21:54:40,158731161,55677,55067723,242936,19373,81,83,42979269,12050,0,0,0
2026-04-29 21:54:41,158787558,56397,55087281,243022,19644,79,83,42991300,12031,0,0,0
2026-04-29 21:54:42,158842084,54526,55106249,243101,19047,68,83,43003301,12001,0,0,0
2026-04-29 21:54:43,158897237,55153,55125369,243194,19213,79,83,43015278,11977,0,0,0
2026-04-29 21:54:44,158953465,56228,55144833,243280,19550,80,83,43039223,23945,0,0,0
2026-04-29 21:54:45,159009576,56111,55164284,243367,19538,80,83,43051200,11977,0,0,0
2026-04-29 21:54:47,159065432,55856,55183693,243453,19495,72,83,43063184,11984,0,0,0
2026-04-29 21:54:48,159121468,56036,55203093,243553,19500,78,83,43075170,11986,0,0,0
2026-04-29 21:54:49,159176922,55454,55222359,243641,19354,80,83,43087223,12053,0,0,0
2026-04-29 21:54:50,159232360,55438,55241553,243731,19284,77,83,43099259,12036,0,0,0
2026-04-29 21:54:51,159287462,55102,55260672,243834,19222,73,83,43123411,24152,0,0,0
2026-04-29 21:54:52,159343667,56205,55280149,243921,19564,81,83,43135513,12102,0,0,0
2026-04-29 21:54:54,159397806,54139,55298941,243996,18867,80,83,43147591,12078,0,0,0
2026-04-29 21:54:55,159454187,56381,55318514,244081,19658,82,83,43159671,12080,0,0,0
2026-04-29 21:54:56,159509413,55226,55337670,244175,19250,80,83,43171756,12085,0,0,0
2026-04-29 21:54:57,159565017,55604,55356956,244265,19376,78,83,43183890,12134,0,0,0
2026-04-29 21:54:58,159619729,54712,55375945,244343,19067,78,83,43195986,12096,0,0,0
2026-04-29 21:54:59,159676356,56627,55395549,244450,19711,80,83,43220430,24444,0,0,0
2026-04-29 21:55:00,159732176,55820,55414928,244542,19471,72,83,43232659,12229,0,0,0
2026-04-29 21:55:02,159787725,55549,55434211,244619,19360,75,83,43244874,12215,0,0,0
2026-04-29 21:55:03,159843776,56051,55453627,244717,19514,81,83,43257094,12220,0,0,0
2026-04-29 21:55:04,159899961,56185,55473092,244812,19560,76,83,43269302,12208,0,0,0
2026-04-29 21:55:05,159953998,54037,55491868,244890,18854,79,83,43281517,12215,0,0,0
2026-04-29 21:55:06,160009478,55480,55511112,244981,19335,79,83,43305889,24372,0,0,0
2026-04-29 21:55:07,160064253,54775,55530134,245069,19110,76,83,43318060,12171,0,0,0
2026-04-29 21:55:08,160120135,55882,55549541,245144,19482,82,83,43330227,12167,0,0,0
2026-04-29 21:55:10,160176614,56479,55569117,245225,19657,74,83,43342423,12196,0,0,0
2026-04-29 21:55:11,160232144,55530,55588371,245323,19352,78,83,43354578,12155,0,0,0
2026-04-29 21:55:12,160285143,52999,55606762,245404,18472,82,83,43366728,12150,0,0,0
2026-04-29 21:55:13,160340423,55280,55625967,245498,19299,77,83,43378881,12153,0,0,0
2026-04-29 21:55:14,160396580,56157,55645454,245569,19558,77,83,43403203,24322,0,0,0
2026-04-29 21:55:15,160451826,55246,55664635,245654,19266,80,83,43415346,12143,0,0,0
2026-04-29 21:55:17,160508193,56367,55684162,245752,19625,81,83,43427512,12166,0,0,0
2026-04-29 21:55:18,160564392,56199,55703653,245832,19571,78,83,43439692,12180,0,0,0
2026-04-29 21:55:19,160620718,56326,55723172,245909,19596,81,83,43451871,12179,0,0,0
2026-04-29 21:55:20,160675853,55135,55742307,245994,19220,66,83,43464049,12178,0,0,0
2026-04-29 21:55:21,160730820,54967,55761371,246087,19157,70,83,43488368,24319,0,0,0
2026-04-29 21:55:22,160787019,56199,55780832,246179,19553,79,83,43500523,12155,0,0,0
2026-04-29 21:55:24,160843783,56764,55800494,246280,19763,65,83,43512679,12156,0,0,0
2026-04-29 21:55:25,160899683,55900,55819858,246377,19461,81,83,43524846,12167,0,0,0
2026-04-29 21:55:26,160955409,55726,55839221,246457,19443,75,83,43537005,12159,0,0,0
2026-04-29 21:55:27,161007464,52055,55857281,246539,18142,81,83,43549177,12172,0,0,0
2026-04-29 21:55:28,161062877,55413,55876494,246611,19285,75,83,43561334,12157,0,0,0
2026-04-29 21:55:29,161118701,55824,55895856,246694,19445,82,83,43585799,24465,0,0,0
2026-04-29 21:55:30,161174515,55814,55915252,246770,19472,81,83,43598062,12263,0,0,0
2026-04-29 21:55:32,161230482,55967,55934656,246862,19496,75,83,43610314,12252,0,0,0
2026-04-29 21:55:33,161285876,55394,55953853,246929,19264,79,83,43622557,12243,0,0,0
2026-04-29 21:55:34,161341364,55488,55973086,247024,19328,80,83,43634795,12238,0,0,0
2026-04-29 21:55:35,161396795,55431,55992321,247109,19320,80,83,43647031,12236,0,0,0
2026-04-29 21:55:36,161450849,54054,56011082,247171,18823,82,83,43671463,24432,0,0,0
2026-04-29 21:55:37,161506442,55593,56030391,247247,19385,81,83,43683710,12247,0,0,0
2026-04-29 21:55:38,161562171,55729,56049724,247344,19430,74,83,43695989,12279,0,0,0
2026-04-29 21:55:40,161617554,55383,56068955,247433,19320,80,83,43708266,12277,0,0,0
2026-04-29 21:55:41,161672941,55387,56088198,247504,19314,78,83,43720529,12263,0,0,0
2026-04-29 21:55:42,161726109,53168,56106663,247584,18545,80,83,43732768,12239,0,0,0
2026-04-29 21:55:43,161779163,53054,56125050,247676,18479,78,83,43745006,12238,0,0,0
2026-04-29 21:55:44,161833734,54571,56143993,247769,19036,76,83,43769478,24472,0,0,0
2026-04-29 21:55:45,161889279,55545,56163278,247864,19380,82,83,43781723,12245,0,0,0
2026-04-29 21:55:47,161945046,55767,56182649,247943,19450,80,83,43793996,12273,0,0,0
2026-04-29 21:55:48,162001377,56331,56202176,248027,19611,78,83,43806256,12260,0,0,0
2026-04-29 21:55:49,162057243,55866,56221546,248117,19460,75,83,43818506,12250,0,0,0
2026-04-29 21:55:50,162112939,55696,56240867,248206,19410,77,83,43830734,12228,0,0,0
2026-04-29 21:55:51,162168219,55280,56260053,248294,19274,80,83,43855276,24542,0,0,0
2026-04-29 21:55:52,162223615,55396,56279307,248384,19344,75,83,43867524,12248,0,0,0
2026-04-29 21:55:53,162279287,55672,56298638,248465,19412,80,83,43879737,12213,0,0,0
2026-04-29 21:55:55,162334988,55701,56317892,248556,19345,74,83,43891948,12211,0,0,0
2026-04-29 21:55:56,162389179,54191,56336671,248652,18875,75,83,43904159,12211,0,0,0
2026-04-29 21:55:57,162443382,54203,56355470,248740,18887,68,83,43916362,12203,0,0,0
2026-04-29 21:55:58,162491209,47827,56372100,248813,16703,82,83,43928572,12210,0,0,0
2026-04-29 21:55:59,162541042,49833,56389324,248884,17295,82,83,43953156,24584,0,0,0
2026-04-29 21:56:00,162593265,52223,56407446,248958,18196,80,83,43965491,12335,0,0,0
2026-04-29 21:56:01,162636595,43330,56422483,249003,15082,80,83,43977837,12346,0,0,0
2026-04-29 21:56:03,162679086,42491,56437203,249075,14792,78,83,43990160,12323,0,0,0
2026-04-29 21:56:04,162721308,42222,56451898,249129,14749,73,83,44002430,12270,0,0,0
2026-04-29 21:56:05,162761841,40533,56465982,249193,14148,73,83,44014662,12232,0,0,0
2026-04-29 21:56:06,162797961,36120,56478485,249243,12553,82,83,44026845,12183,0,0,0
2026-04-29 21:56:07,162832855,34894,56490620,249286,12178,82,83,44039030,12185,0,0,0
2026-04-29 21:56:08,162873436,40581,56504626,249352,14072,81,83,44063432,24402,0,0,0
2026-04-29 21:56:09,162921751,48315,56521421,249432,16875,77,83,44075660,12228,0,0,0
2026-04-29 21:56:11,162968192,46441,56537486,249498,16131,80,83,44087897,12237,0,0,0
2026-04-29 21:56:12,163016377,48185,56554193,249568,16777,74,83,44100119,12222,0,0,0
2026-04-29 21:56:13,163060450,44073,56569509,249627,15375,70,83,44112298,12179,0,0,0
2026-04-29 21:56:14,163102825,42375,56584256,249688,14808,82,83,44124493,12195,0,0,0
2026-04-29 21:56:15,163146089,43264,56599256,249759,15071,82,83,44136716,12223,0,0,0
2026-04-29 21:56:16,163187111,41022,56613450,249823,14258,82,83,44148927,12211,0,0,0
2026-04-29 21:56:17,163231734,44623,56628909,249904,15540,76,83,44173335,24408,0,0,0
2026-04-29 21:56:18,163280302,48568,56645746,249972,16905,72,83,44185555,12220,0,0,0
2026-04-29 21:56:20,163324129,43827,56660927,250040,15249,75,83,44197794,12239,0,0,0
2026-04-29 21:56:21,163367836,43707,56676046,250122,15201,79,83,44209993,12199,0,0,0
2026-04-29 21:56:22,163407904,40068,56689972,250192,13996,82,83,44222188,12195,0,0,0
2026-04-29 21:56:23,163442933,35029,56702136,250253,12225,66,83,44234377,12189,0,0,0
2026-04-29 21:56:24,163478724,35791,56714555,250317,12483,82,83,44246588,12211,0,0,0
2026-04-29 21:56:25,163515527,36803,56727331,250372,12831,82,83,44258827,12239,0,0,0
2026-04-29 21:56:26,163553866,38339,56740549,250440,13286,79,83,44283303,24476,0,0,0
2026-04-29 21:56:28,163595842,41976,56755093,250499,14603,77,83,44295505,12202,0,0,0
2026-04-29 21:56:29,163640388,44546,56770531,250567,15506,81,83,44307289,11784,0,0,0
2026-04-29 21:56:30,163684300,43912,56785786,250643,15331,82,83,44319080,11791,0,0,0
2026-04-29 21:56:31,163718446,34146,56797680,250696,11947,74,83,44330873,11793,0,0,0
2026-04-29 21:56:32,163753306,34860,56809792,250746,12162,82,83,44342664,11791,0,0,0
2026-04-29 21:56:33,163787373,34067,56821641,250797,11900,82,83,44354420,11756,0,0,0
2026-04-29 21:56:34,163824055,36682,56834331,250846,12739,82,83,44366175,11755,0,0,0
2026-04-29 21:56:35,163864792,40737,56848423,250907,14153,75,83,44389762,23587,0,0,0
2026-04-29 21:56:37,163908635,43843,56863625,250961,15256,76,83,44401584,11822,0,0,0
2026-04-29 21:56:38,163950694,42059,56878234,251021,14669,79,83,44413377,11793,0,0,0
2026-04-29 21:56:39,163997423,46729,56894459,251083,16287,78,83,44425205,11828,0,0,0
2026-04-29 21:56:40,164038193,40770,56908643,251139,14240,82,83,44437018,11813,0,0,0
2026-04-29 21:56:41,164072843,34650,56920671,251202,12091,82,83,44448889,11871,0,0,0
2026-04-29 21:56:42,164106577,33734,56932381,251250,11758,82,83,44460772,11883,0,0,0
2026-04-29 21:56:43,164142468,35891,56944816,251308,12493,82,83,44472699,11927,0,0,0
2026-04-29 21:56:44,164177425,34957,56956895,251359,12130,82,83,44496463,23764,0,0,0
2026-04-29 21:56:46,164222495,45070,56972550,251420,15716,77,83,44508321,11858,0,0,0
2026-04-29 21:56:47,164271563,49068,56989609,251487,17126,82,83,44520138,11817,0,0,0
2026-04-29 21:56:48,164316922,45359,57005336,251553,15793,82,83,44531945,11807,0,0,0
2026-04-29 21:56:49,164362192,45270,57021063,251621,15795,82,83,44543713,11768,0,0,0
2026-04-29 21:56:50,164409403,47211,57037410,251700,16426,82,83,44555473,11760,0,0,0
2026-04-29 21:56:51,164461240,51837,57055403,251793,18086,75,83,44579039,23566,0,0,0
2026-04-29 21:56:52,164518487,57247,57075276,251881,19961,80,83,44590817,11778,0,0,0
2026-04-29 21:56:54,164575613,57126,57095124,251972,19939,75,83,44602599,11782,0,0,0
2026-04-29 21:56:55,164633310,57697,57115164,252052,20120,82,83,44614404,11805,0,0,0
2026-04-29 21:56:56,164687950,54640,57134096,252149,19029,82,83,44626209,11805,0,0,0
2026-04-29 21:56:57,164741850,53900,57152853,252231,18839,81,83,44638068,11859,0,0,0
2026-04-29 21:56:58,164789768,47918,57169467,252299,16682,81,83,44649911,11843,0,0,0
2026-04-29 21:56:59,164842272,52504,57187700,252374,18308,78,83,44673137,23226,0,0,0
2026-04-29 21:57:00,164894752,52480,57205908,252466,18300,74,83,44684792,11655,0,0,0
2026-04-29 21:57:02,164945378,50626,57223495,252559,17680,74,83,44696442,11650,0,0,0
2026-04-29 21:57:03,164999132,53754,57242095,252653,18694,76,83,44708106,11664,0,0,0
2026-04-29 21:57:04,165049584,50452,57259582,252749,17583,76,83,44719737,11631,0,0,0
2026-04-29 21:57:05,165094925,45341,57275368,252805,15842,76,83,44731355,11618,0,0,0
2026-04-29 21:57:06,165144566,49641,57292594,252877,17298,82,83,44742951,11596,0,0,0
2026-04-29 21:57:07,165193475,48909,57309511,252948,16988,79,83,44766159,23208,0,0,0
2026-04-29 21:57:08,165246965,53490,57328097,253028,18666,82,83,44777760,11601,0,0,0
2026-04-29 21:57:10,165299465,52500,57346325,253103,18303,75,83,44789348,11588,0,0,0
2026-04-29 21:57:11,165354249,54784,57365311,253173,19056,81,83,44800988,11640,0,0,0
2026-04-29 21:57:12,165409708,55459,57384550,253261,19327,72,83,44812617,11629,0,0,0
2026-04-29 21:57:13,165463716,54008,57403285,253349,18823,67,83,44824273,11656,0,0,0
2026-04-29 21:57:14,165516907,53191,57421766,253423,18555,79,83,44847639,23366,0,0,0
2026-04-29 21:57:15,165572764,55857,57441115,253492,19418,80,83,44859322,11683,0,0,0
2026-04-29 21:57:16,165627539,54775,57460165,253578,19136,79,83,44871010,11688,0,0,0
2026-04-29 21:57:18,165682605,55066,57479295,253659,19211,82,83,44882690,11680,0,0,0
2026-04-29 21:57:19,165737529,54924,57498387,253736,19169,76,83,44894364,11674,0,0,0
2026-04-29 21:57:20,165792547,55018,57517479,253813,19169,76,83,44905989,11625,0,0,0
2026-04-29 21:57:21,165846923,54376,57536389,253906,19003,82,83,44917624,11635,0,0,0
2026-04-29 21:57:22,165903035,56112,57555840,253977,19522,81,83,44941060,23436,0,0,0
2026-04-29 21:57:23,165957569,54534,57574789,254068,19040,78,83,44952795,11735,0,0,0
2026-04-29 21:57:25,166013155,55586,57594098,254162,19403,80,83,44964531,11736,0,0,0
2026-04-29 21:57:26,166069337,56182,57613554,254244,19538,74,83,44976274,11743,0,0,0
2026-04-29 21:57:27,166125162,55825,57632888,254345,19435,81,83,44987987,11713,0,0,0
2026-04-29 21:57:28,166180652,55490,57652150,254438,19355,64,83,44999695,11708,0,0,0
2026-04-29 21:57:29,166236400,55748,57671484,254533,19429,76,83,45023554,23859,0,0,0
2026-04-29 21:57:30,166292117,55717,57690767,254623,19373,82,83,45035487,11933,0,0,0
2026-04-29 21:57:31,166346718,54601,57709726,254703,19039,71,83,45047401,11914,0,0,0
2026-04-29 21:57:33,166402387,55669,57729017,254789,19377,82,83,45059338,11937,0,0,0
2026-04-29 21:57:34,166456984,54597,57747940,254866,19000,79,83,45071274,11936,0,0,0
2026-04-29 21:57:35,166510288,53304,57766419,254947,18560,77,83,45083219,11945,0,0,0
2026-04-29 21:57:36,166563837,53549,57784963,255029,18626,81,83,45095165,11946,0,0,0
2026-04-29 21:57:37,166617910,54073,57803737,255115,18860,70,83,45119146,23981,0,0,0
2026-04-29 21:57:38,166672586,54676,57822689,255192,19029,82,83,45131215,12069,0,0,0
2026-04-29 21:57:40,166725267,52681,57840965,255270,18354,78,83,45143258,12043,0,0,0
2026-04-29 21:57:41,166776407,51140,57858718,255347,17830,82,83,45155297,12039,0,0,0
2026-04-29 21:57:42,166828545,52138,57876747,255431,18113,73,83,45167318,12021,0,0,0
2026-04-29 21:57:43,166880997,52452,57894941,255505,18268,82,83,45179353,12035,0,0,0
2026-04-29 21:57:44,166932432,51435,57912883,255582,18019,82,83,45191389,12036,0,0,0
2026-04-29 21:57:45,166986477,54045,57931584,255656,18775,81,83,45215432,24043,0,0,0
2026-04-29 21:57:46,167041691,55214,57950751,255744,19255,80,83,45227435,12003,0,0,0
2026-04-29 21:57:48,167097299,55608,57970051,255828,19384,75,83,45239473,12038,0,0,0
2026-04-29 21:57:49,167152898,55599,57989323,255914,19358,78,83,45251484,12011,0,0,0
2026-04-29 21:57:50,167208203,55305,58008522,255993,19278,77,83,45263508,12024,0,0,0
2026-04-29 21:57:51,167262960,54757,58027506,256082,19073,81,83,45275534,12026,0,0,0
2026-04-29 21:57:52,167317343,54383,58046379,256165,18956,77,83,45299594,24060,0,0,0
2026-04-29 21:57:53,167373605,56262,58065854,256245,19555,82,83,45311583,11989,0,0,0
2026-04-29 21:57:54,167429365,55760,58085201,256319,19421,81,83,45323541,11958,0,0,0
2026-04-29 21:57:56,167484776,55411,58104433,256397,19310,79,83,45335565,12024,0,0,0
2026-04-29 21:57:57,167540967,56191,58123890,256484,19544,80,83,45347603,12038,0,0,0
2026-04-29 21:57:58,167596996,56029,58143327,256569,19522,79,83,45359623,12020,0,0,0
2026-04-29 21:57:59,167651841,54845,58162393,256649,19146,78,83,45371812,12189,0,0,0
2026-04-29 21:58:00,167707417,55576,58181695,256753,19406,82,83,45396225,24413,0,0,0
2026-04-29 21:58:01,167762841,55424,58200928,256829,19309,80,83,45408439,12214,0,0,0
2026-04-29 21:58:03,167819519,56678,58220504,256925,19672,77,83,45420689,12250,0,0,0
2026-04-29 21:58:04,167875790,56271,58240017,257019,19607,77,83,45432916,12227,0,0,0
2026-04-29 21:58:05,167931275,55485,58259259,257098,19321,80,83,45445127,12211,0,0,0
2026-04-29 21:58:06,167985558,54283,58278072,257187,18902,76,83,45457314,12187,0,0,0
2026-04-29 21:58:07,168037748,52190,58296173,257260,18174,75,83,45469564,12250,0,0,0
2026-04-29 21:58:08,168088021,50273,58313606,257350,17523,77,83,45494069,24505,0,0,0
2026-04-29 21:58:09,168143223,55202,58332724,257439,19207,82,83,45506278,12209,0,0,0
2026-04-29 21:58:11,168195344,52121,58350829,257519,18185,81,83,45518514,12236,0,0,0
2026-04-29 21:58:12,168246497,51153,58368552,257595,17799,77,83,45530742,12228,0,0,0
2026-04-29 21:58:13,168297865,51368,58386380,257684,17917,82,83,45542965,12223,0,0,0
2026-04-29 21:58:14,168344429,46564,58402517,257772,16225,78,83,45555140,12175,0,0,0
2026-04-29 21:58:15,168392844,48415,58419293,257848,16852,82,83,45567325,12185,0,0,0
2026-04-29 21:58:16,168443650,50806,58436913,257917,17689,73,83,45591719,24394,0,0,0
2026-04-29 21:58:17,168496339,52689,58455198,257982,18350,77,83,45603913,12194,0,0,0
2026-04-29 21:58:19,168548848,52509,58473382,258064,18266,81,83,45616080,12167,0,0,0
2026-04-29 21:58:20,168600116,51268,58491191,258136,17881,75,83,45628282,12202,0,0,0
2026-04-29 21:58:21,168651990,51874,58509160,258214,18047,67,83,45640526,12244,0,0,0
2026-04-29 21:58:22,168701263,49273,58526232,258288,17146,80,83,45652757,12231,0,0,0
2026-04-29 21:58:23,168748137,46874,58542528,258351,16359,77,83,45664965,12208,0,0,0
2026-04-29 21:58:24,168797588,49451,58559598,258426,17145,82,83,45689320,24355,0,0,0
2026-04-29 21:58:25,168847821,50233,58577015,258513,17504,82,83,45701530,12210,0,0,0
2026-04-29 21:58:27,168896478,48657,58593912,258591,16975,82,83,45713737,12207,0,0,0
2026-04-29 21:58:28,168942825,46347,58609979,258660,16136,74,83,45725913,12176,0,0,0
2026-04-29 21:58:29,168990367,47542,58626508,258747,16616,81,83,45738094,12181,0,0,0
2026-04-29 21:58:30,169033781,43414,58641599,258802,15146,82,83,45750242,12148,0,0,0
2026-04-29 21:58:31,169080083,46302,58657652,258881,16132,82,83,45762360,12118,0,0,0
2026-04-29 21:58:32,169125140,45057,58673220,258955,15642,81,83,45786568,24208,0,0,0
2026-04-29 21:58:33,169176547,51407,58691089,259032,17946,82,83,45798672,12104,0,0,0
2026-04-29 21:58:35,169228127,51580,58708912,259110,17901,70,83,45810802,12130,0,0,0
2026-04-29 21:58:36,169278500,50373,58726389,259192,17559,82,83,45822941,12139,0,0,0
2026-04-29 21:58:37,169331886,53386,58744893,259278,18590,82,83,45835083,12142,0,0,0
2026-04-29 21:58:38,169382532,50646,58762490,259373,17692,82,83,45847178,12095,0,0,0
2026-04-29 21:58:39,169429902,47370,58778938,259437,16512,80,83,45859277,12099,0,0,0
2026-04-29 21:58:40,169478934,49032,58795941,259516,17082,82,83,45883437,24160,0,0,0
2026-04-29 21:58:41,169530352,51418,58813764,259592,17899,80,83,45895507,12070,0,0,0
2026-04-29 21:58:43,169581864,51512,58831651,259675,17970,80,83,45907622,12115,0,0,0
2026-04-29 21:58:44,169635121,53257,58850086,259756,18516,80,83,45919710,12088,0,0,0
2026-04-29 21:58:45,169686812,51691,58867976,259852,17986,82,83,45931753,12043,0,0,0
2026-04-29 21:58:46,169734995,48183,58884705,259931,16808,79,83,45943749,11996,0,0,0
2026-04-29 21:58:47,169782068,47073,58901094,259992,16450,82,83,45955732,11983,0,0,0
2026-04-29 21:58:48,169829309,47241,58917473,260049,16436,77,83,45979737,24005,0,0,0
2026-04-29 21:58:49,169879306,49997,58934841,260125,17444,82,83,45991744,12007,0,0,0
2026-04-29 21:58:51,169929666,50360,58952295,260205,17534,79,83,46003757,12013,0,0,0
2026-04-29 21:58:52,169980550,50884,58969939,260272,17711,82,83,46015754,11997,0,0,0
2026-04-29 21:58:53,170030536,49986,58987286,260358,17433,68,83,46027780,12026,0,0,0
2026-04-29 21:58:54,170078371,47835,59003871,260425,16652,81,83,46039762,11982,0,0,0
2026-04-29 21:58:55,170124934,46563,59020005,260515,16224,82,83,46051732,11970,0,0,0
2026-04-29 21:58:56,170172961,48027,59036609,260588,16677,82,83,46075608,23876,0,0,0
2026-04-29 21:58:57,170222666,49705,59053846,260662,17311,81,83,46087526,11918,0,0,0
2026-04-29 21:58:59,170274929,52263,59071963,260738,18193,78,83,46099319,11793,0,0,0
2026-04-29 21:59:00,170326580,51651,59089886,260809,17994,82,83,46111137,11818,0,0,0
2026-04-29 21:59:01,170378941,52361,59108034,260895,18234,74,83,46122958,11821,0,0,0
2026-04-29 21:59:02,170428614,49673,59125294,260971,17336,82,83,46134799,11841,0,0,0
2026-04-29 21:59:03,170476107,47493,59141790,261043,16568,81,83,46146629,11830,0,0,0
2026-04-29 21:59:04,170525150,49043,59158805,261106,17078,71,83,46170328,23699,0,0,0
2026-04-29 21:59:05,170576581,51431,59176669,261179,17937,81,83,46182187,11859,0,0,0
2026-04-29 21:59:07,170627421,50840,59194305,261249,17706,82,83,46194034,11847,0,0,0
2026-04-29 21:59:08,170678466,51045,59212026,261335,17807,79,83,46205858,11824,0,0,0
2026-04-29 21:59:09,170731000,52534,59230185,261439,18263,79,83,46217697,11839,0,0,0
2026-04-29 21:59:10,170780502,49502,59247379,261511,17266,82,83,46229510,11813,0,0,0
2026-04-29 21:59:11,170826960,46458,59263547,261572,16229,82,83,46241336,11826,0,0,0
2026-04-29 21:59:12,170875895,48935,59280498,261641,17020,76,83,46264949,23613,0,0,0
2026-04-29 21:59:13,170924670,48775,59297434,261715,17010,79,83,46276754,11805,0,0,0
2026-04-29 21:59:15,170976359,51689,59315358,261796,18005,81,83,46288569,11815,0,0,0
2026-04-29 21:59:16,171027944,51585,59333230,261884,17960,77,83,46300413,11844,0,0,0
2026-04-29 21:59:17,171079281,51337,59351024,261978,17888,80,83,46312259,11846,0,0,0
2026-04-29 21:59:18,171128976,49695,59368304,262061,17363,81,83,46324106,11847,0,0,0
2026-04-29 21:59:19,171177209,48233,59385023,262150,16808,82,83,46335940,11834,0,0,0
2026-04-29 21:59:20,171227350,50141,59402383,262226,17436,77,83,46359571,23631,0,0,0
2026-04-29 21:59:21,171275029,47679,59418908,262312,16611,74,83,46371347,11776,0,0,0
2026-04-29 21:59:23,171323408,48379,59435720,262396,16896,72,83,46383124,11777,0,0,0
2026-04-29 21:59:24,171373224,49816,59453022,262481,17387,70,83,46394885,11761,0,0,0
2026-04-29 21:59:25,171422633,49409,59470179,262551,17227,79,83,46406660,11775,0,0,0
2026-04-29 21:59:26,171469264,46631,59486390,262613,16273,66,83,46418452,11792,0,0,0
2026-04-29 21:59:27,171516616,47352,59502855,262688,16540,82,83,46430215,11763,0,0,0
2026-04-29 21:59:28,171564093,47477,59519283,262747,16487,75,83,46453717,23502,0,0,0
2026-04-29 21:59:29,171616231,52138,59537394,262810,18174,81,83,46465447,11730,0,0,0
2026-04-29 21:59:31,171665761,49530,59554599,262884,17279,78,83,46477142,11695,0,0,0
2026-04-29 21:59:32,171718348,52587,59572855,262972,18344,76,83,46488868,11726,0,0,0
2026-04-29 21:59:33,171773717,55369,59592030,263077,19280,78,83,46500572,11704,0,0,0
2026-04-29 21:59:34,171825053,51336,59609889,263154,17936,66,83,46512287,11715,0,0,0
2026-04-29 21:59:35,171872340,47287,59626276,263240,16473,82,83,46523995,11708,0,0,0
2026-04-29 21:59:36,171921668,49328,59643350,263305,17139,71,83,46547347,23352,0,0,0
2026-04-29 21:59:37,171972819,51151,59661130,263389,17864,81,83,46559004,11657,0,0,0
2026-04-29 21:59:39,172024700,51881,59679089,263487,18057,81,83,46570683,11679,0,0,0
2026-04-29 21:59:40,172078046,53346,59697566,263571,18561,81,83,46582368,11685,0,0,0
2026-04-29 21:59:41,172131308,53262,59716059,263642,18564,77,83,46594078,11710,0,0,0
2026-04-29 21:59:42,172182439,51131,59733812,263726,17837,82,83,46605800,11722,0,0,0
2026-04-29 21:59:43,172229603,47164,59750243,263790,16495,82,83,46617502,11702,0,0,0
2026-04-29 21:59:44,172279596,49993,59767553,263868,17388,82,83,46640865,23363,0,0,0
2026-04-29 21:59:45,172331357,51761,59785508,263961,18048,71,83,46652564,11699,0,0,0
2026-04-29 21:59:47,172382496,51139,59803267,264038,17836,81,83,46664267,11703,0,0,0
2026-04-29 21:59:48,172426879,44383,59818664,264107,15466,77,83,46675966,11699,0,0,0
2026-04-29 21:59:49,172479009,52130,59836750,264183,18162,82,83,46687653,11687,0,0,0
2026-04-29 21:59:50,172525088,46079,59852796,264237,16100,82,83,46699337,11684,0,0,0
2026-04-29 21:59:51,172570085,44997,59868457,264301,15725,82,83,46711051,11714,0,0,0
2026-04-29 21:59:52,172616150,46065,59884450,264362,16054,82,83,46722744,11693,0,0,0
2026-04-29 21:59:53,172665081,48931,59901374,264427,16989,81,83,46746095,23351,0,0,0
2026-04-29 21:59:54,172714418,49337,59918509,264505,17213,76,83,46757748,11653,0,0,0
2026-04-29 21:59:56,172765088,50670,59936145,264573,17704,82,83,46769442,11694,0,0,0
2026-04-29 21:59:57,172815541,50453,59953628,264642,17552,77,83,46781154,11712,0,0,0
2026-04-29 21:59:58,172865591,50050,59971026,264720,17476,82,83,46792848,11694,0,0,0
2026-04-29 21:59:59,172913369,47778,59987491,264805,16550,76,83,46804476,11628,0,0,0
2026-04-29 22:00:00,172961253,47884,60004113,264881,16698,81,83,46827743,23267,0,0,0
2026-04-29 22:00:01,173012321,51068,60021813,264958,17777,78,83,46839412,11669,0,0,0
2026-04-29 22:00:02,173062818,50497,60039343,265038,17610,73,83,46851068,11656,0,0,0
2026-04-29 22:00:04,173115051,52233,60057432,265125,18176,78,83,46862694,11626,0,0,0
2026-04-29 22:00:05,173164662,49611,60074619,265198,17260,74,83,46874303,11609,0,0,0
2026-04-29 22:00:06,173214398,49736,60091913,265286,17382,82,83,46885901,11598,0,0,0
2026-04-29 22:00:07,173264563,50165,60109377,265363,17541,82,83,46897538,11637,0,0,0
2026-04-29 22:00:08,173312825,48262,60126121,265427,16808,79,83,46909135,11597,0,0,0
2026-04-29 22:00:09,173367433,54608,60145060,265514,19026,73,83,46932419,23284,0,0,0
2026-04-29 22:00:10,173422132,54699,60164064,265586,19076,75,83,46944053,11634,0,0,0
2026-04-29 22:00:12,173478395,56263,60183624,265663,19637,81,83,46955644,11591,0,0,0
2026-04-29 22:00:13,173534318,55923,60202982,265754,19449,73,83,46967264,11620,0,0,0
2026-04-29 22:00:14,173589439,55121,60222136,265840,19240,75,83,46978892,11628,0,0,0
2026-04-29 22:00:15,173644529,55090,60241263,265921,19208,71,83,46990511,11619,0,0,0
2026-04-29 22:00:16,173700650,56121,60260706,265996,19518,76,83,47013688,23177,0,0,0
2026-04-29 22:00:17,173756432,55782,60280041,266069,19408,82,83,47025265,11577,0,0,0
2026-04-29 22:00:19,173812102,55670,60299360,266169,19419,73,83,47036863,11598,0,0,0
2026-04-29 22:00:20,173868081,55979,60318765,266243,19479,82,83,47048445,11582,0,0,0
2026-04-29 22:00:21,173924473,56392,60338279,266324,19595,77,83,47060100,11655,0,0,0
2026-04-29 22:00:22,173980381,55908,60357679,266405,19481,79,83,47071754,11654,0,0,0
2026-04-29 22:00:23,174035577,55196,60376847,266506,19269,74,83,47083422,11668,0,0,0
2026-04-29 22:00:24,174091692,56115,60396309,266588,19544,79,83,47106678,23256,0,0,0
2026-04-29 22:00:25,174148319,56627,60415939,266667,19709,82,83,47118295,11617,0,0,0
2026-04-29 22:00:27,174204006,55687,60435277,266764,19435,79,83,47129925,11630,0,0,0
2026-04-29 22:00:28,174259891,55885,60454714,266829,19502,81,83,47141591,11666,0,0,0
2026-04-29 22:00:29,174315144,55253,60473884,266915,19256,81,83,47153361,11770,0,0,0
2026-04-29 22:00:30,174371140,55996,60493306,266988,19495,82,83,47165148,11787,0,0,0
2026-04-29 22:00:31,174425932,54792,60512340,267066,19112,73,83,47188687,23539,0,0,0
2026-04-29 22:00:32,174482117,56185,60531815,267146,19555,81,83,47200431,11744,0,0,0
2026-04-29 22:00:34,174538716,56599,60551404,267230,19673,80,83,47212127,11696,0,0,0
2026-04-29 22:00:35,174594471,55755,60570742,267311,19419,79,83,47223822,11695,0,0,0
2026-04-29 22:00:36,174648764,54293,60589625,267390,18962,72,83,47235543,11721,0,0,0
2026-04-29 22:00:37,174703711,54947,60608636,267495,19116,82,83,47247323,11780,0,0,0
2026-04-29 22:00:38,174753886,50175,60626049,267577,17495,82,83,47259168,11845,0,0,0
2026-04-29 22:00:39,174808552,54666,60644982,267657,19013,78,83,47282962,23794,0,0,0
2026-04-29 22:00:40,174863662,55110,60664108,267737,19206,74,83,47294906,11944,0,0,0
2026-04-29 22:00:42,174916582,52920,60682435,267824,18414,82,83,47306889,11983,0,0,0
2026-04-29 22:00:43,174971525,54943,60701481,267913,19135,81,83,47318846,11957,0,0,0
2026-04-29 22:00:44,175026637,55112,60720623,268003,19232,78,83,47330814,11968,0,0,0
2026-04-29 22:00:45,175082067,55430,60739818,268095,19287,82,83,47342809,11995,0,0,0
2026-04-29 22:00:46,175133549,51482,60757653,268180,17920,82,83,47354811,12002,0,0,0
2026-04-29 22:00:47,175186776,53227,60776128,268260,18555,71,83,47378888,24077,0,0,0
2026-04-29 22:00:48,175239802,53026,60794553,268342,18507,79,83,47390916,12028,0,0,0
2026-04-29 22:00:50,175293159,53357,60813038,268408,18551,80,83,47402984,12068,0,0,0
2026-04-29 22:00:51,175347100,53941,60831762,268497,18813,81,83,47415055,12071,0,0,0
2026-04-29 22:00:52,175401306,54206,60850582,268569,18892,82,83,47427171,12116,0,0,0
2026-04-29 22:00:53,175453701,52395,60868775,268648,18272,81,83,47439296,12125,0,0,0
2026-04-29 22:00:54,175506582,52881,60887054,268725,18356,81,83,47463596,24300,0,0,0
2026-04-29 22:00:55,175561620,55038,60906183,268793,19197,70,83,47475802,12206,0,0,0
2026-04-29 22:00:56,175615752,54132,60924937,268894,18855,71,83,47488028,12226,0,0,0
2026-04-29 22:00:58,175670479,54727,60943891,268973,19033,75,83,47500297,12269,0,0,0
2026-04-29 22:00:59,175725434,54955,60962991,269048,19175,81,83,47512671,12374,0,0,0
2026-04-29 22:01:00,175780070,54636,60981981,269129,19071,81,83,47525040,12369,0,0,0
2026-04-29 22:01:01,175833141,53071,61000416,269209,18515,75,83,47537418,12378,0,0,0
2026-04-29 22:01:02,175888606,55465,61019659,269287,19321,78,83,47562344,24926,0,0,0
2026-04-29 22:01:03,175945332,56726,61039350,269370,19774,76,83,47574838,12494,0,0,0
2026-04-29 22:01:05,176000682,55350,61058564,269453,19297,79,83,47587310,12472,0,0,0
2026-04-29 22:01:06,176056715,56033,61078009,269540,19532,81,83,47599820,12510,0,0,0
2026-04-29 22:01:07,176112282,55567,61097328,269623,19402,75,83,47612337,12517,0,0,0
2026-04-29 22:01:08,176167382,55100,61116432,269727,19208,80,83,47624849,12512,0,0,0
2026-04-29 22:01:09,176222180,54798,61135430,269826,19097,73,83,47637356,12507,0,0,0
2026-04-29 22:01:10,176278269,56089,61154822,269905,19471,80,83,47662532,25176,0,0,0
2026-04-29 22:01:11,176333656,55387,61174065,269984,19322,79,83,47675160,12628,0,0,0
2026-04-29 22:01:13,176388525,54869,61193105,270084,19140,75,83,47687775,12615,0,0,0
2026-04-29 22:01:14,176444462,55937,61212486,270180,19477,73,83,47700421,12646,0,0,0
2026-04-29 22:01:15,176499708,55246,61231680,270266,19280,82,83,47713058,12637,0,0,0
2026-04-29 22:01:16,176554793,55085,61250766,270351,19171,78,83,47725679,12621,0,0,0
2026-04-29 22:01:17,176609843,55050,61269876,270429,19188,82,83,47750866,25187,0,0,0
2026-04-29 22:01:18,176665031,55188,61289052,270504,19251,75,83,47763424,12558,0,0,0
2026-04-29 22:01:20,176721341,56310,61308546,270596,19586,76,83,47775977,12553,0,0,0
2026-04-29 22:01:21,176777461,56120,61327993,270680,19531,80,83,47788514,12537,0,0,0
2026-04-29 22:01:22,176832995,55534,61347303,270768,19398,78,83,47801072,12558,0,0,0
2026-04-29 22:01:23,176888719,55724,61366645,270840,19414,79,83,47813561,12489,0,0,0
2026-04-29 22:01:24,176944474,55755,61385942,270925,19382,80,83,47826001,12440,0,0,0
2026-04-29 22:01:25,176999423,54949,61405026,271010,19169,82,83,47850931,24930,0,0,0
2026-04-29 22:01:26,177055670,56247,61424527,271086,19577,79,83,47863390,12459,0,0,0
2026-04-29 22:01:28,177112670,57000,61444262,271172,19821,76,83,47875828,12438,0,0,0
2026-04-29 22:01:29,177168340,55670,61463578,271255,19399,78,83,47888476,12648,0,0,0
2026-04-29 22:01:30,177223849,55509,61482859,271337,19363,80,83,47901114,12638,0,0,0
2026-04-29 22:01:31,177278105,54256,61501702,271431,18937,80,83,47913771,12657,0,0,0
2026-04-29 22:01:32,177333714,55609,61520996,271514,19377,81,83,47926469,12698,0,0,0
2026-04-29 22:01:33,177389904,56190,61540508,271601,19599,81,83,47951770,25301,0,0,0
2026-04-29 22:01:35,177446200,56296,61560023,271697,19611,82,83,47964377,12607,0,0,0
2026-04-29 22:01:36,177502202,56002,61579461,271773,19514,77,83,47976964,12587,0,0,0
2026-04-29 22:01:37,177557599,55397,61598662,271860,19288,75,83,47989545,12581,0,0,0
2026-04-29 22:01:38,177613278,55679,61618000,271940,19418,81,83,48002105,12560,0,0,0
2026-04-29 22:01:39,177668465,55187,61637157,272014,19231,82,83,48014690,12585,0,0,0
2026-04-29 22:01:40,177723777,55312,61656347,272098,19274,76,83,48039906,25216,0,0,0
2026-04-29 22:01:41,177779682,55905,61675747,272181,19483,75,83,48052465,12559,0,0,0
2026-04-29 22:01:43,177834475,54793,61694801,272240,19113,75,83,48064993,12528,0,0,0
2026-04-29 22:01:44,177890380,55905,61714164,272325,19448,70,83,48077491,12498,0,0,0
2026-04-29 22:01:45,177946069,55689,61733526,272399,19436,82,83,48089974,12483,0,0,0
2026-04-29 22:01:46,178000574,54505,61752450,272498,19023,62,83,48102452,12478,0,0,0
2026-04-29 22:01:47,178054094,53520,61771011,272568,18631,81,83,48114942,12490,0,0,0
2026-04-29 22:01:48,178108414,54320,61789852,272640,18913,77,83,48139870,24928,0,0,0
2026-04-29 22:01:49,178162619,54205,61808675,272718,18901,82,83,48152317,12447,0,0,0
2026-04-29 22:01:51,178215845,53226,61827181,272809,18597,58,83,48164758,12441,0,0,0
2026-04-29 22:01:52,178271201,55356,61846342,272877,19229,71,83,48177176,12418,0,0,0
2026-04-29 22:01:53,178323664,52463,61864584,272958,18323,82,83,48189581,12405,0,0,0
2026-04-29 22:01:54,178372505,48841,61881549,273028,17035,82,83,48202010,12429,0,0,0
2026-04-29 22:01:55,178418452,45947,61897499,273093,16015,82,83,48214443,12433,0,0,0
2026-04-29 22:01:56,178468613,50161,61914865,273170,17443,74,83,48239292,24849,0,0,0
2026-04-29 22:01:57,178520255,51642,61932799,273249,18013,77,83,48251721,12429,0,0,0
2026-04-29 22:01:59,178573556,53301,61951342,273310,18604,78,83,48264213,12492,0,0,0
2026-04-29 22:02:00,178628947,55391,61970584,273402,19334,79,83,48276661,12448,0,0,0
2026-04-29 22:02:01,178683473,54526,61989578,273467,19059,82,83,48289078,12417,0,0,0
2026-04-29 22:02:02,178738153,54680,62008510,273549,19014,80,83,48301482,12404,0,0,0
2026-04-29 22:02:03,178793546,55393,62027725,273624,19290,74,83,48326381,24899,0,0,0
2026-04-29 22:02:04,178849113,55567,62047028,273714,19393,82,83,48338834,12453,0,0,0
2026-04-29 22:02:06,178904907,55794,62066396,273809,19463,66,83,48351271,12437,0,0,0
2026-04-29 22:02:07,178960536,55629,62085688,273890,19373,82,83,48363693,12422,0,0,0
2026-04-29 22:02:08,179016727,56191,62105169,273958,19549,80,83,48376121,12428,0,0,0
2026-04-29 22:02:09,179072475,55748,62124491,274042,19406,80,83,48388525,12404,0,0,0
2026-04-29 22:02:10,179127223,54748,62143540,274109,19116,79,83,48400931,12406,0,0,0
2026-04-29 22:02:11,179181381,54158,62162321,274209,18881,78,83,48425804,24873,0,0,0
2026-04-29 22:02:12,179236546,55165,62181460,274297,19227,78,83,48438200,12396,0,0,0
2026-04-29 22:02:14,179287524,50978,62199146,274380,17769,80,83,48450598,12398,0,0,0
2026-04-29 22:02:15,179341711,54187,62217960,274469,18903,82,83,48463003,12405,0,0,0
2026-04-29 22:02:16,179393931,52220,62236095,274552,18218,80,83,48475389,12386,0,0,0
2026-04-29 22:02:17,179448172,54241,62254864,274632,18849,80,83,48487766,12377,0,0,0
2026-04-29 22:02:18,179503192,55020,62273937,274704,19145,82,83,48512510,24744,0,0,0
2026-04-29 22:02:19,179558358,55166,62293093,274792,19244,79,83,48524918,12408,0,0,0
2026-04-29 22:02:21,179613014,54656,62312040,274873,19028,79,83,48537360,12442,0,0,0
2026-04-29 22:02:22,179665863,52849,62330362,274960,18409,82,83,48549819,12459,0,0,0
2026-04-29 22:02:23,179718096,52233,62348493,275039,18210,81,83,48562224,12405,0,0,0
2026-04-29 22:02:24,179768826,50730,62366107,275116,17691,82,83,48574589,12365,0,0,0
2026-04-29 22:02:25,179819519,50693,62383628,275205,17610,81,83,48586970,12381,0,0,0
2026-04-29 22:02:26,179868833,49314,62400728,275280,17175,82,83,48611754,24784,0,0,0
2026-04-29 22:02:27,179918472,49639,62417963,275361,17316,80,83,48624141,12387,0,0,0
2026-04-29 22:02:29,179968530,50058,62435295,275431,17402,77,83,48636513,12372,0,0,0
2026-04-29 22:02:30,180015926,47396,62451717,275511,16502,81,83,48648879,12366,0,0,0
2026-04-29 22:02:31,180065212,49286,62468841,275587,17200,81,83,48661254,12375,0,0,0
2026-04-29 22:02:32,180114845,49633,62486084,275657,17313,81,83,48673594,12340,0,0,0
2026-04-29 22:02:33,180162016,47171,62502391,275729,16379,81,83,48685944,12350,0,0,0
2026-04-29 22:02:34,180205554,43538,62517550,275794,15224,82,83,48698268,12324,0,0,0
2026-04-29 22:02:35,180246791,41237,62531820,275855,14331,75,83,48722867,24599,0,0,0
2026-04-29 22:02:37,180290780,43989,62547074,275921,15320,82,83,48735146,12279,0,0,0
2026-04-29 22:02:38,180335192,44412,62562483,275984,15472,70,83,48747447,12301,0,0,0
2026-04-29 22:02:39,180383516,48324,62579227,276068,16828,73,83,48759754,12307,0,0,0
2026-04-29 22:02:40,180429844,46328,62595333,276143,16181,77,83,48772064,12310,0,0,0
2026-04-29 22:02:41,180475540,45696,62611139,276210,15873,82,83,48784403,12339,0,0,0
2026-04-29 22:02:42,180521348,45808,62627045,276274,15970,82,83,48796688,12285,0,0,0
2026-04-29 22:02:43,180568464,47116,62643325,276338,16344,79,83,48821262,24574,0,0,0
2026-04-29 22:02:44,180619373,50909,62660985,276424,17746,79,83,48833611,12349,0,0,0
2026-04-29 22:02:46,180670324,50951,62678700,276498,17789,81,83,48845961,12350,0,0,0
2026-04-29 22:02:47,180720798,50474,62696214,276573,17589,81,83,48858300,12339,0,0,0
2026-04-29 22:02:48,180772404,51606,62714107,276650,17970,80,83,48870604,12304,0,0,0
2026-04-29 22:02:49,180820049,47645,62730580,276733,16556,82,83,48882932,12328,0,0,0
2026-04-29 22:02:50,180866035,45986,62746519,276797,16003,82,83,48895239,12307,0,0,0
2026-04-29 22:02:51,180913990,47955,62763148,276872,16704,81,83,48919890,24651,0,0,0
2026-04-29 22:02:52,180964960,50970,62780767,276960,17707,82,83,48932243,12353,0,0,0
2026-04-29 22:02:54,181016042,51082,62798500,277050,17823,77,83,48944645,12402,0,0,0
2026-04-29 22:02:55,181067191,51149,62816239,277140,17829,81,83,48957086,12441,0,0,0
2026-04-29 22:02:56,181117816,50625,62833826,277219,17666,79,83,48969503,12417,0,0,0
2026-04-29 22:02:57,181164498,46682,62850019,277299,16273,82,83,48981887,12384,0,0,0
2026-04-29 22:02:58,181208357,43859,62865272,277365,15319,82,83,48994273,12386,0,0,0
2026-04-29 22:02:59,181251005,42648,62880075,277422,14860,82,83,49006445,12172,0,0,0
2026-04-29 22:03:00,181294330,43325,62895026,277494,15023,77,83,49030781,24336,0,0,0
2026-04-29 22:03:02,181341925,47595,62911558,277563,16601,74,83,49042969,12188,0,0,0
2026-04-29 22:03:03,181388829,46904,62927815,277647,16341,80,83,49055154,12185,0,0,0
2026-04-29 22:03:04,181436895,48066,62944502,277718,16758,76,83,49067304,12150,0,0,0
2026-04-29 22:03:05,181483185,46290,62960607,277796,16183,82,83,49079455,12151,0,0,0
2026-04-29 22:03:06,181523639,40454,62974668,277843,14108,82,83,49091590,12135,0,0,0
2026-04-29 22:03:07,181564156,40517,62988679,277900,14068,82,83,49103720,12130,0,0,0
2026-04-29 22:03:08,181607593,43437,63003707,277966,15094,82,83,49128034,24314,0,0,0
2026-04-29 22:03:10,181653664,46071,63019711,278029,16067,77,83,49140148,12114,0,0,0
2026-04-29 22:03:11,181700232,46568,63035860,278112,16232,81,83,49152295,12147,0,0,0
2026-04-29 22:03:12,181751445,51213,63053619,278196,17843,82,83,49164366,12071,0,0,0
2026-04-29 22:03:13,181798271,46826,63069883,278287,16355,82,83,49176479,12113,0,0,0
2026-04-29 22:03:14,181838455,40184,63083782,278353,13965,82,83,49188607,12128,0,0,0
2026-04-29 22:03:15,181880688,42233,63098445,278416,14726,82,83,49200747,12140,0,0,0
2026-04-29 22:03:16,181922226,41538,63112792,278489,14420,76,83,49225015,24268,0,0,0
2026-04-29 22:03:17,181969719,47493,63129239,278563,16521,82,83,49237165,12150,0,0,0
2026-04-29 22:03:19,182017194,47475,63145718,278638,16554,80,83,49249335,12170,0,0,0
2026-04-29 22:03:20,182065122,47928,63162337,278718,16699,76,83,49261508,12173,0,0,0
2026-04-29 22:03:21,182116394,51272,63180132,278781,17858,76,83,49273697,12189,0,0,0
2026-04-29 22:03:22,182163170,46776,63196424,278853,16364,80,83,49285888,12191,0,0,0
2026-04-29 22:03:23,182210976,47806,63212979,278927,16629,79,83,49298087,12199,0,0,0
2026-04-29 22:03:24,182259376,48400,63229783,278997,16874,82,83,49322368,24281,0,0,0
2026-04-29 22:03:25,182313223,53847,63248457,279089,18766,79,83,49334476,12108,0,0,0
2026-04-29 22:03:27,182366677,53454,63266996,279170,18620,79,83,49346601,12125,0,0,0
2026-04-29 22:03:28,182419513,52836,63285365,279239,18438,82,83,49358751,12150,0,0,0
2026-04-29 22:03:29,182475217,55704,63304616,279330,19342,79,83,49370694,11943,0,0,0
2026-04-29 22:03:30,182527995,52778,63322951,279419,18424,82,83,49382624,11930,0,0,0
2026-04-29 22:03:31,182578746,50751,63340536,279497,17663,82,83,49394518,11894,0,0,0
2026-04-29 22:03:32,182633579,54833,63359542,279584,19093,80,83,49418321,23803,0,0,0
2026-04-29 22:03:33,182688854,55275,63378690,279664,19228,75,83,49430239,11918,0,0,0
2026-04-29 22:03:35,182744949,56095,63398130,279749,19525,77,83,49442191,11952,0,0,0
2026-04-29 22:03:36,182801369,56420,63417668,279845,19634,77,83,49454152,11961,0,0,0
2026-04-29 22:03:37,182854684,53315,63436194,279930,18611,78,83,49466112,11960,0,0,0
2026-04-29 22:03:38,182909881,55197,63455353,280016,19245,82,83,49478067,11955,0,0,0
2026-04-29 22:03:39,182965380,55499,63474577,280104,19312,78,83,49502010,23943,0,0,0
2026-04-29 22:03:40,183021185,55805,63493970,280185,19474,77,83,49514016,12006,0,0,0
2026-04-29 22:03:42,183077129,55944,63513383,280261,19489,77,83,49526000,11984,0,0,0
2026-04-29 22:03:43,183132136,55007,63532493,280346,19195,81,83,49538012,12012,0,0,0
2026-04-29 22:03:44,183187343,55207,63551629,280430,19220,75,83,49549999,11987,0,0,0
2026-04-29 22:03:45,183238238,50895,63569338,280502,17781,82,83,49561951,11952,0,0,0
2026-04-29 22:03:46,183287956,49718,63586512,280580,17252,82,83,49573889,11938,0,0,0
2026-04-29 22:03:47,183334396,46440,63602643,280656,16207,82,83,49597708,23819,0,0,0
2026-04-29 22:03:48,183385499,51103,63620350,280741,17792,82,83,49609615,11907,0,0,0
2026-04-29 22:03:50,183438990,53491,63638876,280832,18617,81,83,49621497,11882,0,0,0
2026-04-29 22:03:51,183494096,55106,63658006,280909,19207,79,83,49633423,11926,0,0,0
2026-04-29 22:03:52,183549023,54927,63677062,280994,19141,82,83,49645367,11944,0,0,0
2026-04-29 22:03:53,183599346,50323,63694558,281076,17578,82,83,49657315,11948,0,0,0
2026-04-29 22:03:54,183648309,48963,63711539,281167,17072,82,83,49669287,11972,0,0,0
2026-04-29 22:03:55,183698191,49882,63728796,281247,17337,77,83,49693238,23951,0,0,0
2026-04-29 22:03:56,183749036,50845,63746425,281335,17717,76,83,49705188,11950,0,0,0
2026-04-29 22:03:58,183801551,52515,63764631,281419,18290,79,83,49717143,11955,0,0,0
2026-04-29 22:03:59,183853485,51934,63782652,281506,18108,69,83,49729248,12105,0,0,0
2026-04-29 22:04:00,183904631,51146,63800378,281591,17811,82,83,49741359,12111,0,0,0
2026-04-29 22:04:01,183951945,47314,63816853,281663,16547,82,83,49753459,12100,0,0,0
2026-04-29 22:04:02,183999651,47706,63833362,281735,16581,63,83,49765531,12072,0,0,0
2026-04-29 22:04:03,184051045,51394,63851225,281797,17925,69,83,49789728,24197,0,0,0
2026-04-29 22:04:04,184104280,53235,63869663,281881,18522,81,83,49801826,12098,0,0,0
2026-04-29 22:04:06,184157931,53651,63888298,281949,18703,82,83,49813885,12059,0,0,0
2026-04-29 22:04:07,184213519,55588,63907529,282044,19326,76,83,49825951,12066,0,0,0
2026-04-29 22:04:08,184268603,55084,63926613,282124,19164,78,83,49837969,12018,0,0,0
2026-04-29 22:04:09,184317527,48924,63943660,282199,17122,81,83,49849992,12023,0,0,0
2026-04-29 22:04:10,184367948,50421,63961120,282287,17548,79,83,49861969,11977,0,0,0
2026-04-29 22:04:11,184419987,52039,63979185,282374,18152,76,83,49885965,23996,0,0,0
2026-04-29 22:04:12,184471356,51369,63997022,282450,17913,77,83,49897942,11977,0,0,0
2026-04-29 22:04:14,184523379,52023,64015080,282517,18125,81,83,49909958,12016,0,0,0
2026-04-29 22:04:15,184575857,52478,64033243,282608,18254,78,83,49921985,12027,0,0,0
2026-04-29 22:04:16,184626450,50593,64050799,282699,17647,78,83,49934050,12065,0,0,0
2026-04-29 22:04:17,184675120,48670,64067665,282763,16930,82,83,49946102,12052,0,0,0
2026-04-29 22:04:18,184723279,48159,64084374,282848,16794,82,83,49958152,12050,0,0,0
2026-04-29 22:04:19,184773681,50402,64101827,282928,17533,82,83,49982281,24129,0,0,0
2026-04-29 22:04:20,184823694,50013,64119190,283013,17448,82,83,49994323,12042,0,0,0
2026-04-29 22:04:22,184875353,51659,64137109,283104,18010,78,83,50006326,12003,0,0,0
2026-04-29 22:04:23,184926119,50766,64154741,283176,17704,75,83,50018379,12053,0,0,0
2026-04-29 22:04:24,184975357,49238,64171889,283242,17214,82,83,50030445,12066,0,0,0
2026-04-29 22:04:25,185020163,44806,64187471,283301,15641,82,83,50042545,12100,0,0,0
2026-04-29 22:04:26,185064187,44024,64202741,283379,15348,66,83,50054620,12075,0,0,0
2026-04-29 22:04:27,185109307,45120,64218386,283425,15691,78,83,50078673,24053,0,0,0
2026-04-29 22:04:28,185160617,51310,64236189,283497,17875,82,83,50090698,12025,0,0,0
2026-04-29 22:04:30,185210092,49475,64253343,283581,17238,78,83,50102714,12016,0,0,0
2026-04-29 22:04:31,185258356,48264,64270119,283645,16840,71,83,50114741,12027,0,0,0
2026-04-29 22:04:32,185309439,51083,64287783,283732,17751,79,83,50126748,12007,0,0,0
2026-04-29 22:04:33,185357906,48467,64304619,283805,16909,80,83,50138702,11954,0,0,0
2026-04-29 22:04:34,185410118,52212,64322690,283897,18163,79,83,50162552,23850,0,0,0
2026-04-29 22:04:35,185464813,54695,64341698,283973,19084,82,83,50174511,11959,0,0,0
2026-04-29 22:04:36,185519122,54309,64360565,284073,18967,68,83,50186486,11975,0,0,0
2026-04-29 22:04:38,185573833,54711,64379565,284156,19083,75,83,50198447,11961,0,0,0
2026-04-29 22:04:39,185630335,56502,64399160,284235,19674,82,83,50210424,11977,0,0,0
2026-04-29 22:04:40,185686408,56073,64418605,284322,19532,82,83,50222363,11939,0,0,0
2026-04-29 22:04:41,185740828,54420,64437523,284405,19001,72,83,50234292,11929,0,0,0
2026-04-29 22:04:42,185795529,54701,64456508,284500,19080,80,83,50258150,23858,0,0,0
2026-04-29 22:04:43,185851637,56108,64476030,284577,19599,64,83,50270105,11955,0,0,0
2026-04-29 22:04:45,185906609,54972,64495172,284655,19220,61,83,50282024,11919,0,0,0
2026-04-29 22:04:46,185962760,56151,64514620,284739,19532,78,83,50293912,11888,0,0,0
2026-04-29 22:04:47,186018903,56143,64534100,284826,19567,81,83,50305847,11935,0,0,0
2026-04-29 22:04:48,186074103,55200,64553273,284920,19267,82,83,50317759,11912,0,0,0
2026-04-29 22:04:49,186129088,54985,64572382,285012,19201,81,83,50329651,11892,0,0,0
2026-04-29 22:04:50,186184927,55839,64591750,285100,19456,81,83,50353369,23718,0,0,0
2026-04-29 22:04:51,186240795,55868,64611117,285189,19456,79,83,50365263,11894,0,0,0
2026-04-29 22:04:53,186297119,56324,64630679,285269,19642,82,83,50377129,11866,0,0,0
2026-04-29 22:04:54,186353390,56271,64650167,285363,19582,76,83,50388951,11822,0,0,0
2026-04-29 22:04:55,186410367,56977,64669905,285449,19824,82,83,50400746,11795,0,0,0
2026-04-29 22:04:56,186466288,55921,64689337,285533,19516,82,83,50412545,11799,0,0,0
2026-04-29 22:04:57,186522059,55771,64708655,285627,19412,73,83,50436209,23664,0,0,0
2026-04-29 22:04:58,186578285,56226,64728145,285700,19563,80,83,50448166,11957,0,0,0
2026-04-29 22:05:00,186634091,55806,64747521,285792,19468,82,83,50460156,11990,0,0,0
2026-04-29 22:05:01,186690426,56335,64767047,285870,19604,80,83,50472161,12005,0,0,0
2026-04-29 22:05:02,186746613,56187,64786530,285962,19575,80,83,50484140,11979,0,0,0
2026-04-29 22:05:03,186802455,55842,64805926,286044,19478,82,83,50496110,11970,0,0,0
2026-04-29 22:05:04,186858504,56049,64825344,286135,19509,82,83,50508085,11975,0,0,0
2026-04-29 22:05:05,186913491,54987,64844436,286213,19170,75,83,50532084,23999,0,0,0
2026-04-29 22:05:06,186969564,56073,64863903,286290,19544,79,83,50544068,11984,0,0,0
2026-04-29 22:05:08,187026644,57080,64883648,286385,19840,73,83,50556045,11977,0,0,0
2026-04-29 22:05:09,187079247,52603,64901917,286480,18364,82,83,50568021,11976,0,0,0
2026-04-29 22:05:10,187134728,55481,64921201,286574,19378,72,83,50580018,11997,0,0,0
2026-04-29 22:05:11,187189374,54646,64940137,286653,19015,82,83,50592012,11994,0,0,0
2026-04-29 22:05:12,187244933,55559,64959370,286742,19322,82,83,50615976,23964,0,0,0
2026-04-29 22:05:13,187300573,55640,64978766,286805,19459,82,83,50627953,11977,0,0,0
2026-04-29 22:05:15,187355902,55329,64997905,286880,19214,82,83,50639913,11960,0,0,0
2026-04-29 22:05:16,187409644,53742,65016577,286966,18758,79,83,50651893,11980,0,0,0
2026-04-29 22:05:17,187464332,54688,65035559,287053,19069,79,83,50663875,11982,0,0,0
2026-04-29 22:05:18,187518410,54078,65054346,287140,18874,82,83,50675872,11997,0,0,0
2026-04-29 22:05:19,187573046,54636,65073252,287224,18990,79,83,50687851,11979,0,0,0
2026-04-29 22:05:20,187627223,54177,65092026,287303,18853,78,83,50711762,23911,0,0,0
2026-04-29 22:05:21,187682281,55058,65111140,287370,19181,80,83,50723727,11965,0,0,0
2026-04-29 22:05:23,187737689,55408,65130359,287458,19307,76,83,50735727,12000,0,0,0
2026-04-29 22:05:24,187793093,55404,65149575,287559,19317,78,83,50747745,12018,0,0,0
2026-04-29 22:05:25,187847737,54644,65168569,287638,19073,67,83,50759759,12014,0,0,0
2026-04-29 22:05:26,187903272,55535,65187812,287726,19331,82,83,50771787,12028,0,0,0
2026-04-29 22:05:27,187957746,54474,65206702,287815,18979,81,83,50795795,24008,0,0,0
2026-04-29 22:05:28,188013870,56124,65226163,287908,19554,80,83,50807876,12081,0,0,0
2026-04-29 22:05:29,188068904,55034,65245269,287990,19188,77,83,50819960,12084,0,0,0
2026-04-29 22:05:31,188125086,56182,65264729,288084,19554,76,83,50832045,12085,0,0,0
2026-04-29 22:05:32,188180999,55913,65284150,288161,19498,81,83,50844139,12094,0,0,0
2026-04-29 22:05:33,188237184,56185,65303635,288251,19575,80,83,50856235,12096,0,0,0
2026-04-29 22:05:34,188292118,54934,65322710,288350,19174,82,83,50868326,12091,0,0,0
2026-04-29 22:05:35,188347377,55259,65341888,288407,19235,82,83,50892493,24167,0,0,0
2026-04-29 22:05:36,188403336,55959,65361308,288508,19521,77,83,50904574,12081,0,0,0
2026-04-29 22:05:38,188458880,55544,65380595,288590,19369,79,83,50916704,12130,0,0,0
2026-04-29 22:05:39,188510750,51870,65398587,288670,18072,48,52,50928830,12126,0,0,0
2026-04-29 22:05:40,188552537,41787,65413100,288727,14570,28,29,50940916,12086,0,0,0
2026-04-29 22:05:41,188573979,21442,65420547,288759,7479,6,6,50952990,12074,0,0,0
2026-04-29 22:05:42,188574208,229,65420625,288760,79,2,2,50965087,12097,0,0,0
2026-04-29 22:05:43,188574213,5,65420625,288760,0,2,1,50989218,24131,0,0,0
2026-04-29 22:05:44,188574217,4,65420625,288760,0,2,1,50999218,10000,0,0,0
