timestamp,elapsed_sec,sum_next_o_id
2026-04-25 19:19:36,0,30010000
2026-04-25 19:19:37,1,30010000
2026-04-25 19:19:38,2,30010051
2026-04-25 19:19:39,3,30010260
2026-04-25 19:19:40,4,30010612
2026-04-25 19:19:41,5,30011093
2026-04-25 19:19:42,6,30011726
2026-04-25 19:19:44,8,30012512
2026-04-25 19:19:45,9,30013444
2026-04-25 19:19:46,10,30014516
2026-04-25 19:19:47,11,30015731
2026-04-25 19:19:48,12,30016981
2026-04-25 19:19:49,13,30018384
2026-04-25 19:19:50,14,30019902
2026-04-25 19:19:51,15,30021553
2026-04-25 19:19:52,16,30023370
2026-04-25 19:19:53,17,30025210
2026-04-25 19:19:54,18,30027181
2026-04-25 19:19:55,19,30029250
2026-04-25 19:19:56,20,30031397
2026-04-25 19:19:57,21,30033657
2026-04-25 19:19:58,22,30036028
2026-04-25 19:19:59,23,30038471
2026-04-25 19:20:00,24,30041062
2026-04-25 19:20:01,25,30043749
2026-04-25 19:20:02,26,30046570
2026-04-25 19:20:03,27,30049437
2026-04-25 19:20:04,28,30052324
2026-04-25 19:20:05,29,30055317
2026-04-25 19:20:06,30,30058340
2026-04-25 19:20:07,31,30061493
2026-04-25 19:20:08,32,30064679
2026-04-25 19:20:09,33,30067931
2026-04-25 19:20:10,34,30071225
2026-04-25 19:20:11,35,30074532
2026-04-25 19:20:12,36,30077917
2026-04-25 19:20:13,37,30081361
2026-04-25 19:20:14,38,30084836
2026-04-25 19:20:15,39,30088308
2026-04-25 19:20:16,40,30091754
2026-04-25 19:20:17,41,30095249
2026-04-25 19:20:18,42,30098835
2026-04-25 19:20:19,43,30102484
2026-04-25 19:20:21,45,30106202
2026-04-25 19:20:22,46,30109930
2026-04-25 19:20:23,47,30113826
2026-04-25 19:20:24,48,30117666
2026-04-25 19:20:25,49,30121506
2026-04-25 19:20:26,50,30125418
2026-04-25 19:20:27,51,30129289
2026-04-25 19:20:28,52,30133231
2026-04-25 19:20:29,53,30137199
2026-04-25 19:20:30,54,30141245
2026-04-25 19:20:31,55,30145287
2026-04-25 19:20:32,56,30149387
2026-04-25 19:20:33,57,30153430
2026-04-25 19:20:34,58,30157452
2026-04-25 19:20:35,59,30161516
2026-04-25 19:20:36,60,30165602
2026-04-25 19:20:37,61,30169778
2026-04-25 19:20:38,62,30173778
2026-04-25 19:20:39,63,30177791
2026-04-25 19:20:40,64,30181823
2026-04-25 19:20:41,65,30185894
2026-04-25 19:20:42,66,30190002
2026-04-25 19:20:43,67,30194114
2026-04-25 19:20:44,68,30198223
2026-04-25 19:20:45,69,30202395
2026-04-25 19:20:46,70,30206571
2026-04-25 19:20:47,71,30210832
2026-04-25 19:20:48,72,30215042
2026-04-25 19:20:50,74,30219221
2026-04-25 19:20:51,75,30223378
2026-04-25 19:20:52,76,30227561
2026-04-25 19:20:53,77,30231772
2026-04-25 19:20:54,78,30236045
2026-04-25 19:20:55,79,30240282
2026-04-25 19:20:56,80,30244476
2026-04-25 19:20:57,81,30248731
2026-04-25 19:20:58,82,30252947
2026-04-25 19:20:59,83,30257147
2026-04-25 19:21:00,84,30261418
2026-04-25 19:21:01,85,30265690
2026-04-25 19:21:02,86,30269946
2026-04-25 19:21:03,87,30274168
2026-04-25 19:21:04,88,30278467
2026-04-25 19:21:05,89,30282733
2026-04-25 19:21:06,90,30287064
2026-04-25 19:21:07,91,30291367
2026-04-25 19:21:08,92,30295699
2026-04-25 19:21:09,93,30299981
2026-04-25 19:21:10,94,30304256
2026-04-25 19:21:11,95,30308523
2026-04-25 19:21:12,96,30312813
2026-04-25 19:21:13,97,30317174
2026-04-25 19:21:14,98,30321484
2026-04-25 19:21:15,99,30325752
2026-04-25 19:21:16,100,30330099
2026-04-25 19:21:18,102,30334447
2026-04-25 19:21:19,103,30338679
2026-04-25 19:21:20,104,30343018
2026-04-25 19:21:21,105,30347366
2026-04-25 19:21:22,106,30351759
2026-04-25 19:21:23,107,30356125
2026-04-25 19:21:24,108,30360451
2026-04-25 19:21:25,109,30364803
2026-04-25 19:21:26,110,30369085
2026-04-25 19:21:27,111,30373430
2026-04-25 19:21:28,112,30377694
2026-04-25 19:21:29,113,30382027
2026-04-25 19:21:30,114,30386334
2026-04-25 19:21:31,115,30390702
2026-04-25 19:21:32,116,30394999
2026-04-25 19:21:33,117,30399312
2026-04-25 19:21:34,118,30403663
2026-04-25 19:21:35,119,30407939
2026-04-25 19:21:36,120,30411875
2026-04-25 19:21:37,121,30416181
2026-04-25 19:21:38,122,30420475
2026-04-25 19:21:39,123,30424454
2026-04-25 19:21:40,124,30428879
2026-04-25 19:21:41,125,30433206
2026-04-25 19:21:42,126,30437519
2026-04-25 19:21:43,127,30441903
2026-04-25 19:21:45,129,30446271
2026-04-25 19:21:46,130,30450623
2026-04-25 19:21:47,131,30454993
2026-04-25 19:21:48,132,30459414
2026-04-25 19:21:49,133,30463856
2026-04-25 19:21:50,134,30468244
2026-04-25 19:21:51,135,30472596
2026-04-25 19:21:52,136,30476986
2026-04-25 19:21:53,137,30481338
2026-04-25 19:21:54,138,30485643
2026-04-25 19:21:55,139,30489934
2026-04-25 19:21:56,140,30494225
2026-04-25 19:21:57,141,30498528
2026-04-25 19:21:58,142,30502714
2026-04-25 19:21:59,143,30507060
2026-04-25 19:22:00,144,30511434
2026-04-25 19:22:01,145,30515756
2026-04-25 19:22:02,146,30520047
2026-04-25 19:22:03,147,30524392
2026-04-25 19:22:04,148,30528809
2026-04-25 19:22:05,149,30533238
2026-04-25 19:22:06,150,30537746
2026-04-25 19:22:07,151,30542108
2026-04-25 19:22:08,152,30546493
2026-04-25 19:22:09,153,30550909
2026-04-25 19:22:10,154,30555383
2026-04-25 19:22:11,155,30559819
2026-04-25 19:22:13,157,30564277
2026-04-25 19:22:14,158,30568653
2026-04-25 19:22:15,159,30573071
2026-04-25 19:22:16,160,30577461
2026-04-25 19:22:17,161,30581865
2026-04-25 19:22:18,162,30586217
2026-04-25 19:22:19,163,30590649
2026-04-25 19:22:20,164,30594990
2026-04-25 19:22:21,165,30599373
2026-04-25 19:22:22,166,30603797
2026-04-25 19:22:23,167,30608221
2026-04-25 19:22:24,168,30612696
2026-04-25 19:22:25,169,30617166
2026-04-25 19:22:26,170,30621573
2026-04-25 19:22:27,171,30625944
2026-04-25 19:22:28,172,30630366
2026-04-25 19:22:29,173,30634764
2026-04-25 19:22:30,174,30639120
2026-04-25 19:22:31,175,30643468
2026-04-25 19:22:32,176,30647909
2026-04-25 19:22:33,177,30652290
2026-04-25 19:22:34,178,30656648
2026-04-25 19:22:35,179,30661064
2026-04-25 19:22:36,180,30665587
2026-04-25 19:22:37,181,30670003
2026-04-25 19:22:38,182,30674414
2026-04-25 19:22:40,184,30678839
2026-04-25 19:22:41,185,30683226
2026-04-25 19:22:42,186,30687645
2026-04-25 19:22:43,187,30692052
2026-04-25 19:22:44,188,30696382
2026-04-25 19:22:45,189,30700803
2026-04-25 19:22:46,190,30705136
2026-04-25 19:22:47,191,30709537
2026-04-25 19:22:48,192,30713968
2026-04-25 19:22:49,193,30718382
2026-04-25 19:22:50,194,30722772
2026-04-25 19:22:51,195,30727205
2026-04-25 19:22:52,196,30731649
2026-04-25 19:22:53,197,30736031
2026-04-25 19:22:54,198,30740477
2026-04-25 19:22:55,199,30744888
2026-04-25 19:22:56,200,30749321
2026-04-25 19:22:57,201,30753727
2026-04-25 19:22:58,202,30758122
2026-04-25 19:22:59,203,30762522
2026-04-25 19:23:00,204,30766978
2026-04-25 19:23:01,205,30771446
2026-04-25 19:23:02,206,30775900
2026-04-25 19:23:03,207,30780345
2026-04-25 19:23:04,208,30784729
2026-04-25 19:23:05,209,30789090
2026-04-25 19:23:06,210,30793473
2026-04-25 19:23:08,212,30797858
2026-04-25 19:23:09,213,30802304
2026-04-25 19:23:10,214,30806780
2026-04-25 19:23:11,215,30811238
2026-04-25 19:23:12,216,30815612
2026-04-25 19:23:13,217,30820026
2026-04-25 19:23:14,218,30824404
2026-04-25 19:23:15,219,30828694
2026-04-25 19:23:16,220,30833058
2026-04-25 19:23:17,221,30837510
2026-04-25 19:23:18,222,30841921
2026-04-25 19:23:19,223,30846399
2026-04-25 19:23:20,224,30850856
2026-04-25 19:23:21,225,30855406
2026-04-25 19:23:22,226,30859901
2026-04-25 19:23:23,227,30864340
2026-04-25 19:23:24,228,30868771
2026-04-25 19:23:25,229,30873145
2026-04-25 19:23:26,230,30877611
2026-04-25 19:23:27,231,30881972
2026-04-25 19:23:28,232,30886349
2026-04-25 19:23:29,233,30890770
2026-04-25 19:23:30,234,30895242
2026-04-25 19:23:31,235,30899490
2026-04-25 19:23:32,236,30903877
2026-04-25 19:23:33,238,30908139
2026-04-25 19:23:35,239,30912183
2026-04-25 19:23:36,240,30916262
2026-04-25 19:23:37,241,30920340
2026-04-25 19:23:38,242,30924292
2026-04-25 19:23:39,243,30928415
2026-04-25 19:23:40,244,30932796
2026-04-25 19:23:41,245,30937156
2026-04-25 19:23:42,246,30941563
2026-04-25 19:23:43,247,30945858
2026-04-25 19:23:44,248,30950108
2026-04-25 19:23:45,249,30954489
2026-04-25 19:23:46,250,30958919
2026-04-25 19:23:47,251,30963190
2026-04-25 19:23:49,253,30967550
2026-04-25 19:23:50,254,30971918
2026-04-25 19:23:51,255,30976358
2026-04-25 19:23:52,256,30980740
2026-04-25 19:23:53,257,30985210
2026-04-25 19:23:54,258,30989690
2026-04-25 19:23:55,259,30994064
2026-04-25 19:23:56,260,30998518
2026-04-25 19:23:57,261,31003002
2026-04-25 19:23:58,262,31007493
2026-04-25 19:23:59,263,31012015
2026-04-25 19:24:01,265,31016549
2026-04-25 19:24:02,266,31020921
2026-04-25 19:24:03,267,31024973
2026-04-25 19:24:04,268,31029400
2026-04-25 19:24:05,269,31033884
2026-04-25 19:24:06,270,31038325
2026-04-25 19:24:07,271,31042921
2026-04-25 19:24:08,272,31047417
2026-04-25 19:24:09,273,31051919
2026-04-25 19:24:10,274,31056373
2026-04-25 19:24:11,275,31060815
2026-04-25 19:24:12,276,31065260
2026-04-25 19:24:14,278,31069722
2026-04-25 19:24:15,279,31074231
2026-04-25 19:24:16,280,31078651
2026-04-25 19:24:17,281,31083139
2026-04-25 19:24:18,282,31087645
2026-04-25 19:24:19,283,31092147
2026-04-25 19:24:20,284,31096620
2026-04-25 19:24:21,285,31101089
2026-04-25 19:24:22,286,31105665
2026-04-25 19:24:23,287,31110190
2026-04-25 19:24:24,288,31114662
2026-04-25 19:24:26,290,31118943
2026-04-25 19:24:27,291,31123254
2026-04-25 19:24:28,292,31127609
2026-04-25 19:24:29,293,31132044
2026-04-25 19:24:30,294,31136543
2026-04-25 19:24:31,295,31141030
2026-04-25 19:24:32,296,31145503
2026-04-25 19:24:33,297,31149934
2026-04-25 19:24:34,298,31154455
2026-04-25 19:24:35,299,31158972
2026-04-25 19:24:36,300,31163501
2026-04-25 19:24:37,301,31168080
2026-04-25 19:24:39,303,31172528
2026-04-25 19:24:40,304,31177009
2026-04-25 19:24:41,305,31181486
2026-04-25 19:24:42,306,31185953
2026-04-25 19:24:43,307,31190510
2026-04-25 19:24:44,308,31195025
2026-04-25 19:24:45,309,31199488
2026-04-25 19:24:46,310,31203925
2026-04-25 19:24:47,311,31208396
2026-04-25 19:24:48,312,31212840
2026-04-25 19:24:49,313,31217310
2026-04-25 19:24:51,315,31221879
2026-04-25 19:24:52,316,31226355
2026-04-25 19:24:53,317,31230790
2026-04-25 19:24:54,318,31235279
2026-04-25 19:24:55,319,31239735
2026-04-25 19:24:56,320,31244202
2026-04-25 19:24:57,321,31248619
2026-04-25 19:24:58,322,31253038
2026-04-25 19:24:59,323,31257516
2026-04-25 19:25:00,324,31262094
2026-04-25 19:25:01,325,31266598
2026-04-25 19:25:02,326,31271126
2026-04-25 19:25:04,328,31275542
2026-04-25 19:25:05,329,31279979
2026-04-25 19:25:06,330,31284440
2026-04-25 19:25:07,331,31288970
2026-04-25 19:25:08,332,31293441
2026-04-25 19:25:09,333,31297909
2026-04-25 19:25:10,334,31302325
2026-04-25 19:25:11,335,31306751
2026-04-25 19:25:12,336,31311264
2026-04-25 19:25:13,337,31315769
2026-04-25 19:25:14,338,31320205
2026-04-25 19:25:15,339,31324692
2026-04-25 19:25:17,341,31329123
2026-04-25 19:25:18,342,31333567
2026-04-25 19:25:19,343,31338100
2026-04-25 19:25:20,344,31342543
2026-04-25 19:25:21,345,31346974
2026-04-25 19:25:22,346,31351449
2026-04-25 19:25:23,347,31355852
2026-04-25 19:25:24,348,31360389
2026-04-25 19:25:25,349,31364816
2026-04-25 19:25:26,350,31369238
2026-04-25 19:25:27,351,31373693
2026-04-25 19:25:28,352,31378145
2026-04-25 19:25:30,354,31382608
2026-04-25 19:25:31,355,31387092
2026-04-25 19:25:32,356,31391547
2026-04-25 19:25:33,357,31396011
2026-04-25 19:25:34,358,31400430
2026-04-25 19:25:35,359,31404846
2026-04-25 19:25:36,360,31409256
2026-04-25 19:25:37,361,31413695
2026-04-25 19:25:38,362,31418177
2026-04-25 19:25:39,363,31422598
2026-04-25 19:25:40,364,31426993
2026-04-25 19:25:41,365,31431379
2026-04-25 19:25:43,367,31435858
2026-04-25 19:25:44,368,31440303
2026-04-25 19:25:45,369,31444622
2026-04-25 19:25:46,370,31449045
2026-04-25 19:25:47,371,31453534
2026-04-25 19:25:48,372,31458041
2026-04-25 19:25:49,373,31462402
2026-04-25 19:25:50,374,31466845
2026-04-25 19:25:51,375,31471270
2026-04-25 19:25:52,376,31475694
2026-04-25 19:25:53,377,31480067
2026-04-25 19:25:54,378,31484539
2026-04-25 19:25:55,379,31488938
2026-04-25 19:25:57,381,31493418
2026-04-25 19:25:58,382,31497814
2026-04-25 19:25:59,383,31502165
2026-04-25 19:26:00,384,31506513
2026-04-25 19:26:01,385,31510888
2026-04-25 19:26:02,386,31515316
2026-04-25 19:26:03,387,31519768
2026-04-25 19:26:04,388,31524076
2026-04-25 19:26:05,389,31528404
2026-04-25 19:26:06,390,31532819
2026-04-25 19:26:07,391,31537315
2026-04-25 19:26:08,392,31541793
2026-04-25 19:26:09,393,31546207
2026-04-25 19:26:10,394,31550583
2026-04-25 19:26:12,396,31554996
2026-04-25 19:26:13,397,31559458
2026-04-25 19:26:14,398,31563890
2026-04-25 19:26:15,399,31568274
2026-04-25 19:26:16,400,31572716
2026-04-25 19:26:17,401,31577137
2026-04-25 19:26:18,402,31581479
2026-04-25 19:26:19,403,31585963
2026-04-25 19:26:20,404,31590366
2026-04-25 19:26:21,405,31594777
2026-04-25 19:26:22,406,31599218
2026-04-25 19:26:23,407,31603616
2026-04-25 19:26:24,408,31608057
2026-04-25 19:26:26,410,31612517
2026-04-25 19:26:27,411,31616903
2026-04-25 19:26:28,412,31621374
2026-04-25 19:26:29,413,31625829
2026-04-25 19:26:30,414,31630166
2026-04-25 19:26:31,415,31634644
2026-04-25 19:26:32,416,31639157
2026-04-25 19:26:33,417,31643535
2026-04-25 19:26:34,418,31647997
2026-04-25 19:26:35,419,31652473
2026-04-25 19:26:36,420,31656875
2026-04-25 19:26:37,421,31661408
2026-04-25 19:26:38,422,31665803
2026-04-25 19:26:40,424,31670215
2026-04-25 19:26:41,425,31674604
2026-04-25 19:26:42,426,31679067
2026-04-25 19:26:43,427,31683476
2026-04-25 19:26:44,428,31687953
2026-04-25 19:26:45,429,31692430
2026-04-25 19:26:46,430,31696869
2026-04-25 19:26:47,431,31701253
2026-04-25 19:26:48,432,31705673
2026-04-25 19:26:49,433,31710089
2026-04-25 19:26:50,434,31714517
2026-04-25 19:26:51,435,31718934
2026-04-25 19:26:52,436,31723352
2026-04-25 19:26:53,437,31727729
2026-04-25 19:26:55,439,31732175
2026-04-25 19:26:56,440,31736563
2026-04-25 19:26:57,441,31741009
2026-04-25 19:26:58,442,31745425
2026-04-25 19:26:59,443,31749839
2026-04-25 19:27:00,444,31754229
2026-04-25 19:27:01,445,31758625
2026-04-25 19:27:02,446,31763096
2026-04-25 19:27:03,447,31767502
2026-04-25 19:27:04,448,31771904
2026-04-25 19:27:05,449,31776230
2026-04-25 19:27:06,450,31780615
2026-04-25 19:27:08,452,31785023
2026-04-25 19:27:09,453,31789229
2026-04-25 19:27:10,454,31793355
2026-04-25 19:27:11,455,31797419
2026-04-25 19:27:12,456,31801563
2026-04-25 19:27:13,457,31805797
2026-04-25 19:27:14,458,31809985
2026-04-25 19:27:15,459,31814264
2026-04-25 19:27:16,460,31818677
2026-04-25 19:27:18,462,31823089
2026-04-25 19:27:19,463,31827500
2026-04-25 19:27:20,464,31831942
2026-04-25 19:27:21,465,31836413
2026-04-25 19:27:22,466,31840842
2026-04-25 19:27:23,467,31845296
2026-04-25 19:27:24,468,31849806
2026-04-25 19:27:25,469,31854262
2026-04-25 19:27:27,471,31858764
2026-04-25 19:27:28,472,31863197
2026-04-25 19:27:29,473,31867736
2026-04-25 19:27:30,474,31872129
2026-04-25 19:27:31,475,31876667
2026-04-25 19:27:32,476,31881139
2026-04-25 19:27:33,477,31885538
2026-04-25 19:27:35,479,31890073
2026-04-25 19:27:36,480,31894554
2026-04-25 19:27:37,481,31898808
2026-04-25 19:27:38,482,31903131
2026-04-25 19:27:39,483,31907593
2026-04-25 19:27:40,484,31912021
2026-04-25 19:27:41,485,31916488
2026-04-25 19:27:42,486,31921021
2026-04-25 19:27:44,488,31925457
2026-04-25 19:27:45,489,31930012
2026-04-25 19:27:46,490,31934528
2026-04-25 19:27:47,491,31938977
2026-04-25 19:27:48,492,31943532
2026-04-25 19:27:49,493,31947975
2026-04-25 19:27:50,494,31952449
2026-04-25 19:27:51,495,31956968
2026-04-25 19:27:53,497,31961370
2026-04-25 19:27:54,498,31965937
2026-04-25 19:27:55,499,31970377
2026-04-25 19:27:56,500,31974834
2026-04-25 19:27:57,501,31979308
2026-04-25 19:27:58,502,31983870
2026-04-25 19:27:59,503,31988412
2026-04-25 19:28:00,504,31993042
2026-04-25 19:28:02,506,31997575
2026-04-25 19:28:03,507,32002011
2026-04-25 19:28:04,508,32006479
2026-04-25 19:28:05,509,32010822
2026-04-25 19:28:06,510,32015074
2026-04-25 19:28:07,511,32019420
2026-04-25 19:28:08,512,32023756
2026-04-25 19:28:10,514,32027845
2026-04-25 19:28:11,515,32031980
2026-04-25 19:28:12,516,32036144
2026-04-25 19:28:13,517,32040485
2026-04-25 19:28:14,518,32044851
2026-04-25 19:28:15,519,32049090
2026-04-25 19:28:16,520,32053091
2026-04-25 19:28:18,522,32057126
2026-04-25 19:28:19,523,32061183
2026-04-25 19:28:20,524,32065070
2026-04-25 19:28:21,525,32069176
2026-04-25 19:28:22,526,32073123
2026-04-25 19:28:23,527,32076922
2026-04-25 19:28:25,529,32080840
2026-04-25 19:28:26,530,32084719
2026-04-25 19:28:27,531,32088671
2026-04-25 19:28:28,532,32092625
2026-04-25 19:28:29,533,32096461
2026-04-25 19:28:30,534,32100359
2026-04-25 19:28:32,536,32104258
2026-04-25 19:28:33,537,32108227
2026-04-25 19:28:34,538,32112075
2026-04-25 19:28:35,539,32115986
2026-04-25 19:28:36,540,32119825
2026-04-25 19:28:37,541,32123783
2026-04-25 19:28:38,542,32127972
2026-04-25 19:28:40,544,32132062
2026-04-25 19:28:41,545,32136095
2026-04-25 19:28:42,546,32140149
2026-04-25 19:28:43,547,32144234
2026-04-25 19:28:44,548,32148413
2026-04-25 19:28:45,549,32152481
2026-04-25 19:28:47,551,32156527
2026-04-25 19:28:48,552,32160695
2026-04-25 19:28:49,553,32164849
2026-04-25 19:28:50,554,32169222
2026-04-25 19:28:51,555,32173474
2026-04-25 19:28:52,556,32177725
2026-04-25 19:28:53,557,32182139
2026-04-25 19:28:55,559,32186472
2026-04-25 19:28:56,560,32190852
2026-04-25 19:28:57,561,32195283
2026-04-25 19:28:58,562,32199626
2026-04-25 19:28:59,563,32204005
2026-04-25 19:29:00,564,32208404
2026-04-25 19:29:01,565,32212836
2026-04-25 19:29:03,567,32217171
2026-04-25 19:29:04,568,32221642
2026-04-25 19:29:05,569,32225942
2026-04-25 19:29:06,570,32230230
2026-04-25 19:29:07,571,32234673
2026-04-25 19:29:08,572,32239003
2026-04-25 19:29:09,573,32243348
2026-04-25 19:29:11,575,32247610
2026-04-25 19:29:12,576,32251984
2026-04-25 19:29:13,577,32256244
2026-04-25 19:29:14,578,32260552
2026-04-25 19:29:15,579,32264996
2026-04-25 19:29:16,580,32269443
2026-04-25 19:29:18,582,32273932
2026-04-25 19:29:19,583,32278280
2026-04-25 19:29:20,584,32282667
2026-04-25 19:29:21,585,32286942
2026-04-25 19:29:22,586,32291228
2026-04-25 19:29:23,587,32295650
2026-04-25 19:29:24,588,32300044
2026-04-25 19:29:26,590,32304296
2026-04-25 19:29:27,591,32308658
2026-04-25 19:29:28,592,32313005
2026-04-25 19:29:29,593,32317283
2026-04-25 19:29:30,594,32321613
2026-04-25 19:29:31,595,32325914
2026-04-25 19:29:32,596,32330301
2026-04-25 19:29:34,598,32334485
2026-04-25 19:29:35,599,32338605
2026-04-25 19:29:36,600,32342661
2026-04-25 19:29:37,601,32346774
2026-04-25 19:29:38,602,32350741
2026-04-25 19:29:39,603,32354464
2026-04-25 19:29:41,605,32357945
2026-04-25 19:29:42,606,32361734
2026-04-25 19:29:43,607,32365601
2026-04-25 19:29:44,608,32369607
2026-04-25 19:29:45,609,32373718
2026-04-25 19:29:46,610,32377845
2026-04-25 19:29:48,612,32381781
2026-04-25 19:29:49,613,32385699
2026-04-25 19:29:50,614,32389640
2026-04-25 19:29:51,615,32393508
2026-04-25 19:29:52,616,32397576
2026-04-25 19:29:53,617,32401528
2026-04-25 19:29:55,619,32405488
2026-04-25 19:29:56,620,32409285
2026-04-25 19:29:57,621,32412710
2026-04-25 19:29:58,622,32416353
2026-04-25 19:29:59,623,32420213
2026-04-25 19:30:00,624,32423985
2026-04-25 19:30:02,626,32427877
2026-04-25 19:30:03,627,32431695
2026-04-25 19:30:04,628,32435614
2026-04-25 19:30:05,629,32439459
2026-04-25 19:30:06,630,32443385
2026-04-25 19:30:07,631,32447288
2026-04-25 19:30:09,633,32451539
2026-04-25 19:30:10,634,32455871
2026-04-25 19:30:11,635,32460126
2026-04-25 19:30:12,636,32464362
2026-04-25 19:30:13,637,32468643
2026-04-25 19:30:14,638,32472822
2026-04-25 19:30:16,640,32477264
2026-04-25 19:30:17,641,32481554
2026-04-25 19:30:18,642,32485900
2026-04-25 19:30:19,643,32490088
2026-04-25 19:30:20,644,32494331
2026-04-25 19:30:21,645,32498607
2026-04-25 19:30:23,647,32502859
2026-04-25 19:30:24,648,32507147
2026-04-25 19:30:25,649,32511505
2026-04-25 19:30:26,650,32515761
2026-04-25 19:30:27,651,32519876
2026-04-25 19:30:28,652,32524212
2026-04-25 19:30:29,653,32528447
2026-04-25 19:30:31,655,32532691
2026-04-25 19:30:32,656,32537021
2026-04-25 19:30:33,657,32541335
2026-04-25 19:30:34,658,32545631
2026-04-25 19:30:35,659,32549846
2026-04-25 19:30:36,660,32554161
2026-04-25 19:30:38,662,32558358
2026-04-25 19:30:39,663,32562608
2026-04-25 19:30:40,664,32566825
2026-04-25 19:30:41,665,32571073
2026-04-25 19:30:42,666,32575397
2026-04-25 19:30:43,667,32579626
2026-04-25 19:30:45,669,32583956
2026-04-25 19:30:46,670,32588133
2026-04-25 19:30:47,671,32592450
2026-04-25 19:30:48,672,32596765
2026-04-25 19:30:49,673,32601015
2026-04-25 19:30:50,674,32605212
2026-04-25 19:30:52,676,32609539
2026-04-25 19:30:53,677,32613866
2026-04-25 19:30:54,678,32618181
2026-04-25 19:30:55,679,32622445
2026-04-25 19:30:56,680,32626575
2026-04-25 19:30:57,681,32630731
2026-04-25 19:30:58,682,32634862
2026-04-25 19:31:00,684,32639065
2026-04-25 19:31:01,685,32643250
2026-04-25 19:31:02,686,32647727
2026-04-25 19:31:03,687,32652000
2026-04-25 19:31:04,688,32656275
2026-04-25 19:31:05,689,32660541
2026-04-25 19:31:07,691,32664856
2026-04-25 19:31:08,692,32669279
2026-04-25 19:31:09,693,32673468
2026-04-25 19:31:10,694,32677761
2026-04-25 19:31:11,695,32681957
2026-04-25 19:31:12,696,32686341
2026-04-25 19:31:14,698,32690652
2026-04-25 19:31:15,699,32694860
2026-04-25 19:31:16,700,32699053
2026-04-25 19:31:17,701,32703349
2026-04-25 19:31:18,702,32707711
2026-04-25 19:31:19,703,32711956
2026-04-25 19:31:20,704,32716251
2026-04-25 19:31:22,706,32720565
2026-04-25 19:31:23,707,32724761
2026-04-25 19:31:24,708,32729091
2026-04-25 19:31:25,709,32733330
2026-04-25 19:31:26,710,32737607
2026-04-25 19:31:27,711,32741840
2026-04-25 19:31:29,713,32746079
2026-04-25 19:31:30,714,32750333
2026-04-25 19:31:31,715,32754550
2026-04-25 19:31:32,716,32758873
2026-04-25 19:31:33,717,32763177
2026-04-25 19:31:34,718,32767493
2026-04-25 19:31:36,720,32771841
2026-04-25 19:31:37,721,32776058
2026-04-25 19:31:38,722,32780297
2026-04-25 19:31:39,723,32784691
2026-04-25 19:31:40,724,32788914
2026-04-25 19:31:41,725,32793049
2026-04-25 19:31:42,726,32797270
2026-04-25 19:31:44,728,32801642
2026-04-25 19:31:45,729,32805856
2026-04-25 19:31:46,730,32810203
2026-04-25 19:31:47,731,32814572
2026-04-25 19:31:48,732,32818942
2026-04-25 19:31:49,733,32823236
2026-04-25 19:31:51,735,32827497
2026-04-25 19:31:52,736,32831841
2026-04-25 19:31:53,737,32836069
2026-04-25 19:31:54,738,32840246
2026-04-25 19:31:55,739,32844598
2026-04-25 19:31:56,740,32848933
2026-04-25 19:31:58,742,32853202
2026-04-25 19:31:59,743,32857511
2026-04-25 19:32:00,744,32861769
2026-04-25 19:32:01,745,32866057
2026-04-25 19:32:02,746,32870237
2026-04-25 19:32:03,747,32874556
2026-04-25 19:32:04,748,32878774
2026-04-25 19:32:06,750,32883029
2026-04-25 19:32:07,751,32887338
2026-04-25 19:32:08,752,32891640
2026-04-25 19:32:09,753,32895879
2026-04-25 19:32:10,754,32900112
2026-04-25 19:32:11,755,32904467
2026-04-25 19:32:13,757,32908669
2026-04-25 19:32:14,758,32913033
2026-04-25 19:32:15,759,32917337
2026-04-25 19:32:16,760,32921577
2026-04-25 19:32:17,761,32925831
2026-04-25 19:32:18,762,32930123
2026-04-25 19:32:20,764,32934399
2026-04-25 19:32:21,765,32938657
2026-04-25 19:32:22,766,32942937
2026-04-25 19:32:23,767,32947267
2026-04-25 19:32:24,768,32951510
2026-04-25 19:32:25,769,32955768
2026-04-25 19:32:26,770,32960043
2026-04-25 19:32:28,772,32964352
2026-04-25 19:32:29,773,32968648
2026-04-25 19:32:30,774,32972879
2026-04-25 19:32:31,775,32977121
2026-04-25 19:32:32,776,32981514
2026-04-25 19:32:33,777,32985732
2026-04-25 19:32:35,779,32989855
2026-04-25 19:32:36,780,32994188
2026-04-25 19:32:37,781,32998478
2026-04-25 19:32:38,782,33002794
2026-04-25 19:32:39,783,33007011
2026-04-25 19:32:40,784,33011323
2026-04-25 19:32:42,786,33015505
2026-04-25 19:32:43,787,33019788
2026-04-25 19:32:44,788,33023974
2026-04-25 19:32:45,789,33028112
2026-04-25 19:32:46,790,33032365
2026-04-25 19:32:47,791,33036561
2026-04-25 19:32:49,793,33040789
2026-04-25 19:32:50,794,33045014
2026-04-25 19:32:51,795,33049160
2026-04-25 19:32:52,796,33053434
2026-04-25 19:32:53,797,33057512
2026-04-25 19:32:54,798,33061828
2026-04-25 19:32:55,799,33066155
2026-04-25 19:32:57,801,33070355
2026-04-25 19:32:58,802,33074632
2026-04-25 19:32:59,803,33078817
2026-04-25 19:33:00,804,33083087
2026-04-25 19:33:01,805,33087351
2026-04-25 19:33:02,806,33091583
2026-04-25 19:33:04,808,33095892
2026-04-25 19:33:05,809,33100059
2026-04-25 19:33:06,810,33104404
2026-04-25 19:33:07,811,33108643
2026-04-25 19:33:08,812,33112835
2026-04-25 19:33:09,813,33117155
2026-04-25 19:33:11,815,33121423
2026-04-25 19:33:12,816,33125776
2026-04-25 19:33:13,817,33129989
2026-04-25 19:33:14,818,33134403
2026-04-25 19:33:15,819,33138573
2026-04-25 19:33:16,820,33142886
2026-04-25 19:33:18,822,33147115
2026-04-25 19:33:19,823,33151285
2026-04-25 19:33:20,824,33155477
2026-04-25 19:33:21,825,33159822
2026-04-25 19:33:22,826,33164088
2026-04-25 19:33:23,827,33168333
2026-04-25 19:33:24,828,33172590
2026-04-25 19:33:26,830,33176846
2026-04-25 19:33:27,831,33181034
2026-04-25 19:33:28,832,33185238
2026-04-25 19:33:29,833,33189460
2026-04-25 19:33:30,834,33193683
2026-04-25 19:33:31,835,33197889
2026-04-25 19:33:33,837,33202089
2026-04-25 19:33:34,838,33206313
2026-04-25 19:33:35,839,33210463
2026-04-25 19:33:36,840,33214732
2026-04-25 19:33:37,841,33218917
2026-04-25 19:33:38,842,33222972
2026-04-25 19:33:40,844,33227079
2026-04-25 19:33:41,845,33231019
2026-04-25 19:33:42,846,33235023
2026-04-25 19:33:43,847,33239053
2026-04-25 19:33:44,848,33242904
2026-04-25 19:33:45,849,33246660
2026-04-25 19:33:47,851,33250348
2026-04-25 19:33:48,852,33254442
2026-04-25 19:33:49,853,33258420
2026-04-25 19:33:50,854,33262197
2026-04-25 19:33:52,856,33266005
2026-04-25 19:33:53,857,33269988
2026-04-25 19:33:54,858,33274113
2026-04-25 19:33:55,859,33278247
2026-04-25 19:33:56,860,33282548
2026-04-25 19:33:58,862,33286853
2026-04-25 19:33:59,863,33291340
2026-04-25 19:34:00,864,33295730
2026-04-25 19:34:01,865,33300156
2026-04-25 19:34:02,866,33304467
2026-04-25 19:34:04,868,33308810
2026-04-25 19:34:05,869,33313231
2026-04-25 19:34:06,870,33317603
2026-04-25 19:34:07,871,33321677
2026-04-25 19:34:08,872,33325887
2026-04-25 19:34:10,874,33330109
2026-04-25 19:34:11,875,33334449
2026-04-25 19:34:12,876,33338663
2026-04-25 19:34:13,877,33342735
2026-04-25 19:34:14,878,33347032
2026-04-25 19:34:16,880,33351229
2026-04-25 19:34:17,881,33355425
2026-04-25 19:34:18,882,33359604
2026-04-25 19:34:19,883,33363905
2026-04-25 19:34:20,884,33368127
2026-04-25 19:34:22,886,33372266
2026-04-25 19:34:23,887,33376602
2026-04-25 19:34:24,888,33380859
2026-04-25 19:34:25,889,33384982
2026-04-25 19:34:26,890,33388829
2026-04-25 19:34:28,892,33392735
2026-04-25 19:34:29,893,33396785
2026-04-25 19:34:30,894,33400821
2026-04-25 19:34:31,895,33404902
2026-04-25 19:34:32,896,33409036
2026-04-25 19:34:34,898,33413043
2026-04-25 19:34:35,899,33417149
2026-04-25 19:34:36,900,33421216
2026-04-25 19:34:37,901,33425033
2026-04-25 19:34:38,902,33429224
2026-04-25 19:34:39,903,33433456
2026-04-25 19:34:41,905,33437686
2026-04-25 19:34:42,906,33441890
2026-04-25 19:34:43,907,33446170
2026-04-25 19:34:44,908,33450463
2026-04-25 19:34:45,909,33454810
2026-04-25 19:34:47,911,33459244
2026-04-25 19:34:48,912,33463479
2026-04-25 19:34:49,913,33467669
2026-04-25 19:34:50,914,33472083
2026-04-25 19:34:51,915,33476550
2026-04-25 19:34:53,917,33481174
2026-04-25 19:34:54,918,33485669
2026-04-25 19:34:55,919,33490299
2026-04-25 19:34:56,920,33494750
2026-04-25 19:34:57,921,33499335
2026-04-25 19:34:58,922,33504000
2026-04-25 19:35:00,924,33508653
2026-04-25 19:35:01,925,33513356
2026-04-25 19:35:02,926,33518054
2026-04-25 19:35:03,927,33522699
2026-04-25 19:35:04,928,33527317
2026-04-25 19:35:05,929,33532055
2026-04-25 19:35:07,931,33536793
2026-04-25 19:35:08,932,33541513
2026-04-25 19:35:09,933,33546304
2026-04-25 19:35:10,934,33551087
2026-04-25 19:35:11,935,33555733
2026-04-25 19:35:13,937,33560426
2026-04-25 19:35:14,938,33564994
2026-04-25 19:35:15,939,33569659
2026-04-25 19:35:16,940,33574354
2026-04-25 19:35:17,941,33579054
2026-04-25 19:35:18,942,33583877
2026-04-25 19:35:20,944,33588631
2026-04-25 19:35:21,945,33593305
2026-04-25 19:35:22,946,33598131
2026-04-25 19:35:23,947,33602758
2026-04-25 19:35:24,948,33607588
2026-04-25 19:35:25,949,33612407
2026-04-25 19:35:27,951,33617191
2026-04-25 19:35:28,952,33621949
2026-04-25 19:35:29,953,33626660
2026-04-25 19:35:30,954,33631458
2026-04-25 19:35:31,955,33636176
2026-04-25 19:35:32,956,33640835
2026-04-25 19:35:34,958,33645586
2026-04-25 19:35:35,959,33650194
2026-04-25 19:35:36,960,33654882
2026-04-25 19:35:37,961,33659564
2026-04-25 19:35:38,962,33664214
2026-04-25 19:35:39,963,33668939
2026-04-25 19:35:41,965,33673673
2026-04-25 19:35:42,966,33678384
2026-04-25 19:35:43,967,33683205
2026-04-25 19:35:44,968,33687993
2026-04-25 19:35:45,969,33692718
2026-04-25 19:35:47,971,33697364
2026-04-25 19:35:48,972,33702076
2026-04-25 19:35:49,973,33706771
2026-04-25 19:35:50,974,33711556
2026-04-25 19:35:51,975,33716364
2026-04-25 19:35:52,976,33721130
2026-04-25 19:35:54,978,33725935
2026-04-25 19:35:55,979,33730647
2026-04-25 19:35:56,980,33735405
2026-04-25 19:35:57,981,33740121
2026-04-25 19:35:58,982,33744866
2026-04-25 19:35:59,983,33749611
2026-04-25 19:36:01,985,33754319
2026-04-25 19:36:02,986,33759053
2026-04-25 19:36:03,987,33763762
2026-04-25 19:36:04,988,33768565
2026-04-25 19:36:05,989,33773339
2026-04-25 19:36:06,990,33778112
2026-04-25 19:36:08,992,33782774
2026-04-25 19:36:09,993,33787441
2026-04-25 19:36:10,994,33792207
2026-04-25 19:36:11,995,33796890
2026-04-25 19:36:12,996,33801609
2026-04-25 19:36:13,997,33806496
2026-04-25 19:36:15,999,33811220
2026-04-25 19:36:16,1000,33815952
2026-04-25 19:36:17,1001,33820641
2026-04-25 19:36:18,1002,33825452
2026-04-25 19:36:19,1003,33830190
2026-04-25 19:36:21,1005,33834996
2026-04-25 19:36:22,1006,33839781
2026-04-25 19:36:23,1007,33844565
2026-04-25 19:36:24,1008,33849365
2026-04-25 19:36:25,1009,33854150
2026-04-25 19:36:26,1010,33858988
2026-04-25 19:36:28,1012,33863811
2026-04-25 19:36:29,1013,33868517
2026-04-25 19:36:30,1014,33873334
2026-04-25 19:36:31,1015,33877984
2026-04-25 19:36:32,1016,33882700
2026-04-25 19:36:33,1017,33887498
2026-04-25 19:36:35,1019,33892181
2026-04-25 19:36:36,1020,33896869
2026-04-25 19:36:37,1021,33901641
2026-04-25 19:36:38,1022,33906285
2026-04-25 19:36:39,1023,33910959
2026-04-25 19:36:40,1024,33915697
2026-04-25 19:36:42,1026,33920427
2026-04-25 19:36:43,1027,33925137
2026-04-25 19:36:44,1028,33929854
2026-04-25 19:36:45,1029,33934620
2026-04-25 19:36:46,1030,33939439
2026-04-25 19:36:47,1031,33944149
2026-04-25 19:36:49,1033,33948864
2026-04-25 19:36:50,1034,33953605
2026-04-25 19:36:51,1035,33958336
2026-04-25 19:36:52,1036,33963107
2026-04-25 19:36:53,1037,33967850
2026-04-25 19:36:55,1039,33972597
2026-04-25 19:36:56,1040,33977372
2026-04-25 19:36:57,1041,33982107
2026-04-25 19:36:58,1042,33986778
2026-04-25 19:36:59,1043,33991577
2026-04-25 19:37:00,1044,33996414
2026-04-25 19:37:02,1046,34001007
2026-04-25 19:37:03,1047,34005767
2026-04-25 19:37:04,1048,34010513
2026-04-25 19:37:05,1049,34015263
2026-04-25 19:37:06,1050,34019989
2026-04-25 19:37:07,1051,34024755
2026-04-25 19:37:09,1053,34029479
2026-04-25 19:37:10,1054,34034181
2026-04-25 19:37:11,1055,34038893
2026-04-25 19:37:12,1056,34043549
2026-04-25 19:37:13,1057,34048359
2026-04-25 19:37:14,1058,34052939
2026-04-25 19:37:16,1060,34057764
2026-04-25 19:37:17,1061,34062520
2026-04-25 19:37:18,1062,34067293
2026-04-25 19:37:19,1063,34072032
2026-04-25 19:37:20,1064,34076742
2026-04-25 19:37:21,1065,34081417
2026-04-25 19:37:23,1067,34086122
2026-04-25 19:37:24,1068,34090838
2026-04-25 19:37:25,1069,34095517
2026-04-25 19:37:26,1070,34100260
2026-04-25 19:37:27,1071,34105132
2026-04-25 19:37:29,1073,34109690
2026-04-25 19:37:30,1074,34114257
2026-04-25 19:37:31,1075,34118731
2026-04-25 19:37:32,1076,34122912
2026-04-25 19:37:33,1077,34127519
2026-04-25 19:37:35,1079,34132129
2026-04-25 19:37:36,1080,34136832
2026-04-25 19:37:37,1081,34141534
2026-04-25 19:37:38,1082,34146183
2026-04-25 19:37:40,1084,34150943
2026-04-25 19:37:41,1085,34155713
2026-04-25 19:37:42,1086,34160533
2026-04-25 19:37:43,1087,34165345
2026-04-25 19:37:45,1089,34170188
2026-04-25 19:37:46,1090,34175029
2026-04-25 19:37:47,1091,34179851
2026-04-25 19:37:48,1092,34184650
2026-04-25 19:37:50,1094,34189574
2026-04-25 19:37:51,1095,34194340
2026-04-25 19:37:52,1096,34199062
2026-04-25 19:37:53,1097,34203988
2026-04-25 19:37:54,1098,34208759
2026-04-25 19:37:56,1100,34213610
2026-04-25 19:37:57,1101,34218197
2026-04-25 19:37:58,1102,34222850
2026-04-25 19:37:59,1103,34227613
2026-04-25 19:38:01,1105,34232462
2026-04-25 19:38:02,1106,34237184
2026-04-25 19:38:03,1107,34242062
2026-04-25 19:38:04,1108,34246833
2026-04-25 19:38:06,1110,34251755
2026-04-25 19:38:07,1111,34256498
2026-04-25 19:38:08,1112,34261271
2026-04-25 19:38:09,1113,34266261
2026-04-25 19:38:11,1115,34271133
2026-04-25 19:38:12,1116,34276016
2026-04-25 19:38:13,1117,34280911
2026-04-25 19:38:14,1118,34285549
2026-04-25 19:38:15,1119,34290166
2026-04-25 19:38:17,1121,34294761
2026-04-25 19:38:18,1122,34299449
2026-04-25 19:38:19,1123,34303980
2026-04-25 19:38:20,1124,34308478
2026-04-25 19:38:22,1126,34313049
2026-04-25 19:38:23,1127,34317430
2026-04-25 19:38:24,1128,34321868
2026-04-25 19:38:25,1129,34326086
2026-04-25 19:38:27,1131,34330245
2026-04-25 19:38:28,1132,34334656
2026-04-25 19:38:29,1133,34338762
2026-04-25 19:38:30,1134,34342798
2026-04-25 19:38:32,1136,34346988
2026-04-25 19:38:33,1137,34351059
2026-04-25 19:38:34,1138,34355365
2026-04-25 19:38:36,1140,34359366
2026-04-25 19:38:37,1141,34363514
2026-04-25 19:38:38,1142,34367652
2026-04-25 19:38:39,1143,34372015
2026-04-25 19:38:41,1145,34376576
2026-04-25 19:38:42,1146,34380908
2026-04-25 19:38:43,1147,34385338
2026-04-25 19:38:44,1148,34389656
2026-04-25 19:38:46,1150,34394105
2026-04-25 19:38:47,1151,34398496
2026-04-25 19:38:48,1152,34402831
2026-04-25 19:38:49,1153,34407114
2026-04-25 19:38:51,1155,34411489
2026-04-25 19:38:52,1156,34415906
2026-04-25 19:38:53,1157,34420237
2026-04-25 19:38:55,1159,34424647
2026-04-25 19:38:56,1160,34428965
2026-04-25 19:38:57,1161,34433340
2026-04-25 19:38:58,1162,34437982
2026-04-25 19:39:00,1164,34442471
2026-04-25 19:39:01,1165,34447069
2026-04-25 19:39:02,1166,34451656
2026-04-25 19:39:03,1167,34456344
2026-04-25 19:39:05,1169,34460983
2026-04-25 19:39:06,1170,34465544
2026-04-25 19:39:07,1171,34469981
2026-04-25 19:39:08,1172,34474395
2026-04-25 19:39:10,1174,34479030
2026-04-25 19:39:11,1175,34483440
2026-04-25 19:39:12,1176,34487906
2026-04-25 19:39:14,1178,34492597
2026-04-25 19:39:15,1179,34497079
2026-04-25 19:39:16,1180,34501441
2026-04-25 19:39:17,1181,34505961
2026-04-25 19:39:19,1183,34510665
2026-04-25 19:39:20,1184,34515185
2026-04-25 19:39:21,1185,34519974
2026-04-25 19:39:22,1186,34524564
2026-04-25 19:39:24,1188,34529187
2026-04-25 19:39:25,1189,34533790
2026-04-25 19:39:26,1190,34538571
2026-04-25 19:39:27,1191,34543098
2026-04-25 19:39:29,1193,34547810
2026-04-25 19:39:30,1194,34552597
2026-04-25 19:39:31,1195,34557329
2026-04-25 19:39:32,1196,34562017
2026-04-25 19:39:34,1198,34566472
2026-04-25 19:39:35,1199,34570452
2026-04-25 19:39:36,1200,34574459
2026-04-25 19:39:37,1201,34578638
2026-04-25 19:39:39,1203,34582893
2026-04-25 19:39:40,1204,34587050
2026-04-25 19:39:41,1205,34591278
2026-04-25 19:39:43,1207,34595340
2026-04-25 19:39:44,1208,34599365
2026-04-25 19:39:45,1209,34603369
2026-04-25 19:39:46,1210,34607417
2026-04-25 19:39:48,1212,34611357
2026-04-25 19:39:49,1213,34615093
2026-04-25 19:39:50,1214,34619045
2026-04-25 19:39:52,1216,34622964
2026-04-25 19:39:53,1217,34626866
2026-04-25 19:39:54,1218,34630762
2026-04-25 19:39:55,1219,34634305
2026-04-25 19:39:57,1221,34637832
2026-04-25 19:39:58,1222,34641490
2026-04-25 19:39:59,1223,34645241
2026-04-25 19:40:00,1224,34649044
2026-04-25 19:40:02,1226,34653142
2026-04-25 19:40:03,1227,34657237
2026-04-25 19:40:04,1228,34661296
2026-04-25 19:40:05,1229,34665359
2026-04-25 19:40:07,1231,34668726
2026-04-25 19:40:08,1232,34672392
2026-04-25 19:40:09,1233,34676622
2026-04-25 19:40:10,1234,34681080
2026-04-25 19:40:12,1236,34685529
2026-04-25 19:40:13,1237,34689976
2026-04-25 19:40:14,1238,34694460
2026-04-25 19:40:15,1239,34698981
2026-04-25 19:40:17,1241,34703515
2026-04-25 19:40:18,1242,34708059
2026-04-25 19:40:19,1243,34712500
2026-04-25 19:40:21,1245,34717038
2026-04-25 19:40:22,1246,34721553
2026-04-25 19:40:23,1247,34726037
2026-04-25 19:40:24,1248,34730498
2026-04-25 19:40:25,1249,34734874
2026-04-25 19:40:27,1251,34739269
2026-04-25 19:40:28,1252,34743632
2026-04-25 19:40:29,1253,34748313
2026-04-25 19:40:30,1254,34752883
2026-04-25 19:40:32,1256,34757411
2026-04-25 19:40:33,1257,34761957
2026-04-25 19:40:34,1258,34766646
2026-04-25 19:40:35,1259,34771127
2026-04-25 19:40:37,1261,34775791
2026-04-25 19:40:38,1262,34780325
2026-04-25 19:40:39,1263,34784732
2026-04-25 19:40:41,1265,34789357
2026-04-25 19:40:42,1266,34793742
2026-04-25 19:40:43,1267,34798209
2026-04-25 19:40:44,1268,34802732
2026-04-25 19:40:45,1269,34807292
2026-04-25 19:40:47,1271,34811879
2026-04-25 19:40:48,1272,34816459
2026-04-25 19:40:49,1273,34820934
2026-04-25 19:40:51,1275,34825654
2026-04-25 19:40:52,1276,34830211
2026-04-25 19:40:53,1277,34834762
2026-04-25 19:40:54,1278,34839262
2026-04-25 19:40:56,1280,34843794
2026-04-25 19:40:57,1281,34848338
2026-04-25 19:40:58,1282,34852846
2026-04-25 19:40:59,1283,34857081
2026-04-25 19:41:01,1285,34861681
2026-04-25 19:41:02,1286,34866211
2026-04-25 19:41:03,1287,34870725
2026-04-25 19:41:04,1288,34875287
2026-04-25 19:41:06,1290,34879849
2026-04-25 19:41:07,1291,34884416
2026-04-25 19:41:08,1292,34888820
2026-04-25 19:41:09,1293,34893359
2026-04-25 19:41:11,1295,34897740
2026-04-25 19:41:12,1296,34902363
2026-04-25 19:41:13,1297,34906903
2026-04-25 19:41:14,1298,34911350
2026-04-25 19:41:16,1300,34915949
2026-04-25 19:41:17,1301,34920519
2026-04-25 19:41:18,1302,34925121
2026-04-25 19:41:19,1303,34929693
2026-04-25 19:41:21,1305,34934074
2026-04-25 19:41:22,1306,34938559
2026-04-25 19:41:23,1307,34943100
2026-04-25 19:41:24,1308,34947736
2026-04-25 19:41:26,1310,34952122
2026-04-25 19:41:27,1311,34956491
2026-04-25 19:41:28,1312,34961078
2026-04-25 19:41:29,1313,34965680
2026-04-25 19:41:31,1315,34970101
2026-04-25 19:41:32,1316,34974781
2026-04-25 19:41:33,1317,34979358
2026-04-25 19:41:34,1318,34983837
2026-04-25 19:41:36,1320,34988446
2026-04-25 19:41:37,1321,34993064
2026-04-25 19:41:38,1322,34997596
2026-04-25 19:41:39,1323,35002092
2026-04-25 19:41:41,1325,35006673
2026-04-25 19:41:42,1326,35011223
2026-04-25 19:41:43,1327,35015692
2026-04-25 19:41:44,1328,35020126
2026-04-25 19:41:46,1330,35024722
2026-04-25 19:41:47,1331,35029340
2026-04-25 19:41:48,1332,35033864
2026-04-25 19:41:49,1333,35038250
2026-04-25 19:41:51,1335,35042752
2026-04-25 19:41:52,1336,35047322
2026-04-25 19:41:53,1337,35051974
2026-04-25 19:41:54,1338,35056378
2026-04-25 19:41:56,1340,35060936
2026-04-25 19:41:57,1341,35065531
2026-04-25 19:41:58,1342,35070070
2026-04-25 19:41:59,1343,35074713
2026-04-25 19:42:01,1345,35079249
2026-04-25 19:42:02,1346,35083632
2026-04-25 19:42:03,1347,35088332
2026-04-25 19:42:04,1348,35092692
2026-04-25 19:42:06,1350,35097191
2026-04-25 19:42:07,1351,35101800
2026-04-25 19:42:08,1352,35106246
2026-04-25 19:42:09,1353,35110852
2026-04-25 19:42:11,1355,35115512
2026-04-25 19:42:12,1356,35120251
2026-04-25 19:42:13,1357,35124816
2026-04-25 19:42:15,1359,35129334
2026-04-25 19:42:16,1360,35133791
2026-04-25 19:42:17,1361,35138329
2026-04-25 19:42:18,1362,35142653
2026-04-25 19:42:20,1364,35147294
2026-04-25 19:42:21,1365,35151817
2026-04-25 19:42:22,1366,35156199
2026-04-25 19:42:23,1367,35160641
2026-04-25 19:42:25,1369,35165079
2026-04-25 19:42:26,1370,35169538
2026-04-25 19:42:27,1371,35173990
2026-04-25 19:42:28,1372,35178409
2026-04-25 19:42:30,1374,35182934
2026-04-25 19:42:31,1375,35187410
2026-04-25 19:42:32,1376,35191845
2026-04-25 19:42:33,1377,35196447
2026-04-25 19:42:35,1379,35200940
2026-04-25 19:42:36,1380,35205476
2026-04-25 19:42:37,1381,35210120
2026-04-25 19:42:38,1382,35214633
2026-04-25 19:42:40,1384,35219216
2026-04-25 19:42:41,1385,35223878
2026-04-25 19:42:42,1386,35228447
2026-04-25 19:42:43,1387,35232901
2026-04-25 19:42:45,1389,35237376
2026-04-25 19:42:46,1390,35241682
2026-04-25 19:42:47,1391,35246205
2026-04-25 19:42:48,1392,35250683
2026-04-25 19:42:50,1394,35255213
2026-04-25 19:42:51,1395,35259784
2026-04-25 19:42:52,1396,35264261
2026-04-25 19:42:53,1397,35268809
2026-04-25 19:42:55,1399,35273278
2026-04-25 19:42:56,1400,35277913
2026-04-25 19:42:57,1401,35282576
2026-04-25 19:42:58,1402,35287192
2026-04-25 19:43:00,1404,35291826
2026-04-25 19:43:01,1405,35296432
2026-04-25 19:43:02,1406,35300978
2026-04-25 19:43:03,1407,35305537
2026-04-25 19:43:05,1409,35309911
2026-04-25 19:43:06,1410,35314387
2026-04-25 19:43:07,1411,35318985
2026-04-25 19:43:08,1412,35323459
2026-04-25 19:43:10,1414,35327837
2026-04-25 19:43:11,1415,35332372
2026-04-25 19:43:12,1416,35336779
2026-04-25 19:43:13,1417,35341194
2026-04-25 19:43:15,1419,35345505
2026-04-25 19:43:16,1420,35350027
2026-04-25 19:43:17,1421,35354492
2026-04-25 19:43:18,1422,35359009
2026-04-25 19:43:20,1424,35363524
2026-04-25 19:43:21,1425,35367871
2026-04-25 19:43:22,1426,35372372
2026-04-25 19:43:23,1427,35376808
2026-04-25 19:43:25,1429,35381234
2026-04-25 19:43:26,1430,35385761
2026-04-25 19:43:27,1431,35390301
2026-04-25 19:43:28,1432,35394733
2026-04-25 19:43:30,1434,35399236
2026-04-25 19:43:31,1435,35403817
2026-04-25 19:43:32,1436,35408312
2026-04-25 19:43:33,1437,35412774
2026-04-25 19:43:35,1439,35417430
2026-04-25 19:43:36,1440,35421681
2026-04-25 19:43:37,1441,35425864
2026-04-25 19:43:39,1443,35430243
2026-04-25 19:43:40,1444,35434597
2026-04-25 19:43:41,1445,35438838
2026-04-25 19:43:42,1446,35443074
2026-04-25 19:43:44,1448,35447282
2026-04-25 19:43:45,1449,35451069
2026-04-25 19:43:46,1450,35455085
2026-04-25 19:43:48,1452,35458795
2026-04-25 19:43:49,1453,35462383
2026-04-25 19:43:50,1454,35465976
2026-04-25 19:43:52,1456,35469880
2026-04-25 19:43:53,1457,35473635
2026-04-25 19:43:54,1458,35477549
2026-04-25 19:43:55,1459,35481395
2026-04-25 19:43:57,1461,35485373
2026-04-25 19:43:58,1462,35489108
2026-04-25 19:43:59,1463,35492934
2026-04-25 19:44:01,1465,35496964
2026-04-25 19:44:02,1466,35501018
2026-04-25 19:44:03,1467,35505215
2026-04-25 19:44:05,1469,35509359
2026-04-25 19:44:06,1470,35513509
2026-04-25 19:44:07,1471,35517820
2026-04-25 19:44:09,1473,35521929
2026-04-25 19:44:10,1474,35526139
2026-04-25 19:44:11,1475,35530537
2026-04-25 19:44:13,1477,35534885
2026-04-25 19:44:14,1478,35539302
2026-04-25 19:44:15,1479,35543225
2026-04-25 19:44:17,1481,35547367
2026-04-25 19:44:18,1482,35551571
2026-04-25 19:44:19,1483,35555792
2026-04-25 19:44:21,1485,35560024
2026-04-25 19:44:22,1486,35564215
2026-04-25 19:44:23,1487,35568288
2026-04-25 19:44:25,1489,35572501
2026-04-25 19:44:26,1490,35576620
2026-04-25 19:44:27,1491,35580828
2026-04-25 19:44:29,1493,35585017
2026-04-25 19:44:30,1494,35589215
2026-04-25 19:44:31,1495,35593311
2026-04-25 19:44:33,1497,35597513
2026-04-25 19:44:34,1498,35601388
2026-04-25 19:44:35,1499,35605115
2026-04-25 19:44:37,1501,35609045
2026-04-25 19:44:38,1502,35612810
2026-04-25 19:44:39,1503,35616764
2026-04-25 19:44:41,1505,35620711
2026-04-25 19:44:42,1506,35624607
2026-04-25 19:44:43,1507,35628595
2026-04-25 19:44:44,1508,35632570
2026-04-25 19:44:46,1510,35636579
2026-04-25 19:44:47,1511,35640487
2026-04-25 19:44:48,1512,35644637
2026-04-25 19:44:50,1514,35648580
2026-04-25 19:44:51,1515,35652619
2026-04-25 19:44:52,1516,35656617
2026-04-25 19:44:54,1518,35660514
2026-04-25 19:44:55,1519,35664545
2026-04-25 19:44:56,1520,35668516
2026-04-25 19:44:58,1522,35672510
2026-04-25 19:44:59,1523,35676531
2026-04-25 19:45:00,1524,35680485
2026-04-25 19:45:02,1526,35684525
2026-04-25 19:45:03,1527,35688753
2026-04-25 19:45:04,1528,35692682
2026-04-25 19:45:06,1530,35696892
2026-04-25 19:45:07,1531,35701079
2026-04-25 19:45:08,1532,35705245
2026-04-25 19:45:10,1534,35709395
2026-04-25 19:45:11,1535,35713668
2026-04-25 19:45:12,1536,35717848
2026-04-25 19:45:14,1538,35722114
2026-04-25 19:45:15,1539,35726305
2026-04-25 19:45:16,1540,35730595
2026-04-25 19:45:18,1542,35734816
2026-04-25 19:45:19,1543,35739048
2026-04-25 19:45:20,1544,35743202
2026-04-25 19:45:21,1545,35747511
2026-04-25 19:45:23,1547,35751900
2026-04-25 19:45:24,1548,35756262
2026-04-25 19:45:25,1549,35760636
2026-04-25 19:45:27,1551,35764817
2026-04-25 19:45:28,1552,35769131
2026-04-25 19:45:29,1553,35773488
2026-04-25 19:45:31,1555,35777843
2026-04-25 19:45:32,1556,35782253
2026-04-25 19:45:33,1557,35786700
2026-04-25 19:45:35,1559,35791105
2026-04-25 19:45:36,1560,35795553
2026-04-25 19:45:37,1561,35800186
2026-04-25 19:45:39,1563,35804580
2026-04-25 19:45:40,1564,35809146
2026-04-25 19:45:41,1565,35813563
2026-04-25 19:45:43,1567,35818050
2026-04-25 19:45:44,1568,35822578
2026-04-25 19:45:45,1569,35827077
2026-04-25 19:45:47,1571,35831541
2026-04-25 19:45:48,1572,35836132
2026-04-25 19:45:49,1573,35840699
2026-04-25 19:45:50,1574,35845177
2026-04-25 19:45:52,1576,35849647
2026-04-25 19:45:53,1577,35854063
2026-04-25 19:45:54,1578,35858574
2026-04-25 19:45:56,1580,35863132
2026-04-25 19:45:57,1581,35867659
2026-04-25 19:45:58,1582,35872210
2026-04-25 19:46:00,1584,35876851
2026-04-25 19:46:01,1585,35881319
2026-04-25 19:46:02,1586,35885716
2026-04-25 19:46:04,1588,35890315
2026-04-25 19:46:05,1589,35894965
2026-04-25 19:46:06,1590,35899417
2026-04-25 19:46:08,1592,35903886
2026-04-25 19:46:09,1593,35908366
2026-04-25 19:46:10,1594,35912804
2026-04-25 19:46:12,1596,35917427
2026-04-25 19:46:13,1597,35921875
2026-04-25 19:46:14,1598,35926323
2026-04-25 19:46:16,1600,35930742
2026-04-25 19:46:17,1601,35935260
2026-04-25 19:46:18,1602,35939858
2026-04-25 19:46:19,1603,35944364
2026-04-25 19:46:21,1605,35948804
2026-04-25 19:46:22,1606,35953247
2026-04-25 19:46:23,1607,35957630
2026-04-25 19:46:25,1609,35962245
2026-04-25 19:46:26,1610,35966708
2026-04-25 19:46:27,1611,35971284
2026-04-25 19:46:29,1613,35975777
2026-04-25 19:46:30,1614,35980324
2026-04-25 19:46:31,1615,35984843
2026-04-25 19:46:33,1617,35989272
2026-04-25 19:46:34,1618,35993729
2026-04-25 19:46:35,1619,35998257
2026-04-25 19:46:37,1621,36002757
2026-04-25 19:46:38,1622,36007251
2026-04-25 19:46:39,1623,36011174
2026-04-25 19:46:40,1624,36015122
2026-04-25 19:46:41,1625,36019073
2026-04-25 19:46:42,1626,36023001
2026-04-25 19:46:44,1628,36026988
2026-04-25 19:46:45,1629,36030960
2026-04-25 19:46:46,1630,36034969
2026-04-25 19:46:47,1631,36039009
2026-04-25 19:46:48,1632,36043001
2026-04-25 19:46:49,1633,36046688
2026-04-25 19:46:50,1634,36049116
2026-04-25 19:46:51,1635,36051894
2026-04-25 19:46:52,1636,36054816
2026-04-25 19:46:54,1638,36057897
2026-04-25 19:46:55,1639,36061049
2026-04-25 19:46:56,1640,36064217
2026-04-25 19:46:57,1641,36067521
2026-04-25 19:46:58,1642,36070783
2026-04-25 19:46:59,1643,36074086
2026-04-25 19:47:00,1644,36077402
2026-04-25 19:47:01,1645,36080822
2026-04-25 19:47:02,1646,36084155
2026-04-25 19:47:03,1647,36087592
2026-04-25 19:47:05,1649,36091041
2026-04-25 19:47:06,1650,36094451
2026-04-25 19:47:07,1651,36097841
2026-04-25 19:47:08,1652,36101266
2026-04-25 19:47:09,1653,36104757
2026-04-25 19:47:10,1654,36108268
2026-04-25 19:47:11,1655,36111812
2026-04-25 19:47:12,1656,36115222
2026-04-25 19:47:13,1657,36118787
2026-04-25 19:47:14,1658,36122368
2026-04-25 19:47:16,1660,36125919
2026-04-25 19:47:17,1661,36129488
2026-04-25 19:47:18,1662,36133027
2026-04-25 19:47:19,1663,36136641
2026-04-25 19:47:20,1664,36140271
2026-04-25 19:47:21,1665,36143885
2026-04-25 19:47:22,1666,36147527
2026-04-25 19:47:23,1667,36151071
2026-04-25 19:47:24,1668,36154674
2026-04-25 19:47:26,1670,36158387
2026-04-25 19:47:27,1671,36162002
2026-04-25 19:47:28,1672,36165681
2026-04-25 19:47:29,1673,36169449
2026-04-25 19:47:30,1674,36173131
2026-04-25 19:47:31,1675,36176835
2026-04-25 19:47:32,1676,36180566
2026-04-25 19:47:33,1677,36184280
2026-04-25 19:47:34,1678,36187963
2026-04-25 19:47:36,1680,36191638
2026-04-25 19:47:37,1681,36195400
2026-04-25 19:47:38,1682,36199167
2026-04-25 19:47:39,1683,36202997
2026-04-25 19:47:40,1684,36206788
2026-04-25 19:47:41,1685,36210649
2026-04-25 19:47:42,1686,36214446
2026-04-25 19:47:43,1687,36218310
2026-04-25 19:47:44,1688,36222131
2026-04-25 19:47:46,1690,36226014
2026-04-25 19:47:47,1691,36229777
2026-04-25 19:47:48,1692,36233549
2026-04-25 19:47:49,1693,36237432
2026-04-25 19:47:50,1694,36241246
2026-04-25 19:47:51,1695,36245161
2026-04-25 19:47:52,1696,36249107
2026-04-25 19:47:53,1697,36252948
2026-04-25 19:47:54,1698,36256792
2026-04-25 19:47:56,1700,36260653
2026-04-25 19:47:57,1701,36264581
2026-04-25 19:47:58,1702,36268420
2026-04-25 19:47:59,1703,36272398
2026-04-25 19:48:00,1704,36276382
2026-04-25 19:48:01,1705,36280261
2026-04-25 19:48:02,1706,36284089
2026-04-25 19:48:03,1707,36287920
2026-04-25 19:48:04,1708,36291876
2026-04-25 19:48:06,1710,36295743
2026-04-25 19:48:07,1711,36299661
2026-04-25 19:48:08,1712,36303652
2026-04-25 19:48:09,1713,36307496
2026-04-25 19:48:10,1714,36311451
2026-04-25 19:48:11,1715,36315336
2026-04-25 19:48:12,1716,36319223
2026-04-25 19:48:13,1717,36323099
2026-04-25 19:48:14,1718,36326874
2026-04-25 19:48:16,1720,36330709
2026-04-25 19:48:17,1721,36334538
2026-04-25 19:48:18,1722,36338213
2026-04-25 19:48:19,1723,36341877
2026-04-25 19:48:20,1724,36345457
2026-04-25 19:48:21,1725,36349036
2026-04-25 19:48:22,1726,36352742
2026-04-25 19:48:24,1728,36356353
2026-04-25 19:48:25,1729,36359980
2026-04-25 19:48:26,1730,36363600
2026-04-25 19:48:27,1731,36367391
2026-04-25 19:48:28,1732,36371060
2026-04-25 19:48:29,1733,36374772
2026-04-25 19:48:31,1735,36378491
2026-04-25 19:48:32,1736,36382200
2026-04-25 19:48:33,1737,36385835
2026-04-25 19:48:34,1738,36389607
2026-04-25 19:48:35,1739,36393225
2026-04-25 19:48:36,1740,36396879
2026-04-25 19:48:37,1741,36400585
2026-04-25 19:48:38,1742,36403969
2026-04-25 19:48:40,1744,36407579
2026-04-25 19:48:41,1745,36411195
2026-04-25 19:48:42,1746,36414865
2026-04-25 19:48:43,1747,36418615
2026-04-25 19:48:44,1748,36422359
2026-04-25 19:48:45,1749,36426074
2026-04-25 19:48:46,1750,36429813
2026-04-25 19:48:47,1751,36433497
2026-04-25 19:48:49,1753,36437251
2026-04-25 19:48:50,1754,36440913
2026-04-25 19:48:51,1755,36444644
2026-04-25 19:48:52,1756,36448295
2026-04-25 19:48:53,1757,36451944
2026-04-25 19:48:54,1758,36455645
2026-04-25 19:48:55,1759,36459410
2026-04-25 19:48:57,1761,36463098
2026-04-25 19:48:58,1762,36466594
2026-04-25 19:48:59,1763,36470064
2026-04-25 19:49:00,1764,36473368
2026-04-25 19:49:01,1765,36476792
2026-04-25 19:49:02,1766,36479937
2026-04-25 19:49:03,1767,36483372
2026-04-25 19:49:05,1769,36486858
2026-04-25 19:49:06,1770,36490296
2026-04-25 19:49:07,1771,36493700
2026-04-25 19:49:08,1772,36496826
2026-04-25 19:49:09,1773,36500089
2026-04-25 19:49:10,1774,36503729
2026-04-25 19:49:11,1775,36507426
2026-04-25 19:49:13,1777,36511100
2026-04-25 19:49:14,1778,36514728
2026-04-25 19:49:15,1779,36518479
2026-04-25 19:49:16,1780,36522091
2026-04-25 19:49:17,1781,36525749
2026-04-25 19:49:18,1782,36529277
2026-04-25 19:49:20,1784,36532741
2026-04-25 19:49:21,1785,36536348
2026-04-25 19:49:22,1786,36540018
2026-04-25 19:49:23,1787,36543649
2026-04-25 19:49:24,1788,36547120
2026-04-25 19:49:25,1789,36550830
2026-04-25 19:49:26,1790,36554549
2026-04-25 19:49:28,1792,36558120
2026-04-25 19:49:29,1793,36561789
2026-04-25 19:49:30,1794,36565438
2026-04-25 19:49:31,1795,36569021
2026-04-25 19:49:32,1796,36572694
2026-04-25 19:49:33,1797,36576248
2026-04-25 19:49:35,1799,36579647
2026-04-25 19:49:36,1800,36583116
2026-04-25 19:49:37,1801,36586637
2026-04-25 19:49:38,1802,36590084
2026-04-25 19:49:39,1803,36593439
2026-04-25 19:49:41,1805,36596711
2026-04-25 19:49:42,1806,36599915
2026-04-25 19:49:43,1807,36603266
2026-04-25 19:49:44,1808,36606671
2026-04-25 19:49:45,1809,36610041
2026-04-25 19:49:46,1810,36613439
2026-04-25 19:49:48,1812,36616744
2026-04-25 19:49:49,1813,36620071
2026-04-25 19:49:50,1814,36623361
2026-04-25 19:49:51,1815,36626697
2026-04-25 19:49:52,1816,36630064
2026-04-25 19:49:54,1818,36633367
2026-04-25 19:49:55,1819,36636590
2026-04-25 19:49:56,1820,36639935
2026-04-25 19:49:57,1821,36643298
2026-04-25 19:49:58,1822,36646717
2026-04-25 19:49:59,1823,36650177
2026-04-25 19:50:01,1825,36653580
2026-04-25 19:50:02,1826,36657041
2026-04-25 19:50:03,1827,36660484
2026-04-25 19:50:04,1828,36663931
2026-04-25 19:50:05,1829,36667412
2026-04-25 19:50:06,1830,36670758
2026-04-25 19:50:08,1832,36674425
2026-04-25 19:50:09,1833,36678022
2026-04-25 19:50:10,1834,36681685
2026-04-25 19:50:11,1835,36685436
2026-04-25 19:50:12,1836,36689380
2026-04-25 19:50:13,1837,36693150
2026-04-25 19:50:15,1839,36696936
2026-04-25 19:50:16,1840,36700579
2026-04-25 19:50:17,1841,36704444
2026-04-25 19:50:18,1842,36708202
2026-04-25 19:50:19,1843,36712017
2026-04-25 19:50:20,1844,36715776
2026-04-25 19:50:22,1846,36719630
2026-04-25 19:50:23,1847,36723366
2026-04-25 19:50:24,1848,36727100
2026-04-25 19:50:25,1849,36731048
2026-04-25 19:50:26,1850,36734749
2026-04-25 19:50:27,1851,36738516
2026-04-25 19:50:29,1853,36742228
2026-04-25 19:50:30,1854,36746033
2026-04-25 19:50:31,1855,36749719
2026-04-25 19:50:32,1856,36753647
2026-04-25 19:50:33,1857,36757326
2026-04-25 19:50:34,1858,36761088
2026-04-25 19:50:36,1860,36764798
2026-04-25 19:50:37,1861,36768636
2026-04-25 19:50:38,1862,36772496
2026-04-25 19:50:39,1863,36776382
2026-04-25 19:50:40,1864,36780123
2026-04-25 19:50:42,1866,36783910
2026-04-25 19:50:43,1867,36787653
2026-04-25 19:50:44,1868,36791414
2026-04-25 19:50:45,1869,36795207
2026-04-25 19:50:46,1870,36798992
2026-04-25 19:50:47,1871,36802690
2026-04-25 19:50:49,1873,36806512
2026-04-25 19:50:50,1874,36810231
2026-04-25 19:50:51,1875,36814095
2026-04-25 19:50:52,1876,36817842
2026-04-25 19:50:53,1877,36821562
2026-04-25 19:50:54,1878,36825365
2026-04-25 19:50:56,1880,36829090
2026-04-25 19:50:57,1881,36832906
2026-04-25 19:50:58,1882,36836745
2026-04-25 19:50:59,1883,36840610
2026-04-25 19:51:00,1884,36844380
2026-04-25 19:51:01,1885,36848022
2026-04-25 19:51:03,1887,36851806
2026-04-25 19:51:04,1888,36855634
2026-04-25 19:51:05,1889,36859495
2026-04-25 19:51:06,1890,36863353
2026-04-25 19:51:07,1891,36867096
2026-04-25 19:51:08,1892,36870859
2026-04-25 19:51:10,1894,36874687
2026-04-25 19:51:11,1895,36878414
2026-04-25 19:51:12,1896,36882311
2026-04-25 19:51:13,1897,36886039
2026-04-25 19:51:14,1898,36889996
2026-04-25 19:51:15,1899,36893815
2026-04-25 19:51:17,1901,36897601
2026-04-25 19:51:18,1902,36901333
2026-04-25 19:51:19,1903,36905051
2026-04-25 19:51:20,1904,36908853
2026-04-25 19:51:21,1905,36912633
2026-04-25 19:51:22,1906,36916499
2026-04-25 19:51:24,1908,36920274
2026-04-25 19:51:25,1909,36924042
2026-04-25 19:51:26,1910,36927727
2026-04-25 19:51:27,1911,36931485
2026-04-25 19:51:28,1912,36935291
2026-04-25 19:51:30,1914,36939141
2026-04-25 19:51:31,1915,36942841
2026-04-25 19:51:32,1916,36946720
2026-04-25 19:51:33,1917,36950540
2026-04-25 19:51:34,1918,36954168
2026-04-25 19:51:35,1919,36957970
2026-04-25 19:51:37,1921,36961611
2026-04-25 19:51:38,1922,36965313
2026-04-25 19:51:39,1923,36969129
2026-04-25 19:51:40,1924,36972893
2026-04-25 19:51:41,1925,36976771
2026-04-25 19:51:42,1926,36980659
2026-04-25 19:51:44,1928,36984495
2026-04-25 19:51:45,1929,36988307
2026-04-25 19:51:46,1930,36992191
2026-04-25 19:51:47,1931,36996022
2026-04-25 19:51:48,1932,36999828
2026-04-25 19:51:49,1933,37003652
2026-04-25 19:51:51,1935,37007595
2026-04-25 19:51:52,1936,37011599
2026-04-25 19:51:53,1937,37015543
2026-04-25 19:51:54,1938,37019347
2026-04-25 19:51:55,1939,37023135
2026-04-25 19:51:56,1940,37027001
2026-04-25 19:51:58,1942,37030811
2026-04-25 19:51:59,1943,37034644
2026-04-25 19:52:00,1944,37038606
2026-04-25 19:52:01,1945,37042487
2026-04-25 19:52:02,1946,37046322
2026-04-25 19:52:03,1947,37050144
2026-04-25 19:52:05,1949,37054228
2026-04-25 19:52:06,1950,37058239
2026-04-25 19:52:07,1951,37062373
2026-04-25 19:52:08,1952,37066416
2026-04-25 19:52:09,1953,37070531
2026-04-25 19:52:11,1955,37074682
2026-04-25 19:52:12,1956,37078744
2026-04-25 19:52:13,1957,37082858
2026-04-25 19:52:14,1958,37086975
2026-04-25 19:52:15,1959,37090984
2026-04-25 19:52:16,1960,37095083
2026-04-25 19:52:18,1962,37099228
2026-04-25 19:52:19,1963,37103231
2026-04-25 19:52:20,1964,37107293
2026-04-25 19:52:21,1965,37111422
2026-04-25 19:52:22,1966,37115532
2026-04-25 19:52:23,1967,37119692
2026-04-25 19:52:25,1969,37123796
2026-04-25 19:52:26,1970,37127900
2026-04-25 19:52:27,1971,37131960
2026-04-25 19:52:28,1972,37135955
2026-04-25 19:52:29,1973,37140064
2026-04-25 19:52:30,1974,37144178
2026-04-25 19:52:32,1976,37148319
2026-04-25 19:52:33,1977,37152434
2026-04-25 19:52:34,1978,37156523
2026-04-25 19:52:35,1979,37160490
2026-04-25 19:52:36,1980,37164633
2026-04-25 19:52:37,1981,37168736
2026-04-25 19:52:39,1983,37172829
2026-04-25 19:52:40,1984,37177002
2026-04-25 19:52:41,1985,37181090
2026-04-25 19:52:42,1986,37185224
2026-04-25 19:52:43,1987,37189394
2026-04-25 19:52:44,1988,37193549
2026-04-25 19:52:46,1990,37197633
2026-04-25 19:52:47,1991,37201724
2026-04-25 19:52:48,1992,37205871
2026-04-25 19:52:49,1993,37210029
2026-04-25 19:52:50,1994,37214110
2026-04-25 19:52:51,1995,37218151
2026-04-25 19:52:53,1997,37222300
2026-04-25 19:52:54,1998,37226409
2026-04-25 19:52:55,1999,37230577
2026-04-25 19:52:56,2000,37234683
2026-04-25 19:52:57,2001,37238873
2026-04-25 19:52:59,2003,37243022
2026-04-25 19:53:00,2004,37247023
2026-04-25 19:53:01,2005,37251181
2026-04-25 19:53:02,2006,37255287
2026-04-25 19:53:03,2007,37259362
2026-04-25 19:53:04,2008,37263512
2026-04-25 19:53:06,2010,37267619
2026-04-25 19:53:07,2011,37271610
2026-04-25 19:53:08,2012,37275697
2026-04-25 19:53:09,2013,37279775
2026-04-25 19:53:10,2014,37283902
2026-04-25 19:53:11,2015,37287958
2026-04-25 19:53:13,2017,37291962
2026-04-25 19:53:14,2018,37296171
2026-04-25 19:53:15,2019,37300294
2026-04-25 19:53:16,2020,37304398
2026-04-25 19:53:17,2021,37308516
2026-04-25 19:53:18,2022,37312648
2026-04-25 19:53:20,2024,37316590
2026-04-25 19:53:21,2025,37320845
2026-04-25 19:53:22,2026,37324886
2026-04-25 19:53:23,2027,37329066
2026-04-25 19:53:24,2028,37333219
2026-04-25 19:53:25,2029,37337378
2026-04-25 19:53:27,2031,37341424
2026-04-25 19:53:28,2032,37345553
2026-04-25 19:53:29,2033,37349715
2026-04-25 19:53:30,2034,37353782
2026-04-25 19:53:31,2035,37357888
2026-04-25 19:53:32,2036,37362027
2026-04-25 19:53:34,2038,37366205
2026-04-25 19:53:35,2039,37370324
2026-04-25 19:53:36,2040,37374323
2026-04-25 19:53:37,2041,37378446
2026-04-25 19:53:38,2042,37382527
2026-04-25 19:53:39,2043,37386684
2026-04-25 19:53:41,2045,37390743
2026-04-25 19:53:42,2046,37394822
2026-04-25 19:53:43,2047,37398915
2026-04-25 19:53:44,2048,37402983
2026-04-25 19:53:45,2049,37407065
2026-04-25 19:53:46,2050,37411191
2026-04-25 19:53:48,2052,37415319
2026-04-25 19:53:49,2053,37419399
2026-04-25 19:53:50,2054,37423499
2026-04-25 19:53:51,2055,37427722
2026-04-25 19:53:52,2056,37431867
2026-04-25 19:53:54,2058,37435971
2026-04-25 19:53:55,2059,37440029
2026-04-25 19:53:56,2060,37444136
2026-04-25 19:53:57,2061,37448290
2026-04-25 19:53:58,2062,37452447
2026-04-25 19:53:59,2063,37456222
2026-04-25 19:54:01,2065,37460297
2026-04-25 19:54:02,2066,37464268
2026-04-25 19:54:03,2067,37468103
2026-04-25 19:54:04,2068,37472068
2026-04-25 19:54:05,2069,37476034
2026-04-25 19:54:07,2071,37480093
2026-04-25 19:54:08,2072,37483877
2026-04-25 19:54:09,2073,37487732
2026-04-25 19:54:10,2074,37491627
2026-04-25 19:54:12,2076,37495563
2026-04-25 19:54:13,2077,37499630
2026-04-25 19:54:14,2078,37503554
2026-04-25 19:54:15,2079,37507490
2026-04-25 19:54:16,2080,37511439
2026-04-25 19:54:18,2082,37515444
2026-04-25 19:54:19,2083,37519104
2026-04-25 19:54:20,2084,37522960
2026-04-25 19:54:21,2085,37526772
2026-04-25 19:54:23,2087,37530660
2026-04-25 19:54:24,2088,37534642
2026-04-25 19:54:25,2089,37538612
2026-04-25 19:54:26,2090,37542076
2026-04-25 19:54:27,2091,37545721
2026-04-25 19:54:29,2093,37549400
2026-04-25 19:54:30,2094,37553077
2026-04-25 19:54:31,2095,37556810
2026-04-25 19:54:32,2096,37560538
2026-04-25 19:54:34,2098,37564205
2026-04-25 19:54:35,2099,37568006
2026-04-25 19:54:36,2100,37571643
2026-04-25 19:54:37,2101,37575331
2026-04-25 19:54:38,2102,37579036
2026-04-25 19:54:40,2104,37582885
2026-04-25 19:54:41,2105,37586844
2026-04-25 19:54:42,2106,37590825
2026-04-25 19:54:43,2107,37594523
2026-04-25 19:54:45,2109,37598131
2026-04-25 19:54:46,2110,37601848
2026-04-25 19:54:47,2111,37605458
2026-04-25 19:54:48,2112,37609259
2026-04-25 19:54:50,2114,37613042
2026-04-25 19:54:51,2115,37616921
2026-04-25 19:54:52,2116,37620684
2026-04-25 19:54:53,2117,37624551
2026-04-25 19:54:54,2118,37628345
2026-04-25 19:54:56,2120,37632207
2026-04-25 19:54:57,2121,37636059
2026-04-25 19:54:58,2122,37639482
2026-04-25 19:54:59,2123,37643267
2026-04-25 19:55:01,2125,37647061
2026-04-25 19:55:02,2126,37651011
2026-04-25 19:55:03,2127,37654908
2026-04-25 19:55:04,2128,37658860
2026-04-25 19:55:05,2130,37662964
2026-04-25 19:55:07,2131,37666915
2026-04-25 19:55:08,2132,37671005
2026-04-25 19:55:09,2133,37674909
2026-04-25 19:55:10,2134,37679021
2026-04-25 19:55:12,2136,37683140
2026-04-25 19:55:13,2137,37687229
2026-04-25 19:55:14,2138,37691403
2026-04-25 19:55:15,2139,37695550
2026-04-25 19:55:17,2141,37699666
2026-04-25 19:55:18,2142,37703852
2026-04-25 19:55:19,2143,37707949
2026-04-25 19:55:20,2144,37712056
2026-04-25 19:55:22,2146,37716330
2026-04-25 19:55:23,2147,37720498
2026-04-25 19:55:24,2148,37724653
2026-04-25 19:55:25,2149,37728818
2026-04-25 19:55:26,2150,37732915
2026-04-25 19:55:28,2152,37737066
2026-04-25 19:55:29,2153,37741125
2026-04-25 19:55:30,2154,37745214
2026-04-25 19:55:31,2155,37749267
2026-04-25 19:55:33,2157,37753369
2026-04-25 19:55:34,2158,37757496
2026-04-25 19:55:35,2159,37761667
2026-04-25 19:55:36,2160,37765878
2026-04-25 19:55:37,2161,37769970
2026-04-25 19:55:39,2163,37774015
2026-04-25 19:55:40,2164,37778110
2026-04-25 19:55:41,2165,37782290
2026-04-25 19:55:42,2166,37786463
2026-04-25 19:55:44,2168,37790518
2026-04-25 19:55:45,2169,37794632
2026-04-25 19:55:46,2170,37798783
2026-04-25 19:55:47,2171,37802824
2026-04-25 19:55:49,2173,37807068
2026-04-25 19:55:50,2174,37811181
2026-04-25 19:55:51,2175,37815277
2026-04-25 19:55:52,2176,37819160
2026-04-25 19:55:53,2177,37823392
2026-04-25 19:55:55,2179,37827601
2026-04-25 19:55:56,2180,37831761
2026-04-25 19:55:57,2181,37836082
2026-04-25 19:55:58,2182,37840336
2026-04-25 19:55:59,2183,37844405
2026-04-25 19:56:00,2184,37848734
2026-04-25 19:56:02,2186,37853041
2026-04-25 19:56:03,2187,37857286
2026-04-25 19:56:04,2188,37861603
2026-04-25 19:56:05,2189,37866005
2026-04-25 19:56:06,2190,37870240
2026-04-25 19:56:08,2192,37874568
2026-04-25 19:56:09,2193,37878683
2026-04-25 19:56:10,2194,37883104
2026-04-25 19:56:11,2195,37887481
2026-04-25 19:56:12,2196,37891879
2026-04-25 19:56:13,2197,37896346
2026-04-25 19:56:15,2199,37900755
2026-04-25 19:56:16,2200,37905146
2026-04-25 19:56:17,2201,37909539
2026-04-25 19:56:18,2202,37913855
2026-04-25 19:56:19,2203,37918356
2026-04-25 19:56:20,2204,37922595
2026-04-25 19:56:22,2206,37927126
2026-04-25 19:56:23,2207,37931447
2026-04-25 19:56:24,2208,37935795
2026-04-25 19:56:25,2209,37940074
2026-04-25 19:56:26,2210,37944478
2026-04-25 19:56:27,2211,37948917
2026-04-25 19:56:29,2213,37953283
2026-04-25 19:56:30,2214,37957643
2026-04-25 19:56:31,2215,37961997
2026-04-25 19:56:32,2216,37966446
2026-04-25 19:56:33,2217,37970820
2026-04-25 19:56:35,2219,37975218
2026-04-25 19:56:36,2220,37979676
2026-04-25 19:56:37,2221,37984040
2026-04-25 19:56:38,2222,37988417
2026-04-25 19:56:39,2223,37992705
2026-04-25 19:56:40,2224,37997132
2026-04-25 19:56:42,2226,38001516
2026-04-25 19:56:43,2227,38005910
2026-04-25 19:56:44,2228,38010403
2026-04-25 19:56:45,2229,38014792
2026-04-25 19:56:46,2230,38019203
2026-04-25 19:56:47,2231,38023525
2026-04-25 19:56:49,2233,38027914
2026-04-25 19:56:50,2234,38032186
2026-04-25 19:56:51,2235,38036658
2026-04-25 19:56:52,2236,38041136
2026-04-25 19:56:53,2237,38045485
2026-04-25 19:56:54,2238,38049850
2026-04-25 19:56:56,2240,38054160
2026-04-25 19:56:57,2241,38058569
2026-04-25 19:56:58,2242,38062931
2026-04-25 19:56:59,2243,38067354
2026-04-25 19:57:00,2244,38071746
2026-04-25 19:57:02,2246,38076060
2026-04-25 19:57:03,2247,38080470
2026-04-25 19:57:04,2248,38084825
2026-04-25 19:57:05,2249,38089222
2026-04-25 19:57:06,2250,38093464
2026-04-25 19:57:07,2251,38097820
2026-04-25 19:57:09,2253,38102252
2026-04-25 19:57:10,2254,38106557
2026-04-25 19:57:11,2255,38110960
2026-04-25 19:57:12,2256,38115258
2026-04-25 19:57:13,2257,38119584
2026-04-25 19:57:14,2258,38123977
2026-04-25 19:57:16,2260,38128346
2026-04-25 19:57:17,2261,38132769
2026-04-25 19:57:18,2262,38137181
2026-04-25 19:57:19,2263,38141524
2026-04-25 19:57:20,2264,38145902
2026-04-25 19:57:21,2265,38150361
2026-04-25 19:57:23,2267,38154838
2026-04-25 19:57:24,2268,38159172
2026-04-25 19:57:25,2269,38163571
2026-04-25 19:57:26,2270,38167981
2026-04-25 19:57:27,2271,38172383
2026-04-25 19:57:29,2273,38176851
2026-04-25 19:57:30,2274,38181217
2026-04-25 19:57:31,2275,38185604
2026-04-25 19:57:32,2276,38189980
2026-04-25 19:57:33,2277,38194284
2026-04-25 19:57:34,2278,38198663
2026-04-25 19:57:36,2280,38203057
2026-04-25 19:57:37,2281,38207482
2026-04-25 19:57:38,2282,38211604
2026-04-25 19:57:39,2283,38215620
2026-04-25 19:57:40,2284,38219736
2026-04-25 19:57:42,2286,38223848
2026-04-25 19:57:43,2287,38227945
2026-04-25 19:57:44,2288,38231999
2026-04-25 19:57:45,2289,38236144
2026-04-25 19:57:46,2290,38240247
2026-04-25 19:57:47,2291,38244368
2026-04-25 19:57:49,2293,38248408
2026-04-25 19:57:50,2294,38252454
2026-04-25 19:57:51,2295,38256463
2026-04-25 19:57:52,2296,38260638
2026-04-25 19:57:53,2297,38264792
2026-04-25 19:57:54,2298,38268868
2026-04-25 19:57:56,2300,38272924
2026-04-25 19:57:57,2301,38277062
2026-04-25 19:57:58,2302,38281132
2026-04-25 19:57:59,2303,38285333
2026-04-25 19:58:00,2304,38289430
2026-04-25 19:58:02,2306,38293567
2026-04-25 19:58:03,2307,38297742
2026-04-25 19:58:04,2308,38301840
2026-04-25 19:58:05,2309,38305836
2026-04-25 19:58:06,2310,38309965
2026-04-25 19:58:08,2312,38313988
2026-04-25 19:58:09,2313,38318076
2026-04-25 19:58:10,2314,38322163
2026-04-25 19:58:11,2315,38326155
2026-04-25 19:58:12,2316,38330311
2026-04-25 19:58:13,2317,38334358
2026-04-25 19:58:15,2319,38338182
2026-04-25 19:58:16,2320,38341900
2026-04-25 19:58:17,2321,38345772
2026-04-25 19:58:18,2322,38349360
2026-04-25 19:58:20,2324,38353020
2026-04-25 19:58:21,2325,38356773
2026-04-25 19:58:22,2326,38360621
2026-04-25 19:58:23,2327,38364570
2026-04-25 19:58:25,2329,38368405
2026-04-25 19:58:26,2330,38372356
2026-04-25 19:58:27,2331,38376267
2026-04-25 19:58:28,2332,38380300
2026-04-25 19:58:30,2334,38384191
2026-04-25 19:58:31,2335,38388191
2026-04-25 19:58:32,2336,38392148
2026-04-25 19:58:33,2337,38396112
2026-04-25 19:58:35,2339,38400074
2026-04-25 19:58:36,2340,38403963
2026-04-25 19:58:37,2341,38407785
2026-04-25 19:58:38,2342,38411821
2026-04-25 19:58:39,2343,38415749
2026-04-25 19:58:41,2345,38419802
2026-04-25 19:58:42,2346,38423900
2026-04-25 19:58:43,2347,38428039
2026-04-25 19:58:44,2348,38432032
2026-04-25 19:58:46,2350,38435781
2026-04-25 19:58:47,2351,38439688
2026-04-25 19:58:48,2352,38443642
2026-04-25 19:58:49,2353,38447583
2026-04-25 19:58:51,2355,38451545
2026-04-25 19:58:52,2356,38455332
2026-04-25 19:58:53,2357,38459217
2026-04-25 19:58:54,2358,38463277
2026-04-25 19:58:56,2360,38467225
2026-04-25 19:58:57,2361,38471200
2026-04-25 19:58:58,2362,38475225
2026-04-25 19:58:59,2363,38479120
2026-04-25 19:59:01,2365,38482796
2026-04-25 19:59:02,2366,38486451
2026-04-25 19:59:03,2367,38490424
2026-04-25 19:59:04,2368,38494261
2026-04-25 19:59:06,2370,38498251
2026-04-25 19:59:07,2371,38502283
2026-04-25 19:59:08,2372,38506213
2026-04-25 19:59:09,2373,38510091
2026-04-25 19:59:11,2375,38514017
2026-04-25 19:59:12,2376,38518212
2026-04-25 19:59:13,2377,38522233
2026-04-25 19:59:14,2378,38526386
2026-04-25 19:59:15,2379,38530473
2026-04-25 19:59:17,2381,38534540
2026-04-25 19:59:18,2382,38538675
2026-04-25 19:59:19,2383,38542851
2026-04-25 19:59:20,2384,38546943
2026-04-25 19:59:22,2386,38551094
2026-04-25 19:59:23,2387,38555190
2026-04-25 19:59:24,2388,38559275
2026-04-25 19:59:25,2389,38563391
2026-04-25 19:59:27,2391,38567597
2026-04-25 19:59:28,2392,38571765
2026-04-25 19:59:29,2393,38575822
2026-04-25 19:59:30,2394,38579823
2026-04-25 19:59:32,2396,38583925
2026-04-25 19:59:33,2397,38587959
2026-04-25 19:59:34,2398,38591785
2026-04-25 19:59:35,2399,38595585
2026-04-25 19:59:37,2401,38599369
2026-04-25 19:59:38,2402,38603294
2026-04-25 19:59:39,2403,38606731
2026-04-25 19:59:40,2404,38609981
2026-04-25 19:59:41,2405,38613224
2026-04-25 19:59:42,2406,38616468
2026-04-25 19:59:43,2407,38619690
2026-04-25 19:59:45,2409,38622963
2026-04-25 19:59:46,2410,38626222
2026-04-25 19:59:47,2411,38629552
2026-04-25 19:59:48,2412,38632616
2026-04-25 19:59:49,2413,38635732
2026-04-25 19:59:50,2414,38638975
2026-04-25 19:59:51,2415,38642199
2026-04-25 19:59:52,2416,38645406
2026-04-25 19:59:53,2417,38648607
2026-04-25 19:59:54,2418,38651800
2026-04-25 19:59:56,2420,38655150
2026-04-25 19:59:57,2421,38658363
2026-04-25 19:59:58,2422,38661635
2026-04-25 19:59:59,2423,38664856
2026-04-25 20:00:00,2424,38668124
2026-04-25 20:00:01,2425,38671259
2026-04-25 20:00:02,2426,38674481
2026-04-25 20:00:03,2427,38677746
2026-04-25 20:00:04,2428,38681094
2026-04-25 20:00:06,2430,38684245
2026-04-25 20:00:07,2431,38687413
2026-04-25 20:00:08,2432,38690521
2026-04-25 20:00:09,2433,38693767
2026-04-25 20:00:10,2434,38696955
2026-04-25 20:00:11,2435,38700173
2026-04-25 20:00:12,2436,38703503
2026-04-25 20:00:13,2437,38706802
2026-04-25 20:00:14,2438,38710137
2026-04-25 20:00:16,2440,38713118
2026-04-25 20:00:17,2441,38716084
2026-04-25 20:00:18,2442,38719273
2026-04-25 20:00:19,2443,38722605
2026-04-25 20:00:20,2444,38726047
2026-04-25 20:00:21,2445,38729458
2026-04-25 20:00:22,2446,38732871
2026-04-25 20:00:23,2447,38736301
2026-04-25 20:00:24,2448,38739643
2026-04-25 20:00:25,2449,38743094
2026-04-25 20:00:27,2451,38746523
2026-04-25 20:00:28,2452,38749884
2026-04-25 20:00:29,2453,38753266
2026-04-25 20:00:30,2454,38756704
2026-04-25 20:00:31,2455,38760089
2026-04-25 20:00:32,2456,38763479
2026-04-25 20:00:33,2457,38766838
2026-04-25 20:00:34,2458,38770185
2026-04-25 20:00:35,2459,38773608
2026-04-25 20:00:37,2461,38776957
2026-04-25 20:00:38,2462,38780374
2026-04-25 20:00:39,2463,38783736
2026-04-25 20:00:40,2464,38787151
2026-04-25 20:00:41,2465,38790544
2026-04-25 20:00:42,2466,38794058
2026-04-25 20:00:43,2467,38797528
2026-04-25 20:00:44,2468,38801072
2026-04-25 20:00:45,2469,38804613
2026-04-25 20:00:46,2470,38808108
2026-04-25 20:00:48,2472,38811574
2026-04-25 20:00:49,2473,38815121
2026-04-25 20:00:50,2474,38818621
2026-04-25 20:00:51,2475,38822164
2026-04-25 20:00:52,2476,38825764
2026-04-25 20:00:53,2477,38829355
2026-04-25 20:00:54,2478,38832832
2026-04-25 20:00:55,2479,38836425
2026-04-25 20:00:56,2480,38840034
2026-04-25 20:00:58,2482,38843648
2026-04-25 20:00:59,2483,38847222
2026-04-25 20:01:00,2484,38850860
2026-04-25 20:01:01,2485,38854484
2026-04-25 20:01:02,2486,38858099
2026-04-25 20:01:03,2487,38861725
2026-04-25 20:01:04,2488,38865394
2026-04-25 20:01:05,2489,38869029
2026-04-25 20:01:06,2490,38872646
2026-04-25 20:01:07,2491,38876322
2026-04-25 20:01:09,2493,38879941
2026-04-25 20:01:10,2494,38883612
2026-04-25 20:01:11,2495,38887323
2026-04-25 20:01:12,2496,38890981
2026-04-25 20:01:13,2497,38894782
2026-04-25 20:01:14,2498,38898542
2026-04-25 20:01:15,2499,38902206
2026-04-25 20:01:16,2500,38905961
2026-04-25 20:01:17,2501,38909794
2026-04-25 20:01:19,2503,38913687
2026-04-25 20:01:20,2504,38917509
2026-04-25 20:01:21,2505,38921485
2026-04-25 20:01:22,2506,38925364
2026-04-25 20:01:23,2507,38929169
2026-04-25 20:01:24,2508,38933076
2026-04-25 20:01:25,2509,38936934
2026-04-25 20:01:26,2510,38940854
2026-04-25 20:01:27,2511,38944710
2026-04-25 20:01:28,2512,38948578
2026-04-25 20:01:30,2514,38952596
2026-04-25 20:01:31,2515,38956504
2026-04-25 20:01:32,2516,38960369
2026-04-25 20:01:33,2517,38964350
2026-04-25 20:01:34,2518,38968299
2026-04-25 20:01:35,2519,38972175
2026-04-25 20:01:36,2520,38976024
2026-04-25 20:01:37,2521,38979831
2026-04-25 20:01:38,2522,38983679
2026-04-25 20:01:39,2523,38987478
2026-04-25 20:01:41,2525,38991429
2026-04-25 20:01:42,2526,38995266
2026-04-25 20:01:43,2527,38999150
2026-04-25 20:01:44,2528,39003025
2026-04-25 20:01:45,2529,39006934
2026-04-25 20:01:46,2530,39010931
2026-04-25 20:01:47,2531,39014884
2026-04-25 20:01:48,2532,39018820
2026-04-25 20:01:49,2533,39022892
2026-04-25 20:01:50,2534,39026805
2026-04-25 20:01:52,2536,39030574
2026-04-25 20:01:53,2537,39034557
2026-04-25 20:01:54,2538,39038480
2026-04-25 20:01:55,2539,39042467
2026-04-25 20:01:56,2540,39046388
2026-04-25 20:01:57,2541,39050235
2026-04-25 20:01:58,2542,39054182
2026-04-25 20:01:59,2543,39058149
2026-04-25 20:02:00,2544,39062057
2026-04-25 20:02:01,2545,39065957
2026-04-25 20:02:03,2547,39069904
2026-04-25 20:02:04,2548,39073760
2026-04-25 20:02:05,2549,39077612
2026-04-25 20:02:06,2550,39081494
2026-04-25 20:02:07,2551,39085338
2026-04-25 20:02:08,2552,39089254
2026-04-25 20:02:09,2553,39093170
2026-04-25 20:02:10,2554,39097052
2026-04-25 20:02:11,2555,39101006
2026-04-25 20:02:12,2556,39104957
2026-04-25 20:02:14,2558,39108903
2026-04-25 20:02:15,2559,39112847
2026-04-25 20:02:16,2560,39116704
2026-04-25 20:02:17,2561,39120543
2026-04-25 20:02:18,2562,39124382
2026-04-25 20:02:19,2563,39128300
2026-04-25 20:02:20,2564,39132250
2026-04-25 20:02:21,2565,39136157
2026-04-25 20:02:22,2566,39140091
2026-04-25 20:02:23,2567,39143937
2026-04-25 20:02:25,2569,39147843
2026-04-25 20:02:26,2570,39151711
2026-04-25 20:02:27,2571,39155642
2026-04-25 20:02:28,2572,39159563
2026-04-25 20:02:29,2573,39163516
2026-04-25 20:02:30,2574,39167435
2026-04-25 20:02:31,2575,39171323
2026-04-25 20:02:32,2576,39175291
2026-04-25 20:02:33,2577,39179219
2026-04-25 20:02:34,2578,39183141
2026-04-25 20:02:36,2580,39186993
2026-04-25 20:02:37,2581,39190978
2026-04-25 20:02:38,2582,39194906
2026-04-25 20:02:39,2583,39198814
2026-04-25 20:02:40,2584,39202587
2026-04-25 20:02:41,2585,39206422
2026-04-25 20:02:42,2586,39210256
2026-04-25 20:02:43,2587,39214161
2026-04-25 20:02:44,2588,39218087
2026-04-25 20:02:45,2589,39221928
2026-04-25 20:02:47,2591,39225758
2026-04-25 20:02:48,2592,39229611
2026-04-25 20:02:49,2593,39233567
2026-04-25 20:02:50,2594,39237424
2026-04-25 20:02:51,2595,39241323
2026-04-25 20:02:52,2596,39245266
2026-04-25 20:02:53,2597,39249155
2026-04-25 20:02:54,2598,39252931
2026-04-25 20:02:55,2599,39256817
2026-04-25 20:02:57,2601,39260706
2026-04-25 20:02:58,2602,39264487
2026-04-25 20:02:59,2603,39268369
2026-04-25 20:03:00,2604,39272181
2026-04-25 20:03:01,2605,39276055
2026-04-25 20:03:02,2606,39279845
2026-04-25 20:03:03,2607,39283626
2026-04-25 20:03:04,2608,39287442
2026-04-25 20:03:05,2609,39291379
2026-04-25 20:03:06,2610,39295251
2026-04-25 20:03:07,2611,39299177
2026-04-25 20:03:09,2613,39302968
2026-04-25 20:03:10,2614,39306920
2026-04-25 20:03:11,2615,39310745
2026-04-25 20:03:12,2616,39314536
2026-04-25 20:03:13,2617,39318370
2026-04-25 20:03:14,2618,39322098
2026-04-25 20:03:15,2619,39326018
2026-04-25 20:03:16,2620,39329845
2026-04-25 20:03:17,2621,39333773
2026-04-25 20:03:18,2622,39337609
2026-04-25 20:03:20,2624,39341533
2026-04-25 20:03:21,2625,39345488
2026-04-25 20:03:22,2626,39349380
2026-04-25 20:03:23,2627,39353293
2026-04-25 20:03:24,2628,39357175
2026-04-25 20:03:25,2629,39361038
2026-04-25 20:03:26,2630,39364940
2026-04-25 20:03:27,2631,39368790
2026-04-25 20:03:28,2632,39372799
2026-04-25 20:03:29,2633,39376704
2026-04-25 20:03:31,2635,39380641
2026-04-25 20:03:32,2636,39384608
2026-04-25 20:03:33,2637,39388524
2026-04-25 20:03:34,2638,39392349
2026-04-25 20:03:35,2639,39396141
2026-04-25 20:03:36,2640,39400077
2026-04-25 20:03:37,2641,39403993
2026-04-25 20:03:38,2642,39407568
2026-04-25 20:03:39,2643,39411297
2026-04-25 20:03:40,2644,39414979
2026-04-25 20:03:42,2646,39418653
2026-04-25 20:03:43,2647,39422258
2026-04-25 20:03:44,2648,39425831
2026-04-25 20:03:45,2649,39429513
2026-04-25 20:03:46,2650,39433237
2026-04-25 20:03:47,2651,39436756
2026-04-25 20:03:48,2652,39440384
2026-04-25 20:03:49,2653,39443946
2026-04-25 20:03:50,2654,39447573
2026-04-25 20:03:51,2655,39451160
2026-04-25 20:03:53,2657,39454795
2026-04-25 20:03:54,2658,39458331
2026-04-25 20:03:55,2659,39461452
2026-04-25 20:03:56,2660,39464736
2026-04-25 20:03:57,2661,39467838
2026-04-25 20:03:58,2662,39471035
2026-04-25 20:03:59,2663,39474289
2026-04-25 20:04:01,2665,39477520
2026-04-25 20:04:02,2666,39480715
2026-04-25 20:04:03,2667,39483888
2026-04-25 20:04:04,2668,39486993
2026-04-25 20:04:05,2669,39490138
2026-04-25 20:04:06,2670,39493355
2026-04-25 20:04:08,2672,39496530
2026-04-25 20:04:09,2673,39499568
2026-04-25 20:04:10,2674,39502725
2026-04-25 20:04:11,2675,39505869
2026-04-25 20:04:12,2676,39509072
2026-04-25 20:04:13,2677,39512300
2026-04-25 20:04:14,2678,39515578
2026-04-25 20:04:16,2680,39518872
2026-04-25 20:04:17,2681,39522189
2026-04-25 20:04:18,2682,39525606
2026-04-25 20:04:19,2683,39529080
2026-04-25 20:04:20,2684,39532479
2026-04-25 20:04:21,2685,39535758
2026-04-25 20:04:22,2686,39538978
2026-04-25 20:04:23,2687,39542275
2026-04-25 20:04:25,2689,39545760
2026-04-25 20:04:26,2690,39549256
2026-04-25 20:04:27,2691,39552654
2026-04-25 20:04:28,2692,39556130
2026-04-25 20:04:29,2693,39559560
2026-04-25 20:04:30,2694,39563042
2026-04-25 20:04:31,2695,39566520
2026-04-25 20:04:33,2697,39569999
2026-04-25 20:04:34,2698,39573447
2026-04-25 20:04:35,2699,39576986
2026-04-25 20:04:36,2700,39580502
2026-04-25 20:04:37,2701,39583951
2026-04-25 20:04:38,2702,39587365
2026-04-25 20:04:39,2703,39590814
2026-04-25 20:04:41,2705,39594352
2026-04-25 20:04:42,2706,39597898
2026-04-25 20:04:43,2707,39601555
2026-04-25 20:04:44,2708,39605114
2026-04-25 20:04:45,2709,39608518
2026-04-25 20:04:46,2710,39612041
2026-04-25 20:04:47,2711,39615547
2026-04-25 20:04:48,2712,39619186
2026-04-25 20:04:50,2714,39622851
2026-04-25 20:04:51,2715,39626442
2026-04-25 20:04:52,2716,39629991
2026-04-25 20:04:53,2717,39633758
2026-04-25 20:04:54,2718,39637317
2026-04-25 20:04:55,2719,39640932
2026-04-25 20:04:56,2720,39644540
2026-04-25 20:04:58,2722,39648212
2026-04-25 20:04:59,2723,39651813
2026-04-25 20:05:00,2724,39655446
2026-04-25 20:05:01,2725,39659053
2026-04-25 20:05:02,2726,39662702
2026-04-25 20:05:03,2727,39666368
2026-04-25 20:05:04,2728,39669994
2026-04-25 20:05:05,2729,39673586
2026-04-25 20:05:07,2731,39677210
2026-04-25 20:05:08,2732,39680794
2026-04-25 20:05:09,2733,39684433
2026-04-25 20:05:10,2734,39688055
2026-04-25 20:05:11,2735,39691740
2026-04-25 20:05:12,2736,39695400
2026-04-25 20:05:13,2737,39698996
2026-04-25 20:05:14,2738,39702588
2026-04-25 20:05:16,2740,39706178
2026-04-25 20:05:17,2741,39709824
2026-04-25 20:05:18,2742,39713481
2026-04-25 20:05:19,2743,39717132
2026-04-25 20:05:20,2744,39720771
2026-04-25 20:05:21,2745,39724362
2026-04-25 20:05:22,2746,39728037
2026-04-25 20:05:24,2748,39731650
2026-04-25 20:05:25,2749,39735257
2026-04-25 20:05:26,2750,39738938
2026-04-25 20:05:27,2751,39742692
2026-04-25 20:05:28,2752,39746324
2026-04-25 20:05:29,2753,39749975
2026-04-25 20:05:30,2754,39753624
2026-04-25 20:05:31,2755,39757238
2026-04-25 20:05:33,2757,39760851
2026-04-25 20:05:34,2758,39764530
2026-04-25 20:05:35,2759,39768185
2026-04-25 20:05:36,2760,39771779
2026-04-25 20:05:37,2761,39775371
2026-04-25 20:05:38,2762,39779019
2026-04-25 20:05:39,2763,39782651
2026-04-25 20:05:41,2765,39786225
2026-04-25 20:05:42,2766,39789916
2026-04-25 20:05:43,2767,39793543
2026-04-25 20:05:44,2768,39797258
2026-04-25 20:05:45,2769,39800925
2026-04-25 20:05:46,2770,39804511
2026-04-25 20:05:47,2771,39808158
2026-04-25 20:05:48,2772,39811786
2026-04-25 20:05:50,2774,39815495
2026-04-25 20:05:51,2775,39819153
2026-04-25 20:05:52,2776,39822723
2026-04-25 20:05:53,2777,39826324
2026-04-25 20:05:54,2778,39829945
2026-04-25 20:05:55,2779,39833621
2026-04-25 20:05:56,2780,39837282
2026-04-25 20:05:58,2782,39840919
2026-04-25 20:05:59,2783,39844607
2026-04-25 20:06:00,2784,39848222
2026-04-25 20:06:01,2785,39851950
2026-04-25 20:06:02,2786,39855582
2026-04-25 20:06:03,2787,39859199
2026-04-25 20:06:04,2788,39862790
2026-04-25 20:06:05,2789,39866350
2026-04-25 20:06:07,2791,39870002
2026-04-25 20:06:08,2792,39873639
2026-04-25 20:06:09,2793,39877269
2026-04-25 20:06:10,2794,39880836
2026-04-25 20:06:11,2795,39884443
2026-04-25 20:06:12,2796,39888166
2026-04-25 20:06:13,2797,39891811
2026-04-25 20:06:15,2799,39895405
2026-04-25 20:06:16,2800,39898971
2026-04-25 20:06:17,2801,39902630
2026-04-25 20:06:18,2802,39906125
2026-04-25 20:06:19,2803,39909828
2026-04-25 20:06:20,2804,39913434
2026-04-25 20:06:21,2805,39917044
2026-04-25 20:06:22,2806,39920689
2026-04-25 20:06:24,2808,39924304
2026-04-25 20:06:25,2809,39927900
2026-04-25 20:06:26,2810,39931492
2026-04-25 20:06:27,2811,39935079
2026-04-25 20:06:28,2812,39938675
2026-04-25 20:06:29,2813,39942345
2026-04-25 20:06:30,2814,39945956
2026-04-25 20:06:31,2815,39949599
2026-04-25 20:06:33,2817,39953210
2026-04-25 20:06:34,2818,39956723
2026-04-25 20:06:35,2819,39960374
2026-04-25 20:06:36,2820,39964059
2026-04-25 20:06:37,2821,39967650
2026-04-25 20:06:38,2822,39971321
2026-04-25 20:06:39,2823,39975101
2026-04-25 20:06:41,2825,39978668
2026-04-25 20:06:42,2826,39982321
2026-04-25 20:06:43,2827,39986042
2026-04-25 20:06:44,2828,39989722
2026-04-25 20:06:45,2829,39993458
2026-04-25 20:06:46,2830,39997152
2026-04-25 20:06:47,2831,40000961
2026-04-25 20:06:48,2832,40004621
2026-04-25 20:06:50,2834,40008365
2026-04-25 20:06:51,2835,40012126
2026-04-25 20:06:52,2836,40015916
2026-04-25 20:06:53,2837,40019792
2026-04-25 20:06:54,2838,40023613
2026-04-25 20:06:55,2839,40027411
2026-04-25 20:06:56,2840,40031146
2026-04-25 20:06:57,2841,40034344
2026-04-25 20:06:59,2843,40036670
2026-04-25 20:07:00,2844,40039246
2026-04-25 20:07:01,2845,40041963
2026-04-25 20:07:02,2846,40044802
2026-04-25 20:07:03,2847,40047774
2026-04-25 20:07:04,2848,40050714
2026-04-25 20:07:05,2849,40053678
2026-04-25 20:07:06,2850,40056724
2026-04-25 20:07:08,2852,40059810
2026-04-25 20:07:09,2853,40062840
2026-04-25 20:07:10,2854,40065882
2026-04-25 20:07:11,2855,40068934
2026-04-25 20:07:12,2856,40072023
2026-04-25 20:07:13,2857,40075235
2026-04-25 20:07:14,2858,40078435
2026-04-25 20:07:15,2859,40081695
2026-04-25 20:07:16,2860,40084962
2026-04-25 20:07:18,2862,40088103
2026-04-25 20:07:19,2863,40091273
2026-04-25 20:07:20,2864,40094452
2026-04-25 20:07:21,2865,40097633
2026-04-25 20:07:22,2866,40100877
2026-04-25 20:07:23,2867,40104166
2026-04-25 20:07:24,2868,40107415
2026-04-25 20:07:25,2869,40110710
2026-04-25 20:07:27,2871,40114027
2026-04-25 20:07:28,2872,40117263
2026-04-25 20:07:29,2873,40120588
2026-04-25 20:07:30,2874,40123906
2026-04-25 20:07:31,2875,40127277
2026-04-25 20:07:32,2876,40130684
2026-04-25 20:07:33,2877,40134034
2026-04-25 20:07:34,2878,40137326
2026-04-25 20:07:35,2879,40140608
2026-04-25 20:07:37,2881,40143993
2026-04-25 20:07:38,2882,40147382
2026-04-25 20:07:39,2883,40150688
2026-04-25 20:07:40,2884,40154058
2026-04-25 20:07:41,2885,40157390
2026-04-25 20:07:42,2886,40160812
2026-04-25 20:07:43,2887,40164272
2026-04-25 20:07:44,2888,40167719
2026-04-25 20:07:46,2890,40171156
2026-04-25 20:07:47,2891,40174580
2026-04-25 20:07:48,2892,40178032
2026-04-25 20:07:49,2893,40181508
2026-04-25 20:07:50,2894,40184953
2026-04-25 20:07:51,2895,40188201
2026-04-25 20:07:52,2896,40191621
2026-04-25 20:07:53,2897,40195050
2026-04-25 20:07:55,2899,40198502
2026-04-25 20:07:56,2900,40202052
2026-04-25 20:07:57,2901,40205477
2026-04-25 20:07:58,2902,40209070
2026-04-25 20:07:59,2903,40212518
2026-04-25 20:08:00,2904,40216099
2026-04-25 20:08:01,2905,40219605
2026-04-25 20:08:02,2906,40223121
2026-04-25 20:08:04,2908,40226659
2026-04-25 20:08:05,2909,40230194
2026-04-25 20:08:06,2910,40233746
2026-04-25 20:08:07,2911,40237308
2026-04-25 20:08:08,2912,40240916
2026-04-25 20:08:09,2913,40244402
2026-04-25 20:08:10,2914,40247939
2026-04-25 20:08:11,2915,40251496
2026-04-25 20:08:13,2917,40254959
2026-04-25 20:08:14,2918,40258617
2026-04-25 20:08:15,2919,40262170
2026-04-25 20:08:16,2920,40265674
2026-04-25 20:08:17,2921,40269339
2026-04-25 20:08:18,2922,40272898
2026-04-25 20:08:19,2923,40276461
2026-04-25 20:08:20,2924,40280009
2026-04-25 20:08:22,2926,40283552
2026-04-25 20:08:23,2927,40287195
2026-04-25 20:08:24,2928,40290700
2026-04-25 20:08:25,2929,40294117
2026-04-25 20:08:26,2930,40297636
2026-04-25 20:08:27,2931,40301133
2026-04-25 20:08:28,2932,40304651
2026-04-25 20:08:30,2934,40308185
2026-04-25 20:08:31,2935,40311621
2026-04-25 20:08:32,2936,40315205
2026-04-25 20:08:33,2937,40318758
2026-04-25 20:08:34,2938,40322107
2026-04-25 20:08:36,2940,40325436
2026-04-25 20:08:37,2941,40328796
2026-04-25 20:08:38,2942,40332284
2026-04-25 20:08:39,2943,40335626
2026-04-25 20:08:40,2944,40339087
2026-04-25 20:08:41,2945,40342660
2026-04-25 20:08:43,2947,40346217
2026-04-25 20:08:44,2948,40349823
2026-04-25 20:08:45,2949,40353445
2026-04-25 20:08:46,2950,40357005
2026-04-25 20:08:47,2951,40360548
2026-04-25 20:08:49,2953,40363732
2026-04-25 20:08:50,2954,40367041
2026-04-25 20:08:51,2955,40370423
2026-04-25 20:08:52,2956,40373722
2026-04-25 20:08:53,2957,40377048
2026-04-25 20:08:55,2959,40380406
2026-04-25 20:08:56,2960,40383778
2026-04-25 20:08:57,2961,40387295
2026-04-25 20:08:58,2962,40390717
2026-04-25 20:08:59,2963,40394200
2026-04-25 20:09:00,2964,40397623
2026-04-25 20:09:02,2966,40401061
2026-04-25 20:09:03,2967,40404428
2026-04-25 20:09:04,2968,40407856
2026-04-25 20:09:05,2969,40411143
2026-04-25 20:09:06,2970,40414427
2026-04-25 20:09:08,2972,40417603
2026-04-25 20:09:09,2973,40420908
2026-04-25 20:09:10,2974,40424292
2026-04-25 20:09:11,2975,40427749
2026-04-25 20:09:12,2976,40431207
2026-04-25 20:09:14,2978,40434709
2026-04-25 20:09:15,2979,40438200
2026-04-25 20:09:16,2980,40441680
2026-04-25 20:09:17,2981,40445163
2026-04-25 20:09:18,2982,40448375
2026-04-25 20:09:19,2983,40451356
2026-04-25 20:09:21,2985,40454571
2026-04-25 20:09:22,2986,40457823
2026-04-25 20:09:23,2987,40461323
2026-04-25 20:09:24,2988,40464766
2026-04-25 20:09:25,2989,40468242
2026-04-25 20:09:27,2991,40471699
2026-04-25 20:09:28,2992,40475211
2026-04-25 20:09:29,2993,40478741
2026-04-25 20:09:30,2994,40482202
2026-04-25 20:09:31,2995,40485714
2026-04-25 20:09:32,2996,40489194
2026-04-25 20:09:34,2998,40492492
2026-04-25 20:09:35,2999,40495720
2026-04-25 20:09:36,3000,40499053
2026-04-25 20:09:37,3001,40502371
2026-04-25 20:09:38,3002,40505679
2026-04-25 20:09:40,3004,40508874
2026-04-25 20:09:41,3005,40512077
2026-04-25 20:09:42,3006,40515489
2026-04-25 20:09:43,3007,40518840
2026-04-25 20:09:45,3009,40522159
2026-04-25 20:09:46,3010,40525568
2026-04-25 20:09:47,3011,40528981
2026-04-25 20:09:48,3012,40532435
2026-04-25 20:09:49,3013,40535754
2026-04-25 20:09:51,3015,40539241
2026-04-25 20:09:52,3016,40542650
2026-04-25 20:09:53,3017,40545980
2026-04-25 20:09:54,3018,40549441
2026-04-25 20:09:55,3019,40552973
2026-04-25 20:09:57,3021,40556414
2026-04-25 20:09:58,3022,40559954
2026-04-25 20:09:59,3023,40563382
2026-04-25 20:10:00,3024,40566912
2026-04-25 20:10:01,3025,40570346
2026-04-25 20:10:03,3027,40573803
2026-04-25 20:10:04,3028,40577373
2026-04-25 20:10:05,3029,40580754
2026-04-25 20:10:06,3030,40584123
2026-04-25 20:10:07,3031,40587535
2026-04-25 20:10:09,3033,40591006
2026-04-25 20:10:10,3034,40594465
2026-04-25 20:10:11,3035,40598115
2026-04-25 20:10:12,3036,40601614
2026-04-25 20:10:13,3037,40605144
2026-04-25 20:10:15,3039,40608670
2026-04-25 20:10:16,3040,40612257
2026-04-25 20:10:17,3041,40615745
2026-04-25 20:10:18,3042,40619349
2026-04-25 20:10:20,3044,40622879
2026-04-25 20:10:21,3045,40626347
2026-04-25 20:10:22,3046,40629892
2026-04-25 20:10:23,3047,40633539
2026-04-25 20:10:24,3048,40637127
2026-04-25 20:10:26,3050,40640581
2026-04-25 20:10:27,3051,40644154
2026-04-25 20:10:28,3052,40647688
2026-04-25 20:10:29,3053,40651229
2026-04-25 20:10:30,3054,40654777
2026-04-25 20:10:32,3056,40658418
2026-04-25 20:10:33,3057,40662005
2026-04-25 20:10:34,3058,40665559
2026-04-25 20:10:35,3059,40669054
2026-04-25 20:10:36,3060,40672541
2026-04-25 20:10:38,3062,40676000
2026-04-25 20:10:39,3063,40679534
2026-04-25 20:10:40,3064,40683010
2026-04-25 20:10:41,3065,40686466
2026-04-25 20:10:42,3066,40689986
2026-04-25 20:10:43,3067,40693545
2026-04-25 20:10:45,3069,40697059
2026-04-25 20:10:46,3070,40700649
2026-04-25 20:10:47,3071,40704300
2026-04-25 20:10:48,3072,40708009
2026-04-25 20:10:49,3073,40711688
2026-04-25 20:10:50,3074,40715383
2026-04-25 20:10:52,3076,40719084
2026-04-25 20:10:53,3077,40722799
2026-04-25 20:10:54,3078,40726506
2026-04-25 20:10:55,3079,40730206
2026-04-25 20:10:56,3080,40733864
2026-04-25 20:10:57,3081,40737606
2026-04-25 20:10:59,3083,40741222
2026-04-25 20:11:00,3084,40744952
2026-04-25 20:11:01,3085,40748686
2026-04-25 20:11:02,3086,40752358
2026-04-25 20:11:03,3087,40756052
2026-04-25 20:11:04,3088,40759668
2026-04-25 20:11:06,3090,40763440
2026-04-25 20:11:07,3091,40767130
2026-04-25 20:11:08,3092,40770825
2026-04-25 20:11:09,3093,40774561
2026-04-25 20:11:10,3094,40778287
2026-04-25 20:11:11,3095,40782011
2026-04-25 20:11:13,3097,40785726
2026-04-25 20:11:14,3098,40789418
2026-04-25 20:11:15,3099,40793058
2026-04-25 20:11:16,3100,40796803
2026-04-25 20:11:17,3101,40800494
2026-04-25 20:11:18,3102,40804140
2026-04-25 20:11:20,3104,40807937
2026-04-25 20:11:21,3105,40811601
2026-04-25 20:11:22,3106,40815281
2026-04-25 20:11:23,3107,40818878
2026-04-25 20:11:24,3108,40822644
2026-04-25 20:11:25,3109,40826369
2026-04-25 20:11:26,3110,40830083
2026-04-25 20:11:28,3112,40833830
2026-04-25 20:11:29,3113,40837573
2026-04-25 20:11:30,3114,40841271
2026-04-25 20:11:31,3115,40844876
2026-04-25 20:11:32,3116,40848670
2026-04-25 20:11:33,3117,40852333
2026-04-25 20:11:35,3119,40856129
2026-04-25 20:11:36,3120,40859784
2026-04-25 20:11:37,3121,40863522
2026-04-25 20:11:38,3122,40867163
2026-04-25 20:11:39,3123,40870836
2026-04-25 20:11:40,3124,40874465
2026-04-25 20:11:42,3126,40878102
2026-04-25 20:11:43,3127,40881676
2026-04-25 20:11:44,3128,40885450
2026-04-25 20:11:45,3129,40889167
2026-04-25 20:11:46,3130,40892842
2026-04-25 20:11:47,3131,40896595
2026-04-25 20:11:49,3133,40900373
2026-04-25 20:11:50,3134,40904086
2026-04-25 20:11:51,3135,40907786
2026-04-25 20:11:52,3136,40911558
2026-04-25 20:11:53,3137,40915198
2026-04-25 20:11:54,3138,40918769
2026-04-25 20:11:56,3140,40922390
2026-04-25 20:11:57,3141,40926100
2026-04-25 20:11:58,3142,40929848
2026-04-25 20:11:59,3143,40933518
2026-04-25 20:12:00,3144,40937338
2026-04-25 20:12:01,3145,40941079
2026-04-25 20:12:03,3147,40944847
2026-04-25 20:12:04,3148,40948502
2026-04-25 20:12:05,3149,40952119
2026-04-25 20:12:06,3150,40955873
2026-04-25 20:12:07,3151,40959716
2026-04-25 20:12:08,3152,40963700
2026-04-25 20:12:10,3154,40967566
2026-04-25 20:12:11,3155,40971425
2026-04-25 20:12:12,3156,40975254
2026-04-25 20:12:13,3157,40979079
2026-04-25 20:12:14,3158,40982964
2026-04-25 20:12:15,3159,40986880
2026-04-25 20:12:17,3161,40990685
2026-04-25 20:12:18,3162,40994541
2026-04-25 20:12:19,3163,40998393
2026-04-25 20:12:20,3164,41002255
2026-04-25 20:12:21,3165,41006217
2026-04-25 20:12:22,3166,41010082
2026-04-25 20:12:24,3168,41013929
2026-04-25 20:12:25,3169,41017912
2026-04-25 20:12:26,3170,41021856
2026-04-25 20:12:27,3171,41025688
2026-04-25 20:12:28,3172,41029511
2026-04-25 20:12:29,3173,41033496
2026-04-25 20:12:31,3175,41037373
2026-04-25 20:12:32,3176,41041253
2026-04-25 20:12:33,3177,41045247
2026-04-25 20:12:34,3178,41049225
2026-04-25 20:12:35,3179,41053166
2026-04-25 20:12:36,3181,41057110
2026-04-25 20:12:38,3182,41061001
2026-04-25 20:12:39,3183,41064871
2026-04-25 20:12:40,3184,41068775
2026-04-25 20:12:41,3185,41072711
2026-04-25 20:12:42,3186,41076707
2026-04-25 20:12:43,3188,41080505
2026-04-25 20:12:45,3189,41084412
2026-04-25 20:12:46,3190,41088315
2026-04-25 20:12:47,3191,41092298
2026-04-25 20:12:48,3192,41096233
2026-04-25 20:12:49,3193,41100172
2026-04-25 20:12:51,3195,41104124
2026-04-25 20:12:52,3196,41108009
2026-04-25 20:12:53,3197,41111874
2026-04-25 20:12:54,3198,41115692
2026-04-25 20:12:55,3199,41119597
2026-04-25 20:12:56,3200,41123470
2026-04-25 20:12:57,3201,41127328
2026-04-25 20:12:59,3203,41131277
2026-04-25 20:13:00,3204,41135246
2026-04-25 20:13:01,3205,41139200
2026-04-25 20:13:02,3206,41143196
2026-04-25 20:13:03,3207,41147166
2026-04-25 20:13:04,3208,41151179
2026-04-25 20:13:06,3210,41155114
2026-04-25 20:13:07,3211,41158966
2026-04-25 20:13:08,3212,41162920
2026-04-25 20:13:09,3213,41166816
2026-04-25 20:13:10,3214,41170775
2026-04-25 20:13:11,3215,41174609
2026-04-25 20:13:13,3217,41178450
2026-04-25 20:13:14,3218,41182334
2026-04-25 20:13:15,3219,41186293
2026-04-25 20:13:16,3220,41190211
2026-04-25 20:13:17,3221,41194001
2026-04-25 20:13:18,3222,41197935
2026-04-25 20:13:20,3224,41201996
2026-04-25 20:13:21,3225,41205880
2026-04-25 20:13:22,3226,41209804
2026-04-25 20:13:23,3227,41213800
2026-04-25 20:13:24,3228,41217756
2026-04-25 20:13:25,3229,41221618
2026-04-25 20:13:27,3231,41225460
2026-04-25 20:13:28,3232,41229343
2026-04-25 20:13:29,3233,41233223
2026-04-25 20:13:30,3234,41237115
2026-04-25 20:13:31,3235,41241027
2026-04-25 20:13:33,3237,41244916
2026-04-25 20:13:34,3238,41248870
2026-04-25 20:13:35,3239,41252814
2026-04-25 20:13:36,3240,41256774
2026-04-25 20:13:37,3241,41260580
2026-04-25 20:13:38,3242,41264395
2026-04-25 20:13:39,3243,41268007
2026-04-25 20:13:41,3245,41271797
2026-04-25 20:13:42,3246,41275469
2026-04-25 20:13:43,3247,41279174
2026-04-25 20:13:44,3248,41282916
2026-04-25 20:13:45,3249,41286577
2026-04-25 20:13:47,3251,41290249
2026-04-25 20:13:48,3252,41293979
2026-04-25 20:13:49,3253,41297713
2026-04-25 20:13:50,3254,41301351
2026-04-25 20:13:51,3255,41305042
2026-04-25 20:13:52,3256,41308773
2026-04-25 20:13:54,3258,41312451
2026-04-25 20:13:55,3259,41316114
2026-04-25 20:13:56,3260,41319820
2026-04-25 20:13:57,3261,41323490
2026-04-25 20:13:58,3262,41327140
2026-04-25 20:14:00,3264,41330816
2026-04-25 20:14:01,3265,41334554
2026-04-25 20:14:02,3266,41338229
2026-04-25 20:14:03,3267,41341944
2026-04-25 20:14:04,3268,41345412
2026-04-25 20:14:06,3270,41348867
2026-04-25 20:14:07,3271,41352388
2026-04-25 20:14:08,3272,41355852
2026-04-25 20:14:09,3273,41359266
2026-04-25 20:14:10,3274,41362814
2026-04-25 20:14:12,3276,41366421
2026-04-25 20:14:13,3277,41370069
2026-04-25 20:14:14,3278,41373343
2026-04-25 20:14:15,3279,41376815
2026-04-25 20:14:17,3281,41380352
2026-04-25 20:14:18,3282,41383845
2026-04-25 20:14:19,3283,41387396
2026-04-25 20:14:20,3284,41390885
2026-04-25 20:14:22,3286,41394346
2026-04-25 20:14:23,3287,41397808
2026-04-25 20:14:24,3288,41401191
2026-04-25 20:14:25,3289,41404740
2026-04-25 20:14:27,3291,41408257
2026-04-25 20:14:28,3292,41411651
2026-04-25 20:14:29,3293,41415084
2026-04-25 20:14:30,3294,41418103
2026-04-25 20:14:31,3295,41421343
2026-04-25 20:14:33,3297,41424417
2026-04-25 20:14:34,3298,41427631
2026-04-25 20:14:35,3299,41430792
2026-04-25 20:14:36,3300,41433979
2026-04-25 20:14:38,3302,41437206
2026-04-25 20:14:39,3303,41440404
2026-04-25 20:14:40,3304,41443704
2026-04-25 20:14:41,3305,41447007
2026-04-25 20:14:43,3307,41450282
2026-04-25 20:14:44,3308,41453727
2026-04-25 20:14:45,3309,41457204
2026-04-25 20:14:46,3310,41460544
2026-04-25 20:14:48,3312,41463881
2026-04-25 20:14:49,3313,41467222
2026-04-25 20:14:50,3314,41470630
2026-04-25 20:14:51,3315,41474053
2026-04-25 20:14:53,3317,41477569
2026-04-25 20:14:54,3318,41481047
2026-04-25 20:14:55,3319,41484709
2026-04-25 20:14:56,3320,41488276
2026-04-25 20:14:57,3321,41491864
2026-04-25 20:14:59,3323,41495545
2026-04-25 20:15:00,3324,41499322
2026-04-25 20:15:01,3325,41503132
2026-04-25 20:15:02,3326,41507033
2026-04-25 20:15:04,3328,41510885
2026-04-25 20:15:05,3329,41514766
2026-04-25 20:15:06,3330,41518667
2026-04-25 20:15:07,3331,41522543
2026-04-25 20:15:09,3333,41525946
2026-04-25 20:15:10,3334,41529319
2026-04-25 20:15:11,3335,41532964
2026-04-25 20:15:12,3336,41536652
2026-04-25 20:15:13,3337,41540642
2026-04-25 20:15:15,3339,41544781
2026-04-25 20:15:16,3340,41548984
2026-04-25 20:15:17,3341,41553107
2026-04-25 20:15:18,3342,41557255
2026-04-25 20:15:20,3344,41561286
2026-04-25 20:15:21,3345,41565299
2026-04-25 20:15:22,3346,41569439
2026-04-25 20:15:23,3347,41573517
2026-04-25 20:15:25,3349,41577517
2026-04-25 20:15:26,3350,41581683
2026-04-25 20:15:27,3351,41585794
2026-04-25 20:15:28,3352,41590029
2026-04-25 20:15:29,3353,41594139
2026-04-25 20:15:31,3355,41598267
2026-04-25 20:15:32,3356,41602433
2026-04-25 20:15:33,3357,41606586
2026-04-25 20:15:34,3358,41610738
2026-04-25 20:15:36,3360,41614989
2026-04-25 20:15:37,3361,41619135
2026-04-25 20:15:38,3362,41623384
2026-04-25 20:15:39,3363,41627582
2026-04-25 20:15:40,3364,41631890
2026-04-25 20:15:42,3366,41636133
2026-04-25 20:15:43,3367,41640422
2026-04-25 20:15:44,3368,41644639
2026-04-25 20:15:45,3369,41648992
2026-04-25 20:15:47,3371,41653286
2026-04-25 20:15:48,3372,41657629
2026-04-25 20:15:49,3373,41662105
2026-04-25 20:15:50,3374,41666512
2026-04-25 20:15:51,3375,41670772
2026-04-25 20:15:53,3377,41675147
2026-04-25 20:15:54,3378,41679433
2026-04-25 20:15:55,3379,41683815
2026-04-25 20:15:56,3380,41688206
2026-04-25 20:15:58,3382,41692594
2026-04-25 20:15:59,3383,41696968
2026-04-25 20:16:00,3384,41701420
2026-04-25 20:16:01,3385,41705835
2026-04-25 20:16:02,3386,41710163
2026-04-25 20:16:04,3388,41714558
2026-04-25 20:16:05,3389,41718976
2026-04-25 20:16:06,3390,41723280
2026-04-25 20:16:07,3391,41727720
2026-04-25 20:16:09,3393,41732077
2026-04-25 20:16:10,3394,41736489
2026-04-25 20:16:11,3395,41740971
2026-04-25 20:16:12,3396,41745415
2026-04-25 20:16:14,3398,41749828
2026-04-25 20:16:15,3399,41754425
2026-04-25 20:16:16,3400,41758681
2026-04-25 20:16:17,3401,41763017
2026-04-25 20:16:18,3402,41767406
2026-04-25 20:16:20,3404,41771907
2026-04-25 20:16:21,3405,41776322
2026-04-25 20:16:22,3406,41780727
2026-04-25 20:16:23,3407,41785084
2026-04-25 20:16:24,3408,41789473
2026-04-25 20:16:26,3410,41793933
2026-04-25 20:16:27,3411,41798425
2026-04-25 20:16:28,3412,41802693
2026-04-25 20:16:29,3413,41807133
2026-04-25 20:16:31,3415,41811459
2026-04-25 20:16:32,3416,41815818
2026-04-25 20:16:33,3417,41820108
2026-04-25 20:16:34,3418,41824415
2026-04-25 20:16:35,3419,41828686
2026-04-25 20:16:37,3421,41833039
2026-04-25 20:16:38,3422,41837363
2026-04-25 20:16:39,3423,41841790
2026-04-25 20:16:40,3424,41846199
2026-04-25 20:16:42,3426,41850693
2026-04-25 20:16:43,3427,41855051
2026-04-25 20:16:44,3428,41859496
2026-04-25 20:16:45,3429,41863805
2026-04-25 20:16:46,3430,41868330
2026-04-25 20:16:48,3432,41872690
2026-04-25 20:16:49,3433,41877039
2026-04-25 20:16:50,3434,41881482
2026-04-25 20:16:51,3435,41885839
2026-04-25 20:16:53,3437,41890232
2026-04-25 20:16:54,3438,41894588
2026-04-25 20:16:55,3439,41899008
2026-04-25 20:16:56,3440,41903330
2026-04-25 20:16:57,3441,41907682
2026-04-25 20:16:59,3443,41912032
2026-04-25 20:17:00,3444,41916358
2026-04-25 20:17:01,3445,41920851
2026-04-25 20:17:02,3446,41925210
2026-04-25 20:17:04,3448,41929606
2026-04-25 20:17:05,3449,41934007
2026-04-25 20:17:06,3450,41938484
2026-04-25 20:17:07,3451,41942882
2026-04-25 20:17:08,3452,41947312
2026-04-25 20:17:10,3454,41951799
2026-04-25 20:17:11,3455,41956058
2026-04-25 20:17:12,3456,41960540
2026-04-25 20:17:13,3457,41964931
2026-04-25 20:17:15,3459,41969392
2026-04-25 20:17:16,3460,41973759
2026-04-25 20:17:17,3461,41978205
2026-04-25 20:17:18,3462,41982478
2026-04-25 20:17:19,3463,41986903
2026-04-25 20:17:21,3465,41991252
2026-04-25 20:17:22,3466,41995654
2026-04-25 20:17:23,3467,42000120
2026-04-25 20:17:24,3468,42004554
2026-04-25 20:17:26,3470,42008924
2026-04-25 20:17:27,3471,42013321
2026-04-25 20:17:28,3472,42017754
2026-04-25 20:17:29,3473,42022120
2026-04-25 20:17:31,3475,42026630
2026-04-25 20:17:32,3476,42031012
2026-04-25 20:17:33,3477,42035272
2026-04-25 20:17:34,3478,42039706
2026-04-25 20:17:35,3479,42044174
2026-04-25 20:17:37,3481,42048552
2026-04-25 20:17:38,3482,42052946
2026-04-25 20:17:39,3483,42057423
2026-04-25 20:17:40,3484,42061793
2026-04-25 20:17:41,3485,42065688
2026-04-25 20:17:43,3487,42069561
2026-04-25 20:17:44,3488,42073389
2026-04-25 20:17:45,3489,42077233
2026-04-25 20:17:46,3490,42081081
2026-04-25 20:17:47,3491,42084914
2026-04-25 20:17:48,3492,42088828
2026-04-25 20:17:49,3493,42092752
2026-04-25 20:17:50,3494,42096598
2026-04-25 20:17:51,3495,42100580
2026-04-25 20:17:52,3496,42104481
2026-04-25 20:17:53,3497,42108284
2026-04-25 20:17:54,3498,42112152
2026-04-25 20:17:56,3500,42116119
2026-04-25 20:17:57,3501,42120012
2026-04-25 20:17:58,3502,42123917
2026-04-25 20:17:59,3503,42127819
2026-04-25 20:18:00,3504,42131683
2026-04-25 20:18:01,3505,42135592
2026-04-25 20:18:02,3506,42139495
2026-04-25 20:18:03,3507,42143300
2026-04-25 20:18:04,3508,42147216
2026-04-25 20:18:05,3509,42151074
2026-04-25 20:18:06,3510,42155034
2026-04-25 20:18:07,3511,42158925
2026-04-25 20:18:09,3513,42162768
2026-04-25 20:18:10,3514,42166632
2026-04-25 20:18:11,3515,42170546
2026-04-25 20:18:12,3516,42174452
2026-04-25 20:18:13,3517,42178287
2026-04-25 20:18:14,3518,42182013
2026-04-25 20:18:15,3519,42185633
2026-04-25 20:18:16,3520,42189431
2026-04-25 20:18:17,3521,42193160
2026-04-25 20:18:19,3523,42196993
2026-04-25 20:18:20,3524,42200604
2026-04-25 20:18:21,3525,42204302
2026-04-25 20:18:22,3526,42208092
2026-04-25 20:18:23,3527,42211819
2026-04-25 20:18:24,3528,42215537
2026-04-25 20:18:25,3529,42219213
2026-04-25 20:18:26,3530,42222839
2026-04-25 20:18:28,3532,42226581
2026-04-25 20:18:29,3533,42230463
2026-04-25 20:18:30,3534,42234392
2026-04-25 20:18:31,3535,42238217
2026-04-25 20:18:32,3536,42242064
2026-04-25 20:18:33,3537,42245986
2026-04-25 20:18:34,3538,42249832
2026-04-25 20:18:36,3540,42253661
2026-04-25 20:18:37,3541,42257651
2026-04-25 20:18:38,3542,42261490
2026-04-25 20:18:39,3543,42265362
2026-04-25 20:18:40,3544,42269309
2026-04-25 20:18:41,3545,42272864
2026-04-25 20:18:42,3546,42276456
2026-04-25 20:18:43,3547,42280129
2026-04-25 20:18:45,3549,42283841
2026-04-25 20:18:46,3550,42287753
2026-04-25 20:18:47,3551,42291542
2026-04-25 20:18:48,3552,42295490
2026-04-25 20:18:49,3553,42299329
2026-04-25 20:18:50,3554,42303108
2026-04-25 20:18:51,3555,42307069
2026-04-25 20:18:52,3556,42310971
2026-04-25 20:18:54,3558,42314723
2026-04-25 20:18:55,3559,42318612
2026-04-25 20:18:56,3560,42322469
2026-04-25 20:18:57,3561,42326252
2026-04-25 20:18:58,3562,42330205
2026-04-25 20:18:59,3563,42334052
2026-04-25 20:19:00,3564,42337878
2026-04-25 20:19:02,3566,42341672
2026-04-25 20:19:03,3567,42345465
2026-04-25 20:19:04,3568,42349353
2026-04-25 20:19:05,3569,42353167
2026-04-25 20:19:06,3570,42357037
2026-04-25 20:19:07,3571,42360865
2026-04-25 20:19:08,3572,42364346
2026-04-25 20:19:09,3574,42367956
2026-04-25 20:19:11,3575,42371585
2026-04-25 20:19:12,3576,42375189
2026-04-25 20:19:13,3577,42378953
2026-04-25 20:19:14,3578,42382700
2026-04-25 20:19:15,3579,42386453
2026-04-25 20:19:16,3580,42390178
2026-04-25 20:19:17,3581,42393926
2026-04-25 20:19:19,3583,42397709
2026-04-25 20:19:20,3584,42401414
2026-04-25 20:19:21,3585,42405121
2026-04-25 20:19:22,3586,42408843
2026-04-25 20:19:23,3587,42412579
2026-04-25 20:19:24,3588,42416336
2026-04-25 20:19:25,3589,42420103
2026-04-25 20:19:27,3591,42423818
2026-04-25 20:19:28,3592,42427589
2026-04-25 20:19:29,3593,42431308
2026-04-25 20:19:30,3594,42434942
2026-04-25 20:19:31,3595,42438782
2026-04-25 20:19:32,3596,42442612
2026-04-25 20:19:33,3597,42446265
2026-04-25 20:19:34,3598,42449867
2026-04-25 20:19:36,3600,42453395
2026-04-25 20:19:37,3601,42457046
2026-04-25 20:19:38,3602,42460669
2026-04-25 20:19:39,3603,42464406
2026-04-25 20:19:40,3604,42467878
2026-04-25 20:19:41,3605,42471410
2026-04-25 20:19:43,3607,42474870
2026-04-25 20:19:44,3608,42478461
2026-04-25 20:19:45,3609,42482196
2026-04-25 20:19:46,3610,42485793
2026-04-25 20:19:47,3611,42489407
2026-04-25 20:19:48,3612,42492910
2026-04-25 20:19:50,3614,42496368
2026-04-25 20:19:51,3615,42499849
2026-04-25 20:19:52,3616,42503434
2026-04-25 20:19:53,3617,42507031
2026-04-25 20:19:54,3618,42510650
2026-04-25 20:19:55,3619,42514241
2026-04-25 20:19:56,3620,42517887
2026-04-25 20:19:57,3621,42521443
2026-04-25 20:19:59,3623,42525019
2026-04-25 20:20:00,3624,42528563
2026-04-25 20:20:01,3625,42532133
2026-04-25 20:20:02,3626,42535807
2026-04-25 20:20:03,3627,42539338
2026-04-25 20:20:04,3628,42542861
2026-04-25 20:20:05,3629,42546476
2026-04-25 20:20:07,3631,42549981
2026-04-25 20:20:08,3632,42553641
2026-04-25 20:20:09,3633,42557235
2026-04-25 20:20:10,3634,42560767
2026-04-25 20:20:11,3635,42564324
2026-04-25 20:20:12,3636,42567825
2026-04-25 20:20:13,3637,42571464
2026-04-25 20:20:14,3638,42575136
2026-04-25 20:20:16,3640,42578670
2026-04-25 20:20:17,3641,42582283
2026-04-25 20:20:18,3642,42585770
2026-04-25 20:20:19,3643,42589277
2026-04-25 20:20:20,3644,42592876
2026-04-25 20:20:21,3645,42596434
2026-04-25 20:20:22,3646,42600029
2026-04-25 20:20:23,3647,42603637
2026-04-25 20:20:25,3649,42607243
2026-04-25 20:20:26,3650,42610799
2026-04-25 20:20:27,3651,42614403
2026-04-25 20:20:28,3652,42617918
2026-04-25 20:20:29,3653,42621463
2026-04-25 20:20:30,3654,42625046
2026-04-25 20:20:31,3655,42628592
2026-04-25 20:20:33,3657,42632180
2026-04-25 20:20:34,3658,42635786
2026-04-25 20:20:35,3659,42639408
2026-04-25 20:20:36,3660,42642936
2026-04-25 20:20:37,3661,42646456
2026-04-25 20:20:38,3662,42650036
2026-04-25 20:20:39,3663,42653576
2026-04-25 20:20:40,3664,42657058
2026-04-25 20:20:42,3666,42660669
2026-04-25 20:20:43,3667,42664205
2026-04-25 20:20:44,3668,42667766
2026-04-25 20:20:45,3669,42671402
2026-04-25 20:20:46,3670,42675046
2026-04-25 20:20:47,3671,42678622
2026-04-25 20:20:48,3672,42682211
2026-04-25 20:20:49,3673,42685797
2026-04-25 20:20:51,3675,42689299
2026-04-25 20:20:52,3676,42692877
2026-04-25 20:20:53,3677,42696396
2026-04-25 20:20:54,3678,42700020
2026-04-25 20:20:55,3679,42703633
2026-04-25 20:20:56,3680,42707260
2026-04-25 20:20:57,3681,42710835
2026-04-25 20:20:58,3682,42714432
2026-04-25 20:21:00,3684,42717927
2026-04-25 20:21:01,3685,42721475
2026-04-25 20:21:02,3686,42724993
2026-04-25 20:21:03,3687,42728540
2026-04-25 20:21:04,3688,42732073
2026-04-25 20:21:05,3689,42735659
2026-04-25 20:21:06,3690,42739183
2026-04-25 20:21:07,3691,42742679
2026-04-25 20:21:09,3693,42746053
2026-04-25 20:21:10,3694,42749563
2026-04-25 20:21:11,3695,42753158
2026-04-25 20:21:12,3696,42756649
2026-04-25 20:21:13,3697,42760122
2026-04-25 20:21:14,3698,42763595
2026-04-25 20:21:15,3699,42767191
2026-04-25 20:21:16,3700,42770706
2026-04-25 20:21:18,3702,42774240
2026-04-25 20:21:19,3703,42777854
2026-04-25 20:21:20,3704,42781395
2026-04-25 20:21:21,3705,42784457
2026-04-25 20:21:22,3706,42787588
2026-04-25 20:21:23,3707,42790714
2026-04-25 20:21:24,3708,42793849
2026-04-25 20:21:25,3709,42797078
2026-04-25 20:21:27,3711,42800277
2026-04-25 20:21:28,3712,42803488
2026-04-25 20:21:29,3713,42806756
2026-04-25 20:21:30,3714,42809897
2026-04-25 20:21:31,3715,42813127
2026-04-25 20:21:32,3716,42816378
2026-04-25 20:21:33,3717,42819686
2026-04-25 20:21:34,3718,42822848
2026-04-25 20:21:36,3720,42826039
2026-04-25 20:21:37,3721,42829263
2026-04-25 20:21:38,3722,42832538
2026-04-25 20:21:39,3723,42835870
2026-04-25 20:21:40,3724,42839142
2026-04-25 20:21:41,3725,42842394
2026-04-25 20:21:42,3726,42845746
2026-04-25 20:21:44,3728,42849045
2026-04-25 20:21:45,3729,42852345
2026-04-25 20:21:46,3730,42855589
2026-04-25 20:21:47,3731,42858918
2026-04-25 20:21:48,3732,42862180
2026-04-25 20:21:49,3733,42865594
2026-04-25 20:21:50,3734,42868894
2026-04-25 20:21:51,3735,42872189
2026-04-25 20:21:53,3737,42875571
2026-04-25 20:21:54,3738,42878950
2026-04-25 20:21:55,3739,42882383
2026-04-25 20:21:56,3740,42885720
2026-04-25 20:21:57,3741,42889077
2026-04-25 20:21:58,3742,42892506
2026-04-25 20:21:59,3743,42895923
2026-04-25 20:22:00,3744,42899430
2026-04-25 20:22:02,3746,42902954
2026-04-25 20:22:03,3747,42906479
2026-04-25 20:22:04,3748,42910025
2026-04-25 20:22:05,3749,42913615
2026-04-25 20:22:06,3750,42917150
2026-04-25 20:22:07,3751,42920670
2026-04-25 20:22:08,3752,42924222
2026-04-25 20:22:09,3753,42927744
2026-04-25 20:22:11,3755,42931304
2026-04-25 20:22:12,3756,42934903
2026-04-25 20:22:13,3757,42938476
2026-04-25 20:22:14,3758,42941935
2026-04-25 20:22:15,3759,42945475
2026-04-25 20:22:16,3760,42949068
2026-04-25 20:22:17,3761,42952633
2026-04-25 20:22:19,3763,42956305
2026-04-25 20:22:20,3764,42959860
2026-04-25 20:22:21,3765,42963548
2026-04-25 20:22:22,3766,42967145
2026-04-25 20:22:23,3767,42970690
2026-04-25 20:22:24,3768,42974277
2026-04-25 20:22:25,3769,42977853
2026-04-25 20:22:26,3770,42981406
2026-04-25 20:22:28,3772,42985087
2026-04-25 20:22:29,3773,42988667
2026-04-25 20:22:30,3774,42992359
2026-04-25 20:22:31,3775,42995971
2026-04-25 20:22:32,3776,42999589
2026-04-25 20:22:33,3777,43003265
2026-04-25 20:22:34,3778,43006956
2026-04-25 20:22:35,3779,43010500
2026-04-25 20:22:37,3781,43014117
2026-04-25 20:22:38,3782,43017727
2026-04-25 20:22:39,3783,43021456
2026-04-25 20:22:40,3784,43025076
2026-04-25 20:22:41,3785,43028767
2026-04-25 20:22:42,3786,43032431
2026-04-25 20:22:43,3787,43036028
2026-04-25 20:22:44,3788,43039657
2026-04-25 20:22:46,3790,43043325
2026-04-25 20:22:47,3791,43046993
2026-04-25 20:22:48,3792,43050584
2026-04-25 20:22:49,3793,43054187
2026-04-25 20:22:50,3794,43057821
2026-04-25 20:22:51,3795,43061408
2026-04-25 20:22:52,3796,43065142
2026-04-25 20:22:53,3797,43068787
2026-04-25 20:22:55,3799,43072471
2026-04-25 20:22:56,3800,43076099
2026-04-25 20:22:57,3801,43079716
2026-04-25 20:22:58,3802,43083357
2026-04-25 20:22:59,3803,43087017
2026-04-25 20:23:00,3804,43090562
2026-04-25 20:23:01,3805,43094271
2026-04-25 20:23:02,3806,43097880
2026-04-25 20:23:04,3808,43101576
2026-04-25 20:23:05,3809,43105283
2026-04-25 20:23:06,3810,43108942
2026-04-25 20:23:07,3811,43112579
2026-04-25 20:23:08,3812,43116207
2026-04-25 20:23:09,3813,43119835
2026-04-25 20:23:10,3814,43123486
2026-04-25 20:23:12,3816,43127238
2026-04-25 20:23:13,3817,43130949
2026-04-25 20:23:14,3818,43134625
2026-04-25 20:23:15,3819,43138246
2026-04-25 20:23:16,3820,43141942
2026-04-25 20:23:17,3821,43145591
2026-04-25 20:23:18,3822,43149277
2026-04-25 20:23:19,3823,43152955
2026-04-25 20:23:21,3825,43156660
2026-04-25 20:23:22,3826,43160277
2026-04-25 20:23:23,3827,43163998
2026-04-25 20:23:24,3828,43167700
2026-04-25 20:23:25,3829,43171378
2026-04-25 20:23:26,3830,43175102
2026-04-25 20:23:27,3831,43178845
2026-04-25 20:23:28,3832,43182580
2026-04-25 20:23:30,3834,43186234
2026-04-25 20:23:31,3835,43189890
2026-04-25 20:23:32,3836,43193505
2026-04-25 20:23:33,3837,43197288
2026-04-25 20:23:34,3838,43200932
2026-04-25 20:23:35,3839,43204550
2026-04-25 20:23:36,3840,43208204
2026-04-25 20:23:37,3841,43211929
2026-04-25 20:23:39,3843,43215687
2026-04-25 20:23:40,3844,43219431
2026-04-25 20:23:41,3845,43223186
2026-04-25 20:23:42,3846,43226855
2026-04-25 20:23:43,3847,43230606
2026-04-25 20:23:44,3848,43234304
2026-04-25 20:23:45,3849,43237914
2026-04-25 20:23:47,3851,43241656
2026-04-25 20:23:48,3852,43245313
2026-04-25 20:23:49,3853,43248951
2026-04-25 20:23:50,3854,43252596
2026-04-25 20:23:51,3855,43256329
2026-04-25 20:23:52,3856,43260000
2026-04-25 20:23:53,3857,43263741
2026-04-25 20:23:54,3858,43267417
2026-04-25 20:23:56,3860,43271151
2026-04-25 20:23:57,3861,43274912
2026-04-25 20:23:58,3862,43278624
2026-04-25 20:23:59,3863,43282271
2026-04-25 20:24:00,3864,43286008
2026-04-25 20:24:01,3865,43289714
2026-04-25 20:24:02,3866,43293414
2026-04-25 20:24:04,3868,43297046
2026-04-25 20:24:05,3869,43300508
2026-04-25 20:24:06,3870,43303866
2026-04-25 20:24:07,3871,43307250
2026-04-25 20:24:08,3872,43310830
2026-04-25 20:24:09,3873,43314398
2026-04-25 20:24:11,3875,43317817
2026-04-25 20:24:12,3876,43321297
2026-04-25 20:24:13,3877,43324759
2026-04-25 20:24:14,3878,43328172
2026-04-25 20:24:15,3879,43331708
2026-04-25 20:24:17,3881,43335288
2026-04-25 20:24:18,3882,43338833
2026-04-25 20:24:19,3883,43342381
2026-04-25 20:24:20,3884,43345886
2026-04-25 20:24:21,3885,43349469
2026-04-25 20:24:22,3886,43353024
2026-04-25 20:24:24,3888,43356650
2026-04-25 20:24:25,3889,43360313
2026-04-25 20:24:26,3890,43364009
2026-04-25 20:24:27,3891,43367711
2026-04-25 20:24:28,3892,43371381
2026-04-25 20:24:30,3894,43375064
2026-04-25 20:24:31,3895,43378485
2026-04-25 20:24:32,3896,43381866
2026-04-25 20:24:33,3897,43385336
2026-04-25 20:24:34,3898,43388878
2026-04-25 20:24:35,3899,43392137
2026-04-25 20:24:37,3901,43394356
2026-04-25 20:24:38,3902,43396841
2026-04-25 20:24:39,3903,43399479
2026-04-25 20:24:40,3904,43402120
2026-04-25 20:24:41,3905,43404962
2026-04-25 20:24:42,3906,43407773
2026-04-25 20:24:43,3908,43410694
2026-04-25 20:24:45,3909,43413703
2026-04-25 20:24:46,3910,43416682
2026-04-25 20:24:47,3911,43419793
2026-04-25 20:24:48,3912,43422828
2026-04-25 20:24:49,3913,43425670
2026-04-25 20:24:50,3914,43428527
2026-04-25 20:24:52,3916,43431406
2026-04-25 20:24:53,3917,43434507
2026-04-25 20:24:54,3918,43437528
2026-04-25 20:24:55,3919,43440658
2026-04-25 20:24:56,3920,43443841
2026-04-25 20:24:58,3922,43446918
2026-04-25 20:24:59,3923,43450041
2026-04-25 20:25:00,3924,43453151
2026-04-25 20:25:01,3925,43456304
2026-04-25 20:25:02,3926,43459541
2026-04-25 20:25:03,3927,43462755
2026-04-25 20:25:05,3929,43465956
2026-04-25 20:25:06,3930,43469156
2026-04-25 20:25:07,3931,43472376
2026-04-25 20:25:08,3932,43475586
2026-04-25 20:25:09,3933,43478884
2026-04-25 20:25:10,3934,43482188
2026-04-25 20:25:12,3936,43485477
2026-04-25 20:25:13,3937,43488902
2026-04-25 20:25:14,3938,43492306
2026-04-25 20:25:15,3939,43495853
2026-04-25 20:25:16,3940,43499434
2026-04-25 20:25:17,3941,43503153
2026-04-25 20:25:19,3943,43506869
2026-04-25 20:25:20,3944,43510650
2026-04-25 20:25:21,3945,43514423
2026-04-25 20:25:22,3946,43518217
2026-04-25 20:25:23,3947,43521959
2026-04-25 20:25:24,3948,43525635
2026-04-25 20:25:26,3950,43529476
2026-04-25 20:25:27,3951,43533269
2026-04-25 20:25:28,3952,43537107
2026-04-25 20:25:29,3953,43541020
2026-04-25 20:25:30,3954,43544815
2026-04-25 20:25:31,3955,43548689
2026-04-25 20:25:33,3957,43552526
2026-04-25 20:25:34,3958,43556409
2026-04-25 20:25:35,3959,43560291
2026-04-25 20:25:36,3960,43564106
2026-04-25 20:25:37,3961,43567953
2026-04-25 20:25:38,3962,43572003
2026-04-25 20:25:40,3964,43575958
2026-04-25 20:25:41,3965,43579845
2026-04-25 20:25:42,3966,43583807
2026-04-25 20:25:43,3967,43587764
2026-04-25 20:25:44,3968,43591614
2026-04-25 20:25:45,3969,43595580
2026-04-25 20:25:47,3971,43599469
2026-04-25 20:25:48,3972,43603365
2026-04-25 20:25:49,3973,43607308
2026-04-25 20:25:50,3974,43611382
2026-04-25 20:25:51,3975,43615321
2026-04-25 20:25:52,3976,43619358
2026-04-25 20:25:54,3978,43623430
2026-04-25 20:25:55,3979,43627424
2026-04-25 20:25:56,3980,43631425
2026-04-25 20:25:57,3981,43635484
2026-04-25 20:25:58,3982,43639474
2026-04-25 20:25:59,3983,43643666
2026-04-25 20:26:01,3985,43647688
2026-04-25 20:26:02,3986,43651670
2026-04-25 20:26:03,3987,43655702
2026-04-25 20:26:04,3988,43659890
2026-04-25 20:26:05,3989,43663965
2026-04-25 20:26:06,3990,43668038
2026-04-25 20:26:08,3992,43672131
2026-04-25 20:26:09,3993,43676084
2026-04-25 20:26:10,3994,43680178
2026-04-25 20:26:11,3995,43684383
2026-04-25 20:26:12,3996,43688458
2026-04-25 20:26:14,3998,43692675
2026-04-25 20:26:15,3999,43696756
2026-04-25 20:26:16,4000,43700847
2026-04-25 20:26:17,4001,43705007
2026-04-25 20:26:18,4002,43709158
2026-04-25 20:26:19,4003,43713222
2026-04-25 20:26:21,4005,43717393
2026-04-25 20:26:22,4006,43721602
2026-04-25 20:26:23,4007,43725796
2026-04-25 20:26:24,4008,43729875
2026-04-25 20:26:25,4009,43734014
2026-04-25 20:26:26,4010,43738281
2026-04-25 20:26:28,4012,43742441
2026-04-25 20:26:29,4013,43746596
2026-04-25 20:26:30,4014,43750793
2026-04-25 20:26:31,4015,43754868
2026-04-25 20:26:32,4016,43759057
2026-04-25 20:26:33,4017,43763178
2026-04-25 20:26:35,4019,43767414
2026-04-25 20:26:36,4020,43771504
2026-04-25 20:26:37,4021,43775752
2026-04-25 20:26:38,4022,43779863
2026-04-25 20:26:39,4023,43784159
2026-04-25 20:26:41,4025,43788307
2026-04-25 20:26:42,4026,43792454
2026-04-25 20:26:43,4027,43796580
2026-04-25 20:26:44,4028,43800597
2026-04-25 20:26:45,4029,43804885
2026-04-25 20:26:46,4030,43809099
2026-04-25 20:26:48,4032,43813318
2026-04-25 20:26:49,4033,43817554
2026-04-25 20:26:50,4034,43821766
2026-04-25 20:26:51,4035,43825993
2026-04-25 20:26:52,4036,43830241
2026-04-25 20:26:53,4037,43834555
2026-04-25 20:26:55,4039,43838760
2026-04-25 20:26:56,4040,43843021
2026-04-25 20:26:57,4041,43847232
2026-04-25 20:26:58,4042,43851369
2026-04-25 20:26:59,4043,43855564
2026-04-25 20:27:00,4044,43859716
2026-04-25 20:27:02,4046,43863957
2026-04-25 20:27:03,4047,43868126
2026-04-25 20:27:04,4048,43872161
2026-04-25 20:27:05,4049,43876472
2026-04-25 20:27:06,4050,43880711
2026-04-25 20:27:08,4052,43884995
2026-04-25 20:27:09,4053,43889174
2026-04-25 20:27:10,4054,43893352
2026-04-25 20:27:11,4055,43897533
2026-04-25 20:27:12,4056,43901893
2026-04-25 20:27:13,4057,43906141
2026-04-25 20:27:15,4059,43910275
2026-04-25 20:27:16,4060,43914476
2026-04-25 20:27:17,4061,43918654
2026-04-25 20:27:18,4062,43922925
2026-04-25 20:27:19,4063,43927178
2026-04-25 20:27:20,4064,43931383
2026-04-25 20:27:22,4066,43935556
2026-04-25 20:27:23,4067,43939669
2026-04-25 20:27:24,4068,43943754
2026-04-25 20:27:25,4069,43947939
2026-04-25 20:27:26,4070,43952083
2026-04-25 20:27:27,4072,43956351
2026-04-25 20:27:29,4073,43960565
2026-04-25 20:27:30,4074,43964771
2026-04-25 20:27:31,4075,43969059
2026-04-25 20:27:32,4076,43973303
2026-04-25 20:27:33,4077,43977544
2026-04-25 20:27:35,4079,43981637
2026-04-25 20:27:36,4080,43985853
2026-04-25 20:27:37,4081,43990045
2026-04-25 20:27:38,4082,43994338
2026-04-25 20:27:39,4083,43998670
2026-04-25 20:27:40,4084,44002859
2026-04-25 20:27:42,4086,44007146
2026-04-25 20:27:43,4087,44011177
2026-04-25 20:27:44,4088,44015293
2026-04-25 20:27:45,4089,44019523
2026-04-25 20:27:46,4090,44023394
2026-04-25 20:27:47,4091,44027441
2026-04-25 20:27:49,4093,44031594
2026-04-25 20:27:50,4094,44035775
2026-04-25 20:27:51,4095,44039845
2026-04-25 20:27:52,4096,44044028
2026-04-25 20:27:53,4097,44048174
2026-04-25 20:27:55,4099,44052324
2026-04-25 20:27:56,4100,44056514
2026-04-25 20:27:57,4101,44060623
2026-04-25 20:27:58,4102,44064774
2026-04-25 20:27:59,4103,44068687
2026-04-25 20:28:00,4104,44072883
2026-04-25 20:28:02,4106,44077034
2026-04-25 20:28:03,4107,44081121
2026-04-25 20:28:04,4108,44085611
2026-04-25 20:28:05,4109,44090056
2026-04-25 20:28:06,4110,44094437
2026-04-25 20:28:07,4111,44098852
2026-04-25 20:28:09,4113,44103291
2026-04-25 20:28:10,4114,44107744
2026-04-25 20:28:11,4115,44112160
2026-04-25 20:28:12,4116,44116712
2026-04-25 20:28:13,4117,44121113
2026-04-25 20:28:15,4119,44125398
2026-04-25 20:28:16,4120,44129574
2026-04-25 20:28:17,4121,44133762
2026-04-25 20:28:18,4122,44138004
2026-04-25 20:28:19,4123,44142141
2026-04-25 20:28:21,4125,44146452
2026-04-25 20:28:22,4126,44150738
2026-04-25 20:28:23,4127,44154935
2026-04-25 20:28:24,4128,44159115
2026-04-25 20:28:26,4130,44163140
2026-04-25 20:28:27,4131,44167076
2026-04-25 20:28:28,4132,44171126
2026-04-25 20:28:29,4133,44175185
2026-04-25 20:28:31,4135,44179649
2026-04-25 20:28:32,4136,44183804
2026-04-25 20:28:33,4137,44188034
2026-04-25 20:28:34,4138,44192272
2026-04-25 20:28:35,4139,44196431
2026-04-25 20:28:37,4141,44200456
2026-04-25 20:28:38,4142,44204492
2026-04-25 20:28:39,4143,44208345
2026-04-25 20:28:40,4144,44212297
2026-04-25 20:28:41,4145,44216346
2026-04-25 20:28:43,4147,44220444
2026-04-25 20:28:44,4148,44224505
2026-04-25 20:28:45,4149,44228617
2026-04-25 20:28:46,4150,44232976
2026-04-25 20:28:47,4151,44237168
2026-04-25 20:28:49,4153,44241515
2026-04-25 20:28:50,4154,44245895
2026-04-25 20:28:51,4155,44250139
2026-04-25 20:28:52,4156,44254567
2026-04-25 20:28:53,4157,44258842
2026-04-25 20:28:55,4159,44263195
2026-04-25 20:28:56,4160,44267357
2026-04-25 20:28:57,4161,44271365
2026-04-25 20:28:58,4162,44275499
2026-04-25 20:28:59,4163,44279465
2026-04-25 20:29:01,4165,44283355
2026-04-25 20:29:02,4166,44287325
2026-04-25 20:29:03,4167,44291234
2026-04-25 20:29:04,4168,44295085
2026-04-25 20:29:05,4169,44298918
2026-04-25 20:29:07,4171,44302696
2026-04-25 20:29:08,4172,44306333
2026-04-25 20:29:09,4173,44309975
2026-04-25 20:29:10,4174,44313561
2026-04-25 20:29:12,4176,44317282
2026-04-25 20:29:13,4177,44321047
2026-04-25 20:29:14,4178,44324681
2026-04-25 20:29:15,4179,44328421
2026-04-25 20:29:16,4180,44332431
2026-04-25 20:29:18,4182,44336384
2026-04-25 20:29:19,4183,44340239
2026-04-25 20:29:20,4184,44344172
2026-04-25 20:29:21,4185,44348145
2026-04-25 20:29:23,4187,44352017
2026-04-25 20:29:24,4188,44355976
2026-04-25 20:29:25,4189,44359988
2026-04-25 20:29:26,4190,44363845
2026-04-25 20:29:28,4192,44367797
2026-04-25 20:29:29,4193,44371719
2026-04-25 20:29:30,4194,44375581
2026-04-25 20:29:31,4195,44379429
2026-04-25 20:29:32,4196,44383404
2026-04-25 20:29:34,4198,44387372
2026-04-25 20:29:35,4199,44390864
2026-04-25 20:29:36,4200,44394596
2026-04-25 20:29:37,4201,44398266
2026-04-25 20:29:39,4203,44401757
2026-04-25 20:29:40,4204,44405263
2026-04-25 20:29:41,4205,44408881
2026-04-25 20:29:42,4206,44412338
2026-04-25 20:29:44,4208,44415809
2026-04-25 20:29:45,4209,44419275
2026-04-25 20:29:46,4210,44422980
2026-04-25 20:29:47,4211,44426734
2026-04-25 20:29:49,4213,44430430
2026-04-25 20:29:50,4214,44434241
2026-04-25 20:29:51,4215,44438000
2026-04-25 20:29:52,4216,44441769
2026-04-25 20:29:54,4218,44445418
2026-04-25 20:29:55,4219,44449169
2026-04-25 20:29:56,4220,44452978
2026-04-25 20:29:57,4221,44453999
2026-04-25 20:29:58,4222,44453999
2026-04-25 20:30:00,4224,44453999
2026-04-25 20:30:01,4225,44453999
