elapsed_sec,sum_next_o_id,orders_delta,nopm_rate
0,30010000,0,0
1,30010000,0,0.0
2,30010051,51,3060.0
3,30010260,209,12540.0
4,30010612,352,21120.0
5,30011093,481,28860.0
6,30011726,633,37980.0
8,30012512,786,23580.0
9,30013444,932,55920.0
10,30014516,1072,64320.0
11,30015731,1215,72900.0
12,30016981,1250,75000.0
13,30018384,1403,84180.0
14,30019902,1518,91080.0
15,30021553,1651,99060.0
16,30023370,1817,109020.0
17,30025210,1840,110400.0
18,30027181,1971,118260.0
19,30029250,2069,124140.0
20,30031397,2147,128820.0
21,30033657,2260,135600.0
22,30036028,2371,142260.0
23,30038471,2443,146580.0
24,30041062,2591,155460.0
25,30043749,2687,161220.0
26,30046570,2821,169260.0
27,30049437,2867,172020.0
28,30052324,2887,173220.0
29,30055317,2993,179580.0
30,30058340,3023,181380.0
31,30061493,3153,189180.0
32,30064679,3186,191160.0
33,30067931,3252,195120.0
34,30071225,3294,197640.0
35,30074532,3307,198420.0
36,30077917,3385,203100.0
37,30081361,3444,206640.0
38,30084836,3475,208500.0
39,30088308,3472,208320.0
40,30091754,3446,206760.0
41,30095249,3495,209700.0
42,30098835,3586,215160.0
43,30102484,3649,218940.0
45,30106202,3718,111540.0
46,30109930,3728,223680.0
47,30113826,3896,233760.0
48,30117666,3840,230400.0
49,30121506,3840,230400.0
50,30125418,3912,234720.0
51,30129289,3871,232260.0
52,30133231,3942,236520.0
53,30137199,3968,238080.0
54,30141245,4046,242760.0
55,30145287,4042,242520.0
56,30149387,4100,246000.0
57,30153430,4043,242580.0
58,30157452,4022,241320.0
59,30161516,4064,243840.0
60,30165602,4086,245160.0
61,30169778,4176,250560.0
62,30173778,4000,240000.0
63,30177791,4013,240780.0
64,30181823,4032,241920.0
65,30185894,4071,244260.0
66,30190002,4108,246480.0
67,30194114,4112,246720.0
68,30198223,4109,246540.0
69,30202395,4172,250320.0
70,30206571,4176,250560.0
71,30210832,4261,255660.0
72,30215042,4210,252600.0
74,30219221,4179,125370.0
75,30223378,4157,249420.0
76,30227561,4183,250980.0
77,30231772,4211,252660.0
78,30236045,4273,256380.0
79,30240282,4237,254220.0
80,30244476,4194,251640.0
81,30248731,4255,255300.0
82,30252947,4216,252960.0
83,30257147,4200,252000.0
84,30261418,4271,256260.0
85,30265690,4272,256320.0
86,30269946,4256,255360.0
87,30274168,4222,253320.0
88,30278467,4299,257940.0
89,30282733,4266,255960.0
90,30287064,4331,259860.0
91,30291367,4303,258180.0
92,30295699,4332,259920.0
93,30299981,4282,256920.0
94,30304256,4275,256500.0
95,30308523,4267,256020.0
96,30312813,4290,257400.0
97,30317174,4361,261660.0
98,30321484,4310,258600.0
99,30325752,4268,256080.0
100,30330099,4347,260820.0
102,30334447,4348,130440.0
103,30338679,4232,253920.0
104,30343018,4339,260340.0
105,30347366,4348,260880.0
106,30351759,4393,263580.0
107,30356125,4366,261960.0
108,30360451,4326,259560.0
109,30364803,4352,261120.0
110,30369085,4282,256920.0
111,30373430,4345,260700.0
112,30377694,4264,255840.0
113,30382027,4333,259980.0
114,30386334,4307,258420.0
115,30390702,4368,262080.0
116,30394999,4297,257820.0
117,30399312,4313,258780.0
118,30403663,4351,261060.0
119,30407939,4276,256560.0
120,30411875,3936,236160.0
121,30416181,4306,258360.0
122,30420475,4294,257640.0
123,30424454,3979,238740.0
124,30428879,4425,265500.0
125,30433206,4327,259620.0
126,30437519,4313,258780.0
127,30441903,4384,263040.0
129,30446271,4368,131040.0
130,30450623,4352,261120.0
131,30454993,4370,262200.0
132,30459414,4421,265260.0
133,30463856,4442,266520.0
134,30468244,4388,263280.0
135,30472596,4352,261120.0
136,30476986,4390,263400.0
137,30481338,4352,261120.0
138,30485643,4305,258300.0
139,30489934,4291,257460.0
140,30494225,4291,257460.0
141,30498528,4303,258180.0
142,30502714,4186,251160.0
143,30507060,4346,260760.0
144,30511434,4374,262440.0
145,30515756,4322,259320.0
146,30520047,4291,257460.0
147,30524392,4345,260700.0
148,30528809,4417,265020.0
149,30533238,4429,265740.0
150,30537746,4508,270480.0
151,30542108,4362,261720.0
152,30546493,4385,263100.0
153,30550909,4416,264960.0
154,30555383,4474,268440.0
155,30559819,4436,266160.0
157,30564277,4458,133740.0
158,30568653,4376,262560.0
159,30573071,4418,265080.0
160,30577461,4390,263400.0
161,30581865,4404,264240.0
162,30586217,4352,261120.0
163,30590649,4432,265920.0
164,30594990,4341,260460.0
165,30599373,4383,262980.0
166,30603797,4424,265440.0
167,30608221,4424,265440.0
168,30612696,4475,268500.0
169,30617166,4470,268200.0
170,30621573,4407,264420.0
171,30625944,4371,262260.0
172,30630366,4422,265320.0
173,30634764,4398,263880.0
174,30639120,4356,261360.0
175,30643468,4348,260880.0
176,30647909,4441,266460.0
177,30652290,4381,262860.0
178,30656648,4358,261480.0
179,30661064,4416,264960.0
180,30665587,4523,271380.0
181,30670003,4416,264960.0
182,30674414,4411,264660.0
184,30678839,4425,132750.0
185,30683226,4387,263220.0
186,30687645,4419,265140.0
187,30692052,4407,264420.0
188,30696382,4330,259800.0
189,30700803,4421,265260.0
190,30705136,4333,259980.0
191,30709537,4401,264060.0
192,30713968,4431,265860.0
193,30718382,4414,264840.0
194,30722772,4390,263400.0
195,30727205,4433,265980.0
196,30731649,4444,266640.0
197,30736031,4382,262920.0
198,30740477,4446,266760.0
199,30744888,4411,264660.0
200,30749321,4433,265980.0
201,30753727,4406,264360.0
202,30758122,4395,263700.0
203,30762522,4400,264000.0
204,30766978,4456,267360.0
205,30771446,4468,268080.0
206,30775900,4454,267240.0
207,30780345,4445,266700.0
208,30784729,4384,263040.0
209,30789090,4361,261660.0
210,30793473,4383,262980.0
212,30797858,4385,131550.0
213,30802304,4446,266760.0
214,30806780,4476,268560.0
215,30811238,4458,267480.0
216,30815612,4374,262440.0
217,30820026,4414,264840.0
218,30824404,4378,262680.0
219,30828694,4290,257400.0
220,30833058,4364,261840.0
221,30837510,4452,267120.0
222,30841921,4411,264660.0
223,30846399,4478,268680.0
224,30850856,4457,267420.0
225,30855406,4550,273000.0
226,30859901,4495,269700.0
227,30864340,4439,266340.0
228,30868771,4431,265860.0
229,30873145,4374,262440.0
230,30877611,4466,267960.0
231,30881972,4361,261660.0
232,30886349,4377,262620.0
233,30890770,4421,265260.0
234,30895242,4472,268320.0
235,30899490,4248,254880.0
236,30903877,4387,263220.0
238,30908139,4262,127860.0
239,30912183,4044,242640.0
240,30916262,4079,244740.0
241,30920340,4078,244680.0
242,30924292,3952,237120.0
243,30928415,4123,247380.0
244,30932796,4381,262860.0
245,30937156,4360,261600.0
246,30941563,4407,264420.0
247,30945858,4295,257700.0
248,30950108,4250,255000.0
249,30954489,4381,262860.0
250,30958919,4430,265800.0
251,30963190,4271,256260.0
253,30967550,4360,130800.0
254,30971918,4368,262080.0
255,30976358,4440,266400.0
256,30980740,4382,262920.0
257,30985210,4470,268200.0
258,30989690,4480,268800.0
259,30994064,4374,262440.0
260,30998518,4454,267240.0
261,31003002,4484,269040.0
262,31007493,4491,269460.0
263,31012015,4522,271320.0
265,31016549,4534,136020.0
266,31020921,4372,262320.0
267,31024973,4052,243120.0
268,31029400,4427,265620.0
269,31033884,4484,269040.0
270,31038325,4441,266460.0
271,31042921,4596,275760.0
272,31047417,4496,269760.0
273,31051919,4502,270120.0
274,31056373,4454,267240.0
275,31060815,4442,266520.0
276,31065260,4445,266700.0
278,31069722,4462,133860.0
279,31074231,4509,270540.0
280,31078651,4420,265200.0
281,31083139,4488,269280.0
282,31087645,4506,270360.0
283,31092147,4502,270120.0
284,31096620,4473,268380.0
285,31101089,4469,268140.0
286,31105665,4576,274560.0
287,31110190,4525,271500.0
288,31114662,4472,268320.0
290,31118943,4281,128430.0
291,31123254,4311,258660.0
292,31127609,4355,261300.0
293,31132044,4435,266100.0
294,31136543,4499,269940.0
295,31141030,4487,269220.0
296,31145503,4473,268380.0
297,31149934,4431,265860.0
298,31154455,4521,271260.0
299,31158972,4517,271020.0
300,31163501,4529,271740.0
301,31168080,4579,274740.0
303,31172528,4448,133440.0
304,31177009,4481,268860.0
305,31181486,4477,268620.0
306,31185953,4467,268020.0
307,31190510,4557,273420.0
308,31195025,4515,270900.0
309,31199488,4463,267780.0
310,31203925,4437,266220.0
311,31208396,4471,268260.0
312,31212840,4444,266640.0
313,31217310,4470,268200.0
315,31221879,4569,137070.0
316,31226355,4476,268560.0
317,31230790,4435,266100.0
318,31235279,4489,269340.0
319,31239735,4456,267360.0
320,31244202,4467,268020.0
321,31248619,4417,265020.0
322,31253038,4419,265140.0
323,31257516,4478,268680.0
324,31262094,4578,274680.0
325,31266598,4504,270240.0
326,31271126,4528,271680.0
328,31275542,4416,132480.0
329,31279979,4437,266220.0
330,31284440,4461,267660.0
331,31288970,4530,271800.0
332,31293441,4471,268260.0
333,31297909,4468,268080.0
334,31302325,4416,264960.0
335,31306751,4426,265560.0
336,31311264,4513,270780.0
337,31315769,4505,270300.0
338,31320205,4436,266160.0
339,31324692,4487,269220.0
341,31329123,4431,132930.0
342,31333567,4444,266640.0
343,31338100,4533,271980.0
344,31342543,4443,266580.0
345,31346974,4431,265860.0
346,31351449,4475,268500.0
347,31355852,4403,264180.0
348,31360389,4537,272220.0
349,31364816,4427,265620.0
350,31369238,4422,265320.0
351,31373693,4455,267300.0
352,31378145,4452,267120.0
354,31382608,4463,133890.0
355,31387092,4484,269040.0
356,31391547,4455,267300.0
357,31396011,4464,267840.0
358,31400430,4419,265140.0
359,31404846,4416,264960.0
360,31409256,4410,264600.0
361,31413695,4439,266340.0
362,31418177,4482,268920.0
363,31422598,4421,265260.0
364,31426993,4395,263700.0
365,31431379,4386,263160.0
367,31435858,4479,134370.0
368,31440303,4445,266700.0
369,31444622,4319,259140.0
370,31449045,4423,265380.0
371,31453534,4489,269340.0
372,31458041,4507,270420.0
373,31462402,4361,261660.0
374,31466845,4443,266580.0
375,31471270,4425,265500.0
376,31475694,4424,265440.0
377,31480067,4373,262380.0
378,31484539,4472,268320.0
379,31488938,4399,263940.0
381,31493418,4480,134400.0
382,31497814,4396,263760.0
383,31502165,4351,261060.0
384,31506513,4348,260880.0
385,31510888,4375,262500.0
386,31515316,4428,265680.0
387,31519768,4452,267120.0
388,31524076,4308,258480.0
389,31528404,4328,259680.0
390,31532819,4415,264900.0
391,31537315,4496,269760.0
392,31541793,4478,268680.0
393,31546207,4414,264840.0
394,31550583,4376,262560.0
396,31554996,4413,132390.0
397,31559458,4462,267720.0
398,31563890,4432,265920.0
399,31568274,4384,263040.0
400,31572716,4442,266520.0
401,31577137,4421,265260.0
402,31581479,4342,260520.0
403,31585963,4484,269040.0
404,31590366,4403,264180.0
405,31594777,4411,264660.0
406,31599218,4441,266460.0
407,31603616,4398,263880.0
408,31608057,4441,266460.0
410,31612517,4460,133800.0
411,31616903,4386,263160.0
412,31621374,4471,268260.0
413,31625829,4455,267300.0
414,31630166,4337,260220.0
415,31634644,4478,268680.0
416,31639157,4513,270780.0
417,31643535,4378,262680.0
418,31647997,4462,267720.0
419,31652473,4476,268560.0
420,31656875,4402,264120.0
421,31661408,4533,271980.0
422,31665803,4395,263700.0
424,31670215,4412,132360.0
425,31674604,4389,263340.0
426,31679067,4463,267780.0
427,31683476,4409,264540.0
428,31687953,4477,268620.0
429,31692430,4477,268620.0
430,31696869,4439,266340.0
431,31701253,4384,263040.0
432,31705673,4420,265200.0
433,31710089,4416,264960.0
434,31714517,4428,265680.0
435,31718934,4417,265020.0
436,31723352,4418,265080.0
437,31727729,4377,262620.0
439,31732175,4446,133380.0
440,31736563,4388,263280.0
441,31741009,4446,266760.0
442,31745425,4416,264960.0
443,31749839,4414,264840.0
444,31754229,4390,263400.0
445,31758625,4396,263760.0
446,31763096,4471,268260.0
447,31767502,4406,264360.0
448,31771904,4402,264120.0
449,31776230,4326,259560.0
450,31780615,4385,263100.0
452,31785023,4408,132240.0
453,31789229,4206,252360.0
454,31793355,4126,247560.0
455,31797419,4064,243840.0
456,31801563,4144,248640.0
457,31805797,4234,254040.0
458,31809985,4188,251280.0
459,31814264,4279,256740.0
460,31818677,4413,264780.0
462,31823089,4412,132360.0
463,31827500,4411,264660.0
464,31831942,4442,266520.0
465,31836413,4471,268260.0
466,31840842,4429,265740.0
467,31845296,4454,267240.0
468,31849806,4510,270600.0
469,31854262,4456,267360.0
471,31858764,4502,135060.0
472,31863197,4433,265980.0
473,31867736,4539,272340.0
474,31872129,4393,263580.0
475,31876667,4538,272280.0
476,31881139,4472,268320.0
477,31885538,4399,263940.0
479,31890073,4535,136050.0
480,31894554,4481,268860.0
481,31898808,4254,255240.0
482,31903131,4323,259380.0
483,31907593,4462,267720.0
484,31912021,4428,265680.0
485,31916488,4467,268020.0
486,31921021,4533,271980.0
488,31925457,4436,133080.0
489,31930012,4555,273300.0
490,31934528,4516,270960.0
491,31938977,4449,266940.0
492,31943532,4555,273300.0
493,31947975,4443,266580.0
494,31952449,4474,268440.0
495,31956968,4519,271140.0
497,31961370,4402,132060.0
498,31965937,4567,274020.0
499,31970377,4440,266400.0
500,31974834,4457,267420.0
501,31979308,4474,268440.0
502,31983870,4562,273720.0
503,31988412,4542,272520.0
504,31993042,4630,277800.0
506,31997575,4533,135990.0
507,32002011,4436,266160.0
508,32006479,4468,268080.0
509,32010822,4343,260580.0
510,32015074,4252,255120.0
511,32019420,4346,260760.0
512,32023756,4336,260160.0
514,32027845,4089,122670.0
515,32031980,4135,248100.0
516,32036144,4164,249840.0
517,32040485,4341,260460.0
518,32044851,4366,261960.0
519,32049090,4239,254340.0
520,32053091,4001,240060.0
522,32057126,4035,121050.0
523,32061183,4057,243420.0
524,32065070,3887,233220.0
525,32069176,4106,246360.0
526,32073123,3947,236820.0
527,32076922,3799,227940.0
529,32080840,3918,117540.0
530,32084719,3879,232740.0
531,32088671,3952,237120.0
532,32092625,3954,237240.0
533,32096461,3836,230160.0
534,32100359,3898,233880.0
536,32104258,3899,116970.0
537,32108227,3969,238140.0
538,32112075,3848,230880.0
539,32115986,3911,234660.0
540,32119825,3839,230340.0
541,32123783,3958,237480.0
542,32127972,4189,251340.0
544,32132062,4090,122700.0
545,32136095,4033,241980.0
546,32140149,4054,243240.0
547,32144234,4085,245100.0
548,32148413,4179,250740.0
549,32152481,4068,244080.0
551,32156527,4046,121380.0
552,32160695,4168,250080.0
553,32164849,4154,249240.0
554,32169222,4373,262380.0
555,32173474,4252,255120.0
556,32177725,4251,255060.0
557,32182139,4414,264840.0
559,32186472,4333,129990.0
560,32190852,4380,262800.0
561,32195283,4431,265860.0
562,32199626,4343,260580.0
563,32204005,4379,262740.0
564,32208404,4399,263940.0
565,32212836,4432,265920.0
567,32217171,4335,130050.0
568,32221642,4471,268260.0
569,32225942,4300,258000.0
570,32230230,4288,257280.0
571,32234673,4443,266580.0
572,32239003,4330,259800.0
573,32243348,4345,260700.0
575,32247610,4262,127860.0
576,32251984,4374,262440.0
577,32256244,4260,255600.0
578,32260552,4308,258480.0
579,32264996,4444,266640.0
580,32269443,4447,266820.0
582,32273932,4489,134670.0
583,32278280,4348,260880.0
584,32282667,4387,263220.0
585,32286942,4275,256500.0
586,32291228,4286,257160.0
587,32295650,4422,265320.0
588,32300044,4394,263640.0
590,32304296,4252,127560.0
591,32308658,4362,261720.0
592,32313005,4347,260820.0
593,32317283,4278,256680.0
594,32321613,4330,259800.0
595,32325914,4301,258060.0
596,32330301,4387,263220.0
598,32334485,4184,125520.0
599,32338605,4120,247200.0
600,32342661,4056,243360.0
601,32346774,4113,246780.0
602,32350741,3967,238020.0
603,32354464,3723,223380.0
605,32357945,3481,104430.0
606,32361734,3789,227340.0
607,32365601,3867,232020.0
608,32369607,4006,240360.0
609,32373718,4111,246660.0
610,32377845,4127,247620.0
612,32381781,3936,118080.0
613,32385699,3918,235080.0
614,32389640,3941,236460.0
615,32393508,3868,232080.0
616,32397576,4068,244080.0
617,32401528,3952,237120.0
619,32405488,3960,118800.0
620,32409285,3797,227820.0
621,32412710,3425,205500.0
622,32416353,3643,218580.0
623,32420213,3860,231600.0
624,32423985,3772,226320.0
626,32427877,3892,116760.0
627,32431695,3818,229080.0
628,32435614,3919,235140.0
629,32439459,3845,230700.0
630,32443385,3926,235560.0
631,32447288,3903,234180.0
633,32451539,4251,127530.0
634,32455871,4332,259920.0
635,32460126,4255,255300.0
636,32464362,4236,254160.0
637,32468643,4281,256860.0
638,32472822,4179,250740.0
640,32477264,4442,133260.0
641,32481554,4290,257400.0
642,32485900,4346,260760.0
643,32490088,4188,251280.0
644,32494331,4243,254580.0
645,32498607,4276,256560.0
647,32502859,4252,127560.0
648,32507147,4288,257280.0
649,32511505,4358,261480.0
650,32515761,4256,255360.0
651,32519876,4115,246900.0
652,32524212,4336,260160.0
653,32528447,4235,254100.0
655,32532691,4244,127320.0
656,32537021,4330,259800.0
657,32541335,4314,258840.0
658,32545631,4296,257760.0
659,32549846,4215,252900.0
660,32554161,4315,258900.0
662,32558358,4197,125910.0
663,32562608,4250,255000.0
664,32566825,4217,253020.0
665,32571073,4248,254880.0
666,32575397,4324,259440.0
667,32579626,4229,253740.0
669,32583956,4330,129900.0
670,32588133,4177,250620.0
671,32592450,4317,259020.0
672,32596765,4315,258900.0
673,32601015,4250,255000.0
674,32605212,4197,251820.0
676,32609539,4327,129810.0
677,32613866,4327,259620.0
678,32618181,4315,258900.0
679,32622445,4264,255840.0
680,32626575,4130,247800.0
681,32630731,4156,249360.0
682,32634862,4131,247860.0
684,32639065,4203,126090.0
685,32643250,4185,251100.0
686,32647727,4477,268620.0
687,32652000,4273,256380.0
688,32656275,4275,256500.0
689,32660541,4266,255960.0
691,32664856,4315,129450.0
692,32669279,4423,265380.0
693,32673468,4189,251340.0
694,32677761,4293,257580.0
695,32681957,4196,251760.0
696,32686341,4384,263040.0
698,32690652,4311,129330.0
699,32694860,4208,252480.0
700,32699053,4193,251580.0
701,32703349,4296,257760.0
702,32707711,4362,261720.0
703,32711956,4245,254700.0
704,32716251,4295,257700.0
706,32720565,4314,129420.0
707,32724761,4196,251760.0
708,32729091,4330,259800.0
709,32733330,4239,254340.0
710,32737607,4277,256620.0
711,32741840,4233,253980.0
713,32746079,4239,127170.0
714,32750333,4254,255240.0
715,32754550,4217,253020.0
716,32758873,4323,259380.0
717,32763177,4304,258240.0
718,32767493,4316,258960.0
720,32771841,4348,130440.0
721,32776058,4217,253020.0
722,32780297,4239,254340.0
723,32784691,4394,263640.0
724,32788914,4223,253380.0
725,32793049,4135,248100.0
726,32797270,4221,253260.0
728,32801642,4372,131160.0
729,32805856,4214,252840.0
730,32810203,4347,260820.0
731,32814572,4369,262140.0
732,32818942,4370,262200.0
733,32823236,4294,257640.0
735,32827497,4261,127830.0
736,32831841,4344,260640.0
737,32836069,4228,253680.0
738,32840246,4177,250620.0
739,32844598,4352,261120.0
740,32848933,4335,260100.0
742,32853202,4269,128070.0
743,32857511,4309,258540.0
744,32861769,4258,255480.0
745,32866057,4288,257280.0
746,32870237,4180,250800.0
747,32874556,4319,259140.0
748,32878774,4218,253080.0
750,32883029,4255,127650.0
751,32887338,4309,258540.0
752,32891640,4302,258120.0
753,32895879,4239,254340.0
754,32900112,4233,253980.0
755,32904467,4355,261300.0
757,32908669,4202,126060.0
758,32913033,4364,261840.0
759,32917337,4304,258240.0
760,32921577,4240,254400.0
761,32925831,4254,255240.0
762,32930123,4292,257520.0
764,32934399,4276,128280.0
765,32938657,4258,255480.0
766,32942937,4280,256800.0
767,32947267,4330,259800.0
768,32951510,4243,254580.0
769,32955768,4258,255480.0
770,32960043,4275,256500.0
772,32964352,4309,129270.0
773,32968648,4296,257760.0
774,32972879,4231,253860.0
775,32977121,4242,254520.0
776,32981514,4393,263580.0
777,32985732,4218,253080.0
779,32989855,4123,123690.0
780,32994188,4333,259980.0
781,32998478,4290,257400.0
782,33002794,4316,258960.0
783,33007011,4217,253020.0
784,33011323,4312,258720.0
786,33015505,4182,125460.0
787,33019788,4283,256980.0
788,33023974,4186,251160.0
789,33028112,4138,248280.0
790,33032365,4253,255180.0
791,33036561,4196,251760.0
793,33040789,4228,126840.0
794,33045014,4225,253500.0
795,33049160,4146,248760.0
796,33053434,4274,256440.0
797,33057512,4078,244680.0
798,33061828,4316,258960.0
799,33066155,4327,259620.0
801,33070355,4200,126000.0
802,33074632,4277,256620.0
803,33078817,4185,251100.0
804,33083087,4270,256200.0
805,33087351,4264,255840.0
806,33091583,4232,253920.0
808,33095892,4309,129270.0
809,33100059,4167,250020.0
810,33104404,4345,260700.0
811,33108643,4239,254340.0
812,33112835,4192,251520.0
813,33117155,4320,259200.0
815,33121423,4268,128040.0
816,33125776,4353,261180.0
817,33129989,4213,252780.0
818,33134403,4414,264840.0
819,33138573,4170,250200.0
820,33142886,4313,258780.0
822,33147115,4229,126870.0
823,33151285,4170,250200.0
824,33155477,4192,251520.0
825,33159822,4345,260700.0
826,33164088,4266,255960.0
827,33168333,4245,254700.0
828,33172590,4257,255420.0
830,33176846,4256,127680.0
831,33181034,4188,251280.0
832,33185238,4204,252240.0
833,33189460,4222,253320.0
834,33193683,4223,253380.0
835,33197889,4206,252360.0
837,33202089,4200,126000.0
838,33206313,4224,253440.0
839,33210463,4150,249000.0
840,33214732,4269,256140.0
841,33218917,4185,251100.0
842,33222972,4055,243300.0
844,33227079,4107,123210.0
845,33231019,3940,236400.0
846,33235023,4004,240240.0
847,33239053,4030,241800.0
848,33242904,3851,231060.0
849,33246660,3756,225360.0
851,33250348,3688,110640.0
852,33254442,4094,245640.0
853,33258420,3978,238680.0
854,33262197,3777,226620.0
856,33266005,3808,114240.0
857,33269988,3983,238980.0
858,33274113,4125,247500.0
859,33278247,4134,248040.0
860,33282548,4301,258060.0
862,33286853,4305,129150.0
863,33291340,4487,269220.0
864,33295730,4390,263400.0
865,33300156,4426,265560.0
866,33304467,4311,258660.0
868,33308810,4343,130290.0
869,33313231,4421,265260.0
870,33317603,4372,262320.0
871,33321677,4074,244440.0
872,33325887,4210,252600.0
874,33330109,4222,126660.0
875,33334449,4340,260400.0
876,33338663,4214,252840.0
877,33342735,4072,244320.0
878,33347032,4297,257820.0
880,33351229,4197,125910.0
881,33355425,4196,251760.0
882,33359604,4179,250740.0
883,33363905,4301,258060.0
884,33368127,4222,253320.0
886,33372266,4139,124170.0
887,33376602,4336,260160.0
888,33380859,4257,255420.0
889,33384982,4123,247380.0
890,33388829,3847,230820.0
892,33392735,3906,117180.0
893,33396785,4050,243000.0
894,33400821,4036,242160.0
895,33404902,4081,244860.0
896,33409036,4134,248040.0
898,33413043,4007,120210.0
899,33417149,4106,246360.0
900,33421216,4067,244020.0
901,33425033,3817,229020.0
902,33429224,4191,251460.0
903,33433456,4232,253920.0
905,33437686,4230,126900.0
906,33441890,4204,252240.0
907,33446170,4280,256800.0
908,33450463,4293,257580.0
909,33454810,4347,260820.0
911,33459244,4434,133020.0
912,33463479,4235,254100.0
913,33467669,4190,251400.0
914,33472083,4414,264840.0
915,33476550,4467,268020.0
917,33481174,4624,138720.0
918,33485669,4495,269700.0
919,33490299,4630,277800.0
920,33494750,4451,267060.0
921,33499335,4585,275100.0
922,33504000,4665,279900.0
924,33508653,4653,139590.0
925,33513356,4703,282180.0
926,33518054,4698,281880.0
927,33522699,4645,278700.0
928,33527317,4618,277080.0
929,33532055,4738,284280.0
931,33536793,4738,142140.0
932,33541513,4720,283200.0
933,33546304,4791,287460.0
934,33551087,4783,286980.0
935,33555733,4646,278760.0
937,33560426,4693,140790.0
938,33564994,4568,274080.0
939,33569659,4665,279900.0
940,33574354,4695,281700.0
941,33579054,4700,282000.0
942,33583877,4823,289380.0
944,33588631,4754,142620.0
945,33593305,4674,280440.0
946,33598131,4826,289560.0
947,33602758,4627,277620.0
948,33607588,4830,289800.0
949,33612407,4819,289140.0
951,33617191,4784,143520.0
952,33621949,4758,285480.0
953,33626660,4711,282660.0
954,33631458,4798,287880.0
955,33636176,4718,283080.0
956,33640835,4659,279540.0
958,33645586,4751,142530.0
959,33650194,4608,276480.0
960,33654882,4688,281280.0
961,33659564,4682,280920.0
962,33664214,4650,279000.0
963,33668939,4725,283500.0
965,33673673,4734,142020.0
966,33678384,4711,282660.0
967,33683205,4821,289260.0
968,33687993,4788,287280.0
969,33692718,4725,283500.0
971,33697364,4646,139380.0
972,33702076,4712,282720.0
973,33706771,4695,281700.0
974,33711556,4785,287100.0
975,33716364,4808,288480.0
976,33721130,4766,285960.0
978,33725935,4805,144150.0
979,33730647,4712,282720.0
980,33735405,4758,285480.0
981,33740121,4716,282960.0
982,33744866,4745,284700.0
983,33749611,4745,284700.0
985,33754319,4708,141240.0
986,33759053,4734,284040.0
987,33763762,4709,282540.0
988,33768565,4803,288180.0
989,33773339,4774,286440.0
990,33778112,4773,286380.0
992,33782774,4662,139860.0
993,33787441,4667,280020.0
994,33792207,4766,285960.0
995,33796890,4683,280980.0
996,33801609,4719,283140.0
997,33806496,4887,293220.0
999,33811220,4724,141720.0
1000,33815952,4732,283920.0
1001,33820641,4689,281340.0
1002,33825452,4811,288660.0
1003,33830190,4738,284280.0
1005,33834996,4806,144180.0
1006,33839781,4785,287100.0
1007,33844565,4784,287040.0
1008,33849365,4800,288000.0
1009,33854150,4785,287100.0
1010,33858988,4838,290280.0
1012,33863811,4823,144690.0
1013,33868517,4706,282360.0
1014,33873334,4817,289020.0
1015,33877984,4650,279000.0
1016,33882700,4716,282960.0
1017,33887498,4798,287880.0
1019,33892181,4683,140490.0
1020,33896869,4688,281280.0
1021,33901641,4772,286320.0
1022,33906285,4644,278640.0
1023,33910959,4674,280440.0
1024,33915697,4738,284280.0
1026,33920427,4730,141900.0
1027,33925137,4710,282600.0
1028,33929854,4717,283020.0
1029,33934620,4766,285960.0
1030,33939439,4819,289140.0
1031,33944149,4710,282600.0
1033,33948864,4715,141450.0
1034,33953605,4741,284460.0
1035,33958336,4731,283860.0
1036,33963107,4771,286260.0
1037,33967850,4743,284580.0
1039,33972597,4747,142410.0
1040,33977372,4775,286500.0
1041,33982107,4735,284100.0
1042,33986778,4671,280260.0
1043,33991577,4799,287940.0
1044,33996414,4837,290220.0
1046,34001007,4593,137790.0
1047,34005767,4760,285600.0
1048,34010513,4746,284760.0
1049,34015263,4750,285000.0
1050,34019989,4726,283560.0
1051,34024755,4766,285960.0
1053,34029479,4724,141720.0
1054,34034181,4702,282120.0
1055,34038893,4712,282720.0
1056,34043549,4656,279360.0
1057,34048359,4810,288600.0
1058,34052939,4580,274800.0
1060,34057764,4825,144750.0
1061,34062520,4756,285360.0
1062,34067293,4773,286380.0
1063,34072032,4739,284340.0
1064,34076742,4710,282600.0
1065,34081417,4675,280500.0
1067,34086122,4705,141150.0
1068,34090838,4716,282960.0
1069,34095517,4679,280740.0
1070,34100260,4743,284580.0
1071,34105132,4872,292320.0
1073,34109690,4558,136740.0
1074,34114257,4567,274020.0
1075,34118731,4474,268440.0
1076,34122912,4181,250860.0
1077,34127519,4607,276420.0
1079,34132129,4610,138300.0
1080,34136832,4703,282180.0
1081,34141534,4702,282120.0
1082,34146183,4649,278940.0
1084,34150943,4760,142800.0
1085,34155713,4770,286200.0
1086,34160533,4820,289200.0
1087,34165345,4812,288720.0
1089,34170188,4843,145290.0
1090,34175029,4841,290460.0
1091,34179851,4822,289320.0
1092,34184650,4799,287940.0
1094,34189574,4924,147720.0
1095,34194340,4766,285960.0
1096,34199062,4722,283320.0
1097,34203988,4926,295560.0
1098,34208759,4771,286260.0
1100,34213610,4851,145530.0
1101,34218197,4587,275220.0
1102,34222850,4653,279180.0
1103,34227613,4763,285780.0
1105,34232462,4849,145470.0
1106,34237184,4722,283320.0
1107,34242062,4878,292680.0
1108,34246833,4771,286260.0
1110,34251755,4922,147660.0
1111,34256498,4743,284580.0
1112,34261271,4773,286380.0
1113,34266261,4990,299400.0
1115,34271133,4872,146160.0
1116,34276016,4883,292980.0
1117,34280911,4895,293700.0
1118,34285549,4638,278280.0
1119,34290166,4617,277020.0
1121,34294761,4595,137850.0
1122,34299449,4688,281280.0
1123,34303980,4531,271860.0
1124,34308478,4498,269880.0
1126,34313049,4571,137130.0
1127,34317430,4381,262860.0
1128,34321868,4438,266280.0
1129,34326086,4218,253080.0
1131,34330245,4159,124770.0
1132,34334656,4411,264660.0
1133,34338762,4106,246360.0
1134,34342798,4036,242160.0
1136,34346988,4190,125700.0
1137,34351059,4071,244260.0
1138,34355365,4306,258360.0
1140,34359366,4001,120030.0
1141,34363514,4148,248880.0
1142,34367652,4138,248280.0
1143,34372015,4363,261780.0
1145,34376576,4561,136830.0
1146,34380908,4332,259920.0
1147,34385338,4430,265800.0
1148,34389656,4318,259080.0
1150,34394105,4449,133470.0
1151,34398496,4391,263460.0
1152,34402831,4335,260100.0
1153,34407114,4283,256980.0
1155,34411489,4375,131250.0
1156,34415906,4417,265020.0
1157,34420237,4331,259860.0
1159,34424647,4410,132300.0
1160,34428965,4318,259080.0
1161,34433340,4375,262500.0
1162,34437982,4642,278520.0
1164,34442471,4489,134670.0
1165,34447069,4598,275880.0
1166,34451656,4587,275220.0
1167,34456344,4688,281280.0
1169,34460983,4639,139170.0
1170,34465544,4561,273660.0
1171,34469981,4437,266220.0
1172,34474395,4414,264840.0
1174,34479030,4635,139050.0
1175,34483440,4410,264600.0
1176,34487906,4466,267960.0
1178,34492597,4691,140730.0
1179,34497079,4482,268920.0
1180,34501441,4362,261720.0
1181,34505961,4520,271200.0
1183,34510665,4704,141120.0
1184,34515185,4520,271200.0
1185,34519974,4789,287340.0
1186,34524564,4590,275400.0
1188,34529187,4623,138690.0
1189,34533790,4603,276180.0
1190,34538571,4781,286860.0
1191,34543098,4527,271620.0
1193,34547810,4712,141360.0
1194,34552597,4787,287220.0
1195,34557329,4732,283920.0
1196,34562017,4688,281280.0
1198,34566472,4455,133650.0
1199,34570452,3980,238800.0
1200,34574459,4007,240420.0
1201,34578638,4179,250740.0
1203,34582893,4255,127650.0
1204,34587050,4157,249420.0
1205,34591278,4228,253680.0
1207,34595340,4062,121860.0
1208,34599365,4025,241500.0
1209,34603369,4004,240240.0
1210,34607417,4048,242880.0
1212,34611357,3940,118200.0
1213,34615093,3736,224160.0
1214,34619045,3952,237120.0
1216,34622964,3919,117570.0
1217,34626866,3902,234120.0
1218,34630762,3896,233760.0
1219,34634305,3543,212580.0
1221,34637832,3527,105810.0
1222,34641490,3658,219480.0
1223,34645241,3751,225060.0
1224,34649044,3803,228180.0
1226,34653142,4098,122940.0
1227,34657237,4095,245700.0
1228,34661296,4059,243540.0
1229,34665359,4063,243780.0
1231,34668726,3367,101010.0
1232,34672392,3666,219960.0
1233,34676622,4230,253800.0
1234,34681080,4458,267480.0
1236,34685529,4449,133470.0
1237,34689976,4447,266820.0
1238,34694460,4484,269040.0
1239,34698981,4521,271260.0
1241,34703515,4534,136020.0
1242,34708059,4544,272640.0
1243,34712500,4441,266460.0
1245,34717038,4538,136140.0
1246,34721553,4515,270900.0
1247,34726037,4484,269040.0
1248,34730498,4461,267660.0
1249,34734874,4376,262560.0
1251,34739269,4395,131850.0
1252,34743632,4363,261780.0
1253,34748313,4681,280860.0
1254,34752883,4570,274200.0
1256,34757411,4528,135840.0
1257,34761957,4546,272760.0
1258,34766646,4689,281340.0
1259,34771127,4481,268860.0
1261,34775791,4664,139920.0
1262,34780325,4534,272040.0
1263,34784732,4407,264420.0
1265,34789357,4625,138750.0
1266,34793742,4385,263100.0
1267,34798209,4467,268020.0
1268,34802732,4523,271380.0
1269,34807292,4560,273600.0
1271,34811879,4587,137610.0
1272,34816459,4580,274800.0
1273,34820934,4475,268500.0
1275,34825654,4720,141600.0
1276,34830211,4557,273420.0
1277,34834762,4551,273060.0
1278,34839262,4500,270000.0
1280,34843794,4532,135960.0
1281,34848338,4544,272640.0
1282,34852846,4508,270480.0
1283,34857081,4235,254100.0
1285,34861681,4600,138000.0
1286,34866211,4530,271800.0
1287,34870725,4514,270840.0
1288,34875287,4562,273720.0
1290,34879849,4562,136860.0
1291,34884416,4567,274020.0
1292,34888820,4404,264240.0
1293,34893359,4539,272340.0
1295,34897740,4381,131430.0
1296,34902363,4623,277380.0
1297,34906903,4540,272400.0
1298,34911350,4447,266820.0
1300,34915949,4599,137970.0
1301,34920519,4570,274200.0
1302,34925121,4602,276120.0
1303,34929693,4572,274320.0
1305,34934074,4381,131430.0
1306,34938559,4485,269100.0
1307,34943100,4541,272460.0
1308,34947736,4636,278160.0
1310,34952122,4386,131580.0
1311,34956491,4369,262140.0
1312,34961078,4587,275220.0
1313,34965680,4602,276120.0
1315,34970101,4421,132630.0
1316,34974781,4680,280800.0
1317,34979358,4577,274620.0
1318,34983837,4479,268740.0
1320,34988446,4609,138270.0
1321,34993064,4618,277080.0
1322,34997596,4532,271920.0
1323,35002092,4496,269760.0
1325,35006673,4581,137430.0
1326,35011223,4550,273000.0
1327,35015692,4469,268140.0
1328,35020126,4434,266040.0
1330,35024722,4596,137880.0
1331,35029340,4618,277080.0
1332,35033864,4524,271440.0
1333,35038250,4386,263160.0
1335,35042752,4502,135060.0
1336,35047322,4570,274200.0
1337,35051974,4652,279120.0
1338,35056378,4404,264240.0
1340,35060936,4558,136740.0
1341,35065531,4595,275700.0
1342,35070070,4539,272340.0
1343,35074713,4643,278580.0
1345,35079249,4536,136080.0
1346,35083632,4383,262980.0
1347,35088332,4700,282000.0
1348,35092692,4360,261600.0
1350,35097191,4499,134970.0
1351,35101800,4609,276540.0
1352,35106246,4446,266760.0
1353,35110852,4606,276360.0
1355,35115512,4660,139800.0
1356,35120251,4739,284340.0
1357,35124816,4565,273900.0
1359,35129334,4518,135540.0
1360,35133791,4457,267420.0
1361,35138329,4538,272280.0
1362,35142653,4324,259440.0
1364,35147294,4641,139230.0
1365,35151817,4523,271380.0
1366,35156199,4382,262920.0
1367,35160641,4442,266520.0
1369,35165079,4438,133140.0
1370,35169538,4459,267540.0
1371,35173990,4452,267120.0
1372,35178409,4419,265140.0
1374,35182934,4525,135750.0
1375,35187410,4476,268560.0
1376,35191845,4435,266100.0
1377,35196447,4602,276120.0
1379,35200940,4493,134790.0
1380,35205476,4536,272160.0
1381,35210120,4644,278640.0
1382,35214633,4513,270780.0
1384,35219216,4583,137490.0
1385,35223878,4662,279720.0
1386,35228447,4569,274140.0
1387,35232901,4454,267240.0
1389,35237376,4475,134250.0
1390,35241682,4306,258360.0
1391,35246205,4523,271380.0
1392,35250683,4478,268680.0
1394,35255213,4530,135900.0
1395,35259784,4571,274260.0
1396,35264261,4477,268620.0
1397,35268809,4548,272880.0
1399,35273278,4469,134070.0
1400,35277913,4635,278100.0
1401,35282576,4663,279780.0
1402,35287192,4616,276960.0
1404,35291826,4634,139020.0
1405,35296432,4606,276360.0
1406,35300978,4546,272760.0
1407,35305537,4559,273540.0
1409,35309911,4374,131220.0
1410,35314387,4476,268560.0
1411,35318985,4598,275880.0
1412,35323459,4474,268440.0
1414,35327837,4378,131340.0
1415,35332372,4535,272100.0
1416,35336779,4407,264420.0
1417,35341194,4415,264900.0
1419,35345505,4311,129330.0
1420,35350027,4522,271320.0
1421,35354492,4465,267900.0
1422,35359009,4517,271020.0
1424,35363524,4515,135450.0
1425,35367871,4347,260820.0
1426,35372372,4501,270060.0
1427,35376808,4436,266160.0
1429,35381234,4426,132780.0
1430,35385761,4527,271620.0
1431,35390301,4540,272400.0
1432,35394733,4432,265920.0
1434,35399236,4503,135090.0
1435,35403817,4581,274860.0
1436,35408312,4495,269700.0
1437,35412774,4462,267720.0
1439,35417430,4656,139680.0
1440,35421681,4251,255060.0
1441,35425864,4183,250980.0
1443,35430243,4379,131370.0
1444,35434597,4354,261240.0
1445,35438838,4241,254460.0
1446,35443074,4236,254160.0
1448,35447282,4208,126240.0
1449,35451069,3787,227220.0
1450,35455085,4016,240960.0
1452,35458795,3710,111300.0
1453,35462383,3588,215280.0
1454,35465976,3593,215580.0
1456,35469880,3904,117120.0
1457,35473635,3755,225300.0
1458,35477549,3914,234840.0
1459,35481395,3846,230760.0
1461,35485373,3978,119340.0
1462,35489108,3735,224100.0
1463,35492934,3826,229560.0
1465,35496964,4030,120900.0
1466,35501018,4054,243240.0
1467,35505215,4197,251820.0
1469,35509359,4144,124320.0
1470,35513509,4150,249000.0
1471,35517820,4311,258660.0
1473,35521929,4109,123270.0
1474,35526139,4210,252600.0
1475,35530537,4398,263880.0
1477,35534885,4348,130440.0
1478,35539302,4417,265020.0
1479,35543225,3923,235380.0
1481,35547367,4142,124260.0
1482,35551571,4204,252240.0
1483,35555792,4221,253260.0
1485,35560024,4232,126960.0
1486,35564215,4191,251460.0
1487,35568288,4073,244380.0
1489,35572501,4213,126390.0
1490,35576620,4119,247140.0
1491,35580828,4208,252480.0
1493,35585017,4189,125670.0
1494,35589215,4198,251880.0
1495,35593311,4096,245760.0
1497,35597513,4202,126060.0
1498,35601388,3875,232500.0
1499,35605115,3727,223620.0
1501,35609045,3930,117900.0
1502,35612810,3765,225900.0
1503,35616764,3954,237240.0
1505,35620711,3947,118410.0
1506,35624607,3896,233760.0
1507,35628595,3988,239280.0
1508,35632570,3975,238500.0
1510,35636579,4009,120270.0
1511,35640487,3908,234480.0
1512,35644637,4150,249000.0
1514,35648580,3943,118290.0
1515,35652619,4039,242340.0
1516,35656617,3998,239880.0
1518,35660514,3897,116910.0
1519,35664545,4031,241860.0
1520,35668516,3971,238260.0
1522,35672510,3994,119820.0
1523,35676531,4021,241260.0
1524,35680485,3954,237240.0
1526,35684525,4040,121200.0
1527,35688753,4228,253680.0
1528,35692682,3929,235740.0
1530,35696892,4210,126300.0
1531,35701079,4187,251220.0
1532,35705245,4166,249960.0
1534,35709395,4150,124500.0
1535,35713668,4273,256380.0
1536,35717848,4180,250800.0
1538,35722114,4266,127980.0
1539,35726305,4191,251460.0
1540,35730595,4290,257400.0
1542,35734816,4221,126630.0
1543,35739048,4232,253920.0
1544,35743202,4154,249240.0
1545,35747511,4309,258540.0
1547,35751900,4389,131670.0
1548,35756262,4362,261720.0
1549,35760636,4374,262440.0
1551,35764817,4181,125430.0
1552,35769131,4314,258840.0
1553,35773488,4357,261420.0
1555,35777843,4355,130650.0
1556,35782253,4410,264600.0
1557,35786700,4447,266820.0
1559,35791105,4405,132150.0
1560,35795553,4448,266880.0
1561,35800186,4633,277980.0
1563,35804580,4394,131820.0
1564,35809146,4566,273960.0
1565,35813563,4417,265020.0
1567,35818050,4487,134610.0
1568,35822578,4528,271680.0
1569,35827077,4499,269940.0
1571,35831541,4464,133920.0
1572,35836132,4591,275460.0
1573,35840699,4567,274020.0
1574,35845177,4478,268680.0
1576,35849647,4470,134100.0
1577,35854063,4416,264960.0
1578,35858574,4511,270660.0
1580,35863132,4558,136740.0
1581,35867659,4527,271620.0
1582,35872210,4551,273060.0
1584,35876851,4641,139230.0
1585,35881319,4468,268080.0
1586,35885716,4397,263820.0
1588,35890315,4599,137970.0
1589,35894965,4650,279000.0
1590,35899417,4452,267120.0
1592,35903886,4469,134070.0
1593,35908366,4480,268800.0
1594,35912804,4438,266280.0
1596,35917427,4623,138690.0
1597,35921875,4448,266880.0
1598,35926323,4448,266880.0
1600,35930742,4419,132570.0
1601,35935260,4518,271080.0
1602,35939858,4598,275880.0
1603,35944364,4506,270360.0
1605,35948804,4440,133200.0
1606,35953247,4443,266580.0
1607,35957630,4383,262980.0
1609,35962245,4615,138450.0
1610,35966708,4463,267780.0
1611,35971284,4576,274560.0
1613,35975777,4493,134790.0
1614,35980324,4547,272820.0
1615,35984843,4519,271140.0
1617,35989272,4429,132870.0
1618,35993729,4457,267420.0
1619,35998257,4528,271680.0
1621,36002757,4500,135000.0
1622,36007251,4494,269640.0
1623,36011174,3923,235380.0
1624,36015122,3948,236880.0
1625,36019073,3951,237060.0
1626,36023001,3928,235680.0
1628,36026988,3987,119610.0
1629,36030960,3972,238320.0
1630,36034969,4009,240540.0
1631,36039009,4040,242400.0
1632,36043001,3992,239520.0
1633,36046688,3687,221220.0
1634,36049116,2428,145680.0
1635,36051894,2778,166680.0
1636,36054816,2922,175320.0
1638,36057897,3081,92430.0
1639,36061049,3152,189120.0
1640,36064217,3168,190080.0
1641,36067521,3304,198240.0
1642,36070783,3262,195720.0
1643,36074086,3303,198180.0
1644,36077402,3316,198960.0
1645,36080822,3420,205200.0
1646,36084155,3333,199980.0
1647,36087592,3437,206220.0
1649,36091041,3449,103470.0
1650,36094451,3410,204600.0
1651,36097841,3390,203400.0
1652,36101266,3425,205500.0
1653,36104757,3491,209460.0
1654,36108268,3511,210660.0
1655,36111812,3544,212640.0
1656,36115222,3410,204600.0
1657,36118787,3565,213900.0
1658,36122368,3581,214860.0
1660,36125919,3551,106530.0
1661,36129488,3569,214140.0
1662,36133027,3539,212340.0
1663,36136641,3614,216840.0
1664,36140271,3630,217800.0
1665,36143885,3614,216840.0
1666,36147527,3642,218520.0
1667,36151071,3544,212640.0
1668,36154674,3603,216180.0
1670,36158387,3713,111390.0
1671,36162002,3615,216900.0
1672,36165681,3679,220740.0
1673,36169449,3768,226080.0
1674,36173131,3682,220920.0
1675,36176835,3704,222240.0
1676,36180566,3731,223860.0
1677,36184280,3714,222840.0
1678,36187963,3683,220980.0
1680,36191638,3675,110250.0
1681,36195400,3762,225720.0
1682,36199167,3767,226020.0
1683,36202997,3830,229800.0
1684,36206788,3791,227460.0
1685,36210649,3861,231660.0
1686,36214446,3797,227820.0
1687,36218310,3864,231840.0
1688,36222131,3821,229260.0
1690,36226014,3883,116490.0
1691,36229777,3763,225780.0
1692,36233549,3772,226320.0
1693,36237432,3883,232980.0
1694,36241246,3814,228840.0
1695,36245161,3915,234900.0
1696,36249107,3946,236760.0
1697,36252948,3841,230460.0
1698,36256792,3844,230640.0
1700,36260653,3861,115830.0
1701,36264581,3928,235680.0
1702,36268420,3839,230340.0
1703,36272398,3978,238680.0
1704,36276382,3984,239040.0
1705,36280261,3879,232740.0
1706,36284089,3828,229680.0
1707,36287920,3831,229860.0
1708,36291876,3956,237360.0
1710,36295743,3867,116010.0
1711,36299661,3918,235080.0
1712,36303652,3991,239460.0
1713,36307496,3844,230640.0
1714,36311451,3955,237300.0
1715,36315336,3885,233100.0
1716,36319223,3887,233220.0
1717,36323099,3876,232560.0
1718,36326874,3775,226500.0
1720,36330709,3835,115050.0
1721,36334538,3829,229740.0
1722,36338213,3675,220500.0
1723,36341877,3664,219840.0
1724,36345457,3580,214800.0
1725,36349036,3579,214740.0
1726,36352742,3706,222360.0
1728,36356353,3611,108330.0
1729,36359980,3627,217620.0
1730,36363600,3620,217200.0
1731,36367391,3791,227460.0
1732,36371060,3669,220140.0
1733,36374772,3712,222720.0
1735,36378491,3719,111570.0
1736,36382200,3709,222540.0
1737,36385835,3635,218100.0
1738,36389607,3772,226320.0
1739,36393225,3618,217080.0
1740,36396879,3654,219240.0
1741,36400585,3706,222360.0
1742,36403969,3384,203040.0
1744,36407579,3610,108300.0
1745,36411195,3616,216960.0
1746,36414865,3670,220200.0
1747,36418615,3750,225000.0
1748,36422359,3744,224640.0
1749,36426074,3715,222900.0
1750,36429813,3739,224340.0
1751,36433497,3684,221040.0
1753,36437251,3754,112620.0
1754,36440913,3662,219720.0
1755,36444644,3731,223860.0
1756,36448295,3651,219060.0
1757,36451944,3649,218940.0
1758,36455645,3701,222060.0
1759,36459410,3765,225900.0
1761,36463098,3688,110640.0
1762,36466594,3496,209760.0
1763,36470064,3470,208200.0
1764,36473368,3304,198240.0
1765,36476792,3424,205440.0
1766,36479937,3145,188700.0
1767,36483372,3435,206100.0
1769,36486858,3486,104580.0
1770,36490296,3438,206280.0
1771,36493700,3404,204240.0
1772,36496826,3126,187560.0
1773,36500089,3263,195780.0
1774,36503729,3640,218400.0
1775,36507426,3697,221820.0
1777,36511100,3674,110220.0
1778,36514728,3628,217680.0
1779,36518479,3751,225060.0
1780,36522091,3612,216720.0
1781,36525749,3658,219480.0
1782,36529277,3528,211680.0
1784,36532741,3464,103920.0
1785,36536348,3607,216420.0
1786,36540018,3670,220200.0
1787,36543649,3631,217860.0
1788,36547120,3471,208260.0
1789,36550830,3710,222600.0
1790,36554549,3719,223140.0
1792,36558120,3571,107130.0
1793,36561789,3669,220140.0
1794,36565438,3649,218940.0
1795,36569021,3583,214980.0
1796,36572694,3673,220380.0
1797,36576248,3554,213240.0
1799,36579647,3399,101970.0
1800,36583116,3469,208140.0
1801,36586637,3521,211260.0
1802,36590084,3447,206820.0
1803,36593439,3355,201300.0
1805,36596711,3272,98160.0
1806,36599915,3204,192240.0
1807,36603266,3351,201060.0
1808,36606671,3405,204300.0
1809,36610041,3370,202200.0
1810,36613439,3398,203880.0
1812,36616744,3305,99150.0
1813,36620071,3327,199620.0
1814,36623361,3290,197400.0
1815,36626697,3336,200160.0
1816,36630064,3367,202020.0
1818,36633367,3303,99090.0
1819,36636590,3223,193380.0
1820,36639935,3345,200700.0
1821,36643298,3363,201780.0
1822,36646717,3419,205140.0
1823,36650177,3460,207600.0
1825,36653580,3403,102090.0
1826,36657041,3461,207660.0
1827,36660484,3443,206580.0
1828,36663931,3447,206820.0
1829,36667412,3481,208860.0
1830,36670758,3346,200760.0
1832,36674425,3667,110010.0
1833,36678022,3597,215820.0
1834,36681685,3663,219780.0
1835,36685436,3751,225060.0
1836,36689380,3944,236640.0
1837,36693150,3770,226200.0
1839,36696936,3786,113580.0
1840,36700579,3643,218580.0
1841,36704444,3865,231900.0
1842,36708202,3758,225480.0
1843,36712017,3815,228900.0
1844,36715776,3759,225540.0
1846,36719630,3854,115620.0
1847,36723366,3736,224160.0
1848,36727100,3734,224040.0
1849,36731048,3948,236880.0
1850,36734749,3701,222060.0
1851,36738516,3767,226020.0
1853,36742228,3712,111360.0
1854,36746033,3805,228300.0
1855,36749719,3686,221160.0
1856,36753647,3928,235680.0
1857,36757326,3679,220740.0
1858,36761088,3762,225720.0
1860,36764798,3710,111300.0
1861,36768636,3838,230280.0
1862,36772496,3860,231600.0
1863,36776382,3886,233160.0
1864,36780123,3741,224460.0
1866,36783910,3787,113610.0
1867,36787653,3743,224580.0
1868,36791414,3761,225660.0
1869,36795207,3793,227580.0
1870,36798992,3785,227100.0
1871,36802690,3698,221880.0
1873,36806512,3822,114660.0
1874,36810231,3719,223140.0
1875,36814095,3864,231840.0
1876,36817842,3747,224820.0
1877,36821562,3720,223200.0
1878,36825365,3803,228180.0
1880,36829090,3725,111750.0
1881,36832906,3816,228960.0
1882,36836745,3839,230340.0
1883,36840610,3865,231900.0
1884,36844380,3770,226200.0
1885,36848022,3642,218520.0
1887,36851806,3784,113520.0
1888,36855634,3828,229680.0
1889,36859495,3861,231660.0
1890,36863353,3858,231480.0
1891,36867096,3743,224580.0
1892,36870859,3763,225780.0
1894,36874687,3828,114840.0
1895,36878414,3727,223620.0
1896,36882311,3897,233820.0
1897,36886039,3728,223680.0
1898,36889996,3957,237420.0
1899,36893815,3819,229140.0
1901,36897601,3786,113580.0
1902,36901333,3732,223920.0
1903,36905051,3718,223080.0
1904,36908853,3802,228120.0
1905,36912633,3780,226800.0
1906,36916499,3866,231960.0
1908,36920274,3775,113250.0
1909,36924042,3768,226080.0
1910,36927727,3685,221100.0
1911,36931485,3758,225480.0
1912,36935291,3806,228360.0
1914,36939141,3850,115500.0
1915,36942841,3700,222000.0
1916,36946720,3879,232740.0
1917,36950540,3820,229200.0
1918,36954168,3628,217680.0
1919,36957970,3802,228120.0
1921,36961611,3641,109230.0
1922,36965313,3702,222120.0
1923,36969129,3816,228960.0
1924,36972893,3764,225840.0
1925,36976771,3878,232680.0
1926,36980659,3888,233280.0
1928,36984495,3836,115080.0
1929,36988307,3812,228720.0
1930,36992191,3884,233040.0
1931,36996022,3831,229860.0
1932,36999828,3806,228360.0
1933,37003652,3824,229440.0
1935,37007595,3943,118290.0
1936,37011599,4004,240240.0
1937,37015543,3944,236640.0
1938,37019347,3804,228240.0
1939,37023135,3788,227280.0
1940,37027001,3866,231960.0
1942,37030811,3810,114300.0
1943,37034644,3833,229980.0
1944,37038606,3962,237720.0
1945,37042487,3881,232860.0
1946,37046322,3835,230100.0
1947,37050144,3822,229320.0
1949,37054228,4084,122520.0
1950,37058239,4011,240660.0
1951,37062373,4134,248040.0
1952,37066416,4043,242580.0
1953,37070531,4115,246900.0
1955,37074682,4151,124530.0
1956,37078744,4062,243720.0
1957,37082858,4114,246840.0
1958,37086975,4117,247020.0
1959,37090984,4009,240540.0
1960,37095083,4099,245940.0
1962,37099228,4145,124350.0
1963,37103231,4003,240180.0
1964,37107293,4062,243720.0
1965,37111422,4129,247740.0
1966,37115532,4110,246600.0
1967,37119692,4160,249600.0
1969,37123796,4104,123120.0
1970,37127900,4104,246240.0
1971,37131960,4060,243600.0
1972,37135955,3995,239700.0
1973,37140064,4109,246540.0
1974,37144178,4114,246840.0
1976,37148319,4141,124230.0
1977,37152434,4115,246900.0
1978,37156523,4089,245340.0
1979,37160490,3967,238020.0
1980,37164633,4143,248580.0
1981,37168736,4103,246180.0
1983,37172829,4093,122790.0
1984,37177002,4173,250380.0
1985,37181090,4088,245280.0
1986,37185224,4134,248040.0
1987,37189394,4170,250200.0
1988,37193549,4155,249300.0
1990,37197633,4084,122520.0
1991,37201724,4091,245460.0
1992,37205871,4147,248820.0
1993,37210029,4158,249480.0
1994,37214110,4081,244860.0
1995,37218151,4041,242460.0
1997,37222300,4149,124470.0
1998,37226409,4109,246540.0
1999,37230577,4168,250080.0
2000,37234683,4106,246360.0
2001,37238873,4190,251400.0
2003,37243022,4149,124470.0
2004,37247023,4001,240060.0
2005,37251181,4158,249480.0
2006,37255287,4106,246360.0
2007,37259362,4075,244500.0
2008,37263512,4150,249000.0
2010,37267619,4107,123210.0
2011,37271610,3991,239460.0
2012,37275697,4087,245220.0
2013,37279775,4078,244680.0
2014,37283902,4127,247620.0
2015,37287958,4056,243360.0
2017,37291962,4004,120120.0
2018,37296171,4209,252540.0
2019,37300294,4123,247380.0
2020,37304398,4104,246240.0
2021,37308516,4118,247080.0
2022,37312648,4132,247920.0
2024,37316590,3942,118260.0
2025,37320845,4255,255300.0
2026,37324886,4041,242460.0
2027,37329066,4180,250800.0
2028,37333219,4153,249180.0
2029,37337378,4159,249540.0
2031,37341424,4046,121380.0
2032,37345553,4129,247740.0
2033,37349715,4162,249720.0
2034,37353782,4067,244020.0
2035,37357888,4106,246360.0
2036,37362027,4139,248340.0
2038,37366205,4178,125340.0
2039,37370324,4119,247140.0
2040,37374323,3999,239940.0
2041,37378446,4123,247380.0
2042,37382527,4081,244860.0
2043,37386684,4157,249420.0
2045,37390743,4059,121770.0
2046,37394822,4079,244740.0
2047,37398915,4093,245580.0
2048,37402983,4068,244080.0
2049,37407065,4082,244920.0
2050,37411191,4126,247560.0
2052,37415319,4128,123840.0
2053,37419399,4080,244800.0
2054,37423499,4100,246000.0
2055,37427722,4223,253380.0
2056,37431867,4145,248700.0
2058,37435971,4104,123120.0
2059,37440029,4058,243480.0
2060,37444136,4107,246420.0
2061,37448290,4154,249240.0
2062,37452447,4157,249420.0
2063,37456222,3775,226500.0
2065,37460297,4075,122250.0
2066,37464268,3971,238260.0
2067,37468103,3835,230100.0
2068,37472068,3965,237900.0
2069,37476034,3966,237960.0
2071,37480093,4059,121770.0
2072,37483877,3784,227040.0
2073,37487732,3855,231300.0
2074,37491627,3895,233700.0
2076,37495563,3936,118080.0
2077,37499630,4067,244020.0
2078,37503554,3924,235440.0
2079,37507490,3936,236160.0
2080,37511439,3949,236940.0
2082,37515444,4005,120150.0
2083,37519104,3660,219600.0
2084,37522960,3856,231360.0
2085,37526772,3812,228720.0
2087,37530660,3888,116640.0
2088,37534642,3982,238920.0
2089,37538612,3970,238200.0
2090,37542076,3464,207840.0
2091,37545721,3645,218700.0
2093,37549400,3679,110370.0
2094,37553077,3677,220620.0
2095,37556810,3733,223980.0
2096,37560538,3728,223680.0
2098,37564205,3667,110010.0
2099,37568006,3801,228060.0
2100,37571643,3637,218220.0
2101,37575331,3688,221280.0
2102,37579036,3705,222300.0
2104,37582885,3849,115470.0
2105,37586844,3959,237540.0
2106,37590825,3981,238860.0
2107,37594523,3698,221880.0
2109,37598131,3608,108240.0
2110,37601848,3717,223020.0
2111,37605458,3610,216600.0
2112,37609259,3801,228060.0
2114,37613042,3783,113490.0
2115,37616921,3879,232740.0
2116,37620684,3763,225780.0
2117,37624551,3867,232020.0
2118,37628345,3794,227640.0
2120,37632207,3862,115860.0
2121,37636059,3852,231120.0
2122,37639482,3423,205380.0
2123,37643267,3785,227100.0
2125,37647061,3794,113820.0
2126,37651011,3950,237000.0
2127,37654908,3897,233820.0
2128,37658860,3952,237120.0
2130,37662964,4104,123120.0
2131,37666915,3951,237060.0
2132,37671005,4090,245400.0
2133,37674909,3904,234240.0
2134,37679021,4112,246720.0
2136,37683140,4119,123570.0
2137,37687229,4089,245340.0
2138,37691403,4174,250440.0
2139,37695550,4147,248820.0
2141,37699666,4116,123480.0
2142,37703852,4186,251160.0
2143,37707949,4097,245820.0
2144,37712056,4107,246420.0
2146,37716330,4274,128220.0
2147,37720498,4168,250080.0
2148,37724653,4155,249300.0
2149,37728818,4165,249900.0
2150,37732915,4097,245820.0
2152,37737066,4151,124530.0
2153,37741125,4059,243540.0
2154,37745214,4089,245340.0
2155,37749267,4053,243180.0
2157,37753369,4102,123060.0
2158,37757496,4127,247620.0
2159,37761667,4171,250260.0
2160,37765878,4211,252660.0
2161,37769970,4092,245520.0
2163,37774015,4045,121350.0
2164,37778110,4095,245700.0
2165,37782290,4180,250800.0
2166,37786463,4173,250380.0
2168,37790518,4055,121650.0
2169,37794632,4114,246840.0
2170,37798783,4151,249060.0
2171,37802824,4041,242460.0
2173,37807068,4244,127320.0
2174,37811181,4113,246780.0
2175,37815277,4096,245760.0
2176,37819160,3883,232980.0
2177,37823392,4232,253920.0
2179,37827601,4209,126270.0
2180,37831761,4160,249600.0
2181,37836082,4321,259260.0
2182,37840336,4254,255240.0
2183,37844405,4069,244140.0
2184,37848734,4329,259740.0
2186,37853041,4307,129210.0
2187,37857286,4245,254700.0
2188,37861603,4317,259020.0
2189,37866005,4402,264120.0
2190,37870240,4235,254100.0
2192,37874568,4328,129840.0
2193,37878683,4115,246900.0
2194,37883104,4421,265260.0
2195,37887481,4377,262620.0
2196,37891879,4398,263880.0
2197,37896346,4467,268020.0
2199,37900755,4409,132270.0
2200,37905146,4391,263460.0
2201,37909539,4393,263580.0
2202,37913855,4316,258960.0
2203,37918356,4501,270060.0
2204,37922595,4239,254340.0
2206,37927126,4531,135930.0
2207,37931447,4321,259260.0
2208,37935795,4348,260880.0
2209,37940074,4279,256740.0
2210,37944478,4404,264240.0
2211,37948917,4439,266340.0
2213,37953283,4366,130980.0
2214,37957643,4360,261600.0
2215,37961997,4354,261240.0
2216,37966446,4449,266940.0
2217,37970820,4374,262440.0
2219,37975218,4398,131940.0
2220,37979676,4458,267480.0
2221,37984040,4364,261840.0
2222,37988417,4377,262620.0
2223,37992705,4288,257280.0
2224,37997132,4427,265620.0
2226,38001516,4384,131520.0
2227,38005910,4394,263640.0
2228,38010403,4493,269580.0
2229,38014792,4389,263340.0
2230,38019203,4411,264660.0
2231,38023525,4322,259320.0
2233,38027914,4389,131670.0
2234,38032186,4272,256320.0
2235,38036658,4472,268320.0
2236,38041136,4478,268680.0
2237,38045485,4349,260940.0
2238,38049850,4365,261900.0
2240,38054160,4310,129300.0
2241,38058569,4409,264540.0
2242,38062931,4362,261720.0
2243,38067354,4423,265380.0
2244,38071746,4392,263520.0
2246,38076060,4314,129420.0
2247,38080470,4410,264600.0
2248,38084825,4355,261300.0
2249,38089222,4397,263820.0
2250,38093464,4242,254520.0
2251,38097820,4356,261360.0
2253,38102252,4432,132960.0
2254,38106557,4305,258300.0
2255,38110960,4403,264180.0
2256,38115258,4298,257880.0
2257,38119584,4326,259560.0
2258,38123977,4393,263580.0
2260,38128346,4369,131070.0
2261,38132769,4423,265380.0
2262,38137181,4412,264720.0
2263,38141524,4343,260580.0
2264,38145902,4378,262680.0
2265,38150361,4459,267540.0
2267,38154838,4477,134310.0
2268,38159172,4334,260040.0
2269,38163571,4399,263940.0
2270,38167981,4410,264600.0
2271,38172383,4402,264120.0
2273,38176851,4468,134040.0
2274,38181217,4366,261960.0
2275,38185604,4387,263220.0
2276,38189980,4376,262560.0
2277,38194284,4304,258240.0
2278,38198663,4379,262740.0
2280,38203057,4394,131820.0
2281,38207482,4425,265500.0
2282,38211604,4122,247320.0
2283,38215620,4016,240960.0
2284,38219736,4116,246960.0
2286,38223848,4112,123360.0
2287,38227945,4097,245820.0
2288,38231999,4054,243240.0
2289,38236144,4145,248700.0
2290,38240247,4103,246180.0
2291,38244368,4121,247260.0
2293,38248408,4040,121200.0
2294,38252454,4046,242760.0
2295,38256463,4009,240540.0
2296,38260638,4175,250500.0
2297,38264792,4154,249240.0
2298,38268868,4076,244560.0
2300,38272924,4056,121680.0
2301,38277062,4138,248280.0
2302,38281132,4070,244200.0
2303,38285333,4201,252060.0
2304,38289430,4097,245820.0
2306,38293567,4137,124110.0
2307,38297742,4175,250500.0
2308,38301840,4098,245880.0
2309,38305836,3996,239760.0
2310,38309965,4129,247740.0
2312,38313988,4023,120690.0
2313,38318076,4088,245280.0
2314,38322163,4087,245220.0
2315,38326155,3992,239520.0
2316,38330311,4156,249360.0
2317,38334358,4047,242820.0
2319,38338182,3824,114720.0
2320,38341900,3718,223080.0
2321,38345772,3872,232320.0
2322,38349360,3588,215280.0
2324,38353020,3660,109800.0
2325,38356773,3753,225180.0
2326,38360621,3848,230880.0
2327,38364570,3949,236940.0
2329,38368405,3835,115050.0
2330,38372356,3951,237060.0
2331,38376267,3911,234660.0
2332,38380300,4033,241980.0
2334,38384191,3891,116730.0
2335,38388191,4000,240000.0
2336,38392148,3957,237420.0
2337,38396112,3964,237840.0
2339,38400074,3962,118860.0
2340,38403963,3889,233340.0
2341,38407785,3822,229320.0
2342,38411821,4036,242160.0
2343,38415749,3928,235680.0
2345,38419802,4053,121590.0
2346,38423900,4098,245880.0
2347,38428039,4139,248340.0
2348,38432032,3993,239580.0
2350,38435781,3749,112470.0
2351,38439688,3907,234420.0
2352,38443642,3954,237240.0
2353,38447583,3941,236460.0
2355,38451545,3962,118860.0
2356,38455332,3787,227220.0
2357,38459217,3885,233100.0
2358,38463277,4060,243600.0
2360,38467225,3948,118440.0
2361,38471200,3975,238500.0
2362,38475225,4025,241500.0
2363,38479120,3895,233700.0
2365,38482796,3676,110280.0
2366,38486451,3655,219300.0
2367,38490424,3973,238380.0
2368,38494261,3837,230220.0
2370,38498251,3990,119700.0
2371,38502283,4032,241920.0
2372,38506213,3930,235800.0
2373,38510091,3878,232680.0
2375,38514017,3926,117780.0
2376,38518212,4195,251700.0
2377,38522233,4021,241260.0
2378,38526386,4153,249180.0
2379,38530473,4087,245220.0
2381,38534540,4067,122010.0
2382,38538675,4135,248100.0
2383,38542851,4176,250560.0
2384,38546943,4092,245520.0
2386,38551094,4151,124530.0
2387,38555190,4096,245760.0
2388,38559275,4085,245100.0
2389,38563391,4116,246960.0
2391,38567597,4206,126180.0
2392,38571765,4168,250080.0
2393,38575822,4057,243420.0
2394,38579823,4001,240060.0
2396,38583925,4102,123060.0
2397,38587959,4034,242040.0
2398,38591785,3826,229560.0
2399,38595585,3800,228000.0
2401,38599369,3784,113520.0
2402,38603294,3925,235500.0
2403,38606731,3437,206220.0
2404,38609981,3250,195000.0
2405,38613224,3243,194580.0
2406,38616468,3244,194640.0
2407,38619690,3222,193320.0
2409,38622963,3273,98190.0
2410,38626222,3259,195540.0
2411,38629552,3330,199800.0
2412,38632616,3064,183840.0
2413,38635732,3116,186960.0
2414,38638975,3243,194580.0
2415,38642199,3224,193440.0
2416,38645406,3207,192420.0
2417,38648607,3201,192060.0
2418,38651800,3193,191580.0
2420,38655150,3350,100500.0
2421,38658363,3213,192780.0
2422,38661635,3272,196320.0
2423,38664856,3221,193260.0
2424,38668124,3268,196080.0
2425,38671259,3135,188100.0
2426,38674481,3222,193320.0
2427,38677746,3265,195900.0
2428,38681094,3348,200880.0
2430,38684245,3151,94530.0
2431,38687413,3168,190080.0
2432,38690521,3108,186480.0
2433,38693767,3246,194760.0
2434,38696955,3188,191280.0
2435,38700173,3218,193080.0
2436,38703503,3330,199800.0
2437,38706802,3299,197940.0
2438,38710137,3335,200100.0
2440,38713118,2981,89430.0
2441,38716084,2966,177960.0
2442,38719273,3189,191340.0
2443,38722605,3332,199920.0
2444,38726047,3442,206520.0
2445,38729458,3411,204660.0
2446,38732871,3413,204780.0
2447,38736301,3430,205800.0
2448,38739643,3342,200520.0
2449,38743094,3451,207060.0
2451,38746523,3429,102870.0
2452,38749884,3361,201660.0
2453,38753266,3382,202920.0
2454,38756704,3438,206280.0
2455,38760089,3385,203100.0
2456,38763479,3390,203400.0
2457,38766838,3359,201540.0
2458,38770185,3347,200820.0
2459,38773608,3423,205380.0
2461,38776957,3349,100470.0
2462,38780374,3417,205020.0
2463,38783736,3362,201720.0
2464,38787151,3415,204900.0
2465,38790544,3393,203580.0
2466,38794058,3514,210840.0
2467,38797528,3470,208200.0
2468,38801072,3544,212640.0
2469,38804613,3541,212460.0
2470,38808108,3495,209700.0
2472,38811574,3466,103980.0
2473,38815121,3547,212820.0
2474,38818621,3500,210000.0
2475,38822164,3543,212580.0
2476,38825764,3600,216000.0
2477,38829355,3591,215460.0
2478,38832832,3477,208620.0
2479,38836425,3593,215580.0
2480,38840034,3609,216540.0
2482,38843648,3614,108420.0
2483,38847222,3574,214440.0
2484,38850860,3638,218280.0
2485,38854484,3624,217440.0
2486,38858099,3615,216900.0
2487,38861725,3626,217560.0
2488,38865394,3669,220140.0
2489,38869029,3635,218100.0
2490,38872646,3617,217020.0
2491,38876322,3676,220560.0
2493,38879941,3619,108570.0
2494,38883612,3671,220260.0
2495,38887323,3711,222660.0
2496,38890981,3658,219480.0
2497,38894782,3801,228060.0
2498,38898542,3760,225600.0
2499,38902206,3664,219840.0
2500,38905961,3755,225300.0
2501,38909794,3833,229980.0
2503,38913687,3893,116790.0
2504,38917509,3822,229320.0
2505,38921485,3976,238560.0
2506,38925364,3879,232740.0
2507,38929169,3805,228300.0
2508,38933076,3907,234420.0
2509,38936934,3858,231480.0
2510,38940854,3920,235200.0
2511,38944710,3856,231360.0
2512,38948578,3868,232080.0
2514,38952596,4018,120540.0
2515,38956504,3908,234480.0
2516,38960369,3865,231900.0
2517,38964350,3981,238860.0
2518,38968299,3949,236940.0
2519,38972175,3876,232560.0
2520,38976024,3849,230940.0
2521,38979831,3807,228420.0
2522,38983679,3848,230880.0
2523,38987478,3799,227940.0
2525,38991429,3951,118530.0
2526,38995266,3837,230220.0
2527,38999150,3884,233040.0
2528,39003025,3875,232500.0
2529,39006934,3909,234540.0
2530,39010931,3997,239820.0
2531,39014884,3953,237180.0
2532,39018820,3936,236160.0
2533,39022892,4072,244320.0
2534,39026805,3913,234780.0
2536,39030574,3769,113070.0
2537,39034557,3983,238980.0
2538,39038480,3923,235380.0
2539,39042467,3987,239220.0
2540,39046388,3921,235260.0
2541,39050235,3847,230820.0
2542,39054182,3947,236820.0
2543,39058149,3967,238020.0
2544,39062057,3908,234480.0
2545,39065957,3900,234000.0
2547,39069904,3947,118410.0
2548,39073760,3856,231360.0
2549,39077612,3852,231120.0
2550,39081494,3882,232920.0
2551,39085338,3844,230640.0
2552,39089254,3916,234960.0
2553,39093170,3916,234960.0
2554,39097052,3882,232920.0
2555,39101006,3954,237240.0
2556,39104957,3951,237060.0
2558,39108903,3946,118380.0
2559,39112847,3944,236640.0
2560,39116704,3857,231420.0
2561,39120543,3839,230340.0
2562,39124382,3839,230340.0
2563,39128300,3918,235080.0
2564,39132250,3950,237000.0
2565,39136157,3907,234420.0
2566,39140091,3934,236040.0
2567,39143937,3846,230760.0
2569,39147843,3906,117180.0
2570,39151711,3868,232080.0
2571,39155642,3931,235860.0
2572,39159563,3921,235260.0
2573,39163516,3953,237180.0
2574,39167435,3919,235140.0
2575,39171323,3888,233280.0
2576,39175291,3968,238080.0
2577,39179219,3928,235680.0
2578,39183141,3922,235320.0
2580,39186993,3852,115560.0
2581,39190978,3985,239100.0
2582,39194906,3928,235680.0
2583,39198814,3908,234480.0
2584,39202587,3773,226380.0
2585,39206422,3835,230100.0
2586,39210256,3834,230040.0
2587,39214161,3905,234300.0
2588,39218087,3926,235560.0
2589,39221928,3841,230460.0
2591,39225758,3830,114900.0
2592,39229611,3853,231180.0
2593,39233567,3956,237360.0
2594,39237424,3857,231420.0
2595,39241323,3899,233940.0
2596,39245266,3943,236580.0
2597,39249155,3889,233340.0
2598,39252931,3776,226560.0
2599,39256817,3886,233160.0
2601,39260706,3889,116670.0
2602,39264487,3781,226860.0
2603,39268369,3882,232920.0
2604,39272181,3812,228720.0
2605,39276055,3874,232440.0
2606,39279845,3790,227400.0
2607,39283626,3781,226860.0
2608,39287442,3816,228960.0
2609,39291379,3937,236220.0
2610,39295251,3872,232320.0
2611,39299177,3926,235560.0
2613,39302968,3791,113730.0
2614,39306920,3952,237120.0
2615,39310745,3825,229500.0
2616,39314536,3791,227460.0
2617,39318370,3834,230040.0
2618,39322098,3728,223680.0
2619,39326018,3920,235200.0
2620,39329845,3827,229620.0
2621,39333773,3928,235680.0
2622,39337609,3836,230160.0
2624,39341533,3924,117720.0
2625,39345488,3955,237300.0
2626,39349380,3892,233520.0
2627,39353293,3913,234780.0
2628,39357175,3882,232920.0
2629,39361038,3863,231780.0
2630,39364940,3902,234120.0
2631,39368790,3850,231000.0
2632,39372799,4009,240540.0
2633,39376704,3905,234300.0
2635,39380641,3937,118110.0
2636,39384608,3967,238020.0
2637,39388524,3916,234960.0
2638,39392349,3825,229500.0
2639,39396141,3792,227520.0
2640,39400077,3936,236160.0
2641,39403993,3916,234960.0
2642,39407568,3575,214500.0
2643,39411297,3729,223740.0
2644,39414979,3682,220920.0
2646,39418653,3674,110220.0
2647,39422258,3605,216300.0
2648,39425831,3573,214380.0
2649,39429513,3682,220920.0
2650,39433237,3724,223440.0
2651,39436756,3519,211140.0
2652,39440384,3628,217680.0
2653,39443946,3562,213720.0
2654,39447573,3627,217620.0
2655,39451160,3587,215220.0
2657,39454795,3635,109050.0
2658,39458331,3536,212160.0
2659,39461452,3121,187260.0
2660,39464736,3284,197040.0
2661,39467838,3102,186120.0
2662,39471035,3197,191820.0
2663,39474289,3254,195240.0
2665,39477520,3231,96930.0
2666,39480715,3195,191700.0
2667,39483888,3173,190380.0
2668,39486993,3105,186300.0
2669,39490138,3145,188700.0
2670,39493355,3217,193020.0
2672,39496530,3175,95250.0
2673,39499568,3038,182280.0
2674,39502725,3157,189420.0
2675,39505869,3144,188640.0
2676,39509072,3203,192180.0
2677,39512300,3228,193680.0
2678,39515578,3278,196680.0
2680,39518872,3294,98820.0
2681,39522189,3317,199020.0
2682,39525606,3417,205020.0
2683,39529080,3474,208440.0
2684,39532479,3399,203940.0
2685,39535758,3279,196740.0
2686,39538978,3220,193200.0
2687,39542275,3297,197820.0
2689,39545760,3485,104550.0
2690,39549256,3496,209760.0
2691,39552654,3398,203880.0
2692,39556130,3476,208560.0
2693,39559560,3430,205800.0
2694,39563042,3482,208920.0
2695,39566520,3478,208680.0
2697,39569999,3479,104370.0
2698,39573447,3448,206880.0
2699,39576986,3539,212340.0
2700,39580502,3516,210960.0
2701,39583951,3449,206940.0
2702,39587365,3414,204840.0
2703,39590814,3449,206940.0
2705,39594352,3538,106140.0
2706,39597898,3546,212760.0
2707,39601555,3657,219420.0
2708,39605114,3559,213540.0
2709,39608518,3404,204240.0
2710,39612041,3523,211380.0
2711,39615547,3506,210360.0
2712,39619186,3639,218340.0
2714,39622851,3665,109950.0
2715,39626442,3591,215460.0
2716,39629991,3549,212940.0
2717,39633758,3767,226020.0
2718,39637317,3559,213540.0
2719,39640932,3615,216900.0
2720,39644540,3608,216480.0
2722,39648212,3672,110160.0
2723,39651813,3601,216060.0
2724,39655446,3633,217980.0
2725,39659053,3607,216420.0
2726,39662702,3649,218940.0
2727,39666368,3666,219960.0
2728,39669994,3626,217560.0
2729,39673586,3592,215520.0
2731,39677210,3624,108720.0
2732,39680794,3584,215040.0
2733,39684433,3639,218340.0
2734,39688055,3622,217320.0
2735,39691740,3685,221100.0
2736,39695400,3660,219600.0
2737,39698996,3596,215760.0
2738,39702588,3592,215520.0
2740,39706178,3590,107700.0
2741,39709824,3646,218760.0
2742,39713481,3657,219420.0
2743,39717132,3651,219060.0
2744,39720771,3639,218340.0
2745,39724362,3591,215460.0
2746,39728037,3675,220500.0
2748,39731650,3613,108390.0
2749,39735257,3607,216420.0
2750,39738938,3681,220860.0
2751,39742692,3754,225240.0
2752,39746324,3632,217920.0
2753,39749975,3651,219060.0
2754,39753624,3649,218940.0
2755,39757238,3614,216840.0
2757,39760851,3613,108390.0
2758,39764530,3679,220740.0
2759,39768185,3655,219300.0
2760,39771779,3594,215640.0
2761,39775371,3592,215520.0
2762,39779019,3648,218880.0
2763,39782651,3632,217920.0
2765,39786225,3574,107220.0
2766,39789916,3691,221460.0
2767,39793543,3627,217620.0
2768,39797258,3715,222900.0
2769,39800925,3667,220020.0
2770,39804511,3586,215160.0
2771,39808158,3647,218820.0
2772,39811786,3628,217680.0
2774,39815495,3709,111270.0
2775,39819153,3658,219480.0
2776,39822723,3570,214200.0
2777,39826324,3601,216060.0
2778,39829945,3621,217260.0
2779,39833621,3676,220560.0
2780,39837282,3661,219660.0
2782,39840919,3637,109110.0
2783,39844607,3688,221280.0
2784,39848222,3615,216900.0
2785,39851950,3728,223680.0
2786,39855582,3632,217920.0
2787,39859199,3617,217020.0
2788,39862790,3591,215460.0
2789,39866350,3560,213600.0
2791,39870002,3652,109560.0
2792,39873639,3637,218220.0
2793,39877269,3630,217800.0
2794,39880836,3567,214020.0
2795,39884443,3607,216420.0
2796,39888166,3723,223380.0
2797,39891811,3645,218700.0
2799,39895405,3594,107820.0
2800,39898971,3566,213960.0
2801,39902630,3659,219540.0
2802,39906125,3495,209700.0
2803,39909828,3703,222180.0
2804,39913434,3606,216360.0
2805,39917044,3610,216600.0
2806,39920689,3645,218700.0
2808,39924304,3615,108450.0
2809,39927900,3596,215760.0
2810,39931492,3592,215520.0
2811,39935079,3587,215220.0
2812,39938675,3596,215760.0
2813,39942345,3670,220200.0
2814,39945956,3611,216660.0
2815,39949599,3643,218580.0
2817,39953210,3611,108330.0
2818,39956723,3513,210780.0
2819,39960374,3651,219060.0
2820,39964059,3685,221100.0
2821,39967650,3591,215460.0
2822,39971321,3671,220260.0
2823,39975101,3780,226800.0
2825,39978668,3567,107010.0
2826,39982321,3653,219180.0
2827,39986042,3721,223260.0
2828,39989722,3680,220800.0
2829,39993458,3736,224160.0
2830,39997152,3694,221640.0
2831,40000961,3809,228540.0
2832,40004621,3660,219600.0
2834,40008365,3744,112320.0
2835,40012126,3761,225660.0
2836,40015916,3790,227400.0
2837,40019792,3876,232560.0
2838,40023613,3821,229260.0
2839,40027411,3798,227880.0
2840,40031146,3735,224100.0
2841,40034344,3198,191880.0
2843,40036670,2326,69780.0
2844,40039246,2576,154560.0
2845,40041963,2717,163020.0
2846,40044802,2839,170340.0
2847,40047774,2972,178320.0
2848,40050714,2940,176400.0
2849,40053678,2964,177840.0
2850,40056724,3046,182760.0
2852,40059810,3086,92580.0
2853,40062840,3030,181800.0
2854,40065882,3042,182520.0
2855,40068934,3052,183120.0
2856,40072023,3089,185340.0
2857,40075235,3212,192720.0
2858,40078435,3200,192000.0
2859,40081695,3260,195600.0
2860,40084962,3267,196020.0
2862,40088103,3141,94230.0
2863,40091273,3170,190200.0
2864,40094452,3179,190740.0
2865,40097633,3181,190860.0
2866,40100877,3244,194640.0
2867,40104166,3289,197340.0
2868,40107415,3249,194940.0
2869,40110710,3295,197700.0
2871,40114027,3317,99510.0
2872,40117263,3236,194160.0
2873,40120588,3325,199500.0
2874,40123906,3318,199080.0
2875,40127277,3371,202260.0
2876,40130684,3407,204420.0
2877,40134034,3350,201000.0
2878,40137326,3292,197520.0
2879,40140608,3282,196920.0
2881,40143993,3385,101550.0
2882,40147382,3389,203340.0
2883,40150688,3306,198360.0
2884,40154058,3370,202200.0
2885,40157390,3332,199920.0
2886,40160812,3422,205320.0
2887,40164272,3460,207600.0
2888,40167719,3447,206820.0
2890,40171156,3437,103110.0
2891,40174580,3424,205440.0
2892,40178032,3452,207120.0
2893,40181508,3476,208560.0
2894,40184953,3445,206700.0
2895,40188201,3248,194880.0
2896,40191621,3420,205200.0
2897,40195050,3429,205740.0
2899,40198502,3452,103560.0
2900,40202052,3550,213000.0
2901,40205477,3425,205500.0
2902,40209070,3593,215580.0
2903,40212518,3448,206880.0
2904,40216099,3581,214860.0
2905,40219605,3506,210360.0
2906,40223121,3516,210960.0
2908,40226659,3538,106140.0
2909,40230194,3535,212100.0
2910,40233746,3552,213120.0
2911,40237308,3562,213720.0
2912,40240916,3608,216480.0
2913,40244402,3486,209160.0
2914,40247939,3537,212220.0
2915,40251496,3557,213420.0
2917,40254959,3463,103890.0
2918,40258617,3658,219480.0
2919,40262170,3553,213180.0
2920,40265674,3504,210240.0
2921,40269339,3665,219900.0
2922,40272898,3559,213540.0
2923,40276461,3563,213780.0
2924,40280009,3548,212880.0
2926,40283552,3543,106290.0
2927,40287195,3643,218580.0
2928,40290700,3505,210300.0
2929,40294117,3417,205020.0
2930,40297636,3519,211140.0
2931,40301133,3497,209820.0
2932,40304651,3518,211080.0
2934,40308185,3534,106020.0
2935,40311621,3436,206160.0
2936,40315205,3584,215040.0
2937,40318758,3553,213180.0
2938,40322107,3349,200940.0
2940,40325436,3329,99870.0
2941,40328796,3360,201600.0
2942,40332284,3488,209280.0
2943,40335626,3342,200520.0
2944,40339087,3461,207660.0
2945,40342660,3573,214380.0
2947,40346217,3557,106710.0
2948,40349823,3606,216360.0
2949,40353445,3622,217320.0
2950,40357005,3560,213600.0
2951,40360548,3543,212580.0
2953,40363732,3184,95520.0
2954,40367041,3309,198540.0
2955,40370423,3382,202920.0
2956,40373722,3299,197940.0
2957,40377048,3326,199560.0
2959,40380406,3358,100740.0
2960,40383778,3372,202320.0
2961,40387295,3517,211020.0
2962,40390717,3422,205320.0
2963,40394200,3483,208980.0
2964,40397623,3423,205380.0
2966,40401061,3438,103140.0
2967,40404428,3367,202020.0
2968,40407856,3428,205680.0
2969,40411143,3287,197220.0
2970,40414427,3284,197040.0
2972,40417603,3176,95280.0
2973,40420908,3305,198300.0
2974,40424292,3384,203040.0
2975,40427749,3457,207420.0
2976,40431207,3458,207480.0
2978,40434709,3502,105060.0
2979,40438200,3491,209460.0
2980,40441680,3480,208800.0
2981,40445163,3483,208980.0
2982,40448375,3212,192720.0
2983,40451356,2981,178860.0
2985,40454571,3215,96450.0
2986,40457823,3252,195120.0
2987,40461323,3500,210000.0
2988,40464766,3443,206580.0
2989,40468242,3476,208560.0
2991,40471699,3457,103710.0
2992,40475211,3512,210720.0
2993,40478741,3530,211800.0
2994,40482202,3461,207660.0
2995,40485714,3512,210720.0
2996,40489194,3480,208800.0
2998,40492492,3298,98940.0
2999,40495720,3228,193680.0
3000,40499053,3333,199980.0
3001,40502371,3318,199080.0
3002,40505679,3308,198480.0
3004,40508874,3195,95850.0
3005,40512077,3203,192180.0
3006,40515489,3412,204720.0
3007,40518840,3351,201060.0
3009,40522159,3319,99570.0
3010,40525568,3409,204540.0
3011,40528981,3413,204780.0
3012,40532435,3454,207240.0
3013,40535754,3319,199140.0
3015,40539241,3487,104610.0
3016,40542650,3409,204540.0
3017,40545980,3330,199800.0
3018,40549441,3461,207660.0
3019,40552973,3532,211920.0
3021,40556414,3441,103230.0
3022,40559954,3540,212400.0
3023,40563382,3428,205680.0
3024,40566912,3530,211800.0
3025,40570346,3434,206040.0
3027,40573803,3457,103710.0
3028,40577373,3570,214200.0
3029,40580754,3381,202860.0
3030,40584123,3369,202140.0
3031,40587535,3412,204720.0
3033,40591006,3471,104130.0
3034,40594465,3459,207540.0
3035,40598115,3650,219000.0
3036,40601614,3499,209940.0
3037,40605144,3530,211800.0
3039,40608670,3526,105780.0
3040,40612257,3587,215220.0
3041,40615745,3488,209280.0
3042,40619349,3604,216240.0
3044,40622879,3530,105900.0
3045,40626347,3468,208080.0
3046,40629892,3545,212700.0
3047,40633539,3647,218820.0
3048,40637127,3588,215280.0
3050,40640581,3454,103620.0
3051,40644154,3573,214380.0
3052,40647688,3534,212040.0
3053,40651229,3541,212460.0
3054,40654777,3548,212880.0
3056,40658418,3641,109230.0
3057,40662005,3587,215220.0
3058,40665559,3554,213240.0
3059,40669054,3495,209700.0
3060,40672541,3487,209220.0
3062,40676000,3459,103770.0
3063,40679534,3534,212040.0
3064,40683010,3476,208560.0
3065,40686466,3456,207360.0
3066,40689986,3520,211200.0
3067,40693545,3559,213540.0
3069,40697059,3514,105420.0
3070,40700649,3590,215400.0
3071,40704300,3651,219060.0
3072,40708009,3709,222540.0
3073,40711688,3679,220740.0
3074,40715383,3695,221700.0
3076,40719084,3701,111030.0
3077,40722799,3715,222900.0
3078,40726506,3707,222420.0
3079,40730206,3700,222000.0
3080,40733864,3658,219480.0
3081,40737606,3742,224520.0
3083,40741222,3616,108480.0
3084,40744952,3730,223800.0
3085,40748686,3734,224040.0
3086,40752358,3672,220320.0
3087,40756052,3694,221640.0
3088,40759668,3616,216960.0
3090,40763440,3772,113160.0
3091,40767130,3690,221400.0
3092,40770825,3695,221700.0
3093,40774561,3736,224160.0
3094,40778287,3726,223560.0
3095,40782011,3724,223440.0
3097,40785726,3715,111450.0
3098,40789418,3692,221520.0
3099,40793058,3640,218400.0
3100,40796803,3745,224700.0
3101,40800494,3691,221460.0
3102,40804140,3646,218760.0
3104,40807937,3797,113910.0
3105,40811601,3664,219840.0
3106,40815281,3680,220800.0
3107,40818878,3597,215820.0
3108,40822644,3766,225960.0
3109,40826369,3725,223500.0
3110,40830083,3714,222840.0
3112,40833830,3747,112410.0
3113,40837573,3743,224580.0
3114,40841271,3698,221880.0
3115,40844876,3605,216300.0
3116,40848670,3794,227640.0
3117,40852333,3663,219780.0
3119,40856129,3796,113880.0
3120,40859784,3655,219300.0
3121,40863522,3738,224280.0
3122,40867163,3641,218460.0
3123,40870836,3673,220380.0
3124,40874465,3629,217740.0
3126,40878102,3637,109110.0
3127,40881676,3574,214440.0
3128,40885450,3774,226440.0
3129,40889167,3717,223020.0
3130,40892842,3675,220500.0
3131,40896595,3753,225180.0
3133,40900373,3778,113340.0
3134,40904086,3713,222780.0
3135,40907786,3700,222000.0
3136,40911558,3772,226320.0
3137,40915198,3640,218400.0
3138,40918769,3571,214260.0
3140,40922390,3621,108630.0
3141,40926100,3710,222600.0
3142,40929848,3748,224880.0
3143,40933518,3670,220200.0
3144,40937338,3820,229200.0
3145,40941079,3741,224460.0
3147,40944847,3768,113040.0
3148,40948502,3655,219300.0
3149,40952119,3617,217020.0
3150,40955873,3754,225240.0
3151,40959716,3843,230580.0
3152,40963700,3984,239040.0
3154,40967566,3866,115980.0
3155,40971425,3859,231540.0
3156,40975254,3829,229740.0
3157,40979079,3825,229500.0
3158,40982964,3885,233100.0
3159,40986880,3916,234960.0
3161,40990685,3805,114150.0
3162,40994541,3856,231360.0
3163,40998393,3852,231120.0
3164,41002255,3862,231720.0
3165,41006217,3962,237720.0
3166,41010082,3865,231900.0
3168,41013929,3847,115410.0
3169,41017912,3983,238980.0
3170,41021856,3944,236640.0
3171,41025688,3832,229920.0
3172,41029511,3823,229380.0
3173,41033496,3985,239100.0
3175,41037373,3877,116310.0
3176,41041253,3880,232800.0
3177,41045247,3994,239640.0
3178,41049225,3978,238680.0
3179,41053166,3941,236460.0
3181,41057110,3944,118320.0
3182,41061001,3891,233460.0
3183,41064871,3870,232200.0
3184,41068775,3904,234240.0
3185,41072711,3936,236160.0
3186,41076707,3996,239760.0
3188,41080505,3798,113940.0
3189,41084412,3907,234420.0
3190,41088315,3903,234180.0
3191,41092298,3983,238980.0
3192,41096233,3935,236100.0
3193,41100172,3939,236340.0
3195,41104124,3952,118560.0
3196,41108009,3885,233100.0
3197,41111874,3865,231900.0
3198,41115692,3818,229080.0
3199,41119597,3905,234300.0
3200,41123470,3873,232380.0
3201,41127328,3858,231480.0
3203,41131277,3949,118470.0
3204,41135246,3969,238140.0
3205,41139200,3954,237240.0
3206,41143196,3996,239760.0
3207,41147166,3970,238200.0
3208,41151179,4013,240780.0
3210,41155114,3935,118050.0
3211,41158966,3852,231120.0
3212,41162920,3954,237240.0
3213,41166816,3896,233760.0
3214,41170775,3959,237540.0
3215,41174609,3834,230040.0
3217,41178450,3841,115230.0
3218,41182334,3884,233040.0
3219,41186293,3959,237540.0
3220,41190211,3918,235080.0
3221,41194001,3790,227400.0
3222,41197935,3934,236040.0
3224,41201996,4061,121830.0
3225,41205880,3884,233040.0
3226,41209804,3924,235440.0
3227,41213800,3996,239760.0
3228,41217756,3956,237360.0
3229,41221618,3862,231720.0
3231,41225460,3842,115260.0
3232,41229343,3883,232980.0
3233,41233223,3880,232800.0
3234,41237115,3892,233520.0
3235,41241027,3912,234720.0
3237,41244916,3889,116670.0
3238,41248870,3954,237240.0
3239,41252814,3944,236640.0
3240,41256774,3960,237600.0
3241,41260580,3806,228360.0
3242,41264395,3815,228900.0
3243,41268007,3612,216720.0
3245,41271797,3790,113700.0
3246,41275469,3672,220320.0
3247,41279174,3705,222300.0
3248,41282916,3742,224520.0
3249,41286577,3661,219660.0
3251,41290249,3672,110160.0
3252,41293979,3730,223800.0
3253,41297713,3734,224040.0
3254,41301351,3638,218280.0
3255,41305042,3691,221460.0
3256,41308773,3731,223860.0
3258,41312451,3678,110340.0
3259,41316114,3663,219780.0
3260,41319820,3706,222360.0
3261,41323490,3670,220200.0
3262,41327140,3650,219000.0
3264,41330816,3676,110280.0
3265,41334554,3738,224280.0
3266,41338229,3675,220500.0
3267,41341944,3715,222900.0
3268,41345412,3468,208080.0
3270,41348867,3455,103650.0
3271,41352388,3521,211260.0
3272,41355852,3464,207840.0
3273,41359266,3414,204840.0
3274,41362814,3548,212880.0
3276,41366421,3607,108210.0
3277,41370069,3648,218880.0
3278,41373343,3274,196440.0
3279,41376815,3472,208320.0
3281,41380352,3537,106110.0
3282,41383845,3493,209580.0
3283,41387396,3551,213060.0
3284,41390885,3489,209340.0
3286,41394346,3461,103830.0
3287,41397808,3462,207720.0
3288,41401191,3383,202980.0
3289,41404740,3549,212940.0
3291,41408257,3517,105510.0
3292,41411651,3394,203640.0
3293,41415084,3433,205980.0
3294,41418103,3019,181140.0
3295,41421343,3240,194400.0
3297,41424417,3074,92220.0
3298,41427631,3214,192840.0
3299,41430792,3161,189660.0
3300,41433979,3187,191220.0
3302,41437206,3227,96810.0
3303,41440404,3198,191880.0
3304,41443704,3300,198000.0
3305,41447007,3303,198180.0
3307,41450282,3275,98250.0
3308,41453727,3445,206700.0
3309,41457204,3477,208620.0
3310,41460544,3340,200400.0
3312,41463881,3337,100110.0
3313,41467222,3341,200460.0
3314,41470630,3408,204480.0
3315,41474053,3423,205380.0
3317,41477569,3516,105480.0
3318,41481047,3478,208680.0
3319,41484709,3662,219720.0
3320,41488276,3567,214020.0
3321,41491864,3588,215280.0
3323,41495545,3681,110430.0
3324,41499322,3777,226620.0
3325,41503132,3810,228600.0
3326,41507033,3901,234060.0
3328,41510885,3852,115560.0
3329,41514766,3881,232860.0
3330,41518667,3901,234060.0
3331,41522543,3876,232560.0
3333,41525946,3403,102090.0
3334,41529319,3373,202380.0
3335,41532964,3645,218700.0
3336,41536652,3688,221280.0
3337,41540642,3990,239400.0
3339,41544781,4139,124170.0
3340,41548984,4203,252180.0
3341,41553107,4123,247380.0
3342,41557255,4148,248880.0
3344,41561286,4031,120930.0
3345,41565299,4013,240780.0
3346,41569439,4140,248400.0
3347,41573517,4078,244680.0
3349,41577517,4000,120000.0
3350,41581683,4166,249960.0
3351,41585794,4111,246660.0
3352,41590029,4235,254100.0
3353,41594139,4110,246600.0
3355,41598267,4128,123840.0
3356,41602433,4166,249960.0
3357,41606586,4153,249180.0
3358,41610738,4152,249120.0
3360,41614989,4251,127530.0
3361,41619135,4146,248760.0
3362,41623384,4249,254940.0
3363,41627582,4198,251880.0
3364,41631890,4308,258480.0
3366,41636133,4243,127290.0
3367,41640422,4289,257340.0
3368,41644639,4217,253020.0
3369,41648992,4353,261180.0
3371,41653286,4294,128820.0
3372,41657629,4343,260580.0
3373,41662105,4476,268560.0
3374,41666512,4407,264420.0
3375,41670772,4260,255600.0
3377,41675147,4375,131250.0
3378,41679433,4286,257160.0
3379,41683815,4382,262920.0
3380,41688206,4391,263460.0
3382,41692594,4388,131640.0
3383,41696968,4374,262440.0
3384,41701420,4452,267120.0
3385,41705835,4415,264900.0
3386,41710163,4328,259680.0
3388,41714558,4395,131850.0
3389,41718976,4418,265080.0
3390,41723280,4304,258240.0
3391,41727720,4440,266400.0
3393,41732077,4357,130710.0
3394,41736489,4412,264720.0
3395,41740971,4482,268920.0
3396,41745415,4444,266640.0
3398,41749828,4413,132390.0
3399,41754425,4597,275820.0
3400,41758681,4256,255360.0
3401,41763017,4336,260160.0
3402,41767406,4389,263340.0
3404,41771907,4501,135030.0
3405,41776322,4415,264900.0
3406,41780727,4405,264300.0
3407,41785084,4357,261420.0
3408,41789473,4389,263340.0
3410,41793933,4460,133800.0
3411,41798425,4492,269520.0
3412,41802693,4268,256080.0
3413,41807133,4440,266400.0
3415,41811459,4326,129780.0
3416,41815818,4359,261540.0
3417,41820108,4290,257400.0
3418,41824415,4307,258420.0
3419,41828686,4271,256260.0
3421,41833039,4353,130590.0
3422,41837363,4324,259440.0
3423,41841790,4427,265620.0
3424,41846199,4409,264540.0
3426,41850693,4494,134820.0
3427,41855051,4358,261480.0
3428,41859496,4445,266700.0
3429,41863805,4309,258540.0
3430,41868330,4525,271500.0
3432,41872690,4360,130800.0
3433,41877039,4349,260940.0
3434,41881482,4443,266580.0
3435,41885839,4357,261420.0
3437,41890232,4393,131790.0
3438,41894588,4356,261360.0
3439,41899008,4420,265200.0
3440,41903330,4322,259320.0
3441,41907682,4352,261120.0
3443,41912032,4350,130500.0
3444,41916358,4326,259560.0
3445,41920851,4493,269580.0
3446,41925210,4359,261540.0
3448,41929606,4396,131880.0
3449,41934007,4401,264060.0
3450,41938484,4477,268620.0
3451,41942882,4398,263880.0
3452,41947312,4430,265800.0
3454,41951799,4487,134610.0
3455,41956058,4259,255540.0
3456,41960540,4482,268920.0
3457,41964931,4391,263460.0
3459,41969392,4461,133830.0
3460,41973759,4367,262020.0
3461,41978205,4446,266760.0
3462,41982478,4273,256380.0
3463,41986903,4425,265500.0
3465,41991252,4349,130470.0
3466,41995654,4402,264120.0
3467,42000120,4466,267960.0
3468,42004554,4434,266040.0
3470,42008924,4370,131100.0
3471,42013321,4397,263820.0
3472,42017754,4433,265980.0
3473,42022120,4366,261960.0
3475,42026630,4510,135300.0
3476,42031012,4382,262920.0
3477,42035272,4260,255600.0
3478,42039706,4434,266040.0
3479,42044174,4468,268080.0
3481,42048552,4378,131340.0
3482,42052946,4394,263640.0
3483,42057423,4477,268620.0
3484,42061793,4370,262200.0
3485,42065688,3895,233700.0
3487,42069561,3873,116190.0
3488,42073389,3828,229680.0
3489,42077233,3844,230640.0
3490,42081081,3848,230880.0
3491,42084914,3833,229980.0
3492,42088828,3914,234840.0
3493,42092752,3924,235440.0
3494,42096598,3846,230760.0
3495,42100580,3982,238920.0
3496,42104481,3901,234060.0
3497,42108284,3803,228180.0
3498,42112152,3868,232080.0
3500,42116119,3967,119010.0
3501,42120012,3893,233580.0
3502,42123917,3905,234300.0
3503,42127819,3902,234120.0
3504,42131683,3864,231840.0
3505,42135592,3909,234540.0
3506,42139495,3903,234180.0
3507,42143300,3805,228300.0
3508,42147216,3916,234960.0
3509,42151074,3858,231480.0
3510,42155034,3960,237600.0
3511,42158925,3891,233460.0
3513,42162768,3843,115290.0
3514,42166632,3864,231840.0
3515,42170546,3914,234840.0
3516,42174452,3906,234360.0
3517,42178287,3835,230100.0
3518,42182013,3726,223560.0
3519,42185633,3620,217200.0
3520,42189431,3798,227880.0
3521,42193160,3729,223740.0
3523,42196993,3833,114990.0
3524,42200604,3611,216660.0
3525,42204302,3698,221880.0
3526,42208092,3790,227400.0
3527,42211819,3727,223620.0
3528,42215537,3718,223080.0
3529,42219213,3676,220560.0
3530,42222839,3626,217560.0
3532,42226581,3742,112260.0
3533,42230463,3882,232920.0
3534,42234392,3929,235740.0
3535,42238217,3825,229500.0
3536,42242064,3847,230820.0
3537,42245986,3922,235320.0
3538,42249832,3846,230760.0
3540,42253661,3829,114870.0
3541,42257651,3990,239400.0
3542,42261490,3839,230340.0
3543,42265362,3872,232320.0
3544,42269309,3947,236820.0
3545,42272864,3555,213300.0
3546,42276456,3592,215520.0
3547,42280129,3673,220380.0
3549,42283841,3712,111360.0
3550,42287753,3912,234720.0
3551,42291542,3789,227340.0
3552,42295490,3948,236880.0
3553,42299329,3839,230340.0
3554,42303108,3779,226740.0
3555,42307069,3961,237660.0
3556,42310971,3902,234120.0
3558,42314723,3752,112560.0
3559,42318612,3889,233340.0
3560,42322469,3857,231420.0
3561,42326252,3783,226980.0
3562,42330205,3953,237180.0
3563,42334052,3847,230820.0
3564,42337878,3826,229560.0
3566,42341672,3794,113820.0
3567,42345465,3793,227580.0
3568,42349353,3888,233280.0
3569,42353167,3814,228840.0
3570,42357037,3870,232200.0
3571,42360865,3828,229680.0
3572,42364346,3481,208860.0
3574,42367956,3610,108300.0
3575,42371585,3629,217740.0
3576,42375189,3604,216240.0
3577,42378953,3764,225840.0
3578,42382700,3747,224820.0
3579,42386453,3753,225180.0
3580,42390178,3725,223500.0
3581,42393926,3748,224880.0
3583,42397709,3783,113490.0
3584,42401414,3705,222300.0
3585,42405121,3707,222420.0
3586,42408843,3722,223320.0
3587,42412579,3736,224160.0
3588,42416336,3757,225420.0
3589,42420103,3767,226020.0
3591,42423818,3715,111450.0
3592,42427589,3771,226260.0
3593,42431308,3719,223140.0
3594,42434942,3634,218040.0
3595,42438782,3840,230400.0
3596,42442612,3830,229800.0
3597,42446265,3653,219180.0
3598,42449867,3602,216120.0
3600,42453395,3528,105840.0
3601,42457046,3651,219060.0
3602,42460669,3623,217380.0
3603,42464406,3737,224220.0
3604,42467878,3472,208320.0
3605,42471410,3532,211920.0
3607,42474870,3460,103800.0
3608,42478461,3591,215460.0
3609,42482196,3735,224100.0
3610,42485793,3597,215820.0
3611,42489407,3614,216840.0
3612,42492910,3503,210180.0
3614,42496368,3458,103740.0
3615,42499849,3481,208860.0
3616,42503434,3585,215100.0
3617,42507031,3597,215820.0
3618,42510650,3619,217140.0
3619,42514241,3591,215460.0
3620,42517887,3646,218760.0
3621,42521443,3556,213360.0
3623,42525019,3576,107280.0
3624,42528563,3544,212640.0
3625,42532133,3570,214200.0
3626,42535807,3674,220440.0
3627,42539338,3531,211860.0
3628,42542861,3523,211380.0
3629,42546476,3615,216900.0
3631,42549981,3505,105150.0
3632,42553641,3660,219600.0
3633,42557235,3594,215640.0
3634,42560767,3532,211920.0
3635,42564324,3557,213420.0
3636,42567825,3501,210060.0
3637,42571464,3639,218340.0
3638,42575136,3672,220320.0
3640,42578670,3534,106020.0
3641,42582283,3613,216780.0
3642,42585770,3487,209220.0
3643,42589277,3507,210420.0
3644,42592876,3599,215940.0
3645,42596434,3558,213480.0
3646,42600029,3595,215700.0
3647,42603637,3608,216480.0
3649,42607243,3606,108180.0
3650,42610799,3556,213360.0
3651,42614403,3604,216240.0
3652,42617918,3515,210900.0
3653,42621463,3545,212700.0
3654,42625046,3583,214980.0
3655,42628592,3546,212760.0
3657,42632180,3588,107640.0
3658,42635786,3606,216360.0
3659,42639408,3622,217320.0
3660,42642936,3528,211680.0
3661,42646456,3520,211200.0
3662,42650036,3580,214800.0
3663,42653576,3540,212400.0
3664,42657058,3482,208920.0
3666,42660669,3611,108330.0
3667,42664205,3536,212160.0
3668,42667766,3561,213660.0
3669,42671402,3636,218160.0
3670,42675046,3644,218640.0
3671,42678622,3576,214560.0
3672,42682211,3589,215340.0
3673,42685797,3586,215160.0
3675,42689299,3502,105060.0
3676,42692877,3578,214680.0
3677,42696396,3519,211140.0
3678,42700020,3624,217440.0
3679,42703633,3613,216780.0
3680,42707260,3627,217620.0
3681,42710835,3575,214500.0
3682,42714432,3597,215820.0
3684,42717927,3495,104850.0
3685,42721475,3548,212880.0
3686,42724993,3518,211080.0
3687,42728540,3547,212820.0
3688,42732073,3533,211980.0
3689,42735659,3586,215160.0
3690,42739183,3524,211440.0
3691,42742679,3496,209760.0
3693,42746053,3374,101220.0
3694,42749563,3510,210600.0
3695,42753158,3595,215700.0
3696,42756649,3491,209460.0
3697,42760122,3473,208380.0
3698,42763595,3473,208380.0
3699,42767191,3596,215760.0
3700,42770706,3515,210900.0
3702,42774240,3534,106020.0
3703,42777854,3614,216840.0
3704,42781395,3541,212460.0
3705,42784457,3062,183720.0
3706,42787588,3131,187860.0
3707,42790714,3126,187560.0
3708,42793849,3135,188100.0
3709,42797078,3229,193740.0
3711,42800277,3199,95970.0
3712,42803488,3211,192660.0
3713,42806756,3268,196080.0
3714,42809897,3141,188460.0
3715,42813127,3230,193800.0
3716,42816378,3251,195060.0
3717,42819686,3308,198480.0
3718,42822848,3162,189720.0
3720,42826039,3191,95730.0
3721,42829263,3224,193440.0
3722,42832538,3275,196500.0
3723,42835870,3332,199920.0
3724,42839142,3272,196320.0
3725,42842394,3252,195120.0
3726,42845746,3352,201120.0
3728,42849045,3299,98970.0
3729,42852345,3300,198000.0
3730,42855589,3244,194640.0
3731,42858918,3329,199740.0
3732,42862180,3262,195720.0
3733,42865594,3414,204840.0
3734,42868894,3300,198000.0
3735,42872189,3295,197700.0
3737,42875571,3382,101460.0
3738,42878950,3379,202740.0
3739,42882383,3433,205980.0
3740,42885720,3337,200220.0
3741,42889077,3357,201420.0
3742,42892506,3429,205740.0
3743,42895923,3417,205020.0
3744,42899430,3507,210420.0
3746,42902954,3524,105720.0
3747,42906479,3525,211500.0
3748,42910025,3546,212760.0
3749,42913615,3590,215400.0
3750,42917150,3535,212100.0
3751,42920670,3520,211200.0
3752,42924222,3552,213120.0
3753,42927744,3522,211320.0
3755,42931304,3560,106800.0
3756,42934903,3599,215940.0
3757,42938476,3573,214380.0
3758,42941935,3459,207540.0
3759,42945475,3540,212400.0
3760,42949068,3593,215580.0
3761,42952633,3565,213900.0
3763,42956305,3672,110160.0
3764,42959860,3555,213300.0
3765,42963548,3688,221280.0
3766,42967145,3597,215820.0
3767,42970690,3545,212700.0
3768,42974277,3587,215220.0
3769,42977853,3576,214560.0
3770,42981406,3553,213180.0
3772,42985087,3681,110430.0
3773,42988667,3580,214800.0
3774,42992359,3692,221520.0
3775,42995971,3612,216720.0
3776,42999589,3618,217080.0
3777,43003265,3676,220560.0
3778,43006956,3691,221460.0
3779,43010500,3544,212640.0
3781,43014117,3617,108510.0
3782,43017727,3610,216600.0
3783,43021456,3729,223740.0
3784,43025076,3620,217200.0
3785,43028767,3691,221460.0
3786,43032431,3664,219840.0
3787,43036028,3597,215820.0
3788,43039657,3629,217740.0
3790,43043325,3668,110040.0
3791,43046993,3668,220080.0
3792,43050584,3591,215460.0
3793,43054187,3603,216180.0
3794,43057821,3634,218040.0
3795,43061408,3587,215220.0
3796,43065142,3734,224040.0
3797,43068787,3645,218700.0
3799,43072471,3684,110520.0
3800,43076099,3628,217680.0
3801,43079716,3617,217020.0
3802,43083357,3641,218460.0
3803,43087017,3660,219600.0
3804,43090562,3545,212700.0
3805,43094271,3709,222540.0
3806,43097880,3609,216540.0
3808,43101576,3696,110880.0
3809,43105283,3707,222420.0
3810,43108942,3659,219540.0
3811,43112579,3637,218220.0
3812,43116207,3628,217680.0
3813,43119835,3628,217680.0
3814,43123486,3651,219060.0
3816,43127238,3752,112560.0
3817,43130949,3711,222660.0
3818,43134625,3676,220560.0
3819,43138246,3621,217260.0
3820,43141942,3696,221760.0
3821,43145591,3649,218940.0
3822,43149277,3686,221160.0
3823,43152955,3678,220680.0
3825,43156660,3705,111150.0
3826,43160277,3617,217020.0
3827,43163998,3721,223260.0
3828,43167700,3702,222120.0
3829,43171378,3678,220680.0
3830,43175102,3724,223440.0
3831,43178845,3743,224580.0
3832,43182580,3735,224100.0
3834,43186234,3654,109620.0
3835,43189890,3656,219360.0
3836,43193505,3615,216900.0
3837,43197288,3783,226980.0
3838,43200932,3644,218640.0
3839,43204550,3618,217080.0
3840,43208204,3654,219240.0
3841,43211929,3725,223500.0
3843,43215687,3758,112740.0
3844,43219431,3744,224640.0
3845,43223186,3755,225300.0
3846,43226855,3669,220140.0
3847,43230606,3751,225060.0
3848,43234304,3698,221880.0
3849,43237914,3610,216600.0
3851,43241656,3742,112260.0
3852,43245313,3657,219420.0
3853,43248951,3638,218280.0
3854,43252596,3645,218700.0
3855,43256329,3733,223980.0
3856,43260000,3671,220260.0
3857,43263741,3741,224460.0
3858,43267417,3676,220560.0
3860,43271151,3734,112020.0
3861,43274912,3761,225660.0
3862,43278624,3712,222720.0
3863,43282271,3647,218820.0
3864,43286008,3737,224220.0
3865,43289714,3706,222360.0
3866,43293414,3700,222000.0
3868,43297046,3632,108960.0
3869,43300508,3462,207720.0
3870,43303866,3358,201480.0
3871,43307250,3384,203040.0
3872,43310830,3580,214800.0
3873,43314398,3568,214080.0
3875,43317817,3419,102570.0
3876,43321297,3480,208800.0
3877,43324759,3462,207720.0
3878,43328172,3413,204780.0
3879,43331708,3536,212160.0
3881,43335288,3580,107400.0
3882,43338833,3545,212700.0
3883,43342381,3548,212880.0
3884,43345886,3505,210300.0
3885,43349469,3583,214980.0
3886,43353024,3555,213300.0
3888,43356650,3626,108780.0
3889,43360313,3663,219780.0
3890,43364009,3696,221760.0
3891,43367711,3702,222120.0
3892,43371381,3670,220200.0
3894,43375064,3683,110490.0
3895,43378485,3421,205260.0
3896,43381866,3381,202860.0
3897,43385336,3470,208200.0
3898,43388878,3542,212520.0
3899,43392137,3259,195540.0
3901,43394356,2219,66570.0
3902,43396841,2485,149100.0
3903,43399479,2638,158280.0
3904,43402120,2641,158460.0
3905,43404962,2842,170520.0
3906,43407773,2811,168660.0
3908,43410694,2921,87630.0
3909,43413703,3009,180540.0
3910,43416682,2979,178740.0
3911,43419793,3111,186660.0
3912,43422828,3035,182100.0
3913,43425670,2842,170520.0
3914,43428527,2857,171420.0
3916,43431406,2879,86370.0
3917,43434507,3101,186060.0
3918,43437528,3021,181260.0
3919,43440658,3130,187800.0
3920,43443841,3183,190980.0
3922,43446918,3077,92310.0
3923,43450041,3123,187380.0
3924,43453151,3110,186600.0
3925,43456304,3153,189180.0
3926,43459541,3237,194220.0
3927,43462755,3214,192840.0
3929,43465956,3201,96030.0
3930,43469156,3200,192000.0
3931,43472376,3220,193200.0
3932,43475586,3210,192600.0
3933,43478884,3298,197880.0
3934,43482188,3304,198240.0
3936,43485477,3289,98670.0
3937,43488902,3425,205500.0
3938,43492306,3404,204240.0
3939,43495853,3547,212820.0
3940,43499434,3581,214860.0
3941,43503153,3719,223140.0
3943,43506869,3716,111480.0
3944,43510650,3781,226860.0
3945,43514423,3773,226380.0
3946,43518217,3794,227640.0
3947,43521959,3742,224520.0
3948,43525635,3676,220560.0
3950,43529476,3841,115230.0
3951,43533269,3793,227580.0
3952,43537107,3838,230280.0
3953,43541020,3913,234780.0
3954,43544815,3795,227700.0
3955,43548689,3874,232440.0
3957,43552526,3837,115110.0
3958,43556409,3883,232980.0
3959,43560291,3882,232920.0
3960,43564106,3815,228900.0
3961,43567953,3847,230820.0
3962,43572003,4050,243000.0
3964,43575958,3955,118650.0
3965,43579845,3887,233220.0
3966,43583807,3962,237720.0
3967,43587764,3957,237420.0
3968,43591614,3850,231000.0
3969,43595580,3966,237960.0
3971,43599469,3889,116670.0
3972,43603365,3896,233760.0
3973,43607308,3943,236580.0
3974,43611382,4074,244440.0
3975,43615321,3939,236340.0
3976,43619358,4037,242220.0
3978,43623430,4072,122160.0
3979,43627424,3994,239640.0
3980,43631425,4001,240060.0
3981,43635484,4059,243540.0
3982,43639474,3990,239400.0
3983,43643666,4192,251520.0
3985,43647688,4022,120660.0
3986,43651670,3982,238920.0
3987,43655702,4032,241920.0
3988,43659890,4188,251280.0
3989,43663965,4075,244500.0
3990,43668038,4073,244380.0
3992,43672131,4093,122790.0
3993,43676084,3953,237180.0
3994,43680178,4094,245640.0
3995,43684383,4205,252300.0
3996,43688458,4075,244500.0
3998,43692675,4217,126510.0
3999,43696756,4081,244860.0
4000,43700847,4091,245460.0
4001,43705007,4160,249600.0
4002,43709158,4151,249060.0
4003,43713222,4064,243840.0
4005,43717393,4171,125130.0
4006,43721602,4209,252540.0
4007,43725796,4194,251640.0
4008,43729875,4079,244740.0
4009,43734014,4139,248340.0
4010,43738281,4267,256020.0
4012,43742441,4160,124800.0
4013,43746596,4155,249300.0
4014,43750793,4197,251820.0
4015,43754868,4075,244500.0
4016,43759057,4189,251340.0
4017,43763178,4121,247260.0
4019,43767414,4236,127080.0
4020,43771504,4090,245400.0
4021,43775752,4248,254880.0
4022,43779863,4111,246660.0
4023,43784159,4296,257760.0
4025,43788307,4148,124440.0
4026,43792454,4147,248820.0
4027,43796580,4126,247560.0
4028,43800597,4017,241020.0
4029,43804885,4288,257280.0
4030,43809099,4214,252840.0
4032,43813318,4219,126570.0
4033,43817554,4236,254160.0
4034,43821766,4212,252720.0
4035,43825993,4227,253620.0
4036,43830241,4248,254880.0
4037,43834555,4314,258840.0
4039,43838760,4205,126150.0
4040,43843021,4261,255660.0
4041,43847232,4211,252660.0
4042,43851369,4137,248220.0
4043,43855564,4195,251700.0
4044,43859716,4152,249120.0
4046,43863957,4241,127230.0
4047,43868126,4169,250140.0
4048,43872161,4035,242100.0
4049,43876472,4311,258660.0
4050,43880711,4239,254340.0
4052,43884995,4284,128520.0
4053,43889174,4179,250740.0
4054,43893352,4178,250680.0
4055,43897533,4181,250860.0
4056,43901893,4360,261600.0
4057,43906141,4248,254880.0
4059,43910275,4134,124020.0
4060,43914476,4201,252060.0
4061,43918654,4178,250680.0
4062,43922925,4271,256260.0
4063,43927178,4253,255180.0
4064,43931383,4205,252300.0
4066,43935556,4173,125190.0
4067,43939669,4113,246780.0
4068,43943754,4085,245100.0
4069,43947939,4185,251100.0
4070,43952083,4144,248640.0
4072,43956351,4268,128040.0
4073,43960565,4214,252840.0
4074,43964771,4206,252360.0
4075,43969059,4288,257280.0
4076,43973303,4244,254640.0
4077,43977544,4241,254460.0
4079,43981637,4093,122790.0
4080,43985853,4216,252960.0
4081,43990045,4192,251520.0
4082,43994338,4293,257580.0
4083,43998670,4332,259920.0
4084,44002859,4189,251340.0
4086,44007146,4287,128610.0
4087,44011177,4031,241860.0
4088,44015293,4116,246960.0
4089,44019523,4230,253800.0
4090,44023394,3871,232260.0
4091,44027441,4047,242820.0
4093,44031594,4153,124590.0
4094,44035775,4181,250860.0
4095,44039845,4070,244200.0
4096,44044028,4183,250980.0
4097,44048174,4146,248760.0
4099,44052324,4150,124500.0
4100,44056514,4190,251400.0
4101,44060623,4109,246540.0
4102,44064774,4151,249060.0
4103,44068687,3913,234780.0
4104,44072883,4196,251760.0
4106,44077034,4151,124530.0
4107,44081121,4087,245220.0
4108,44085611,4490,269400.0
4109,44090056,4445,266700.0
4110,44094437,4381,262860.0
4111,44098852,4415,264900.0
4113,44103291,4439,133170.0
4114,44107744,4453,267180.0
4115,44112160,4416,264960.0
4116,44116712,4552,273120.0
4117,44121113,4401,264060.0
4119,44125398,4285,128550.0
4120,44129574,4176,250560.0
4121,44133762,4188,251280.0
4122,44138004,4242,254520.0
4123,44142141,4137,248220.0
4125,44146452,4311,129330.0
4126,44150738,4286,257160.0
4127,44154935,4197,251820.0
4128,44159115,4180,250800.0
4130,44163140,4025,120750.0
4131,44167076,3936,236160.0
4132,44171126,4050,243000.0
4133,44175185,4059,243540.0
4135,44179649,4464,133920.0
4136,44183804,4155,249300.0
4137,44188034,4230,253800.0
4138,44192272,4238,254280.0
4139,44196431,4159,249540.0
4141,44200456,4025,120750.0
4142,44204492,4036,242160.0
4143,44208345,3853,231180.0
4144,44212297,3952,237120.0
4145,44216346,4049,242940.0
4147,44220444,4098,122940.0
4148,44224505,4061,243660.0
4149,44228617,4112,246720.0
4150,44232976,4359,261540.0
4151,44237168,4192,251520.0
4153,44241515,4347,130410.0
4154,44245895,4380,262800.0
4155,44250139,4244,254640.0
4156,44254567,4428,265680.0
4157,44258842,4275,256500.0
4159,44263195,4353,130590.0
4160,44267357,4162,249720.0
4161,44271365,4008,240480.0
4162,44275499,4134,248040.0
4163,44279465,3966,237960.0
4165,44283355,3890,116700.0
4166,44287325,3970,238200.0
4167,44291234,3909,234540.0
4168,44295085,3851,231060.0
4169,44298918,3833,229980.0
4171,44302696,3778,113340.0
4172,44306333,3637,218220.0
4173,44309975,3642,218520.0
4174,44313561,3586,215160.0
4176,44317282,3721,111630.0
4177,44321047,3765,225900.0
4178,44324681,3634,218040.0
4179,44328421,3740,224400.0
4180,44332431,4010,240600.0
4182,44336384,3953,118590.0
4183,44340239,3855,231300.0
4184,44344172,3933,235980.0
4185,44348145,3973,238380.0
4187,44352017,3872,116160.0
4188,44355976,3959,237540.0
4189,44359988,4012,240720.0
4190,44363845,3857,231420.0
4192,44367797,3952,118560.0
4193,44371719,3922,235320.0
4194,44375581,3862,231720.0
4195,44379429,3848,230880.0
4196,44383404,3975,238500.0
4198,44387372,3968,119040.0
4199,44390864,3492,209520.0
4200,44394596,3732,223920.0
4201,44398266,3670,220200.0
4203,44401757,3491,104730.0
4204,44405263,3506,210360.0
4205,44408881,3618,217080.0
4206,44412338,3457,207420.0
4208,44415809,3471,104130.0
4209,44419275,3466,207960.0
4210,44422980,3705,222300.0
4211,44426734,3754,225240.0
4213,44430430,3696,110880.0
4214,44434241,3811,228660.0
4215,44438000,3759,225540.0
4216,44441769,3769,226140.0
4218,44445418,3649,109470.0
4219,44449169,3751,225060.0
4220,44452978,3809,228540.0
4221,44453999,1021,61260.0
4222,44453999,0,0.0
4224,44453999,0,0.0
4225,44453999,0,0.0
