timestamp,questions,qps,com_commit,com_rollback,tps,threads_running,threads_connected,pages_flushed,pages_flushed_ps,purge_trx_id,purge_tps,history_list_length
2026-04-29 23:31:52,32,0,41,0,0,2,1,1592,0,0,0,0
2026-04-29 23:31:53,42,10,41,0,0,2,3,1592,0,0,0,0
2026-04-29 23:31:54,537,495,205,0,164,4,5,3950,2358,0,0,0
2026-04-29 23:31:55,2061,1524,718,4,517,7,8,3950,0,0,0,0
2026-04-29 23:31:56,4444,2383,1545,8,831,9,10,3950,0,0,0,0
2026-04-29 23:31:57,8162,3718,2834,15,1296,11,12,3950,0,0,0,0
2026-04-29 23:31:58,13214,5052,4587,21,1759,13,14,3950,0,0,0,0
2026-04-29 23:31:59,19687,6473,6820,31,2243,14,17,3950,0,0,0,0
2026-04-29 23:32:00,27275,7588,9459,44,2652,17,19,3950,0,0,0,0
2026-04-29 23:32:02,36436,9161,12626,60,3183,19,21,3950,0,0,0,0
2026-04-29 23:32:03,47172,10736,16338,75,3727,21,23,3950,0,0,0,0
2026-04-29 23:32:04,59345,12173,20551,88,4226,23,25,3950,0,0,0,0
2026-04-29 23:32:05,72976,13631,25279,109,4749,25,28,3950,0,0,0,0
2026-04-29 23:32:06,88392,15416,30622,133,5367,29,30,3950,0,0,0,0
2026-04-29 23:32:07,105814,17422,36638,158,6041,31,32,3950,0,0,0,0
2026-04-29 23:32:08,125176,19362,43331,194,6729,33,34,3950,0,0,0,0
2026-04-29 23:32:09,145714,20538,50421,221,7117,34,37,3950,0,0,0,0
2026-04-29 23:32:10,167147,21433,57879,251,7488,37,39,3950,0,0,0,0
2026-04-29 23:32:12,188910,21763,65427,288,7585,39,41,6198,2248,0,0,0
2026-04-29 23:32:13,211722,22812,73350,317,7952,40,43,8326,2128,0,0,0
2026-04-29 23:32:14,235960,24238,81755,354,8442,42,45,10444,2118,0,0,0
2026-04-29 23:32:15,262452,26492,90937,390,9218,47,48,12546,2102,0,0,0
2026-04-29 23:32:16,288959,26507,100147,432,9252,49,50,14634,2088,0,0,0
2026-04-29 23:32:17,317176,28217,109890,477,9788,50,52,18832,4198,0,0,0
2026-04-29 23:32:18,347346,30170,120356,517,10506,50,54,20898,2066,0,0,0
2026-04-29 23:32:19,378751,31405,131264,570,10961,52,57,22952,2054,0,0,0
2026-04-29 23:32:20,411381,32630,142560,629,11355,58,59,25020,2068,0,0,0
2026-04-29 23:32:22,445246,33865,154307,682,11800,55,61,27100,2080,0,0,0
2026-04-29 23:32:23,480245,34999,166454,731,12196,59,63,29146,2046,0,0,0
2026-04-29 23:32:24,515196,34951,178600,777,12192,63,66,31536,2390,0,0,0
2026-04-29 23:32:25,550950,35754,191054,825,12502,67,68,33956,2420,0,0,0
2026-04-29 23:32:26,587449,36499,203648,889,12658,68,70,38852,4896,0,0,0
2026-04-29 23:32:27,626795,39346,217285,943,13691,71,72,41332,2480,0,0,0
2026-04-29 23:32:28,667129,40334,231277,993,14042,71,75,43830,2498,0,0,0
2026-04-29 23:32:29,709044,41915,245799,1053,14582,74,77,46332,2502,0,0,0
2026-04-29 23:32:31,751667,42623,260549,1123,14820,72,79,48860,2528,0,0,0
2026-04-29 23:32:32,794798,43131,275519,1197,15044,79,81,51340,2480,0,0,0
2026-04-29 23:32:33,838966,44168,290852,1271,15407,81,83,53880,2540,0,0,0
2026-04-29 23:32:34,883427,44461,306306,1338,15521,80,83,56432,2552,0,0,0
2026-04-29 23:32:35,928173,44746,321754,1407,15517,81,83,61578,5146,0,0,0
2026-04-29 23:32:36,974530,46357,337842,1484,16165,78,83,64214,2636,0,0,0
2026-04-29 23:32:37,1022949,48419,354607,1568,16849,80,83,66864,2650,0,0,0
2026-04-29 23:32:39,1071504,48555,371434,1645,16904,79,83,69568,2704,0,0,0
2026-04-29 23:32:40,1119529,48025,388127,1703,16751,74,83,72228,2660,0,0,0
2026-04-29 23:32:41,1169431,49902,405464,1773,17407,80,83,74918,2690,0,0,0
2026-04-29 23:32:42,1213703,44272,420836,1838,15437,77,83,85862,10944,0,0,0
2026-04-29 23:32:43,1256298,42595,435632,1894,14852,80,83,96640,10778,0,0,0
2026-04-29 23:32:44,1299056,42758,450457,1964,14895,71,83,107412,10772,0,0,0
2026-04-29 23:32:45,1345403,46347,466551,2033,16163,80,83,128818,21406,0,0,0
2026-04-29 23:32:46,1391349,45946,482513,2109,16038,77,83,139378,10560,0,0,0
2026-04-29 23:32:48,1438444,47095,498868,2180,16426,81,83,149964,10586,0,0,0
2026-04-29 23:32:49,1486443,47999,515499,2259,16710,80,83,160504,10540,0,0,0
2026-04-29 23:32:50,1532284,45841,531407,2327,15976,72,83,171182,10678,0,0,0
2026-04-29 23:32:51,1579205,46921,547683,2404,16353,75,83,181860,10678,0,0,0
2026-04-29 23:32:52,1624002,44797,563245,2466,15624,82,83,192512,10652,0,0,0
2026-04-29 23:32:53,1668576,44574,578685,2536,15510,81,83,213746,21234,0,0,0
2026-04-29 23:32:54,1715339,46763,594971,2596,16346,75,83,224192,10446,0,0,0
2026-04-29 23:32:56,1761101,45762,610872,2658,15963,77,83,234514,10322,0,0,0
2026-04-29 23:32:57,1806536,45435,626642,2729,15841,78,83,244862,10348,0,0,0
2026-04-29 23:32:58,1854315,47779,643222,2797,16648,82,83,255088,10226,0,0,0
2026-04-29 23:32:59,1900895,46580,659377,2857,16215,76,83,265234,10146,0,0,0
2026-04-29 23:33:00,1944561,43666,674560,2919,15245,77,83,275402,10168,0,0,0
2026-04-29 23:33:01,1986884,42323,689217,2981,14719,79,83,285392,9990,0,0,0
2026-04-29 23:33:02,2030658,43774,704413,3039,15254,81,83,305518,20126,0,0,0
2026-04-29 23:33:03,2077194,46536,720498,3122,16168,78,83,315610,10092,0,0,0
2026-04-29 23:33:05,2123861,46667,736652,3196,16228,74,83,325858,10248,0,0,0
2026-04-29 23:33:06,2170162,46301,752735,3269,16156,81,83,335962,10104,0,0,0
2026-04-29 23:33:07,2217009,46847,768965,3327,16288,76,83,345982,10020,0,0,0
2026-04-29 23:33:08,2262819,45810,784850,3388,15946,82,83,355946,9964,0,0,0
2026-04-29 23:33:09,2305445,42626,799689,3459,14910,82,83,365994,10048,0,0,0
2026-04-29 23:33:10,2348646,43201,814679,3525,15056,82,83,376038,10044,0,0,0
2026-04-29 23:33:11,2392809,44163,829964,3593,15353,77,83,386042,10004,0,0,0
2026-04-29 23:33:12,2431624,38815,843426,3643,13512,77,83,417924,31882,0,0,0
2026-04-29 23:33:14,2474174,42550,858172,3716,14819,79,83,433794,15870,0,0,0
2026-04-29 23:33:15,2511908,37734,871254,3783,13149,79,83,449476,15682,0,0,0
2026-04-29 23:33:16,2549448,37540,884266,3838,13067,81,83,464946,15470,0,0,0
2026-04-29 23:33:17,2586875,37427,897276,3881,13053,70,83,480388,15442,0,0,0
2026-04-29 23:33:18,2619353,32478,908573,3930,11346,82,83,495736,15348,0,0,0
2026-04-29 23:33:19,2653828,34475,920490,3983,11970,81,83,510940,15204,0,0,0
2026-04-29 23:33:20,2687823,33995,932300,4035,11862,82,83,526022,15082,0,0,0
2026-04-29 23:33:21,2721933,34110,944129,4087,11881,81,83,541010,14988,0,0,0
2026-04-29 23:33:23,2763527,41594,958504,4158,14446,81,83,570804,29794,0,0,0
2026-04-29 23:33:24,2800819,37292,971467,4222,13027,79,83,585584,14780,0,0,0
2026-04-29 23:33:25,2837364,36545,984146,4267,12724,77,83,600250,14666,0,0,0
2026-04-29 23:33:26,2872490,35126,996342,4306,12235,80,83,614966,14716,0,0,0
2026-04-29 23:33:27,2904378,31888,1007450,4343,11145,82,83,629658,14692,0,0,0
2026-04-29 23:33:28,2937784,33406,1019055,4383,11645,69,83,644366,14708,0,0,0
2026-04-29 23:33:29,2971403,33619,1030735,4436,11733,82,83,658996,14630,0,0,0
2026-04-29 23:33:30,3005616,34213,1042548,4494,11871,78,83,688068,29072,0,0,0
2026-04-29 23:33:32,3042118,36502,1055238,4553,12749,82,83,702622,14554,0,0,0
2026-04-29 23:33:33,3081462,39344,1068855,4621,13685,78,83,717070,14448,0,0,0
2026-04-29 23:33:34,3122909,41447,1083193,4694,14411,77,83,731554,14484,0,0,0
2026-04-29 23:33:35,3162712,39803,1097055,4740,13908,82,83,745842,14288,0,0,0
2026-04-29 23:33:36,3200065,37353,1110089,4805,13099,82,83,760140,14298,0,0,0
2026-04-29 23:33:37,3237956,37891,1123236,4866,13208,82,83,774446,14306,0,0,0
2026-04-29 23:33:38,3274143,36187,1135700,4921,12519,81,83,788800,14354,0,0,0
2026-04-29 23:33:39,3314300,40157,1149591,4986,13956,78,83,817516,28716,0,0,0
2026-04-29 23:33:41,3356658,42358,1164258,5060,14741,77,83,831776,14260,0,0,0
2026-04-29 23:33:42,3397198,40540,1178322,5131,14135,75,83,848118,16342,0,0,0
2026-04-29 23:33:43,3438290,41092,1192586,5207,14340,79,83,864458,16340,0,0,0
2026-04-29 23:33:44,3477432,39142,1206170,5262,13639,73,83,880764,16306,0,0,0
2026-04-29 23:33:45,3510064,32632,1217517,5316,11401,82,83,896964,16200,0,0,0
2026-04-29 23:33:46,3537829,27765,1227121,5356,9644,82,83,913080,16116,0,0,0
2026-04-29 23:33:47,3569378,31549,1238067,5414,11004,82,83,929144,16064,0,0,0
2026-04-29 23:33:48,3601809,32431,1249220,5464,11203,81,83,945156,16012,0,0,0
2026-04-29 23:33:50,3636505,34696,1261270,5520,12106,79,83,976964,31808,0,0,0
2026-04-29 23:33:51,3678547,42042,1275871,5583,14664,78,83,992922,15958,0,0,0
2026-04-29 23:33:52,3712487,33940,1287650,5644,11840,73,83,1008680,15758,0,0,0
2026-04-29 23:33:53,3746838,34351,1299586,5692,11984,81,83,1024398,15718,0,0,0
2026-04-29 23:33:54,3776028,29190,1309777,5733,10232,82,83,1040028,15630,0,0,0
2026-04-29 23:33:55,3807898,31870,1320789,5779,11058,82,83,1055580,15552,0,0,0
2026-04-29 23:33:56,3837862,29964,1331162,5828,10422,82,83,1071094,15514,0,0,0
2026-04-29 23:33:57,3869699,31837,1342210,5872,11092,81,83,1086546,15452,0,0,0
2026-04-29 23:33:59,3911656,41957,1356711,5934,14563,79,83,1117374,30828,0,0,0
2026-04-29 23:34:00,3946810,35154,1368896,5994,12245,82,83,1132918,15544,0,0,0
2026-04-29 23:34:01,3989442,42632,1383694,6057,14861,79,83,1148400,15482,0,0,0
2026-04-29 23:34:02,4031935,42493,1398469,6130,14848,82,83,1163876,15476,0,0,0
2026-04-29 23:34:03,4069787,37852,1411631,6178,13210,77,83,1179260,15384,0,0,0
2026-04-29 23:34:04,4108017,38230,1424848,6231,13270,81,83,1194526,15266,0,0,0
2026-04-29 23:34:05,4150284,42267,1439515,6292,14728,82,83,1209718,15192,0,0,0
2026-04-29 23:34:07,4195741,45457,1455259,6375,15827,77,83,1239656,29938,0,0,0
2026-04-29 23:34:08,4243716,47975,1471917,6441,16724,78,83,1254462,14806,0,0,0
2026-04-29 23:34:09,4288401,44685,1487453,6501,15596,76,83,1269282,14820,0,0,0
2026-04-29 23:34:10,4332648,44247,1502801,6571,15418,78,83,1284072,14790,0,0,0
2026-04-29 23:34:11,4369953,37305,1515756,6631,13015,67,83,1298824,14752,0,0,0
2026-04-29 23:34:12,4404725,34772,1527816,6672,12101,82,83,1314634,15810,0,0,0
2026-04-29 23:34:13,4437878,33153,1539332,6721,11565,82,83,1330416,15782,0,0,0
2026-04-29 23:34:14,4467056,29178,1549432,6760,10139,82,83,1346108,15692,0,0,0
2026-04-29 23:34:16,4496727,29671,1559765,6808,10381,82,83,1361626,15518,0,0,0
2026-04-29 23:34:17,4531086,34359,1571603,6849,11879,77,83,1392488,30862,0,0,0
2026-04-29 23:34:18,4568672,37586,1584629,6910,13087,82,83,1407808,15320,0,0,0
2026-04-29 23:34:19,4607204,38532,1598008,6976,13445,78,83,1423048,15240,0,0,0
2026-04-29 23:34:20,4641105,33901,1609823,7021,11860,82,83,1438188,15140,0,0,0
2026-04-29 23:34:21,4671482,30377,1620339,7080,10575,82,83,1453244,15056,0,0,0
2026-04-29 23:34:22,4711461,39979,1634201,7149,13931,82,83,1468158,14914,0,0,0
2026-04-29 23:34:23,4753952,42491,1648910,7209,14769,81,83,1497782,29624,0,0,0
2026-04-29 23:34:25,4801560,47608,1665437,7293,16611,80,83,1512598,14816,0,0,0
2026-04-29 23:34:26,4848342,46782,1681667,7361,16298,77,83,1527284,14686,0,0,0
2026-04-29 23:34:27,4894050,45708,1697495,7427,15894,82,83,1541968,14684,0,0,0
2026-04-29 23:34:28,4941813,47763,1714073,7511,16662,76,83,1556654,14686,0,0,0
2026-04-29 23:34:29,4980248,38435,1727451,7572,13439,82,83,1571302,14648,0,0,0
2026-04-29 23:34:30,5021582,41334,1741781,7633,14391,78,83,1585790,14488,0,0,0
2026-04-29 23:34:31,5062306,40724,1755942,7703,14231,82,83,1600210,14420,0,0,0
2026-04-29 23:34:32,5105790,43484,1770997,7765,15117,74,83,1629094,28884,0,0,0
2026-04-29 23:34:34,5151636,45846,1786867,7834,15939,81,83,1643504,14410,0,0,0
2026-04-29 23:34:35,5197284,45648,1802700,7913,15912,80,83,1657896,14392,0,0,0
2026-04-29 23:34:36,5243183,45899,1818609,7980,15976,82,83,1672268,14372,0,0,0
2026-04-29 23:34:37,5287381,44198,1833881,8073,15365,81,83,1686622,14354,0,0,0
2026-04-29 23:34:38,5330596,43215,1848924,8136,15106,82,83,1700930,14308,0,0,0
2026-04-29 23:34:39,5374579,43983,1864208,8195,15343,81,83,1715182,14252,0,0,0
2026-04-29 23:34:40,5417788,43209,1879210,8268,15075,82,83,1729422,14240,0,0,0
2026-04-29 23:34:41,5463001,45213,1894847,8345,15714,77,83,1758542,29120,0,0,0
2026-04-29 23:34:43,5509901,46900,1911092,8417,16317,82,83,1773432,14890,0,0,0
2026-04-29 23:34:44,5557091,47190,1927472,8483,16446,81,83,1788194,14762,0,0,0
2026-04-29 23:34:45,5604372,47281,1943880,8563,16488,76,83,1802838,14644,0,0,0
2026-04-29 23:34:46,5649650,45278,1959622,8643,15822,82,83,1817432,14594,0,0,0
2026-04-29 23:34:47,5691871,42221,1974278,8698,14711,82,83,1831954,14522,0,0,0
2026-04-29 23:34:48,5734129,42258,1988963,8764,14751,82,83,1846438,14484,0,0,0
2026-04-29 23:34:49,5776545,42416,2003635,8814,14722,79,83,1875430,28992,0,0,0
2026-04-29 23:34:51,5823079,46534,2019784,8887,16222,82,83,1889858,14428,0,0,0
2026-04-29 23:34:52,5872197,49118,2036811,8972,17112,80,83,1904238,14380,0,0,0
2026-04-29 23:34:53,5920285,48088,2053479,9055,16751,81,83,1918548,14310,0,0,0
2026-04-29 23:34:54,5962379,42094,2068101,9127,14694,82,83,1932778,14230,0,0,0
2026-04-29 23:34:55,6001298,38919,2081644,9183,13599,82,83,1946986,14208,0,0,0
2026-04-29 23:34:56,6034286,32988,2093075,9246,11494,82,83,1961124,14138,0,0,0
2026-04-29 23:34:57,6068720,34434,2105011,9293,11983,82,83,1975284,14160,0,0,0
2026-04-29 23:34:58,6103537,34817,2117029,9348,12073,82,83,1989426,14142,0,0,0
2026-04-29 23:34:59,6143069,39532,2130732,9408,13763,82,83,2017448,28022,0,0,0
2026-04-29 23:35:01,6181026,37957,2143885,9450,13195,67,83,2031424,13976,0,0,0
2026-04-29 23:35:02,6220396,39370,2157547,9515,13727,82,83,2045286,13862,0,0,0
2026-04-29 23:35:03,6259838,39442,2171193,9587,13718,81,83,2059114,13828,0,0,0
2026-04-29 23:35:04,6300401,40563,2185322,9648,14190,82,83,2072890,13776,0,0,0
2026-04-29 23:35:05,6343338,42937,2200213,9711,14954,82,83,2086578,13688,0,0,0
2026-04-29 23:35:06,6384956,41618,2214711,9778,14565,82,83,2100234,13656,0,0,0
2026-04-29 23:35:07,6431940,46984,2230962,9846,16319,81,83,2127383,27149,0,0,0
2026-04-29 23:35:09,6480953,49013,2247975,9907,17074,80,83,2141005,13622,0,0,0
2026-04-29 23:35:10,6529864,48911,2264939,9991,17048,76,83,2154588,13583,0,0,0
2026-04-29 23:35:11,6578473,48609,2281838,10057,16965,82,83,2168166,13578,0,0,0
2026-04-29 23:35:12,6627085,48612,2298670,10143,16918,74,83,2182095,13929,0,0,0
2026-04-29 23:35:13,6673273,46188,2314720,10214,16121,82,83,2195995,13900,0,0,0
2026-04-29 23:35:14,6718085,44812,2330221,10279,15566,82,83,2209846,13851,0,0,0
2026-04-29 23:35:15,6767446,49361,2347379,10348,17227,79,83,2237314,27468,0,0,0
2026-04-29 23:35:16,6815419,47973,2364014,10434,16721,74,83,2250873,13559,0,0,0
2026-04-29 23:35:18,6866193,50774,2381611,10515,17678,80,83,2264337,13464,0,0,0
2026-04-29 23:35:19,6915616,49423,2398773,10588,17235,77,83,2277744,13407,0,0,0
2026-04-29 23:35:20,6964005,48389,2415563,10658,16860,81,83,2291114,13370,0,0,0
2026-04-29 23:35:21,7009884,45879,2431518,10729,16026,82,83,2304356,13242,0,0,0
2026-04-29 23:35:22,7053875,43991,2446736,10815,15304,81,83,2317507,13151,0,0,0
2026-04-29 23:35:23,7097622,43747,2461922,10884,15255,82,83,2330686,13179,0,0,0
2026-04-29 23:35:24,7142764,45142,2477528,10944,15666,82,83,2356993,26307,0,0,0
2026-04-29 23:35:26,7192719,49955,2494855,11024,17407,79,83,2370133,13140,0,0,0
2026-04-29 23:35:27,7239659,46940,2511191,11088,16400,77,83,2383278,13145,0,0,0
2026-04-29 23:35:28,7287447,47788,2527783,11154,16658,82,83,2396359,13081,0,0,0
2026-04-29 23:35:29,7334895,47448,2544246,11237,16546,79,83,2409429,13070,0,0,0
2026-04-29 23:35:30,7379803,44908,2559842,11300,15659,82,83,2422437,13008,0,0,0
2026-04-29 23:35:31,7424396,44593,2575271,11386,15515,82,83,2435436,12999,0,0,0
2026-04-29 23:35:32,7468693,44297,2590610,11447,15400,82,83,2448506,13070,0,0,0
2026-04-29 23:35:33,7515111,46418,2606668,11524,16135,82,83,2474690,26184,0,0,0
2026-04-29 23:35:35,7563445,48334,2623449,11582,16839,82,83,2487843,13153,0,0,0
2026-04-29 23:35:36,7611741,48296,2640208,11655,16832,82,83,2501014,13171,0,0,0
2026-04-29 23:35:37,7659977,48236,2656921,11723,16781,79,83,2514108,13094,0,0,0
2026-04-29 23:35:38,7707512,47535,2673367,11798,16521,82,83,2527213,13105,0,0,0
2026-04-29 23:35:39,7750476,42964,2688348,11868,15051,70,83,2540298,13085,0,0,0
2026-04-29 23:35:40,7795243,44767,2703846,11963,15593,82,83,2553292,12994,0,0,0
2026-04-29 23:35:41,7842010,46767,2720005,12044,16240,78,83,2579549,26257,0,0,0
2026-04-29 23:35:42,7890417,48407,2736753,12124,16828,75,83,2592863,13314,0,0,0
2026-04-29 23:35:44,7938918,48501,2753579,12200,16902,82,83,2606149,13286,0,0,0
2026-04-29 23:35:45,7986382,47464,2770040,12272,16533,78,83,2619406,13257,0,0,0
2026-04-29 23:35:46,8033284,46902,2786362,12338,16388,80,83,2632657,13251,0,0,0
2026-04-29 23:35:47,8077710,44426,2801796,12405,15501,61,83,2645973,13316,0,0,0
2026-04-29 23:35:48,8120182,42472,2816509,12479,14787,82,83,2659225,13252,0,0,0
2026-04-29 23:35:49,8163027,42845,2831368,12550,14930,79,83,2672510,13285,0,0,0
2026-04-29 23:35:50,8208344,45317,2847051,12640,15773,82,83,2699011,26501,0,0,0
2026-04-29 23:35:52,8253903,45559,2862832,12713,15854,79,83,2712249,13238,0,0,0
2026-04-29 23:35:53,8300327,46424,2878908,12788,16151,80,83,2725435,13186,0,0,0
2026-04-29 23:35:54,8346542,46215,2894982,12853,16139,71,83,2738563,13128,0,0,0
2026-04-29 23:35:55,8396321,49779,2912247,12931,17343,80,83,2751694,13131,0,0,0
2026-04-29 23:35:56,8447599,51278,2930061,13007,17890,82,83,2764871,13177,0,0,0
2026-04-29 23:35:57,8500040,52441,2948228,13097,18257,82,83,2778069,13198,0,0,0
2026-04-29 23:35:58,8552636,52596,2966462,13163,18300,79,83,2804535,26466,0,0,0
2026-04-29 23:35:59,8606194,53558,2985063,13235,18673,82,83,2817740,13205,0,0,0
2026-04-29 23:36:01,8660327,54133,3003804,13318,18824,71,83,2830905,13165,0,0,0
2026-04-29 23:36:02,8713642,53315,3022286,13395,18559,78,83,2843969,13064,0,0,0
2026-04-29 23:36:03,8767850,54208,3041070,13484,18873,77,83,2856971,13002,0,0,0
2026-04-29 23:36:04,8821139,53289,3059549,13561,18556,81,83,2869881,12910,0,0,0
2026-04-29 23:36:05,8873622,52483,3077757,13632,18279,75,83,2882836,12955,0,0,0
2026-04-29 23:36:06,8926496,52874,3096126,13709,18446,81,83,2908856,26020,0,0,0
2026-04-29 23:36:07,8980232,53736,3114791,13790,18746,80,83,2921874,13018,0,0,0
2026-04-29 23:36:09,9034420,54188,3133565,13893,18877,77,83,2934957,13083,0,0,0
2026-04-29 23:36:10,9088253,53833,3152217,13972,18731,75,83,2947984,13027,0,0,0
2026-04-29 23:36:11,9140893,52640,3170536,14046,18393,82,83,2960964,12980,0,0,0
2026-04-29 23:36:12,9193960,53067,3188956,14133,18507,81,83,2974288,13324,0,0,0
2026-04-29 23:36:13,9246788,52828,3207260,14215,18386,82,83,2987625,13337,0,0,0
2026-04-29 23:36:14,9299146,52358,3225451,14285,18261,80,83,3014278,26653,0,0,0
2026-04-29 23:36:15,9353236,54090,3244171,14372,18807,71,83,3027650,13372,0,0,0
2026-04-29 23:36:17,9406729,53493,3262720,14451,18628,74,83,3041048,13398,0,0,0
2026-04-29 23:36:18,9461327,54598,3281623,14554,19006,76,83,3054472,13424,0,0,0
2026-04-29 23:36:19,9515526,54199,3300408,14637,18868,77,83,3067876,13404,0,0,0
2026-04-29 23:36:20,9567950,52424,3318573,14736,18264,81,83,3081259,13383,0,0,0
2026-04-29 23:36:21,9620206,52256,3336685,14819,18195,78,83,3094679,13420,0,0,0
2026-04-29 23:36:22,9672740,52534,3354955,14900,18351,82,83,3121440,26761,0,0,0
2026-04-29 23:36:23,9726351,53611,3373533,14970,18648,81,83,3134886,13446,0,0,0
2026-04-29 23:36:25,9779701,53350,3392061,15044,18602,80,83,3148371,13485,0,0,0
2026-04-29 23:36:26,9833822,54121,3410819,15125,18839,82,83,3161810,13439,0,0,0
2026-04-29 23:36:27,9887823,54001,3429576,15192,18824,73,83,3175302,13492,0,0,0
2026-04-29 23:36:28,9941152,53329,3448043,15279,18554,79,83,3188831,13529,0,0,0
2026-04-29 23:36:29,9992938,51786,3466025,15361,18064,78,83,3202397,13566,0,0,0
2026-04-29 23:36:30,10044766,51828,3484015,15453,18082,82,83,3215957,13560,0,0,0
2026-04-29 23:36:31,10098166,53400,3502512,15536,18580,82,83,3243262,27305,0,0,0
2026-04-29 23:36:33,10150859,52693,3520785,15598,18335,77,83,3256948,13686,0,0,0
2026-04-29 23:36:34,10201410,50551,3538321,15674,17612,78,83,3270613,13665,0,0,0
2026-04-29 23:36:35,10251239,49829,3555622,15755,17382,80,83,3284256,13643,0,0,0
2026-04-29 23:36:36,10298339,47100,3571958,15832,16413,79,83,3297853,13597,0,0,0
2026-04-29 23:36:37,10343471,45132,3587638,15902,15750,82,83,3311421,13568,0,0,0
2026-04-29 23:36:38,10387862,44391,3603036,15962,15458,82,83,3324953,13532,0,0,0
2026-04-29 23:36:39,10437375,49513,3620169,16046,17217,81,83,3351974,27021,0,0,0
2026-04-29 23:36:41,10482731,45356,3635882,16123,15790,82,83,3365399,13425,0,0,0
2026-04-29 23:36:42,10529665,46934,3652151,16181,16327,76,83,3379109,13710,0,0,0
2026-04-29 23:36:43,10578050,48385,3668958,16245,16871,82,83,3392875,13766,0,0,0
2026-04-29 23:36:44,10626258,48208,3685686,16308,16791,81,83,3406534,13659,0,0,0
2026-04-29 23:36:45,10672681,46423,3701811,16385,16202,82,83,3420082,13548,0,0,0
2026-04-29 23:36:46,10717787,45106,3717493,16435,15732,82,83,3433628,13546,0,0,0
2026-04-29 23:36:47,10763686,45899,3733379,16503,15954,82,83,3447176,13548,0,0,0
2026-04-29 23:36:48,10807675,43989,3748669,16563,15350,81,83,3474253,27077,0,0,0
2026-04-29 23:36:50,10853644,45969,3764661,16624,16053,82,83,3487824,13571,0,0,0
2026-04-29 23:36:51,10901712,48068,3781323,16709,16747,81,83,3501404,13580,0,0,0
2026-04-29 23:36:52,10951035,49323,3798405,16786,17159,71,83,3514888,13484,0,0,0
2026-04-29 23:36:53,10999248,48213,3815182,16857,16848,82,83,3528394,13506,0,0,0
2026-04-29 23:36:54,11043354,44106,3830502,16927,15390,82,83,3541859,13465,0,0,0
2026-04-29 23:36:55,11087753,44399,3845929,16984,15484,81,83,3555307,13448,0,0,0
2026-04-29 23:36:56,11131787,44034,3861178,17050,15315,74,83,3582391,27084,0,0,0
2026-04-29 23:36:58,11178722,46935,3877454,17124,16350,82,83,3595979,13588,0,0,0
2026-04-29 23:36:59,11224351,45629,3893242,17198,15862,78,83,3609590,13611,0,0,0
2026-04-29 23:37:00,11271326,46975,3909501,17268,16329,81,83,3623240,13650,0,0,0
2026-04-29 23:37:01,11316525,45199,3925189,17338,15758,82,83,3636835,13595,0,0,0
2026-04-29 23:37:02,11360242,43717,3940343,17406,15222,81,83,3650445,13610,0,0,0
2026-04-29 23:37:03,11401959,41717,3954797,17468,14516,82,83,3664040,13595,0,0,0
2026-04-29 23:37:04,11442165,40206,3968800,17513,14048,82,83,3677675,13635,0,0,0
2026-04-29 23:37:05,11489873,47708,3985270,17589,16546,77,83,3704755,27080,0,0,0
2026-04-29 23:37:07,11540580,50707,4002832,17666,17639,80,83,3718270,13515,0,0,0
2026-04-29 23:37:08,11586738,46158,4018828,17738,16068,81,83,3731797,13527,0,0,0
2026-04-29 23:37:09,11635349,48611,4035716,17808,16958,78,83,3745283,13486,0,0,0
2026-04-29 23:37:10,11682639,47290,4052156,17872,16504,82,83,3758765,13482,0,0,0
2026-04-29 23:37:11,11728342,45703,4067985,17951,15908,75,83,3772287,13522,0,0,0
2026-04-29 23:37:12,11772604,44262,4083370,18022,15456,82,83,3785545,13258,0,0,0
2026-04-29 23:37:13,11817749,45145,4098982,18094,15684,72,83,3811872,26327,0,0,0
2026-04-29 23:37:14,11865742,47993,4115634,18174,16732,79,83,3825011,13139,0,0,0
2026-04-29 23:37:16,11912706,46964,4131952,18236,16380,81,83,3838142,13131,0,0,0
2026-04-29 23:37:17,11958203,45497,4147759,18303,15874,81,83,3851261,13119,0,0,0
2026-04-29 23:37:18,12005350,47147,4164117,18378,16433,82,83,3864491,13230,0,0,0
2026-04-29 23:37:19,12051487,46137,4180186,18446,16137,82,83,3877737,13246,0,0,0
2026-04-29 23:37:20,12093302,41815,4194666,18516,14550,62,83,3890947,13210,0,0,0
2026-04-29 23:37:21,12139004,45702,4210533,18590,15941,82,83,3904160,13213,0,0,0
2026-04-29 23:37:22,12183805,44801,4226032,18661,15570,82,83,3930532,26372,0,0,0
2026-04-29 23:37:24,12229491,45686,4241878,18719,15904,67,83,3943680,13148,0,0,0
2026-04-29 23:37:25,12276348,46857,4258122,18804,16329,80,83,3956831,13151,0,0,0
2026-04-29 23:37:26,12323951,47603,4274693,18872,16639,82,83,3969949,13118,0,0,0
2026-04-29 23:37:27,12371604,47653,4291244,18933,16612,81,83,3982991,13042,0,0,0
2026-04-29 23:37:28,12416830,45226,4306948,19007,15778,82,83,3996021,13030,0,0,0
2026-04-29 23:37:29,12461612,44782,4322507,19070,15622,82,83,4008926,12905,0,0,0
2026-04-29 23:37:30,12504337,42725,4337304,19144,14871,82,83,4021834,12908,0,0,0
2026-04-29 23:37:31,12548696,44359,4352644,19209,15405,70,83,4047621,25787,0,0,0
2026-04-29 23:37:33,12595171,46475,4368792,19267,16206,80,83,4060641,13020,0,0,0
2026-04-29 23:37:34,12641990,46819,4385056,19334,16331,82,83,4073640,12999,0,0,0
2026-04-29 23:37:35,12690038,48048,4401715,19417,16742,79,83,4086654,13014,0,0,0
2026-04-29 23:37:36,12736861,46823,4417967,19488,16323,81,83,4099615,12961,0,0,0
2026-04-29 23:37:37,12779026,42165,4432656,19558,14759,82,83,4112564,12949,0,0,0
2026-04-29 23:37:38,12820413,41387,4446994,19624,14404,82,83,4125455,12891,0,0,0
2026-04-29 23:37:39,12861234,40821,4461160,19691,14233,82,83,4138363,12908,0,0,0
2026-04-29 23:37:40,12903777,42543,4475881,19755,14785,76,83,4164095,25732,0,0,0
2026-04-29 23:37:42,12950377,46600,4492013,19828,16205,81,83,4176659,12564,0,0,0
2026-04-29 23:37:43,12994133,43756,4507225,19887,15271,82,83,4189242,12583,0,0,0
2026-04-29 23:37:44,13037894,43761,4522415,19960,15263,80,83,4201796,12554,0,0,0
2026-04-29 23:37:45,13084701,46807,4538624,20040,16289,78,83,4214377,12581,0,0,0
2026-04-29 23:37:46,13128665,43964,4553946,20087,15369,80,83,4226972,12595,0,0,0
2026-04-29 23:37:47,13170308,41643,4568404,20149,14520,82,83,4239594,12622,0,0,0
2026-04-29 23:37:48,13212014,41706,4582837,20216,14500,82,83,4252160,12566,0,0,0
2026-04-29 23:37:49,13258599,46585,4598985,20284,16216,81,83,4277255,25095,0,0,0
2026-04-29 23:37:51,13310747,52148,4617133,20357,18221,80,83,4289779,12524,0,0,0
2026-04-29 23:37:52,13363829,53082,4635506,20436,18452,73,83,4302298,12519,0,0,0
2026-04-29 23:37:53,13417262,53433,4654083,20514,18655,81,83,4314853,12555,0,0,0
2026-04-29 23:37:54,13470884,53622,4672733,20596,18732,82,83,4327486,12633,0,0,0
2026-04-29 23:37:55,13521244,50360,4690207,20691,17569,82,83,4340141,12655,0,0,0
2026-04-29 23:37:56,13572303,51059,4707870,20774,17746,74,83,4365552,25411,0,0,0
2026-04-29 23:37:57,13623934,51631,4725798,20845,17999,76,83,4378170,12618,0,0,0
2026-04-29 23:37:59,13676056,52122,4743880,20926,18163,76,83,4390785,12615,0,0,0
2026-04-29 23:38:00,13728442,52386,4762061,21013,18268,79,83,4403414,12629,0,0,0
2026-04-29 23:38:01,13781268,52826,4780385,21089,18400,76,83,4416038,12624,0,0,0
2026-04-29 23:38:02,13832250,50982,4798055,21169,17750,82,83,4428696,12658,0,0,0
2026-04-29 23:38:03,13879674,47424,4814559,21242,16577,73,83,4441287,12591,0,0,0
2026-04-29 23:38:04,13930301,50627,4832109,21315,17623,78,83,4453863,12576,0,0,0
2026-04-29 23:38:05,13984197,53896,4850775,21398,18749,79,83,4478970,25107,0,0,0
2026-04-29 23:38:07,14039127,54930,4869768,21489,19084,76,83,4491488,12518,0,0,0
2026-04-29 23:38:08,14092570,53443,4888310,21573,18626,82,83,4504005,12517,0,0,0
2026-04-29 23:38:09,14144546,51976,4906339,21653,18109,80,83,4516528,12523,0,0,0
2026-04-29 23:38:10,14195955,51409,4924171,21719,17898,80,83,4529078,12550,0,0,0
2026-04-29 23:38:11,14247330,51375,4942017,21807,17934,76,83,4541610,12532,0,0,0
2026-04-29 23:38:12,14299306,51976,4960036,21881,18093,81,83,4554169,12559,0,0,0
2026-04-29 23:38:13,14353318,54012,4978800,21965,18848,81,83,4579297,25128,0,0,0
2026-04-29 23:38:15,14407769,54451,4997640,22070,18945,70,83,4591853,12556,0,0,0
2026-04-29 23:38:16,14459737,51968,5015641,22171,18102,75,83,4604400,12547,0,0,0
2026-04-29 23:38:17,14511960,52223,5033735,22268,18191,81,83,4616870,12470,0,0,0
2026-04-29 23:38:18,14562516,50556,5051280,22348,17625,82,83,4629304,12434,0,0,0
2026-04-29 23:38:19,14611304,48788,5068250,22433,17055,70,83,4641778,12474,0,0,0
2026-04-29 23:38:20,14661741,50437,5085752,22513,17582,81,83,4654243,12465,0,0,0
2026-04-29 23:38:21,14714345,52604,5103951,22600,18286,82,83,4679248,25005,0,0,0
2026-04-29 23:38:22,14766792,52447,5122110,22667,18226,79,83,4691701,12453,0,0,0
2026-04-29 23:38:24,14819067,52275,5140221,22748,18192,79,83,4704115,12414,0,0,0
2026-04-29 23:38:25,14870827,51760,5158205,22821,18057,75,83,4716507,12392,0,0,0
2026-04-29 23:38:26,14922982,52155,5176259,22913,18146,80,83,4728903,12396,0,0,0
2026-04-29 23:38:27,14973846,50864,5193915,23000,17743,81,83,4741290,12387,0,0,0
2026-04-29 23:38:28,15022976,49130,5211013,23070,17168,82,83,4753712,12422,0,0,0
2026-04-29 23:38:29,15072926,49950,5228291,23147,17355,74,83,4778582,24870,0,0,0
2026-04-29 23:38:30,15122043,49117,5245333,23217,17112,79,83,4790945,12363,0,0,0
2026-04-29 23:38:32,15174831,52788,5263701,23282,18433,70,83,4803258,12313,0,0,0
2026-04-29 23:38:33,15226426,51595,5281585,23364,17966,75,83,4815563,12305,0,0,0
2026-04-29 23:38:34,15278848,52422,5299787,23438,18276,78,83,4827817,12254,0,0,0
2026-04-29 23:38:35,15329067,50219,5317241,23513,17529,70,83,4840066,12249,0,0,0
2026-04-29 23:38:36,15376022,46955,5333523,23579,16348,81,83,4852318,12252,0,0,0
2026-04-29 23:38:37,15421538,45516,5349330,23659,15887,82,83,4864493,12175,0,0,0
2026-04-29 23:38:38,15468575,47037,5365632,23733,16376,81,83,4888948,24455,0,0,0
2026-04-29 23:38:40,15518448,49873,5382932,23803,17370,82,83,4901223,12275,0,0,0
2026-04-29 23:38:41,15567394,48946,5399918,23880,17063,82,83,4913483,12260,0,0,0
2026-04-29 23:38:42,15616641,49247,5417010,23948,17160,82,83,4925808,12325,0,0,0
2026-04-29 23:38:43,15665462,48821,5433929,24032,17003,77,83,4938105,12297,0,0,0
2026-04-29 23:38:44,15710955,45493,5449741,24100,15880,82,83,4950419,12314,0,0,0
2026-04-29 23:38:45,15754915,43960,5465004,24163,15326,82,83,4962721,12302,0,0,0
2026-04-29 23:38:46,15798145,43230,5479956,24226,15015,82,83,4974957,12236,0,0,0
2026-04-29 23:38:47,15844644,46499,5496137,24301,16256,82,83,4999516,24559,0,0,0
2026-04-29 23:38:49,15893680,49036,5513133,24382,17077,82,83,5011798,12282,0,0,0
2026-04-29 23:38:50,15942607,48927,5530092,24456,17033,73,83,5024042,12244,0,0,0
2026-04-29 23:38:51,15992872,50265,5547520,24530,17502,80,83,5036310,12268,0,0,0
2026-04-29 23:38:52,16037938,45066,5563187,24619,15756,82,83,5048579,12269,0,0,0
2026-04-29 23:38:53,16078777,40839,5577369,24688,14251,82,83,5060791,12212,0,0,0
2026-04-29 23:38:54,16121275,42498,5592065,24752,14760,82,83,5073014,12223,0,0,0
2026-04-29 23:38:55,16162413,41138,5606353,24821,14357,81,83,5097373,24359,0,0,0
2026-04-29 23:38:56,16209977,47564,5622825,24906,16557,82,83,5109490,12117,0,0,0
2026-04-29 23:38:58,16261132,51155,5640515,24992,17776,77,83,5121573,12083,0,0,0
2026-04-29 23:38:59,16313610,52478,5658742,25073,18308,74,83,5133686,12113,0,0,0
2026-04-29 23:39:00,16365019,51409,5676577,25157,17919,69,83,5145811,12125,0,0,0
2026-04-29 23:39:01,16416633,51614,5694507,25241,18014,75,83,5157991,12180,0,0,0
2026-04-29 23:39:02,16462300,45667,5710413,25307,15972,82,83,5170204,12213,0,0,0
2026-04-29 23:39:03,16498956,36656,5723156,25352,12788,82,83,5182334,12130,0,0,0
2026-04-29 23:39:04,16535987,37031,5736036,25403,12931,82,83,5194523,12189,0,0,0
2026-04-29 23:39:06,16577435,41448,5750370,25463,14394,74,83,5218734,24211,0,0,0
2026-04-29 23:39:07,16624476,47041,5766670,25542,16379,70,83,5230869,12135,0,0,0
2026-04-29 23:39:08,16665890,41414,5781055,25606,14449,74,83,5242947,12078,0,0,0
2026-04-29 23:39:09,16708705,42815,5795902,25670,14911,81,83,5255057,12110,0,0,0
2026-04-29 23:39:10,16750312,41607,5810396,25742,14566,82,83,5267197,12140,0,0,0
2026-04-29 23:39:11,16790078,39766,5824178,25817,13857,82,83,5279349,12152,0,0,0
2026-04-29 23:39:12,16831201,41123,5838410,25889,14304,82,83,5291195,11846,0,0,0
2026-04-29 23:39:13,16873117,41916,5852900,25951,14552,81,83,5314786,23591,0,0,0
2026-04-29 23:39:15,16920246,47129,5869231,26017,16397,81,83,5326539,11753,0,0,0
2026-04-29 23:39:16,16961537,41291,5883552,26072,14376,82,83,5338279,11740,0,0,0
2026-04-29 23:39:17,16996818,35281,5895800,26127,12303,69,83,5350001,11722,0,0,0
2026-04-29 23:39:18,17039055,42237,5910433,26196,14702,75,83,5361681,11680,0,0,0
2026-04-29 23:39:19,17095076,56021,5929883,26281,19535,82,83,5373397,11716,0,0,0
2026-04-29 23:39:20,17152002,56926,5949617,26359,19812,82,83,5385111,11714,0,0,0
2026-04-29 23:39:21,17207338,55336,5968841,26450,19315,77,83,5408535,23424,0,0,0
2026-04-29 23:39:22,17263304,55966,5988214,26538,19461,64,83,5420229,11694,0,0,0
2026-04-29 23:39:24,17319650,56346,6007760,26622,19630,79,83,5431881,11652,0,0,0
2026-04-29 23:39:25,17375478,55828,6027127,26696,19441,81,83,5443563,11682,0,0,0
2026-04-29 23:39:26,17430168,54690,6046059,26786,19022,80,83,5455248,11685,0,0,0
2026-04-29 23:39:27,17483544,53376,6064613,26853,18621,77,83,5466864,11616,0,0,0
2026-04-29 23:39:28,17535825,52281,6082772,26942,18248,79,83,5478469,11605,0,0,0
2026-04-29 23:39:29,17588877,53052,6101120,27026,18432,76,83,5501624,23155,0,0,0
2026-04-29 23:39:30,17642151,53274,6119626,27103,18583,75,83,5513214,11590,0,0,0
2026-04-29 23:39:32,17693440,51289,6137391,27179,17841,79,83,5524870,11656,0,0,0
2026-04-29 23:39:33,17745463,52023,6155457,27264,18151,79,83,5536482,11612,0,0,0
2026-04-29 23:39:34,17796553,51090,6173221,27337,17837,82,83,5548045,11563,0,0,0
2026-04-29 23:39:35,17849909,53356,6191733,27414,18589,82,83,5559551,11506,0,0,0
2026-04-29 23:39:36,17901277,51368,6209612,27480,17945,82,83,5571018,11467,0,0,0
2026-04-29 23:39:37,17952370,51093,6227272,27569,17749,78,83,5594085,23067,0,0,0
2026-04-29 23:39:38,18005333,52963,6245706,27661,18526,75,83,5605650,11565,0,0,0
2026-04-29 23:39:40,18058135,52802,6263947,27735,18315,81,83,5617249,11599,0,0,0
2026-04-29 23:39:41,18109497,51362,6281754,27837,17909,75,83,5628858,11609,0,0,0
2026-04-29 23:39:42,18161329,51832,6299741,27913,18063,81,83,5640483,11625,0,0,0
2026-04-29 23:39:43,18213346,52017,6317800,27989,18135,77,83,5652091,11608,0,0,0
2026-04-29 23:39:44,18263437,50091,6335210,28072,17493,82,83,5663653,11562,0,0,0
2026-04-29 23:39:45,18309566,46129,6351185,28131,16034,82,83,5675196,11543,0,0,0
2026-04-29 23:39:46,18355481,45915,6367082,28212,15978,81,83,5698181,22985,0,0,0
2026-04-29 23:39:47,18402842,47361,6383529,28278,16513,73,83,5709658,11477,0,0,0
2026-04-29 23:39:49,18450946,48104,6400258,28343,16794,79,83,5721176,11518,0,0,0
2026-04-29 23:39:50,18500003,49057,6417320,28415,17134,77,83,5732719,11543,0,0,0
2026-04-29 23:39:51,18548714,48711,6434274,28481,17020,81,83,5744255,11536,0,0,0
2026-04-29 23:39:52,18596626,47912,6450883,28566,16694,81,83,5755772,11517,0,0,0
2026-04-29 23:39:53,18640540,43914,6466150,28613,15314,82,83,5767305,11533,0,0,0
2026-04-29 23:39:54,18685284,44744,6481661,28678,15576,82,83,5778827,11522,0,0,0
2026-04-29 23:39:55,18732240,46956,6497902,28760,16323,77,83,5801848,23021,0,0,0
2026-04-29 23:39:57,18781500,49260,6515001,28833,17172,76,83,5813311,11463,0,0,0
2026-04-29 23:39:58,18831151,49651,6532225,28902,17293,79,83,5824776,11465,0,0,0
2026-04-29 23:39:59,18880949,49798,6549489,28977,17339,82,83,5836229,11453,0,0,0
2026-04-29 23:40:00,18923974,43025,6564390,29038,14962,82,83,5847690,11461,0,0,0
2026-04-29 23:40:01,18967091,43117,6579429,29105,15106,82,83,5859140,11450,0,0,0
2026-04-29 23:40:02,19008317,41226,6593754,29159,14379,68,83,5870637,11497,0,0,0
2026-04-29 23:40:03,19051708,43391,6608740,29216,15043,82,83,5882141,11504,0,0,0
2026-04-29 23:40:04,19097415,45707,6624580,29307,15931,81,83,5905112,22971,0,0,0
2026-04-29 23:40:06,19144646,47231,6640969,29391,16473,81,83,5916639,11527,0,0,0
2026-04-29 23:40:07,19193478,48832,6657921,29462,17023,81,83,5928139,11500,0,0,0
2026-04-29 23:40:08,19243158,49680,6675159,29531,17307,74,83,5939698,11559,0,0,0
2026-04-29 23:40:09,19292562,49404,6692310,29593,17213,70,83,5951228,11530,0,0,0
2026-04-29 23:40:10,19337231,44669,6707791,29674,15562,82,83,5962790,11562,0,0,0
2026-04-29 23:40:11,19379855,42624,6722626,29735,14896,82,83,5974356,11566,0,0,0
2026-04-29 23:40:12,19426871,47016,6738868,29814,16321,82,83,5997116,22760,0,0,0
2026-04-29 23:40:14,19476537,49666,6756053,29895,17266,82,83,6008520,11404,0,0,0
2026-04-29 23:40:15,19526860,50323,6773509,29962,17523,72,83,6019926,11406,0,0,0
2026-04-29 23:40:16,19576568,49708,6790791,30039,17359,71,83,6031363,11437,0,0,0
2026-04-29 23:40:17,19625207,48639,6807634,30117,16921,76,83,6042760,11397,0,0,0
2026-04-29 23:40:18,19673070,47863,6824234,30195,16678,72,83,6054190,11430,0,0,0
2026-04-29 23:40:19,19721604,48534,6841075,30262,16908,65,83,6065585,11395,0,0,0
2026-04-29 23:40:20,19769273,47669,6857577,30346,16586,81,83,6088425,22840,0,0,0
2026-04-29 23:40:21,19822933,53660,6876189,30423,18689,78,83,6099855,11430,0,0,0
2026-04-29 23:40:23,19876301,53368,6894708,30509,18605,81,83,6111278,11423,0,0,0
2026-04-29 23:40:24,19930303,54002,6913452,30585,18820,81,83,6122727,11449,0,0,0
2026-04-29 23:40:25,19983862,53559,6932057,30670,18690,77,83,6134177,11450,0,0,0
2026-04-29 23:40:26,20037588,53726,6950728,30756,18757,75,83,6145674,11497,0,0,0
2026-04-29 23:40:27,20089915,52327,6968931,30824,18271,80,83,6157219,11545,0,0,0
2026-04-29 23:40:28,20142868,52953,6987280,30901,18426,77,83,6180349,23130,0,0,0
2026-04-29 23:40:29,20197361,54493,7006187,30978,18984,78,83,6191887,11538,0,0,0
2026-04-29 23:40:31,20252001,54640,7025147,31057,19039,82,83,6203362,11475,0,0,0
2026-04-29 23:40:32,20306657,54656,7044141,31141,19078,82,83,6214822,11460,0,0,0
2026-04-29 23:40:33,20359070,52413,7062302,31245,18265,80,83,6226306,11484,0,0,0
2026-04-29 23:40:34,20413098,54028,7081007,31344,18804,80,83,6237847,11541,0,0,0
2026-04-29 23:40:35,20462826,49728,7098274,31430,17353,82,83,6249407,11560,0,0,0
2026-04-29 23:40:36,20513016,50190,7115663,31513,17472,79,83,6272600,23193,0,0,0
2026-04-29 23:40:37,20566856,53840,7134320,31599,18743,76,83,6284254,11654,0,0,0
2026-04-29 23:40:39,20619910,53054,7152735,31678,18494,75,83,6295947,11693,0,0,0
2026-04-29 23:40:40,20673481,53571,7171269,31766,18622,81,83,6307582,11635,0,0,0
2026-04-29 23:40:41,20725404,51923,7189329,31839,18133,82,83,6319226,11644,0,0,0
2026-04-29 23:40:42,20776924,51520,7207200,31922,17954,78,83,6330991,11765,0,0,0
2026-04-29 23:40:43,20828287,51363,7225056,31994,17928,81,83,6342757,11766,0,0,0
2026-04-29 23:40:44,20881213,52926,7243397,32064,18411,70,83,6354527,11770,0,0,0
2026-04-29 23:40:45,20934276,53063,7261786,32137,18462,81,83,6378075,23548,0,0,0
2026-04-29 23:40:47,20988245,53969,7280494,32229,18800,76,83,6389775,11700,0,0,0
2026-04-29 23:40:48,21037953,49708,7297730,32300,17307,75,83,6401523,11748,0,0,0
2026-04-29 23:40:49,21091729,53776,7316360,32393,18723,79,83,6413235,11712,0,0,0
2026-04-29 23:40:50,21144038,52309,7334490,32468,18205,80,83,6424958,11723,0,0,0
2026-04-29 23:40:51,21196522,52484,7352726,32543,18311,75,83,6436703,11745,0,0,0
2026-04-29 23:40:52,21249356,52834,7371069,32625,18425,82,83,6448480,11777,0,0,0
2026-04-29 23:40:53,21302944,53588,7389633,32716,18655,81,83,6472054,23574,0,0,0
2026-04-29 23:40:55,21357530,54586,7408567,32797,19015,81,83,6483824,11770,0,0,0
2026-04-29 23:40:56,21411383,53853,7427290,32864,18790,82,83,6495579,11755,0,0,0
2026-04-29 23:40:57,21465413,54030,7446007,32955,18808,82,83,6507309,11730,0,0,0
2026-04-29 23:40:58,21519503,54090,7464739,33041,18818,81,83,6519065,11756,0,0,0
2026-04-29 23:40:59,21571892,52389,7482946,33128,18294,81,83,6530839,11774,0,0,0
2026-04-29 23:41:00,21620289,48397,7499736,33210,16872,81,83,6542651,11812,0,0,0
2026-04-29 23:41:01,21672075,51786,7517635,33295,17984,81,83,6566412,23761,0,0,0
2026-04-29 23:41:02,21721065,48990,7534641,33367,17078,72,83,6578285,11873,0,0,0
2026-04-29 23:41:04,21773445,52380,7552843,33440,18275,74,83,6590156,11871,0,0,0
2026-04-29 23:41:05,21820915,47470,7569316,33501,16534,78,83,6601980,11824,0,0,0
2026-04-29 23:41:06,21870520,49605,7586524,33589,17296,76,83,6613833,11853,0,0,0
2026-04-29 23:41:07,21920749,50229,7603930,33659,17476,81,83,6625705,11872,0,0,0
2026-04-29 23:41:08,21965654,44905,7619580,33716,15707,70,83,6637532,11827,0,0,0
2026-04-29 23:41:09,22010759,45105,7635252,33785,15741,74,83,6649380,11848,0,0,0
2026-04-29 23:41:10,22058721,47962,7651845,33849,16657,82,83,6673060,23680,0,0,0
2026-04-29 23:41:12,22107830,49109,7668899,33924,17129,79,83,6684982,11922,0,0,0
2026-04-29 23:41:13,22156628,48798,7685819,33995,16991,77,83,6696930,11948,0,0,0
2026-04-29 23:41:14,22204676,48048,7702478,34062,16726,81,83,6708917,11987,0,0,0
2026-04-29 23:41:15,22254382,49706,7719712,34132,17304,81,83,6720878,11961,0,0,0
2026-04-29 23:41:16,22301362,46980,7736008,34210,16374,82,83,6732841,11963,0,0,0
2026-04-29 23:41:17,22343601,42239,7750665,34264,14711,82,83,6744763,11922,0,0,0
2026-04-29 23:41:18,22386510,42909,7765551,34334,14956,82,83,6756655,11892,0,0,0
2026-04-29 23:41:19,22434187,47677,7782054,34405,16574,82,83,6780461,23806,0,0,0
2026-04-29 23:41:21,22481671,47484,7798494,34490,16525,80,83,6792364,11903,0,0,0
2026-04-29 23:41:22,22529409,47738,7815064,34549,16629,72,83,6804264,11900,0,0,0
2026-04-29 23:41:23,22577730,48321,7831829,34633,16849,78,83,6816205,11941,0,0,0
2026-04-29 23:41:24,22627162,49432,7848955,34711,17204,75,83,6828183,11978,0,0,0
2026-04-29 23:41:25,22673022,45860,7864918,34778,16030,82,83,6840129,11946,0,0,0
2026-04-29 23:41:26,22716560,43538,7879973,34844,15121,81,83,6852067,11938,0,0,0
2026-04-29 23:41:27,22760413,43853,7895210,34911,15304,82,83,6875972,23905,0,0,0
2026-04-29 23:41:28,22811654,51241,7912927,34999,17805,75,83,6887974,12002,0,0,0
2026-04-29 23:41:30,22863491,51837,7930871,35078,18023,78,83,6899994,12020,0,0,0
2026-04-29 23:41:31,22915210,51719,7948755,35159,17965,82,83,6912003,12009,0,0,0
2026-04-29 23:41:32,22966662,51452,7966581,35239,17906,80,83,6923968,11965,0,0,0
2026-04-29 23:41:33,23017183,50521,7984121,35319,17620,82,83,6935942,11974,0,0,0
2026-04-29 23:41:34,23064872,47689,8000666,35398,16624,82,83,6947896,11954,0,0,0
2026-04-29 23:41:35,23110667,45795,8016558,35462,15956,82,83,6959854,11958,0,0,0
2026-04-29 23:41:36,23159174,48507,8033324,35533,16837,82,83,6983760,23906,0,0,0
2026-04-29 23:41:38,23208246,49072,8050352,35604,17099,78,83,6995713,11953,0,0,0
2026-04-29 23:41:39,23256949,48703,8067299,35669,17012,76,83,7007638,11925,0,0,0
2026-04-29 23:41:40,23306626,49677,8084510,35748,17290,77,83,7019527,11889,0,0,0
2026-04-29 23:41:41,23358574,51948,8102475,35830,18047,82,83,7031376,11849,0,0,0
2026-04-29 23:41:42,23408047,49473,8119672,35905,17272,82,83,7043173,11797,0,0,0
2026-04-29 23:41:43,23457166,49119,8136712,35980,17115,79,83,7055017,11844,0,0,0
2026-04-29 23:41:44,23509073,51907,8154728,36049,18085,77,83,7078663,23646,0,0,0
2026-04-29 23:41:46,23562470,53397,8173285,36148,18656,82,83,7090472,11809,0,0,0
2026-04-29 23:41:47,23615972,53502,8191838,36225,18630,78,83,7102262,11790,0,0,0
2026-04-29 23:41:48,23669456,53484,8210419,36302,18658,74,83,7114060,11798,0,0,0
2026-04-29 23:41:49,23721656,52200,8228529,36382,18190,73,83,7125815,11755,0,0,0
2026-04-29 23:41:50,23773164,51508,8246395,36467,17951,81,83,7137620,11805,0,0,0
2026-04-29 23:41:51,23822844,49680,8263708,36543,17389,82,83,7149383,11763,0,0,0
2026-04-29 23:41:52,23875473,52629,8281942,36614,18305,81,83,7172910,23527,0,0,0
2026-04-29 23:41:54,23930385,54912,8301041,36688,19173,78,83,7184664,11754,0,0,0
2026-04-29 23:41:55,23983750,53365,8319578,36765,18614,78,83,7196494,11830,0,0,0
2026-04-29 23:41:56,24037515,53765,8338210,36836,18703,80,83,7208312,11818,0,0,0
2026-04-29 23:41:57,24091810,54295,8357019,36917,18890,77,83,7220092,11780,0,0,0
2026-04-29 23:41:58,24143570,51760,8375026,36993,18083,82,83,7231849,11757,0,0,0
2026-04-29 23:41:59,24195488,51918,8393033,37066,18080,82,83,7243561,11712,0,0,0
2026-04-29 23:42:00,24247934,52446,8411213,37143,18257,80,83,7267025,23464,0,0,0
2026-04-29 23:42:01,24302448,54514,8430131,37227,19002,77,83,7278748,11723,0,0,0
2026-04-29 23:42:03,24355907,53459,8448664,37305,18611,76,83,7290396,11648,0,0,0
2026-04-29 23:42:04,24408522,52615,8466913,37391,18335,81,83,7302058,11662,0,0,0
2026-04-29 23:42:05,24462368,53846,8485596,37478,18770,80,83,7313719,11661,0,0,0
2026-04-29 23:42:06,24513043,50675,8503204,37554,17684,82,83,7325372,11653,0,0,0
2026-04-29 23:42:07,24561939,48896,8520163,37628,17033,82,83,7337038,11666,0,0,0
2026-04-29 23:42:08,24609530,47591,8536658,37714,16581,82,83,7348697,11659,0,0,0
2026-04-29 23:42:09,24658485,48955,8553582,37792,17002,80,83,7372035,23338,0,0,0
2026-04-29 23:42:11,24709294,50809,8571236,37858,17720,82,83,7383700,11665,0,0,0
2026-04-29 23:42:12,24762152,52858,8589619,37925,18450,82,83,7395481,11781,0,0,0
2026-04-29 23:42:13,24814982,52830,8607927,38001,18384,80,83,7407214,11733,0,0,0
2026-04-29 23:42:14,24867867,52885,8626275,38085,18432,80,83,7418978,11764,0,0,0
2026-04-29 23:42:15,24921649,53782,8644939,38164,18743,70,83,7430816,11838,0,0,0
2026-04-29 23:42:16,24974735,53086,8663323,38247,18467,79,83,7442672,11856,0,0,0
2026-04-29 23:42:17,25026303,51568,8681187,38327,17944,80,83,7466281,23609,0,0,0
2026-04-29 23:42:19,25081758,55455,8700389,38407,19282,75,83,7478052,11771,0,0,0
2026-04-29 23:42:20,25135900,54142,8719159,38509,18872,76,83,7489779,11727,0,0,0
2026-04-29 23:42:21,25189695,53795,8737800,38606,18738,80,83,7501518,11739,0,0,0
2026-04-29 23:42:22,25244583,54888,8756797,38696,19087,80,83,7513305,11787,0,0,0
2026-04-29 23:42:23,25298434,53851,8775482,38778,18767,80,83,7525085,11780,0,0,0
2026-04-29 23:42:24,25351259,52825,8793829,38861,18430,81,83,7536844,11759,0,0,0
2026-04-29 23:42:25,25404948,53689,8812447,38947,18704,82,83,7560370,23526,0,0,0
2026-04-29 23:42:27,25458724,53776,8831138,39031,18775,82,83,7572121,11751,0,0,0
2026-04-29 23:42:28,25512166,53442,8849667,39114,18612,80,83,7583823,11702,0,0,0
2026-04-29 23:42:29,25566691,54525,8868547,39216,18982,72,83,7595504,11681,0,0,0
2026-04-29 23:42:30,25620223,53532,8887105,39289,18631,79,83,7607160,11656,0,0,0
2026-04-29 23:42:31,25671446,51223,8904831,39365,17802,80,83,7618925,11765,0,0,0
2026-04-29 23:42:32,25719292,47846,8921465,39444,16713,82,83,7630667,11742,0,0,0
2026-04-29 23:42:33,25771530,52238,8939534,39526,18151,81,83,7654150,23483,0,0,0
2026-04-29 23:42:34,25822548,51018,8957254,39608,17802,77,83,7665918,11768,0,0,0
2026-04-29 23:42:36,25876681,54133,8976036,39685,18859,78,83,7677702,11784,0,0,0
2026-04-29 23:42:37,25926684,50003,8993391,39754,17424,77,83,7689466,11764,0,0,0
2026-04-29 23:42:38,25977676,50992,9011093,39830,17778,71,83,7701223,11757,0,0,0
2026-04-29 23:42:39,26028886,51210,9028907,39896,17880,82,83,7712981,11758,0,0,0
2026-04-29 23:42:40,26078097,49211,9046000,39970,17167,82,83,7724747,11766,0,0,0
2026-04-29 23:42:41,26127883,49786,9063246,40046,17322,82,83,7736514,11767,0,0,0
2026-04-29 23:42:42,26178588,50705,9080803,40131,17642,74,83,7760253,23739,0,0,0
2026-04-29 23:42:44,26230976,52388,9099028,40212,18306,67,83,7772129,11876,0,0,0
2026-04-29 23:42:45,26283708,52732,9117282,40301,18343,82,83,7784004,11875,0,0,0
2026-04-29 23:42:46,26337115,53407,9135808,40375,18600,70,83,7795870,11866,0,0,0
2026-04-29 23:42:47,26389827,52712,9154112,40446,18375,60,83,7807725,11855,0,0,0
2026-04-29 23:42:48,26436876,47049,9170414,40519,16375,82,83,7819600,11875,0,0,0
2026-04-29 23:42:49,26481784,44908,9186025,40592,15684,82,83,7831472,11872,0,0,0
2026-04-29 23:42:50,26530436,48652,9202827,40683,16893,82,83,7855215,23743,0,0,0
2026-04-29 23:42:52,26582185,51749,9220785,40767,18042,74,83,7867132,11917,0,0,0
2026-04-29 23:42:53,26633124,50939,9238445,40839,17732,80,83,7879031,11899,0,0,0
2026-04-29 23:42:54,26685674,52550,9256688,40920,18324,80,83,7890943,11912,0,0,0
2026-04-29 23:42:55,26739576,53902,9275385,41011,18788,81,83,7902867,11924,0,0,0
2026-04-29 23:42:56,26792624,53048,9293794,41084,18482,80,83,7914797,11930,0,0,0
2026-04-29 23:42:57,26841370,48746,9310637,41177,16936,82,83,7926708,11911,0,0,0
2026-04-29 23:42:58,26891759,50389,9328120,41255,17561,79,83,7950449,23741,0,0,0
2026-04-29 23:42:59,26942602,50843,9345764,41329,17718,76,83,7962307,11858,0,0,0
2026-04-29 23:43:01,26995786,53184,9364206,41426,18539,77,83,7974148,11841,0,0,0
2026-04-29 23:43:02,27048446,52660,9382474,41504,18346,69,83,7986013,11865,0,0,0
2026-04-29 23:43:03,27100219,51773,9400423,41570,18015,71,83,7997954,11941,0,0,0
2026-04-29 23:43:04,27149616,49397,9417585,41651,17243,81,83,8009885,11931,0,0,0
2026-04-29 23:43:05,27193111,43495,9432704,41732,15200,82,83,8021841,11956,0,0,0
2026-04-29 23:43:06,27232181,39070,9446238,41791,13593,82,83,8033752,11911,0,0,0
2026-04-29 23:43:07,27272597,40416,9460253,41845,14069,82,83,8045686,11934,0,0,0
2026-04-29 23:43:09,27312088,39491,9473902,41901,13705,65,83,8069633,23947,0,0,0
2026-04-29 23:43:10,27357294,45206,9489612,41973,15782,81,83,8081638,12005,0,0,0
2026-04-29 23:43:11,27402393,45099,9505265,42042,15722,75,83,8093646,12008,0,0,0
2026-04-29 23:43:12,27448520,46127,9521293,42109,16095,71,83,8105598,11952,0,0,0
2026-04-29 23:43:13,27492147,43627,9536482,42175,15255,82,83,8117548,11950,0,0,0
2026-04-29 23:43:14,27532142,39995,9550353,42229,13925,82,83,8129515,11967,0,0,0
2026-04-29 23:43:15,27572291,40149,9564294,42275,13987,82,83,8141451,11936,0,0,0
2026-04-29 23:43:16,27614518,42227,9578896,42338,14665,77,83,8165304,23853,0,0,0
2026-04-29 23:43:18,27663409,48891,9595876,42424,17066,82,83,8177206,11902,0,0,0
2026-04-29 23:43:19,27711999,48590,9612712,42510,16922,80,83,8189114,11908,0,0,0
2026-04-29 23:43:20,27762912,50913,9630383,42581,17742,80,83,8200958,11844,0,0,0
2026-04-29 23:43:21,27814272,51360,9648183,42662,17881,77,83,8212741,11783,0,0,0
2026-04-29 23:43:22,27863250,48978,9665184,42748,17087,82,83,8224551,11810,0,0,0
2026-04-29 23:43:23,27909946,46696,9681446,42831,16345,82,83,8236403,11852,0,0,0
2026-04-29 23:43:24,27957479,47533,9697926,42915,16564,74,83,8260089,23686,0,0,0
2026-04-29 23:43:26,28014952,57473,9717864,42982,20005,78,83,8271851,11762,0,0,0
2026-04-29 23:43:27,28064518,49566,9735108,43056,17318,66,83,8283573,11722,0,0,0
2026-04-29 23:43:28,28116050,51532,9752957,43144,17937,69,83,8295291,11718,0,0,0
2026-04-29 23:43:29,28168179,52129,9771048,43213,18160,82,83,8307009,11718,0,0,0
2026-04-29 23:43:30,28217763,49584,9788286,43289,17314,82,83,8318744,11735,0,0,0
2026-04-29 23:43:31,28266007,48244,9805012,43360,16797,82,83,8330456,11712,0,0,0
2026-04-29 23:43:32,28317151,51144,9822752,43438,17818,76,83,8353824,23368,0,0,0
2026-04-29 23:43:33,28369484,52333,9840915,43513,18238,81,83,8365471,11647,0,0,0
2026-04-29 23:43:35,28420619,51135,9858645,43581,17798,76,83,8377134,11663,0,0,0
2026-04-29 23:43:36,28475204,54585,9877586,43681,19041,76,83,8388847,11713,0,0,0
2026-04-29 23:43:37,28530635,55431,9896773,43762,19268,82,83,8400587,11740,0,0,0
2026-04-29 23:43:38,28585558,54923,9915843,43839,19147,82,83,8412237,11650,0,0,0
2026-04-29 23:43:39,28638008,52450,9934032,43919,18269,69,83,8423908,11671,0,0,0
2026-04-29 23:43:40,28690756,52748,9952283,44008,18340,76,83,8447237,23329,0,0,0
2026-04-29 23:43:41,28746493,55737,9971610,44103,19422,81,83,8458874,11637,0,0,0
2026-04-29 23:43:43,28801263,54770,9990672,44182,19141,81,83,8470516,11642,0,0,0
2026-04-29 23:43:44,28857770,56507,10010253,44273,19672,77,83,8482137,11621,0,0,0
2026-04-29 23:43:45,28914308,56538,10029823,44376,19673,73,83,8493738,11601,0,0,0
2026-04-29 23:43:46,28970938,56630,10049467,44461,19729,79,83,8505355,11617,0,0,0
2026-04-29 23:43:47,29026473,55535,10068754,44553,19379,69,83,8517028,11673,0,0,0
2026-04-29 23:43:48,29082237,55764,10088093,44633,19419,79,83,8540347,23319,0,0,0
2026-04-29 23:43:49,29138521,56284,10107635,44713,19622,79,83,8551905,11558,0,0,0
2026-04-29 23:43:51,29195052,56531,10127235,44810,19697,81,83,8563444,11539,0,0,0
2026-04-29 23:43:52,29251701,56649,10146853,44900,19708,82,83,8574953,11509,0,0,0
2026-04-29 23:43:53,29307290,55589,10166173,44998,19418,72,83,8586502,11549,0,0,0
2026-04-29 23:43:54,29363486,56196,10185707,45069,19605,81,83,8598101,11599,0,0,0
2026-04-29 23:43:55,29419342,55856,10205078,45157,19459,80,83,8609754,11653,0,0,0
2026-04-29 23:43:56,29475111,55769,10224481,45232,19478,82,83,8633058,23304,0,0,0
2026-04-29 23:43:58,29531056,55945,10243891,45323,19501,82,83,8644717,11659,0,0,0
2026-04-29 23:43:59,29585923,54867,10262874,45413,19073,81,83,8656377,11660,0,0,0
2026-04-29 23:44:00,29642531,56608,10282551,45489,19753,70,83,8668047,11670,0,0,0
2026-04-29 23:44:01,29698760,56229,10302085,45565,19610,77,83,8679661,11614,0,0,0
2026-04-29 23:44:02,29755025,56265,10321624,45645,19619,78,83,8691299,11638,0,0,0
2026-04-29 23:44:03,29810468,55443,10340862,45712,19305,80,83,8702990,11691,0,0,0
2026-04-29 23:44:04,29866158,55690,10360177,45824,19427,76,83,8726390,23400,0,0,0
2026-04-29 23:44:06,29922943,56785,10379878,45913,19790,79,83,8738130,11740,0,0,0
2026-04-29 23:44:07,29979605,56662,10399509,46007,19725,75,83,8749848,11718,0,0,0
2026-04-29 23:44:08,30036896,57291,10419360,46112,19956,82,83,8761579,11731,0,0,0
2026-04-29 23:44:09,30092903,56007,10438763,46203,19494,82,83,8773271,11692,0,0,0
2026-04-29 23:44:10,30148846,55943,10458184,46291,19509,72,83,8784977,11706,0,0,0
2026-04-29 23:44:11,30204482,55636,10477494,46370,19389,70,83,8796671,11694,0,0,0
2026-04-29 23:44:12,30260140,55658,10496797,46440,19373,76,83,8820516,23845,0,0,0
2026-04-29 23:44:14,30316459,56319,10516368,46524,19655,70,83,8832529,12013,0,0,0
2026-04-29 23:44:15,30370600,54141,10535175,46600,18883,77,83,8844514,11985,0,0,0
2026-04-29 23:44:16,30425851,55251,10554382,46681,19288,78,83,8856507,11993,0,0,0
2026-04-29 23:44:17,30482150,56299,10573939,46769,19645,78,83,8868437,11930,0,0,0
2026-04-29 23:44:18,30538099,55949,10593316,46849,19457,82,83,8880381,11944,0,0,0
2026-04-29 23:44:19,30593244,55145,10612493,46939,19267,80,83,8892282,11901,0,0,0
2026-04-29 23:44:20,30649900,56656,10632149,47023,19740,77,83,8916223,23941,0,0,0
2026-04-29 23:44:22,30706018,56118,10651625,47114,19567,79,83,8928210,11987,0,0,0
2026-04-29 23:44:23,30761934,55916,10671065,47205,19531,82,83,8940176,11966,0,0,0
2026-04-29 23:44:24,30818022,56088,10690501,47279,19510,79,83,8952091,11915,0,0,0
2026-04-29 23:44:25,30874766,56744,10710181,47365,19766,76,83,8964002,11911,0,0,0
2026-04-29 23:44:26,30929653,54887,10729242,47452,19148,76,83,8975891,11889,0,0,0
2026-04-29 23:44:27,30984791,55138,10748377,47539,19222,80,83,8999618,23727,0,0,0
2026-04-29 23:44:28,31039829,55038,10767519,47617,19220,72,83,9011439,11821,0,0,0
2026-04-29 23:44:30,31095861,56032,10786920,47707,19491,80,83,9023248,11809,0,0,0
2026-04-29 23:44:31,31149279,53418,10805428,47791,18592,80,83,9035030,11782,0,0,0
2026-04-29 23:44:32,31205038,55759,10824788,47870,19439,72,83,9046903,11873,0,0,0
2026-04-29 23:44:33,31260965,55927,10844177,47956,19475,81,83,9058777,11874,0,0,0
2026-04-29 23:44:34,31311653,50688,10861780,48034,17681,82,83,9070678,11901,0,0,0
2026-04-29 23:44:35,31359877,48224,10878467,48104,16757,75,83,9082538,11860,0,0,0
2026-04-29 23:44:36,31409506,49629,10895707,48166,17302,77,83,9106208,23670,0,0,0
2026-04-29 23:44:38,31462047,52541,10913959,48253,18339,71,83,9118057,11849,0,0,0
2026-04-29 23:44:39,31514106,52059,10931977,48324,18089,80,83,9129899,11842,0,0,0
2026-04-29 23:44:40,31566595,52489,10950209,48404,18312,82,83,9141767,11868,0,0,0
2026-04-29 23:44:41,31618784,52189,10968335,48486,18208,82,83,9153602,11835,0,0,0
2026-04-29 23:44:42,31668261,49477,10985440,48582,17201,81,83,9165542,11940,0,0,0
2026-04-29 23:44:43,31715891,47630,11001978,48653,16609,81,83,9177468,11926,0,0,0
2026-04-29 23:44:44,31756582,40691,11016078,48709,14156,82,83,9189404,11936,0,0,0
2026-04-29 23:44:45,31792946,36364,11028705,48767,12685,82,83,9201315,11911,0,0,0
2026-04-29 23:44:47,31834888,41942,11043170,48837,14535,72,83,9225081,23766,0,0,0
2026-04-29 23:44:48,31879408,44520,11058635,48911,15539,81,83,9236949,11868,0,0,0
2026-04-29 23:44:49,31925802,46394,11074726,48979,16159,82,83,9248795,11846,0,0,0
2026-04-29 23:44:50,31971475,45673,11090587,49054,15936,82,83,9260668,11873,0,0,0
2026-04-29 23:44:51,32010686,39211,11104174,49117,13650,82,83,9272517,11849,0,0,0
2026-04-29 23:44:52,32048735,38049,11117393,49162,13264,67,83,9284395,11878,0,0,0
2026-04-29 23:44:53,32090097,41362,11131736,49233,14414,81,83,9296231,11836,0,0,0
2026-04-29 23:44:54,32126287,36190,11144310,49285,12626,82,83,9308086,11855,0,0,0
2026-04-29 23:44:56,32169115,42828,11159104,49363,14872,72,83,9331745,23659,0,0,0
2026-04-29 23:44:57,32213957,44842,11174679,49427,15639,74,83,9343562,11817,0,0,0
2026-04-29 23:44:58,32261918,47961,11191342,49496,16732,80,83,9355371,11809,0,0,0
2026-04-29 23:44:59,32308158,46240,11207433,49571,16166,82,83,9367146,11775,0,0,0
2026-04-29 23:45:00,32351369,43211,11222449,49638,15083,82,83,9378875,11729,0,0,0
2026-04-29 23:45:01,32389290,37921,11235586,49698,13197,82,83,9390638,11763,0,0,0
2026-04-29 23:45:02,32428234,38944,11249118,49748,13582,82,83,9402432,11794,0,0,0
2026-04-29 23:45:04,32470915,42681,11263877,49818,14829,82,83,9426056,23624,0,0,0
2026-04-29 23:45:05,32515594,44679,11279401,49880,15586,77,83,9437852,11796,0,0,0
2026-04-29 23:45:06,32563043,47449,11295839,49956,16514,81,83,9449653,11801,0,0,0
2026-04-29 23:45:07,32608491,45448,11311653,50017,15875,82,83,9461427,11774,0,0,0
2026-04-29 23:45:08,32655022,46531,11327848,50093,16271,82,83,9473203,11776,0,0,0
2026-04-29 23:45:09,32691414,36392,11340507,50157,12723,82,83,9484959,11756,0,0,0
2026-04-29 23:45:10,32727305,35891,11352975,50223,12534,82,83,9496737,11778,0,0,0
2026-04-29 23:45:11,32765150,37845,11366071,50280,13153,82,83,9508478,11741,0,0,0
2026-04-29 23:45:13,32809521,44371,11381471,50359,15479,82,83,9531208,22730,0,0,0
2026-04-29 23:45:14,32854336,44815,11396987,50433,15590,80,83,9542614,11406,0,0,0
2026-04-29 23:45:15,32898404,44068,11412305,50500,15385,74,83,9554003,11389,0,0,0
2026-04-29 23:45:16,32941707,43303,11427317,50559,15071,81,83,9565407,11404,0,0,0
2026-04-29 23:45:17,32983896,42189,11441957,50622,14703,82,83,9576789,11382,0,0,0
2026-04-29 23:45:18,33024672,40776,11456119,50680,14220,82,83,9588217,11428,0,0,0
2026-04-29 23:45:19,33060186,35514,11468467,50731,12399,82,83,9599665,11448,0,0,0
2026-04-29 23:45:20,33098003,37817,11481505,50797,13104,82,83,9611140,11475,0,0,0
2026-04-29 23:45:22,33143217,45214,11497200,50867,15765,72,83,9634077,22937,0,0,0
2026-04-29 23:45:23,33191154,47937,11513790,50936,16659,80,83,9645511,11434,0,0,0
2026-04-29 23:45:24,33238957,47803,11530397,51016,16687,81,83,9656957,11446,0,0,0
2026-04-29 23:45:25,33287862,48905,11547371,51089,17047,79,83,9668440,11483,0,0,0
2026-04-29 23:45:26,33345896,58034,11567532,51190,20262,82,83,9679969,11529,0,0,0
2026-04-29 23:45:27,33403684,57788,11587556,51267,20101,80,83,9702910,22941,0,0,0
2026-04-29 23:45:28,33461409,57725,11607542,51353,20072,70,83,9714387,11477,0,0,0
2026-04-29 23:45:30,33517364,55955,11626997,51437,19539,82,83,9725849,11462,0,0,0
2026-04-29 23:45:31,33573080,55716,11646300,51523,19389,79,83,9737385,11536,0,0,0
2026-04-29 23:45:32,33630941,57861,11666375,51620,20172,78,83,9748880,11495,0,0,0
2026-04-29 23:45:33,33686343,55402,11685610,51711,19326,79,83,9760338,11458,0,0,0
2026-04-29 23:45:34,33742074,55731,11704955,51796,19430,73,83,9771820,11482,0,0,0
2026-04-29 23:45:35,33798080,56006,11724366,51884,19499,74,83,9783370,11550,0,0,0
2026-04-29 23:45:36,33853686,55606,11743630,51960,19340,80,83,9806569,23199,0,0,0
2026-04-29 23:45:38,33909815,56129,11763090,52032,19532,82,83,9818140,11571,0,0,0
2026-04-29 23:45:39,33964196,54381,11781939,52109,18926,81,83,9829680,11540,0,0,0
2026-04-29 23:45:40,34019391,55195,11801118,52195,19265,80,83,9841228,11548,0,0,0
2026-04-29 23:45:41,34075475,56084,11820560,52277,19524,76,83,9852754,11526,0,0,0
2026-04-29 23:45:42,34129191,53716,11839193,52355,18711,77,83,9864256,11502,0,0,0
2026-04-29 23:45:43,34183594,54403,11858048,52438,18938,81,83,9887370,23114,0,0,0
2026-04-29 23:45:44,34238859,55265,11877225,52522,19261,80,83,9898943,11573,0,0,0
2026-04-29 23:45:46,34294691,55832,11896577,52605,19435,76,83,9910505,11562,0,0,0
2026-04-29 23:45:47,34350125,55434,11915786,52699,19303,76,83,9922114,11609,0,0,0
2026-04-29 23:45:48,34406474,56349,11935295,52795,19605,75,83,9933683,11569,0,0,0
2026-04-29 23:45:49,34461660,55186,11954508,52890,19308,72,83,9945221,11538,0,0,0
2026-04-29 23:45:50,34517443,55783,11973854,52974,19430,81,83,9956725,11504,0,0,0
2026-04-29 23:45:51,34572489,55046,11992935,53063,19170,82,83,9979761,23036,0,0,0
2026-04-29 23:45:53,34626870,54381,12011859,53140,19001,78,83,9991263,11502,0,0,0
2026-04-29 23:45:54,34683087,56217,12031368,53238,19607,77,83,10002785,11522,0,0,0
2026-04-29 23:45:55,34738937,55850,12050732,53321,19447,81,83,10014269,11484,0,0,0
2026-04-29 23:45:56,34794329,55392,12069958,53400,19305,80,83,10025790,11521,0,0,0
2026-04-29 23:45:57,34849648,55319,12089164,53494,19300,80,83,10037330,11540,0,0,0
2026-04-29 23:45:58,34904852,55204,12108291,53593,19226,82,83,10048838,11508,0,0,0
2026-04-29 23:45:59,34960832,55980,12127676,53691,19483,82,83,10071839,23001,0,0,0
2026-04-29 23:46:01,35016837,56005,12147115,53767,19515,81,83,10083317,11478,0,0,0
2026-04-29 23:46:02,35072669,55832,12166539,53841,19498,82,83,10094808,11491,0,0,0
2026-04-29 23:46:03,35128570,55901,12185889,53934,19443,82,83,10106327,11519,0,0,0
2026-04-29 23:46:04,35184868,56298,12205403,54024,19604,77,83,10117933,11606,0,0,0
2026-04-29 23:46:05,35240131,55263,12224577,54112,19262,82,83,10129553,11620,0,0,0
2026-04-29 23:46:06,35293913,53782,12243194,54182,18687,77,83,10141119,11566,0,0,0
2026-04-29 23:46:07,35348241,54328,12262058,54264,18946,74,83,10164118,22999,0,0,0
2026-04-29 23:46:09,35401439,53198,12280544,54329,18551,81,83,10175568,11450,0,0,0
2026-04-29 23:46:10,35455273,53834,12299180,54419,18726,79,83,10187072,11504,0,0,0
2026-04-29 23:46:11,35510812,55539,12318446,54516,19363,76,83,10198617,11545,0,0,0
2026-04-29 23:46:12,35562245,51433,12336279,54598,17915,76,83,10210369,11752,0,0,0
2026-04-29 23:46:13,35610678,48433,12353176,54666,16965,82,83,10222108,11739,0,0,0
2026-04-29 23:46:14,35658453,47775,12369778,54726,16662,82,83,10233872,11764,0,0,0
2026-04-29 23:46:15,35708779,50326,12387191,54798,17485,81,83,10257370,23498,0,0,0
2026-04-29 23:46:17,35761698,52919,12405530,54874,18415,82,83,10269087,11717,0,0,0
2026-04-29 23:46:18,35815341,53643,12424143,54953,18692,74,83,10280752,11665,0,0,0
2026-04-29 23:46:19,35867382,52041,12442177,55032,18113,81,83,10292426,11674,0,0,0
2026-04-29 23:46:20,35918660,51278,12459959,55111,17861,77,83,10304092,11666,0,0,0
2026-04-29 23:46:21,35968739,50079,12477325,55204,17459,81,83,10315712,11620,0,0,0
2026-04-29 23:46:22,36015647,46908,12493647,55273,16391,60,83,10327352,11640,0,0,0
2026-04-29 23:46:23,36062445,46798,12509916,55329,16325,82,83,10339030,11678,0,0,0
2026-04-29 23:46:24,36111119,48674,12526787,55394,16936,77,83,10362470,23440,0,0,0
2026-04-29 23:46:26,36166614,55495,12546001,55464,19284,82,83,10374219,11749,0,0,0
2026-04-29 23:46:27,36220261,53647,12564595,55552,18682,78,83,10385974,11755,0,0,0
2026-04-29 23:46:28,36275020,54759,12583596,55632,19081,79,83,10397738,11764,0,0,0
2026-04-29 23:46:29,36324485,49465,12600755,55708,17235,82,83,10409445,11707,0,0,0
2026-04-29 23:46:30,36375683,51198,12618469,55794,17800,82,83,10421175,11730,0,0,0
2026-04-29 23:46:31,36428074,52391,12636694,55867,18298,76,83,10444642,23467,0,0,0
2026-04-29 23:46:32,36483980,55906,12656082,55941,19462,78,83,10456356,11714,0,0,0
2026-04-29 23:46:34,36540110,56130,12675539,56027,19543,76,83,10468026,11670,0,0,0
2026-04-29 23:46:35,36595969,55859,12694899,56119,19452,76,83,10479688,11662,0,0,0
2026-04-29 23:46:36,36651315,55346,12714157,56196,19335,76,83,10491336,11648,0,0,0
2026-04-29 23:46:37,36705073,53758,12732860,56259,18766,80,83,10503013,11677,0,0,0
2026-04-29 23:46:38,36757161,52088,12750953,56357,18191,80,83,10514691,11678,0,0,0
2026-04-29 23:46:39,36809334,52173,12769042,56442,18174,75,83,10538094,23403,0,0,0
2026-04-29 23:46:40,36863942,54608,12787993,56538,19047,82,83,10549758,11664,0,0,0
2026-04-29 23:46:42,36915072,51130,12805737,56604,17810,72,83,10561461,11703,0,0,0
2026-04-29 23:46:43,36966672,51600,12823673,56684,18016,82,83,10573142,11681,0,0,0
2026-04-29 23:46:44,37018620,51948,12841698,56760,18101,81,83,10584825,11683,0,0,0
2026-04-29 23:46:45,37070337,51717,12859645,56826,18013,81,83,10596462,11637,0,0,0
2026-04-29 23:46:46,37118621,48284,12876449,56887,16865,82,83,10608093,11631,0,0,0
2026-04-29 23:46:47,37168548,49927,12893785,56960,17409,82,83,10619761,11668,0,0,0
2026-04-29 23:46:48,37219826,51278,12911522,57036,17813,72,83,10643104,23343,0,0,0
2026-04-29 23:46:50,37272285,52459,12929728,57124,18294,78,83,10654781,11677,0,0,0
2026-04-29 23:46:51,37325354,53069,12948128,57198,18474,76,83,10666429,11648,0,0,0
2026-04-29 23:46:52,37377852,52498,12966335,57278,18287,81,83,10678086,11657,0,0,0
2026-04-29 23:46:53,37428244,50392,12983838,57360,17585,79,83,10689711,11625,0,0,0
2026-04-29 23:46:54,37473769,45525,12999725,57430,15957,80,83,10701387,11676,0,0,0
2026-04-29 23:46:55,37519778,46009,13015686,57492,16023,69,83,10713092,11705,0,0,0
2026-04-29 23:46:56,37574049,54271,13034453,57565,18840,77,83,10736553,23461,0,0,0
2026-04-29 23:46:58,37626283,52234,13052585,57655,18222,79,83,10748276,11723,0,0,0
2026-04-29 23:46:59,37678697,52414,13070771,57733,18264,75,83,10759948,11672,0,0,0
2026-04-29 23:47:00,37734209,55512,13090070,57817,19383,76,83,10771667,11719,0,0,0
2026-04-29 23:47:01,37790017,55808,13109429,57908,19450,82,83,10783354,11687,0,0,0
2026-04-29 23:47:02,37845123,55106,13128554,57997,19214,79,83,10795126,11772,0,0,0
2026-04-29 23:47:03,37900529,55406,13147733,58097,19279,78,83,10806863,11737,0,0,0
2026-04-29 23:47:04,37957076,56547,13167341,58183,19694,81,83,10830357,23494,0,0,0
2026-04-29 23:47:06,38013022,55946,13186738,58275,19489,81,83,10842107,11750,0,0,0
2026-04-29 23:47:07,38069701,56679,13206395,58366,19748,72,83,10853854,11747,0,0,0
2026-04-29 23:47:08,38125794,56093,13225841,58446,19526,79,83,10865595,11741,0,0,0
2026-04-29 23:47:09,38182340,56546,13245417,58536,19666,81,83,10877346,11751,0,0,0
2026-04-29 23:47:10,38237999,55659,13264719,58634,19400,79,83,10889076,11730,0,0,0
2026-04-29 23:47:11,38293147,55148,13283858,58718,19223,81,83,10912536,23460,0,0,0
2026-04-29 23:47:12,38349089,55942,13303279,58800,19503,74,83,10924273,11737,0,0,0
2026-04-29 23:47:14,38405207,56118,13322780,58886,19587,81,83,10936017,11744,0,0,0
2026-04-29 23:47:15,38461195,55988,13342194,58987,19515,78,83,10947762,11745,0,0,0
2026-04-29 23:47:16,38516454,55259,13361367,59087,19273,82,83,10959567,11805,0,0,0
2026-04-29 23:47:17,38571531,55077,13380528,59177,19251,81,83,10971498,11931,0,0,0
2026-04-29 23:47:18,38625683,54152,13399275,59263,18833,81,83,10983412,11914,0,0,0
2026-04-29 23:47:19,38676257,50574,13416861,59334,17657,75,83,10995350,11938,0,0,0
2026-04-29 23:47:20,38724287,48030,13433498,59393,16696,81,83,11019164,23814,0,0,0
2026-04-29 23:47:22,38772124,47837,13450109,59454,16672,75,83,11031106,11942,0,0,0
2026-04-29 23:47:23,38821554,49430,13467255,59526,17218,78,83,11043078,11972,0,0,0
2026-04-29 23:47:24,38869218,47664,13483776,59597,16592,82,83,11055093,12015,0,0,0
2026-04-29 23:47:25,38918300,49082,13500835,59667,17129,67,83,11067065,11972,0,0,0
2026-04-29 23:47:26,38964489,46189,13516905,59729,16132,82,83,11079033,11968,0,0,0
2026-04-29 23:47:27,39009026,44537,13532382,59797,15545,81,83,11090996,11963,0,0,0
2026-04-29 23:47:28,39053154,44128,13547647,59859,15327,82,83,11102935,11939,0,0,0
2026-04-29 23:47:30,39101118,47964,13564240,59925,16659,79,83,11126855,23920,0,0,0
2026-04-29 23:47:31,39151563,50445,13581711,59991,17537,82,83,11138790,11935,0,0,0
2026-04-29 23:47:32,39204778,53215,13600206,60084,18588,77,83,11150698,11908,0,0,0
2026-04-29 23:47:33,39259708,54930,13619220,60180,19110,77,83,11162553,11855,0,0,0
2026-04-29 23:47:34,39314773,55065,13638286,60274,19160,79,83,11174462,11909,0,0,0
2026-04-29 23:47:35,39367551,52778,13656574,60367,18381,82,83,11186326,11864,0,0,0
2026-04-29 23:47:36,39418999,51448,13674443,60424,17926,82,83,11210190,23864,0,0,0
2026-04-29 23:47:38,39472756,53757,13693048,60512,18693,79,83,11222193,12003,0,0,0
2026-04-29 23:47:39,39528890,56134,13712504,60610,19554,76,83,11234138,11945,0,0,0
2026-04-29 23:47:40,39585187,56297,13732016,60695,19597,82,83,11246123,11985,0,0,0
2026-04-29 23:47:41,39640503,55316,13751237,60781,19307,76,83,11258051,11928,0,0,0
2026-04-29 23:47:42,39696905,56402,13770763,60867,19612,79,83,11269969,11918,0,0,0
2026-04-29 23:47:43,39751593,54688,13789747,60942,19059,82,83,11281868,11899,0,0,0
2026-04-29 23:47:44,39806799,55206,13808920,61018,19249,79,83,11305736,23868,0,0,0
2026-04-29 23:47:46,39860491,53692,13827543,61089,18694,82,83,11317670,11934,0,0,0
2026-04-29 23:47:47,39916626,56135,13846987,61182,19537,71,83,11329585,11915,0,0,0
2026-04-29 23:47:48,39972474,55848,13866349,61269,19449,82,83,11341517,11932,0,0,0
2026-04-29 23:47:49,40027837,55363,13885605,61342,19329,77,83,11353417,11900,0,0,0
2026-04-29 23:47:50,40082098,54261,13904423,61435,18911,76,83,11365326,11909,0,0,0
2026-04-29 23:47:51,40137732,55634,13923706,61509,19357,72,83,11377246,11920,0,0,0
2026-04-29 23:47:52,40193078,55346,13942841,61615,19241,81,83,11400979,23733,0,0,0
2026-04-29 23:47:54,40248751,55673,13962162,61694,19400,79,83,11412835,11856,0,0,0
2026-04-29 23:47:55,40304678,55927,13981569,61769,19482,82,83,11424705,11870,0,0,0
2026-04-29 23:47:56,40361042,56364,14001147,61844,19653,78,83,11436575,11870,0,0,0
2026-04-29 23:47:57,40417083,56041,14020589,61932,19530,81,83,11448373,11798,0,0,0
2026-04-29 23:47:58,40472811,55728,14039891,62031,19401,81,83,11460161,11788,0,0,0
2026-04-29 23:47:59,40528214,55403,14059098,62130,19306,75,83,11471947,11786,0,0,0
2026-04-29 23:48:00,40584180,55966,14078542,62200,19514,73,83,11495590,23643,0,0,0
2026-04-29 23:48:02,40640805,56625,14098114,62272,19644,75,83,11507420,11830,0,0,0
2026-04-29 23:48:03,40696283,55478,14117375,62351,19340,81,83,11519220,11800,0,0,0
2026-04-29 23:48:04,40751318,55035,14136482,62447,19203,80,83,11531018,11798,0,0,0
2026-04-29 23:48:05,40805654,54336,14155312,62536,18919,82,83,11542785,11767,0,0,0
2026-04-29 23:48:06,40853833,48179,14172056,62598,16806,74,83,11554496,11711,0,0,0
2026-04-29 23:48:07,40903448,49615,14189240,62685,17271,77,83,11566199,11703,0,0,0
2026-04-29 23:48:08,40956114,52666,14207532,62761,18368,79,83,11589595,23396,0,0,0
2026-04-29 23:48:10,41008931,52817,14225890,62845,18442,82,83,11601335,11740,0,0,0
2026-04-29 23:48:11,41062363,53432,14244413,62922,18600,80,83,11613066,11731,0,0,0
2026-04-29 23:48:12,41114969,52606,14262692,63013,18370,78,83,11624861,11795,0,0,0
2026-04-29 23:48:13,41166679,51710,14280639,63121,18055,81,83,11636678,11817,0,0,0
2026-04-29 23:48:14,41218246,51567,14298493,63224,17957,82,83,11648485,11807,0,0,0
2026-04-29 23:48:15,41268951,50705,14316072,63313,17668,82,83,11660327,11842,0,0,0
2026-04-29 23:48:16,41322621,53670,14334668,63397,18680,75,83,11683954,23627,0,0,0
2026-04-29 23:48:18,41375789,53168,14353097,63487,18519,78,83,11695728,11774,0,0,0
2026-04-29 23:48:19,41429304,53515,14371694,63560,18670,82,83,11707540,11812,0,0,0
2026-04-29 23:48:20,41482672,53368,14390190,63635,18571,78,83,11719365,11825,0,0,0
2026-04-29 23:48:21,41536268,53596,14408764,63700,18639,78,83,11731187,11822,0,0,0
2026-04-29 23:48:22,41585479,49211,14425887,63781,17204,82,83,11742954,11767,0,0,0
2026-04-29 23:48:23,41631623,46144,14441823,63857,16012,81,83,11754746,11792,0,0,0
2026-04-29 23:48:24,41678597,46974,14458129,63938,16387,73,83,11778322,23576,0,0,0
2026-04-29 23:48:26,41728369,49772,14475427,63997,17357,76,83,11790062,11740,0,0,0
2026-04-29 23:48:27,41783303,54934,14494501,64081,19158,81,83,11801741,11679,0,0,0
2026-04-29 23:48:28,41837113,53810,14513190,64155,18763,79,83,11813426,11685,0,0,0
2026-04-29 23:48:29,41892857,55744,14532512,64241,19408,78,83,11825134,11708,0,0,0
2026-04-29 23:48:30,41947904,55047,14551638,64337,19222,77,83,11836855,11721,0,0,0
2026-04-29 23:48:31,42003294,55390,14570836,64428,19289,79,83,11848626,11771,0,0,0
2026-04-29 23:48:32,42059205,55911,14590230,64490,19456,76,83,11872114,23488,0,0,0
2026-04-29 23:48:34,42115571,56366,14609763,64563,19606,78,83,11883834,11720,0,0,0
2026-04-29 23:48:35,42171322,55751,14629143,64656,19473,79,83,11895555,11721,0,0,0
2026-04-29 23:48:36,42227429,56107,14648569,64749,19519,82,83,11907295,11740,0,0,0
2026-04-29 23:48:37,42283415,55986,14667978,64834,19494,79,83,11919014,11719,0,0,0
2026-04-29 23:48:38,42337752,54337,14686874,64908,18970,82,83,11930784,11770,0,0,0
2026-04-29 23:48:39,42393545,55793,14706255,64974,19447,76,83,11942534,11750,0,0,0
2026-04-29 23:48:40,42450644,57099,14726003,65072,19846,82,83,11965997,23463,0,0,0
2026-04-29 23:48:42,42506222,55578,14745279,65162,19366,82,83,11977766,11769,0,0,0
2026-04-29 23:48:43,42562261,56039,14764752,65236,19547,79,83,11989562,11796,0,0,0
2026-04-29 23:48:44,42618253,55992,14784224,65317,19553,74,83,12001368,11806,0,0,0
2026-04-29 23:48:45,42674438,56185,14803713,65398,19570,69,83,12013149,11781,0,0,0
2026-04-29 23:48:46,42729167,54729,14822707,65480,19076,76,83,12024899,11750,0,0,0
2026-04-29 23:48:47,42784375,55208,14841872,65554,19239,76,83,12048444,23545,0,0,0
2026-04-29 23:48:49,42840261,55886,14861274,65626,19474,76,83,12060207,11763,0,0,0
2026-04-29 23:48:50,42897086,56825,14880963,65728,19791,81,83,12071962,11755,0,0,0
2026-04-29 23:48:51,42953416,56330,14900504,65829,19642,69,83,12083712,11750,0,0,0
2026-04-29 23:48:52,43009220,55804,14919842,65923,19432,75,83,12095493,11781,0,0,0
2026-04-29 23:48:53,43064981,55761,14939189,66012,19436,80,83,12107306,11813,0,0,0
2026-04-29 23:48:54,43109048,44067,14954519,66074,15392,81,83,12119141,11835,0,0,0
2026-04-29 23:48:55,43149889,40841,14968732,66127,14266,82,83,12130977,11836,0,0,0
2026-04-29 23:48:56,43191903,42014,14983295,66178,14614,82,83,12142768,11791,0,0,0
2026-04-29 23:48:58,43233197,41294,14997575,66243,14345,62,83,12166477,23709,0,0,0
2026-04-29 23:48:59,43278303,45106,15013207,66314,15703,81,83,12178389,11912,0,0,0
2026-04-29 23:49:00,43325260,46957,15029520,66379,16378,76,83,12190223,11834,0,0,0
2026-04-29 23:49:01,43370253,44993,15045112,66447,15660,76,83,12202087,11864,0,0,0
2026-04-29 23:49:02,43410458,40205,15059095,66498,14034,71,83,12213953,11866,0,0,0
2026-04-29 23:49:03,43450442,39984,15072975,66556,13938,82,83,12225864,11911,0,0,0
2026-04-29 23:49:04,43482912,32470,15084202,66623,11294,82,83,12237781,11917,0,0,0
2026-04-29 23:49:05,43520845,37933,15097330,66677,13182,79,83,12261661,23880,0,0,0
2026-04-29 23:49:07,43561327,40482,15111398,66719,14110,77,83,12273615,11954,0,0,0
2026-04-29 23:49:08,43604146,42819,15126269,66788,14940,77,83,12285635,12020,0,0,0
2026-04-29 23:49:09,43647512,43366,15141318,66869,15130,79,83,12297596,11961,0,0,0
2026-04-29 23:49:10,43690727,43215,15156311,66921,15045,77,83,12309531,11935,0,0,0
2026-04-29 23:49:11,43728770,38043,15169566,66976,13310,81,83,12321455,11924,0,0,0
2026-04-29 23:49:12,43766616,37846,15182715,67033,13206,82,83,12333180,11725,0,0,0
2026-04-29 23:49:13,43804811,38195,15195961,67106,13319,82,83,12344931,11751,0,0,0
2026-04-29 23:49:15,43842454,37643,15209021,67170,13124,82,83,12356700,11769,0,0,0
2026-04-29 23:49:16,43884587,42133,15223647,67230,14686,79,83,12380235,23535,0,0,0
2026-04-29 23:49:17,43931591,47004,15239952,67300,16375,79,83,12392000,11765,0,0,0
2026-04-29 23:49:18,43971066,39475,15253681,67346,13775,72,83,12403739,11739,0,0,0
2026-04-29 23:49:19,44010812,39746,15267515,67407,13895,82,83,12415485,11746,0,0,0
2026-04-29 23:49:20,44055671,44859,15283060,67482,15620,82,83,12427262,11777,0,0,0
2026-04-29 23:49:21,44103875,48204,15299809,67544,16811,82,83,12439059,11797,0,0,0
2026-04-29 23:49:22,44151835,47960,15316442,67613,16702,82,83,12462767,23708,0,0,0
2026-04-29 23:49:24,44204234,52399,15334644,67684,18273,74,83,12474633,11866,0,0,0
2026-04-29 23:49:25,44251954,47720,15351146,67755,16573,75,83,12486499,11866,0,0,0
2026-04-29 23:49:26,44297049,45095,15366774,67830,15703,75,83,12498363,11864,0,0,0
2026-04-29 23:49:27,44340796,43747,15381944,67897,15237,80,83,12510255,11892,0,0,0
2026-04-29 23:49:28,44388018,47222,15398370,67970,16499,81,83,12522196,11941,0,0,0
2026-04-29 23:49:29,44436052,48034,15415031,68040,16731,81,83,12534119,11923,0,0,0
2026-04-29 23:49:30,44481117,45065,15430646,68102,15677,82,83,12546061,11942,0,0,0
2026-04-29 23:49:31,44522975,41858,15445119,68173,14544,79,83,12569852,23791,0,0,0
2026-04-29 23:49:33,44574826,51851,15463139,68237,18084,82,83,12581734,11882,0,0,0
2026-04-29 23:49:34,44625386,50560,15480728,68315,17667,82,83,12593623,11889,0,0,0
2026-04-29 23:49:35,44677432,52046,15498748,68396,18101,79,83,12605499,11876,0,0,0
2026-04-29 23:49:36,44729980,52548,15516992,68477,18325,82,83,12617361,11862,0,0,0
2026-04-29 23:49:37,44776578,46598,15533210,68547,16288,81,83,12629227,11866,0,0,0
2026-04-29 23:49:38,44823716,47138,15549541,68621,16405,82,83,12641072,11845,0,0,0
2026-04-29 23:49:39,44872691,48975,15566507,68696,17041,82,83,12664695,23623,0,0,0
2026-04-29 23:49:41,44923722,51031,15584221,68777,17795,79,83,12676465,11770,0,0,0
2026-04-29 23:49:42,44974297,50575,15601763,68859,17624,73,83,12688067,11602,0,0,0
2026-04-29 23:49:43,45025292,50995,15619460,68931,17769,82,83,12699645,11578,0,0,0
2026-04-29 23:49:44,45074200,48908,15636382,69013,17004,80,83,12711237,11592,0,0,0
2026-04-29 23:49:45,45120343,46143,15652438,69072,16115,74,83,12722821,11584,0,0,0
2026-04-29 23:49:46,45162472,42129,15667107,69127,14724,82,83,12734417,11596,0,0,0
2026-04-29 23:49:47,45204031,41559,15681523,69190,14479,80,83,12745992,11575,0,0,0
2026-04-29 23:49:48,45247100,43069,15696409,69265,14961,79,83,12769082,23090,0,0,0
2026-04-29 23:49:50,45291575,44475,15711853,69313,15492,77,83,12780617,11535,0,0,0
2026-04-29 23:49:51,45342698,51123,15729569,69410,17813,81,83,12792136,11519,0,0,0
2026-04-29 23:49:52,45393770,51072,15747322,69490,17833,82,83,12803629,11493,0,0,0
2026-04-29 23:49:53,45444215,50445,15764836,69565,17589,82,83,12815115,11486,0,0,0
2026-04-29 23:49:54,45491335,47120,15781206,69628,16433,82,83,12826593,11478,0,0,0
2026-04-29 23:49:55,45538527,47192,15797564,69702,16432,82,83,12838096,11503,0,0,0
2026-04-29 23:49:56,45590391,51864,15815513,69766,18013,80,83,12861090,22994,0,0,0
2026-04-29 23:49:58,45642905,52514,15833735,69843,18299,76,83,12872598,11508,0,0,0
2026-04-29 23:49:59,45695794,52889,15852103,69921,18446,74,83,12884103,11505,0,0,0
2026-04-29 23:50:00,45750817,55023,15871181,69987,19144,75,83,12895546,11443,0,0,0
2026-04-29 23:50:01,45805064,54247,15890013,70079,18924,82,83,12906953,11407,0,0,0
2026-04-29 23:50:02,45856982,51918,15908028,70175,18111,81,83,12918348,11395,0,0,0
2026-04-29 23:50:03,45907470,50488,15925549,70254,17600,75,83,12929811,11463,0,0,0
2026-04-29 23:50:04,45960999,53529,15944139,70330,18666,82,83,12952657,22846,0,0,0
2026-04-29 23:50:06,46013931,52932,15962446,70411,18388,81,83,12964051,11394,0,0,0
2026-04-29 23:50:07,46066917,52986,15980824,70484,18451,80,83,12975455,11404,0,0,0
2026-04-29 23:50:08,46119432,52515,15999065,70559,18316,77,83,12986855,11400,0,0,0
2026-04-29 23:50:09,46172409,52977,16017464,70642,18482,77,83,12998248,11393,0,0,0
2026-04-29 23:50:10,46222227,49818,16034778,70718,17390,82,83,13009596,11348,0,0,0
2026-04-29 23:50:11,46270688,48461,16051606,70778,16888,82,83,13020952,11356,0,0,0
2026-04-29 23:50:12,46320027,49339,16068723,70852,17191,79,83,13043712,22760,0,0,0
2026-04-29 23:50:14,46370386,50359,16086166,70924,17515,49,83,13055052,11340,0,0,0
2026-04-29 23:50:15,46423182,52796,16104445,71011,18366,80,83,13066392,11340,0,0,0
2026-04-29 23:50:16,46473264,50082,16121827,71082,17453,76,83,13077719,11327,0,0,0
2026-04-29 23:50:17,46525763,52499,16140007,71152,18250,77,83,13089054,11335,0,0,0
2026-04-29 23:50:18,46575267,49504,16157190,71229,17260,76,83,13100365,11311,0,0,0
2026-04-29 23:50:19,46621981,46714,16173428,71294,16303,82,83,13111689,11324,0,0,0
2026-04-29 23:50:20,46667149,45168,16189105,71360,15743,82,83,13123034,11345,0,0,0
2026-04-29 23:50:22,46716929,49780,16206327,71433,17295,67,83,13145706,22672,0,0,0
2026-04-29 23:50:23,46768001,51072,16224057,71508,17805,80,83,13157028,11322,0,0,0
2026-04-29 23:50:24,46818238,50237,16241480,71588,17503,75,83,13168347,11319,0,0,0
2026-04-29 23:50:25,46870231,51993,16259558,71667,18157,81,83,13179687,11340,0,0,0
2026-04-29 23:50:26,46922237,52006,16277633,71744,18152,82,83,13190988,11301,0,0,0
2026-04-29 23:50:27,46970075,47838,16294220,71827,16670,82,83,13202257,11269,0,0,0
2026-04-29 23:50:28,47014227,44152,16309560,71881,15394,82,83,13213500,11243,0,0,0
2026-04-29 23:50:29,47061563,47336,16325938,71957,16454,82,83,13236182,22682,0,0,0
2026-04-29 23:50:31,47108025,46462,16342037,72033,16175,79,83,13247547,11365,0,0,0
2026-04-29 23:50:32,47159789,51764,16359981,72116,18027,82,83,13258914,11367,0,0,0
2026-04-29 23:50:33,47210774,50985,16377657,72210,17770,80,83,13270288,11374,0,0,0
2026-04-29 23:50:34,47261763,50989,16395403,72272,17808,80,83,13281663,11375,0,0,0
2026-04-29 23:50:35,47312081,50318,16412824,72349,17498,82,83,13293023,11360,0,0,0
2026-04-29 23:50:36,47360885,48804,16429804,72437,17068,82,83,13304366,11343,0,0,0
2026-04-29 23:50:37,47413187,52302,16447951,72501,18211,72,83,13327047,22681,0,0,0
2026-04-29 23:50:39,47468318,55131,16467053,72591,19192,76,83,13338429,11382,0,0,0
2026-04-29 23:50:40,47523124,54806,16486092,72673,19121,75,83,13349811,11382,0,0,0
2026-04-29 23:50:41,47579181,56057,16505577,72751,19563,81,83,13361217,11406,0,0,0
2026-04-29 23:50:42,47635445,56264,16525085,72834,19591,67,83,13372616,11399,0,0,0
2026-04-29 23:50:43,47690345,54900,16544113,72914,19108,82,83,13384028,11412,0,0,0
2026-04-29 23:50:44,47740882,50537,16561613,72985,17571,82,83,13395394,11366,0,0,0
2026-04-29 23:50:45,47792528,51646,16579511,73066,17979,81,83,13418095,22701,0,0,0
2026-04-29 23:50:47,47848020,55492,16598730,73161,19314,80,83,13429496,11401,0,0,0
2026-04-29 23:50:48,47902692,54672,16617697,73244,19050,80,83,13440894,11398,0,0,0
2026-04-29 23:50:49,47956909,54217,16636539,73337,18935,81,83,13452275,11381,0,0,0
2026-04-29 23:50:50,48011232,54323,16655367,73425,18916,80,83,13463613,11338,0,0,0
2026-04-29 23:50:51,48064499,53267,16673846,73516,18570,72,83,13474922,11309,0,0,0
2026-04-29 23:50:52,48116675,52176,16691949,73595,18182,82,83,13486228,11306,0,0,0
2026-04-29 23:50:53,48164799,48124,16708638,73670,16764,79,83,13508917,22689,0,0,0
2026-04-29 23:50:55,48220209,55410,16727899,73761,19352,80,83,13520263,11346,0,0,0
2026-04-29 23:50:56,48274792,54583,16746779,73858,18977,77,83,13531608,11345,0,0,0
2026-04-29 23:50:57,48329231,54439,16765624,73949,18936,81,83,13542978,11370,0,0,0
2026-04-29 23:50:58,48381656,52425,16783801,74027,18255,74,83,13554334,11356,0,0,0
2026-04-29 23:50:59,48432427,50771,16801424,74099,17695,82,83,13565663,11329,0,0,0
2026-04-29 23:51:00,48480195,47768,16817948,74167,16592,76,83,13577032,11369,0,0,0
2026-04-29 23:51:01,48528897,48702,16834848,74237,16970,67,83,13599797,22765,0,0,0
2026-04-29 23:51:03,48580677,51780,16852821,74294,18030,78,83,13611169,11372,0,0,0
2026-04-29 23:51:04,48630215,49538,16869990,74379,17254,79,83,13622544,11375,0,0,0
2026-04-29 23:51:05,48681457,51242,16887758,74460,17849,81,83,13633928,11384,0,0,0
2026-04-29 23:51:06,48734176,52719,16906028,74544,18354,74,83,13645332,11404,0,0,0
2026-04-29 23:51:07,48782815,48639,16922892,74623,16943,82,83,13656736,11404,0,0,0
2026-04-29 23:51:08,48826451,43636,16938073,74692,15250,82,83,13668082,11346,0,0,0
2026-04-29 23:51:09,48870033,43582,16953156,74743,15134,82,83,13679381,11299,0,0,0
2026-04-29 23:51:10,48913816,43783,16968330,74818,15249,82,83,13702054,22673,0,0,0
2026-04-29 23:51:12,48963773,49957,16985622,74907,17381,74,83,13713451,11397,0,0,0
2026-04-29 23:51:13,49014855,51082,17003369,74976,17816,82,83,13724838,11387,0,0,0
2026-04-29 23:51:14,49066005,51150,17021068,75071,17794,72,83,13736231,11393,0,0,0
2026-04-29 23:51:15,49119032,53027,17039501,75153,18515,80,83,13747597,11366,0,0,0
2026-04-29 23:51:16,49168731,49699,17056743,75231,17320,82,83,13758970,11373,0,0,0
2026-04-29 23:51:17,49218968,50237,17074177,75304,17507,77,83,13781746,22776,0,0,0
2026-04-29 23:51:18,49271765,52797,17092493,75379,18391,77,83,13793093,11347,0,0,0
2026-04-29 23:51:20,49327179,55414,17111713,75446,19287,79,83,13804413,11320,0,0,0
2026-04-29 23:51:21,49383272,56093,17131168,75541,19550,81,83,13815780,11367,0,0,0
2026-04-29 23:51:22,49439220,55948,17150587,75619,19497,82,83,13827164,11384,0,0,0
2026-04-29 23:51:23,49495666,56446,17170183,75697,19674,74,83,13838593,11429,0,0,0
2026-04-29 23:51:24,49548481,52815,17188520,75771,18411,81,83,13850064,11471,0,0,0
2026-04-29 23:51:25,49601887,53406,17207086,75859,18654,82,83,13872953,22889,0,0,0
2026-04-29 23:51:27,49655482,53595,17225687,75926,18668,76,83,13884361,11408,0,0,0
2026-04-29 23:51:28,49710609,55127,17244771,76017,19175,80,83,13895741,11380,0,0,0
2026-04-29 23:51:29,49765616,55007,17263894,76089,19195,81,83,13907109,11368,0,0,0
2026-04-29 23:51:30,49820619,55003,17282996,76190,19203,78,83,13918447,11338,0,0,0
2026-04-29 23:51:31,49876780,56161,17302458,76271,19543,82,83,13929804,11357,0,0,0
2026-04-29 23:51:32,49928848,52068,17320576,76332,18179,62,83,13941169,11365,0,0,0
2026-04-29 23:51:33,49983216,54368,17339417,76396,18905,66,83,13963880,22711,0,0,0
2026-04-29 23:51:35,50037769,54553,17358338,76491,19016,81,83,13975249,11369,0,0,0
2026-04-29 23:51:36,50090026,52257,17376453,76577,18201,79,83,13986660,11411,0,0,0
2026-04-29 23:51:37,50141991,51965,17394472,76663,18105,76,83,13998057,11397,0,0,0
2026-04-29 23:51:38,50196152,54161,17413238,76772,18875,77,83,14009476,11419,0,0,0
2026-04-29 23:51:39,50245727,49575,17430413,76860,17263,82,83,14020902,11426,0,0,0
2026-04-29 23:51:40,50291667,45940,17446407,76936,16070,80,83,14032339,11437,0,0,0
2026-04-29 23:51:41,50339511,47844,17462981,76999,16637,71,83,14055322,22983,0,0,0
2026-04-29 23:51:43,50390874,51363,17480818,77081,17919,82,83,14066911,11589,0,0,0
2026-04-29 23:51:44,50443379,52505,17498993,77161,18255,81,83,14078563,11652,0,0,0
2026-04-29 23:51:45,50495198,51819,17516976,77240,18062,80,83,14090208,11645,0,0,0
2026-04-29 23:51:46,50545004,49806,17534298,77295,17377,77,83,14101850,11642,0,0,0
2026-04-29 23:51:47,50593412,48408,17551152,77375,16934,82,83,14113415,11565,0,0,0
2026-04-29 23:51:48,50638671,45259,17566889,77423,15785,82,83,14125008,11593,0,0,0
2026-04-29 23:51:49,50685242,46571,17583024,77506,16218,81,83,14136615,11607,0,0,0
2026-04-29 23:51:51,50737329,52087,17601059,77592,18121,76,83,14159809,23194,0,0,0
2026-04-29 23:51:52,50787705,50376,17618593,77678,17620,81,83,14171366,11557,0,0,0
2026-04-29 23:51:53,50839226,51521,17636470,77762,17961,76,83,14182948,11582,0,0,0
2026-04-29 23:51:54,50890552,51326,17654281,77824,17873,75,83,14194547,11599,0,0,0
2026-04-29 23:51:55,50941305,50753,17671941,77896,17732,82,83,14206159,11612,0,0,0
2026-04-29 23:51:56,50990780,49475,17689079,77981,17223,72,83,14217757,11598,0,0,0
2026-04-29 23:51:57,51041693,50913,17706685,78048,17673,79,83,14240915,23158,0,0,0
2026-04-29 23:51:59,51095585,53892,17725383,78126,18776,76,83,14252472,11557,0,0,0
2026-04-29 23:52:00,51150977,55392,17744556,78210,19257,82,83,14264066,11594,0,0,0
2026-04-29 23:52:01,51205867,54890,17763628,78299,19161,73,83,14275605,11539,0,0,0
2026-04-29 23:52:02,51262220,56353,17783170,78391,19634,81,83,14287140,11535,0,0,0
2026-04-29 23:52:03,51317953,55733,17802494,78483,19416,74,83,14298656,11516,0,0,0
2026-04-29 23:52:04,51373330,55377,17821659,78572,19254,82,83,14310179,11523,0,0,0
2026-04-29 23:52:05,51429661,56331,17841171,78674,19614,76,83,14333208,23029,0,0,0
2026-04-29 23:52:07,51485261,55600,17860464,78764,19383,79,83,14344679,11471,0,0,0
2026-04-29 23:52:08,51541065,55804,17879888,78832,19492,75,83,14356177,11498,0,0,0
2026-04-29 23:52:09,51597415,56350,17899413,78910,19603,76,83,14367723,11546,0,0,0
2026-04-29 23:52:10,51653761,56346,17918997,79011,19685,78,83,14379322,11599,0,0,0
2026-04-29 23:52:11,51709213,55452,17938261,79103,19356,82,83,14390911,11589,0,0,0
2026-04-29 23:52:12,51763585,54372,17957142,79186,18964,76,83,14402508,11597,0,0,0
2026-04-29 23:52:13,51820149,56564,17976779,79264,19715,78,83,14425662,23154,0,0,0
2026-04-29 23:52:15,51876487,56338,17996330,79338,19625,75,83,14437230,11568,0,0,0
2026-04-29 23:52:16,51933588,57101,18016109,79413,19854,74,83,14448771,11541,0,0,0
2026-04-29 23:52:17,51988658,55070,18035245,79478,19201,80,83,14460305,11534,0,0,0
2026-04-29 23:52:18,52042435,53777,18053864,79561,18702,80,83,14471849,11544,0,0,0
2026-04-29 23:52:19,52097557,55122,18073042,79632,19249,76,83,14483417,11568,0,0,0
2026-04-29 23:52:20,52153634,56077,18092502,79702,19530,81,83,14506645,23228,0,0,0
2026-04-29 23:52:22,52209731,56097,18111982,79792,19570,77,83,14518207,11562,0,0,0
2026-04-29 23:52:23,52265219,55488,18131240,79909,19375,70,83,14529782,11575,0,0,0
2026-04-29 23:52:24,52321188,55969,18150657,80010,19518,81,83,14541312,11530,0,0,0
2026-04-29 23:52:25,52376092,54904,18169663,80088,19084,81,83,14552820,11508,0,0,0
2026-04-29 23:52:26,52430570,54478,18188621,80171,19041,82,83,14564315,11495,0,0,0
2026-04-29 23:52:27,52481870,51300,18206375,80254,17837,81,83,14575836,11521,0,0,0
2026-04-29 23:52:28,52533906,52036,18224456,80328,18155,67,83,14598867,23031,0,0,0
2026-04-29 23:52:30,52586849,52943,18242783,80410,18409,78,83,14610355,11488,0,0,0
2026-04-29 23:52:31,52640814,53965,18261432,80511,18750,82,83,14621831,11476,0,0,0
2026-04-29 23:52:32,52693721,52907,18279826,80596,18479,68,83,14633384,11553,0,0,0
2026-04-29 23:52:33,52745261,51540,18297677,80680,17935,79,83,14644956,11572,0,0,0
2026-04-29 23:52:34,52795079,49818,18315004,80759,17406,81,83,14656505,11549,0,0,0
2026-04-29 23:52:35,52843181,48102,18331674,80825,16736,81,83,14668075,11570,0,0,0
2026-04-29 23:52:36,52891412,48231,18348441,80892,16834,82,83,14679650,11575,0,0,0
2026-04-29 23:52:38,52941074,49662,18365583,80972,17222,76,83,14702879,23229,0,0,0
2026-04-29 23:52:39,52992886,51812,18383571,81039,18055,78,83,14714502,11623,0,0,0
2026-04-29 23:52:40,53045221,52335,18401719,81107,18216,79,83,14726110,11608,0,0,0
2026-04-29 23:52:41,53097947,52726,18420039,81174,18387,80,83,14737732,11622,0,0,0
2026-04-29 23:52:42,53149579,51632,18437956,81260,18003,82,83,14749348,11616,0,0,0
2026-04-29 23:52:43,53199173,49594,18455207,81331,17322,82,83,14760903,11555,0,0,0
2026-04-29 23:52:44,53248820,49647,18472350,81412,17224,79,83,14772498,11595,0,0,0
2026-04-29 23:52:46,53298486,49666,18489626,81481,17345,82,83,14795788,23290,0,0,0
2026-04-29 23:52:47,53350010,51524,18507461,81567,17921,78,83,14807419,11631,0,0,0
2026-04-29 23:52:48,53399907,49897,18524786,81656,17414,74,83,14819035,11616,0,0,0
2026-04-29 23:52:49,53448370,48463,18541614,81728,16900,76,83,14830677,11642,0,0,0
2026-04-29 23:52:50,53497517,49147,18558690,81807,17155,82,83,14842278,11601,0,0,0
2026-04-29 23:52:51,53543529,46012,18574631,81882,16016,81,83,14853926,11648,0,0,0
2026-04-29 23:52:52,53589929,46400,18590716,81945,16148,81,83,14865571,11645,0,0,0
2026-04-29 23:52:53,53641256,51327,18608491,82022,17852,82,83,14888782,23211,0,0,0
2026-04-29 23:52:55,53694248,52992,18626860,82126,18473,81,83,14900326,11544,0,0,0
2026-04-29 23:52:56,53747837,53589,18645422,82213,18649,69,83,14911878,11552,0,0,0
2026-04-29 23:52:57,53800355,52518,18663624,82298,18287,80,83,14923418,11540,0,0,0
2026-04-29 23:52:58,53852315,51960,18681666,82368,18112,81,83,14934987,11569,0,0,0
2026-04-29 23:52:59,53900857,48542,18698534,82433,16933,81,83,14946617,11630,0,0,0
2026-04-29 23:53:00,53944261,43404,18713620,82493,15146,82,83,14958215,11598,0,0,0
2026-04-29 23:53:01,53986477,42216,18728271,82560,14718,82,83,14969800,11585,0,0,0
2026-04-29 23:53:03,54027798,41321,18742539,82625,14333,78,83,14992889,23089,0,0,0
2026-04-29 23:53:04,54072472,44674,18758050,82695,15581,75,83,15004424,11535,0,0,0
2026-04-29 23:53:05,54120431,47959,18774671,82784,16710,79,83,15015914,11490,0,0,0
2026-04-29 23:53:06,54162460,42029,18789250,82841,14636,77,83,15027409,11495,0,0,0
2026-04-29 23:53:07,54209550,47090,18805621,82914,16444,82,83,15038894,11485,0,0,0
2026-04-29 23:53:08,54259039,49489,18822729,82991,17185,79,83,15050384,11490,0,0,0
2026-04-29 23:53:09,54306475,47436,18839232,83069,16581,82,83,15061853,11469,0,0,0
2026-04-29 23:53:11,54357875,51400,18857035,83146,17880,77,83,15084822,22969,0,0,0
2026-04-29 23:53:12,54410503,52628,18875289,83221,18329,72,83,15096169,11347,0,0,0
2026-04-29 23:53:13,54461677,51174,18893023,83300,17813,81,83,15107529,11360,0,0,0
2026-04-29 23:53:14,54516212,54535,18911914,83388,18979,67,83,15118880,11351,0,0,0
2026-04-29 23:53:15,54570611,54399,18930789,83477,18964,80,83,15130252,11372,0,0,0
2026-04-29 23:53:16,54623254,52643,18949088,83553,18375,82,83,15141685,11433,0,0,0
2026-04-29 23:53:17,54678169,54915,18968132,83622,19113,71,83,15164558,22873,0,0,0
2026-04-29 23:53:19,54732485,54316,18986968,83692,18906,70,83,15175956,11398,0,0,0
2026-04-29 23:53:20,54785976,53491,19005484,83773,18597,75,83,15187387,11431,0,0,0
2026-04-29 23:53:21,54840966,54990,19024572,83847,19162,82,83,15198925,11538,0,0,0
2026-04-29 23:53:22,54896758,55792,19043914,83937,19432,72,83,15210507,11582,0,0,0
2026-04-29 23:53:23,54951730,54972,19062992,84021,19162,80,83,15222154,11647,0,0,0
2026-04-29 23:53:24,55005211,53481,19081563,84107,18657,81,83,15233756,11602,0,0,0
2026-04-29 23:53:25,55059771,54560,19100480,84200,19010,81,83,15256958,23202,0,0,0
2026-04-29 23:53:27,55115858,56087,19119915,84285,19520,80,83,15268608,11650,0,0,0
2026-04-29 23:53:28,55172402,56544,19139545,84370,19715,80,83,15280275,11667,0,0,0
2026-04-29 23:53:29,55228970,56568,19159158,84463,19706,81,83,15291959,11684,0,0,0
2026-04-29 23:53:30,55285761,56791,19178868,84550,19797,78,83,15303610,11651,0,0,0
2026-04-29 23:53:31,55340689,54928,19197929,84645,19156,77,83,15315288,11678,0,0,0
2026-04-29 23:53:32,55393864,53175,19216338,84744,18508,81,83,15338742,23454,0,0,0
2026-04-29 23:53:34,55450024,56160,19235864,84816,19598,81,83,15350526,11784,0,0,0
2026-04-29 23:53:35,55505725,55701,19255144,84905,19369,81,83,15362337,11811,0,0,0
2026-04-29 23:53:36,55561759,56034,19274605,84979,19535,79,83,15374182,11845,0,0,0
2026-04-29 23:53:37,55616844,55085,19293751,85067,19234,68,83,15386012,11830,0,0,0
2026-04-29 23:53:38,55671549,54705,19312705,85163,19050,82,83,15397857,11845,0,0,0
2026-04-29 23:53:39,55725260,53711,19331313,85249,18694,78,83,15409680,11823,0,0,0
2026-04-29 23:53:40,55775249,49989,19348675,85318,17431,82,83,15421503,11823,0,0,0
2026-04-29 23:53:41,55823029,47780,19365259,85394,16660,82,83,15445311,23808,0,0,0
2026-04-29 23:53:43,55875222,52193,19383388,85479,18214,78,83,15457273,11962,0,0,0
2026-04-29 23:53:44,55929771,54549,19402310,85566,19009,75,83,15469231,11958,0,0,0
2026-04-29 23:53:45,55985841,56070,19421791,85646,19561,72,83,15481232,12001,0,0,0
2026-04-29 23:53:46,56040978,55137,19440928,85734,19225,76,83,15493253,12021,0,0,0
2026-04-29 23:53:47,56095737,54759,19459926,85810,19074,78,83,15505272,12019,0,0,0
2026-04-29 23:53:48,56150819,55082,19479038,85898,19200,75,83,15529308,24036,0,0,0
2026-04-29 23:53:50,56206833,56014,19498508,85986,19558,82,83,15541347,12039,0,0,0
2026-04-29 23:53:51,56263046,56213,19517944,86078,19528,78,83,15553415,12068,0,0,0
2026-04-29 23:53:52,56319727,56681,19537596,86176,19750,77,83,15565419,12004,0,0,0
2026-04-29 23:53:53,56376122,56395,19557170,86266,19664,78,83,15577427,12008,0,0,0
2026-04-29 23:53:54,56432685,56563,19576732,86347,19643,81,83,15589388,11961,0,0,0
2026-04-29 23:53:55,56488267,55582,19596054,86431,19406,82,83,15601369,11981,0,0,0
2026-04-29 23:53:56,56542808,54541,19614982,86505,19002,78,83,15625296,23927,0,0,0
2026-04-29 23:53:58,56595371,52563,19633236,86580,18329,82,83,15637278,11982,0,0,0
2026-04-29 23:53:59,56650152,54781,19652222,86663,19069,76,83,15649282,12004,0,0,0
2026-04-29 23:54:00,56705062,54910,19671297,86726,19138,81,83,15661282,12000,0,0,0
2026-04-29 23:54:01,56759488,54426,19690144,86818,18939,79,83,15673276,11994,0,0,0
2026-04-29 23:54:02,56811437,51949,19708165,86895,18098,76,83,15685252,11976,0,0,0
2026-04-29 23:54:03,56862072,50635,19725725,86978,17643,82,83,15697198,11946,0,0,0
2026-04-29 23:54:04,56910418,48346,19742455,87046,16798,70,83,15721243,24045,0,0,0
2026-04-29 23:54:06,56962929,52511,19760675,87130,18304,80,83,15733259,12016,0,0,0
2026-04-29 23:54:07,57015147,52218,19778827,87191,18213,82,83,15745266,12007,0,0,0
2026-04-29 23:54:08,57067893,52746,19797113,87288,18383,73,83,15757268,12002,0,0,0
2026-04-29 23:54:09,57120966,53073,19815509,87358,18466,71,83,15769253,11985,0,0,0
2026-04-29 23:54:10,57173566,52600,19833716,87443,18292,81,83,15781266,12013,0,0,0
2026-04-29 23:54:11,57223346,49780,19851020,87521,17382,64,83,15793300,12034,0,0,0
2026-04-29 23:54:12,57272327,48981,19867982,87593,17034,78,83,15817448,24148,0,0,0
2026-04-29 23:54:14,57323927,51600,19885880,87673,17978,77,83,15829511,12063,0,0,0
2026-04-29 23:54:15,57376271,52344,19904052,87742,18241,82,83,15841563,12052,0,0,0
2026-04-29 23:54:16,57428905,52634,19922314,87819,18339,78,83,15853610,12047,0,0,0
2026-04-29 23:54:17,57480921,52016,19940386,87885,18138,70,83,15865581,11971,0,0,0
2026-04-29 23:54:18,57530283,49362,19957560,87962,17251,82,83,15877591,12010,0,0,0
2026-04-29 23:54:19,57576518,46235,19973600,88036,16114,82,83,15889631,12040,0,0,0
2026-04-29 23:54:20,57623331,46813,19989846,88096,16306,75,83,15901662,12031,0,0,0
2026-04-29 23:54:22,57673885,50554,20007409,88166,17633,75,83,15925706,24044,0,0,0
2026-04-29 23:54:23,57726283,52398,20025590,88231,18246,75,83,15937706,12000,0,0,0
2026-04-29 23:54:24,57777718,51435,20043465,88295,17939,80,83,15949642,11936,0,0,0
2026-04-29 23:54:25,57830117,52399,20061649,88365,18254,69,83,15961561,11919,0,0,0
2026-04-29 23:54:26,57882734,52617,20079909,88454,18349,73,83,15973492,11931,0,0,0
2026-04-29 23:54:27,57932609,49875,20097237,88541,17415,81,83,15985416,11924,0,0,0
2026-04-29 23:54:28,57982684,50075,20114529,88629,17380,70,83,16009353,23937,0,0,0
2026-04-29 23:54:30,58036056,53372,20133006,88704,18552,82,83,16021332,11979,0,0,0
2026-04-29 23:54:31,58085605,49549,20150188,88783,17261,79,83,16033286,11954,0,0,0
2026-04-29 23:54:32,58138185,52580,20168440,88853,18322,80,83,16045250,11964,0,0,0
2026-04-29 23:54:33,58191538,53353,20186931,88942,18580,80,83,16057196,11946,0,0,0
2026-04-29 23:54:34,58243619,52081,20204966,89020,18113,82,83,16069125,11929,0,0,0
2026-04-29 23:54:35,58293085,49466,20222158,89107,17279,82,83,16081019,11894,0,0,0
2026-04-29 23:54:36,58344458,51373,20239941,89178,17854,78,83,16104858,23839,0,0,0
2026-04-29 23:54:38,58396349,51891,20257932,89259,18072,81,83,16116787,11929,0,0,0
2026-04-29 23:54:39,58447406,51057,20275658,89333,17800,69,83,16128710,11923,0,0,0
2026-04-29 23:54:40,58500579,53173,20294075,89425,18509,81,83,16140629,11919,0,0,0
2026-04-29 23:54:41,58551923,51344,20311916,89493,17909,80,83,16152559,11930,0,0,0
2026-04-29 23:54:42,58604685,52762,20330266,89569,18426,82,83,16164439,11880,0,0,0
2026-04-29 23:54:43,58654232,49547,20347411,89654,17230,81,83,16176358,11919,0,0,0
2026-04-29 23:54:44,58703543,49311,20364485,89721,17141,79,83,16200044,23686,0,0,0
2026-04-29 23:54:46,58756547,53004,20382902,89789,18485,82,83,16211888,11844,0,0,0
2026-04-29 23:54:47,58806013,49466,20400062,89875,17246,81,83,16223761,11873,0,0,0
2026-04-29 23:54:48,58854017,48004,20416750,89947,16760,71,83,16235616,11855,0,0,0
2026-04-29 23:54:49,58900552,46535,20432910,90011,16224,80,83,16247503,11887,0,0,0
2026-04-29 23:54:50,58950971,50419,20450454,90090,17623,79,83,16259384,11881,0,0,0
2026-04-29 23:54:51,58998581,47610,20466971,90169,16596,82,83,16271285,11901,0,0,0
2026-04-29 23:54:52,59046365,47784,20483609,90240,16709,82,83,16283129,11844,0,0,0
2026-04-29 23:54:53,59096897,50532,20501103,90310,17564,82,83,16306818,23689,0,0,0
2026-04-29 23:54:55,59152261,55364,20520280,90385,19252,82,83,16318644,11826,0,0,0
2026-04-29 23:54:56,59207228,54967,20539341,90471,19147,81,83,16330482,11838,0,0,0
2026-04-29 23:54:57,59261813,54585,20558281,90553,19022,80,83,16342390,11908,0,0,0
2026-04-29 23:54:58,59314273,52460,20576514,90626,18306,79,83,16354300,11910,0,0,0
2026-04-29 23:54:59,59367775,53502,20595108,90712,18680,82,83,16366184,11884,0,0,0
2026-04-29 23:55:00,59421957,54182,20613882,90790,18852,82,83,16378007,11823,0,0,0
2026-04-29 23:55:02,59477558,55601,20633165,90884,19377,81,83,16401537,23530,0,0,0
2026-04-29 23:55:03,59533093,55535,20652417,90979,19347,82,83,16413289,11752,0,0,0
2026-04-29 23:55:04,59588803,55710,20671738,91072,19414,75,83,16425030,11741,0,0,0
2026-04-29 23:55:05,59644684,55881,20691116,91161,19467,76,83,16436767,11737,0,0,0
2026-04-29 23:55:06,59700969,56285,20710677,91246,19646,82,83,16448541,11774,0,0,0
2026-04-29 23:55:07,59756414,55445,20729907,91331,19315,80,83,16460280,11739,0,0,0
2026-04-29 23:55:08,59812343,55929,20749329,91421,19512,82,83,16483714,23434,0,0,0
2026-04-29 23:55:10,59868389,56046,20768766,91504,19520,82,83,16495452,11738,0,0,0
2026-04-29 23:55:11,59925198,56809,20788450,91596,19776,80,83,16507216,11764,0,0,0
2026-04-29 23:55:12,59976077,50879,20806152,91669,17775,77,83,16519008,11792,0,0,0
2026-04-29 23:55:13,60025244,49167,20823184,91733,17096,81,83,16530782,11774,0,0,0
2026-04-29 23:55:14,60071877,46633,20839415,91799,16297,82,83,16542539,11757,0,0,0
2026-04-29 23:55:15,60116691,44814,20854975,91865,15626,82,83,16554313,11774,0,0,0
2026-04-29 23:55:16,60160774,44083,20870294,91918,15372,81,83,16566118,11805,0,0,0
2026-04-29 23:55:18,60208211,47437,20886709,91990,16487,75,83,16589627,23509,0,0,0
2026-04-29 23:55:19,60259106,50895,20904367,92066,17734,79,83,16601350,11723,0,0,0
2026-04-29 23:55:20,60308987,49881,20921711,92142,17420,81,83,16613082,11732,0,0,0
2026-04-29 23:55:21,60359040,50053,20939099,92206,17452,82,83,16624831,11749,0,0,0
2026-04-29 23:55:22,60409311,50271,20956542,92289,17526,82,83,16636577,11746,0,0,0
2026-04-29 23:55:23,60456470,47159,20972890,92358,16417,82,83,16648293,11716,0,0,0
2026-04-29 23:55:24,60504376,47906,20989519,92427,16698,82,83,16660041,11748,0,0,0
2026-04-29 23:55:25,60554436,50060,21006866,92499,17419,81,83,16683581,23540,0,0,0
2026-04-29 23:55:27,60606198,51762,21024855,92578,18068,73,83,16695361,11780,0,0,0
2026-04-29 23:55:28,60657519,51321,21042656,92647,17870,76,83,16707133,11772,0,0,0
2026-04-29 23:55:29,60707486,49967,21060028,92725,17450,73,83,16718871,11738,0,0,0
2026-04-29 23:55:30,60758942,51456,21077868,92802,17917,80,83,16730559,11688,0,0,0
2026-04-29 23:55:31,60806775,47833,21094541,92894,16765,82,83,16742252,11693,0,0,0
2026-04-29 23:55:32,60855991,49216,21111617,92969,17151,79,83,16753987,11735,0,0,0
2026-04-29 23:55:33,60908947,52956,21129960,93053,18427,73,83,16777574,23587,0,0,0
2026-04-29 23:55:35,60964235,55288,21149113,93133,19233,77,83,16789380,11806,0,0,0
2026-04-29 23:55:36,61016952,52717,21167404,93212,18370,73,83,16801146,11766,0,0,0
2026-04-29 23:55:37,61071564,54612,21186337,93294,19015,77,83,16812874,11728,0,0,0
2026-04-29 23:55:38,61126343,54779,21205343,93378,19090,82,83,16824579,11705,0,0,0
2026-04-29 23:55:39,61179207,52864,21223737,93455,18471,81,83,16836252,11673,0,0,0
2026-04-29 23:55:40,61234272,55065,21242843,93539,19190,81,83,16847925,11673,0,0,0
2026-04-29 23:55:42,61287546,53274,21261302,93624,18544,82,83,16871243,23318,0,0,0
2026-04-29 23:55:43,61340433,52887,21279657,93698,18429,81,83,16882874,11631,0,0,0
2026-04-29 23:55:44,61393020,52587,21297884,93774,18303,71,83,16894492,11618,0,0,0
2026-04-29 23:55:45,61445321,52301,21315996,93849,18187,80,83,16906134,11642,0,0,0
2026-04-29 23:55:46,61497340,52019,21334062,93923,18140,82,83,16917820,11686,0,0,0
2026-04-29 23:55:47,61545237,47897,21350694,94005,16714,68,83,16929490,11670,0,0,0
2026-04-29 23:55:48,61593570,48333,21367489,94067,16857,82,83,16941165,11675,0,0,0
2026-04-29 23:55:49,61645650,52080,21385503,94147,18094,79,83,16964354,23189,0,0,0
2026-04-29 23:55:51,61694039,48389,21402327,94209,16886,76,83,16975966,11612,0,0,0
2026-04-29 23:55:52,61745952,51913,21420342,94292,18098,79,83,16987562,11596,0,0,0
2026-04-29 23:55:53,61796668,50716,21437946,94373,17685,79,83,16999178,11616,0,0,0
2026-04-29 23:55:54,61847320,50652,21455534,94463,17678,76,83,17010759,11581,0,0,0
2026-04-29 23:55:55,61892995,45675,21471374,94538,15915,82,83,17022356,11597,0,0,0
2026-04-29 23:55:56,61937664,44669,21486828,94619,15535,82,83,17033987,11631,0,0,0
2026-04-29 23:55:57,61985855,48191,21503550,94682,16785,81,83,17057239,23252,0,0,0
2026-04-29 23:55:59,62036399,50544,21521114,94762,17644,79,83,17068871,11632,0,0,0
2026-04-29 23:56:00,62088338,51939,21539156,94836,18116,81,83,17080504,11633,0,0,0
2026-04-29 23:56:01,62140374,52036,21557217,94902,18127,80,83,17092138,11634,0,0,0
2026-04-29 23:56:02,62191164,50790,21574826,94990,17697,82,83,17103793,11655,0,0,0
2026-04-29 23:56:03,62236174,45010,21590491,95045,15720,82,83,17115471,11678,0,0,0
2026-04-29 23:56:04,62279708,43534,21605560,95113,15137,66,83,17127162,11691,0,0,0
2026-04-29 23:56:05,62327141,47433,21622059,95175,16561,69,83,17150470,23308,0,0,0
2026-04-29 23:56:07,62378761,51620,21639981,95244,17991,81,83,17162129,11659,0,0,0
2026-04-29 23:56:08,62432320,53559,21658589,95326,18690,72,83,17173825,11696,0,0,0
2026-04-29 23:56:09,62486812,54492,21677463,95426,18974,79,83,17185532,11707,0,0,0
2026-04-29 23:56:10,62541661,54849,21696516,95499,19126,81,83,17197239,11707,0,0,0
2026-04-29 23:56:11,62594746,53085,21714920,95588,18493,79,83,17208957,11718,0,0,0
2026-04-29 23:56:12,62647230,52484,21733141,95670,18303,77,83,17220644,11687,0,0,0
2026-04-29 23:56:13,62701456,54226,21751941,95758,18888,78,83,17243978,23334,0,0,0
2026-04-29 23:56:15,62756766,55310,21771150,95849,19300,81,83,17255615,11637,0,0,0
2026-04-29 23:56:16,62812242,55476,21790406,95941,19348,75,83,17267250,11635,0,0,0
2026-04-29 23:56:17,62868334,56092,21809795,96050,19498,82,83,17278870,11620,0,0,0
2026-04-29 23:56:18,62923428,55094,21828932,96137,19224,61,83,17290530,11660,0,0,0
2026-04-29 23:56:19,62978358,54930,21847975,96228,19134,82,83,17302189,11659,0,0,0
2026-04-29 23:56:20,63029842,51484,21865841,96302,17940,72,83,17313839,11650,0,0,0
2026-04-29 23:56:21,63085975,56133,21885277,96399,19533,81,83,17337012,23173,0,0,0
2026-04-29 23:56:23,63142223,56248,21904784,96479,19587,77,83,17348520,11508,0,0,0
2026-04-29 23:56:24,63198024,55801,21924137,96574,19448,79,83,17360025,11505,0,0,0
2026-04-29 23:56:25,63252154,54130,21942951,96659,18899,79,83,17371560,11535,0,0,0
2026-04-29 23:56:26,63307853,55699,21962296,96760,19446,82,83,17383108,11548,0,0,0
2026-04-29 23:56:27,63363077,55224,21981440,96844,19228,80,83,17394674,11566,0,0,0
2026-04-29 23:56:28,63418287,55210,22000588,96926,19230,79,83,17406230,11556,0,0,0
2026-04-29 23:56:29,63474998,56711,22020248,97007,19741,74,83,17429316,23086,0,0,0
2026-04-29 23:56:31,63531458,56460,22039822,97099,19666,73,83,17440879,11563,0,0,0
2026-04-29 23:56:32,63587836,56378,22059405,97191,19675,78,83,17452465,11586,0,0,0
2026-04-29 23:56:33,63644831,56995,22079179,97271,19854,81,83,17464071,11606,0,0,0
2026-04-29 23:56:34,63701090,56259,22098704,97369,19623,79,83,17475649,11578,0,0,0
2026-04-29 23:56:35,63755562,54472,22117654,97430,19011,82,83,17487245,11596,0,0,0
2026-04-29 23:56:36,63808681,53119,22136040,97505,18461,82,83,17510331,23086,0,0,0
2026-04-29 23:56:38,63865604,56923,22155764,97606,19825,73,83,17521832,11501,0,0,0
2026-04-29 23:56:39,63922020,56416,22175315,97706,19651,75,83,17533337,11505,0,0,0
2026-04-29 23:56:40,63977748,55728,22194695,97779,19453,77,83,17544849,11512,0,0,0
2026-04-29 23:56:41,64031816,54068,22213452,97860,18838,80,83,17556387,11538,0,0,0
2026-04-29 23:56:42,64086271,54455,22232347,97947,18982,81,83,17568081,11694,0,0,0
2026-04-29 23:56:43,64141446,55175,22251538,98017,19261,79,83,17579790,11709,0,0,0
2026-04-29 23:56:44,64197579,56133,22270980,98100,19525,78,83,17603210,23420,0,0,0
2026-04-29 23:56:46,64254510,56931,22290729,98207,19856,78,83,17614920,11710,0,0,0
2026-04-29 23:56:47,64310249,55739,22310071,98287,19422,78,83,17626631,11711,0,0,0
2026-04-29 23:56:48,64366731,56482,22329637,98388,19667,76,83,17638319,11688,0,0,0
2026-04-29 23:56:49,64421429,54698,22348643,98459,19077,77,83,17650002,11683,0,0,0
2026-04-29 23:56:50,64476383,54954,22367715,98534,19147,73,83,17661664,11662,0,0,0
2026-04-29 23:56:51,64527299,50916,22385397,98613,17761,47,83,17673375,11711,0,0,0
2026-04-29 23:56:52,64578680,51381,22403135,98696,17821,79,83,17696832,23457,0,0,0
2026-04-29 23:56:54,64632921,54241,22421956,98800,18925,79,83,17708579,11747,0,0,0
2026-04-29 23:56:55,64686074,53153,22440410,98875,18529,78,83,17720325,11746,0,0,0
2026-04-29 23:56:56,64738932,52858,22458721,98972,18408,81,83,17732088,11763,0,0,0
2026-04-29 23:56:57,64791815,52883,22477071,99052,18430,81,83,17743857,11769,0,0,0
2026-04-29 23:56:58,64842036,50221,22494535,99125,17537,80,83,17755616,11759,0,0,0
2026-04-29 23:56:59,64890108,48072,22511220,99192,16752,81,83,17767375,11759,0,0,0
2026-04-29 23:57:00,64939802,49694,22528400,99274,17262,74,83,17790869,23494,0,0,0
2026-04-29 23:57:02,64993337,53535,22547003,99360,18689,74,83,17802612,11743,0,0,0
2026-04-29 23:57:03,65046938,53601,22565550,99449,18636,82,83,17814374,11762,0,0,0
2026-04-29 23:57:04,65101570,54632,22584562,99537,19100,70,83,17826137,11763,0,0,0
2026-04-29 23:57:05,65153182,51612,22602461,99606,17968,78,83,17837933,11796,0,0,0
2026-04-29 23:57:06,65202991,49809,22619771,99676,17380,82,83,17849712,11779,0,0,0
2026-04-29 23:57:07,65251454,48463,22636547,99725,16825,79,83,17861515,11803,0,0,0
2026-04-29 23:57:08,65301439,49985,22653838,99809,17375,77,83,17885092,23577,0,0,0
2026-04-29 23:57:10,65355156,53717,22672461,99888,18702,79,83,17896926,11834,0,0,0
2026-04-29 23:57:11,65406993,51837,22690479,99977,18107,72,83,17908770,11844,0,0,0
2026-04-29 23:57:12,65458519,51526,22708390,100047,17981,80,83,17920602,11832,0,0,0
2026-04-29 23:57:13,65508403,49884,22725667,100131,17361,77,83,17932450,11848,0,0,0
2026-04-29 23:57:14,65556701,48298,22742430,100216,16848,81,83,17944289,11839,0,0,0
2026-04-29 23:57:15,65604106,47405,22758919,100287,16560,82,83,17956124,11835,0,0,0
2026-04-29 23:57:16,65652017,47911,22775578,100362,16734,81,83,17967967,11843,0,0,0
2026-04-29 23:57:18,65701630,49613,22792768,100443,17271,79,83,17991708,23741,0,0,0
2026-04-29 23:57:19,65754108,52478,22811000,100522,18311,79,83,18003659,11951,0,0,0
2026-04-29 23:57:20,65803443,49335,22828115,100597,17190,77,83,18015582,11923,0,0,0
2026-04-29 23:57:21,65848362,44919,22843675,100666,15629,82,83,18027521,11939,0,0,0
2026-04-29 23:57:22,65891164,42802,22858553,100742,14954,82,83,18039427,11906,0,0,0
2026-04-29 23:57:23,65929764,38600,22871918,100791,13414,82,83,18051310,11883,0,0,0
2026-04-29 23:57:24,65977272,47508,22888406,100869,16566,81,83,18063189,11879,0,0,0
2026-04-29 23:57:25,66021276,44004,22903664,100947,15336,82,83,18075066,11877,0,0,0
2026-04-29 23:57:27,66064950,43674,22918772,101006,15167,78,83,18098803,23737,0,0,0
2026-04-29 23:57:28,66110009,45059,22934376,101082,15680,80,83,18110612,11809,0,0,0
2026-04-29 23:57:29,66156438,46429,22950461,101148,16151,75,83,18122377,11765,0,0,0
2026-04-29 23:57:30,66204576,48138,22967172,101222,16785,82,83,18134158,11781,0,0,0
2026-04-29 23:57:31,66251799,47223,22983576,101294,16476,82,83,18145994,11836,0,0,0
2026-04-29 23:57:32,66299094,47295,22999997,101384,16511,53,83,18157869,11875,0,0,0
2026-04-29 23:57:33,66349945,50851,23017562,101454,17635,72,83,18181612,23743,0,0,0
2026-04-29 23:57:35,66403373,53428,23036117,101540,18641,79,83,18193419,11807,0,0,0
2026-04-29 23:57:36,66456133,52760,23054436,101603,18382,80,83,18205226,11807,0,0,0
2026-04-29 23:57:37,66508326,52193,23072550,101680,18191,81,83,18217005,11779,0,0,0
2026-04-29 23:57:38,66563295,54969,23091645,101760,19175,79,83,18228778,11773,0,0,0
2026-04-29 23:57:39,66614824,51529,23109523,101853,17971,82,83,18240562,11784,0,0,0
2026-04-29 23:57:40,66668072,53248,23127999,101932,18555,82,83,18252355,11793,0,0,0
2026-04-29 23:57:41,66723620,55548,23147220,102017,19306,79,83,18275740,23385,0,0,0
2026-04-29 23:57:43,66780286,56666,23166872,102107,19742,79,83,18287384,11644,0,0,0
2026-04-29 23:57:44,66836149,55863,23186257,102182,19460,81,83,18299011,11627,0,0,0
2026-04-29 23:57:45,66891989,55840,23205632,102260,19453,81,83,18310664,11653,0,0,0
2026-04-29 23:57:46,66948539,56550,23225241,102356,19705,76,83,18322258,11594,0,0,0
2026-04-29 23:57:47,67001782,53243,23243726,102426,18555,80,83,18333877,11619,0,0,0
2026-04-29 23:57:48,67056564,54782,23262747,102525,19120,81,83,18345498,11621,0,0,0
2026-04-29 23:57:50,67111540,54976,23281817,102608,19153,80,83,18368848,23350,0,0,0
2026-04-29 23:57:51,67166506,54966,23300866,102692,19133,75,83,18380478,11630,0,0,0
2026-04-29 23:57:52,67222213,55707,23320179,102770,19391,79,83,18392078,11600,0,0,0
2026-04-29 23:57:53,67276773,54560,23339090,102847,18988,77,83,18403708,11630,0,0,0
2026-04-29 23:57:54,67331013,54240,23357911,102923,18897,82,83,18415335,11627,0,0,0
2026-04-29 23:57:55,67380744,49731,23375171,102999,17336,82,83,18426950,11615,0,0,0
2026-04-29 23:57:56,67432848,52104,23393212,103072,18114,78,83,18438558,11608,0,0,0
2026-04-29 23:57:58,67485732,52884,23411536,103164,18416,77,83,18461775,23217,0,0,0
2026-04-29 23:57:59,67539429,53697,23430178,103233,18711,78,83,18473408,11633,0,0,0
2026-04-29 23:58:00,67594076,54647,23449159,103312,19060,81,83,18485057,11649,0,0,0
2026-04-29 23:58:01,67648520,54444,23468060,103405,18994,76,83,18496726,11669,0,0,0
2026-04-29 23:58:02,67703514,54994,23487121,103503,19159,63,83,18508392,11666,0,0,0
2026-04-29 23:58:03,67755265,51751,23505041,103588,18005,80,83,18520051,11659,0,0,0
2026-04-29 23:58:04,67808145,52880,23523396,103670,18437,80,83,18543375,23324,0,0,0
2026-04-29 23:58:06,67864144,55999,23542782,103774,19490,78,83,18555061,11686,0,0,0
2026-04-29 23:58:07,67930247,66103,23565680,103873,22997,79,83,18566766,11705,0,0,0
2026-04-29 23:58:08,67986947,56700,23585321,103965,19733,76,83,18578494,11728,0,0,0
2026-04-29 23:58:09,68042071,55124,23604472,104047,19233,81,83,18590207,11713,0,0,0
2026-04-29 23:58:10,68097248,55177,23623623,104140,19244,82,83,18601888,11681,0,0,0
2026-04-29 23:58:12,68153691,56443,23643163,104232,19632,81,83,18625249,23361,0,0,0
2026-04-29 23:58:13,68209725,56034,23662636,104321,19562,78,83,18637030,11781,0,0,0
2026-04-29 23:58:14,68265945,56220,23682147,104401,19591,82,83,18648824,11794,0,0,0
2026-04-29 23:58:15,68322353,56408,23701703,104489,19644,79,83,18660632,11808,0,0,0
2026-04-29 23:58:16,68378700,56347,23721257,104575,19640,79,83,18672439,11807,0,0,0
2026-04-29 23:58:17,68431714,53014,23739678,104659,18505,82,83,18684277,11838,0,0,0
2026-04-29 23:58:18,68480657,48943,23756668,104735,17066,82,83,18696139,11862,0,0,0
2026-04-29 23:58:20,68532706,52049,23774710,104827,18134,72,83,18719751,23612,0,0,0
2026-04-29 23:58:21,68585400,52694,23792985,104919,18367,72,83,18731543,11792,0,0,0
2026-04-29 23:58:22,68638319,52919,23811357,104995,18448,69,83,18743351,11808,0,0,0
2026-04-29 23:58:23,68690573,52254,23829453,105081,18182,77,83,18755201,11850,0,0,0
2026-04-29 23:58:24,68741346,50773,23847150,105143,17759,82,83,18767055,11854,0,0,0
2026-04-29 23:58:25,68791569,50223,23864560,105206,17473,82,83,18778937,11882,0,0,0
2026-04-29 23:58:26,68841212,49643,23881776,105279,17289,82,83,18790816,11879,0,0,0
2026-04-29 23:58:28,68892569,51357,23899575,105379,17899,82,83,18814495,23679,0,0,0
2026-04-29 23:58:29,68945318,52749,23917891,105440,18377,82,83,18826306,11811,0,0,0
2026-04-29 23:58:30,68997797,52479,23936105,105519,18293,78,83,18838126,11820,0,0,0
2026-04-29 23:58:31,69048364,50567,23953654,105603,17633,74,83,18849964,11838,0,0,0
2026-04-29 23:58:32,69100670,52306,23971765,105692,18200,77,83,18861821,11857,0,0,0
2026-04-29 23:58:33,69147715,47045,23988114,105765,16422,82,83,18873681,11860,0,0,0
2026-04-29 23:58:34,69192821,45106,24003764,105827,15712,82,83,18885542,11861,0,0,0
2026-04-29 23:58:35,69241185,48364,24020494,105896,16799,79,83,18909210,23668,0,0,0
2026-04-29 23:58:37,69293715,52530,24038665,105983,18258,80,83,18921074,11864,0,0,0
2026-04-29 23:58:38,69346384,52669,24056920,106061,18333,77,83,18932962,11888,0,0,0
2026-04-29 23:58:39,69397686,51302,24074756,106137,17912,82,83,18944906,11944,0,0,0
2026-04-29 23:58:40,69450572,52886,24093103,106219,18429,78,83,18956855,11949,0,0,0
2026-04-29 23:58:41,69501143,50571,24110658,106285,17621,82,83,18968782,11927,0,0,0
2026-04-29 23:58:42,69543913,42770,24125491,106339,14887,72,83,18980702,11920,0,0,0
2026-04-29 23:58:43,69594120,50207,24142911,106434,17515,65,83,19004567,23865,0,0,0
2026-04-29 23:58:45,69647751,53631,24161438,106526,18619,80,83,19016516,11949,0,0,0
2026-04-29 23:58:46,69700126,52375,24179643,106616,18295,82,83,19028441,11925,0,0,0
2026-04-29 23:58:47,69752589,52463,24197811,106706,18258,81,83,19040417,11976,0,0,0
2026-04-29 23:58:48,69805531,52942,24216177,106783,18443,82,83,19052402,11985,0,0,0
2026-04-29 23:58:49,69854926,49395,24233382,106863,17285,82,83,19064397,11995,0,0,0
2026-04-29 23:58:50,69902583,47657,24249920,106943,16618,81,83,19076343,11946,0,0,0
2026-04-29 23:58:51,69948123,45540,24265721,107010,15868,82,83,19088256,11913,0,0,0
2026-04-29 23:58:53,69993866,45743,24281523,107056,15848,78,83,19112101,23845,0,0,0
2026-04-29 23:58:54,70046006,52140,24299621,107148,18190,76,83,19124017,11916,0,0,0
2026-04-29 23:58:55,70098050,52044,24317725,107226,18182,81,83,19135946,11929,0,0,0
2026-04-29 23:58:56,70149376,51326,24335560,107285,17894,78,83,19147879,11933,0,0,0
2026-04-29 23:58:57,70200347,50971,24353290,107365,17810,79,83,19159812,11933,0,0,0
2026-04-29 23:58:58,70247104,46757,24369548,107434,16327,80,83,19171778,11966,0,0,0
2026-04-29 23:58:59,70293583,46479,24385684,107505,16207,82,83,19183733,11955,0,0,0
2026-04-29 23:59:01,70339969,46386,24401745,107574,16130,80,83,19207620,23887,0,0,0
2026-04-29 23:59:02,70390077,50108,24419165,107635,17481,82,83,19219568,11948,0,0,0
2026-04-29 23:59:03,70441305,51228,24436960,107709,17869,73,83,19231516,11948,0,0,0
2026-04-29 23:59:04,70492336,51031,24454666,107775,17772,75,83,19243429,11913,0,0,0
2026-04-29 23:59:05,70543783,51447,24472539,107851,17949,82,83,19255343,11914,0,0,0
2026-04-29 23:59:06,70592362,48579,24489384,107912,16906,78,83,19267274,11931,0,0,0
2026-04-29 23:59:07,70641049,48687,24506328,107988,17020,82,83,19279222,11948,0,0,0
2026-04-29 23:59:09,70692537,51488,24524173,108065,17922,78,83,19303293,24071,0,0,0
2026-04-29 23:59:10,70747635,55098,24543343,108146,19251,68,83,19315323,12030,0,0,0
2026-04-29 23:59:11,70802414,54779,24562292,108229,19032,77,83,19327289,11966,0,0,0
2026-04-29 23:59:12,70857382,54968,24581344,108309,19132,82,83,19339145,11856,0,0,0
2026-04-29 23:59:13,70912119,54737,24600325,108388,19060,81,83,19351114,11969,0,0,0
2026-04-29 23:59:14,70965212,53093,24618773,108466,18526,82,83,19363067,11953,0,0,0
2026-04-29 23:59:15,71014800,49588,24635997,108549,17307,82,83,19375038,11971,0,0,0
2026-04-29 23:59:17,71067383,52583,24654216,108644,18314,80,83,19398894,23856,0,0,0
2026-04-29 23:59:18,71118956,51573,24672120,108730,17990,79,83,19410823,11929,0,0,0
2026-04-29 23:59:19,71170809,51853,24690129,108800,18079,79,83,19422755,11932,0,0,0
2026-04-29 23:59:20,71221348,50539,24707662,108883,17616,82,83,19434658,11903,0,0,0
2026-04-29 23:59:21,71272400,51052,24725410,108963,17828,79,83,19446546,11888,0,0,0
2026-04-29 23:59:22,71319851,47451,24741869,109039,16535,82,83,19458422,11876,0,0,0
2026-04-29 23:59:23,71367749,47898,24758489,109105,16686,81,83,19470271,11849,0,0,0
2026-04-29 23:59:24,71416791,49042,24775533,109168,17107,81,83,19494021,23750,0,0,0
2026-04-29 23:59:26,71467626,50835,24793131,109254,17684,77,83,19505907,11886,0,0,0
2026-04-29 23:59:27,71519040,51414,24810998,109348,17961,74,83,19517792,11885,0,0,0
2026-04-29 23:59:28,71570403,51363,24828705,109461,17820,78,83,19529748,11956,0,0,0
2026-04-29 23:59:29,71620765,50362,24846175,109545,17554,77,83,19541684,11936,0,0,0
2026-04-29 23:59:30,71666264,45499,24862016,109610,15906,82,83,19553631,11947,0,0,0
2026-04-29 23:59:31,71706439,40175,24875946,109666,13986,82,83,19565537,11906,0,0,0
2026-04-29 23:59:32,71744978,38539,24889323,109721,13432,82,83,19577491,11954,0,0,0
2026-04-29 23:59:34,71792392,47414,24905698,109806,16460,82,83,19601402,23911,0,0,0
2026-04-29 23:59:35,71843937,51545,24923560,109880,17936,78,83,19613315,11913,0,0,0
2026-04-29 23:59:36,71895817,51880,24941578,109967,18105,82,83,19625234,11919,0,0,0
2026-04-29 23:59:37,71943885,48068,24958258,110043,16756,79,83,19637177,11943,0,0,0
2026-04-29 23:59:38,71993485,49600,24975484,110110,17293,82,83,19649159,11982,0,0,0
2026-04-29 23:59:39,72040938,47453,24991973,110171,16550,82,83,19661129,11970,0,0,0
2026-04-29 23:59:40,72088540,47602,25008463,110258,16577,82,83,19673105,11976,0,0,0
2026-04-29 23:59:41,72135568,47028,25024891,110318,16488,82,83,19697065,23960,0,0,0
2026-04-29 23:59:43,72188157,52589,25043095,110397,18283,77,83,19709073,12008,0,0,0
2026-04-29 23:59:44,72242860,54703,25062072,110481,19061,77,83,19721091,12018,0,0,0
2026-04-29 23:59:45,72298699,55839,25081442,110561,19450,76,83,19733093,12002,0,0,0
2026-04-29 23:59:46,72354945,56246,25100917,110647,19561,82,83,19745068,11975,0,0,0
2026-04-29 23:59:47,72410566,55621,25120226,110720,19382,81,83,19757087,12019,0,0,0
2026-04-29 23:59:48,72466236,55670,25139506,110807,19367,81,83,19769102,12015,0,0,0
2026-04-29 23:59:50,72522252,56016,25158908,110885,19480,81,83,19793203,24101,0,0,0
2026-04-29 23:59:51,72578368,56116,25178367,110973,19547,79,83,19805278,12075,0,0,0
2026-04-29 23:59:52,72635156,56788,25198056,111044,19760,81,83,19817361,12083,0,0,0
2026-04-29 23:59:53,72689628,54472,25216997,111126,19023,78,83,19829389,12028,0,0,0
2026-04-29 23:59:54,72745310,55682,25236313,111210,19400,76,83,19841368,11979,0,0,0
2026-04-29 23:59:55,72800750,55440,25255548,111287,19312,80,83,19853317,11949,0,0,0
2026-04-29 23:59:56,72853580,52830,25273907,111369,18441,79,83,19865331,12014,0,0,0
2026-04-29 23:59:58,72909314,55734,25293248,111441,19413,75,83,19889418,24087,0,0,0
2026-04-29 23:59:59,72965606,56292,25312769,111527,19607,81,83,19901472,12054,0,0,0
2026-04-30 00:00:00,73022044,56438,25332314,111609,19627,76,83,19913495,12023,0,0,0
2026-04-30 00:00:01,73078607,56563,25351912,111680,19669,75,83,19925555,12060,0,0,0
2026-04-30 00:00:02,73133470,54863,25371042,111758,19208,81,83,19937598,12043,0,0,0
2026-04-30 00:00:03,73189070,55600,25390310,111841,19351,82,83,19949623,12025,0,0,0
2026-04-30 00:00:04,73243603,54533,25409268,111939,19056,66,83,19961645,12022,0,0,0
2026-04-30 00:00:06,73300266,56663,25428919,112023,19735,81,83,19985754,24109,0,0,0
2026-04-30 00:00:07,73356433,56167,25448399,112111,19568,76,83,19997816,12062,0,0,0
2026-04-30 00:00:08,73413096,56663,25468035,112202,19727,81,83,20009917,12101,0,0,0
2026-04-30 00:00:09,73468258,55162,25487165,112292,19220,73,83,20022046,12129,0,0,0
2026-04-30 00:00:10,73524093,55835,25506556,112360,19459,81,83,20034183,12137,0,0,0
2026-04-30 00:00:11,73579339,55246,25525740,112445,19269,76,83,20046313,12130,0,0,0
2026-04-30 00:00:12,73634811,55472,25544970,112527,19312,78,83,20071009,24696,0,0,0
2026-04-30 00:00:14,73690217,55406,25564178,112625,19306,79,83,20083336,12327,0,0,0
2026-04-30 00:00:15,73746461,56244,25583699,112707,19603,80,83,20095668,12332,0,0,0
2026-04-30 00:00:16,73803361,56900,25603420,112806,19820,81,83,20108032,12364,0,0,0
2026-04-30 00:00:17,73860575,57214,25623255,112873,19902,76,83,20120391,12359,0,0,0
2026-04-30 00:00:18,73916328,55753,25642632,112960,19464,82,83,20132785,12394,0,0,0
2026-04-30 00:00:19,73971455,55127,25661708,113072,19188,79,83,20145111,12326,0,0,0
2026-04-30 00:00:21,74027237,55782,25681032,113173,19425,81,83,20169894,24783,0,0,0
2026-04-30 00:00:22,74083306,56069,25700512,113249,19556,82,83,20182308,12414,0,0,0
2026-04-30 00:00:23,74139629,56323,25720076,113324,19639,79,83,20194750,12442,0,0,0
2026-04-30 00:00:24,74196131,56502,25739672,113404,19676,77,83,20207153,12403,0,0,0
2026-04-30 00:00:25,74251755,55624,25759009,113466,19399,79,83,20219588,12435,0,0,0
2026-04-30 00:00:26,74307742,55987,25778417,113548,19490,78,83,20232008,12420,0,0,0
2026-04-30 00:00:27,74362833,55091,25797513,113640,19188,81,83,20244459,12451,0,0,0
2026-04-30 00:00:29,74419192,56359,25817068,113714,19629,75,83,20269350,24891,0,0,0
2026-04-30 00:00:30,74475421,56229,25836570,113795,19583,73,83,20281761,12411,0,0,0
2026-04-30 00:00:31,74532071,56650,25856201,113872,19708,82,83,20294157,12396,0,0,0
2026-04-30 00:00:32,74588326,56255,25875669,113973,19569,76,83,20306561,12404,0,0,0
2026-04-30 00:00:33,74644770,56444,25895225,114061,19644,75,83,20318958,12397,0,0,0
2026-04-30 00:00:34,74700569,55799,25914589,114145,19448,81,83,20331447,12489,0,0,0
2026-04-30 00:00:35,74755573,55004,25933671,114220,19157,80,83,20343905,12458,0,0,0
2026-04-30 00:00:37,74811301,55728,25953050,114318,19477,76,83,20368702,24797,0,0,0
2026-04-30 00:00:38,74866601,55300,25972254,114401,19287,79,83,20381086,12384,0,0,0
2026-04-30 00:00:39,74922391,55790,25991607,114483,19435,75,83,20393508,12422,0,0,0
2026-04-30 00:00:40,74978445,56054,26011076,114550,19536,79,83,20405931,12423,0,0,0
2026-04-30 00:00:41,75033348,54903,26030138,114643,19155,82,83,20418364,12433,0,0,0
2026-04-30 00:00:42,75088780,55432,26049356,114733,19308,82,83,20431023,12659,0,0,0
2026-04-30 00:00:43,75141072,52292,26067499,114810,18220,79,83,20456268,25245,0,0,0
2026-04-30 00:00:45,75195209,54137,26086311,114876,18878,77,83,20468827,12559,0,0,0
2026-04-30 00:00:46,75250453,55244,26105466,114956,19235,80,83,20481405,12578,0,0,0
2026-04-30 00:00:47,75305781,55328,26124678,115043,19299,80,83,20493992,12587,0,0,0
2026-04-30 00:00:48,75360703,54922,26143774,115124,19177,71,83,20506605,12613,0,0,0
2026-04-30 00:00:49,75415207,54504,26162704,115214,19020,82,83,20519186,12581,0,0,0
2026-04-30 00:00:50,75466360,51153,26180427,115293,17802,80,83,20531798,12612,0,0,0
2026-04-30 00:00:51,75517150,50790,26198024,115368,17672,78,83,20544389,12591,0,0,0
2026-04-30 00:00:53,75570094,52944,26216380,115449,18437,81,83,20569543,25154,0,0,0
2026-04-30 00:00:54,75618189,48095,26233068,115523,16762,81,83,20582113,12570,0,0,0
2026-04-30 00:00:55,75670980,52791,26251375,115598,18382,78,83,20594719,12606,0,0,0
2026-04-30 00:00:56,75722281,51301,26269188,115677,17892,76,83,20607300,12581,0,0,0
2026-04-30 00:00:57,75772472,50191,26286649,115761,17545,82,83,20619872,12572,0,0,0
2026-04-30 00:00:58,75821106,48634,26303541,115832,16963,82,83,20632413,12541,0,0,0
2026-04-30 00:00:59,75868708,47602,26320110,115899,16636,79,83,20644969,12556,0,0,0
2026-04-30 00:01:01,75917304,48596,26336948,115976,16915,79,83,20670122,25153,0,0,0
2026-04-30 00:01:02,75966910,49606,26354141,116044,17261,82,83,20682613,12491,0,0,0
2026-04-30 00:01:03,76015621,48711,26371077,116107,16999,77,83,20695113,12500,0,0,0
2026-04-30 00:01:04,76066542,50921,26388718,116191,17725,81,83,20707611,12498,0,0,0
2026-04-30 00:01:05,76117425,50883,26406371,116271,17733,81,83,20720130,12519,0,0,0
2026-04-30 00:01:06,76168231,50806,26424036,116348,17742,82,83,20732617,12487,0,0,0
2026-04-30 00:01:07,76218763,50532,26441584,116429,17629,80,83,20745098,12481,0,0,0
2026-04-30 00:01:09,76269709,50946,26459254,116503,17744,82,83,20770104,25006,0,0,0
2026-04-30 00:01:10,76321187,51478,26477107,116590,17940,82,83,20782614,12510,0,0,0
2026-04-30 00:01:11,76374409,53222,26495608,116680,18591,77,83,20795121,12507,0,0,0
2026-04-30 00:01:12,76428788,54379,26514452,116771,18935,82,83,20807600,12479,0,0,0
2026-04-30 00:01:13,76481133,52345,26532604,116848,18229,78,83,20820043,12443,0,0,0
2026-04-30 00:01:14,76530162,49029,26549666,116919,17133,82,83,20832463,12420,0,0,0
2026-04-30 00:01:15,76579316,49154,26566681,117000,17096,82,83,20844926,12463,0,0,0
2026-04-30 00:01:17,76626071,46755,26582878,117073,16270,76,83,20857444,12518,0,0,0
2026-04-30 00:01:18,76677566,51495,26600819,117140,18008,81,83,20882420,24976,0,0,0
2026-04-30 00:01:19,76732616,55050,26619903,117231,19175,81,83,20894875,12455,0,0,0
2026-04-30 00:01:20,76788412,55796,26639275,117326,19467,73,83,20907329,12454,0,0,0
2026-04-30 00:01:21,76844267,55855,26658620,117412,19431,80,83,20919807,12478,0,0,0
2026-04-30 00:01:22,76899703,55436,26677858,117491,19317,82,83,20932315,12508,0,0,0
2026-04-30 00:01:23,76954402,54699,26696821,117573,19045,76,83,20944836,12521,0,0,0
2026-04-30 00:01:25,77009297,54895,26715855,117684,19145,80,83,20969855,25019,0,0,0
2026-04-30 00:01:26,77065171,55874,26735245,117761,19467,80,83,20982359,12504,0,0,0
2026-04-30 00:01:27,77120062,54891,26754366,117824,19184,82,83,20994883,12524,0,0,0
2026-04-30 00:01:28,77177033,56971,26774110,117901,19821,80,83,21007413,12530,0,0,0
2026-04-30 00:01:29,77233611,56578,26793742,117987,19718,74,83,21019953,12540,0,0,0
2026-04-30 00:01:30,77289012,55401,26812935,118082,19288,81,83,21032489,12536,0,0,0
2026-04-30 00:01:31,77343539,54527,26831899,118160,19042,68,83,21044979,12490,0,0,0
2026-04-30 00:01:33,77399456,55917,26851301,118248,19490,77,83,21069976,24997,0,0,0
2026-04-30 00:01:34,77455595,56139,26870752,118327,19530,75,83,21082512,12536,0,0,0
2026-04-30 00:01:35,77511959,56364,26890296,118409,19626,78,83,21095088,12576,0,0,0
2026-04-30 00:01:36,77568467,56508,26909900,118491,19686,80,83,21107648,12560,0,0,0
2026-04-30 00:01:37,77624741,56274,26929400,118583,19592,82,83,21120224,12576,0,0,0
2026-04-30 00:01:38,77681606,56865,26949047,118676,19740,78,83,21132785,12561,0,0,0
2026-04-30 00:01:39,77736958,55352,26968258,118744,19279,80,83,21157970,25185,0,0,0
2026-04-30 00:01:41,77792282,55324,26987483,118831,19312,81,83,21170540,12570,0,0,0
2026-04-30 00:01:42,77848051,55769,27006850,118912,19448,78,83,21183244,12704,0,0,0
2026-04-30 00:01:43,77904492,56441,27026461,118995,19694,81,83,21195959,12715,0,0,0
2026-04-30 00:01:44,77959704,55212,27045580,119086,19210,82,83,21208717,12758,0,0,0
2026-04-30 00:01:45,78015637,55933,27064991,119176,19501,82,83,21221461,12744,0,0,0
2026-04-30 00:01:46,78070359,54722,27083995,119259,19087,79,83,21234252,12791,0,0,0
2026-04-30 00:01:48,78126475,56116,27103430,119345,19521,77,83,21259805,25553,0,0,0
2026-04-30 00:01:49,78182792,56317,27122925,119465,19615,82,83,21272586,12781,0,0,0
2026-04-30 00:01:50,78238493,55701,27142267,119561,19438,72,83,21285384,12798,0,0,0
2026-04-30 00:01:51,78294566,56073,27161734,119647,19553,71,83,21298199,12815,0,0,0
2026-04-30 00:01:52,78350626,56060,27181149,119729,19497,81,83,21310987,12788,0,0,0
2026-04-30 00:01:53,78406238,55612,27200429,119801,19352,82,83,21323772,12785,0,0,0
2026-04-30 00:01:54,78461478,55240,27219606,119895,19271,80,83,21336612,12840,0,0,0
2026-04-30 00:01:56,78516981,55503,27238903,119980,19382,78,83,21362261,25649,0,0,0
2026-04-30 00:01:57,78573071,56090,27258385,120067,19569,82,83,21375046,12785,0,0,0
2026-04-30 00:01:58,78628928,55857,27277793,120138,19479,82,83,21387863,12817,0,0,0
2026-04-30 00:01:59,78685065,56137,27297242,120237,19548,79,83,21400662,12799,0,0,0
2026-04-30 00:02:00,78739704,54639,27316262,120322,19105,75,83,21413438,12776,0,0,0
2026-04-30 00:02:01,78793370,53666,27334865,120407,18688,82,83,21426210,12772,0,0,0
2026-04-30 00:02:02,78849323,55953,27354223,120521,19472,80,83,21451653,25443,0,0,0
2026-04-30 00:02:04,78905109,55786,27373567,120624,19447,71,83,21464389,12736,0,0,0
2026-04-30 00:02:05,78960663,55554,27392842,120712,19363,81,83,21477088,12699,0,0,0
2026-04-30 00:02:06,79016942,56279,27412363,120806,19615,71,83,21489735,12647,0,0,0
2026-04-30 00:02:07,79072120,55178,27431551,120883,19265,80,83,21502346,12611,0,0,0
2026-04-30 00:02:08,79127854,55734,27450867,120954,19387,81,83,21514996,12650,0,0,0
2026-04-30 00:02:09,79183489,55635,27470174,121040,19393,70,83,21527654,12658,0,0,0
2026-04-30 00:02:11,79238898,55409,27489399,121136,19321,77,83,21552911,25257,0,0,0
2026-04-30 00:02:12,79294767,55869,27508787,121221,19473,82,83,21565656,12745,0,0,0
2026-04-30 00:02:13,79351279,56512,27528366,121310,19668,73,83,21578391,12735,0,0,0
2026-04-30 00:02:14,79408325,57046,27548096,121417,19837,80,83,21591126,12735,0,0,0
2026-04-30 00:02:15,79463857,55532,27567387,121500,19374,77,83,21603846,12720,0,0,0
2026-04-30 00:02:16,79518796,54939,27586431,121579,19123,82,83,21616593,12747,0,0,0
2026-04-30 00:02:17,79573626,54830,27605538,121647,19175,82,83,21629339,12746,0,0,0
2026-04-30 00:02:19,79629485,55859,27624867,121733,19415,78,83,21654829,25490,0,0,0
2026-04-30 00:02:20,79684921,55436,27644115,121805,19320,82,83,21667572,12743,0,0,0
2026-04-30 00:02:21,79741061,56140,27663605,121881,19566,80,83,21680333,12761,0,0,0
2026-04-30 00:02:22,79797269,56208,27683105,121964,19583,65,83,21693070,12737,0,0,0
2026-04-30 00:02:23,79853130,55861,27702499,122055,19485,82,83,21705805,12735,0,0,0
2026-04-30 00:02:24,79908995,55865,27721859,122138,19443,77,83,21718509,12704,0,0,0
2026-04-30 00:02:25,79964641,55646,27741114,122226,19343,81,83,21731193,12684,0,0,0
2026-04-30 00:02:27,80020650,56009,27760556,122300,19516,66,83,21756638,25445,0,0,0
2026-04-30 00:02:28,80077293,56643,27780195,122370,19709,74,83,21769371,12733,0,0,0
2026-04-30 00:02:29,80133621,56328,27799744,122449,19628,79,83,21782089,12718,0,0,0
2026-04-30 00:02:30,80190360,56739,27819458,122537,19802,80,83,21794772,12683,0,0,0
2026-04-30 00:02:31,80242379,52019,27837461,122625,18091,79,83,21807454,12682,0,0,0
2026-04-30 00:02:32,80297255,54876,27856516,122718,19148,82,83,21820117,12663,0,0,0
2026-04-30 00:02:34,80351814,54559,27875459,122800,19025,78,83,21845426,25309,0,0,0
2026-04-30 00:02:35,80406240,54426,27894338,122889,18968,80,83,21858067,12641,0,0,0
2026-04-30 00:02:36,80461722,55482,27913628,122970,19371,82,83,21870738,12671,0,0,0
2026-04-30 00:02:37,80517583,55861,27932997,123065,19464,79,83,21883394,12656,0,0,0
2026-04-30 00:02:38,80573572,55989,27952419,123137,19494,80,83,21896037,12643,0,0,0
2026-04-30 00:02:39,80628468,54896,27971496,123207,19147,82,83,21908686,12649,0,0,0
2026-04-30 00:02:40,80680213,51745,27989488,123283,18068,82,83,21921325,12639,0,0,0
2026-04-30 00:02:42,80734240,54027,28008171,123370,18770,77,83,21946666,25341,0,0,0
2026-04-30 00:02:43,80786578,52338,28026346,123435,18240,79,83,21959348,12682,0,0,0
2026-04-30 00:02:44,80838136,51558,28044222,123515,17956,74,83,21972006,12658,0,0,0
2026-04-30 00:02:45,80890527,52391,28062402,123597,18262,76,83,21984662,12656,0,0,0
2026-04-30 00:02:46,80941122,50595,28080007,123664,17672,82,83,21997315,12653,0,0,0
2026-04-30 00:02:47,80988945,47823,28096617,123727,16673,81,83,22010009,12694,0,0,0
2026-04-30 00:02:48,81038404,49459,28113712,123810,17178,82,83,22022682,12673,0,0,0
2026-04-30 00:02:50,81089469,51065,28131385,123895,17758,67,83,22047967,25285,0,0,0
2026-04-30 00:02:51,81142106,52637,28149643,123974,18337,76,83,22060602,12635,0,0,0
2026-04-30 00:02:52,81192645,50539,28167183,124050,17616,80,83,22073265,12663,0,0,0
2026-04-30 00:02:53,81243631,50986,28184881,124127,17775,76,83,22085984,12719,0,0,0
2026-04-30 00:02:54,81293707,50076,28202270,124210,17472,80,83,22098713,12729,0,0,0
2026-04-30 00:02:55,81337742,44035,28217611,124268,15399,82,83,22111464,12751,0,0,0
2026-04-30 00:02:56,81377757,40015,28231494,124320,13935,82,83,22124168,12704,0,0,0
2026-04-30 00:02:57,81420420,42663,28246341,124380,14907,82,83,22136874,12706,0,0,0
2026-04-30 00:02:59,81470738,50318,28263735,124463,17477,82,83,22162303,25429,0,0,0
2026-04-30 00:03:00,81522335,51597,28281643,124541,17986,77,83,22175010,12707,0,0,0
2026-04-30 00:03:01,81569011,46676,28297824,124617,16257,81,83,22187713,12703,0,0,0
2026-04-30 00:03:02,81619653,50642,28315421,124689,17669,71,83,22200410,12697,0,0,0
2026-04-30 00:03:03,81671402,51749,28333356,124774,18020,61,83,22213129,12719,0,0,0
2026-04-30 00:03:04,81724546,53144,28351733,124863,18466,81,83,22225785,12656,0,0,0
2026-04-30 00:03:05,81779712,55166,28370868,124957,19229,79,83,22251200,25415,0,0,0
2026-04-30 00:03:07,81834256,54544,28389810,125046,19031,76,83,22263919,12719,0,0,0
2026-04-30 00:03:08,81890762,56506,28409371,125138,19653,79,83,22276582,12663,0,0,0
2026-04-30 00:03:09,81947657,56895,28429091,125222,19804,82,83,22289265,12683,0,0,0
2026-04-30 00:03:10,82003186,55529,28448346,125303,19336,82,83,22301970,12705,0,0,0
2026-04-30 00:03:11,82059126,55940,28467758,125387,19496,80,83,22314693,12723,0,0,0
2026-04-30 00:03:12,82113718,54592,28486658,125482,18995,78,83,22327258,12565,0,0,0
2026-04-30 00:03:14,82169059,55341,28505818,125569,19247,82,83,22352434,25176,0,0,0
2026-04-30 00:03:15,82224967,55908,28525228,125661,19502,82,83,22365014,12580,0,0,0
2026-04-30 00:03:16,82280428,55461,28544493,125744,19348,82,83,22377606,12592,0,0,0
2026-04-30 00:03:17,82336152,55724,28563831,125830,19424,76,83,22390149,12543,0,0,0
2026-04-30 00:03:18,82392293,56141,28583312,125922,19573,80,83,22402713,12564,0,0,0
2026-04-30 00:03:19,82448228,55935,28602691,126015,19472,82,83,22415291,12578,0,0,0
2026-04-30 00:03:20,82504097,55869,28622101,126083,19478,66,83,22427854,12563,0,0,0
2026-04-30 00:03:22,82559913,55816,28641488,126154,19458,80,83,22453070,25216,0,0,0
2026-04-30 00:03:23,82615834,55921,28660892,126249,19499,70,83,22465667,12597,0,0,0
2026-04-30 00:03:24,82671959,56125,28680387,126320,19566,75,83,22478230,12563,0,0,0
2026-04-30 00:03:25,82728687,56728,28700040,126422,19755,70,83,22490798,12568,0,0,0
2026-04-30 00:03:26,82783982,55295,28719296,126495,19329,79,83,22503361,12563,0,0,0
2026-04-30 00:03:27,82839427,55445,28738534,126577,19320,73,83,22515938,12577,0,0,0
2026-04-30 00:03:29,82895535,56108,28757971,126664,19524,79,83,22541177,25239,0,0,0
2026-04-30 00:03:30,82952264,56729,28777660,126756,19781,82,83,22553795,12618,0,0,0
2026-04-30 00:03:31,83008758,56494,28797269,126826,19679,79,83,22566387,12592,0,0,0
2026-04-30 00:03:32,83064948,56190,28816752,126910,19567,82,83,22578989,12602,0,0,0
2026-04-30 00:03:33,83119902,54954,28835809,126989,19136,80,83,22591546,12557,0,0,0
2026-04-30 00:03:34,83174154,54252,28854686,127067,18955,82,83,22604096,12550,0,0,0
2026-04-30 00:03:35,83226196,52042,28872683,127169,18099,82,83,22616618,12522,0,0,0
2026-04-30 00:03:37,83272400,46204,28888699,127226,16073,80,83,22641649,25031,0,0,0
2026-04-30 00:03:38,83322362,49962,28906020,127306,17401,75,83,22654153,12504,0,0,0
2026-04-30 00:03:39,83372024,49662,28923237,127380,17291,78,83,22666676,12523,0,0,0
2026-04-30 00:03:40,83421467,49443,28940405,127455,17243,76,83,22679211,12535,0,0,0
2026-04-30 00:03:41,83470179,48712,28957275,127538,16953,76,83,22691750,12539,0,0,0
2026-04-30 00:03:42,83515674,45495,28973108,127612,15907,82,83,22704317,12567,0,0,0
2026-04-30 00:03:43,83562263,46589,28989281,127674,16235,82,83,22716857,12540,0,0,0
2026-04-30 00:03:45,83608800,46537,29005350,127762,16157,82,83,22741892,25035,0,0,0
2026-04-30 00:03:46,83657900,49100,29022367,127840,17095,82,83,22754484,12592,0,0,0
2026-04-30 00:03:47,83707000,49100,29039388,127911,17092,82,83,22767079,12595,0,0,0
2026-04-30 00:03:48,83753864,46864,29055679,127985,16365,81,83,22779652,12573,0,0,0
2026-04-30 00:03:49,83805282,51418,29073574,128054,17964,80,83,22792221,12569,0,0,0
2026-04-30 00:03:50,83851759,46477,29089740,128143,16255,82,83,22804828,12607,0,0,0
2026-04-30 00:03:51,83899095,47336,29106123,128212,16452,81,83,22817384,12556,0,0,0
2026-04-30 00:03:52,83946493,47398,29122528,128281,16474,82,83,22842517,25133,0,0,0
2026-04-30 00:03:54,83997408,50915,29140190,128362,17743,82,83,22855093,12576,0,0,0
2026-04-30 00:03:55,84048363,50955,29157825,128448,17721,80,83,22867654,12561,0,0,0
2026-04-30 00:03:56,84098437,50074,29175202,128513,17442,78,83,22880191,12537,0,0,0
2026-04-30 00:03:57,84148940,50503,29192733,128586,17604,71,83,22892728,12537,0,0,0
2026-04-30 00:03:58,84197990,49050,29209797,128645,17123,61,83,22905283,12555,0,0,0
2026-04-30 00:03:59,84244448,46458,29225909,128710,16177,82,83,22917846,12563,0,0,0
2026-04-30 00:04:00,84291327,46879,29242147,128778,16306,82,83,22930411,12565,0,0,0
2026-04-30 00:04:02,84341662,50335,29259579,128856,17510,81,83,22955565,25154,0,0,0
2026-04-30 00:04:03,84387868,46206,29275643,128932,16140,73,83,22968114,12549,0,0,0
2026-04-30 00:04:04,84438816,50948,29293323,128998,17746,75,83,22980670,12556,0,0,0
2026-04-30 00:04:05,84487425,48609,29310186,129066,16931,72,83,22993212,12542,0,0,0
2026-04-30 00:04:06,84536638,49213,29327290,129142,17180,82,83,23005761,12549,0,0,0
2026-04-30 00:04:07,84582597,45959,29343254,129217,16039,82,83,23018281,12520,0,0,0
2026-04-30 00:04:08,84628685,46088,29359230,129291,16050,69,83,23030758,12477,0,0,0
2026-04-30 00:04:10,84676487,47802,29375759,129375,16613,81,83,23055557,24799,0,0,0
2026-04-30 00:04:11,84726142,49655,29392953,129445,17264,79,83,23067960,12403,0,0,0
2026-04-30 00:04:12,84775539,49397,29410061,129516,17179,80,83,23080177,12217,0,0,0
2026-04-30 00:04:13,84827412,51873,29428070,129592,18085,68,83,23092408,12231,0,0,0
2026-04-30 00:04:14,84878534,51122,29445871,129672,17881,82,83,23104655,12247,0,0,0
2026-04-30 00:04:15,84927918,49384,29462986,129748,17191,82,83,23116892,12237,0,0,0
2026-04-30 00:04:16,84977835,49917,29480310,129837,17413,73,83,23129113,12221,0,0,0
2026-04-30 00:04:18,85029096,51261,29498044,129918,17815,77,83,23153475,24362,0,0,0
2026-04-30 00:04:19,85075399,46303,29514126,129988,16152,75,83,23165647,12172,0,0,0
2026-04-30 00:04:20,85129149,53750,29532775,130066,18727,71,83,23177798,12151,0,0,0
2026-04-30 00:04:21,85181020,51871,29550749,130142,18050,77,83,23189938,12140,0,0,0
2026-04-30 00:04:22,85232303,51283,29568526,130233,17868,81,83,23202068,12130,0,0,0
2026-04-30 00:04:23,85279765,47462,29585023,130306,16570,82,83,23214247,12179,0,0,0
2026-04-30 00:04:24,85326629,46864,29601299,130395,16365,82,83,23226394,12147,0,0,0
2026-04-30 00:04:26,85379921,53292,29619754,130488,18548,82,83,23250651,24257,0,0,0
2026-04-30 00:04:27,85434702,54781,29638766,130571,19095,77,83,23262792,12141,0,0,0
2026-04-30 00:04:28,85486114,51412,29656577,130654,17894,78,83,23274903,12111,0,0,0
2026-04-30 00:04:29,85541388,55274,29675704,130759,19232,82,83,23287049,12146,0,0,0
2026-04-30 00:04:30,85597177,55789,29695074,130844,19455,82,83,23299166,12117,0,0,0
2026-04-30 00:04:31,85648372,51195,29712806,130929,17817,82,83,23311275,12109,0,0,0
2026-04-30 00:04:32,85696785,48413,29729624,131008,16897,80,83,23323373,12098,0,0,0
2026-04-30 00:04:34,85751144,54359,29748480,131087,18935,80,83,23347640,24267,0,0,0
2026-04-30 00:04:35,85806192,55048,29767575,131181,19189,80,83,23359747,12107,0,0,0
2026-04-30 00:04:36,85858895,52703,29785864,131251,18359,76,83,23371861,12114,0,0,0
2026-04-30 00:04:37,85913831,54936,29804916,131331,19132,80,83,23383923,12062,0,0,0
2026-04-30 00:04:38,85968789,54958,29824006,131414,19173,76,83,23396015,12092,0,0,0
2026-04-30 00:04:39,86022209,53420,29842574,131506,18660,82,83,23408103,12088,0,0,0
2026-04-30 00:04:40,86071214,49005,29859541,131568,17029,75,83,23432252,24149,0,0,0
2026-04-30 00:04:42,86124289,53075,29877950,131649,18490,82,83,23444295,12043,0,0,0
2026-04-30 00:04:43,86176690,52401,29896147,131719,18267,74,83,23456322,12027,0,0,0
2026-04-30 00:04:44,86228866,52176,29914232,131807,18173,81,83,23468336,12014,0,0,0
2026-04-30 00:04:45,86281470,52604,29932473,131901,18335,77,83,23480350,12014,0,0,0
2026-04-30 00:04:46,86333899,52429,29950675,131989,18290,82,83,23492347,11997,0,0,0
2026-04-30 00:04:47,86382446,48547,29967515,132065,16916,82,83,23504330,11983,0,0,0
2026-04-30 00:04:48,86431233,48787,29984438,132130,16988,82,83,23528341,24011,0,0,0
2026-04-30 00:04:50,86484936,53703,30003075,132197,18704,82,83,23540372,12031,0,0,0
2026-04-30 00:04:51,86538725,53789,30021738,132281,18747,81,83,23552428,12056,0,0,0
2026-04-30 00:04:52,86591377,52652,30039992,132353,18326,79,83,23564467,12039,0,0,0
2026-04-30 00:04:53,86643974,52597,30058260,132432,18347,77,83,23576487,12020,0,0,0
2026-04-30 00:04:54,86694875,50901,30075932,132526,17766,81,83,23588473,11986,0,0,0
2026-04-30 00:04:55,86742231,47356,30092363,132598,16503,82,83,23600473,12000,0,0,0
2026-04-30 00:04:56,86789348,47117,30108665,132661,16365,82,83,23612448,11975,0,0,0
2026-04-30 00:04:58,86840317,50969,30126321,132726,17721,79,83,23636438,23990,0,0,0
2026-04-30 00:04:59,86888989,48672,30143226,132806,16985,75,83,23648453,12015,0,0,0
2026-04-30 00:05:00,86939436,50447,30160734,132893,17595,82,83,23660489,12036,0,0,0
2026-04-30 00:05:01,86992013,52577,30179000,132951,18324,82,83,23672520,12031,0,0,0
2026-04-30 00:05:02,87044336,52323,30197201,133037,18287,77,83,23684526,12006,0,0,0
2026-04-30 00:05:03,87096276,51940,30215185,133111,18058,82,83,23696529,12003,0,0,0
2026-04-30 00:05:04,87144349,48073,30231894,133191,16789,82,83,23708513,11984,0,0,0
2026-04-30 00:05:06,87197373,53024,30250262,133286,18463,81,83,23732514,24001,0,0,0
2026-04-30 00:05:07,87249545,52172,30268388,133370,18210,62,83,23744504,11990,0,0,0
2026-04-30 00:05:08,87299893,50348,30285888,133444,17574,79,83,23756557,12053,0,0,0
2026-04-30 00:05:09,87350530,50637,30303511,133525,17704,64,83,23768589,12032,0,0,0
2026-04-30 00:05:10,87401921,51391,30321300,133617,17881,82,83,23780672,12083,0,0,0
2026-04-30 00:05:11,87450758,48837,30338218,133698,16999,82,83,23792727,12055,0,0,0
2026-04-30 00:05:12,87500556,49798,30355463,133781,17328,82,83,23804727,12000,0,0,0
2026-04-30 00:05:14,87554345,53789,30374075,133863,18694,76,83,23828627,23900,0,0,0
2026-04-30 00:05:15,87605829,51484,30391954,133940,17956,82,83,23840583,11956,0,0,0
2026-04-30 00:05:16,87657756,51927,30409991,134025,18122,81,83,23852523,11940,0,0,0
2026-04-30 00:05:17,87708456,50700,30427597,134100,17681,78,83,23864431,11908,0,0,0
2026-04-30 00:05:18,87757687,49231,30444699,134154,17156,80,83,23876362,11931,0,0,0
2026-04-30 00:05:19,87804176,46489,30460794,134233,16174,77,83,23888332,11970,0,0,0
2026-04-30 00:05:20,87855822,51646,30478738,134312,18023,82,83,23912336,24004,0,0,0
2026-04-30 00:05:22,87911204,55382,30497962,134384,19296,78,83,23924341,12005,0,0,0
2026-04-30 00:05:23,87967525,56321,30517486,134457,19597,77,83,23936387,12046,0,0,0
2026-04-30 00:05:24,88023178,55653,30536817,134525,19399,77,83,23948441,12054,0,0,0
2026-04-30 00:05:25,88079480,56302,30556363,134621,19642,81,83,23960473,12032,0,0,0
2026-04-30 00:05:26,88135685,56205,30575859,134721,19596,79,83,23972488,12015,0,0,0
2026-04-30 00:05:27,88191313,55628,30595174,134807,19401,70,83,23984478,11990,0,0,0
2026-04-30 00:05:29,88247761,56448,30614755,134892,19666,73,83,24008582,24104,0,0,0
2026-04-30 00:05:30,88304465,56704,30634430,134975,19758,81,83,24020634,12052,0,0,0
2026-04-30 00:05:31,88360743,56278,30653982,135049,19626,80,83,24032691,12057,0,0,0
2026-04-30 00:05:32,88416663,55920,30673413,135149,19531,82,83,24044745,12054,0,0,0
2026-04-30 00:05:33,88472880,56217,30692916,135216,19570,78,83,24056835,12090,0,0,0
2026-04-30 00:05:34,88528347,55467,30712231,135294,19393,82,83,24068902,12067,0,0,0
2026-04-30 00:05:35,88584667,56320,30731711,135380,19566,82,83,24080964,12062,0,0,0
2026-04-30 00:05:37,88640008,55341,30750933,135447,19289,78,83,24105054,24090,0,0,0
2026-04-30 00:05:38,88697146,57138,30770743,135546,19909,71,83,24117134,12080,0,0,0
2026-04-30 00:05:39,88752670,55524,30789988,135633,19332,81,83,24129230,12096,0,0,0
2026-04-30 00:05:40,88809056,56386,30809515,135713,19607,81,83,24141345,12115,0,0,0
2026-04-30 00:05:41,88865295,56239,30829046,135788,19606,82,83,24153419,12074,0,0,0
2026-04-30 00:05:42,88918801,53506,30847673,135866,18705,82,83,24165524,12105,0,0,0
2026-04-30 00:05:43,88971854,53053,30866058,135953,18472,79,83,24189714,24190,0,0,0
2026-04-30 00:05:45,89024529,52675,30884347,136040,18376,79,83,24201851,12137,0,0,0
2026-04-30 00:05:46,89079134,54605,30903315,136134,19062,80,83,24213998,12147,0,0,0
2026-04-30 00:05:47,89133624,54490,30922267,136205,19023,82,83,24226212,12214,0,0,0
2026-04-30 00:05:48,89185549,51925,30940277,136278,18083,82,83,24238386,12174,0,0,0
2026-04-30 00:05:49,89236083,50534,30957806,136355,17606,82,83,24250544,12158,0,0,0
2026-04-30 00:05:50,89284337,48254,30974531,136419,16789,81,83,24262674,12130,0,0,0
2026-04-30 00:05:51,89331877,47540,30990969,136506,16525,82,83,24274798,12124,0,0,0
2026-04-30 00:05:53,89378003,46126,31006923,136586,16034,82,83,24299073,24275,0,0,0
2026-04-30 00:05:54,89428692,50689,31024540,136670,17701,82,83,24311218,12145,0,0,0
2026-04-30 00:05:55,89479279,50587,31042084,136755,17629,79,83,24323367,12149,0,0,0
2026-04-30 00:05:56,89530866,51587,31059997,136831,17989,82,83,24335508,12141,0,0,0
2026-04-30 00:05:57,89580002,49136,31077082,136907,17161,82,83,24347635,12127,0,0,0
2026-04-30 00:05:58,89622952,42950,31091968,136978,14957,68,83,24359761,12126,0,0,0
2026-04-30 00:05:59,89666667,43715,31107147,137029,15230,82,83,24371838,12077,0,0,0
2026-04-30 00:06:01,89714661,47994,31123723,137104,16651,80,83,24396039,24201,0,0,0
2026-04-30 00:06:02,89766968,52307,31141847,137194,18214,79,83,24408134,12095,0,0,0
2026-04-30 00:06:03,89819295,52327,31160005,137279,18243,82,83,24420219,12085,0,0,0
2026-04-30 00:06:04,89872516,53221,31178461,137365,18542,77,83,24432309,12090,0,0,0
2026-04-30 00:06:05,89924786,52270,31196624,137453,18251,82,83,24444387,12078,0,0,0
2026-04-30 00:06:06,89978717,53931,31215315,137530,18768,80,83,24456477,12090,0,0,0
2026-04-30 00:06:07,90032992,54275,31234145,137609,18909,78,83,24480687,24210,0,0,0
2026-04-30 00:06:09,90089176,56184,31253627,137697,19570,80,83,24492799,12112,0,0,0
2026-04-30 00:06:10,90145126,55950,31273039,137792,19507,74,83,24504904,12105,0,0,0
2026-04-30 00:06:11,90201035,55909,31292480,137877,19526,82,83,24517074,12170,0,0,0
2026-04-30 00:06:12,90255855,54820,31311518,137972,19133,78,83,24529161,12087,0,0,0
2026-04-30 00:06:13,90310390,54535,31330407,138042,18959,82,83,24541237,12076,0,0,0
2026-04-30 00:06:14,90366544,56154,31349920,138110,19581,77,83,24553280,12043,0,0,0
2026-04-30 00:06:16,90422941,56397,31369452,138211,19633,73,83,24577373,24093,0,0,0
2026-04-30 00:06:17,90479309,56368,31389009,138299,19645,77,83,24589451,12078,0,0,0
2026-04-30 00:06:18,90534888,55579,31408321,138393,19406,76,83,24601583,12132,0,0,0
2026-04-30 00:06:19,90591643,56755,31428000,138479,19765,79,83,24613678,12095,0,0,0
2026-04-30 00:06:20,90648503,56860,31447693,138571,19785,76,83,24625779,12101,0,0,0
2026-04-30 00:06:21,90704015,55512,31466959,138659,19354,79,83,24637824,12045,0,0,0
2026-04-30 00:06:22,90759051,55036,31486037,138758,19177,81,83,24649892,12068,0,0,0
2026-04-30 00:06:24,90815321,56270,31505589,138831,19625,81,83,24674060,24168,0,0,0
2026-04-30 00:06:25,90871813,56492,31525143,138928,19651,81,83,24686180,12120,0,0,0
2026-04-30 00:06:26,90927639,55826,31544551,139007,19487,73,83,24698292,12112,0,0,0
2026-04-30 00:06:27,90983866,56227,31564068,139079,19589,76,83,24710369,12077,0,0,0
2026-04-30 00:06:28,91039037,55171,31583204,139156,19213,77,83,24722436,12067,0,0,0
2026-04-30 00:06:29,91094450,55413,31602449,139241,19330,82,83,24734503,12067,0,0,0
2026-04-30 00:06:30,91149682,55232,31621604,139332,19246,82,83,24758684,24181,0,0,0
2026-04-30 00:06:32,91206437,56755,31641293,139414,19771,82,83,24770797,12113,0,0,0
2026-04-30 00:06:33,91262965,56528,31660932,139492,19717,74,83,24782906,12109,0,0,0
2026-04-30 00:06:34,91319192,56227,31680471,139567,19614,72,83,24795007,12101,0,0,0
2026-04-30 00:06:35,91375015,55823,31699832,139646,19440,75,83,24807091,12084,0,0,0
2026-04-30 00:06:36,91428804,53789,31718556,139721,18799,75,83,24819209,12118,0,0,0
2026-04-30 00:06:37,91483967,55163,31737704,139804,19231,80,83,24831323,12114,0,0,0
2026-04-30 00:06:39,91539614,55647,31757011,139881,19384,82,83,24855615,24292,0,0,0
2026-04-30 00:06:40,91595185,55571,31776310,139963,19381,79,83,24867766,12151,0,0,0
2026-04-30 00:06:41,91648782,53597,31794899,140055,18681,72,83,24879922,12156,0,0,0
2026-04-30 00:06:42,91701836,53054,31813315,140139,18500,80,83,24892215,12293,0,0,0
2026-04-30 00:06:43,91755151,53315,31831797,140225,18568,81,83,24904494,12279,0,0,0
2026-04-30 00:06:44,91804513,49362,31848922,140320,17220,81,83,24916775,12281,0,0,0
2026-04-30 00:06:45,91854915,50402,31866435,140402,17595,81,83,24929061,12286,0,0,0
2026-04-30 00:06:47,91908118,53203,31884839,140484,18486,79,83,24953557,24496,0,0,0
2026-04-30 00:06:48,91959751,51633,31902821,140556,18054,80,83,24965834,12277,0,0,0
2026-04-30 00:06:49,92011246,51495,31920692,140628,17943,76,83,24978097,12263,0,0,0
2026-04-30 00:06:50,92063915,52669,31938930,140705,18315,79,83,24990367,12270,0,0,0
2026-04-30 00:06:51,92116587,52672,31957207,140788,18360,82,83,25002608,12241,0,0,0
2026-04-30 00:06:52,92167370,50783,31974878,140853,17736,82,83,25014839,12231,0,0,0
2026-04-30 00:06:53,92216511,49141,31991907,140931,17107,82,83,25027038,12199,0,0,0
2026-04-30 00:06:55,92267504,50993,32009564,141003,17729,78,83,25051454,24416,0,0,0
2026-04-30 00:06:56,92315675,48171,32026319,141087,16839,82,83,25063652,12198,0,0,0
2026-04-30 00:06:57,92365757,50082,32043632,141153,17379,80,83,25075866,12214,0,0,0
2026-04-30 00:06:58,92415162,49405,32060802,141222,17239,77,83,25088091,12225,0,0,0
2026-04-30 00:06:59,92465215,50053,32078181,141290,17447,80,83,25100313,12222,0,0,0
2026-04-30 00:07:00,92514006,48791,32095157,141361,17047,82,83,25112521,12208,0,0,0
2026-04-30 00:07:01,92561485,47479,32111626,141443,16551,76,83,25124775,12254,0,0,0
2026-04-30 00:07:03,92613393,51908,32129568,141513,18012,82,83,25149262,24487,0,0,0
2026-04-30 00:07:04,92665235,51842,32147564,141590,18073,77,83,25161521,12259,0,0,0
2026-04-30 00:07:05,92717624,52389,32165728,141668,18242,76,83,25173781,12260,0,0,0
2026-04-30 00:07:06,92769258,51634,32183675,141745,18024,79,83,25186038,12257,0,0,0
2026-04-30 00:07:07,92822096,52838,32201967,141837,18384,82,83,25198326,12288,0,0,0
2026-04-30 00:07:08,92870646,48550,32218904,141914,17014,66,83,25210612,12286,0,0,0
2026-04-30 00:07:09,92916906,46260,32234996,141989,16167,81,83,25222903,12291,0,0,0
2026-04-30 00:07:11,92965159,48253,32251698,142060,16773,72,83,25247518,24615,0,0,0
2026-04-30 00:07:12,93015786,50627,32269240,142126,17608,74,83,25259746,12228,0,0,0
2026-04-30 00:07:13,93064529,48743,32286132,142212,16978,82,83,25272004,12258,0,0,0
2026-04-30 00:07:14,93117330,52801,32304461,142303,18420,78,83,25284247,12243,0,0,0
2026-04-30 00:07:15,93163244,45914,32320415,142369,16020,76,83,25296481,12234,0,0,0
2026-04-30 00:07:16,93212787,49543,32337619,142450,17285,82,83,25308718,12237,0,0,0
2026-04-30 00:07:17,93262341,49554,32354822,142521,17274,82,83,25320956,12238,0,0,0
2026-04-30 00:07:19,93312275,49934,32372151,142600,17408,74,83,25345549,24593,0,0,0
2026-04-30 00:07:20,93365637,53362,32390635,142690,18574,82,83,25357884,12335,0,0,0
2026-04-30 00:07:21,93419003,53366,32409141,142770,18586,80,83,25370242,12358,0,0,0
2026-04-30 00:07:22,93471299,52296,32427325,142847,18261,82,83,25382595,12353,0,0,0
2026-04-30 00:07:23,93520921,49622,32444486,142928,17242,78,83,25394993,12398,0,0,0
2026-04-30 00:07:24,93569829,48908,32461434,143007,17027,82,83,25407391,12398,0,0,0
2026-04-30 00:07:25,93618779,48950,32478459,143067,17085,79,83,25419787,12396,0,0,0
2026-04-30 00:07:27,93668880,50101,32495814,143154,17442,80,83,25444434,24647,0,0,0
2026-04-30 00:07:28,93721914,53034,32514240,143220,18492,79,83,25456758,12324,0,0,0
2026-04-30 00:07:29,93775193,53279,32532720,143293,18553,81,83,25469115,12357,0,0,0
2026-04-30 00:07:30,93827984,52791,32551062,143380,18429,82,83,25481466,12351,0,0,0
2026-04-30 00:07:31,93877900,49916,32568363,143463,17384,78,83,25493805,12339,0,0,0
2026-04-30 00:07:32,93926262,48362,32585166,143533,16873,82,83,25506141,12336,0,0,0
2026-04-30 00:07:33,93973337,47075,32601509,143607,16417,82,83,25518470,12329,0,0,0
2026-04-30 00:07:35,94021766,48429,32618235,143708,16827,76,83,25543116,24646,0,0,0
2026-04-30 00:07:36,94075114,53348,32636704,143796,18557,72,83,25555409,12293,0,0,0
2026-04-30 00:07:37,94130246,55132,32655849,143881,19230,78,83,25567695,12286,0,0,0
2026-04-30 00:07:38,94185498,55252,32675023,143969,19262,80,83,25579961,12266,0,0,0
2026-04-30 00:07:39,94242585,57087,32694802,144042,19852,81,83,25592221,12260,0,0,0
2026-04-30 00:07:40,94296586,54001,32713547,144116,18819,79,83,25604483,12262,0,0,0
2026-04-30 00:07:41,94350986,54400,32732446,144176,18959,82,83,25616765,12282,0,0,0
2026-04-30 00:07:43,94407038,56052,32751888,144268,19534,71,83,25641292,24527,0,0,0
2026-04-30 00:07:44,94462915,55877,32771269,144365,19478,75,83,25653505,12213,0,0,0
2026-04-30 00:07:45,94518041,55126,32790416,144459,19241,73,83,25665706,12201,0,0,0
2026-04-30 00:07:46,94574859,56818,32810135,144529,19789,77,83,25677910,12204,0,0,0
2026-04-30 00:07:47,94630543,55684,32829458,144622,19416,80,83,25690116,12206,0,0,0
2026-04-30 00:07:48,94682982,52439,32847689,144685,18294,78,83,25702324,12208,0,0,0
2026-04-30 00:07:49,94737324,54342,32866520,144771,18917,82,83,25726752,24428,0,0,0
2026-04-30 00:07:51,94793383,56059,32885952,144859,19520,77,83,25738985,12233,0,0,0
2026-04-30 00:07:52,94848750,55367,32905180,144956,19325,81,83,25751231,12246,0,0,0
2026-04-30 00:07:53,94901074,52324,32923267,145056,18187,80,83,25763451,12220,0,0,0
2026-04-30 00:07:54,94954760,53686,32941911,145133,18721,82,83,25775646,12195,0,0,0
2026-04-30 00:07:55,95005979,51219,32959709,145211,17876,80,83,25787846,12200,0,0,0
2026-04-30 00:07:56,95056166,50187,32977099,145296,17475,75,83,25800082,12236,0,0,0
2026-04-30 00:07:57,95106688,50522,32994569,145369,17543,81,83,25824681,24599,0,0,0
2026-04-30 00:07:59,95158213,51525,33012476,145453,17991,62,83,25836960,12279,0,0,0
2026-04-30 00:08:00,95211208,52995,33030863,145527,18461,78,83,25849212,12252,0,0,0
2026-04-30 00:08:01,95264127,52919,33049235,145607,18452,78,83,25861463,12251,0,0,0
2026-04-30 00:08:02,95316677,52550,33067482,145680,18320,76,83,25873711,12248,0,0,0
2026-04-30 00:08:03,95364241,47564,33083980,145758,16576,76,83,25885907,12196,0,0,0
2026-04-30 00:08:04,95410329,46088,33099946,145836,16044,79,83,25898141,12234,0,0,0
2026-04-30 00:08:05,95456016,45687,33115773,145912,15903,82,83,25910384,12243,0,0,0
2026-04-30 00:08:07,95503779,47763,33132340,145987,16642,81,83,25934943,24559,0,0,0
2026-04-30 00:08:08,95554067,50288,33149783,146067,17523,82,83,25947196,12253,0,0,0
2026-04-30 00:08:09,95606042,51975,33167781,146150,18081,76,83,25959485,12289,0,0,0
2026-04-30 00:08:10,95657304,51262,33185533,146248,17850,81,83,25971779,12294,0,0,0
2026-04-30 00:08:11,95706935,49631,33202781,146316,17316,82,83,25984065,12286,0,0,0
2026-04-30 00:08:12,95754513,47578,33219306,146386,16595,81,83,25996344,12279,0,0,0
2026-04-30 00:08:13,95805259,50746,33236931,146474,17713,78,83,26020959,24615,0,0,0
2026-04-30 00:08:15,95858859,53600,33255521,146549,18665,78,83,26033297,12338,0,0,0
2026-04-30 00:08:16,95913768,54909,33274568,146624,19122,76,83,26045642,12345,0,0,0
2026-04-30 00:08:17,95966098,52330,33292688,146708,18204,79,83,26057982,12340,0,0,0
2026-04-30 00:08:18,96020675,54577,33311623,146803,19030,82,83,26070341,12359,0,0,0
2026-04-30 00:08:19,96073440,52765,33329940,146896,18410,82,83,26082689,12348,0,0,0
2026-04-30 00:08:20,96124947,51507,33347827,146973,17964,80,83,26095075,12386,0,0,0
2026-04-30 00:08:22,96178753,53806,33366456,147059,18715,76,83,26119804,24729,0,0,0
2026-04-30 00:08:23,96233497,54744,33385438,147145,19068,77,83,26132168,12364,0,0,0
2026-04-30 00:08:24,96286044,52547,33403649,147222,18288,82,83,26144541,12373,0,0,0
2026-04-30 00:08:25,96339273,53229,33422075,147308,18512,77,83,26156911,12370,0,0,0
2026-04-30 00:08:26,96392064,52791,33440412,147379,18408,76,83,26169264,12353,0,0,0
2026-04-30 00:08:27,96442963,50899,33458089,147472,17770,82,83,26181658,12394,0,0,0
2026-04-30 00:08:28,96492476,49513,33475248,147556,17243,75,83,26194089,12431,0,0,0
2026-04-30 00:08:30,96542676,50200,33492664,147638,17498,82,83,26218947,24858,0,0,0
2026-04-30 00:08:31,96590573,47897,33509294,147708,16700,82,83,26231369,12422,0,0,0
2026-04-30 00:08:32,96643546,52973,33527672,147784,18454,70,83,26243811,12442,0,0,0
2026-04-30 00:08:33,96692898,49352,33544810,147851,17205,81,83,26256240,12429,0,0,0
2026-04-30 00:08:34,96742967,50069,33562155,147931,17425,82,83,26268695,12455,0,0,0
2026-04-30 00:08:35,96788244,45277,33577889,148007,15810,60,83,26281139,12444,0,0,0
2026-04-30 00:08:36,96837027,48783,33594827,148079,17010,81,83,26293577,12438,0,0,0
2026-04-30 00:08:38,96887609,50582,33612367,148148,17609,81,83,26318400,24823,0,0,0
2026-04-30 00:08:39,96942024,54415,33631267,148225,18977,77,83,26330793,12393,0,0,0
2026-04-30 00:08:40,96996204,54180,33650042,148299,18849,80,83,26343189,12396,0,0,0
2026-04-30 00:08:41,97052155,55951,33669455,148373,19487,77,83,26355589,12400,0,0,0
2026-04-30 00:08:42,97107864,55709,33688823,148451,19446,76,83,26368004,12415,0,0,0
2026-04-30 00:08:43,97161677,53813,33707569,148533,18828,80,83,26380411,12407,0,0,0
2026-04-30 00:08:44,97215789,54112,33726326,148617,18841,81,83,26392821,12410,0,0,0
2026-04-30 00:08:46,97271411,55622,33745631,148699,19387,79,83,26417638,24817,0,0,0
2026-04-30 00:08:47,97327602,56191,33765119,148771,19560,80,83,26430047,12409,0,0,0
2026-04-30 00:08:48,97382312,54710,33784081,148860,19051,78,83,26442464,12417,0,0,0
2026-04-30 00:08:49,97438209,55897,33803503,148938,19500,67,83,26454901,12437,0,0,0
2026-04-30 00:08:50,97494196,55987,33822881,149031,19471,81,83,26467343,12442,0,0,0
2026-04-30 00:08:51,97547592,53396,33841492,149117,18697,82,83,26479802,12459,0,0,0
2026-04-30 00:08:52,97599209,51617,33859336,149204,17931,75,83,26504705,24903,0,0,0
2026-04-30 00:08:54,97654144,54935,33878394,149293,19147,78,83,26517081,12376,0,0,0
2026-04-30 00:08:55,97709507,55363,33897666,149366,19345,77,83,26529450,12369,0,0,0
2026-04-30 00:08:56,97765165,55658,33916950,149459,19377,82,83,26541836,12386,0,0,0
2026-04-30 00:08:57,97820573,55408,33936184,149553,19328,76,83,26554200,12364,0,0,0
2026-04-30 00:08:58,97874535,53962,33954909,149624,18796,82,83,26566537,12337,0,0,0
2026-04-30 00:08:59,97924441,49906,33972254,149704,17425,54,83,26578825,12288,0,0,0
2026-04-30 00:09:00,97973074,48633,33989139,149767,16948,82,83,26591145,12320,0,0,0
2026-04-30 00:09:02,98023851,50777,34006679,149846,17619,58,83,26615737,24592,0,0,0
2026-04-30 00:09:03,98077716,53865,34025306,149918,18699,81,83,26628047,12310,0,0,0
2026-04-30 00:09:04,98129760,52044,34043366,150000,18142,79,83,26640365,12318,0,0,0
2026-04-30 00:09:05,98182533,52773,34061646,150083,18363,75,83,26652657,12292,0,0,0
2026-04-30 00:09:06,98232298,49765,34078916,150160,17347,75,83,26664966,12309,0,0,0
2026-04-30 00:09:07,98278282,45984,34094954,150233,16111,82,83,26677291,12325,0,0,0
2026-04-30 00:09:08,98324224,45942,34110892,150301,16006,81,83,26689622,12331,0,0,0
2026-04-30 00:09:10,98369492,45268,34126544,150379,15730,80,83,26714209,24587,0,0,0
2026-04-30 00:09:11,98424087,54595,34145493,150461,19031,80,83,26726538,12329,0,0,0
2026-04-30 00:09:12,98478457,54370,34164365,150557,18968,80,83,26738900,12362,0,0,0
2026-04-30 00:09:13,98533663,55206,34183503,150643,19224,82,83,26751232,12332,0,0,0
2026-04-30 00:09:14,98587683,54020,34202230,150746,18830,81,83,26763524,12292,0,0,0
2026-04-30 00:09:15,98637718,50035,34219642,150815,17481,68,83,26775841,12317,0,0,0
2026-04-30 00:09:16,98690122,52404,34237810,150893,18246,81,83,26788148,12307,0,0,0
2026-04-30 00:09:18,98743526,53404,34256349,150952,18598,81,83,26812792,24644,0,0,0
2026-04-30 00:09:19,98796582,53056,34274758,151032,18489,82,83,26825182,12390,0,0,0
2026-04-30 00:09:20,98846934,50352,34292189,151112,17511,82,83,26837550,12368,0,0,0
2026-04-30 00:09:21,98900155,53221,34310659,151186,18544,62,83,26849900,12350,0,0,0
2026-04-30 00:09:22,98951556,51401,34328506,151249,17910,82,83,26862205,12305,0,0,0
2026-04-30 00:09:23,99000504,48948,34345540,151319,17104,82,83,26874534,12329,0,0,0
2026-04-30 00:09:24,99050295,49791,34362752,151404,17297,79,83,26886881,12347,0,0,0
2026-04-30 00:09:26,99102598,52303,34380869,151497,18210,82,83,26911562,24681,0,0,0
2026-04-30 00:09:27,99155058,52460,34399123,151575,18332,76,83,26923867,12305,0,0,0
2026-04-30 00:09:28,99207294,52236,34417271,151647,18220,78,83,26936170,12303,0,0,0
2026-04-30 00:09:29,99259882,52588,34435522,151723,18327,78,83,26948472,12302,0,0,0
2026-04-30 00:09:30,99310961,51079,34453311,151800,17866,82,83,26960770,12298,0,0,0
2026-04-30 00:09:31,99360495,49534,34470484,151879,17252,75,83,26973062,12292,0,0,0
2026-04-30 00:09:32,99412925,52430,34488591,151969,18197,82,83,26985370,12308,0,0,0
2026-04-30 00:09:34,99462584,49659,34505827,152047,17314,78,83,27010117,24747,0,0,0
2026-04-30 00:09:35,99513442,50858,34523490,152126,17742,79,83,27022489,12372,0,0,0
2026-04-30 00:09:36,99563671,50229,34540886,152209,17479,77,83,27034837,12348,0,0,0
2026-04-30 00:09:37,99615750,52079,34558920,152295,18120,75,83,27047172,12335,0,0,0
2026-04-30 00:09:38,99667530,51780,34576880,152361,18026,81,83,27059489,12317,0,0,0
2026-04-30 00:09:39,99717001,49471,34594072,152440,17271,82,83,27071799,12310,0,0,0
2026-04-30 00:09:40,99765436,48435,34610858,152517,16863,82,83,27084116,12317,0,0,0
2026-04-30 00:09:42,99817035,51599,34628693,152605,17923,81,83,27108754,24638,0,0,0
2026-04-30 00:09:43,99869475,52440,34646858,152694,18254,82,83,27121051,12297,0,0,0
2026-04-30 00:09:44,99921553,52078,34664948,152774,18170,82,83,27133345,12294,0,0,0
2026-04-30 00:09:45,99971601,50048,34682327,152853,17458,77,83,27145633,12288,0,0,0
2026-04-30 00:09:46,100018498,46897,34698607,152936,16363,82,83,27157904,12271,0,0,0
2026-04-30 00:09:47,100062696,44198,34713930,153004,15391,82,83,27170134,12230,0,0,0
2026-04-30 00:09:48,100103525,40829,34728114,153059,14239,82,83,27182362,12228,0,0,0
2026-04-30 00:09:50,100142726,39201,34741629,153110,13566,81,83,27206751,24389,0,0,0
2026-04-30 00:09:51,100189806,47080,34757972,153171,16404,71,83,27218934,12183,0,0,0
2026-04-30 00:09:52,100232506,42700,34772772,153252,14881,81,83,27231125,12191,0,0,0
2026-04-30 00:09:53,100276717,44211,34788131,153315,15422,79,83,27243279,12154,0,0,0
2026-04-30 00:09:54,100322648,45931,34804090,153375,16019,81,83,27255403,12124,0,0,0
2026-04-30 00:09:55,100364154,41506,34818525,153455,14515,82,83,27267544,12141,0,0,0
2026-04-30 00:09:56,100413316,49162,34835590,153508,17118,81,83,27279681,12137,0,0,0
2026-04-30 00:09:58,100464855,51539,34853431,153573,17906,77,83,27303967,24286,0,0,0
2026-04-30 00:09:59,100517149,52294,34871568,153664,18228,79,83,27316136,12169,0,0,0
2026-04-30 00:10:00,100569031,51882,34889602,153739,18109,69,83,27328294,12158,0,0,0
2026-04-30 00:10:01,100621665,52634,34907869,153803,18331,78,83,27340438,12144,0,0,0
2026-04-30 00:10:02,100677273,55608,34927154,153888,19370,78,83,27352550,12112,0,0,0
2026-04-30 00:10:03,100731762,54489,34946115,153964,19037,82,83,27364630,12080,0,0,0
2026-04-30 00:10:04,100785883,54121,34964854,154045,18820,75,83,27376720,12090,0,0,0
2026-04-30 00:10:06,100842181,56298,34984349,154136,19586,81,83,27400980,24260,0,0,0
2026-04-30 00:10:07,100897612,55431,35003599,154227,19341,73,83,27413082,12102,0,0,0
2026-04-30 00:10:08,100953694,56082,35023050,154310,19534,79,83,27425164,12082,0,0,0
2026-04-30 00:10:09,101008312,54618,35042046,154395,19081,75,83,27437219,12055,0,0,0
2026-04-30 00:10:10,101064998,56686,35061710,154479,19748,74,83,27449315,12096,0,0,0
2026-04-30 00:10:11,101120026,55028,35080806,154567,19184,82,83,27461432,12117,0,0,0
2026-04-30 00:10:12,101175274,55248,35099941,154645,19213,78,83,27485508,24076,0,0,0
2026-04-30 00:10:14,101231399,56125,35119385,154753,19552,76,83,27497559,12051,0,0,0
2026-04-30 00:10:15,101287541,56142,35138877,154836,19575,81,83,27509603,12044,0,0,0
2026-04-30 00:10:16,101344126,56585,35158513,154929,19729,73,83,27521637,12034,0,0,0
2026-04-30 00:10:17,101400540,56414,35178050,155025,19633,79,83,27533664,12027,0,0,0
2026-04-30 00:10:18,101456909,56369,35197610,155111,19646,72,83,27545702,12038,0,0,0
2026-04-30 00:10:19,101511351,54442,35216495,155192,18966,75,83,27557743,12041,0,0,0
2026-04-30 00:10:21,101567326,55975,35235912,155278,19503,71,83,27581803,24060,0,0,0
2026-04-30 00:10:22,101622852,55526,35255207,155362,19379,75,83,27593891,12088,0,0,0
2026-04-30 00:10:23,101679685,56833,35274880,155453,19764,76,83,27605974,12083,0,0,0
2026-04-30 00:10:24,101736031,56346,35294400,155544,19611,78,83,27618056,12082,0,0,0
2026-04-30 00:10:25,101791070,55039,35313507,155627,19190,75,83,27630139,12083,0,0,0
2026-04-30 00:10:26,101842670,51600,35331424,155696,17986,82,83,27642227,12088,0,0,0
2026-04-30 00:10:27,101891304,48634,35348290,155779,16949,79,83,27654336,12109,0,0,0
2026-04-30 00:10:29,101944677,53373,35366767,155860,18558,78,83,27678574,24238,0,0,0
2026-04-30 00:10:30,101998955,54278,35385626,155939,18938,73,83,27690686,12112,0,0,0
2026-04-30 00:10:31,102052523,53568,35404225,156022,18682,81,83,27702757,12071,0,0,0
2026-04-30 00:10:32,102106461,53938,35422944,156118,18815,81,83,27714827,12070,0,0,0
2026-04-30 00:10:33,102161177,54716,35441925,156195,19058,80,83,27726883,12056,0,0,0
2026-04-30 00:10:34,102210455,49278,35459056,156270,17206,82,83,27738969,12086,0,0,0
2026-04-30 00:10:35,102259813,49358,35476208,156336,17218,82,83,27751023,12054,0,0,0
2026-04-30 00:10:37,102312547,52734,35494490,156404,18350,80,83,27775112,24089,0,0,0
2026-04-30 00:10:38,102365467,52920,35512851,156483,18440,82,83,27787136,12024,0,0,0
2026-04-30 00:10:39,102419224,53757,35531488,156559,18713,79,83,27799153,12017,0,0,0
2026-04-30 00:10:40,102471393,52169,35549572,156637,18162,79,83,27811180,12027,0,0,0
2026-04-30 00:10:41,102524193,52800,35567835,156724,18350,81,83,27823200,12020,0,0,0
2026-04-30 00:10:42,102571736,47543,35584368,156787,16596,82,83,27835270,12070,0,0,0
2026-04-30 00:10:43,102619538,47802,35600971,156864,16680,82,83,27847344,12074,0,0,0
2026-04-30 00:10:45,102666416,46878,35617186,156943,16294,64,83,27871506,24162,0,0,0
2026-04-30 00:10:46,102720836,54420,35636043,157019,18933,67,83,27883581,12075,0,0,0
2026-04-30 00:10:47,102770083,49247,35653186,157108,17232,76,83,27895670,12089,0,0,0
2026-04-30 00:10:48,102822075,51992,35671193,157182,18081,80,83,27907740,12070,0,0,0
2026-04-30 00:10:49,102873065,50990,35688905,157244,17774,82,83,27919803,12063,0,0,0
2026-04-30 00:10:50,102920979,47914,35705594,157319,16764,82,83,27931863,12060,0,0,0
2026-04-30 00:10:51,102970867,49888,35722927,157389,17403,82,83,27943892,12029,0,0,0
2026-04-30 00:10:53,103024946,54079,35741636,157472,18792,69,83,27967955,24063,0,0,0
2026-04-30 00:10:54,103080054,55108,35760763,157563,19218,73,83,27979995,12040,0,0,0
2026-04-30 00:10:55,103134526,54472,35779643,157653,18970,78,83,27992025,12030,0,0,0
2026-04-30 00:10:56,103188178,53652,35798230,157757,18691,78,83,28004073,12048,0,0,0
2026-04-30 00:10:57,103238506,50328,35815696,157843,17552,76,83,28016114,12041,0,0,0
2026-04-30 00:10:58,103288709,50203,35833094,157936,17491,81,83,28028155,12041,0,0,0
2026-04-30 00:10:59,103337665,48956,35850095,158021,17086,82,83,28040183,12028,0,0,0
2026-04-30 00:11:01,103386300,48635,35866927,158097,16908,82,83,28064188,24005,0,0,0
2026-04-30 00:11:02,103439517,53217,35885351,158178,18505,82,83,28076177,11989,0,0,0
2026-04-30 00:11:03,103491681,52164,35903463,158261,18195,76,83,28088165,11988,0,0,0
2026-04-30 00:11:04,103545177,53496,35921985,158345,18606,75,83,28100185,12020,0,0,0
2026-04-30 00:11:05,103597559,52382,35940168,158441,18279,74,83,28112204,12019,0,0,0
2026-04-30 00:11:06,103649109,51550,35958055,158520,17966,82,83,28124194,11990,0,0,0
2026-04-30 00:11:07,103699483,50374,35975496,158589,17510,71,83,28136213,12019,0,0,0
2026-04-30 00:11:09,103750772,51289,35993325,158661,17901,81,83,28160314,24101,0,0,0
2026-04-30 00:11:10,103802395,51623,36011211,158735,17960,82,83,28172363,12049,0,0,0
2026-04-30 00:11:11,103853687,51292,36029034,158809,17897,82,83,28184378,12015,0,0,0
2026-04-30 00:11:12,103902424,48737,36045939,158900,16996,74,83,28196333,11955,0,0,0
2026-04-30 00:11:13,103955179,52755,36064275,158960,18396,78,83,28208318,11985,0,0,0
2026-04-30 00:11:14,104004106,48927,36081312,159036,17113,82,83,28220286,11968,0,0,0
2026-04-30 00:11:15,104054406,50300,36098782,159108,17542,82,83,28232266,11980,0,0,0
2026-04-30 00:11:17,104109360,54954,36117785,159207,19102,80,83,28256262,23996,0,0,0
2026-04-30 00:11:18,104164930,55570,36137090,159277,19375,80,83,28268273,12011,0,0,0
2026-04-30 00:11:19,104221170,56240,36156656,159343,19632,59,83,28280243,11970,0,0,0
2026-04-30 00:11:20,104276182,55012,36175756,159436,19193,79,83,28292189,11946,0,0,0
2026-04-30 00:11:21,104332130,55948,36195199,159514,19521,82,83,28304205,12016,0,0,0
2026-04-30 00:11:22,104388014,55884,36214558,159614,19459,78,83,28316255,12050,0,0,0
2026-04-30 00:11:23,104444092,56078,36233994,159688,19510,75,83,28340432,24177,0,0,0
2026-04-30 00:11:25,104500201,56109,36253468,159771,19557,74,83,28352514,12082,0,0,0
2026-04-30 00:11:26,104556761,56560,36273112,159854,19727,82,83,28364585,12071,0,0,0
2026-04-30 00:11:27,104613777,57016,36292850,159940,19824,70,83,28376662,12077,0,0,0
2026-04-30 00:11:28,104670655,56878,36312554,160026,19790,78,83,28388758,12096,0,0,0
2026-04-30 00:11:29,104725451,54796,36331619,160121,19160,82,83,28400880,12122,0,0,0
2026-04-30 00:11:30,104780605,55154,36350764,160196,19220,70,83,28412952,12072,0,0,0
2026-04-30 00:11:32,104835728,55123,36369908,160271,19219,74,83,28437074,24122,0,0,0
2026-04-30 00:11:33,104892232,56504,36389511,160360,19692,79,83,28449138,12064,0,0,0
2026-04-30 00:11:34,104948583,56351,36409074,160438,19641,78,83,28461236,12098,0,0,0
2026-04-30 00:11:35,105005291,56708,36428764,160521,19773,78,83,28473321,12085,0,0,0
2026-04-30 00:11:36,105061715,56424,36448376,160595,19686,82,83,28485429,12108,0,0,0
2026-04-30 00:11:37,105117702,55987,36467746,160702,19477,82,83,28497570,12141,0,0,0
2026-04-30 00:11:38,105173471,55769,36487095,160795,19442,75,83,28521890,24320,0,0,0
2026-04-30 00:11:40,105229666,56195,36506600,160880,19590,77,83,28534047,12157,0,0,0
2026-04-30 00:11:41,105286235,56569,36526221,160968,19709,81,83,28546219,12172,0,0,0
2026-04-30 00:11:42,105342466,56231,36545714,161082,19607,78,83,28558470,12251,0,0,0
2026-04-30 00:11:43,105398799,56333,36565257,161171,19632,77,83,28570725,12255,0,0,0
2026-04-30 00:11:44,105454511,55712,36584586,161268,19426,82,83,28583018,12293,0,0,0
2026-04-30 00:11:45,105509727,55216,36603756,161349,19251,82,83,28595346,12328,0,0,0
2026-04-30 00:11:47,105564787,55060,36622808,161433,19136,80,83,28620111,24765,0,0,0
2026-04-30 00:11:48,105621292,56505,36642421,161509,19689,78,83,28632476,12365,0,0,0
2026-04-30 00:11:49,105677397,56105,36661899,161579,19548,82,83,28644834,12358,0,0,0
2026-04-30 00:11:50,105733660,56263,36681413,161674,19609,78,83,28657181,12347,0,0,0
2026-04-30 00:11:51,105788766,55106,36700546,161759,19218,80,83,28669513,12332,0,0,0
2026-04-30 00:11:52,105843627,54861,36719549,161845,19089,82,83,28681824,12311,0,0,0
2026-04-30 00:11:53,105898853,55226,36738720,161927,19253,73,83,28694133,12309,0,0,0
2026-04-30 00:11:55,105954704,55851,36758146,162010,19509,82,83,28718827,24694,0,0,0
2026-04-30 00:11:56,106011274,56570,36777717,162111,19672,79,83,28731197,12370,0,0,0
2026-04-30 00:11:57,106065094,53820,36796426,162193,18791,58,83,28743556,12359,0,0,0
2026-04-30 00:11:58,106121025,55931,36815744,162285,19410,82,83,28755925,12369,0,0,0
2026-04-30 00:11:59,106176537,55512,36834999,162382,19352,80,83,28768292,12367,0,0,0
2026-04-30 00:12:00,106229696,53159,36853453,162487,18559,82,83,28780662,12370,0,0,0
2026-04-30 00:12:01,106282653,52957,36871792,162575,18427,81,83,28805392,24730,0,0,0
2026-04-30 00:12:03,106338319,55666,36891093,162664,19390,82,83,28817741,12349,0,0,0
2026-04-30 00:12:04,106394891,56572,36910722,162754,19719,76,83,28830045,12304,0,0,0
2026-04-30 00:12:05,106450487,55596,36930043,162840,19407,71,83,28842335,12290,0,0,0
2026-04-30 00:12:06,106507030,56543,36949623,162936,19676,81,83,28854667,12332,0,0,0
2026-04-30 00:12:07,106563017,55987,36969059,163018,19518,79,83,28866965,12298,0,0,0
2026-04-30 00:12:08,106617175,54158,36987850,163093,18866,82,83,28879319,12354,0,0,0
2026-04-30 00:12:10,106671726,54551,37006778,163178,19013,79,83,28904015,24696,0,0,0
2026-04-30 00:12:11,106727009,55283,37025943,163259,19246,76,83,28916324,12309,0,0,0
2026-04-30 00:12:12,106781997,54988,37045023,163343,19164,79,83,28928755,12431,0,0,0
2026-04-30 00:12:13,106837799,55802,37064348,163424,19406,80,83,28941190,12435,0,0,0
2026-04-30 00:12:14,106890889,53090,37082799,163501,18528,79,83,28953622,12432,0,0,0
2026-04-30 00:12:15,106939522,48633,37099756,163562,17018,82,83,28966015,12393,0,0,0
2026-04-30 00:12:16,106983920,44398,37115137,163624,15443,82,83,28978415,12400,0,0,0
2026-04-30 00:12:18,107029936,46016,37131098,163689,16026,80,83,29003100,24685,0,0,0
2026-04-30 00:12:19,107081483,51547,37149004,163772,17989,82,83,29015453,12353,0,0,0
2026-04-30 00:12:20,107132739,51256,37166766,163850,17840,80,83,29027849,12396,0,0,0
2026-04-30 00:12:21,107185846,53107,37185193,163928,18505,71,83,29040271,12422,0,0,0
2026-04-30 00:12:22,107237692,51846,37203180,164022,18081,75,83,29052669,12398,0,0,0
2026-04-30 00:12:23,107286933,49241,37220286,164097,17181,81,83,29065062,12393,0,0,0
2026-04-30 00:12:24,107332273,45340,37236024,164175,15816,82,83,29077429,12367,0,0,0
2026-04-30 00:12:26,107374891,42618,37250808,164233,14842,81,83,29089831,12402,0,0,0
2026-04-30 00:12:27,107419422,44531,37266258,164299,15516,59,83,29114631,24800,0,0,0
2026-04-30 00:12:28,107467846,48424,37283013,164366,16822,82,83,29127048,12417,0,0,0
2026-04-30 00:12:29,107512913,45067,37298662,164433,15716,69,83,29139452,12404,0,0,0
2026-04-30 00:12:30,107558338,45425,37314384,164523,15812,79,83,29151896,12444,0,0,0
2026-04-30 00:12:31,107599169,40831,37328621,164595,14309,82,83,29164339,12443,0,0,0
2026-04-30 00:12:32,107638645,39476,37342351,164641,13776,82,83,29176745,12406,0,0,0
2026-04-30 00:12:33,107673604,34959,37354474,164690,12172,81,83,29189175,12430,0,0,0
2026-04-30 00:12:35,107710977,37373,37367418,164750,13004,82,83,29201577,12402,0,0,0
2026-04-30 00:12:36,107759999,49022,37384382,164827,17041,77,83,29226343,24766,0,0,0
2026-04-30 00:12:37,107808747,48748,37401292,164907,16990,81,83,29238762,12419,0,0,0
2026-04-30 00:12:38,107858366,49619,37418512,164984,17297,77,83,29251200,12438,0,0,0
2026-04-30 00:12:39,107907928,49562,37435694,165061,17259,80,83,29263594,12394,0,0,0
2026-04-30 00:12:40,107955390,47462,37452200,165140,16585,71,83,29275977,12383,0,0,0
2026-04-30 00:12:41,108001665,46275,37468230,165224,16114,82,83,29288370,12393,0,0,0
2026-04-30 00:12:43,108049151,47486,37484654,165291,16491,78,83,29312731,24361,0,0,0
2026-04-30 00:12:44,108102788,53637,37503304,165367,18726,81,83,29324880,12149,0,0,0
2026-04-30 00:12:45,108156103,53315,37521801,165448,18578,73,83,29337040,12160,0,0,0
2026-04-30 00:12:46,108209537,53434,37540357,165529,18637,75,83,29349268,12228,0,0,0
2026-04-30 00:12:47,108262483,52946,37558737,165604,18455,81,83,29361482,12214,0,0,0
2026-04-30 00:12:48,108313002,50519,37576309,165676,17644,82,83,29373699,12217,0,0,0
2026-04-30 00:12:49,108361376,48374,37593032,165766,16813,82,83,29385893,12194,0,0,0
2026-04-30 00:12:51,108409858,48482,37609880,165829,16911,79,83,29410253,24360,0,0,0
2026-04-30 00:12:52,108462631,52773,37628233,165912,18436,59,83,29422442,12189,0,0,0
2026-04-30 00:12:53,108516251,53620,37646787,165993,18635,81,83,29434602,12160,0,0,0
2026-04-30 00:12:54,108569081,52830,37665167,166075,18462,62,83,29446800,12198,0,0,0
2026-04-30 00:12:55,108623002,53921,37683762,166162,18682,77,83,29458990,12190,0,0,0
2026-04-30 00:12:56,108671927,48925,37700764,166235,17075,82,83,29471229,12239,0,0,0
2026-04-30 00:12:57,108720448,48521,37717553,166322,16876,82,83,29483432,12203,0,0,0
2026-04-30 00:12:59,108773284,52836,37735874,166413,18412,62,83,29507793,24361,0,0,0
2026-04-30 00:13:00,108828979,55695,37755134,166496,19343,77,83,29520018,12225,0,0,0
2026-04-30 00:13:01,108884446,55467,37774390,166587,19347,78,83,29532252,12234,0,0,0
2026-04-30 00:13:02,108939121,54675,37793385,166676,19084,82,83,29544477,12225,0,0,0
2026-04-30 00:13:03,108995196,56075,37812829,166745,19513,76,83,29556702,12225,0,0,0
2026-04-30 00:13:04,109050389,55193,37831947,166833,19206,77,83,29568944,12242,0,0,0
2026-04-30 00:13:05,109104554,54165,37850714,166925,18859,81,83,29593394,24450,0,0,0
2026-04-30 00:13:07,109158410,53856,37869409,166993,18763,76,83,29605567,12173,0,0,0
2026-04-30 00:13:08,109214555,56145,37888878,167077,19553,80,83,29617753,12186,0,0,0
2026-04-30 00:13:09,109270535,55980,37908323,167168,19536,70,83,29629947,12194,0,0,0
2026-04-30 00:13:10,109326972,56437,37927858,167251,19618,71,83,29642129,12182,0,0,0
2026-04-30 00:13:11,109383106,56134,37947308,167349,19548,81,83,29654315,12186,0,0,0
2026-04-30 00:13:12,109438933,55827,37966649,167432,19424,80,83,29666536,12221,0,0,0
2026-04-30 00:13:14,109495101,56168,37986118,167508,19545,74,83,29690944,24408,0,0,0
2026-04-30 00:13:15,109551679,56578,38005773,167588,19735,76,83,29703123,12179,0,0,0
2026-04-30 00:13:16,109608363,56684,38025388,167677,19704,77,83,29715320,12197,0,0,0
2026-04-30 00:13:17,109663694,55331,38044567,167758,19260,72,83,29727526,12206,0,0,0
2026-04-30 00:13:18,109719005,55311,38063779,167854,19308,76,83,29739768,12242,0,0,0
2026-04-30 00:13:19,109773488,54483,38082675,167947,18989,82,83,29751983,12215,0,0,0
2026-04-30 00:13:20,109826524,53036,38101077,168039,18494,79,83,29764177,12194,0,0,0
2026-04-30 00:13:22,109877644,51120,38118764,168108,17756,81,83,29788560,24383,0,0,0
2026-04-30 00:13:23,109929455,51811,38136741,168183,18052,81,83,29800812,12252,0,0,0
2026-04-30 00:13:24,109979683,50228,38154170,168261,17507,78,83,29813073,12261,0,0,0
2026-04-30 00:13:25,110031656,51973,38172234,168343,18146,82,83,29825322,12249,0,0,0
2026-04-30 00:13:26,110083355,51699,38190172,168423,18018,77,83,29837557,12235,0,0,0
2026-04-30 00:13:27,110132589,49234,38207333,168495,17233,82,83,29849804,12247,0,0,0
2026-04-30 00:13:28,110181626,49037,38224306,168578,17056,78,83,29862054,12250,0,0,0
2026-04-30 00:13:30,110233354,51728,38242181,168648,17945,77,83,29886506,24452,0,0,0
2026-04-30 00:13:31,110285582,52228,38260327,168718,18216,82,83,29898733,12227,0,0,0
2026-04-30 00:13:32,110338219,52637,38278588,168789,18332,75,83,29910979,12246,0,0,0
2026-04-30 00:13:33,110391143,52924,38296928,168885,18436,71,83,29923215,12236,0,0,0
2026-04-30 00:13:34,110444187,53044,38315333,168968,18488,78,83,29935454,12239,0,0,0
2026-04-30 00:13:35,110495110,50923,38333011,169047,17757,82,83,29947670,12216,0,0,0
2026-04-30 00:13:36,110543397,48287,38349783,169118,16843,80,83,29959939,12269,0,0,0
2026-04-30 00:13:38,110587718,44321,38365127,169182,15408,81,83,29972211,12272,0,0,0
2026-04-30 00:13:39,110631985,44267,38380485,169251,15427,82,83,29996631,24420,0,0,0
2026-04-30 00:13:40,110680515,48530,38397320,169323,16907,77,83,30008875,12244,0,0,0
2026-04-30 00:13:41,110723455,42940,38412192,169392,14941,82,83,30021144,12269,0,0,0
2026-04-30 00:13:42,110770587,47132,38428523,169480,16419,78,83,30033382,12238,0,0,0
2026-04-30 00:13:43,110815447,44860,38444133,169550,15680,82,83,30045620,12238,0,0,0
2026-04-30 00:13:44,110862155,46708,38460338,169622,16277,82,83,30057853,12233,0,0,0
2026-04-30 00:13:46,110911725,49570,38477508,169696,17244,82,83,30082248,24395,0,0,0
2026-04-30 00:13:47,110965722,53997,38496236,169784,18816,78,83,30094440,12192,0,0,0
2026-04-30 00:13:48,111018753,53031,38514658,169864,18502,73,83,30106633,12193,0,0,0
2026-04-30 00:13:49,111068136,49383,38531721,169947,17146,81,83,30118828,12195,0,0,0
2026-04-30 00:13:50,111115423,47287,38548143,170013,16488,78,83,30131047,12219,0,0,0
2026-04-30 00:13:51,111165733,50310,38565641,170083,17568,82,83,30143249,12202,0,0,0
2026-04-30 00:13:52,111212449,46716,38581833,170164,16273,81,83,30155461,12212,0,0,0
2026-04-30 00:13:54,111258525,46076,38597767,170237,16007,73,83,30179857,24396,0,0,0
2026-04-30 00:13:55,111308524,49999,38615128,170309,17433,76,83,30192089,12232,0,0,0
2026-04-30 00:13:56,111360002,51478,38632984,170389,17936,79,83,30204320,12231,0,0,0
2026-04-30 00:13:57,111411258,51256,38650761,170475,17863,79,83,30216572,12252,0,0,0
2026-04-30 00:13:58,111461252,49994,38668116,170550,17430,73,83,30228827,12255,0,0,0
2026-04-30 00:13:59,111510770,49518,38685287,170636,17257,82,83,30241055,12228,0,0,0
2026-04-30 00:14:00,111559189,48419,38702076,170707,16860,81,83,30253274,12219,0,0,0
2026-04-30 00:14:02,111608458,49269,38719127,170783,17127,69,83,30277764,24490,0,0,0
2026-04-30 00:14:03,111661099,52641,38737364,170876,18330,78,83,30290024,12260,0,0,0
2026-04-30 00:14:04,111712835,51736,38755303,170950,18013,80,83,30302236,12212,0,0,0
2026-04-30 00:14:05,111765698,52863,38773638,171034,18419,80,83,30314449,12213,0,0,0
2026-04-30 00:14:06,111819305,53607,38792230,171109,18667,82,83,30326681,12232,0,0,0
2026-04-30 00:14:07,111870854,51549,38810152,171182,17995,82,83,30338965,12284,0,0,0
2026-04-30 00:14:08,111918177,47323,38826584,171254,16504,76,83,30351209,12244,0,0,0
2026-04-30 00:14:10,111965560,47383,38842980,171325,16467,82,83,30363447,12238,0,0,0
2026-04-30 00:14:11,112011595,46035,38858903,171417,16015,75,83,30387854,24407,0,0,0
2026-04-30 00:14:12,112062247,50652,38876477,171485,17642,79,83,30400017,12163,0,0,0
2026-04-30 00:14:13,112111683,49436,38893647,171568,17253,82,83,30412204,12187,0,0,0
2026-04-30 00:14:14,112162069,50386,38911072,171652,17509,78,83,30424381,12177,0,0,0
2026-04-30 00:14:15,112214751,52682,38929393,171744,18413,82,83,30436570,12189,0,0,0
2026-04-30 00:14:16,112267401,52650,38947669,171810,18342,80,83,30448732,12162,0,0,0
2026-04-30 00:14:18,112318984,51583,38965584,171873,17978,78,83,30473126,24394,0,0,0
2026-04-30 00:14:19,112372529,53545,38984182,171957,18682,77,83,30485337,12211,0,0,0
2026-04-30 00:14:20,112425629,53100,39002614,172037,18512,75,83,30497549,12212,0,0,0
2026-04-30 00:14:21,112479219,53590,39021243,172121,18713,63,83,30509789,12240,0,0,0
2026-04-30 00:14:22,112534274,55055,39040354,172204,19194,81,83,30522033,12244,0,0,0
2026-04-30 00:14:23,112587823,53549,39058961,172288,18691,76,83,30534297,12264,0,0,0
2026-04-30 00:14:24,112634712,46889,39075283,172343,16377,82,83,30546552,12255,0,0,0
2026-04-30 00:14:26,112681589,46877,39091555,172417,16346,79,83,30571067,24515,0,0,0
2026-04-30 00:14:27,112732885,51296,39109384,172483,17895,79,83,30583274,12207,0,0,0
2026-04-30 00:14:28,112783986,51101,39127094,172571,17798,82,83,30595475,12201,0,0,0
2026-04-30 00:14:29,112836023,52037,39145135,172653,18123,75,83,30607669,12194,0,0,0
2026-04-30 00:14:30,112887196,51173,39162909,172732,17853,81,83,30619868,12199,0,0,0
2026-04-30 00:14:31,112937140,49944,39180295,172810,17464,77,83,30632038,12170,0,0,0
2026-04-30 00:14:32,112984770,47630,39196775,172876,16546,77,83,30644196,12158,0,0,0
2026-04-30 00:14:34,113034090,49320,39213860,172948,17157,82,83,30668490,24294,0,0,0
2026-04-30 00:14:35,113085216,51126,39231606,173023,17821,75,83,30680670,12180,0,0,0
2026-04-30 00:14:36,113138880,53664,39250175,173106,18652,80,83,30692845,12175,0,0,0
2026-04-30 00:14:37,113192376,53496,39268700,173197,18616,63,83,30704990,12145,0,0,0
2026-04-30 00:14:38,113245462,53086,39287051,173279,18433,80,83,30717119,12129,0,0,0
2026-04-30 00:14:39,113295126,49664,39304334,173344,17348,82,83,30729244,12125,0,0,0
2026-04-30 00:14:40,113343540,48414,39321124,173423,16869,82,83,30741341,12097,0,0,0
2026-04-30 00:14:42,113390321,46781,39337309,173485,16247,79,83,30765543,24202,0,0,0
2026-04-30 00:14:43,113438177,47856,39353871,173565,16642,79,83,30777667,12124,0,0,0
2026-04-30 00:14:44,113479816,41639,39368273,173637,14474,79,83,30789752,12085,0,0,0
2026-04-30 00:14:45,113523918,44102,39383605,173692,15387,76,83,30801780,12028,0,0,0
2026-04-30 00:14:46,113568959,45041,39399190,173760,15653,78,83,30813812,12032,0,0,0
2026-04-30 00:14:47,113613070,44111,39414506,173832,15388,82,83,30825859,12047,0,0,0
2026-04-30 00:14:48,113653461,40391,39428490,173888,14040,81,83,30837925,12066,0,0,0
2026-04-30 00:14:49,113694058,40597,39442667,173954,14243,82,83,30849970,12045,0,0,0
2026-04-30 00:14:51,113739305,45247,39458320,174007,15706,81,83,30874078,24108,0,0,0
2026-04-30 00:14:52,113790831,51526,39476185,174103,17961,80,83,30886116,12038,0,0,0
2026-04-30 00:14:53,113843238,52407,39494387,174182,18281,81,83,30898170,12054,0,0,0
2026-04-30 00:14:54,113894958,51720,39512360,174263,18054,80,83,30910217,12047,0,0,0
2026-04-30 00:14:55,113947784,52826,39530713,174341,18431,75,83,30922273,12056,0,0,0
2026-04-30 00:14:56,113998850,51066,39548423,174428,17797,81,83,30934307,12034,0,0,0
2026-04-30 00:14:57,114050915,52065,39566506,174499,18154,79,83,30958278,23971,0,0,0
2026-04-30 00:14:59,114105738,54823,39585522,174592,19109,77,83,30970287,12009,0,0,0
2026-04-30 00:15:00,114160281,54543,39604451,174670,19007,77,83,30982295,12008,0,0,0
2026-04-30 00:15:01,114213857,53576,39623049,174766,18694,70,83,30994291,11996,0,0,0
2026-04-30 00:15:02,114269320,55463,39642289,174850,19324,81,83,31006283,11992,0,0,0
2026-04-30 00:15:03,114324940,55620,39661595,174928,19384,82,83,31018307,12024,0,0,0
2026-04-30 00:15:04,114380287,55347,39680829,174993,19299,80,83,31030366,12059,0,0,0
2026-04-30 00:15:06,114436371,56084,39700261,175070,19509,82,83,31054539,24173,0,0,0
2026-04-30 00:15:07,114492296,55925,39719683,175149,19501,82,83,31066589,12050,0,0,0
2026-04-30 00:15:08,114549525,57229,39739508,175225,19901,82,83,31078636,12047,0,0,0
2026-04-30 00:15:09,114604885,55360,39758761,175285,19313,79,83,31090686,12050,0,0,0
2026-04-30 00:15:10,114661325,56440,39778317,175374,19645,75,83,31102713,12027,0,0,0
2026-04-30 00:15:11,114716433,55108,39797492,175448,19249,81,83,31114745,12032,0,0,0
2026-04-30 00:15:12,114772340,55907,39816837,175522,19419,80,83,31126714,11969,0,0,0
2026-04-30 00:15:14,114828680,56340,39836348,175608,19597,77,83,31150703,23989,0,0,0
2026-04-30 00:15:15,114885325,56645,39855957,175708,19709,81,83,31162715,12012,0,0,0
2026-04-30 00:15:16,114941159,55834,39875337,175792,19464,71,83,31174732,12017,0,0,0
2026-04-30 00:15:17,114995847,54688,39894313,175883,19067,73,83,31186761,12029,0,0,0
2026-04-30 00:15:18,115051919,56072,39913764,175967,19535,81,83,31198763,12002,0,0,0
2026-04-30 00:15:19,115107518,55599,39933046,176053,19368,81,83,31210734,11971,0,0,0
2026-04-30 00:15:21,115164109,56591,39952660,176150,19711,78,83,31234717,23983,0,0,0
2026-04-30 00:15:22,115220342,56233,39972134,176259,19583,77,83,31246758,12041,0,0,0
2026-04-30 00:15:23,115276882,56540,39991737,176348,19692,80,83,31258799,12041,0,0,0
2026-04-30 00:15:24,115333312,56430,40011314,176428,19657,73,83,31270838,12039,0,0,0
2026-04-30 00:15:25,115389223,55911,40030716,176519,19493,81,83,31282886,12048,0,0,0
2026-04-30 00:15:26,115443907,54684,40049706,176614,19085,82,83,31294938,12052,0,0,0
2026-04-30 00:15:27,115499121,55214,40068889,176688,19257,78,83,31307012,12074,0,0,0
2026-04-30 00:15:29,115555148,56027,40088323,176779,19525,77,83,31331111,24099,0,0,0
2026-04-30 00:15:30,115611613,56465,40107910,176855,19663,76,83,31343146,12035,0,0,0
2026-04-30 00:15:31,115667568,55955,40127338,176930,19503,70,83,31355181,12035,0,0,0
2026-04-30 00:15:32,115724042,56474,40146922,177015,19669,80,83,31367190,12009,0,0,0
2026-04-30 00:15:33,115779609,55567,40166206,177091,19360,70,83,31379220,12030,0,0,0
2026-04-30 00:15:34,115835137,55528,40185514,177170,19387,82,83,31391236,12016,0,0,0
2026-04-30 00:15:36,115891146,56009,40204909,177264,19489,77,83,31415272,24036,0,0,0
2026-04-30 00:15:37,115947948,56802,40224597,177347,19771,75,83,31427274,12002,0,0,0
2026-04-30 00:15:38,116003550,55602,40243902,177441,19399,76,83,31439316,12042,0,0,0
2026-04-30 00:15:39,116059035,55485,40263169,177543,19369,80,83,31451338,12022,0,0,0
2026-04-30 00:15:40,116115674,56639,40282816,177631,19735,81,83,31463355,12017,0,0,0
2026-04-30 00:15:41,116171449,55775,40302164,177707,19424,80,83,31475410,12055,0,0,0
2026-04-30 00:15:42,116227607,56158,40321592,177786,19507,83,83,31487641,12231,0,0,0
2026-04-30 00:15:44,116283768,56161,40341021,177883,19526,77,83,31512017,24376,0,0,0
2026-04-30 00:15:45,116337990,54222,40359834,177957,18887,81,83,31524186,12169,0,0,0
2026-04-30 00:15:46,116392173,54183,40378632,178036,18877,82,83,31536396,12210,0,0,0
2026-04-30 00:15:47,116443258,51085,40396366,178114,17812,81,83,31548625,12229,0,0,0
2026-04-30 00:15:48,116493459,50201,40413798,178180,17498,82,83,31560837,12212,0,0,0
2026-04-30 00:15:49,116542743,49284,40430898,178253,17173,81,83,31573042,12205,0,0,0
2026-04-30 00:15:50,116590815,48072,40447600,178317,16766,82,83,31585202,12160,0,0,0
2026-04-30 00:15:52,116641576,50761,40465199,178395,17677,82,83,31609537,24335,0,0,0
2026-04-30 00:15:53,116693181,51605,40483116,178477,17999,76,83,31621677,12140,0,0,0
2026-04-30 00:15:54,116745456,52275,40501233,178556,18196,73,83,31633774,12097,0,0,0
2026-04-30 00:15:55,116797428,51972,40519262,178624,18097,76,83,31645850,12076,0,0,0
2026-04-30 00:15:56,116849930,52502,40537472,178708,18294,73,83,31657934,12084,0,0,0
2026-04-30 00:15:57,116898384,48454,40554347,178778,16945,81,83,31670042,12108,0,0,0
2026-04-30 00:15:58,116947270,48886,40571267,178863,17005,81,83,31682125,12083,0,0,0
2026-04-30 00:16:00,116997641,50371,40588684,178942,17496,73,83,31706315,24190,0,0,0
2026-04-30 00:16:01,117049724,52083,40606786,179000,18160,80,83,31718409,12094,0,0,0
2026-04-30 00:16:02,117100841,51117,40624519,179069,17802,77,83,31730520,12111,0,0,0
2026-04-30 00:16:03,117150225,49384,40641661,179142,17215,78,83,31742602,12082,0,0,0
2026-04-30 00:16:04,117201711,51486,40659488,179217,17902,80,83,31754677,12075,0,0,0
2026-04-30 00:16:05,117249438,47727,40676084,179282,16661,78,83,31766762,12085,0,0,0
2026-04-30 00:16:06,117295023,45585,40691918,179369,15921,82,83,31778828,12066,0,0,0
2026-04-30 00:16:08,117336779,41756,40706434,179424,14571,82,83,31790893,12065,0,0,0
2026-04-30 00:16:09,117372644,35865,40718834,179486,12462,80,83,31815043,24150,0,0,0
2026-04-30 00:16:10,117417123,44479,40734308,179538,15526,82,83,31827079,12036,0,0,0
2026-04-30 00:16:11,117461528,44405,40749748,179604,15506,79,83,31839130,12051,0,0,0
2026-04-30 00:16:12,117505764,44236,40765097,179669,15414,80,83,31851071,11941,0,0,0
2026-04-30 00:16:13,117549720,43956,40780373,179742,15349,82,83,31863035,11964,0,0,0
2026-04-30 00:16:14,117590522,40802,40794505,179793,14183,82,83,31875009,11974,0,0,0
2026-04-30 00:16:15,117629634,39112,40808063,179867,13632,82,83,31886977,11968,0,0,0
2026-04-30 00:16:17,117670976,41342,40822422,179939,14431,81,83,31898939,11962,0,0,0
2026-04-30 00:16:18,117729593,58617,40842704,180028,20371,80,83,31922848,23909,0,0,0
2026-04-30 00:16:19,117787620,58027,40862836,180131,20235,77,83,31934797,11949,0,0,0
2026-04-30 00:16:20,117844788,57168,40882698,180210,19941,81,83,31946702,11905,0,0,0
2026-04-30 00:16:21,117901354,56566,40902316,180292,19700,76,83,31958595,11893,0,0,0
2026-04-30 00:16:22,117956433,55079,40921467,180387,19246,72,83,31970529,11934,0,0,0
2026-04-30 00:16:24,118011778,55345,40940669,180472,19287,79,83,31994378,23849,0,0,0
2026-04-30 00:16:25,118068166,56388,40960233,180556,19648,79,83,32006294,11916,0,0,0
2026-04-30 00:16:26,118123593,55427,40979512,180637,19360,80,83,32018177,11883,0,0,0
2026-04-30 00:16:27,118179157,55564,40998817,180734,19402,77,83,32030092,11915,0,0,0
2026-04-30 00:16:28,118235622,56465,41018377,180833,19659,82,83,32041985,11893,0,0,0
2026-04-30 00:16:29,118291185,55563,41037652,180929,19371,82,83,32053923,11938,0,0,0
2026-04-30 00:16:30,118346403,55218,41056758,181027,19204,75,83,32065864,11941,0,0,0
2026-04-30 00:16:32,118401817,55414,41075993,181118,19326,81,83,32089741,23877,0,0,0
2026-04-30 00:16:33,118458110,56293,41095521,181209,19619,76,83,32101665,11924,0,0,0
2026-04-30 00:16:34,118513986,55876,41114918,181308,19496,67,83,32113609,11944,0,0,0
2026-04-30 00:16:35,118569925,55939,41134308,181404,19486,75,83,32125542,11933,0,0,0
2026-04-30 00:16:36,118626295,56370,41153886,181481,19655,74,83,32137463,11921,0,0,0
2026-04-30 00:16:37,118681832,55537,41173173,181557,19363,82,83,32149381,11918,0,0,0
2026-04-30 00:16:38,118737148,55316,41192361,181633,19264,82,83,32161286,11905,0,0,0
2026-04-30 00:16:40,118794631,57483,41212284,181707,19997,67,83,32185189,23903,0,0,0
2026-04-30 00:16:41,118850533,55902,41231680,181786,19475,80,83,32197150,11961,0,0,0
2026-04-30 00:16:42,118907026,56493,41251307,181886,19727,52,83,32209139,11989,0,0,0
2026-04-30 00:16:43,118963343,56317,41270795,181965,19567,80,83,32221153,12014,0,0,0
2026-04-30 00:16:44,119020213,56870,41290490,182063,19793,71,83,32233167,12014,0,0,0
2026-04-30 00:16:45,119076446,56233,41309951,182165,19563,76,83,32245247,12080,0,0,0
2026-04-30 00:16:47,119133214,56768,41329587,182250,19721,81,83,32269445,24198,0,0,0
2026-04-30 00:16:48,119189753,56539,41349181,182350,19694,78,83,32281589,12144,0,0,0
2026-04-30 00:16:49,119246488,56735,41368851,182452,19772,78,83,32293714,12125,0,0,0
2026-04-30 00:16:50,119302753,56265,41388360,182535,19592,78,83,32305863,12149,0,0,0
2026-04-30 00:16:51,119358701,55948,41407794,182613,19512,81,83,32317970,12107,0,0,0
2026-04-30 00:16:52,119413601,54900,41426814,182722,19129,82,83,32330083,12113,0,0,0
2026-04-30 00:16:53,119469549,55948,41446256,182801,19521,64,83,32342215,12132,0,0,0
2026-04-30 00:16:55,119525556,56007,41465674,182881,19498,82,83,32366553,24338,0,0,0
2026-04-30 00:16:56,119581227,55671,41485032,182972,19449,79,83,32378741,12188,0,0,0
2026-04-30 00:16:57,119637261,56034,41504450,183069,19515,81,83,32390948,12207,0,0,0
2026-04-30 00:16:58,119693972,56711,41524148,183143,19772,67,83,32403192,12244,0,0,0
2026-04-30 00:16:59,119750294,56322,41543724,183218,19651,70,83,32415462,12270,0,0,0
2026-04-30 00:17:00,119805878,55584,41563017,183284,19359,75,83,32427747,12285,0,0,0
2026-04-30 00:17:02,119861389,55511,41582292,183367,19358,75,83,32452317,24570,0,0,0
2026-04-30 00:17:03,119917614,56225,41601832,183453,19626,76,83,32464657,12340,0,0,0
2026-04-30 00:17:04,119974243,56629,41621456,183526,19697,77,83,32476985,12328,0,0,0
2026-04-30 00:17:05,120029938,55695,41640797,183612,19427,76,83,32489332,12347,0,0,0
2026-04-30 00:17:06,120086399,56461,41660344,183692,19627,79,83,32501656,12324,0,0,0
2026-04-30 00:17:07,120140594,54195,41679166,183775,18905,80,83,32514020,12364,0,0,0
2026-04-30 00:17:08,120195005,54411,41698042,183857,18958,81,83,32526403,12383,0,0,0
2026-04-30 00:17:10,120250714,55709,41717379,183941,19421,82,83,32551063,24660,0,0,0
2026-04-30 00:17:11,120306767,56053,41736861,184023,19564,82,83,32563332,12269,0,0,0
2026-04-30 00:17:12,120363201,56434,41756430,184107,19653,78,83,32575756,12424,0,0,0
2026-04-30 00:17:13,120419908,56707,41776127,184207,19797,69,83,32588218,12462,0,0,0
2026-04-30 00:17:14,120477035,57127,41795922,184287,19875,82,83,32600703,12485,0,0,0
2026-04-30 00:17:15,120532846,55811,41815276,184370,19437,73,83,32613209,12506,0,0,0
2026-04-30 00:17:16,120587489,54643,41834229,184457,19040,80,83,32625694,12485,0,0,0
2026-04-30 00:17:18,120643418,55929,41853649,184541,19504,73,83,32650739,25045,0,0,0
2026-04-30 00:17:19,120699759,56341,41873208,184632,19650,78,83,32663244,12505,0,0,0
2026-04-30 00:17:20,120756167,56408,41892778,184713,19651,77,83,32675750,12506,0,0,0
2026-04-30 00:17:21,120812427,56260,41912356,184795,19660,80,83,32688248,12498,0,0,0
2026-04-30 00:17:22,120869155,56728,41932031,184876,19756,71,83,32700711,12463,0,0,0
2026-04-30 00:17:23,120924038,54883,41951064,184952,19109,81,83,32713223,12512,0,0,0
2026-04-30 00:17:25,120979418,55380,41970320,185023,19327,78,83,32738258,25035,0,0,0
2026-04-30 00:17:26,121035724,56306,41989844,185108,19609,81,83,32750750,12492,0,0,0
2026-04-30 00:17:27,121091954,56230,42009366,185195,19609,74,83,32763275,12525,0,0,0
2026-04-30 00:17:28,121148990,57036,42029144,185281,19864,79,83,32775746,12471,0,0,0
2026-04-30 00:17:29,121204994,56004,42048595,185359,19529,82,83,32788158,12412,0,0,0
2026-04-30 00:17:30,121260616,55622,42067909,185441,19396,79,83,32800561,12403,0,0,0
2026-04-30 00:17:31,121315631,55015,42087013,185527,19190,82,83,32812984,12423,0,0,0
2026-04-30 00:17:33,121371329,55698,42106361,185602,19423,79,83,32837784,24800,0,0,0
2026-04-30 00:17:34,121427205,55876,42125749,185688,19474,81,83,32850196,12412,0,0,0
2026-04-30 00:17:35,121484264,57059,42145555,185792,19910,52,83,32862589,12393,0,0,0
2026-04-30 00:17:36,121540183,55919,42164929,185870,19452,82,83,32875006,12417,0,0,0
2026-04-30 00:17:37,121593317,53134,42183429,185950,18580,82,83,32887406,12400,0,0,0
2026-04-30 00:17:38,121644633,51316,42201215,186021,17857,82,83,32899839,12433,0,0,0
2026-04-30 00:17:40,121698937,54304,42220060,186096,18920,77,83,32924622,24783,0,0,0
2026-04-30 00:17:41,121754086,55149,42239167,186175,19186,82,83,32936987,12365,0,0,0
2026-04-30 00:17:42,121809168,55082,42258290,186239,19187,79,83,32949449,12462,0,0,0
2026-04-30 00:17:43,121865891,56723,42277945,186324,19740,75,83,32961883,12434,0,0,0
2026-04-30 00:17:44,121920377,54486,42296875,186398,19004,81,83,32974378,12495,0,0,0
2026-04-30 00:17:45,121972149,51772,42314837,186475,18039,79,83,32986861,12483,0,0,0
2026-04-30 00:17:46,122022591,50442,42332350,186553,17591,82,83,32999383,12522,0,0,0
2026-04-30 00:17:48,122075009,52418,42350448,186643,18188,76,83,33024340,24957,0,0,0
2026-04-30 00:17:49,122125555,50546,42368030,186713,17652,78,83,33036810,12470,0,0,0
2026-04-30 00:17:50,122176664,51109,42385745,186799,17801,81,83,33049256,12446,0,0,0
2026-04-30 00:17:51,122226355,49691,42403006,186862,17324,82,83,33061694,12438,0,0,0
2026-04-30 00:17:52,122276161,49806,42420282,186928,17342,82,83,33074139,12445,0,0,0
2026-04-30 00:17:53,122326193,50032,42437709,187002,17501,82,83,33086635,12496,0,0,0
2026-04-30 00:17:54,122372856,46663,42453905,187061,16255,82,83,33099154,12519,0,0,0
2026-04-30 00:17:56,122421037,48181,42470581,187139,16754,77,83,33111655,12501,0,0,0
2026-04-30 00:17:57,122474411,53374,42489137,187213,18630,81,83,33136653,24998,0,0,0
2026-04-30 00:17:58,122526862,52451,42507378,187284,18312,82,83,33149145,12492,0,0,0
2026-04-30 00:17:59,122578186,51324,42525200,187357,17895,79,83,33161612,12467,0,0,0
2026-04-30 00:18:00,122627825,49639,42542440,187433,17316,82,83,33174080,12468,0,0,0
2026-04-30 00:18:01,122677464,49639,42559729,187513,17369,82,83,33186553,12473,0,0,0
2026-04-30 00:18:02,122724161,46697,42575899,187582,16239,81,83,33199034,12481,0,0,0
2026-04-30 00:18:04,122772003,47842,42592514,187642,16675,81,83,33211549,12515,0,0,0
2026-04-30 00:18:05,122824546,52543,42610719,187723,18286,77,83,33236605,25056,0,0,0
2026-04-30 00:18:06,122876634,52088,42628789,187810,18157,76,83,33249110,12505,0,0,0
2026-04-30 00:18:07,122927653,51019,42646523,187869,17793,82,83,33261619,12509,0,0,0
2026-04-30 00:18:08,122978536,50883,42664170,187942,17720,80,83,33274131,12512,0,0,0
2026-04-30 00:18:09,123026311,47775,42680791,188022,16701,82,83,33286639,12508,0,0,0
2026-04-30 00:18:10,123070077,43766,42695989,188093,15269,82,83,33299142,12503,0,0,0
2026-04-30 00:18:12,123114669,44592,42711456,188163,15537,82,83,33311680,12538,0,0,0
2026-04-30 00:18:13,123163744,49075,42728458,188236,17075,69,83,33336544,24864,0,0,0
2026-04-30 00:18:14,123214549,50805,42746102,188314,17722,70,83,33349000,12456,0,0,0
2026-04-30 00:18:15,123266815,52266,42764237,188398,18219,81,83,33361478,12478,0,0,0
2026-04-30 00:18:16,123320733,53918,42782894,188492,18751,77,83,33373921,12443,0,0,0
2026-04-30 00:18:17,123374651,53918,42801653,188567,18834,75,83,33386379,12458,0,0,0
2026-04-30 00:18:18,123426653,52002,42819746,188638,18164,82,83,33398863,12484,0,0,0
2026-04-30 00:18:20,123480301,53648,42838321,188716,18653,80,83,33423740,24877,0,0,0
2026-04-30 00:18:21,123535821,55520,42857550,188802,19315,75,83,33436170,12430,0,0,0
2026-04-30 00:18:22,123591983,56162,42876993,188887,19528,82,83,33448678,12508,0,0,0
2026-04-30 00:18:23,123643934,51951,42895021,188977,18118,68,83,33461187,12509,0,0,0
2026-04-30 00:18:24,123691626,47692,42911548,189041,16591,75,83,33473684,12497,0,0,0
2026-04-30 00:18:25,123733157,41531,42926000,189108,14519,82,83,33486137,12453,0,0,0
2026-04-30 00:18:26,123776716,43559,42941073,189168,15133,82,83,33498593,12456,0,0,0
2026-04-30 00:18:28,123820928,44212,42956402,189251,15412,82,83,33511064,12471,0,0,0
2026-04-30 00:18:29,123868330,47402,42972790,189347,16484,79,83,33536022,24958,0,0,0
2026-04-30 00:18:30,123918107,49777,42990104,189406,17373,76,83,33548456,12434,0,0,0
2026-04-30 00:18:31,123966682,48575,43006965,189475,16930,79,83,33560866,12410,0,0,0
2026-04-30 00:18:32,124013763,47081,43023311,189536,16407,79,83,33573301,12435,0,0,0
2026-04-30 00:18:33,124062313,48550,43040178,189595,16926,82,83,33585740,12439,0,0,0
2026-04-30 00:18:34,124105446,43133,43055152,189657,15036,81,83,33598191,12451,0,0,0
2026-04-30 00:18:35,124145684,40238,43069134,189716,14041,82,83,33610603,12412,0,0,0
2026-04-30 00:18:37,124186532,40848,43083307,189770,14227,82,83,33623023,12420,0,0,0
2026-04-30 00:18:38,124231774,45242,43098952,189839,15714,80,83,33647854,24831,0,0,0
2026-04-30 00:18:39,124280375,48601,43115857,189913,16979,82,83,33660269,12415,0,0,0
2026-04-30 00:18:40,124323455,43080,43130757,189976,14963,82,83,33672666,12397,0,0,0
2026-04-30 00:18:41,124373177,49722,43147944,190077,17288,75,83,33685073,12407,0,0,0
2026-04-30 00:18:42,124413194,40017,43161881,190140,14000,82,83,33697293,12220,0,0,0
2026-04-30 00:18:43,124458486,45292,43177550,190225,15754,82,83,33709475,12182,0,0,0
2026-04-30 00:18:45,124497882,39396,43191235,190304,13764,82,83,33721637,12162,0,0,0
2026-04-30 00:18:46,124537789,39907,43205051,190362,13874,50,83,33733762,12125,0,0,0
2026-04-30 00:18:47,124582188,44399,43220409,190434,15430,72,83,33758059,24297,0,0,0
2026-04-30 00:18:48,124627603,45415,43236156,190499,15812,82,83,33770249,12190,0,0,0
2026-04-30 00:18:49,124673135,45532,43251964,190564,15873,80,83,33782438,12189,0,0,0
2026-04-30 00:18:50,124718267,45132,43267589,190644,15705,82,83,33794650,12212,0,0,0
2026-04-30 00:18:51,124758449,40182,43281581,190698,14046,81,83,33806814,12164,0,0,0
2026-04-30 00:18:52,124798565,40116,43295495,190757,13973,82,83,33818969,12155,0,0,0
2026-04-30 00:18:54,124841235,42670,43310291,190821,14860,82,83,33831139,12170,0,0,0
2026-04-30 00:18:55,124881568,40333,43324286,190886,14060,66,83,33855497,24358,0,0,0
2026-04-30 00:18:56,124928370,46802,43340474,190949,16251,69,83,33867651,12154,0,0,0
2026-04-30 00:18:57,124973133,44763,43356014,191017,15608,80,83,33879830,12179,0,0,0
2026-04-30 00:18:58,125020221,47088,43372345,191089,16403,79,83,33891993,12163,0,0,0
2026-04-30 00:18:59,125063100,42879,43387266,191155,14987,82,83,33904225,12232,0,0,0
2026-04-30 00:19:00,125105030,41930,43401812,191204,14595,82,83,33916447,12222,0,0,0
2026-04-30 00:19:02,125147609,42579,43416654,191262,14900,82,83,33928661,12214,0,0,0
2026-04-30 00:19:03,125192663,45054,43432298,191338,15720,82,83,33952960,24299,0,0,0
2026-04-30 00:19:04,125242765,50102,43449633,191416,17413,77,83,33965106,12146,0,0,0
2026-04-30 00:19:05,125292145,49380,43466787,191497,17235,71,83,33977246,12140,0,0,0
2026-04-30 00:19:06,125343094,50949,43484470,191575,17761,82,83,33989433,12187,0,0,0
2026-04-30 00:19:07,125394739,51645,43502404,191649,18008,82,83,34001622,12189,0,0,0
2026-04-30 00:19:08,125445611,50872,43520048,191738,17733,82,83,34013845,12223,0,0,0
2026-04-30 00:19:09,125494511,48900,43537063,191826,17103,82,83,34026075,12230,0,0,0
2026-04-30 00:19:11,125541890,47379,43553469,191889,16469,72,83,34050561,24486,0,0,0
2026-04-30 00:19:12,125594707,52817,43571794,191983,18419,79,83,34062557,11996,0,0,0
2026-04-30 00:19:13,125645863,51156,43589546,192064,17833,81,83,34074540,11983,0,0,0
2026-04-30 00:19:14,125698416,52553,43607748,192143,18281,80,83,34086519,11979,0,0,0
2026-04-30 00:19:15,125748540,50124,43625206,192226,17541,82,83,34098501,11982,0,0,0
2026-04-30 00:19:16,125798487,49947,43642524,192314,17406,82,83,34110509,12008,0,0,0
2026-04-30 00:19:17,125848898,50411,43660027,192380,17569,82,83,34122518,12009,0,0,0
2026-04-30 00:19:19,125902747,53849,43678680,192472,18745,77,83,34146524,24006,0,0,0
2026-04-30 00:19:20,125956451,53704,43697281,192556,18685,82,83,34158512,11988,0,0,0
2026-04-30 00:19:21,126010053,53602,43715851,192653,18667,81,83,34170475,11963,0,0,0
2026-04-30 00:19:22,126062810,52757,43734213,192720,18429,74,83,34182427,11952,0,0,0
2026-04-30 00:19:23,126113913,51103,43751953,192800,17820,82,83,34194358,11931,0,0,0
2026-04-30 00:19:24,126161131,47218,43768313,192873,16433,81,83,34206282,11924,0,0,0
2026-04-30 00:19:26,126210353,49222,43785429,192935,17178,72,83,34218205,11923,0,0,0
2026-04-30 00:19:27,126260426,50073,43802800,193004,17440,80,83,34242033,23828,0,0,0
2026-04-30 00:19:28,126312237,51811,43820764,193086,18046,80,83,34253925,11892,0,0,0
2026-04-30 00:19:29,126363481,51244,43838564,193161,17875,77,83,34265807,11882,0,0,0
2026-04-30 00:19:30,126413188,49707,43855774,193244,17293,79,83,34277670,11863,0,0,0
2026-04-30 00:19:31,126463147,49959,43873120,193320,17422,82,83,34289540,11870,0,0,0
2026-04-30 00:19:32,126505762,42615,43887897,193386,14843,82,83,34301425,11885,0,0,0
2026-04-30 00:19:33,126550841,45079,43903524,193444,15685,78,83,34313304,11879,0,0,0
2026-04-30 00:19:35,126598786,47945,43920104,193514,16650,79,83,34337040,23736,0,0,0
2026-04-30 00:19:36,126648350,49564,43937300,193600,17282,79,83,34348943,11903,0,0,0
2026-04-30 00:19:37,126700183,51833,43955328,193670,18098,79,83,34360863,11920,0,0,0
2026-04-30 00:19:38,126752102,51919,43973310,193735,18047,80,83,34372760,11897,0,0,0
2026-04-30 00:19:39,126801726,49624,43990564,193805,17324,81,83,34384623,11863,0,0,0
2026-04-30 00:19:40,126851258,49532,44007787,193875,17293,82,83,34396446,11823,0,0,0
2026-04-30 00:19:41,126901606,50348,44025255,193960,17553,82,83,34408253,11807,0,0,0
2026-04-30 00:19:43,126950966,49360,44042353,194037,17175,81,83,34431928,23675,0,0,0
2026-04-30 00:19:44,127004958,53992,44061121,194105,18836,82,83,34443762,11834,0,0,0
2026-04-30 00:19:45,127059308,54350,44079943,194193,18910,77,83,34455583,11821,0,0,0
2026-04-30 00:19:46,127113208,53900,44098673,194272,18809,75,83,34467390,11807,0,0,0
2026-04-30 00:19:47,127167602,54394,44117557,194349,18961,72,83,34479166,11776,0,0,0
2026-04-30 00:19:48,127217090,49488,44134777,194430,17301,71,83,34490938,11772,0,0,0
2026-04-30 00:19:49,127265844,48754,44151617,194502,16912,81,83,34502728,11790,0,0,0
2026-04-30 00:19:51,127315880,50036,44169007,194583,17471,77,83,34526304,23576,0,0,0
2026-04-30 00:19:52,127366924,51044,44186704,194659,17773,80,83,34538080,11776,0,0,0
2026-04-30 00:19:53,127416723,49799,44204004,194739,17380,73,83,34549852,11772,0,0,0
2026-04-30 00:19:54,127469281,52558,44222245,194815,18317,79,83,34561614,11762,0,0,0
2026-04-30 00:19:55,127521128,51847,44240229,194896,18065,79,83,34573357,11743,0,0,0
2026-04-30 00:19:56,127567388,46260,44256271,194974,16120,82,83,34585122,11765,0,0,0
2026-04-30 00:19:57,127613625,46237,44272349,195039,16143,82,83,34596875,11753,0,0,0
2026-04-30 00:19:59,127662152,48527,44289157,195130,16899,70,83,34620400,23525,0,0,0
2026-04-30 00:20:00,127713422,51270,44306942,195209,17864,78,83,34632152,11752,0,0,0
2026-04-30 00:20:01,127765087,51665,44324853,195299,18001,71,83,34643917,11765,0,0,0
2026-04-30 00:20:02,127815066,49979,44342172,195376,17396,67,83,34655669,11752,0,0,0
2026-04-30 00:20:03,127862511,47445,44358617,195447,16516,66,83,34667390,11721,0,0,0
2026-04-30 00:20:04,127907885,45374,44374349,195525,15810,77,83,34679108,11718,0,0,0
2026-04-30 00:20:05,127952949,45064,44389955,195602,15683,82,83,34690838,11730,0,0,0
2026-04-30 00:20:07,127999641,46692,44406182,195660,16285,79,83,34702552,11714,0,0,0
2026-04-30 00:20:08,128046358,46717,44422322,195730,16210,69,83,34725965,23413,0,0,0
2026-04-30 00:20:09,128094959,48601,44439128,195795,16871,80,83,34737659,11694,0,0,0
2026-04-30 00:20:10,128141354,46395,44455202,195851,16130,81,83,34749338,11679,0,0,0
2026-04-30 00:20:11,128186697,45343,44470947,195925,15819,82,83,34761013,11675,0,0,0
2026-04-30 00:20:12,128236419,49722,44488269,195989,17386,82,83,34772616,11603,0,0,0
2026-04-30 00:20:13,128283485,47066,44504555,196052,16349,76,83,34784238,11622,0,0,0
2026-04-30 00:20:14,128329989,46504,44520711,196125,16229,82,83,34795854,11616,0,0,0
2026-04-30 00:20:16,128379975,49986,44538027,196204,17395,76,83,34819239,23385,0,0,0
2026-04-30 00:20:17,128432282,52307,44556153,196281,18203,80,83,34830926,11687,0,0,0
2026-04-30 00:20:18,128487203,54921,44575225,196353,19144,73,83,34842598,11672,0,0,0
2026-04-30 00:20:19,128539498,52295,44593376,196441,18239,78,83,34854230,11632,0,0,0
2026-04-30 00:20:20,128593662,54164,44612183,196518,18884,78,83,34865869,11639,0,0,0
2026-04-30 00:20:21,128645307,51645,44630120,196589,18008,82,83,34877538,11669,0,0,0
2026-04-30 00:20:22,128695870,50563,44647607,196675,17573,78,83,34889239,11701,0,0,0
2026-04-30 00:20:24,128750803,54933,44666712,196758,19188,76,83,34912610,23371,0,0,0
2026-04-30 00:20:25,128806827,56024,44686171,196844,19545,82,83,34924320,11710,0,0,0
2026-04-30 00:20:26,128861810,54983,44705334,196915,19234,77,83,34936070,11750,0,0,0
2026-04-30 00:20:27,128918328,56518,44724929,197008,19688,79,83,34947786,11716,0,0,0
2026-04-30 00:20:28,128974837,56509,44744521,197100,19684,81,83,34959472,11686,0,0,0
2026-04-30 00:20:29,129030550,55713,44763819,197215,19413,78,83,34971139,11667,0,0,0
2026-04-30 00:20:30,129086919,56369,44783309,197317,19592,81,83,34982825,11686,0,0,0
2026-04-30 00:20:32,129143338,56419,44802910,197386,19670,78,83,35006326,23501,0,0,0
2026-04-30 00:20:33,129199600,56262,44822434,197469,19607,79,83,35018077,11751,0,0,0
2026-04-30 00:20:34,129256704,57104,44842198,197555,19850,79,83,35029798,11721,0,0,0
2026-04-30 00:20:35,129313945,57241,44862093,197638,19978,65,83,35041557,11759,0,0,0
2026-04-30 00:20:36,129370599,56654,44881706,197736,19711,77,83,35053348,11791,0,0,0
2026-04-30 00:20:37,129426086,55487,44900959,197830,19347,79,83,35065157,11809,0,0,0
2026-04-30 00:20:39,129478260,52174,44919008,197902,18121,82,83,35088901,23744,0,0,0
2026-04-30 00:20:40,129533372,55112,44938135,197972,19197,73,83,35100810,11909,0,0,0
2026-04-30 00:20:41,129590223,56851,44957864,198059,19816,73,83,35112697,11887,0,0,0
2026-04-30 00:20:42,129641521,51298,44975680,198136,17893,79,83,35124754,12057,0,0,0
2026-04-30 00:20:43,129692638,51117,44993445,198212,17841,82,83,35136821,12067,0,0,0
2026-04-30 00:20:44,129747082,54444,45012379,198298,19020,67,83,35148878,12057,0,0,0
2026-04-30 00:20:45,129802832,55750,45031681,198381,19385,81,83,35160893,12015,0,0,0
2026-04-30 00:20:47,129858993,56161,45051192,198463,19593,70,83,35184814,23921,0,0,0
2026-04-30 00:20:48,129914651,55658,45070519,198549,19413,74,83,35196762,11948,0,0,0
2026-04-30 00:20:49,129971271,56620,45090149,198648,19729,81,83,35208728,11966,0,0,0
2026-04-30 00:20:50,130027438,56167,45109626,198736,19565,76,83,35220690,11962,0,0,0
2026-04-30 00:20:51,130084030,56592,45129265,198821,19724,80,83,35232659,11969,0,0,0
2026-04-30 00:20:52,130139562,55532,45148533,198890,19337,82,83,35244630,11971,0,0,0
2026-04-30 00:20:54,130194312,54750,45167563,198964,19104,79,83,35256595,11965,0,0,0
2026-04-30 00:20:55,130250414,56102,45187003,199053,19529,81,83,35280570,23975,0,0,0
2026-04-30 00:20:56,130306376,55962,45206423,199127,19494,80,83,35292545,11975,0,0,0
2026-04-30 00:20:57,130361822,55446,45225698,199226,19374,82,83,35304496,11951,0,0,0
2026-04-30 00:20:58,130418744,56922,45245452,199301,19829,69,83,35316386,11890,0,0,0
2026-04-30 00:20:59,130473786,55042,45264605,199374,19226,75,83,35328284,11898,0,0,0
2026-04-30 00:21:00,130529467,55681,45283923,199455,19399,78,83,35340155,11871,0,0,0
2026-04-30 00:21:02,130584776,55309,45303109,199542,19273,77,83,35363986,23831,0,0,0
2026-04-30 00:21:03,130641428,56652,45322707,199658,19714,78,83,35375911,11925,0,0,0
2026-04-30 00:21:04,130697844,56416,45342240,199744,19619,82,83,35387809,11898,0,0,0
2026-04-30 00:21:05,130753672,55828,45361675,199827,19518,82,83,35399715,11906,0,0,0
2026-04-30 00:21:06,130809855,56183,45381140,199902,19540,76,83,35411610,11895,0,0,0
2026-04-30 00:21:07,130866064,56209,45400623,199999,19580,79,83,35423515,11905,0,0,0
2026-04-30 00:21:08,130920846,54782,45419645,200079,19102,82,83,35435374,11859,0,0,0
2026-04-30 00:21:10,130972744,51898,45437680,200154,18110,82,83,35459171,23797,0,0,0
2026-04-30 00:21:11,131025985,53241,45456117,200243,18526,79,83,35471079,11908,0,0,0
2026-04-30 00:21:12,131080699,54714,45475137,200334,19111,79,83,35483157,12078,0,0,0
2026-04-30 00:21:13,131136923,56224,45494678,200427,19634,73,83,35495230,12073,0,0,0
2026-04-30 00:21:14,131192816,55893,45514060,200511,19466,77,83,35507294,12064,0,0,0
2026-04-30 00:21:15,131248321,55505,45533317,200599,19345,80,83,35519361,12067,0,0,0
2026-04-30 00:21:16,131302968,54647,45552306,200685,19075,81,83,35531422,12061,0,0,0
2026-04-30 00:21:18,131357528,54560,45571201,200782,18992,80,83,35555518,24096,0,0,0
2026-04-30 00:21:19,131412822,55294,45590375,200864,19256,80,83,35567537,12019,0,0,0
2026-04-30 00:21:20,131469193,56371,45609911,200960,19632,82,83,35579547,12010,0,0,0
2026-04-30 00:21:21,131525722,56529,45629529,201044,19702,81,83,35591556,12009,0,0,0
2026-04-30 00:21:22,131581007,55285,45648764,201135,19326,68,83,35603524,11968,0,0,0
2026-04-30 00:21:23,131635671,54664,45667705,201211,19017,71,83,35615463,11939,0,0,0
2026-04-30 00:21:25,131686032,50361,45685150,201284,17518,82,83,35627455,11992,0,0,0
2026-04-30 00:21:26,131740758,54726,45704114,201379,19059,80,83,35651485,24030,0,0,0
2026-04-30 00:21:27,131792699,51941,45722133,201451,18091,81,83,35663488,12003,0,0,0
2026-04-30 00:21:28,131846763,54064,45740903,201534,18853,76,83,35675486,11998,0,0,0
2026-04-30 00:21:29,131901539,54776,45759907,201610,19080,76,83,35687523,12037,0,0,0
2026-04-30 00:21:30,131956173,54634,45778817,201683,18983,82,83,35699542,12019,0,0,0
2026-04-30 00:21:31,132009479,53306,45797388,201764,18652,81,83,35711533,11991,0,0,0
2026-04-30 00:21:33,132063222,53743,45816021,201834,18703,79,83,35735451,23918,0,0,0
2026-04-30 00:21:34,132115550,52328,45834150,201916,18211,77,83,35747441,11990,0,0,0
2026-04-30 00:21:35,132169543,53993,45852903,202003,18840,80,83,35759454,12013,0,0,0
2026-04-30 00:21:36,132224581,55038,45871980,202096,19170,79,83,35771516,12062,0,0,0
2026-04-30 00:21:37,132280306,55725,45891286,202191,19401,81,83,35783572,12056,0,0,0
2026-04-30 00:21:38,132334781,54475,45910194,202269,18986,71,83,35795623,12051,0,0,0
2026-04-30 00:21:39,132385897,51116,45927891,202362,17790,82,83,35807663,12040,0,0,0
2026-04-30 00:21:41,132434470,48573,45944746,202440,16933,71,83,35819694,12031,0,0,0
2026-04-30 00:21:42,132488236,53766,45963352,202526,18692,80,83,35843801,24107,0,0,0
2026-04-30 00:21:43,132539912,51676,45981319,202580,18021,74,83,35855868,12067,0,0,0
2026-04-30 00:21:44,132592534,52622,45999593,202665,18359,82,83,35867930,12062,0,0,0
2026-04-30 00:21:45,132644393,51859,46017592,202752,18086,82,83,35879989,12059,0,0,0
2026-04-30 00:21:46,132698769,54376,46036484,202831,18971,82,83,35892053,12064,0,0,0
2026-04-30 00:21:47,132750455,51686,46054435,202906,18026,82,83,35904126,12073,0,0,0
2026-04-30 00:21:49,132796860,46405,46070551,202978,16188,82,83,35916222,12096,0,0,0
2026-04-30 00:21:50,132842286,45426,46086261,203039,15771,76,83,35940388,24166,0,0,0
2026-04-30 00:21:51,132890405,48119,46102948,203122,16770,81,83,35952472,12084,0,0,0
2026-04-30 00:21:52,132939650,49245,46120006,203211,17147,78,83,35964550,12078,0,0,0
2026-04-30 00:21:53,132989683,50033,46137374,203294,17451,79,83,35976601,12051,0,0,0
2026-04-30 00:21:54,133037804,48121,46154093,203368,16793,82,83,35988640,12039,0,0,0
2026-04-30 00:21:55,133081980,44176,46169435,203427,15401,82,83,36000704,12064,0,0,0
2026-04-30 00:21:57,133126964,44984,46185076,203499,15713,82,83,36012793,12089,0,0,0
2026-04-30 00:21:58,133172321,45357,46200730,203579,15734,77,83,36036951,24158,0,0,0
2026-04-30 00:21:59,133221259,48938,46217712,203658,17061,81,83,36049017,12066,0,0,0
2026-04-30 00:22:00,133267946,46687,46233921,203728,16279,81,83,36061045,12028,0,0,0
2026-04-30 00:22:01,133317623,49677,46251158,203797,17306,81,83,36073047,12002,0,0,0
2026-04-30 00:22:02,133367558,49935,46268506,203864,17415,82,83,36085085,12038,0,0,0
2026-04-30 00:22:03,133412421,44863,46284058,203925,15613,80,83,36097175,12090,0,0,0
2026-04-30 00:22:04,133458211,45790,46299934,203993,15944,81,83,36109230,12055,0,0,0
2026-04-30 00:22:06,133503617,45406,46315648,204067,15788,76,83,36133261,24031,0,0,0
2026-04-30 00:22:07,133551469,47852,46332291,204139,16715,75,83,36145249,11988,0,0,0
2026-04-30 00:22:08,133599099,47630,46348784,204218,16572,78,83,36157236,11987,0,0,0
2026-04-30 00:22:09,133649099,50000,46366101,204305,17404,78,83,36169251,12015,0,0,0
2026-04-30 00:22:10,133698002,48903,46383051,204391,17036,68,83,36181281,12030,0,0,0
2026-04-30 00:22:11,133745919,47917,46399712,204463,16733,82,83,36193347,12066,0,0,0
2026-04-30 00:22:12,133790965,45046,46415343,204527,15695,82,83,36205210,11863,0,0,0
2026-04-30 00:22:14,133834597,43632,46430494,204591,15215,82,83,36217078,11868,0,0,0
2026-04-30 00:22:15,133878952,44355,46445902,204644,15461,64,83,36240871,23793,0,0,0
2026-04-30 00:22:16,133926889,47937,46462499,204710,16663,82,83,36252771,11900,0,0,0
2026-04-30 00:22:17,133973020,46131,46478552,204775,16118,78,83,36264673,11902,0,0,0
2026-04-30 00:22:18,134022889,49869,46495850,204842,17365,76,83,36276490,11817,0,0,0
2026-04-30 00:22:19,134072359,49470,46513054,204921,17283,82,83,36288296,11806,0,0,0
2026-04-30 00:22:20,134118053,45694,46528942,204995,15962,82,83,36300150,11854,0,0,0
2026-04-30 00:22:22,134166011,47958,46545527,205071,16661,82,83,36312015,11865,0,0,0
2026-04-30 00:22:23,134218065,52054,46563533,205162,18097,79,83,36335771,23756,0,0,0
2026-04-30 00:22:24,134269792,51727,46581509,205227,18041,82,83,36347647,11876,0,0,0
2026-04-30 00:22:25,134324015,54223,46600267,205332,18863,78,83,36359532,11885,0,0,0
2026-04-30 00:22:26,134380769,56754,46619935,205428,19764,81,83,36371413,11881,0,0,0
2026-04-30 00:22:27,134436367,55598,46639250,205505,19392,66,83,36383324,11911,0,0,0
2026-04-30 00:22:28,134491430,55063,46658364,205579,19188,65,83,36395209,11885,0,0,0
2026-04-30 00:22:30,134547265,55835,46677741,205653,19451,77,83,36419046,23837,0,0,0
2026-04-30 00:22:31,134600689,53424,46696275,205747,18628,82,83,36430979,11933,0,0,0
2026-04-30 00:22:32,134656913,56224,46715777,205832,19587,80,83,36442917,11938,0,0,0
2026-04-30 00:22:33,134713030,56117,46735264,205917,19572,79,83,36454901,11984,0,0,0
2026-04-30 00:22:34,134768979,55949,46754700,206024,19543,75,83,36466868,11967,0,0,0
2026-04-30 00:22:35,134824374,55395,46773926,206120,19322,77,83,36478864,11996,0,0,0
2026-04-30 00:22:36,134879973,55599,46793206,206199,19359,74,83,36490849,11985,0,0,0
2026-04-30 00:22:38,134936373,56400,46812737,206291,19623,80,83,36514872,24023,0,0,0
2026-04-30 00:22:39,134993666,57293,46832577,206376,19925,69,83,36526913,12041,0,0,0
2026-04-30 00:22:40,135050442,56776,46852263,206459,19769,81,83,36538942,12029,0,0,0
2026-04-30 00:22:41,135106717,56275,46871791,206552,19621,78,83,36550957,12015,0,0,0
2026-04-30 00:22:42,135162573,55856,46891160,206649,19466,82,83,36562971,12014,0,0,0
2026-04-30 00:22:43,135217794,55221,46910385,206718,19294,81,83,36575030,12059,0,0,0
2026-04-30 00:22:45,135273145,55351,46929576,206798,19271,82,83,36587146,12116,0,0,0
2026-04-30 00:22:46,135329653,56508,46949182,206887,19695,76,83,36611352,24206,0,0,0
2026-04-30 00:22:47,135384778,55125,46968302,206948,19181,75,83,36623432,12080,0,0,0
2026-04-30 00:22:48,135440616,55838,46987645,207029,19424,81,83,36635517,12085,0,0,0
2026-04-30 00:22:49,135494811,54195,47006430,207124,18880,81,83,36647633,12116,0,0,0
2026-04-30 00:22:50,135550267,55456,47025649,207215,19310,73,83,36659782,12149,0,0,0
2026-04-30 00:22:51,135604423,54156,47044462,207300,18898,82,83,36671934,12152,0,0,0
2026-04-30 00:22:53,135660105,55682,47063729,207387,19354,82,83,36696225,24291,0,0,0
2026-04-30 00:22:54,135715429,55324,47082947,207457,19288,75,83,36708344,12119,0,0,0
2026-04-30 00:22:55,135770233,54804,47101959,207553,19108,80,83,36720463,12119,0,0,0
2026-04-30 00:22:56,135825722,55489,47121268,207620,19376,80,83,36732583,12120,0,0,0
2026-04-30 00:22:57,135881350,55628,47140572,207707,19391,82,83,36744699,12116,0,0,0
2026-04-30 00:22:58,135936616,55266,47159812,207771,19304,82,83,36756822,12123,0,0,0
2026-04-30 00:22:59,135991166,54550,47178730,207844,18991,82,83,36768973,12151,0,0,0
2026-04-30 00:23:01,136045418,54252,47197557,207912,18895,70,83,36793398,24425,0,0,0
2026-04-30 00:23:02,136101402,55984,47216957,207988,19476,77,83,36805639,12241,0,0,0
2026-04-30 00:23:03,136155330,53928,47235651,208075,18781,82,83,36817866,12227,0,0,0
2026-04-30 00:23:04,136211561,56231,47255137,208163,19574,79,83,36830093,12227,0,0,0
2026-04-30 00:23:05,136266644,55083,47274277,208234,19211,80,83,36842325,12232,0,0,0
2026-04-30 00:23:06,136322517,55873,47293631,208313,19433,75,83,36854577,12252,0,0,0
2026-04-30 00:23:08,136378223,55706,47312943,208396,19395,72,83,36879168,24591,0,0,0
2026-04-30 00:23:09,136435463,57240,47332772,208492,19925,70,83,36891489,12321,0,0,0
2026-04-30 00:23:10,136491512,56049,47352213,208593,19542,79,83,36903827,12338,0,0,0
2026-04-30 00:23:11,136547751,56239,47371691,208680,19565,80,83,36916167,12340,0,0,0
2026-04-30 00:23:12,136603443,55692,47391023,208756,19408,77,83,36928716,12549,0,0,0
2026-04-30 00:23:13,136658481,55038,47410146,208847,19214,77,83,36941268,12552,0,0,0
2026-04-30 00:23:14,136711822,53341,47428630,208936,18573,74,83,36953820,12552,0,0,0
2026-04-30 00:23:16,136764975,53153,47447056,209020,18510,76,83,36978871,25051,0,0,0
2026-04-30 00:23:17,136820520,55545,47466310,209103,19337,81,83,36991420,12549,0,0,0
2026-04-30 00:23:18,136873625,53105,47484730,209188,18505,76,83,37003978,12558,0,0,0
2026-04-30 00:23:19,136926172,52547,47502928,209284,18294,82,83,37016582,12604,0,0,0
2026-04-30 00:23:20,136979095,52923,47521257,209379,18424,75,83,37029176,12594,0,0,0
2026-04-30 00:23:21,137027096,48001,47537967,209455,16786,82,83,37041779,12603,0,0,0
2026-04-30 00:23:22,137075215,48119,47554634,209540,16752,82,83,37054416,12637,0,0,0
2026-04-30 00:23:24,137123406,48191,47571334,209609,16769,82,83,37067049,12633,0,0,0
2026-04-30 00:23:25,137175133,51727,47589236,209674,17967,78,83,37092296,25247,0,0,0
2026-04-30 00:23:26,137226651,51518,47607123,209743,17956,77,83,37104886,12590,0,0,0
2026-04-30 00:23:27,137277856,51205,47624895,209808,17837,81,83,37117476,12590,0,0,0
2026-04-30 00:23:28,137329431,51575,47642764,209892,17953,76,83,37130148,12672,0,0,0
2026-04-30 00:23:29,137380185,50754,47660402,209975,17721,82,83,37142839,12691,0,0,0
2026-04-30 00:23:30,137428226,48041,47677068,210029,16720,82,83,37155533,12694,0,0,0
2026-04-30 00:23:32,137475398,47172,47693329,210100,16332,80,83,37168182,12649,0,0,0
2026-04-30 00:23:33,137521491,46093,47709365,210168,16104,69,83,37193434,25252,0,0,0
2026-04-30 00:23:34,137569730,48239,47726098,210243,16808,75,83,37206026,12592,0,0,0
2026-04-30 00:23:35,137620426,50696,47743672,210312,17643,76,83,37218614,12588,0,0,0
2026-04-30 00:23:36,137666081,45655,47759520,210375,15911,78,83,37231195,12581,0,0,0
2026-04-30 00:23:37,137714990,48909,47776510,210448,17063,80,83,37243794,12599,0,0,0
2026-04-30 00:23:38,137765627,50637,47794107,210527,17676,79,83,37256367,12573,0,0,0
2026-04-30 00:23:40,137820306,54679,47813074,210597,19037,79,83,37281498,25131,0,0,0
2026-04-30 00:23:41,137875978,55672,47832431,210693,19453,79,83,37294016,12518,0,0,0
2026-04-30 00:23:42,137932770,56792,47852071,210785,19732,79,83,37306516,12500,0,0,0
2026-04-30 00:23:43,137988414,55644,47871333,210870,19347,80,83,37318987,12471,0,0,0
2026-04-30 00:23:44,138043332,54918,47890376,210960,19133,78,83,37331553,12566,0,0,0
2026-04-30 00:23:45,138098936,55604,47909671,211047,19382,78,83,37344081,12528,0,0,0
2026-04-30 00:23:46,138153521,54585,47928591,211131,19004,74,83,37356578,12497,0,0,0
2026-04-30 00:23:48,138207889,54368,47947452,211211,18941,81,83,37381478,24900,0,0,0
2026-04-30 00:23:49,138262913,55024,47966581,211297,19215,74,83,37393965,12487,0,0,0
2026-04-30 00:23:50,138317649,54736,47985576,211368,19066,82,83,37406485,12520,0,0,0
2026-04-30 00:23:51,138370698,53049,48003971,211455,18482,75,83,37419013,12528,0,0,0
2026-04-30 00:23:52,138422373,51675,48021913,211522,18009,79,83,37431537,12524,0,0,0
2026-04-30 00:23:53,138473322,50949,48039623,211597,17785,79,83,37444037,12500,0,0,0
2026-04-30 00:23:54,138526350,53028,48058036,211672,18488,69,83,37456542,12505,0,0,0
2026-04-30 00:23:56,138582177,55827,48077407,211751,19450,81,83,37481557,25015,0,0,0
2026-04-30 00:23:57,138638524,56347,48096942,211841,19625,79,83,37494086,12529,0,0,0
2026-04-30 00:23:58,138694557,56033,48116420,211913,19550,79,83,37506547,12461,0,0,0
2026-04-30 00:23:59,138750588,56031,48135873,212001,19541,80,83,37519046,12499,0,0,0
2026-04-30 00:24:00,138806308,55720,48155200,212092,19418,79,83,37531536,12490,0,0,0
2026-04-30 00:24:01,138860970,54662,48174177,212175,19060,76,83,37544038,12502,0,0,0
2026-04-30 00:24:03,138915183,54213,48192961,212256,18865,78,83,37556516,12478,0,0,0
2026-04-30 00:24:04,138969979,54796,48211969,212332,19084,82,83,37581571,25055,0,0,0
2026-04-30 00:24:05,139025561,55582,48231252,212414,19365,63,83,37594081,12510,0,0,0
2026-04-30 00:24:06,139079723,54162,48250021,212499,18854,77,83,37606571,12490,0,0,0
2026-04-30 00:24:07,139135306,55583,48269281,212571,19332,82,83,37619046,12475,0,0,0
2026-04-30 00:24:08,139186612,51306,48287039,212662,17849,82,83,37631498,12452,0,0,0
2026-04-30 00:24:09,139236875,50263,48304519,212748,17566,80,83,37643951,12453,0,0,0
2026-04-30 00:24:11,139290811,53936,48323222,212816,18771,80,83,37656398,12447,0,0,0
2026-04-30 00:24:12,139347140,56329,48342766,212893,19621,78,83,37681366,24968,0,0,0
2026-04-30 00:24:13,139403382,56242,48362317,212981,19639,81,83,37693890,12524,0,0,0
2026-04-30 00:24:14,139459443,56061,48381784,213060,19546,72,83,37706433,12543,0,0,0
2026-04-30 00:24:15,139515269,55826,48401158,213137,19451,80,83,37718985,12552,0,0,0
2026-04-30 00:24:16,139571530,56261,48420712,213215,19632,68,83,37731521,12536,0,0,0
2026-04-30 00:24:17,139627141,55611,48440010,213305,19388,76,83,37744017,12496,0,0,0
2026-04-30 00:24:19,139682558,55417,48459272,213377,19334,82,83,37769054,25037,0,0,0
2026-04-30 00:24:20,139737556,54998,48478413,213454,19218,74,83,37781594,12540,0,0,0
2026-04-30 00:24:21,139793198,55642,48497733,213531,19397,78,83,37794119,12525,0,0,0
2026-04-30 00:24:23,139870438,77240,48524523,213647,26906,80,83,37806621,12502,0,0,0
2026-04-30 00:24:24,139926368,55930,48543959,213729,19518,77,83,37831574,24953,0,0,0
2026-04-30 00:24:25,139982722,56354,48563464,213823,19599,75,83,37844086,12512,0,0,0
2026-04-30 00:24:26,140038615,55893,48582861,213910,19484,80,83,37856636,12550,0,0,0
2026-04-30 00:24:27,140095085,56470,48602447,213999,19675,81,83,37869192,12556,0,0,0
2026-04-30 00:24:28,140150834,55749,48621786,214097,19437,82,83,37881755,12563,0,0,0
2026-04-30 00:24:29,140206044,55210,48640954,214177,19248,82,83,37894310,12555,0,0,0
2026-04-30 00:24:31,140261704,55660,48660167,214280,19316,80,83,37919338,25028,0,0,0
2026-04-30 00:24:32,140317215,55511,48679444,214374,19371,80,83,37931868,12530,0,0,0
2026-04-30 00:24:33,140373536,56321,48698975,214466,19623,81,83,37944427,12559,0,0,0
2026-04-30 00:24:34,140428780,55244,48718178,214543,19280,80,83,37957035,12608,0,0,0
2026-04-30 00:24:35,140485297,56517,48737754,214635,19668,74,83,37969626,12591,0,0,0
2026-04-30 00:24:36,140538044,52747,48756056,214716,18383,78,83,37982197,12571,0,0,0
2026-04-30 00:24:37,140593557,55513,48775332,214803,19363,72,83,37994765,12568,0,0,0
2026-04-30 00:24:39,140648777,55220,48794511,214894,19270,82,83,38019895,25130,0,0,0
2026-04-30 00:24:40,140705456,56679,48814174,214979,19748,74,83,38032435,12540,0,0,0
2026-04-30 00:24:41,140762014,56558,48833795,215064,19706,77,83,38044957,12522,0,0,0
2026-04-30 00:24:42,140818855,56841,48853489,215137,19767,67,83,38057587,12630,0,0,0
2026-04-30 00:24:43,140875207,56352,48873030,215222,19626,81,83,38070184,12597,0,0,0
2026-04-30 00:24:44,140930871,55664,48892340,215326,19414,77,83,38082818,12634,0,0,0
2026-04-30 00:24:46,140987444,56573,48911953,215415,19702,82,83,38095452,12634,0,0,0
2026-04-30 00:24:47,141043346,55902,48931302,215507,19441,79,83,38120654,25202,0,0,0
2026-04-30 00:24:48,141099125,55779,48950647,215613,19451,79,83,38133200,12546,0,0,0
2026-04-30 00:24:49,141155841,56716,48970366,215692,19798,73,83,38145756,12556,0,0,0
2026-04-30 00:24:50,141212479,56638,48989972,215794,19708,77,83,38158302,12546,0,0,0
2026-04-30 00:24:51,141268355,55876,49009369,215877,19480,78,83,38170857,12555,0,0,0
2026-04-30 00:24:52,141324130,55775,49028726,215945,19425,82,83,38183367,12510,0,0,0
2026-04-30 00:24:54,141379885,55755,49048080,216033,19442,82,83,38208353,24986,0,0,0
2026-04-30 00:24:55,141435807,55922,49067455,216121,19463,79,83,38220852,12499,0,0,0
2026-04-30 00:24:56,141492219,56412,49087045,216206,19675,82,83,38233346,12494,0,0,0
2026-04-30 00:24:57,141549031,56812,49106732,216288,19769,77,83,38245847,12501,0,0,0
2026-04-30 00:24:58,141604644,55613,49126035,216371,19386,77,83,38258362,12515,0,0,0
2026-04-30 00:24:59,141660702,56058,49145489,216433,19516,79,83,38270892,12530,0,0,0
2026-04-30 00:25:00,141716283,55581,49164787,216521,19386,82,83,38283432,12540,0,0,0
2026-04-30 00:25:02,141772114,55831,49184137,216600,19429,72,83,38308527,25095,0,0,0
2026-04-30 00:25:03,141829041,56927,49203841,216677,19781,81,83,38321062,12535,0,0,0
2026-04-30 00:25:04,141884491,55450,49223109,216763,19354,81,83,38333554,12492,0,0,0
2026-04-30 00:25:05,141940037,55546,49242404,216848,19380,78,83,38346057,12503,0,0,0
2026-04-30 00:25:06,141995272,55235,49261559,216928,19235,79,83,38358549,12492,0,0,0
2026-04-30 00:25:07,142050769,55497,49280811,217024,19348,79,83,38371059,12510,0,0,0
2026-04-30 00:25:08,142104619,53850,49299487,217108,18760,82,83,38383536,12477,0,0,0
2026-04-30 00:25:10,142154210,49591,49316630,217192,17227,75,83,38408502,24966,0,0,0
2026-04-30 00:25:11,142208652,54442,49335542,217267,18987,75,83,38420966,12464,0,0,0
2026-04-30 00:25:12,142264096,55444,49354760,217352,19303,74,83,38433462,12496,0,0,0
2026-04-30 00:25:13,142318286,54190,49373535,217440,18863,82,83,38445987,12525,0,0,0
2026-04-30 00:25:14,142371598,53312,49392045,217532,18602,80,83,38458532,12545,0,0,0
2026-04-30 00:25:15,142422995,51397,49409874,217620,17917,82,83,38471034,12502,0,0,0
2026-04-30 00:25:17,142473697,50702,49427434,217705,17645,82,83,38483501,12467,0,0,0
2026-04-30 00:25:18,142524788,51091,49445091,217784,17736,75,83,38508356,24855,0,0,0
2026-04-30 00:25:19,142578077,53289,49463523,217862,18510,74,83,38520791,12435,0,0,0
2026-04-30 00:25:20,142630777,52700,49481783,217940,18338,80,83,38533242,12451,0,0,0
2026-04-30 00:25:21,142682841,52064,49499894,218015,18186,82,83,38545692,12450,0,0,0
2026-04-30 00:25:22,142734477,51636,49517740,218107,17938,72,83,38558122,12430,0,0,0
2026-04-30 00:25:23,142786311,51834,49535726,218180,18059,82,83,38570546,12424,0,0,0
2026-04-30 00:25:24,142832439,46128,49551709,218257,16060,82,83,38582971,12425,0,0,0
2026-04-30 00:25:26,142874580,42141,49566374,218323,14731,82,83,38595383,12412,0,0,0
2026-04-30 00:25:27,142913513,38933,49579815,218392,13510,81,83,38620239,24856,0,0,0
2026-04-30 00:25:28,142961230,47717,49596384,218452,16629,80,83,38632651,12412,0,0,0
2026-04-30 00:25:29,143010710,49480,49613538,218539,17241,69,83,38644997,12346,0,0,0
2026-04-30 00:25:30,143059845,49135,49630553,218607,17083,77,83,38657341,12344,0,0,0
2026-04-30 00:25:31,143106700,46855,49646856,218679,16375,82,83,38669730,12389,0,0,0
2026-04-30 00:25:32,143154123,47423,49663322,218747,16534,82,83,38682135,12405,0,0,0
2026-04-30 00:25:34,143199927,45804,49679171,218813,15915,82,83,38694520,12385,0,0,0
2026-04-30 00:25:35,143244955,45028,49694799,218882,15697,76,83,38719202,24682,0,0,0
2026-04-30 00:25:36,143294672,49717,49712027,218963,17309,76,83,38731512,12310,0,0,0
2026-04-30 00:25:37,143345779,51107,49729726,219045,17781,76,83,38743811,12299,0,0,0
2026-04-30 00:25:38,143395271,49492,49746910,219129,17268,79,83,38756093,12282,0,0,0
2026-04-30 00:25:39,143444915,49644,49764144,219217,17322,82,83,38768396,12303,0,0,0
2026-04-30 00:25:40,143490417,45502,49779955,219291,15885,82,83,38780735,12339,0,0,0
2026-04-30 00:25:42,143534414,43997,49795254,219358,15366,82,83,38793078,12343,0,0,0
2026-04-30 00:25:43,143578153,43739,49810372,219434,15194,75,83,38805230,12152,0,0,0
2026-04-30 00:25:44,143627305,49152,49827438,219527,17159,71,83,38829502,24272,0,0,0
2026-04-30 00:25:45,143677238,49933,49844763,219609,17407,79,83,38841564,12062,0,0,0
2026-04-30 00:25:46,143728354,51116,49862465,219693,17786,78,83,38853619,12055,0,0,0
2026-04-30 00:25:47,143780032,51678,49880381,219778,18001,76,83,38865700,12081,0,0,0
2026-04-30 00:25:48,143828302,48270,49897152,219855,16848,82,83,38877766,12066,0,0,0
2026-04-30 00:25:49,143873201,44899,49912711,219924,15628,82,83,38889889,12123,0,0,0
2026-04-30 00:25:51,143920225,47024,49929024,219991,16380,81,83,38901993,12104,0,0,0
2026-04-30 00:25:52,143973573,53348,49947485,220068,18538,69,83,38926168,24175,0,0,0
2026-04-30 00:25:53,144028136,54563,49966394,220154,18995,82,83,38938271,12103,0,0,0
2026-04-30 00:25:54,144082614,54478,49985274,220231,18957,76,83,38950390,12119,0,0,0
2026-04-30 00:25:55,144138609,55995,50004689,220325,19509,75,83,38962492,12102,0,0,0
2026-04-30 00:25:56,144193629,55020,50023771,220418,19175,80,83,38974605,12113,0,0,0
2026-04-30 00:25:57,144246992,53363,50042256,220506,18573,80,83,38986706,12101,0,0,0
2026-04-30 00:25:59,144299986,52994,50060651,220588,18477,66,83,39010924,24218,0,0,0
2026-04-30 00:26:00,144355259,55273,50079842,220660,19263,79,83,39023027,12103,0,0,0
2026-04-30 00:26:01,144411506,56247,50099331,220752,19581,82,83,39035117,12090,0,0,0
2026-04-30 00:26:02,144466579,55073,50118504,220829,19250,51,83,39047178,12061,0,0,0
2026-04-30 00:26:03,144522002,55423,50137735,220913,19315,80,83,39059248,12070,0,0,0
2026-04-30 00:26:04,144577188,55186,50156919,221002,19273,80,83,39071297,12049,0,0,0
2026-04-30 00:26:05,144633265,56077,50176333,221083,19495,82,83,39083391,12094,0,0,0
2026-04-30 00:26:07,144689069,55804,50195697,221162,19443,82,83,39107571,24180,0,0,0
2026-04-30 00:26:08,144745315,56246,50215205,221246,19592,78,83,39119686,12115,0,0,0
2026-04-30 00:26:09,144801023,55708,50234561,221322,19432,80,83,39131800,12114,0,0,0
2026-04-30 00:26:10,144855620,54597,50253550,221402,19069,82,83,39143903,12103,0,0,0
2026-04-30 00:26:11,144911540,55920,50272942,221482,19472,82,83,39156038,12135,0,0,0
2026-04-30 00:26:12,144967294,55754,50292274,221563,19413,73,83,39168124,12086,0,0,0
2026-04-30 00:26:14,145022369,55075,50311407,221646,19216,82,83,39180212,12088,0,0,0
2026-04-30 00:26:15,145078247,55878,50330815,221712,19474,82,83,39204417,24205,0,0,0
2026-04-30 00:26:16,145134541,56294,50350371,221795,19639,82,83,39216556,12139,0,0,0
2026-04-30 00:26:17,145190337,55796,50369721,221888,19443,81,83,39228716,12160,0,0,0
2026-04-30 00:26:18,145246268,55931,50389135,221976,19502,81,83,39240899,12183,0,0,0
2026-04-30 00:26:19,145301822,55554,50408432,222052,19373,81,83,39253057,12158,0,0,0
2026-04-30 00:26:20,145357177,55355,50427641,222125,19282,71,83,39265234,12177,0,0,0
2026-04-30 00:26:22,145412440,55263,50446808,222210,19252,80,83,39277407,12173,0,0,0
2026-04-30 00:26:23,145468033,55593,50466091,222300,19373,77,83,39301884,24477,0,0,0
2026-04-30 00:26:24,145523552,55519,50485354,222392,19355,76,83,39314150,12266,0,0,0
2026-04-30 00:26:25,145579201,55649,50504688,222467,19409,79,83,39326409,12259,0,0,0
2026-04-30 00:26:26,145634014,54813,50523701,222553,19099,72,83,39338650,12241,0,0,0
2026-04-30 00:26:27,145689902,55888,50543118,222630,19494,82,83,39350900,12250,0,0,0
2026-04-30 00:26:28,145745212,55310,50562294,222702,19248,82,83,39363139,12239,0,0,0
2026-04-30 00:26:30,145795202,49990,50579645,222777,17426,82,83,39375396,12257,0,0,0
2026-04-30 00:26:31,145850767,55565,50598864,222874,19316,79,83,39399990,24594,0,0,0
2026-04-30 00:26:32,145906398,55631,50618189,222946,19397,74,83,39412303,12313,0,0,0
2026-04-30 00:26:33,145960640,54242,50636998,223043,18906,71,83,39424596,12293,0,0,0
2026-04-30 00:26:34,146015750,55110,50656137,223107,19203,80,83,39436875,12279,0,0,0
2026-04-30 00:26:35,146069736,53986,50674872,223167,18795,80,83,39449139,12264,0,0,0
2026-04-30 00:26:36,146120861,51125,50692607,223243,17811,82,83,39461398,12259,0,0,0
2026-04-30 00:26:38,146169775,48914,50709535,223320,17005,80,83,39473676,12278,0,0,0
2026-04-30 00:26:39,146220086,50311,50726980,223398,17523,82,83,39498378,24702,0,0,0
2026-04-30 00:26:40,146271368,51282,50744767,223483,17872,69,83,39510722,12344,0,0,0
2026-04-30 00:26:41,146323858,52490,50762953,223564,18267,79,83,39523057,12335,0,0,0
2026-04-30 00:26:42,146375245,51387,50780797,223641,17921,79,83,39535466,12409,0,0,0
2026-04-30 00:26:43,146425517,50272,50798263,223719,17544,67,83,39547892,12426,0,0,0
2026-04-30 00:26:44,146469447,43930,50813485,223788,15291,81,83,39560325,12433,0,0,0
2026-04-30 00:26:46,146511845,42398,50828244,223854,14825,82,83,39572732,12407,0,0,0
2026-04-30 00:26:47,146556310,44465,50843627,223930,15459,82,83,39597557,24825,0,0,0
2026-04-30 00:26:48,146606480,50170,50861058,224006,17507,81,83,39609939,12382,0,0,0
2026-04-30 00:26:49,146654797,48317,50877848,224084,16868,79,83,39622303,12364,0,0,0
2026-04-30 00:26:50,146705826,51029,50895536,224161,17765,82,83,39634672,12369,0,0,0
2026-04-30 00:26:51,146756300,50474,50913073,224239,17615,75,83,39647021,12349,0,0,0
2026-04-30 00:26:52,146803446,47146,50929486,224310,16484,79,83,39659354,12333,0,0,0
2026-04-30 00:26:53,146847292,43846,50944701,224391,15296,75,83,39671697,12343,0,0,0
2026-04-30 00:26:55,146897497,50205,50962072,224466,17446,80,83,39696338,24641,0,0,0
2026-04-30 00:26:56,146953339,55842,50981484,224528,19474,82,83,39708592,12254,0,0,0
2026-04-30 00:26:57,147008155,54816,51000461,224618,19067,81,83,39720899,12307,0,0,0
2026-04-30 00:26:58,147063448,55293,51019646,224692,19259,80,83,39733171,12272,0,0,0
2026-04-30 00:26:59,147119417,55969,51039077,224790,19529,73,83,39745460,12289,0,0,0
2026-04-30 00:27:00,147175120,55703,51058411,224868,19412,82,83,39757771,12311,0,0,0
2026-04-30 00:27:01,147230583,55463,51077641,224950,19312,82,83,39770076,12305,0,0,0
2026-04-30 00:27:03,147287138,56555,51097230,225034,19673,79,83,39794658,24582,0,0,0
2026-04-30 00:27:04,147343733,56595,51116829,225112,19677,82,83,39806901,12243,0,0,0
2026-04-30 00:27:05,147399211,55478,51136082,225206,19347,79,83,39819142,12241,0,0,0
2026-04-30 00:27:06,147455368,56157,51155564,225293,19569,80,83,39831377,12235,0,0,0
2026-04-30 00:27:07,147511481,56113,51175021,225373,19537,80,83,39843617,12240,0,0,0
2026-04-30 00:27:08,147566289,54808,51194059,225461,19126,80,83,39855854,12237,0,0,0
2026-04-30 00:27:10,147621946,55657,51213388,225552,19420,70,83,39868128,12274,0,0,0
2026-04-30 00:27:11,147675975,54029,51232110,225658,18828,78,83,39892697,24569,0,0,0
2026-04-30 00:27:12,147732308,56333,51251644,225737,19613,78,83,39904935,12238,0,0,0
2026-04-30 00:27:13,147785406,53098,51270049,225813,18481,78,83,39917139,12204,0,0,0
2026-04-30 00:27:14,147841688,56282,51289587,225894,19619,77,83,39929328,12189,0,0,0
2026-04-30 00:27:15,147898190,56502,51309170,225965,19654,77,83,39941529,12201,0,0,0
2026-04-30 00:27:16,147953405,55215,51328374,226049,19288,81,83,39953700,12171,0,0,0
2026-04-30 00:27:18,148008584,55179,51347541,226112,19230,82,83,39978082,24382,0,0,0
2026-04-30 00:27:19,148065537,56953,51367261,226194,19802,80,83,39990305,12223,0,0,0
2026-04-30 00:27:20,148121343,55806,51386646,226278,19469,71,83,40002516,12211,0,0,0
2026-04-30 00:27:21,148177575,56232,51406171,226350,19597,65,83,40014689,12173,0,0,0
2026-04-30 00:27:22,148233481,55906,51425537,226442,19458,81,83,40026893,12204,0,0,0
2026-04-30 00:27:23,148287811,54330,51444392,226523,18936,82,83,40039123,12230,0,0,0
2026-04-30 00:27:25,148342411,54600,51463353,226603,19041,81,83,40051340,12217,0,0,0
2026-04-30 00:27:26,148397018,54607,51482223,226704,18971,77,83,40075795,24455,0,0,0
2026-04-30 00:27:27,148449603,52585,51500485,226764,18322,80,83,40087993,12198,0,0,0
2026-04-30 00:27:28,148501144,51541,51518375,226846,17972,78,83,40100195,12202,0,0,0
2026-04-30 00:27:29,148552072,50928,51536037,226929,17745,79,83,40112416,12221,0,0,0
2026-04-30 00:27:30,148603801,51729,51554008,227007,18049,80,83,40124632,12216,0,0,0
2026-04-30 00:27:31,148654554,50753,51571664,227081,17730,65,83,40136847,12215,0,0,0
2026-04-30 00:27:32,148703798,49244,51588740,227156,17151,82,83,40149063,12216,0,0,0
2026-04-30 00:27:34,148755088,51290,51606464,227244,17812,72,83,40173426,24363,0,0,0
2026-04-30 00:27:35,148806900,51812,51624432,227325,18049,75,83,40185600,12174,0,0,0
2026-04-30 00:27:36,148856087,49187,51641503,227395,17141,80,83,40197781,12181,0,0,0
2026-04-30 00:27:37,148907726,51639,51659420,227478,18000,81,83,40209947,12166,0,0,0
2026-04-30 00:27:38,148959755,52029,51677501,227548,18151,75,83,40222139,12192,0,0,0
2026-04-30 00:27:39,149012555,52800,51695852,227629,18432,71,83,40234304,12165,0,0,0
2026-04-30 00:27:41,149067345,54790,51714848,227715,19082,82,83,40246507,12203,0,0,0
2026-04-30 00:27:42,149122772,55427,51734114,227798,19349,71,83,40270983,24476,0,0,0
2026-04-30 00:27:43,149179230,56458,51753692,227880,19660,78,83,40283202,12219,0,0,0
2026-04-30 00:27:44,149234708,55478,51772916,227956,19300,78,83,40295443,12241,0,0,0
2026-04-30 00:27:45,149288291,53583,51791475,228037,18640,78,83,40307693,12250,0,0,0
2026-04-30 00:27:46,149341819,53528,51810048,228109,18645,72,83,40320013,12320,0,0,0
2026-04-30 00:27:47,149396637,54818,51829102,228189,19134,81,83,40332336,12323,0,0,0
2026-04-30 00:27:49,149451083,54446,51848036,228271,19016,80,83,40344670,12334,0,0,0
2026-04-30 00:27:50,149503416,52333,51866177,228367,18237,75,83,40369311,24641,0,0,0
2026-04-30 00:27:51,149556853,53437,51884722,228449,18627,82,83,40381601,12290,0,0,0
2026-04-30 00:27:52,149610976,54123,51903509,228534,18872,76,83,40393931,12330,0,0,0
2026-04-30 00:27:53,149664485,53509,51922052,228610,18619,80,83,40406256,12325,0,0,0
2026-04-30 00:27:54,149718697,54212,51940907,228679,18924,73,83,40418606,12350,0,0,0
2026-04-30 00:27:55,149772230,53533,51959534,228742,18690,82,83,40430962,12356,0,0,0
2026-04-30 00:27:57,149826239,54009,51978236,228820,18780,81,83,40455752,24790,0,0,0
2026-04-30 00:27:58,149882054,55815,51997590,228911,19445,81,83,40468128,12376,0,0,0
2026-04-30 00:27:59,149937911,55857,52016947,229007,19453,79,83,40480493,12365,0,0,0
2026-04-30 00:28:00,149993212,55301,52036116,229094,19256,81,83,40492838,12345,0,0,0
2026-04-30 00:28:01,150047752,54540,52055026,229179,18995,79,83,40505216,12378,0,0,0
2026-04-30 00:28:02,150103298,55546,52074287,229264,19346,75,83,40517629,12413,0,0,0
2026-04-30 00:28:03,150158646,55348,52093480,229360,19289,75,83,40530051,12422,0,0,0
2026-04-30 00:28:05,150214426,55780,52112812,229455,19427,76,83,40554826,24775,0,0,0
2026-04-30 00:28:06,150270805,56379,52132351,229539,19623,80,83,40567156,12330,0,0,0
2026-04-30 00:28:07,150326982,56177,52151832,229623,19565,74,83,40579463,12307,0,0,0
2026-04-30 00:28:08,150382950,55968,52171249,229710,19504,81,83,40591815,12352,0,0,0
2026-04-30 00:28:09,150439346,56396,52190823,229799,19663,77,83,40604230,12415,0,0,0
2026-04-30 00:28:10,150494740,55394,52210019,229895,19292,77,83,40616661,12431,0,0,0
2026-04-30 00:28:11,150550341,55601,52229302,229983,19371,79,83,40629100,12439,0,0,0
2026-04-30 00:28:13,150606176,55835,52248622,230073,19410,77,83,40653941,24841,0,0,0
2026-04-30 00:28:14,150662064,55888,52268003,230149,19457,80,83,40666376,12435,0,0,0
2026-04-30 00:28:15,150717485,55421,52287201,230253,19302,78,83,40678819,12443,0,0,0
2026-04-30 00:28:16,150769015,51530,52305078,230336,17960,77,83,40691287,12468,0,0,0
2026-04-30 00:28:17,150821358,52343,52323239,230418,18243,77,83,40703713,12426,0,0,0
2026-04-30 00:28:18,150872578,51220,52341089,230491,17923,80,83,40716131,12418,0,0,0
2026-04-30 00:28:20,150921257,48679,52358009,230563,16992,81,83,40728521,12390,0,0,0
2026-04-30 00:28:21,150969006,47749,52374542,230643,16613,77,83,40753332,24811,0,0,0
2026-04-30 00:28:22,151022944,53938,52393231,230717,18763,78,83,40765716,12384,0,0,0
2026-04-30 00:28:23,151073256,50312,52410753,230780,17585,70,83,40778126,12410,0,0,0
2026-04-30 00:28:24,151125235,51979,52428802,230855,18124,82,83,40790575,12449,0,0,0
2026-04-30 00:28:25,151176736,51501,52446683,230929,17955,78,83,40803051,12476,0,0,0
2026-04-30 00:28:26,151226458,49722,52463954,231001,17343,82,83,40815504,12453,0,0,0
2026-04-30 00:28:27,151274502,48044,52480680,231073,16798,53,83,40827909,12405,0,0,0
2026-04-30 00:28:29,151324873,50371,52498077,231172,17496,82,83,40852707,24798,0,0,0
2026-04-30 00:28:30,151376762,51889,52516044,231253,18048,80,83,40865096,12389,0,0,0
2026-04-30 00:28:31,151425297,48535,52532869,231334,16906,75,83,40877514,12418,0,0,0
2026-04-30 00:28:32,151475323,50026,52550222,231417,17436,81,83,40889902,12388,0,0,0
2026-04-30 00:28:33,151526666,51343,52568019,231495,17875,77,83,40902293,12391,0,0,0
2026-04-30 00:28:34,151576128,49462,52585207,231566,17259,82,83,40914657,12364,0,0,0
2026-04-30 00:28:35,151624417,48289,52601922,231661,16810,82,83,40927029,12372,0,0,0
2026-04-30 00:28:37,151673544,49127,52618935,231740,17092,77,83,40951750,24721,0,0,0
2026-04-30 00:28:38,151725209,51665,52636827,231803,17955,78,83,40964127,12377,0,0,0
2026-04-30 00:28:39,151779296,54087,52655555,231882,18807,81,83,40976484,12357,0,0,0
2026-04-30 00:28:40,151833014,53718,52674207,231967,18737,76,83,40988834,12350,0,0,0
2026-04-30 00:28:41,151888290,55276,52693430,232037,19293,74,83,41001156,12322,0,0,0
2026-04-30 00:28:42,151943096,54806,52712454,232124,19111,81,83,41013416,12260,0,0,0
2026-04-30 00:28:44,151998410,55314,52731572,232205,19199,80,83,41025658,12242,0,0,0
2026-04-30 00:28:45,152053530,55120,52750747,232279,19249,67,83,41050178,24520,0,0,0
2026-04-30 00:28:46,152110913,57383,52770589,232360,19923,82,83,41062424,12246,0,0,0
2026-04-30 00:28:47,152167187,56274,52790079,232456,19586,81,83,41074669,12245,0,0,0
2026-04-30 00:28:48,152221095,53908,52808803,232524,18792,74,83,41086933,12264,0,0,0
2026-04-30 00:28:49,152276479,55384,52828041,232598,19312,81,83,41099206,12273,0,0,0
2026-04-30 00:28:50,152330187,53708,52846699,232697,18757,79,83,41111458,12252,0,0,0
2026-04-30 00:28:52,152382425,52238,52864799,232783,18186,82,83,41123701,12243,0,0,0
2026-04-30 00:28:53,152437597,55172,52883920,232858,19196,75,83,41148162,24461,0,0,0
2026-04-30 00:28:54,152494582,56985,52903665,232948,19835,75,83,41160417,12255,0,0,0
2026-04-30 00:28:55,152550484,55902,52923056,233036,19479,80,83,41172688,12271,0,0,0
2026-04-30 00:28:56,152605524,55040,52942195,233119,19222,80,83,41184919,12231,0,0,0
2026-04-30 00:28:57,152661567,56043,52961610,233203,19499,82,83,41197100,12181,0,0,0
2026-04-30 00:28:58,152715531,53964,52980379,233292,18858,73,83,41209331,12231,0,0,0
2026-04-30 00:29:00,152769863,54332,52999246,233371,18946,76,83,41221601,12270,0,0,0
2026-04-30 00:29:01,152824617,54754,53018249,233452,19084,80,83,41246248,24647,0,0,0
2026-04-30 00:29:02,152879404,54787,53037291,233519,19109,76,83,41258527,12279,0,0,0
2026-04-30 00:29:03,152933179,53775,53055896,233604,18690,81,83,41270787,12260,0,0,0
2026-04-30 00:29:04,152987825,54646,53074853,233692,19045,82,83,41283047,12260,0,0,0
2026-04-30 00:29:05,153043465,55640,53094160,233786,19401,82,83,41295364,12317,0,0,0
2026-04-30 00:29:06,153098445,54980,53113183,233869,19106,70,83,41307640,12276,0,0,0
2026-04-30 00:29:08,153153644,55199,53132327,233964,19239,72,83,41332198,24558,0,0,0
2026-04-30 00:29:09,153209808,56164,53151804,234065,19578,78,83,41344511,12313,0,0,0
2026-04-30 00:29:10,153266315,56507,53171377,234144,19652,81,83,41356855,12344,0,0,0
2026-04-30 00:29:11,153321398,55083,53190535,234225,19239,69,83,41369161,12306,0,0,0
2026-04-30 00:29:12,153377259,55861,53209926,234308,19474,79,83,41381539,12378,0,0,0
2026-04-30 00:29:13,153432621,55362,53229145,234392,19303,82,83,41393890,12351,0,0,0
2026-04-30 00:29:14,153487514,54893,53248215,234493,19171,81,83,41406207,12317,0,0,0
2026-04-30 00:29:16,153543336,55822,53267557,234576,19425,77,83,41430887,24680,0,0,0
2026-04-30 00:29:17,153599253,55917,53286961,234666,19494,79,83,41443237,12350,0,0,0
2026-04-30 00:29:18,153654889,55636,53306307,234746,19426,77,83,41455564,12327,0,0,0
2026-04-30 00:29:19,153710992,56103,53325733,234842,19522,77,83,41467865,12301,0,0,0
2026-04-30 00:29:20,153766308,55316,53344949,234921,19295,80,83,41480199,12334,0,0,0
2026-04-30 00:29:21,153821379,55071,53364040,235000,19170,74,83,41492536,12337,0,0,0
2026-04-30 00:29:22,153871836,50457,53381578,235075,17613,80,83,41504880,12344,0,0,0
2026-04-30 00:29:24,153927014,55178,53400730,235164,19241,82,83,41529519,24639,0,0,0
2026-04-30 00:29:25,153983689,56675,53420352,235252,19710,82,83,41541830,12311,0,0,0
2026-04-30 00:29:26,154039940,56251,53439867,235338,19601,82,83,41554113,12283,0,0,0
2026-04-30 00:29:27,154096192,56252,53459384,235426,19605,80,83,41566406,12293,0,0,0
2026-04-30 00:29:28,154151516,55324,53478634,235505,19329,80,83,41578649,12243,0,0,0
2026-04-30 00:29:29,154206017,54501,53497589,235577,19027,68,83,41590908,12259,0,0,0
2026-04-30 00:29:31,154260806,54789,53516567,235651,19052,82,83,41603198,12290,0,0,0
2026-04-30 00:29:32,154316002,55196,53535698,235752,19232,81,83,41627846,24648,0,0,0
2026-04-30 00:29:33,154371518,55516,53554947,235831,19328,79,83,41640180,12334,0,0,0
2026-04-30 00:29:34,154424910,53392,53573463,235922,18607,82,83,41652503,12323,0,0,0
2026-04-30 00:29:35,154478482,53572,53592046,236017,18678,75,83,41664819,12316,0,0,0
2026-04-30 00:29:36,154534094,55612,53611338,236100,19375,82,83,41677135,12316,0,0,0
2026-04-30 00:29:37,154583366,49272,53628509,236174,17245,82,83,41689467,12332,0,0,0
2026-04-30 00:29:39,154629568,46202,53644503,236250,16070,82,83,41701814,12347,0,0,0
2026-04-30 00:29:40,154676973,47405,53660899,236320,16466,79,83,41726549,24735,0,0,0
2026-04-30 00:29:41,154728957,51984,53678938,236416,18135,81,83,41738915,12366,0,0,0
2026-04-30 00:29:42,154781018,52061,53696993,236513,18152,68,83,41751312,12397,0,0,0
2026-04-30 00:29:43,154833311,52293,53715133,236590,18217,80,83,41763758,12446,0,0,0
2026-04-30 00:29:44,154883965,50654,53732687,236668,17632,80,83,41776223,12465,0,0,0
2026-04-30 00:29:45,154931124,47159,53749098,236731,16474,82,83,41788684,12461,0,0,0
2026-04-30 00:29:46,154978752,47628,53765621,236799,16591,82,83,41801120,12436,0,0,0
2026-04-30 00:29:48,155026314,47562,53782127,236857,16564,73,83,41825944,24824,0,0,0
2026-04-30 00:29:49,155074414,48100,53798826,236938,16780,82,83,41838321,12377,0,0,0
2026-04-30 00:29:50,155125925,51511,53816701,237014,17951,82,83,41850672,12351,0,0,0
2026-04-30 00:29:51,155173641,47716,53833283,237086,16654,75,83,41863051,12379,0,0,0
2026-04-30 00:29:52,155225284,51643,53851160,237164,17955,79,83,41875467,12416,0,0,0
2026-04-30 00:29:53,155272045,46761,53867452,237232,16360,82,83,41887927,12460,0,0,0
2026-04-30 00:29:54,155316045,44000,53882679,237296,15291,82,83,41900379,12452,0,0,0
2026-04-30 00:29:56,155365119,49074,53899653,237374,17052,82,83,41925295,24916,0,0,0
2026-04-30 00:29:57,155417521,52402,53917839,237458,18270,74,83,41937719,12424,0,0,0
2026-04-30 00:29:58,155469916,52395,53935981,237550,18234,80,83,41950144,12425,0,0,0
2026-04-30 00:29:59,155522243,52327,53954127,237639,18235,82,83,41962599,12455,0,0,0
2026-04-30 00:30:00,155575389,53146,53972542,237724,18500,75,83,41975091,12492,0,0,0
2026-04-30 00:30:01,155627349,51960,53990605,237786,18125,67,83,41987582,12491,0,0,0
2026-04-30 00:30:02,155676123,48774,54007534,237868,17011,80,83,42000057,12475,0,0,0
2026-04-30 00:30:04,155724841,48718,54024410,237942,16950,77,83,42025017,24960,0,0,0
2026-04-30 00:30:05,155775639,50798,54042016,238009,17673,79,83,42037554,12537,0,0,0
2026-04-30 00:30:06,155828823,53184,54060445,238097,18517,78,83,42050092,12538,0,0,0
2026-04-30 00:30:07,155878304,49481,54077631,238167,17256,79,83,42062649,12557,0,0,0
2026-04-30 00:30:08,155932365,54061,54096370,238255,18827,78,83,42075196,12547,0,0,0
2026-04-30 00:30:09,155986789,54424,54115233,238340,18948,81,83,42087764,12568,0,0,0
2026-04-30 00:30:10,156037339,50550,54132818,238411,17656,82,83,42100279,12515,0,0,0
2026-04-30 00:30:12,156091765,54426,54151695,238500,18966,74,83,42125194,24915,0,0,0
2026-04-30 00:30:13,156147268,55503,54170947,238568,19320,75,83,42137597,12403,0,0,0
2026-04-30 00:30:14,156203248,55980,54190369,238666,19520,78,83,42149991,12394,0,0,0
2026-04-30 00:30:15,156258794,55546,54209660,238742,19367,77,83,42162410,12419,0,0,0
2026-04-30 00:30:16,156314427,55633,54228966,238835,19399,75,83,42174798,12388,0,0,0
2026-04-30 00:30:17,156369183,54756,54247979,238922,19100,76,83,42187192,12394,0,0,0
2026-04-30 00:30:19,156419132,49949,54265345,239000,17444,82,83,42199519,12327,0,0,0
2026-04-30 00:30:20,156472314,53182,54283787,239079,18521,77,83,42224196,24677,0,0,0
2026-04-30 00:30:21,156526895,54581,54302734,239155,19023,76,83,42236530,12334,0,0,0
2026-04-30 00:30:22,156576133,49238,54319810,239233,17154,80,83,42248843,12313,0,0,0
2026-04-30 00:30:23,156629712,53579,54338408,239316,18681,81,83,42261154,12311,0,0,0
2026-04-30 00:30:24,156683682,53970,54357114,239397,18787,80,83,42273465,12311,0,0,0
2026-04-30 00:30:25,156734939,51257,54374925,239483,17897,82,83,42285753,12288,0,0,0
2026-04-30 00:30:27,156784797,49858,54392244,239550,17386,82,83,42298034,12281,0,0,0
2026-04-30 00:30:28,156837025,52228,54410348,239640,18194,76,83,42322592,24558,0,0,0
2026-04-30 00:30:29,156891933,54908,54429403,239719,19134,77,83,42334865,12273,0,0,0
2026-04-30 00:30:30,156948171,56238,54448866,239803,19547,82,83,42347130,12265,0,0,0
2026-04-30 00:30:31,157004011,55840,54468240,239886,19457,77,83,42359386,12256,0,0,0
2026-04-30 00:30:32,157059814,55803,54487592,239972,19438,71,83,42371640,12254,0,0,0
2026-04-30 00:30:33,157114472,54658,54506519,240049,19004,82,83,42383914,12274,0,0,0
2026-04-30 00:30:35,157169778,55306,54525721,240133,19286,75,83,42396213,12299,0,0,0
2026-04-30 00:30:36,157226210,56432,54545309,240203,19658,80,83,42420778,24565,0,0,0
2026-04-30 00:30:37,157282251,56041,54564745,240288,19521,75,83,42433019,12241,0,0,0
2026-04-30 00:30:38,157336880,54629,54583709,240381,19057,70,83,42445251,12232,0,0,0
2026-04-30 00:30:39,157391983,55103,54602859,240467,19236,78,83,42457447,12196,0,0,0
2026-04-30 00:30:40,157448664,56681,54622484,240571,19729,80,83,42469651,12204,0,0,0
2026-04-30 00:30:41,157504208,55544,54641766,240659,19370,78,83,42481850,12199,0,0,0
2026-04-30 00:30:43,157559543,55335,54660997,240738,19310,82,83,42506441,24591,0,0,0
2026-04-30 00:30:44,157616241,56698,54680675,240822,19762,80,83,42518752,12311,0,0,0
2026-04-30 00:30:45,157672695,56454,54700276,240908,19687,81,83,42531079,12327,0,0,0
2026-04-30 00:30:46,157729752,57057,54720055,240991,19862,82,83,42543423,12344,0,0,0
2026-04-30 00:30:47,157786322,56570,54739648,241091,19693,79,83,42555756,12333,0,0,0
2026-04-30 00:30:48,157843038,56716,54759297,241178,19736,66,83,42568057,12301,0,0,0
2026-04-30 00:30:50,157897888,54850,54778333,241268,19126,77,83,42580341,12284,0,0,0
2026-04-30 00:30:51,157953327,55439,54797579,241347,19325,82,83,42604895,24554,0,0,0
2026-04-30 00:30:52,158009674,56347,54817109,241439,19622,79,83,42617207,12312,0,0,0
2026-04-30 00:30:53,158066144,56470,54836682,241532,19666,79,83,42629538,12331,0,0,0
2026-04-30 00:30:54,158121934,55790,54856036,241608,19430,78,83,42641868,12330,0,0,0
2026-04-30 00:30:55,158177727,55793,54875395,241697,19448,82,83,42654182,12314,0,0,0
2026-04-30 00:30:56,158231046,53319,54893973,241760,18641,79,83,42666485,12303,0,0,0
2026-04-30 00:30:58,158282401,51355,54911784,241828,17879,82,83,42678766,12281,0,0,0
2026-04-30 00:30:59,158336773,54372,54930626,241909,18923,76,83,42703361,24595,0,0,0
2026-04-30 00:31:00,158391418,54645,54949588,241996,19049,81,83,42715675,12314,0,0,0
2026-04-30 00:31:01,158446653,55235,54968772,242084,19272,80,83,42727953,12278,0,0,0
2026-04-30 00:31:02,158501226,54573,54987742,242167,19053,81,83,42740246,12293,0,0,0
2026-04-30 00:31:03,158554368,53142,55006141,242259,18491,75,83,42752552,12306,0,0,0
2026-04-30 00:31:04,158602605,48237,55022913,242331,16844,82,83,42764889,12337,0,0,0
2026-04-30 00:31:06,158650927,48322,55039670,242403,16829,82,83,42777220,12331,0,0,0
2026-04-30 00:31:07,158700020,49093,55056665,242474,17066,60,83,42801827,24607,0,0,0
2026-04-30 00:31:08,158753144,53124,55075057,242550,18468,81,83,42814174,12347,0,0,0
2026-04-30 00:31:09,158806024,52880,55093407,242642,18442,72,83,42826559,12385,0,0,0
2026-04-30 00:31:10,158858287,52263,55111534,242730,18215,79,83,42838921,12362,0,0,0
2026-04-30 00:31:11,158911340,53053,55129854,242813,18403,82,83,42851317,12396,0,0,0
2026-04-30 00:31:12,158959301,47961,55146554,242880,16767,82,83,42863742,12425,0,0,0
2026-04-30 00:31:14,159004718,45417,55162290,242958,15814,82,83,42876188,12446,0,0,0
2026-04-30 00:31:15,159050677,45959,55178180,243043,15975,82,83,42888600,12412,0,0,0
2026-04-30 00:31:16,159099805,49128,55195210,243112,17099,80,83,42913395,24795,0,0,0
2026-04-30 00:31:17,159148009,48204,55211924,243185,16787,74,83,42925812,12417,0,0,0
2026-04-30 00:31:18,159200864,52855,55230301,243249,18441,82,83,42938224,12412,0,0,0
2026-04-30 00:31:19,159250943,50079,55247661,243333,17444,80,83,42950628,12404,0,0,0
2026-04-30 00:31:20,159304073,53130,55266053,243429,18488,79,83,42963038,12410,0,0,0
2026-04-30 00:31:22,159359039,54966,55285089,243525,19132,80,83,42975452,12414,0,0,0
2026-04-30 00:31:23,159415032,55993,55304517,243597,19500,79,83,43000177,24725,0,0,0
2026-04-30 00:31:24,159471382,56350,55324076,243685,19647,76,83,43012550,12373,0,0,0
2026-04-30 00:31:25,159526703,55321,55343258,243781,19278,73,83,43024940,12390,0,0,0
2026-04-30 00:31:26,159581429,54726,55362227,243866,19054,77,83,43037360,12420,0,0,0
2026-04-30 00:31:27,159636892,55463,55381476,243950,19333,72,83,43049749,12389,0,0,0
2026-04-30 00:31:28,159692138,55246,55400664,244039,19277,75,83,43062171,12422,0,0,0
2026-04-30 00:31:30,159746972,54834,55419695,244123,19115,78,83,43074579,12408,0,0,0
2026-04-30 00:31:31,159802604,55632,55439001,244210,19393,82,83,43099274,24695,0,0,0
2026-04-30 00:31:32,159857588,54984,55458113,244287,19189,81,83,43111591,12317,0,0,0
2026-04-30 00:31:33,159911197,53609,55476702,244371,18673,79,83,43123915,12324,0,0,0
2026-04-30 00:31:34,159966389,55192,55495847,244466,19240,77,83,43136256,12341,0,0,0
2026-04-30 00:31:35,160021792,55403,55515044,244556,19287,79,83,43148611,12355,0,0,0
2026-04-30 00:31:36,160076177,54385,55533936,244639,18975,79,83,43160985,12374,0,0,0
2026-04-30 00:31:38,160125082,48905,55550925,244713,17063,66,83,43173351,12366,0,0,0
2026-04-30 00:31:39,160177604,52522,55569053,244794,18209,75,83,43198023,24672,0,0,0
2026-04-30 00:31:40,160230754,53150,55587412,244882,18447,75,83,43210386,12363,0,0,0
2026-04-30 00:31:41,160281673,50919,55605069,244958,17733,76,83,43222774,12388,0,0,0
2026-04-30 00:31:42,160334085,52412,55623256,245046,18275,81,83,43235144,12370,0,0,0
2026-04-30 00:31:43,160386595,52510,55641504,245129,18331,76,83,43247494,12350,0,0,0
2026-04-30 00:31:44,160437456,50861,55659119,245217,17703,81,83,43259773,12279,0,0,0
2026-04-30 00:31:46,160486673,49217,55676222,245281,17167,79,83,43272033,12260,0,0,0
2026-04-30 00:31:47,160538769,52096,55694269,245359,18125,81,83,43296500,24467,0,0,0
2026-04-30 00:31:48,160589982,51213,55712007,245429,17808,81,83,43308748,12248,0,0,0
2026-04-30 00:31:49,160643410,53428,55730547,245502,18613,79,83,43320993,12245,0,0,0
2026-04-30 00:31:50,160693222,49812,55747836,245575,17362,68,83,43333230,12237,0,0,0
2026-04-30 00:31:51,160745824,52602,55766052,245671,18312,81,83,43345458,12228,0,0,0
2026-04-30 00:31:52,160799179,53355,55784571,245738,18586,80,83,43357684,12226,0,0,0
2026-04-30 00:31:54,160852389,53210,55803074,245815,18580,82,83,43369914,12230,0,0,0
2026-04-30 00:31:55,160907564,55175,55822159,245906,19176,82,83,43394442,24528,0,0,0
2026-04-30 00:31:56,160960038,52474,55840400,245981,18316,82,83,43406732,12290,0,0,0
2026-04-30 00:31:57,161014786,54748,55859447,246061,19127,82,83,43419010,12278,0,0,0
2026-04-30 00:31:58,161070887,56101,55878878,246138,19508,80,83,43431262,12252,0,0,0
2026-04-30 00:31:59,161127386,56499,55898442,246227,19653,78,83,43443512,12250,0,0,0
2026-04-30 00:32:00,161183252,55866,55917795,246309,19435,81,83,43455780,12268,0,0,0
2026-04-30 00:32:02,161236835,53583,55936362,246382,18640,82,83,43480380,24600,0,0,0
2026-04-30 00:32:03,161293379,56544,55955994,246459,19709,77,83,43492658,12278,0,0,0
2026-04-30 00:32:04,161349464,56085,55975439,246534,19520,80,83,43504921,12263,0,0,0
2026-04-30 00:32:05,161405538,56074,55994916,246616,19559,79,83,43517198,12277,0,0,0
2026-04-30 00:32:06,161461958,56420,56014485,246708,19661,77,83,43529498,12300,0,0,0
2026-04-30 00:32:07,161517693,55735,56033866,246787,19460,82,83,43541875,12377,0,0,0
2026-04-30 00:32:08,161572295,54602,56052802,246877,19026,81,83,43554229,12354,0,0,0
2026-04-30 00:32:10,161627065,54770,56071771,246981,19073,80,83,43578877,24648,0,0,0
2026-04-30 00:32:11,161683421,56356,56091273,247082,19603,74,83,43591162,12285,0,0,0
2026-04-30 00:32:12,161739608,56187,56110759,247161,19565,75,83,43603436,12274,0,0,0
2026-04-30 00:32:13,161795253,55645,56130040,247256,19376,77,83,43615717,12281,0,0,0
2026-04-30 00:32:14,161851540,56287,56149564,247332,19600,78,83,43628029,12312,0,0,0
2026-04-30 00:32:15,161906955,55415,56168797,247413,19314,80,83,43640388,12359,0,0,0
2026-04-30 00:32:16,161960863,53908,56187517,247485,18792,82,83,43652772,12384,0,0,0
2026-04-30 00:32:18,162014228,53365,56206030,247561,18589,80,83,43677521,24749,0,0,0
2026-04-30 00:32:19,162070010,55782,56225368,247662,19439,79,83,43689868,12347,0,0,0
2026-04-30 00:32:20,162125488,55478,56244621,247743,19334,79,83,43702228,12360,0,0,0
2026-04-30 00:32:21,162181978,56490,56264224,247810,19670,77,83,43714573,12345,0,0,0
2026-04-30 00:32:22,162237488,55510,56283496,247888,19350,79,83,43726945,12372,0,0,0
2026-04-30 00:32:23,162293106,55618,56302756,247992,19364,81,83,43739335,12390,0,0,0
2026-04-30 00:32:25,162347839,54733,56321717,248063,19032,81,83,43751710,12375,0,0,0
2026-04-30 00:32:26,162399555,51716,56339665,248164,18049,73,83,43776381,24671,0,0,0
2026-04-30 00:32:27,162452660,53105,56358126,248244,18541,82,83,43788700,12319,0,0,0
2026-04-30 00:32:28,162504892,52232,56376212,248329,18171,80,83,43800995,12295,0,0,0
2026-04-30 00:32:29,162560540,55648,56395521,248418,19398,78,83,43813333,12338,0,0,0
2026-04-30 00:32:30,162616008,55468,56414759,248497,19317,78,83,43825675,12342,0,0,0
2026-04-30 00:32:31,162671287,55279,56433951,248574,19269,81,83,43838015,12340,0,0,0
2026-04-30 00:32:33,162725090,53803,56452620,248661,18756,82,83,43850311,12296,0,0,0
2026-04-30 00:32:34,162778658,53568,56471152,248745,18616,71,83,43874944,24633,0,0,0
2026-04-30 00:32:35,162829416,50758,56488738,248822,17663,80,83,43887268,12324,0,0,0
2026-04-30 00:32:36,162882060,52644,56507011,248905,18356,77,83,43899578,12310,0,0,0
2026-04-30 00:32:37,162934096,52036,56525042,248977,18103,69,83,43911888,12310,0,0,0
2026-04-30 00:32:38,162984254,50158,56542434,249047,17462,81,83,43924207,12319,0,0,0
2026-04-30 00:32:39,163035099,50845,56560127,249127,17773,82,83,43936546,12339,0,0,0
2026-04-30 00:32:41,163088077,52978,56578470,249213,18429,80,83,43948896,12350,0,0,0
2026-04-30 00:32:42,163143189,55112,56597556,249315,19188,81,83,43973570,24674,0,0,0
2026-04-30 00:32:43,163197016,53827,56616225,249410,18764,78,83,43985899,12329,0,0,0
2026-04-30 00:32:44,163251449,54433,56635097,249499,18961,74,83,43998219,12320,0,0,0
2026-04-30 00:32:45,163307365,55916,56654470,249609,19483,74,83,44010540,12321,0,0,0
2026-04-30 00:32:46,163362944,55579,56673759,249691,19371,65,83,44022917,12377,0,0,0
2026-04-30 00:32:47,163416504,53560,56692378,249758,18686,70,83,44035285,12368,0,0,0
2026-04-30 00:32:49,163467804,51300,56710205,249837,17906,82,83,44047689,12404,0,0,0
2026-04-30 00:32:50,163523572,55768,56729519,249933,19410,73,83,44072503,24814,0,0,0
2026-04-30 00:32:51,163579983,56411,56749034,250026,19608,82,83,44084923,12420,0,0,0
2026-04-30 00:32:52,163636553,56570,56768657,250106,19703,79,83,44097346,12423,0,0,0
2026-04-30 00:32:53,163693376,56823,56788354,250200,19791,77,83,44109793,12447,0,0,0
2026-04-30 00:32:54,163750116,56740,56807997,250299,19742,77,83,44122223,12430,0,0,0
2026-04-30 00:32:55,163806030,55914,56827344,250400,19448,80,83,44134667,12444,0,0,0
2026-04-30 00:32:57,163861702,55672,56846660,250484,19400,76,83,44159538,24871,0,0,0
2026-04-30 00:32:58,163917967,56265,56866170,250582,19608,80,83,44171962,12424,0,0,0
2026-04-30 00:32:59,163974179,56212,56885627,250661,19536,82,83,44184431,12469,0,0,0
2026-04-30 00:33:00,164029900,55721,56904990,250737,19439,81,83,44196901,12470,0,0,0
2026-04-30 00:33:01,164085826,55926,56924356,250823,19452,76,83,44209425,12524,0,0,0
2026-04-30 00:33:02,164141883,56057,56943793,250910,19524,81,83,44221920,12495,0,0,0
2026-04-30 00:33:04,164196199,54316,56962635,251004,18936,80,83,44234413,12493,0,0,0
2026-04-30 00:33:05,164250210,54011,56981370,251100,18831,76,83,44259291,24878,0,0,0
2026-04-30 00:33:06,164305474,55264,57000518,251182,19230,80,83,44271726,12435,0,0,0
2026-04-30 00:33:07,164361208,55734,57019838,251277,19415,80,83,44284148,12422,0,0,0
2026-04-30 00:33:08,164414768,53560,57038450,251352,18687,77,83,44296579,12431,0,0,0
2026-04-30 00:33:09,164468504,53736,57057075,251444,18717,75,83,44308992,12413,0,0,0
2026-04-30 00:33:10,164519960,51456,57074872,251530,17883,82,83,44321402,12410,0,0,0
2026-04-30 00:33:12,164566992,47032,57091268,251595,16461,82,83,44333798,12396,0,0,0
2026-04-30 00:33:13,164618262,51270,57109008,251688,17833,81,83,44358600,24802,0,0,0
2026-04-30 00:33:14,164672361,54099,57127764,251763,18831,81,83,44370982,12382,0,0,0
2026-04-30 00:33:15,164722805,50444,57145306,251832,17611,76,83,44383424,12442,0,0,0
2026-04-30 00:33:16,164774784,51979,57163339,251913,18114,77,83,44395880,12456,0,0,0
2026-04-30 00:33:17,164827510,52726,57181660,251979,18387,79,83,44408314,12434,0,0,0
2026-04-30 00:33:18,164878164,50654,57199255,252042,17658,82,83,44420665,12351,0,0,0
2026-04-30 00:33:20,164926243,48079,57215893,252131,16727,82,83,44433036,12371,0,0,0
2026-04-30 00:33:21,164973371,47128,57232176,252229,16381,82,83,44445432,12396,0,0,0
2026-04-30 00:33:22,165025427,52056,57250230,252318,18143,81,83,44470198,24766,0,0,0
2026-04-30 00:33:23,165071970,46543,57266419,252372,16243,82,83,44482545,12347,0,0,0
2026-04-30 00:33:24,165123642,51672,57284363,252452,18024,81,83,44494867,12322,0,0,0
2026-04-30 00:33:25,165173585,49943,57301745,252520,17450,81,83,44507238,12371,0,0,0
2026-04-30 00:33:26,165222469,48884,57318752,252594,17081,82,83,44519605,12367,0,0,0
2026-04-30 00:33:27,165268081,45612,57334566,252669,15889,70,83,44532013,12408,0,0,0
2026-04-30 00:33:29,165314138,46057,57350595,252725,16085,82,83,44544385,12372,0,0,0
2026-04-30 00:33:30,165366702,52564,57368837,252801,18318,77,83,44569118,24733,0,0,0
2026-04-30 00:33:31,165420222,53520,57387398,252882,18642,74,83,44581474,12356,0,0,0
2026-04-30 00:33:32,165475246,55024,57406479,252965,19164,78,83,44593848,12374,0,0,0
2026-04-30 00:33:33,165531166,55920,57425894,253047,19497,82,83,44606222,12374,0,0,0
2026-04-30 00:33:34,165586293,55127,57445035,253133,19227,63,83,44618608,12386,0,0,0
2026-04-30 00:33:36,165639655,53362,57463568,253209,18609,80,83,44630942,12334,0,0,0
2026-04-30 00:33:37,165694353,54698,57482520,253304,19047,82,83,44655611,24669,0,0,0
2026-04-30 00:33:38,165750191,55838,57501890,253408,19474,72,83,44667946,12335,0,0,0
2026-04-30 00:33:39,165805247,55056,57520988,253478,19168,80,83,44680277,12331,0,0,0
2026-04-30 00:33:40,165860605,55358,57540223,253567,19324,70,83,44692602,12325,0,0,0
2026-04-30 00:33:41,165917091,56486,57559838,253648,19696,82,83,44704959,12357,0,0,0
2026-04-30 00:33:42,165971896,54805,57578859,253720,19093,81,83,44717196,12237,0,0,0
2026-04-30 00:33:44,166027576,55680,57598148,253806,19375,71,83,44729435,12239,0,0,0
2026-04-30 00:33:45,166083545,55969,57617524,253882,19452,82,83,44753945,24510,0,0,0
2026-04-30 00:33:46,166139279,55734,57636863,253954,19411,79,83,44766224,12279,0,0,0
2026-04-30 00:33:47,166195296,56017,57656319,254047,19549,80,83,44778454,12230,0,0,0
2026-04-30 00:33:48,166250697,55401,57675598,254130,19362,79,83,44790697,12243,0,0,0
2026-04-30 00:33:49,166306873,56176,57695105,254212,19589,75,83,44802963,12266,0,0,0
2026-04-30 00:33:50,166361562,54689,57714098,254281,19062,82,83,44815221,12258,0,0,0
2026-04-30 00:33:52,166414096,52534,57732303,254361,18285,81,83,44827470,12249,0,0,0
2026-04-30 00:33:53,166470059,55963,57751676,254440,19452,79,83,44851997,24527,0,0,0
2026-04-30 00:33:54,166526693,56634,57771330,254517,19731,80,83,44864281,12284,0,0,0
2026-04-30 00:33:55,166582619,55926,57790754,254599,19506,77,83,44876565,12284,0,0,0
2026-04-30 00:33:56,166639130,56511,57810313,254700,19660,82,83,44888830,12265,0,0,0
2026-04-30 00:33:57,166695186,56056,57829752,254790,19529,82,83,44901101,12271,0,0,0
2026-04-30 00:33:58,166748969,53783,57848415,254883,18756,82,83,44913365,12264,0,0,0
2026-04-30 00:34:00,166802501,53532,57866929,254982,18613,78,83,44937907,24542,0,0,0
2026-04-30 00:34:01,166858674,56173,57886403,255075,19567,74,83,44950200,12293,0,0,0
2026-04-30 00:34:02,166914429,55755,57905723,255159,19404,82,83,44962506,12306,0,0,0
2026-04-30 00:34:03,166969431,55002,57924857,255243,19218,81,83,44974797,12291,0,0,0
2026-04-30 00:34:04,167026142,56711,57944564,255315,19779,82,83,44987078,12281,0,0,0
2026-04-30 00:34:05,167082011,55869,57963951,255405,19477,82,83,44999383,12305,0,0,0
2026-04-30 00:34:07,167135294,53283,57982445,255502,18591,79,83,45011732,12349,0,0,0
2026-04-30 00:34:08,167189443,54149,58001224,255584,18861,67,83,45036421,24689,0,0,0
2026-04-30 00:34:09,167246087,56644,58020830,255670,19692,78,83,45048768,12347,0,0,0
2026-04-30 00:34:10,167301795,55708,58040210,255759,19469,77,83,45061122,12354,0,0,0
2026-04-30 00:34:11,167358188,56393,58059805,255842,19678,81,83,45073499,12377,0,0,0
2026-04-30 00:34:12,167414677,56489,58079371,255938,19662,81,83,45085902,12403,0,0,0
2026-04-30 00:34:13,167469990,55313,58098542,256033,19266,81,83,45098299,12397,0,0,0
2026-04-30 00:34:15,167525106,55116,58117684,256117,19226,82,83,45110691,12392,0,0,0
2026-04-30 00:34:16,167580924,55818,58137020,256211,19430,79,83,45135615,24924,0,0,0
2026-04-30 00:34:17,167636288,55364,58156227,256291,19287,82,83,45148101,12486,0,0,0
2026-04-30 00:34:18,167692707,56419,58175804,256378,19664,78,83,45160589,12488,0,0,0
2026-04-30 00:34:19,167749236,56529,58195413,256460,19691,81,83,45173085,12496,0,0,0
2026-04-30 00:34:20,167804805,55569,58214710,256549,19386,82,83,45185581,12496,0,0,0
2026-04-30 00:34:21,167860133,55328,58233922,256632,19295,80,83,45198104,12523,0,0,0
2026-04-30 00:34:23,167914762,54629,58252910,256722,19078,82,83,45223197,25093,0,0,0
2026-04-30 00:34:24,167970775,56013,58272328,256812,19508,81,83,45235753,12556,0,0,0
2026-04-30 00:34:25,168027065,56290,58291855,256881,19596,79,83,45248278,12525,0,0,0
2026-04-30 00:34:26,168083350,56285,58311386,256963,19613,69,83,45260828,12550,0,0,0
2026-04-30 00:34:27,168139475,56125,58330810,257049,19510,80,83,45273367,12539,0,0,0
2026-04-30 00:34:28,168194951,55476,58350052,257142,19335,78,83,45285949,12582,0,0,0
2026-04-30 00:34:30,168249565,54614,58368998,257220,19024,82,83,45298530,12581,0,0,0
2026-04-30 00:34:31,168305231,55666,58388341,257297,19420,65,83,45323705,25175,0,0,0
2026-04-30 00:34:32,168361099,55868,58407697,257389,19448,79,83,45336268,12563,0,0,0
2026-04-30 00:34:33,168415471,54372,58426545,257480,18939,78,83,45348824,12556,0,0,0
2026-04-30 00:34:34,168471743,56272,58446070,257573,19618,75,83,45361352,12528,0,0,0
2026-04-30 00:34:35,168528934,57191,58465914,257656,19927,80,83,45373906,12554,0,0,0
2026-04-30 00:34:36,168584424,55490,58485204,257730,19364,81,83,45386422,12516,0,0,0
2026-04-30 00:34:38,168639858,55434,58504411,257815,19292,77,83,45398930,12508,0,0,0
2026-04-30 00:34:39,168695376,55518,58523682,257903,19359,78,83,45423897,24967,0,0,0
2026-04-30 00:34:40,168752667,57291,58543513,258000,19928,77,83,45436381,12484,0,0,0
2026-04-30 00:34:41,168809649,56982,58563264,258084,19835,82,83,45448889,12508,0,0,0
2026-04-30 00:34:42,168865204,55555,58582563,258179,19394,82,83,45461507,12618,0,0,0
2026-04-30 00:34:43,168921111,55907,58602008,258259,19525,82,83,45474138,12631,0,0,0
2026-04-30 00:34:44,168976970,55859,58621384,258335,19452,82,83,45486751,12613,0,0,0
2026-04-30 00:34:46,169032219,55249,58640556,258434,19271,67,83,45511940,25189,0,0,0
2026-04-30 00:34:47,169088018,55799,58659924,258518,19452,82,83,45524525,12585,0,0,0
2026-04-30 00:34:48,169144023,56005,58679334,258600,19492,81,83,45537117,12592,0,0,0
2026-04-30 00:34:49,169200137,56114,58698809,258695,19570,81,83,45549734,12617,0,0,0
2026-04-30 00:34:50,169256804,56667,58718437,258776,19709,78,83,45562351,12617,0,0,0
2026-04-30 00:34:51,169313271,56467,58738012,258861,19660,78,83,45574982,12631,0,0,0
2026-04-30 00:34:53,169368207,54936,58757094,258953,19174,81,83,45587586,12604,0,0,0
2026-04-30 00:34:54,169422796,54589,58775983,259030,18966,80,83,45612757,25171,0,0,0
2026-04-30 00:34:55,169478843,56047,58795482,259113,19582,72,83,45625341,12584,0,0,0
2026-04-30 00:34:56,169534187,55344,58814744,259205,19354,73,83,45637902,12561,0,0,0
2026-04-30 00:34:57,169589490,55303,58833998,259279,19328,82,83,45650475,12573,0,0,0
2026-04-30 00:34:58,169645491,56001,58853416,259365,19504,69,83,45663084,12609,0,0,0
2026-04-30 00:34:59,169700790,55299,58872643,259437,19299,80,83,45675685,12601,0,0,0
2026-04-30 00:35:01,169756168,55378,58891851,259525,19296,81,83,45688252,12567,0,0,0
2026-04-30 00:35:02,169812536,56368,58911362,259619,19605,75,83,45713317,25065,0,0,0
2026-04-30 00:35:03,169868096,55560,58930629,259705,19353,78,83,45725854,12537,0,0,0
2026-04-30 00:35:04,169924167,56071,58950073,259805,19544,77,83,45738377,12523,0,0,0
2026-04-30 00:35:05,169979708,55541,58969372,259881,19375,82,83,45750942,12565,0,0,0
2026-04-30 00:35:06,170036108,56400,58988894,259975,19616,69,83,45763480,12538,0,0,0
2026-04-30 00:35:07,170091132,55024,59007951,260062,19144,81,83,45776019,12539,0,0,0
2026-04-30 00:35:09,170143310,52178,59026028,260162,18177,81,83,45801059,25040,0,0,0
2026-04-30 00:35:10,170198007,54697,59045007,260247,19064,81,83,45813605,12546,0,0,0
2026-04-30 00:35:11,170253151,55144,59064102,260315,19163,82,83,45826126,12521,0,0,0
2026-04-30 00:35:12,170309629,56478,59083698,260386,19667,80,83,45838692,12566,0,0,0
2026-04-30 00:35:13,170364548,54919,59102782,260471,19169,81,83,45851244,12552,0,0,0
2026-04-30 00:35:14,170418988,54440,59121698,260550,18995,81,83,45863808,12564,0,0,0
2026-04-30 00:35:16,170472282,53294,59140221,260637,18610,65,83,45876367,12559,0,0,0
2026-04-30 00:35:17,170524192,51910,59158214,260707,18063,75,83,45901519,25152,0,0,0
2026-04-30 00:35:18,170575958,51766,59176165,260788,18032,75,83,45914073,12554,0,0,0
2026-04-30 00:35:19,170627443,51485,59194055,260858,17960,73,83,45926621,12548,0,0,0
2026-04-30 00:35:20,170680207,52764,59212371,260947,18405,82,83,45939172,12551,0,0,0
2026-04-30 00:35:21,170732062,51855,59230311,261045,18038,79,83,45951683,12511,0,0,0
2026-04-30 00:35:22,170783433,51371,59248158,261132,17934,82,83,45964178,12495,0,0,0
2026-04-30 00:35:24,170831757,48324,59264927,261209,16846,82,83,45976699,12521,0,0,0
2026-04-30 00:35:25,170879389,47632,59281462,261290,16616,82,83,45989233,12534,0,0,0
2026-04-30 00:35:26,170930220,50831,59299077,261347,17672,80,83,46014259,25026,0,0,0
2026-04-30 00:35:27,170982537,52317,59317253,261440,18269,76,83,46026749,12490,0,0,0
2026-04-30 00:35:28,171033798,51261,59335037,261512,17856,77,83,46039273,12524,0,0,0
2026-04-30 00:35:29,171086257,52459,59353227,261599,18277,77,83,46051827,12554,0,0,0
2026-04-30 00:35:30,171135329,49072,59370306,261672,17152,80,83,46064418,12591,0,0,0
2026-04-30 00:35:32,171186654,51325,59388059,261771,17852,78,83,46076955,12537,0,0,0
2026-04-30 00:35:33,171238024,51370,59405895,261833,17898,78,83,46102032,25077,0,0,0
2026-04-30 00:35:34,171290605,52581,59424134,261912,18318,76,83,46114619,12587,0,0,0
2026-04-30 00:35:35,171343959,53354,59442643,261989,18586,76,83,46127176,12557,0,0,0
2026-04-30 00:35:36,171398947,54988,59461733,262067,19168,78,83,46139733,12557,0,0,0
2026-04-30 00:35:37,171455701,56754,59481407,262153,19760,75,83,46152345,12612,0,0,0
2026-04-30 00:35:38,171510431,54730,59500446,262224,19110,79,83,46164966,12621,0,0,0
2026-04-30 00:35:40,171564459,54028,59519181,262314,18825,82,83,46177622,12656,0,0,0
2026-04-30 00:35:41,171619107,54648,59538150,262402,19057,74,83,46202911,25289,0,0,0
2026-04-30 00:35:42,171674846,55739,59557492,262491,19431,77,83,46215444,12533,0,0,0
2026-04-30 00:35:43,171731092,56246,59576998,262584,19599,73,83,46227956,12512,0,0,0
2026-04-30 00:35:44,171787499,56407,59596519,262675,19612,76,83,46240433,12477,0,0,0
2026-04-30 00:35:45,171843449,55950,59615921,262765,19492,80,83,46252929,12496,0,0,0
2026-04-30 00:35:46,171898693,55244,59635085,262841,19240,81,83,46265410,12481,0,0,0
2026-04-30 00:35:48,171952430,53737,59653745,262925,18744,81,83,46277898,12488,0,0,0
2026-04-30 00:35:49,172008311,55881,59673047,263021,19398,82,83,46302913,25015,0,0,0
2026-04-30 00:35:50,172063068,54757,59692018,263097,19047,82,83,46315475,12562,0,0,0
2026-04-30 00:35:51,172117726,54658,59711029,263164,19078,76,83,46327993,12518,0,0,0
2026-04-30 00:35:52,172173820,56094,59730474,263258,19539,73,83,46340477,12484,0,0,0
2026-04-30 00:35:53,172229663,55843,59749791,263349,19408,79,83,46352954,12477,0,0,0
2026-04-30 00:35:54,172282288,52625,59768059,263431,18350,82,83,46365444,12490,0,0,0
2026-04-30 00:35:56,172331584,49296,59785213,263502,17225,82,83,46377947,12503,0,0,0
2026-04-30 00:35:57,172384182,52598,59803409,263594,18288,79,83,46402912,24965,0,0,0
2026-04-30 00:35:58,172439319,55137,59822497,263700,19194,79,83,46415381,12469,0,0,0
2026-04-30 00:35:59,172495206,55887,59841857,263795,19455,80,83,46427895,12514,0,0,0
2026-04-30 00:36:00,172551792,56586,59861472,263871,19691,78,83,46440443,12548,0,0,0
2026-04-30 00:36:01,172607092,55300,59880671,263955,19283,79,83,46452978,12535,0,0,0
2026-04-30 00:36:02,172662286,55194,59899810,264048,19232,81,83,46465471,12493,0,0,0
2026-04-30 00:36:04,172717534,55248,59918961,264145,19248,76,83,46490399,24928,0,0,0
2026-04-30 00:36:05,172771484,53950,59937699,264213,18806,77,83,46502891,12492,0,0,0
2026-04-30 00:36:06,172827344,55860,59957099,264296,19483,79,83,46515387,12496,0,0,0
2026-04-30 00:36:07,172883438,56094,59976514,264399,19518,81,83,46527905,12518,0,0,0
2026-04-30 00:36:08,172940119,56681,59996164,264494,19745,77,83,46540420,12515,0,0,0
2026-04-30 00:36:09,172995750,55631,60015460,264566,19368,82,83,46552932,12512,0,0,0
2026-04-30 00:36:11,173051598,55848,60034827,264655,19456,80,83,46565454,12522,0,0,0
2026-04-30 00:36:12,173107675,56077,60054301,264731,19550,77,83,46590611,25157,0,0,0
2026-04-30 00:36:13,173164213,56538,60073907,264819,19694,77,83,46603230,12619,0,0,0
2026-04-30 00:36:14,173220705,56492,60093534,264891,19699,72,83,46615796,12566,0,0,0
2026-04-30 00:36:15,173276128,55423,60112787,264976,19338,79,83,46628367,12571,0,0,0
2026-04-30 00:36:16,173332355,56227,60132300,265068,19605,81,83,46640886,12519,0,0,0
2026-04-30 00:36:17,173387110,54755,60151356,265146,19134,82,83,46653412,12526,0,0,0
2026-04-30 00:36:19,173443101,55991,60170699,265241,19438,76,83,46665940,12528,0,0,0
2026-04-30 00:36:20,173498948,55847,60190050,265316,19426,81,83,46690996,25056,0,0,0
2026-04-30 00:36:21,173555038,56090,60209509,265401,19544,82,83,46703529,12533,0,0,0
2026-04-30 00:36:22,173611445,56407,60229128,265477,19695,81,83,46716057,12528,0,0,0
2026-04-30 00:36:23,173667662,56217,60248642,265560,19597,78,83,46728624,12567,0,0,0
2026-04-30 00:36:24,173723656,55994,60268090,265656,19544,72,83,46741177,12553,0,0,0
2026-04-30 00:36:25,173779492,55836,60287436,265749,19439,77,83,46753738,12561,0,0,0
2026-04-30 00:36:27,173833728,54236,60306251,265840,18906,79,83,46778792,25054,0,0,0
2026-04-30 00:36:28,173889831,56103,60325708,265928,19545,77,83,46791258,12466,0,0,0
2026-04-30 00:36:29,173946584,56753,60345374,266006,19744,80,83,46803751,12493,0,0,0
2026-04-30 00:36:30,174002717,56133,60364841,266085,19546,79,83,46816249,12498,0,0,0
2026-04-30 00:36:31,174058967,56250,60384371,266169,19614,81,83,46828790,12541,0,0,0
2026-04-30 00:36:32,174114555,55588,60403695,266252,19407,80,83,46841354,12564,0,0,0
2026-04-30 00:36:34,174169397,54842,60422730,266336,19119,72,83,46853896,12542,0,0,0
2026-04-30 00:36:35,174223876,54479,60441653,266421,19008,82,83,46878900,25004,0,0,0
2026-04-30 00:36:36,174275978,52102,60459711,266509,18146,73,83,46891425,12525,0,0,0
2026-04-30 00:36:37,174332115,56137,60479193,266601,19574,81,83,46903925,12500,0,0,0
2026-04-30 00:36:38,174388907,56792,60498882,266694,19782,70,83,46916407,12482,0,0,0
2026-04-30 00:36:39,174444974,56067,60518333,266775,19532,82,83,46928887,12480,0,0,0
2026-04-30 00:36:40,174500471,55497,60537608,266865,19365,79,83,46941400,12513,0,0,0
2026-04-30 00:36:42,174555716,55245,60556780,266945,19252,76,83,46953933,12533,0,0,0
2026-04-30 00:36:43,174610888,55172,60575971,267015,19261,65,83,46979116,25183,0,0,0
2026-04-30 00:36:44,174667155,56267,60595448,267100,19562,82,83,46991687,12571,0,0,0
2026-04-30 00:36:45,174722783,55628,60614769,267179,19400,72,83,47004256,12569,0,0,0
2026-04-30 00:36:46,174779132,56349,60634293,267264,19609,79,83,47016801,12545,0,0,0
2026-04-30 00:36:47,174834791,55659,60653644,267358,19445,75,83,47029355,12554,0,0,0
2026-04-30 00:36:48,174890017,55226,60672821,267432,19251,82,83,47041894,12539,0,0,0
2026-04-30 00:36:50,174945481,55464,60692063,267509,19319,80,83,47054459,12565,0,0,0
2026-04-30 00:36:51,175001061,55580,60711369,267578,19375,67,83,47079534,25075,0,0,0
2026-04-30 00:36:52,175057115,56054,60730848,267653,19554,80,83,47092060,12526,0,0,0
2026-04-30 00:36:53,175113711,56596,60750466,267750,19715,81,83,47104609,12549,0,0,0
2026-04-30 00:36:54,175170047,56336,60769995,267833,19612,78,83,47117136,12527,0,0,0
2026-04-30 00:36:55,175226375,56328,60789541,267923,19636,71,83,47129665,12529,0,0,0
2026-04-30 00:36:56,175281376,55001,60808600,268008,19144,72,83,47142173,12508,0,0,0
2026-04-30 00:36:58,175337051,55675,60827858,268103,19353,74,83,47154704,12531,0,0,0
2026-04-30 00:36:59,175394119,57068,60847630,268198,19867,77,83,47179764,25060,0,0,0
2026-04-30 00:37:00,175450633,56514,60867216,268295,19683,76,83,47192311,12547,0,0,0
2026-04-30 00:37:01,175506752,56119,60886708,268380,19577,82,83,47204878,12567,0,0,0
2026-04-30 00:37:02,175563125,56373,60906250,268464,19626,74,83,47217465,12587,0,0,0
2026-04-30 00:37:03,175618496,55371,60925438,268568,19292,76,83,47230025,12560,0,0,0
2026-04-30 00:37:05,175674413,55917,60944815,268656,19465,82,83,47242575,12550,0,0,0
2026-04-30 00:37:06,175728969,54556,60963739,268757,19025,78,83,47267766,25191,0,0,0
2026-04-30 00:37:07,175782430,53461,60982289,268839,18632,79,83,47280408,12642,0,0,0
2026-04-30 00:37:08,175838145,55715,61001625,268915,19412,81,83,47293025,12617,0,0,0
2026-04-30 00:37:09,175892655,54510,61020548,269003,19011,81,83,47305616,12591,0,0,0
2026-04-30 00:37:10,175949292,56637,61040171,269085,19705,81,83,47318181,12565,0,0,0
2026-04-30 00:37:11,176003757,54465,61059035,269159,18938,81,83,47330742,12561,0,0,0
2026-04-30 00:37:13,176056521,52764,61077323,269256,18385,82,83,47343324,12582,0,0,0
2026-04-30 00:37:14,176107085,50564,61094904,269337,17662,69,83,47368527,25203,0,0,0
2026-04-30 00:37:15,176159222,52137,61113015,269412,18186,77,83,47381126,12599,0,0,0
2026-04-30 00:37:16,176210569,51347,61130842,269476,17891,72,83,47393741,12615,0,0,0
2026-04-30 00:37:17,176262626,52057,61148973,269551,18206,77,83,47406327,12586,0,0,0
2026-04-30 00:37:18,176315096,52470,61167182,269632,18290,78,83,47418901,12574,0,0,0
2026-04-30 00:37:19,176365553,50457,61184731,269716,17633,71,83,47431499,12598,0,0,0
2026-04-30 00:37:21,176416050,50497,61202243,269783,17579,82,83,47444077,12578,0,0,0
2026-04-30 00:37:22,176464365,48315,61219014,269849,16837,82,83,47456673,12596,0,0,0
2026-04-30 00:37:23,176513751,49386,61236106,269915,17158,75,83,47481800,25127,0,0,0
2026-04-30 00:37:24,176569784,56033,61255568,269994,19541,76,83,47494326,12526,0,0,0
2026-04-30 00:37:25,176624271,54487,61274434,270083,18955,77,83,47506864,12538,0,0,0
2026-04-30 00:37:26,176677893,53622,61293023,270176,18682,81,83,47519390,12526,0,0,0
2026-04-30 00:37:27,176730571,52678,61311309,270260,18370,82,83,47531941,12551,0,0,0
2026-04-30 00:37:29,176781236,50665,61328888,270328,17647,81,83,47544462,12521,0,0,0
2026-04-30 00:37:30,176833406,52170,61346966,270424,18174,82,83,47569498,25036,0,0,0
2026-04-30 00:37:31,176888349,54943,61366053,270494,19157,77,83,47582033,12535,0,0,0
2026-04-30 00:37:32,176943112,54763,61385052,270571,19076,76,83,47594619,12586,0,0,0
2026-04-30 00:37:33,176999034,55922,61404453,270673,19503,70,83,47607182,12563,0,0,0
2026-04-30 00:37:34,177055506,56472,61424039,270757,19670,73,83,47619739,12557,0,0,0
2026-04-30 00:37:35,177108432,52926,61442445,270847,18496,80,83,47632264,12525,0,0,0
2026-04-30 00:37:37,177162303,53871,61461111,270919,18738,80,83,47644812,12548,0,0,0
2026-04-30 00:37:38,177215794,53491,61479675,271007,18652,76,83,47670002,25190,0,0,0
2026-04-30 00:37:39,177271460,55666,61499005,271094,19417,71,83,47682654,12652,0,0,0
2026-04-30 00:37:40,177328310,56850,61518677,271184,19762,81,83,47695291,12637,0,0,0
2026-04-30 00:37:41,177384597,56287,61538195,271271,19605,78,83,47707918,12627,0,0,0
2026-04-30 00:37:42,177439984,55387,61557435,271353,19322,78,83,47720441,12523,0,0,0
2026-04-30 00:37:43,177495469,55485,61576713,271432,19357,70,83,47732944,12503,0,0,0
2026-04-30 00:37:45,177549251,53782,61595413,271497,18765,70,83,47757927,24983,0,0,0
2026-04-30 00:37:46,177605350,56099,61614887,271569,19546,78,83,47770455,12528,0,0,0
2026-04-30 00:37:47,177661165,55815,61634272,271668,19484,75,83,47783019,12564,0,0,0
2026-04-30 00:37:48,177717428,56263,61653785,271744,19589,79,83,47795620,12601,0,0,0
2026-04-30 00:37:49,177773507,56079,61673281,271826,19578,79,83,47808231,12611,0,0,0
2026-04-30 00:37:50,177829356,55849,61692687,271902,19482,80,83,47820856,12625,0,0,0
2026-04-30 00:37:52,177885176,55820,61712021,271983,19415,76,83,47833456,12600,0,0,0
2026-04-30 00:37:53,177939978,54802,61731045,272039,19080,78,83,47858659,25203,0,0,0
2026-04-30 00:37:54,177995699,55721,61750438,272116,19470,66,83,47871256,12597,0,0,0
2026-04-30 00:37:55,178052521,56822,61770109,272213,19768,81,83,47883859,12603,0,0,0
2026-04-30 00:37:56,178109373,56852,61789825,272288,19791,78,83,47896429,12570,0,0,0
2026-04-30 00:37:57,178165727,56354,61809388,272379,19654,78,83,47909016,12587,0,0,0
2026-04-30 00:37:58,178221048,55321,61828606,272456,19295,82,83,47921557,12541,0,0,0
2026-04-30 00:38:00,178277412,56364,61848064,272548,19550,77,83,47934117,12560,0,0,0
2026-04-30 00:38:01,178333787,56375,61867608,272626,19622,82,83,47959246,25129,0,0,0
2026-04-30 00:38:02,178391114,57327,61887486,272707,19959,73,83,47971845,12599,0,0,0
2026-04-30 00:38:03,178447793,56679,61907122,272793,19722,79,83,47984409,12564,0,0,0
2026-04-30 00:38:04,178504115,56322,61926709,272874,19668,75,83,47996991,12582,0,0,0
2026-04-30 00:38:05,178560974,56859,61946402,272975,19794,77,83,48009571,12580,0,0,0
2026-04-30 00:38:06,178617224,56250,61965867,273076,19566,81,83,48022117,12546,0,0,0
2026-04-30 00:38:08,178672675,55451,61985109,273175,19341,82,83,48047135,25018,0,0,0
2026-04-30 00:38:09,178728349,55674,62004468,273246,19430,80,83,48059685,12550,0,0,0
2026-04-30 00:38:10,178784566,56217,62023993,273337,19616,71,83,48072234,12549,0,0,0
2026-04-30 00:38:11,178840255,55689,62043302,273427,19399,80,83,48084778,12544,0,0,0
2026-04-30 00:38:12,178896863,56608,62062937,273523,19731,81,83,48097350,12572,0,0,0
2026-04-30 00:38:13,178953254,56391,62082443,273631,19614,82,83,48109936,12586,0,0,0
2026-04-30 00:38:15,179008242,54988,62101542,273717,19185,82,83,48122505,12569,0,0,0
2026-04-30 00:38:16,179063891,55649,62120819,273803,19363,76,83,48147670,25165,0,0,0
2026-04-30 00:38:17,179119790,55899,62140245,273892,19515,82,83,48160235,12565,0,0,0
2026-04-30 00:38:18,179176299,56509,62159837,273976,19676,70,83,48172837,12602,0,0,0
2026-04-30 00:38:19,179233345,57046,62179598,274072,19857,79,83,48185441,12604,0,0,0
2026-04-30 00:38:20,179289326,55981,62199003,274144,19477,82,83,48198040,12599,0,0,0
2026-04-30 00:38:21,179344097,54771,62218009,274235,19097,77,83,48210637,12597,0,0,0
2026-04-30 00:38:23,179397366,53269,62236539,274305,18600,69,83,48223196,12559,0,0,0
2026-04-30 00:38:24,179447098,49732,62253797,274373,17326,76,83,48248267,25071,0,0,0
2026-04-30 00:38:25,179500087,52989,62272180,274455,18465,81,83,48260783,12516,0,0,0
2026-04-30 00:38:26,179554715,54628,62291116,274546,19027,77,83,48273302,12519,0,0,0
2026-04-30 00:38:27,179609940,55225,62310270,274621,19229,79,83,48285826,12524,0,0,0
2026-04-30 00:38:28,179665013,55073,62329344,274701,19154,75,83,48298367,12541,0,0,0
2026-04-30 00:38:29,179715966,50953,62347070,274779,17804,81,83,48310910,12543,0,0,0
2026-04-30 00:38:31,179765047,49081,62364089,274863,17103,72,83,48323451,12541,0,0,0
2026-04-30 00:38:32,179817808,52761,62382391,274934,18373,79,83,48348514,25063,0,0,0
2026-04-30 00:38:33,179871531,53723,62401052,275011,18738,79,83,48361098,12584,0,0,0
2026-04-30 00:38:34,179927267,55736,62420386,275092,19415,82,83,48373680,12582,0,0,0
2026-04-30 00:38:35,179982154,54887,62439429,275179,19130,82,83,48386253,12573,0,0,0
2026-04-30 00:38:36,180035847,53693,62458047,275270,18709,79,83,48398749,12496,0,0,0
2026-04-30 00:38:37,180081556,45709,62473951,275337,15971,82,83,48411279,12530,0,0,0
2026-04-30 00:38:39,180129649,48093,62490567,275422,16701,76,83,48423781,12502,0,0,0
2026-04-30 00:38:40,180183302,53653,62509214,275495,18720,80,83,48448779,24998,0,0,0
2026-04-30 00:38:41,180237808,54506,62528108,275574,18973,82,83,48461270,12491,0,0,0
2026-04-30 00:38:42,180293333,55525,62547375,275664,19357,77,83,48473730,12460,0,0,0
2026-04-30 00:38:43,180349226,55893,62566800,275734,19495,82,83,48486176,12446,0,0,0
2026-04-30 00:38:44,180405300,56074,62586270,275820,19556,63,83,48498646,12470,0,0,0
2026-04-30 00:38:45,180459721,54421,62605111,275898,18919,82,83,48511119,12473,0,0,0
2026-04-30 00:38:47,180515176,55455,62624312,275968,19271,74,83,48523614,12495,0,0,0
2026-04-30 00:38:48,180571250,56074,62643767,276056,19543,82,83,48548564,24950,0,0,0
2026-04-30 00:38:49,180627138,55888,62663141,276151,19469,56,83,48561061,12497,0,0,0
2026-04-30 00:38:50,180683316,56178,62682613,276231,19552,80,83,48573530,12469,0,0,0
2026-04-30 00:38:51,180738148,54832,62701724,276309,19189,82,83,48585981,12451,0,0,0
2026-04-30 00:38:52,180793120,54972,62720757,276392,19116,79,83,48598404,12423,0,0,0
2026-04-30 00:38:54,180847334,54214,62739635,276467,18953,82,83,48610824,12420,0,0,0
2026-04-30 00:38:55,180897885,50551,62757176,276552,17626,82,83,48623285,12461,0,0,0
2026-04-30 00:38:56,180953820,55935,62776550,276637,19459,67,83,48648175,24890,0,0,0
2026-04-30 00:38:57,181009292,55472,62795851,276714,19378,71,83,48660646,12471,0,0,0
2026-04-30 00:38:58,181061542,52250,62813964,276803,18202,82,83,48673107,12461,0,0,0
2026-04-30 00:38:59,181115626,54084,62832699,276886,18818,79,83,48685590,12483,0,0,0
2026-04-30 00:39:00,181167655,52029,62850820,276958,18193,82,83,48698085,12495,0,0,0
2026-04-30 00:39:02,181214354,46699,62867043,277030,16295,82,83,48710540,12455,0,0,0
2026-04-30 00:39:03,181263021,48667,62883891,277103,16921,81,83,48722990,12450,0,0,0
2026-04-30 00:39:04,181315958,52937,62902283,277186,18475,80,83,48747879,24889,0,0,0
2026-04-30 00:39:05,181367505,51547,62920152,277255,17938,82,83,48760335,12456,0,0,0
2026-04-30 00:39:06,181419902,52397,62938367,277330,18290,73,83,48772775,12440,0,0,0
2026-04-30 00:39:07,181472630,52728,62956674,277403,18380,80,83,48785196,12421,0,0,0
2026-04-30 00:39:08,181524134,51504,62974565,277486,17974,82,83,48797590,12394,0,0,0
2026-04-30 00:39:10,181572123,47989,62991231,277540,16720,81,83,48810010,12420,0,0,0
2026-04-30 00:39:11,181617843,45720,63007128,277601,15958,73,83,48822442,12432,0,0,0
2026-04-30 00:39:12,181663845,46002,63023045,277664,15980,78,83,48847287,24845,0,0,0
2026-04-30 00:39:13,181715649,51804,63041015,277754,18060,68,83,48859677,12390,0,0,0
2026-04-30 00:39:14,181766092,50443,63058537,277822,17590,77,83,48872111,12434,0,0,0
2026-04-30 00:39:15,181816875,50783,63076198,277891,17730,75,83,48884542,12431,0,0,0
2026-04-30 00:39:16,181872853,55978,63095619,277977,19507,79,83,48896920,12378,0,0,0
2026-04-30 00:39:18,181925168,52315,63113804,278055,18263,82,83,48909278,12358,0,0,0
2026-04-30 00:39:19,181978611,53443,63132272,278151,18564,77,83,48933998,24720,0,0,0
2026-04-30 00:39:20,182034502,55891,63151646,278236,19459,75,83,48946386,12388,0,0,0
2026-04-30 00:39:21,182090374,55872,63171037,278299,19454,80,83,48958773,12387,0,0,0
2026-04-30 00:39:22,182147126,56752,63190706,278377,19747,73,83,48971186,12413,0,0,0
2026-04-30 00:39:23,182203011,55885,63210136,278450,19503,79,83,48983598,12412,0,0,0
2026-04-30 00:39:24,182258735,55724,63229465,278533,19412,74,83,48995990,12392,0,0,0
2026-04-30 00:39:26,182312886,54151,63248262,278616,18880,82,83,49008383,12393,0,0,0
2026-04-30 00:39:27,182367562,54676,63267195,278701,19018,79,83,49033150,24767,0,0,0
2026-04-30 00:39:28,182424017,56455,63286779,278779,19662,76,83,49045529,12379,0,0,0
2026-04-30 00:39:29,182481062,57045,63306588,278859,19889,82,83,49057917,12388,0,0,0
2026-04-30 00:39:30,182537361,56299,63326116,278948,19617,77,83,49070312,12395,0,0,0
2026-04-30 00:39:31,182594072,56711,63345730,279042,19708,78,83,49082743,12431,0,0,0
2026-04-30 00:39:32,182648635,54563,63364665,279144,19037,79,83,49095203,12460,0,0,0
2026-04-30 00:39:34,182704303,55668,63383982,279241,19414,80,83,49107617,12414,0,0,0
2026-04-30 00:39:35,182760243,55940,63403421,279327,19525,82,83,49132464,24847,0,0,0
2026-04-30 00:39:36,182816590,56347,63423007,279395,19654,75,83,49144890,12426,0,0,0
2026-04-30 00:39:37,182872794,56204,63442509,279479,19586,72,83,49157292,12402,0,0,0
2026-04-30 00:39:38,182929239,56445,63462088,279570,19670,81,83,49169680,12388,0,0,0
2026-04-30 00:39:39,182984843,55604,63481365,279663,19370,82,83,49182051,12371,0,0,0
2026-04-30 00:39:41,183040060,55217,63500559,279750,19281,82,83,49194437,12386,0,0,0
2026-04-30 00:39:42,183095087,55027,63519610,279824,19125,80,83,49219281,24844,0,0,0
2026-04-30 00:39:43,183151453,56366,63539135,279918,19619,79,83,49231722,12441,0,0,0
2026-04-30 00:39:44,183207880,56427,63558721,279989,19657,78,83,49244162,12440,0,0,0
2026-04-30 00:39:45,183263860,55980,63578132,280084,19506,82,83,49256618,12456,0,0,0
2026-04-30 00:39:46,183320413,56553,63597752,280163,19699,81,83,49269080,12462,0,0,0
2026-04-30 00:39:47,183376337,55924,63617157,280257,19499,81,83,49281551,12471,0,0,0
2026-04-30 00:39:49,183431254,54917,63636170,280363,19119,68,83,49294044,12493,0,0,0
2026-04-30 00:39:50,183486644,55390,63655414,280447,19328,74,83,49319077,25033,0,0,0
2026-04-30 00:39:51,183543225,56581,63675069,280536,19744,73,83,49331618,12541,0,0,0
2026-04-30 00:39:52,183599569,56344,63694610,280623,19628,82,83,49344146,12528,0,0,0
2026-04-30 00:39:53,183656335,56766,63714256,280711,19734,81,83,49356655,12509,0,0,0
2026-04-30 00:39:54,183711727,55392,63733509,280784,19326,72,83,49369164,12509,0,0,0
2026-04-30 00:39:56,183766915,55188,63752677,280873,19257,75,83,49381702,12538,0,0,0
2026-04-30 00:39:57,183822673,55758,63771966,280965,19381,82,83,49406859,25157,0,0,0
2026-04-30 00:39:58,183879442,56769,63791650,281060,19779,80,83,49419416,12557,0,0,0
2026-04-30 00:39:59,183935741,56299,63811199,281152,19641,82,83,49431942,12526,0,0,0
2026-04-30 00:40:00,183992078,56337,63830735,281238,19622,79,83,49444428,12486,0,0,0
2026-04-30 00:40:01,184048326,56248,63850282,281325,19634,76,83,49456943,12515,0,0,0
2026-04-30 00:40:02,184104225,55899,63869685,281404,19482,72,83,49469466,12523,0,0,0
2026-04-30 00:40:04,184158679,54454,63888542,281481,18934,81,83,49481977,12511,0,0,0
2026-04-30 00:40:05,184215436,56757,63908213,281560,19750,79,83,49507062,25085,0,0,0
2026-04-30 00:40:06,184272708,57272,63928033,281654,19914,68,83,49519604,12542,0,0,0
2026-04-30 00:40:07,184329066,56358,63947559,281731,19603,77,83,49532148,12544,0,0,0
2026-04-30 00:40:08,184385362,56296,63967083,281818,19611,69,83,49544698,12550,0,0,0
2026-04-30 00:40:09,184441677,56315,63986600,281905,19604,82,83,49557249,12551,0,0,0
2026-04-30 00:40:11,184496491,54814,64005652,281981,19128,79,83,49569748,12499,0,0,0
2026-04-30 00:40:12,184549419,52928,64023994,282064,18425,76,83,49582227,12479,0,0,0
2026-04-30 00:40:13,184605849,56430,64043542,282154,19638,76,83,49607330,25103,0,0,0
2026-04-30 00:40:14,184661578,55729,64062921,282238,19463,67,83,49619897,12567,0,0,0
2026-04-30 00:40:15,184717871,56293,64082381,282335,19557,78,83,49632457,12560,0,0,0
2026-04-30 00:40:16,184774558,56687,64102033,282439,19756,81,83,49645016,12559,0,0,0
2026-04-30 00:40:17,184830863,56305,64121531,282528,19587,79,83,49657562,12546,0,0,0
2026-04-30 00:40:19,184885817,54954,64140568,282622,19131,82,83,49670127,12565,0,0,0
2026-04-30 00:40:20,184940240,54423,64159487,282704,19001,75,83,49695259,25132,0,0,0
2026-04-30 00:40:21,184996384,56144,64178951,282791,19551,76,83,49707824,12565,0,0,0
2026-04-30 00:40:22,185052512,56128,64198415,282892,19565,82,83,49720382,12558,0,0,0
2026-04-30 00:40:23,185108470,55958,64217779,282970,19442,78,83,49732925,12543,0,0,0
2026-04-30 00:40:24,185162427,53957,64236540,283058,18849,75,83,49745454,12529,0,0,0
2026-04-30 00:40:25,185215909,53482,64255082,283156,18640,77,83,49757983,12529,0,0,0
2026-04-30 00:40:27,185266698,50789,64272680,283240,17682,79,83,49770520,12537,0,0,0
2026-04-30 00:40:28,185320990,54292,64291509,283318,18907,80,83,49795681,25161,0,0,0
2026-04-30 00:40:29,185376554,55564,64310834,283389,19396,76,83,49808280,12599,0,0,0
2026-04-30 00:40:30,185432176,55622,64330086,283483,19346,77,83,49820850,12570,0,0,0
2026-04-30 00:40:31,185488580,56404,64349652,283566,19649,79,83,49833394,12544,0,0,0
2026-04-30 00:40:32,185544895,56315,64369184,283672,19638,67,83,49845925,12531,0,0,0
2026-04-30 00:40:33,185600708,55813,64388539,283744,19427,80,83,49858459,12534,0,0,0
2026-04-30 00:40:35,185655205,54497,64407446,283827,18990,81,83,49870988,12529,0,0,0
2026-04-30 00:40:36,185711833,56628,64427087,283902,19716,81,83,49896065,25077,0,0,0
2026-04-30 00:40:37,185768026,56193,64446604,283994,19609,78,83,49908601,12536,0,0,0
2026-04-30 00:40:38,185824439,56413,64466154,284089,19645,80,83,49921153,12552,0,0,0
2026-04-30 00:40:39,185879708,55269,64485319,284168,19244,72,83,49933704,12551,0,0,0
2026-04-30 00:40:40,185934810,55102,64504447,284262,19222,82,83,49946301,12597,0,0,0
2026-04-30 00:40:42,185990041,55231,64523567,284345,19203,68,83,49958851,12550,0,0,0
2026-04-30 00:40:43,186043305,53264,64542048,284422,18558,79,83,49983914,25063,0,0,0
2026-04-30 00:40:44,186099444,56139,64561514,284499,19543,80,83,49996461,12547,0,0,0
2026-04-30 00:40:45,186154303,54859,64580542,284585,19114,76,83,50009002,12541,0,0,0
2026-04-30 00:40:46,186207858,53555,64599156,284665,18694,78,83,50021536,12534,0,0,0
2026-04-30 00:40:47,186263465,55607,64618465,284748,19392,78,83,50034083,12547,0,0,0
2026-04-30 00:40:48,186316020,52555,64636677,284834,18298,79,83,50046654,12571,0,0,0
2026-04-30 00:40:50,186364451,48431,64653488,284899,16876,82,83,50059241,12587,0,0,0
2026-04-30 00:40:51,186413655,49204,64670515,284957,17085,80,83,50084313,25072,0,0,0
2026-04-30 00:40:52,186466369,52714,64688773,285035,18336,81,83,50096770,12457,0,0,0
2026-04-30 00:40:53,186519604,53235,64707186,285126,18504,78,83,50109228,12458,0,0,0
2026-04-30 00:40:54,186569581,49977,64724505,285214,17407,77,83,50121693,12465,0,0,0
2026-04-30 00:40:55,186620869,51288,64742283,285284,17848,82,83,50134222,12529,0,0,0
2026-04-30 00:40:56,186666352,45483,64758111,285353,15897,82,83,50146774,12552,0,0,0
2026-04-30 00:40:58,186713370,47018,64774412,285422,16370,82,83,50159299,12525,0,0,0
2026-04-30 00:40:59,186760109,46739,64790623,285495,16284,78,83,50184275,24976,0,0,0
2026-04-30 00:41:00,186813896,53787,64809274,285587,18743,79,83,50196777,12502,0,0,0
2026-04-30 00:41:01,186868837,54941,64828334,285655,19128,78,83,50209268,12491,0,0,0
2026-04-30 00:41:02,186924325,55488,64847598,285736,19345,75,83,50221758,12490,0,0,0
2026-04-30 00:41:03,186979705,55380,64866815,285819,19300,77,83,50234245,12487,0,0,0
2026-04-30 00:41:04,187032554,52849,64885198,285898,18462,81,83,50246732,12487,0,0,0
2026-04-30 00:41:06,187080182,47628,64901676,285978,16558,59,83,50259241,12509,0,0,0
2026-04-30 00:41:07,187134517,54335,64920505,286052,18903,78,83,50284252,25011,0,0,0
2026-04-30 00:41:08,187188630,54113,64939248,286141,18832,77,83,50296758,12506,0,0,0
2026-04-30 00:41:09,187241773,53143,64957702,286237,18550,82,83,50309265,12507,0,0,0
2026-04-30 00:41:10,187295934,54161,64976510,286318,18889,81,83,50321797,12532,0,0,0
2026-04-30 00:41:11,187348843,52909,64994891,286397,18460,78,83,50334292,12495,0,0,0
2026-04-30 00:41:12,187397668,48825,65011870,286472,17054,82,83,50346663,12371,0,0,0
2026-04-30 00:41:14,187444217,46549,65027950,286547,16155,77,83,50358966,12303,0,0,0
2026-04-30 00:41:15,187489719,45502,65043760,286615,15878,69,83,50371305,12339,0,0,0
2026-04-30 00:41:16,187539955,50236,65061187,286681,17493,72,83,50396044,24739,0,0,0
2026-04-30 00:41:17,187590807,50852,65078796,286768,17696,75,83,50408393,12349,0,0,0
2026-04-30 00:41:18,187641121,50314,65096238,286841,17515,76,83,50420741,12348,0,0,0
2026-04-30 00:41:19,187691340,50219,65113688,286924,17533,76,83,50433092,12351,0,0,0
2026-04-30 00:41:20,187740960,49620,65130940,287013,17341,82,83,50445450,12358,0,0,0
2026-04-30 00:41:22,187786036,45076,65146580,287081,15708,74,83,50457787,12337,0,0,0
2026-04-30 00:41:23,187833423,47387,65162979,287152,16470,82,83,50470148,12361,0,0,0
2026-04-30 00:41:24,187883115,49692,65180176,287230,17275,77,83,50494864,24716,0,0,0
2026-04-30 00:41:25,187934255,51140,65197943,287299,17836,75,83,50507223,12359,0,0,0
2026-04-30 00:41:26,187985519,51264,65215724,287379,17861,82,83,50519596,12373,0,0,0
2026-04-30 00:41:27,188036401,50882,65233417,287453,17767,78,83,50531931,12335,0,0,0
2026-04-30 00:41:28,188085572,49171,65250534,287516,17180,82,83,50544261,12330,0,0,0
2026-04-30 00:41:30,188130494,44922,65266088,287581,15619,82,83,50556562,12301,0,0,0
2026-04-30 00:41:31,188176580,46086,65282067,287654,16052,81,83,50568866,12304,0,0,0
2026-04-30 00:41:32,188227568,50988,65299717,287731,17727,78,83,50593534,24668,0,0,0
2026-04-30 00:41:33,188280956,53388,65318272,287828,18652,81,83,50605874,12340,0,0,0
2026-04-30 00:41:34,188335476,54520,65337207,287915,19022,80,83,50618219,12345,0,0,0
2026-04-30 00:41:35,188390549,55073,65356305,288023,19206,77,83,50630554,12335,0,0,0
2026-04-30 00:41:36,188445294,54745,65375296,288109,19077,77,83,50642900,12346,0,0,0
2026-04-30 00:41:38,188496713,51419,65393132,288187,17914,80,83,50655212,12312,0,0,0
2026-04-30 00:41:39,188552484,55771,65412480,288267,19428,82,83,50679829,24617,0,0,0
2026-04-30 00:41:40,188608673,56189,65431941,288367,19561,79,83,50692165,12336,0,0,0
2026-04-30 00:41:41,188665210,56537,65451561,288444,19697,72,83,50704524,12359,0,0,0
2026-04-30 00:41:42,188720911,55701,65470868,288528,19391,76,83,50716800,12276,0,0,0
2026-04-30 00:41:43,188776710,55799,65490252,288610,19466,75,83,50729050,12250,0,0,0
2026-04-30 00:41:44,188831509,54799,65509323,288704,19165,81,83,50741317,12267,0,0,0
2026-04-30 00:41:46,188886486,54977,65528362,288786,19121,82,83,50753565,12248,0,0,0
2026-04-30 00:41:47,188943206,56720,65547968,288870,19690,76,83,50778114,24549,0,0,0
2026-04-30 00:41:48,188999863,56657,65567626,288959,19747,73,83,50790381,12267,0,0,0
2026-04-30 00:41:49,189055095,55232,65586772,289058,19245,82,83,50802643,12262,0,0,0
2026-04-30 00:41:50,189107643,52548,65604962,289146,18278,82,83,50814886,12243,0,0,0
2026-04-30 00:41:51,189162747,55104,65624105,289228,19225,80,83,50827184,12298,0,0,0
2026-04-30 00:41:52,189216238,53491,65642692,289306,18665,81,83,50839465,12281,0,0,0
2026-04-30 00:41:54,189266656,50418,65660201,289376,17579,74,74,50851748,12283,0,0,0
2026-04-30 00:41:55,189315021,48365,65676976,289433,16832,43,45,50876263,24515,0,0,0
2026-04-30 00:41:56,189346879,31858,65688033,289479,11103,18,18,50888472,12209,0,0,0
2026-04-30 00:41:57,189353506,6627,65690347,289486,2321,2,2,50900718,12246,0,0,0
2026-04-30 00:41:58,189353511,5,65690347,289486,0,2,2,50912948,12230,0,0,0
2026-04-30 00:41:59,189353516,5,65690347,289486,0,2,1,50925129,12181,0,0,0
