timestamp,questions,qps,com_commit,com_rollback,tps,threads_running,threads_connected,pages_flushed,pages_flushed_ps,purge_trx_id,purge_tps,history_list_length
2026-04-23 10:47:56,17,0,0,0,0,1,1,0,0,0,0,0
2026-04-23 10:47:57,25,8,0,0,0,1,3,0,0,0,0,0
2026-04-23 10:47:58,723,698,232,0,232,4,6,0,0,0,0,188
2026-04-23 10:47:59,2658,1935,903,2,673,6,8,0,0,0,0,583
2026-04-23 10:48:00,6117,3459,2109,2,1206,8,10,0,0,0,0,174
2026-04-23 10:48:01,11400,5283,3944,12,1845,11,13,0,0,0,0,870
2026-04-23 10:48:02,18533,7133,6417,19,2480,13,15,0,0,0,0,2268
2026-04-23 10:48:04,27812,9279,9627,34,3225,15,17,0,0,0,0,5192
2026-04-23 10:48:05,38918,11106,13493,49,3881,17,19,0,0,0,0,4209
2026-04-23 10:48:06,51999,13081,18035,69,4562,20,22,0,0,0,0,7666
2026-04-23 10:48:07,66563,14564,23094,95,5085,21,24,0,0,0,0,4800
2026-04-23 10:48:08,83201,16638,28868,120,5799,24,26,0,0,0,0,3906
2026-04-23 10:48:09,102236,19035,35469,152,6633,26,29,0,0,0,0,1978
2026-04-23 10:48:11,122231,19995,42394,184,6957,27,31,0,0,0,0,7733
2026-04-23 10:48:12,143339,21108,49723,226,7371,31,33,0,0,0,0,14210
2026-04-23 10:48:13,165888,22549,57575,254,7880,34,36,0,0,0,0,21269
2026-04-23 10:48:14,190732,24844,66179,288,8638,34,38,0,0,0,0,27778
2026-04-23 10:48:15,216638,25906,75184,320,9037,30,40,0,0,0,0,31480
2026-04-23 10:48:16,244279,27641,84760,362,9618,38,43,0,0,0,0,39525
2026-04-23 10:48:18,273609,29330,94942,402,10222,40,45,0,0,0,0,48473
2026-04-23 10:48:19,304841,31232,105790,453,10899,45,47,0,0,0,0,56979
2026-04-23 10:48:20,336499,31658,116735,503,10995,46,50,0,0,0,0,65880
2026-04-23 10:48:21,369125,32626,128053,549,11364,49,52,0,0,0,0,75269
2026-04-23 10:48:22,401490,32365,139305,609,11312,50,54,0,0,0,0,81912
2026-04-23 10:48:23,435793,34303,151170,661,11917,54,57,0,0,0,0,90896
2026-04-23 10:48:25,470810,35017,163313,720,12202,57,59,0,0,0,0,100151
2026-04-23 10:48:26,508355,37545,176336,773,13076,58,61,0,0,0,0,110126
2026-04-23 10:48:27,546999,38644,189750,826,13467,58,64,0,0,0,0,119242
2026-04-23 10:48:28,585979,38980,203247,892,13563,64,66,0,0,0,0,127186
2026-04-23 10:48:29,624661,38682,216727,953,13541,65,68,0,0,0,0,131992
2026-04-23 10:48:30,667489,42828,231580,1015,14915,66,71,0,0,0,0,141488
2026-04-23 10:48:32,711603,44114,246898,1073,15376,70,73,0,0,0,0,150053
2026-04-23 10:48:33,756591,44988,262446,1143,15618,68,76,0,0,0,0,155683
2026-04-23 10:48:34,802460,45869,278344,1211,15966,75,78,0,0,0,0,168619
2026-04-23 10:48:35,831457,28997,288418,1254,10117,71,80,40120,40120,0,0,170894
2026-04-23 10:48:36,860705,29248,298566,1295,10189,81,83,60187,20067,0,0,174698
2026-04-23 10:48:37,889031,28326,308404,1343,9886,81,83,100247,40060,0,0,181751
2026-04-23 10:48:39,918121,29090,318481,1384,10118,81,83,140273,40026,0,0,186926
2026-04-23 10:48:40,949250,31129,329301,1424,10860,75,83,160309,20036,0,0,194776
2026-04-23 10:48:41,980768,31518,340222,1474,10971,81,83,200327,40018,0,0,198445
2026-04-23 10:48:42,1011550,30782,350866,1533,10703,81,83,240340,40013,0,0,194882
2026-04-23 10:48:43,1044505,32955,362330,1593,11524,80,83,260358,20018,0,0,198446
2026-04-23 10:48:45,1077534,33029,373750,1635,11462,81,83,300378,40020,0,0,199624
2026-04-23 10:48:46,1107448,29914,384138,1681,10434,80,83,320389,20011,0,0,197117
2026-04-23 10:48:47,1140338,32890,395559,1730,11470,81,83,360418,40029,0,0,197519
2026-04-23 10:48:48,1174079,33741,407287,1783,11781,78,83,400437,40019,0,0,190032
2026-04-23 10:48:49,1205260,31181,418136,1833,10899,81,83,420452,20015,0,0,173248
2026-04-23 10:48:50,1240040,34780,430200,1888,12119,81,83,460511,40059,0,0,170773
2026-04-23 10:48:52,1272162,32122,441322,1937,11171,80,83,500526,40015,0,0,169765
2026-04-23 10:48:53,1304909,32747,452727,1982,11450,75,83,520561,20035,0,0,167507
2026-04-23 10:48:54,1337236,32327,463905,2033,11229,80,83,560587,40026,0,0,169679
2026-04-23 10:48:55,1368492,31256,474750,2079,10891,81,83,580612,20025,0,0,164186
2026-04-23 10:48:56,1393157,24665,483313,2119,8603,65,83,620621,40009,0,0,164375
2026-04-23 10:48:57,1418913,25756,492273,2167,9008,81,83,640621,20000,0,0,162474
2026-04-23 10:48:59,1445202,26289,501354,2212,9126,79,83,660621,20000,0,0,160849
2026-04-23 10:49:00,1479564,34362,513263,2263,11960,81,83,703955,43334,0,0,163500
2026-04-23 10:49:01,1500263,20699,520492,2294,7260,81,83,723955,20000,0,0,158308
2026-04-23 10:49:02,1530188,29925,530885,2343,10442,81,83,767295,43340,0,0,149897
2026-04-23 10:49:03,1562431,32243,542083,2396,11251,81,83,787295,20000,0,0,146862
2026-04-23 10:49:05,1593899,31468,553003,2433,10957,81,83,830628,43333,0,0,148398
2026-04-23 10:49:06,1620760,26861,562362,2469,9395,73,83,847295,16667,0,0,146667
2026-04-23 10:49:07,1649978,29218,572459,2516,10144,81,83,887310,40015,0,0,147924
2026-04-23 10:49:08,1678558,28580,582372,2570,9967,80,83,910647,23337,0,0,151249
2026-04-23 10:49:09,1713793,35235,594619,2633,12310,81,83,950665,40018,0,0,142178
2026-04-23 10:49:10,1744620,30827,605304,2687,10739,79,83,970673,20008,0,0,141462
2026-04-23 10:49:12,1775667,31047,616047,2734,10790,81,83,1014038,43365,0,0,142676
2026-04-23 10:49:13,1806346,30679,626734,2777,10730,81,83,1030716,16678,0,0,143065
2026-04-23 10:49:14,1837229,30883,637478,2817,10784,80,83,1077655,46939,0,0,146030
2026-04-23 10:49:15,1872866,35637,649794,2879,12378,81,83,1097211,19556,0,0,143418
2026-04-23 10:49:16,1895337,22471,657599,2914,7840,61,83,1137215,40004,0,0,138840
2026-04-23 10:49:18,1930024,34687,669634,2968,12089,81,83,1157228,20013,0,0,139545
2026-04-23 10:49:19,1964016,33992,681424,3012,11834,80,83,1200594,43366,0,0,137222
2026-04-23 10:49:20,1993905,29889,691800,3062,10426,81,83,1240618,40024,0,0,136835
2026-04-23 10:49:21,2024157,30252,702338,3094,10570,81,83,1263977,23359,0,0,132413
2026-04-23 10:49:22,2061262,37105,715178,3146,12892,81,83,1307336,43359,0,0,123559
2026-04-23 10:49:23,2100278,39016,728707,3206,13589,81,83,1350681,43345,0,0,123659
2026-04-23 10:49:25,2139521,39243,742320,3265,13672,78,83,1390696,40015,0,0,126631
2026-04-23 10:49:26,2179916,40395,756310,3334,14059,81,83,1430714,40018,0,0,128034
2026-04-23 10:49:27,2212658,32742,767733,3375,11464,80,83,1470730,40016,0,0,130379
2026-04-23 10:49:28,2248566,35908,780164,3425,12481,81,83,1510742,40012,0,0,128855
2026-04-23 10:49:29,2280576,32010,791317,3470,11198,80,83,1550771,40029,0,0,121533
2026-04-23 10:49:31,2315127,34551,803304,3520,12037,74,83,1600931,50160,0,0,124684
2026-04-23 10:49:32,2343874,28747,813298,3561,10035,72,83,1630804,29873,0,0,129093
2026-04-23 10:49:33,2378418,34544,825251,3618,12010,79,83,1670808,40004,0,0,125921
2026-04-23 10:49:34,2409334,30916,835986,3670,10787,79,83,1710812,40004,0,0,129436
2026-04-23 10:49:35,2441544,32210,847166,3709,11219,81,83,1760769,49957,0,0,130410
2026-04-23 10:49:36,2479303,37759,860303,3764,13192,78,83,1790827,30058,0,0,122394
2026-04-23 10:49:38,2515101,35798,872702,3817,12452,80,83,1830841,40014,0,0,124609
2026-04-23 10:49:39,2546240,31139,883544,3867,10892,81,83,1870841,40000,0,0,129799
2026-04-23 10:49:40,2587447,41207,897811,3919,14319,78,83,1910850,40009,0,0,134953
2026-04-23 10:49:41,2615927,28480,907699,3970,9939,76,83,1960405,49555,0,0,134665
2026-04-23 10:49:42,2655717,39790,921518,4026,13875,72,83,1990900,30495,0,0,132515
2026-04-23 10:49:43,2688721,33004,932931,4075,11462,76,83,2030993,40093,0,0,126098
2026-04-23 10:49:45,2730805,42084,947552,4126,14672,72,83,2071056,40063,0,0,130311
2026-04-23 10:49:46,2772117,41312,961888,4193,14403,76,83,2111100,40044,0,0,134537
2026-04-23 10:49:47,2812112,39995,975792,4254,13965,81,83,2160491,49391,0,0,138596
2026-04-23 10:49:48,2852490,40378,989799,4318,14071,79,83,2211188,50697,0,0,140979
2026-04-23 10:49:49,2891903,39413,1003497,4373,13753,81,83,2251201,40013,0,0,134149
2026-04-23 10:49:51,2928280,36377,1016102,4421,12653,81,83,2291212,40011,0,0,138250
2026-04-23 10:49:52,2956908,28628,1026022,4476,9975,81,83,2311212,20000,0,0,139890
2026-04-23 10:49:53,2985685,28777,1035977,4524,10003,81,83,2351212,40000,0,0,141688
2026-04-23 10:49:54,3021200,35515,1048308,4580,12387,81,83,2391216,40004,0,0,141134
2026-04-23 10:49:55,3058655,37455,1061337,4633,13082,81,83,2431250,40034,0,0,142744
2026-04-23 10:49:56,3092507,33852,1073069,4681,11780,80,83,2471261,40011,0,0,137106
2026-04-23 10:49:58,3116911,24404,1081510,4724,8484,70,83,2491261,20000,0,0,139005
2026-04-23 10:49:59,3145711,28800,1091491,4765,10022,78,83,2544249,52988,0,0,137963
2026-04-23 10:50:00,3181003,35292,1103775,4803,12322,81,83,2571279,27030,0,0,143313
2026-04-23 10:50:01,3210629,29626,1114024,4848,10294,72,83,2611284,40005,0,0,134909
2026-04-23 10:50:02,3227298,16669,1119805,4868,5801,81,83,2644223,32939,0,0,126155
2026-04-23 10:50:03,3253034,25736,1128781,4912,9020,81,83,2684194,39971,0,0,131223
2026-04-23 10:50:05,3280015,26981,1138110,4956,9373,81,83,2711315,27121,0,0,126687
2026-04-23 10:50:06,3318558,38543,1151456,5029,13419,80,83,2751353,40038,0,0,131162
2026-04-23 10:50:07,3356148,37590,1164465,5076,13056,80,83,2791365,40012,0,0,135057
2026-04-23 10:50:08,3387536,31388,1175350,5134,10943,79,83,2831365,40000,0,0,131306
2026-04-23 10:50:09,3418949,31413,1186244,5186,10946,67,83,2871365,40000,0,0,122651
2026-04-23 10:50:10,3442052,23103,1194230,5226,8026,81,83,2924250,52885,0,0,126821
2026-04-23 10:50:12,3466873,24821,1202867,5264,8675,77,83,2951391,27141,0,0,125312
2026-04-23 10:50:13,3489802,22929,1210836,5294,7999,81,83,3004502,53111,0,0,126147
2026-04-23 10:50:14,3521532,31730,1221835,5342,11047,81,83,3051465,46963,0,0,129974
2026-04-23 10:50:15,3555888,34356,1233680,5391,11894,81,83,3091466,40001,0,0,133048
2026-04-23 10:50:16,3587308,31420,1244606,5443,10978,81,83,3144591,53125,0,0,133669
2026-04-23 10:50:17,3620533,33225,1256148,5493,11592,81,83,3184576,39985,0,0,125587
2026-04-23 10:50:19,3656832,36299,1268757,5543,12659,80,83,3211512,26936,0,0,129240
2026-04-23 10:50:20,3688390,31558,1279729,5593,11022,80,83,3251533,40021,0,0,131458
2026-04-23 10:50:21,3722651,34261,1291605,5634,11917,81,83,3311538,60005,0,0,133006
2026-04-23 10:50:22,3754684,32033,1302763,5673,11197,81,83,3351568,40030,0,0,135415
2026-04-23 10:50:23,3786972,32288,1313935,5712,11211,81,83,3398023,46455,0,0,132071
2026-04-23 10:50:25,3817260,30288,1324436,5765,10554,81,83,3424760,26737,0,0,126989
2026-04-23 10:50:26,3848840,31580,1335405,5813,11017,81,83,3464795,40035,0,0,127666
2026-04-23 10:50:27,3875005,26165,1344531,5845,9158,81,83,3504801,40006,0,0,130854
2026-04-23 10:50:28,3914473,39468,1358249,5900,13773,81,83,3544898,40097,0,0,136350
2026-04-23 10:50:29,3944579,30106,1368696,5947,10494,81,83,3584923,40025,0,0,139818
2026-04-23 10:50:30,3978711,34132,1380521,6007,11885,81,83,3624934,40011,0,0,137930
2026-04-23 10:50:32,4005137,26426,1389699,6050,9221,81,83,3644942,20008,0,0,140291
2026-04-23 10:50:33,4033938,28801,1399696,6091,10038,82,84,3684943,40001,0,0,143324
2026-04-23 10:50:34,4069716,35778,1412096,6150,12459,79,83,3724958,40015,0,0,148228
2026-04-23 10:50:35,4097537,27821,1421799,6183,9736,81,83,3760077,35119,0,0,149500
2026-04-23 10:50:36,4126427,28890,1431807,6217,10042,81,83,3800038,39961,0,0,149481
2026-04-23 10:50:37,4154007,27580,1441382,6260,9618,81,83,3840187,40149,0,0,148245
2026-04-23 10:50:39,4181991,27984,1451022,6305,9685,81,83,3864963,24776,0,0,146673
2026-04-23 10:50:40,4211432,29441,1461254,6354,10281,81,83,3904963,40000,0,0,151271
2026-04-23 10:50:41,4232067,20635,1468454,6389,7235,81,83,3944965,40002,0,0,152985
2026-04-23 10:50:42,4259344,27277,1477952,6427,9536,81,83,3985018,40053,0,0,153605
2026-04-23 10:50:43,4286901,27557,1487534,6460,9615,81,83,4025066,40048,0,0,155906
2026-04-23 10:50:44,4319952,33051,1498990,6504,11500,81,83,4045089,20023,0,0,147691
2026-04-23 10:50:46,4354767,34815,1511056,6544,12106,81,83,4085150,40061,0,0,147467
2026-04-23 10:50:47,4385342,30575,1521668,6593,10661,81,83,4125155,40005,0,0,150731
2026-04-23 10:50:48,4414452,29110,1531836,6639,10214,81,83,4165155,40000,0,0,153521
2026-04-23 10:50:49,4440615,26163,1540868,6677,9070,76,83,4205155,40000,0,0,153671
2026-04-23 10:50:50,4465307,24692,1549503,6729,8687,80,83,4245157,40002,0,0,150961
2026-04-23 10:50:51,4502729,37422,1562456,6789,13013,81,83,4265221,20064,0,0,146991
2026-04-23 10:50:53,4536224,33495,1574009,6840,11604,77,83,4305252,40031,0,0,138307
2026-04-23 10:50:54,4563136,26912,1583399,6883,9433,79,83,4325260,20008,0,0,138633
2026-04-23 10:50:55,4590528,27392,1592889,6926,9533,81,83,4365266,40006,0,0,140317
2026-04-23 10:50:56,4615674,25146,1601623,6952,8760,79,83,4405267,40001,0,0,138791
2026-04-23 10:50:57,4640249,24575,1610213,6985,8623,81,83,4445283,40016,0,0,137926
2026-04-23 10:50:58,4663994,23745,1618398,7024,8224,81,83,4480746,35463,0,0,140604
2026-04-23 10:51:00,4693678,29684,1628665,7070,10313,81,83,4505406,24660,0,0,138449
2026-04-23 10:51:01,4718111,24433,1637149,7100,8514,79,83,4545441,40035,0,0,139676
2026-04-23 10:51:02,4739990,21879,1644767,7137,7655,81,83,4565441,20000,0,0,139994
2026-04-23 10:51:03,4764886,24896,1653443,7167,8706,81,83,4605447,40006,0,0,142885
2026-04-23 10:51:04,4789297,24411,1661877,7198,8465,81,83,4645466,40019,0,0,140150
2026-04-23 10:51:05,4817530,28233,1671683,7250,9858,81,83,4665518,20052,0,0,142403
2026-04-23 10:51:07,4840935,23405,1679786,7290,8143,81,83,4705529,40011,0,0,144782
2026-04-23 10:51:08,4866078,25143,1688477,7334,8735,81,83,4725544,20015,0,0,147743
2026-04-23 10:51:09,4892290,26212,1697589,7389,9167,79,83,4765544,40000,0,0,151010
2026-04-23 10:51:10,4923005,30715,1708227,7427,10676,81,83,4805774,40230,0,0,154559
2026-04-23 10:51:11,4942327,19322,1714949,7458,6753,81,83,4825777,20003,0,0,151947
2026-04-23 10:51:12,4965979,23652,1723167,7496,8256,81,83,4865781,40004,0,0,150170
2026-04-23 10:51:14,4990783,24804,1731788,7537,8662,81,83,4905793,40012,0,0,151329
2026-04-23 10:51:15,5013377,22594,1739556,7568,7799,81,83,4925807,20014,0,0,151778
2026-04-23 10:51:16,5039003,25626,1748476,7601,8953,81,83,4965843,40036,0,0,154819
2026-04-23 10:51:17,5067646,28643,1758385,7652,9960,75,83,5005866,40023,0,0,155399
2026-04-23 10:51:18,5097160,29514,1768645,7696,10304,81,83,5041341,35475,0,0,156117
2026-04-23 10:51:19,5126570,29410,1778797,7735,10191,81,83,5065932,24591,0,0,154555
2026-04-23 10:51:21,5156341,29771,1789142,7772,10382,73,83,5121390,55458,0,0,154643
2026-04-23 10:51:22,5180606,24265,1797566,7807,8459,75,83,5145949,24559,0,0,158483
2026-04-23 10:51:23,5216431,35825,1809998,7842,12467,81,83,5185952,40003,0,0,160361
2026-04-23 10:51:24,5246201,29770,1820317,7887,10364,81,83,5225964,40012,0,0,164580
2026-04-23 10:51:25,5275953,29752,1830643,7922,10361,81,83,5265998,40034,0,0,164098
2026-04-23 10:51:26,5308053,32100,1841786,7972,11193,81,83,5306040,40042,0,0,158274
2026-04-23 10:51:28,5336180,28127,1851509,8017,9768,81,83,5346072,40032,0,0,160151
2026-04-23 10:51:29,5367985,31805,1862536,8068,11078,80,83,5381583,35511,0,0,162826
2026-04-23 10:51:30,5407117,39132,1876097,8129,13622,71,83,5421670,40087,0,0,166651
2026-04-23 10:51:31,5436319,29202,1886216,8177,10167,81,83,5461745,40075,0,0,169108
2026-04-23 10:51:32,5473317,36998,1899048,8234,12889,72,83,5481758,20013,0,0,174023
2026-04-23 10:51:33,5504598,31281,1909915,8273,10906,78,83,5541768,60010,0,0,165637
2026-04-23 10:51:35,5539583,34985,1922017,8327,12156,81,83,5577282,35514,0,0,166956
2026-04-23 10:51:36,5567323,27740,1931647,8375,9678,81,83,5617285,40003,0,0,167751
2026-04-23 10:51:37,5602536,35213,1943894,8432,12304,81,83,5657308,40023,0,0,170866
2026-04-23 10:51:38,5632940,30404,1954459,8476,10609,75,83,5697312,40004,0,0,170984
2026-04-23 10:51:39,5669157,36217,1967023,8525,12613,79,83,5737336,40024,0,0,171356
2026-04-23 10:51:41,5701787,32630,1978300,8577,11329,81,83,5757356,20020,0,0,167931
2026-04-23 10:51:42,5731439,29652,1988608,8620,10351,81,83,5812869,55513,0,0,171061
2026-04-23 10:51:43,5763954,32515,1999883,8671,11326,81,83,5837364,24495,0,0,176551
2026-04-23 10:51:44,5792923,28969,2009940,8725,10111,74,83,5877367,40003,0,0,167498
2026-04-23 10:51:45,5822652,29729,2020261,8763,10359,81,83,5917382,40015,0,0,170527
2026-04-23 10:51:46,5857173,34521,2032221,8825,12022,81,83,5953373,35991,0,0,171410
2026-04-23 10:51:48,5879772,22599,2040063,8857,7874,78,83,5993378,40005,0,0,161411
2026-04-23 10:51:49,5917445,37673,2053128,8912,13120,76,83,6033423,40045,0,0,159765
2026-04-23 10:51:50,5944571,27126,2062526,8964,9450,80,83,6073437,40014,0,0,160443
2026-04-23 10:51:51,5970855,26284,2071635,9006,9151,81,83,6113459,40022,0,0,163028
2026-04-23 10:51:52,6003127,32272,2082876,9043,11278,80,83,6134617,21158,0,0,166312
2026-04-23 10:51:53,6038972,35845,2095329,9097,12507,81,83,6174625,40008,0,0,160025
2026-04-23 10:51:55,6069944,30972,2106054,9146,10774,79,83,6214625,40000,0,0,164750
2026-04-23 10:51:56,6097862,27918,2115775,9182,9757,81,83,6254625,40000,0,0,166836
2026-04-23 10:51:57,6128358,30496,2126342,9229,10614,79,83,6294724,40099,0,0,168715
2026-04-23 10:51:58,6163810,35452,2138676,9284,12389,81,83,6334746,40022,0,0,168652
2026-04-23 10:51:59,6197966,34156,2150496,9326,11862,81,83,6375107,40361,0,0,172912
2026-04-23 10:52:01,6228046,30080,2160935,9378,10491,80,83,6415127,40020,0,0,165796
2026-04-23 10:52:02,6258118,30072,2171362,9430,10479,81,83,6455131,40004,0,0,166846
2026-04-23 10:52:03,6285655,27537,2180953,9474,9635,81,83,6495166,40035,0,0,167203
2026-04-23 10:52:04,6318789,33134,2192423,9533,11529,76,83,6515299,20133,0,0,169368
2026-04-23 10:52:05,6347414,28625,2202377,9576,9997,80,83,6555310,40011,0,0,170042
2026-04-23 10:52:06,6374554,27140,2211789,9609,9445,81,83,6595312,40002,0,0,168332
2026-04-23 10:52:08,6406919,32365,2222998,9657,11257,79,83,6635378,40066,0,0,163410
2026-04-23 10:52:09,6431406,24487,2231479,9692,8516,78,83,6675404,40026,0,0,163074
2026-04-23 10:52:10,6461030,29624,2241772,9746,10347,81,83,6715414,40010,0,0,168914
2026-04-23 10:52:11,6495753,34723,2253784,9798,12064,81,83,6755414,40000,0,0,174660
2026-04-23 10:52:12,6526513,30760,2264496,9842,10756,81,83,6795414,40000,0,0,155717
2026-04-23 10:52:13,6556882,30369,2275007,9885,10554,78,83,6831370,35956,0,0,159613
2026-04-23 10:52:15,6588163,31281,2285916,9930,10954,81,83,6871374,40004,0,0,156367
2026-04-23 10:52:16,6626731,38568,2299253,9986,13393,76,83,6911407,40033,0,0,159685
2026-04-23 10:52:17,6653781,27050,2308649,10034,9444,81,83,6951419,40012,0,0,164878
2026-04-23 10:52:18,6683255,29474,2318872,10085,10274,81,83,6991755,40336,0,0,161617
2026-04-23 10:52:19,6714121,30866,2329580,10142,10765,81,83,7031765,40010,0,0,165888
2026-04-23 10:52:21,6745246,31125,2340366,10192,10836,81,83,7072828,41063,0,0,155840
2026-04-23 10:52:22,6774977,29731,2350715,10236,10393,81,83,7112861,40033,0,0,156951
2026-04-23 10:52:23,6807351,32374,2361928,10290,11267,72,83,7132863,20002,0,0,153460
2026-04-23 10:52:24,6847182,39831,2375792,10345,13919,81,83,7172909,40046,0,0,156131
2026-04-23 10:52:25,6880563,33381,2387386,10397,11646,81,83,7192928,20019,0,0,158289
2026-04-23 10:52:26,6908672,28109,2397107,10444,9768,80,83,7232936,40008,0,0,160245
2026-04-23 10:52:28,6937080,28408,2406982,10487,9918,81,83,7272950,40014,0,0,158813
2026-04-23 10:52:29,6964220,27140,2416379,10528,9438,80,83,7312960,40010,0,0,162305
2026-04-23 10:52:30,6997274,33054,2427779,10581,11453,81,83,7352971,40011,0,0,164066
2026-04-23 10:52:31,7022633,25359,2436632,10618,8890,80,83,7392979,40008,0,0,166774
2026-04-23 10:52:32,7049273,26640,2445803,10665,9218,80,83,7432979,40000,0,0,168095
2026-04-23 10:52:33,7068905,19632,2452644,10711,6887,81,83,7472979,40000,0,0,161739
2026-04-23 10:52:35,7100490,31585,2463576,10761,10982,81,83,7492983,20004,0,0,161206
2026-04-23 10:52:36,7134457,33967,2475323,10808,11794,75,83,7533092,40109,0,0,163154
2026-04-23 10:52:37,7163193,28736,2485299,10852,10020,81,83,7553105,20013,0,0,160382
2026-04-23 10:52:38,7184748,21555,2492807,10901,7557,81,83,7604654,51549,0,0,155720
2026-04-23 10:52:39,7216292,31544,2503759,10938,10989,81,83,7624656,20002,0,0,158748
2026-04-23 10:52:40,7239466,23174,2511777,10967,8047,81,83,7664673,40017,0,0,160462
2026-04-23 10:52:42,7270036,30570,2522397,11001,10654,81,83,7703215,38542,0,0,151825
2026-04-23 10:52:43,7299378,29342,2532611,11046,10259,81,83,7743215,40000,0,0,155870
2026-04-23 10:52:44,7327053,27675,2542192,11099,9634,81,83,7783215,40000,0,0,157691
2026-04-23 10:52:45,7359754,32701,2553579,11156,11444,80,83,7803230,20015,0,0,158408
2026-04-23 10:52:46,7387469,27715,2563251,11199,9715,80,83,7843237,40007,0,0,157962
2026-04-23 10:52:47,7420711,33242,2574737,11252,11539,80,83,7883280,40043,0,0,158362
2026-04-23 10:52:49,7441872,21161,2582110,11287,7408,81,83,7903280,20000,0,0,158861
2026-04-23 10:52:50,7473890,32018,2593221,11338,11162,80,83,7943455,40175,0,0,163469
2026-04-23 10:52:51,7500611,26721,2602501,11375,9317,81,83,7979539,36084,0,0,163036
2026-04-23 10:52:52,7529159,28548,2612414,11421,9959,81,83,8019610,40071,0,0,166507
2026-04-23 10:52:53,7557233,28074,2622153,11461,9779,73,83,8060515,40905,0,0,170031
2026-04-23 10:52:54,7587161,29928,2632539,11503,10428,81,83,8100589,40074,0,0,165113
2026-04-23 10:52:56,7618793,31632,2643521,11548,11027,81,83,8120666,20077,0,0,161622
2026-04-23 10:52:57,7651067,32274,2654693,11592,11216,81,83,8140731,20065,0,0,163392
2026-04-23 10:52:58,7671915,20848,2661956,11632,7303,74,83,8200752,60021,0,0,163242
2026-04-23 10:52:59,7705672,33757,2673637,11696,11745,70,83,8221149,20397,0,0,168850
2026-04-23 10:53:00,7733491,27819,2683256,11746,9669,80,83,8261151,40002,0,0,169274
2026-04-23 10:53:01,7760155,26664,2692533,11790,9321,80,83,8301155,40004,0,0,165735
2026-04-23 10:53:03,7782845,22690,2700408,11818,7903,81,83,8341177,40022,0,0,168737
2026-04-23 10:53:04,7806997,24152,2708763,11852,8389,81,83,8361191,20014,0,0,169559
2026-04-23 10:53:05,7831504,24507,2717312,11894,8591,81,83,8401206,40015,0,0,172047
2026-04-23 10:53:06,7858930,27426,2726787,11936,9517,77,83,8441208,40002,0,0,173726
2026-04-23 10:53:07,7887152,28222,2736590,11981,9848,81,83,8461211,20003,0,0,165439
2026-04-23 10:53:08,7913339,26187,2745657,12008,9094,80,83,8501217,40006,0,0,161846
2026-04-23 10:53:10,7933228,19889,2752598,12036,6969,81,83,8522244,21027,0,0,158268
2026-04-23 10:53:11,7959649,26421,2761789,12078,9233,81,83,8555754,33510,0,0,142920
2026-04-23 10:53:12,7983614,23965,2770072,12120,8325,77,83,8595768,40014,0,0,145224
2026-04-23 10:53:13,8004695,21081,2777441,12142,7391,81,83,8615771,20003,0,0,146609
2026-04-23 10:53:14,8034290,29595,2787702,12183,10302,81,83,8635785,20014,0,0,150489
2026-04-23 10:53:16,8056918,22628,2795542,12218,7875,80,83,8677021,41236,0,0,140750
2026-04-23 10:53:17,8082601,25683,2804444,12259,8943,81,83,8717034,40013,0,0,144935
2026-04-23 10:53:18,8106005,23404,2812519,12285,8101,81,83,8737062,20028,0,0,150926
2026-04-23 10:53:19,8137046,31041,2823335,12336,10867,81,83,8777106,40044,0,0,155486
2026-04-23 10:53:20,8161079,24033,2831644,12369,8342,81,83,8813025,35919,0,0,149970
2026-04-23 10:53:21,8191374,30295,2842143,12419,10549,81,83,8837366,24341,0,0,155990
2026-04-23 10:53:22,8213418,22044,2849792,12454,7684,80,83,8873313,35947,0,0,151078
2026-04-23 10:53:24,8241519,28101,2859467,12508,9729,75,83,8897434,24121,0,0,145937
2026-04-23 10:53:25,8264125,22606,2867327,12541,7893,77,83,8937449,40015,0,0,149457
2026-04-23 10:53:26,8290689,26564,2876527,12575,9234,81,83,8954448,16999,0,0,144592
2026-04-23 10:53:27,8316170,25481,2885399,12617,8914,78,83,8994480,40032,0,0,149130
2026-04-23 10:53:28,8335720,19550,2892200,12649,6833,81,83,9014509,20029,0,0,146339
2026-04-23 10:53:29,8367948,32228,2903401,12700,11252,81,83,9054634,40125,0,0,145879
2026-04-23 10:53:31,8386026,18078,2909639,12729,6267,81,83,9074635,20001,0,0,146248
2026-04-23 10:53:32,8413060,27034,2919026,12774,9432,81,83,9094637,20002,0,0,145611
2026-04-23 10:53:33,8442428,29368,2929181,12827,10208,79,83,9134649,40012,0,0,146185
2026-04-23 10:53:34,8456234,13806,2933958,12847,4797,81,83,9169903,35254,0,0,147229
2026-04-23 10:53:35,8480275,24041,2942374,12877,8446,81,83,9194649,24746,0,0,150883
2026-04-23 10:53:36,8502337,22062,2950045,12919,7713,81,83,9214649,20000,0,0,148802
2026-04-23 10:53:38,8526720,24383,2958468,12970,8474,81,83,9254662,40013,0,0,147948
2026-04-23 10:53:39,8553801,27081,2967897,13009,9468,81,83,9274703,20041,0,0,151529
2026-04-23 10:53:40,8577148,23347,2976031,13045,8170,81,83,9314710,40007,0,0,155650
2026-04-23 10:53:41,8606467,29319,2986186,13086,10196,67,83,9334730,20020,0,0,156326
2026-04-23 10:53:42,8631532,25065,2994886,13111,8725,81,83,9369992,35262,0,0,155573
2026-04-23 10:53:44,8658476,26944,3004287,13153,9443,81,83,9422286,52294,0,0,148514
2026-04-23 10:53:45,8691434,32958,3015705,13197,11462,79,83,9457547,35261,0,0,144891
2026-04-23 10:53:46,8722935,31501,3026586,13242,10926,81,83,9497786,40239,0,0,146825
2026-04-23 10:53:47,8761645,38710,3040038,13299,13509,78,83,9537867,40081,0,0,149844
2026-04-23 10:53:48,8798528,36883,3052810,13362,12835,81,83,9558658,20791,0,0,153303
2026-04-23 10:53:49,8828192,29664,3063108,13415,10351,81,83,9598660,40002,0,0,155240
2026-04-23 10:53:51,8859406,31214,3073965,13465,10907,79,83,9638662,40002,0,0,152242
2026-04-23 10:53:52,8888307,28901,3083999,13517,10086,81,83,9678662,40000,0,0,155886
2026-04-23 10:53:53,8918585,30278,3094487,13566,10537,81,83,9718664,40002,0,0,158105
2026-04-23 10:53:54,8949304,30719,3105155,13613,10715,80,83,9758667,40003,0,0,160558
2026-04-23 10:53:55,8987431,38127,3118348,13665,13245,81,83,9798761,40094,0,0,167165
2026-04-23 10:53:56,9019393,31962,3129478,13713,11178,81,83,9818811,20050,0,0,167927
2026-04-23 10:53:58,9049989,30596,3140066,13753,10628,81,83,9858834,40023,0,0,162917
2026-04-23 10:53:59,9086488,36499,3152758,13799,12738,81,83,9898903,40069,0,0,165284
2026-04-23 10:54:00,9115756,29268,3162876,13841,10160,81,83,9938918,40015,0,0,167668
2026-04-23 10:54:01,9145984,30228,3173358,13888,10529,81,83,9978940,40022,0,0,171798
2026-04-23 10:54:02,9170687,24703,3181948,13929,8631,78,83,10038945,60005,0,0,171843
2026-04-23 10:54:03,9198379,27692,3191544,13973,9640,73,83,10058974,20029,0,0,171080
2026-04-23 10:54:05,9233113,34734,3203620,14023,12126,80,83,10099008,40034,0,0,170653
2026-04-23 10:54:06,9263082,29969,3213944,14065,10366,81,83,10139008,40000,0,0,168657
2026-04-23 10:54:07,9292165,29083,3224023,14113,10127,81,83,10179011,40003,0,0,172107
2026-04-23 10:54:08,9320373,28208,3233825,14156,9845,81,83,10219017,40006,0,0,173637
2026-04-23 10:54:09,9352206,31833,3244867,14191,11077,78,83,10259022,40005,0,0,177906
2026-04-23 10:54:10,9386959,34753,3256899,14248,12089,71,83,10299038,40016,0,0,177731
2026-04-23 10:54:12,9416402,29443,3267110,14300,10263,77,83,10339048,40010,0,0,177824
2026-04-23 10:54:13,9445366,28964,3277158,14352,10100,80,83,10359051,20003,0,0,179321
2026-04-23 10:54:14,9475527,30161,3287604,14398,10492,81,83,10399060,40009,0,0,183219
2026-04-23 10:54:15,9501823,26296,3296727,14439,9164,81,83,10437061,38001,0,0,188056
2026-04-23 10:54:16,9529925,28102,3306502,14480,9816,81,83,10477073,40012,0,0,189278
2026-04-23 10:54:17,9561549,31624,3317473,14530,11021,81,83,10517145,40072,0,0,190459
2026-04-23 10:54:19,9587983,26434,3326637,14566,9200,81,83,10552317,35172,0,0,191371
2026-04-23 10:54:20,9618766,30783,3337336,14623,10756,80,83,10592342,40025,0,0,190519
2026-04-23 10:54:21,9645998,27232,3346773,14664,9478,81,83,10627440,35098,0,0,191548
2026-04-23 10:54:22,9672899,26901,3356145,14703,9411,80,83,10667440,40000,0,0,194205
2026-04-23 10:54:23,9698411,25512,3364957,14749,8858,81,83,10702539,35099,0,0,196488
2026-04-23 10:54:24,9725936,27525,3374468,14787,9549,81,83,10727447,24908,0,0,199263
2026-04-23 10:54:26,9754076,28140,3384260,14823,9828,81,83,10767453,40006,0,0,193934
2026-04-23 10:54:27,9785611,31535,3395231,14856,11004,81,83,10807468,40015,0,0,194832
2026-04-23 10:54:28,9811564,25953,3404207,14898,9018,79,83,10847469,40001,0,0,197246
2026-04-23 10:54:29,9839903,28339,3414038,14946,9879,81,83,10883177,35708,0,0,200394
2026-04-23 10:54:30,9872495,32592,3425332,15009,11357,81,83,10907473,24296,0,0,204865
2026-04-23 10:54:32,9903078,30583,3435941,15052,10652,81,83,10927495,20022,0,0,206640
2026-04-23 10:54:33,9938940,35862,3448377,15121,12505,82,84,10967583,40088,0,0,201198
2026-04-23 10:54:34,9966609,27669,3457933,15168,9603,81,83,11007586,40003,0,0,205080
2026-04-23 10:54:35,9979706,13097,3462438,15196,4533,81,83,11047625,40039,0,0,203241
2026-04-23 10:54:36,10002604,22898,3470371,15226,7963,81,83,11067673,20048,0,0,206525
2026-04-23 10:54:37,10033940,31336,3481268,15277,10948,81,83,11107711,40038,0,0,204524
2026-04-23 10:54:39,10061474,27534,3490844,15319,9618,80,83,11147732,40021,0,0,203230
2026-04-23 10:54:40,10086847,25373,3499662,15353,8852,81,83,11183440,35708,0,0,201233
2026-04-23 10:54:41,10119378,32531,3510949,15402,11336,68,83,11207737,24297,0,0,197903
2026-04-23 10:54:42,10147923,28545,3520870,15446,9965,75,83,11247738,40001,0,0,193250
2026-04-23 10:54:43,10175912,27989,3530561,15493,9738,79,83,11287750,40012,0,0,194751
2026-04-23 10:54:44,10199242,23330,3538662,15524,8132,81,83,11323459,35709,0,0,198067
2026-04-23 10:54:46,10231620,32378,3549900,15568,11282,81,83,11347758,24299,0,0,202230
2026-04-23 10:54:47,10257487,25867,3558877,15606,9015,81,83,11380492,32734,0,0,196695
2026-04-23 10:54:48,10282542,25055,3567552,15646,8715,81,83,11420495,40003,0,0,188999
2026-04-23 10:54:49,10314007,31465,3578478,15695,10975,81,83,11446136,25641,0,0,183952
2026-04-23 10:54:50,10340583,26576,3587670,15738,9235,81,83,11486141,40005,0,0,184677
2026-04-23 10:54:51,10365421,24838,3596302,15778,8672,81,83,11526168,40027,0,0,181005
2026-04-23 10:54:53,10395400,29979,3606660,15837,10417,81,83,11546201,20033,0,0,186408
2026-04-23 10:54:54,10423031,27631,3616197,15891,9591,80,83,11579804,33603,0,0,179261
2026-04-23 10:54:55,10449355,26324,3625340,15936,9188,81,83,11615537,35733,0,0,179773
2026-04-23 10:54:56,10480224,30869,3636066,15977,10767,73,83,11651352,35815,0,0,183354
2026-04-23 10:54:57,10505304,25080,3644735,16029,8721,78,83,11691373,40021,0,0,181045
2026-04-23 10:54:58,10536220,30916,3655448,16071,10755,81,83,11711376,20003,0,0,186874
2026-04-23 10:55:00,10558589,22369,3663201,16117,7799,81,83,11751384,40008,0,0,190384
2026-04-23 10:55:01,10575427,16838,3669057,16140,5879,81,83,11771384,20000,0,0,191553
2026-04-23 10:55:02,10604168,28741,3679059,16176,10038,81,83,11811390,40006,0,0,194245
2026-04-23 10:55:03,10627059,22891,3686989,16208,7962,81,83,11831390,20000,0,0,198524
2026-04-23 10:55:04,10660750,33691,3698653,16261,11717,77,83,11871393,40003,0,0,204449
2026-04-23 10:55:05,10692898,32148,3709835,16305,11226,80,83,11891396,20003,0,0,203778
2026-04-23 10:55:07,10717803,24905,3718490,16333,8683,80,83,11926873,35477,0,0,207403
2026-04-23 10:55:08,10744498,26695,3727692,16376,9245,81,83,11966893,40020,0,0,200620
2026-04-23 10:55:09,10769863,25365,3736495,16417,8844,81,83,12003324,36431,0,0,204333
2026-04-23 10:55:10,10794099,24236,3744863,16452,8403,81,83,12043352,40028,0,0,207569
2026-04-23 10:55:11,10817609,23510,3753002,16485,8172,81,83,12063399,20047,0,0,206238
2026-04-23 10:55:12,10845482,27873,3762713,16528,9754,81,83,12103419,40020,0,0,206408
2026-04-23 10:55:14,10869911,24429,3771224,16563,8546,81,83,12123741,20322,0,0,209813
2026-04-23 10:55:15,10893603,23692,3779462,16599,8274,76,83,12163864,40123,0,0,204317
2026-04-23 10:55:16,10920083,26480,3788679,16636,9254,81,83,12183924,20060,0,0,204118
2026-04-23 10:55:17,10940529,20446,3795744,16660,7089,81,83,12203929,20005,0,0,204064
2026-04-23 10:55:18,10963676,23147,3803798,16695,8089,81,83,12243952,40023,0,0,204700
2026-04-23 10:55:19,10985503,21827,3811356,16725,7588,77,83,12279382,35430,0,0,207387
2026-04-23 10:55:21,11013484,27981,3821056,16776,9751,81,83,12304134,24752,0,0,209691
2026-04-23 10:55:22,11036654,23170,3829142,16809,8119,81,83,12339564,35430,0,0,208364
2026-04-23 10:55:23,11063290,26636,3838340,16857,9246,81,83,12364138,24574,0,0,212462
2026-04-23 10:55:24,11083752,20462,3845482,16885,7170,81,83,12404138,40000,0,0,208887
2026-04-23 10:55:25,11116840,33088,3856959,16937,11529,81,83,12417023,12885,0,0,213132
2026-04-23 10:55:26,11154208,37368,3869905,16992,13001,81,83,12457043,40020,0,0,217387
2026-04-23 10:55:28,11183073,28865,3879944,17042,10089,80,83,12488027,30984,0,0,218537
2026-04-23 10:55:29,11211668,28595,3889826,17091,9931,77,83,12544068,56041,0,0,212991
2026-04-23 10:55:30,11240998,29330,3900017,17136,10236,81,83,12575627,31559,0,0,200432
2026-04-23 10:55:31,11275820,34822,3912111,17195,12153,78,83,12615629,40002,0,0,204707
2026-04-23 10:55:32,11310914,35094,3924238,17257,12189,72,83,12657435,41806,0,0,207347
2026-04-23 10:55:33,11348201,37287,3937206,17314,13025,73,83,12712523,55088,0,0,212406
2026-04-23 10:55:35,11379206,31005,3947956,17379,10815,81,83,12752581,40058,0,0,217661
2026-04-23 10:55:36,11416335,37129,3960840,17435,12940,79,83,12792588,40007,0,0,214120
2026-04-23 10:55:37,11451605,35270,3973092,17488,12305,75,83,12832590,40002,0,0,219820
2026-04-23 10:55:38,11486451,34846,3985234,17535,12189,81,83,12852843,20253,0,0,219954
2026-04-23 10:55:39,11520389,33938,3997003,17575,11809,81,83,12907851,55008,0,0,221659
2026-04-23 10:55:40,11553102,32713,4008389,17622,11433,69,83,12950449,42598,0,0,223224
2026-04-23 10:55:42,11578627,25525,4017280,17657,8926,81,83,13005471,55022,0,0,224595
2026-04-23 10:55:43,11608881,30254,4027706,17712,10481,81,83,13040519,35048,0,0,231784
2026-04-23 10:55:44,11644806,35925,4040211,17769,12562,81,83,13083828,43309,0,0,227020
2026-04-23 10:55:45,11676243,31437,4051106,17818,10944,81,83,13123857,40029,0,0,232388
2026-04-23 10:55:46,11709674,33431,4062675,17869,11620,79,83,13178886,55029,0,0,236090
2026-04-23 10:55:48,11748003,38329,4076013,17944,13413,81,83,13204015,25129,0,0,241218
2026-04-23 10:55:49,11762125,14122,4080907,17968,4918,81,83,13259025,55010,0,0,236443
2026-04-23 10:55:50,11795821,33696,4092600,18013,11738,81,83,13287581,28556,0,0,237808
2026-04-23 10:55:51,11827320,31499,4103550,18059,10996,81,83,13327615,40034,0,0,238604
2026-04-23 10:55:52,11857026,29706,4113897,18111,10399,81,83,13367631,40016,0,0,232947
2026-04-23 10:55:53,11891632,34606,4125882,18159,12033,81,83,13392486,24855,0,0,236738
2026-04-23 10:55:55,11922195,30563,4136490,18200,10649,81,83,13432489,40003,0,0,232660
2026-04-23 10:55:56,11951553,29358,4146647,18245,10202,81,83,13472496,40007,0,0,233965
2026-04-23 10:55:57,11984830,33277,4158209,18295,11612,80,83,13512503,40007,0,0,235691
2026-04-23 10:55:58,12018417,33587,4169837,18346,11679,81,83,13548171,35668,0,0,241438
2026-04-23 10:55:59,12046522,28105,4179591,18376,9784,73,83,13588676,40505,0,0,240804
2026-04-23 10:56:00,12080624,34102,4191438,18418,11889,81,83,13609574,20898,0,0,235912
2026-04-23 10:56:02,12115034,34410,4203381,18465,11990,80,83,13649578,40004,0,0,241884
2026-04-23 10:56:03,12133842,18808,4209921,18493,6568,81,83,13703271,53693,0,0,229276
2026-04-23 10:56:04,12160348,26506,4219075,18525,9186,79,83,13735857,32586,0,0,223787
2026-04-23 10:56:05,12188235,27887,4228734,18568,9702,81,83,13775858,40001,0,0,230231
2026-04-23 10:56:06,12219944,31709,4239738,18617,11053,75,83,13823984,48126,0,0,235362
2026-04-23 10:56:07,12258306,38362,4253048,18679,13372,80,83,13849681,25697,0,0,237937
2026-04-23 10:56:09,12277913,19607,4259832,18710,6815,79,83,13894862,45181,0,0,223344
2026-04-23 10:56:10,12314420,36507,4272492,18768,12718,81,83,13927582,32720,0,0,220090
2026-04-23 10:56:11,12346589,32169,4283665,18811,11216,81,83,13963582,36000,0,0,215884
2026-04-23 10:56:12,12375368,28779,4293647,18858,10029,67,83,14003601,40019,0,0,219164
2026-04-23 10:56:13,12406472,31104,4304423,18913,10831,81,83,14043604,40003,0,0,224009
2026-04-23 10:56:15,12440277,33805,4316152,18973,11789,80,83,14083624,40020,0,0,225621
2026-04-23 10:56:16,12471476,31199,4326960,19019,10854,81,83,14120003,36379,0,0,229642
2026-04-23 10:56:17,12504499,33023,4338464,19078,11563,81,83,14145725,25722,0,0,221664
2026-04-23 10:56:18,12536826,32327,4349634,19126,11218,72,83,14185758,40033,0,0,222910
2026-04-23 10:56:19,12567091,30265,4360175,19178,10593,80,83,14221762,36004,0,0,226185
2026-04-23 10:56:20,12597371,30280,4370640,19234,10521,81,83,14241809,20047,0,0,228934
2026-04-23 10:56:22,12621893,24522,4379184,19267,8577,81,83,14281809,40000,0,0,227419
2026-04-23 10:56:23,12647823,25930,4388198,19302,9049,81,83,14321813,40004,0,0,224031
2026-04-23 10:56:24,12675683,27860,4397828,19350,9678,81,83,14358802,36989,0,0,221403
2026-04-23 10:56:25,12707024,31341,4408720,19406,10948,81,83,14398811,40009,0,0,222054
2026-04-23 10:56:26,12730159,23135,4416718,19448,8040,79,83,14428768,29957,0,0,219706
2026-04-23 10:56:27,12761400,31241,4427557,19487,10878,77,83,14449941,21173,0,0,224190
2026-04-23 10:56:29,12780742,19342,4434241,19520,6717,81,83,14509949,60008,0,0,216055
2026-04-23 10:56:30,12806450,25708,4443165,19558,8962,81,83,14529957,20008,0,0,219573
2026-04-23 10:56:31,12837106,30656,4453846,19608,10731,76,83,14568518,38561,0,0,214718
2026-04-23 10:56:32,12864556,27450,4463342,19648,9536,81,83,14608536,40018,0,0,212431
2026-04-23 10:56:33,12896770,32214,4474538,19696,11244,81,83,14628745,20209,0,0,215677
2026-04-23 10:56:34,12924507,27737,4484168,19744,9678,81,83,14668752,40007,0,0,222209
2026-04-23 10:56:36,12960678,36171,4496686,19793,12567,79,83,14708775,40023,0,0,222122
2026-04-23 10:56:37,12982559,21881,4504297,19835,7653,79,83,14735988,27213,0,0,215384
2026-04-23 10:56:38,13008673,26114,4513289,19873,9030,81,83,14779575,43587,0,0,216812
2026-04-23 10:56:39,13036698,28025,4523028,19913,9779,81,83,14819595,40020,0,0,221384
2026-04-23 10:56:40,13062087,25389,4531839,19950,8848,80,83,14855715,36120,0,0,222335
2026-04-23 10:56:41,13094255,32168,4543015,20008,11234,81,83,14875738,20023,0,0,229765
2026-04-23 10:56:43,13126483,32228,4554173,20066,11216,77,83,14915769,40031,0,0,230911
2026-04-23 10:56:44,13153528,27045,4563565,20108,9434,81,83,14955777,40008,0,0,235069
2026-04-23 10:56:45,13177970,24442,4572012,20156,8495,81,83,14991146,35369,0,0,229466
2026-04-23 10:56:46,13203709,25739,4580956,20199,8987,78,83,15031190,40044,0,0,233281
2026-04-23 10:56:47,13234176,30467,4591552,20246,10643,81,83,15051194,20004,0,0,235099
2026-04-23 10:56:48,13262621,28445,4601404,20298,9904,81,83,15091212,40018,0,0,237373
2026-04-23 10:56:50,13291980,29359,4611576,20350,10224,81,83,15131236,40024,0,0,236514
2026-04-23 10:56:51,13322904,30924,4622289,20398,10761,80,83,15151275,20039,0,0,231730
2026-04-23 10:56:52,13343255,20351,4629294,20437,7044,81,83,15191307,40032,0,0,229853
2026-04-23 10:56:53,13364423,21168,4636661,20465,7395,80,83,15231310,40003,0,0,231142
2026-04-23 10:56:54,13389978,25555,4645561,20507,8942,81,83,15251321,20011,0,0,232333
2026-04-23 10:56:55,13407435,17457,4651635,20536,6103,81,83,15271323,20002,0,0,233337
2026-04-23 10:56:57,13429084,21649,4659147,20567,7543,81,83,15311330,40007,0,0,234046
2026-04-23 10:56:58,13458647,29563,4669388,20604,10278,80,83,15345065,33735,0,0,235680
2026-04-23 10:56:59,13483046,24399,4677829,20631,8468,80,83,15365065,20000,0,0,234676
2026-04-23 10:57:00,13515134,32088,4688973,20679,11192,81,83,15405075,40010,0,0,237463
2026-04-23 10:57:01,13546048,30914,4699678,20733,10759,81,83,15445107,40032,0,0,243430
2026-04-23 10:57:02,13571763,25715,4708606,20776,8971,81,83,15480643,35536,0,0,245679
2026-04-23 10:57:04,13596955,25192,4717318,20813,8749,81,83,15505136,24493,0,0,246937
2026-04-23 10:57:05,13624581,27626,4726860,20862,9591,77,83,15545152,40016,0,0,244808
2026-04-23 10:57:06,13644413,19832,4733749,20895,6922,79,83,15565152,20000,0,0,243878
2026-04-23 10:57:07,13665440,21027,4741070,20925,7351,81,83,15600694,35542,0,0,242225
2026-04-23 10:57:08,13692852,27412,4750614,20960,9579,81,83,15622970,22276,0,0,243764
2026-04-23 10:57:09,13718837,25985,4759615,20998,9039,81,83,15642991,20021,0,0,245306
2026-04-23 10:57:11,13745501,26664,4768859,21049,9295,81,83,15683020,40029,0,0,244760
2026-04-23 10:57:12,13761954,16453,4774503,21077,5672,81,83,15703036,20016,0,0,243268
2026-04-23 10:57:13,13788758,26804,4783837,21119,9376,80,83,15744060,41024,0,0,244891
2026-04-23 10:57:14,13818990,30232,4794292,21171,10507,81,83,15784070,40010,0,0,245278
2026-04-23 10:57:15,13850132,31142,4805055,21223,10815,81,83,15824075,40005,0,0,248384
2026-04-23 10:57:16,13874919,24787,4813662,21257,8641,81,83,15864075,40000,0,0,249648
2026-04-23 10:57:18,13909230,34311,4825535,21313,11929,76,83,15889783,25708,0,0,253691
2026-04-23 10:57:19,13939515,30285,4836085,21363,10600,81,83,15914892,25109,0,0,251818
2026-04-23 10:57:20,13964649,25134,4844748,21399,8699,81,83,15954895,40003,0,0,253068
2026-04-23 10:57:21,13992822,28173,4854549,21439,9841,77,83,15994896,40001,0,0,248613
2026-04-23 10:57:22,14017115,24293,4862943,21478,8433,80,83,16040377,45481,0,0,246982
2026-04-23 10:57:24,14047792,30677,4873631,21518,10728,81,83,16058484,18107,0,0,249903
2026-04-23 10:57:25,14080929,33137,4885123,21568,11542,78,83,16114213,55729,0,0,240293
2026-04-23 10:57:26,14112164,31235,4895983,21611,10903,80,83,16151229,37016,0,0,243147
2026-04-23 10:57:27,14141643,29479,4906222,21660,10288,80,83,16191335,40106,0,0,237035
2026-04-23 10:57:28,14174366,32723,4917555,21723,11396,81,83,16213774,22439,0,0,240439
2026-04-23 10:57:29,14204311,29945,4927963,21775,10460,81,83,16253782,40008,0,0,247722
2026-04-23 10:57:31,14233102,28791,4937905,21815,9982,81,83,16299208,45426,0,0,250388
2026-04-23 10:57:32,14256303,23201,4945975,21861,8116,81,83,16334614,35406,0,0,250566
2026-04-23 10:57:33,14286643,30340,4956493,21904,10561,81,83,16359214,24600,0,0,248994
2026-04-23 10:57:34,14310320,23677,4964724,21942,8269,81,83,16394621,35407,0,0,250739
2026-04-23 10:57:35,14337120,26800,4973987,21979,9300,81,83,16419241,24620,0,0,251382
2026-04-23 10:57:36,14355843,18723,4980501,22007,6542,75,83,16444519,25278,0,0,250409
2026-04-23 10:57:38,14379363,23520,4988697,22046,8235,81,83,16484522,40003,0,0,253154
2026-04-23 10:57:39,14402447,23084,4996677,22077,8011,81,83,16519940,35418,0,0,251262
2026-04-23 10:57:40,14430100,27653,5006296,22114,9656,80,83,16539999,20059,0,0,251626
2026-04-23 10:57:41,14461275,31175,5017087,22157,10834,81,83,16571590,31591,0,0,249657
2026-04-23 10:57:42,14483695,22420,5024919,22187,7862,81,83,16611881,40291,0,0,250073
2026-04-23 10:57:43,14507973,24278,5033323,22224,8441,75,83,16631890,20009,0,0,251186
2026-04-23 10:57:45,14533696,25723,5042266,22261,8980,81,83,16671904,40014,0,0,250464
2026-04-23 10:57:46,14558029,24333,5050721,22296,8490,77,83,16711921,40017,0,0,251503
2026-04-23 10:57:47,14589061,31032,5061504,22349,10836,74,83,16738965,27044,0,0,250442
2026-04-23 10:57:48,14618791,29730,5071851,22387,10385,81,83,16758991,20026,0,0,250999
2026-04-23 10:57:49,14644077,25286,5080591,22424,8777,66,83,16799020,40029,0,0,250138
2026-04-23 10:57:50,14669413,25336,5089385,22460,8830,76,83,16839027,40007,0,0,253708
2026-04-23 10:57:52,14694815,25402,5098206,22494,8855,81,83,16874435,35408,0,0,255048
2026-04-23 10:57:53,14720552,25737,5107162,22531,8993,81,83,16899034,24599,0,0,256594
2026-04-23 10:57:54,14749476,28924,5117249,22574,10130,81,83,16934449,35415,0,0,252909
2026-04-23 10:57:55,14775088,25612,5126067,22607,8851,80,83,16974457,40008,0,0,248991
2026-04-23 10:57:56,14800866,25778,5135002,22645,8973,81,83,16994466,20009,0,0,254941
2026-04-23 10:57:57,14826268,25402,5143845,22682,8880,81,83,17046115,51649,0,0,256923
2026-04-23 10:57:59,14858031,31763,5154873,22723,11069,81,83,17067798,21683,0,0,264775
2026-04-23 10:58:00,14889292,31261,5165728,22781,10913,81,83,17107824,40026,0,0,270008
2026-04-23 10:58:01,14919448,30156,5176179,22818,10488,81,83,17147842,40018,0,0,267916
2026-04-23 10:58:02,14950055,30607,5186760,22866,10629,81,83,17192317,44475,0,0,267913
2026-04-23 10:58:03,14979345,29290,5196941,22916,10231,81,83,17229865,37548,0,0,266167
2026-04-23 10:58:05,15008058,28713,5206871,22964,9978,79,83,17273305,43440,0,0,266315
2026-04-23 10:58:06,15045297,37239,5219782,23025,12972,81,83,17313352,40047,0,0,275819
2026-04-23 10:58:07,15081306,36009,5232259,23082,12534,78,83,17353412,40060,0,0,282035
2026-04-23 10:58:08,15110286,28980,5242320,23129,10108,81,83,17393415,40003,0,0,284387
2026-04-23 10:58:09,15143136,32850,5253691,23185,11427,80,83,17433451,40036,0,0,288813
2026-04-23 10:58:10,15171591,28455,5263560,23222,9906,81,83,17473453,40002,0,0,291385
2026-04-23 10:58:12,15202512,30921,5274332,23284,10834,79,83,17513461,40008,0,0,296501
2026-04-23 10:58:13,15241339,38827,5287765,23347,13496,78,83,17553478,40017,0,0,304529
2026-04-23 10:58:14,15275274,33935,5299545,23406,11839,81,83,17593510,40032,0,0,301498
2026-04-23 10:58:15,15304447,29173,5309713,23459,10221,76,83,17633511,40001,0,0,305919
2026-04-23 10:58:16,15336522,32075,5320814,23515,11157,80,83,17688745,55234,0,0,306555
2026-04-23 10:58:18,15372950,36428,5333448,23579,12698,74,83,17708755,20010,0,0,308542
2026-04-23 10:58:19,15409939,36989,5346313,23624,12910,81,83,17764025,55270,0,0,315376
2026-04-23 10:58:20,15437390,27451,5355859,23671,9593,78,83,17804458,40433,0,0,310677
2026-04-23 10:58:21,15469226,31836,5366895,23724,11089,79,83,17844641,40183,0,0,302431
2026-04-23 10:58:22,15502661,33435,5378439,23781,11601,72,83,17884661,40020,0,0,308071
2026-04-23 10:58:23,15531550,28889,5388477,23822,10079,81,83,17924669,40008,0,0,312238
2026-04-23 10:58:25,15566826,35276,5400640,23886,12227,81,83,17944695,20026,0,0,315944
2026-04-23 10:58:26,15602816,35990,5413132,23934,12540,81,83,17984737,40042,0,0,319798
2026-04-23 10:58:27,15632763,29947,5423554,23974,10462,81,83,18025113,40376,0,0,319153
2026-04-23 10:58:28,15662142,29379,5433763,24020,10255,81,83,18080351,55238,0,0,313275
2026-04-23 10:58:29,15692794,30652,5444457,24063,10737,81,83,18120369,40018,0,0,320408
2026-04-23 10:58:30,15725425,32631,5455768,24105,11353,81,83,18140381,20012,0,0,320751
2026-04-23 10:58:32,15752165,26740,5465059,24147,9333,74,83,18180389,40008,0,0,321422
2026-04-23 10:58:33,15779870,27705,5474667,24175,9636,78,83,18220399,40010,0,0,322431
2026-04-23 10:58:34,15813451,33581,5486340,24224,11722,81,83,18260405,40006,0,0,320840
2026-04-23 10:58:35,15837312,23861,5494573,24265,8274,76,83,18293084,32679,0,0,309197
2026-04-23 10:58:36,15867167,29855,5504909,24320,10391,79,83,18333093,40009,0,0,304840
2026-04-23 10:58:37,15899288,32121,5516073,24371,11215,81,83,18353110,20017,0,0,294125
2026-04-23 10:58:39,15924201,24913,5524673,24419,8648,81,83,18393119,40009,0,0,292237
2026-04-23 10:58:40,15946164,21963,5532332,24458,7698,80,83,18427375,34256,0,0,284803
2026-04-23 10:58:41,15971805,25641,5541206,24501,8917,81,83,18467375,40000,0,0,268092
2026-04-23 10:58:42,16001621,29816,5551571,24544,10408,81,83,18499438,32063,0,0,256724
2026-04-23 10:58:43,16025332,23711,5559805,24576,8266,81,83,18531221,31783,0,0,249500
2026-04-23 10:58:44,16053131,27799,5569478,24614,9711,72,83,18571225,40004,0,0,255467
2026-04-23 10:58:46,16085372,32241,5580655,24667,11230,80,83,18591248,20023,0,0,257444
2026-04-23 10:58:47,16111731,26359,5589767,24716,9161,81,83,18631263,40015,0,0,260181
2026-04-23 10:58:48,16142337,30606,5600378,24767,10662,77,83,18671281,40018,0,0,256445
2026-04-23 10:58:49,16169300,26963,5609796,24804,9455,81,83,18703388,32107,0,0,248271
2026-04-23 10:58:50,16193910,24610,5618309,24840,8549,81,83,18743392,40004,0,0,245228
2026-04-23 10:58:52,16225986,32076,5629454,24885,11190,81,83,18762700,19308,0,0,242098
2026-04-23 10:58:53,16256044,30058,5639873,24947,10481,81,83,18782717,20017,0,0,236426
2026-04-23 10:58:54,16286944,30900,5650624,24985,10789,81,83,18822731,40014,0,0,233032
2026-04-23 10:58:55,16301082,14138,5655552,25010,4953,81,83,18864200,41469,0,0,224637
2026-04-23 10:58:56,16324961,23879,5663797,25055,8290,78,83,18900135,35935,0,0,224143
2026-04-23 10:58:57,16352608,27647,5673374,25094,9616,81,83,18924218,24083,0,0,222818
2026-04-23 10:58:59,16378698,26090,5682404,25142,9078,81,83,18964220,40002,0,0,225718
2026-04-23 10:59:00,16407871,29173,5692476,25194,10124,81,83,19004232,40012,0,0,229618
2026-04-23 10:59:01,16435842,27971,5702192,25228,9750,75,83,19042809,38577,0,0,230454
2026-04-23 10:59:02,16463201,27359,5711642,25268,9490,81,83,19065978,23169,0,0,231155
2026-04-23 10:59:03,16489443,26242,5720806,25302,9198,79,83,19105985,40007,0,0,231542
2026-04-23 10:59:04,16510882,21439,5728215,25346,7453,79,83,19145999,40014,0,0,230283
2026-04-23 10:59:06,16533707,22825,5736152,25375,7966,81,83,19163564,17565,0,0,229545
2026-04-23 10:59:07,16566161,32454,5747398,25426,11297,71,83,19203624,40060,0,0,234422
2026-04-23 10:59:08,16590645,24484,5755935,25477,8588,81,83,19241591,37967,0,0,231336
2026-04-23 10:59:09,16622072,31427,5766846,25521,10955,81,83,19262662,21071,0,0,225518
2026-04-23 10:59:10,16645819,23747,5775015,25555,8203,79,83,19298277,35615,0,0,227711
2026-04-23 10:59:11,16670180,24361,5783479,25585,8494,81,83,19319318,21041,0,0,227372
2026-04-23 10:59:13,16691135,20955,5790770,25620,7326,81,83,19359329,40011,0,0,231307
2026-04-23 10:59:14,16714053,22918,5798693,25665,7968,68,83,19379334,20005,0,0,230550
2026-04-23 10:59:15,16741665,27612,5808289,25704,9635,81,83,19399375,20041,0,0,233931
2026-04-23 10:59:16,16762238,20573,5815463,25727,7197,81,83,19439383,40008,0,0,227125
2026-04-23 10:59:17,16782823,20585,5822526,25757,7093,80,83,19479386,40003,0,0,225142
2026-04-23 10:59:18,16810398,27575,5832093,25793,9603,81,83,19499436,20050,0,0,229277
2026-04-23 10:59:20,16832220,21822,5839625,25819,7558,81,83,19519470,20034,0,0,225801
2026-04-23 10:59:21,16860901,28681,5849569,25868,9993,81,83,19559528,40058,0,0,229696
2026-04-23 10:59:22,16883945,23044,5857577,25906,8046,75,83,19599555,40027,0,0,231735
2026-04-23 10:59:23,16910178,26233,5866774,25947,9238,79,83,19619583,20028,0,0,232254
2026-04-23 10:59:24,16940221,30043,5877122,25994,10395,74,83,19659616,40033,0,0,236720
2026-04-23 10:59:25,16965216,24995,5885798,26018,8700,81,83,19679622,20006,0,0,237221
2026-04-23 10:59:27,16994942,29726,5896173,26050,10407,81,83,19719649,40027,0,0,244298
2026-04-23 10:59:28,17016820,21878,5903760,26083,7620,81,83,19754627,34978,0,0,243206
2026-04-23 10:59:29,17047071,30251,5914253,26125,10535,81,83,19774655,20028,0,0,249907
2026-04-23 10:59:30,17065184,18113,5920572,26148,6342,81,83,19810014,35359,0,0,238578
2026-04-23 10:59:31,17093840,28656,5930483,26185,9948,76,83,19830040,20026,0,0,237642
2026-04-23 10:59:32,17114895,21055,5937740,26217,7289,81,83,19870051,40011,0,0,239447
2026-04-23 10:59:34,17132858,17963,5944010,26248,6301,79,83,19890051,20000,0,0,242622
2026-04-23 10:59:35,17168055,35197,5956215,26290,12247,73,83,19931686,41635,0,0,246436
2026-04-23 10:59:36,17197362,29307,5966381,26335,10211,79,83,19991700,60014,0,0,240887
2026-04-23 10:59:37,17229657,32295,5977581,26382,11247,72,83,20031730,40030,0,0,234148
2026-04-23 10:59:38,17264494,34837,5989673,26423,12133,81,83,20071733,40003,0,0,240306
2026-04-23 10:59:39,17297567,33073,6001170,26469,11543,80,83,20111751,40018,0,0,243557
2026-04-23 10:59:41,17330903,33336,6012729,26522,11612,79,83,20151752,40001,0,0,244488
2026-04-23 10:59:42,17368368,37465,6025727,26579,13055,80,83,20191767,40015,0,0,244108
2026-04-23 10:59:43,17402724,34356,6037652,26631,11977,81,83,20248245,56478,0,0,247656
2026-04-23 10:59:44,17434680,31956,6048768,26662,11147,81,83,20288270,40025,0,0,245584
2026-04-23 10:59:45,17465451,30771,6059435,26713,10718,81,83,20328285,40015,0,0,248004
2026-04-23 10:59:46,17499088,33637,6071124,26768,11744,81,83,20363231,34946,0,0,251435
2026-04-23 10:59:48,17538816,39728,6084933,26824,13865,80,83,20403293,40062,0,0,259041
2026-04-23 10:59:49,17574708,35892,6097376,26880,12499,81,83,20443340,40047,0,0,260643
2026-04-23 10:59:50,17599190,24482,6105854,26922,8520,77,83,20483349,40009,0,0,261041
2026-04-23 10:59:51,17632783,33593,6117499,26973,11696,79,83,20530467,47118,0,0,261652
2026-04-23 10:59:52,17662557,29774,6127844,27021,10393,81,83,20570480,40013,0,0,263691
2026-04-23 10:59:53,17694087,31530,6138768,27071,10974,81,83,20610484,40004,0,0,266225
2026-04-23 10:59:55,17728001,33914,6150525,27126,11812,79,83,20650497,40013,0,0,271931
2026-04-23 10:59:56,17760088,32087,6161689,27163,11201,79,83,20690517,40020,0,0,277096
2026-04-23 10:59:57,17791147,31059,6172455,27205,10808,80,83,20730529,40012,0,0,271758
2026-04-23 10:59:58,17824814,33667,6184124,27258,11722,79,83,20770560,40031,0,0,277320
2026-04-23 10:59:59,17857834,33020,6195581,27302,11501,75,83,20810571,40011,0,0,282541
2026-04-23 11:00:01,17886620,28786,6205609,27338,10064,81,83,20838681,28110,0,0,281234
2026-04-23 11:00:02,17922931,36311,6218151,27402,12606,81,83,20878707,40026,0,0,289853
2026-04-23 11:00:03,17950762,27831,6227824,27448,9719,81,83,20918569,39862,0,0,288084
2026-04-23 11:00:04,17977866,27104,6237198,27497,9423,81,83,20971481,52912,0,0,288723
2026-04-23 11:00:05,18014727,36861,6249986,27567,12858,74,83,20995532,24051,0,0,289469
2026-04-23 11:00:06,18048134,33407,6261543,27614,11604,81,83,21035566,40034,0,0,292005
2026-04-23 11:00:08,18081729,33595,6273146,27666,11655,81,83,21075610,40044,0,0,291805
2026-04-23 11:00:09,18111163,29434,6283359,27706,10253,79,83,21122932,47322,0,0,278288
2026-04-23 11:00:10,18146832,35669,6295751,27759,12445,81,83,21142939,20007,0,0,286843
2026-04-23 11:00:11,18179275,32443,6307002,27794,11286,74,83,21175029,32090,0,0,276944
2026-04-23 11:00:12,18206967,27692,6316587,27836,9627,81,83,21215035,40006,0,0,282882
2026-04-23 11:00:13,18237213,30246,6327088,27886,10551,81,83,21255067,40032,0,0,289667
2026-04-23 11:00:15,18264200,26987,6336464,27924,9414,81,83,21295098,40031,0,0,292371
2026-04-23 11:00:16,18289224,25024,6345090,27968,8670,81,83,21333097,37999,0,0,289484
2026-04-23 11:00:17,18313460,24236,6353486,28017,8445,81,83,21373099,40002,0,0,291536
2026-04-23 11:00:18,18345593,32133,6364619,28059,11175,78,83,21413105,40006,0,0,290593
2026-04-23 11:00:19,18373298,27705,6374226,28100,9648,73,83,21453116,40011,0,0,293787
2026-04-23 11:00:20,18400895,27597,6383843,28133,9650,81,83,21493125,40009,0,0,283825
2026-04-23 11:00:22,18434571,33676,6395547,28179,11750,78,83,21513174,20049,0,0,283347
2026-04-23 11:00:23,18462323,27752,6405169,28216,9659,81,83,21553192,40018,0,0,283850
2026-04-23 11:00:24,18486812,24489,6413675,28255,8545,81,83,21593217,40025,0,0,283195
2026-04-23 11:00:25,18510971,24159,6422034,28289,8393,80,83,21633251,40034,0,0,277382
2026-04-23 11:00:26,18538541,27570,6431591,28325,9593,81,83,21654926,21675,0,0,283003
2026-04-23 11:00:27,18568867,30326,6442146,28363,10593,75,83,21694942,40016,0,0,281822
2026-04-23 11:00:29,18595212,26345,6451272,28410,9173,81,83,21734942,40000,0,0,281882
2026-04-23 11:00:30,18628507,33295,6462781,28454,11553,81,83,21754944,20002,0,0,287070
2026-04-23 11:00:31,18653184,24677,6471340,28488,8593,81,83,21795147,40203,0,0,284147
2026-04-23 11:00:32,18680423,27239,6480819,28529,9520,81,83,21826703,31556,0,0,279586
2026-04-23 11:00:33,18705165,24742,6489364,28581,8597,76,83,21866709,40006,0,0,279349
2026-04-23 11:00:35,18736320,31155,6500189,28645,10889,78,83,21902740,36031,0,0,283891
2026-04-23 11:00:36,18763756,27436,6509729,28682,9577,81,83,21926769,24029,0,0,287082
2026-04-23 11:00:37,18778567,14811,6514907,28699,5195,81,83,21946769,20000,0,0,286370
2026-04-23 11:00:38,18804817,26250,6523945,28733,9072,81,83,21966785,20016,0,0,286577
2026-04-23 11:00:39,18834764,29947,6534344,28784,10450,77,83,22006818,40033,0,0,290620
2026-04-23 11:00:40,18857438,22674,6542202,28824,7898,81,83,22046826,40008,0,0,289752
2026-04-23 11:00:42,18882102,24664,6550793,28863,8630,81,83,22066859,20033,0,0,289481
2026-04-23 11:00:43,18905078,22976,6558760,28884,7988,81,83,22106867,40008,0,0,291385
2026-04-23 11:00:44,18929204,24126,6567172,28915,8443,72,83,22146875,40008,0,0,288472
2026-04-23 11:00:45,18960131,30927,6577872,28956,10741,72,83,22173709,26834,0,0,277740
2026-04-23 11:00:46,18977028,16897,6583749,28977,5898,79,83,22193710,20001,0,0,278875
2026-04-23 11:00:47,19008255,31227,6594539,29036,10849,81,83,22233722,40012,0,0,283470
2026-04-23 11:00:49,19037069,28814,6604549,29078,10052,82,83,22253733,20011,0,0,284204
2026-04-23 11:00:50,19058508,21439,6612033,29101,7507,78,83,22293733,40000,0,0,288633
2026-04-23 11:00:51,19077206,18698,6618524,29139,6529,81,83,22309890,16157,0,0,283632
2026-04-23 11:00:52,19100417,23211,6626560,29181,8078,78,83,22349905,40015,0,0,280818
2026-04-23 11:00:53,19129247,28830,6636511,29213,9983,81,83,22381098,31193,0,0,282489
2026-04-23 11:00:55,19157728,28481,6646413,29246,9935,81,83,22421154,40056,0,0,289096
2026-04-23 11:00:56,19174367,16639,6652216,29268,5825,79,83,22465087,43933,0,0,283782
2026-04-23 11:00:57,19207645,33278,6663739,29322,11577,81,83,22485160,20073,0,0,284330
2026-04-23 11:00:58,19235782,28137,6673585,29372,9896,81,83,22524384,39224,0,0,280136
2026-04-23 11:00:59,19267987,32205,6684693,29434,11170,79,83,22564407,40023,0,0,278098
2026-04-23 11:01:00,19289333,21346,6692075,29476,7424,81,83,22604415,40008,0,0,277172
2026-04-23 11:01:02,19315908,26575,6701338,29511,9298,75,83,22633643,29228,0,0,273185
2026-04-23 11:01:03,19336596,20688,6708487,29535,7173,81,83,22656298,22655,0,0,272072
2026-04-23 11:01:04,19370594,33998,6720261,29577,11816,81,83,22696312,40014,0,0,272707
2026-04-23 11:01:05,19399590,28996,6730346,29622,10130,80,83,22716316,20004,0,0,269524
2026-04-23 11:01:06,19423713,24123,6738690,29657,8379,81,83,22756320,40004,0,0,272171
2026-04-23 11:01:07,19447992,24279,6747106,29690,8449,80,83,22791511,35191,0,0,272429
2026-04-23 11:01:09,19467383,19391,6753806,29716,6726,80,83,22810507,18996,0,0,204533
2026-04-23 11:01:10,19492133,24750,6762384,29758,8620,77,83,22850519,40012,0,0,212309
2026-04-23 11:01:11,19522761,30628,6772995,29805,10658,81,83,22870554,20035,0,0,221732
2026-04-23 11:01:12,19550625,27864,6782709,29857,9766,81,83,22910576,40022,0,0,229779
2026-04-23 11:01:13,19582054,31429,6793567,29916,10917,81,83,22950640,40064,0,0,238830
2026-04-23 11:01:14,19609754,27700,6803170,29944,9631,79,83,22990656,40016,0,0,246163
2026-04-23 11:01:16,19639160,29406,6813370,29988,10244,79,83,23030665,40009,0,0,254636
2026-04-23 11:01:17,19667249,28089,6823111,30033,9786,80,83,23065860,35195,0,0,262511
2026-04-23 11:01:18,19696284,29035,6833174,30091,10121,81,83,23094032,28172,0,0,263877
2026-04-23 11:01:19,19719547,23263,6841191,30123,8049,78,83,23134043,40011,0,0,258281
2026-04-23 11:01:20,19745633,26086,6850236,30161,9083,81,83,23154079,20036,0,0,261350
2026-04-23 11:01:21,19778409,32776,6861600,30224,11427,76,83,23194103,40024,0,0,263972
2026-04-23 11:01:23,19800822,22413,6869415,30260,7851,81,83,23214103,20000,0,0,265969
2026-04-23 11:01:24,19826249,25427,6878266,30304,8895,81,83,23254104,40001,0,0,266807
2026-04-23 11:01:25,19855471,29222,6888379,30354,10163,81,83,23274106,20002,0,0,271725
2026-04-23 11:01:26,19878093,22622,6896242,30385,7894,67,83,23314134,40028,0,0,264259
2026-04-23 11:01:27,19905936,27843,6905901,30428,9702,80,83,23334136,20002,0,0,265514
2026-04-23 11:01:28,19936376,30440,6916465,30464,10600,80,83,23374166,40030,0,0,265248
2026-04-23 11:01:30,19960747,24371,6924940,30506,8517,80,83,23394169,20003,0,0,267890
2026-04-23 11:01:31,19982848,22101,6932596,30544,7694,81,83,23434172,40003,0,0,267247
2026-04-23 11:01:32,20006304,23456,6940813,30586,8259,80,83,23476447,42275,0,0,259313
2026-04-23 11:01:33,20031722,25418,6949572,30621,8794,81,83,23496459,20012,0,0,259762
2026-04-23 11:01:34,20059695,27973,6959261,30667,9735,81,83,23536463,40004,0,0,266102
2026-04-23 11:01:36,20079408,19713,6966143,30692,6907,81,83,23561893,25430,0,0,251641
2026-04-23 11:01:37,20105578,26170,6975212,30736,9113,81,83,23601902,40009,0,0,257418
2026-04-23 11:01:38,20131696,26118,6984300,30774,9126,78,83,23641915,40013,0,0,258007
2026-04-23 11:01:39,20161693,29997,6994706,30826,10458,81,83,23664885,22970,0,0,251217
2026-04-23 11:01:40,20188989,27296,7004179,30862,9509,81,83,23704886,40001,0,0,247730
2026-04-23 11:01:41,20217805,28816,7014208,30898,10065,81,83,23724888,20002,0,0,238934
2026-04-23 11:01:43,20243069,25264,7022959,30943,8796,74,83,23765432,40544,0,0,244322
2026-04-23 11:01:44,20269328,26259,7032017,30998,9113,75,83,23804414,38982,0,0,245882
2026-04-23 11:01:45,20295619,26291,7041148,31043,9176,78,83,23844421,40007,0,0,250201
2026-04-23 11:01:46,20324899,29280,7051306,31093,10208,80,83,23884431,40010,0,0,255286
2026-04-23 11:01:47,20360952,36053,7063784,31157,12542,80,83,23924467,40036,0,0,262303
2026-04-23 11:01:49,20400262,39310,7077409,31232,13700,75,83,23964484,40017,0,0,270173
2026-04-23 11:01:50,20438446,38184,7090688,31305,13352,80,83,24004534,40050,0,0,277608
2026-04-23 11:01:51,20476807,38361,7103996,31355,13358,80,83,24045062,40528,0,0,279938
2026-04-23 11:01:52,20508641,31834,7115053,31398,11100,75,83,24085700,40638,0,0,282438
2026-04-23 11:01:53,20546955,38314,7128319,31455,13323,80,83,24125747,40047,0,0,286614
2026-04-23 11:01:54,20580884,33929,7140071,31512,11809,81,83,24160460,34713,0,0,286603
2026-04-23 11:01:56,20611382,30498,7150618,31562,10597,81,83,24215582,55122,0,0,288367
2026-04-23 11:01:57,20641656,30274,7161114,31619,10553,78,83,24260523,44941,0,0,290056
2026-04-23 11:01:58,20668850,27194,7170537,31668,9472,79,83,24300526,40003,0,0,288218
2026-04-23 11:01:59,20705153,36303,7183163,31724,12682,79,83,24344136,43610,0,0,286721
2026-04-23 11:02:00,20736159,31006,7193925,31783,10821,81,83,24384146,40010,0,0,288790
2026-04-23 11:02:01,20769378,33219,7205465,31829,11586,81,83,24404164,20018,0,0,291560
2026-04-23 11:02:03,20805687,36309,7218071,31870,12647,71,83,24444207,40043,0,0,292771
2026-04-23 11:02:04,20823901,18214,7224339,31894,6292,81,83,24484207,40000,0,0,290677
2026-04-23 11:02:05,20852229,28328,7234222,31944,9933,80,83,24524211,40004,0,0,291795
2026-04-23 11:02:06,20883631,31402,7245090,31976,10900,81,83,24544249,20038,0,0,291286
2026-04-23 11:02:07,20917525,33894,7256839,32028,11801,79,83,24582569,38320,0,0,288965
2026-04-23 11:02:09,20945753,28228,7266660,32073,9866,81,83,24622592,40023,0,0,295322
2026-04-23 11:02:10,20963621,17868,7272914,32096,6277,80,83,24662758,40166,0,0,295730
2026-04-23 11:02:11,20991677,28056,7282633,32133,9756,81,83,24702762,40004,0,0,302011
2026-04-23 11:02:12,21018442,26765,7291916,32168,9318,81,83,24742936,40174,0,0,302426
2026-04-23 11:02:13,21043231,24789,7300504,32198,8618,79,83,24782956,40020,0,0,304735
2026-04-23 11:02:14,21067727,24496,7309005,32238,8541,81,83,24818659,35703,0,0,306977
2026-04-23 11:02:16,21101209,33482,7320603,32291,11651,80,83,24842976,24317,0,0,309355
2026-04-23 11:02:17,21127031,25822,7329588,32326,9020,80,83,24882982,40006,0,0,309453
2026-04-23 11:02:18,21159246,32215,7340793,32378,11257,81,83,24902988,20006,0,0,314080
2026-04-23 11:02:19,21193417,34171,7352617,32440,11886,79,83,24943000,40012,0,0,313983
2026-04-23 11:02:20,21220607,27190,7362081,32471,9495,77,83,24978703,35703,0,0,316970
2026-04-23 11:02:21,21252404,31797,7373139,32511,11098,81,83,25003035,24332,0,0,324242
2026-04-23 11:02:23,21275225,22821,7381019,32544,7913,79,83,25043039,40004,0,0,323996
2026-04-23 11:02:24,21303929,28704,7391003,32595,10035,81,83,25056899,13860,0,0,327351
2026-04-23 11:02:25,21331926,27997,7400687,32636,9725,79,83,25097108,40209,0,0,320483
2026-04-23 11:02:26,21352096,20170,7407747,32675,7099,79,83,25130596,33488,0,0,308382
2026-04-23 11:02:27,21383101,31005,7418488,32703,10769,81,83,25150845,20249,0,0,301590
2026-04-23 11:02:29,21413333,30232,7428946,32734,10489,78,83,25170858,20013,0,0,295077
2026-04-23 11:02:30,21438086,24753,7437510,32767,8597,79,83,25210859,40001,0,0,299732
2026-04-23 11:02:31,21466558,28472,7447425,32802,9950,81,83,25230874,20015,0,0,305925
2026-04-23 11:02:32,21489785,23227,7455469,32831,8073,81,83,25270858,39984,0,0,305149
2026-04-23 11:02:33,21517598,27813,7465112,32877,9689,81,83,25290867,20009,0,0,305397
2026-04-23 11:02:34,21544671,27073,7474487,32913,9411,81,83,25330868,40001,0,0,308381
2026-04-23 11:02:36,21570203,25532,7483347,32965,8912,81,83,25370870,40002,0,0,305787
2026-04-23 11:02:37,21592991,22788,7491288,33001,7977,81,83,25406574,35704,0,0,307485
2026-04-23 11:02:38,21620889,27898,7500926,33051,9688,81,83,25420599,14025,0,0,300065
2026-04-23 11:02:39,21643622,22733,7508800,33082,7905,68,83,25460602,40003,0,0,301720
2026-04-23 11:02:40,21670652,27030,7518176,33127,9421,80,83,25480612,20010,0,0,298977
2026-04-23 11:02:41,21698033,27381,7527628,33170,9495,80,83,25520652,40040,0,0,299919
2026-04-23 11:02:43,21723419,25386,7536520,33224,8946,81,83,25540764,20112,0,0,299841
2026-04-23 11:02:44,21744981,21562,7543972,33253,7481,81,83,25560767,20003,0,0,301270
2026-04-23 11:02:45,21770359,25378,7552776,33295,8846,76,83,25600787,40020,0,0,303838
2026-04-23 11:02:46,21794693,24334,7561195,33321,8445,69,83,25640802,40015,0,0,305736
2026-04-23 11:02:47,21822581,27888,7570882,33358,9724,81,83,25660823,20021,0,0,303769
2026-04-23 11:02:48,21847098,24517,7579469,33385,8614,81,83,25700844,40021,0,0,300688
2026-04-23 11:02:50,21872320,25222,7588178,33418,8742,81,83,25740857,40013,0,0,305967
2026-04-23 11:02:51,21895980,23660,7596408,33450,8262,70,83,25780867,40010,0,0,305193
2026-04-23 11:02:52,21916360,20380,7603475,33480,7097,81,83,25800871,20004,0,0,306133
2026-04-23 11:02:53,21932336,15976,7608980,33505,5530,81,83,25840874,40003,0,0,303024
2026-04-23 11:02:54,21955811,23475,7617158,33546,8219,81,83,25880883,40009,0,0,300389
2026-04-23 11:02:55,21969342,13531,7621861,33565,4722,81,83,25920883,40000,0,0,298416
2026-04-23 11:02:57,21999988,30646,7632463,33618,10655,81,83,25940896,20013,0,0,302692
2026-04-23 11:02:58,22028595,28607,7642343,33667,9929,73,83,25960899,20003,0,0,300982
2026-04-23 11:02:59,22054261,25666,7651264,33713,8967,79,83,26000899,40000,0,0,303773
2026-04-23 11:03:00,22092719,38458,7664577,33778,13378,81,83,26040911,40012,0,0,310351
2026-04-23 11:03:01,22124777,32058,7675650,33834,11129,81,83,26080970,40059,0,0,308637
2026-04-23 11:03:02,22149701,24924,7684293,33879,8688,81,83,26132592,51622,0,0,310171
2026-04-23 11:03:04,22183909,34208,7696204,33921,11953,81,83,26172614,40022,0,0,315768
2026-04-23 11:03:05,22219229,35320,7708466,33990,12331,78,83,26214919,42305,0,0,316430
2026-04-23 11:03:06,22252377,33148,7720006,34036,11586,81,83,26265485,50566,0,0,306127
2026-04-23 11:03:07,22285729,33352,7731558,34096,11612,76,83,26310271,44786,0,0,306013
2026-04-23 11:03:08,22317480,31751,7742585,34152,11083,75,83,26354389,44118,0,0,305487
2026-04-23 11:03:09,22348540,31060,7753356,34195,10814,79,83,26394403,40014,0,0,302139
2026-04-23 11:03:11,22381277,32737,7764726,34244,11419,78,83,26434409,40006,0,0,309913
2026-04-23 11:03:12,22413797,32520,7776006,34303,11339,81,83,26474414,40005,0,0,309495
2026-04-23 11:03:13,22444939,31142,7786770,34349,10810,79,83,26509763,35349,0,0,308495
2026-04-23 11:03:14,22477183,32244,7797978,34390,11249,80,83,26569771,60008,0,0,305284
2026-04-23 11:03:15,22512225,35042,7810112,34454,12198,80,83,26605139,35368,0,0,305532
2026-04-23 11:03:17,22540300,28075,7819881,34501,9816,79,83,26645203,40064,0,0,304109
2026-04-23 11:03:18,22574799,34499,7831857,34548,12023,77,83,26669510,24307,0,0,302312
2026-04-23 11:03:19,22613498,38699,7845257,34604,13456,81,83,26709586,40076,0,0,288383
2026-04-23 11:03:20,22636608,23110,7853284,34635,8058,81,83,26749593,40007,0,0,292985
2026-04-23 11:03:21,22672486,35878,7865725,34695,12501,76,83,26790512,40919,0,0,285469
2026-04-23 11:03:22,22707970,35484,7878048,34737,12365,81,83,26830535,40023,0,0,291409
2026-04-23 11:03:24,22740169,32199,7889223,34791,11229,79,83,26870560,40025,0,0,298994
2026-04-23 11:03:25,22776088,35919,7901704,34848,12538,81,83,26911364,40804,0,0,305040
2026-04-23 11:03:26,22812276,36188,7914255,34899,12602,79,83,26952302,40938,0,0,305834
2026-04-23 11:03:27,22840220,27944,7923985,34933,9764,81,83,26990296,37994,0,0,301315
2026-04-23 11:03:28,22876784,36564,7936639,34989,12710,74,83,27032532,42236,0,0,299558
2026-04-23 11:03:30,22914094,37310,7949590,35047,13009,81,83,27058843,26311,0,0,300913
2026-04-23 11:03:31,22944430,30336,7960095,35096,10554,80,83,27117168,58325,0,0,305265
2026-04-23 11:03:32,22978136,33706,7971831,35155,11795,77,83,27155266,38098,0,0,308066
2026-04-23 11:03:33,22998573,20437,7978923,35180,7117,80,83,27198748,43482,0,0,306564
2026-04-23 11:03:34,23027773,29200,7989022,35217,10136,80,83,27241348,42600,0,0,307853
2026-04-23 11:03:35,23065567,37794,8002118,35264,13143,80,83,27267903,26555,0,0,306374
2026-04-23 11:03:37,23098574,33007,8013598,35306,11522,81,83,27304180,36277,0,0,311387
2026-04-23 11:03:38,23131282,32708,8024962,35346,11404,80,83,27355878,51698,0,0,308217
2026-04-23 11:03:39,23162670,31388,8035880,35396,10968,81,83,27395905,40027,0,0,312692
2026-04-23 11:03:40,23201928,39258,8049437,35448,13609,81,83,27434668,38763,0,0,316473
2026-04-23 11:03:41,23240099,38171,8062693,35514,13322,80,83,27466548,31880,0,0,313282
2026-04-23 11:03:42,23269037,28938,8072746,35548,10087,81,83,27507075,40527,0,0,314201
2026-04-23 11:03:44,23301286,32249,8083937,35608,11251,81,83,27550827,43752,0,0,321563
2026-04-23 11:03:45,23333911,32625,8095204,35672,11331,79,83,27590828,40001,0,0,323893
2026-04-23 11:03:46,23361733,27822,8104884,35713,9721,81,83,27627204,36376,0,0,319329
2026-04-23 11:03:47,23383488,21755,8112470,35742,7615,81,83,27688018,60814,0,0,315668
2026-04-23 11:03:48,23420621,37133,8125255,35807,12850,79,83,27708030,20012,0,0,324737
2026-04-23 11:03:50,23459930,39309,8138914,35858,13710,80,83,27748047,40017,0,0,322735
2026-04-23 11:03:51,23482717,22787,8146834,35893,7955,81,83,27804303,56256,0,0,320145
2026-04-23 11:03:52,23510937,28220,8156627,35935,9835,81,83,27844350,40047,0,0,321082
2026-04-23 11:03:53,23545985,35048,8168761,35984,12183,78,83,27877741,33391,0,0,326679
2026-04-23 11:03:54,23576382,30397,8179327,36025,10607,69,83,27917745,40004,0,0,320232
2026-04-23 11:03:55,23604121,27739,8188946,36058,9652,81,83,27956154,38409,0,0,316519
2026-04-23 11:03:56,23638588,34467,8200908,36103,12007,79,83,27996159,40005,0,0,320919
2026-04-23 11:03:58,23670073,31485,8211855,36145,10989,81,83,28036167,40008,0,0,322834
2026-04-23 11:03:59,23701977,31904,8222925,36200,11125,74,83,28074734,38567,0,0,327463
2026-04-23 11:04:00,23732857,30880,8233607,36247,10729,79,83,28114737,40003,0,0,331879
2026-04-23 11:04:01,23767128,34271,8245518,36297,11961,76,83,28135551,20814,0,0,335060
2026-04-23 11:04:02,23797878,30750,8256197,36356,10738,81,83,28175944,40393,0,0,328022
2026-04-23 11:04:04,23816513,18635,8262620,36392,6459,81,83,28200884,24940,0,0,330944
2026-04-23 11:04:05,23842812,26299,8271770,36432,9190,80,83,28240901,40017,0,0,336538
2026-04-23 11:04:06,23866246,23434,8279852,36464,8114,80,83,28282090,41189,0,0,335346
2026-04-23 11:04:07,23894870,28624,8289791,36506,9981,78,83,28306326,24236,0,0,336390
2026-04-23 11:04:08,23920120,25250,8298529,36544,8776,80,83,28345819,39493,0,0,336000
2026-04-23 11:04:09,23948611,28491,8308441,36594,9962,81,83,28365820,20001,0,0,333893
2026-04-23 11:04:11,23974032,25421,8317252,36632,8849,79,83,28405826,40006,0,0,336487
2026-04-23 11:04:12,24005227,31195,8328097,36671,10884,78,83,28419994,14168,0,0,338098
2026-04-23 11:04:13,24038971,33744,8339766,36740,11738,78,83,28461202,41208,0,0,343087
2026-04-23 11:04:14,24071907,32936,8351189,36785,11468,81,83,28485672,24470,0,0,347945
2026-04-23 11:04:15,24096072,24165,8359561,36810,8397,81,83,28525386,39714,0,0,336046
2026-04-23 11:04:17,24122541,26469,8368734,36845,9208,75,83,28565417,40031,0,0,336021
2026-04-23 11:04:18,24147849,25308,8377520,36874,8815,80,83,28583216,17799,0,0,332886
2026-04-23 11:04:19,24178979,31130,8388305,36932,10843,68,83,28634459,51243,0,0,337085
2026-04-23 11:04:20,24205675,26696,8397566,36972,9301,81,83,28654467,20008,0,0,334392
2026-04-23 11:04:21,24223912,18237,8403887,37003,6352,77,83,28714487,60020,0,0,329077
2026-04-23 11:04:22,24256267,32355,8415081,37051,11242,66,83,28734505,20018,0,0,331038
2026-04-23 11:04:24,24284229,27962,8424791,37091,9750,80,83,28774519,40014,0,0,331540
2026-04-23 11:04:25,24310584,26355,8433935,37137,9190,80,83,28814550,40031,0,0,331607
2026-04-23 11:04:26,24342994,32410,8445178,37196,11302,81,83,28854583,40033,0,0,336398
2026-04-23 11:04:27,24369483,26489,8454366,37248,9240,81,83,28894585,40002,0,0,339338
2026-04-23 11:04:28,24400174,30691,8464987,37291,10664,76,83,28914610,20025,0,0,327258
2026-04-23 11:04:29,24427577,27403,8474520,37334,9576,72,83,28934633,20023,0,0,325819
2026-04-23 11:04:31,24451552,23975,8482822,37374,8342,79,83,28974893,40260,0,0,327914
2026-04-23 11:04:32,24472348,20796,8490040,37404,7248,81,83,28993151,18258,0,0,316411
2026-04-23 11:04:33,24499134,26786,8499367,37434,9357,75,83,29037831,44680,0,0,322410
2026-04-23 11:04:34,24528630,29496,8509651,37478,10328,81,83,29050574,12743,0,0,316233
2026-04-23 11:04:35,24551628,22998,8517612,37515,7998,81,83,29090586,40012,0,0,313020
2026-04-23 11:04:36,24584102,32474,8528933,37569,11375,81,83,29122969,32383,0,0,313149
2026-04-23 11:04:38,24606525,22423,8536721,37598,7817,81,83,29159205,36236,0,0,304591
2026-04-23 11:04:39,24633770,27245,8546116,37623,9420,81,83,29182982,23777,0,0,310670
2026-04-23 11:04:40,24658887,25117,8554820,37664,8745,79,83,29226145,43163,0,0,316026
2026-04-23 11:04:41,24691463,32576,8566116,37718,11350,81,83,29248716,22571,0,0,315830
2026-04-23 11:04:42,24708014,16551,8571838,37747,5751,81,83,29272597,23881,0,0,310773
2026-04-23 11:04:43,24733796,25782,8580785,37776,8976,81,83,29292599,20002,0,0,308549
2026-04-23 11:04:45,24758119,24323,8589220,37817,8476,81,83,29332610,40011,0,0,305712
2026-04-23 11:04:46,24784116,25997,8598254,37863,9080,81,83,29372615,40005,0,0,306310
2026-04-23 11:04:47,24809610,25494,8607111,37894,8888,81,83,29412620,40005,0,0,306479
2026-04-23 11:04:48,24834166,24556,8615633,37921,8549,81,83,29448134,35514,0,0,309208
2026-04-23 11:04:49,24860129,25963,8624565,37956,8967,81,83,29472638,24504,0,0,305953
2026-04-23 11:04:50,24884628,24499,8633122,38000,8601,81,83,29512639,40001,0,0,301888
2026-04-23 11:04:52,24903712,19084,8639681,38028,6587,81,83,29540586,27947,0,0,297963
2026-04-23 11:04:53,24928770,25058,8648411,38070,8772,71,83,29580610,40024,0,0,300931
2026-04-23 11:04:54,24950415,21645,8655960,38093,7572,81,83,29600610,20000,0,0,302691
2026-04-23 11:04:55,24980908,30493,8666454,38145,10546,78,83,29640630,40020,0,0,307301
2026-04-23 11:04:56,25007727,26819,8675786,38192,9379,81,83,29660666,20036,0,0,310505
2026-04-23 11:04:58,25021152,13425,8680475,38212,4709,80,83,29693916,33250,0,0,248212
2026-04-23 11:04:59,25052707,31555,8691405,38255,10973,81,83,29713969,20053,0,0,258076
2026-04-23 11:05:00,25079849,27142,8700765,38289,9394,81,83,29733976,20007,0,0,266357
2026-04-23 11:05:01,25103510,23661,8708970,38326,8242,72,83,29773976,40000,0,0,273495
2026-04-23 11:05:02,25133375,29865,8719366,38367,10437,80,83,29793982,20006,0,0,281932
2026-04-23 11:05:03,25162621,29246,8729526,38413,10206,81,83,29814003,20021,0,0,290152
2026-04-23 11:05:05,25190683,28062,8739256,38454,9771,81,83,29854028,40025,0,0,298212
2026-04-23 11:05:06,25220120,29437,8749477,38505,10272,81,83,29894038,40010,0,0,306573
2026-04-23 11:05:07,25253987,33867,8761246,38556,11820,79,83,29934086,40048,0,0,315170
2026-04-23 11:05:08,25279791,25804,8770211,38587,8996,78,83,29974100,40014,0,0,322832
2026-04-23 11:05:09,25308702,28911,8780212,38636,10050,81,83,30014124,40024,0,0,315768
2026-04-23 11:05:10,25337012,28310,8790034,38687,9873,79,83,30054149,40025,0,0,316972
2026-04-23 11:05:12,25363328,26316,8799167,38737,9183,80,83,30084979,30830,0,0,317466
2026-04-23 11:05:13,25386900,23572,8807343,38767,8206,81,83,30125013,40034,0,0,319228
2026-04-23 11:05:14,25416643,29743,8817688,38827,10405,78,83,30171700,46687,0,0,323742
2026-04-23 11:05:15,25439511,22868,8825688,38851,8024,81,83,30189695,17995,0,0,311245
2026-04-23 11:05:16,25469854,30343,8836131,38897,10489,80,83,30249698,60003,0,0,311414
2026-04-23 11:05:17,25492515,22661,8844094,38931,7997,81,83,30283410,33712,0,0,298396
2026-04-23 11:05:19,25521114,28599,8853953,38980,9908,80,83,30323414,40004,0,0,304815
2026-04-23 11:05:20,25543508,22394,8861753,39006,7826,81,83,30363415,40001,0,0,300368
2026-04-23 11:05:21,25577708,34200,8873572,39061,11874,80,83,30403439,40024,0,0,293901
2026-04-23 11:05:22,25598322,20614,8880759,39092,7218,80,83,30441387,37948,0,0,287129
2026-04-23 11:05:23,25631225,32903,8892158,39148,11455,78,83,30471724,30337,0,0,284212
2026-04-23 11:05:24,25659323,28098,8901903,39194,9791,80,83,30510037,38313,0,0,287905
2026-04-23 11:05:26,25694029,34706,8913985,39247,12135,72,83,30530041,20004,0,0,288110
2026-04-23 11:05:27,25717482,23453,8922107,39296,8171,81,83,30590058,60017,0,0,292812
2026-04-23 11:05:28,25752534,35052,8934280,39343,12220,74,83,30610079,20021,0,0,298365
2026-04-23 11:05:29,25790935,38401,8947645,39414,13436,81,83,30650997,40918,0,0,289510
2026-04-23 11:05:30,25823088,32153,8958751,39453,11145,81,83,30671082,20085,0,0,286095
2026-04-23 11:05:32,25842712,19624,8965540,39484,6820,81,83,30709392,38310,0,0,284164
2026-04-23 11:05:33,25872121,29409,8975770,39520,10266,81,83,30749394,40002,0,0,288043
2026-04-23 11:05:34,25898592,26471,8984977,39563,9250,81,83,30789414,40020,0,0,291104
2026-04-23 11:05:35,25927518,28926,8995039,39596,10095,81,83,30829424,40010,0,0,292278
2026-04-23 11:05:36,25956271,28753,9005012,39644,10021,72,83,30884561,55137,0,0,282834
2026-04-23 11:05:38,25989877,33606,9016631,39693,11668,81,83,30904579,20018,0,0,285891
2026-04-23 11:05:39,26014552,24675,9025207,39727,8610,75,83,30941842,37263,0,0,286414
2026-04-23 11:05:40,26043069,28517,9035138,39775,9979,80,83,30981855,40013,0,0,290441
2026-04-23 11:05:41,26075511,32442,9046406,39827,11320,81,83,31001896,20041,0,0,295323
2026-04-23 11:05:42,26109690,34179,9058239,39893,11899,81,83,31041971,40075,0,0,293061
2026-04-23 11:05:43,26138599,28909,9068280,39938,10086,81,83,31081874,39903,0,0,293993
2026-04-23 11:05:45,26162007,23408,9076380,39971,8133,81,83,31110964,29090,0,0,295950
2026-04-23 11:05:46,26185902,23895,9084675,40017,8341,70,83,31150981,40017,0,0,292522
2026-04-23 11:05:47,26216607,30705,9095336,40062,10706,78,83,31167550,16569,0,0,296789
2026-04-23 11:05:48,26242370,25763,9104293,40104,8999,81,83,31207820,40270,0,0,297016
2026-04-23 11:05:49,26271477,29107,9114354,40143,10100,73,83,31256546,48726,0,0,293802
2026-04-23 11:05:50,26296868,25391,9123131,40179,8813,81,83,31276592,20046,0,0,298283
2026-04-23 11:05:52,26329879,33011,9134596,40246,11532,79,83,31316845,40253,0,0,298354
2026-04-23 11:05:53,26362626,32747,9145967,40288,11413,78,83,31336876,20031,0,0,298103
2026-04-23 11:05:54,26384164,21538,9153446,40325,7516,78,83,31396882,60006,0,0,299532
2026-04-23 11:05:55,26409522,25358,9162289,40364,8882,81,83,31432434,35552,0,0,304903
2026-04-23 11:05:56,26442446,32924,9173699,40411,11457,81,83,31456898,24464,0,0,301687
2026-04-23 11:05:58,26471512,29066,9183762,40455,10107,74,83,31496898,40000,0,0,302796
2026-04-23 11:05:59,26499386,27874,9193430,40502,9715,81,83,31536904,40006,0,0,308679
2026-04-23 11:06:00,26530784,31398,9204360,40554,10982,81,83,31556943,20039,0,0,300080
2026-04-23 11:06:01,26557904,27120,9213750,40596,9432,76,83,31596991,40048,0,0,303317
2026-04-23 11:06:02,26583443,25539,9222626,40638,8918,77,83,31637056,40065,0,0,308553
2026-04-23 11:06:03,26615916,32473,9233845,40702,11283,76,83,31677079,40023,0,0,305787
2026-04-23 11:06:05,26636809,20893,9241080,40729,7262,81,83,31704249,27170,0,0,307032
2026-04-23 11:06:06,26659104,22295,9248825,40758,7774,81,83,31738782,34533,0,0,308713
2026-04-23 11:06:07,26690245,31141,9259658,40811,10886,80,83,31778800,40018,0,0,313125
2026-04-23 11:06:08,26721807,31562,9270600,40872,11003,75,83,31798826,20026,0,0,317784
2026-04-23 11:06:09,26747995,26188,9279715,40913,9156,72,83,31854394,55568,0,0,312861
2026-04-23 11:06:10,26773365,25370,9288494,40946,8812,81,83,31874430,20036,0,0,312927
2026-04-23 11:06:12,26800633,27268,9297921,40995,9476,81,83,31906136,31706,0,0,310907
2026-04-23 11:06:13,26826850,26217,9307048,41038,9170,81,83,31937055,30919,0,0,313954
2026-04-23 11:06:14,26854543,27693,9316653,41083,9650,81,83,31977077,40022,0,0,312177
2026-04-23 11:06:15,26879540,24997,9325288,41126,8678,81,83,32017155,40078,0,0,312273
2026-04-23 11:06:16,26907593,28053,9335018,41164,9768,80,83,32059233,42078,0,0,312688
2026-04-23 11:06:17,26932240,24647,9343610,41209,8637,80,83,32094733,35500,0,0,310612
2026-04-23 11:06:19,26964902,32662,9354940,41255,11376,75,83,32119286,24553,0,0,310484
2026-04-23 11:06:20,26989618,24716,9363505,41299,8609,76,83,32159306,40020,0,0,310552
2026-04-23 11:06:21,27020439,30821,9374153,41347,10696,81,83,32174897,15591,0,0,309869
2026-04-23 11:06:22,27044363,23924,9382491,41382,8373,81,83,32214918,40021,0,0,309758
2026-04-23 11:06:23,27075023,30660,9393111,41429,10667,78,83,32248456,33538,0,0,311772
2026-04-23 11:06:24,27102854,27831,9402790,41472,9722,81,83,32268479,20023,0,0,310417
2026-04-23 11:06:26,27124208,21354,9410201,41496,7435,81,83,32288492,20013,0,0,309610
2026-04-23 11:06:27,27147047,22839,9418202,41537,8042,81,83,32328501,40009,0,0,311811
2026-04-23 11:06:28,27162677,15630,9423617,41559,5437,81,83,32368504,40003,0,0,311717
2026-04-23 11:06:29,27181730,19053,9430174,41592,6590,68,83,32388505,20001,0,0,315209
2026-04-23 11:06:30,27213377,31647,9441134,41642,11010,71,83,32428511,40006,0,0,316715
2026-04-23 11:06:31,27245677,32300,9452353,41698,11275,81,83,32468521,40010,0,0,315439
2026-04-23 11:06:33,27268687,23010,9460277,41731,7957,81,83,32508527,40006,0,0,317664
2026-04-23 11:06:34,27297548,28861,9470267,41773,10032,81,83,32548548,40021,0,0,319201
2026-04-23 11:06:35,27329278,31730,9481293,41809,11062,81,83,32568741,20193,0,0,321687
2026-04-23 11:06:36,27358583,29305,9491487,41856,10241,81,83,32611220,42479,0,0,323478
2026-04-23 11:06:37,27388325,29742,9501747,41908,10312,79,83,32651239,40019,0,0,321942
2026-04-23 11:06:38,27415757,27432,9511298,41950,9593,80,83,32686713,35474,0,0,324096
2026-04-23 11:06:40,27445777,30020,9521718,41990,10460,81,83,32726714,40001,0,0,323532
2026-04-23 11:06:41,27479539,33762,9533433,42036,11761,81,83,32751268,24554,0,0,329060
2026-04-23 11:06:42,27506817,27278,9542934,42071,9536,81,83,32791272,40004,0,0,330163
2026-04-23 11:06:43,27533401,26584,9552157,42112,9264,81,83,32831274,40002,0,0,336001
2026-04-23 11:06:44,27564403,31002,9562871,42167,10769,79,83,32859144,27870,0,0,335544
2026-04-23 11:06:45,27591992,27589,9572476,42202,9640,80,83,32880846,21702,0,0,330743
2026-04-23 11:06:47,27613349,21357,9579862,42238,7422,81,83,32900859,20013,0,0,329034
2026-04-23 11:06:48,27636511,23162,9587897,42270,8067,75,83,32940865,40006,0,0,310439
2026-04-23 11:06:49,27667137,30626,9598532,42320,10685,80,83,32960889,20024,0,0,299406
2026-04-23 11:06:50,27692583,25446,9607356,42350,8854,77,83,33000896,40007,0,0,304953
2026-04-23 11:06:51,27712488,19905,9614268,42381,6943,79,83,33040711,39815,0,0,292722
2026-04-23 11:06:53,27741229,28741,9624196,42438,9985,79,83,33080712,40001,0,0,291550
2026-04-23 11:06:54,27774518,33289,9635755,42497,11618,81,83,33120737,40025,0,0,299556
2026-04-23 11:06:55,27806551,32033,9646883,42545,11176,80,83,33160579,39842,0,0,296529
2026-04-23 11:06:56,27832957,26406,9656077,42582,9231,74,83,33200580,40001,0,0,302384
2026-04-23 11:06:57,27865458,32501,9667355,42624,11320,81,83,33239936,39356,0,0,294475
2026-04-23 11:06:58,27899663,34205,9679177,42683,11881,81,83,33277390,37454,0,0,291919
2026-04-23 11:07:00,27930501,30838,9689883,42732,10755,78,83,33317416,40026,0,0,298880
2026-04-23 11:07:01,27963033,32532,9701201,42786,11372,81,83,33357430,40014,0,0,301055
2026-04-23 11:07:02,27992819,29786,9711484,42834,10331,81,83,33409713,52283,0,0,296880
2026-04-23 11:07:03,28024319,31500,9722415,42880,10977,81,83,33449762,40049,0,0,304151
2026-04-23 11:07:04,28062323,38004,9735627,42938,13270,81,83,33486202,36440,0,0,302534
2026-04-23 11:07:05,28093432,31109,9746420,42979,10834,80,83,33526309,40107,0,0,293266
2026-04-23 11:07:07,28126117,32685,9757777,43034,11412,80,83,33566336,40027,0,0,295442
2026-04-23 11:07:08,28157566,31449,9768650,43087,10926,78,83,33621487,55151,0,0,297128
2026-04-23 11:07:09,28191252,33686,9780338,43139,11740,81,83,33661352,39865,0,0,299670
2026-04-23 11:07:10,28228414,37162,9793241,43185,12949,78,83,33687262,25910,0,0,303183
2026-04-23 11:07:11,28261678,33264,9804755,43231,11560,81,83,33727285,40023,0,0,302337
2026-04-23 11:07:13,28294794,33116,9816224,43277,11515,76,83,33767300,40015,0,0,301642
2026-04-23 11:07:14,28318078,23284,9824327,43305,8131,80,83,33822290,54990,0,0,295292
2026-04-23 11:07:15,28352490,34412,9836240,43359,11967,81,83,33861337,39047,0,0,300626
2026-04-23 11:07:16,28388670,36180,9848787,43415,12603,81,83,33881411,20074,0,0,303798
2026-04-23 11:07:17,28418590,29920,9859188,43460,10446,77,83,33940604,59193,0,0,302201
2026-04-23 11:07:18,28450272,31682,9870159,43512,11023,75,83,33981382,40778,0,0,303767
2026-04-23 11:07:20,28486423,36151,9882704,43577,12610,81,83,34003860,22478,0,0,306807
2026-04-23 11:07:21,28516858,30435,9893276,43619,10614,80,83,34055118,51258,0,0,308066
2026-04-23 11:07:22,28552987,36129,9905814,43678,12597,81,83,34075122,20004,0,0,316631
2026-04-23 11:07:23,28581469,28482,9915691,43730,9929,79,83,34115136,40014,0,0,314255
2026-04-23 11:07:24,28614237,32768,9927104,43780,11463,81,83,34175139,60003,0,0,316064
2026-04-23 11:07:26,28644422,30185,9937573,43820,10509,71,83,34209231,34092,0,0,314722
2026-04-23 11:07:27,28679789,35367,9949844,43868,12319,66,83,34229235,20004,0,0,315445
2026-04-23 11:07:28,28710454,30665,9960500,43909,10697,79,83,34289254,60019,0,0,319825
2026-04-23 11:07:29,28739122,28668,9970473,43945,10009,78,83,34328076,38822,0,0,315228
2026-04-23 11:07:30,28767696,28574,9980376,43991,9949,76,83,34359313,31237,0,0,310465
2026-04-23 11:07:31,28806374,38678,9993795,44047,13475,81,83,34399367,40054,0,0,310188
2026-04-23 11:07:33,28834231,27857,10003445,44090,9693,81,83,34420202,20835,0,0,304632
2026-04-23 11:07:34,28868443,34212,10015339,44141,11945,77,83,34460255,40053,0,0,309703
2026-04-23 11:07:35,28907226,38783,10028816,44189,13525,81,83,34501846,41591,0,0,316165
2026-04-23 11:07:36,28928421,21195,10036185,44218,7398,78,83,34541846,40000,0,0,306353
2026-04-23 11:07:37,28959440,31019,10046937,44281,10815,66,83,34601851,60005,0,0,310457
2026-04-23 11:07:38,28991059,31619,10057875,44313,10970,79,83,34635077,33226,0,0,306669
2026-04-23 11:07:40,29020716,29657,10068179,44355,10346,80,83,34673306,38229,0,0,313158
2026-04-23 11:07:41,29052626,31910,10079238,44402,11106,80,83,34713308,40002,0,0,320520
2026-04-23 11:07:42,29084560,31934,10090326,44439,11125,81,83,34769155,55847,0,0,322431
2026-04-23 11:07:43,29116670,32110,10101474,44485,11194,81,83,34805013,35858,0,0,321497
2026-04-23 11:07:44,29147422,30752,10112162,44535,10738,79,83,34846400,41387,0,0,320063
2026-04-23 11:07:46,29181929,34507,10124099,44597,11999,74,83,34877313,30913,0,0,319706
2026-04-23 11:07:47,29212389,30460,10134659,44653,10616,79,83,34933671,56358,0,0,323584
2026-04-23 11:07:48,29249066,36677,10147382,44707,12777,79,83,34957393,23722,0,0,323730
2026-04-23 11:07:49,29280064,30998,10158114,44762,10787,80,83,35017431,60038,0,0,327763
2026-04-23 11:07:50,29312535,32471,10169385,44813,11322,81,83,35053789,36358,0,0,332148
2026-04-23 11:07:51,29347572,35037,10181548,44875,12225,80,83,35090186,36397,0,0,325752
2026-04-23 11:07:53,29376833,29261,10191727,44921,10225,81,83,35132532,42346,0,0,326244
2026-04-23 11:07:54,29407528,30695,10202374,44960,10686,81,83,35172557,40025,0,0,327552
2026-04-23 11:07:55,29439199,31671,10213357,45015,11038,77,83,35195871,23314,0,0,323556
2026-04-23 11:07:56,29473597,34398,10225259,45062,11949,80,83,35239065,43194,0,0,322765
2026-04-23 11:07:57,29496234,22637,10233138,45098,7915,81,83,35264071,25006,0,0,318183
2026-04-23 11:07:58,29521681,25447,10241928,45140,8832,81,83,35299112,35041,0,0,314439
2026-04-23 11:08:00,29546975,25294,10250715,45181,8828,80,83,35342763,43651,0,0,313712
2026-04-23 11:08:01,29574097,27122,10260155,45225,9484,79,83,35382768,40005,0,0,316379
2026-04-23 11:08:02,29605988,31891,10271199,45266,11085,76,83,35402772,20004,0,0,317505
2026-04-23 11:08:03,29634265,28277,10281013,45302,9850,79,83,35442772,40000,0,0,320467
2026-04-23 11:08:04,29659528,25263,10289811,45347,8843,66,83,35497784,55012,0,0,313680
2026-04-23 11:08:05,29692288,32760,10301143,45391,11376,81,83,35517837,20053,0,0,315018
2026-04-23 11:08:07,29720382,28094,10310934,45428,9828,81,83,35557858,40021,0,0,312082
2026-04-23 11:08:08,29744787,24405,10319372,45464,8474,81,83,35577883,20025,0,0,310896
2026-04-23 11:08:09,29766177,21390,10326820,45498,7482,81,83,35626744,48861,0,0,311779
2026-04-23 11:08:10,29792122,25945,10335758,45534,8974,81,83,35666750,40006,0,0,314134
2026-04-23 11:08:11,29824984,32862,10347180,45599,11487,77,83,35690919,24169,0,0,318254
2026-04-23 11:08:12,29850385,25401,10355967,45646,8834,81,83,35730935,40016,0,0,319568
2026-04-23 11:08:14,29881793,31408,10366922,45692,11001,81,83,35755195,24260,0,0,316169
2026-04-23 11:08:15,29907831,26038,10375982,45737,9105,81,83,35795200,40005,0,0,321461
2026-04-23 11:08:16,29930809,22978,10383964,45765,8010,77,83,35831368,36168,0,0,314647
2026-04-23 11:08:17,29955427,24618,10392486,45795,8552,75,83,35842182,10814,0,0,316524
2026-04-23 11:08:18,29986283,30856,10403239,45843,10801,80,83,35882209,40027,0,0,314694
2026-04-23 11:08:20,30011920,25637,10412065,45886,8869,79,83,35922220,40011,0,0,313704
2026-04-23 11:08:21,30034097,22177,10419785,45914,7748,81,83,35945429,23209,0,0,317680
2026-04-23 11:08:22,30055808,21711,10427343,45943,7587,81,83,35985516,40087,0,0,318709
2026-04-23 11:08:23,30081717,25909,10436332,45971,9017,81,83,35997058,11542,0,0,321190
2026-04-23 11:08:24,30105456,23739,10444541,46015,8253,81,83,36033234,36176,0,0,322894
2026-04-23 11:08:25,30138194,32738,10455858,46069,11371,81,83,36073133,39899,0,0,316030
2026-04-23 11:08:27,30161526,23332,10463932,46120,8125,76,83,36113156,40023,0,0,314770
2026-04-23 11:08:28,30186947,25421,10472742,46167,8857,81,83,36137961,24805,0,0,308663
2026-04-23 11:08:29,30218330,31383,10483620,46203,10914,71,83,36180963,43002,0,0,309767
2026-04-23 11:08:30,30245531,27201,10493121,46246,9544,81,83,36200963,20000,0,0,309853
2026-04-23 11:08:31,30269876,24345,10501619,46285,8537,81,83,36255263,54300,0,0,309099
2026-04-23 11:08:33,30302333,32457,10512839,46334,11269,81,83,36275274,20011,0,0,308275
2026-04-23 11:08:34,30325614,23281,10520901,46371,8099,81,83,36295289,20015,0,0,307408
2026-04-23 11:08:35,30349829,24215,10529280,46410,8418,80,83,36335307,40018,0,0,312242
2026-04-23 11:08:36,30370991,21162,10536654,46444,7408,79,83,36363773,28466,0,0,307367
2026-04-23 11:08:37,30388522,17531,10542727,46478,6107,81,83,36396296,32523,0,0,302301
2026-04-23 11:08:38,30411193,22671,10550621,46509,7925,80,83,36416314,20018,0,0,304236
2026-04-23 11:08:40,30432803,21610,10558053,46542,7465,79,83,36456357,40043,0,0,303139
2026-04-23 11:08:41,30463355,30552,10568677,46586,10668,81,83,36476395,20038,0,0,307640
2026-04-23 11:08:42,30486955,23600,10576844,46625,8206,81,83,36496376,19981,0,0,304325
2026-04-23 11:08:43,30500377,13422,10581540,46646,4717,80,83,36534683,38307,0,0,305936
2026-04-23 11:08:44,30527165,26788,10590802,46678,9294,81,83,36554719,20036,0,0,309165
2026-04-23 11:08:45,30549734,22569,10598666,46727,7913,81,83,36594730,40011,0,0,305837
2026-04-23 11:08:47,30579979,30245,10609124,46768,10499,80,83,36623121,28391,0,0,304887
2026-04-23 11:08:48,30602406,22427,10616989,46802,7899,81,83,36643132,20011,0,0,306778
2026-04-23 11:08:49,30625552,23146,10625012,46844,8065,81,83,36683133,40001,0,0,311542
2026-04-23 11:08:50,30641059,15507,10630375,46866,5385,80,83,36721524,38391,0,0,311171
2026-04-23 11:08:51,30665844,24785,10638931,46908,8598,81,83,36741541,20017,0,0,313759
2026-04-23 11:08:52,30685031,19187,10645650,46941,6752,77,83,36781542,40001,0,0,312118
2026-04-23 11:08:54,30708406,23375,10653776,46971,8156,81,83,36801545,20003,0,0,311658
2026-04-23 11:08:55,30739139,30733,10664433,47001,10687,79,83,36832707,31162,0,0,313547
2026-04-23 11:08:56,30761822,22683,10672296,47030,7892,81,83,36852714,20007,0,0,308416
2026-04-23 11:08:57,30788113,26291,10681412,47071,9157,80,83,36892716,40002,0,0,311638
2026-04-23 11:08:58,30807354,19241,10688098,47100,6715,81,83,36912730,20014,0,0,312624
2026-04-23 11:08:59,30836006,28652,10698097,47143,10042,77,83,36952752,40022,0,0,311679
2026-04-23 11:09:01,30855441,19435,10704810,47179,6749,81,83,36972769,20017,0,0,293857
2026-04-23 11:09:02,30884819,29378,10714972,47221,10204,80,83,37012782,40013,0,0,284946
2026-04-23 11:09:03,30918227,33408,10726586,47267,11660,79,83,37068110,55328,0,0,289756
2026-04-23 11:09:04,30959120,40893,10740776,47341,14264,81,83,37088140,20030,0,0,300281
2026-04-23 11:09:05,30982576,23456,10748887,47379,8149,76,83,37148160,60020,0,0,302257
2026-04-23 11:09:06,31011027,28451,10758833,47425,9992,80,83,37188227,40067,0,0,298050
2026-04-23 11:09:08,31047536,36509,10771375,47502,12619,81,83,37216550,28323,0,0,301310
2026-04-23 11:09:09,31079676,32140,10782577,47538,11238,81,83,37256562,40012,0,0,309038
2026-04-23 11:09:10,31113059,33383,10794155,47589,11629,80,83,37291879,35317,0,0,314260
2026-04-23 11:09:11,31149474,36415,10806798,47647,12701,79,83,37339717,47838,0,0,312257
2026-04-23 11:09:12,31185516,36042,10819336,47699,12590,76,83,37384041,44324,0,0,316102
2026-04-23 11:09:14,31219557,34041,10831095,47753,11813,78,83,37424052,40011,0,0,313342
2026-04-23 11:09:15,31249943,30386,10841621,47802,10575,74,83,37461430,37378,0,0,317778
2026-04-23 11:09:16,31283127,33184,10853111,47855,11543,81,83,37503902,42472,0,0,317904
2026-04-23 11:09:17,31323829,40702,10867250,47921,14205,79,83,37546339,42437,0,0,325685
2026-04-23 11:09:18,31353738,29909,10877610,47977,10416,78,83,37586354,40015,0,0,329883
2026-04-23 11:09:19,31375435,21697,10885132,48016,7561,66,83,37629171,42817,0,0,321017
2026-04-23 11:09:21,31408821,33386,10896725,48061,11638,80,83,37676872,47701,0,0,317209
2026-04-23 11:09:22,31442565,33744,10908424,48115,11753,77,83,37716877,40005,0,0,325144
2026-04-23 11:09:23,31472337,29772,10918775,48159,10395,76,83,37760333,43456,0,0,323884
2026-04-23 11:09:24,31511244,38907,10932264,48209,13539,75,83,37800357,40024,0,0,330642
2026-04-23 11:09:25,31542807,31563,10943221,48259,11007,81,83,37837793,37436,0,0,337842
2026-04-23 11:09:27,31578584,35777,10955637,48310,12467,78,83,37881961,44168,0,0,335007
2026-04-23 11:09:28,31611481,32897,10967070,48361,11484,81,83,37917233,35272,0,0,336956
2026-04-23 11:09:29,31646972,35491,10979350,48411,12330,72,83,37965897,48664,0,0,334290
2026-04-23 11:09:30,31679654,32682,10990679,48463,11381,81,83,38005901,40004,0,0,338911
2026-04-23 11:09:31,31715470,35816,11003134,48527,12519,81,83,38065904,60003,0,0,341728
2026-04-23 11:09:32,31751698,36228,11015710,48575,12624,79,83,38105907,40003,0,0,344548
2026-04-23 11:09:34,31781143,29445,11025881,48629,10225,78,83,38147414,41507,0,0,345107
2026-04-23 11:09:35,31815046,33903,11037691,48673,11854,74,83,38182715,35301,0,0,347187
2026-04-23 11:09:36,31846482,31436,11048582,48731,10949,79,83,38232063,49348,0,0,348374
2026-04-23 11:09:37,31882626,36144,11061125,48786,12598,81,83,38251524,19461,0,0,353953
2026-04-23 11:09:38,31916716,34090,11072929,48851,11869,81,83,38306797,55273,0,0,355937
2026-04-23 11:09:39,31947630,30914,11083647,48909,10776,79,83,38346805,40008,0,0,349953
2026-04-23 11:09:41,31976719,29089,11093754,48948,10146,78,83,38386817,40012,0,0,351233
2026-04-23 11:09:42,32009461,32742,11105121,49002,11421,79,83,38426828,40011,0,0,355598
2026-04-23 11:09:43,32042094,32633,11116409,49068,11354,76,83,38482090,55262,0,0,356836
2026-04-23 11:09:44,32074127,32033,11127540,49109,11172,71,83,38519935,37845,0,0,360866
2026-04-23 11:09:45,32111635,37508,11140561,49162,13074,78,83,38543117,23182,0,0,362600
2026-04-23 11:09:47,32144992,33357,11152141,49212,11630,81,83,38583121,40004,0,0,356844
2026-04-23 11:09:48,32172180,27188,11161574,49248,9469,81,83,38629821,46700,0,0,362263
2026-04-23 11:09:49,32207002,34822,11173663,49310,12151,81,83,38669859,40038,0,0,365075
2026-04-23 11:09:50,32235306,28304,11183540,49349,9916,81,83,38706136,36277,0,0,362552
2026-04-23 11:09:51,32264895,29589,11193829,49383,10323,79,83,38766167,60031,0,0,363365
2026-04-23 11:09:52,32299357,34462,11205754,49434,11976,81,83,38786184,20017,0,0,371135
2026-04-23 11:09:54,32331350,31993,11216876,49475,11163,81,83,38828766,42582,0,0,361419
2026-04-23 11:09:55,32363406,32056,11227974,49532,11155,81,83,38856896,28130,0,0,357304
2026-04-23 11:09:56,32389011,25605,11236863,49576,8933,71,83,38910145,53249,0,0,362321
2026-04-23 11:09:57,32420960,31949,11247951,49624,11136,80,83,38953910,43765,0,0,366186
2026-04-23 11:09:58,32457230,36270,11260518,49674,12617,78,83,38991869,37959,0,0,366420
2026-04-23 11:09:59,32487692,30462,11271100,49718,10626,80,83,39031870,40001,0,0,369080
2026-04-23 11:10:01,32524840,37148,11283994,49769,12945,75,83,39051877,20007,0,0,372653
2026-04-23 11:10:02,32553923,29083,11294069,49817,10123,81,83,39091879,40002,0,0,378723
2026-04-23 11:10:03,32584755,30832,11304714,49865,10693,78,83,39141717,49838,0,0,379349
2026-04-23 11:10:04,32616476,31721,11315733,49914,11068,80,83,39185493,43776,0,0,383174
2026-04-23 11:10:05,32645816,29340,11325902,49970,10225,81,83,39220080,34587,0,0,386345
2026-04-23 11:10:06,32679112,33296,11337457,50019,11604,81,83,39258829,38749,0,0,378897
2026-04-23 11:10:08,32709545,30433,11348015,50068,10607,80,83,39298860,40031,0,0,370945
2026-04-23 11:10:09,32735798,26253,11357108,50104,9129,75,83,39335118,36258,0,0,373469
2026-04-23 11:10:10,32767742,31944,11368168,50155,11111,80,83,39378898,43780,0,0,377584
2026-04-23 11:10:11,32795750,28008,11377880,50196,9753,79,83,39418915,40017,0,0,377663
2026-04-23 11:10:12,32831405,35655,11390255,50247,12426,79,83,39452737,33822,0,0,383012
2026-04-23 11:10:13,32862005,30600,11400858,50301,10657,81,83,39492743,40006,0,0,380385
2026-04-23 11:10:15,32893494,31489,11411732,50355,10928,81,83,39519682,26939,0,0,378923
2026-04-23 11:10:16,32923099,29605,11422016,50395,10324,81,83,39559099,39417,0,0,382407
2026-04-23 11:10:17,32953573,30474,11432629,50443,10661,81,83,39579101,20002,0,0,380302
2026-04-23 11:10:18,32983745,30172,11443089,50485,10502,81,83,39619106,40005,0,0,383916
2026-04-23 11:10:19,33007423,23678,11451278,50527,8231,81,83,39659108,40002,0,0,382600
2026-04-23 11:10:21,33029404,21981,11458865,50569,7629,81,83,39690952,31844,0,0,377943
2026-04-23 11:10:22,33041420,12016,11463019,50586,4171,79,83,39730952,40000,0,0,378831
2026-04-23 11:10:23,33066674,25254,11471823,50619,8837,81,83,39750961,20009,0,0,380977
2026-04-23 11:10:24,33082339,15665,11477293,50643,5494,81,83,39770962,20001,0,0,375865
2026-04-23 11:10:25,33097994,15655,11482727,50660,5451,79,83,39790964,20002,0,0,375091
2026-04-23 11:10:26,33123288,25294,11491444,50692,8749,81,83,39810969,20005,0,0,377296
2026-04-23 11:10:27,33144070,20782,11498623,50729,7216,81,83,39850114,39145,0,0,376692
2026-04-23 11:10:29,33172566,28496,11508498,50781,9927,80,83,39872748,22634,0,0,372797
2026-04-23 11:10:30,33197621,25055,11517193,50821,8735,78,83,39912784,40036,0,0,377893
2026-04-23 11:10:31,33222917,25296,11525965,50861,8812,81,83,39949234,36450,0,0,377276
2026-04-23 11:10:32,33247439,24522,11534468,50903,8545,81,83,39985732,36498,0,0,376226
2026-04-23 11:10:33,33279211,31772,11545494,50952,11075,81,83,40005734,20002,0,0,383503
2026-04-23 11:10:35,33307782,28571,11555487,50988,10029,81,83,40045737,40003,0,0,367032
2026-04-23 11:10:36,33341092,33310,11567008,51037,11570,81,83,40065739,20002,0,0,368822
2026-04-23 11:10:37,33361925,20833,11574239,51082,7276,79,83,40102136,36397,0,0,372706
2026-04-23 11:10:38,33388748,26823,11583559,51116,9354,81,83,40125762,23626,0,0,364042
2026-04-23 11:10:39,33411518,22770,11591401,51154,7880,81,83,40145766,20004,0,0,359828
2026-04-23 11:10:41,33434843,23325,11599568,51184,8197,79,83,40185778,40012,0,0,352931
2026-04-23 11:10:42,33460034,25191,11608239,51226,8713,81,83,40222192,36414,0,0,353086
2026-04-23 11:10:43,33484231,24197,11616683,51257,8475,81,83,40262368,40176,0,0,346258
2026-04-23 11:10:44,33509475,25244,11625428,51297,8785,81,83,40289228,26860,0,0,336845
2026-04-23 11:10:45,33535054,25579,11634329,51334,8938,78,83,40329230,40002,0,0,342110
2026-04-23 11:10:46,33559373,24319,11642755,51374,8466,78,83,40382189,52959,0,0,321680
2026-04-23 11:10:48,33592903,33530,11654369,51433,11673,81,83,40402194,20005,0,0,323482
2026-04-23 11:10:49,33623135,30232,11664821,51484,10503,80,83,40422237,20043,0,0,327286
2026-04-23 11:10:50,33653784,30649,11675486,51523,10704,81,83,40451022,28785,0,0,328153
2026-04-23 11:10:51,33676741,22957,11683445,51562,7998,78,83,40486455,35433,0,0,323884
2026-04-23 11:10:52,33710844,34103,11695238,51612,11843,80,83,40526501,40046,0,0,331752
2026-04-23 11:10:53,33732092,21248,11702617,51640,7407,79,83,40565023,38522,0,0,324113
2026-04-23 11:10:55,33756806,24714,11711196,51684,8623,76,83,40596605,31582,0,0,320580
2026-04-23 11:10:56,33782521,25715,11720080,51730,8930,81,83,40630850,34245,0,0,317209
2026-04-23 11:10:57,33799554,17033,11726010,51758,5958,80,83,40675527,44677,0,0,316879
2026-04-23 11:10:58,33827466,27912,11735667,51797,9696,81,83,40700116,24589,0,0,322884
2026-04-23 11:10:59,33849086,21620,11743171,51834,7541,81,83,40746308,46192,0,0,324189
2026-04-23 11:11:00,33879261,30175,11753690,51866,10551,59,83,40784675,38367,0,0,328040
2026-04-23 11:11:02,33915205,35944,11766123,51925,12492,81,83,40804776,20101,0,0,321919
2026-04-23 11:11:03,33946220,31015,11776870,51985,10807,80,83,40826691,21915,0,0,323404
2026-04-23 11:11:04,33971907,25687,11785772,52032,8949,79,83,40870008,43317,0,0,326542
2026-04-23 11:11:05,34001696,29789,11796123,52089,10408,81,83,40887502,17494,0,0,324453
2026-04-23 11:11:06,34032287,30591,11806708,52136,10632,81,83,40927513,40011,0,0,322819
2026-04-23 11:11:07,34059003,26716,11815964,52179,9299,81,83,40967533,40020,0,0,321551
2026-04-23 11:11:09,34084049,25046,11824633,52226,8716,78,83,40996405,28872,0,0,319742
2026-04-23 11:11:10,34109857,25808,11833591,52265,8997,72,83,41031824,35419,0,0,322383
2026-04-23 11:11:11,34137407,27550,11843138,52314,9596,79,83,41071827,40003,0,0,325414
2026-04-23 11:11:12,34162138,24731,11851759,52355,8662,67,83,41108475,36648,0,0,322136
2026-04-23 11:11:13,34188669,26531,11860947,52397,9230,75,83,41148480,40005,0,0,324996
2026-04-23 11:11:15,34214215,25546,11869845,52425,8926,81,83,41172438,23958,0,0,324595
2026-04-23 11:11:16,34234433,20218,11876835,52462,7027,81,83,41217601,45163,0,0,322715
2026-04-23 11:11:17,34260603,26170,11885953,52500,9156,81,83,41256950,39349,0,0,322609
2026-04-23 11:11:18,34286674,26071,11895009,52549,9105,81,83,41291732,34782,0,0,325300
2026-04-23 11:11:19,34316933,30259,11905476,52593,10511,69,83,41308645,16913,0,0,326466
2026-04-23 11:11:20,34353907,36974,11918297,52643,12871,81,83,41348677,40032,0,0,332531
2026-04-23 11:11:22,34381593,27686,11927906,52692,9658,80,83,41374241,25564,0,0,327167
2026-04-23 11:11:23,34407936,26343,11937041,52732,9175,81,83,41414253,40012,0,0,329921
2026-04-23 11:11:24,34438309,30373,11947559,52770,10556,78,83,41454276,40023,0,0,336817
2026-04-23 11:11:25,34468487,30178,11958059,52810,10540,80,83,41474300,20024,0,0,332694
2026-04-23 11:11:26,34494651,26164,11967140,52847,9118,81,83,41514319,40019,0,0,332254
2026-04-23 11:11:27,34525693,31042,11977943,52901,10857,81,83,41549373,35054,0,0,339359
2026-04-23 11:11:29,34553517,27824,11987591,52947,9694,79,83,41589466,40093,0,0,331300
2026-04-23 11:11:30,34581856,28339,11997434,52979,9875,81,83,41623826,34360,0,0,337386
2026-04-23 11:11:31,34606722,24866,12006059,53024,8670,80,83,41663833,40007,0,0,342383
2026-04-23 11:11:32,34632282,25560,12014927,53078,8922,74,83,41697184,33351,0,0,336216
2026-04-23 11:11:33,34665278,32996,12026355,53136,11486,81,83,41721861,24677,0,0,335352
2026-04-23 11:11:34,34692508,27230,12035762,53187,9458,81,83,41761868,40007,0,0,335367
2026-04-23 11:11:36,34721411,28903,12045799,53221,10071,81,83,41806501,44633,0,0,338800
2026-04-23 11:11:37,34746436,25025,12054481,53265,8726,75,83,41842397,35896,0,0,338110
2026-04-23 11:11:38,34774065,27629,12064122,53303,9679,61,83,41882405,40008,0,0,338029
2026-04-23 11:11:39,34798404,24339,12072547,53340,8462,80,83,41917758,35353,0,0,342888
2026-04-23 11:11:40,34830557,32153,12083690,53389,11192,77,83,41942580,24822,0,0,344454
2026-04-23 11:11:41,34857089,26532,12092909,53427,9257,81,83,41982608,40028,0,0,332528
2026-04-23 11:11:43,34889430,32341,12104086,53475,11225,77,83,42017361,34753,0,0,331422
2026-04-23 11:11:44,34918218,28788,12114102,53530,10071,81,83,42052749,35388,0,0,331870
2026-04-23 11:11:45,34940825,22607,12121923,53565,7856,81,83,42077410,24661,0,0,336086
2026-04-23 11:11:46,34966909,26084,12131007,53606,9125,81,83,42134809,57399,0,0,341451
2026-04-23 11:11:47,34994078,27169,12140370,53647,9404,76,83,42154810,20001,0,0,347037
2026-04-23 11:11:48,35026095,32017,12151515,53690,11188,71,83,42194832,40022,0,0,348471
2026-04-23 11:11:50,35050548,24453,12159972,53725,8492,79,83,42234840,40008,0,0,338935
2026-04-23 11:11:51,35073886,23338,12168100,53758,8161,81,83,42254844,20004,0,0,340536
2026-04-23 11:11:52,35102328,28442,12177987,53796,9925,81,83,42295294,40450,0,0,343810
2026-04-23 11:11:53,35129536,27208,12187409,53829,9455,78,83,42335301,40007,0,0,337911
2026-04-23 11:11:54,35153387,23851,12195710,53860,8332,80,83,42375308,40007,0,0,337144
2026-04-23 11:11:55,35184359,30972,12206477,53907,10814,81,83,42395330,20022,0,0,338250
2026-04-23 11:11:57,35207997,23638,12214632,53947,8195,81,83,42435337,40007,0,0,336917
2026-04-23 11:11:58,35234790,26793,12223944,53985,9350,79,83,42474485,39148,0,0,339391
2026-04-23 11:11:59,35259112,24322,12232335,54022,8428,81,83,42499593,25108,0,0,338083
2026-04-23 11:12:00,35288794,29682,12242647,54055,10345,81,83,42539618,40025,0,0,341625
2026-04-23 11:12:01,35316864,28070,12252373,54093,9764,81,83,42579651,40033,0,0,344565
2026-04-23 11:12:02,35349670,32806,12263821,54130,11485,81,83,42605443,25792,0,0,343112
2026-04-23 11:12:04,35375941,26271,12272869,54175,9093,81,83,42628470,23027,0,0,342124
2026-04-23 11:12:05,35405802,29861,12283265,54216,10437,79,83,42668475,40005,0,0,339868
2026-04-23 11:12:06,35431453,25651,12292153,54250,8922,79,83,42708480,40005,0,0,339041
2026-04-23 11:12:07,35456799,25346,12300946,54291,8834,79,83,42746879,38399,0,0,338134
2026-04-23 11:12:08,35481914,25115,12309641,54328,8732,81,83,42782334,35455,0,0,340092
2026-04-23 11:12:09,35503363,21449,12317115,54358,7504,81,83,42806884,24550,0,0,340426
2026-04-23 11:12:11,35536782,33419,12328722,54420,11669,81,83,42847082,40198,0,0,339508
2026-04-23 11:12:12,35559299,22517,12336556,54458,7872,81,83,42875662,28580,0,0,340714
2026-04-23 11:12:13,35588837,29538,12346795,54490,10271,81,83,42895672,20010,0,0,341327
2026-04-23 11:12:14,35614738,25901,12355816,54522,9053,81,83,42916891,21219,0,0,335069
2026-04-23 11:12:15,35634531,19793,12362716,54548,6926,81,83,42952344,35453,0,0,332720
2026-04-23 11:12:17,35660563,26032,12371767,54594,9097,80,83,42988986,36642,0,0,332192
2026-04-23 11:12:18,35682917,22354,12379500,54626,7765,81,83,43008991,20005,0,0,333419
2026-04-23 11:12:19,35707708,24791,12388113,54655,8642,75,83,43049007,40016,0,0,320916
2026-04-23 11:12:20,35732506,24798,12396696,54689,8617,81,83,43089024,40017,0,0,325849
2026-04-23 11:12:21,35747675,15169,12401985,54721,5321,81,83,43126894,37870,0,0,321985
2026-04-23 11:12:22,35773807,26132,12411089,54761,9144,81,83,43166900,40006,0,0,319010
2026-04-23 11:12:24,35807072,33265,12422609,54820,11579,81,83,43198143,31243,0,0,318835
2026-04-23 11:12:25,35838221,31149,12433386,54874,10831,81,83,43221260,23117,0,0,321937
2026-04-23 11:12:26,35859303,21082,12440761,54909,7410,81,83,43256457,35197,0,0,325436
2026-04-23 11:12:27,35878708,19405,12447468,54931,6729,81,83,43273119,16662,0,0,320512
2026-04-23 11:12:28,35906966,28258,12457280,54975,9856,67,83,43313151,40032,0,0,326611
2026-04-23 11:12:29,35925971,19005,12463827,55014,6586,80,83,43350408,37257,0,0,318492
2026-04-23 11:12:31,35956308,30337,12474361,55064,10584,80,83,43370412,20004,0,0,322358
2026-04-23 11:12:32,35979150,22842,12482293,55099,7967,80,83,43410413,40001,0,0,326746
2026-04-23 11:12:33,36001337,22187,12490010,55129,7747,75,83,43430446,20033,0,0,328051
2026-04-23 11:12:34,36031264,29927,12500395,55172,10428,81,83,43453900,23454,0,0,331899
2026-04-23 11:12:35,36061701,30437,12510939,55221,10593,81,83,43493908,40008,0,0,333086
2026-04-23 11:12:36,36081720,20019,12517862,55258,6960,81,83,43520823,26915,0,0,336645
2026-04-23 11:12:38,36105904,24184,12526291,55292,8463,81,83,43558634,37811,0,0,330178
2026-04-23 11:12:39,36134231,28327,12536063,55340,9820,80,83,43613841,55207,0,0,327804
2026-04-23 11:12:40,36169625,35394,12548323,55390,12310,79,83,43633875,20034,0,0,330674
2026-04-23 11:12:41,36202230,32605,12559630,55430,11347,80,83,43693895,60020,0,0,335407
2026-04-23 11:12:42,36233489,31259,12570460,55488,10888,81,83,43723100,29205,0,0,337089
2026-04-23 11:12:43,36260653,27164,12579875,55540,9467,81,83,43760233,37133,0,0,340103
2026-04-23 11:12:45,36293525,32872,12591324,55589,11498,78,83,43808051,47818,0,0,339532
2026-04-23 11:12:46,36323731,30206,12601737,55638,10462,71,83,43848062,40011,0,0,338119
2026-04-23 11:12:47,36352812,29081,12611787,55684,10096,81,83,43873599,25537,0,0,339199
2026-04-23 11:12:48,36386312,33500,12623445,55721,11695,79,83,43919146,45547,0,0,338887
2026-04-23 11:12:49,36421455,35143,12635621,55788,12243,81,83,43959148,40002,0,0,344577
2026-04-23 11:12:51,36451422,29967,12646091,55837,10519,81,83,43993837,34689,0,0,343211
2026-04-23 11:12:52,36484103,32681,12657371,55892,11335,79,83,44045524,51687,0,0,342658
2026-04-23 11:12:53,36516800,32697,12668741,55940,11418,81,83,44085555,40031,0,0,347459
2026-04-23 11:12:54,36544644,27844,12678411,55984,9714,79,83,44127109,41554,0,0,350737
2026-04-23 11:12:55,36579965,35321,12690620,56036,12261,71,83,44167121,40012,0,0,356250
2026-04-23 11:12:56,36613267,33302,12702172,56103,11619,81,83,44202699,35578,0,0,358444
2026-04-23 11:12:58,36645716,32449,12713399,56150,11274,81,83,44242725,40026,0,0,357163
2026-04-23 11:12:59,36674586,28870,12723435,56182,10068,80,83,44282778,40053,0,0,355307
2026-04-23 11:13:00,36705672,31086,12734204,56231,10818,77,83,44318263,35485,0,0,359473
2026-04-23 11:13:01,36734272,28600,12744114,56265,9944,81,83,44350129,31866,0,0,360121
2026-04-23 11:13:02,36768200,33928,12755895,56319,11835,79,83,44404175,54046,0,0,353634
2026-04-23 11:13:03,36803266,35066,12768082,56369,12237,81,83,44439707,35532,0,0,361870
2026-04-23 11:13:05,36832788,29522,12778388,56410,10347,73,83,44485644,45937,0,0,329234
2026-04-23 11:13:06,36865794,33006,12789799,56459,11460,81,83,44525652,40008,0,0,330936
2026-04-23 11:13:07,36896668,30874,12800558,56495,10795,80,83,44565653,40001,0,0,320371
2026-04-23 11:13:08,36934169,37501,12813569,56564,13080,80,83,44605726,40073,0,0,329315
2026-04-23 11:13:10,36964605,30436,12824110,56608,10585,80,83,44645730,40004,0,0,327367
2026-04-23 11:13:11,36997920,33315,12835653,56660,11595,80,83,44685910,40180,0,0,334968
2026-04-23 11:13:12,37029621,31701,12846638,56716,11041,76,83,44725912,40002,0,0,339145
2026-04-23 11:13:13,37062830,33209,12858158,56771,11575,81,83,44765931,40019,0,0,337882
2026-04-23 11:13:14,37092954,30124,12868595,56814,10480,81,83,44802972,37041,0,0,338834
2026-04-23 11:13:15,37123724,30770,12879260,56857,10708,81,83,44838471,35499,0,0,342743
2026-04-23 11:13:17,37158180,34456,12891223,56921,12027,81,83,44878485,40014,0,0,336490
2026-04-23 11:13:18,37197206,39026,12904731,56980,13567,79,83,44918966,40481,0,0,343003
2026-04-23 11:13:19,37228447,31241,12915552,57043,10884,78,83,44959018,40052,0,0,335841
2026-04-23 11:13:20,37262365,33918,12927319,57085,11809,78,83,44979042,20024,0,0,335056
2026-04-23 11:13:21,37297970,35605,12939659,57134,12389,81,83,45019089,40047,0,0,332054
2026-04-23 11:13:23,37319181,21211,12947041,57165,7413,80,83,45077613,58524,0,0,333030
2026-04-23 11:13:24,37351759,32578,12958344,57212,11350,81,83,45097679,20066,0,0,331846
2026-04-23 11:13:25,37367557,15798,12963820,57243,5507,81,83,45155877,58198,0,0,325503
2026-04-23 11:13:26,37401752,34195,12975676,57293,11906,80,83,45177916,22039,0,0,330563
2026-04-23 11:13:27,37426942,25190,12984415,57339,8785,69,83,45216416,38500,0,0,329894
2026-04-23 11:13:28,37461585,34643,12996446,57392,12084,81,83,45256429,40013,0,0,332164
2026-04-23 11:13:30,37491177,29592,13006693,57430,10285,75,83,45297043,40614,0,0,332925
2026-04-23 11:13:31,37518798,27621,13016346,57464,9687,78,83,45332959,35916,0,0,332812
2026-04-23 11:13:32,37545605,26807,13025670,57495,9355,81,83,45372972,40013,0,0,335469
2026-04-23 11:13:33,37579009,33404,13037243,57569,11647,81,83,45397061,24089,0,0,337133
2026-04-23 11:13:34,37613164,34155,13049020,57624,11832,71,83,45437072,40011,0,0,339212
2026-04-23 11:13:35,37639940,26776,13058303,57667,9326,80,83,45464475,27403,0,0,338886
2026-04-23 11:13:37,37664114,24174,13066676,57705,8411,81,83,45500614,36139,0,0,337755
2026-04-23 11:13:38,37697221,33107,13078187,57745,11551,79,83,45540664,40050,0,0,336610
2026-04-23 11:13:39,37718933,21712,13085679,57779,7526,81,83,45570290,29626,0,0,337638
2026-04-23 11:13:40,37737354,18421,13092114,57802,6458,81,83,45608978,38688,0,0,337784
2026-04-23 11:13:41,37774118,36764,13104826,57861,12771,81,83,45649062,40084,0,0,337959
2026-04-23 11:13:42,37804610,30492,13115398,57905,10616,80,83,45681717,32655,0,0,339089
2026-04-23 11:13:44,37838591,33981,13127192,57947,11836,77,83,45710197,28480,0,0,338641
2026-04-23 11:13:45,37866997,28406,13137049,57995,9905,79,83,45747321,37124,0,0,330590
2026-04-23 11:13:46,37899933,32936,13148460,58041,11457,77,83,45767647,20326,0,0,335352
2026-04-23 11:13:47,37932312,32379,13159750,58085,11334,78,83,45807665,40018,0,0,339928
2026-04-23 11:13:48,37960062,27750,13169315,58136,9616,80,83,45847688,40023,0,0,345818
2026-04-23 11:13:49,37983508,23446,13177460,58160,8169,78,83,45885900,38212,0,0,341705
2026-04-23 11:13:51,38016433,32925,13188853,58220,11453,78,83,45910474,24574,0,0,334668
2026-04-23 11:13:52,38038879,22446,13196710,58266,7903,81,83,45950477,40003,0,0,333164
2026-04-23 11:13:53,38067121,28242,13206440,58313,9777,75,83,45990477,40000,0,0,339214
2026-04-23 11:13:54,38091326,24205,13214848,58348,8443,81,83,46010477,20000,0,0,335366
2026-04-23 11:13:55,38114873,23547,13223023,58384,8211,81,83,46046290,35813,0,0,337007
2026-04-23 11:13:57,38142832,27959,13232671,58426,9690,81,83,46086315,40025,0,0,337126
2026-04-23 11:13:58,38164220,21388,13240087,58455,7445,78,83,46122147,35832,0,0,328859
2026-04-23 11:13:59,38192620,28400,13249887,58505,9850,81,83,46142197,20050,0,0,329265
2026-04-23 11:14:00,38212936,20316,13256942,58540,7090,81,83,46174177,31980,0,0,329978
2026-04-23 11:14:01,38241826,28890,13266967,58573,10058,81,83,46214185,40008,0,0,330537
2026-04-23 11:14:02,38265762,23936,13275304,58618,8382,81,83,46255546,41361,0,0,329411
2026-04-23 11:14:04,38289804,24042,13283619,58653,8350,79,83,46295606,40060,0,0,325499
2026-04-23 11:14:05,38320960,31156,13294432,58697,10857,81,83,46315642,20036,0,0,326796
2026-04-23 11:14:06,38341031,20071,13301444,58724,7039,81,83,46354197,38555,0,0,323488
2026-04-23 11:14:07,38369276,28245,13311194,58769,9795,80,83,46394429,40232,0,0,319015
2026-04-23 11:14:08,38402006,32730,13322554,58818,11409,80,83,46414455,20026,0,0,320883
2026-04-23 11:14:09,38428423,26417,13331736,58859,9223,76,83,46454463,40008,0,0,320690
2026-04-23 11:14:11,38453938,25515,13340650,58900,8955,81,83,46497745,43282,0,0,317399
2026-04-23 11:14:12,38475384,21446,13348011,58933,7394,79,83,46537772,40027,0,0,315682
2026-04-23 11:14:13,38507348,31964,13359085,58994,11135,80,83,46557795,20023,0,0,320038
2026-04-23 11:14:14,38528457,21109,13366456,59021,7398,81,83,46583502,25707,0,0,315187
2026-04-23 11:14:15,38551028,22571,13374295,59064,7882,70,83,46623514,40012,0,0,319521
2026-04-23 11:14:16,38575438,24410,13382739,59105,8485,78,83,46655600,32086,0,0,318440
2026-04-23 11:14:18,38596697,21259,13390124,59138,7418,81,83,46675621,20021,0,0,314964
2026-04-23 11:14:19,38621693,24996,13398857,59178,8773,81,83,46715639,40018,0,0,313013
2026-04-23 11:14:20,38645869,24176,13407212,59220,8397,81,83,46751458,35819,0,0,317740
2026-04-23 11:14:21,38674564,28695,13417164,59276,10008,81,83,46771481,20023,0,0,318166
2026-04-23 11:14:22,38698395,23831,13425431,59307,8298,81,83,46811742,40261,0,0,322789
2026-04-23 11:14:23,38724228,25833,13434413,59333,9008,81,83,46849330,37588,0,0,325150
2026-04-23 11:14:25,38750811,26583,13443644,59380,9278,81,83,46891701,42371,0,0,324846
2026-04-23 11:14:26,38774661,23850,13451922,59422,8320,69,83,46929569,37868,0,0,326598
2026-04-23 11:14:27,38800193,25532,13460740,59455,8851,81,83,46949572,20003,0,0,322920
2026-04-23 11:14:28,38830772,30579,13471408,59499,10712,81,83,46989588,40016,0,0,323956
2026-04-23 11:14:29,38854658,23886,13479680,59546,8319,79,83,47025069,35481,0,0,325847
2026-04-23 11:14:31,38886856,32198,13490846,59591,11211,81,83,47052683,27614,0,0,330229
2026-04-23 11:14:32,38913752,26896,13500199,59629,9391,81,83,47075375,22692,0,0,326023
2026-04-23 11:14:33,38934223,20471,13507274,59661,7107,81,83,47115381,40006,0,0,321986
2026-04-23 11:14:34,38967162,32939,13518729,59717,11511,81,83,47146881,31500,0,0,320889
2026-04-23 11:14:35,38991592,24430,13527213,59757,8524,81,83,47184605,37724,0,0,319965
2026-04-23 11:14:36,39016268,24676,13535739,59800,8569,80,83,47226823,42218,0,0,321932
2026-04-23 11:14:38,39045835,29567,13545981,59834,10276,81,83,47246835,20012,0,0,328508
2026-04-23 11:14:39,39071361,25526,13554876,59866,8927,81,83,47286836,40001,0,0,328204
2026-04-23 11:14:40,39097081,25720,13563760,59910,8928,80,83,47321899,35063,0,0,325009
2026-04-23 11:14:41,39124674,27593,13573340,59949,9619,81,83,47341749,19850,0,0,331075
2026-04-23 11:14:42,39145036,20362,13580424,59979,7114,82,83,47377190,35441,0,0,331909
2026-04-23 11:14:43,39172843,27807,13590026,60029,9652,78,83,47408132,30942,0,0,337933
2026-04-23 11:14:45,39200714,27871,13599683,60075,9703,78,83,47448139,40007,0,0,338312
2026-04-23 11:14:46,39235518,34804,13611813,60137,12192,64,83,47468212,20073,0,0,335188
2026-04-23 11:14:47,39264766,29248,13621921,60177,10148,81,83,47494183,25971,0,0,331310
2026-04-23 11:14:48,39292348,27582,13631486,60215,9603,80,83,47534221,40038,0,0,325065
2026-04-23 11:14:49,39321572,29224,13641617,60256,10172,80,83,47575630,41409,0,0,320429
2026-04-23 11:14:50,39351506,29934,13652025,60296,10448,81,83,47615640,40010,0,0,327184
2026-04-23 11:14:52,39382051,30545,13662674,60342,10695,81,83,47667218,51578,0,0,325286
2026-04-23 11:14:53,39414277,32226,13673790,60389,11163,78,83,47707244,40026,0,0,323997
2026-04-23 11:14:54,39446469,32192,13684942,60444,11207,81,83,47743669,36425,0,0,325648
2026-04-23 11:14:55,39476332,29863,13695333,60487,10434,80,83,47799027,55358,0,0,329304
2026-04-23 11:14:56,39510157,33825,13707041,60535,11756,80,83,47846476,47449,0,0,322719
2026-04-23 11:14:57,39544543,34386,13718981,60586,11991,81,83,47877250,30774,0,0,324842
2026-04-23 11:14:59,39580777,36234,13731496,60646,12575,80,83,47912991,35741,0,0,327410
2026-04-23 11:15:00,39616411,35634,13743881,60698,12437,78,83,47966673,53682,0,0,326514
2026-04-23 11:15:01,39648707,32296,13755120,60749,11290,80,83,48002042,35369,0,0,327837
2026-04-23 11:15:02,39687587,38880,13768613,60810,13554,80,83,48042152,40110,0,0,337228
2026-04-23 11:15:03,39716168,28581,13778550,60847,9974,80,83,48082181,40029,0,0,340129
2026-04-23 11:15:05,39745775,29607,13788771,60904,10278,80,83,48122188,40007,0,0,343443
2026-04-23 11:15:06,39771692,25917,13797732,60952,9009,81,83,48169062,46874,0,0,336517
2026-04-23 11:15:07,39805087,33395,13809283,61004,11603,81,83,48204461,35399,0,0,340922
2026-04-23 11:15:08,39834926,29839,13819644,61056,10413,78,83,48250722,46261,0,0,347400
2026-04-23 11:15:09,39868068,33142,13831133,61097,11530,77,83,48288309,37587,0,0,348669
2026-04-23 11:15:10,39899143,31075,13841901,61153,10824,65,83,48328335,40026,0,0,349262
2026-04-23 11:15:12,39935165,36022,13854377,61196,12519,78,83,48354217,25882,0,0,357544
2026-04-23 11:15:13,39972192,37027,13867239,61239,12905,79,83,48392005,37788,0,0,351070
2026-04-23 11:15:14,40006512,34320,13879129,61301,11952,81,83,48424541,32536,0,0,350016
2026-04-23 11:15:15,40039576,33064,13890615,61345,11530,81,83,48463848,39307,0,0,354401
2026-04-23 11:15:16,40074098,34522,13902617,61395,12052,81,83,48506886,43038,0,0,356265
2026-04-23 11:15:17,40109449,35351,13914895,61460,12343,80,83,48530835,23949,0,0,361292
2026-04-23 11:15:19,40134266,24817,13923560,61506,8711,81,83,48589042,58207,0,0,359844
2026-04-23 11:15:20,40170596,36330,13936134,61551,12619,81,83,48612391,23349,0,0,359129
2026-04-23 11:15:21,40200515,29919,13946531,61599,10445,76,83,48667772,55381,0,0,359364
2026-04-23 11:15:22,40233939,33424,13958130,61652,11652,80,83,48707790,40018,0,0,363583
2026-04-23 11:15:23,40262239,28300,13967957,61699,9874,81,83,48747816,40026,0,0,363083
2026-04-23 11:15:24,40297173,34934,13980107,61758,12209,76,83,48787853,40037,0,0,367816
2026-04-23 11:15:26,40326064,28891,13990129,61794,10058,81,83,48823992,36139,0,0,373540
2026-04-23 11:15:27,40353693,27629,13999728,61832,9637,80,83,48880126,56134,0,0,369820
2026-04-23 11:15:28,40375380,21687,14007297,61868,7605,80,83,48920142,40016,0,0,356274
2026-04-23 11:15:29,40402192,26812,14016560,61915,9310,81,83,48955041,34899,0,0,352572
2026-04-23 11:15:30,40430834,28642,14026455,61959,9939,81,83,48979108,24067,0,0,358535
2026-04-23 11:15:31,40453732,22898,14034453,61992,8031,81,83,49019114,40006,0,0,351011
2026-04-23 11:15:33,40478411,24679,14043044,62035,8634,81,83,49059129,40015,0,0,346815
2026-04-23 11:15:34,40507134,28723,14052935,62088,9944,75,83,49092698,33569,0,0,352678
2026-04-23 11:15:35,40539729,32595,14064266,62136,11379,81,83,49112742,20044,0,0,357113
2026-04-23 11:15:36,40573089,33360,14075809,62178,11585,63,83,49152752,40010,0,0,364581
2026-04-23 11:15:37,40592740,19651,14082631,62214,6858,79,83,49192752,40000,0,0,364778
2026-04-23 11:15:39,40625727,32987,14094076,62253,11484,79,83,49232778,40026,0,0,363516
2026-04-23 11:15:40,40652317,26590,14103314,62293,9278,80,83,49272780,40002,0,0,362539
2026-04-23 11:15:41,40683748,31431,14114191,62342,10926,81,83,49308910,36130,0,0,369289
2026-04-23 11:15:42,40711015,27267,14123636,62383,9486,81,83,49348910,40000,0,0,365594
2026-04-23 11:15:43,40743544,32529,14134959,62431,11371,81,83,49372789,23879,0,0,372650
2026-04-23 11:15:44,40778889,35345,14147188,62484,12282,78,83,49412799,40010,0,0,374478
2026-04-23 11:15:46,40813327,34438,14159157,62528,12013,72,83,49432805,20006,0,0,382273
2026-04-23 11:15:47,40844597,31270,14170059,62572,10946,81,83,49470260,37455,0,0,376508
2026-04-23 11:15:48,40872983,28386,14179839,62622,9830,80,83,49504211,33951,0,0,373115
2026-04-23 11:15:49,40898064,25081,14188555,62664,8758,81,83,49544222,40011,0,0,368772
2026-04-23 11:15:50,40905430,7366,14191101,62676,2558,81,83,49582602,38380,0,0,364781
2026-04-23 11:15:51,40933609,28179,14200902,62710,9835,81,83,49622603,40001,0,0,370706
2026-04-23 11:15:53,40959067,25458,14209700,62753,8841,80,83,49663687,41084,0,0,366404
2026-04-23 11:15:54,40986243,27176,14219120,62802,9469,81,83,49683695,20008,0,0,365880
2026-04-23 11:15:55,41014802,28559,14229023,62845,9946,81,83,49723698,40003,0,0,368776
2026-04-23 11:15:56,41036980,22178,14236752,62879,7763,74,83,49755070,31372,0,0,363689
2026-04-23 11:15:57,41064279,27299,14246190,62924,9483,81,83,49795073,40003,0,0,366310
2026-04-23 11:15:58,41095239,30960,14256938,62989,10813,81,83,49815131,20058,0,0,369949
2026-04-23 11:16:00,41126814,31575,14267863,63042,10978,78,83,49855166,40035,0,0,370624
2026-04-23 11:16:01,41156447,29633,14278190,63079,10364,78,83,49895187,40021,0,0,364848
2026-04-23 11:16:02,41184673,28226,14287979,63124,9834,81,83,49931348,36161,0,0,367800
2026-04-23 11:16:03,41210807,26134,14297048,63154,9099,81,83,49955215,23867,0,0,370033
2026-04-23 11:16:04,41236378,25571,14305919,63191,8908,80,83,50009981,54766,0,0,375176
2026-04-23 11:16:05,41263933,27555,14315465,63237,9592,81,83,50046420,36439,0,0,377802
2026-04-23 11:16:07,41295602,31669,14326438,63293,11029,81,83,50066461,20041,0,0,378678
2026-04-23 11:16:08,41321530,25928,14335415,63337,9021,79,83,50121603,55142,0,0,369862
2026-04-23 11:16:09,41354733,33203,14346867,63394,11509,81,83,50142011,20408,0,0,373164
2026-04-23 11:16:10,41377544,22811,14354799,63420,7958,81,83,50177342,35331,0,0,371445
2026-04-23 11:16:11,41401855,24311,14363248,63461,8490,71,83,50206646,29304,0,0,373137
2026-04-23 11:16:12,41428539,26684,14372526,63500,9317,81,83,50247143,40497,0,0,375610
2026-04-23 11:16:14,41448900,20361,14379595,63528,7097,80,83,50287192,40049,0,0,373240
2026-04-23 11:16:15,41477279,28379,14389453,63570,9900,81,83,50309078,21886,0,0,371218
2026-04-23 11:16:16,41504933,27654,14398998,63614,9589,74,83,50329150,20072,0,0,373608
2026-04-23 11:16:17,41525342,20409,14406080,63646,7114,81,83,50365302,36152,0,0,377280
2026-04-23 11:16:18,41545143,19801,14412906,63682,6862,81,83,50383580,18278,0,0,368673
2026-04-23 11:16:19,41565563,20420,14420023,63713,7148,77,83,50408016,24436,0,0,369056
2026-04-23 11:16:21,41593186,27623,14429599,63755,9618,78,83,50448055,40039,0,0,354721
2026-04-23 11:16:22,41611006,17820,14435782,63782,6210,68,83,50478888,30833,0,0,348561
2026-04-23 11:16:23,41641690,30684,14446480,63830,10746,81,83,50498926,20038,0,0,355425
2026-04-23 11:16:24,41670611,28921,14456501,63873,10064,81,83,50518941,20015,0,0,358422
2026-04-23 11:16:25,41690535,19924,14463369,63908,6903,81,83,50541531,22590,0,0,350160
2026-04-23 11:16:26,41712917,22382,14471155,63942,7820,81,83,50566542,25011,0,0,345681
2026-04-23 11:16:28,41743293,30376,14481720,64000,10623,81,83,50606584,40042,0,0,337657
2026-04-23 11:16:29,41766283,22990,14489715,64028,8023,58,83,50626589,20005,0,0,333430
2026-04-23 11:16:30,41791447,25164,14498425,64065,8747,78,83,50666592,40003,0,0,335770
2026-04-23 11:16:31,41819789,28342,14508294,64107,9911,81,83,50697099,30507,0,0,333050
2026-04-23 11:16:32,41848551,28762,14518294,64140,10033,81,83,50717132,20033,0,0,339412
2026-04-23 11:16:33,41870658,22107,14525977,64176,7719,81,83,50757158,40026,0,0,337641
2026-04-23 11:16:35,41894284,23626,14534208,64208,8263,81,83,50792483,35325,0,0,342420
2026-04-23 11:16:36,41921095,26811,14543458,64251,9293,81,83,50822304,29821,0,0,333785
2026-04-23 11:16:37,41945410,24315,14551944,64293,8528,73,83,50851907,29603,0,0,338868
2026-04-23 11:16:38,41974453,29043,14562036,64326,10125,80,83,50871928,20021,0,0,339915
2026-04-23 11:16:39,41995637,21184,14569361,64361,7360,81,83,50911936,40008,0,0,343947
2026-04-23 11:16:40,42013764,18127,14575665,64387,6330,80,83,50931936,20000,0,0,344086
2026-04-23 11:16:42,42029162,15398,14580967,64411,5326,81,83,50971941,40005,0,0,340782
2026-04-23 11:16:43,42044698,15536,14586376,64430,5428,81,83,51012200,40259,0,0,339644
2026-04-23 11:16:44,42065847,21149,14593711,64462,7367,78,83,51047529,35329,0,0,341553
2026-04-23 11:16:45,42093289,27442,14603236,64500,9563,71,83,51072244,24715,0,0,338877
2026-04-23 11:16:46,42112539,19250,14609921,64537,6722,81,83,51097183,24939,0,0,336452
2026-04-23 11:16:47,42140525,27986,14619623,64572,9737,80,83,51137189,40006,0,0,339806
2026-04-23 11:16:49,42180772,40247,14633574,64641,14020,81,83,51177262,40073,0,0,341501
2026-04-23 11:16:50,42209173,28401,14643427,64682,9894,81,83,51217286,40024,0,0,339559
2026-04-23 11:16:51,42241582,32409,14654684,64730,11305,81,83,51259230,41944,0,0,335950
2026-04-23 11:16:52,42267929,26347,14663845,64776,9207,79,83,51311179,51949,0,0,338868
2026-04-23 11:16:53,42304077,36148,14676384,64825,12588,81,83,51335900,24721,0,0,342091
2026-04-23 11:16:54,42334839,30762,14687078,64866,10735,81,83,51378750,42850,0,0,334976
2026-04-23 11:16:56,42366613,31774,14698094,64914,11064,81,83,51418757,40007,0,0,342323
2026-04-23 11:16:57,42403035,36422,14710701,64976,12669,81,83,51457631,38874,0,0,340405
2026-04-23 11:16:58,42435940,32905,14722107,65024,11454,81,83,51496414,38783,0,0,339973
2026-04-23 11:16:59,42461252,25312,14730893,65071,8833,75,83,51551622,55208,0,0,342514
2026-04-23 11:17:00,42498978,37726,14744006,65128,13170,77,83,51576433,24811,0,0,346248
2026-04-23 11:17:01,42536367,37389,14756987,65179,13032,81,83,51631640,55207,0,0,349863
2026-04-23 11:17:03,42567560,31193,14767862,65224,10920,81,83,51671645,40005,0,0,354282
2026-04-23 11:17:04,42602808,35248,14780070,65276,12260,81,83,51706605,34960,0,0,353962
2026-04-23 11:17:05,42627494,24686,14788681,65305,8640,80,83,51746612,40007,0,0,347616
2026-04-23 11:17:06,42663486,35992,14801157,65357,12528,80,83,51786623,40011,0,0,353301
2026-04-23 11:17:07,42696216,32730,14812505,65408,11399,81,83,51841850,55227,0,0,360904
2026-04-23 11:17:08,42727056,30840,14823203,65461,10751,81,83,51882108,40258,0,0,364859
2026-04-23 11:17:10,42754910,27854,14832928,65510,9774,80,83,51932768,50660,0,0,362182
2026-04-23 11:17:11,42794904,39994,14846698,65588,13848,81,83,51952802,20034,0,0,354863
2026-04-23 11:17:12,42826420,31516,14857624,65644,10982,81,83,51983141,30339,0,0,355000
2026-04-23 11:17:13,42855927,29507,14867862,65683,10277,81,83,52023177,40036,0,0,361425
2026-04-23 11:17:14,42882298,26371,14876994,65733,9182,79,83,52070462,47285,0,0,358223
2026-04-23 11:17:16,42917795,35497,14889290,65794,12357,79,83,52105665,35203,0,0,366537
2026-04-23 11:17:17,42949441,31646,14900292,65840,11048,79,83,52145668,40003,0,0,370679
2026-04-23 11:17:18,42980133,30692,14910974,65881,10723,81,83,52185690,40022,0,0,374312
2026-04-23 11:17:19,43011584,31451,14921854,65935,10934,81,83,52218485,32795,0,0,374699
2026-04-23 11:17:20,43037639,26055,14930908,65983,9102,79,83,52278488,60003,0,0,374224
2026-04-23 11:17:21,43068084,30445,14941455,66036,10600,80,83,52316193,37705,0,0,377685
2026-04-23 11:17:23,43100497,32413,14952676,66088,11273,78,83,52356201,40008,0,0,384884
2026-04-23 11:17:24,43132716,32219,14963849,66129,11214,81,83,52381721,25520,0,0,392055
2026-04-23 11:17:25,43161703,28987,14973945,66177,10144,81,83,52418992,37271,0,0,391723
2026-04-23 11:17:26,43187201,25498,14982743,66216,8837,81,83,52457656,38664,0,0,393974
2026-04-23 11:17:27,43219115,31914,14993906,66259,11206,64,83,52477688,20032,0,0,388469
2026-04-23 11:17:28,43245636,26521,15003032,66307,9174,81,83,52516399,38711,0,0,390524
2026-04-23 11:17:30,43274691,29055,15013125,66352,10138,81,83,52556447,40048,0,0,393852
2026-04-23 11:17:31,43310877,36186,15025633,66420,12576,80,83,52596458,40011,0,0,389330
2026-04-23 11:17:32,43340760,29883,15036000,66464,10411,81,83,52621990,25532,0,0,392340
2026-04-23 11:17:33,43366725,25965,15045000,66515,9051,81,83,52657236,35246,0,0,393823
2026-04-23 11:17:34,43390339,23614,15053221,66561,8267,81,83,52713403,56167,0,0,398081
2026-04-23 11:17:36,43419335,28996,15063221,66614,10053,81,83,52737521,24118,0,0,404056
2026-04-23 11:17:37,43448056,28721,15073237,66652,10054,81,83,52775839,38318,0,0,403362
2026-04-23 11:17:38,43478789,30733,15083854,66692,10657,81,83,52815852,40013,0,0,403395
2026-04-23 11:17:39,43507223,28434,15093750,66732,9936,81,83,52858334,42482,0,0,405883
2026-04-23 11:17:40,43533577,26354,15102897,66769,9184,80,83,52898346,40012,0,0,407589
2026-04-23 11:17:41,43566314,32737,15114227,66822,11383,73,83,52918366,20020,0,0,408026
2026-04-23 11:17:43,43602783,36469,15126860,66883,12694,81,83,52958389,40023,0,0,403984
2026-04-23 11:17:44,43632630,29847,15137298,66930,10485,78,83,52999057,40668,0,0,400321
2026-04-23 11:17:45,43660134,27504,15146801,66977,9550,81,83,53039072,40015,0,0,402307
2026-04-23 11:17:46,43686748,26614,15156013,67024,9259,81,83,53079098,40026,0,0,400754
2026-04-23 11:17:47,43718021,31273,15166840,67067,10870,81,83,53094001,14903,0,0,404062
2026-04-23 11:17:49,43744623,26602,15176094,67125,9312,81,83,53134010,40009,0,0,409199
2026-04-23 11:17:50,43779082,34459,15188036,67175,11992,81,83,53174051,40041,0,0,400038
2026-04-23 11:17:51,43806347,27265,15197503,67225,9517,81,83,53214061,40010,0,0,398389
2026-04-23 11:17:52,43834326,27979,15207194,67270,9736,80,83,53254062,40001,0,0,397882
2026-04-23 11:17:53,43866670,32344,15218395,67319,11250,81,83,53274069,20007,0,0,398307
2026-04-23 11:17:54,43901185,34515,15230391,67364,12041,80,83,53314082,40013,0,0,396749
2026-04-23 11:17:56,43927208,26023,15239451,67405,9101,81,83,53354097,40015,0,0,401789
2026-04-23 11:17:57,43948802,21594,15246970,67444,7558,80,83,53392710,38613,0,0,372003
2026-04-23 11:17:58,43976071,27269,15256363,67497,9446,76,83,53432721,40011,0,0,372541
2026-04-23 11:17:59,44006469,30398,15266846,67544,10530,81,83,53452756,20035,0,0,362943
2026-04-23 11:18:00,44031815,25346,15275644,67589,8843,80,83,53507592,54836,0,0,367783
2026-04-23 11:18:01,44065113,33298,15287202,67644,11613,77,83,53527593,20001,0,0,375167
2026-04-23 11:18:03,44091622,26509,15296392,67672,9218,81,83,53567597,40004,0,0,380045
2026-04-23 11:18:04,44106065,14443,15301443,67690,5069,79,83,53610177,42580,0,0,339582
2026-04-23 11:18:05,44129374,23309,15309469,67723,8059,80,83,53630190,20013,0,0,343693
2026-04-23 11:18:06,44166382,37008,15322305,67774,12887,81,83,53670284,40094,0,0,349333
2026-04-23 11:18:07,44191065,24683,15330887,67810,8618,81,83,53710319,40035,0,0,344770
2026-04-23 11:18:09,44214629,23564,15339031,67848,8182,81,83,53748515,38196,0,0,346117
2026-04-23 11:18:10,44239228,24599,15347570,67885,8576,81,83,53779431,30916,0,0,346136
2026-04-23 11:18:11,44270941,31713,15358585,67934,11064,81,83,53799433,20002,0,0,346841
2026-04-23 11:18:12,44296503,25562,15367500,67971,8952,81,83,53839698,40265,0,0,333279
2026-04-23 11:18:13,44319475,22972,15375435,68017,7981,80,83,53878227,38529,0,0,331085
2026-04-23 11:18:14,44350591,31116,15386229,68065,10842,75,83,53918265,40038,0,0,329490
2026-04-23 11:18:16,44376750,26159,15395300,68101,9107,80,83,53938281,20016,0,0,328842
2026-04-23 11:18:17,44399886,23136,15403358,68143,8100,75,83,53990166,51885,0,0,321229
2026-04-23 11:18:18,44428379,28493,15413259,68189,9947,81,83,54010169,20003,0,0,321242
2026-04-23 11:18:19,44456848,28469,15423108,68224,9884,75,83,54050170,40001,0,0,324230
2026-04-23 11:18:20,44486727,29879,15433500,68270,10438,81,83,54084343,34173,0,0,327729
2026-04-23 11:18:21,44511044,24317,15441967,68303,8500,81,83,54124814,40471,0,0,326599
2026-04-23 11:18:23,44542477,31433,15452832,68355,10917,80,83,54159927,35113,0,0,333645
2026-04-23 11:18:24,44565451,22974,15460800,68387,8000,78,83,54197544,37617,0,0,325831
2026-04-23 11:18:25,44591660,26209,15469920,68432,9165,81,83,54217573,20029,0,0,327755
2026-04-23 11:18:26,44621051,29391,15480060,68493,10201,78,83,54266931,49358,0,0,331056
2026-04-23 11:18:27,44651200,30149,15490528,68542,10517,81,83,54284593,17662,0,0,331761
2026-04-23 11:18:29,44678005,26805,15499828,68595,9353,81,83,54320587,35994,0,0,334344
2026-04-23 11:18:30,44710411,32406,15511103,68635,11315,81,83,54360641,40054,0,0,330110
2026-04-23 11:18:31,44738560,28149,15520842,68679,9783,81,83,54400646,40005,0,0,333212
2026-04-23 11:18:32,44765445,26885,15530111,68727,9317,72,83,54432579,31933,0,0,335787
2026-04-23 11:18:33,44790355,24910,15538785,68768,8715,81,83,54472600,40021,0,0,337846
2026-04-23 11:18:34,44815101,24746,15547357,68802,8606,81,83,54508676,36076,0,0,339824
2026-04-23 11:18:36,44846758,31657,15558289,68869,10999,76,83,54540929,32253,0,0,343973
2026-04-23 11:18:37,44876436,29678,15568569,68918,10329,81,83,54576506,35577,0,0,347519
2026-04-23 11:18:38,44901749,25313,15577356,68966,8835,81,83,54598915,22409,0,0,341073
2026-04-23 11:18:39,44929959,28210,15587169,68995,9842,81,83,54633306,34391,0,0,341309
2026-04-23 11:18:40,44956861,26902,15596502,69036,9374,81,83,54673323,40017,0,0,344005
2026-04-23 11:18:42,44987370,30509,15607113,69075,10650,80,83,54693363,20040,0,0,347882
2026-04-23 11:18:43,45009096,21726,15614660,69114,7586,81,83,54733412,40049,0,0,343070
2026-04-23 11:18:44,45035975,26879,15623956,69157,9339,81,83,54753439,20027,0,0,348720
2026-04-23 11:18:45,45060401,24426,15632436,69203,8526,81,83,54791726,38287,0,0,350347
2026-04-23 11:18:46,45088347,27946,15642117,69263,9741,80,83,54813583,21857,0,0,344134
2026-04-23 11:18:47,45110228,21881,15649669,69295,7584,81,83,54853638,40055,0,0,344786
2026-04-23 11:18:49,45141201,30973,15660445,69339,10820,81,83,54873674,20036,0,0,351633
2026-04-23 11:18:50,45169514,28313,15670228,69385,9829,80,83,54913682,40008,0,0,348399
2026-04-23 11:18:51,45195224,25710,15679178,69429,8994,81,83,54961486,47804,0,0,353539
2026-04-23 11:18:52,45216403,21179,15686540,69466,7399,81,83,54981743,20257,0,0,351321
2026-04-23 11:18:53,45244816,28413,15696364,69505,9863,81,83,55021754,40011,0,0,342176
2026-04-23 11:18:54,45265965,21149,15703691,69539,7361,81,83,55041754,20000,0,0,331210
2026-04-23 11:18:56,45287810,21845,15711284,69572,7626,81,83,55081757,40003,0,0,329062
2026-04-23 11:18:57,45308455,20645,15718430,69605,7179,80,83,55115693,33936,0,0,326651
2026-04-23 11:18:58,45332242,23787,15726666,69640,8271,81,83,55155695,40002,0,0,330659
2026-04-23 11:18:59,45360644,28402,15736508,69679,9881,80,83,55175700,20005,0,0,333546
2026-04-23 11:19:00,45381900,21256,15743912,69712,7437,81,83,55210970,35270,0,0,322405
2026-04-23 11:19:01,45402454,20554,15750998,69743,7117,81,83,55246247,35277,0,0,319947
2026-04-23 11:19:03,45423743,21289,15758367,69769,7395,80,83,55288714,42467,0,0,320743
2026-04-23 11:19:04,45458875,35132,15770581,69826,12271,79,83,55312145,23431,0,0,320135
2026-04-23 11:19:05,45482586,23711,15778841,69863,8297,81,83,55344575,32430,0,0,318826
2026-04-23 11:19:06,45513246,30660,15789427,69912,10635,79,83,55364620,20045,0,0,322567
2026-04-23 11:19:07,45543296,30050,15799900,69972,10533,63,83,55389407,24787,0,0,329034
2026-04-23 11:19:08,45564232,20936,15807088,69994,7210,81,83,55429436,40029,0,0,332572
2026-04-23 11:19:10,45580068,15836,15812618,70019,5555,81,83,55469485,40049,0,0,334742
2026-04-23 11:19:11,45610282,30214,15823110,70061,10534,80,83,55503756,34271,0,0,335727
2026-04-23 11:19:12,45642561,32279,15834273,70110,11212,80,83,55524654,20898,0,0,340049
2026-04-23 11:19:13,45669352,26791,15843600,70172,9389,80,83,55564668,40014,0,0,345648
2026-04-23 11:19:14,45697193,27841,15853248,70220,9696,78,83,55584689,20021,0,0,351644
2026-04-23 11:19:15,45721242,24049,15861610,70264,8406,81,83,55624691,40002,0,0,353560
2026-04-23 11:19:17,45753793,32551,15872889,70319,11334,79,83,55657418,32727,0,0,360911
2026-04-23 11:19:18,45782054,28261,15882738,70357,9887,82,83,55710521,53103,0,0,358118
2026-04-23 11:19:19,45812112,30058,15893105,70395,10405,81,83,55748937,38416,0,0,361844
2026-04-23 11:19:20,45847847,35735,15905510,70455,12465,81,83,55779570,30633,0,0,361639
2026-04-23 11:19:21,45883703,35856,15917948,70509,12492,79,83,55819587,40017,0,0,367150
2026-04-23 11:19:23,45915964,32261,15929137,70566,11246,80,83,55857401,37814,0,0,374256
2026-04-23 11:19:24,45946893,30929,15939849,70633,10779,75,83,55897595,40194,0,0,378147
2026-04-23 11:19:25,45976623,29730,15950174,70672,10364,81,83,55937614,40019,0,0,375863
2026-04-23 11:19:26,46011054,34431,15962123,70731,12008,76,83,55984667,47053,0,0,377814
2026-04-23 11:19:27,46045247,34193,15974020,70784,11950,81,83,56027056,42389,0,0,382682
2026-04-23 11:19:28,46076939,31692,15985022,70817,11035,79,83,56067066,40010,0,0,386752
2026-04-23 11:19:30,46113009,36070,15997557,70874,12592,81,83,56107097,40031,0,0,392072
2026-04-23 11:19:31,46144674,31665,16008525,70916,11010,79,83,56158585,51488,0,0,396087
2026-04-23 11:19:32,46170964,26290,16017643,70948,9150,80,83,56201854,43269,0,0,392283
2026-04-23 11:19:33,46201662,30698,16028357,70991,10757,74,83,56241892,40038,0,0,390010
2026-04-23 11:19:34,46236055,34393,16040233,71043,11928,80,83,56281897,40005,0,0,397743
2026-04-23 11:19:35,46265246,29191,16050360,71090,10174,81,83,56321909,40012,0,0,395041
2026-04-23 11:19:37,46296370,31124,16061131,71141,10822,81,83,56361943,40034,0,0,401944
2026-04-23 11:19:38,46330449,34079,16072956,71193,11877,77,83,56395082,33139,0,0,399760
2026-04-23 11:19:39,46364686,34237,16084847,71252,11950,76,83,56435285,40203,0,0,396644
2026-04-23 11:19:40,46399258,34572,16096816,71309,12026,81,83,56475315,40030,0,0,404664
2026-04-23 11:19:41,46426942,27684,16106430,71355,9660,81,83,56522920,47605,0,0,407416
2026-04-23 11:19:42,46458835,31893,16117493,71402,11110,80,83,56542791,19871,0,0,411529
2026-04-23 11:19:44,46489584,30749,16128151,71446,10702,81,83,56598104,55313,0,0,415287
2026-04-23 11:19:45,46522987,33403,16139755,71498,11656,78,83,56638157,40053,0,0,407957
2026-04-23 11:19:46,46549751,26764,16149061,71541,9349,81,83,56674848,36691,0,0,406816
2026-04-23 11:19:47,46576437,26686,16158288,71587,9273,80,83,56714859,40011,0,0,395274
2026-04-23 11:19:48,46600190,23753,16166553,71622,8300,81,83,56750158,35299,0,0,387582
2026-04-23 11:19:50,46628747,28557,16176446,71663,9934,77,83,56765021,14863,0,0,384225
2026-04-23 11:19:51,46663181,34434,16188383,71715,11989,74,83,56807918,42897,0,0,382637
2026-04-23 11:19:52,46696628,33447,16199979,71770,11651,80,83,56847925,40007,0,0,384013
2026-04-23 11:19:53,46722404,25776,16208895,71821,8967,81,83,56884416,36491,0,0,386095
2026-04-23 11:19:54,46750838,28434,16218786,71867,9937,81,83,56924449,40033,0,0,391646
2026-04-23 11:19:55,46774638,23800,16227050,71910,8307,81,83,56950000,25551,0,0,386852
2026-04-23 11:19:57,46803313,28675,16236997,71948,9985,80,83,57005299,55299,0,0,386992
2026-04-23 11:19:58,46835246,31933,16248101,71995,11151,69,83,57040613,35314,0,0,382052
2026-04-23 11:19:59,46864883,29637,16258361,72042,10307,77,83,57066585,25972,0,0,378769
2026-04-23 11:20:00,46899045,34162,16270224,72088,11909,81,83,57106610,40025,0,0,378125
2026-04-23 11:20:01,46924686,25641,16279101,72134,8923,81,83,57145229,38619,0,0,364884
2026-04-23 11:20:02,46950375,25689,16288060,72169,8994,81,83,57185246,40017,0,0,366920
2026-04-23 11:20:04,46977704,27329,16297532,72212,9515,81,83,57225270,40024,0,0,366428
2026-04-23 11:20:05,47002983,25279,16306309,72247,8812,81,83,57265299,40029,0,0,359450
2026-04-23 11:20:06,47036680,33697,16318012,72300,11756,74,83,57295763,30464,0,0,352065
2026-04-23 11:20:07,47064611,27931,16327695,72342,9725,81,83,57336679,40916,0,0,351742
2026-04-23 11:20:08,47090618,26007,16336703,72380,9046,81,83,57373008,36329,0,0,353835
2026-04-23 11:20:09,47123328,32710,16348044,72433,11394,75,83,57394524,21516,0,0,360974
2026-04-23 11:20:11,47147651,24323,16356486,72463,8472,76,83,57432718,38194,0,0,342066
2026-04-23 11:20:12,47172670,25019,16365213,72497,8761,79,83,57480357,47639,0,0,344125
2026-04-23 11:20:13,47202074,29404,16375319,72540,10149,81,83,57516495,36138,0,0,344501
2026-04-23 11:20:14,47231923,29849,16385731,72580,10452,81,83,57540369,23874,0,0,345269
2026-04-23 11:20:15,47261796,29873,16396085,72625,10399,62,83,57560376,20007,0,0,348754
2026-04-23 11:20:16,47285575,23779,16404291,72671,8252,81,83,57600376,40000,0,0,350445
2026-04-23 11:20:18,47306540,20965,16411531,72708,7277,81,83,57638652,38276,0,0,348384
2026-04-23 11:20:19,47333640,27100,16420972,72750,9483,67,83,57658659,20007,0,0,348345
2026-04-23 11:20:20,47362160,28520,16430859,72800,9937,80,83,57678672,20013,0,0,343483
2026-04-23 11:20:21,47390955,28795,16440823,72840,10004,81,83,57708765,30093,0,0,343832
2026-04-23 11:20:22,47418026,27071,16450219,72882,9438,81,83,57728781,20016,0,0,344006
2026-04-23 11:20:23,47443214,25188,16458963,72922,8784,81,83,57768785,40004,0,0,340514
2026-04-23 11:20:25,47474481,31267,16469757,72979,10851,81,83,57788790,20005,0,0,341773
2026-04-23 11:20:26,47499760,25279,16478575,73018,8857,80,83,57844357,55567,0,0,338202
2026-04-23 11:20:27,47531277,31517,16489485,73070,10962,81,83,57864384,20027,0,0,339549
2026-04-23 11:20:28,47559631,28354,16499295,73115,9855,81,83,57904465,40081,0,0,336974
2026-04-23 11:20:29,47584998,25367,16508140,73155,8885,81,83,57944473,40008,0,0,342344
2026-04-23 11:20:31,47611661,26663,16517398,73196,9299,81,83,57979892,35419,0,0,348169
2026-04-23 11:20:32,47644788,33127,16528885,73248,11539,67,83,58012926,33034,0,0,350175
2026-04-23 11:20:33,47669076,24288,16537280,73284,8431,76,83,58052927,40001,0,0,350617
2026-04-23 11:20:34,47694123,25047,16545956,73331,8723,81,83,58084758,31831,0,0,351791
2026-04-23 11:20:35,47721745,27622,16555513,73378,9604,77,83,58124766,40008,0,0,352002
2026-04-23 11:20:36,47741339,19594,16562385,73405,6899,81,83,58155188,30422,0,0,349703
2026-04-23 11:20:38,47768247,26908,16571682,73432,9324,78,83,58179747,24559,0,0,355379
2026-04-23 11:20:39,47797698,29451,16581927,73463,10276,81,83,58199760,20013,0,0,359241
2026-04-23 11:20:40,47822152,24454,16590427,73502,8539,74,83,58228161,28401,0,0,361513
2026-04-23 11:20:41,47842856,20704,16597575,73538,7184,81,83,58265105,36944,0,0,357796
2026-04-23 11:20:42,47868081,25225,16606293,73588,8768,80,83,58305109,40004,0,0,358689
2026-04-23 11:20:43,47890654,22573,16614166,73617,7902,81,83,58323275,18166,0,0,359908
2026-04-23 11:20:45,47924619,33965,16625946,73675,11838,81,83,58363304,40029,0,0,365259
2026-04-23 11:20:46,47940965,16346,16631648,73702,5729,68,83,58414383,51079,0,0,353848
2026-04-23 11:20:47,47969371,28406,16641411,73738,9799,80,83,58451068,36685,0,0,357347
2026-04-23 11:20:48,48002760,33389,16652967,73806,11624,80,83,58471104,20036,0,0,362575
2026-04-23 11:20:49,48025287,22527,16660754,73849,7830,81,83,58511112,40008,0,0,364296
2026-04-23 11:20:50,48057199,31912,16671832,73908,11137,81,83,58551124,40012,0,0,368550
2026-04-23 11:20:52,48083701,26502,16681042,73937,9239,81,83,58590491,39367,0,0,365295
2026-04-23 11:20:53,48111054,27353,16690503,73979,9503,61,83,58636477,45986,0,0,365821
2026-04-23 11:20:54,48146629,35575,16702848,74025,12391,81,83,58662068,25591,0,0,366279
2026-04-23 11:20:55,48180325,33696,16714480,74073,11680,78,83,58687465,25397,0,0,368811
2026-04-23 11:20:56,48214137,33812,16726242,74130,11819,81,83,58712314,24849,0,0,368509
2026-04-23 11:20:58,48246480,32343,16737451,74178,11257,80,83,58752336,40022,0,0,373216
2026-04-23 11:20:59,48258535,12055,16741621,74190,4182,81,83,58791571,39235,0,0,363115
2026-04-23 11:21:00,48279973,21438,16749069,74232,7490,81,83,58831573,40002,0,0,364450
2026-04-23 11:21:01,48316216,36243,16761637,74289,12625,81,83,58871620,40047,0,0,364900
2026-04-23 11:21:02,48345193,28977,16771704,74336,10114,81,83,58912624,41004,0,0,365854
2026-04-23 11:21:03,48371424,26231,16780798,74379,9137,79,83,58952629,40005,0,0,360224
2026-04-23 11:21:05,48397809,26385,16789970,74440,9233,80,83,58988402,35773,0,0,360185
2026-04-23 11:21:06,48421965,24156,16798374,74480,8444,81,83,59023852,35450,0,0,362323
2026-04-23 11:21:07,48443759,21794,16805946,74517,7609,80,83,59048734,24882,0,0,358254
2026-04-23 11:21:08,48470689,26930,16815290,74567,9394,80,83,59088734,40000,0,0,355783
2026-04-23 11:21:09,48498153,27464,16824788,74609,9540,81,83,59128752,40018,0,0,358903
2026-04-23 11:21:10,48525552,27399,16834284,74655,9542,81,83,59169110,40358,0,0,364842
2026-04-23 11:21:12,48558278,32726,16845606,74702,11369,79,83,59189120,20010,0,0,366818
2026-04-23 11:21:13,48594577,36299,16858177,74772,12641,81,83,59229147,40027,0,0,369910
2026-04-23 11:21:14,48619623,25046,16866826,74816,8693,78,83,59269155,40008,0,0,372128
2026-04-23 11:21:15,48648032,28409,16876672,74859,9889,81,83,59309159,40004,0,0,369859
2026-04-23 11:21:16,48669329,21297,16884051,74897,7417,80,83,59340199,31040,0,0,358904
2026-04-23 11:21:17,48698477,29148,16894152,74932,10136,81,83,59360204,20005,0,0,359509
2026-04-23 11:21:19,48723714,25237,16902928,74977,8821,81,83,59395645,35441,0,0,361847
2026-04-23 11:21:20,48747970,24256,16911284,75030,8409,70,83,59431099,35454,0,0,357894
2026-04-23 11:21:21,48772911,24941,16919966,75067,8719,81,83,59471139,40040,0,0,351688
2026-04-23 11:21:22,48803781,30870,16930659,75105,10731,81,83,59502137,30998,0,0,355796
2026-04-23 11:21:23,48830258,26477,16939863,75147,9246,81,83,59535402,33265,0,0,352798
2026-04-23 11:21:24,48855231,24973,16948487,75187,8664,81,83,59555441,20039,0,0,331519
2026-04-23 11:21:26,48888139,32908,16959909,75248,11483,72,83,59595473,40032,0,0,330501
2026-04-23 11:21:27,48910709,22570,16967777,75285,7905,81,83,59615473,20000,0,0,332124
2026-04-23 11:21:28,48939234,28525,16977681,75326,9945,79,83,59655488,40015,0,0,326970
2026-04-23 11:21:29,48960388,21154,16985056,75356,7405,81,83,59683170,27682,0,0,322194
2026-04-23 11:21:30,48986528,26140,16994107,75400,9095,81,83,59703647,20477,0,0,321901
2026-04-23 11:21:31,49006946,20418,17001156,75429,7078,81,83,59738900,35253,0,0,325585
2026-04-23 11:21:33,49032774,25828,17010127,75459,9001,80,83,59763670,24770,0,0,330566
2026-04-23 11:21:34,49054643,21869,17017711,75488,7613,81,83,59803694,40024,0,0,323473
2026-04-23 11:21:35,49088073,33430,17029333,75527,11661,79,83,59843710,40016,0,0,322666
2026-04-23 11:21:36,49117206,29133,17039456,75579,10175,81,83,59878955,35245,0,0,326232
2026-04-23 11:21:37,49143457,26251,17048554,75610,9129,81,83,59903713,24758,0,0,328875
2026-04-23 11:21:38,49166569,23112,17056582,75646,8064,81,83,59962710,58997,0,0,327792
2026-04-23 11:21:40,49199028,32459,17067849,75685,11306,81,83,59997974,35264,0,0,335237
2026-04-23 11:21:41,49233227,34199,17079688,75750,11904,81,83,60024202,26228,0,0,334807
2026-04-23 11:21:42,49257925,24698,17088279,75794,8635,75,83,60068861,44659,0,0,323155
2026-04-23 11:21:43,49294434,36509,17100950,75852,12729,81,83,60088882,20021,0,0,323348
2026-04-23 11:21:44,49326462,32028,17112046,75913,11157,75,83,60129737,40855,0,0,325019
2026-04-23 11:21:46,49355268,28806,17122041,75951,10033,81,83,60161004,31267,0,0,328484
2026-04-23 11:21:47,49384095,28827,17132007,75992,10007,82,84,60196646,35642,0,0,332001
2026-04-23 11:21:48,49412961,28866,17142049,76029,10079,70,83,60236653,40007,0,0,335174
2026-04-23 11:21:49,49438668,25707,17150973,76074,8969,78,83,60276678,40025,0,0,331871
2026-04-23 11:21:50,49467326,28658,17160920,76120,9993,81,83,60315077,38399,0,0,332410
2026-04-23 11:21:51,49494893,27567,17170494,76162,9616,79,83,60355080,40003,0,0,338372
2026-04-23 11:21:53,49527421,32528,17181786,76220,11350,76,83,60395110,40030,0,0,340030
2026-04-23 11:21:54,49560170,32749,17193118,76278,11390,81,83,60415125,20015,0,0,344540
2026-04-23 11:21:55,49589432,29262,17203325,76335,10264,81,83,60457380,42255,0,0,339360
2026-04-23 11:21:56,49616871,27439,17212842,76374,9556,80,83,60492643,35263,0,0,342285
2026-04-23 11:21:57,49650144,33273,17224469,76405,11658,81,83,60517429,24786,0,0,338400
2026-04-23 11:21:58,49686365,36221,17236974,76450,12550,81,83,60557494,40065,0,0,344083
2026-04-23 11:22:00,49720436,34071,17248865,76485,11926,66,83,60577534,20040,0,0,349169
2026-04-23 11:22:01,49753234,32798,17260244,76531,11425,78,84,60617564,40030,0,0,343352
2026-04-23 11:22:02,49778747,25513,17269066,76577,8868,79,83,60657566,40002,0,0,338878
2026-04-23 11:22:03,49814279,35532,17281397,76624,12378,81,83,60677589,20023,0,0,336095
2026-04-23 11:22:04,49841189,26910,17290704,76655,9338,81,83,60707004,29415,0,0,333255
2026-04-23 11:22:05,49869860,28671,17300646,76695,9982,81,83,60747010,40006,0,0,339421
2026-04-23 11:22:07,49901386,31526,17311581,76742,10982,66,83,60795438,48428,0,0,343770
2026-04-23 11:22:08,49926775,25389,17320374,76784,8835,80,83,60835465,40027,0,0,337291
2026-04-23 11:22:09,49958340,31565,17331297,76839,10978,81,83,60855623,20158,0,0,330009
2026-04-23 11:22:10,49983874,25534,17340166,76884,8914,80,84,60895630,40007,0,0,335237
2026-04-23 11:22:11,50016294,32420,17351472,76943,11365,82,84,60915649,20019,0,0,339727
2026-04-23 11:22:13,50044995,28701,17361351,76984,9920,81,83,60955655,40006,0,0,337497
2026-04-23 11:22:14,50078175,33180,17372818,77038,11521,81,83,60995672,40017,0,0,342471
2026-04-23 11:22:15,50105456,27281,17382267,77081,9492,81,83,61033171,37499,0,0,345083
2026-04-23 11:22:16,50133641,28185,17392054,77125,9831,81,83,61062722,29551,0,0,337849
2026-04-23 11:22:17,50156998,23357,17400133,77161,8115,81,83,61108849,46127,0,0,326200
2026-04-23 11:22:18,50183477,26479,17409311,77207,9224,75,83,61148856,40007,0,0,331781
2026-04-23 11:22:20,50216526,33049,17420790,77259,11531,81,83,61168861,20005,0,0,336573
2026-04-23 11:22:21,50243443,26917,17430130,77307,9388,81,83,61208872,40011,0,0,342322
2026-04-23 11:22:22,50270829,27386,17439686,77347,9596,81,83,61261676,52804,0,0,334489
2026-04-23 11:22:23,50297110,26281,17448750,77378,9095,77,83,61301683,40007,0,0,331812
2026-04-23 11:22:24,50321724,24614,17457327,77420,8619,81,83,61326189,24506,0,0,328414
2026-04-23 11:22:25,50350511,28787,17467333,77451,10037,75,84,61366389,40200,0,0,329393
2026-04-23 11:22:27,50383924,33413,17478882,77502,11600,80,83,61386421,20032,0,0,334476
2026-04-23 11:22:28,50415116,31192,17489663,77550,10829,77,83,61427425,41004,0,0,335976
2026-04-23 11:22:29,50440958,25842,17498626,77583,8996,78,83,61467430,40005,0,0,338571
2026-04-23 11:22:30,50475455,34497,17510587,77648,12026,79,83,61509998,42568,0,0,338233
2026-04-23 11:22:31,50506392,30937,17521286,77695,10746,81,83,61534827,24829,0,0,329054
2026-04-23 11:22:32,50532388,25996,17530313,77746,9078,81,83,61576411,41584,0,0,329113
2026-04-23 11:22:34,50562939,30551,17540870,77801,10612,81,83,61616427,40016,0,0,328023
2026-04-23 11:22:35,50593322,30383,17551416,77861,10606,81,83,61651945,35518,0,0,334973
2026-04-23 11:22:36,50626788,33466,17563013,77929,11665,81,83,61691959,40014,0,0,327190
2026-04-23 11:22:37,50657502,30714,17573650,77974,10682,81,83,61731972,40013,0,0,326249
2026-04-23 11:22:38,50687767,30265,17584130,78020,10526,80,83,61771985,40013,0,0,330682
2026-04-23 11:22:39,50719088,31321,17595009,78073,10932,79,83,61812001,40016,0,0,325162
2026-04-23 11:22:41,50745686,26598,17604213,78116,9247,81,83,61852033,40032,0,0,325916
2026-04-23 11:22:42,50774950,29264,17614353,78153,10177,81,83,61892037,40004,0,0,322183
2026-04-23 11:22:43,50797845,22895,17622312,78190,7996,81,83,61932038,40001,0,0,321903
2026-04-23 11:22:44,50818314,20469,17629414,78215,7127,79,83,61970355,38317,0,0,318099
2026-04-23 11:22:45,50842138,23824,17637697,78244,8312,79,84,61990355,20000,0,0,320818
2026-04-23 11:22:46,50875723,33585,17649347,78294,11700,81,83,62030367,40012,0,0,309900
2026-04-23 11:22:48,50894783,19060,17655998,78313,6670,81,83,62050401,20034,0,0,305442
2026-04-23 11:22:49,50919160,24377,17664472,78349,8510,81,83,62090409,40008,0,0,310726
2026-04-23 11:22:50,50931854,12694,17668864,78369,4412,81,83,62124328,33919,0,0,275900
2026-04-23 11:22:51,50955657,23803,17677136,78408,8311,81,83,62144367,20039,0,0,278157
2026-04-23 11:22:52,50969665,14008,17682043,78429,4928,81,83,62183999,39632,0,0,272173
2026-04-23 11:22:53,50992219,22554,17689818,78465,7811,81,83,62219516,35517,0,0,274540
2026-04-23 11:22:55,51021094,28875,17699804,78513,10034,77,83,62254020,34504,0,0,275639
2026-04-23 11:22:56,51051107,30013,17710259,78552,10494,81,83,62280216,26196,0,0,280314
2026-04-23 11:22:57,51083099,31992,17721345,78612,11146,81,83,62335695,55479,0,0,277296
2026-04-23 11:22:58,51114582,31483,17732269,78663,10975,80,83,62375711,40016,0,0,274619
2026-04-23 11:22:59,51145395,30813,17742991,78714,10773,71,84,62415931,40220,0,0,279336
2026-04-23 11:23:01,51176787,31392,17753898,78762,10955,81,83,62455941,40010,0,0,286724
2026-04-23 11:23:02,51213334,36547,17766568,78814,12722,75,83,62494466,38525,0,0,282825
2026-04-23 11:23:03,51241068,27734,17776146,78859,9623,74,83,62544329,49863,0,0,278468
2026-04-23 11:23:04,51279491,38423,17789478,78914,13387,80,83,62566375,22046,0,0,278166
2026-04-23 11:23:05,51308912,29421,17799658,78958,10224,81,83,62606394,40019,0,0,282633
2026-04-23 11:23:06,51339084,30172,17810151,78996,10531,81,83,62650542,44148,0,0,284760
2026-04-23 11:23:08,51375513,36429,17822776,79053,12682,73,83,62689029,38487,0,0,283985
2026-04-23 11:23:09,51408838,33325,17834336,79116,11623,80,83,62724969,35940,0,0,289640
2026-04-23 11:23:10,51437825,28987,17844365,79162,10075,76,83,62764978,40009,0,0,283818
2026-04-23 11:23:11,51470264,32439,17855634,79218,11325,81,83,62809133,44155,0,0,289222
2026-04-23 11:23:12,51504509,34245,17867470,79280,11898,79,83,62841700,32567,0,0,287377
2026-04-23 11:23:14,51532169,27660,17877068,79328,9646,81,83,62877554,35854,0,0,286228
2026-04-23 11:23:15,51560040,27871,17886704,79371,9679,81,83,62901700,24146,0,0,290040
2026-04-23 11:23:16,51588031,27991,17896468,79410,9803,81,83,62941733,40033,0,0,291476
2026-04-23 11:23:17,51614256,26225,17905559,79446,9127,79,83,62981993,40260,0,0,287323
2026-04-23 11:23:18,51647872,33616,17917250,79497,11742,81,83,63002032,20039,0,0,290601
2026-04-23 11:23:19,51675120,27248,17926723,79532,9508,82,84,63042043,40011,0,0,291570
2026-04-23 11:23:21,51705150,30030,17937130,79575,10450,81,83,63082048,40005,0,0,296018
2026-04-23 11:23:22,51732342,27192,17946553,79614,9462,81,83,63122268,40220,0,0,292036
2026-04-23 11:23:23,51759436,27094,17956013,79656,9502,77,83,63162277,40009,0,0,295616
2026-04-23 11:23:24,51786486,27050,17965346,79696,9373,79,83,63202278,40001,0,0,288943
2026-04-23 11:23:25,51815760,29274,17975492,79744,10194,80,83,63238150,35872,0,0,295755
2026-04-23 11:23:26,51847467,31707,17986549,79790,11103,81,83,63262331,24181,0,0,290160
2026-04-23 11:23:28,51877436,29969,17996929,79831,10421,81,83,63282595,20264,0,0,294404
2026-04-23 11:23:29,51903196,25760,18005859,79873,8972,81,83,63322607,40012,0,0,299960
2026-04-23 11:23:30,51921843,18647,18012313,79899,6480,81,83,63378472,55865,0,0,295032
2026-04-23 11:23:31,51951967,30124,18022803,79935,10526,79,83,63402620,24148,0,0,299331
2026-04-23 11:23:32,51974926,22959,18030720,79976,7958,81,83,63422638,20018,0,0,296432
2026-04-23 11:23:34,52003275,28349,18040607,80007,9918,82,83,63462657,40019,0,0,294437
2026-04-23 11:23:35,52027406,24131,18048954,80036,8376,78,83,63502658,40001,0,0,299374
2026-04-23 11:23:36,52047729,20323,18056058,80067,7135,70,83,63540223,37565,0,0,284847
2026-04-23 11:23:37,52080683,32954,18067444,80111,11430,81,83,63560257,20034,0,0,292610
2026-04-23 11:23:38,52102907,22224,18075144,80144,7733,80,83,63600262,40005,0,0,286204
2026-04-23 11:23:40,52125947,23040,18083206,80174,8092,81,83,63620280,20018,0,0,268304
2026-04-23 11:23:41,52147312,21365,18090601,80204,7425,79,83,63640400,20120,0,0,272420
2026-04-23 11:23:42,52172238,24926,18099243,80241,8679,79,83,63680418,40018,0,0,267247
2026-04-23 11:23:43,52202813,30575,18109811,80284,10611,81,83,63713582,33164,0,0,255808
2026-04-23 11:23:44,52227519,24706,18118377,80324,8606,81,83,63733603,20021,0,0,253401
2026-04-23 11:23:46,52256918,29399,18128586,80362,10247,81,83,63773631,40028,0,0,252154
2026-04-23 11:23:47,52279173,22255,18136329,80396,7777,78,83,63813671,40040,0,0,251563
2026-04-23 11:23:48,52300755,21582,18143848,80431,7554,56,83,63850535,36864,0,0,245721
2026-04-23 11:23:49,52330667,29912,18154228,80482,10431,81,83,63870591,20056,0,0,244915
2026-04-23 11:23:50,52351906,21239,18161619,80518,7427,81,83,63890593,20002,0,0,244012
2026-04-23 11:23:52,52375165,23259,18169685,80551,8099,81,83,63930600,40007,0,0,243727
2026-04-23 11:23:53,52398598,23433,18177789,80593,8146,81,83,63970610,40010,0,0,248690
2026-04-23 11:23:54,52423802,25204,18186556,80638,8812,80,83,64010619,40009,0,0,249161
2026-04-23 11:23:55,52455538,31736,18197571,80684,11061,81,83,64032964,22345,0,0,249408
2026-04-23 11:23:56,52479277,23739,18205761,80726,8232,78,83,64072965,40001,0,0,249603
2026-04-23 11:23:57,52504732,25455,18214640,80768,8921,68,84,64108717,35752,0,0,245482
2026-04-23 11:23:59,52536974,32242,18225811,80845,11248,81,83,64132992,24275,0,0,253240
2026-04-23 11:24:00,52562943,25969,18234814,80885,9043,81,83,64173004,40012,0,0,254066
2026-04-23 11:24:01,52593586,30643,18245475,80927,10703,81,83,64193033,20029,0,0,258832
2026-04-23 11:24:02,52615548,21962,18253050,80967,7615,81,83,64233038,40005,0,0,258361
2026-04-23 11:24:03,52642806,27258,18262522,81004,9509,75,83,64273060,40022,0,0,261894
2026-04-23 11:24:04,52669477,26671,18271750,81041,9265,81,83,64293068,20008,0,0,262704
2026-04-23 11:24:06,52698278,28801,18281789,81077,10075,81,83,64333162,40094,0,0,264232
2026-04-23 11:24:07,52726296,28018,18291510,81116,9760,81,83,64373183,40021,0,0,268039
2026-04-23 11:24:08,52757646,31350,18302389,81183,10946,81,83,64393231,20048,0,0,267884
2026-04-23 11:24:09,52785336,27690,18311960,81243,9631,76,83,64433249,40018,0,0,269069
2026-04-23 11:24:10,52817271,31935,18323038,81290,11125,77,83,64473317,40068,0,0,270259
2026-04-23 11:24:11,52848348,31077,18333832,81339,10843,81,83,64493354,20037,0,0,273980
2026-04-23 11:24:13,52873226,24878,18342503,81372,8704,77,83,64533986,40632,0,0,277743
2026-04-23 11:24:14,52889934,16708,18348288,81396,5809,81,83,64573992,40006,0,0,278028
2026-04-23 11:24:15,52917842,27908,18358012,81439,9767,74,83,64602754,28762,0,0,279293
2026-04-23 11:24:16,52949654,31812,18368963,81492,11004,75,83,64642785,40031,0,0,278196
2026-04-23 11:24:17,52974487,24833,18377567,81529,8641,77,84,64678171,35386,0,0,277212
2026-04-23 11:24:19,52996969,22482,18385400,81575,7879,81,83,64705778,27607,0,0,276702
2026-04-23 11:24:20,53019268,22299,18393149,81602,7776,80,83,64745803,40025,0,0,276261
2026-04-23 11:24:21,53048793,29525,18403353,81653,10255,65,83,64765809,20006,0,0,283129
2026-04-23 11:24:22,53078763,29970,18413726,81699,10419,79,83,64805812,40003,0,0,285106
2026-04-23 11:24:23,53106386,27623,18423365,81736,9676,81,83,64848590,42778,0,0,288679
2026-04-23 11:24:24,53131178,24792,18431953,81774,8626,73,83,64881117,32527,0,0,288778
2026-04-23 11:24:26,53160583,29405,18442162,81812,10247,79,83,64936274,55157,0,0,290481
2026-04-23 11:24:27,53198449,37866,18455341,81873,13240,81,83,64956311,20037,0,0,297293
2026-04-23 11:24:28,53227779,29330,18465483,81918,10187,81,83,64996343,40032,0,0,301568
2026-04-23 11:24:29,53257296,29517,18475722,81965,10286,80,83,65037231,40888,0,0,305751
2026-04-23 11:24:30,53288147,30851,18486456,82013,10782,81,83,65077255,40024,0,0,305298
2026-04-23 11:24:31,53320799,32652,18497747,82067,11345,79,83,65097285,20030,0,0,307895
2026-04-23 11:24:33,53350836,30037,18508190,82118,10494,79,83,65157299,60014,0,0,309533
2026-04-23 11:24:34,53385951,35115,18520336,82180,12208,81,83,65192586,35287,0,0,310170
2026-04-23 11:24:35,53421833,35882,18532849,82230,12563,78,83,65218219,25633,0,0,308469
2026-04-23 11:24:36,53452105,30272,18543285,82278,10484,81,83,65258224,40005,0,0,307475
2026-04-23 11:24:37,53485140,33035,18554733,82327,11497,82,84,65298225,40001,0,0,309967
2026-04-23 11:24:38,53515345,30205,18565221,82368,10529,81,83,65348778,50553,0,0,303564
2026-04-23 11:24:40,53546612,31267,18576106,82407,10924,81,83,65388780,40002,0,0,305343
2026-04-23 11:24:41,53577375,30763,18586763,82455,10705,80,83,65444118,55338,0,0,307058
2026-04-23 11:24:42,53601237,23862,18595048,82489,8319,81,83,65484138,40020,0,0,295726
2026-04-23 11:24:43,53635455,34218,18606900,82545,11908,81,83,65505034,20896,0,0,301897
2026-04-23 11:24:44,53668250,32795,18618230,82605,11390,80,83,65550054,45020,0,0,304026
2026-04-23 11:24:46,53700140,31890,18629319,82651,11135,74,83,65608232,58178,0,0,300557
2026-04-23 11:24:47,53729382,29242,18639476,82690,10196,80,83,65648265,40033,0,0,307133
2026-04-23 11:24:48,53760000,30618,18650111,82729,10674,81,83,65679530,31265,0,0,308837
2026-04-23 11:24:49,53786113,26113,18659177,82768,9105,74,83,65724280,44750,0,0,306315
2026-04-23 11:24:50,53815122,29009,18669226,82820,10101,79,83,65748869,24589,0,0,304790
2026-04-23 11:24:51,53853462,38340,18682518,82863,13335,81,83,65788931,40062,0,0,306000
2026-04-23 11:24:53,53889371,35909,18694973,82914,12506,81,83,65808952,20021,0,0,311993
2026-04-23 11:24:54,53917774,28403,18704824,82962,9899,80,83,65853691,44739,0,0,314254
2026-04-23 11:24:55,53945007,27233,18714290,83004,9508,81,83,65900974,47283,0,0,307331
2026-04-23 11:24:56,53975898,30891,18724952,83055,10713,81,83,65936242,35268,0,0,306310
2026-04-23 11:24:57,54003287,27389,18734422,83095,9510,81,83,65960980,24738,0,0,309557
2026-04-23 11:24:59,54024246,20959,18741737,83125,7345,80,83,66000980,40000,0,0,308410
2026-04-23 11:25:00,54057266,33020,18753177,83166,11481,81,83,66042167,41187,0,0,304994
2026-04-23 11:25:01,54085100,27834,18762831,83210,9698,80,83,66066842,24675,0,0,293815
2026-04-23 11:25:02,54108319,23219,18770918,83239,8116,81,83,66104448,37606,0,0,286330
2026-04-23 11:25:03,54141932,33613,18782582,83285,11710,77,83,66144507,40059,0,0,290908
2026-04-23 11:25:04,54172801,30869,18793306,83338,10777,80,83,66184512,40005,0,0,289898
2026-04-23 11:25:06,54194767,21966,18800924,83371,7651,80,83,66206356,21844,0,0,273151
2026-04-23 11:25:07,54228042,33275,18812468,83430,11603,81,83,66246371,40015,0,0,278435
2026-04-23 11:25:08,54242975,14933,18817661,83459,5222,81,83,66284881,38510,0,0,270122
2026-04-23 11:25:09,54271963,28988,18827644,83508,10032,80,83,66324891,40010,0,0,273640
2026-04-23 11:25:10,54304283,32320,18838852,83553,11253,80,83,66354370,29479,0,0,275736
2026-04-23 11:25:11,54336189,31906,18849922,83593,11110,81,83,66387465,33095,0,0,272368
2026-04-23 11:25:13,54370789,34600,18861965,83635,12085,81,83,66403268,15803,0,0,280677
2026-04-23 11:25:14,54397934,27145,18871324,83683,9407,81,83,66443268,40000,0,0,278296
2026-04-23 11:25:15,54432867,34933,18883460,83733,12186,79,83,66483274,40006,0,0,281245
2026-04-23 11:25:16,54460482,27615,18893010,83783,9600,81,83,66519249,35975,0,0,279195
2026-04-23 11:25:17,54489247,28765,18902977,83842,10026,82,84,66559256,40007,0,0,280190
2026-04-23 11:25:18,54519942,30695,18913658,83883,10722,81,83,66583328,24072,0,0,276498
2026-04-23 11:25:20,54545084,25142,18922374,83920,8753,81,83,66623346,40018,0,0,273771
2026-04-23 11:25:21,54571130,26046,18931381,83962,9049,78,83,66663347,40001,0,0,276565
2026-04-23 11:25:22,54596474,25344,18940148,83999,8804,81,83,66683352,20005,0,0,276567
2026-04-23 11:25:23,54616239,19765,18947062,84022,6937,81,83,66723352,40000,0,0,272109
2026-04-23 11:25:24,54638285,22046,18954707,84050,7673,81,83,66743352,20000,0,0,273727
2026-04-23 11:25:25,54666898,28613,18964649,84089,9981,81,83,66783377,40025,0,0,274747
2026-04-23 11:25:27,54693129,26231,18973767,84123,9152,81,83,66803387,20010,0,0,277688
2026-04-23 11:25:28,54720414,27285,18983203,84156,9469,70,83,66843401,40014,0,0,278224
2026-04-23 11:25:29,54747787,27373,18992700,84183,9524,81,83,66883885,40484,0,0,280668
2026-04-23 11:25:30,54780410,32623,19004010,84226,11353,81,83,66924858,40973,0,0,272919
2026-04-23 11:25:31,54803875,23465,19012143,84270,8177,82,84,66944858,20000,0,0,272220
2026-04-23 11:25:33,54836130,32255,19023330,84314,11231,80,83,66984870,40012,0,0,274474
2026-04-23 11:25:34,54864662,28532,19033269,84359,9984,81,83,67004870,20000,0,0,275546
2026-04-23 11:25:35,54891472,26810,19042599,84390,9361,81,83,67024890,20020,0,0,278696
2026-04-23 11:25:36,54911529,20057,19049512,84413,6936,80,83,67064894,40004,0,0,274243
2026-04-23 11:25:37,54935389,23860,19057772,84459,8306,81,83,67084925,20031,0,0,276409
2026-04-23 11:25:38,54959061,23672,19066051,84494,8314,80,83,67124933,40008,0,0,281269
2026-04-23 11:25:40,54988853,29792,19076362,84545,10362,81,83,67164937,40004,0,0,282501
2026-04-23 11:25:41,55015564,26711,19085634,84584,9311,81,83,67204938,40001,0,0,282732
2026-04-23 11:25:42,55035913,20349,19092662,84615,7059,80,83,67244327,39389,0,0,275754
2026-04-23 11:25:43,55069387,33474,19104256,84664,11643,80,83,67284336,40009,0,0,280948
2026-04-23 11:25:44,55103930,34543,19116266,84719,12065,81,83,67306283,21947,0,0,278683
2026-04-23 11:25:45,55128044,24114,19124574,84754,8343,73,83,67343195,36912,0,0,280926
2026-04-23 11:25:47,55160920,32876,19136018,84810,11500,81,83,67367799,24604,0,0,288706
2026-04-23 11:25:48,55188624,27704,19145622,84841,9635,81,83,67407810,40011,0,0,289371
2026-04-23 11:25:49,55220882,32258,19156792,84894,11223,80,83,67447841,40031,0,0,296874
2026-04-23 11:25:50,55245145,24263,19165208,84939,8461,81,83,67465649,17808,0,0,291091
2026-04-23 11:25:51,55270265,25120,19173920,84984,8757,81,83,67505657,40008,0,0,296308
2026-04-23 11:25:52,55294891,24626,19182450,85032,8578,81,83,67546047,40390,0,0,298671
2026-04-23 11:25:54,55318486,23595,19190655,85061,8234,81,83,67586049,40002,0,0,300750
2026-04-23 11:25:55,55348518,30032,19201091,85099,10474,81,83,67606049,20000,0,0,307524
2026-04-23 11:25:56,55377008,28490,19210954,85151,9915,81,83,67646119,40070,0,0,298205
2026-04-23 11:25:57,55397297,20289,19217946,85179,7020,81,83,67686129,40010,0,0,298916
2026-04-23 11:25:58,55427483,30186,19228485,85225,10585,81,83,67726162,40033,0,0,289992
2026-04-23 11:25:59,55454470,26987,19237840,85262,9392,81,83,67766185,40023,0,0,290406
2026-04-23 11:26:01,55472599,18129,19244092,85291,6281,80,83,67804085,37900,0,0,285346
2026-04-23 11:26:02,55503329,30730,19254781,85327,10725,77,83,67846287,42202,0,0,284168
2026-04-23 11:26:03,55532633,29304,19264991,85370,10253,75,83,67895162,48875,0,0,279944
2026-04-23 11:26:04,55566581,33948,19276720,85424,11783,81,83,67915193,20031,0,0,279914
2026-04-23 11:26:05,55591786,25205,19285498,85468,8822,81,83,67955218,40025,0,0,274187
2026-04-23 11:26:07,55614327,22541,19293300,85503,7837,81,83,67990659,35441,0,0,278572
2026-04-23 11:26:08,55642424,28097,19303033,85551,9781,78,83,68015290,24631,0,0,279492
2026-04-23 11:26:09,55659179,16755,19308904,85578,5898,81,83,68035292,20002,0,0,282164
2026-04-23 11:26:10,55681494,22315,19316641,85606,7765,81,83,68075321,40029,0,0,275962
2026-04-23 11:26:11,55711566,30072,19327100,85640,10493,81,83,68095363,20042,0,0,277640
2026-04-23 11:26:12,55730626,19060,19333635,85670,6565,81,83,68135367,40004,0,0,275819
2026-04-23 11:26:14,55755248,24622,19342160,85710,8565,81,83,68175383,40016,0,0,273308
2026-04-23 11:26:15,55786248,31000,19352948,85747,10825,64,83,68195395,20012,0,0,275559
2026-04-23 11:26:16,55808531,22283,19360650,85780,7735,81,83,68215423,20028,0,0,269972
2026-04-23 11:26:17,55835907,27376,19370215,85816,9601,75,83,68255456,40033,0,0,271104
2026-04-23 11:26:18,55863068,27161,19379554,85842,9365,80,83,68290203,34747,0,0,269426
2026-04-23 11:26:19,55899421,36353,19392135,85899,12638,80,84,68315208,25005,0,0,263913
2026-04-23 11:26:21,55927899,28478,19402045,85945,9956,81,83,68375219,60011,0,0,267976
2026-04-23 11:26:22,55949878,21979,19409617,85989,7616,77,83,68415222,40003,0,0,270078
2026-04-23 11:26:23,55990584,40706,19423740,86063,14197,81,83,68455236,40014,0,0,278143
2026-04-23 11:26:24,56020037,29453,19433958,86113,10268,81,83,68494936,39700,0,0,275474
2026-04-23 11:26:25,56046098,26061,19442998,86154,9081,80,83,68535592,40656,0,0,268587
2026-04-23 11:26:26,56084771,38673,19456394,86224,13466,81,83,68558471,22879,0,0,273168
2026-04-23 11:26:28,56124971,40200,19470319,86286,13987,81,83,68598847,40376,0,0,280954
2026-04-23 11:26:29,56150679,25708,19479249,86317,8961,81,83,68641211,42364,0,0,281300
2026-04-23 11:26:30,56176993,26314,19488372,86350,9156,82,83,68673201,31990,0,0,265728
2026-04-23 11:26:31,56208423,31430,19499298,86395,10971,80,83,68715328,42127,0,0,258408
2026-04-23 11:26:32,56245186,36763,19512070,86452,12829,80,83,68740517,25189,0,0,252421
2026-04-23 11:26:34,56277397,32211,19523212,86497,11187,81,83,68780669,40152,0,0,257912
2026-04-23 11:26:35,56309719,32322,19534420,86559,11270,80,83,68836285,55616,0,0,265737
2026-04-23 11:26:36,56343175,33456,19546033,86611,11665,81,83,68887465,51180,0,0,271408
2026-04-23 11:26:37,56379859,36684,19558744,86676,12776,60,83,68927686,40221,0,0,275919
2026-04-23 11:26:38,56413254,33395,19570287,86728,11595,79,83,68967859,40173,0,0,276783
2026-04-23 11:26:39,56445085,31831,19581354,86771,11110,80,83,69007917,40058,0,0,276842
2026-04-23 11:26:41,56481290,36205,19593902,86829,12606,80,83,69031558,23641,0,0,283516
2026-04-23 11:26:42,56514842,33552,19605544,86885,11698,81,83,69091573,60015,0,0,286867
2026-04-23 11:26:43,56548375,33533,19617195,86930,11696,73,83,69124563,32990,0,0,295065
2026-04-23 11:26:44,56577312,28937,19627222,86982,10079,77,83,69174510,49947,0,0,289100
2026-04-23 11:26:45,56609830,32518,19638487,87031,11314,82,84,69214526,40016,0,0,286983
2026-04-23 11:26:47,56640059,30229,19649007,87082,10571,81,83,69250669,36143,0,0,286011
2026-04-23 11:26:48,56670626,30567,19659552,87132,10595,79,83,69292348,41679,0,0,288093
2026-04-23 11:26:49,56696959,26333,19668705,87170,9191,79,83,69332349,40001,0,0,293961
2026-04-23 11:26:50,56730035,33076,19680240,87213,11578,65,83,69369689,37340,0,0,289012
2026-04-23 11:26:51,56764315,34280,19692122,87260,11929,81,83,69405415,35726,0,0,292171
2026-04-23 11:26:52,56793403,29088,19702191,87298,10107,81,83,69445961,40546,0,0,293652
2026-04-23 11:26:54,56820209,26806,19711482,87341,9334,79,83,69481670,35709,0,0,294353
2026-04-23 11:26:55,56849001,28792,19721490,87376,10043,81,83,69521063,39393,0,0,298173
2026-04-23 11:26:56,56881723,32722,19732867,87431,11432,81,83,69541080,20017,0,0,300650
2026-04-23 11:26:57,56909402,27679,19742442,87475,9619,81,83,69581088,40008,0,0,298820
2026-04-23 11:26:58,56937336,27934,19752118,87510,9711,80,83,69621098,40010,0,0,299354
2026-04-23 11:27:00,56964355,27019,19761497,87545,9414,81,83,69661117,40019,0,0,297209
2026-04-23 11:27:01,56996554,32199,19772698,87605,11261,79,83,69685136,24019,0,0,299292
2026-04-23 11:27:02,57024909,28355,19782494,87650,9841,80,83,69745149,60013,0,0,300164
2026-04-23 11:27:03,57052212,27303,19791981,87704,9541,81,83,69765160,20011,0,0,306125
2026-04-23 11:27:04,57088954,36742,19804725,87757,12797,81,83,69805203,40043,0,0,301456
2026-04-23 11:27:05,57118987,30033,19815211,87798,10527,82,84,69845203,40000,0,0,302687
2026-04-23 11:27:07,57148281,29294,19825330,87844,10165,72,83,69881134,35931,0,0,309244
2026-04-23 11:27:08,57185287,37006,19838124,87911,12861,78,83,69921151,40017,0,0,298228
2026-04-23 11:27:09,57210072,24785,19846716,87948,8629,76,83,69961159,40008,0,0,299658
2026-04-23 11:27:10,57237997,27925,19856381,87982,9699,81,83,70001174,40015,0,0,302680
2026-04-23 11:27:11,57266517,28520,19866288,88031,9956,81,83,70041191,40017,0,0,284789
2026-04-23 11:27:12,57291511,24994,19874966,88076,8723,81,83,70081191,40000,0,0,285940
2026-04-23 11:27:14,57325348,33837,19886680,88132,11770,80,83,70117895,36704,0,0,289071
2026-04-23 11:27:15,57353384,28036,19896511,88170,9869,81,83,70157922,40027,0,0,292316
2026-04-23 11:27:16,57382791,29407,19906626,88214,10159,81,83,70189565,31643,0,0,293654
2026-04-23 11:27:17,57407080,24289,19915121,88255,8536,81,83,70228121,38556,0,0,290578
2026-04-23 11:27:18,57435480,28400,19924949,88291,9864,81,83,70259298,31177,0,0,286007
2026-04-23 11:27:20,57462435,26955,19934291,88343,9394,71,83,70296367,37069,0,0,283810
2026-04-23 11:27:21,57493949,31514,19945233,88385,10984,81,83,70320473,24106,0,0,291069
2026-04-23 11:27:22,57518209,24260,19953618,88430,8430,81,83,70360482,40009,0,0,288287
2026-04-23 11:27:23,57541976,23767,19961828,88465,8245,81,83,70396424,35942,0,0,293163
2026-04-23 11:27:24,57568127,26151,19970892,88508,9107,79,83,70420520,24096,0,0,283181
2026-04-23 11:27:25,57595586,27459,19980412,88546,9558,81,83,70440523,20003,0,0,284073
2026-04-23 11:27:27,57618864,23278,19988509,88580,8131,81,83,70480526,40003,0,0,286150
2026-04-23 11:27:28,57637991,19127,19995113,88617,6641,81,83,70500532,20006,0,0,286974
2026-04-23 11:27:29,57667764,29773,20005389,88659,10318,81,83,70540813,40281,0,0,293772
2026-04-23 11:27:30,57690075,22311,20013148,88691,7791,68,83,70577983,37170,0,0,285402
2026-04-23 11:27:31,57714069,23994,20021443,88731,8335,72,84,70598895,20912,0,0,290333
2026-04-23 11:27:33,57738638,24569,20029973,88762,8561,81,83,70641156,42261,0,0,289989
2026-04-23 11:27:34,57768411,29773,20040301,88818,10384,81,83,70661157,20001,0,0,291456
2026-04-23 11:27:35,57791506,23095,20048320,88861,8062,81,83,70701165,40008,0,0,293406
2026-04-23 11:27:36,57822533,31027,20059048,88902,10769,81,83,70721177,20012,0,0,295217
2026-04-23 11:27:37,57846722,24189,20067428,88936,8414,76,83,70760160,38983,0,0,281969
2026-04-23 11:27:38,57871969,25247,20076157,88989,8782,81,83,70799320,39160,0,0,279538
2026-04-23 11:27:40,57897962,25993,20085159,89030,9043,80,83,70839325,40005,0,0,279962
2026-04-23 11:27:41,57923603,25641,20094035,89074,8920,81,83,70859327,20002,0,0,282830
2026-04-23 11:27:42,57953615,30012,20104488,89118,10497,81,83,70899346,40019,0,0,284518
2026-04-23 11:27:43,57976631,23016,20112481,89150,8025,81,83,70935016,35670,0,0,286635
2026-04-23 11:27:44,58005468,28837,20122440,89194,10003,77,83,70965022,30006,0,0,280232
2026-04-23 11:27:45,58031097,25629,20131334,89234,8934,78,84,70994626,29604,0,0,277500
2026-04-23 11:27:47,58057119,26022,20140354,89285,9071,77,83,71034639,40013,0,0,280999
2026-04-23 11:27:48,58082901,25782,20149280,89323,8964,81,83,71070304,35665,0,0,278806
2026-04-23 11:27:49,58115531,32630,20160589,89358,11344,81,83,71098435,28131,0,0,283949
2026-04-23 11:27:50,58144150,28619,20170482,89406,9941,79,83,71138444,40009,0,0,285309
2026-04-23 11:27:51,58174096,29946,20180932,89453,10497,81,83,71158655,20211,0,0,282452
2026-04-23 11:27:52,58205589,31493,20191830,89507,10952,77,83,71198848,40193,0,0,284160
2026-04-23 11:27:54,58230783,25194,20200575,89537,8775,80,83,71228882,30034,0,0,274140
2026-04-23 11:27:55,58255206,24423,20209035,89578,8501,81,83,71264547,35665,0,0,276599
2026-04-23 11:27:56,58281312,26106,20218080,89616,9083,81,83,71294039,29492,0,0,271975
2026-04-23 11:27:57,58309615,28303,20227931,89655,9890,64,83,71334039,40000,0,0,277003
2026-04-23 11:27:58,58340999,31384,20238826,89714,10954,81,83,71356686,22647,0,0,270218
2026-04-23 11:28:00,58367757,26758,20248191,89753,9404,72,83,71396733,40047,0,0,255395
2026-04-23 11:28:01,58401586,33829,20259873,89807,11736,81,83,71416773,20040,0,0,261239
2026-04-23 11:28:02,58428065,26479,20269103,89840,9263,81,83,71456804,40031,0,0,253913
2026-04-23 11:28:03,58451907,23842,20277313,89870,8240,81,83,71496811,40007,0,0,258911
2026-04-23 11:28:04,58481342,29435,20287536,89917,10270,77,83,71539335,42524,0,0,260657
2026-04-23 11:28:05,58510927,29585,20297776,89955,10278,81,84,71579344,40009,0,0,259665
2026-04-23 11:28:07,58543285,32358,20309007,90012,11288,81,83,71599364,20020,0,0,256871
2026-04-23 11:28:08,58569065,25780,20317917,90059,8957,76,83,71639381,40017,0,0,257225
2026-04-23 11:28:09,58597677,28612,20327857,90108,9989,81,83,71679383,40002,0,0,263759
2026-04-23 11:28:10,58626339,28662,20337826,90157,10018,81,83,71719394,40011,0,0,262431
2026-04-23 11:28:11,58659612,33273,20349361,90211,11589,77,83,71759402,40008,0,0,264128
2026-04-23 11:28:12,58695810,36198,20361936,90258,12622,79,83,71779431,20029,0,0,260929
2026-04-23 11:28:14,58724291,28481,20371820,90310,9936,81,83,71819669,40238,0,0,262078
2026-04-23 11:28:15,58753700,29409,20382022,90356,10248,81,83,71859943,40274,0,0,266082
2026-04-23 11:28:16,58778901,25201,20390754,90388,8764,76,83,71899947,40004,0,0,263544
2026-04-23 11:28:17,58804232,25331,20399504,90425,8787,81,83,71935281,35334,0,0,266322
2026-04-23 11:28:18,58828379,24147,20407875,90460,8406,78,83,71967062,31781,0,0,263525
2026-04-23 11:28:19,58862646,34267,20419759,90518,11942,74,83,72007109,40047,0,0,266473
2026-04-23 11:28:21,58895584,32938,20431256,90566,11545,63,83,72027170,20061,0,0,271694
2026-04-23 11:28:22,58922216,26632,20440499,90609,9286,81,83,72067182,40012,0,0,272023
2026-04-23 11:28:23,58949206,26990,20449874,90647,9413,81,83,72107194,40012,0,0,275222
2026-04-23 11:28:24,58978193,28987,20459921,90691,10091,81,83,72127222,20028,0,0,273428
2026-04-23 11:28:25,59003751,25558,20468782,90734,8904,80,84,72167232,40010,0,0,273459
2026-04-23 11:28:27,59035592,31841,20479829,90778,11091,78,83,72207274,40042,0,0,275496
2026-04-23 11:28:28,59061186,25594,20488719,90818,8930,81,83,72237442,30168,0,0,275412
2026-04-23 11:28:29,59078141,16955,20494589,90839,5891,81,83,72277447,40005,0,0,275315
2026-04-23 11:28:30,59106512,28371,20504454,90881,9907,81,83,72317448,40001,0,0,276123
2026-04-23 11:28:31,59132167,25655,20513386,90926,8977,80,83,72352787,35339,0,0,273336
2026-04-23 11:28:32,59164670,32503,20524635,90991,11314,81,83,72392795,40008,0,0,270027
2026-04-23 11:28:34,59193554,28884,20534610,91025,10009,81,83,72432847,40052,0,0,270971
2026-04-23 11:28:35,59223524,29970,20545011,91073,10449,80,83,72470864,38017,0,0,272255
2026-04-23 11:28:36,59249183,25659,20553897,91122,8935,81,83,72490908,20044,0,0,272314
2026-04-23 11:28:37,59276758,27575,20563515,91171,9667,80,83,72546430,55522,0,0,270398
2026-04-23 11:28:38,59301619,24861,20572125,91209,8648,81,83,72587514,41084,0,0,267770
2026-04-23 11:28:39,59326602,24983,20580752,91256,8674,79,83,72627520,40006,0,0,259654
2026-04-23 11:28:41,59358163,31561,20591681,91319,10992,81,83,72645685,18165,0,0,258776
2026-04-23 11:28:42,59388494,30331,20602208,91357,10565,81,83,72665725,20040,0,0,257669
2026-04-23 11:28:43,59415168,26674,20611466,91389,9290,80,83,72705737,40012,0,0,258137
2026-04-23 11:28:44,59441278,26110,20620518,91440,9103,81,83,72754554,48817,0,0,245104
2026-04-23 11:28:45,59470968,29690,20630738,91503,10283,81,83,72774585,20031,0,0,246357
2026-04-23 11:28:47,59495986,25018,20639436,91545,8740,80,83,72814588,40003,0,0,251646
2026-04-23 11:28:48,59524308,28322,20649272,91593,9884,81,83,72851176,36588,0,0,250047
2026-04-23 11:28:49,59553494,29186,20659435,91633,10203,54,83,72871180,20004,0,0,256717
2026-04-23 11:28:50,59583822,30328,20669883,91675,10490,79,83,72911183,40003,0,0,250669
2026-04-23 11:28:51,59607445,23623,20678087,91710,8239,82,84,72931183,20000,0,0,248338
2026-04-23 11:28:52,59639349,31904,20689150,91756,11109,80,83,72971195,40012,0,0,252736
2026-04-23 11:28:54,59657689,18340,20695534,91781,6409,66,83,73011197,40002,0,0,253374
2026-04-23 11:28:55,59682533,24844,20704104,91806,8595,81,83,73051208,40011,0,0,257392
2026-04-23 11:28:56,59704570,22037,20711785,91838,7713,81,83,73091213,40005,0,0,259164
2026-04-23 11:28:57,59728195,23625,20719988,91873,8238,73,83,73111213,20000,0,0,258816
2026-04-23 11:28:58,59758931,30736,20730659,91918,10716,81,83,73151294,40081,0,0,258270
2026-04-23 11:29:00,59786186,27255,20740091,91959,9473,81,83,73191305,40011,0,0,261821
2026-04-23 11:29:01,59811168,24982,20748778,91993,8721,80,83,73211802,20497,0,0,264673
2026-04-23 11:29:02,59837790,26622,20757977,92042,9248,81,83,73251807,40005,0,0,265509
2026-04-23 11:29:03,59863001,25211,20766708,92080,8769,81,83,73291827,40020,0,0,268378
2026-04-23 11:29:04,59888244,25243,20775483,92114,8809,81,83,73331844,40017,0,0,261447
2026-04-23 11:29:05,59911680,23436,20783580,92149,8132,82,84,73367403,35559,0,0,264012
2026-04-23 11:29:07,59943209,31529,20794561,92186,11018,81,83,73394152,26749,0,0,268987
2026-04-23 11:29:08,59968625,25416,20803347,92228,8828,73,83,73429591,35439,0,0,269612
2026-04-23 11:29:09,59993572,24947,20812032,92261,8718,78,83,73466939,37348,0,0,269413
2026-04-23 11:29:10,60023920,30348,20822560,92298,10565,81,83,73486942,20003,0,0,271685
2026-04-23 11:29:11,60048699,24779,20831135,92331,8608,81,83,73526957,40015,0,0,269143
2026-04-23 11:29:12,60074083,25384,20839949,92373,8856,73,83,73566970,40013,0,0,267403
2026-04-23 11:29:14,60105928,31845,20850987,92419,11084,81,83,73589625,22655,0,0,270151
2026-04-23 11:29:15,60131837,25909,20860006,92454,9054,81,83,73629625,40000,0,0,269014
2026-04-23 11:29:16,60158422,26585,20869233,92499,9272,81,83,73649644,20019,0,0,270218
2026-04-23 11:29:17,60180802,22380,20876997,92533,7798,80,83,73685086,35442,0,0,272359
2026-04-23 11:29:18,60203844,23042,20885006,92561,8037,81,83,73709846,24760,0,0,269909
2026-04-23 11:29:19,60224969,21125,20892338,92599,7370,80,83,73749846,40000,0,0,268997
2026-04-23 11:29:21,60249004,24035,20900584,92639,8286,74,83,73785302,35456,0,0,271623
2026-04-23 11:29:22,60279353,30349,20911150,92685,10612,80,83,73805329,20027,0,0,270931
2026-04-23 11:29:23,60300083,20730,20918323,92714,7202,80,83,73843738,38409,0,0,269866
2026-04-23 11:29:24,60326727,26644,20927631,92755,9349,66,83,73883747,40009,0,0,268357
2026-04-23 11:29:25,60360926,34199,20939385,92822,11821,82,84,73903798,20051,0,0,273295
2026-04-23 11:29:27,60383592,22666,20947277,92846,7916,81,83,73943809,40011,0,0,266964
2026-04-23 11:29:28,60410509,26917,20956604,92882,9363,81,83,73983830,40021,0,0,257831
2026-04-23 11:29:29,60438742,28233,20966433,92927,9874,76,83,74003856,20026,0,0,264347
2026-04-23 11:29:30,60461511,22769,20974282,92962,7884,81,83,74043867,40011,0,0,263830
2026-04-23 11:29:31,60480660,19149,20981003,92995,6754,81,84,74073924,30057,0,0,244194
2026-04-23 11:29:32,60507683,27023,20990367,93037,9406,81,83,74093939,20015,0,0,250062
2026-04-23 11:29:34,60528985,21302,20997697,93076,7369,81,83,74127417,33478,0,0,244104
2026-04-23 11:29:35,60552706,23721,21005927,93122,8276,81,83,74167421,40004,0,0,248879
2026-04-23 11:29:36,60579323,26617,21015164,93153,9268,81,83,74187434,20013,0,0,249125
2026-04-23 11:29:37,60608183,28860,21025216,93203,10102,81,83,74227435,40001,0,0,255809
2026-04-23 11:29:38,60631420,23237,21033213,93239,8033,81,83,74262430,34995,0,0,255658
2026-04-23 11:29:40,60656971,25551,21042067,93278,8893,81,83,74285012,22582,0,0,241003
2026-04-23 11:29:41,60678709,21738,21049672,93309,7636,81,83,74315990,30978,0,0,239000
2026-04-23 11:29:42,60710114,31405,21060505,93357,10881,69,83,74337797,21807,0,0,241517
2026-04-23 11:29:43,60733205,23091,21068539,93385,8062,78,83,74397801,60004,0,0,241410
2026-04-23 11:29:44,60766489,33284,21080074,93437,11587,80,83,74438059,40258,0,0,246992
2026-04-23 11:29:45,60800211,33722,21091734,93498,11721,81,84,74478097,40038,0,0,247211
2026-04-23 11:29:47,60836059,35848,21104137,93544,12449,80,83,74516215,38118,0,0,243981
2026-04-23 11:29:48,60867227,31168,21114972,93586,10877,80,83,74556219,40004,0,0,243631
2026-04-23 11:29:49,60898445,31218,21125802,93628,10872,77,83,74591203,34984,0,0,248411
2026-04-23 11:29:50,60926641,28196,21135593,93675,9838,80,83,74644477,53274,0,0,251135
2026-04-23 11:29:51,60957642,31001,21146341,93733,10806,75,83,74688732,44255,0,0,255989
2026-04-23 11:29:52,60991012,33370,21157896,93803,11625,80,83,74723737,35005,0,0,256252
2026-04-23 11:29:54,61026833,35821,21170336,93855,12492,81,83,74754372,30635,0,0,259832
2026-04-23 11:29:55,61051882,25049,21178992,93898,8699,66,83,74809370,54998,0,0,262710
2026-04-23 11:29:56,61087865,35983,21191475,93953,12538,75,83,74839028,29658,0,0,263762
2026-04-23 11:29:57,61118866,31001,21202254,94010,10836,81,83,74879162,40134,0,0,268348
2026-04-23 11:29:58,61148253,29387,21212458,94059,10253,80,83,74932027,52865,0,0,264459
2026-04-23 11:29:59,61179141,30888,21223142,94119,10744,78,83,74972031,40004,0,0,263736
2026-04-23 11:30:01,61204396,25255,21231900,94156,8795,80,83,74992136,20105,0,0,263823
2026-04-23 11:30:02,61240152,35756,21244264,94217,12425,81,83,75032187,40051,0,0,267147
2026-04-23 11:30:03,61269693,29541,21254500,94257,10276,81,83,75072191,40004,0,0,271197
2026-04-23 11:30:04,61298334,28641,21264461,94305,10009,81,83,75118173,45982,0,0,272244
2026-04-23 11:30:05,61332735,34401,21276363,94349,11946,82,84,75153356,35183,0,0,278092
2026-04-23 11:30:07,61365948,33213,21287875,94401,11564,79,83,75190673,37317,0,0,280265
2026-04-23 11:30:08,61394984,29036,21297962,94443,10129,76,83,75240669,49996,0,0,281672
2026-04-23 11:30:09,61424048,29064,21308028,94487,10110,81,83,75283089,42420,0,0,285626
2026-04-23 11:30:10,61457790,33742,21319772,94538,11795,77,83,75314453,31364,0,0,288336
2026-04-23 11:30:11,61485373,27583,21329291,94566,9547,81,83,75352811,38358,0,0,287946
2026-04-23 11:30:12,61514768,29395,21339498,94620,10261,81,83,75392825,40014,0,0,283741
2026-04-23 11:30:14,61548584,33816,21351213,94661,11756,76,83,75432838,40013,0,0,291599
2026-04-23 11:30:15,61578855,30271,21361700,94704,10530,81,83,75468777,35939,0,0,292829
2026-04-23 11:30:16,61603328,24473,21370206,94747,8549,81,83,75524416,55639,0,0,292375
2026-04-23 11:30:17,61637666,34338,21382149,94790,11986,81,83,75548355,23939,0,0,300482
2026-04-23 11:30:18,61671217,33551,21393816,94847,11724,66,83,75586856,38501,0,0,294791
2026-04-23 11:30:20,61703274,32057,21404852,94904,11093,81,83,75633300,46444,0,0,299126
2026-04-23 11:30:21,61730882,27608,21414463,94940,9647,79,83,75668158,34858,0,0,281599
2026-04-23 11:30:22,61764624,33742,21426166,94984,11747,79,83,75708188,40030,0,0,283755
2026-04-23 11:30:23,61794937,30313,21436745,95027,10622,80,83,75744100,35912,0,0,287505
2026-04-23 11:30:24,61823931,28994,21446769,95066,10063,78,83,75800069,55969,0,0,291455
2026-04-23 11:30:25,61853003,29072,21456873,95115,10153,79,84,75839782,39713,0,0,283961
2026-04-23 11:30:27,61883969,30966,21467600,95155,10767,81,83,75875683,35901,0,0,287006
2026-04-23 11:30:28,61917778,33809,21479334,95217,11796,81,83,75915684,40001,0,0,291709
2026-04-23 11:30:29,61950781,33003,21490823,95276,11548,80,83,75967869,52185,0,0,290296
2026-04-23 11:30:30,61980923,30142,21501252,95316,10469,81,83,76007877,40008,0,0,293853
2026-04-23 11:30:31,62012487,31564,21512244,95376,11052,80,83,76043817,35940,0,0,294938
2026-04-23 11:30:32,62042849,30362,21522762,95425,10567,79,83,76083849,40032,0,0,298524
2026-04-23 11:30:34,62077882,35033,21534872,95485,12170,80,83,76123877,40028,0,0,303707
2026-04-23 11:30:35,62108572,30690,21545511,95544,10698,81,83,76143883,20006,0,0,307402
2026-04-23 11:30:36,62134231,25659,21554405,95585,8935,80,83,76191963,48080,0,0,302038
2026-04-23 11:30:37,62166815,32584,21565689,95644,11343,78,83,76247865,55902,0,0,306450
2026-04-23 11:30:38,62194528,27713,21575306,95691,9664,81,83,76284402,36537,0,0,303153
2026-04-23 11:30:40,62220131,25603,21584140,95735,8878,81,83,76308092,23690,0,0,299863
2026-04-23 11:30:41,62244810,24679,21592695,95780,8600,77,83,76348188,40096,0,0,304716
2026-04-23 11:30:42,62270535,25725,21601581,95826,8932,71,83,76388203,40015,0,0,304268
2026-04-23 11:30:43,62295457,24922,21610247,95865,8705,81,83,76422580,34377,0,0,306096
2026-04-23 11:30:44,62325901,30444,21620804,95902,10594,81,83,76442593,20013,0,0,309501
2026-04-23 11:30:45,62359117,33216,21632323,95961,11578,80,84,76482645,40052,0,0,304810
2026-04-23 11:30:47,62384853,25736,21641276,96002,8994,81,83,76518966,36321,0,0,306828
2026-04-23 11:30:48,62413692,28839,21651240,96046,10008,81,83,76542717,23751,0,0,306700
2026-04-23 11:30:49,62441550,27858,21660905,96089,9708,78,83,76562765,20048,0,0,303233
2026-04-23 11:30:50,62473468,31918,21671963,96154,11123,81,83,76602817,40052,0,0,310235
2026-04-23 11:30:51,62499357,25889,21680894,96195,8972,81,83,76642073,39256,0,0,312136
2026-04-23 11:30:52,62516390,17033,21686822,96220,5953,81,83,76682846,40773,0,0,305108
2026-04-23 11:30:54,62544534,28144,21696592,96263,9813,81,83,76702854,20008,0,0,302136
2026-04-23 11:30:55,62573100,28566,21706485,96307,9937,78,83,76737034,34180,0,0,299403
2026-04-23 11:30:56,62597115,24015,21714852,96335,8395,81,83,76773358,36324,0,0,300918
2026-04-23 11:30:57,62626196,29081,21724899,96385,10097,78,83,76813375,40017,0,0,307080
2026-04-23 11:30:58,62653212,27016,21734339,96421,9476,81,83,76834357,20982,0,0,301575
2026-04-23 11:31:00,62677588,24376,21742769,96458,8467,81,83,76887025,52668,0,0,303059
2026-04-23 11:31:01,62696682,19094,21749396,96482,6651,81,83,76927027,40002,0,0,300256
2026-04-23 11:31:02,62722551,25869,21758308,96523,8953,81,83,76967027,40000,0,0,305287
2026-04-23 11:31:03,62746957,24406,21766769,96576,8514,80,83,77003352,36325,0,0,307168
2026-04-23 11:31:04,62778331,31374,21777667,96623,10945,73,83,77023366,20014,0,0,313691
2026-04-23 11:31:05,62800124,21793,21785180,96660,7550,81,83,77063368,40002,0,0,302423
2026-04-23 11:31:07,62820593,20469,21792292,96694,7146,81,83,77095230,31862,0,0,302784
2026-04-23 11:31:08,62849012,28419,21802110,96741,9865,80,83,77115250,20020,0,0,305865
2026-04-23 11:31:09,62868518,19506,21808822,96773,6744,81,83,77155264,40014,0,0,305940
2026-04-23 11:31:10,62895278,26760,21818126,96818,9349,81,83,77195296,40032,0,0,306010
2026-04-23 11:31:11,62924617,29339,21828347,96860,10263,82,84,77223186,27890,0,0,309103
2026-04-23 11:31:13,62948182,23565,21836457,96904,8154,77,83,77263200,40014,0,0,310532
2026-04-23 11:31:14,62966690,18508,21842885,96936,6460,81,83,77288796,25596,0,0,313023
2026-04-23 11:31:15,62987172,20482,21849984,96968,7131,80,83,77324554,35758,0,0,313347
2026-04-23 11:31:16,63003508,16336,21855663,96991,5702,81,83,77356294,31740,0,0,306998
2026-04-23 11:31:17,63026065,22557,21863498,97017,7861,81,83,77380541,24247,0,0,311126
2026-04-23 11:31:18,63051787,25722,21872427,97070,8982,81,83,77432057,51516,0,0,310114
2026-04-23 11:31:20,63083631,31844,21883452,97120,11075,81,83,77459342,27285,0,0,310974
2026-04-23 11:31:21,63113983,30352,21894001,97171,10600,81,83,77479387,20045,0,0,317453
2026-04-23 11:31:22,63140493,26510,21903187,97215,9230,81,83,77527037,47650,0,0,322773
2026-04-23 11:31:23,63162580,22087,21910851,97244,7693,81,83,77562821,35784,0,0,323677
2026-04-23 11:31:24,63190651,28071,21920647,97302,9854,81,83,77587079,24258,0,0,320426
2026-04-23 11:31:26,63213598,22947,21928567,97330,7948,81,83,77622837,35758,0,0,320479
2026-04-23 11:31:27,63240481,26883,21937923,97372,9398,81,83,77656882,34045,0,0,312508
2026-04-23 11:31:28,63262754,22273,21945616,97397,7718,80,83,77691941,35059,0,0,307635
2026-04-23 11:31:29,63288764,26010,21954674,97432,9093,81,83,77712835,20894,0,0,309778
2026-04-23 11:31:30,63312044,23280,21962746,97460,8100,78,83,77752765,39930,0,0,305549
2026-04-23 11:31:31,63331490,19446,21969536,97488,6818,80,83,77772771,20006,0,0,305686
2026-04-23 11:31:33,63353724,22234,21977262,97519,7757,81,83,77814433,41662,0,0,304315
2026-04-23 11:31:34,63376350,22626,21985128,97543,7890,82,84,77854439,40006,0,0,305766
2026-04-23 11:31:35,63403637,27287,21994591,97580,9500,81,83,77874243,19804,0,0,305836
2026-04-23 11:31:36,63433117,29480,22004835,97626,10290,80,83,77914254,40011,0,0,306590
2026-04-23 11:31:37,63461998,28881,22014848,97666,10053,80,83,77954273,40019,0,0,310150
2026-04-23 11:31:38,63488453,26455,22024043,97704,9233,75,83,77992528,38255,0,0,304492
2026-04-23 11:31:40,63517914,29461,22034267,97756,10276,73,83,78048019,55491,0,0,305081
2026-04-23 11:31:41,63552779,34865,22046391,97799,12167,81,83,78072979,24960,0,0,304898
2026-04-23 11:31:42,63577509,24730,22054955,97840,8605,81,83,78113003,40024,0,0,307021
2026-04-23 11:31:43,63608250,30741,22065650,97896,10751,81,83,78158264,45261,0,0,308640
2026-04-23 11:31:44,63638468,30218,22076121,97948,10523,81,83,78193623,35359,0,0,309820
2026-04-23 11:31:45,63666968,28500,22086052,97999,9982,78,83,78240997,47374,0,0,302150
2026-04-23 11:31:47,63698500,31532,22096949,98037,10935,81,83,78276488,35491,0,0,306589
2026-04-23 11:31:48,63735484,36984,22109794,98082,12890,82,84,78316500,40012,0,0,300634
2026-04-23 11:31:49,63770968,35484,22122121,98136,12381,71,83,78356517,40017,0,0,304705
2026-04-23 11:31:50,63807150,36182,22134673,98204,12620,79,83,78376545,20028,0,0,297399
2026-04-23 11:31:51,63841961,34811,22146776,98260,12159,80,83,78416610,40065,0,0,296864
2026-04-23 11:31:53,63873290,31329,22157583,98311,10858,81,83,78456623,40013,0,0,298081
2026-04-23 11:31:54,63905134,31844,22168671,98353,11130,81,83,78490664,34041,0,0,296904
2026-04-23 11:31:55,63931310,26176,22177768,98400,9144,81,83,78530673,40009,0,0,302431
2026-04-23 11:31:56,63963258,31948,22188846,98440,11118,76,83,78581600,50927,0,0,298569
2026-04-23 11:31:57,63984040,20782,22196061,98474,7249,81,83,78621611,40011,0,0,302177
2026-04-23 11:31:58,64006370,22330,22203778,98511,7754,81,83,78661612,40001,0,0,296697
2026-04-23 11:32:00,64033315,26945,22213144,98547,9402,81,83,78701632,40020,0,0,298459
2026-04-23 11:32:01,64059383,26068,22222174,98589,9072,81,83,78741638,40006,0,0,301277
2026-04-23 11:32:02,64084232,24849,22230820,98625,8682,81,83,78781644,40006,0,0,297720
2026-04-23 11:32:03,64102497,18265,22237161,98656,6372,79,83,78801870,20226,0,0,300796
2026-04-23 11:32:04,64124957,22460,22244976,98676,7835,81,83,78841875,40005,0,0,297104
2026-04-23 11:32:05,64147084,22127,22252647,98703,7698,75,83,78881878,40003,0,0,298744
2026-04-23 11:32:07,64167683,20599,22259833,98732,7215,81,83,78917375,35497,0,0,293560
2026-04-23 11:32:08,64198135,30452,22270379,98776,10590,82,84,78941903,24528,0,0,289939
2026-04-23 11:32:09,64227316,29181,22280532,98815,10192,81,83,78976326,34423,0,0,285713
2026-04-23 11:32:10,64247312,19996,22287490,98840,6983,81,83,79020506,44180,0,0,281588
2026-04-23 11:32:11,64279582,32270,22298706,98892,11268,78,83,79060514,40008,0,0,286641
2026-04-23 11:32:12,64310616,31034,22309440,98946,10788,81,83,79096281,35767,0,0,283433
2026-04-23 11:32:14,64341237,30621,22320086,99000,10700,80,83,79120547,24266,0,0,287853
2026-04-23 11:32:15,64367889,26652,22329329,99050,9293,81,83,79160559,40012,0,0,288299
2026-04-23 11:32:16,64389294,21405,22336728,99084,7433,81,83,79200572,40013,0,0,287085
2026-04-23 11:32:17,64415794,26500,22345915,99118,9221,81,83,79240595,40023,0,0,292864
2026-04-23 11:32:18,64440616,24822,22354506,99156,8629,80,83,79280805,40210,0,0,290042
2026-04-23 11:32:19,64465457,24841,22363151,99195,8684,79,83,79319201,38396,0,0,290137
2026-04-23 11:32:21,64497293,31836,22374183,99242,11079,81,83,79342176,22975,0,0,287032
2026-04-23 11:32:22,64522915,25622,22383052,99280,8907,81,83,79382180,40004,0,0,284716
2026-04-23 11:32:23,64548814,25899,22392071,99323,9062,81,83,79422191,40011,0,0,287670
2026-04-23 11:32:24,64573758,24944,22400706,99372,8684,81,83,79462228,40037,0,0,287848
2026-04-23 11:32:25,64602283,28525,22410670,99420,10012,81,83,79482249,20021,0,0,291713
2026-04-23 11:32:27,64626517,24234,22419076,99459,8445,74,83,79522315,40066,0,0,283981
2026-04-23 11:32:28,64660789,34272,22430909,99514,11888,82,84,79562366,40051,0,0,289571
2026-04-23 11:32:29,64686256,25467,22439729,99546,8852,78,83,79602395,40029,0,0,289885
2026-04-23 11:32:30,64711830,25574,22448588,99592,8905,81,83,79622409,20014,0,0,290154
2026-04-23 11:32:31,64743170,31340,22459444,99648,10912,81,83,79662442,40033,0,0,297464
2026-04-23 11:32:32,64771347,28177,22469221,99698,9827,81,83,79684410,21968,0,0,285280
2026-04-23 11:32:34,64787882,16535,22474962,99718,5761,80,83,79740173,55763,0,0,290511
2026-04-23 11:32:35,64811959,24077,22483323,99747,8390,81,83,79764420,24247,0,0,284552
2026-04-23 11:32:36,64829643,17684,22489435,99782,6147,81,83,79800291,35871,0,0,279218
2026-04-23 11:32:37,64858167,28524,22499323,99822,9928,81,83,79820296,20005,0,0,285731
2026-04-23 11:32:38,64868479,10312,22502945,99841,3641,74,83,79834021,13725,0,0,241690
2026-04-23 11:32:39,64891600,23121,22510959,99877,8050,81,83,79855573,21552,0,0,241282
2026-04-23 11:32:41,64908114,16514,22516641,99906,5711,81,83,79889227,33654,0,0,233404
2026-04-23 11:32:42,64928128,20014,22523636,99944,7033,81,83,79919979,30752,0,0,220851
2026-04-23 11:32:43,64950663,22535,22531407,99981,7808,81,83,79972331,52352,0,0,220320
2026-04-23 11:32:44,64979510,28847,22541467,100013,10092,75,83,79992386,20055,0,0,221962
2026-04-23 11:32:45,65005856,26346,22550606,100045,9171,81,83,80012423,20037,0,0,219072
2026-04-23 11:32:47,65023028,17172,22556558,100073,5980,73,83,80067970,55547,0,0,221236
2026-04-23 11:32:48,65048849,25821,22565467,100118,8954,75,84,80092431,24461,0,0,229007
2026-04-23 11:32:49,65068912,20063,22572403,100152,6970,76,83,80132435,40004,0,0,233911
2026-04-23 11:32:50,65089569,20657,22579563,100186,7194,78,83,80159053,26618,0,0,221767
2026-04-23 11:32:51,65117165,27596,22589118,100227,9596,81,83,80183565,24512,0,0,227996
2026-04-23 11:32:52,65137107,19942,22596070,100252,6977,81,83,80219149,35584,0,0,221614
2026-04-23 11:32:54,65163797,26690,22605311,100291,9280,81,83,80243644,24495,0,0,227465
2026-04-23 11:32:55,65180929,17132,22611233,100317,5948,81,83,80272076,28432,0,0,225173
2026-04-23 11:32:56,65207308,26379,22620404,100357,9211,74,83,80292108,20032,0,0,228421
2026-04-23 11:32:57,65230769,23461,22628517,100398,8154,81,83,80332119,40011,0,0,230595
2026-04-23 11:32:58,65251559,20790,22635758,100430,7273,81,83,80372168,40049,0,0,232002
2026-04-23 11:32:59,65278938,27379,22645276,100473,9561,81,83,80392208,20040,0,0,232850
2026-04-23 11:33:01,65311051,32113,22656381,100516,11148,81,83,80432219,40011,0,0,227374
2026-04-23 11:33:02,65340107,29056,22666471,100554,10128,81,83,80452229,20010,0,0,231365
2026-04-23 11:33:03,65366686,26579,22675703,100606,9284,81,83,80492240,40011,0,0,231816
2026-04-23 11:33:04,65393965,27279,22685216,100631,9538,79,83,80532261,40021,0,0,235296
2026-04-23 11:33:05,65418867,24902,22693844,100664,8661,73,83,80572282,40021,0,0,237897
2026-04-23 11:33:06,65444016,25149,22702609,100705,8806,81,83,80612284,40002,0,0,237936
2026-04-23 11:33:08,65468315,24299,22711054,100741,8481,81,83,80650770,38486,0,0,235027
2026-04-23 11:33:09,65499327,31012,22721780,100791,10776,80,83,80673323,22553,0,0,239454
2026-04-23 11:33:10,65530602,31275,22732648,100840,10917,81,83,80713364,40041,0,0,241319
2026-04-23 11:33:11,65557824,27222,22742068,100876,9456,76,83,80753400,40036,0,0,244491
2026-04-23 11:33:12,65589739,31915,22753145,100920,11121,81,83,80773433,20033,0,0,249096
2026-04-23 11:33:14,65608881,19142,22759799,100944,6678,81,83,80828613,55180,0,0,249644
2026-04-23 11:33:15,65636045,27164,22769186,100984,9427,80,83,80868616,40003,0,0,247181
2026-04-23 11:33:16,65661374,25329,22777941,101021,8792,81,83,80893461,24845,0,0,246919
2026-04-23 11:33:17,65688266,26892,22787293,101061,9392,80,83,80948624,55163,0,0,249828
2026-04-23 11:33:18,65718950,30684,22797994,101116,10756,81,83,80973474,24850,0,0,254014
2026-04-23 11:33:19,65744613,25663,22806859,101162,8911,81,83,81008636,35162,0,0,256569
2026-04-23 11:33:21,65774845,30232,22817347,101207,10533,81,83,81048645,40009,0,0,251848
2026-04-23 11:33:22,65805578,30733,22828006,101261,10713,81,83,81088661,40016,0,0,250509
2026-04-23 11:33:23,65837330,31752,22839021,101307,11061,81,83,81115080,26419,0,0,252135
2026-04-23 11:33:24,65861286,23956,22847267,101346,8285,81,83,81155085,40005,0,0,254202
2026-04-23 11:33:25,65887993,26707,22856541,101379,9307,81,83,81195102,40017,0,0,257057
2026-04-23 11:33:26,65914941,26948,22865870,101418,9368,81,83,81234754,39652,0,0,257299
2026-04-23 11:33:28,65933045,18104,22872212,101452,6376,80,83,81275450,40696,0,0,243508
2026-04-23 11:33:29,65959121,26076,22881224,101488,9048,79,83,81315472,40022,0,0,238211
2026-04-23 11:33:30,65984611,25490,22890027,101532,8847,78,83,81355476,40004,0,0,241050
2026-04-23 11:33:31,66010221,25610,22898941,101561,8943,81,83,81375506,20030,0,0,246380
2026-04-23 11:33:32,66036219,25998,22907922,101609,9029,81,83,81415520,40014,0,0,251817
2026-04-23 11:33:33,66059148,22929,22915908,101641,8018,73,83,81455523,40003,0,0,241971
2026-04-23 11:33:35,66085062,25914,22924873,101688,9012,76,83,81491703,36180,0,0,239219
2026-04-23 11:33:36,66112774,27712,22934556,101732,9727,81,83,81511704,20001,0,0,245153
2026-04-23 11:33:37,66133631,20857,22941777,101758,7247,81,83,81546868,35164,0,0,248908
2026-04-23 11:33:38,66160406,26775,22951104,101795,9364,81,83,81564256,17388,0,0,251715
2026-04-23 11:33:39,66177212,16806,22956856,101828,5785,81,83,81604267,40011,0,0,254123
2026-04-23 11:33:40,66205424,28212,22966698,101867,9881,81,83,81644269,40002,0,0,258410
2026-04-23 11:33:42,66236577,31153,22977464,101911,10810,79,83,81684279,40010,0,0,260953
2026-04-23 11:33:43,66268576,31999,22988562,101976,11163,81,83,81719815,35536,0,0,265250
2026-04-23 11:33:44,66302468,33892,23000354,102018,11834,81,83,81744312,24497,0,0,270121
2026-04-23 11:33:45,66333845,31377,23011248,102057,10933,81,83,81804332,60020,0,0,274216
2026-04-23 11:33:46,66362545,28700,23021155,102098,9948,81,83,81839871,35539,0,0,277386
2026-04-23 11:33:48,66393435,30890,23031883,102136,10766,81,83,81879910,40039,0,0,278651
2026-04-23 11:33:49,66422304,28869,23041907,102174,10062,81,83,81919928,40018,0,0,278926
2026-04-23 11:33:50,66452072,29768,23052206,102208,10333,81,83,81975457,55529,0,0,282470
2026-04-23 11:33:51,66486454,34382,23064156,102267,12009,78,83,82015458,40001,0,0,290380
2026-04-23 11:33:52,66511581,25127,23072870,102305,8752,81,83,82055465,40007,0,0,289258
2026-04-23 11:33:53,66541717,30136,23083330,102346,10501,81,83,82075473,20008,0,0,295773
2026-04-23 11:33:55,66573484,31767,23094352,102394,11070,78,83,82115502,40029,0,0,291874
2026-04-23 11:33:56,66598794,25310,23103115,102426,8795,80,83,82155506,40004,0,0,292680
2026-04-23 11:33:57,66625094,26300,23112314,102454,9227,81,83,82195507,40001,0,0,294998
2026-04-23 11:33:58,66647275,22181,23119988,102489,7709,81,83,82221973,26466,0,0,295960
2026-04-23 11:33:59,66673868,26593,23129207,102533,9263,80,83,82261985,40012,0,0,301307
2026-04-23 11:34:00,66698531,24663,23137814,102567,8641,79,83,82302002,40017,0,0,300074
2026-04-23 11:34:02,66729575,31044,23148547,102622,10788,78,83,82342056,40054,0,0,297799
2026-04-23 11:34:03,66760601,31026,23159309,102685,10825,81,83,82363702,21646,0,0,298404
2026-04-23 11:34:04,66783731,23130,23167307,102718,8031,81,83,82403725,40023,0,0,296999
2026-04-23 11:34:05,66808625,24894,23175948,102751,8674,81,83,82443726,40001,0,0,301970
2026-04-23 11:34:06,66832639,24014,23184310,102784,8395,81,83,82483727,40001,0,0,306633
2026-04-23 11:34:07,66855083,22444,23192085,102817,7808,80,83,82513091,29364,0,0,304671
2026-04-23 11:34:09,66886625,31542,23203064,102874,11036,81,83,82553108,40017,0,0,302526
2026-04-23 11:34:10,66914193,27568,23212571,102921,9554,81,83,82593125,40017,0,0,305139
2026-04-23 11:34:11,66944883,30690,23223242,102973,10723,73,83,82613158,20033,0,0,302924
2026-04-23 11:34:12,66970662,25779,23232185,103017,8987,81,83,82653158,40000,0,0,308101
2026-04-23 11:34:13,67001522,30860,23242847,103077,10722,79,83,82694822,41664,0,0,305741
2026-04-23 11:34:15,67032512,30990,23253647,103121,10844,81,83,82714839,20017,0,0,305243
2026-04-23 11:34:16,67064085,31573,23264593,103165,10990,79,83,82754852,40013,0,0,304327
2026-04-23 11:34:17,67088678,24593,23273118,103211,8571,80,83,82794859,40007,0,0,303171
2026-04-23 11:34:18,67120297,31619,23284073,103270,11014,79,83,82815247,20388,0,0,307036
2026-04-23 11:34:19,67144859,24562,23292574,103305,8536,81,83,82855276,40029,0,0,308605
2026-04-23 11:34:20,67169783,24924,23301204,103338,8663,76,83,82895295,40019,0,0,310372
2026-04-23 11:34:22,67197785,28002,23310974,103373,9805,81,83,82915350,20055,0,0,313114
2026-04-23 11:34:23,67220847,23062,23318969,103413,8035,81,83,82955416,40066,0,0,311412
2026-04-23 11:34:24,67242190,21343,23326356,103440,7414,81,83,82995435,40019,0,0,306769
2026-04-23 11:34:25,67266662,24472,23334890,103483,8577,81,83,83035435,40000,0,0,302298
2026-04-23 11:34:26,67298429,31767,23345849,103537,11013,79,83,83075442,40007,0,0,300278
2026-04-23 11:34:27,67322552,24123,23354265,103572,8451,81,83,83101891,26449,0,0,304808
2026-04-23 11:34:29,67344098,21546,23361721,103604,7488,81,83,83139112,37221,0,0,302587
2026-04-23 11:34:30,67374858,30760,23372407,103643,10725,81,83,83179134,40022,0,0,309110
2026-04-23 11:34:31,67391438,16580,23378203,103663,5816,69,83,83199134,20000,0,0,311258
2026-04-23 11:34:32,67412187,20749,23385398,103687,7219,81,83,83237373,38239,0,0,311592
2026-04-23 11:34:33,67435111,22924,23393305,103727,7947,75,83,83275477,38104,0,0,306628
2026-04-23 11:34:34,67460677,25566,23402150,103770,8888,81,83,83315481,40004,0,0,311677
2026-04-23 11:34:36,67483134,22457,23409999,103799,7878,81,83,83355482,40001,0,0,306684
2026-04-23 11:34:37,67508414,25280,23418745,103844,8791,80,83,83395482,40000,0,0,311633
2026-04-23 11:34:38,67532600,24186,23427163,103877,8451,81,83,83435482,40000,0,0,310208
2026-04-23 11:34:39,67555405,22805,23435082,103922,7964,81,83,83471168,35686,0,0,311286
2026-04-23 11:34:40,67568111,12706,23439462,103935,4393,80,83,83515482,44314,0,0,306110
2026-04-23 11:34:41,67595317,27206,23448959,103959,9521,81,83,83535513,20031,0,0,311698
2026-04-23 11:34:43,67620216,24899,23457559,104002,8643,81,83,83569360,33847,0,0,304318
2026-04-23 11:34:44,67638060,17844,23463770,104035,6244,80,83,83589378,20018,0,0,300783
2026-04-23 11:34:45,67660148,22088,23471412,104061,7668,81,83,83617772,28394,0,0,298813
2026-04-23 11:34:46,67685107,24959,23480080,104101,8708,81,83,83657822,40050,0,0,300762
2026-04-23 11:34:47,67711895,26788,23489376,104142,9337,81,83,83697872,40050,0,0,300327
2026-04-23 11:34:48,67742205,30310,23499938,104194,10614,81,83,83717872,20000,0,0,303987
2026-04-23 11:34:50,67761406,19201,23506578,104229,6675,80,83,83775091,57219,0,0,292107
2026-04-23 11:34:51,67794149,32743,23517993,104276,11462,81,83,83815099,40008,0,0,299482
2026-04-23 11:34:52,67823582,29433,23528228,104307,10266,81,83,83843693,28594,0,0,299776
2026-04-23 11:34:53,67852067,28485,23538143,104346,9954,81,83,83883700,40007,0,0,305799
2026-04-23 11:34:54,67872710,20643,23545278,104369,7158,80,83,83943709,60009,0,0,309304
2026-04-23 11:34:56,67902438,29728,23555649,104414,10416,81,83,83963797,20088,0,0,309653
2026-04-23 11:34:57,67937536,35098,23567790,104470,12197,79,83,84003869,40072,0,0,305421
2026-04-23 11:34:58,67963709,26173,23576834,104511,9085,78,83,84043885,40016,0,0,304275
2026-04-23 11:34:59,67995277,31568,23587784,104557,10996,81,83,84063944,20059,0,0,302958
2026-04-23 11:35:00,68015289,20012,23594719,104591,6969,62,83,84122004,58060,0,0,303178
2026-04-23 11:35:01,68046398,31109,23605552,104648,10890,81,83,84157213,35209,0,0,307066
2026-04-23 11:35:03,68073209,26811,23614806,104690,9296,81,83,84197224,40011,0,0,300676
2026-04-23 11:35:04,68096142,22933,23622765,104728,7997,80,83,84237234,40010,0,0,296121
2026-04-23 11:35:05,68129997,33855,23634522,104784,11813,81,83,84257293,20059,0,0,300862
2026-04-23 11:35:06,68155689,25692,23643452,104820,8966,80,83,84297307,40014,0,0,302968
2026-04-23 11:35:07,68186578,30889,23654163,104873,10764,71,83,84317314,20007,0,0,306868
2026-04-23 11:35:08,68211554,24976,23662832,104911,8707,81,83,84357323,40009,0,0,305738
2026-04-23 11:35:10,68235708,24154,23671220,104939,8416,81,83,84397325,40002,0,0,301411
2026-04-23 11:35:11,68257830,22122,23678921,104976,7738,81,83,84455208,57883,0,0,302492
2026-04-23 11:35:12,68282283,24453,23687409,105009,8521,78,83,84495208,40000,0,0,304325
2026-04-23 11:35:13,68305892,23609,23695604,105054,8240,79,83,84530823,35615,0,0,305843
2026-04-23 11:35:14,68337588,31696,23706601,105096,11039,81,83,84555256,24433,0,0,313001
2026-04-23 11:35:15,68360935,23347,23714721,105125,8149,81,83,84596130,40874,0,0,311380
2026-04-23 11:35:17,68391022,30087,23725157,105176,10487,81,83,84616144,20014,0,0,314439
2026-04-23 11:35:18,68416124,25102,23733840,105225,8732,81,83,84666090,49946,0,0,304893
2026-04-23 11:35:19,68446892,30768,23744527,105269,10731,81,83,84686119,20029,0,0,308634
2026-04-23 11:35:20,68468949,22057,23752238,105291,7733,81,83,84724355,38236,0,0,312652
2026-04-23 11:35:21,68492006,23057,23760242,105329,8042,81,83,84764357,40002,0,0,310869
2026-04-23 11:35:23,68518390,26384,23769418,105382,9229,81,83,84814125,49768,0,0,304960
2026-04-23 11:35:24,68547218,28828,23779336,105429,9965,81,83,84834154,20029,0,0,287544
2026-04-23 11:35:25,68577072,29854,23789699,105470,10404,74,83,84858261,24107,0,0,290956
2026-04-23 11:35:26,68598183,21111,23797046,105510,7387,81,83,84896902,38641,0,0,282916
2026-04-23 11:35:27,68619002,20819,23804252,105535,7231,81,83,84936906,40004,0,0,286578
2026-04-23 11:35:29,68647031,28029,23814008,105575,9796,81,83,84976909,40003,0,0,289124
2026-04-23 11:35:30,68677508,30477,23824561,105633,10611,81,83,84996912,20003,0,0,290150
2026-04-23 11:35:31,68709226,31718,23835510,105696,11012,81,83,85036960,40048,0,0,291139
2026-04-23 11:35:32,68731532,22306,23843297,105733,7824,81,83,85076966,40006,0,0,292403
2026-04-23 11:35:33,68761226,29694,23853633,105763,10366,81,83,85117032,40066,0,0,293014
2026-04-23 11:35:34,68786209,24983,23862271,105805,8680,81,83,85153345,36313,0,0,292193
2026-04-23 11:35:36,68813238,27029,23871643,105847,9414,81,83,85193345,40000,0,0,293037
2026-04-23 11:35:37,68836065,22827,23879546,105891,7947,81,83,85233348,40003,0,0,293256
2026-04-23 11:35:38,68861776,25711,23888471,105935,8969,80,83,85273610,40262,0,0,292489
2026-04-23 11:35:39,68892907,31131,23899233,105986,10813,80,83,85296069,22459,0,0,290474
2026-04-23 11:35:40,68918321,25414,23908085,106029,8895,81,83,85336084,40015,0,0,292497
2026-04-23 11:35:41,68943816,25495,23916939,106063,8888,81,83,85376087,40003,0,0,291603
2026-04-23 11:35:43,68972186,28370,23926795,106103,9896,81,83,85416106,40019,0,0,291523
2026-04-23 11:35:44,68998942,26756,23936073,106141,9316,75,83,85456109,40003,0,0,288235
2026-04-23 11:35:45,69018072,19130,23942694,106168,6648,81,83,85476109,20000,0,0,291291
2026-04-23 11:35:46,69049047,30975,23953440,106217,10795,80,83,85516120,40011,0,0,295139
2026-04-23 11:35:47,69065745,16698,23959247,106246,5836,81,83,85536120,20000,0,0,291473
2026-04-23 11:35:48,69084837,19092,23965869,106283,6659,81,83,85576127,40007,0,0,291625
2026-04-23 11:35:50,69110241,25404,23974672,106323,8843,81,83,85596133,20006,0,0,290020
2026-04-23 11:35:51,69131694,21453,23982054,106358,7417,76,83,85638776,42643,0,0,288839
2026-04-23 11:35:52,69161019,29325,23992257,106408,10253,81,83,85678779,40003,0,0,292199
2026-04-23 11:35:53,69187670,26651,24001492,106458,9285,80,83,85718779,40000,0,0,294799
2026-04-23 11:35:54,69217721,30051,24011932,106501,10483,77,83,85758784,40005,0,0,295556
2026-04-23 11:35:56,69252368,34647,24023948,106548,12063,81,83,85778819,20035,0,0,300638
2026-04-23 11:35:57,69283435,31067,24034715,106593,10812,81,83,85833460,54641,0,0,295632
2026-04-23 11:35:58,69311077,27642,24044329,106632,9653,81,83,85871701,38241,0,0,298390
2026-04-23 11:35:59,69338680,27603,24053887,106659,9585,81,83,85911707,40006,0,0,297847
2026-04-23 11:36:00,69367455,28775,24063846,106701,10001,80,83,85951738,40031,0,0,300928
2026-04-23 11:36:01,69397939,30484,24074423,106746,10622,80,83,86011747,60009,0,0,307606
2026-04-23 11:36:03,69430680,32741,24085764,106801,11396,81,83,86032114,20367,0,0,308887
2026-04-23 11:36:04,69455379,24699,24094341,106831,8607,81,83,86092137,60023,0,0,304547
2026-04-23 11:36:05,69482441,27062,24103743,106870,9441,79,83,86132155,40018,0,0,307054
2026-04-23 11:36:06,69516870,34429,24115690,106924,12001,80,83,86152203,20048,0,0,311876
2026-04-23 11:36:07,69545038,28168,24125514,106954,9854,81,83,86202187,49984,0,0,314656
2026-04-23 11:36:08,69577061,32023,24136585,107007,11124,81,83,86237019,34832,0,0,315732
2026-04-23 11:36:10,69605261,28200,24146402,107051,9861,79,83,86277046,40027,0,0,309476
2026-04-23 11:36:11,69632628,27367,24155882,107085,9514,81,83,86317059,40013,0,0,308976
2026-04-23 11:36:12,69658618,25990,24164893,107128,9054,81,83,86357064,40005,0,0,305047
2026-04-23 11:36:13,69684871,26253,24173988,107162,9129,81,83,86397272,40208,0,0,310328
2026-04-23 11:36:14,69717429,32558,24185295,107214,11359,80,83,86451764,54492,0,0,317463
2026-04-23 11:36:16,69748415,30986,24196023,107272,10786,80,83,86487609,35845,0,0,317954
2026-04-23 11:36:17,69777124,28709,24205995,107308,10008,80,83,86527611,40002,0,0,318071
2026-04-23 11:36:18,69801424,24300,24214472,107344,8513,81,83,86567618,40007,0,0,319416
2026-04-23 11:36:19,69830522,29098,24224600,107377,10161,81,83,86587621,20003,0,0,322397
2026-04-23 11:36:20,69853501,22979,24232592,107405,8020,81,83,86627626,40005,0,0,317500
2026-04-23 11:36:21,69879781,26280,24241693,107449,9145,80,83,86667627,40001,0,0,319474
2026-04-23 11:36:23,69913286,33505,24253315,107496,11669,81,83,86707644,40017,0,0,323724
2026-04-23 11:36:24,69938057,24771,24261898,107534,8621,81,83,86729202,21558,0,0,328413
2026-04-23 11:36:25,69967262,29205,24272068,107572,10208,81,83,86769237,40035,0,0,319325
2026-04-23 11:36:26,69991735,24473,24280553,107617,8530,81,83,86809255,40018,0,0,323866
2026-04-23 11:36:27,70015918,24183,24288920,107655,8405,81,83,86849272,40017,0,0,324982
2026-04-23 11:36:28,70039711,23793,24297179,107685,8289,81,83,86889278,40006,0,0,329409
2026-04-23 11:36:30,70064965,25254,24305966,107717,8819,81,83,86929284,40006,0,0,334320
2026-04-23 11:36:31,70094999,30034,24316390,107768,10475,74,83,86950531,21247,0,0,332724
2026-04-23 11:36:32,70120340,25341,24325126,107811,8779,81,83,86995356,44825,0,0,330091
2026-04-23 11:36:33,70150753,30413,24335750,107850,10663,81,83,87021192,25836,0,0,330542
2026-04-23 11:36:34,70176406,25653,24344630,107892,8922,81,83,87061198,40006,0,0,329517
2026-04-23 11:36:35,70208098,31692,24355624,107946,11048,81,83,87101230,40032,0,0,333443
2026-04-23 11:36:37,70230965,22867,24363547,107979,7956,78,83,87141186,39956,0,0,328476
2026-04-23 11:36:38,70258968,28003,24373319,108022,9815,81,83,87177413,36227,0,0,328274
2026-04-23 11:36:39,70284789,25821,24382205,108062,8926,81,83,87201220,23807,0,0,327242
2026-04-23 11:36:40,70310260,25471,24391047,108103,8883,77,83,87257423,56203,0,0,329224
2026-04-23 11:36:41,70331035,20775,24398297,108133,7280,81,83,87290194,32771,0,0,323790
2026-04-23 11:36:43,70361126,30091,24408742,108194,10506,76,83,87330230,40036,0,0,327183
2026-04-23 11:36:44,70385040,23914,24417020,108227,8311,81,83,87350246,20016,0,0,325615
2026-04-23 11:36:45,70408162,23122,24425054,108270,8077,81,83,87391147,40901,0,0,326882
2026-04-23 11:36:46,70438222,30060,24435482,108316,10474,75,83,87431187,40040,0,0,330282
2026-04-23 11:36:47,70462201,23979,24443746,108343,8291,78,83,87471190,40003,0,0,331813
2026-04-23 11:36:49,70491836,29635,24454018,108386,10315,81,83,87491198,20008,0,0,338061
2026-04-23 11:36:50,70515847,24011,24462366,108433,8395,81,83,87520224,29026,0,0,335871
2026-04-23 11:36:51,70535427,19580,24469176,108463,6840,81,83,87540224,20000,0,0,333503
2026-04-23 11:36:52,70556537,21110,24476491,108496,7348,80,83,87578892,38668,0,0,334106
2026-04-23 11:36:53,70579381,22844,24484398,108529,7940,80,83,87618902,40010,0,0,335304
2026-04-23 11:36:54,70604450,25069,24493061,108567,8701,80,83,87658915,40013,0,0,337206
2026-04-23 11:36:56,70632911,28461,24502932,108609,9913,73,83,87695455,36540,0,0,337359
2026-04-23 11:36:57,70654563,21652,24510454,108630,7543,80,83,87715467,20012,0,0,334997
2026-04-23 11:36:58,70680239,25676,24519376,108670,8962,73,83,87771566,56099,0,0,334442
2026-04-23 11:36:59,70711623,31384,24530244,108722,10920,79,83,87791593,20027,0,0,338418
2026-04-23 11:37:00,70731102,19479,24537035,108747,6816,81,83,87827394,35801,0,0,335553
2026-04-23 11:37:01,70756083,24981,24545657,108786,8661,81,83,87851629,24235,0,0,340459
2026-04-23 11:37:03,70772532,16449,24551389,108813,5759,80,83,87871633,20004,0,0,339611
2026-04-23 11:37:04,70792911,20379,24558441,108847,7086,75,83,87911648,40015,0,0,340059
2026-04-23 11:37:05,70818470,25559,24567300,108881,8893,62,83,87931668,20020,0,0,340168
2026-04-23 11:37:06,70838632,20162,24574256,108913,6988,81,83,87971724,40056,0,0,333421
2026-04-23 11:37:07,70858579,19947,24581187,108942,6960,81,83,88007520,35796,0,0,324815
2026-04-23 11:37:08,70892312,33733,24592902,108987,11760,77,83,88047531,40011,0,0,332425
2026-04-23 11:37:10,70924646,32334,24604108,109046,11265,74,83,88067535,20004,0,0,330646
2026-04-23 11:37:11,70944581,19935,24611089,109077,7012,81,83,88117429,49894,0,0,309865
2026-04-23 11:37:12,70978843,34262,24622958,109129,11921,81,83,88137449,20020,0,0,314883
2026-04-23 11:37:13,71003782,24939,24631596,109171,8680,80,83,88177453,40004,0,0,319824
2026-04-23 11:37:14,71033316,29534,24641844,109212,10289,81,83,88217479,40026,0,0,323045
2026-04-23 11:37:16,71063869,30553,24652369,109269,10582,78,83,88257498,40019,0,0,320705
2026-04-23 11:37:17,71094249,30380,24662998,109309,10669,81,83,88294323,36825,0,0,312612
2026-04-23 11:37:18,71122992,28743,24672941,109343,9977,81,83,88334336,40013,0,0,312665
2026-04-23 11:37:19,71144270,21278,24680338,109374,7428,81,83,88378289,43953,0,0,310321
2026-04-23 11:37:20,71173962,29692,24690628,109406,10322,80,83,88422505,44216,0,0,316831
2026-04-23 11:37:22,71203135,29173,24700733,109449,10148,75,83,88457649,35144,0,0,320099
2026-04-23 11:37:23,71232663,29528,24710975,109497,10290,81,83,88477673,20024,0,0,317216
2026-04-23 11:37:24,71256537,23874,24719258,109540,8326,81,83,88515685,38012,0,0,312750
2026-04-23 11:37:25,71285629,29092,24729413,109574,10189,81,83,88555690,40005,0,0,310246
2026-04-23 11:37:26,71309699,24070,24737746,109609,8368,75,83,88594409,38719,0,0,311966
2026-04-23 11:37:27,71341652,31953,24748788,109657,11090,80,83,88634462,40053,0,0,316166
2026-04-23 11:37:29,71368479,26827,24758111,109698,9364,79,83,88672633,38171,0,0,315445
2026-04-23 11:37:30,71398319,29840,24768475,109742,10408,81,83,88695581,22948,0,0,312963
2026-04-23 11:37:31,71427906,29587,24778757,109782,10322,81,83,88715590,20009,0,0,313334
2026-04-23 11:37:32,71458319,30413,24789306,109829,10596,81,83,88755600,40010,0,0,316927
2026-04-23 11:37:33,71482435,24116,24797684,109872,8421,81,83,88795613,40013,0,0,321268
2026-04-23 11:37:34,71512934,30499,24808272,109916,10632,81,83,88835645,40032,0,0,324915
2026-04-23 11:37:36,71537834,24900,24816929,109958,8699,81,83,88875699,40054,0,0,326825
2026-04-23 11:37:37,71559718,21884,24824548,109992,7653,81,83,88907528,31829,0,0,327663
2026-04-23 11:37:38,71585300,25582,24833427,110021,8908,81,83,88947533,40005,0,0,326581
2026-04-23 11:37:39,71612108,26808,24842696,110061,9309,81,83,88990090,42557,0,0,328890
2026-04-23 11:37:40,71637214,25106,24851400,110107,8750,81,83,89030102,40012,0,0,327556
2026-04-23 11:37:41,71662804,25590,24860282,110143,8918,80,83,89070102,40000,0,0,332592
2026-04-23 11:37:43,71687950,25146,24869046,110176,8797,81,83,89105682,35580,0,0,334289
2026-04-23 11:37:44,71718630,30680,24879696,110228,10702,81,83,89145712,40030,0,0,334223
2026-04-23 11:37:45,71746039,27409,24889204,110271,9551,81,83,89185731,40019,0,0,327993
2026-04-23 11:37:46,71769736,23697,24897427,110308,8260,81,83,89225734,40003,0,0,329350
2026-04-23 11:37:47,71794775,25039,24906157,110345,8767,78,83,89265735,40001,0,0,331112
2026-04-23 11:37:48,71823943,29168,24916272,110397,10167,81,83,89280046,14311,0,0,334135
2026-04-23 11:37:50,71846722,22779,24924193,110429,7953,74,83,89320075,40029,0,0,335111
2026-04-23 11:37:51,71869050,22328,24931967,110466,7811,81,83,89360077,40002,0,0,335930
2026-04-23 11:37:52,71900889,31839,24942956,110521,11044,76,83,89400087,40010,0,0,336538
2026-04-23 11:37:53,71925953,25064,24951621,110553,8697,81,83,89420122,20035,0,0,335010
2026-04-23 11:37:54,71956042,30089,24962120,110597,10543,81,83,89460144,40022,0,0,338274
2026-04-23 11:37:56,71982141,26099,24971112,110646,9041,80,83,89500153,40009,0,0,340339
2026-04-23 11:37:57,72007090,24949,24979786,110673,8701,81,83,89537123,36970,0,0,341788
2026-04-23 11:37:58,72038639,31549,24990806,110709,11056,81,83,89577136,40013,0,0,339529
2026-04-23 11:37:59,72063735,25096,24999486,110752,8723,81,83,89617136,40000,0,0,344361
2026-04-23 11:38:00,72089439,25704,25008363,110793,8918,81,83,89651886,34750,0,0,342889
2026-04-23 11:38:01,72108398,18959,25014965,110819,6628,80,83,89701633,49747,0,0,339835
2026-04-23 11:38:03,72132746,24348,25023421,110850,8487,77,83,89741655,40022,0,0,344462
2026-04-23 11:38:04,72163118,30372,25033996,110895,10620,81,83,89761659,20004,0,0,347027
2026-04-23 11:38:05,72185776,22658,25041808,110928,7845,81,83,89809371,47712,0,0,337015
2026-04-23 11:38:06,72216134,30358,25052370,110962,10596,78,83,89829381,20010,0,0,336076
2026-04-23 11:38:07,72237414,21280,25059759,110997,7424,81,83,89869386,40005,0,0,326215
2026-04-23 11:38:08,72260302,22888,25067744,111031,8019,81,83,89889202,19816,0,0,321007
2026-04-23 11:38:10,72278859,18557,25074119,111065,6409,81,83,89928636,39434,0,0,317665
2026-04-23 11:38:11,72301385,22526,25082026,111099,7941,81,83,89965401,36765,0,0,312989
2026-04-23 11:38:12,72320656,19271,25088681,111122,6678,79,83,89997380,31979,0,0,306746
2026-04-23 11:38:13,72348119,27463,25098203,111156,9556,81,83,90017382,20002,0,0,309438
2026-04-23 11:38:14,72369987,21868,25105828,111185,7654,81,83,90057393,40011,0,0,310361
2026-04-23 11:38:16,72391891,21904,25113376,111218,7581,79,83,90097418,40025,0,0,302043
2026-04-23 11:38:17,72420808,28917,25123396,111253,10055,81,83,90117431,20013,0,0,302118
2026-04-23 11:38:18,72449358,28550,25133300,111295,9946,79,83,90176021,58590,0,0,290534
2026-04-23 11:38:19,72479252,29894,25143675,111344,10424,79,83,90212904,36883,0,0,293850
2026-04-23 11:38:20,72501232,21980,25151308,111379,7668,81,83,90252904,40000,0,0,297818
2026-04-23 11:38:21,72534401,33169,25162759,111434,11506,81,83,90292957,40053,0,0,305370
2026-04-23 11:38:23,72557692,23291,25170844,111479,8130,74,83,90339739,46782,0,0,303497
2026-04-23 11:38:24,72591230,33538,25182485,111529,11691,81,83,90379772,40033,0,0,308060
2026-04-23 11:38:25,72622607,31377,25193395,111577,10958,81,83,90418440,38668,0,0,302784
2026-04-23 11:38:26,72652472,29865,25203726,111625,10379,78,83,90458437,39997,0,0,306181
2026-04-23 11:38:27,72688030,35558,25216062,111685,12396,80,83,90491004,32567,0,0,311365
2026-04-23 11:38:28,72707905,19875,25222941,111709,6903,78,83,90548997,57993,0,0,311616
2026-04-23 11:38:30,72740331,32426,25234211,111754,11315,77,83,90582367,33370,0,0,315968
2026-04-23 11:38:31,72774619,34288,25246116,111803,11954,81,83,90602423,20056,0,0,317796
2026-04-23 11:38:32,72802096,27477,25255648,111847,9576,81,83,90642478,40055,0,0,311319
2026-04-23 11:38:33,72826475,24379,25264110,111879,8494,81,83,90688764,46286,0,0,313019
2026-04-23 11:38:34,72856141,29666,25274424,111932,10367,80,83,90728338,39574,0,0,310429
2026-04-23 11:38:35,72890358,34217,25286278,111980,11902,81,83,90768341,40003,0,0,315366
2026-04-23 11:38:37,72918379,28021,25295988,112024,9754,79,83,90811287,42946,0,0,318276
2026-04-23 11:38:38,72945980,27601,25305569,112059,9616,81,83,90847093,35806,0,0,321021
2026-04-23 11:38:39,72967060,21080,25312909,112084,7365,81,83,90878023,30930,0,0,315688
2026-04-23 11:38:40,72996555,29495,25323115,112137,10259,81,83,90918046,40023,0,0,316021
2026-04-23 11:38:41,73027260,30705,25333719,112198,10665,81,83,90938116,20070,0,0,319710
2026-04-23 11:38:43,73052899,25639,25342641,112239,8963,81,83,90978139,40023,0,0,321861
2026-04-23 11:38:44,73082717,29818,25352990,112276,10386,79,83,91004855,26716,0,0,317592
2026-04-23 11:38:45,73108122,25405,25361808,112320,8862,76,83,91044862,40007,0,0,316804
2026-04-23 11:38:46,73136146,28024,25371512,112363,9747,81,83,91064978,20116,0,0,315576
2026-04-23 11:38:47,73158895,22749,25379387,112392,7904,81,83,91104987,40009,0,0,316872
2026-04-23 11:38:48,73189172,30277,25389913,112435,10569,81,83,91125020,20033,0,0,323508
2026-04-23 11:38:50,73212236,23064,25397908,112479,8039,71,83,91165046,40026,0,0,324766
2026-04-23 11:38:51,73241149,28913,25407988,112524,10125,81,83,91205066,40020,0,0,327745
2026-04-23 11:38:52,73268022,26873,25417262,112561,9311,80,83,91245067,40001,0,0,333340
2026-04-23 11:38:53,73297346,29324,25427467,112616,10260,81,83,91265082,20015,0,0,336847
2026-04-23 11:38:54,73319406,22060,25435127,112647,7691,74,83,91305410,40328,0,0,341005
2026-04-23 11:38:55,73337794,18388,25441476,112679,6381,81,83,91325429,20019,0,0,331644
2026-04-23 11:38:57,73363624,25830,25450476,112722,9043,78,83,91370070,44641,0,0,330564
2026-04-23 11:38:58,73389393,25769,25459404,112760,8966,81,83,91390081,20011,0,0,332520
2026-04-23 11:38:59,73414512,25119,25468140,112793,8769,81,83,91430089,40008,0,0,334691
2026-04-23 11:39:00,73437667,23155,25476154,112819,8040,80,83,91465836,35747,0,0,339091
2026-04-23 11:39:01,73466672,29005,25486221,112874,10122,76,83,91490098,24262,0,0,342377
2026-04-23 11:39:02,73488742,22070,25493909,112914,7728,75,83,91530112,40014,0,0,334344
2026-04-23 11:39:04,73507576,18834,25500388,112945,6510,81,83,91566895,36783,0,0,325340
2026-04-23 11:39:05,73525116,17540,25506514,112972,6153,71,83,91607251,40356,0,0,318984
2026-04-23 11:39:06,73553213,28097,25516188,113028,9730,81,83,91627273,20022,0,0,318474
2026-04-23 11:39:07,73581349,28136,25525971,113063,9818,81,83,91667299,40026,0,0,315946
2026-04-23 11:39:08,73603820,22471,25533767,113099,7832,81,83,91707327,40028,0,0,320101
2026-04-23 11:39:10,73624178,20358,25540806,113129,7069,81,83,91747329,40002,0,0,323635
2026-04-23 11:39:11,73645099,20921,25548088,113162,7315,81,83,91767329,20000,0,0,327352
2026-04-23 11:39:12,73665614,20515,25555219,113204,7173,81,83,91807332,40003,0,0,321974
2026-04-23 11:39:13,73694232,28618,25565164,113239,9980,81,83,91840604,33272,0,0,316034
2026-04-23 11:39:14,73714653,20421,25572163,113275,7035,81,83,91860612,20008,0,0,316465
2026-04-23 11:39:15,73723687,9034,25575282,113295,3139,81,83,91900612,40000,0,0,316337
2026-04-23 11:39:17,73735875,12188,25579561,113314,4298,81,83,91942102,41490,0,0,317212
2026-04-23 11:39:18,73770714,34839,25591594,113373,12092,80,83,91977690,35588,0,0,325302
2026-04-23 11:39:19,73797051,26337,25600759,113410,9202,81,83,92019340,41650,0,0,319007
2026-04-23 11:39:20,73829385,32334,25611956,113459,11246,76,83,92059357,40017,0,0,317430
2026-04-23 11:39:21,73860121,30736,25622622,113500,10707,72,83,92099388,40031,0,0,315136
2026-04-23 11:39:22,73891414,31293,25633480,113554,10912,70,83,92149927,50539,0,0,319157
2026-04-23 11:39:24,73920762,29348,25643671,113601,10238,78,83,92185552,35625,0,0,322455
2026-04-23 11:39:25,73953189,32427,25654888,113640,11256,81,83,92225608,40056,0,0,320784
2026-04-23 11:39:26,73976994,23805,25663204,113683,8359,81,83,92279275,53667,0,0,316356
2026-04-23 11:39:27,74011117,34123,25674935,113744,11792,80,83,92303701,24426,0,0,321215
2026-04-23 11:39:28,74046115,34998,25687049,113800,12170,81,83,92343756,40055,0,0,329386
2026-04-23 11:39:29,74072262,26147,25696120,113837,9108,81,83,92390549,46793,0,0,328642
2026-04-23 11:39:31,74094995,22733,25703999,113869,7911,81,83,92427708,37159,0,0,329810
2026-04-23 11:39:32,74126627,31632,25715033,113911,11076,81,83,92467733,40025,0,0,330750
2026-04-23 11:39:33,74159259,32632,25726320,113948,11324,76,83,92509065,41332,0,0,330797
2026-04-23 11:39:34,74188130,28871,25736294,113996,10022,81,83,92549069,40004,0,0,332162
2026-04-23 11:39:35,74215157,27027,25745674,114042,9426,81,83,92593880,44811,0,0,334616
2026-04-23 11:39:37,74244358,29201,25755834,114086,10204,77,83,92629509,35629,0,0,337829
2026-04-23 11:39:38,74280127,35769,25768269,114142,12491,81,83,92669533,40024,0,0,337127
2026-04-23 11:39:39,74309139,29012,25778331,114190,10110,81,83,92712209,42676,0,0,334292
2026-04-23 11:39:40,74337984,28845,25788290,114239,10008,80,83,92752227,40018,0,0,334445
2026-04-23 11:39:41,74361031,23047,25796297,114273,8041,80,83,92796634,44407,0,0,335607
2026-04-23 11:39:42,74389684,28653,25806281,114311,10022,81,83,92816687,20053,0,0,338641
2026-04-23 11:39:44,74416480,26796,25815586,114347,9341,81,83,92856697,40010,0,0,341170
2026-04-23 11:39:45,74444293,27813,25825258,114392,9717,81,83,92896743,40046,0,0,346881
2026-04-23 11:39:46,74470702,26409,25834431,114430,9211,81,83,92925504,28761,0,0,334535
2026-04-23 11:39:47,74494306,23604,25842583,114461,8183,80,83,92965504,40000,0,0,339006
2026-04-23 11:39:48,74521809,27503,25852104,114522,9582,81,83,92997916,32412,0,0,332674
2026-04-23 11:39:49,74552698,30889,25862792,114563,10729,77,83,93037941,40025,0,0,336374
2026-04-23 11:39:51,74582261,29563,25873042,114605,10292,81,83,93057959,20018,0,0,342655
2026-04-23 11:39:52,74608311,26050,25882073,114644,9070,81,83,93097963,40004,0,0,347822
2026-04-23 11:39:53,74633361,25050,25890764,114687,8734,81,83,93136829,38866,0,0,349739
2026-04-23 11:39:54,74656622,23261,25898843,114719,8111,80,83,93176866,40037,0,0,340428
2026-04-23 11:39:55,74676957,20335,25905895,114754,7087,81,83,93210578,33712,0,0,336105
2026-04-23 11:39:56,74705517,28560,25915833,114806,9990,72,83,93250579,40001,0,0,332896
2026-04-23 11:39:58,74735160,29643,25926147,114842,10350,79,83,93270587,20008,0,0,339100
2026-04-23 11:39:59,74760044,24884,25934769,114877,8657,81,83,93310589,40002,0,0,334716
2026-04-23 11:40:00,74791863,31819,25945816,114926,11096,80,83,93351992,41403,0,0,335555
2026-04-23 11:40:01,74821128,29265,25955971,114966,10195,81,83,93372032,20040,0,0,332433
2026-04-23 11:40:02,74846751,25623,25964842,115017,8922,81,83,93403755,31723,0,0,331294
2026-04-23 11:40:03,74869376,22625,25972737,115052,7930,81,83,93434537,30782,0,0,326221
2026-04-23 11:40:05,74899137,29761,25983101,115103,10415,81,83,93474566,40029,0,0,326484
2026-04-23 11:40:06,74922744,23607,25991247,115146,8189,79,83,93514569,40003,0,0,327740
2026-04-23 11:40:07,74950542,27798,26000897,115188,9692,81,83,93534597,20028,0,0,330238
2026-04-23 11:40:08,74978151,27609,26010491,115225,9631,81,83,93574618,40021,0,0,329699
2026-04-23 11:40:09,75008281,30130,26020913,115276,10473,81,83,93614646,40028,0,0,333003
2026-04-23 11:40:10,75037668,29387,26031139,115312,10262,81,83,93634669,20023,0,0,333047
2026-04-23 11:40:12,75065028,27360,26040618,115355,9522,79,83,93678858,44189,0,0,338577
2026-04-23 11:40:13,75097965,32937,26052045,115427,11499,77,83,93706841,27983,0,0,339571
2026-04-23 11:40:14,75123235,25270,26060852,115460,8840,61,83,93749032,42191,0,0,338072
2026-04-23 11:40:15,75148407,25172,26069535,115499,8722,78,83,93789032,40000,0,0,336546
2026-04-23 11:40:16,75173233,24826,26078154,115550,8670,81,83,93829045,40013,0,0,338078
2026-04-23 11:40:18,75187530,14297,26083137,115576,5009,81,83,93873045,44000,0,0,336374
2026-04-23 11:40:19,75211208,23678,26091320,115616,8223,81,83,93913045,40000,0,0,337486
2026-04-23 11:40:20,75242423,31215,26102125,115661,10850,81,83,93945943,32898,0,0,338142
2026-04-23 11:40:21,75264959,22536,26109937,115711,7862,73,83,93985957,40014,0,0,339026
2026-04-23 11:40:22,75290469,25510,26118784,115757,8893,81,83,94005973,20016,0,0,340983
2026-04-23 11:40:23,75315506,25037,26127495,115798,8752,81,83,94038304,32331,0,0,339460
2026-04-23 11:40:25,75341074,25568,26136377,115837,8921,80,83,94078318,40014,0,0,341244
2026-04-23 11:40:26,75366819,25745,26145311,115872,8969,81,83,94118318,40000,0,0,346227
2026-04-23 11:40:27,75397496,30677,26155959,115913,10689,79,83,94155579,37261,0,0,343518
2026-04-23 11:40:28,75417273,19777,26162871,115936,6935,81,83,94190776,35197,0,0,343028
2026-04-23 11:40:29,75438653,21380,26170222,115974,7389,81,83,94210776,20000,0,0,342286
2026-04-23 11:40:30,75461440,22787,26178122,116009,7935,80,83,94250779,40003,0,0,344365
2026-04-23 11:40:32,75478670,17230,26184163,116035,6067,81,83,94269317,18538,0,0,343468
2026-04-23 11:40:33,75505184,26514,26193280,116085,9167,79,83,94309323,40006,0,0,345545
2026-04-23 11:40:34,75524219,19035,26199951,116108,6694,81,83,94345174,35851,0,0,338952
2026-04-23 11:40:35,75542055,17836,26206064,116131,6136,81,83,94365174,20000,0,0,338307
2026-04-23 11:40:36,75573889,31834,26217083,116171,11059,81,83,94409633,44459,0,0,338860
2026-04-23 11:40:37,75596064,22175,26224781,116196,7723,81,83,94469636,60003,0,0,339636
2026-04-23 11:40:39,75622168,26104,26233879,116233,9135,81,83,94509638,40002,0,0,344775
2026-04-23 11:40:40,75651725,29557,26244094,116286,10268,81,83,94529655,20017,0,0,350951
2026-04-23 11:40:41,75675655,23930,26252369,116334,8323,81,83,94575869,46214,0,0,342700
2026-04-23 11:40:42,75701273,25618,26261261,116373,8931,78,83,94615875,40006,0,0,346336
2026-04-23 11:40:43,75725812,24539,26269765,116406,8537,81,83,94651608,35733,0,0,349223
2026-04-23 11:40:44,75749755,23943,26278064,116442,8335,81,83,94675882,24274,0,0,353515
2026-04-23 11:40:46,75780077,30322,26288598,116487,10579,81,83,94715898,40016,0,0,344584
2026-04-23 11:40:47,75802148,22071,26296259,116518,7692,81,83,94752447,36549,0,0,342154
2026-04-23 11:40:48,75831232,29084,26306326,116561,10110,81,83,94788469,36022,0,0,344717
2026-04-23 11:40:49,75850754,19522,26313112,116594,6819,81,83,94822218,33749,0,0,333501
2026-04-23 11:40:50,75874925,24171,26321473,116630,8397,81,83,94862218,40000,0,0,327781
2026-04-23 11:40:52,75895300,20375,26328573,116667,7137,81,83,94882218,20000,0,0,321880
2026-04-23 11:40:53,75920069,24769,26337147,116705,8612,81,83,94922225,40007,0,0,326598
2026-04-23 11:40:54,75948185,28116,26346887,116756,9791,81,83,94962226,40001,0,0,321160
2026-04-23 11:40:55,75972932,24747,26355428,116796,8581,80,83,95002239,40013,0,0,324902
2026-04-23 11:40:56,75995565,22633,26363298,116838,7912,81,83,95022243,20004,0,0,320639
2026-04-23 11:40:57,76028835,33270,26374887,116884,11635,81,83,95062296,40053,0,0,326818
2026-04-23 11:40:59,76051654,22819,26382818,116925,7972,81,83,95097993,35697,0,0,324587
2026-04-23 11:41:00,76072640,20986,26390098,116964,7319,81,83,95130709,32716,0,0,325018
2026-04-23 11:41:01,76100529,27889,26399810,117003,9751,80,83,95168849,38140,0,0,324289
2026-04-23 11:41:02,76124239,23710,26408010,117043,8240,81,83,95188875,20026,0,0,328613
2026-04-23 11:41:03,76148235,23996,26416280,117085,8312,81,83,95230053,41178,0,0,329841
2026-04-23 11:41:04,76176512,28277,26426097,117129,9861,81,83,95253085,23032,0,0,332284
2026-04-23 11:41:06,76200173,23661,26434295,117173,8242,81,83,95293087,40002,0,0,336568
2026-04-23 11:41:07,76222709,22536,26442175,117198,7905,81,83,95333126,40039,0,0,331171
2026-04-23 11:41:08,76249619,26910,26451566,117239,9432,81,83,95371552,38426,0,0,323694
2026-04-23 11:41:09,76276532,26913,26460949,117272,9416,81,83,95391560,20008,0,0,325807
2026-04-23 11:41:10,76300503,23971,26469260,117305,8344,81,83,95421547,29987,0,0,320888
2026-04-23 11:41:11,76327800,27297,26478707,117344,9486,81,83,95441547,20000,0,0,323077
2026-04-23 11:41:13,76349125,21325,26486087,117383,7419,80,83,95481552,40005,0,0,323330
2026-04-23 11:41:14,76375984,26859,26495426,117421,9377,79,83,95521561,40009,0,0,321941
2026-04-23 11:41:15,76405856,29872,26505750,117479,10382,81,83,95555856,34295,0,0,318656
2026-04-23 11:41:16,76430640,24784,26514395,117522,8688,81,83,95604561,48705,0,0,320049
2026-04-23 11:41:17,76459829,29189,26524502,117564,10149,81,83,95637338,32777,0,0,322897
2026-04-23 11:41:19,76486401,26572,26533743,117599,9276,80,83,95691548,54210,0,0,324912
2026-04-23 11:41:20,76520347,33946,26545515,117642,11815,79,83,95731606,40058,0,0,329216
2026-04-23 11:41:21,76552786,32439,26556834,117705,11382,81,83,95775986,44380,0,0,329654
2026-04-23 11:41:22,76584120,31334,26567641,117746,10848,80,83,95816097,40111,0,0,326616
2026-04-23 11:41:23,76610606,26486,26576817,117789,9219,81,83,95855612,39515,0,0,325387
2026-04-23 11:41:24,76638823,28217,26586568,117838,9800,81,83,95895618,40006,0,0,328116
2026-04-23 11:41:26,76673314,34491,26598537,117887,12018,77,83,95935639,40021,0,0,329729
2026-04-23 11:41:27,76703486,30172,26609011,117927,10514,81,83,95971632,35993,0,0,333053
2026-04-23 11:41:28,76727045,23559,26617192,117960,8214,79,83,96019283,47651,0,0,328714
2026-04-23 11:41:29,76760582,33537,26628816,118009,11673,81,83,96046958,27675,0,0,332348
2026-04-23 11:41:30,76786720,26138,26637890,118048,9113,81,83,96086961,40003,0,0,331267
2026-04-23 11:41:31,76814800,28080,26647634,118106,9802,76,83,96145536,58575,0,0,333838
2026-04-23 11:41:33,76843739,28939,26657691,118136,10087,81,83,96184601,39065,0,0,336682
2026-04-23 11:41:34,76879100,35361,26669951,118170,12294,81,83,96224831,40230,0,0,338338
2026-04-23 11:41:35,76910123,31023,26680704,118217,10800,77,83,96264841,40010,0,0,335416
2026-04-23 11:41:36,76938126,28003,26690396,118261,9736,81,83,96303464,38623,0,0,334742
2026-04-23 11:41:37,76968494,30368,26700957,118303,10603,72,83,96359156,55692,0,0,338097
2026-04-23 11:41:39,76997046,28552,26710865,118346,9951,81,83,96399180,40024,0,0,344034
2026-04-23 11:41:40,77025619,28573,26720756,118384,9929,81,83,96434876,35696,0,0,349938
2026-04-23 11:41:41,77053296,27677,26730402,118431,9693,79,83,96461339,26463,0,0,339991
2026-04-23 11:41:42,77086975,33679,26742063,118483,11713,73,83,96501344,40005,0,0,341092
2026-04-23 11:41:43,77117491,30516,26752676,118526,10656,81,83,96545514,44170,0,0,344454
2026-04-23 11:41:44,77141350,23859,26760929,118559,8286,79,83,96584203,38689,0,0,336663
2026-04-23 11:41:46,77176733,35383,26773237,118602,12351,80,83,96624205,40002,0,0,344634
2026-04-23 11:41:47,77211554,34821,26785297,118652,12110,78,83,96664263,40058,0,0,352487
2026-04-23 11:41:48,77246643,35089,26797486,118703,12240,81,83,96684296,20033,0,0,350876
2026-04-23 11:41:49,77266541,19898,26804338,118733,6882,81,83,96744327,60031,0,0,354210
2026-04-23 11:41:50,77293706,27165,26813723,118789,9441,79,83,96780018,35691,0,0,340197
2026-04-23 11:41:52,77322698,28992,26823796,118836,10120,81,83,96820030,40012,0,0,346167
2026-04-23 11:41:53,77351559,28861,26833785,118874,10027,80,83,96880041,60011,0,0,352009
2026-04-23 11:41:54,77381699,30140,26844306,118917,10564,80,83,96915770,35729,0,0,351813
2026-04-23 11:41:55,77408083,26384,26853371,118955,9103,81,83,96972184,56414,0,0,343999
2026-04-23 11:41:56,77438381,30298,26863915,119006,10595,71,83,96992208,20024,0,0,346929
2026-04-23 11:41:58,77470194,31813,26874933,119051,11063,81,83,97022744,30536,0,0,344004
2026-04-23 11:41:59,77498295,28101,26884693,119090,9799,77,83,97082748,60004,0,0,349658
2026-04-23 11:42:00,77526060,27765,26894397,119128,9742,80,83,97122821,40073,0,0,348627
2026-04-23 11:42:01,77558608,32548,26905615,119184,11274,80,83,97162832,40011,0,0,351982
2026-04-23 11:42:02,77585979,27371,26915135,119222,9558,81,83,97202834,40002,0,0,357375
2026-04-23 11:42:03,77615881,29902,26925521,119274,10438,80,83,97223515,20681,0,0,363459
2026-04-23 11:42:05,77642869,26988,26934883,119325,9413,80,83,97283534,60019,0,0,368647
2026-04-23 11:42:06,77670775,27906,26944629,119359,9780,67,83,97319940,36406,0,0,364179
2026-04-23 11:42:07,77695234,24459,26953052,119397,8461,81,83,97342655,22715,0,0,361891
2026-04-23 11:42:08,77722854,27620,26962661,119435,9647,81,83,97382821,40166,0,0,357596
2026-04-23 11:42:09,77750317,27463,26972182,119475,9561,81,83,97422829,40008,0,0,362904
2026-04-23 11:42:11,77783327,33010,26983625,119538,11506,77,83,97462857,40028,0,0,366532
2026-04-23 11:42:12,77809560,26233,26992699,119572,9108,76,83,97505541,42684,0,0,371491
2026-04-23 11:42:13,77843662,34102,27004578,119620,11927,72,83,97538468,32927,0,0,371950
2026-04-23 11:42:14,77874654,30992,27015281,119682,10765,80,83,97574877,36409,0,0,368195
2026-04-23 11:42:15,77907987,33333,27026846,119732,11615,78,83,97603604,28727,0,0,368722
2026-04-23 11:42:16,77943121,35134,27039029,119777,12228,79,83,97631135,27531,0,0,372891
2026-04-23 11:42:18,77975931,32810,27050409,119826,11429,81,83,97687541,56406,0,0,373368
2026-04-23 11:42:19,78009142,33211,27061928,119878,11571,81,83,97722084,34543,0,0,377054
2026-04-23 11:42:20,78020315,11173,27065805,119890,3889,81,83,97781198,59114,0,0,370626
2026-04-23 11:42:21,78047756,27441,27075361,119941,9607,81,83,97817607,36409,0,0,375849
2026-04-23 11:42:22,78075495,27739,27084988,119978,9664,69,83,97857608,40001,0,0,377579
2026-04-23 11:42:24,78105954,30459,27095532,120029,10595,77,83,97918932,61324,0,0,376705
2026-04-23 11:42:25,78135470,29516,27105791,120085,10315,81,83,97958140,39208,0,0,379040
2026-04-23 11:42:26,78167365,31895,27116835,120138,11097,81,83,97986059,27919,0,0,382057
2026-04-23 11:42:27,78193981,26616,27126078,120171,9276,81,83,98025149,39090,0,0,372936
2026-04-23 11:42:28,78222029,28048,27135806,120219,9776,81,83,98065156,40007,0,0,374756
2026-04-23 11:42:29,78247843,25814,27144734,120262,8971,78,83,98105156,40000,0,0,375855
2026-04-23 11:42:31,78278920,31077,27155530,120299,10833,81,83,98145158,40002,0,0,378628
2026-04-23 11:42:32,78311333,32413,27166858,120338,11367,81,83,98165346,20188,0,0,378302
2026-04-23 11:42:33,78343270,31937,27177876,120386,11066,74,83,98205369,40023,0,0,377493
2026-04-23 11:42:34,78368896,25626,27186749,120436,8923,81,83,98225441,20072,0,0,379444
2026-04-23 11:42:35,78398810,29914,27197166,120489,10470,80,83,98265468,40027,0,0,381078
2026-04-23 11:42:36,78431647,32837,27208552,120531,11428,81,83,98305510,40042,0,0,387902
2026-04-23 11:42:38,78452955,21308,27215972,120561,7450,81,83,98340673,35163,0,0,381091
2026-04-23 11:42:39,78474260,21305,27223399,120592,7458,81,83,98373313,32640,0,0,384284
2026-04-23 11:42:40,78497189,22929,27231334,120629,7972,81,83,98413330,40017,0,0,384272
2026-04-23 11:42:41,78522082,24893,27239966,120672,8675,80,83,98452777,39447,0,0,388640
2026-04-23 11:42:42,78555038,32956,27251445,120726,11533,79,83,98481125,28348,0,0,395522
2026-04-23 11:42:44,78582390,27352,27260874,120775,9478,81,83,98521128,40003,0,0,400799
2026-04-23 11:42:45,78607514,25124,27269604,120814,8769,81,83,98561150,40022,0,0,394239
2026-04-23 11:42:46,78635210,27696,27279203,120856,9641,79,83,98621160,60010,0,0,398835
2026-04-23 11:42:47,78669546,34336,27291135,120907,11983,63,83,98641180,20020,0,0,402811
2026-04-23 11:42:48,78692893,23347,27299228,120936,8122,81,83,98681408,40228,0,0,400233
2026-04-23 11:42:49,78721416,28523,27309124,120980,9940,60,83,98721409,40001,0,0,398559
2026-04-23 11:42:51,78746063,24647,27317659,121027,8582,81,83,98761413,40004,0,0,400381
2026-04-23 11:42:52,78769754,23691,27325918,121064,8296,81,83,98801423,40010,0,0,401060
2026-04-23 11:42:53,78801074,31320,27336802,121125,10945,81,83,98841431,40008,0,0,397501
2026-04-23 11:42:54,78813318,12244,27341012,121148,4233,81,83,98887800,46369,0,0,384667
2026-04-23 11:42:55,78837448,24130,27349386,121189,8415,81,83,98927804,40004,0,0,388786
2026-04-23 11:42:56,78860057,22609,27357254,121220,7899,81,83,98953074,25270,0,0,388952
2026-04-23 11:42:58,78884438,24381,27365656,121270,8452,80,83,98974328,21254,0,0,380401
2026-04-23 11:42:59,78906168,21730,27373198,121306,7578,78,83,99010781,36453,0,0,373786
2026-04-23 11:43:00,78929569,23401,27381339,121328,8163,81,83,99050804,40023,0,0,373368
2026-04-23 11:43:01,78956692,27123,27390737,121374,9444,79,83,99090814,40010,0,0,362808
2026-04-23 11:43:02,78981207,24515,27399216,121426,8531,76,83,99122996,32182,0,0,367189
2026-04-23 11:43:03,79011035,29828,27409558,121477,10393,81,83,99142997,20001,0,0,362928
2026-04-23 11:43:05,79045590,34555,27421570,121524,12059,81,83,99183028,40031,0,0,370541
2026-04-23 11:43:06,79066215,20625,27428728,121557,7191,81,83,99222406,39378,0,0,366801
2026-04-23 11:43:07,79090613,24398,27437215,121591,8521,81,83,99262426,40020,0,0,367673
2026-04-23 11:43:08,79114012,23399,27445360,121612,8166,81,83,99302186,39760,0,0,361370
2026-04-23 11:43:09,79141676,27664,27454930,121655,9613,80,83,99358625,56439,0,0,363157
2026-04-23 11:43:11,79173522,31846,27465986,121712,11113,81,83,99382269,23644,0,0,369876
2026-04-23 11:43:12,79196519,22997,27473953,121744,7999,75,83,99422509,40240,0,0,367054
2026-04-23 11:43:13,79225156,28637,27483864,121787,9954,78,83,99458951,36442,0,0,369282
2026-04-23 11:43:14,79257799,32643,27495168,121846,11363,81,83,99483400,24449,0,0,369018
2026-04-23 11:43:15,79284783,26984,27504527,121882,9395,81,83,99503452,20052,0,0,370872
2026-04-23 11:43:16,79305608,20825,27511735,121922,7248,77,83,99542452,39000,0,0,364126
2026-04-23 11:43:18,79333583,27975,27521463,121959,9765,81,83,99562762,20310,0,0,366277
2026-04-23 11:43:19,79366672,33089,27532896,122022,11496,80,83,99602819,40057,0,0,370026
2026-04-23 11:43:20,79397324,30652,27543571,122070,10723,80,83,99649855,47036,0,0,369927
2026-04-23 11:43:21,79415790,18466,27549938,122094,6391,69,83,99697674,47819,0,0,369199
2026-04-23 11:43:23,79441116,25326,27558736,122126,8830,81,83,99737099,39425,0,0,367341
2026-04-23 11:43:24,79463004,21888,27566315,122151,7604,81,83,99773554,36455,0,0,367745
2026-04-23 11:43:25,79486240,23236,27574443,122186,8163,81,83,99815845,42291,0,0,365196
2026-04-23 11:43:26,79506777,20537,27581513,122232,7116,81,83,99850027,34182,0,0,361935
2026-04-23 11:43:27,79531009,24232,27589935,122265,8455,81,83,99886055,36028,0,0,363210
2026-04-23 11:43:28,79555941,24932,27598585,122312,8697,81,83,99910028,23973,0,0,364763
2026-04-23 11:43:30,79581995,26054,27607667,122344,9114,81,83,99940598,30570,0,0,360471
2026-04-23 11:43:31,79611285,29290,27617786,122394,10169,77,83,99980609,40011,0,0,363490
2026-04-23 11:43:32,79631173,19888,27624663,122423,6906,78,83,100020520,39911,0,0,360325
2026-04-23 11:43:33,79660850,29677,27635000,122458,10372,77,83,100040526,20006,0,0,360487
2026-04-23 11:43:34,79687380,26530,27644169,122494,9205,77,83,100080551,40025,0,0,359073
2026-04-23 11:43:36,79716940,29560,27654446,122550,10333,81,83,100100560,20009,0,0,358519
2026-04-23 11:43:37,79739064,22124,27662089,122593,7686,81,83,100140569,40009,0,0,358883
2026-04-23 11:43:38,79767308,28244,27671927,122642,9887,81,83,100178064,37495,0,0,355192
2026-04-23 11:43:39,79790262,22954,27679848,122680,7959,81,83,100198217,20153,0,0,342981
2026-04-23 11:43:40,79808702,18440,27686226,122702,6400,79,83,100244060,45843,0,0,336040
2026-04-23 11:43:41,79827796,19094,27692838,122735,6645,81,83,100264068,20008,0,0,329054
2026-04-23 11:43:43,79839577,11781,27696928,122753,4108,81,83,100289046,24978,0,0,322894
2026-04-23 11:43:44,79865418,25841,27705917,122789,9025,81,83,100329285,40239,0,0,328014
2026-04-23 11:43:45,79889873,24455,27714414,122820,8528,81,83,100357570,28285,0,0,325833
2026-04-23 11:43:46,79916644,26771,27723699,122866,9331,77,83,100397579,40009,0,0,321333
2026-04-23 11:43:47,79943159,26515,27732920,122916,9271,80,83,100433611,36032,0,0,320309
2026-04-23 11:43:48,79970711,27552,27742451,122947,9562,81,83,100473611,40000,0,0,315461
2026-04-23 11:43:50,80004311,33600,27754152,123000,11754,81,83,100513626,40015,0,0,318035
2026-04-23 11:43:51,80032624,28313,27763958,123042,9848,79,83,100553631,40005,0,0,324034
2026-04-23 11:43:52,80057966,25342,27772784,123089,8873,68,83,100593672,40041,0,0,322591
2026-04-23 11:43:53,80087450,29484,27783008,123138,10273,77,83,100633674,40002,0,0,322652
2026-04-23 11:43:54,80116469,29019,27793022,123196,10072,81,83,100671762,38088,0,0,328461
2026-04-23 11:43:56,80142355,25886,27801995,123243,9020,77,83,100710188,38426,0,0,330626
2026-04-23 11:43:57,80174288,31933,27813032,123292,11086,79,83,100770218,60030,0,0,334700
2026-04-23 11:43:58,80210289,36001,27825518,123348,12542,81,83,100793418,23200,0,0,333540
2026-04-23 11:43:59,80234251,23962,27833844,123391,8369,81,83,100825355,31937,0,0,322048
2026-04-23 11:44:00,80263464,29213,27843982,123423,10170,80,83,100876949,51594,0,0,318405
2026-04-23 11:44:01,80292614,29150,27854137,123461,10193,80,83,100916952,40003,0,0,318442
2026-04-23 11:44:03,80326239,33625,27865799,123511,11712,77,83,100958264,41312,0,0,323060
2026-04-23 11:44:04,80351742,25503,27874657,123553,8900,81,83,100998274,40010,0,0,321924
2026-04-23 11:44:05,80382292,30550,27885295,123597,10682,64,83,101039833,41559,0,0,325688
2026-04-23 11:44:06,80409661,27369,27894754,123645,9507,81,83,101079982,40149,0,0,321698
2026-04-23 11:44:07,80434024,24363,27903199,123670,8470,80,83,101119996,40014,0,0,323249
2026-04-23 11:44:09,80464368,30344,27913757,123713,10601,78,83,101140468,20472,0,0,326770
2026-04-23 11:44:10,80488423,24055,27922115,123747,8392,81,83,101180472,40004,0,0,321911
2026-04-23 11:44:11,80518817,30394,27932681,123791,10610,80,83,101220495,40023,0,0,328505
2026-04-23 11:44:12,80543178,24361,27941138,123824,8490,74,83,101260502,40007,0,0,322378
2026-04-23 11:44:13,80573334,30156,27951581,123874,10493,81,83,101280562,20060,0,0,323962
2026-04-23 11:44:14,80598870,25536,27960478,123914,8937,81,83,101317362,36800,0,0,325910
2026-04-23 11:44:16,80623588,24718,27969067,123952,8627,81,83,101357400,40038,0,0,330654
2026-04-23 11:44:17,80647037,23449,27977223,123982,8186,81,83,101396404,39004,0,0,331754
2026-04-23 11:44:18,80669971,22934,27985188,124024,8007,81,83,101431976,35572,0,0,332761
2026-04-23 11:44:19,80699034,29063,27995240,124073,10101,73,83,101463352,31376,0,0,329419
2026-04-23 11:44:20,80725145,26111,28004331,124110,9128,81,83,101499054,35702,0,0,328413
2026-04-23 11:44:21,80755536,30391,28014867,124156,10582,81,83,101522288,23234,0,0,331793
2026-04-23 11:44:23,80785806,30270,28025387,124205,10569,81,83,101562307,40019,0,0,334965
2026-04-23 11:44:24,80813702,27896,28035048,124246,9702,81,83,101602326,40019,0,0,334224
2026-04-23 11:44:25,80839756,26054,28044144,124287,9137,70,83,101641472,39146,0,0,332947
2026-04-23 11:44:26,80863952,24196,28052477,124323,8369,76,83,101679767,38295,0,0,333655
2026-04-23 11:44:27,80888628,24676,28061010,124374,8584,81,83,101719782,40015,0,0,332234
2026-04-23 11:44:29,80911522,22894,28068978,124407,8001,81,83,101759816,40034,0,0,336208
2026-04-23 11:44:30,80936727,25205,28077714,124441,8770,81,83,101799816,40000,0,0,334417
2026-04-23 11:44:31,80960837,24110,28086089,124471,8405,64,83,101839820,40004,0,0,335677
2026-04-23 11:44:32,80987620,26783,28095356,124513,9309,80,83,101879826,40006,0,0,334601
2026-04-23 11:44:33,81014902,27282,28104804,124556,9491,81,83,101915662,35836,0,0,340082
2026-04-23 11:44:34,81040705,25803,28113748,124596,8984,81,83,101939845,24183,0,0,338562
2026-04-23 11:44:36,81065643,24938,28122440,124628,8724,81,83,101975066,35221,0,0,336565
2026-04-23 11:44:37,81095307,29664,28132702,124677,10311,78,83,102015077,40011,0,0,339426
2026-04-23 11:44:38,81121441,26134,28141772,124725,9118,80,83,102055077,40000,0,0,341503
2026-04-23 11:44:39,81143736,22295,28149561,124751,7815,81,83,102075278,20201,0,0,341711
2026-04-23 11:44:40,81175484,31748,28160580,124791,11059,81,83,102115290,40012,0,0,332853
2026-04-23 11:44:41,81198266,22782,28168470,124821,7920,81,83,102151863,36573,0,0,336270
2026-04-23 11:44:43,81223199,24933,28177118,124849,8676,81,83,102191868,40005,0,0,337487
2026-04-23 11:44:44,81250845,27646,28186751,124892,9676,59,83,102231885,40017,0,0,326776
2026-04-23 11:44:45,81280069,29224,28196864,124942,10163,78,83,102266399,34514,0,0,326055
2026-04-23 11:44:46,81306997,26928,28206157,124991,9342,81,83,102286468,20069,0,0,331216
2026-04-23 11:44:47,81337362,30365,28216699,125034,10585,81,83,102328096,41628,0,0,324269
2026-04-23 11:44:48,81365552,28190,28226497,125074,9838,80,83,102366982,38886,0,0,319868
2026-04-23 11:44:50,81391679,26127,28235581,125112,9122,81,83,102407874,40892,0,0,324755
2026-04-23 11:44:51,81419831,28152,28245347,125161,9815,81,83,102447879,40005,0,0,329992
2026-04-23 11:44:52,81452197,32366,28256530,125210,11232,72,83,102487885,40006,0,0,336814
2026-04-23 11:44:53,81476341,24144,28264891,125245,8396,81,83,102527897,40012,0,0,337616
2026-04-23 11:44:54,81492850,16509,28270609,125277,5750,81,83,102567897,40000,0,0,336629
2026-04-23 11:44:55,81517465,24615,28279142,125323,8579,79,83,102612240,44343,0,0,334316
2026-04-23 11:44:57,81548417,30952,28289854,125378,10767,80,83,102636224,23984,0,0,340690
2026-04-23 11:44:58,81569712,21295,28297319,125406,7493,81,83,102676265,40041,0,0,340626
2026-04-23 11:44:59,81600609,30897,28308028,125442,10745,81,83,102708019,31754,0,0,343137
2026-04-23 11:45:00,81625028,24419,28316500,125487,8517,79,83,102747031,39012,0,0,337814
2026-04-23 11:45:01,81655461,30433,28327058,125526,10597,81,83,102770535,23504,0,0,340685
2026-04-23 11:45:03,81679603,24142,28335422,125562,8400,81,83,102813078,42543,0,0,338932
2026-04-23 11:45:04,81703849,24246,28343852,125589,8457,80,83,102853116,40038,0,0,342306
2026-04-23 11:45:05,81723578,19729,28350696,125613,6868,81,83,102895514,42398,0,0,345180
2026-04-23 11:45:06,81752343,28765,28360699,125662,10052,80,83,102915544,20030,0,0,344146
2026-04-23 11:45:07,81779140,26797,28369951,125707,9297,81,83,102955587,40043,0,0,342342
2026-04-23 11:45:08,81804486,25346,28378731,125750,8823,81,83,102991070,35483,0,0,346938
2026-04-23 11:45:10,81828627,24141,28387124,125789,8432,80,83,103031082,40012,0,0,347749
2026-04-23 11:45:11,81859021,30394,28397697,125836,10620,77,83,103051104,20022,0,0,350477
2026-04-23 11:45:12,81881611,22590,28405510,125873,7850,81,83,103091125,40021,0,0,353960
2026-04-23 11:45:13,81912835,31224,28416365,125922,10904,81,83,103129919,38794,0,0,353593
2026-04-23 11:45:14,81937248,24413,28424820,125951,8484,80,83,103169923,40004,0,0,354552
2026-04-23 11:45:15,81960695,23447,28432949,125981,8159,81,83,103189926,20003,0,0,355175
2026-04-23 11:45:17,81981422,20727,28440191,126014,7275,81,83,103240049,50123,0,0,354895
2026-04-23 11:45:18,82010047,28625,28450087,126059,9941,81,83,103256228,16179,0,0,353958
2026-04-23 11:45:19,82044585,34538,28462044,126110,12008,80,83,103301888,45660,0,0,354796
2026-04-23 11:45:20,82064625,20040,28469033,126135,7014,81,83,103340732,38844,0,0,347884
2026-04-23 11:45:21,82089799,25174,28477724,126180,8736,81,83,103372790,32058,0,0,349131
2026-04-23 11:45:23,82118920,29121,28487876,126215,10187,81,83,103394471,21681,0,0,351681
2026-04-23 11:45:24,82148336,29416,28498079,126255,10243,81,83,103419235,24764,0,0,350993
2026-04-23 11:45:25,82172795,24459,28506550,126296,8512,80,83,103459260,40025,0,0,352118
2026-04-23 11:45:26,82195621,22826,28514517,126339,8010,70,83,103513361,54101,0,0,352807
2026-04-23 11:45:27,82218442,22821,28522400,126378,7922,81,83,103533369,20008,0,0,343512
2026-04-23 11:45:28,82248939,30497,28532966,126419,10607,81,83,103573406,40037,0,0,343458
2026-04-23 11:45:30,82273693,24754,28541537,126475,8627,81,83,103605324,31918,0,0,344756
2026-04-23 11:45:31,82303590,29897,28551919,126525,10432,81,83,103645333,40009,0,0,351062
2026-04-23 11:45:32,82330915,27325,28561352,126572,9480,80,83,103671964,26631,0,0,346626
2026-04-23 11:45:33,82351847,20932,28568664,126602,7342,81,83,103702876,30912,0,0,340334
2026-04-23 11:45:34,82375920,24073,28576988,126638,8360,80,83,103742703,39827,0,0,341519
2026-04-23 11:45:35,82399769,23849,28585209,126686,8269,80,83,103778417,35714,0,0,345872
2026-04-23 11:45:37,82425223,25454,28594026,126723,8854,81,83,103802726,24309,0,0,350776
2026-04-23 11:45:38,82444862,19639,28600875,126760,6886,81,83,103828631,25905,0,0,343686
2026-04-23 11:45:39,82474878,30016,28611264,126794,10423,77,83,103868642,40011,0,0,349771
2026-04-23 11:45:40,82502712,27834,28620928,126828,9698,81,83,103908652,40010,0,0,352161
2026-04-23 11:45:41,82520791,18079,28627193,126846,6283,81,83,103952453,43801,0,0,354787
2026-04-23 11:45:42,82550945,30154,28637706,126890,10557,81,83,103992460,40007,0,0,354725
2026-04-23 11:45:44,82582165,31220,28648491,126935,10830,78,83,104024532,32072,0,0,348366
2026-04-23 11:45:45,82612641,30476,28659052,126981,10607,79,83,104084548,60016,0,0,348367
2026-04-23 11:45:46,82640838,28197,28668884,127022,9873,80,83,104124583,40035,0,0,350980
2026-04-23 11:45:47,82667808,26970,28678262,127060,9416,81,83,104164594,40011,0,0,349779
2026-04-23 11:45:48,82696458,28650,28688160,127096,9934,72,83,104200352,35758,0,0,349428
2026-04-23 11:45:50,82727274,30816,28698857,127143,10744,64,83,104240367,40015,0,0,356018
2026-04-23 11:45:51,82752342,25068,28707565,127183,8748,81,83,104260371,20004,0,0,357724
2026-04-23 11:45:52,82776400,24058,28715935,127226,8413,81,83,104300375,40004,0,0,359100
2026-04-23 11:45:53,82799074,22674,28723791,127267,7897,81,83,104340408,40033,0,0,356939
2026-04-23 11:45:54,82830833,31759,28734781,127313,11036,81,83,104377946,37538,0,0,357852
2026-04-23 11:45:56,82856237,25404,28743581,127358,8845,81,83,104417963,40017,0,0,359804
2026-04-23 11:45:57,82882416,26179,28752664,127410,9135,81,83,104457965,40002,0,0,365086
2026-04-23 11:45:58,82908498,26082,28761767,127458,9151,71,83,104497967,40002,0,0,370397
2026-04-23 11:45:59,82940210,31712,28772794,127503,11072,81,83,104529642,31675,0,0,368049
2026-04-23 11:46:00,82970562,30352,28783309,127542,10554,81,83,104549648,20006,0,0,368619
2026-04-23 11:46:01,83001324,30762,28793913,127595,10657,80,83,104589654,40006,0,0,372280
2026-04-23 11:46:03,83023029,21705,28801457,127632,7581,81,83,104610646,20992,0,0,373209
2026-04-23 11:46:04,83052027,28998,28811499,127680,10090,81,83,104650653,40007,0,0,376340
2026-04-23 11:46:05,83079543,27516,28820994,127720,9535,81,83,104690673,40020,0,0,375607
2026-04-23 11:46:06,83102143,22600,28828881,127755,7922,81,83,104730701,40028,0,0,373498
2026-04-23 11:46:07,83115616,13473,28833552,127769,4685,81,83,104770708,40007,0,0,368330
2026-04-23 11:46:08,83144404,28788,28843549,127814,10042,81,83,104790723,20015,0,0,374359
2026-04-23 11:46:10,83167778,23374,28851634,127847,8118,81,83,104836084,45361,0,0,375817
2026-04-23 11:46:11,83197263,29485,28861851,127888,10258,81,83,104860360,24276,0,0,382140
2026-04-23 11:46:12,83222663,25400,28870677,127926,8864,81,83,104900362,40002,0,0,384119
2026-04-23 11:46:13,83251426,28763,28880659,127974,10030,65,83,104939960,39598,0,0,385012
2026-04-23 11:46:14,83276468,25042,28889334,128016,8717,81,83,104974049,34089,0,0,385709
2026-04-23 11:46:16,83299370,22902,28897290,128045,7985,81,83,105014062,40013,0,0,386744
2026-04-23 11:46:17,83318689,19319,28904007,128076,6748,76,83,105061623,47561,0,0,386694
2026-04-23 11:46:18,83341093,22404,28911774,128115,7806,81,83,105099875,38252,0,0,390722
2026-04-23 11:46:19,83368751,27658,28921385,128157,9653,76,83,105137802,37927,0,0,393183
2026-04-23 11:46:20,83399165,30414,28931905,128204,10567,64,83,105167653,29851,0,0,390440
2026-04-23 11:46:21,83423932,24767,28940487,128235,8613,77,83,105207656,40003,0,0,395076
2026-04-23 11:46:23,83447126,23194,28948493,128269,8040,81,83,105247658,40002,0,0,390185
2026-04-23 11:46:24,83474615,27489,28958056,128307,9601,81,83,105267706,20048,0,0,392729
2026-04-23 11:46:25,83498564,23949,28966366,128355,8358,81,83,105307706,40000,0,0,390910
2026-04-23 11:46:26,83529423,30859,28977065,128396,10740,80,83,105346995,39289,0,0,392649
2026-04-23 11:46:27,83556591,27168,28986467,128435,9441,80,83,105388742,41747,0,0,390199
2026-04-23 11:46:28,83586411,29820,28996842,128468,10408,81,83,105427811,39069,0,0,393540
2026-04-23 11:46:30,83625337,38926,29010346,128514,13550,77,83,105468571,40760,0,0,402792
2026-04-23 11:46:31,83658244,32907,29021740,128555,11435,80,83,105508572,40001,0,0,397243
2026-04-23 11:46:32,83688302,30058,29032172,128601,10478,69,83,105548586,40014,0,0,403667
2026-04-23 11:46:33,83716938,28636,29042110,128639,9976,76,83,105590831,42245,0,0,400186
2026-04-23 11:46:34,83744188,27250,29051593,128676,9520,81,83,105630841,40010,0,0,397349
2026-04-23 11:46:36,83772805,28617,29061516,128722,9969,69,83,105670845,40004,0,0,393869
2026-04-23 11:46:37,83805133,32328,29072703,128766,11231,80,83,105710847,40002,0,0,395959
2026-04-23 11:46:38,83835131,29998,29083105,128823,10459,78,83,105766546,55699,0,0,399211
2026-04-23 11:46:39,83866339,31208,29093954,128869,10895,81,83,105805308,38762,0,0,405718
2026-04-23 11:46:40,83895810,29471,29104190,128907,10274,81,83,105858938,53630,0,0,402525
2026-04-23 11:46:41,83927737,31927,29115224,128954,11081,81,83,105899268,40330,0,0,406594
2026-04-23 11:46:43,83949032,21295,29122597,128986,7405,81,83,105919278,20010,0,0,397274
2026-04-23 11:46:44,83983632,34600,29134602,129038,12057,79,83,105960775,41497,0,0,401918
2026-04-23 11:46:45,84017023,33391,29146202,129077,11639,81,83,106000783,40008,0,0,409329
2026-04-23 11:46:46,84044359,27336,29155728,129111,9560,81,83,106040784,40001,0,0,411493
2026-04-23 11:46:47,84068314,23955,29163992,129140,8293,81,83,106076486,35702,0,0,419059
2026-04-23 11:46:48,84097677,29363,29174212,129187,10267,81,83,106099492,23006,0,0,412623
2026-04-23 11:46:50,84123278,25601,29183052,129235,8888,81,83,106137763,38271,0,0,408127
2026-04-23 11:46:51,84157027,33749,29194738,129288,11739,81,83,106177767,40004,0,0,415631
2026-04-23 11:46:52,84188455,31428,29205632,129341,10947,81,83,106210304,32537,0,0,412828
2026-04-23 11:46:53,84220252,31797,29216719,129370,11116,81,83,106252543,42239,0,0,409617
2026-04-23 11:46:54,84248821,28569,29226679,129416,10006,80,83,106292517,39974,0,0,403191
2026-04-23 11:46:55,84279877,31056,29237420,129469,10794,81,83,106320978,28461,0,0,400410
2026-04-23 11:46:57,84302663,22786,29245323,129508,7942,81,83,106377183,56205,0,0,401198
2026-04-23 11:46:58,84330606,27943,29255008,129549,9726,81,83,106417189,40006,0,0,406878
2026-04-23 11:46:59,84360980,30374,29265545,129598,10586,79,83,106473407,56218,0,0,409985
2026-04-23 11:47:00,84386770,25790,29274558,129638,9053,80,83,106513433,40026,0,0,399071
2026-04-23 11:47:01,84422453,35683,29286911,129685,12400,80,83,106533485,20052,0,0,400784
2026-04-23 11:47:03,84450993,28540,29296762,129730,9896,81,83,106583303,49818,0,0,400559
2026-04-23 11:47:04,84478644,27651,29306357,129771,9636,76,83,106627124,43821,0,0,406037
2026-04-23 11:47:05,84500191,21547,29313827,129802,7501,81,83,106662267,35143,0,0,403299
2026-04-23 11:47:06,84523925,23734,29322096,129843,8310,80,83,106722271,60004,0,0,398246
2026-04-23 11:47:07,84554020,30095,29332524,129900,10485,74,83,106762352,40081,0,0,398235
2026-04-23 11:47:08,84580857,26837,29341814,129936,9326,81,83,106786654,24302,0,0,400382
2026-04-23 11:47:10,84612249,31392,29352746,129989,10985,71,83,106826659,40005,0,0,403937
2026-04-23 11:47:11,84644356,32107,29363884,130032,11181,80,83,106866666,40007,0,0,410894
2026-04-23 11:47:12,84660318,15962,29369409,130062,5555,81,83,106894983,28317,0,0,409440
2026-04-23 11:47:13,84686475,26157,29378493,130108,9130,80,83,106938665,43682,0,0,411295
2026-04-23 11:47:14,84712786,26311,29387686,130137,9222,78,83,106975299,36634,0,0,410056
2026-04-23 11:47:15,84740632,27846,29397332,130178,9687,81,83,106999172,23873,0,0,406193
2026-04-23 11:47:17,84763804,23172,29405368,130209,8067,81,83,107039197,40025,0,0,406946
2026-04-23 11:47:18,84793568,29764,29415661,130260,10344,81,83,107059210,20013,0,0,409808
2026-04-23 11:47:19,84817787,24219,29424111,130289,8479,81,83,107099218,40008,0,0,410829
2026-04-23 11:47:20,84837871,20084,29431070,130325,6995,81,83,107139227,40009,0,0,406902
2026-04-23 11:47:21,84861227,23356,29439157,130361,8123,81,83,107178617,39390,0,0,404848
2026-04-23 11:47:22,84885122,23895,29447470,130395,8347,81,83,107218619,40002,0,0,405900
2026-04-23 11:47:24,84913556,28434,29457257,130446,9838,80,83,107238621,20002,0,0,401934
2026-04-23 11:47:25,84946758,33202,29468738,130509,11544,81,83,107278639,40018,0,0,399408
2026-04-23 11:47:26,84970877,24119,29477151,130538,8442,81,83,107314828,36189,0,0,400664
2026-04-23 11:47:27,84995267,24390,29485601,130574,8486,81,83,107338642,23814,0,0,405062
2026-04-23 11:47:28,85016542,21275,29492992,130615,7432,81,83,107377611,38969,0,0,401765
2026-04-23 11:47:29,85042760,26218,29502046,130664,9103,81,83,107413077,35466,0,0,400360
2026-04-23 11:47:31,85063210,20450,29509177,130697,7164,75,83,107449283,36206,0,0,400472
2026-04-23 11:47:32,85088661,25451,29518013,130738,8877,81,83,107466418,17135,0,0,398954
2026-04-23 11:47:33,85117958,29297,29528168,130777,10194,72,83,107506375,39957,0,0,395419
2026-04-23 11:47:34,85147218,29260,29538322,130837,10214,75,83,107536132,29757,0,0,382444
2026-04-23 11:47:35,85172628,25410,29547107,130882,8830,81,83,107571274,35142,0,0,384134
2026-04-23 11:47:37,85200540,27912,29556809,130936,9756,81,83,107591325,20051,0,0,377795
2026-04-23 11:47:38,85221653,21113,29564131,130970,7356,81,83,107630727,39402,0,0,371155
2026-04-23 11:47:39,85243247,21594,29571636,131002,7537,80,83,107686933,56206,0,0,374873
2026-04-23 11:47:40,85267134,23887,29579957,131037,8356,67,83,107726946,40013,0,0,363410
2026-04-23 11:47:42,85298424,31290,29590724,131092,10822,80,83,107746960,20014,0,0,367077
2026-04-23 11:47:43,85320287,21863,29598307,131130,7621,81,83,107786063,39103,0,0,364703
2026-04-23 11:47:44,85350277,29990,29608710,131192,10465,81,83,107826076,40013,0,0,367850
2026-04-23 11:47:45,85375801,25524,29617539,131236,8873,75,83,107866076,40000,0,0,372806
2026-04-23 11:47:46,85406139,30338,29628070,131283,10578,81,83,107904423,38347,0,0,369611
2026-04-23 11:47:47,85432087,25948,29637058,131317,9022,81,83,107943212,38789,0,0,371390
2026-04-23 11:47:49,85458927,26840,29646401,131361,9387,81,83,107983213,40001,0,0,373477
2026-04-23 11:47:50,85485165,26238,29655490,131407,9135,80,83,108023220,40007,0,0,375378
2026-04-23 11:47:51,85513833,28668,29665449,131445,9997,81,83,108043245,20025,0,0,374960
2026-04-23 11:47:52,85534795,20962,29672758,131477,7341,74,83,108099529,56284,0,0,375248
2026-04-23 11:47:53,85566957,32162,29683886,131522,11173,80,83,108119567,20038,0,0,375988
2026-04-23 11:47:55,85590364,23407,29691958,131569,8119,80,83,108158949,39382,0,0,377017
2026-04-23 11:47:56,85615310,24946,29700586,131599,8658,81,83,108198961,40012,0,0,381737
2026-04-23 11:47:57,85640368,25058,29709299,131642,8756,80,83,108238356,39395,0,0,386450
2026-04-23 11:47:58,85662594,22226,29716983,131676,7718,81,83,108272933,34577,0,0,380790
2026-04-23 11:47:59,85691400,28806,29726991,131716,10048,81,83,108305812,32879,0,0,380416
2026-04-23 11:48:00,85715133,23733,29735189,131751,8233,81,83,108345813,40001,0,0,381469
2026-04-23 11:48:02,85741443,26310,29744330,131788,9178,73,83,108379594,33781,0,0,383429
2026-04-23 11:48:03,85764549,23106,29752361,131825,8068,80,83,108419603,40009,0,0,384389
2026-04-23 11:48:04,85793567,29018,29762468,131864,10146,81,83,108439605,20002,0,0,384041
2026-04-23 11:48:05,85825597,32030,29773530,131915,11113,81,83,108479660,40055,0,0,387898
2026-04-23 11:48:06,85846936,21339,29780940,131951,7446,81,83,108519662,40002,0,0,381979
2026-04-23 11:48:07,85871550,24614,29789449,131995,8553,81,83,108539667,20005,0,0,386563
2026-04-23 11:48:09,85895643,24093,29797844,132031,8431,81,83,108579165,39498,0,0,384679
2026-04-23 11:48:10,85913387,17744,29803970,132057,6152,81,83,108626670,47505,0,0,380969
2026-04-23 11:48:11,85939953,26566,29813195,132096,9264,81,83,108641089,14419,0,0,383197
2026-04-23 11:48:12,85970089,30136,29823681,132137,10527,80,83,108681163,40074,0,0,383611
2026-04-23 11:48:13,85993292,23203,29831703,132174,8059,81,83,108721179,40016,0,0,375818
2026-04-23 11:48:14,86015537,22245,29839428,132207,7758,81,83,108757497,36318,0,0,379875
2026-04-23 11:48:16,86039277,23740,29847656,132239,8260,80,83,108787680,30183,0,0,381376
2026-04-23 11:48:17,86060978,21701,29855185,132272,7562,81,83,108827697,40017,0,0,382145
2026-04-23 11:48:18,86084260,23282,29863228,132316,8087,77,83,108867705,40008,0,0,383477
2026-04-23 11:48:19,86114035,29775,29873565,132356,10377,78,83,108894441,26736,0,0,382985
2026-04-23 11:48:20,86134537,20502,29880666,132384,7129,81,83,108932638,38197,0,0,381466
2026-04-23 11:48:21,86159978,25441,29889483,132414,8847,81,83,108968627,35989,0,0,386399
2026-04-23 11:48:23,86189545,29567,29899740,132442,10285,81,83,108992658,24031,0,0,392621
2026-04-23 11:48:24,86207090,17545,29905828,132471,6117,80,83,109028642,35984,0,0,389248
2026-04-23 11:48:25,86228810,21720,29913412,132497,7610,81,83,109039429,10787,0,0,377244
2026-04-23 11:48:26,86256281,27471,29922933,132531,9555,76,83,109079458,40029,0,0,380013
2026-04-23 11:48:27,86277567,21286,29930381,132564,7481,81,83,109114976,35518,0,0,377387
2026-04-23 11:48:29,86306788,29221,29940466,132613,10134,76,83,109154996,40020,0,0,378917
2026-04-23 11:48:30,86337794,31006,29951209,132665,10795,79,83,109195005,40009,0,0,377545
2026-04-23 11:48:31,86371562,33768,29962929,132719,11774,80,83,109233972,38967,0,0,382155
2026-04-23 11:48:32,86387696,16134,29968518,132742,5612,79,83,109272035,38063,0,0,380949
2026-04-23 11:48:33,86420625,32929,29979902,132798,11440,76,83,109309730,37695,0,0,372230
2026-04-23 11:48:34,86450643,30018,29990311,132847,10458,81,83,109349742,40012,0,0,360411
2026-04-23 11:48:36,86485911,35268,30002522,132904,12268,80,83,109389751,40009,0,0,358944
2026-04-23 11:48:37,86515067,29156,30012654,132938,10166,78,83,109438148,48397,0,0,359004
2026-04-23 11:48:38,86546430,31363,30023542,132985,10935,81,83,109478858,40710,0,0,343534
2026-04-23 11:48:39,86573837,27407,30033089,133026,9588,81,83,109518864,40006,0,0,352183
2026-04-23 11:48:40,86599576,25739,30042082,133063,9030,81,83,109574382,55518,0,0,335383
2026-04-23 11:48:42,86633179,33603,30053689,133103,11647,81,83,109596330,21948,0,0,339909
2026-04-23 11:48:43,86667450,34271,30065606,133146,11960,64,83,109629663,33333,0,0,347710
2026-04-23 11:48:44,86697782,30332,30076093,133188,10529,80,83,109689697,60034,0,0,351207
2026-04-23 11:48:45,86722127,24345,30084540,133223,8482,81,83,109729700,40003,0,0,352852
2026-04-23 11:48:46,86752944,30817,30095200,133284,10721,81,83,109764251,34551,0,0,355976
2026-04-23 11:48:47,86784034,31090,30105967,133335,10818,79,83,109824274,60023,0,0,357291
2026-04-23 11:48:49,86812457,28423,30115825,133365,9888,81,83,109850017,25743,0,0,360277
2026-04-23 11:48:50,86843555,31098,30126608,133412,10830,66,83,109887258,37241,0,0,363966
2026-04-23 11:48:51,86873108,29553,30136833,133445,10258,79,83,109942777,55519,0,0,360940
2026-04-23 11:48:52,86903873,30765,30147498,133490,10710,81,83,109967091,24314,0,0,364498
2026-04-23 11:48:53,86927542,23669,30155712,133527,8251,81,83,110005232,38141,0,0,365903
2026-04-23 11:48:54,86955815,28273,30165568,133562,9891,77,83,110043158,37926,0,0,359523
2026-04-23 11:48:56,86979840,24025,30173901,133598,8369,81,83,110083169,40011,0,0,361041
2026-04-23 11:48:57,87007983,28143,30183656,133642,9799,81,83,110103173,20004,0,0,360815
2026-04-23 11:48:58,87041532,33549,30195280,133690,11672,80,83,110145779,42606,0,0,368404
2026-04-23 11:48:59,87063850,22318,30203072,133721,7823,80,83,110184409,38630,0,0,366336
2026-04-23 11:49:00,87089322,25472,30211877,133754,8838,79,83,110224416,40007,0,0,368295
2026-04-23 11:49:02,87108365,19043,30218447,133784,6600,81,83,110254837,30421,0,0,365259
2026-04-23 11:49:03,87134756,26391,30227652,133833,9254,81,83,110289392,34555,0,0,367618
2026-04-23 11:49:04,87166838,32082,30238758,133889,11162,78,83,110329416,40024,0,0,371645
2026-04-23 11:49:05,87196071,29233,30248863,133938,10154,65,83,110358040,28624,0,0,374752
2026-04-23 11:49:06,87225504,29433,30259119,133980,10298,79,83,110378090,20050,0,0,374181
2026-04-23 11:49:07,87247036,21532,30266611,134005,7517,81,83,110412243,34153,0,0,366081
2026-04-23 11:49:09,87278352,31316,30277479,134047,10910,76,83,110452283,40040,0,0,369884
2026-04-23 11:49:10,87309193,30841,30288161,134108,10743,81,83,110472323,20040,0,0,373418
2026-04-23 11:49:11,87337478,28285,30297965,134151,9847,79,83,110512359,40036,0,0,373060
2026-04-23 11:49:12,87365329,27851,30307650,134187,9721,81,83,110532512,20153,0,0,378813
2026-04-23 11:49:13,87377111,11782,30311812,134200,4175,81,83,110572512,40000,0,0,375609
2026-04-23 11:49:14,87400272,23161,30319797,134233,8018,81,83,110612519,40007,0,0,379564
2026-04-23 11:49:16,87429403,29131,30329933,134290,10193,79,83,110632529,20010,0,0,385704
2026-04-23 11:49:17,87450430,21027,30337185,134327,7289,81,83,110679245,46716,0,0,376817
2026-04-23 11:49:18,87478948,28518,30347125,134367,9980,80,83,110703125,23880,0,0,367289
2026-04-23 11:49:19,87505531,26583,30356368,134397,9273,81,83,110743125,40000,0,0,372547
2026-04-23 11:49:20,87524301,18770,30362836,134420,6491,81,83,110790150,47025,0,0,368431
2026-04-23 11:49:21,87548781,24480,30371339,134449,8532,81,83,110810162,20012,0,0,348388
2026-04-23 11:49:23,87570664,21883,30378947,134481,7640,79,83,110850167,40005,0,0,345914
2026-04-23 11:49:24,87594690,24026,30387283,134519,8374,81,83,110891016,40849,0,0,350431
2026-04-23 11:49:25,87621551,26861,30396614,134571,9383,81,83,110900558,9542,0,0,343117
2026-04-23 11:49:26,87646105,24554,30405141,134616,8572,76,83,110958893,58335,0,0,338646
2026-04-23 11:49:27,87678588,32483,30416391,134676,11310,81,83,110978918,20025,0,0,345599
2026-04-23 11:49:29,87706842,28254,30426155,134709,9797,81,83,111004655,25737,0,0,345222
2026-04-23 11:49:30,87738179,31337,30437044,134755,10935,81,83,111029264,24609,0,0,348796
2026-04-23 11:49:31,87763158,24979,30445666,134782,8649,81,83,111069267,40003,0,0,353527
2026-04-23 11:49:32,87797044,33886,30457469,134835,11856,81,83,111109278,40011,0,0,361032
2026-04-23 11:49:33,87823702,26658,30466678,134864,9238,81,83,111140291,31013,0,0,345165
2026-04-23 11:49:34,87853875,30173,30477157,134913,10528,81,83,111182406,42115,0,0,331641
2026-04-23 11:49:36,87881029,27154,30486609,134955,9494,70,83,111220703,38297,0,0,337075
2026-04-23 11:49:37,87910476,29447,30496829,134992,10257,78,83,111271166,50463,0,0,340053
2026-04-23 11:49:38,87937241,26765,30506097,135044,9320,80,83,111311176,40010,0,0,342115
2026-04-23 11:49:39,87968436,31195,30516989,135087,10935,69,83,111348484,37308,0,0,336267
2026-04-23 11:49:40,87997257,28821,30526925,135140,9989,81,83,111388488,40004,0,0,340857
2026-04-23 11:49:42,88025406,28149,30536695,135178,9808,79,83,111448502,60014,0,0,341213
2026-04-23 11:49:43,88058620,33214,30548251,135233,11611,80,83,111476939,28437,0,0,339007
2026-04-23 11:49:44,88092141,33521,30559895,135276,11687,80,83,111516958,40019,0,0,340019
2026-04-23 11:49:45,88113724,21583,30567366,135311,7506,81,83,111556958,40000,0,0,330894
2026-04-23 11:49:46,88133995,20271,30574423,135340,7086,78,83,111617009,60051,0,0,327503
2026-04-23 11:49:47,88164908,30913,30585124,135382,10743,80,83,111657012,40003,0,0,327894
2026-04-23 11:49:49,88194774,29866,30595498,135415,10407,80,83,111697031,40019,0,0,327886
2026-04-23 11:49:50,88223497,28723,30605473,135451,10011,81,83,111755371,58340,0,0,330447
2026-04-23 11:49:51,88257170,33673,30617163,135500,11739,78,83,111785523,30152,0,0,334600
2026-04-23 11:49:52,88287349,30179,30627659,135544,10540,81,83,111809531,24008,0,0,337786
2026-04-23 11:49:53,88303124,15775,30633178,135569,5544,81,83,111849532,40001,0,0,333020
2026-04-23 11:49:54,88332040,28916,30643138,135621,10012,81,83,111881478,31946,0,0,335553
2026-04-23 11:49:56,88356127,24087,30651516,135649,8406,81,83,111916318,34840,0,0,333517
2026-04-23 11:49:57,88381440,25313,30660301,135686,8822,81,83,111956335,40017,0,0,334908
2026-04-23 11:49:58,88411760,30320,30670871,135718,10602,76,83,111976352,20017,0,0,338045
2026-04-23 11:49:59,88430962,19202,30677507,135748,6666,81,83,112036365,60013,0,0,334379
2026-04-23 11:50:00,88455967,25005,30686257,135801,8803,77,83,112079881,43516,0,0,329281
2026-04-23 11:50:02,88485434,29467,30696423,135847,10212,81,83,112116106,36225,0,0,328875
2026-04-23 11:50:03,88512071,26637,30705718,135888,9336,81,83,112152323,36217,0,0,330946
2026-04-23 11:50:04,88541524,29453,30715964,135938,10296,81,83,112180326,28003,0,0,327502
2026-04-23 11:50:05,88565343,23819,30724267,135984,8349,81,83,112220331,40005,0,0,328702
2026-04-23 11:50:06,88587512,22169,30731956,136015,7720,81,83,112260341,40010,0,0,325984
2026-04-23 11:50:07,88618842,31330,30742796,136066,10891,80,83,112299008,38667,0,0,326268
2026-04-23 11:50:09,88644183,25341,30751590,136099,8827,81,83,112335418,36410,0,0,327921
2026-04-23 11:50:10,88667938,23755,30759807,136134,8252,81,83,112359220,23802,0,0,325991
2026-04-23 11:50:11,88692620,24682,30768374,136169,8602,80,83,112399223,40003,0,0,327434
2026-04-23 11:50:12,88717953,25333,30777176,136219,8852,81,83,112442336,43113,0,0,328884
2026-04-23 11:50:13,88739611,21658,30784663,136255,7523,80,83,112482346,40010,0,0,325872
2026-04-23 11:50:15,88761644,22033,30792357,136287,7726,80,83,112521618,39272,0,0,320150
2026-04-23 11:50:16,88776799,15155,30797564,136308,5228,81,83,112557825,36207,0,0,318642
2026-04-23 11:50:17,88804217,27418,30807078,136354,9560,81,83,112577585,19760,0,0,321077
2026-04-23 11:50:18,88826743,22526,30814904,136392,7864,81,83,112617607,40022,0,0,325095
2026-04-23 11:50:19,88854878,28135,30824632,136438,9774,81,83,112637655,20048,0,0,324196
2026-04-23 11:50:20,88876274,21396,30832058,136481,7469,81,83,112677658,40003,0,0,309709
2026-04-23 11:50:22,88905101,28827,30842037,136520,10018,80,83,112717667,40009,0,0,312592
2026-04-23 11:50:23,88930953,25852,30850988,136554,8985,81,83,112735255,17588,0,0,317657
2026-04-23 11:50:24,88955141,24188,30859431,136589,8478,77,83,112775295,40040,0,0,315928
2026-04-23 11:50:25,88974738,19597,30866221,136621,6822,69,83,112807603,32308,0,0,312768
2026-04-23 11:50:26,89002630,27892,30875911,136658,9727,79,83,112827629,20026,0,0,312155
2026-04-23 11:50:27,89025797,23167,30883914,136687,8032,81,83,112870477,42848,0,0,306897
2026-04-23 11:50:29,89049341,23544,30892060,136721,8180,81,83,112910490,40013,0,0,311277
2026-04-23 11:50:30,89069446,20105,30899064,136753,7036,81,83,112950490,40000,0,0,314603
2026-04-23 11:50:31,89094921,25475,30907915,136786,8884,72,83,112990495,40005,0,0,319608
2026-04-23 11:50:32,89123807,28886,30917941,136827,10067,80,83,113018110,27615,0,0,313189
2026-04-23 11:50:33,89143938,20131,30924911,136858,7001,81,83,113058149,40039,0,0,307261
2026-04-23 11:50:34,89176251,32313,30936156,136900,11287,81,83,113091421,33272,0,0,305316
2026-04-23 11:50:36,89206302,30051,30946592,136940,10476,73,83,113111444,20023,0,0,308564
2026-04-23 11:50:37,89235145,28843,30956577,136975,10020,81,83,113162774,51330,0,0,311700
2026-04-23 11:50:38,89263783,28638,30966491,137023,9962,80,83,113202794,40020,0,0,311664
2026-04-23 11:50:39,89290469,26686,30975742,137057,9285,81,83,113242977,40183,0,0,314182
2026-04-23 11:50:40,89319344,28875,30985758,137099,10058,81,83,113271704,28727,0,0,317248
2026-04-23 11:50:42,89351612,32268,30996975,137161,11279,74,83,113312639,40935,0,0,315458
2026-04-23 11:50:43,89385966,34354,31008885,137222,11971,81,83,113345601,32962,0,0,317354
2026-04-23 11:50:44,89414345,28379,31018762,137270,9925,81,83,113385639,40038,0,0,317325
2026-04-23 11:50:45,89440697,26352,31027933,137301,9202,81,83,113425646,40007,0,0,319724
2026-04-23 11:50:46,89470248,29551,31038162,137338,10266,81,83,113481473,55827,0,0,317260
2026-04-23 11:50:47,89496237,25989,31047193,137367,9060,79,83,113517335,35862,0,0,313739
2026-04-23 11:50:49,89522208,25971,31056224,137401,9065,81,83,113541525,24190,0,0,316157
2026-04-23 11:50:50,89549022,26814,31065535,137437,9347,60,83,113581532,40007,0,0,318785
2026-04-23 11:50:51,89571858,22836,31073440,137470,7938,78,83,113617397,35865,0,0,320256
2026-04-23 11:50:52,89595060,23202,31081498,137509,8097,81,83,113641600,24203,0,0,321748
2026-04-23 11:50:53,89620610,25550,31090411,137557,8961,81,83,113697424,55824,0,0,321047
2026-04-23 11:50:55,89651044,30434,31100971,137597,10600,81,83,113721615,24191,0,0,321759
2026-04-23 11:50:56,89676214,25170,31109692,137629,8753,81,83,113761618,40003,0,0,326600
2026-04-23 11:50:57,89699478,23264,31117756,137662,8097,81,83,113801618,40000,0,0,331010
2026-04-23 11:50:58,89727585,28107,31127519,137704,9805,78,83,113821636,20018,0,0,330991
2026-04-23 11:50:59,89750189,22604,31135385,137743,7905,81,83,113861646,40010,0,0,327647
2026-04-23 11:51:00,89773831,23642,31143575,137785,8232,81,83,113901650,40004,0,0,327720
2026-04-23 11:51:02,89801100,27269,31153031,137834,9505,81,83,113921691,20041,0,0,327296
2026-04-23 11:51:03,89826431,25331,31161851,137869,8855,81,83,113961704,40013,0,0,329410
2026-04-23 11:51:04,89848874,22443,31169653,137900,7833,79,83,114001705,40001,0,0,333596
2026-04-23 11:51:05,89876458,27584,31179214,137945,9606,81,83,114021738,20033,0,0,332980
2026-04-23 11:51:06,89898490,22032,31186882,137976,7699,80,83,114061743,40005,0,0,329840
2026-04-23 11:51:07,89929230,30740,31197553,138025,10720,81,83,114101755,40012,0,0,317211
2026-04-23 11:51:09,89950909,21679,31205026,138059,7507,80,83,114141758,40003,0,0,311726
2026-04-23 11:51:10,89981168,30259,31215610,138096,10621,80,83,114168626,26868,0,0,312187
2026-04-23 11:51:11,90004949,23781,31223804,138132,8230,81,83,114200806,32180,0,0,310464
2026-04-23 11:51:12,90028232,23283,31231876,138178,8118,79,83,114241071,40265,0,0,311754
2026-04-23 11:51:13,90051901,23669,31240138,138209,8293,81,83,114265281,24210,0,0,306953
2026-04-23 11:51:15,90075637,23736,31248300,138250,8203,80,83,114305292,40011,0,0,302039
2026-04-23 11:51:16,90094244,18607,31254763,138282,6495,81,84,114325293,20001,0,0,304905
2026-04-23 11:51:17,90118542,24298,31263181,138317,8453,81,83,114365296,40003,0,0,294233
2026-04-23 11:51:18,90142425,23883,31271479,138354,8335,81,83,114409922,44626,0,0,283220
2026-04-23 11:51:19,90167863,25438,31280381,138388,8936,80,83,114459553,49631,0,0,282475
2026-04-23 11:51:21,90196185,28322,31290176,138429,9836,81,83,114495376,35823,0,0,279759
2026-04-23 11:51:22,90221849,25664,31299033,138471,8899,81,83,114519589,24213,0,0,285001
2026-04-23 11:51:23,90249014,27165,31308459,138512,9467,81,83,114559254,39665,0,0,278849
2026-04-23 11:51:24,90278732,29718,31318737,138553,10319,80,83,114603160,43906,0,0,282545
2026-04-23 11:51:25,90309339,30607,31329367,138603,10680,80,83,114638721,35561,0,0,283519
2026-04-23 11:51:26,90335614,26275,31338459,138636,9125,67,83,114690372,51651,0,0,277431
2026-04-23 11:51:28,90363482,27868,31348108,138673,9686,81,83,114734577,44205,0,0,274864
2026-04-23 11:51:29,90396150,32668,31359427,138718,11364,81,83,114754583,20006,0,0,279555
2026-04-23 11:51:30,90423374,27224,31368849,138775,9479,77,83,114812576,57993,0,0,279628
2026-04-23 11:51:31,90458220,34846,31380961,138829,12166,81,83,114843577,31001,0,0,281965
2026-04-23 11:51:32,90484103,25883,31389902,138865,8977,81,83,114877616,34039,0,0,281699
2026-04-23 11:51:33,90517924,33821,31401661,138905,11799,75,83,114927857,50241,0,0,282640
2026-04-23 11:51:35,90543073,25149,31410386,138942,8762,81,83,114963748,35891,0,0,283701
2026-04-23 11:51:36,90572495,29422,31420612,138993,10277,82,84,115007868,44120,0,0,287327
2026-04-23 11:51:37,90600062,27567,31430156,139031,9582,79,83,115047901,40033,0,0,290454
2026-04-23 11:51:38,90632961,32899,31441581,139084,11478,81,83,115087960,40059,0,0,292413
2026-04-23 11:51:39,90659530,26569,31450828,139124,9287,81,83,115127968,40008,0,0,292298
2026-04-23 11:51:41,90687144,27614,31460376,139158,9582,81,83,115147970,20002,0,0,286989
2026-04-23 11:51:42,90716028,28884,31470434,139194,10094,80,83,115187987,40017,0,0,290581
2026-04-23 11:51:43,90745127,29099,31480459,139243,10074,80,83,115208020,20033,0,0,291418
2026-04-23 11:51:44,90767571,22444,31488241,139285,7824,81,83,115248032,40012,0,0,290192
2026-04-23 11:51:45,90793725,26154,31497320,139328,9122,80,83,115283919,35887,0,0,295724
2026-04-23 11:51:46,90816692,22967,31505251,139376,7979,81,83,115323919,40000,0,0,289224
2026-04-23 11:51:48,90841251,24559,31513807,139405,8585,81,83,115363919,40000,0,0,288666
2026-04-23 11:51:49,90865092,23841,31522088,139435,8311,81,83,115403976,40057,0,0,288047
2026-04-23 11:51:50,90894555,29463,31532338,139476,10291,81,83,115427243,23267,0,0,289163
2026-04-23 11:51:51,90917344,22789,31540224,139514,7924,81,83,115467262,40019,0,0,293659
2026-04-23 11:51:52,90940022,22678,31548074,139553,7889,81,83,115507271,40009,0,0,292561
2026-04-23 11:51:53,90968216,28194,31557850,139598,9821,81,83,115539177,31906,0,0,293334
2026-04-23 11:51:55,90994411,26195,31566901,139642,9095,73,83,115582772,43595,0,0,296201
2026-04-23 11:51:56,91026046,31635,31577877,139697,11031,82,84,115602815,20043,0,0,300759
2026-04-23 11:51:57,91051164,25118,31586569,139725,8720,81,83,115642826,40011,0,0,300441
2026-04-23 11:51:58,91079953,28789,31596506,139782,9994,78,83,115682849,40023,0,0,297939
2026-04-23 11:51:59,91110220,30267,31606998,139828,10538,81,83,115702892,20043,0,0,304975
2026-04-23 11:52:00,91132886,22666,31614858,139855,7887,79,83,115742912,40020,0,0,295294
2026-04-23 11:52:02,91157742,24856,31623497,139890,8674,81,83,115778807,35895,0,0,291375
2026-04-23 11:52:03,91184003,26261,31632569,139929,9111,81,83,115808056,29249,0,0,278952
2026-04-23 11:52:04,91204543,20540,31639715,139958,7175,81,83,115846848,38792,0,0,268569
2026-04-23 11:52:05,91226197,21654,31647250,139993,7570,81,83,115864953,18105,0,0,269721
2026-04-23 11:52:06,91255259,29062,31657341,140036,10134,81,83,115904959,40006,0,0,270549
2026-04-23 11:52:07,91280136,24877,31665962,140064,8649,81,83,115943638,38679,0,0,272759
2026-04-23 11:52:09,91302083,21947,31673565,140106,7645,81,83,115979368,35730,0,0,271220
2026-04-23 11:52:10,91327007,24924,31682187,140142,8658,81,83,116003655,24287,0,0,270651
2026-04-23 11:52:11,91355818,28811,31692210,140180,10061,76,83,116043677,40022,0,0,276876
2026-04-23 11:52:12,91383588,27770,31701892,140218,9720,81,83,116063701,20024,0,0,282891
2026-04-23 11:52:13,91415037,31449,31712745,140272,10907,81,83,116103942,40241,0,0,287099
2026-04-23 11:52:14,91431068,16031,31718320,140302,5605,63,83,116128728,24786,0,0,282444
2026-04-23 11:52:16,91449372,18304,31724644,140323,6345,81,83,116168739,40011,0,0,277429
2026-04-23 11:52:17,91464707,15335,31730015,140352,5400,80,83,116188739,20000,0,0,279514
2026-04-23 11:52:18,91495694,30987,31740702,140393,10728,81,83,116228791,40052,0,0,283559
2026-04-23 11:52:19,91515562,19868,31747641,140421,6967,75,83,116273206,44415,0,0,281213
2026-04-23 11:52:20,91542420,26858,31756965,140457,9360,74,83,116313215,40009,0,0,286867
2026-04-23 11:52:21,91571370,28950,31766995,140512,10085,77,83,116364828,51613,0,0,284111
2026-04-23 11:52:23,91598303,26933,31776384,140542,9419,80,83,116404838,40010,0,0,281456
2026-04-23 11:52:24,91626435,28132,31786157,140578,9809,81,83,116440564,35726,0,0,287470
2026-04-23 11:52:25,91654601,28166,31795854,140627,9746,80,83,116480564,40000,0,0,287712
2026-04-23 11:52:26,91687124,32523,31807144,140685,11348,75,83,116521301,40737,0,0,292161
2026-04-23 11:52:27,91719917,32793,31818562,140730,11463,71,83,116573536,52235,0,0,293669
2026-04-23 11:52:29,91748063,28146,31828272,140782,9762,81,83,116613539,40003,0,0,299528
2026-04-23 11:52:30,91780160,32097,31839399,140830,11175,81,83,116653665,40126,0,0,300725
2026-04-23 11:52:31,91812315,32155,31850559,140877,11207,78,83,116693690,40025,0,0,304949
2026-04-23 11:52:32,91844410,32095,31861704,140928,11196,78,83,116733722,40032,0,0,309027
2026-04-23 11:52:33,91864383,19973,31868605,140954,6927,81,83,116765387,31665,0,0,303413
2026-04-23 11:52:34,91889098,24715,31877226,141003,8670,73,83,116822796,57409,0,0,299288
2026-04-23 11:52:36,91923142,34044,31888962,141057,11790,80,83,116851680,28884,0,0,301013
2026-04-23 11:52:37,91957864,34722,31901018,141120,12119,81,83,116879373,27693,0,0,302868
2026-04-23 11:52:38,91987239,29375,31911169,141169,10200,80,83,116934988,55615,0,0,296982
2026-04-23 11:52:39,92013621,26382,31920317,141214,9193,81,83,116967453,32465,0,0,299349
2026-04-23 11:52:40,92041478,27857,31929977,141243,9689,73,83,117021827,54374,0,0,299190
2026-04-23 11:52:42,92069025,27547,31939550,141285,9615,80,83,117061837,40010,0,0,295856
2026-04-23 11:52:43,92101918,32893,31950936,141341,11442,81,83,117085832,23995,0,0,294133
2026-04-23 11:52:44,92130467,28549,31960889,141378,9990,69,83,117126720,40888,0,0,297174
2026-04-23 11:52:45,92160357,29890,31971262,141436,10431,81,83,117166726,40006,0,0,303632
2026-04-23 11:52:46,92189443,29086,31981328,141480,10110,81,83,117210325,43599,0,0,303588
2026-04-23 11:52:47,92215570,26127,31990444,141520,9156,80,83,117264731,54406,0,0,302721
2026-04-23 11:52:49,92249919,34349,32002303,141572,11911,78,83,117294897,30166,0,0,298232
2026-04-23 11:52:50,92280782,30863,32012978,141619,10722,73,84,117330907,36010,0,0,302025
2026-04-23 11:52:51,92308534,27752,32022606,141655,9664,81,83,117374952,44045,0,0,302499
2026-04-23 11:52:52,92339692,31158,32033429,141697,10865,81,83,117394954,20002,0,0,303681
2026-04-23 11:52:53,92360451,20759,32040647,141730,7251,80,83,117454960,60006,0,0,307276
2026-04-23 11:52:54,92390231,29780,32050937,141776,10336,81,83,117474425,19465,0,0,302028
2026-04-23 11:52:56,92422583,32352,32062122,141827,11236,81,83,117514439,40014,0,0,309251
2026-04-23 11:52:57,92442627,20044,32069069,141857,6977,81,83,117554439,40000,0,0,309661
2026-04-23 11:52:58,92466421,23794,32077337,141886,8297,81,83,117587478,33039,0,0,314225
2026-04-23 11:52:59,92494845,28424,32087197,141931,9905,81,83,117611522,24044,0,0,311752
2026-04-23 11:53:00,92518447,23602,32095371,141972,8215,81,83,117651523,40001,0,0,310365
2026-04-23 11:53:01,92543787,25340,32104139,142002,8798,81,83,117679240,27717,0,0,300918
2026-04-23 11:53:03,92571322,27535,32113688,142042,9589,81,83,117699251,20011,0,0,298487
2026-04-23 11:53:04,92590133,18811,32120227,142070,6567,82,84,117737428,38177,0,0,296180
2026-04-23 11:53:05,92612358,22225,32127906,142101,7710,81,83,117757445,20017,0,0,300323
2026-04-23 11:53:06,92637170,24812,32136536,142145,8674,81,83,117797464,40019,0,0,299514
2026-04-23 11:53:07,92661045,23875,32144811,142179,8309,67,83,117837495,40031,0,0,304191
2026-04-23 11:53:08,92681629,20584,32151952,142199,7161,79,83,117877618,40123,0,0,299229
2026-04-23 11:53:10,92709779,28150,32161712,142245,9806,81,83,117897686,20068,0,0,299672
2026-04-23 11:53:11,92732445,22666,32169606,142277,7926,77,83,117937750,40064,0,0,298532
2026-04-23 11:53:12,92752489,20044,32176618,142307,7042,81,83,117977757,40007,0,0,296366
2026-04-23 11:53:13,92773998,21509,32184056,142338,7469,81,83,117997760,20003,0,0,297659
2026-04-23 11:53:14,92804207,30209,32194499,142391,10496,81,83,118037820,40060,0,0,290596
2026-04-23 11:53:16,92828200,23993,32202849,142420,8379,79,83,118077884,40064,0,0,290321
2026-04-23 11:53:17,92848901,20701,32210034,142448,7213,81,83,118107274,29390,0,0,289148
2026-04-23 11:53:18,92872335,23434,32218168,142471,8157,79,83,118147275,40001,0,0,288948
2026-04-23 11:53:19,92902079,29744,32228485,142509,10355,80,83,118167282,20007,0,0,293309
2026-04-23 11:53:20,92935961,33882,32240242,142564,11812,80,83,118207298,40016,0,0,296358
2026-04-23 11:53:21,92957857,21896,32247835,142592,7621,80,83,118247270,39972,0,0,292549
2026-04-23 11:53:23,92982246,24389,32256212,142638,8423,81,83,118267295,20025,0,0,294233
2026-04-23 11:53:24,93007586,25340,32265003,142682,8835,81,83,118307347,40052,0,0,294648
2026-04-23 11:53:25,93033720,26134,32274101,142720,9136,81,83,118347354,40007,0,0,297867
2026-04-23 11:53:26,93062536,28816,32284069,142760,10008,81,83,118373975,26621,0,0,296635
2026-04-23 11:53:27,93089731,27195,32293563,142795,9529,81,83,118416555,42580,0,0,300156
2026-04-23 11:53:28,93120092,30361,32304031,142836,10509,80,83,118436559,20004,0,0,296960
2026-04-23 11:53:30,93145987,25895,32313021,142869,9023,80,83,118476564,40005,0,0,299942
2026-04-23 11:53:31,93180507,34520,32324989,142923,12022,81,83,118516654,40090,0,0,300778
2026-04-23 11:53:32,93208204,27697,32334570,142970,9628,81,83,118556667,40013,0,0,304536
2026-04-23 11:53:33,93239789,31585,32345544,143019,11023,81,83,118598591,41924,0,0,311972
2026-04-23 11:53:34,93260190,20401,32352587,143051,7075,81,83,118636905,38314,0,0,313344
2026-04-23 11:53:36,93289668,29478,32362867,143087,10316,81,83,118676909,40004,0,0,317601
2026-04-23 11:53:37,93305346,15678,32368322,143102,5470,81,83,118715609,38700,0,0,309119
2026-04-23 11:53:38,93326679,21333,32375634,143135,7345,81,83,118755609,40000,0,0,310233
2026-04-23 11:53:39,93346175,19496,32382404,143166,6801,80,83,118782809,27200,0,0,308233
2026-04-23 11:53:40,93375194,29019,32392533,143210,10173,75,83,118822817,40008,0,0,311847
2026-04-23 11:53:42,93379687,4493,32394124,143212,1593,82,83,118842214,19397,0,0,163959
2026-04-23 11:53:43,93404546,24859,32402706,143238,8608,81,83,118877905,35691,0,0,168964
2026-04-23 11:53:44,93429208,24662,32411290,143279,8625,69,83,118917906,40001,0,0,174230
2026-04-23 11:53:45,93459687,30479,32421835,143329,10595,81,83,118942222,24316,0,0,181235
2026-04-23 11:53:46,93490800,31113,32432659,143382,10877,80,83,118982225,40003,0,0,190617
2026-04-23 11:53:47,93517073,26273,32441743,143436,9138,78,83,119022235,40010,0,0,198281
2026-04-23 11:53:49,93544658,27585,32451340,143467,9628,81,83,119057926,35691,0,0,205840
2026-04-23 11:53:50,93569632,24974,32459946,143508,8647,81,83,119082256,24330,0,0,213245
2026-04-23 11:53:51,93589434,19802,32466861,143533,6940,81,83,119122259,40003,0,0,219008
2026-04-23 11:53:52,93621836,32402,32478093,143596,11295,81,83,119162330,40071,0,0,227537
2026-04-23 11:53:53,93651016,29180,32488198,143643,10152,81,83,119182474,20144,0,0,236140
2026-04-23 11:53:54,93670187,19171,32494826,143683,6668,81,83,119238188,55714,0,0,240032
2026-04-23 11:53:56,93695962,25775,32503718,143731,8940,81,83,119262502,24314,0,0,246517
2026-04-23 11:53:57,93723047,27085,32513110,143777,9438,78,83,119302505,40003,0,0,254245
2026-04-23 11:53:58,93752912,29865,32523514,143816,10443,60,83,119320552,18047,0,0,261016
2026-04-23 11:53:59,93778444,25532,32532386,143859,8915,81,83,119360568,40016,0,0,268133
2026-04-23 11:54:00,93810146,31702,32543383,143919,11057,77,83,119400578,40010,0,0,276094
2026-04-23 11:54:01,93829259,19113,32550021,143946,6665,80,83,119440579,40001,0,0,277656
2026-04-23 11:54:03,93859255,29996,32560406,143982,10421,81,83,119460592,20013,0,0,284303
2026-04-23 11:54:04,93884837,25582,32569269,144012,8893,81,83,119500606,40014,0,0,286588
2026-04-23 11:54:05,93898923,14086,32574199,144035,4953,82,84,119540607,40001,0,0,288200
2026-04-23 11:54:06,93925466,26543,32583385,144062,9213,81,83,119580737,40130,0,0,290853
2026-04-23 11:54:07,93953833,28367,32593198,144099,9850,81,83,119620762,40025,0,0,294045
2026-04-23 11:54:08,93978084,24251,32601627,144134,8464,81,83,119640771,20009,0,0,290021
2026-04-23 11:54:10,94005117,27033,32611022,144168,9429,81,83,119690240,49469,0,0,290507
2026-04-23 11:54:11,94030822,25705,32619915,144213,8938,81,83,119730254,40014,0,0,283601
2026-04-23 11:54:12,94051967,21145,32627295,144250,7417,81,83,119765763,35509,0,0,281463
2026-04-23 11:54:13,94080971,29004,32637323,144289,10067,81,83,119790898,25135,0,0,284691
2026-04-23 11:54:14,94104677,23706,32645529,144320,8237,75,83,119830911,40013,0,0,283227
2026-04-23 11:54:15,94133115,28438,32655363,144369,9883,78,83,119850912,20001,0,0,286290
2026-04-23 11:54:17,94167280,34165,32667165,144430,11863,78,83,119891112,40200,0,0,280539
2026-04-23 11:54:18,94196392,29112,32677300,144479,10184,81,83,119911119,20007,0,0,278002
2026-04-23 11:54:19,94223392,27000,32686610,144521,9352,81,83,119968787,57668,0,0,280610
2026-04-23 11:54:20,94248492,25100,32695289,144565,8723,81,83,120008805,40018,0,0,279729
2026-04-23 11:54:21,94277734,29242,32705495,144606,10247,81,83,120044285,35480,0,0,286075
2026-04-23 11:54:23,94300623,22889,32713407,144637,7943,80,83,120089630,45345,0,0,281395
2026-04-23 11:54:24,94328279,27656,32722994,144689,9639,82,84,120129633,40003,0,0,281409
2026-04-23 11:54:25,94358152,29873,32733404,144732,10453,81,83,120169637,40004,0,0,284966
2026-04-23 11:54:26,94394745,36593,32746084,144768,12716,81,83,120209686,40049,0,0,287534
2026-04-23 11:54:27,94430001,35256,32758314,144812,12274,78,83,120249736,40050,0,0,292682
2026-04-23 11:54:28,94463123,33122,32769796,144866,11536,81,83,120274462,24726,0,0,288670
2026-04-23 11:54:30,94489547,26424,32778975,144909,9222,79,83,120322553,48091,0,0,282463
2026-04-23 11:54:31,94506255,16708,32784793,144929,5838,80,83,120378031,55478,0,0,276438
2026-04-23 11:54:32,94532472,26217,32793873,144960,9111,81,83,120418036,40005,0,0,275591
2026-04-23 11:54:33,94561720,29248,32804048,145000,10215,64,83,120442571,24535,0,0,281648
2026-04-23 11:54:34,94590482,28762,32814008,145044,10004,80,83,120482575,40004,0,0,276600
2026-04-23 11:54:35,94609349,18867,32820556,145075,6579,81,83,120498640,16065,0,0,264548
2026-04-23 11:54:37,94631718,22369,32828306,145115,7790,80,83,120538731,40091,0,0,254134
2026-04-23 11:54:38,94660416,28698,32838276,145160,10015,82,84,120578740,40009,0,0,245162
2026-04-23 11:54:39,94678950,18534,32844641,145188,6393,81,83,120607460,28720,0,0,243542
2026-04-23 11:54:40,94705137,26187,32853750,145227,9148,81,83,120647473,40013,0,0,245367
2026-04-23 11:54:41,94733804,28667,32863685,145278,9986,81,83,120667477,20004,0,0,251108
2026-04-23 11:54:42,94754929,21125,32870992,145306,7335,81,83,120705869,38392,0,0,248375
2026-04-23 11:54:44,94781460,26531,32880169,145363,9234,74,83,120725878,20009,0,0,250719
2026-04-23 11:54:45,94804825,23365,32888247,145397,8112,81,83,120765883,40005,0,0,252162
2026-04-23 11:54:46,94829658,24833,32896814,145436,8606,81,83,120814420,48537,0,0,250472
2026-04-23 11:54:47,94856848,27190,32906283,145484,9517,81,83,120833764,19344,0,0,252458
2026-04-23 11:54:48,94884165,27317,32915787,145521,9541,81,83,120853795,20031,0,0,252253
2026-04-23 11:54:50,94907282,23117,32923803,145546,8041,81,83,120893807,40012,0,0,252499
2026-04-23 11:54:51,94938150,30868,32934473,145594,10718,80,83,120933847,40040,0,0,250954
2026-04-23 11:54:52,94964802,26652,32943789,145631,9353,81,83,120953893,20046,0,0,250825
2026-04-23 11:54:53,94983890,19088,32950338,145665,6583,81,83,120989875,35982,0,0,251091
2026-04-23 11:54:54,95003976,20086,32957301,145696,6994,80,83,121027195,37320,0,0,251756
2026-04-23 11:54:55,95022793,18817,32963811,145731,6545,78,83,121067197,40002,0,0,254868
2026-04-23 11:54:57,95051573,28780,32973758,145778,9994,81,83,121103184,35987,0,0,247179
2026-04-23 11:54:58,95076051,24478,32982208,145818,8490,81,83,121127217,24033,0,0,251857
2026-04-23 11:54:59,95087941,11890,32986360,145836,4170,80,83,121185452,58235,0,0,247117
2026-04-23 11:55:00,95116154,28213,32996153,145886,9843,81,83,121205455,20003,0,0,250532
2026-04-23 11:55:01,95146212,30058,33006558,145930,10449,75,83,121245458,40003,0,0,254487
2026-04-23 11:55:03,95165757,19545,33013378,145964,6854,81,83,121265460,20002,0,0,249613
2026-04-23 11:55:04,95197914,32157,33024497,146021,11176,81,83,121305658,40198,0,0,245611
2026-04-23 11:55:05,95225537,27623,33034101,146061,9644,81,83,121326151,20493,0,0,248819
2026-04-23 11:55:06,95256387,30850,33044773,146105,10716,79,83,121366207,40056,0,0,252946
2026-04-23 11:55:07,95286338,29951,33055161,146148,10431,80,83,121406226,40019,0,0,259639
2026-04-23 11:55:08,95317777,31439,33066074,146198,10963,81,83,121437559,31333,0,0,261058
2026-04-23 11:55:10,95342152,24375,33074507,146243,8478,81,83,121477559,40000,0,0,257326
2026-04-23 11:55:11,95371463,29311,33084715,146288,10253,78,83,121517581,40022,0,0,260755
2026-04-23 11:55:12,95398239,26776,33094002,146327,9326,81,83,121557600,40019,0,0,263382
2026-04-23 11:55:13,95425963,27724,33103588,146372,9631,80,83,121597621,40021,0,0,266376
2026-04-23 11:55:14,95459802,33839,33115320,146425,11785,79,83,121637649,40028,0,0,271232
2026-04-23 11:55:15,95489168,29366,33125456,146469,10180,81,83,121659447,21798,0,0,271819
2026-04-23 11:55:17,95511423,22255,33133212,146506,7793,77,83,121717329,57882,0,0,267245
2026-04-23 11:55:18,95542962,31539,33144145,146566,10993,81,83,121757356,40027,0,0,268478
2026-04-23 11:55:19,95569180,26218,33153183,146618,9090,78,83,121812385,55029,0,0,270982
2026-04-23 11:55:20,95593796,24616,33161723,146666,8588,77,83,121860105,47720,0,0,275928
2026-04-23 11:55:21,95628919,35123,33173897,146708,12216,71,83,121893195,33090,0,0,278248
2026-04-23 11:55:23,95657851,28932,33183927,146742,10064,77,83,121933197,40002,0,0,278388
2026-04-23 11:55:24,95684154,26303,33193057,146773,9161,69,83,121973215,40018,0,0,281229
2026-04-23 11:55:25,95706982,22828,33200981,146808,7959,80,83,122013219,40004,0,0,285358
2026-04-23 11:55:26,95739242,32260,33212155,146864,11230,81,83,122040813,27594,0,0,281307
2026-04-23 11:55:27,95771096,31854,33223236,146906,11123,80,83,122096167,55354,0,0,288592
2026-04-23 11:55:28,95793774,22678,33231113,146932,7903,78,83,122133963,37796,0,0,292854
2026-04-23 11:55:30,95821547,27773,33240739,146976,9670,81,83,122155813,21850,0,0,286749
2026-04-23 11:55:31,95844407,22860,33248654,147022,7961,80,83,122194489,38676,0,0,282611
2026-04-23 11:55:32,95869409,25002,33257319,147063,8706,79,83,122234496,40007,0,0,287525
2026-04-23 11:55:33,95892701,23292,33265429,147098,8145,80,83,122269823,35327,0,0,288942
2026-04-23 11:55:34,95922294,29593,33275684,147147,10304,81,83,122295324,25501,0,0,292424
2026-04-23 11:55:35,95948177,25883,33284662,147191,9022,81,83,122333537,38213,0,0,291320
2026-04-23 11:55:37,95975944,27767,33294324,147222,9693,80,83,122373541,40004,0,0,294174
2026-04-23 11:55:38,96010733,34789,33306367,147276,12097,79,83,122413650,40109,0,0,298455
2026-04-23 11:55:39,96032919,22186,33314039,147318,7714,81,83,122433670,20020,0,0,299429
2026-04-23 11:55:40,96058152,25233,33322803,147354,8800,80,83,122473679,40009,0,0,304349
2026-04-23 11:55:41,96083657,25505,33331657,147393,8893,81,83,122513727,40048,0,0,309401
2026-04-23 11:55:42,96105031,21374,33339091,147430,7471,81,83,122553746,40019,0,0,307272
2026-04-23 11:55:44,96132743,27712,33348659,147471,9609,81,83,122593766,40020,0,0,309769
2026-04-23 11:55:45,96163476,30733,33359327,147514,10711,81,83,122618269,24503,0,0,310410
2026-04-23 11:55:46,96185006,21530,33366798,147554,7511,81,83,122657075,38806,0,0,307231
2026-04-23 11:55:47,96208011,23005,33374768,147587,8003,81,83,122693005,35930,0,0,311227
2026-04-23 11:55:48,96231640,23629,33382917,147624,8186,81,83,122717189,24184,0,0,312574
2026-04-23 11:55:50,96260811,29171,33393059,147676,10194,80,83,122760521,43332,0,0,312930
2026-04-23 11:55:51,96287792,26981,33402427,147718,9410,81,83,122786666,26145,0,0,311949
2026-04-23 11:55:52,96312994,25202,33411182,147759,8796,81,83,122826281,39615,0,0,313568
2026-04-23 11:55:53,96333991,20997,33418498,147793,7350,81,83,122866446,40165,0,0,317209
2026-04-23 11:55:54,96353417,19426,33425238,147820,6767,81,83,122904845,38399,0,0,314493
2026-04-23 11:55:55,96385539,32122,33436442,147861,11245,81,83,122927313,22468,0,0,318466
2026-04-23 11:55:57,96406728,21189,33443744,147887,7328,81,83,122967326,40013,0,0,309609
2026-04-23 11:55:58,96426553,19825,33450661,147926,6956,81,83,122987333,20007,0,0,309688
2026-04-23 11:55:59,96459472,32919,33462052,147981,11446,81,83,123027405,40072,0,0,307762
2026-04-23 11:56:00,96487118,27646,33471668,148009,9644,81,83,123047422,20017,0,0,310303
2026-04-23 11:56:01,96511541,24423,33480123,148054,8500,81,83,123087436,40014,0,0,311829
2026-04-23 11:56:03,96532602,21061,33487444,148093,7360,81,83,123127521,40085,0,0,312360
2026-04-23 11:56:04,96554548,21946,33495046,148134,7643,81,83,123167533,40012,0,0,309069
2026-04-23 11:56:05,96576291,21743,33502592,148169,7581,73,83,123203467,35934,0,0,310895
2026-04-23 11:56:06,96605867,29576,33512801,148221,10261,79,83,123227627,24160,0,0,310989
2026-04-23 11:56:07,96631677,25810,33521770,148260,9008,80,83,123267634,40007,0,0,313067
2026-04-23 11:56:08,96662838,31161,33532546,148306,10822,81,83,123307639,40005,0,0,316841
2026-04-23 11:56:10,96693008,30170,33543039,148339,10526,81,83,123334233,26594,0,0,317402
2026-04-23 11:56:11,96715927,22919,33550973,148367,7962,80,83,123374236,40003,0,0,312480
2026-04-23 11:56:12,96737546,21619,33558489,148390,7539,81,83,123394236,20000,0,0,313363
2026-04-23 11:56:13,96756089,18543,33564956,148422,6499,74,83,123454366,60130,0,0,313030
2026-04-23 11:56:14,96786546,30457,33575503,148459,10584,81,83,123474665,20299,0,0,316567
2026-04-23 11:56:15,96819531,32985,33586969,148496,11503,78,83,123514738,40073,0,0,320927
2026-04-23 11:56:17,96846164,26633,33596255,148530,9320,81,83,123556909,42171,0,0,323256
2026-04-23 11:56:18,96868710,22546,33604015,148559,7789,80,83,123596913,40004,0,0,315392
2026-04-23 11:56:19,96892999,24289,33612478,148595,8499,80,83,123636921,40008,0,0,316939
2026-04-23 11:56:20,96921046,28047,33622200,148634,9761,81,83,123657446,20525,0,0,319567
2026-04-23 11:56:21,96944290,23244,33630276,148679,8121,81,83,123715841,58395,0,0,323818
2026-04-23 11:56:22,96971287,26997,33639651,148726,9422,80,83,123755851,40010,0,0,323324
2026-04-23 11:56:24,97001749,30462,33650230,148762,10615,81,83,123789028,33177,0,0,308764
2026-04-23 11:56:25,97036503,34754,33662282,148812,12102,81,83,123811748,22720,0,0,309931
2026-04-23 11:56:26,97069959,33456,33673875,148861,11642,81,83,123842785,31037,0,0,303493
2026-04-23 11:56:27,97097261,27302,33683325,148902,9491,80,83,123882790,40005,0,0,303108
2026-04-23 11:56:28,97130082,32821,33694696,148963,11432,81,83,123924624,41834,0,0,307427
2026-04-23 11:56:30,97160328,30246,33705227,149003,10571,80,83,123952173,27549,0,0,298578
2026-04-23 11:56:31,97183335,23007,33713190,149037,7997,79,83,123992184,40011,0,0,293785
2026-04-23 11:56:32,97206994,23659,33721385,149069,8227,78,83,124032185,40001,0,0,289142
2026-04-23 11:56:33,97230809,23815,33729651,149103,8300,81,83,124067913,35728,0,0,290585
2026-04-23 11:56:34,97256727,25918,33738710,149143,9099,76,83,124085998,18085,0,0,292696
2026-04-23 11:56:35,97286232,29505,33748905,149199,10251,77,83,124126004,40006,0,0,290025
2026-04-23 11:56:37,97314716,28484,33758829,149245,9970,81,83,124152689,26685,0,0,283720
2026-04-23 11:56:38,97334706,19990,33765731,149271,6928,81,83,124185457,32768,0,0,280810
2026-04-23 11:56:39,97356532,21826,33773269,149295,7562,80,83,124225464,40007,0,0,284639
2026-04-23 11:56:40,97378095,21563,33780760,149327,7523,81,83,124265465,40001,0,0,285212
2026-04-23 11:56:41,97394854,16759,33786524,149355,5792,81,83,124305471,40006,0,0,284060
2026-04-23 11:56:43,97406470,11616,33790608,149367,4096,81,83,124343893,38422,0,0,278732
2026-04-23 11:56:44,97428768,22298,33798309,149400,7734,81,83,124382193,38300,0,0,279498
2026-04-23 11:56:45,97455701,26933,33807650,149436,9377,81,83,124402557,20364,0,0,278910
2026-04-23 11:56:46,97481110,25409,33816511,149484,8909,81,83,124422577,20020,0,0,280670
2026-04-23 11:56:47,97503164,22054,33824187,149507,7699,81,83,124462621,40044,0,0,281381
2026-04-23 11:56:48,97528416,25252,33832976,149544,8826,81,83,124502630,40009,0,0,280326
2026-04-23 11:56:50,97551132,22716,33840879,149576,7935,81,83,124542633,40003,0,0,284391
2026-04-23 11:56:51,97574312,23180,33848912,149614,8071,81,83,124582635,40002,0,0,273130
2026-04-23 11:56:52,97595156,20844,33856197,149652,7323,81,83,124618232,35597,0,0,276394
2026-04-23 11:56:53,97624149,28993,33866221,149699,10071,81,83,124642643,24411,0,0,279537
2026-04-23 11:56:54,97651086,26937,33875546,149745,9371,81,83,124663651,21008,0,0,278722
2026-04-23 11:56:55,97681729,30643,33886159,149794,10662,73,83,124703701,40050,0,0,282082
2026-04-23 11:56:57,97701018,19289,33892906,149816,6769,80,83,124730153,26452,0,0,278668
2026-04-23 11:56:58,97719795,18777,33899383,149839,6500,81,83,124770168,40015,0,0,280872
2026-04-23 11:56:59,97744136,24341,33907835,149876,8489,81,83,124809648,39480,0,0,276179
2026-04-23 11:57:00,97767476,23340,33915922,149912,8123,80,83,124845257,35609,0,0,280367
2026-04-23 11:57:01,97796877,29401,33926122,149954,10242,79,83,124868227,22970,0,0,283372
2026-04-23 11:57:02,97817559,20682,33933315,149977,7216,81,83,124928228,60001,0,0,283624
2026-04-23 11:57:04,97847441,29882,33943705,150024,10437,79,83,124960737,32509,0,0,283659
2026-04-23 11:57:05,97875923,28482,33953605,150075,9951,81,83,124996336,35599,0,0,280099
2026-04-23 11:57:06,97907722,31799,33964609,150130,11059,81,83,125024243,27907,0,0,283776
2026-04-23 11:57:07,97930236,22514,33972415,150161,7837,81,83,125079857,55614,0,0,284555
2026-04-23 11:57:08,97961351,31115,33983211,150210,10845,81,83,125119899,40042,0,0,288082
2026-04-23 11:57:10,97994263,32912,33994622,150255,11456,80,83,125155503,35604,0,0,292233
2026-04-23 11:57:11,98024317,30054,34005086,150299,10508,81,83,125186167,30664,0,0,292145
2026-04-23 11:57:12,98053374,29057,34015079,150349,10043,81,83,125241919,55752,0,0,288553
2026-04-23 11:57:13,98086480,33106,34026548,150406,11526,81,83,125281937,40018,0,0,292604
2026-04-23 11:57:14,98115612,29132,34036671,150456,10173,77,83,125325595,43658,0,0,295409
2026-04-23 11:57:15,98150327,34715,34048726,150504,12103,78,83,125356942,31347,0,0,296901
2026-04-23 11:57:17,98177482,27155,34058159,150545,9474,75,83,125398930,41988,0,0,296004
2026-04-23 11:57:18,98212031,34549,34070230,150598,12124,80,83,125426220,27290,0,0,294202
2026-04-23 11:57:19,98238651,26620,34079365,150642,9179,81,83,125465507,39287,0,0,299116
2026-04-23 11:57:20,98267953,29302,34089570,150685,10248,78,83,125501250,35743,0,0,305272
2026-04-23 11:57:21,98295127,27174,34099004,150723,9472,81,83,125541257,40007,0,0,310672
2026-04-23 11:57:23,98328919,33792,34110705,150774,11752,81,83,125581304,40047,0,0,318220
2026-04-23 11:57:24,98352387,23468,34118910,150809,8240,81,83,125621795,40491,0,0,307302
2026-04-23 11:57:25,98381269,28882,34128887,150855,10023,74,83,125657542,35747,0,0,310023
2026-04-23 11:57:26,98406274,25005,34137579,150888,8725,81,83,125697550,40008,0,0,304499
2026-04-23 11:57:27,98431199,24925,34146197,150934,8664,81,83,125737568,40018,0,0,306835
2026-04-23 11:57:28,98456932,25733,34155141,150966,8976,81,83,125777583,40015,0,0,311657
2026-04-23 11:57:30,98481309,24377,34163638,150999,8530,80,83,125827189,49606,0,0,313048
2026-04-23 11:57:31,98501153,19844,34170511,151039,6913,81,83,125847203,20014,0,0,309737
2026-04-23 11:57:32,98533161,32008,34181615,151073,11138,81,83,125884513,37310,0,0,310428
2026-04-23 11:57:33,98556572,23411,34189754,151110,8176,81,83,125920254,35741,0,0,311546
2026-04-23 11:57:34,98585803,29231,34199865,151154,10155,81,83,125960285,40031,0,0,317596
2026-04-23 11:57:36,98609625,23822,34208167,151171,8319,81,83,125980288,20003,0,0,318791
2026-04-23 11:57:37,98631874,22249,34215922,151197,7781,80,83,126036629,56341,0,0,313465
2026-04-23 11:57:38,98654554,22680,34223779,151226,7886,81,83,126056635,20006,0,0,307967
2026-04-23 11:57:39,98682528,27974,34233511,151269,9775,81,83,126089361,32726,0,0,304506
2026-04-23 11:57:40,98710629,28101,34243257,151306,9783,81,83,126109386,20025,0,0,307136
2026-04-23 11:57:41,98732608,21979,34250885,151341,7663,81,83,126147348,37962,0,0,304680
2026-04-23 11:57:43,98757125,24517,34259414,151375,8563,71,83,126187348,40000,0,0,306154
2026-04-23 11:57:44,98779523,22398,34267153,151417,7781,81,83,126227358,40010,0,0,305595
2026-04-23 11:57:45,98802929,23406,34275287,151453,8170,81,83,126267430,40072,0,0,301501
2026-04-23 11:57:46,98824095,21166,34282638,151487,7385,81,83,126305620,38190,0,0,301695
2026-04-23 11:57:47,98852547,28452,34292453,151544,9872,80,83,126330006,24386,0,0,304480
2026-04-23 11:57:48,98873893,21346,34299883,151571,7457,81,83,126370048,40042,0,0,304841
2026-04-23 11:57:50,98903049,29156,34309997,151613,10156,79,83,126397653,27605,0,0,310976
2026-04-23 11:57:51,98931943,28894,34320036,151656,10082,75,83,126426358,28705,0,0,305101
2026-04-23 11:57:52,98958483,26540,34329194,151691,9193,81,83,126449347,22989,0,0,300339
2026-04-23 11:57:53,98978823,20340,34336265,151721,7101,81,83,126484614,35267,0,0,297343
2026-04-23 11:57:54,99001433,22610,34344159,151756,7929,81,83,126524622,40008,0,0,298113
2026-04-23 11:57:55,99030079,28646,34354081,151809,9975,81,83,126564644,40022,0,0,304025
2026-04-23 11:57:57,99052343,22264,34361805,151846,7761,81,83,126600378,35734,0,0,307603
2026-04-23 11:57:58,99075162,22819,34369759,151880,7988,53,55,126640388,40010,0,0,295068
2026-04-23 11:57:59,99090103,14941,34374935,151898,5194,38,38,126656960,16572,0,0,179124
2026-04-23 11:58:01,99092320,2217,34375711,151899,777,37,38,126675041,18081,0,0,43241
2026-04-23 11:58:02,99107024,14704,34380790,151921,5101,33,34,126705535,30494,0,0,45052
2026-04-23 11:58:03,99124866,17842,34386979,151944,6212,27,28,126722870,17335,0,0,11524
2026-04-23 11:58:04,99140116,15250,34392266,151963,5306,9,10,126735350,12480,0,0,1357
2026-04-23 11:58:05,99141570,1454,34392770,151966,507,1,2,126737049,1699,0,0,0
2026-04-23 11:58:06,99141573,3,34392770,151966,0,1,2,126752767,15718,0,0,0
