timestamp,questions,qps,com_commit,com_rollback,tps,threads_running,threads_connected,pages_flushed,pages_flushed_ps,purge_trx_id,purge_tps,history_list_length
2026-04-29 18:21:03,32,0,41,0,0,2,1,2432,0,0,0,0
2026-04-29 18:21:04,42,10,41,0,0,2,3,2433,1,0,0,0
2026-04-29 18:21:05,519,477,201,0,160,4,5,2949,516,0,0,0
2026-04-29 18:21:06,1803,1284,639,3,441,7,8,2949,0,0,0,0
2026-04-29 18:21:07,4045,2242,1412,7,777,9,10,2949,0,0,0,0
2026-04-29 18:21:08,7585,3540,2629,14,1224,11,12,2949,0,0,0,0
2026-04-29 18:21:09,12244,4659,4239,20,1616,12,14,2949,0,0,0,0
2026-04-29 18:21:10,18645,6401,6432,35,2208,14,17,2949,0,0,0,0
2026-04-29 18:21:11,25993,7348,8981,45,2559,17,19,2949,0,0,0,0
2026-04-29 18:21:13,35068,9075,12127,52,3153,20,21,2949,0,0,0,0
2026-04-29 18:21:14,45208,10140,15642,63,3526,22,23,2949,0,0,0,0
2026-04-29 18:21:15,56881,11673,19701,76,4072,24,25,2949,0,0,0,0
2026-04-29 18:21:16,69872,12991,24195,110,4528,27,28,2949,0,0,0,0
2026-04-29 18:21:17,84916,15044,29408,132,5235,29,30,2949,0,0,0,0
2026-04-29 18:21:18,101827,16911,35259,158,5877,29,32,2949,0,0,0,0
2026-04-29 18:21:19,119340,17513,41328,181,6092,33,34,3317,368,0,0,0
2026-04-29 18:21:20,138267,18927,47893,210,6594,35,36,3719,402,0,0,0
2026-04-29 18:21:21,159377,21110,55194,246,7337,37,39,4689,970,0,0,0
2026-04-29 18:21:23,181827,22450,62980,266,7806,38,41,5257,568,0,0,0
2026-04-29 18:21:24,206045,24218,71347,307,8408,40,43,5891,634,0,0,0
2026-04-29 18:21:25,231022,24977,80001,343,8690,44,45,9251,3360,0,0,0
2026-04-29 18:21:26,257503,26481,89195,395,9246,44,48,12639,3388,0,0,0
2026-04-29 18:21:27,285677,28174,98952,441,9803,47,50,16043,3404,0,0,0
2026-04-29 18:21:28,314731,29054,109026,487,10120,48,52,19465,3422,0,0,0
2026-04-29 18:21:29,344547,29816,119388,529,10404,52,54,22943,3478,0,0,0
2026-04-29 18:21:30,375647,31100,130200,576,10859,56,57,26503,3560,0,0,0
2026-04-29 18:21:31,406908,31261,141035,617,10876,51,59,33731,7228,0,0,0
2026-04-29 18:21:33,440374,33466,152645,658,11651,57,61,37429,3698,0,0,0
2026-04-29 18:21:34,475559,35185,164849,710,12256,60,63,41159,3730,0,0,0
2026-04-29 18:21:35,511590,36031,177355,766,12562,61,66,44933,3774,0,0,0
2026-04-29 18:21:36,548569,36979,190155,831,12865,61,68,48705,3772,0,0,0
2026-04-29 18:21:37,585701,37132,203057,889,12960,69,70,52541,3836,0,0,0
2026-04-29 18:21:38,624120,38419,216391,948,13393,67,72,56439,3898,0,0,0
2026-04-29 18:21:39,661274,37154,229334,1000,12995,45,75,60419,3980,0,0,0
2026-04-29 18:21:40,699126,37852,242407,1057,13130,73,77,68715,8296,0,0,0
2026-04-29 18:21:42,739675,40549,256481,1125,14142,73,79,72989,4274,0,0,0
2026-04-29 18:21:43,781105,41430,270873,1190,14457,78,81,77311,4322,0,0,0
2026-04-29 18:21:44,811086,29981,281288,1241,10466,82,83,101625,24314,0,0,0
2026-04-29 18:21:45,838982,27896,290984,1289,9744,82,83,126327,24702,0,0,0
2026-04-29 18:21:46,865030,26048,300013,1331,9071,82,83,146629,20302,0,0,0
2026-04-29 18:21:47,892565,27535,309600,1369,9625,82,83,166716,20087,0,0,0
2026-04-29 18:21:48,920581,28016,319307,1415,9753,82,83,192324,25608,0,0,0
2026-04-29 18:21:49,947981,27400,328823,1469,9570,81,83,219217,26893,0,0,0
2026-04-29 18:21:51,972302,24321,337280,1504,8492,82,83,247772,28555,0,0,0
2026-04-29 18:21:52,999444,27142,346650,1537,9403,78,83,275043,27271,0,0,0
2026-04-29 18:21:53,1025779,26335,355758,1580,9151,79,83,300842,25799,0,0,0
2026-04-29 18:21:54,1049274,23495,363929,1611,8202,82,83,326289,25447,0,0,0
2026-04-29 18:21:55,1070182,20908,371172,1643,7275,77,83,352451,26162,0,0,0
2026-04-29 18:21:56,1093188,23006,379134,1682,8001,78,83,375617,23166,0,0,0
2026-04-29 18:21:57,1116130,22942,387099,1720,8003,82,83,397313,21696,0,0,0
2026-04-29 18:21:58,1139359,23229,395126,1758,8065,79,83,419422,22109,0,0,0
2026-04-29 18:22:00,1161666,22307,402885,1794,7795,82,83,439819,20397,0,0,0
2026-04-29 18:22:01,1184373,22707,410773,1832,7926,82,83,460133,20314,0,0,0
2026-04-29 18:22:02,1208441,24068,419102,1876,8373,82,83,482235,22102,0,0,0
2026-04-29 18:22:03,1232276,23835,427353,1919,8294,80,83,513877,31642,0,0,0
2026-04-29 18:22:04,1255318,23042,435314,1952,7994,81,83,536060,22183,0,0,0
2026-04-29 18:22:05,1278776,23458,443454,1985,8173,82,83,557938,21878,0,0,0
2026-04-29 18:22:06,1301040,22264,451197,2020,7778,77,83,579682,21744,0,0,0
2026-04-29 18:22:07,1323546,22506,459004,2052,7839,82,83,602222,22540,0,0,0
2026-04-29 18:22:09,1347954,24408,467491,2095,8530,76,83,624694,22472,0,0,0
2026-04-29 18:22:10,1374855,26901,476853,2130,9397,80,83,646243,21549,0,0,0
2026-04-29 18:22:11,1402175,27320,486270,2168,9455,82,83,665799,19556,0,0,0
2026-04-29 18:22:12,1429085,26910,495644,2201,9407,66,83,684334,18535,0,0,0
2026-04-29 18:22:13,1451811,22726,503541,2230,7926,82,83,702720,18386,0,0,0
2026-04-29 18:22:14,1476222,24411,511990,2271,8490,82,83,728510,25790,0,0,0
2026-04-29 18:22:15,1502563,26341,521116,2322,9177,82,83,748729,20219,0,0,0
2026-04-29 18:22:16,1531718,29155,531201,2361,10124,82,83,769068,20339,0,0,0
2026-04-29 18:22:18,1561711,29993,541601,2415,10454,82,83,788447,19379,0,0,0
2026-04-29 18:22:19,1590487,28776,551626,2454,10064,81,83,808586,20139,0,0,0
2026-04-29 18:22:20,1615223,24736,560195,2495,8610,82,83,830003,21417,0,0,0
2026-04-29 18:22:21,1643488,28265,569947,2550,9807,82,83,854866,24863,0,0,0
2026-04-29 18:22:22,1671830,28342,579810,2581,9894,82,83,876457,21591,0,0,0
2026-04-29 18:22:23,1701675,29845,590098,2632,10339,82,83,897619,21162,0,0,0
2026-04-29 18:22:24,1731806,30131,600533,2674,10477,79,83,927795,30176,0,0,0
2026-04-29 18:22:25,1763295,31489,611466,2715,10974,82,83,950537,22742,0,0,0
2026-04-29 18:22:27,1795054,31759,622490,2778,11087,82,83,974084,23547,0,0,0
2026-04-29 18:22:28,1826965,31911,633602,2819,11153,81,83,997926,23842,0,0,0
2026-04-29 18:22:29,1858910,31945,644672,2868,11119,82,83,1024216,26290,0,0,0
2026-04-29 18:22:30,1891525,32615,655964,2918,11342,79,83,1051291,27075,0,0,0
2026-04-29 18:22:31,1922018,30493,666526,2967,10611,82,83,1078343,27052,0,0,0
2026-04-29 18:22:32,1952310,30292,677031,3006,10544,81,83,1103261,24918,0,0,0
2026-04-29 18:22:33,1984236,31926,688145,3047,11155,81,83,1124221,20960,0,0,0
2026-04-29 18:22:34,2018956,34720,700178,3106,12092,82,83,1154461,30240,0,0,0
2026-04-29 18:22:36,2051886,32930,711608,3154,11478,81,83,1174909,20448,0,0,0
2026-04-29 18:22:37,2083010,31124,722410,3198,10846,82,83,1198715,23806,0,0,0
2026-04-29 18:22:38,2113990,30980,733186,3234,10812,82,83,1222683,23968,0,0,0
2026-04-29 18:22:39,2143934,29944,743585,3272,10437,82,83,1248070,25387,0,0,0
2026-04-29 18:22:40,2174133,30199,754065,3315,10523,76,83,1272098,24028,0,0,0
2026-04-29 18:22:41,2207705,33572,765733,3365,11718,82,83,1297264,25166,0,0,0
2026-04-29 18:22:42,2241022,33317,777296,3414,11612,82,83,1322005,24741,0,0,0
2026-04-29 18:22:43,2272311,31289,788079,3468,10837,81,83,1345272,23267,0,0,0
2026-04-29 18:22:45,2304719,32408,799352,3511,11316,79,83,1377659,32387,0,0,0
2026-04-29 18:22:46,2338816,34097,811145,3581,11863,81,83,1403266,25607,0,0,0
2026-04-29 18:22:47,2372043,33227,822696,3640,11610,81,83,1430778,27512,0,0,0
2026-04-29 18:22:48,2405822,33779,834384,3699,11747,74,83,1459060,28282,0,0,0
2026-04-29 18:22:49,2439185,33363,845931,3755,11603,80,83,1486249,27189,0,0,0
2026-04-29 18:22:50,2472898,33713,857638,3806,11758,77,83,1514658,28409,0,0,0
2026-04-29 18:22:51,2506589,33691,869306,3855,11717,82,83,1542986,28328,0,0,0
2026-04-29 18:22:52,2539809,33220,880859,3900,11598,82,83,1570519,27533,0,0,0
2026-04-29 18:22:54,2572130,32321,892046,3943,11230,82,83,1596420,25901,0,0,0
2026-04-29 18:22:55,2606132,34002,903814,3995,11820,78,83,1632212,35792,0,0,0
2026-04-29 18:22:56,2640457,34325,915724,4048,11963,82,83,1661501,29289,0,0,0
2026-04-29 18:22:57,2674798,34341,927611,4105,11944,82,83,1690448,28947,0,0,0
2026-04-29 18:22:58,2708524,33726,939315,4154,11753,73,83,1720021,29573,0,0,0
2026-04-29 18:22:59,2741887,33363,950936,4191,11658,76,83,1749550,29529,0,0,0
2026-04-29 18:23:00,2762960,21073,958254,4223,7350,82,83,1773243,23693,0,0,0
2026-04-29 18:23:01,2783332,20372,965318,4251,7092,82,83,1794996,21753,0,0,0
2026-04-29 18:23:03,2803850,20518,972438,4278,7147,82,83,1817785,22789,0,0,0
2026-04-29 18:23:04,2821672,17822,978619,4308,6211,82,83,1837042,19257,0,0,0
2026-04-29 18:23:05,2840740,19068,985248,4333,6654,82,83,1857952,20910,0,0,0
2026-04-29 18:23:06,2860135,19395,991969,4363,6751,82,83,1887308,29356,0,0,0
2026-04-29 18:23:07,2879960,19825,998824,4388,6880,82,83,1909809,22501,0,0,0
2026-04-29 18:23:08,2899604,19644,1005630,4432,6850,82,83,1931558,21749,0,0,0
2026-04-29 18:23:09,2918624,19020,1012269,4457,6664,82,83,1952576,21018,0,0,0
2026-04-29 18:23:10,2939013,20389,1019276,4484,7034,81,83,1975943,23367,0,0,0
2026-04-29 18:23:12,2960079,21066,1026579,4524,7343,77,83,1999474,23531,0,0,0
2026-04-29 18:23:13,2981257,21178,1033896,4559,7352,81,83,2022732,23258,0,0,0
2026-04-29 18:23:14,3000294,19037,1040562,4583,6690,82,83,2043768,21036,0,0,0
2026-04-29 18:23:15,3019006,18712,1047032,4614,6501,82,83,2063892,20124,0,0,0
2026-04-29 18:23:16,3036157,17151,1052993,4637,5984,82,83,2090971,27079,0,0,0
2026-04-29 18:23:17,3055988,19831,1059827,4670,6867,82,83,2113601,22630,0,0,0
2026-04-29 18:23:18,3075955,19967,1066751,4708,6962,79,83,2135739,22138,0,0,0
2026-04-29 18:23:19,3095913,19958,1073719,4734,6994,82,83,2158343,22604,0,0,0
2026-04-29 18:23:20,3113575,17662,1079832,4756,6135,82,83,2178885,20542,0,0,0
2026-04-29 18:23:22,3132981,19406,1086570,4790,6772,82,83,2201117,22232,0,0,0
2026-04-29 18:23:23,3151312,18331,1092921,4822,6383,77,83,2221374,20257,0,0,0
2026-04-29 18:23:24,3167191,15879,1098433,4845,5535,82,83,2241160,19786,0,0,0
2026-04-29 18:23:25,3185438,18247,1104770,4881,6373,82,83,2260409,19249,0,0,0
2026-04-29 18:23:26,3205381,19943,1111687,4914,6950,82,83,2281467,21058,0,0,0
2026-04-29 18:23:27,3228059,22678,1119538,4944,7881,82,83,2312493,31026,0,0,0
2026-04-29 18:23:28,3252365,24306,1128031,4970,8519,82,83,2337203,24710,0,0,0
2026-04-29 18:23:29,3278344,25979,1137034,5014,9047,82,83,2363401,26198,0,0,0
2026-04-29 18:23:31,3302451,24107,1145372,5054,8378,82,83,2389306,25905,0,0,0
2026-04-29 18:23:32,3325969,23518,1153519,5086,8179,78,83,2413295,23989,0,0,0
2026-04-29 18:23:33,3349193,23224,1161576,5119,8090,82,83,2437889,24594,0,0,0
2026-04-29 18:23:34,3371253,22060,1169265,5156,7726,82,83,2461277,23388,0,0,0
2026-04-29 18:23:35,3393906,22653,1177066,5197,7842,82,83,2485601,24324,0,0,0
2026-04-29 18:23:36,3415582,21676,1184589,5232,7558,82,83,2507005,21404,0,0,0
2026-04-29 18:23:37,3439428,23846,1192829,5267,8275,80,83,2537870,30865,0,0,0
2026-04-29 18:23:38,3464098,24670,1201401,5301,8606,81,83,2564097,26227,0,0,0
2026-04-29 18:23:40,3489221,25123,1210143,5333,8774,75,83,2589319,25222,0,0,0
2026-04-29 18:23:41,3513920,24699,1218765,5372,8661,82,83,2614908,25589,0,0,0
2026-04-29 18:23:42,3538467,24547,1227280,5405,8548,82,83,2640411,25503,0,0,0
2026-04-29 18:23:43,3560754,22287,1234961,5437,7713,82,83,2663637,23226,0,0,0
2026-04-29 18:23:44,3585136,24382,1243494,5471,8567,82,83,2688937,25300,0,0,0
2026-04-29 18:23:45,3609014,23878,1251744,5523,8302,82,83,2713019,24082,0,0,0
2026-04-29 18:23:46,3631449,22435,1259523,5560,7816,82,83,2735130,22111,0,0,0
2026-04-29 18:23:47,3655261,23812,1267775,5606,8298,82,83,2766681,31551,0,0,0
2026-04-29 18:23:48,3682327,27066,1277161,5642,9422,82,83,2792744,26063,0,0,0
2026-04-29 18:23:50,3703598,21271,1284561,5676,7434,82,83,2815550,22806,0,0,0
2026-04-29 18:23:51,3725441,21843,1292109,5706,7578,79,83,2838587,23037,0,0,0
2026-04-29 18:23:52,3747059,21618,1299612,5741,7538,82,83,2861331,22744,0,0,0
2026-04-29 18:23:53,3770083,23024,1307581,5785,8013,82,83,2884620,23289,0,0,0
2026-04-29 18:23:54,3795660,25577,1316450,5823,8907,82,83,2910109,25489,0,0,0
2026-04-29 18:23:55,3822356,26696,1325702,5861,9290,82,83,2933986,23877,0,0,0
2026-04-29 18:23:56,3847477,25121,1334413,5903,8753,82,83,2957694,23708,0,0,0
2026-04-29 18:23:57,3874840,27363,1343901,5955,9540,82,83,2989543,31849,0,0,0
2026-04-29 18:23:59,3903105,28265,1353680,5996,9820,82,83,3015540,25997,0,0,0
2026-04-29 18:24:00,3931634,28529,1363605,6035,9964,81,83,3040729,25189,0,0,0
2026-04-29 18:24:01,3958029,26395,1372736,6077,9173,81,83,3066948,26219,0,0,0
2026-04-29 18:24:02,3982733,24704,1381318,6116,8621,77,83,3090665,23717,0,0,0
2026-04-29 18:24:03,4003145,20412,1388411,6145,7122,82,83,3113071,22406,0,0,0
2026-04-29 18:24:04,4023589,20444,1395552,6168,7164,82,83,3135103,22032,0,0,0
2026-04-29 18:24:05,4048602,25013,1404220,6205,8705,82,83,3159875,24772,0,0,0
2026-04-29 18:24:06,4071841,23239,1412287,6233,8095,82,83,3183256,23381,0,0,0
2026-04-29 18:24:08,4096356,24515,1420792,6266,8538,82,83,3206055,22799,0,0,0
2026-04-29 18:24:09,4125142,28786,1430744,6319,10005,82,83,3239574,33519,0,0,0
2026-04-29 18:24:10,4156954,31812,1441760,6369,11066,82,83,3265945,26371,0,0,0
2026-04-29 18:24:11,4189400,32446,1453015,6424,11310,82,83,3293833,27888,0,0,0
2026-04-29 18:24:12,4222296,32896,1464455,6466,11482,82,83,3321410,27577,0,0,0
2026-04-29 18:24:13,4255564,33268,1476010,6505,11594,74,83,3349415,28005,0,0,0
2026-04-29 18:24:14,4288888,33324,1487577,6556,11618,78,83,3376236,26821,0,0,0
2026-04-29 18:24:15,4322231,33343,1499105,6610,11582,81,83,3404094,27858,0,0,0
2026-04-29 18:24:17,4355082,32851,1510546,6658,11489,82,83,3429679,25585,0,0,0
2026-04-29 18:24:18,4386888,31806,1521551,6710,11057,81,83,3462371,32692,0,0,0
2026-04-29 18:24:19,4421136,34248,1533444,6749,11932,82,83,3490472,28101,0,0,0
2026-04-29 18:24:20,4454777,33641,1545111,6797,11715,82,83,3518267,27795,0,0,0
2026-04-29 18:24:21,4489163,34386,1556998,6859,11949,78,83,3546937,28670,0,0,0
2026-04-29 18:24:22,4523457,34294,1568865,6916,11924,82,83,3575601,28664,0,0,0
2026-04-29 18:24:23,4556728,33271,1580419,6972,11610,82,83,3603239,27638,0,0,0
2026-04-29 18:24:24,4591114,34386,1592337,7032,11978,79,83,3630967,27728,0,0,0
2026-04-29 18:24:26,4625756,34642,1604363,7077,12071,82,83,3658568,27601,0,0,0
2026-04-29 18:24:27,4658283,32527,1615642,7127,11329,82,83,3687835,29267,0,0,0
2026-04-29 18:24:28,4689552,31269,1626549,7173,10953,82,83,3722243,34408,0,0,0
2026-04-29 18:24:29,4723121,33569,1638196,7230,11704,82,83,3751554,29311,0,0,0
2026-04-29 18:24:30,4755694,32573,1649490,7266,11330,81,83,3779915,28361,0,0,0
2026-04-29 18:24:31,4788949,33255,1661048,7315,11607,70,83,3809389,29474,0,0,0
2026-04-29 18:24:32,4821275,32326,1672257,7367,11261,82,83,3837375,27986,0,0,0
2026-04-29 18:24:33,4850755,29480,1682467,7411,10254,79,83,3864865,27490,0,0,0
2026-04-29 18:24:35,4881640,30885,1693144,7468,10734,82,83,3893483,28618,0,0,0
2026-04-29 18:24:36,4911763,30123,1703573,7526,10487,81,83,3923393,29910,0,0,0
2026-04-29 18:24:37,4939981,28218,1713369,7567,9837,82,83,3948470,25077,0,0,0
2026-04-29 18:24:38,4967170,27189,1722806,7614,9484,82,83,3972908,24438,0,0,0
2026-04-29 18:24:39,4994560,27390,1732301,7649,9530,82,83,4007608,34700,0,0,0
2026-04-29 18:24:40,5021913,27353,1741767,7693,9510,78,83,4035783,28175,0,0,0
2026-04-29 18:24:41,5049610,27697,1751360,7737,9637,82,83,4063453,27670,0,0,0
2026-04-29 18:24:42,5075070,25460,1760190,7770,8863,79,83,4089830,26377,0,0,0
2026-04-29 18:24:44,5100326,25256,1768955,7810,8805,80,83,4116610,26780,0,0,0
2026-04-29 18:24:45,5130157,29831,1779319,7853,10407,82,83,4145125,28515,0,0,0
2026-04-29 18:24:46,5157737,27580,1788917,7896,9641,82,83,4173245,28120,0,0,0
2026-04-29 18:24:47,5183699,25962,1797961,7926,9074,82,83,4199870,26625,0,0,0
2026-04-29 18:24:48,5207371,23672,1806172,7967,8252,82,83,4224831,24961,0,0,0
2026-04-29 18:24:49,5232054,24683,1814692,8003,8556,82,83,4257801,32970,0,0,0
2026-04-29 18:24:50,5257964,25910,1823694,8045,9044,82,83,4284537,26736,0,0,0
2026-04-29 18:24:51,5281498,23534,1831831,8079,8171,82,83,4311440,26903,0,0,0
2026-04-29 18:24:53,5303988,22490,1839690,8113,7893,82,83,4335472,24032,0,0,0
2026-04-29 18:24:54,5328186,24198,1848081,8149,8427,81,83,4361327,25855,0,0,0
2026-04-29 18:24:55,5353922,25736,1856957,8183,8910,82,83,4389935,28608,0,0,0
2026-04-29 18:24:56,5381295,27373,1866440,8222,9522,79,83,4418347,28412,0,0,0
2026-04-29 18:24:57,5408713,27418,1875962,8258,9558,82,83,4445662,27315,0,0,0
2026-04-29 18:24:58,5434792,26079,1885024,8306,9110,82,83,4471457,25795,0,0,0
2026-04-29 18:24:59,5461480,26688,1894284,8350,9304,82,83,4504063,32606,0,0,0
2026-04-29 18:25:00,5491955,30475,1904850,8404,10620,82,83,4533122,29059,0,0,0
2026-04-29 18:25:01,5522291,30336,1915344,8453,10543,82,83,4563042,29920,0,0,0
2026-04-29 18:25:03,5554122,31831,1926387,8506,11096,81,83,4593339,30297,0,0,0
2026-04-29 18:25:04,5585150,31028,1937131,8547,10785,66,83,4624226,30887,0,0,0
2026-04-29 18:25:05,5618681,33531,1948726,8599,11647,81,83,4657157,32931,0,0,0
2026-04-29 18:25:06,5653973,35292,1960978,8659,12312,71,83,4690451,33294,0,0,0
2026-04-29 18:25:07,5688469,34496,1972926,8708,11997,82,83,4722159,31708,0,0,0
2026-04-29 18:25:08,5720786,32317,1984191,8753,11310,82,83,4753279,31120,0,0,0
2026-04-29 18:25:09,5749548,28762,1994137,8799,9992,82,83,4780520,27241,0,0,0
2026-04-29 18:25:10,5777952,28404,2003960,8843,9867,78,83,4815664,35144,0,0,0
2026-04-29 18:25:12,5806693,28741,2013956,8885,10038,82,83,4844404,28740,0,0,0
2026-04-29 18:25:13,5832489,25796,2022908,8920,8987,82,83,4872440,28036,0,0,0
2026-04-29 18:25:14,5861026,28537,2032806,8962,9940,73,83,4901777,29337,0,0,0
2026-04-29 18:25:15,5890337,29311,2042944,9024,10200,82,83,4930406,28629,0,0,0
2026-04-29 18:25:16,5919421,29084,2053028,9068,10128,78,83,4959454,29048,0,0,0
2026-04-29 18:25:17,5946559,27138,2062434,9124,9462,79,83,4988319,28865,0,0,0
2026-04-29 18:25:18,5970864,24305,2070911,9170,8523,82,83,5014566,26247,0,0,0
2026-04-29 18:25:19,5996339,25475,2079693,9212,8824,82,83,5039545,24979,0,0,0
2026-04-29 18:25:21,6019462,23123,2087710,9245,8050,82,83,5064002,24457,0,0,0
2026-04-29 18:25:22,6040486,21024,2094998,9275,7318,82,83,5087618,23616,0,0,0
2026-04-29 18:25:23,6063408,22922,2102936,9310,7973,82,83,5120079,32461,0,0,0
2026-04-29 18:25:24,6086774,23366,2111068,9354,8176,82,83,5144617,24538,0,0,0
2026-04-29 18:25:25,6111379,24605,2119583,9391,8552,82,83,5170443,25826,0,0,0
2026-04-29 18:25:26,6133282,21903,2127227,9419,7672,82,83,5194866,24423,0,0,0
2026-04-29 18:25:27,6155490,22208,2134971,9443,7768,82,83,5218930,24064,0,0,0
2026-04-29 18:25:28,6178778,23288,2143026,9496,8108,82,83,5244817,25887,0,0,0
2026-04-29 18:25:30,6201822,23044,2151030,9524,8032,82,83,5269440,24623,0,0,0
2026-04-29 18:25:31,6223643,21821,2158589,9557,7592,82,83,5292771,23331,0,0,0
2026-04-29 18:25:32,6243802,20159,2165617,9587,7058,82,83,5314456,21685,0,0,0
2026-04-29 18:25:33,6264945,21143,2172929,9626,7351,82,83,5345230,30774,0,0,0
2026-04-29 18:25:34,6289190,24245,2181290,9669,8404,80,83,5370308,25078,0,0,0
2026-04-29 18:25:35,6313864,24674,2189840,9725,8606,82,83,5396612,26304,0,0,0
2026-04-29 18:25:36,6338834,24970,2198545,9773,8753,82,83,5421729,25117,0,0,0
2026-04-29 18:25:37,6364957,26123,2207602,9816,9100,82,83,5448532,26803,0,0,0
2026-04-29 18:25:38,6389041,24084,2215963,9859,8404,82,83,5474244,25712,0,0,0
2026-04-29 18:25:40,6414533,25492,2224719,9900,8797,82,83,5502142,27898,0,0,0
2026-04-29 18:25:41,6438703,24170,2233131,9934,8446,82,83,5527639,25497,0,0,0
2026-04-29 18:25:42,6460432,21729,2240636,9971,7542,82,83,5550334,22695,0,0,0
2026-04-29 18:25:43,6480613,20181,2247627,9996,7016,82,83,5571586,21252,0,0,0
2026-04-29 18:25:44,6503149,22536,2255450,10036,7863,82,83,5594184,22598,0,0,0
2026-04-29 18:25:45,6528439,25290,2264234,10077,8825,78,83,5626994,32810,0,0,0
2026-04-29 18:25:46,6553543,25104,2272954,10116,8759,82,83,5652721,25727,0,0,0
2026-04-29 18:25:47,6576939,23396,2281078,10148,8156,82,83,5677975,25254,0,0,0
2026-04-29 18:25:49,6601319,24380,2289557,10172,8503,82,83,5703695,25720,0,0,0
2026-04-29 18:25:50,6627235,25916,2298496,10217,8984,77,83,5728614,24919,0,0,0
2026-04-29 18:25:51,6650916,23681,2306684,10259,8230,69,83,5753324,24710,0,0,0
2026-04-29 18:25:52,6673994,23078,2314704,10291,8052,82,83,5777234,23910,0,0,0
2026-04-29 18:25:53,6697662,23668,2322906,10322,8233,82,83,5801273,24039,0,0,0
2026-04-29 18:25:54,6722552,24890,2331549,10361,8682,82,83,5825973,24700,0,0,0
2026-04-29 18:25:55,6749842,27290,2340966,10415,9471,82,83,5859346,33373,0,0,0
2026-04-29 18:25:56,6777895,28053,2350691,10455,9765,82,83,5885422,26076,0,0,0
2026-04-29 18:25:57,6805427,27532,2360233,10497,9584,82,83,5913011,27589,0,0,0
2026-04-29 18:25:59,6832009,26582,2369433,10551,9254,82,83,5939647,26636,0,0,0
2026-04-29 18:26:00,6857886,25877,2378452,10592,9060,82,83,5965266,25619,0,0,0
2026-04-29 18:26:01,6884900,27014,2387800,10632,9388,74,83,5992808,27542,0,0,0
2026-04-29 18:26:02,6909409,24509,2396357,10669,8594,82,83,6019166,26358,0,0,0
2026-04-29 18:26:03,6933291,23882,2404616,10713,8303,82,83,6044175,25009,0,0,0
2026-04-29 18:26:04,6955683,22392,2412372,10748,7791,82,83,6067609,23434,0,0,0
2026-04-29 18:26:05,6978310,22627,2420189,10791,7860,82,83,6098844,31235,0,0,0
2026-04-29 18:26:06,7000909,22599,2428044,10822,7886,82,83,6122519,23675,0,0,0
2026-04-29 18:26:08,7022783,21874,2435603,10855,7592,73,83,6146902,24383,0,0,0
2026-04-29 18:26:09,7045343,22560,2443428,10884,7854,82,83,6171720,24818,0,0,0
2026-04-29 18:26:10,7068499,23156,2451443,10920,8051,80,83,6196622,24902,0,0,0
2026-04-29 18:26:11,7090741,22242,2459211,10956,7804,82,83,6220412,23790,0,0,0
2026-04-29 18:26:12,7112845,22104,2466845,10987,7665,80,83,6244389,23977,0,0,0
2026-04-29 18:26:13,7136276,23431,2475010,11016,8194,82,83,6269210,24821,0,0,0
2026-04-29 18:26:14,7159158,22882,2482942,11056,7972,82,83,6292044,22834,0,0,0
2026-04-29 18:26:15,7181095,21937,2490547,11095,7644,79,83,6322291,30247,0,0,0
2026-04-29 18:26:16,7204637,23542,2498716,11129,8203,82,83,6346838,24547,0,0,0
2026-04-29 18:26:18,7228853,24216,2507131,11166,8452,82,83,6372372,25534,0,0,0
2026-04-29 18:26:19,7252937,24084,2515472,11209,8384,82,83,6397869,25497,0,0,0
2026-04-29 18:26:20,7278304,25367,2524273,11237,8829,81,83,6423693,25824,0,0,0
2026-04-29 18:26:21,7304005,25701,2533202,11274,8966,75,83,6449747,26054,0,0,0
2026-04-29 18:26:22,7330377,26372,2542326,11317,9167,77,83,6476029,26282,0,0,0
2026-04-29 18:26:23,7357082,26705,2551651,11354,9362,82,83,6503038,27009,0,0,0
2026-04-29 18:26:24,7382388,25306,2560432,11391,8818,60,83,6527302,24264,0,0,0
2026-04-29 18:26:25,7412654,30266,2570929,11440,10546,60,83,6560674,33372,0,0,0
2026-04-29 18:26:27,7443875,31221,2581771,11489,10891,82,83,6589478,28804,0,0,0
2026-04-29 18:26:28,7476765,32890,2593157,11531,11428,81,83,6618556,29078,0,0,0
2026-04-29 18:26:29,7511153,34388,2605091,11594,11997,74,83,6646668,28112,0,0,0
2026-04-29 18:26:30,7544595,33442,2616688,11647,11650,81,83,6675151,28483,0,0,0
2026-04-29 18:26:31,7577574,32979,2628137,11696,11498,73,83,6704160,29009,0,0,0
2026-04-29 18:26:32,7611227,33653,2639791,11755,11713,75,83,6733630,29470,0,0,0
2026-04-29 18:26:33,7644055,32828,2651162,11816,11432,81,83,6762618,28988,0,0,0
2026-04-29 18:26:34,7675983,31928,2662270,11861,11153,80,83,6789935,27317,0,0,0
2026-04-29 18:26:36,7706062,30079,2672677,11907,10453,74,83,6815958,26023,0,0,0
2026-04-29 18:26:37,7738445,32383,2683901,11953,11270,81,83,6851005,35047,0,0,0
2026-04-29 18:26:38,7769111,30666,2694564,12008,10718,80,83,6879235,28230,0,0,0
2026-04-29 18:26:39,7802565,33454,2706142,12050,11620,78,83,6907808,28573,0,0,0
2026-04-29 18:26:40,7836193,33628,2717810,12101,11719,73,83,6936946,29138,0,0,0
2026-04-29 18:26:41,7868971,32778,2729182,12152,11423,77,83,6965399,28453,0,0,0
2026-04-29 18:26:42,7899635,30664,2739843,12196,10705,79,83,6994217,28818,0,0,0
2026-04-29 18:26:43,7930061,30426,2750326,12247,10534,82,83,7022934,28717,0,0,0
2026-04-29 18:26:45,7958734,28673,2760252,12301,9980,73,83,7049197,26263,0,0,0
2026-04-29 18:26:46,7984949,26215,2769368,12348,9163,82,83,7075502,26305,0,0,0
2026-04-29 18:26:47,8011583,26634,2778573,12392,9249,82,83,7099678,24176,0,0,0
2026-04-29 18:26:48,8037851,26268,2787695,12439,9169,75,83,7132500,32822,0,0,0
2026-04-29 18:26:49,8065723,27872,2797373,12480,9719,79,83,7161437,28937,0,0,0
2026-04-29 18:26:50,8096584,30861,2808057,12537,10741,76,83,7190106,28669,0,0,0
2026-04-29 18:26:51,8127786,31202,2818886,12582,10874,81,83,7217591,27485,0,0,0
2026-04-29 18:26:52,8160403,32617,2830198,12627,11357,81,83,7247181,29590,0,0,0
2026-04-29 18:26:54,8192219,31816,2841230,12672,11077,81,83,7276624,29443,0,0,0
2026-04-29 18:26:55,8222699,30480,2851810,12719,10627,77,83,7305674,29050,0,0,0
2026-04-29 18:26:56,8252174,29475,2862088,12770,10329,82,83,7335246,29572,0,0,0
2026-04-29 18:26:57,8279890,27716,2871703,12807,9652,82,83,7362839,27593,0,0,0
2026-04-29 18:26:58,8306755,26865,2881028,12842,9360,77,83,7397137,34298,0,0,0
2026-04-29 18:26:59,8336509,29754,2891332,12885,10347,78,83,7427555,30418,0,0,0
2026-04-29 18:27:00,8366150,29641,2901640,12931,10354,79,83,7456420,28865,0,0,0
2026-04-29 18:27:01,8393831,27681,2911240,12970,9639,79,83,7483721,27301,0,0,0
2026-04-29 18:27:03,8421628,27797,2920925,13016,9731,82,83,7510711,26990,0,0,0
2026-04-29 18:27:04,8449538,27910,2930554,13067,9680,82,83,7537308,26597,0,0,0
2026-04-29 18:27:05,8476263,26725,2939807,13122,9308,80,83,7565874,28566,0,0,0
2026-04-29 18:27:06,8503635,27372,2949328,13158,9557,82,83,7593193,27319,0,0,0
2026-04-29 18:27:07,8530322,26687,2958565,13199,9278,82,83,7616993,23800,0,0,0
2026-04-29 18:27:08,8555188,24866,2967174,13243,8653,82,83,7641628,24635,0,0,0
2026-04-29 18:27:09,8579460,24272,2975573,13288,8444,80,83,7675805,34177,0,0,0
2026-04-29 18:27:10,8601947,22487,2983402,13321,7862,82,83,7700406,24601,0,0,0
2026-04-29 18:27:11,8624120,22173,2991049,13355,7681,82,83,7725171,24765,0,0,0
2026-04-29 18:27:13,8643800,19680,2997924,13386,6906,82,83,7746258,21087,0,0,0
2026-04-29 18:27:14,8665260,21460,3005401,13408,7499,82,83,7771066,24808,0,0,0
2026-04-29 18:27:15,8685964,20704,3012540,13442,7173,78,83,7795131,24065,0,0,0
2026-04-29 18:27:16,8709123,23159,3020573,13479,8070,76,83,7819316,24185,0,0,0
2026-04-29 18:27:17,8730847,21724,3028165,13513,7626,82,83,7843947,24631,0,0,0
2026-04-29 18:27:18,8751094,20247,3035162,13540,7024,82,83,7865243,21296,0,0,0
2026-04-29 18:27:19,8771470,20376,3042241,13576,7115,82,83,7894445,29202,0,0,0
2026-04-29 18:27:20,8796188,24718,3050751,13615,8549,82,83,7921091,26646,0,0,0
2026-04-29 18:27:22,8820309,24121,3059157,13654,8445,82,83,7947715,26624,0,0,0
2026-04-29 18:27:23,8843995,23686,3067372,13681,8242,82,83,7972840,25125,0,0,0
2026-04-29 18:27:24,8870013,26018,3076417,13720,9084,75,83,8000197,27357,0,0,0
2026-04-29 18:27:25,8896419,26406,3085519,13767,9149,76,83,8028261,28064,0,0,0
2026-04-29 18:27:26,8925356,28937,3095643,13803,10160,71,83,8057001,28740,0,0,0
2026-04-29 18:27:27,8954705,29349,3105833,13843,10230,80,83,8088182,31181,0,0,0
2026-04-29 18:27:28,8985155,30450,3116392,13882,10598,82,83,8116359,28177,0,0,0
2026-04-29 18:27:29,9015658,30503,3126972,13928,10626,82,83,8152299,35940,0,0,0
2026-04-29 18:27:31,9049595,33937,3138715,13991,11806,79,83,8183515,31216,0,0,0
2026-04-29 18:27:32,9082971,33376,3150248,14049,11591,82,83,8215079,31564,0,0,0
2026-04-29 18:27:33,9116355,33384,3161821,14104,11628,81,83,8247898,32819,0,0,0
2026-04-29 18:27:34,9150505,34150,3173629,14150,11854,82,83,8279176,31278,0,0,0
2026-04-29 18:27:35,9183894,33389,3185152,14200,11573,82,83,8309795,30619,0,0,0
2026-04-29 18:27:36,9215574,31680,3196143,14241,11032,82,83,8340748,30953,0,0,0
2026-04-29 18:27:37,9248848,33274,3207702,14302,11620,82,83,8372977,32229,0,0,0
2026-04-29 18:27:38,9280930,32082,3218858,14348,11202,82,83,8403494,30517,0,0,0
2026-04-29 18:27:40,9310570,29640,3229169,14393,10356,62,83,8437925,34431,0,0,0
2026-04-29 18:27:41,9342880,32310,3240321,14452,11211,79,83,8469848,31923,0,0,0
2026-04-29 18:27:42,9375891,33011,3251776,14508,11511,82,83,8501534,31686,0,0,0
2026-04-29 18:27:43,9408284,32393,3263036,14553,11305,80,83,8533896,32362,0,0,0
2026-04-29 18:27:44,9439656,31372,3273936,14601,10948,82,83,8565800,31904,0,0,0
2026-04-29 18:27:45,9473191,33535,3285567,14641,11671,80,83,8597328,31528,0,0,0
2026-04-29 18:27:46,9503324,30133,3296010,14687,10489,82,83,8627214,29886,0,0,0
2026-04-29 18:27:47,9533000,29676,3306279,14731,10313,79,83,8657014,29800,0,0,0
2026-04-29 18:27:49,9560336,27336,3315794,14775,9559,82,83,8685820,28806,0,0,0
2026-04-29 18:27:50,9587217,26881,3325100,14803,9334,82,83,8712476,26656,0,0,0
2026-04-29 18:27:51,9612517,25300,3333908,14840,8845,82,83,8738372,25896,0,0,0
2026-04-29 18:27:52,9639416,26899,3343192,14872,9316,82,83,8773989,35617,0,0,0
2026-04-29 18:27:53,9669083,29667,3353517,14913,10366,82,83,8803951,29962,0,0,0
2026-04-29 18:27:54,9699086,30003,3363934,14963,10467,74,83,8834689,30738,0,0,0
2026-04-29 18:27:55,9732120,33034,3375356,15019,11478,76,83,8865580,30891,0,0,0
2026-04-29 18:27:56,9764643,32523,3386609,15081,11315,80,83,8897216,31636,0,0,0
2026-04-29 18:27:57,9797796,33153,3398106,15137,11553,75,83,8929571,32355,0,0,0
2026-04-29 18:27:59,9831963,34167,3409930,15202,11889,81,83,8962702,33131,0,0,0
2026-04-29 18:28:00,9865070,33107,3421437,15241,11546,82,83,8995117,32415,0,0,0
2026-04-29 18:28:01,9895615,30545,3432044,15282,10648,82,83,9024726,29609,0,0,0
2026-04-29 18:28:02,9928978,33363,3443615,15335,11624,82,83,9064411,39685,0,0,0
2026-04-29 18:28:03,9962526,33548,3455234,15391,11675,81,83,9096512,32101,0,0,0
2026-04-29 18:28:04,9995798,33272,3466785,15441,11601,81,83,9128396,31884,0,0,0
2026-04-29 18:28:05,10028318,32520,3478070,15489,11333,79,83,9159677,31281,0,0,0
2026-04-29 18:28:06,10059835,31517,3489022,15537,11000,70,83,9190334,30657,0,0,0
2026-04-29 18:28:08,10088766,28931,3499061,15583,10085,82,83,9220445,30111,0,0,0
2026-04-29 18:28:09,10118800,30034,3509473,15633,10462,82,83,9251952,31507,0,0,0
2026-04-29 18:28:10,10144497,25697,3518414,15680,8988,81,83,9279242,27290,0,0,0
2026-04-29 18:28:11,10170941,26444,3527533,15716,9155,82,83,9305804,26562,0,0,0
2026-04-29 18:28:12,10196826,25885,3536488,15764,9003,82,83,9338179,32375,0,0,0
2026-04-29 18:28:13,10224067,27241,3545960,15804,9512,82,83,9368023,29844,0,0,0
2026-04-29 18:28:14,10250494,26427,3555077,15847,9160,75,83,9396589,28566,0,0,0
2026-04-29 18:28:15,10277518,27024,3564464,15876,9416,82,83,9424517,27928,0,0,0
2026-04-29 18:28:17,10303730,26212,3573550,15913,9123,82,83,9452128,27611,0,0,0
2026-04-29 18:28:18,10329015,25285,3582372,15954,8863,82,83,9479410,27282,0,0,0
2026-04-29 18:28:19,10355234,26219,3591435,15992,9101,82,83,9507768,28358,0,0,0
2026-04-29 18:28:20,10378070,22836,3599322,16027,7922,82,83,9532167,24399,0,0,0
2026-04-29 18:28:21,10400231,22161,3607046,16054,7751,82,83,9556034,23867,0,0,0
2026-04-29 18:28:22,10422987,22756,3614966,16090,7956,81,83,9580396,24362,0,0,0
2026-04-29 18:28:23,10446695,23708,3623143,16130,8217,77,83,9614841,34445,0,0,0
2026-04-29 18:28:24,10470915,24220,3631556,16163,8446,82,83,9641100,26259,0,0,0
2026-04-29 18:28:26,10495537,24622,3640067,16201,8549,81,83,9667553,26453,0,0,0
2026-04-29 18:28:27,10519632,24095,3648425,16227,8384,81,83,9693488,25935,0,0,0
2026-04-29 18:28:28,10543946,24314,3656855,16266,8469,68,83,9719635,26147,0,0,0
2026-04-29 18:28:29,10565426,21480,3664345,16300,7524,82,83,9743510,23875,0,0,0
2026-04-29 18:28:30,10587096,21670,3671843,16344,7542,74,83,9768560,25050,0,0,0
2026-04-29 18:28:31,10608914,21818,3679475,16373,7661,82,83,9791276,22716,0,0,0
2026-04-29 18:28:32,10631476,22562,3687260,16419,7831,82,83,9814776,23500,0,0,0
2026-04-29 18:28:33,10654972,23496,3695397,16464,8182,82,83,9848613,33837,0,0,0
2026-04-29 18:28:34,10680315,25343,3704201,16494,8834,82,83,9875465,26852,0,0,0
2026-04-29 18:28:36,10709513,29198,3714309,16539,10153,76,83,9905878,30413,0,0,0
2026-04-29 18:28:37,10740129,30616,3724898,16576,10626,81,83,9937052,31174,0,0,0
2026-04-29 18:28:38,10772477,32348,3736110,16627,11263,82,83,9969878,32826,0,0,0
2026-04-29 18:28:39,10805193,32716,3747508,16675,11446,82,83,10001970,32092,0,0,0
2026-04-29 18:28:40,10838236,33043,3758890,16724,11431,81,83,10034994,33024,0,0,0
2026-04-29 18:28:41,10868696,30460,3769523,16762,10671,82,83,10064077,29083,0,0,0
2026-04-29 18:28:42,10899326,30630,3780147,16808,10670,71,83,10101534,37457,0,0,0
2026-04-29 18:28:43,10930795,31469,3791089,16862,10996,82,83,10134367,32833,0,0,0
2026-04-29 18:28:45,10964179,33384,3802620,16933,11602,82,83,10167011,32644,0,0,0
2026-04-29 18:28:46,10996878,32699,3813994,16976,11417,77,83,10198829,31818,0,0,0
2026-04-29 18:28:47,11028572,31694,3824966,17019,11015,78,83,10230632,31803,0,0,0
2026-04-29 18:28:48,11061192,32620,3836279,17078,11372,81,83,10263504,32872,0,0,0
2026-04-29 18:28:49,11095737,34545,3848254,17132,12029,81,83,10297014,33510,0,0,0
2026-04-29 18:28:50,11127388,31651,3859218,17195,11027,78,83,10328057,31043,0,0,0
2026-04-29 18:28:51,11157765,30377,3869769,17243,10599,82,83,10358209,30152,0,0,0
2026-04-29 18:28:52,11188291,30526,3880340,17295,10623,82,83,10394373,36164,0,0,0
2026-04-29 18:28:54,11221104,32813,3891726,17352,11443,75,83,10428178,33805,0,0,0
2026-04-29 18:28:55,11255180,34076,3903536,17397,11855,80,83,10460237,32059,0,0,0
2026-04-29 18:28:56,11289106,33926,3915315,17455,11837,81,83,10492455,32218,0,0,0
2026-04-29 18:28:57,11323208,34102,3927147,17509,11886,79,83,10525638,33183,0,0,0
2026-04-29 18:28:58,11356568,33360,3938708,17562,11614,75,83,10558609,32971,0,0,0
2026-04-29 18:28:59,11389154,32586,3950014,17615,11359,74,83,10590698,32089,0,0,0
2026-04-29 18:29:00,11422679,33525,3961620,17680,11671,82,83,10623156,32458,0,0,0
2026-04-29 18:29:01,11454614,31935,3972690,17731,11121,82,83,10652582,29426,0,0,0
2026-04-29 18:29:03,11484074,29460,3982861,17782,10222,82,83,10690144,37562,0,0,0
2026-04-29 18:29:04,11517423,33349,3994403,17844,11604,75,83,10723736,33592,0,0,0
2026-04-29 18:29:05,11547525,30102,4004818,17898,10469,82,83,10754855,31119,0,0,0
2026-04-29 18:29:06,11579229,31704,4015808,17952,11044,67,83,10787839,32984,0,0,0
2026-04-29 18:29:07,11613690,34461,4027754,18009,12003,71,83,10821060,33221,0,0,0
2026-04-29 18:29:08,11646219,32529,4039025,18061,11323,80,83,10853414,32354,0,0,0
2026-04-29 18:29:09,11677817,31598,4049966,18105,10985,82,83,10885477,32063,0,0,0
2026-04-29 18:29:10,11707104,29287,4060148,18162,10239,82,83,10916468,30991,0,0,0
2026-04-29 18:29:12,11734618,27514,4069715,18203,9608,82,83,10944982,28514,0,0,0
2026-04-29 18:29:13,11761379,26761,4078979,18242,9303,81,83,10971812,26830,0,0,0
2026-04-29 18:29:14,11788718,27339,4088451,18286,9516,81,83,11007840,36028,0,0,0
2026-04-29 18:29:15,11817767,29049,4098509,18332,10104,82,83,11037609,29769,0,0,0
2026-04-29 18:29:16,11849488,31721,4109508,18372,11039,77,83,11068518,30909,0,0,0
2026-04-29 18:29:17,11875726,26238,4118634,18417,9171,82,83,11096291,27773,0,0,0
2026-04-29 18:29:18,11902572,26846,4127898,18460,9307,82,83,11126034,29743,0,0,0
2026-04-29 18:29:19,11930986,28414,4137775,18493,9910,78,83,11155412,29378,0,0,0
2026-04-29 18:29:21,11958612,27626,4147347,18529,9608,80,83,11184594,29182,0,0,0
2026-04-29 18:29:22,11984304,25692,4156285,18570,8979,82,83,11211217,26623,0,0,0
2026-04-29 18:29:23,12009401,25097,4164957,18598,8700,82,83,11236019,24802,0,0,0
2026-04-29 18:29:24,12035247,25846,4173944,18635,9024,82,83,11270422,34403,0,0,0
2026-04-29 18:29:25,12055826,20579,4181067,18660,7148,82,83,11295017,24595,0,0,0
2026-04-29 18:29:26,12077979,22153,4188775,18689,7737,82,83,11318855,23838,0,0,0
2026-04-29 18:29:27,12099607,21628,4196276,18724,7536,82,83,11342890,24035,0,0,0
2026-04-29 18:29:28,12123524,23917,4204528,18761,8289,82,83,11369023,26133,0,0,0
2026-04-29 18:29:30,12150117,26593,4213761,18796,9268,82,83,11396781,27758,0,0,0
2026-04-29 18:29:31,12176812,26695,4223033,18839,9315,82,83,11424862,28081,0,0,0
2026-04-29 18:29:32,12201068,24256,4231500,18880,8508,82,83,11451247,26385,0,0,0
2026-04-29 18:29:33,12223357,22289,4239136,18922,7678,82,83,11475050,23803,0,0,0
2026-04-29 18:29:34,12246209,22852,4247092,18958,7992,82,83,11499237,24187,0,0,0
2026-04-29 18:29:35,12272059,25850,4256016,19005,8971,81,83,11534114,34877,0,0,0
2026-04-29 18:29:36,12298910,26851,4265311,19048,9338,80,83,11562706,28592,0,0,0
2026-04-29 18:29:37,12327023,28113,4275067,19087,9795,76,83,11591333,28627,0,0,0
2026-04-29 18:29:38,12355613,28590,4285014,19145,10005,82,83,11620628,29295,0,0,0
2026-04-29 18:29:40,12387497,31884,4296047,19204,11092,78,83,11651999,31371,0,0,0
2026-04-29 18:29:41,12417323,29826,4306429,19239,10417,82,83,11682402,30403,0,0,0
2026-04-29 18:29:42,12446073,28750,4316388,19272,9992,77,83,11711343,28941,0,0,0
2026-04-29 18:29:43,12474119,28046,4326112,19313,9765,80,83,11740301,28958,0,0,0
2026-04-29 18:29:44,12503353,29234,4336324,19345,10244,82,83,11767235,26934,0,0,0
2026-04-29 18:29:45,12529627,26274,4345438,19384,9153,82,83,11793749,26514,0,0,0
2026-04-29 18:29:46,12554718,25091,4354117,19421,8716,79,83,11826767,33018,0,0,0
2026-04-29 18:29:47,12581883,27165,4363569,19466,9497,82,83,11856388,29621,0,0,0
2026-04-29 18:29:49,12607755,25872,4372551,19501,9017,75,83,11884696,28308,0,0,0
2026-04-29 18:29:50,12633440,25685,4381535,19536,9019,81,83,11911485,26789,0,0,0
2026-04-29 18:29:51,12655365,21925,4389148,19564,7641,82,83,11935834,24349,0,0,0
2026-04-29 18:29:52,12680100,24735,4397723,19598,8609,82,83,11962891,27057,0,0,0
2026-04-29 18:29:53,12705796,25696,4406552,19649,8880,82,83,11989870,26979,0,0,0
2026-04-29 18:29:54,12735462,29666,4416856,19692,10347,78,83,12019143,29273,0,0,0
2026-04-29 18:29:55,12765633,30171,4427339,19731,10522,82,83,12047470,28327,0,0,0
2026-04-29 18:29:56,12796487,30854,4438040,19777,10747,82,83,12074133,26663,0,0,0
2026-04-29 18:29:57,12829036,32549,4449325,19821,11329,82,83,12112373,38240,0,0,0
2026-04-29 18:29:59,12863553,34517,4461327,19871,12052,76,83,12143416,31043,0,0,0
2026-04-29 18:30:00,12897472,33919,4473079,19918,11799,82,83,12174415,30999,0,0,0
2026-04-29 18:30:01,12930281,32809,4484455,19971,11429,69,83,12205367,30952,0,0,0
2026-04-29 18:30:02,12964482,34201,4496325,20028,11927,81,83,12235465,30098,0,0,0
2026-04-29 18:30:03,12997453,32971,4507727,20096,11470,75,83,12265719,30254,0,0,0
2026-04-29 18:30:04,13030656,33203,4519243,20149,11569,79,83,12297051,31332,0,0,0
2026-04-29 18:30:05,13062760,32104,4530392,20209,11209,80,83,12326072,29021,0,0,0
2026-04-29 18:30:07,13092535,29775,4540713,20253,10365,82,83,12362810,36738,0,0,0
2026-04-29 18:30:08,13124483,31948,4551737,20297,11068,78,83,12394483,31673,0,0,0
2026-04-29 18:30:09,13157891,33408,4563339,20355,11660,82,83,12425934,31451,0,0,0
2026-04-29 18:30:10,13190443,32552,4574620,20405,11331,77,83,12458501,32567,0,0,0
2026-04-29 18:30:11,13222801,32358,4585818,20468,11261,82,83,12489526,31025,0,0,0
2026-04-29 18:30:12,13256227,33426,4597428,20516,11658,81,83,12521859,32333,0,0,0
2026-04-29 18:30:13,13289695,33468,4609044,20570,11670,82,83,12556015,34156,0,0,0
2026-04-29 18:30:14,13322955,33260,4620618,20619,11623,82,83,12588081,32066,0,0,0
2026-04-29 18:30:15,13354767,31812,4631691,20670,11124,78,83,12616729,28648,0,0,0
2026-04-29 18:30:17,13386529,31762,4642701,20718,11058,82,83,12645111,28382,0,0,0
2026-04-29 18:30:18,13418641,32112,4653815,20770,11166,81,83,12683439,38328,0,0,0
2026-04-29 18:30:19,13449712,31071,4664622,20815,10852,81,83,12713091,29652,0,0,0
2026-04-29 18:30:20,13480067,30355,4675142,20875,10580,74,83,12743376,30285,0,0,0
2026-04-29 18:30:21,13509689,29622,4685423,20921,10327,81,83,12772052,28676,0,0,0
2026-04-29 18:30:22,13536241,26552,4694684,20967,9307,82,83,12799428,27376,0,0,0
2026-04-29 18:30:23,13564798,28557,4704555,21006,9910,82,83,12828291,28863,0,0,0
2026-04-29 18:30:24,13593848,29050,4714634,21059,10132,82,83,12857795,29504,0,0,0
2026-04-29 18:30:26,13620848,27000,4724035,21099,9441,82,83,12884700,26905,0,0,0
2026-04-29 18:30:27,13647645,26797,4733316,21131,9313,82,83,12911456,26756,0,0,0
2026-04-29 18:30:28,13675754,28109,4743082,21171,9806,75,83,12947248,35792,0,0,0
2026-04-29 18:30:29,13704017,28263,4752909,21221,9877,82,83,12976864,29616,0,0,0
2026-04-29 18:30:30,13731229,27212,4762356,21260,9486,82,83,13005895,29031,0,0,0
2026-04-29 18:30:31,13762406,31177,4773137,21311,10832,73,83,13037168,31273,0,0,0
2026-04-29 18:30:32,13793277,30871,4783831,21350,10733,81,83,13066380,29212,0,0,0
2026-04-29 18:30:33,13822161,28884,4793861,21400,10080,82,83,13095744,29364,0,0,0
2026-04-29 18:30:35,13849924,27763,4803495,21440,9674,82,83,13123168,27424,0,0,0
2026-04-29 18:30:36,13877950,28026,4813252,21482,9799,81,83,13151771,28603,0,0,0
2026-04-29 18:30:37,13905468,27518,4822795,21521,9582,82,83,13178058,26287,0,0,0
2026-04-29 18:30:38,13932654,27186,4832231,21571,9486,82,83,13204021,25963,0,0,0
2026-04-29 18:30:39,13958753,26099,4841324,21613,9135,82,83,13239074,35053,0,0,0
2026-04-29 18:30:40,13985494,26741,4850576,21647,9286,82,83,13268530,29456,0,0,0
2026-04-29 18:30:41,14011334,25840,4859580,21690,9047,82,83,13296259,27729,0,0,0
2026-04-29 18:30:42,14037009,25675,4868502,21731,8963,82,83,13323012,26753,0,0,0
2026-04-29 18:30:44,14061090,24081,4876768,21773,8308,79,83,13349793,26781,0,0,0
2026-04-29 18:30:45,14086100,25010,4885506,21818,8783,82,83,13376360,26567,0,0,0
2026-04-29 18:30:46,14111829,25729,4894445,21856,8977,82,83,13404964,28604,0,0,0
2026-04-29 18:30:47,14136339,24510,4902944,21895,8538,81,83,13432159,27195,0,0,0
2026-04-29 18:30:48,14158716,22377,4910710,21936,7807,82,83,13455936,23777,0,0,0
2026-04-29 18:30:49,14179232,20516,4917791,21959,7104,82,83,13478252,22316,0,0,0
2026-04-29 18:30:50,14201483,22251,4925533,22003,7786,82,83,13510651,32399,0,0,0
2026-04-29 18:30:51,14223462,21979,4933162,22035,7661,82,83,13535566,24915,0,0,0
2026-04-29 18:30:52,14246059,22597,4941002,22075,7880,82,83,13560628,25062,0,0,0
2026-04-29 18:30:54,14267769,21710,4948514,22113,7550,82,83,13585210,24582,0,0,0
2026-04-29 18:30:55,14291122,23353,4956636,22141,8150,72,83,13611143,25933,0,0,0
2026-04-29 18:30:56,14314066,22944,4964579,22178,7980,82,83,13635998,24855,0,0,0
2026-04-29 18:30:57,14338945,24879,4973241,22215,8699,82,83,13662425,26427,0,0,0
2026-04-29 18:30:58,14362983,24038,4981591,22249,8384,82,83,13687471,25046,0,0,0
2026-04-29 18:30:59,14385597,22614,4989438,22293,7891,82,83,13711286,23815,0,0,0
2026-04-29 18:31:00,14409688,24091,4997776,22331,8376,82,83,13744109,32823,0,0,0
2026-04-29 18:31:01,14435849,26161,5006869,22371,9133,82,83,13771768,27659,0,0,0
2026-04-29 18:31:03,14463066,27217,5016312,22412,9484,81,83,13800531,28763,0,0,0
2026-04-29 18:31:04,14490733,27667,5025909,22449,9634,75,83,13828575,28044,0,0,0
2026-04-29 18:31:05,14521288,30555,5036516,22494,10652,82,83,13858495,29920,0,0,0
2026-04-29 18:31:06,14552128,30840,5047177,22542,10709,82,83,13888656,30161,0,0,0
2026-04-29 18:31:07,14584437,32309,5058377,22592,11250,82,83,13921723,33067,0,0,0
2026-04-29 18:31:08,14614941,30504,5068987,22631,10649,82,83,13950955,29232,0,0,0
2026-04-29 18:31:09,14646111,31170,5079756,22693,10831,82,83,13988185,37230,0,0,0
2026-04-29 18:31:10,14679292,33181,5091258,22752,11561,82,83,14020298,32113,0,0,0
2026-04-29 18:31:12,14712577,33285,5102773,22816,11579,79,83,14051821,31523,0,0,0
2026-04-29 18:31:13,14747072,34495,5114706,22873,11990,72,83,14083216,31395,0,0,0
2026-04-29 18:31:14,14781099,34027,5126513,22923,11857,75,83,14114659,31443,0,0,0
2026-04-29 18:31:15,14814835,33736,5138187,22968,11719,76,83,14146636,31977,0,0,0
2026-04-29 18:31:16,14848030,33195,5149710,23011,11566,79,83,14178681,32045,0,0,0
2026-04-29 18:31:17,14881542,33512,5161282,23074,11635,82,83,14209663,30982,0,0,0
2026-04-29 18:31:18,14913464,31922,5172418,23115,11177,82,83,14238068,28405,0,0,0
2026-04-29 18:31:19,14944567,31103,5183211,23155,10833,82,83,14274330,36262,0,0,0
2026-04-29 18:31:21,14977431,32864,5194587,23201,11422,75,83,14307030,32700,0,0,0
2026-04-29 18:31:22,15010973,33542,5206266,23256,11734,81,83,14339216,32186,0,0,0
2026-04-29 18:31:23,15043896,32923,5217665,23312,11455,80,83,14369811,30595,0,0,0
2026-04-29 18:31:24,15076505,32609,5228997,23357,11377,82,83,14401316,31505,0,0,0
2026-04-29 18:31:25,15109499,32994,5240382,23408,11436,76,83,14432436,31120,0,0,0
2026-04-29 18:31:26,15142658,33159,5251921,23457,11588,82,83,14462854,30418,0,0,0
2026-04-29 18:31:27,15176018,33360,5263525,23492,11639,79,83,14493767,30913,0,0,0
2026-04-29 18:31:28,15207836,31818,5274497,23546,11026,82,83,14522880,29113,0,0,0
2026-04-29 18:31:30,15240574,32738,5285866,23591,11414,82,83,14562559,39679,0,0,0
2026-04-29 18:31:31,15273832,33258,5297413,23640,11596,82,83,14594029,31470,0,0,0
2026-04-29 18:31:32,15307740,33908,5309158,23692,11797,82,83,14625801,31772,0,0,0
2026-04-29 18:31:33,15341592,33852,5320910,23748,11808,81,83,14656665,30864,0,0,0
2026-04-29 18:31:34,15375267,33675,5332588,23806,11736,78,83,14688153,31488,0,0,0
2026-04-29 18:31:35,15409426,34159,5344419,23879,11904,78,83,14719231,31078,0,0,0
2026-04-29 18:31:36,15442155,32729,5355764,23925,11391,81,83,14750428,31197,0,0,0
2026-04-29 18:31:37,15472392,30237,5366250,23968,10529,82,83,14781530,31102,0,0,0
2026-04-29 18:31:39,15500298,27906,5375902,24012,9696,82,83,14809446,27916,0,0,0
2026-04-29 18:31:40,15526935,26637,5385164,24062,9312,71,83,14843528,34082,0,0,0
2026-04-29 18:31:41,15554212,27277,5394621,24107,9502,82,83,14873561,30033,0,0,0
2026-04-29 18:31:42,15580108,25896,5403604,24148,9024,82,83,14900877,27316,0,0,0
2026-04-29 18:31:43,15607715,27607,5413172,24187,9607,79,83,14930580,29703,0,0,0
2026-04-29 18:31:44,15638184,30469,5423671,24236,10548,82,83,14962305,31725,0,0,0
2026-04-29 18:31:45,15669179,30995,5434419,24295,10807,81,83,14994648,32343,0,0,0
2026-04-29 18:31:46,15701104,31925,5445481,24342,11109,79,83,15026590,31942,0,0,0
2026-04-29 18:31:48,15732449,31345,5456386,24382,10945,82,83,15057835,31245,0,0,0
2026-04-29 18:31:49,15761205,28756,5466334,24419,9985,82,83,15085151,27316,0,0,0
2026-04-29 18:31:50,15789127,27922,5476034,24457,9738,82,83,15120460,35309,0,0,0
2026-04-29 18:31:51,15817323,28196,5485837,24502,9848,79,83,15149090,28630,0,0,0
2026-04-29 18:31:52,15846059,28736,5495824,24549,10034,82,83,15178569,29479,0,0,0
2026-04-29 18:31:53,15874497,28438,5505678,24601,9906,75,83,15208640,30071,0,0,0
2026-04-29 18:31:54,15900847,26350,5514848,24642,9211,82,83,15237326,28686,0,0,0
2026-04-29 18:31:55,15928024,27177,5524214,24690,9414,82,83,15265161,27835,0,0,0
2026-04-29 18:31:57,15954325,26301,5533333,24726,9155,73,83,15294642,29481,0,0,0
2026-04-29 18:31:58,15978794,24469,5541828,24763,8532,82,83,15321306,26664,0,0,0
2026-04-29 18:31:59,16002607,23813,5550098,24806,8313,78,83,15346653,25347,0,0,0
2026-04-29 18:32:00,16026217,23610,5558315,24836,8247,82,83,15371825,25172,0,0,0
2026-04-29 18:32:01,16049404,23187,5566328,24865,8042,82,83,15396504,24679,0,0,0
2026-04-29 18:32:02,16074781,25377,5575138,24903,8848,82,83,15430647,34143,0,0,0
2026-04-29 18:32:03,16098058,23277,5583241,24943,8143,82,83,15456488,25841,0,0,0
2026-04-29 18:32:04,16120575,22517,5590998,24974,7788,81,83,15482297,25809,0,0,0
2026-04-29 18:32:06,16143995,23420,5599128,25007,8163,79,83,15507363,25066,0,0,0
2026-04-29 18:32:07,16166800,22805,5607050,25034,7949,80,83,15532792,25429,0,0,0
2026-04-29 18:32:08,16188973,22173,5614741,25062,7719,79,83,15557541,24749,0,0,0
2026-04-29 18:32:09,16210394,21421,5622188,25098,7483,82,83,15581864,24323,0,0,0
2026-04-29 18:32:10,16233205,22811,5630147,25142,8003,82,83,15605487,23623,0,0,0
2026-04-29 18:32:11,16256990,23785,5638433,25179,8323,82,83,15638085,32598,0,0,0
2026-04-29 18:32:12,16285045,28055,5648120,25221,9729,82,83,15668895,30810,0,0,0
2026-04-29 18:32:13,16313603,28558,5658052,25262,9973,81,83,15699640,30745,0,0,0
2026-04-29 18:32:14,16344502,30899,5668760,25320,10766,82,83,15731966,32326,0,0,0
2026-04-29 18:32:16,16375970,31468,5679670,25362,10952,81,83,15763902,31936,0,0,0
2026-04-29 18:32:17,16408207,32237,5690853,25418,11239,82,83,15796378,32476,0,0,0
2026-04-29 18:32:18,16440487,32280,5702112,25462,11303,82,83,15828725,32347,0,0,0
2026-04-29 18:32:19,16473943,33456,5713737,25516,11679,81,83,15862372,33647,0,0,0
2026-04-29 18:32:20,16505223,31280,5724605,25570,10922,82,83,15892651,30279,0,0,0
2026-04-29 18:32:21,16537018,31795,5735577,25622,11024,82,83,15929323,36672,0,0,0
2026-04-29 18:32:22,16569300,32282,5746793,25670,11264,82,83,15961970,32647,0,0,0
2026-04-29 18:32:23,16601971,32671,5758147,25723,11407,79,83,15994434,32464,0,0,0
2026-04-29 18:32:25,16635359,33388,5769730,25769,11629,82,83,16027908,33474,0,0,0
2026-04-29 18:32:26,16667896,32537,5781008,25823,11332,80,83,16059740,31832,0,0,0
2026-04-29 18:32:27,16700737,32841,5792441,25874,11484,66,83,16093430,33690,0,0,0
2026-04-29 18:32:28,16734493,33756,5804091,25933,11709,81,83,16125850,32420,0,0,0
2026-04-29 18:32:29,16767033,32540,5815425,25994,11395,82,83,16158057,32207,0,0,0
2026-04-29 18:32:30,16798528,31495,5826327,26046,10954,82,83,16189299,31242,0,0,0
2026-04-29 18:32:31,16831227,32699,5837656,26090,11373,82,83,16228665,39366,0,0,0
2026-04-29 18:32:32,16864725,33498,5849240,26139,11633,79,83,16261536,32871,0,0,0
2026-04-29 18:32:34,16898100,33375,5860851,26194,11666,82,83,16294145,32609,0,0,0
2026-04-29 18:32:35,16930695,32595,5872154,26242,11351,81,83,16326569,32424,0,0,0
2026-04-29 18:32:36,16963313,32618,5883423,26301,11328,78,83,16360847,34278,0,0,0
2026-04-29 18:32:37,16995742,32429,5894673,26354,11303,75,83,16393949,33102,0,0,0
2026-04-29 18:32:38,17028207,32465,5905947,26400,11320,77,83,16426746,32797,0,0,0
2026-04-29 18:32:39,17061253,33046,5917358,26482,11493,82,83,16460295,33549,0,0,0
2026-04-29 18:32:40,17093150,31897,5928390,26536,11086,82,83,16489935,29640,0,0,0
2026-04-29 18:32:41,17124545,31395,5939251,26581,10906,81,83,16526926,36991,0,0,0
2026-04-29 18:32:43,17156091,31546,5950171,26630,10969,82,83,16558959,32033,0,0,0
2026-04-29 18:32:44,17184980,28889,5960192,26681,10072,81,83,16589336,30377,0,0,0
2026-04-29 18:32:45,17214843,29863,5970560,26718,10405,82,83,16620106,30770,0,0,0
2026-04-29 18:32:46,17243755,28912,5980577,26753,10052,82,83,16650819,30713,0,0,0
2026-04-29 18:32:47,17271448,27693,5990171,26799,9640,81,83,16680576,29757,0,0,0
2026-04-29 18:32:48,17297598,26150,5999250,26828,9108,82,83,16709046,28470,0,0,0
2026-04-29 18:32:49,17325126,27528,6008849,26877,9648,79,83,16738365,29319,0,0,0
2026-04-29 18:32:50,17356276,31150,6019662,26910,10846,80,83,16768819,30454,0,0,0
2026-04-29 18:32:52,17385580,29304,6029758,26953,10139,82,83,16798519,29700,0,0,0
2026-04-29 18:32:53,17416944,31364,6040691,27006,10986,82,83,16837859,39340,0,0,0
2026-04-29 18:32:54,17449106,32162,6051858,27051,11212,81,83,16869068,31209,0,0,0
2026-04-29 18:32:55,17482609,33503,6063489,27096,11676,81,83,16902870,33802,0,0,0
2026-04-29 18:32:56,17516713,34104,6075278,27145,11838,78,83,16934596,31726,0,0,0
2026-04-29 18:32:57,17549244,32531,6086568,27197,11342,81,83,16967789,33193,0,0,0
2026-04-29 18:32:58,17584150,34906,6098710,27253,12198,69,83,17001144,33355,0,0,0
2026-04-29 18:32:59,17619977,35827,6111108,27301,12446,82,83,17035152,34008,0,0,0
2026-04-29 18:33:01,17653222,33245,6122660,27345,11596,80,83,17067418,32266,0,0,0
2026-04-29 18:33:02,17683145,29923,6133066,27390,10451,82,83,17098184,30766,0,0,0
2026-04-29 18:33:03,17713423,30278,6143534,27437,10515,80,83,17135840,37656,0,0,0
2026-04-29 18:33:04,17742957,29534,6153799,27477,10305,82,83,17167497,31657,0,0,0
2026-04-29 18:33:05,17771909,28952,6163834,27527,10085,81,83,17196924,29427,0,0,0
2026-04-29 18:33:06,17797513,25604,6172742,27565,8946,82,83,17224547,27623,0,0,0
2026-04-29 18:33:07,17824743,27230,6182205,27601,9499,81,83,17253764,29217,0,0,0
2026-04-29 18:33:08,17850341,25598,6191113,27641,8948,80,83,17282582,28818,0,0,0
2026-04-29 18:33:10,17876659,26318,6200257,27675,9178,82,83,17310561,27979,0,0,0
2026-04-29 18:33:11,17903821,27162,6209715,27716,9499,82,83,17339727,29166,0,0,0
2026-04-29 18:33:12,17927487,23666,6217867,27751,8187,82,83,17366003,26276,0,0,0
2026-04-29 18:33:13,17950092,22605,6225699,27786,7867,82,83,17390589,24586,0,0,0
2026-04-29 18:33:14,17972797,22705,6233556,27824,7895,81,83,17421909,31320,0,0,0
2026-04-29 18:33:15,17997261,24464,6242066,27852,8538,81,83,17449734,27825,0,0,0
2026-04-29 18:33:16,18020470,23209,6250140,27890,8112,82,83,17475411,25677,0,0,0
2026-04-29 18:33:17,18043480,23010,6258111,27929,8010,82,83,17501357,25946,0,0,0
2026-04-29 18:33:19,18067399,23919,6266414,27963,8337,81,83,17527571,26214,0,0,0
2026-04-29 18:33:20,18092579,25180,6275153,27997,8773,82,83,17555714,28143,0,0,0
2026-04-29 18:33:21,18117625,25046,6283822,28038,8710,82,83,17582582,26868,0,0,0
2026-04-29 18:33:22,18139304,21679,6291349,28068,7557,82,83,17607103,24521,0,0,0
2026-04-29 18:33:23,18161351,22047,6299036,28099,7718,73,83,17631211,24108,0,0,0
2026-04-29 18:33:24,18183271,21920,6306607,28132,7604,82,83,17654740,23529,0,0,0
2026-04-29 18:33:25,18206979,23708,6314792,28175,8228,82,83,17686669,31929,0,0,0
2026-04-29 18:33:26,18232670,25691,6323708,28204,8945,82,83,17714997,28328,0,0,0
2026-04-29 18:33:27,18256529,23859,6332056,28229,8373,82,83,17740990,25993,0,0,0
2026-04-29 18:33:29,18280304,23775,6340307,28265,8287,81,83,17767194,26204,0,0,0
2026-04-29 18:33:30,18305217,24913,6348889,28301,8618,82,83,17794936,27742,0,0,0
2026-04-29 18:33:31,18330037,24820,6357544,28337,8691,82,83,17821582,26646,0,0,0
2026-04-29 18:33:32,18354212,24175,6365900,28374,8393,81,83,17848414,26832,0,0,0
2026-04-29 18:33:33,18379712,25500,6374763,28411,8900,82,83,17875699,27285,0,0,0
2026-04-29 18:33:34,18405440,25728,6383683,28442,8951,82,83,17902164,26465,0,0,0
2026-04-29 18:33:35,18435076,29636,6393974,28498,10347,82,83,17936925,34761,0,0,0
2026-04-29 18:33:36,18466272,31196,6404778,28548,10854,81,83,17967869,30944,0,0,0
2026-04-29 18:33:38,18498359,32087,6415906,28590,11170,82,83,17999927,32058,0,0,0
2026-04-29 18:33:39,18530911,32552,6427226,28641,11371,77,83,18033230,33303,0,0,0
2026-04-29 18:33:40,18563951,33040,6438657,28696,11486,80,83,18065959,32729,0,0,0
2026-04-29 18:33:41,18596163,32212,6449865,28738,11250,81,83,18098435,32476,0,0,0
2026-04-29 18:33:42,18627307,31144,6460652,28787,10836,82,83,18130915,32480,0,0,0
2026-04-29 18:33:43,18658927,31620,6471628,28836,11025,82,83,18162647,31732,0,0,0
2026-04-29 18:33:44,18690541,31614,6482580,28884,11000,82,83,18194184,31537,0,0,0
2026-04-29 18:33:45,18721503,30962,6493284,28928,10748,82,83,18224603,30419,0,0,0
2026-04-29 18:33:47,18753128,31625,6504258,28985,11031,81,83,18263651,39048,0,0,0
2026-04-29 18:33:48,18784791,31663,6515238,29035,11030,78,83,18295828,32177,0,0,0
2026-04-29 18:33:49,18816197,31406,6526167,29083,10977,82,83,18326826,30998,0,0,0
2026-04-29 18:33:50,18848394,32197,6537324,29134,11208,77,83,18360181,33355,0,0,0
2026-04-29 18:33:51,18880978,32584,6548582,29204,11328,79,83,18393720,33539,0,0,0
2026-04-29 18:33:52,18913418,32440,6559828,29269,11311,82,83,18425867,32147,0,0,0
2026-04-29 18:33:53,18946551,33133,6571288,29323,11514,80,83,18459729,33862,0,0,0
2026-04-29 18:33:54,18979059,32508,6582567,29376,11332,82,83,18489343,29614,0,0,0
2026-04-29 18:33:56,19010158,31099,6593405,29418,10880,74,83,18528902,39559,0,0,0
2026-04-29 18:33:57,19042346,32188,6604565,29460,11202,75,83,18561890,32988,0,0,0
2026-04-29 18:33:58,19075587,33241,6616108,29509,11592,76,83,18594729,32839,0,0,0
2026-04-29 18:33:59,19108336,32749,6627485,29553,11421,73,83,18628077,33348,0,0,0
2026-04-29 18:34:00,19141738,33402,6639060,29609,11631,82,83,18659650,31573,0,0,0
2026-04-29 18:34:01,19174631,32893,6650501,29658,11490,81,83,18691633,31983,0,0,0
2026-04-29 18:34:02,19207943,33312,6662079,29701,11621,81,83,18724703,33070,0,0,0
2026-04-29 18:34:03,19240271,32328,6673321,29750,11291,82,83,18757229,32526,0,0,0
2026-04-29 18:34:05,19271941,31670,6684296,29793,11018,82,83,18788067,30838,0,0,0
2026-04-29 18:34:06,19302636,30695,6694901,29842,10654,82,83,18824473,36406,0,0,0
2026-04-29 18:34:07,19334545,31909,6706003,29893,11153,82,83,18856396,31923,0,0,0
2026-04-29 18:34:08,19365553,31008,6716776,29946,10826,79,83,18887749,31353,0,0,0
2026-04-29 18:34:09,19396889,31336,6727635,30004,10917,78,83,18919458,31709,0,0,0
2026-04-29 18:34:10,19428191,31302,6738504,30058,10923,81,83,18949633,30175,0,0,0
2026-04-29 18:34:11,19456882,28691,6748448,30099,9985,78,83,18978329,28696,0,0,0
2026-04-29 18:34:12,19485102,28220,6758258,30140,9851,82,83,19007141,28812,0,0,0
2026-04-29 18:34:14,19511903,26801,6767529,30184,9315,82,83,19036291,29150,0,0,0
2026-04-29 18:34:15,19541219,29316,6777651,30228,10166,82,83,19065559,29268,0,0,0
2026-04-29 18:34:16,19567072,25853,6786631,30273,9025,81,83,19092030,26471,0,0,0
2026-04-29 18:34:17,19593264,26192,6795671,30304,9071,82,83,19126317,34287,0,0,0
2026-04-29 18:34:18,19621629,28365,6805563,30335,9923,73,83,19155862,29545,0,0,0
2026-04-29 18:34:19,19648818,27189,6815027,30368,9497,82,83,19183621,27759,0,0,0
2026-04-29 18:34:20,19676781,27963,6824730,30410,9745,82,83,19213110,29489,0,0,0
2026-04-29 18:34:21,19704654,27873,6834398,30459,9717,81,83,19241702,28592,0,0,0
2026-04-29 18:34:23,19733303,28649,6844320,30501,9964,80,83,19271880,30178,0,0,0
2026-04-29 18:34:24,19760542,27239,6853833,30542,9554,82,83,19299938,28058,0,0,0
2026-04-29 18:34:25,19786776,26234,6862945,30583,9153,82,83,19329226,29288,0,0,0
2026-04-29 18:34:26,19814708,27932,6872660,30620,9752,82,83,19356262,27036,0,0,0
2026-04-29 18:34:27,19841625,26917,6882004,30649,9373,72,83,19382682,26420,0,0,0
2026-04-29 18:34:28,19866666,25041,6890631,30687,8665,82,83,19416692,34010,0,0,0
2026-04-29 18:34:29,19892144,25478,6899461,30743,8886,77,83,19444446,27754,0,0,0
2026-04-29 18:34:30,19918314,26170,6908576,30792,9164,82,83,19471714,27268,0,0,0
2026-04-29 18:34:32,19944811,26497,6917737,30843,9212,82,83,19499416,27702,0,0,0
2026-04-29 18:34:33,19970725,25914,6926737,30882,9039,82,83,19526439,27023,0,0,0
2026-04-29 18:34:34,19995757,25032,6935390,30920,8691,80,83,19553597,27158,0,0,0
2026-04-29 18:34:35,20022080,26323,6944506,30968,9164,81,83,19581243,27646,0,0,0
2026-04-29 18:34:36,20047792,25712,6953435,31005,8966,66,83,19607191,25948,0,0,0
2026-04-29 18:34:37,20071326,23534,6961629,31035,8224,81,83,19631855,24664,0,0,0
2026-04-29 18:34:38,20093271,21945,6969236,31064,7636,82,83,19662281,30426,0,0,0
2026-04-29 18:34:39,20116317,23046,6977219,31096,8015,82,83,19688330,26049,0,0,0
2026-04-29 18:34:40,20140715,24398,6985681,31126,8492,76,83,19716028,27698,0,0,0
2026-04-29 18:34:42,20167024,26309,6994798,31164,9155,82,83,19742986,26958,0,0,0
2026-04-29 18:34:43,20192812,25788,7003752,31215,9005,82,83,19770741,27755,0,0,0
2026-04-29 18:34:44,20220057,27245,7013214,31261,9508,81,83,19799707,28966,0,0,0
2026-04-29 18:34:45,20247743,27686,7022804,31299,9628,74,83,19829186,29479,0,0,0
2026-04-29 18:34:46,20275908,28165,7032562,31336,9795,81,83,19857870,28684,0,0,0
2026-04-29 18:34:47,20304736,28828,7042599,31379,10080,67,83,19886114,28244,0,0,0
2026-04-29 18:34:48,20333711,28975,7052607,31422,10051,82,83,19921083,34969,0,0,0
2026-04-29 18:34:49,20365987,32276,7063805,31466,11242,79,83,19954795,33712,0,0,0
2026-04-29 18:34:51,20398622,32635,7075132,31525,11386,73,83,19986290,31495,0,0,0
2026-04-29 18:34:52,20430627,32005,7086227,31568,11138,82,83,20017553,31263,0,0,0
2026-04-29 18:34:53,20463007,32380,7097474,31615,11294,82,83,20049927,32374,0,0,0
2026-04-29 18:34:54,20495035,32028,7108592,31672,11175,79,83,20081017,31090,0,0,0
2026-04-29 18:34:55,20527501,32466,7119839,31731,11306,82,83,20111256,30239,0,0,0
2026-04-29 18:34:56,20560401,32900,7131268,31777,11475,81,83,20142332,31076,0,0,0
2026-04-29 18:34:57,20591604,31203,7142099,31830,10884,82,83,20170401,28069,0,0,0
2026-04-29 18:34:58,20621043,29439,7152324,31873,10268,82,83,20198176,27775,0,0,0
2026-04-29 18:35:00,20650931,29888,7162674,31931,10408,81,83,20234892,36716,0,0,0
2026-04-29 18:35:01,20679500,28569,7172581,31967,9943,82,83,20264506,29614,0,0,0
2026-04-29 18:35:02,20710594,31094,7183334,32019,10805,75,83,20295091,30585,0,0,0
2026-04-29 18:35:03,20737073,26479,7192535,32052,9234,82,83,20323124,28033,0,0,0
2026-04-29 18:35:04,20763841,26768,7201833,32094,9340,79,83,20351248,28124,0,0,0
2026-04-29 18:35:05,20791830,27989,7211593,32141,9807,82,83,20379731,28483,0,0,0
2026-04-29 18:35:06,20817863,26033,7220623,32178,9067,82,83,20406580,26849,0,0,0
2026-04-29 18:35:07,20844746,26883,7229990,32219,9408,82,83,20434955,28375,0,0,0
2026-04-29 18:35:09,20872402,27656,7239505,32263,9559,79,83,20462443,27488,0,0,0
2026-04-29 18:35:10,20901778,29376,7249731,32311,10274,79,83,20498328,35885,0,0,0
2026-04-29 18:35:11,20934903,33125,7261176,32378,11512,80,83,20530825,32497,0,0,0
2026-04-29 18:35:12,20966700,31797,7272214,32439,11099,79,83,20561601,30776,0,0,0
2026-04-29 18:35:13,20999202,32502,7283485,32492,11324,77,83,20594167,32566,0,0,0
2026-04-29 18:35:14,21032887,33685,7295178,32540,11741,81,83,20626032,31865,0,0,0
2026-04-29 18:35:15,21066790,33903,7306921,32589,11792,82,83,20656869,30837,0,0,0
2026-04-29 18:35:16,21100305,33515,7318559,32641,11690,82,83,20687667,30798,0,0,0
2026-04-29 18:35:18,21132169,31864,7329650,32690,11140,82,83,20718658,30991,0,0,0
2026-04-29 18:35:19,21162772,30603,7340286,32737,10683,82,83,20746927,28269,0,0,0
2026-04-29 18:35:20,21190034,27262,7349774,32779,9530,82,83,20781170,34243,0,0,0
2026-04-29 18:35:21,21220231,30197,7360204,32816,10467,82,83,20812222,31052,0,0,0
2026-04-29 18:35:22,21249402,29171,7370313,32861,10154,70,83,20841350,29128,0,0,0
2026-04-29 18:35:23,21277982,28580,7380208,32904,9938,79,83,20870140,28790,0,0,0
2026-04-29 18:35:24,21309022,31040,7390983,32943,10814,82,83,20900688,30548,0,0,0
2026-04-29 18:35:25,21335327,26305,7400075,32986,9135,76,83,20928424,27736,0,0,0
2026-04-29 18:35:27,21364067,28740,7410034,33020,9993,75,83,20957591,29167,0,0,0
2026-04-29 18:35:28,21391130,27063,7419444,33063,9453,82,83,20986692,29101,0,0,0
2026-04-29 18:35:29,21418228,27098,7428813,33103,9409,82,83,21013685,26993,0,0,0
2026-04-29 18:35:30,21444379,26151,7437895,33140,9119,82,83,21040554,26869,0,0,0
2026-04-29 18:35:31,21468394,24015,7446214,33180,8359,82,83,21074383,33829,0,0,0
2026-04-29 18:35:32,21491822,23428,7454368,33207,8181,82,83,21099154,24771,0,0,0
2026-04-29 18:35:33,21516322,24500,7462860,33244,8529,82,83,21124815,25661,0,0,0
2026-04-29 18:35:34,21541670,25348,7471644,33284,8824,82,83,21151656,26841,0,0,0
2026-04-29 18:35:35,21566703,25033,7480299,33325,8696,81,83,21178370,26714,0,0,0
2026-04-29 18:35:37,21591260,24557,7488812,33363,8551,75,83,21204683,26313,0,0,0
2026-04-29 18:35:38,21614372,23112,7496861,33406,8092,82,83,21229802,25119,0,0,0
2026-04-29 18:35:39,21637985,23613,7505070,33453,8256,82,83,21256181,26379,0,0,0
2026-04-29 18:35:40,21661220,23235,7513078,33490,8045,81,83,21280215,24034,0,0,0
2026-04-29 18:35:41,21683159,21939,7520689,33527,7648,82,83,21311293,31078,0,0,0
2026-04-29 18:35:42,21704456,21297,7528053,33560,7397,82,83,21335581,24288,0,0,0
2026-04-29 18:35:43,21728181,23725,7536331,33602,8320,82,83,21360864,25283,0,0,0
2026-04-29 18:35:44,21753250,25069,7545017,33642,8726,79,83,21387321,26457,0,0,0
2026-04-29 18:35:46,21778567,25317,7553788,33678,8807,82,83,21414808,27487,0,0,0
2026-04-29 18:35:47,21804942,26375,7562925,33736,9195,82,83,21442888,28080,0,0,0
2026-04-29 18:35:48,21830658,25716,7571873,33773,8985,80,83,21470767,27879,0,0,0
2026-04-29 18:35:49,21856259,25601,7580758,33811,8923,82,83,21497575,26808,0,0,0
2026-04-29 18:35:50,21881659,25400,7589544,33849,8824,82,83,21522634,25059,0,0,0
2026-04-29 18:35:51,21904267,22608,7597405,33878,7890,82,83,21553580,30946,0,0,0
2026-04-29 18:35:52,21930138,25871,7606352,33924,8993,77,83,21581497,27917,0,0,0
2026-04-29 18:35:53,21957494,27356,7615890,33965,9579,82,83,21609438,27941,0,0,0
2026-04-29 18:35:55,21984997,27503,7625379,34009,9533,77,83,21638357,28919,0,0,0
2026-04-29 18:35:56,22012848,27851,7635075,34044,9731,82,83,21667503,29146,0,0,0
2026-04-29 18:35:57,22039458,26610,7644336,34091,9308,82,83,21695207,27704,0,0,0
2026-04-29 18:35:58,22064874,25416,7653151,34134,8858,82,83,21722708,27501,0,0,0
2026-04-29 18:35:59,22091338,26464,7662342,34176,9233,82,83,21750456,27748,0,0,0
2026-04-29 18:36:00,22116284,24946,7670977,34219,8678,82,83,21775815,25359,0,0,0
2026-04-29 18:36:01,22142119,25835,7679968,34251,9023,82,83,21807939,32124,0,0,0
2026-04-29 18:36:02,22167545,25426,7688804,34291,8876,77,83,21835908,27969,0,0,0
2026-04-29 18:36:03,22196955,29410,7699013,34339,10257,82,83,21865828,29920,0,0,0
2026-04-29 18:36:05,22228155,31200,7709781,34384,10813,79,83,21896183,30355,0,0,0
2026-04-29 18:36:06,22255886,27731,7719450,34421,9706,82,83,21924410,28227,0,0,0
2026-04-29 18:36:07,22285212,29326,7729671,34464,10264,82,83,21954152,29742,0,0,0
2026-04-29 18:36:08,22316432,31220,7740469,34504,10838,82,83,21985001,30849,0,0,0
2026-04-29 18:36:09,22346312,29880,7750839,34569,10435,82,83,22013961,28960,0,0,0
2026-04-29 18:36:10,22373341,27029,7760189,34607,9388,82,83,22039619,25658,0,0,0
2026-04-29 18:36:11,22401079,27738,7769779,34656,9639,81,83,22076806,37187,0,0,0
2026-04-29 18:36:12,22429537,28458,7779635,34705,9905,80,83,22106330,29524,0,0,0
2026-04-29 18:36:14,22458771,29234,7789758,34764,10182,78,83,22136808,30478,0,0,0
2026-04-29 18:36:15,22490470,31699,7800779,34820,11077,72,83,22167538,30730,0,0,0
2026-04-29 18:36:16,22522151,31681,7811754,34867,11022,82,83,22199998,32460,0,0,0
2026-04-29 18:36:17,22556165,34014,7823550,34919,11848,77,83,22231754,31756,0,0,0
2026-04-29 18:36:18,22589749,33584,7835205,34972,11708,82,83,22262523,30769,0,0,0
2026-04-29 18:36:19,22621597,31848,7846232,35024,11079,82,83,22292862,30339,0,0,0
2026-04-29 18:36:20,22652712,31115,7857055,35069,10868,82,83,22321609,28747,0,0,0
2026-04-29 18:36:21,22685606,32894,7868432,35136,11444,77,83,22360885,39276,0,0,0
2026-04-29 18:36:23,22717961,32355,7879681,35192,11305,82,83,22390776,29891,0,0,0
2026-04-29 18:36:24,22751681,33720,7891367,35242,11736,82,83,22423610,32834,0,0,0
2026-04-29 18:36:25,22785995,34314,7903249,35299,11939,77,83,22455254,31644,0,0,0
2026-04-29 18:36:26,22818733,32738,7914642,35355,11449,80,83,22488215,32961,0,0,0
2026-04-29 18:36:27,22852475,33742,7926325,35416,11744,78,83,22521279,33064,0,0,0
2026-04-29 18:36:28,22886767,34292,7938219,35466,11944,82,83,22553489,32210,0,0,0
2026-04-29 18:36:29,22918438,31671,7949225,35516,11056,81,83,22583203,29714,0,0,0
2026-04-29 18:36:30,22948455,30017,7959634,35559,10452,82,83,22619019,35816,0,0,0
2026-04-29 18:36:32,22981891,33436,7971268,35606,11681,76,83,22651391,32372,0,0,0
2026-04-29 18:36:33,23014884,32993,7982723,35651,11500,71,83,22682215,30824,0,0,0
2026-04-29 18:36:34,23047486,32602,7994045,35700,11371,82,83,22713052,30837,0,0,0
2026-04-29 18:36:35,23081376,33890,8005792,35748,11795,82,83,22744512,31460,0,0,0
2026-04-29 18:36:36,23114362,32986,8017294,35788,11542,81,83,22776083,31571,0,0,0
2026-04-29 18:36:37,23146337,31975,8028399,35831,11148,82,83,22807566,31483,0,0,0
2026-04-29 18:36:38,23179809,33472,8040008,35892,11670,82,83,22838867,31301,0,0,0
2026-04-29 18:36:39,23212504,32695,8051357,35945,11402,82,83,22868943,30076,0,0,0
2026-04-29 18:36:41,23242845,30341,8061892,35993,10583,74,83,22898390,29447,0,0,0
2026-04-29 18:36:42,23273191,30346,8072416,36026,10557,79,83,22936258,37868,0,0,0
2026-04-29 18:36:43,23302819,29628,8082696,36070,10324,81,83,22965663,29405,0,0,0
2026-04-29 18:36:44,23331237,28418,8092574,36113,9921,82,83,22994980,29317,0,0,0
2026-04-29 18:36:45,23359646,28409,8102404,36157,9874,82,83,23023549,28569,0,0,0
2026-04-29 18:36:46,23388548,28902,8112443,36215,10097,82,83,23051977,28428,0,0,0
2026-04-29 18:36:47,23415574,27026,8121821,36256,9419,78,83,23080816,28839,0,0,0
2026-04-29 18:36:48,23442621,27047,8131224,36296,9443,80,83,23110043,29227,0,0,0
2026-04-29 18:36:50,23466327,23706,8139473,36332,8285,82,83,23135753,25710,0,0,0
2026-04-29 18:36:51,23488105,21778,8147002,36377,7574,82,83,23159319,23566,0,0,0
2026-04-29 18:36:52,23510651,22546,8154752,36409,7782,82,83,23190628,31309,0,0,0
2026-04-29 18:36:53,23535869,25218,8163497,36452,8788,82,83,23218214,27586,0,0,0
2026-04-29 18:36:54,23560996,25127,8172212,36489,8752,82,83,23245708,27494,0,0,0
2026-04-29 18:36:55,23585165,24169,8180604,36528,8431,80,83,23272143,26435,0,0,0
2026-04-29 18:36:56,23609645,24480,8189146,36573,8587,82,83,23299037,26894,0,0,0
2026-04-29 18:36:57,23633278,23633,8197302,36605,8188,79,83,23325560,26523,0,0,0
2026-04-29 18:36:59,23656293,23015,8205306,36645,8044,55,83,23350407,24847,0,0,0
2026-04-29 18:37:00,23681343,25050,8213947,36680,8676,82,83,23377909,27502,0,0,0
2026-04-29 18:37:01,23705371,24028,8222258,36720,8351,82,83,23403992,26083,0,0,0
2026-04-29 18:37:02,23729392,24021,8230603,36756,8381,82,83,23428998,25006,0,0,0
2026-04-29 18:37:03,23750131,20739,8237819,36788,7248,82,83,23452108,23110,0,0,0
2026-04-29 18:37:04,23771503,21372,8245217,36826,7436,81,83,23484052,31944,0,0,0
2026-04-29 18:37:05,23795387,23884,8253485,36873,8315,81,83,23510694,26642,0,0,0
2026-04-29 18:37:06,23819449,24062,8261885,36908,8435,81,83,23535695,25001,0,0,0
2026-04-29 18:37:07,23842704,23255,8269966,36934,8107,82,83,23562163,26468,0,0,0
2026-04-29 18:37:09,23866822,24118,8278328,36967,8395,82,83,23588433,26270,0,0,0
2026-04-29 18:37:10,23893487,26665,8287590,37008,9303,82,83,23616506,28073,0,0,0
2026-04-29 18:37:11,23922226,28739,8297539,37057,9998,64,83,23645930,29424,0,0,0
2026-04-29 18:37:12,23951552,29326,8307693,37098,10195,82,83,23674626,28696,0,0,0
2026-04-29 18:37:13,23981594,30042,8318134,37140,10483,82,83,23710300,35674,0,0,0
2026-04-29 18:37:14,24013056,31462,8329049,37198,10973,82,83,23743054,32754,0,0,0
2026-04-29 18:37:15,24044397,31341,8339880,37240,10873,82,83,23776053,32999,0,0,0
2026-04-29 18:37:16,24075829,31432,8350808,37289,10977,81,83,23808385,32332,0,0,0
2026-04-29 18:37:18,24108615,32786,8362162,37338,11403,73,83,23840827,32442,0,0,0
2026-04-29 18:37:19,24141842,33227,8373697,37386,11583,82,83,23872957,32130,0,0,0
2026-04-29 18:37:20,24175174,33332,8385220,37427,11564,82,83,23904364,31407,0,0,0
2026-04-29 18:37:21,24206673,31499,8396197,37473,11023,82,83,23936558,32194,0,0,0
2026-04-29 18:37:22,24237627,30954,8406933,37520,10783,82,83,23967533,30975,0,0,0
2026-04-29 18:37:23,24269865,32238,8418079,37574,11200,78,83,24005794,38261,0,0,0
2026-04-29 18:37:24,24302803,32938,8429494,37621,11462,76,83,24038128,32334,0,0,0
2026-04-29 18:37:25,24336310,33507,8441120,37666,11671,79,83,24070561,32433,0,0,0
2026-04-29 18:37:27,24369295,32985,8452549,37727,11490,73,83,24103941,33380,0,0,0
2026-04-29 18:37:28,24401634,32339,8463753,37780,11257,82,83,24135681,31740,0,0,0
2026-04-29 18:37:29,24435912,34278,8475652,37835,11954,81,83,24168743,33062,0,0,0
2026-04-29 18:37:30,24468883,32971,8487118,37889,11520,82,83,24201163,32420,0,0,0
2026-04-29 18:37:31,24501490,32607,8498435,37938,11366,82,83,24232086,30923,0,0,0
2026-04-29 18:37:32,24532027,30537,8509063,37975,10665,82,83,24262541,30455,0,0,0
2026-04-29 18:37:33,24563763,31736,8520038,38021,11021,77,83,24302064,39523,0,0,0
2026-04-29 18:37:34,24597771,34008,8531850,38066,11857,82,83,24334464,32400,0,0,0
2026-04-29 18:37:36,24631467,33696,8543558,38119,11761,82,83,24368292,33828,0,0,0
2026-04-29 18:37:37,24663875,32408,8554784,38169,11276,77,83,24401536,33244,0,0,0
2026-04-29 18:37:38,24697660,33785,8566532,38210,11789,81,83,24433882,32346,0,0,0
2026-04-29 18:37:39,24729393,31733,8577540,38259,11057,82,83,24466197,32315,0,0,0
2026-04-29 18:37:40,24761424,32031,8588626,38309,11136,80,83,24500132,33935,0,0,0
2026-04-29 18:37:41,24794812,33388,8600218,38364,11647,81,83,24532137,32005,0,0,0
2026-04-29 18:37:42,24826037,31225,8611115,38405,10938,82,83,24562678,30541,0,0,0
2026-04-29 18:37:43,24856041,30004,8621487,38453,10420,82,83,24601141,38463,0,0,0
2026-04-29 18:37:45,24884240,28199,8631295,38495,9850,82,83,24631631,30490,0,0,0
2026-04-29 18:37:46,24913721,29481,8641480,38543,10233,79,83,24661422,29791,0,0,0
2026-04-29 18:37:47,24942787,29066,8651599,38596,10172,82,83,24691376,29954,0,0,0
2026-04-29 18:37:48,24969222,26435,8660746,38635,9186,82,83,24720835,29459,0,0,0
2026-04-29 18:37:49,24996358,27136,8670169,38668,9456,79,83,24749268,28433,0,0,0
2026-04-29 18:37:50,25027688,31330,8681052,38709,10924,81,83,24780826,31558,0,0,0
2026-04-29 18:37:51,25058169,30481,8691611,38752,10602,82,83,24811964,31138,0,0,0
2026-04-29 18:37:52,25087699,29530,8701884,38786,10307,82,83,24841068,29104,0,0,0
2026-04-29 18:37:54,25118302,30603,8712501,38835,10666,82,83,24879418,38350,0,0,0
2026-04-29 18:37:55,25150349,32047,8723607,38886,11157,82,83,24910535,31117,0,0,0
2026-04-29 18:37:56,25180305,29956,8734019,38937,10463,82,83,24941234,30699,0,0,0
2026-04-29 18:37:57,25209117,28812,8743949,38985,9978,82,83,24970804,29570,0,0,0
2026-04-29 18:37:58,25236088,26971,8753349,39027,9442,82,83,24999359,28555,0,0,0
2026-04-29 18:37:59,25262010,25922,8762403,39068,9095,82,83,25027751,28392,0,0,0
2026-04-29 18:38:00,25289100,27090,8771769,39110,9408,75,83,25057071,29320,0,0,0
2026-04-29 18:38:01,25314953,25853,8780741,39156,9018,82,83,25085764,28693,0,0,0
2026-04-29 18:38:03,25340834,25881,8789746,39185,9034,82,83,25112195,26431,0,0,0
2026-04-29 18:38:04,25365094,24260,8798160,39224,8453,82,83,25138554,26359,0,0,0
2026-04-29 18:38:05,25387545,22451,8805910,39257,7783,80,83,25170667,32113,0,0,0
2026-04-29 18:38:06,25411847,24302,8814370,39277,8480,81,83,25197343,26676,0,0,0
2026-04-29 18:38:07,25437081,25234,8823191,39310,8854,82,83,25223917,26574,0,0,0
2026-04-29 18:38:08,25461022,23941,8831491,39343,8333,82,83,25250954,27037,0,0,0
2026-04-29 18:38:09,25484629,23607,8839660,39377,8203,82,83,25277119,26165,0,0,0
2026-04-29 18:38:10,25507866,23237,8847745,39416,8124,82,83,25303387,26268,0,0,0
2026-04-29 18:38:11,25532765,24899,8856383,39467,8689,82,83,25329503,26116,0,0,0
2026-04-29 18:38:13,25555552,22787,8864257,39512,7919,82,83,25353919,24416,0,0,0
2026-04-29 18:38:14,25575857,20305,8871316,39545,7092,67,83,25376899,22980,0,0,0
2026-04-29 18:38:15,25598255,22398,8879064,39577,7780,76,83,25408964,32065,0,0,0
2026-04-29 18:38:16,25623370,25115,8887792,39618,8769,81,83,25435945,26981,0,0,0
2026-04-29 18:38:17,25649315,25945,8896813,39661,9064,82,83,25463857,27912,0,0,0
2026-04-29 18:38:18,25677145,27830,8906449,39695,9670,82,83,25493568,29711,0,0,0
2026-04-29 18:38:19,25708033,30888,8917198,39736,10790,82,83,25523348,29780,0,0,0
2026-04-29 18:38:20,25737582,29549,8927479,39787,10332,82,83,25550342,26994,0,0,0
2026-04-29 18:38:22,25769720,32138,8938613,39841,11188,76,83,25580739,30397,0,0,0
2026-04-29 18:38:23,25800510,30790,8949317,39886,10749,82,83,25608138,27399,0,0,0
2026-04-29 18:38:24,25831600,31090,8960135,39937,10869,82,83,25636311,28173,0,0,0
2026-04-29 18:38:25,25865463,33863,8971835,39991,11754,82,83,25674299,37988,0,0,0
2026-04-29 18:38:26,25899033,33570,8983492,40046,11712,82,83,25706114,31815,0,0,0
2026-04-29 18:38:27,25933697,34664,8995480,40094,12036,81,83,25737648,31534,0,0,0
2026-04-29 18:38:28,25967679,33982,9007258,40141,11825,81,83,25769092,31444,0,0,0
2026-04-29 18:38:29,26002469,34790,9019360,40196,12157,82,83,25799969,30877,0,0,0
2026-04-29 18:38:31,26037375,34906,9031416,40239,12099,80,83,25832579,32610,0,0,0
2026-04-29 18:38:32,26071010,33635,9043060,40289,11694,81,83,25864975,32396,0,0,0
2026-04-29 18:38:33,26102970,31960,9054149,40340,11140,82,83,25894233,29258,0,0,0
2026-04-29 18:38:34,26135838,32868,9065572,40386,11469,82,83,25931430,37197,0,0,0
2026-04-29 18:38:35,26168889,33051,9077008,40442,11492,82,83,25962795,31365,0,0,0
2026-04-29 18:38:36,26202742,33853,9088744,40489,11783,76,83,25993804,31009,0,0,0
2026-04-29 18:38:37,26236962,34220,9100621,40541,11929,76,83,26024701,30897,0,0,0
2026-04-29 18:38:38,26271923,34961,9112728,40591,12157,73,83,26056379,31678,0,0,0
2026-04-29 18:38:40,26305667,33744,9124427,40641,11749,81,83,26087318,30939,0,0,0
2026-04-29 18:38:41,26338458,32791,9135800,40707,11439,81,83,26117602,30284,0,0,0
2026-04-29 18:38:42,26371199,32741,9147191,40754,11438,82,83,26147065,29463,0,0,0
2026-04-29 18:38:43,26402948,31749,9158190,40794,11039,82,83,26174509,27444,0,0,0
2026-04-29 18:38:44,26435500,32552,9169507,40828,11351,80,83,26210970,36461,0,0,0
2026-04-29 18:38:45,26469399,33899,9181266,40878,11809,80,83,26241189,30219,0,0,0
2026-04-29 18:38:46,26503057,33658,9192937,40935,11728,82,83,26272157,30968,0,0,0
2026-04-29 18:38:47,26537762,34705,9204919,40993,12040,75,83,26304049,31892,0,0,0
2026-04-29 18:38:49,26572463,34701,9216986,41045,12119,82,83,26335863,31814,0,0,0
2026-04-29 18:38:50,26606611,34148,9228815,41099,11883,77,83,26368240,32377,0,0,0
2026-04-29 18:38:51,26640415,33804,9240549,41145,11780,82,83,26398390,30150,0,0,0
2026-04-29 18:38:52,26674495,34080,9252336,41213,11855,80,83,26429177,30787,0,0,0
2026-04-29 18:38:53,26706396,31901,9263426,41262,11139,82,83,26457052,27875,0,0,0
2026-04-29 18:38:54,26738150,31754,9274398,41301,11011,80,83,26494370,37318,0,0,0
2026-04-29 18:38:55,26772355,34205,9286253,41362,11916,80,83,26524661,30291,0,0,0
2026-04-29 18:38:56,26805931,33576,9297934,41408,11727,82,83,26556010,31349,0,0,0
2026-04-29 18:38:58,26839100,33169,9309413,41451,11522,82,83,26586323,30313,0,0,0
2026-04-29 18:38:59,26873164,34064,9321204,41509,11849,80,83,26616957,30634,0,0,0
2026-04-29 18:39:00,26907343,34179,9333075,41556,11918,82,83,26647416,30459,0,0,0
2026-04-29 18:39:01,26940714,33371,9344713,41605,11687,82,83,26678836,31420,0,0,0
2026-04-29 18:39:02,26975125,34411,9356643,41657,11982,81,83,26708951,30115,0,0,0
2026-04-29 18:39:03,27008309,33184,9368139,41703,11542,82,83,26737402,28451,0,0,0
2026-04-29 18:39:04,27041618,33309,9379673,41758,11589,81,83,26774156,36754,0,0,0
2026-04-29 18:39:05,27075275,33657,9391384,41813,11766,78,83,26804565,30409,0,0,0
2026-04-29 18:39:07,27109568,34293,9403299,41867,11969,77,83,26835641,31076,0,0,0
2026-04-29 18:39:08,27144535,34967,9415414,41921,12169,82,83,26867094,31453,0,0,0
2026-04-29 18:39:09,27179799,35264,9427665,41970,12300,79,83,26898282,31188,0,0,0
2026-04-29 18:39:10,27216215,36416,9440238,42025,12628,81,83,26929959,31677,0,0,0
2026-04-29 18:39:11,27250266,34051,9452032,42074,11843,82,83,26960544,30585,0,0,0
2026-04-29 18:39:12,27280823,30557,9462661,42111,10666,79,83,26989291,28747,0,0,0
2026-04-29 18:39:13,27308636,27813,9472347,42148,9723,82,83,27015367,26076,0,0,0
2026-04-29 18:39:14,27336481,27845,9482019,42187,9711,82,83,27041299,25932,0,0,0
2026-04-29 18:39:16,27361684,25203,9490760,42218,8772,79,83,27074857,33558,0,0,0
2026-04-29 18:39:17,27390309,28625,9500703,42261,9986,81,83,27102532,27675,0,0,0
2026-04-29 18:39:18,27419348,29039,9510773,42303,10112,66,83,27132199,29667,0,0,0
2026-04-29 18:39:19,27448346,28998,9520826,42350,10100,82,83,27160116,27917,0,0,0
2026-04-29 18:39:20,27476460,28114,9530574,42399,9797,82,83,27188081,27965,0,0,0
2026-04-29 18:39:21,27501737,25277,9539378,42433,8838,78,83,27215703,27622,0,0,0
2026-04-29 18:39:22,27528571,26834,9548693,42481,9363,81,83,27242523,26820,0,0,0
2026-04-29 18:39:23,27555212,26641,9557939,42521,9286,82,83,27267349,24826,0,0,0
2026-04-29 18:39:25,27580581,25369,9566704,42561,8805,81,83,27291915,24566,0,0,0
2026-04-29 18:39:26,27606875,26294,9575843,42591,9169,82,83,27325307,33392,0,0,0
2026-04-29 18:39:27,27635066,28191,9585609,42631,9806,82,83,27352960,27653,0,0,0
2026-04-29 18:39:28,27663810,28744,9595579,42673,10012,67,83,27380408,27448,0,0,0
2026-04-29 18:39:29,27691206,27396,9605079,42711,9538,81,83,27407671,27263,0,0,0
2026-04-29 18:39:30,27715715,24509,9613587,42748,8545,81,83,27432597,24926,0,0,0
2026-04-29 18:39:31,27739765,24050,9621921,42799,8385,81,83,27456825,24228,0,0,0
2026-04-29 18:39:32,27766078,26313,9631063,42834,9177,82,83,27481890,25065,0,0,0
2026-04-29 18:39:34,27791444,25366,9639903,42874,8880,82,83,27507891,26001,0,0,0
2026-04-29 18:39:35,27815827,24383,9648321,42913,8457,82,83,27531759,23868,0,0,0
2026-04-29 18:39:36,27841087,25260,9657080,42952,8798,82,83,27557311,25552,0,0,0
2026-04-29 18:39:37,27866515,25428,9665938,42995,8901,82,83,27590783,33472,0,0,0
2026-04-29 18:39:38,27893247,26732,9675164,43032,9263,82,83,27619575,28792,0,0,0
2026-04-29 18:39:39,27920053,26806,9684454,43072,9330,82,83,27645565,25990,0,0,0
2026-04-29 18:39:40,27946029,25976,9693514,43106,9094,82,83,27671838,26273,0,0,0
2026-04-29 18:39:41,27972446,26417,9702615,43153,9148,82,83,27699065,27227,0,0,0
2026-04-29 18:39:43,27999278,26832,9711953,43193,9378,72,83,27726601,27536,0,0,0
2026-04-29 18:39:44,28028131,28853,9721905,43242,10001,81,83,27754521,27920,0,0,0
2026-04-29 18:39:45,28057812,29681,9732207,43294,10354,82,83,27780859,26338,0,0,0
2026-04-29 18:39:46,28087774,29962,9742622,43339,10460,82,83,27809111,28252,0,0,0
2026-04-29 18:39:47,28120058,32284,9753821,43386,11246,82,83,27845897,36786,0,0,0
2026-04-29 18:39:48,28153738,33680,9765497,43426,11716,81,83,27878184,32287,0,0,0
2026-04-29 18:39:49,28187238,33500,9777150,43468,11695,82,83,27910485,32301,0,0,0
2026-04-29 18:39:50,28221178,33940,9788941,43531,11854,81,83,27941132,30647,0,0,0
2026-04-29 18:39:52,28255211,34033,9800746,43588,11862,79,83,27972298,31166,0,0,0
2026-04-29 18:39:53,28287294,32083,9811906,43637,11209,80,83,28002113,29815,0,0,0
2026-04-29 18:39:54,28319405,32111,9823054,43682,11193,81,83,28031517,29404,0,0,0
2026-04-29 18:39:55,28352211,32806,9834479,43724,11467,82,83,28060756,29239,0,0,0
2026-04-29 18:39:56,28384879,32668,9845781,43776,11354,78,83,28097930,37174,0,0,0
2026-04-29 18:39:57,28419180,34301,9857696,43825,11964,82,83,28129101,31171,0,0,0
2026-04-29 18:39:58,28452543,33363,9869262,43862,11603,81,83,28159268,30167,0,0,0
2026-04-29 18:39:59,28485061,32518,9880508,43916,11300,76,83,28189171,29903,0,0,0
2026-04-29 18:40:01,28519692,34631,9892518,43970,12064,82,83,28219746,30575,0,0,0
2026-04-29 18:40:02,28554277,34585,9904476,44023,12011,81,83,28251589,31843,0,0,0
2026-04-29 18:40:03,28588677,34400,9916415,44085,12001,82,83,28281712,30123,0,0,0
2026-04-29 18:40:04,28620065,31388,9927285,44137,10922,82,83,28310627,28915,0,0,0
2026-04-29 18:40:05,28652753,32688,9938657,44189,11424,80,83,28338596,27969,0,0,0
2026-04-29 18:40:06,28686852,34099,9950468,44235,11857,77,83,28376721,38125,0,0,0
2026-04-29 18:40:07,28721880,35028,9962610,44295,12202,72,83,28408253,31532,0,0,0
2026-04-29 18:40:08,28756578,34698,9974630,44355,12080,80,83,28439631,31378,0,0,0
2026-04-29 18:40:10,28790104,33526,9986261,44413,11689,81,83,28470152,30521,0,0,0
2026-04-29 18:40:11,28823407,33303,9997816,44453,11595,82,83,28500096,29944,0,0,0
2026-04-29 18:40:12,28857268,33861,10009578,44523,11832,82,83,28531414,31318,0,0,0
2026-04-29 18:40:13,28891278,34010,10021392,44566,11857,81,83,28563429,32015,0,0,0
2026-04-29 18:40:14,28925148,33870,10033163,44622,11827,78,83,28593212,29783,0,0,0
2026-04-29 18:40:15,28957496,32348,10044372,44678,11265,82,83,28621501,28289,0,0,0
2026-04-29 18:40:16,28992457,34961,10056497,44730,12177,68,83,28658939,37438,0,0,0
2026-04-29 18:40:17,29027230,34773,10068563,44781,12117,82,83,28689693,30754,0,0,0
2026-04-29 18:40:19,29060908,33678,10080186,44833,11675,82,83,28720957,31264,0,0,0
2026-04-29 18:40:20,29095463,34555,10092156,44890,12027,80,83,28752001,31044,0,0,0
2026-04-29 18:40:21,29130246,34783,10104214,44938,12106,80,83,28782395,30394,0,0,0
2026-04-29 18:40:22,29163501,33255,10115746,44991,11585,82,83,28814021,31626,0,0,0
2026-04-29 18:40:23,29198127,34626,10127743,45050,12056,82,83,28844902,30881,0,0,0
2026-04-29 18:40:24,29232093,33966,10139553,45091,11851,82,83,28875280,30378,0,0,0
2026-04-29 18:40:25,29264365,32272,10150755,45141,11252,82,83,28903682,28402,0,0,0
2026-04-29 18:40:26,29297208,32843,10162130,45182,11416,80,83,28938706,35024,0,0,0
2026-04-29 18:40:28,29330831,33623,10173832,45238,11758,82,83,28969218,30512,0,0,0
2026-04-29 18:40:29,29363212,32381,10185074,45290,11294,82,83,28997682,28464,0,0,0
2026-04-29 18:40:30,29393547,30335,10195570,45340,10546,82,83,29026852,29170,0,0,0
2026-04-29 18:40:31,29424443,30896,10206278,45393,10761,82,83,29055818,28966,0,0,0
2026-04-29 18:40:32,29452819,28376,10216105,45449,9883,79,83,29083977,28159,0,0,0
2026-04-29 18:40:33,29482558,29739,10226427,45502,10375,82,83,29112731,28754,0,0,0
2026-04-29 18:40:34,29509946,27388,10235947,45549,9567,82,83,29138294,25563,0,0,0
2026-04-29 18:40:35,29536143,26197,10245009,45585,9098,82,83,29163226,24932,0,0,0
2026-04-29 18:40:37,29560927,24784,10253635,45616,8657,79,83,29197029,33803,0,0,0
2026-04-29 18:40:38,29587603,26676,10262848,45655,9252,81,83,29223209,26180,0,0,0
2026-04-29 18:40:39,29614634,27031,10272246,45689,9432,82,83,29250207,26998,0,0,0
2026-04-29 18:40:40,29643013,28379,10282086,45725,9876,82,83,29279120,28913,0,0,0
2026-04-29 18:40:41,29669086,26073,10291136,45756,9081,82,83,29305863,26743,0,0,0
2026-04-29 18:40:42,29694810,25724,10300046,45786,8940,76,83,29332369,26506,0,0,0
2026-04-29 18:40:43,29720173,25363,10308845,45818,8831,79,83,29358463,26094,0,0,0
2026-04-29 18:40:44,29745263,25090,10317605,45853,8795,81,83,29383413,24950,0,0,0
2026-04-29 18:40:45,29767734,22471,10325398,45889,7829,82,83,29407600,24187,0,0,0
2026-04-29 18:40:47,29789070,21336,10332815,45919,7447,82,83,29430025,22425,0,0,0
2026-04-29 18:40:48,29812647,23577,10340981,45956,8203,76,83,29461927,31902,0,0,0
2026-04-29 18:40:49,29837097,24450,10349484,45988,8535,80,83,29488010,26083,0,0,0
2026-04-29 18:40:50,29861761,24664,10358011,46025,8564,80,83,29513948,25938,0,0,0
2026-04-29 18:40:51,29887552,25791,10366959,46061,8984,82,83,29539893,25945,0,0,0
2026-04-29 18:40:52,29912532,24980,10375589,46103,8672,78,83,29565747,25854,0,0,0
2026-04-29 18:40:53,29938814,26282,10384726,46138,9172,82,83,29591017,25270,0,0,0
2026-04-29 18:40:54,29965251,26437,10393921,46189,9246,82,83,29617231,26214,0,0,0
2026-04-29 18:40:56,29992494,27243,10403368,46236,9494,82,83,29642435,25204,0,0,0
2026-04-29 18:40:57,30021747,29253,10413508,46280,10184,82,83,29676234,33799,0,0,0
2026-04-29 18:40:58,30053804,32057,10424621,46318,11151,81,83,29705475,29241,0,0,0
2026-04-29 18:40:59,30087480,33676,10436343,46373,11777,78,83,29734626,29151,0,0,0
2026-04-29 18:41:00,30120090,32610,10447682,46427,11393,82,83,29765489,30863,0,0,0
2026-04-29 18:41:01,30153132,33042,10459116,46470,11477,82,83,29796035,30546,0,0,0
2026-04-29 18:41:02,30187018,33886,10470871,46515,11800,81,83,29826707,30672,0,0,0
2026-04-29 18:41:03,30219805,32787,10482255,46567,11436,81,83,29857136,30429,0,0,0
2026-04-29 18:41:05,30252159,32354,10493497,46611,11286,82,83,29886426,29290,0,0,0
2026-04-29 18:41:06,30283812,31653,10504477,46653,11022,82,83,29915074,28648,0,0,0
2026-04-29 18:41:07,30315848,32036,10515581,46704,11155,82,83,29950360,35286,0,0,0
2026-04-29 18:41:08,30348462,32614,10526948,46754,11417,82,83,29980580,30220,0,0,0
2026-04-29 18:41:09,30378210,29748,10537224,46804,10326,81,83,30010118,29538,0,0,0
2026-04-29 18:41:10,30409089,30879,10547922,46857,10751,72,83,30038365,28247,0,0,0
2026-04-29 18:41:11,30437549,28460,10557790,46908,9919,81,83,30064515,26150,0,0,0
2026-04-29 18:41:13,30465462,27913,10567478,46951,9731,82,83,30091817,27302,0,0,0
2026-04-29 18:41:14,30494727,29265,10577624,46995,10190,77,83,30118927,27110,0,0,0
2026-04-29 18:41:15,30523651,28924,10587672,47035,10088,82,83,30145540,26613,0,0,0
2026-04-29 18:41:16,30550132,26481,10596881,47069,9243,82,83,30169961,24421,0,0,0
2026-04-29 18:41:17,30576298,26166,10605924,47104,9078,82,83,30194246,24285,0,0,0
2026-04-29 18:41:18,30604100,27802,10615573,47137,9682,82,83,30228013,33767,0,0,0
2026-04-29 18:41:19,30633357,29257,10625635,47196,10121,81,83,30256264,28251,0,0,0
2026-04-29 18:41:20,30662205,28848,10635652,47238,10059,82,83,30283363,27099,0,0,0
2026-04-29 18:41:21,30689329,27124,10645081,47280,9471,81,83,30310520,27157,0,0,0
2026-04-29 18:41:23,30715946,26617,10654261,47331,9231,82,83,30335927,25407,0,0,0
2026-04-29 18:41:24,30746451,30505,10664802,47383,10593,78,83,30364490,28563,0,0,0
2026-04-29 18:41:25,30777924,31473,10675740,47425,10980,71,83,30392545,28055,0,0,0
2026-04-29 18:41:26,30806942,29018,10685821,47472,10128,82,83,30418291,25746,0,0,0
2026-04-29 18:41:27,30838499,31557,10696759,47509,10975,82,83,30444551,26260,0,0,0
2026-04-29 18:41:28,30871385,32886,10708196,47550,11478,82,83,30481712,37161,0,0,0
2026-04-29 18:41:29,30905148,33763,10719934,47585,11773,78,83,30510763,29051,0,0,0
2026-04-29 18:41:30,30940148,35000,10732071,47630,12182,82,83,30541054,30291,0,0,0
2026-04-29 18:41:32,30975005,34857,10744161,47690,12150,80,83,30572520,31466,0,0,0
2026-04-29 18:41:33,31009665,34660,10756197,47741,12087,78,83,30602401,29881,0,0,0
2026-04-29 18:41:34,31042071,32406,10767460,47803,11325,81,83,30631790,29389,0,0,0
2026-04-29 18:41:35,31072477,30406,10778013,47843,10593,79,83,30659192,27402,0,0,0
2026-04-29 18:41:36,31101000,28523,10787991,47885,10020,82,83,30685617,26425,0,0,0
2026-04-29 18:41:37,31125024,24024,10796283,47926,8333,82,83,30709077,23460,0,0,0
2026-04-29 18:41:38,31152125,27101,10805741,47969,9501,81,83,30741630,32553,0,0,0
2026-04-29 18:41:39,31181866,29741,10816016,48018,10324,82,83,30769860,28230,0,0,0
2026-04-29 18:41:41,31211045,29179,10826142,48062,10170,65,83,30797168,27308,0,0,0
2026-04-29 18:41:42,31240419,29374,10836329,48110,10235,79,83,30823943,26775,0,0,0
2026-04-29 18:41:43,31265857,25438,10845144,48144,8849,79,83,30849255,25312,0,0,0
2026-04-29 18:41:44,31290556,24699,10853748,48177,8637,82,83,30874562,25307,0,0,0
2026-04-29 18:41:45,31314065,23509,10861929,48214,8218,82,83,30897993,23431,0,0,0
2026-04-29 18:41:46,31338449,24384,10870387,48254,8498,82,83,30922697,24704,0,0,0
2026-04-29 18:41:47,31362417,23968,10878710,48309,8378,81,83,30947614,24917,0,0,0
2026-04-29 18:41:48,31386562,24145,10887112,48341,8434,82,83,30970982,23368,0,0,0
2026-04-29 18:41:50,31412120,25558,10896002,48383,8932,81,83,31003503,32521,0,0,0
2026-04-29 18:41:51,31439113,26993,10905300,48433,9348,82,83,31030653,27150,0,0,0
2026-04-29 18:41:52,31466166,27053,10914686,48475,9428,82,83,31057366,26713,0,0,0
2026-04-29 18:41:53,31493012,26846,10923977,48515,9331,82,83,31084013,26647,0,0,0
2026-04-29 18:41:54,31517263,24251,10932367,48560,8435,80,83,31107390,23377,0,0,0
2026-04-29 18:41:55,31541286,24023,10940716,48594,8383,82,83,31132444,25054,0,0,0
2026-04-29 18:41:56,31566024,24738,10949288,48629,8607,81,83,31157983,25539,0,0,0
2026-04-29 18:41:57,31592347,26323,10958427,48666,9176,82,83,31183881,25898,0,0,0
2026-04-29 18:41:59,31616008,23661,10966643,48717,8267,82,83,31208752,24871,0,0,0
2026-04-29 18:42:00,31640288,24280,10975065,48752,8457,82,83,31232907,24155,0,0,0
2026-04-29 18:42:01,31662539,22251,10982769,48794,7746,82,83,31255427,22520,0,0,0
2026-04-29 18:42:02,31687153,24614,10991313,48833,8583,82,83,31288217,32790,0,0,0
2026-04-29 18:42:03,31714346,27193,11000727,48881,9462,78,83,31313725,25508,0,0,0
2026-04-29 18:42:04,31742124,27778,11010436,48919,9747,82,83,31341009,27284,0,0,0
2026-04-29 18:42:05,31773186,31062,11021205,48953,10803,80,83,31369330,28321,0,0,0
2026-04-29 18:42:06,31805711,32525,11032524,49000,11366,78,83,31398635,29305,0,0,0
2026-04-29 18:42:08,31837711,32000,11043629,49051,11156,81,83,31427825,29190,0,0,0
2026-04-29 18:42:09,31870922,33211,11055165,49091,11576,81,83,31457119,29294,0,0,0
2026-04-29 18:42:10,31901560,30638,11065851,49146,10741,82,83,31483255,26136,0,0,0
2026-04-29 18:42:11,31934432,32872,11077202,49198,11403,81,83,31520542,37287,0,0,0
2026-04-29 18:42:12,31968240,33808,11088929,49245,11774,79,83,31550194,29652,0,0,0
2026-04-29 18:42:13,32001922,33682,11100601,49294,11721,82,83,31581048,30854,0,0,0
2026-04-29 18:42:14,32036292,34370,11112532,49339,11976,81,83,31612651,31603,0,0,0
2026-04-29 18:42:15,32070689,34397,11124446,49390,11965,80,83,31642632,29981,0,0,0
2026-04-29 18:42:17,32104275,33586,11136070,49433,11667,79,83,31672774,30142,0,0,0
2026-04-29 18:42:18,32137221,32946,11147492,49483,11472,79,83,31701794,29020,0,0,0
2026-04-29 18:42:19,32171054,33833,11159226,49523,11774,82,83,31731159,29365,0,0,0
2026-04-29 18:42:20,32202060,31006,11169978,49572,10801,82,83,31758085,26926,0,0,0
2026-04-29 18:42:21,32235303,33243,11181517,49630,11597,81,83,31794067,35982,0,0,0
2026-04-29 18:42:22,32269720,34417,11193438,49687,11978,78,83,31826141,32074,0,0,0
2026-04-29 18:42:23,32303295,33575,11205126,49727,11728,80,83,31856832,30691,0,0,0
2026-04-29 18:42:24,32336698,33403,11216702,49788,11637,79,83,31887107,30275,0,0,0
2026-04-29 18:42:26,32370599,33901,11228476,49843,11829,82,83,31917002,29895,0,0,0
2026-04-29 18:42:27,32405022,34423,11240394,49903,11978,82,83,31948183,31181,0,0,0
2026-04-29 18:42:28,32436230,31208,11251249,49956,10908,56,83,31976966,28783,0,0,0
2026-04-29 18:42:29,32467593,31363,11262117,50010,10922,82,83,32004581,27615,0,0,0
2026-04-29 18:42:30,32499451,31858,11273159,50059,11091,82,83,32039791,35210,0,0,0
2026-04-29 18:42:31,32533350,33899,11284881,50113,11776,80,83,32070573,30782,0,0,0
2026-04-29 18:42:32,32566522,33172,11296411,50164,11581,82,83,32099788,29215,0,0,0
2026-04-29 18:42:33,32600228,33706,11308137,50224,11786,82,83,32130143,30355,0,0,0
2026-04-29 18:42:35,32632436,32208,11319283,50275,11197,82,83,32159268,29125,0,0,0
2026-04-29 18:42:36,32662305,29869,11329601,50315,10358,78,83,32186318,27050,0,0,0
2026-04-29 18:42:37,32691870,29565,11339877,50371,10332,82,83,32213309,26991,0,0,0
2026-04-29 18:42:38,32722129,30259,11350367,50426,10545,81,83,32241621,28312,0,0,0
2026-04-29 18:42:39,32750309,28180,11360093,50475,9775,82,83,32267670,26049,0,0,0
2026-04-29 18:42:40,32774922,24613,11368674,50506,8612,82,83,32290970,23300,0,0,0
2026-04-29 18:42:41,32803383,28461,11378580,50558,9958,82,83,32325010,34040,0,0,0
2026-04-29 18:42:42,32834224,30841,11389281,50600,10743,82,83,32353777,28767,0,0,0
2026-04-29 18:42:44,32863676,29452,11399491,50644,10254,81,83,32381967,28190,0,0,0
2026-04-29 18:42:45,32893210,29534,11409740,50681,10286,82,83,32410487,28520,0,0,0
2026-04-29 18:42:46,32919797,26587,11418976,50718,9273,82,83,32437021,26534,0,0,0
2026-04-29 18:42:47,32948784,28987,11429000,50775,10081,80,83,32464365,27344,0,0,0
2026-04-29 18:42:48,32979360,30576,11439650,50818,10693,82,83,32492334,27969,0,0,0
2026-04-29 18:42:49,33007151,27791,11449299,50866,9697,82,83,32519142,26808,0,0,0
2026-04-29 18:42:50,33034285,27134,11458714,50898,9447,82,83,32544250,25108,0,0,0
2026-04-29 18:42:51,33061175,26890,11468111,50927,9426,82,83,32575147,30897,0,0,0
2026-04-29 18:42:53,33091425,30250,11478570,50971,10503,78,83,32603824,28677,0,0,0
2026-04-29 18:42:54,33121074,29649,11488835,51020,10314,82,83,32631194,27370,0,0,0
2026-04-29 18:42:55,33149816,28742,11498859,51059,10063,82,83,32658237,27043,0,0,0
2026-04-29 18:42:56,33177095,27279,11508302,51096,9480,80,83,32685394,27157,0,0,0
2026-04-29 18:42:57,33203803,26708,11517590,51136,9328,82,83,32713308,27914,0,0,0
2026-04-29 18:42:58,33231563,27760,11527236,51176,9686,82,83,32739256,25948,0,0,0
2026-04-29 18:42:59,33258095,26532,11536444,51212,9244,82,83,32765459,26203,0,0,0
2026-04-29 18:43:00,33281966,23871,11544731,51261,8336,82,83,32789534,24075,0,0,0
2026-04-29 18:43:02,33305944,23978,11553026,51304,8338,82,83,32812094,22560,0,0,0
2026-04-29 18:43:03,33330496,24552,11561522,51350,8542,71,83,32844961,32867,0,0,0
2026-04-29 18:43:04,33357174,26678,11570744,51382,9254,80,83,32871816,26855,0,0,0
2026-04-29 18:43:05,33383426,26252,11579841,51413,9128,80,83,32898630,26814,0,0,0
2026-04-29 18:43:06,33407639,24213,11588255,51452,8453,81,83,32924427,25797,0,0,0
2026-04-29 18:43:07,33432981,25342,11597048,51483,8824,79,83,32949887,25460,0,0,0
2026-04-29 18:43:08,33458010,25029,11605740,51520,8729,82,83,32977171,27284,0,0,0
2026-04-29 18:43:09,33483682,25672,11614613,51574,8927,82,83,33003232,26061,0,0,0
2026-04-29 18:43:10,33508941,25259,11623407,51610,8830,82,83,33029082,25850,0,0,0
2026-04-29 18:43:12,33531689,22748,11631259,51639,7881,82,83,33051778,22696,0,0,0
2026-04-29 18:43:13,33555346,23657,11639478,51671,8251,82,83,33074193,22415,0,0,0
2026-04-29 18:43:14,33578920,23574,11647639,51702,8192,82,83,33106298,32105,0,0,0
2026-04-29 18:43:15,33607798,28878,11657637,51748,10044,80,83,33133650,27352,0,0,0
2026-04-29 18:43:16,33636206,28408,11667504,51792,9911,68,83,33161602,27952,0,0,0
2026-04-29 18:43:17,33664370,28164,11677269,51831,9804,81,83,33189519,27917,0,0,0
2026-04-29 18:43:18,33690429,26059,11686316,51877,9093,82,83,33215123,25604,0,0,0
2026-04-29 18:43:19,33715698,25269,11695044,51926,8777,82,83,33241256,26133,0,0,0
2026-04-29 18:43:21,33741412,25714,11703988,51966,8984,82,83,33266262,25006,0,0,0
2026-04-29 18:43:22,33769407,27995,11713723,52009,9778,82,83,33293095,26833,0,0,0
2026-04-29 18:43:23,33797874,28467,11723547,52061,9876,82,83,33318938,25843,0,0,0
2026-04-29 18:43:24,33824506,26632,11732790,52089,9271,82,83,33351732,32794,0,0,0
2026-04-29 18:43:25,33856042,31536,11743757,52133,11011,82,83,33379876,28144,0,0,0
2026-04-29 18:43:26,33888476,32434,11755048,52166,11324,82,83,33411443,31567,0,0,0
2026-04-29 18:43:27,33922580,34104,11766853,52222,11861,82,83,33442025,30582,0,0,0
2026-04-29 18:43:28,33953833,31253,11777726,52269,10920,82,83,33472554,30529,0,0,0
2026-04-29 18:43:30,33986736,32903,11789077,52332,11414,78,83,33502992,30438,0,0,0
2026-04-29 18:43:31,34019733,32997,11800507,52378,11476,82,83,33533579,30587,0,0,0
2026-04-29 18:43:32,34053315,33582,11812172,52425,11712,82,83,33563388,29809,0,0,0
2026-04-29 18:43:33,34083655,30340,11822686,52475,10564,80,83,33589616,26228,0,0,0
2026-04-29 18:43:34,34114773,31118,11833462,52522,10823,81,83,33625869,36253,0,0,0
2026-04-29 18:43:35,34148350,33577,11845107,52571,11694,75,83,33656360,30491,0,0,0
2026-04-29 18:43:36,34181723,33373,11856714,52622,11658,75,83,33687173,30813,0,0,0
2026-04-29 18:43:37,34214526,32803,11868095,52681,11440,81,83,33718373,31200,0,0,0
2026-04-29 18:43:39,34249412,34886,11880188,52751,12163,77,83,33748617,30244,0,0,0
2026-04-29 18:43:40,34283614,34202,11892034,52797,11892,82,83,33780351,31734,0,0,0
2026-04-29 18:43:41,34317198,33584,11903652,52835,11656,81,83,33810091,29740,0,0,0
2026-04-29 18:43:42,34350997,33799,11915416,52880,11809,82,83,33838971,28880,0,0,0
2026-04-29 18:43:43,34383544,32547,11926704,52921,11329,81,83,33868707,29736,0,0,0
2026-04-29 18:43:44,34416909,33365,11938302,52960,11637,81,83,33906524,37817,0,0,0
2026-04-29 18:43:45,34451643,34734,11950341,53003,12082,82,83,33937955,31431,0,0,0
2026-04-29 18:43:46,34486246,34603,11962327,53055,12038,70,83,33968243,30288,0,0,0
2026-04-29 18:43:48,34520567,34321,11974237,53104,11959,82,83,33999592,31349,0,0,0
2026-04-29 18:43:49,34553858,33291,11985748,53167,11574,82,83,34030099,30507,0,0,0
2026-04-29 18:43:50,34587840,33982,11997513,53228,11826,78,83,34061174,31075,0,0,0
2026-04-29 18:43:51,34621893,34053,12009320,53272,11851,82,83,34092062,30888,0,0,0
2026-04-29 18:43:52,34655158,33265,12020903,53322,11633,82,83,34120323,28261,0,0,0
2026-04-29 18:43:53,34687515,32357,12032146,53356,11277,82,83,34156582,36259,0,0,0
2026-04-29 18:43:54,34722039,34524,12044118,53408,12024,82,83,34188303,31721,0,0,0
2026-04-29 18:43:55,34754791,32752,12055475,53466,11415,80,83,34219124,30821,0,0,0
2026-04-29 18:43:57,34789782,34991,12067631,53519,12209,81,83,34250666,31542,0,0,0
2026-04-29 18:43:58,34823980,34198,12079481,53575,11906,76,83,34281867,31201,0,0,0
2026-04-29 18:43:59,34858545,34565,12091480,53641,12065,79,83,34312784,30917,0,0,0
2026-04-29 18:44:00,34892497,33952,12103278,53685,11842,82,83,34343824,31040,0,0,0
2026-04-29 18:44:01,34927152,34655,12115339,53734,12110,81,83,34375373,31549,0,0,0
2026-04-29 18:44:02,34958921,31769,12126323,53787,11037,82,83,34403170,27797,0,0,0
2026-04-29 18:44:03,34989552,30631,12136994,53819,10703,82,83,34436450,33280,0,0,0
2026-04-29 18:44:04,35023016,33464,12148583,53865,11635,74,83,34467577,31127,0,0,0
2026-04-29 18:44:06,35053781,30765,12159270,53918,10740,75,83,34495349,27772,0,0,0
2026-04-29 18:44:07,35082542,28761,12169247,53958,10017,78,83,34522756,27407,0,0,0
2026-04-29 18:44:08,35111169,28627,12179171,54011,9977,77,83,34550319,27563,0,0,0
2026-04-29 18:44:09,35139878,28709,12189136,54065,10019,79,83,34578646,28327,0,0,0
2026-04-29 18:44:10,35167689,27811,12198806,54107,9712,76,83,34606369,27723,0,0,0
2026-04-29 18:44:11,35195836,28147,12208545,54150,9782,82,83,34633749,27380,0,0,0
2026-04-29 18:44:12,35223103,27267,12218022,54187,9514,82,83,34660030,26281,0,0,0
2026-04-29 18:44:13,35245335,22232,12225710,54210,7711,82,83,34684122,24092,0,0,0
2026-04-29 18:44:15,35269308,23973,12234009,54249,8338,82,83,34707006,22884,0,0,0
2026-04-29 18:44:16,35295354,26046,12243009,54286,9037,78,83,34741719,34713,0,0,0
2026-04-29 18:44:17,35321860,26506,12252219,54325,9249,82,83,34769897,28178,0,0,0
2026-04-29 18:44:18,35348831,26971,12261608,54371,9435,82,83,34796858,26961,0,0,0
2026-04-29 18:44:19,35375420,26589,12270871,54408,9300,82,83,34824478,27620,0,0,0
2026-04-29 18:44:20,35400317,24897,12279492,54438,8651,82,83,34850741,26263,0,0,0
2026-04-29 18:44:21,35426636,26319,12288603,54486,9159,82,83,34878213,27472,0,0,0
2026-04-29 18:44:22,35451163,24527,12297164,54527,8602,82,83,34902379,24166,0,0,0
2026-04-29 18:44:24,35475569,24406,12305587,54567,8463,82,83,34926165,23786,0,0,0
2026-04-29 18:44:25,35498556,22987,12313569,54596,8011,82,83,34949851,23686,0,0,0
2026-04-29 18:44:26,35521073,22517,12321396,54628,7859,82,83,34981127,31276,0,0,0
2026-04-29 18:44:27,35545836,24763,12329967,54663,8606,81,83,35008253,27126,0,0,0
2026-04-29 18:44:28,35571702,25866,12338990,54705,9065,70,83,35034566,26313,0,0,0
2026-04-29 18:44:29,35597278,25576,12347815,54739,8859,82,83,35062227,27661,0,0,0
2026-04-29 18:44:30,35623749,26471,12357035,54777,9258,80,83,35089659,27432,0,0,0
2026-04-29 18:44:31,35650937,27188,12366466,54823,9477,71,83,35117139,27480,0,0,0
2026-04-29 18:44:32,35681031,30094,12376885,54876,10472,74,83,35146901,29762,0,0,0
2026-04-29 18:44:34,35710708,29677,12387157,54921,10317,79,83,35173630,26729,0,0,0
2026-04-29 18:44:35,35742484,31776,12398192,54968,11082,82,83,35209031,35401,0,0,0
2026-04-29 18:44:36,35775994,33510,12409828,55013,11681,80,83,35240984,31953,0,0,0
2026-04-29 18:44:37,35809514,33520,12421451,55077,11687,82,83,35272920,31936,0,0,0
2026-04-29 18:44:38,35842515,33001,12432930,55121,11523,82,83,35304138,31218,0,0,0
2026-04-29 18:44:39,35876721,34206,12444772,55166,11887,75,83,35335644,31506,0,0,0
2026-04-29 18:44:40,35910548,33827,12456521,55229,11812,81,83,35367659,32015,0,0,0
2026-04-29 18:44:42,35944528,33980,12468287,55285,11822,80,83,35398498,30839,0,0,0
2026-04-29 18:44:43,35978400,33872,12480048,55332,11808,82,83,35429089,30591,0,0,0
2026-04-29 18:44:44,36009898,31498,12490986,55387,10993,82,83,35457408,28319,0,0,0
2026-04-29 18:44:45,36041370,31472,12501901,55431,10959,82,83,35492831,35423,0,0,0
2026-04-29 18:44:46,36075118,33748,12513589,55491,11748,81,83,35524499,31668,0,0,0
2026-04-29 18:44:47,36108352,33234,12525119,55547,11586,82,83,35555804,31305,0,0,0
2026-04-29 18:44:48,36140815,32463,12536354,55595,11283,79,83,35587354,31550,0,0,0
2026-04-29 18:44:49,36172713,31898,12547419,55652,11122,80,83,35616946,29592,0,0,0
2026-04-29 18:44:51,36206342,33629,12559021,55716,11666,80,83,35648687,31741,0,0,0
2026-04-29 18:44:52,36240342,34000,12570801,55765,11829,82,83,35679155,30468,0,0,0
2026-04-29 18:44:53,36273023,32681,12582134,55815,11383,76,83,35710256,31101,0,0,0
2026-04-29 18:44:54,36304156,31133,12592940,55871,10862,82,83,35738189,27933,0,0,0
2026-04-29 18:44:55,36335726,31570,12603912,55922,11023,64,83,35773296,35107,0,0,0
2026-04-29 18:44:56,36369467,33741,12615604,55968,11738,82,83,35804816,31520,0,0,0
2026-04-29 18:44:57,36404053,34586,12627580,56028,12036,76,83,35835348,30532,0,0,0
2026-04-29 18:44:58,36438284,34231,12639424,56082,11898,81,83,35865973,30625,0,0,0
2026-04-29 18:45:00,36472049,33765,12651185,56127,11806,82,83,35896945,30972,0,0,0
2026-04-29 18:45:01,36505861,33812,12662900,56181,11769,81,83,35926549,29604,0,0,0
2026-04-29 18:45:02,36539786,33925,12674682,56234,11835,74,83,35957948,31399,0,0,0
2026-04-29 18:45:03,36572869,33083,12686165,56288,11537,82,83,35987608,29660,0,0,0
2026-04-29 18:45:04,36604618,31749,12697167,56338,11052,82,83,36015488,27880,0,0,0
2026-04-29 18:45:05,36636947,32329,12708352,56396,11243,80,83,36052255,36767,0,0,0
2026-04-29 18:45:06,36670958,34011,12720164,56456,11872,79,83,36082728,30473,0,0,0
2026-04-29 18:45:07,36704818,33860,12731913,56517,11810,77,83,36113179,30451,0,0,0
2026-04-29 18:45:09,36738687,33869,12743691,56565,11826,78,83,36143465,30286,0,0,0
2026-04-29 18:45:10,36773248,34561,12755672,56624,12040,72,83,36173266,29801,0,0,0
2026-04-29 18:45:11,36807763,34515,12767609,56674,11987,82,83,36204319,31053,0,0,0
2026-04-29 18:45:12,36840471,32708,12778968,56721,11406,82,83,36234243,29924,0,0,0
2026-04-29 18:45:13,36873509,33038,12790466,56763,11540,78,83,36263951,29708,0,0,0
2026-04-29 18:45:14,36906718,33209,12802024,56821,11616,82,83,36292974,29023,0,0,0
2026-04-29 18:45:15,36938495,31777,12813026,56863,11044,82,83,36320543,27569,0,0,0
2026-04-29 18:45:16,36969685,31190,12823850,56902,10863,80,83,36357346,36803,0,0,0
2026-04-29 18:45:18,37000945,31260,12834741,56935,10924,82,83,36386667,29321,0,0,0
2026-04-29 18:45:19,37029747,28802,12844752,56972,10048,80,83,36414782,28115,0,0,0
2026-04-29 18:45:20,37060680,30933,12855484,57023,10783,82,83,36443239,28457,0,0,0
2026-04-29 18:45:21,37087652,26972,12864860,57074,9427,75,83,36469700,26461,0,0,0
2026-04-29 18:45:22,37117044,29392,12875047,57121,10234,82,83,36498247,28547,0,0,0
2026-04-29 18:45:23,37143894,26850,12884391,57166,9389,82,83,36525097,26850,0,0,0
2026-04-29 18:45:24,37168567,24673,12892938,57211,8592,82,83,36549245,24148,0,0,0
2026-04-29 18:45:25,37193528,24961,12901593,57251,8695,82,83,36573904,24659,0,0,0
2026-04-29 18:45:27,37217669,24141,12909954,57280,8390,82,83,36598605,24701,0,0,0
2026-04-29 18:45:28,37242086,24417,12918358,57330,8454,81,83,36631938,33333,0,0,0
2026-04-29 18:45:29,37268298,26212,12927503,57367,9182,82,83,36658511,26573,0,0,0
2026-04-29 18:45:30,37294411,26113,12936509,57410,9049,81,83,36684729,26218,0,0,0
2026-04-29 18:45:31,37321434,27023,12945901,57448,9430,80,83,36710790,26061,0,0,0
2026-04-29 18:45:32,37346861,25427,12954728,57487,8866,82,83,36737314,26524,0,0,0
2026-04-29 18:45:33,37372438,25577,12963599,57529,8913,80,83,36762759,25445,0,0,0
2026-04-29 18:45:34,37399946,27508,12973157,57561,9590,80,83,36789500,26741,0,0,0
2026-04-29 18:45:35,37425447,25501,12982080,57600,8962,82,83,36815235,25735,0,0,0
2026-04-29 18:45:37,37448469,23022,12990060,57630,8010,65,83,36839887,24652,0,0,0
2026-04-29 18:45:38,37472058,23589,12998210,57679,8199,82,83,36871539,31652,0,0,0
2026-04-29 18:45:39,37498659,26601,13007399,57733,9243,72,83,36899632,28093,0,0,0
2026-04-29 18:45:40,37525229,26570,13016595,57773,9236,79,83,36927195,27563,0,0,0
2026-04-29 18:45:41,37548869,23640,13024839,57806,8277,82,83,36951230,24035,0,0,0
2026-04-29 18:45:42,37571812,22943,13032735,57844,7934,82,83,36976131,24901,0,0,0
2026-04-29 18:45:43,37597988,26176,13041806,57876,9103,82,83,37003514,27383,0,0,0
2026-04-29 18:45:44,37624412,26424,13050972,57918,9208,82,83,37031062,27548,0,0,0
2026-04-29 18:45:46,37648838,24426,13059480,57949,8539,77,83,37056370,25308,0,0,0
2026-04-29 18:45:47,37671151,22313,13067157,57984,7712,82,83,37081732,25362,0,0,0
2026-04-29 18:45:48,37694255,23104,13075232,58015,8106,82,83,37105570,23838,0,0,0
2026-04-29 18:45:49,37718341,24086,13083558,58052,8363,82,83,37129770,24200,0,0,0
2026-04-29 18:45:50,37743648,25307,13092342,58088,8820,82,83,37163786,34016,0,0,0
2026-04-29 18:45:51,37769728,26080,13101398,58130,9098,80,83,37191565,27779,0,0,0
2026-04-29 18:45:52,37796588,26860,13110699,58178,9349,82,83,37218217,26652,0,0,0
2026-04-29 18:45:53,37826015,29427,13120863,58226,10212,79,83,37246225,28008,0,0,0
2026-04-29 18:45:55,37856517,30502,13131434,58265,10610,75,83,37275360,29135,0,0,0
2026-04-29 18:45:56,37888933,32416,13142677,58312,11290,77,83,37305030,29670,0,0,0
2026-04-29 18:45:57,37921820,32887,13154136,58358,11505,82,83,37333660,28630,0,0,0
2026-04-29 18:45:58,37950759,28939,13164162,58395,10063,82,83,37359816,26156,0,0,0
2026-04-29 18:45:59,37982283,31524,13175055,58451,10949,81,83,37396916,37100,0,0,0
2026-04-29 18:46:00,38015699,33416,13186648,58515,11657,76,83,37427308,30392,0,0,0
2026-04-29 18:46:01,38049865,34166,13198498,58565,11900,79,83,37458682,31374,0,0,0
2026-04-29 18:46:02,38083962,34097,13210267,58628,11832,82,83,37489288,30606,0,0,0
2026-04-29 18:46:04,38117382,33420,13221837,58681,11623,79,83,37518878,29590,0,0,0
2026-04-29 18:46:05,38151442,34060,13233661,58731,11874,79,83,37550391,31513,0,0,0
2026-04-29 18:46:06,38185788,34346,13245610,58775,11993,81,83,37581039,30648,0,0,0
2026-04-29 18:46:07,38219647,33859,13257387,58825,11827,82,83,37612017,30978,0,0,0
2026-04-29 18:46:08,38251268,31621,13268375,58865,11028,82,83,37639760,27743,0,0,0
2026-04-29 18:46:09,38283673,32405,13279559,58923,11242,82,83,37676700,36940,0,0,0
2026-04-29 18:46:10,38317529,33856,13291309,58979,11806,80,83,37707472,30772,0,0,0
2026-04-29 18:46:11,38351056,33527,13302953,59026,11691,81,83,37738015,30543,0,0,0
2026-04-29 18:46:13,38385246,34190,13314784,59085,11890,82,83,37770368,32353,0,0,0
2026-04-29 18:46:14,38419507,34261,13326708,59149,11988,81,83,37801711,31343,0,0,0
2026-04-29 18:46:15,38453527,34020,13338512,59202,11857,81,83,37834074,32363,0,0,0
2026-04-29 18:46:16,38486516,32989,13349932,59256,11474,80,83,37864966,30892,0,0,0
2026-04-29 18:46:17,38519654,33138,13361493,59306,11611,68,83,37894828,29862,0,0,0
2026-04-29 18:46:18,38551123,31469,13372420,59347,10968,82,83,37922634,27806,0,0,0
2026-04-29 18:46:19,38583452,32329,13383628,59402,11263,82,83,37959819,37185,0,0,0
2026-04-29 18:46:20,38618103,34651,13395701,59435,12106,82,83,37991402,31583,0,0,0
2026-04-29 18:46:22,38652560,34457,13407660,59496,12020,79,83,38023648,32246,0,0,0
2026-04-29 18:46:23,38686737,34177,13419533,59547,11924,80,83,38054509,30861,0,0,0
2026-04-29 18:46:24,38720144,33407,13431136,59610,11666,78,83,38084941,30432,0,0,0
2026-04-29 18:46:25,38754038,33894,13442903,59662,11819,79,83,38114682,29741,0,0,0
2026-04-29 18:46:26,38787670,33632,13454578,59713,11726,74,83,38146248,31566,0,0,0
2026-04-29 18:46:27,38822210,34540,13466621,59753,12083,81,83,38176514,30266,0,0,0
2026-04-29 18:46:28,38851984,29774,13476946,59798,10370,82,83,38203038,26524,0,0,0
2026-04-29 18:46:29,38881595,29611,13487231,59838,10325,82,83,38237696,34658,0,0,0
2026-04-29 18:46:31,38910403,28808,13497221,59886,10038,82,83,38267583,29887,0,0,0
2026-04-29 18:46:32,38937489,27086,13506704,59913,9510,81,83,38294108,26525,0,0,0
2026-04-29 18:46:33,38966096,28607,13516580,59950,9913,78,83,38321449,27341,0,0,0
2026-04-29 18:46:34,38995654,29558,13526865,59977,10312,82,83,38350202,28753,0,0,0
2026-04-29 18:46:35,39023741,28087,13536593,60017,9768,82,83,38377399,27197,0,0,0
2026-04-29 18:46:36,39051708,27967,13546283,60064,9737,82,83,38405350,27951,0,0,0
2026-04-29 18:46:37,39079436,27728,13555931,60113,9697,82,83,38432544,27194,0,0,0
2026-04-29 18:46:38,39105617,26181,13565020,60156,9132,82,83,38457347,24803,0,0,0
2026-04-29 18:46:40,39128925,23308,13573121,60195,8140,82,83,38479441,22094,0,0,0
2026-04-29 18:46:41,39154553,25628,13581995,60231,8910,82,83,38510255,30814,0,0,0
2026-04-29 18:46:42,39182258,27705,13591613,60274,9661,81,83,38537369,27114,0,0,0
2026-04-29 18:46:43,39211267,29009,13601674,60324,10111,82,83,38563818,26449,0,0,0
2026-04-29 18:46:44,39237792,26525,13610885,60359,9246,80,83,38590144,26326,0,0,0
2026-04-29 18:46:45,39265006,27214,13620325,60397,9478,82,83,38616943,26799,0,0,0
2026-04-29 18:46:46,39289956,24950,13628982,60433,8693,81,83,38643496,26553,0,0,0
2026-04-29 18:46:47,39314613,24657,13637522,60477,8584,82,83,38669981,26485,0,0,0
2026-04-29 18:46:49,39338712,24099,13645906,60518,8425,82,83,38695543,25562,0,0,0
2026-04-29 18:46:50,39362032,23320,13653988,60551,8115,82,83,38719431,23888,0,0,0
2026-04-29 18:46:51,39384518,22486,13661810,60591,7862,82,83,38743619,24188,0,0,0
2026-04-29 18:46:52,39408458,23940,13670101,60620,8320,81,83,38775393,31774,0,0,0
2026-04-29 18:46:53,39434812,26354,13679199,60654,9132,76,83,38802776,27383,0,0,0
2026-04-29 18:46:54,39461750,26938,13688541,60697,9385,82,83,38830077,27301,0,0,0
2026-04-29 18:46:55,39488516,26766,13697834,60729,9325,79,83,38857478,27401,0,0,0
2026-04-29 18:46:56,39515816,27300,13707308,60781,9526,82,83,38885238,27760,0,0,0
2026-04-29 18:46:58,39543877,28061,13717065,60824,9800,82,83,38913768,28530,0,0,0
2026-04-29 18:46:59,39571764,27887,13726722,60863,9696,75,83,38940987,27219,0,0,0
2026-04-29 18:47:00,39602899,31135,13737555,60905,10875,82,83,38969661,28674,0,0,0
2026-04-29 18:47:01,39627411,24512,13746060,60948,8548,70,83,38995002,25341,0,0,0
2026-04-29 18:47:02,39655430,28019,13755760,60988,9740,82,83,39021313,26311,0,0,0
2026-04-29 18:47:03,39683477,28047,13765492,61019,9763,81,83,39056156,34843,0,0,0
2026-04-29 18:47:04,39712461,28984,13775530,61061,10080,82,83,39083920,27764,0,0,0
2026-04-29 18:47:05,39740063,27602,13785117,61096,9622,82,83,39111870,27950,0,0,0
2026-04-29 18:47:06,39766617,26554,13794341,61134,9262,82,83,39139139,27269,0,0,0
2026-04-29 18:47:08,39793824,27207,13803811,61171,9507,82,83,39166702,27563,0,0,0
2026-04-29 18:47:09,39820272,26448,13812951,61221,9190,82,83,39193363,26661,0,0,0
2026-04-29 18:47:10,39845603,25331,13821718,61269,8815,82,83,39219455,26092,0,0,0
2026-04-29 18:47:11,39871169,25566,13830585,61309,8907,82,83,39245965,26510,0,0,0
2026-04-29 18:47:12,39897076,25907,13839581,61350,9037,82,83,39270146,24181,0,0,0
2026-04-29 18:47:13,39926670,29594,13849846,61394,10309,82,83,39305703,35557,0,0,0
2026-04-29 18:47:14,39957053,30383,13860380,61437,10577,77,83,39334325,28622,0,0,0
2026-04-29 18:47:15,39986874,29821,13870748,61477,10408,79,83,39363162,28837,0,0,0
2026-04-29 18:47:17,40019572,32698,13882059,61527,11361,81,83,39394512,31350,0,0,0
2026-04-29 18:47:18,40051500,31928,13893123,61586,11123,75,83,39425129,30617,0,0,0
2026-04-29 18:47:19,40084396,32896,13904537,61629,11457,81,83,39456083,30954,0,0,0
2026-04-29 18:47:20,40117418,33022,13915981,61679,11494,81,83,39487736,31653,0,0,0
2026-04-29 18:47:21,40150644,33226,13927523,61730,11593,82,83,39518291,30555,0,0,0
2026-04-29 18:47:22,40175934,25290,13936313,61774,8834,82,83,39543666,25375,0,0,0
2026-04-29 18:47:23,40204132,28198,13946080,61820,9813,82,83,39576837,33171,0,0,0
2026-04-29 18:47:24,40232996,28864,13956089,61858,10047,82,83,39605147,28310,0,0,0
2026-04-29 18:47:26,40261405,28409,13965938,61908,9899,82,83,39633739,28592,0,0,0
2026-04-29 18:47:27,40291551,30146,13976384,61942,10480,82,83,39662295,28556,0,0,0
2026-04-29 18:47:28,40321665,30114,13986836,61989,10499,81,83,39690708,28413,0,0,0
2026-04-29 18:47:29,40351629,29964,13997210,62032,10417,81,83,39718884,28176,0,0,0
2026-04-29 18:47:30,40381560,29931,14007605,62089,10452,82,83,39747243,28359,0,0,0
2026-04-29 18:47:31,40412001,30441,14018169,62140,10615,82,83,39776329,29086,0,0,0
2026-04-29 18:47:32,40440832,28831,14028176,62189,10056,82,83,39802945,26616,0,0,0
2026-04-29 18:47:33,40467002,26170,14037259,62233,9127,82,83,39827978,25033,0,0,0
2026-04-29 18:47:35,40491439,24437,14045708,62273,8489,81,83,39861329,33351,0,0,0
2026-04-29 18:47:36,40519382,27943,14055421,62312,9752,69,83,39888411,27082,0,0,0
2026-04-29 18:47:37,40547475,28093,14065127,62365,9759,80,83,39915264,26853,0,0,0
2026-04-29 18:47:38,40573791,26316,14074264,62414,9186,82,83,39941805,26541,0,0,0
2026-04-29 18:47:39,40600213,26422,14083426,62451,9199,82,83,39967703,25898,0,0,0
2026-04-29 18:47:40,40625763,25550,14092351,62496,8970,69,83,39992449,24746,0,0,0
2026-04-29 18:47:41,40654104,28341,14102162,62554,9869,82,83,40019945,27496,0,0,0
2026-04-29 18:47:42,40684035,29931,14112527,62598,10409,82,83,40046834,26889,0,0,0
2026-04-29 18:47:44,40713593,29558,14122759,62643,10277,82,83,40073092,26258,0,0,0
2026-04-29 18:47:45,40745828,32235,14133904,62696,11198,78,83,40112286,39194,0,0,0
2026-04-29 18:47:46,40779441,33613,14145587,62752,11739,82,83,40143122,30836,0,0,0
2026-04-29 18:47:47,40812709,33268,14157135,62811,11607,82,83,40173080,29958,0,0,0
2026-04-29 18:47:48,40844705,31996,14168262,62869,11185,82,83,40202561,29481,0,0,0
2026-04-29 18:47:49,40875349,30644,14178857,62915,10641,80,83,40232480,29919,0,0,0
2026-04-29 18:47:50,40904563,29214,14188976,62960,10164,81,83,40260681,28201,0,0,0
2026-04-29 18:47:51,40933419,28856,14198997,63016,10077,81,83,40288934,28253,0,0,0
2026-04-29 18:47:53,40961622,28203,14208764,63055,9806,82,83,40314846,25912,0,0,0
2026-04-29 18:47:54,40987890,26268,14217885,63103,9169,81,83,40338642,23796,0,0,0
2026-04-29 18:47:55,41013636,25746,14226846,63141,8999,81,83,40370560,31918,0,0,0
2026-04-29 18:47:56,41040204,26568,14236049,63182,9244,76,83,40397665,27105,0,0,0
2026-04-29 18:47:57,41064691,24487,14244554,63206,8529,82,83,40422431,24766,0,0,0
2026-04-29 18:47:58,41091287,26596,14253773,63247,9260,82,83,40448261,25830,0,0,0
2026-04-29 18:47:59,41119313,28026,14263476,63283,9739,80,83,40475184,26923,0,0,0
2026-04-29 18:48:00,41147278,27965,14273209,63331,9781,82,83,40502401,27217,0,0,0
2026-04-29 18:48:02,41174148,26870,14282538,63374,9372,82,83,40529364,26963,0,0,0
2026-04-29 18:48:03,41201142,26994,14291900,63426,9414,82,83,40554500,25136,0,0,0
2026-04-29 18:48:04,41225963,24821,14300491,63462,8627,82,83,40578484,23984,0,0,0
2026-04-29 18:48:05,41249154,23191,14308522,63495,8064,82,83,40607833,29349,0,0,0
2026-04-29 18:48:06,41273538,24384,14317024,63539,8546,56,83,40634666,26833,0,0,0
2026-04-29 18:48:07,41299872,26334,14326121,63581,9139,82,83,40660743,26077,0,0,0
2026-04-29 18:48:08,41325057,25185,14334841,63632,8771,81,83,40687943,27200,0,0,0
2026-04-29 18:48:09,41352981,27924,14344571,63671,9769,82,83,40716278,28335,0,0,0
2026-04-29 18:48:11,41382106,29125,14354643,63709,10110,82,83,40744300,28022,0,0,0
2026-04-29 18:48:12,41411858,29752,14364902,63768,10318,81,83,40770955,26655,0,0,0
2026-04-29 18:48:13,41440530,28672,14374920,63807,10057,82,83,40798644,27689,0,0,0
2026-04-29 18:48:14,41468536,28006,14384617,63848,9738,82,83,40823696,25052,0,0,0
2026-04-29 18:48:15,41497255,28719,14394587,63892,10014,82,83,40856807,33111,0,0,0
2026-04-29 18:48:16,41528026,30771,14405256,63933,10710,81,83,40885643,28836,0,0,0
2026-04-29 18:48:17,41558775,30749,14415937,63983,10731,82,83,40914462,28819,0,0,0
2026-04-29 18:48:18,41587797,29022,14425983,64024,10087,79,83,40941402,26940,0,0,0
2026-04-29 18:48:20,41615473,27676,14435579,64063,9635,82,83,40968433,27031,0,0,0
2026-04-29 18:48:21,41643602,28129,14445360,64097,9815,81,83,40996974,28541,0,0,0
2026-04-29 18:48:22,41672871,29269,14455542,64137,10222,82,83,41024495,27521,0,0,0
2026-04-29 18:48:23,41702217,29346,14465721,64183,10225,82,83,41051493,26998,0,0,0
2026-04-29 18:48:24,41730983,28766,14475661,64223,9980,82,83,41076959,25466,0,0,0
2026-04-29 18:48:25,41758529,27546,14485220,64262,9598,82,83,41102824,25865,0,0,0
2026-04-29 18:48:26,41787569,29040,14495262,64313,10093,79,83,41137963,35139,0,0,0
2026-04-29 18:48:27,41815192,27623,14504843,64358,9626,82,83,41165026,27063,0,0,0
2026-04-29 18:48:28,41844230,29038,14514957,64398,10154,82,83,41193115,28089,0,0,0
2026-04-29 18:48:30,41873791,29561,14525181,64445,10271,81,83,41222994,29879,0,0,0
2026-04-29 18:48:31,41901582,27791,14534886,64476,9736,82,83,41250598,27604,0,0,0
2026-04-29 18:48:32,41925108,23526,14543018,64518,8174,82,83,41276069,25471,0,0,0
2026-04-29 18:48:33,41952103,26995,14552378,64557,9399,82,83,41301782,25713,0,0,0
2026-04-29 18:48:34,41977728,25625,14561269,64587,8921,82,83,41325826,24044,0,0,0
2026-04-29 18:48:35,42003251,25523,14570142,64625,8911,82,83,41356759,30933,0,0,0
2026-04-29 18:48:36,42031291,28040,14579794,64673,9700,81,83,41384994,28235,0,0,0
2026-04-29 18:48:37,42060484,29193,14589955,64711,10199,81,83,41414090,29096,0,0,0
2026-04-29 18:48:39,42090209,29725,14600240,64755,10329,81,83,41441916,27826,0,0,0
2026-04-29 18:48:40,42120047,29838,14610577,64804,10386,78,83,41470553,28637,0,0,0
2026-04-29 18:48:41,42147559,27512,14620113,64858,9590,67,83,41498208,27655,0,0,0
2026-04-29 18:48:42,42173214,25655,14628996,64895,8920,82,83,41523196,24988,0,0,0
2026-04-29 18:48:43,42199485,26271,14638119,64938,9166,81,83,41549164,25968,0,0,0
2026-04-29 18:48:44,42224218,24733,14646702,64980,8625,82,83,41573746,24582,0,0,0
2026-04-29 18:48:45,42248973,24755,14655276,65018,8612,82,83,41598490,24744,0,0,0
2026-04-29 18:48:46,42278398,29425,14665520,65077,10303,82,83,41633420,34930,0,0,0
2026-04-29 18:48:48,42309184,30786,14676208,65128,10739,74,83,41662479,29059,0,0,0
2026-04-29 18:48:49,42339773,30589,14686823,65167,10654,82,83,41690633,28154,0,0,0
2026-04-29 18:48:50,42373435,33662,14698497,65222,11729,78,83,41720550,29917,0,0,0
2026-04-29 18:48:51,42407340,33905,14710287,65266,11834,71,83,41750791,30241,0,0,0
2026-04-29 18:48:52,42440945,33605,14721957,65308,11712,82,83,41781878,31087,0,0,0
2026-04-29 18:48:53,42475179,34234,14733820,65362,11917,78,83,41812275,30397,0,0,0
2026-04-29 18:48:54,42510371,35192,14746044,65414,12276,81,83,41842375,30100,0,0,0
2026-04-29 18:48:55,42542856,32485,14757328,65472,11342,82,83,41869942,27567,0,0,0
2026-04-29 18:48:57,42574984,32128,14768402,65521,11123,82,83,41907074,37132,0,0,0
2026-04-29 18:48:58,42608637,33653,14780109,65565,11751,81,83,41937138,30064,0,0,0
2026-04-29 18:48:59,42640920,32283,14791321,65604,11251,82,83,41966366,29228,0,0,0
2026-04-29 18:49:00,42672901,31981,14802435,65661,11171,68,83,41995606,29240,0,0,0
2026-04-29 18:49:01,42703740,30839,14813100,65703,10707,82,83,42024346,28740,0,0,0
2026-04-29 18:49:02,42731439,27699,14822692,65746,9635,79,83,42051575,27229,0,0,0
2026-04-29 18:49:03,42760617,29178,14832816,65795,10173,80,83,42080006,28431,0,0,0
2026-04-29 18:49:04,42789901,29284,14843023,65836,10248,82,83,42108376,28370,0,0,0
2026-04-29 18:49:06,42818323,28422,14852860,65887,9888,82,83,42134036,25660,0,0,0
2026-04-29 18:49:07,42844060,25737,14861806,65932,8991,80,83,42158107,24071,0,0,0
2026-04-29 18:49:08,42872804,28744,14871750,65970,9982,82,83,42192730,34623,0,0,0
2026-04-29 18:49:09,42902067,29263,14881861,66016,10157,81,83,42219823,27093,0,0,0
2026-04-29 18:49:10,42931232,29165,14892007,66064,10194,68,83,42249502,29679,0,0,0
2026-04-29 18:49:11,42960382,29150,14902099,66108,10136,82,83,42275796,26294,0,0,0
2026-04-29 18:49:12,42990396,30014,14912522,66150,10465,82,83,42303332,27536,0,0,0
2026-04-29 18:49:13,43019673,29277,14922714,66183,10225,82,83,42331003,27671,0,0,0
2026-04-29 18:49:15,43044617,24944,14931321,66244,8668,79,83,42356933,25930,0,0,0
2026-04-29 18:49:16,43071757,27140,14940737,66289,9461,82,83,42381430,24497,0,0,0
2026-04-29 18:49:17,43097864,26107,14949790,66337,9101,82,83,42406516,25086,0,0,0
2026-04-29 18:49:18,43120529,22665,14957632,66374,7879,79,83,42428675,22159,0,0,0
2026-04-29 18:49:19,43145999,25470,14966520,66405,8919,82,83,42460838,32163,0,0,0
2026-04-29 18:49:20,43172522,26523,14975661,66451,9187,82,83,42486453,25615,0,0,0
2026-04-29 18:49:21,43200916,28394,14985527,66492,9907,82,83,42513662,27209,0,0,0
2026-04-29 18:49:22,43229722,28806,14995530,66539,10050,82,83,42541321,27659,0,0,0
2026-04-29 18:49:24,43256110,26388,15004644,66584,9159,82,83,42568183,26862,0,0,0
2026-04-29 18:49:25,43282842,26732,15013893,66622,9287,82,83,42594322,26139,0,0,0
2026-04-29 18:49:26,43307818,24976,15022563,66661,8709,82,83,42619387,25065,0,0,0
2026-04-29 18:49:27,43334453,26635,15031819,66694,9289,82,83,42643672,24285,0,0,0
2026-04-29 18:49:28,43363618,29165,15041920,66745,10152,70,83,42677495,33823,0,0,0
2026-04-29 18:49:29,43394240,30622,15052577,66790,10702,82,83,42707249,29754,0,0,0
2026-04-29 18:49:30,43428328,34088,15064387,66830,11850,82,83,42737532,30283,0,0,0
2026-04-29 18:49:31,43462280,33952,15076152,66883,11818,78,83,42767712,30180,0,0,0
2026-04-29 18:49:33,43495033,32753,15087485,66929,11379,81,83,42796847,29135,0,0,0
2026-04-29 18:49:34,43526954,31921,15098556,66980,11122,79,83,42826039,29192,0,0,0
2026-04-29 18:49:35,43560617,33663,15110222,67020,11706,78,83,42856182,30143,0,0,0
2026-04-29 18:49:36,43593608,32991,15121673,67075,11506,80,83,42887045,30863,0,0,0
2026-04-29 18:49:37,43625194,31586,15132628,67126,11006,82,83,42914014,26969,0,0,0
2026-04-29 18:49:38,43656536,31342,15143506,67176,10928,82,83,42947159,33145,0,0,0
2026-04-29 18:49:39,43688539,32003,15154585,67251,11154,82,83,42977742,30583,0,0,0
2026-04-29 18:49:40,43721049,32510,15165886,67300,11350,82,83,43008032,30290,0,0,0
2026-04-29 18:49:42,43749157,28108,15175633,67336,9783,82,83,43035229,27197,0,0,0
2026-04-29 18:49:43,43774971,25814,15184619,67369,9019,80,83,43061009,25780,0,0,0
2026-04-29 18:49:44,43802504,27533,15194204,67414,9630,81,83,43088018,27009,0,0,0
2026-04-29 18:49:45,43830543,28039,15203886,67465,9733,78,83,43115068,27050,0,0,0
2026-04-29 18:49:46,43858131,27588,15213476,67500,9625,81,83,43142974,27906,0,0,0
2026-04-29 18:49:47,43882886,24755,15222084,67528,8636,82,83,43167956,24982,0,0,0
2026-04-29 18:49:48,43908221,25335,15230841,67580,8809,68,83,43192344,24388,0,0,0
2026-04-29 18:49:49,43934564,26343,15239945,67622,9146,76,83,43225273,32929,0,0,0
2026-04-29 18:49:51,43960761,26197,15249062,67665,9160,82,83,43251362,26089,0,0,0
2026-04-29 18:49:52,43987109,26348,15258215,67705,9193,82,83,43277284,25922,0,0,0
2026-04-29 18:49:53,44011351,24242,15266615,67750,8445,82,83,43302077,24793,0,0,0
2026-04-29 18:49:54,44036006,24655,15275170,67788,8593,82,83,43327751,25674,0,0,0
2026-04-29 18:49:55,44061902,25896,15284174,67817,9033,82,83,43353642,25891,0,0,0
2026-04-29 18:49:56,44086712,24810,15292816,67849,8674,82,83,43378780,25138,0,0,0
2026-04-29 18:49:57,44111484,24772,15301437,67874,8646,82,83,43403607,24827,0,0,0
2026-04-29 18:49:58,44134258,22774,15309314,67923,7926,82,83,43426365,22758,0,0,0
2026-04-29 18:49:59,44158458,24200,15317713,67963,8439,82,83,43449551,23186,0,0,0
2026-04-29 18:50:01,44185365,26907,15327061,68011,9396,72,83,43482792,33241,0,0,0
2026-04-29 18:50:02,44212152,26787,15336349,68048,9325,81,83,43509331,26539,0,0,0
2026-04-29 18:50:03,44239923,27771,15346010,68089,9702,82,83,43536088,26757,0,0,0
2026-04-29 18:50:04,44269406,29483,15356265,68129,10295,82,83,43564947,28859,0,0,0
2026-04-29 18:50:05,44301770,32364,15367483,68163,11252,81,83,43595998,31051,0,0,0
2026-04-29 18:50:06,44336115,34345,15379372,68228,11954,75,83,43626510,30512,0,0,0
2026-04-29 18:50:07,44369345,33230,15390889,68276,11565,82,83,43655983,29473,0,0,0
2026-04-29 18:50:08,44401682,32337,15402088,68324,11247,82,83,43683059,27076,0,0,0
2026-04-29 18:50:10,44433616,31934,15413195,68363,11146,82,83,43717967,34908,0,0,0
2026-04-29 18:50:11,44468397,34781,15425238,68422,12102,77,83,43748928,30961,0,0,0
2026-04-29 18:50:12,44505020,36623,15437896,68475,12711,81,83,43780693,31765,0,0,0
2026-04-29 18:50:13,44541034,36014,15450387,68541,12557,77,83,43811473,30780,0,0,0
2026-04-29 18:50:14,44574845,33811,15462116,68601,11789,79,83,43841833,30360,0,0,0
2026-04-29 18:50:15,44607992,33147,15473613,68655,11551,76,83,43871227,29394,0,0,0
2026-04-29 18:50:16,44640048,32056,15484739,68706,11177,79,83,43899932,28705,0,0,0
2026-04-29 18:50:17,44673344,33296,15496321,68762,11638,72,83,43929498,29566,0,0,0
2026-04-29 18:50:19,44706600,33256,15507863,68806,11586,82,83,43958283,28785,0,0,0
2026-04-29 18:50:20,44740047,33447,15519427,68854,11612,80,83,43994824,36541,0,0,0
2026-04-29 18:50:21,44774211,34164,15531296,68906,11921,82,83,44024781,29957,0,0,0
2026-04-29 18:50:22,44808808,34597,15543326,68948,12072,80,83,44054936,30155,0,0,0
2026-04-29 18:50:23,44843513,34705,15555335,69004,12065,80,83,44084988,30052,0,0,0
2026-04-29 18:50:24,44876408,32895,15566774,69062,11497,82,83,44114062,29074,0,0,0
2026-04-29 18:50:25,44910331,33923,15578526,69109,11799,80,83,44144187,30125,0,0,0
2026-04-29 18:50:26,44944658,34327,15590443,69162,11970,82,83,44175241,31054,0,0,0
2026-04-29 18:50:28,44978440,33782,15602212,69215,11822,82,83,44205098,29857,0,0,0
2026-04-29 18:50:29,45009977,31537,15613130,69263,10966,82,83,44232011,26913,0,0,0
2026-04-29 18:50:30,45042089,32112,15624260,69312,11179,82,83,44267989,35978,0,0,0
2026-04-29 18:50:31,45076537,34448,15636241,69355,12024,81,83,44299067,31078,0,0,0
2026-04-29 18:50:32,45109557,33020,15647728,69397,11529,81,83,44328680,29613,0,0,0
2026-04-29 18:50:33,45144804,35247,15659959,69444,12278,82,83,44359719,31039,0,0,0
2026-04-29 18:50:34,45179710,34906,15672062,69493,12152,79,83,44391070,31351,0,0,0
2026-04-29 18:50:35,45214093,34383,15683960,69549,11954,81,83,44420708,29638,0,0,0
2026-04-29 18:50:37,45248060,33967,15695726,69604,11821,79,83,44451467,30759,0,0,0
2026-04-29 18:50:38,45280176,32116,15706886,69650,11206,82,83,44480090,28623,0,0,0
2026-04-29 18:50:39,45312130,31954,15717962,69696,11122,82,83,44507963,27873,0,0,0
2026-04-29 18:50:40,45346520,34390,15729885,69746,11973,81,83,44544391,36428,0,0,0
2026-04-29 18:50:41,45381515,34995,15742038,69791,12198,81,83,44576711,32320,0,0,0
2026-04-29 18:50:42,45415968,34453,15754023,69830,12024,79,83,44607287,30576,0,0,0
2026-04-29 18:50:43,45450032,34064,15765818,69883,11848,80,83,44637643,30356,0,0,0
2026-04-29 18:50:44,45484666,34634,15777873,69927,12099,76,83,44668735,31092,0,0,0
2026-04-29 18:50:46,45519203,34537,15789869,69995,12064,82,83,44699585,30850,0,0,0
2026-04-29 18:50:47,45553158,33955,15801673,70048,11857,78,83,44731671,32086,0,0,0
2026-04-29 18:50:48,45587475,34317,15813585,70105,11969,81,83,44762299,30628,0,0,0
2026-04-29 18:50:49,45620194,32719,15824899,70165,11374,82,83,44790908,28609,0,0,0
2026-04-29 18:50:50,45652307,32113,15836054,70212,11202,82,83,44827022,36114,0,0,0
2026-04-29 18:50:51,45687427,35120,15848214,70262,12210,82,83,44859129,32107,0,0,0
2026-04-29 18:50:52,45722007,34580,15860224,70309,12057,80,83,44889969,30840,0,0,0
2026-04-29 18:50:54,45755536,33529,15871865,70355,11687,82,83,44921058,31089,0,0,0
2026-04-29 18:50:55,45790214,34678,15883860,70417,12057,82,83,44952047,30989,0,0,0
2026-04-29 18:50:56,45825606,35392,15896153,70453,12329,80,83,44982040,29993,0,0,0
2026-04-29 18:50:57,45858265,32659,15907496,70503,11393,78,83,45011401,29361,0,0,0
2026-04-29 18:50:58,45888758,30493,15918103,70545,10649,76,83,45039772,28371,0,0,0
2026-04-29 18:50:59,45917249,28491,15927979,70581,9912,82,83,45065181,25409,0,0,0
2026-04-29 18:51:00,45947996,30747,15938637,70623,10700,82,83,45099291,34110,0,0,0
2026-04-29 18:51:01,45980077,32081,15949716,70669,11125,80,83,45129030,29739,0,0,0
2026-04-29 18:51:03,46011028,30951,15960481,70707,10803,56,83,45158650,29620,0,0,0
2026-04-29 18:51:04,46040705,29677,15970792,70746,10350,82,83,45186649,27999,0,0,0
2026-04-29 18:51:05,46068989,28284,15980605,70785,9852,82,83,45214370,27721,0,0,0
2026-04-29 18:51:06,46095987,26998,15989924,70835,9369,80,83,45241185,26815,0,0,0
2026-04-29 18:51:07,46123278,27291,15999397,70878,9516,80,83,45268270,27085,0,0,0
2026-04-29 18:51:08,46151343,28065,16009162,70916,9803,82,83,45295494,27224,0,0,0
2026-04-29 18:51:09,46176536,25193,16017865,70963,8750,82,83,45320063,24569,0,0,0
2026-04-29 18:51:10,46201528,24992,16026528,71005,8705,81,83,45345243,25180,0,0,0
2026-04-29 18:51:12,46228042,26514,16035716,71039,9222,80,83,45380102,34859,0,0,0
2026-04-29 18:51:13,46256578,28536,16045689,71070,10004,80,83,45407348,27246,0,0,0
2026-04-29 18:51:14,46284569,27991,16055406,71118,9765,77,83,45435300,27952,0,0,0
2026-04-29 18:51:15,46311297,26728,16064722,71161,9359,79,83,45462172,26872,0,0,0
2026-04-29 18:51:16,46335058,23761,16072964,71190,8271,82,83,45487872,25700,0,0,0
2026-04-29 18:51:17,46360553,25495,16081801,71236,8883,79,83,45513772,25900,0,0,0
2026-04-29 18:51:18,46387579,27026,16091174,71284,9421,82,83,45541069,27297,0,0,0
2026-04-29 18:51:19,46412405,24826,16099818,71317,8677,82,83,45564297,23228,0,0,0
2026-04-29 18:51:20,46435810,23405,16107940,71356,8161,82,83,45587781,23484,0,0,0
2026-04-29 18:51:22,46460353,24543,16116410,71404,8518,76,83,45620232,32451,0,0,0
2026-04-29 18:51:23,46484613,24260,16124839,71434,8459,82,83,45645998,25766,0,0,0
2026-04-29 18:51:24,46510287,25674,16133722,71473,8922,81,83,45671834,25836,0,0,0
2026-04-29 18:51:25,46536494,26207,16142804,71516,9125,82,83,45697186,25352,0,0,0
2026-04-29 18:51:26,46563002,26508,16152005,71545,9230,82,83,45723488,26302,0,0,0
2026-04-29 18:51:27,46591023,28021,16161726,71581,9757,79,83,45751510,28022,0,0,0
2026-04-29 18:51:28,46619729,28706,16171649,71625,9967,81,83,45778755,27245,0,0,0
2026-04-29 18:51:29,46646995,27266,16181185,71663,9574,82,83,45804784,26029,0,0,0
2026-04-29 18:51:31,46674547,27552,16190730,71693,9575,82,83,45830971,26187,0,0,0
2026-04-29 18:51:32,46703263,28716,16200673,71725,9975,82,83,45865586,34615,0,0,0
2026-04-29 18:51:33,46733168,29905,16211029,71777,10408,82,83,45894071,28485,0,0,0
2026-04-29 18:51:34,46765898,32730,16222405,71828,11427,80,83,45924104,30033,0,0,0
2026-04-29 18:51:35,46795698,29800,16232722,71875,10364,78,83,45951513,27409,0,0,0
2026-04-29 18:51:36,46827282,31584,16243722,71927,11052,82,83,45980675,29162,0,0,0
2026-04-29 18:51:37,46858141,30859,16254382,71969,10702,79,83,46009898,29223,0,0,0
2026-04-29 18:51:38,46890689,32548,16265672,72023,11344,77,83,46038914,29016,0,0,0
2026-04-29 18:51:40,46921576,30887,16276419,72076,10800,76,83,46066549,27635,0,0,0
2026-04-29 18:51:41,46948215,26639,16285642,72117,9264,82,83,46091011,24462,0,0,0
2026-04-29 18:51:42,46974994,26779,16294940,72160,9341,82,83,46123192,32181,0,0,0
2026-04-29 18:51:43,47006324,31330,16305799,72209,10908,81,83,46152610,29418,0,0,0
2026-04-29 18:51:44,47037933,31609,16316749,72257,10998,79,83,46181348,28738,0,0,0
2026-04-29 18:51:45,47071357,33424,16328367,72308,11669,71,83,46212149,30801,0,0,0
2026-04-29 18:51:46,47106466,35109,16340539,72355,12219,78,83,46243013,30864,0,0,0
2026-04-29 18:51:47,47139308,32842,16351985,72393,11484,82,83,46272591,29578,0,0,0
2026-04-29 18:51:49,47172851,33543,16363602,72442,11666,82,83,46302163,29572,0,0,0
2026-04-29 18:51:50,47205579,32728,16374992,72493,11441,82,83,46331652,29489,0,0,0
2026-04-29 18:51:51,47237101,31522,16385906,72540,10961,82,83,46359230,27578,0,0,0
2026-04-29 18:51:52,47270111,33010,16397373,72591,11518,79,83,46395974,36744,0,0,0
2026-04-29 18:51:53,47304019,33908,16409126,72633,11795,82,83,46427587,31613,0,0,0
2026-04-29 18:51:54,47338844,34825,16421151,72691,12083,82,83,46458882,31295,0,0,0
2026-04-29 18:51:55,47373295,34451,16433101,72742,12001,82,83,46489187,30305,0,0,0
2026-04-29 18:51:56,47408182,34887,16445244,72796,12197,71,83,46519840,30653,0,0,0
2026-04-29 18:51:58,47441722,33540,16456820,72850,11630,82,83,46549366,29526,0,0,0
2026-04-29 18:51:59,47476727,35005,16468982,72912,12224,78,83,46580677,31311,0,0,0
2026-04-29 18:52:00,47511448,34721,16481059,72974,12139,62,83,46610531,29854,0,0,0
2026-04-29 18:52:01,47543237,31789,16492068,73014,11049,82,83,46638784,28253,0,0,0
2026-04-29 18:52:02,47577841,34604,16504063,73061,12042,72,83,46675823,37039,0,0,0
2026-04-29 18:52:03,47612041,34200,16515903,73111,11890,78,83,46707120,31297,0,0,0
2026-04-29 18:52:04,47644806,32765,16527290,73164,11440,82,83,46738151,31031,0,0,0
2026-04-29 18:52:05,47678510,33704,16538995,73211,11752,81,83,46769839,31688,0,0,0
2026-04-29 18:52:07,47712291,33781,16550693,73273,11760,76,83,46799511,29672,0,0,0
2026-04-29 18:52:08,47743424,31133,16561500,73325,10859,81,83,46830381,30870,0,0,0
2026-04-29 18:52:09,47772428,29004,16571562,73374,10111,80,83,46857485,27104,0,0,0
2026-04-29 18:52:10,47801611,29183,16581762,73413,10239,82,83,46883493,26008,0,0,0
2026-04-29 18:52:11,47828569,26958,16591067,73463,9355,82,83,46908098,24605,0,0,0
2026-04-29 18:52:12,47857912,29343,16601224,73509,10203,79,83,46942849,34751,0,0,0
2026-04-29 18:52:13,47886219,28307,16611037,73556,9860,81,83,46969134,26285,0,0,0
2026-04-29 18:52:14,47914144,27925,16620729,73603,9739,82,83,46995144,26010,0,0,0
2026-04-29 18:52:16,47943931,29787,16631035,73656,10359,81,83,47022671,27527,0,0,0
2026-04-29 18:52:17,47972735,28804,16641025,73698,10032,77,83,47051014,28343,0,0,0
2026-04-29 18:52:18,48001098,28363,16650923,73742,9942,58,83,47078626,27612,0,0,0
2026-04-29 18:52:19,48030625,29527,16661129,73789,10253,80,83,47107169,28543,0,0,0
2026-04-29 18:52:20,48058572,27947,16670877,73833,9792,82,83,47134011,26842,0,0,0
2026-04-29 18:52:21,48084540,25968,16679848,73873,9011,74,83,47158131,24120,0,0,0
2026-04-29 18:52:22,48111234,26694,16689106,73917,9302,82,83,47190317,32186,0,0,0
2026-04-29 18:52:23,48138751,27517,16698641,73969,9587,77,83,47218188,27871,0,0,0
2026-04-29 18:52:25,48166197,27446,16708186,74020,9596,82,83,47244555,26367,0,0,0
2026-04-29 18:52:26,48192978,26781,16717449,74056,9299,82,83,47272332,27777,0,0,0
2026-04-29 18:52:27,48220579,27601,16727013,74102,9610,80,83,47298835,26503,0,0,0
2026-04-29 18:52:28,48249207,28628,16736962,74149,9996,82,83,47326817,27982,0,0,0
2026-04-29 18:52:29,48277341,28134,16746734,74178,9801,77,83,47354938,28121,0,0,0
2026-04-29 18:52:30,48303431,26090,16755821,74218,9127,82,83,47381117,26179,0,0,0
2026-04-29 18:52:31,48328028,24597,16764354,74255,8570,82,83,47405747,24630,0,0,0
2026-04-29 18:52:32,48350485,22457,16772135,74289,7815,82,83,47428579,22832,0,0,0
2026-04-29 18:52:34,48375431,24946,16780808,74327,8711,82,83,47461005,32426,0,0,0
2026-04-29 18:52:35,48399900,24469,16789260,74367,8492,81,83,47485597,24592,0,0,0
2026-04-29 18:52:36,48424288,24388,16797715,74410,8498,82,83,47510600,25003,0,0,0
2026-04-29 18:52:37,48451830,27542,16807313,74437,9625,82,83,47537897,27297,0,0,0
2026-04-29 18:52:38,48479278,27448,16816805,74478,9533,81,83,47564503,26606,0,0,0
2026-04-29 18:52:39,48505115,25837,16825809,74516,9042,82,83,47590220,25717,0,0,0
2026-04-29 18:52:40,48533153,28038,16835505,74567,9747,82,83,47617644,27424,0,0,0
2026-04-29 18:52:41,48555749,22596,16843375,74600,7903,82,83,47640193,22549,0,0,0
2026-04-29 18:52:43,48579063,23314,16851461,74642,8128,82,83,47663982,23789,0,0,0
2026-04-29 18:52:44,48603504,24441,16859977,74687,8561,82,83,47697707,33725,0,0,0
2026-04-29 18:52:45,48630648,27144,16869357,74733,9426,75,83,47723974,26267,0,0,0
2026-04-29 18:52:46,48661484,30836,16880022,74785,10717,82,83,47752738,28764,0,0,0
2026-04-29 18:52:47,48693026,31542,16890980,74832,11005,82,83,47781633,28895,0,0,0
2026-04-29 18:52:48,48724277,31251,16901825,74888,10901,70,83,47811170,29537,0,0,0
2026-04-29 18:52:49,48756449,32172,16912975,74922,11184,80,83,47840719,29549,0,0,0
2026-04-29 18:52:50,48790395,33946,16924758,74984,11845,82,83,47871297,30578,0,0,0
2026-04-29 18:52:52,48823027,32632,16936120,75039,11417,82,83,47899387,28090,0,0,0
2026-04-29 18:52:53,48853856,30829,16946805,75092,10738,82,83,47926792,27405,0,0,0
2026-04-29 18:52:54,48886853,32997,16958219,75141,11463,77,83,47964965,38173,0,0,0
2026-04-29 18:52:55,48921148,34295,16970072,75194,11906,82,83,47994992,30027,0,0,0
2026-04-29 18:52:56,48953878,32730,16981447,75244,11425,82,83,48024396,29404,0,0,0
2026-04-29 18:52:57,48986175,32297,16992631,75290,11230,81,83,48053799,29403,0,0,0
2026-04-29 18:52:58,49019927,33752,17004386,75348,11813,80,83,48084295,30496,0,0,0
2026-04-29 18:52:59,49052721,32794,17015784,75403,11453,77,83,48114529,30234,0,0,0
2026-04-29 18:53:01,49087563,34842,17027868,75468,12149,69,83,48145173,30644,0,0,0
2026-04-29 18:53:02,49120910,33347,17039440,75517,11621,82,83,48173844,28671,0,0,0
2026-04-29 18:53:03,49151517,30607,17050050,75561,10654,82,83,48200961,27117,0,0,0
2026-04-29 18:53:04,49181752,30235,17060519,75607,10515,77,83,48236044,35083,0,0,0
2026-04-29 18:53:05,49212845,31093,17071300,75655,10829,76,83,48265308,29264,0,0,0
2026-04-29 18:53:06,49246840,33995,17083043,75715,11803,82,83,48295264,29956,0,0,0
2026-04-29 18:53:07,49279024,32184,17094228,75777,11247,79,83,48323952,28688,0,0,0
2026-04-29 18:53:08,49311566,32542,17105560,75831,11386,82,83,48353211,29259,0,0,0
2026-04-29 18:53:10,49344641,33075,17116995,75884,11488,75,83,48384470,31259,0,0,0
2026-04-29 18:53:11,49377220,32579,17128316,75941,11378,82,83,48414764,30294,0,0,0
2026-04-29 18:53:12,49407561,30341,17138837,75984,10564,73,83,48442155,27391,0,0,0
2026-04-29 18:53:13,49439020,31459,17149739,76034,10952,82,83,48476212,34057,0,0,0
2026-04-29 18:53:14,49473569,34549,17161747,76079,12053,82,83,48507102,30890,0,0,0
2026-04-29 18:53:15,49507726,34157,17173599,76131,11904,82,83,48538048,30946,0,0,0
2026-04-29 18:53:16,49542113,34387,17185530,76187,11987,76,83,48568545,30497,0,0,0
2026-04-29 18:53:17,49576812,34699,17197575,76245,12103,80,83,48599392,30847,0,0,0
2026-04-29 18:53:19,49610833,34021,17209353,76308,11841,76,83,48630132,30740,0,0,0
2026-04-29 18:53:20,49644489,33656,17221007,76361,11707,78,83,48659774,29642,0,0,0
2026-04-29 18:53:21,49677963,33474,17232615,76421,11668,79,83,48690640,30866,0,0,0
2026-04-29 18:53:22,49710664,32701,17243938,76473,11375,82,83,48719552,28912,0,0,0
2026-04-29 18:53:23,49742650,31986,17255033,76513,11135,81,83,48747333,27781,0,0,0
2026-04-29 18:53:24,49776289,33639,17266734,76566,11754,79,83,48785491,38158,0,0,0
2026-04-29 18:53:25,49811503,35214,17278979,76621,12300,80,83,48816925,31434,0,0,0
2026-04-29 18:53:26,49845007,33504,17290596,76659,11655,81,83,48847816,30891,0,0,0
2026-04-29 18:53:28,49879481,34474,17302605,76711,12061,71,83,48878381,30565,0,0,0
2026-04-29 18:53:29,49914185,34704,17314644,76755,12083,76,83,48909437,31056,0,0,0
2026-04-29 18:53:30,49948703,34518,17326639,76811,12051,73,83,48940118,30681,0,0,0
2026-04-29 18:53:31,49982998,34295,17338552,76867,11969,75,83,48970385,30267,0,0,0
2026-04-29 18:53:32,50015780,32782,17349917,76916,11414,82,83,48998336,27951,0,0,0
2026-04-29 18:53:33,50047065,31285,17360826,76957,10950,82,83,49033617,35281,0,0,0
2026-04-29 18:53:34,50081177,34112,17372612,77017,11846,79,83,49064746,31129,0,0,0
2026-04-29 18:53:35,50115593,34416,17384560,77065,11996,82,83,49097103,32357,0,0,0
2026-04-29 18:53:37,50149071,33478,17396218,77113,11706,76,83,49127540,30437,0,0,0
2026-04-29 18:53:38,50178769,29698,17406533,77160,10362,82,83,49155889,28349,0,0,0
2026-04-29 18:53:39,50208782,30013,17416912,77209,10428,81,83,49184210,28321,0,0,0
2026-04-29 18:53:40,50237685,28903,17426978,77258,10115,82,83,49212233,28023,0,0,0
2026-04-29 18:53:41,50265894,28209,17436766,77312,9842,82,83,49239685,27452,0,0,0
2026-04-29 18:53:42,50293827,27933,17446428,77358,9708,82,83,49264959,25274,0,0,0
2026-04-29 18:53:43,50318558,24731,17455004,77400,8618,82,83,49290991,26032,0,0,0
2026-04-29 18:53:44,50343629,25071,17463711,77441,8748,82,83,49323790,32799,0,0,0
2026-04-29 18:53:46,50368747,25118,17472393,77494,8735,78,83,49351320,27530,0,0,0
2026-04-29 18:53:47,50395995,27248,17481871,77539,9523,82,83,49378628,27308,0,0,0
2026-04-29 18:53:48,50423388,27393,17491396,77569,9555,82,83,49406840,28212,0,0,0
2026-04-29 18:53:49,50451718,28330,17501174,77614,9823,82,83,49434272,27432,0,0,0
2026-04-29 18:53:50,50477679,25961,17510168,77659,9039,81,83,49460988,26716,0,0,0
2026-04-29 18:53:51,50502676,24997,17518859,77697,8729,82,83,49486339,25351,0,0,0
2026-04-29 18:53:52,50528169,25493,17527688,77741,8873,82,83,49512402,26063,0,0,0
2026-04-29 18:53:53,50552871,24702,17536261,77778,8610,82,83,49537048,24646,0,0,0
2026-04-29 18:53:55,50575455,22584,17544082,77809,7852,82,83,49561152,24104,0,0,0
2026-04-29 18:53:56,50598468,23013,17552050,77841,8000,82,83,49592902,31750,0,0,0
2026-04-29 18:53:57,50621708,23240,17560148,77874,8131,82,83,49617777,24875,0,0,0
2026-04-29 18:53:58,50646710,25002,17568769,77913,8660,82,83,49644042,26265,0,0,0
2026-04-29 18:53:59,50672085,25375,17577577,77956,8851,82,83,49670844,26802,0,0,0
2026-04-29 18:54:00,50698533,26448,17586739,78005,9211,82,83,49697816,26972,0,0,0
2026-04-29 18:54:01,50726190,27657,17596353,78045,9654,79,83,49725401,27585,0,0,0
2026-04-29 18:54:02,50753840,27650,17605953,78086,9641,82,83,49753268,27867,0,0,0
2026-04-29 18:54:04,50782518,28678,17615911,78132,10004,71,83,49779864,26596,0,0,0
2026-04-29 18:54:05,50811168,28650,17625861,78168,9986,79,83,49806141,26277,0,0,0
2026-04-29 18:54:06,50842547,31379,17636780,78208,10959,75,83,49843212,37071,0,0,0
2026-04-29 18:54:07,50876691,34144,17648580,78261,11853,80,83,49874604,31392,0,0,0
2026-04-29 18:54:08,50911420,34729,17660591,78316,12066,81,83,49906248,31644,0,0,0
2026-04-29 18:54:09,50945857,34437,17672529,78375,11997,82,83,49936785,30537,0,0,0
2026-04-29 18:54:10,50980488,34631,17684536,78434,12066,82,83,49967978,31193,0,0,0
2026-04-29 18:54:11,51015874,35386,17696800,78492,12322,82,83,50000000,32022,0,0,0
2026-04-29 18:54:13,51050717,34843,17708925,78553,12186,73,83,50030926,30926,0,0,0
2026-04-29 18:54:14,51083756,33039,17720327,78595,11444,81,83,50060197,29271,0,0,0
2026-04-29 18:54:15,51116774,33018,17731748,78655,11481,81,83,50098139,37942,0,0,0
2026-04-29 18:54:16,51150385,33611,17743416,78704,11717,82,83,50128683,30544,0,0,0
2026-04-29 18:54:17,51184873,34488,17755386,78757,12023,82,83,50159633,30950,0,0,0
2026-04-29 18:54:18,51218613,33740,17767098,78805,11760,82,83,50190811,31178,0,0,0
2026-04-29 18:54:19,51253488,34875,17779177,78859,12133,81,83,50221919,31108,0,0,0
2026-04-29 18:54:20,51286081,32593,17790477,78904,11345,82,83,50251467,29548,0,0,0
2026-04-29 18:54:22,51318994,32913,17801871,78962,11452,79,83,50281559,30092,0,0,0
2026-04-29 18:54:23,51352751,33757,17813591,79019,11777,82,83,50311074,29515,0,0,0
2026-04-29 18:54:24,51384376,31625,17824526,79076,10992,82,83,50338802,27728,0,0,0
2026-04-29 18:54:25,51416848,32472,17835775,79118,11291,81,83,50375551,36749,0,0,0
2026-04-29 18:54:26,51451400,34552,17847765,79178,12050,82,83,50405946,30395,0,0,0
2026-04-29 18:54:27,51483641,32241,17858972,79223,11252,76,83,50435904,29958,0,0,0
2026-04-29 18:54:28,51514591,30950,17869716,79271,10792,82,83,50463780,27876,0,0,0
2026-04-29 18:54:29,51544681,30090,17880160,79330,10503,82,83,50492273,28493,0,0,0
2026-04-29 18:54:31,51574184,29503,17890351,79382,10243,81,83,50521240,28967,0,0,0
2026-04-29 18:54:32,51603277,29093,17900421,79431,10119,81,83,50548756,27516,0,0,0
2026-04-29 18:54:33,51633231,29954,17910827,79467,10442,81,83,50577409,28653,0,0,0
2026-04-29 18:54:34,51662987,29756,17921177,79512,10395,82,83,50604811,27402,0,0,0
2026-04-29 18:54:35,51690462,27475,17930687,79560,9558,82,83,50630020,25209,0,0,0
2026-04-29 18:54:36,51717966,27504,17940229,79607,9589,82,83,50664302,34282,0,0,0
2026-04-29 18:54:37,51748152,30186,17950634,79661,10459,80,83,50692227,27925,0,0,0
2026-04-29 18:54:38,51779018,30866,17961358,79711,10774,82,83,50721054,28827,0,0,0
2026-04-29 18:54:40,51809448,30430,17971915,79763,10609,82,83,50749261,28207,0,0,0
2026-04-29 18:54:41,51840339,30891,17982653,79810,10785,75,83,50778450,29189,0,0,0
2026-04-29 18:54:42,51870966,30627,17993235,79863,10635,78,83,50806273,27823,0,0,0
2026-04-29 18:54:43,51901463,30497,18003850,79900,10652,82,83,50834991,28718,0,0,0
2026-04-29 18:54:44,51927962,26499,18013032,79936,9218,82,83,50859898,24907,0,0,0
2026-04-29 18:54:45,51956245,28283,18022852,79976,9860,75,83,50886374,26476,0,0,0
2026-04-29 18:54:46,51980120,23875,18031155,80010,8337,82,83,50916416,30042,0,0,0
2026-04-29 18:54:47,52007583,27463,18040632,80047,9514,82,83,50943654,27238,0,0,0
2026-04-29 18:54:49,52033905,26322,18049779,80073,9173,76,83,50969211,25557,0,0,0
2026-04-29 18:54:50,52059757,25852,18058769,80113,9030,80,83,50995235,26024,0,0,0
2026-04-29 18:54:51,52086323,26566,18067969,80157,9244,81,83,51021317,26082,0,0,0
2026-04-29 18:54:52,52112069,25746,18076925,80192,8991,72,83,51048463,27146,0,0,0
2026-04-29 18:54:53,52138063,25994,18085945,80239,9067,81,83,51075000,26537,0,0,0
2026-04-29 18:54:54,52162901,24838,18094587,80281,8684,82,83,51102927,27927,0,0,0
2026-04-29 18:54:55,52187264,24363,18103019,80324,8475,81,83,51127447,24520,0,0,0
2026-04-29 18:54:56,52214494,27230,18112489,80357,9503,82,83,51152938,25491,0,0,0
2026-04-29 18:54:57,52238655,24161,18120858,80387,8399,81,83,51184962,32024,0,0,0
2026-04-29 18:54:59,52265830,27175,18130312,80428,9495,82,83,51211201,26239,0,0,0
2026-04-29 18:55:00,52294650,28820,18140309,80467,10036,82,83,51238285,27084,0,0,0
2026-04-29 18:55:01,52322985,28335,18150146,80512,9882,82,83,51265248,26963,0,0,0
2026-04-29 18:55:02,52350360,27375,18159651,80545,9538,82,83,51292211,26963,0,0,0
2026-04-29 18:55:03,52378576,28216,18169481,80585,9870,72,83,51320882,28671,0,0,0
2026-04-29 18:55:04,52406348,27772,18179072,80632,9638,82,83,51347426,26544,0,0,0
2026-04-29 18:55:05,52432055,25707,18188064,80670,9030,82,83,51371571,24145,0,0,0
2026-04-29 18:55:06,52456346,24291,18196450,80699,8415,82,83,51394546,22975,0,0,0
2026-04-29 18:55:08,52480416,24070,18204846,80745,8442,82,83,51424847,30301,0,0,0
2026-04-29 18:55:09,52506277,25861,18213773,80781,8963,81,83,51451571,26724,0,0,0
2026-04-29 18:55:10,52531174,24897,18222395,80827,8668,82,83,51478532,26961,0,0,0
2026-04-29 18:55:11,52556600,25426,18231218,80877,8873,82,83,51505351,26819,0,0,0
2026-04-29 18:55:12,52583437,26837,18240473,80922,9300,82,83,51531343,25992,0,0,0
2026-04-29 18:55:13,52610498,27061,18249944,80955,9504,82,83,51557589,26246,0,0,0
2026-04-29 18:55:14,52638887,28389,18259727,81002,9830,75,83,51585736,28147,0,0,0
2026-04-29 18:55:15,52666864,27977,18269450,81042,9763,82,83,51612554,26818,0,0,0
2026-04-29 18:55:17,52694558,27694,18279059,81078,9645,82,83,51637708,25154,0,0,0
2026-04-29 18:55:18,52724527,29969,18289426,81119,10408,82,83,51673175,35467,0,0,0
2026-04-29 18:55:19,52756630,32103,18300584,81162,11201,79,83,51701963,28788,0,0,0
2026-04-29 18:55:20,52790855,34225,18312493,81212,11959,82,83,51732560,30597,0,0,0
2026-04-29 18:55:21,52825741,34886,18324527,81284,12106,78,83,51763328,30768,0,0,0
2026-04-29 18:55:22,52860385,34644,18336553,81347,12089,82,83,51793719,30391,0,0,0
2026-04-29 18:55:23,52894294,33909,18348299,81399,11798,80,83,51823734,30015,0,0,0
2026-04-29 18:55:24,52926060,31766,18359306,81446,11054,82,83,51853718,29984,0,0,0
2026-04-29 18:55:26,52956327,30267,18369838,81489,10575,82,83,51880757,27039,0,0,0
2026-04-29 18:55:27,52986617,30290,18380324,81537,10534,82,83,51908677,27920,0,0,0
2026-04-29 18:55:28,53020216,33599,18391977,81595,11711,81,83,51945698,37021,0,0,0
2026-04-29 18:55:29,53054071,33855,18403752,81650,11830,80,83,51976378,30680,0,0,0
2026-04-29 18:55:30,53088046,33975,18415521,81697,11816,71,83,52005851,29473,0,0,0
2026-04-29 18:55:31,53123197,35151,18427699,81747,12228,82,83,52036916,31065,0,0,0
2026-04-29 18:55:32,53156071,32874,18439136,81790,11480,82,83,52066728,29812,0,0,0
2026-04-29 18:55:33,53189829,33758,18450819,81852,11745,81,83,52096335,29607,0,0,0
2026-04-29 18:55:35,53223323,33494,18462448,81895,11672,82,83,52127413,31078,0,0,0
2026-04-29 18:55:36,53256539,33216,18473929,81962,11548,82,83,52156331,28918,0,0,0
2026-04-29 18:55:37,53288778,32239,18485096,82010,11215,82,83,52184328,27997,0,0,0
2026-04-29 18:55:38,53323283,34505,18497070,82073,12037,77,83,52223191,38863,0,0,0
2026-04-29 18:55:39,53357144,33861,18508816,82130,11803,82,83,52253356,30165,0,0,0
2026-04-29 18:55:40,53391006,33862,18520550,82188,11792,81,83,52283731,30375,0,0,0
2026-04-29 18:55:41,53426421,35415,18532816,82237,12315,79,83,52315084,31353,0,0,0
2026-04-29 18:55:42,53461074,34653,18544807,82314,12068,80,83,52346210,31126,0,0,0
2026-04-29 18:55:44,53495301,34227,18556660,82365,11904,78,83,52378067,31857,0,0,0
2026-04-29 18:55:45,53529406,34105,18568531,82406,11912,81,83,52409725,31658,0,0,0
2026-04-29 18:55:46,53561580,32174,18579708,82447,11218,82,83,52437652,27927,0,0,0
2026-04-29 18:55:47,53592660,31080,18590487,82493,10825,82,83,52472332,34680,0,0,0
2026-04-29 18:55:48,53627220,34560,18602455,82540,12015,79,83,52503721,31389,0,0,0
2026-04-29 18:55:49,53662183,34963,18614564,82608,12177,79,83,52534675,30954,0,0,0
2026-04-29 18:55:50,53697051,34868,18626671,82659,12158,75,83,52565603,30928,0,0,0
2026-04-29 18:55:51,53731767,34716,18638730,82715,12115,82,83,52596950,31347,0,0,0
2026-04-29 18:55:53,53766662,34895,18650815,82774,12144,82,83,52628065,31115,0,0,0
2026-04-29 18:55:54,53800388,33726,18662540,82816,11767,81,83,52658957,30892,0,0,0
2026-04-29 18:55:55,53834990,34602,18674546,82873,12063,76,83,52689924,30967,0,0,0
2026-04-29 18:55:56,53868669,33679,18686215,82928,11724,82,83,52719304,29380,0,0,0
2026-04-29 18:55:57,53900438,31769,18697282,82977,11116,82,83,52754275,34971,0,0,0
2026-04-29 18:55:58,53933464,33026,18708706,83027,11474,77,83,52784799,30524,0,0,0
2026-04-29 18:55:59,53967040,33576,18720336,83084,11687,81,83,52815232,30433,0,0,0
2026-04-29 18:56:00,53999108,32068,18731507,83123,11210,82,83,52846099,30867,0,0,0
2026-04-29 18:56:02,54029134,30026,18741899,83179,10448,82,83,52874919,28820,0,0,0
2026-04-29 18:56:03,54060202,31068,18752634,83217,10773,76,83,52903301,28382,0,0,0
2026-04-29 18:56:04,54091216,31014,18763408,83253,10810,82,83,52931680,28379,0,0,0
2026-04-29 18:56:05,54120616,29400,18773561,83315,10215,82,83,52962422,30742,0,0,0
2026-04-29 18:56:06,54148582,27966,18783288,83352,9764,82,83,52988542,26120,0,0,0
2026-04-29 18:56:07,54174979,26397,18792437,83397,9194,82,83,53013652,25110,0,0,0
2026-04-29 18:56:08,54201706,26727,18801695,83447,9308,81,83,53046417,32765,0,0,0
2026-04-29 18:56:09,54229290,27584,18811290,83497,9645,82,83,53074113,27696,0,0,0
2026-04-29 18:56:11,54257017,27727,18820891,83549,9653,82,83,53101394,27281,0,0,0
2026-04-29 18:56:12,54285362,28345,18830715,83593,9868,82,83,53130829,29435,0,0,0
2026-04-29 18:56:13,54313450,28088,18840462,83626,9780,82,83,53159027,28198,0,0,0
2026-04-29 18:56:14,54340624,27174,18849885,83671,9468,81,83,53186272,27245,0,0,0
2026-04-29 18:56:15,54367275,26651,18859120,83713,9277,82,83,53213748,27476,0,0,0
2026-04-29 18:56:16,54393143,25868,18868131,83745,9043,82,83,53240254,26506,0,0,0
2026-04-29 18:56:17,54416573,23430,18876222,83783,8129,82,83,53264922,24668,0,0,0
2026-04-29 18:56:18,54439753,23180,18884274,83822,8091,82,83,53288289,23367,0,0,0
2026-04-29 18:56:20,54464553,24800,18892867,83855,8626,81,83,53322261,33972,0,0,0
2026-04-29 18:56:21,54491591,27038,18902265,83893,9436,81,83,53350526,28265,0,0,0
2026-04-29 18:56:22,54518205,26614,18911496,83938,9276,81,83,53378744,28218,0,0,0
2026-04-29 18:56:23,54544422,26217,18920601,83974,9141,82,83,53406055,27311,0,0,0
2026-04-29 18:56:24,54568119,23697,18928812,84020,8257,80,83,53431421,25366,0,0,0
2026-04-29 18:56:25,54593807,25688,18937716,84058,8942,82,83,53457240,25819,0,0,0
2026-04-29 18:56:26,54618687,24880,18946322,84105,8653,82,83,53483278,26038,0,0,0
2026-04-29 18:56:27,54643110,24423,18954791,84139,8503,82,83,53506640,23362,0,0,0
2026-04-29 18:56:29,54665820,22710,18962639,84182,7891,82,83,53537031,30391,0,0,0
2026-04-29 18:56:30,54694824,29004,18972689,84223,10091,80,83,53566072,29041,0,0,0
2026-04-29 18:56:31,54726667,31843,18983716,84267,11071,79,83,53596126,30054,0,0,0
2026-04-29 18:56:32,54757080,30413,18994263,84330,10610,82,83,53625262,29136,0,0,0
2026-04-29 18:56:33,54789320,32240,19005473,84377,11257,82,83,53654556,29294,0,0,0
2026-04-29 18:56:34,54822844,33524,19017128,84417,11695,82,83,53684980,30424,0,0,0
2026-04-29 18:56:35,54856313,33469,19028720,84468,11643,79,83,53716526,31546,0,0,0
2026-04-29 18:56:36,54886330,30017,19039170,84517,10499,82,83,53745471,28945,0,0,0
2026-04-29 18:56:38,54915867,29537,19049399,84568,10280,82,83,53771899,26428,0,0,0
2026-04-29 18:56:39,54948288,32421,19060627,84630,11290,82,83,53810522,38623,0,0,0
2026-04-29 18:56:40,54982114,33826,19072364,84685,11792,72,83,53841704,31182,0,0,0
2026-04-29 18:56:41,55015537,33423,19083943,84758,11652,81,83,53872238,30534,0,0,0
2026-04-29 18:56:42,55047931,32394,19095172,84805,11276,77,83,53903005,30767,0,0,0
2026-04-29 18:56:43,55081895,33964,19106949,84853,11825,76,83,53933260,30255,0,0,0
2026-04-29 18:56:44,55115156,33261,19118461,84912,11571,81,83,53963692,30432,0,0,0
2026-04-29 18:56:45,55148817,33661,19130173,84959,11759,80,83,53994779,31087,0,0,0
2026-04-29 18:56:47,55182022,33205,19141678,85023,11569,82,83,54024300,29521,0,0,0
2026-04-29 18:56:48,55213219,31197,19152520,85067,10886,82,83,54059686,35386,0,0,0
2026-04-29 18:56:49,55246767,33548,19164153,85122,11688,82,83,54090930,31244,0,0,0
2026-04-29 18:56:50,55280652,33885,19175930,85180,11835,82,83,54121157,30227,0,0,0
2026-04-29 18:56:51,55313259,32607,19187255,85225,11370,80,83,54150795,29638,0,0,0
2026-04-29 18:56:52,55346246,32987,19198694,85284,11498,81,83,54181156,30361,0,0,0
2026-04-29 18:56:53,55379980,33734,19210428,85329,11779,72,83,54213885,32729,0,0,0
2026-04-29 18:56:54,55414304,34324,19222328,85386,11957,80,83,54244850,30965,0,0,0
2026-04-29 18:56:56,55448027,33723,19234048,85437,11771,82,83,54276392,31542,0,0,0
2026-04-29 18:56:57,55479054,31027,19244801,85493,10809,82,83,54303651,27259,0,0,0
2026-04-29 18:56:58,55510916,31862,19255815,85542,11063,82,83,54338285,34634,0,0,0
2026-04-29 18:56:59,55540347,29431,19266000,85583,10226,81,83,54366853,28568,0,0,0
2026-04-29 18:57:00,55569667,29320,19276185,85622,10224,79,83,54395294,28441,0,0,0
2026-04-29 18:57:01,55599713,30046,19286652,85651,10496,72,83,54424075,28781,0,0,0
2026-04-29 18:57:02,55626703,26990,19296024,85695,9416,82,83,54450770,26695,0,0,0
2026-04-29 18:57:03,55652866,26163,19305127,85734,9142,82,83,54477680,26910,0,0,0
2026-04-29 18:57:05,55684398,31532,19316021,85788,10948,82,83,54507907,30227,0,0,0
2026-04-29 18:57:06,55714930,30532,19326569,85848,10608,82,83,54537533,29626,0,0,0
2026-04-29 18:57:07,55746656,31726,19337615,85897,11095,82,83,54565482,27949,0,0,0
2026-04-29 18:57:08,55778176,31520,19348519,85948,10955,82,83,54593743,28261,0,0,0
2026-04-29 18:57:09,55810150,31974,19359616,85987,11136,75,83,54631025,37282,0,0,0
2026-04-29 18:57:10,55842103,31953,19370708,86043,11148,81,83,54660429,29404,0,0,0
2026-04-29 18:57:11,55871908,29805,19381026,86092,10367,82,83,54689056,28627,0,0,0
2026-04-29 18:57:12,55900816,28908,19391127,86132,10141,82,83,54717218,28162,0,0,0
2026-04-29 18:57:14,55929146,28330,19400917,86180,9838,77,83,54746165,28947,0,0,0
2026-04-29 18:57:15,55955910,26764,19410167,86207,9277,76,83,54772751,26586,0,0,0
2026-04-29 18:57:16,55984597,28687,19420149,86250,10025,80,83,54800508,27757,0,0,0
2026-04-29 18:57:17,56009673,25076,19428912,86296,8809,82,83,54825225,24717,0,0,0
2026-04-29 18:57:18,56035721,26048,19437890,86335,9017,82,83,54850602,25377,0,0,0
2026-04-29 18:57:19,56061911,26190,19446985,86382,9142,82,83,54883589,32987,0,0,0
2026-04-29 18:57:20,56088448,26537,19456169,86414,9216,81,83,54911109,27520,0,0,0
2026-04-29 18:57:21,56113940,25492,19465008,86458,8883,82,83,54936517,25408,0,0,0
2026-04-29 18:57:23,56139150,25210,19473791,86487,8812,82,83,54963160,26643,0,0,0
2026-04-29 18:57:24,56165375,26225,19482855,86526,9103,77,83,54990386,27226,0,0,0
2026-04-29 18:57:25,56191097,25722,19491776,86559,8954,82,83,55016739,26353,0,0,0
2026-04-29 18:57:26,56218085,26988,19501159,86592,9416,82,83,55043599,26860,0,0,0
2026-04-29 18:57:27,56244636,26551,19510398,86631,9278,82,83,55071219,27620,0,0,0
2026-04-29 18:57:28,56271167,26531,19519596,86664,9231,82,83,55097631,26412,0,0,0
2026-04-29 18:57:29,56294708,23541,19527728,86724,8192,82,83,55121676,24045,0,0,0
2026-04-29 18:57:30,56315995,21287,19535085,86768,7401,81,83,55151647,29971,0,0,0
2026-04-29 18:57:31,56340561,24566,19543595,86798,8540,82,83,55177374,25727,0,0,0
2026-04-29 18:57:33,56367531,26970,19552964,86835,9406,82,83,55205586,28212,0,0,0
2026-04-29 18:57:34,56392504,24973,19561619,86884,8704,81,83,55232090,26504,0,0,0
2026-04-29 18:57:35,56417632,25128,19570320,86919,8736,75,83,55257527,25437,0,0,0
2026-04-29 18:57:36,56445074,27442,19579843,86962,9566,79,83,55283912,26385,0,0,0
2026-04-29 18:57:37,56471341,26267,19588942,86998,9135,81,83,55310438,26526,0,0,0
2026-04-29 18:57:38,56497323,25982,19597965,87040,9065,83,83,55336416,25978,0,0,0
2026-04-29 18:57:39,56523249,25926,19606957,87076,9028,82,83,55361698,25282,0,0,0
2026-04-29 18:57:40,56548474,25225,19615714,87123,8804,82,83,55386620,24922,0,0,0
2026-04-29 18:57:42,56574301,25827,19624672,87168,9003,80,83,55419742,33122,0,0,0
2026-04-29 18:57:43,56602075,27774,19634312,87205,9677,76,83,55448041,28299,0,0,0
2026-04-29 18:57:44,56632913,30838,19645086,87243,10812,54,83,55477551,29510,0,0,0
2026-04-29 18:57:45,56664503,31590,19655994,87295,10960,81,83,55508120,30569,0,0,0
2026-04-29 18:57:46,56698093,33590,19667627,87360,11698,81,83,55538695,30575,0,0,0
2026-04-29 18:57:47,56731501,33408,19679216,87416,11645,79,83,55569852,31157,0,0,0
2026-04-29 18:57:48,56765717,34216,19691102,87472,11942,69,83,55599685,29833,0,0,0
2026-04-29 18:57:49,56796461,30744,19701771,87520,10717,81,83,55627466,27781,0,0,0
2026-04-29 18:57:51,56828337,31876,19712824,87562,11095,82,83,55654641,27175,0,0,0
2026-04-29 18:57:52,56860827,32490,19724077,87606,11297,81,83,55691139,36498,0,0,0
2026-04-29 18:57:53,56895189,34362,19735997,87671,11985,76,83,55722788,31649,0,0,0
2026-04-29 18:57:54,56929876,34687,19748057,87718,12107,81,83,55753038,30250,0,0,0
2026-04-29 18:57:55,56964447,34571,19760033,87766,12024,77,83,55783828,30790,0,0,0
2026-04-29 18:57:56,56998868,34421,19771979,87812,11992,74,83,55815597,31769,0,0,0
2026-04-29 18:57:57,57032916,34048,19783783,87871,11863,72,83,55845153,29556,0,0,0
2026-04-29 18:57:58,57067209,34293,19795688,87919,11953,82,83,55875957,30804,0,0,0
2026-04-29 18:58:00,57100179,32970,19807163,87980,11536,82,83,55905330,29373,0,0,0
2026-04-29 18:58:01,57132669,32490,19818461,88023,11341,82,83,55933974,28644,0,0,0
2026-04-29 18:58:02,57163707,31038,19829225,88059,10800,77,83,55971766,37792,0,0,0
2026-04-29 18:58:03,57196665,32958,19840664,88125,11505,80,83,56002378,30612,0,0,0
2026-04-29 18:58:04,57230461,33796,19852349,88180,11740,82,83,56031737,29359,0,0,0
2026-04-29 18:58:05,57264838,34377,19864292,88240,12003,81,83,56062442,30705,0,0,0
2026-04-29 18:58:06,57298739,33901,19876038,88293,11799,81,83,56093323,30881,0,0,0
2026-04-29 18:58:07,57332800,34061,19887902,88344,11915,81,83,56125570,32247,0,0,0
2026-04-29 18:58:09,57367795,34995,19900020,88394,12168,78,83,56156361,30791,0,0,0
2026-04-29 18:58:10,57400892,33097,19911509,88445,11540,82,83,56185134,28773,0,0,0
2026-04-29 18:58:11,57432572,31680,19922521,88490,11057,77,83,56212837,27703,0,0,0
2026-04-29 18:58:12,57464391,31819,19933509,88548,11046,74,83,56248962,36125,0,0,0
2026-04-29 18:58:13,57497445,33054,19944946,88611,11500,79,83,56279819,30857,0,0,0
2026-04-29 18:58:14,57532519,35074,19957128,88667,12238,82,83,56311372,31553,0,0,0
2026-04-29 18:58:15,57567109,34590,19969155,88716,12076,79,83,56342468,31096,0,0,0
2026-04-29 18:58:16,57601998,34889,19981286,88763,12178,81,83,56373403,30935,0,0,0
2026-04-29 18:58:18,57636216,34218,19993122,88810,11883,80,83,56403670,30267,0,0,0
2026-04-29 18:58:19,57670256,34040,20004947,88863,11878,82,83,56434622,30952,0,0,0
2026-04-29 18:58:20,57703865,33609,20016602,88926,11718,82,83,56462734,28112,0,0,0
2026-04-29 18:58:21,57735262,31397,20027462,88975,10909,70,83,56490456,27722,0,0,0
2026-04-29 18:58:22,57766141,30879,20038173,89005,10741,82,83,56526042,35586,0,0,0
2026-04-29 18:58:23,57793863,27722,20047784,89047,9653,82,83,56553303,27261,0,0,0
2026-04-29 18:58:24,57825185,31322,20058651,89093,10913,81,83,56581998,28695,0,0,0
2026-04-29 18:58:25,57856725,31540,20069599,89144,10999,80,83,56611593,29595,0,0,0
2026-04-29 18:58:27,57888417,31692,20080596,89198,11051,82,83,56640620,29027,0,0,0
2026-04-29 18:58:28,57919765,31348,20091509,89248,10963,78,83,56669229,28609,0,0,0
2026-04-29 18:58:29,57951740,31975,20102590,89290,11123,82,83,56698196,28967,0,0,0
2026-04-29 18:58:30,57984206,32466,20113863,89344,11327,82,83,56726827,28631,0,0,0
2026-04-29 18:58:31,58015226,31020,20124615,89403,10811,82,83,56755492,28665,0,0,0
2026-04-29 18:58:32,58043663,28437,20134470,89445,9897,82,83,56788880,33388,0,0,0
2026-04-29 18:58:33,58072630,28967,20144473,89496,10054,81,83,56817408,28528,0,0,0
2026-04-29 18:58:34,58100107,27477,20154037,89533,9601,82,83,56843606,26198,0,0,0
2026-04-29 18:58:36,58127984,27877,20163694,89572,9696,76,83,56872253,28647,0,0,0
2026-04-29 18:58:37,58155557,27573,20173263,89604,9601,82,83,56899447,27194,0,0,0
2026-04-29 18:58:38,58183067,27510,20182801,89645,9579,82,83,56927267,27820,0,0,0
2026-04-29 18:58:39,58209102,26035,20191856,89686,9096,82,83,56954136,26869,0,0,0
2026-04-29 18:58:40,58236980,27878,20201521,89720,9699,82,83,56982034,27898,0,0,0
2026-04-29 18:58:41,58262693,25713,20210433,89765,8957,82,83,57007268,25234,0,0,0
2026-04-29 18:58:42,58287380,24687,20219004,89794,8600,79,83,57031739,24471,0,0,0
2026-04-29 18:58:43,58313037,25657,20227865,89831,8898,82,83,57065835,34096,0,0,0
2026-04-29 18:58:45,58339635,26598,20237097,89870,9271,80,83,57093893,28058,0,0,0
2026-04-29 18:58:46,58365046,25411,20245972,89904,8909,82,83,57119481,25588,0,0,0
2026-04-29 18:58:47,58389217,24171,20254329,89936,8389,80,83,57145814,26333,0,0,0
2026-04-29 18:58:48,58411916,22699,20262231,89964,7930,82,83,57170224,24410,0,0,0
2026-04-29 18:58:49,58436245,24329,20270680,90003,8488,82,83,57196396,26172,0,0,0
2026-04-29 18:58:50,58461356,25111,20279399,90045,8761,82,83,57221889,25493,0,0,0
2026-04-29 18:58:51,58483991,22635,20287239,90081,7876,82,83,57246197,24308,0,0,0
2026-04-29 18:58:52,58507570,23579,20295471,90118,8269,82,83,57270373,24176,0,0,0
2026-04-29 18:58:54,58532256,24686,20304012,90160,8583,82,83,57303648,33275,0,0,0
2026-04-29 18:58:55,58557363,25107,20312732,90203,8763,82,83,57330285,26637,0,0,0
2026-04-29 18:58:56,58583789,26426,20321897,90255,9217,72,83,57356939,26654,0,0,0
2026-04-29 18:58:57,58609410,25621,20330793,90291,8932,82,83,57383546,26607,0,0,0
2026-04-29 18:58:58,58637394,27984,20340522,90332,9770,81,83,57411896,28350,0,0,0
2026-04-29 18:58:59,58668684,31290,20351402,90382,10930,82,83,57442479,30583,0,0,0
2026-04-29 18:59:00,58699590,30906,20362113,90424,10753,81,83,57471469,28990,0,0,0
2026-04-29 18:59:01,58732999,33409,20373732,90467,11662,82,83,57500888,29419,0,0,0
2026-04-29 18:59:03,58765083,32084,20384862,90511,11174,82,83,57528872,27984,0,0,0
2026-04-29 18:59:04,58798144,33061,20396361,90546,11534,77,83,57565739,36867,0,0,0
2026-04-29 18:59:05,58832168,34024,20408143,90594,11830,79,83,57596737,30998,0,0,0
2026-04-29 18:59:06,58867208,35040,20420305,90647,12215,82,83,57627652,30915,0,0,0
2026-04-29 18:59:07,58901712,34504,20432287,90687,12022,82,83,57659046,31394,0,0,0
2026-04-29 18:59:08,58935450,33738,20444011,90733,11770,77,83,57689382,30336,0,0,0
2026-04-29 18:59:09,58969691,34241,20455886,90793,11935,78,83,57720056,30674,0,0,0
2026-04-29 18:59:10,59004906,35215,20468079,90842,12242,82,83,57751756,31700,0,0,0
2026-04-29 18:59:12,59038952,34046,20479879,90890,11848,79,83,57781833,30077,0,0,0
2026-04-29 18:59:13,59072359,33407,20491469,90938,11638,82,83,57809593,27760,0,0,0
2026-04-29 18:59:14,59106700,34341,20503368,90985,11946,82,83,57848685,39092,0,0,0
2026-04-29 18:59:15,59141278,34578,20515355,91037,12039,79,83,57878776,30091,0,0,0
2026-04-29 18:59:16,59176139,34861,20527433,91087,12128,79,83,57909762,30986,0,0,0
2026-04-29 18:59:17,59210847,34708,20539485,91146,12111,80,83,57940507,30745,0,0,0
2026-04-29 18:59:18,59244631,33784,20551231,91204,11804,82,83,57972409,31902,0,0,0
2026-04-29 18:59:19,59278353,33722,20562908,91250,11723,82,83,58001994,29585,0,0,0
2026-04-29 18:59:21,59312151,33798,20574617,91307,11766,81,83,58033686,31692,0,0,0
2026-04-29 18:59:22,59345999,33848,20586380,91360,11816,82,83,58063497,29811,0,0,0
2026-04-29 18:59:23,59378501,32502,20597627,91423,11310,82,83,58099170,35673,0,0,0
2026-04-29 18:59:24,59411897,33396,20609231,91473,11654,82,83,58130066,30896,0,0,0
2026-04-29 18:59:25,59446148,34251,20621110,91521,11927,78,83,58161529,31463,0,0,0
2026-04-29 18:59:26,59480385,34237,20633016,91566,11951,78,83,58192769,31240,0,0,0
2026-04-29 18:59:27,59515438,35053,20645162,91625,12205,81,83,58225006,32237,0,0,0
2026-04-29 18:59:28,59550863,35425,20657447,91678,12338,78,83,58256483,31477,0,0,0
2026-04-29 18:59:30,59586040,35177,20669668,91733,12276,75,83,58287998,31515,0,0,0
2026-04-29 18:59:31,59620883,34843,20681759,91779,12137,81,83,58319571,31573,0,0,0
2026-04-29 18:59:32,59653425,32542,20693067,91822,11351,82,83,58348758,29187,0,0,0
2026-04-29 18:59:33,59685463,32038,20704169,91867,11147,82,83,58377754,28996,0,0,0
2026-04-29 18:59:34,59719629,34166,20716037,91913,11914,82,83,58414814,37060,0,0,0
2026-04-29 18:59:35,59754311,34682,20728079,91953,12082,79,83,58445789,30975,0,0,0
2026-04-29 18:59:36,59789025,34714,20740099,91996,12063,80,83,58477493,31704,0,0,0
2026-04-29 18:59:37,59823596,34571,20752115,92053,12073,82,83,58508940,31447,0,0,0
2026-04-29 18:59:39,59857857,34261,20764012,92104,11948,80,83,58540035,31095,0,0,0
2026-04-29 18:59:40,59892592,34735,20776046,92175,12105,81,83,58570952,30917,0,0,0
2026-04-29 18:59:41,59926241,33649,20787704,92224,11707,78,83,58601574,30622,0,0,0
2026-04-29 18:59:42,59959478,33237,20799200,92277,11549,76,83,58630794,29220,0,0,0
2026-04-29 18:59:43,59992703,33225,20810732,92320,11575,81,83,58658742,27948,0,0,0
2026-04-29 18:59:44,60026814,34111,20822565,92373,11886,77,83,58697102,38360,0,0,0
2026-04-29 18:59:45,60061661,34847,20834649,92423,12134,79,83,58728335,31233,0,0,0
2026-04-29 18:59:46,60096333,34672,20846709,92482,12119,78,83,58759576,31241,0,0,0
2026-04-29 18:59:48,60129665,33332,20858250,92538,11597,82,83,58789672,30096,0,0,0
2026-04-29 18:59:49,60164338,34673,20870262,92583,12057,82,83,58820193,30521,0,0,0
2026-04-29 18:59:50,60198911,34573,20882237,92621,12013,79,83,58851950,31757,0,0,0
2026-04-29 18:59:51,60233820,34909,20894334,92684,12160,82,83,58883245,31295,0,0,0
2026-04-29 18:59:52,60267634,33814,20906078,92739,11799,82,83,58912989,29744,0,0,0
2026-04-29 18:59:53,60300650,33016,20917516,92792,11491,82,83,58941059,28070,0,0,0
2026-04-29 18:59:54,60334877,34227,20929364,92838,11894,82,83,58978708,37649,0,0,0
2026-04-29 18:59:55,60367629,32752,20940689,92903,11390,80,83,59009249,30541,0,0,0
2026-04-29 18:59:57,60401218,33589,20952361,92952,11721,82,83,59040268,31019,0,0,0
2026-04-29 18:59:58,60432743,31525,20963281,93002,10970,82,83,59069102,28834,0,0,0
2026-04-29 18:59:59,60463065,30322,20973819,93044,10580,82,83,59098046,28944,0,0,0
2026-04-29 19:00:00,60490850,27785,20983433,93088,9658,79,83,59125574,27528,0,0,0
2026-04-29 19:00:01,60518566,27716,20993080,93123,9682,82,83,59152039,26465,0,0,0
2026-04-29 19:00:02,60545682,27116,21002448,93166,9411,82,83,59177610,25571,0,0,0
2026-04-29 19:00:03,60570250,24568,21010984,93209,8579,82,83,59201847,24237,0,0,0
2026-04-29 19:00:04,60595790,25540,21019839,93251,8897,82,83,59227003,25156,0,0,0
2026-04-29 19:00:06,60623023,27233,21029277,93302,9489,82,83,59261820,34817,0,0,0
2026-04-29 19:00:07,60650805,27782,21038925,93348,9694,82,83,59289439,27619,0,0,0
2026-04-29 19:00:08,60678458,27653,21048528,93388,9643,82,83,59316634,27195,0,0,0
2026-04-29 19:00:09,60705765,27307,21057992,93429,9505,82,83,59344668,28034,0,0,0
2026-04-29 19:00:10,60733206,27441,21067540,93470,9589,81,83,59372418,27750,0,0,0
2026-04-29 19:00:11,60760604,27398,21077012,93511,9513,82,83,59399901,27483,0,0,0
2026-04-29 19:00:12,60786786,26182,21086123,93555,9155,82,83,59426580,26679,0,0,0
2026-04-29 19:00:13,60812094,25308,21094922,93593,8837,82,83,59451236,24656,0,0,0
2026-04-29 19:00:15,60835966,23872,21103212,93632,8329,82,83,59477016,25780,0,0,0
2026-04-29 19:00:16,60857869,21903,21110825,93660,7641,82,83,59499249,22233,0,0,0
2026-04-29 19:00:17,60881981,24112,21119238,93693,8446,82,83,59531452,32203,0,0,0
2026-04-29 19:00:18,60906248,24267,21127628,93720,8417,82,83,59558779,27327,0,0,0
2026-04-29 19:00:19,60933391,27143,21137060,93765,9477,81,83,59585685,26906,0,0,0
2026-04-29 19:00:20,60961296,27905,21146735,93824,9734,77,83,59614375,28690,0,0,0
2026-04-29 19:00:21,60989983,28687,21156695,93861,9997,81,83,59644512,30137,0,0,0
2026-04-29 19:00:22,61018283,28300,21166543,93900,9887,77,83,59672788,28276,0,0,0
2026-04-29 19:00:24,61045242,26959,21175887,93944,9388,82,83,59699747,26959,0,0,0
2026-04-29 19:00:25,61072278,27036,21185263,93976,9408,82,83,59727674,27927,0,0,0
2026-04-29 19:00:26,61099405,27127,21194629,94016,9406,82,83,59754125,26451,0,0,0
2026-04-29 19:00:27,61127133,27728,21204224,94054,9633,82,83,59788996,34871,0,0,0
2026-04-29 19:00:28,61155297,28164,21213983,94109,9814,81,83,59817316,28320,0,0,0
2026-04-29 19:00:29,61185533,30236,21224475,94157,10540,82,83,59846535,29219,0,0,0
2026-04-29 19:00:30,61215378,29845,21234821,94194,10383,81,83,59875641,29106,0,0,0
2026-04-29 19:00:31,61245611,30233,21245309,94231,10525,78,83,59905135,29494,0,0,0
2026-04-29 19:00:33,61275463,29852,21255670,94277,10407,77,83,59934395,29260,0,0,0
2026-04-29 19:00:34,61302505,27042,21265089,94325,9467,82,83,59962379,27984,0,0,0
2026-04-29 19:00:35,61329759,27254,21274512,94378,9476,73,83,59988442,26063,0,0,0
2026-04-29 19:00:36,61357280,27521,21284033,94419,9562,82,83,60014463,26021,0,0,0
2026-04-29 19:00:37,61386799,29519,21294271,94471,10290,82,83,60051249,36786,0,0,0
2026-04-29 19:00:38,61419203,32404,21305528,94514,11300,80,83,60082006,30757,0,0,0
2026-04-29 19:00:39,61451704,32501,21316793,94577,11328,76,83,60112805,30799,0,0,0
2026-04-29 19:00:40,61482977,31273,21327656,94633,10919,81,83,60142164,29359,0,0,0
2026-04-29 19:00:42,61515193,32216,21338797,94683,11191,80,83,60172636,30472,0,0,0
2026-04-29 19:00:43,61548333,33140,21350329,94732,11581,82,83,60203599,30963,0,0,0
2026-04-29 19:00:44,61581301,32968,21361743,94789,11471,82,83,60234968,31369,0,0,0
2026-04-29 19:00:45,61613675,32374,21373009,94829,11306,82,83,60264137,29169,0,0,0
2026-04-29 19:00:46,61644061,30386,21383556,94875,10593,82,83,60291745,27608,0,0,0
2026-04-29 19:00:47,61676416,32355,21394774,94923,11266,77,83,60327903,36158,0,0,0
2026-04-29 19:00:48,61707815,31399,21405655,94966,10924,79,83,60357487,29584,0,0,0
2026-04-29 19:00:49,61735279,27464,21415198,95009,9586,82,83,60384733,27246,0,0,0
2026-04-29 19:00:50,61766899,31620,21426171,95051,11015,81,83,60414900,30167,0,0,0
2026-04-29 19:00:52,61798200,31301,21437026,95095,10899,80,83,60445155,30255,0,0,0
2026-04-29 19:00:53,61829483,31283,21447871,95151,10901,81,83,60474575,29420,0,0,0
2026-04-29 19:00:54,61860479,30996,21458601,95197,10776,79,83,60503994,29419,0,0,0
2026-04-29 19:00:55,61891735,31256,21469449,95243,10894,82,83,60533307,29313,0,0,0
2026-04-29 19:00:56,61922126,30391,21480008,95284,10600,82,83,60560046,26739,0,0,0
2026-04-29 19:00:57,61953797,31671,21490997,95331,11036,82,83,60597658,37612,0,0,0
2026-04-29 19:00:58,61986056,32259,21502212,95368,11252,78,83,60627336,29678,0,0,0
2026-04-29 19:01:00,62020101,34045,21514038,95418,11876,82,83,60658466,31130,0,0,0
2026-04-29 19:01:01,62053381,33280,21525555,95470,11569,79,83,60688765,30299,0,0,0
2026-04-29 19:01:02,62086697,33316,21537140,95520,11635,81,83,60719596,30831,0,0,0
2026-04-29 19:01:03,62121623,34926,21549250,95582,12172,82,83,60750332,30736,0,0,0
2026-04-29 19:01:04,62155305,33682,21560890,95646,11704,77,83,60781760,31428,0,0,0
2026-04-29 19:01:05,62187464,32159,21572036,95699,11199,76,83,60809934,28174,0,0,0
2026-04-29 19:01:06,62219272,31808,21583040,95750,11055,82,83,60845225,35291,0,0,0
2026-04-29 19:01:07,62252305,33033,21594486,95805,11501,72,83,60875475,30250,0,0,0
2026-04-29 19:01:09,62286047,33742,21606193,95859,11761,81,83,60906430,30955,0,0,0
2026-04-29 19:01:10,62319771,33724,21617910,95902,11760,82,83,60937656,31226,0,0,0
2026-04-29 19:01:11,62353110,33339,21629507,95952,11647,82,83,60969778,32122,0,0,0
2026-04-29 19:01:12,62387127,34017,21641276,96023,11840,81,83,61000977,31199,0,0,0
2026-04-29 19:01:13,62421160,34033,21653096,96074,11871,82,83,61032027,31050,0,0,0
2026-04-29 19:01:14,62453192,32032,21664226,96127,11183,78,83,61062340,30313,0,0,0
2026-04-29 19:01:15,62482002,28810,21674265,96163,10075,82,83,61088825,26485,0,0,0
2026-04-29 19:01:16,62510713,28711,21684253,96197,10022,82,83,61116001,27176,0,0,0
2026-04-29 19:01:18,62542449,31736,21695303,96234,11087,82,83,61152434,36433,0,0,0
2026-04-29 19:01:19,62572567,30118,21705714,96288,10465,82,83,61182714,30280,0,0,0
2026-04-29 19:01:20,62601019,28452,21715576,96342,9916,79,83,61210515,27801,0,0,0
2026-04-29 19:01:21,62630143,29124,21725679,96391,10152,75,83,61239291,28776,0,0,0
2026-04-29 19:01:22,62657669,27526,21735249,96428,9607,82,83,61266823,27532,0,0,0
2026-04-29 19:01:23,62684383,26714,21744521,96464,9308,82,83,61292708,25885,0,0,0
2026-04-29 19:01:24,62711475,27092,21753948,96505,9468,58,83,61319622,26914,0,0,0
2026-04-29 19:01:25,62737212,25737,21762852,96540,8939,82,83,61345147,25525,0,0,0
2026-04-29 19:01:27,62762572,25360,21771650,96565,8823,82,83,61371224,26077,0,0,0
2026-04-29 19:01:28,62786860,24288,21780095,96611,8491,82,83,61395205,23981,0,0,0
2026-04-29 19:01:29,62813969,27109,21789467,96651,9412,82,83,61429088,33883,0,0,0
2026-04-29 19:01:30,62841298,27329,21798976,96694,9552,71,83,61456992,27904,0,0,0
2026-04-29 19:01:31,62867311,26013,21808013,96723,9066,81,83,61483189,26197,0,0,0
2026-04-29 19:01:32,62892664,25353,21816839,96759,8862,78,83,61508690,25501,0,0,0
2026-04-29 19:01:33,62917275,24611,21825412,96794,8608,82,83,61534663,25973,0,0,0
2026-04-29 19:01:34,62945922,28647,21835365,96835,9994,82,83,61561913,27250,0,0,0
2026-04-29 19:01:35,62969616,23694,21843546,96874,8220,79,83,61586719,24806,0,0,0
2026-04-29 19:01:37,62993984,24368,21851983,96922,8485,82,83,61610649,23930,0,0,0
2026-04-29 19:01:38,63017103,23119,21860013,96953,8061,82,83,61634134,23485,0,0,0
2026-04-29 19:01:39,63040353,23250,21868093,96984,8111,82,83,61665504,31370,0,0,0
2026-04-29 19:01:40,63065240,24887,21876706,97023,8652,82,83,61692769,27265,0,0,0
2026-04-29 19:01:41,63089203,23963,21885035,97055,8361,79,83,61719195,26426,0,0,0
2026-04-29 19:01:42,63115064,25861,21894041,97106,9057,82,83,61746142,26947,0,0,0
2026-04-29 19:01:43,63140082,25018,21902726,97139,8718,82,83,61772680,26538,0,0,0
2026-04-29 19:01:44,63165450,25368,21911561,97172,8868,75,83,61800165,27485,0,0,0
2026-04-29 19:01:46,63192710,27260,21921000,97223,9490,78,83,61827827,27662,0,0,0
2026-04-29 19:01:47,63218338,25628,21929904,97262,8943,82,83,61853393,25566,0,0,0
2026-04-29 19:01:48,63242878,24540,21938426,97308,8568,82,83,61878672,25279,0,0,0
2026-04-29 19:01:49,63270299,27421,21947900,97350,9516,81,83,61914101,35429,0,0,0
2026-04-29 19:01:50,63298720,28421,21957782,97391,9923,82,83,61942182,28081,0,0,0
2026-04-29 19:01:51,63326693,27973,21967496,97432,9755,79,83,61971148,28966,0,0,0
2026-04-29 19:01:52,63355209,28516,21977378,97475,9925,74,83,61999289,28141,0,0,0
2026-04-29 19:01:53,63383461,28252,21987196,97520,9863,82,83,62028257,28968,0,0,0
2026-04-29 19:01:55,63410602,27141,21996625,97561,9470,79,83,62055008,26751,0,0,0
2026-04-29 19:01:56,63436798,26196,22005737,97599,9150,80,83,62082269,27261,0,0,0
2026-04-29 19:01:57,63461483,24685,22014313,97629,8606,82,83,62106531,24262,0,0,0
2026-04-29 19:01:58,63485697,24214,22022716,97672,8446,82,83,62131772,25241,0,0,0
2026-04-29 19:01:59,63511231,25534,22031567,97717,8896,81,83,62166725,34953,0,0,0
2026-04-29 19:02:00,63540304,29073,22041628,97762,10106,79,83,62194499,27774,0,0,0
2026-04-29 19:02:01,63569600,29296,22051801,97806,10217,81,83,62224287,29788,0,0,0
2026-04-29 19:02:02,63597950,28350,22061625,97846,9864,74,83,62254899,30612,0,0,0
2026-04-29 19:02:04,63629129,31179,22072419,97907,10855,78,83,62286395,31496,0,0,0
2026-04-29 19:02:05,63660081,30952,22083141,97953,10768,82,83,62315514,29119,0,0,0
2026-04-29 19:02:06,63688980,28899,22093162,98007,10075,82,83,62345992,30478,0,0,0
2026-04-29 19:02:07,63719440,30460,22103765,98051,10647,82,83,62376393,30401,0,0,0
2026-04-29 19:02:08,63748334,28894,22113742,98099,10025,82,83,62403466,27073,0,0,0
2026-04-29 19:02:09,63777130,28796,22123791,98131,10081,82,83,62438709,35243,0,0,0
2026-04-29 19:02:10,63809498,32368,22135010,98170,11258,78,83,62470295,31586,0,0,0
2026-04-29 19:02:11,63840674,31176,22145848,98208,10876,82,83,62500756,30461,0,0,0
2026-04-29 19:02:13,63873449,32775,22157188,98245,11377,80,83,62532343,31587,0,0,0
2026-04-29 19:02:14,63904420,30971,22167986,98282,10835,77,83,62562145,29802,0,0,0
2026-04-29 19:02:15,63932568,28148,22177726,98315,9773,82,83,62589701,27556,0,0,0
2026-04-29 19:02:16,63962275,29707,22188043,98360,10362,80,83,62618185,28484,0,0,0
2026-04-29 19:02:17,63993432,31157,22198863,98412,10872,67,83,62647586,29401,0,0,0
2026-04-29 19:02:18,64024905,31473,22209797,98462,10984,82,83,62676345,28759,0,0,0
2026-04-29 19:02:19,64054955,30050,22220216,98492,10449,81,83,62703947,27602,0,0,0
2026-04-29 19:02:20,64086745,31790,22231242,98553,11087,78,83,62741949,38002,0,0,0
2026-04-29 19:02:22,64120314,33569,22242884,98608,11697,79,83,62772958,31009,0,0,0
2026-04-29 19:02:23,64154124,33810,22254606,98658,11772,81,83,62804155,31197,0,0,0
2026-04-29 19:02:24,64187809,33685,22266322,98704,11762,70,83,62834721,30566,0,0,0
2026-04-29 19:02:25,64221693,33884,22278058,98761,11793,82,83,62866082,31361,0,0,0
2026-04-29 19:02:26,64253940,32247,22289229,98810,11220,81,83,62897076,30994,0,0,0
2026-04-29 19:02:27,64287061,33121,22300752,98865,11578,81,83,62927639,30563,0,0,0
2026-04-29 19:02:28,64318193,31132,22311562,98909,10854,82,83,62955842,28203,0,0,0
2026-04-29 19:02:29,64346750,28557,22321465,98955,9949,82,83,62983432,27590,0,0,0
2026-04-29 19:02:31,64376578,29828,22331768,98994,10342,82,83,63020287,36855,0,0,0
2026-04-29 19:02:32,64406827,30249,22342283,99023,10544,78,83,63049879,29592,0,0,0
2026-04-29 19:02:33,64434820,27993,22351977,99076,9747,78,83,63078160,28281,0,0,0
2026-04-29 19:02:34,64462132,27312,22361460,99113,9520,82,83,63106118,27958,0,0,0
2026-04-29 19:02:35,64489814,27682,22371036,99150,9613,80,83,63135323,29205,0,0,0
2026-04-29 19:02:36,64518367,28553,22380962,99200,9976,82,83,63163714,28391,0,0,0
2026-04-29 19:02:37,64544490,26123,22389998,99245,9081,79,83,63191182,27468,0,0,0
2026-04-29 19:02:38,64571311,26821,22399307,99282,9346,82,83,63217627,26445,0,0,0
2026-04-29 19:02:40,64596359,25048,22408060,99319,8790,82,83,63243490,25863,0,0,0
2026-04-29 19:02:41,64622971,26612,22417329,99349,9299,82,83,63276632,33142,0,0,0
2026-04-29 19:02:42,64650805,27834,22426955,99392,9669,82,83,63304993,28361,0,0,0
2026-04-29 19:02:43,64678733,27928,22436615,99438,9706,82,83,63332467,27474,0,0,0
2026-04-29 19:02:44,64706011,27278,22446051,99487,9485,77,83,63359975,27508,0,0,0
2026-04-29 19:02:45,64733600,27589,22455644,99529,9635,82,83,63388384,28409,0,0,0
2026-04-29 19:02:46,64759945,26345,22464768,99582,9177,82,83,63414693,26309,0,0,0
2026-04-29 19:02:47,64788607,28662,22474687,99632,9969,82,83,63442976,28283,0,0,0
2026-04-29 19:02:49,64816896,28289,22484523,99681,9885,82,83,63471917,28941,0,0,0
2026-04-29 19:02:50,64839154,22258,22492223,99716,7735,82,83,63494964,23047,0,0,0
2026-04-29 19:02:51,64861378,22224,22499919,99759,7739,82,83,63518366,23402,0,0,0
2026-04-29 19:02:52,64885929,24551,22508442,99796,8560,73,83,63552072,33706,0,0,0
2026-04-29 19:02:53,64912845,26916,22517753,99845,9360,80,83,63581531,29459,0,0,0
2026-04-29 19:02:54,64938525,25680,22526683,99888,8973,82,83,63608166,26635,0,0,0
2026-04-29 19:02:55,64965843,27318,22536136,99929,9494,82,83,63635416,27250,0,0,0
2026-04-29 19:02:56,64993815,27972,22545822,99962,9719,81,83,63662904,27488,0,0,0
2026-04-29 19:02:58,65024954,31139,22556663,100012,10891,82,83,63692765,29861,0,0,0
2026-04-29 19:02:59,65057354,32400,22567870,100055,11250,81,83,63723043,30278,0,0,0
2026-04-29 19:03:00,65088121,30767,22578501,100105,10681,82,83,63750679,27636,0,0,0
2026-04-29 19:03:01,65117826,29705,22588794,100154,10342,82,83,63778381,27702,0,0,0
2026-04-29 19:03:02,65149302,31476,22599716,100195,10963,79,83,63816149,37768,0,0,0
2026-04-29 19:03:03,65183726,34424,22611701,100244,12034,82,83,63847189,31040,0,0,0
2026-04-29 19:03:04,65217273,33547,22623320,100304,11679,79,83,63878273,31084,0,0,0
2026-04-29 19:03:05,65248212,30939,22634050,100349,10775,81,83,63907985,29712,0,0,0
2026-04-29 19:03:07,65280306,32094,22645176,100398,11175,82,83,63937823,29838,0,0,0
2026-04-29 19:03:08,65312358,32052,22656296,100444,11166,65,83,63969251,31428,0,0,0
2026-04-29 19:03:09,65343832,31474,22667208,100488,10956,78,83,63999709,30458,0,0,0
2026-04-29 19:03:10,65375345,31513,22678150,100536,10990,82,83,64029539,29830,0,0,0
2026-04-29 19:03:11,65406085,30740,22688821,100587,10722,82,83,64057872,28333,0,0,0
2026-04-29 19:03:12,65437025,30940,22699550,100632,10774,79,83,64094448,36576,0,0,0
2026-04-29 19:03:13,65468237,31212,22710445,100671,10934,77,83,64126731,32283,0,0,0
2026-04-29 19:03:14,65499579,31342,22721304,100722,10910,79,83,64156892,30161,0,0,0
2026-04-29 19:03:16,65529057,29478,22731554,100765,10293,80,83,64186040,29148,0,0,0
2026-04-29 19:03:17,65557172,28115,22741274,100805,9760,82,83,64214943,28903,0,0,0
2026-04-29 19:03:18,65584094,26922,22750611,100845,9377,82,83,64242812,27869,0,0,0
2026-04-29 19:03:19,65611545,27451,22760169,100882,9595,82,83,64270670,27858,0,0,0
2026-04-29 19:03:20,65636918,25373,22769021,100917,8887,80,83,64299718,29048,0,0,0
2026-04-29 19:03:21,65661408,24490,22777531,100965,8558,82,83,64323800,24082,0,0,0
2026-04-29 19:03:22,65684543,23135,22785529,101007,8040,82,83,64347711,23911,0,0,0
2026-04-29 19:03:23,65708754,24211,22793989,101040,8493,82,83,64379594,31883,0,0,0
2026-04-29 19:03:25,65735959,27205,22803383,101084,9438,81,83,64407893,28299,0,0,0
2026-04-29 19:03:26,65763045,27086,22812802,101131,9466,82,83,64435113,27220,0,0,0
2026-04-29 19:03:27,65789213,26168,22821880,101166,9113,82,83,64461473,26360,0,0,0
2026-04-29 19:03:28,65816493,27280,22831358,101209,9521,81,83,64489204,27731,0,0,0
2026-04-29 19:03:29,65843850,27357,22840855,101254,9542,82,83,64516670,27466,0,0,0
2026-04-29 19:03:30,65870057,26207,22849934,101304,9129,82,83,64544453,27783,0,0,0
2026-04-29 19:03:31,65897182,27125,22859327,101344,9433,82,83,64570262,25809,0,0,0
2026-04-29 19:03:32,65920278,23096,22867356,101383,8068,80,83,64594668,24406,0,0,0
2026-04-29 19:03:33,65944019,23741,22875630,101406,8297,82,83,64626828,32160,0,0,0
2026-04-29 19:03:35,65969764,25745,22884527,101440,8931,78,83,64652609,25781,0,0,0
2026-04-29 19:03:36,65997462,27698,22894156,101480,9669,82,83,64680226,27617,0,0,0
2026-04-29 19:03:37,66025295,27833,22903842,101522,9728,81,83,64707832,27606,0,0,0
2026-04-29 19:03:38,66052052,26757,22913121,101561,9318,79,83,64735131,27299,0,0,0
2026-04-29 19:03:39,66079567,27515,22922667,101607,9592,82,83,64762444,27313,0,0,0
2026-04-29 19:03:40,66107030,27463,22932202,101644,9572,81,83,64790355,27911,0,0,0
2026-04-29 19:03:41,66136658,29628,22942489,101688,10331,82,83,64819883,29528,0,0,0
2026-04-29 19:03:42,66166399,29741,22952809,101724,10356,82,83,64846611,26728,0,0,0
2026-04-29 19:03:44,66193478,27079,22962175,101758,9400,82,83,64879688,33077,0,0,0
2026-04-29 19:03:45,66223067,29589,22972494,101803,10364,81,83,64908569,28881,0,0,0
2026-04-29 19:03:46,66254444,31377,22983338,101857,10898,81,83,64938825,30256,0,0,0
2026-04-29 19:03:47,66284500,30056,22993790,101893,10488,81,83,64968183,29358,0,0,0
2026-04-29 19:03:48,66316896,32396,23005048,101931,11296,77,83,64998860,30677,0,0,0
2026-04-29 19:03:49,66349274,32378,23016273,101992,11286,80,83,65029757,30897,0,0,0
2026-04-29 19:03:50,66381100,31826,23027300,102053,11088,80,83,65060213,30456,0,0,0
2026-04-29 19:03:51,66414323,33223,23038784,102107,11538,81,83,65091686,31473,0,0,0
2026-04-29 19:03:53,66446240,31917,23049898,102148,11155,82,83,65120220,28534,0,0,0
2026-04-29 19:03:54,66477243,31003,23060656,102197,10807,82,83,65147806,27586,0,0,0
2026-04-29 19:03:55,66508747,31504,23071562,102245,10954,81,83,65186022,38216,0,0,0
2026-04-29 19:03:56,66541805,33058,23083037,102293,11523,78,83,65216510,30488,0,0,0
2026-04-29 19:03:57,66575304,33499,23094681,102341,11692,79,83,65247633,31123,0,0,0
2026-04-29 19:03:58,66608840,33536,23106315,102386,11679,80,83,65278756,31123,0,0,0
2026-04-29 19:03:59,66642479,33639,23118007,102432,11738,72,83,65309365,30609,0,0,0
2026-04-29 19:04:00,66676154,33675,23129747,102483,11791,82,83,65340510,31145,0,0,0
2026-04-29 19:04:02,66706976,30822,23140408,102524,10702,82,83,65369587,29077,0,0,0
2026-04-29 19:04:03,66737885,30909,23151172,102575,10815,81,83,65399344,29757,0,0,0
2026-04-29 19:04:04,66767556,29671,23161462,102616,10331,82,83,65427183,27839,0,0,0
2026-04-29 19:04:05,66796567,29011,23171527,102670,10119,76,83,65461664,34481,0,0,0
2026-04-29 19:04:06,66826557,29990,23181939,102712,10454,72,83,65491964,30300,0,0,0
2026-04-29 19:04:07,66855177,28620,23191883,102752,9984,79,83,65520047,28083,0,0,0
2026-04-29 19:04:08,66886699,31522,23202794,102813,10972,80,83,65550638,30591,0,0,0
2026-04-29 19:04:09,66917992,31293,23213618,102870,10881,79,83,65580474,29836,0,0,0
2026-04-29 19:04:11,66948775,30783,23224323,102924,10759,82,83,65609311,28837,0,0,0
2026-04-29 19:04:12,66980076,31301,23235167,102974,10894,82,83,65638925,29614,0,0,0
2026-04-29 19:04:13,67009466,29390,23245389,103026,10274,82,83,65666757,27832,0,0,0
2026-04-29 19:04:14,67035031,25565,23254234,103073,8892,82,83,65691954,25197,0,0,0
2026-04-29 19:04:15,67060871,25840,23263206,103110,9009,82,83,65725170,33216,0,0,0
2026-04-29 19:04:16,67089690,28819,23273220,103141,10045,82,83,65755205,30035,0,0,0
2026-04-29 19:04:17,67115672,25982,23282177,103193,9009,79,83,65781770,26565,0,0,0
2026-04-29 19:04:18,67141872,26200,23291276,103233,9139,66,83,65808997,27227,0,0,0
2026-04-29 19:04:20,67168492,26620,23300560,103265,9316,82,83,65837111,28114,0,0,0
2026-04-29 19:04:21,67195172,26680,23309816,103308,9299,69,83,65864430,27319,0,0,0
2026-04-29 19:04:22,67224631,29459,23320029,103361,10266,82,83,65894749,30319,0,0,0
2026-04-29 19:04:23,67246376,21745,23327570,103400,7580,81,83,65919570,24821,0,0,0
2026-04-29 19:04:24,67268343,21967,23335200,103440,7670,82,83,65941829,22259,0,0,0
2026-04-29 19:04:25,67290292,21949,23342810,103475,7645,82,83,65965697,23868,0,0,0
2026-04-29 19:04:26,67313094,22802,23350752,103514,7981,82,83,65998507,32810,0,0,0
2026-04-29 19:04:27,67338166,25072,23359428,103548,8710,82,83,66024382,25875,0,0,0
2026-04-29 19:04:29,67365541,27375,23368929,103596,9549,81,83,66051746,27364,0,0,0
2026-04-29 19:04:30,67393890,28349,23378798,103639,9912,81,83,66079955,28209,0,0,0
2026-04-29 19:04:31,67422442,28552,23388673,103687,9923,81,83,66108062,28107,0,0,0
2026-04-29 19:04:32,67448013,25571,23397577,103730,8947,74,83,66133777,25715,0,0,0
2026-04-29 19:04:33,67474408,26395,23406705,103772,9170,80,83,66159686,25909,0,0,0
2026-04-29 19:04:34,67502586,28178,23416503,103820,9846,82,83,66187289,27603,0,0,0
2026-04-29 19:04:35,67529486,26900,23425827,103856,9360,82,83,66213302,26013,0,0,0
2026-04-29 19:04:36,67554864,25378,23434627,103893,8837,77,83,66246604,33302,0,0,0
2026-04-29 19:04:38,67584090,29226,23444769,103930,10179,80,83,66274624,28020,0,0,0
2026-04-29 19:04:39,67615775,31685,23455777,103975,11053,70,83,66305094,30470,0,0,0
2026-04-29 19:04:40,67647072,31297,23466637,104012,10897,82,83,66334421,29327,0,0,0
2026-04-29 19:04:41,67678495,31423,23477544,104055,10950,79,83,66364688,30267,0,0,0
2026-04-29 19:04:42,67708895,30400,23488091,104097,10589,80,83,66395150,30462,0,0,0
2026-04-29 19:04:43,67739128,30233,23498593,104136,10541,81,83,66424782,29632,0,0,0
2026-04-29 19:04:44,67768125,28997,23508639,104172,10082,82,83,66454032,29250,0,0,0
2026-04-29 19:04:45,67793172,25047,23517348,104207,8744,80,83,66479587,25555,0,0,0
2026-04-29 19:04:47,67818574,25402,23526149,104242,8836,82,83,66505078,25491,0,0,0
2026-04-29 19:04:48,67844145,25571,23535025,104280,8914,78,83,66540122,35044,0,0,0
2026-04-29 19:04:49,67869550,25405,23543841,104316,8852,81,83,66566714,26592,0,0,0
2026-04-29 19:04:50,67894104,24554,23552327,104352,8522,81,83,66592034,25320,0,0,0
2026-04-29 19:04:51,67919084,24980,23561046,104392,8759,73,83,66618710,26676,0,0,0
2026-04-29 19:04:52,67945391,26307,23570185,104424,9171,82,83,66645892,27182,0,0,0
2026-04-29 19:04:53,67969936,24545,23578674,104460,8525,80,83,66672605,26713,0,0,0
2026-04-29 19:04:54,67994611,24675,23587264,104498,8628,82,83,66699126,26521,0,0,0
2026-04-29 19:04:56,68018816,24205,23595639,104548,8425,82,83,66725079,25953,0,0,0
2026-04-29 19:04:57,68041786,22970,23603592,104597,8002,82,83,66749876,24797,0,0,0
2026-04-29 19:04:58,68062071,20285,23610597,104630,7038,82,83,66773534,23658,0,0,0
2026-04-29 19:04:59,68082102,20031,23617536,104667,6976,82,83,66804308,30774,0,0,0
2026-04-29 19:05:00,68105072,22970,23625473,104701,7971,82,83,66831374,27066,0,0,0
2026-04-29 19:05:01,68131961,26889,23634840,104733,9399,78,83,66858983,27609,0,0,0
2026-04-29 19:05:02,68159791,27830,23644515,104783,9725,76,83,66887738,28755,0,0,0
2026-04-29 19:05:03,68187154,27363,23654027,104821,9550,65,83,66916027,28289,0,0,0
2026-04-29 19:05:04,68213502,26348,23663135,104865,9152,81,83,66943862,27835,0,0,0
2026-04-29 19:05:06,68236968,23466,23671242,104894,8136,81,83,66968896,25034,0,0,0
2026-04-29 19:05:07,68259882,22914,23679228,104928,8020,82,83,66991889,22993,0,0,0
2026-04-29 19:05:08,68282722,22840,23687133,104969,7946,82,83,67016342,24453,0,0,0
2026-04-29 19:05:09,68309931,27209,23696582,104994,9474,81,83,67051358,35016,0,0,0
2026-04-29 19:05:10,68341716,31785,23707604,105046,11074,75,83,67083203,31845,0,0,0
2026-04-29 19:05:11,68374064,32348,23718830,105080,11260,80,83,67114299,31096,0,0,0
2026-04-29 19:05:12,68407039,32975,23730267,105124,11481,82,83,67146131,31832,0,0,0
2026-04-29 19:05:13,68439720,32681,23741632,105169,11410,80,83,67177457,31326,0,0,0
2026-04-29 19:05:15,68473795,34075,23753472,105218,11889,79,83,67209462,32005,0,0,0
2026-04-29 19:05:16,68507211,33416,23765107,105271,11688,82,83,67241648,32186,0,0,0
2026-04-29 19:05:17,68538687,31476,23776014,105320,10956,82,83,67271032,29384,0,0,0
2026-04-29 19:05:18,68569909,31222,23786840,105359,10865,69,83,67307273,36241,0,0,0
2026-04-29 19:05:19,68603524,33615,23798496,105407,11704,72,83,67340900,33627,0,0,0
2026-04-29 19:05:20,68637058,33534,23810109,105451,11657,82,83,67372545,31645,0,0,0
2026-04-29 19:05:21,68670884,33826,23821847,105512,11799,75,83,67403600,31055,0,0,0
2026-04-29 19:05:23,68703587,32703,23833185,105569,11395,78,83,67435801,32201,0,0,0
2026-04-29 19:05:24,68736874,33287,23844730,105626,11602,82,83,67467519,31718,0,0,0
2026-04-29 19:05:25,68769105,32231,23855898,105678,11220,78,83,67499617,32098,0,0,0
2026-04-29 19:05:26,68801850,32745,23867292,105735,11451,82,83,67530565,30948,0,0,0
2026-04-29 19:05:27,68833135,31285,23878140,105790,10903,82,83,67559082,28517,0,0,0
2026-04-29 19:05:28,68864109,30974,23888878,105831,10779,82,83,67596872,37790,0,0,0
2026-04-29 19:05:29,68894443,30334,23899402,105868,10561,75,83,67627557,30685,0,0,0
2026-04-29 19:05:30,68924902,30459,23909957,105904,10591,82,83,67656564,29007,0,0,0
2026-04-29 19:05:32,68955714,30812,23920664,105952,10755,82,83,67686914,30350,0,0,0
2026-04-29 19:05:33,68986861,31147,23931440,106000,10824,82,83,67718287,31373,0,0,0
2026-04-29 19:05:34,69018247,31386,23942330,106050,10940,81,83,67748800,30513,0,0,0
2026-04-29 19:05:35,69050861,32614,23953626,106102,11348,81,83,67780661,31861,0,0,0
2026-04-29 19:05:36,69083285,32424,23964869,106150,11291,82,83,67811457,30796,0,0,0
2026-04-29 19:05:37,69112219,28934,23974949,106191,10121,82,83,67839639,28182,0,0,0
2026-04-29 19:05:38,69140220,28001,23984640,106236,9736,82,83,67866782,27143,0,0,0
2026-04-29 19:05:39,69170309,30089,23995047,106284,10455,81,83,67905489,38707,0,0,0
2026-04-29 19:05:41,69199667,29358,24005288,106331,10288,73,83,67934075,28586,0,0,0
2026-04-29 19:05:42,69228938,29271,24015389,106379,10149,79,83,67963028,28953,0,0,0
2026-04-29 19:05:43,69258962,30024,24025789,106423,10444,82,83,67993398,30370,0,0,0
2026-04-29 19:05:44,69290520,31558,24036753,106471,11012,73,83,68024467,31069,0,0,0
2026-04-29 19:05:45,69323662,33142,24048237,106519,11532,82,83,68056203,31736,0,0,0
2026-04-29 19:05:46,69356319,32657,24059537,106574,11355,82,83,68087244,31041,0,0,0
2026-04-29 19:05:47,69388574,32255,24070804,106619,11312,82,83,68117086,29842,0,0,0
2026-04-29 19:05:48,69419553,30979,24081498,106680,10755,82,83,68146768,29682,0,0,0
2026-04-29 19:05:50,69452370,32817,24092889,106722,11433,79,83,68186011,39243,0,0,0
2026-04-29 19:05:51,69484521,32151,24104060,106765,11214,82,83,68218278,32267,0,0,0
2026-04-29 19:05:52,69516996,32475,24115300,106816,11291,82,83,68249565,31287,0,0,0
2026-04-29 19:05:53,69548870,31874,24126380,106866,11130,78,83,68280576,31011,0,0,0
2026-04-29 19:05:54,69580982,32112,24137552,106905,11211,82,83,68312098,31522,0,0,0
2026-04-29 19:05:55,69613962,32980,24148998,106952,11493,80,83,68344641,32543,0,0,0
2026-04-29 19:05:56,69647009,33047,24160470,107011,11531,82,83,68376778,32137,0,0,0
2026-04-29 19:05:57,69677794,30785,24171171,107042,10732,78,83,68406497,29719,0,0,0
2026-04-29 19:05:59,69708299,30505,24181772,107082,10641,81,83,68443137,36640,0,0,0
2026-04-29 19:06:00,69741318,33019,24193171,107127,11444,80,83,68475219,32082,0,0,0
2026-04-29 19:06:01,69773607,32289,24204375,107175,11252,82,83,68505304,30085,0,0,0
2026-04-29 19:06:02,69807326,33719,24216079,107231,11760,82,83,68536664,31360,0,0,0
2026-04-29 19:06:03,69840727,33401,24227665,107281,11636,77,83,68568591,31927,0,0,0
2026-04-29 19:06:04,69873674,32947,24239108,107335,11497,81,83,68599232,30641,0,0,0
2026-04-29 19:06:05,69907118,33444,24250711,107391,11659,72,83,68630417,31185,0,0,0
2026-04-29 19:06:06,69940054,32936,24262121,107445,11464,82,83,68661032,30615,0,0,0
2026-04-29 19:06:08,69970858,30804,24272784,107487,10705,82,83,68688241,27209,0,0,0
2026-04-29 19:06:09,70000513,29655,24283094,107523,10346,71,83,68723109,34868,0,0,0
2026-04-29 19:06:10,70032142,31629,24294041,107570,10994,81,83,68754573,31464,0,0,0
2026-04-29 19:06:11,70063038,30896,24304744,107621,10754,78,83,68783367,28794,0,0,0
2026-04-29 19:06:12,70089580,26542,24313896,107660,9191,82,83,68810256,26889,0,0,0
2026-04-29 19:06:13,70114803,25223,24322687,107686,8817,82,83,68836649,26393,0,0,0
2026-04-29 19:06:14,70140984,26181,24331733,107733,9093,80,83,68863806,27157,0,0,0
2026-04-29 19:06:15,70166368,25384,24340563,107768,8865,76,83,68890852,27046,0,0,0
2026-04-29 19:06:17,70191735,25367,24349343,107806,8818,78,83,68916391,25539,0,0,0
2026-04-29 19:06:18,70216293,24558,24357861,107846,8558,82,83,68941086,24695,0,0,0
2026-04-29 19:06:19,70239920,23627,24366061,107883,8237,82,83,68966049,24963,0,0,0
2026-04-29 19:06:20,70263796,23876,24374392,107906,8354,82,83,68998915,32866,0,0,0
2026-04-29 19:06:21,70288122,24326,24382787,107942,8431,82,83,69026472,27557,0,0,0
2026-04-29 19:06:22,70314008,25886,24391785,107978,9034,82,83,69053253,26781,0,0,0
2026-04-29 19:06:23,70338775,24767,24400330,108025,8592,81,83,69080048,26795,0,0,0
2026-04-29 19:06:24,70364184,25409,24409140,108064,8849,82,83,69105935,25887,0,0,0
2026-04-29 19:06:26,70388557,24373,24417599,108100,8495,79,83,69133137,27202,0,0,0
2026-04-29 19:06:27,70412430,23873,24425891,108137,8329,82,83,69159761,26624,0,0,0
2026-04-29 19:06:28,70434314,21884,24433537,108161,7670,82,83,69183284,23523,0,0,0
2026-04-29 19:06:29,70457171,22857,24441414,108193,7909,82,83,69206764,23480,0,0,0
2026-04-29 19:06:30,70479917,22746,24449292,108224,7909,81,83,69230693,23929,0,0,0
2026-04-29 19:06:31,70501710,21793,24456863,108260,7607,65,83,69263754,33061,0,0,0
2026-04-29 19:06:32,70528580,26870,24466180,108303,9360,82,83,69291579,27825,0,0,0
2026-04-29 19:06:33,70552905,24325,24474630,108349,8496,82,83,69317717,26138,0,0,0
2026-04-29 19:06:34,70578577,25672,24483530,108387,8938,81,83,69344884,27167,0,0,0
2026-04-29 19:06:36,70605313,26736,24492811,108419,9313,72,83,69372831,27947,0,0,0
2026-04-29 19:06:37,70631779,26466,24501988,108453,9211,82,83,69399683,26852,0,0,0
2026-04-29 19:06:38,70659688,27909,24511646,108493,9698,81,83,69427276,27593,0,0,0
2026-04-29 19:06:39,70686985,27297,24521135,108523,9519,82,83,69454230,26954,0,0,0
2026-04-29 19:06:40,70713349,26364,24530331,108561,9234,82,83,69481044,26814,0,0,0
2026-04-29 19:06:41,70739773,26424,24539495,108605,9208,81,83,69514282,33238,0,0,0
2026-04-29 19:06:42,70768924,29151,24549569,108643,10112,82,83,69544111,29829,0,0,0
2026-04-29 19:06:43,70798399,29475,24559817,108680,10285,82,83,69573257,29146,0,0,0
2026-04-29 19:06:45,70827095,28696,24569779,108721,10003,78,83,69602918,29661,0,0,0
2026-04-29 19:06:46,70856158,29063,24579865,108762,10127,82,83,69632219,29301,0,0,0
2026-04-29 19:06:47,70881338,25180,24588612,108808,8793,82,83,69659423,27204,0,0,0
2026-04-29 19:06:48,70911109,29771,24598925,108856,10361,76,83,69688510,29087,0,0,0
2026-04-29 19:06:49,70940390,29281,24609139,108894,10252,82,83,69717772,29262,0,0,0
2026-04-29 19:06:50,70966758,26368,24618293,108919,9179,81,83,69742890,25118,0,0,0
2026-04-29 19:06:51,70994580,27822,24627942,108970,9700,82,83,69776594,33704,0,0,0
2026-04-29 19:06:52,71024526,29946,24638291,109029,10408,82,83,69806341,29747,0,0,0
2026-04-29 19:06:54,71056533,32007,24649348,109086,11114,82,83,69837226,30885,0,0,0
2026-04-29 19:06:55,71088487,31954,24660476,109136,11178,81,83,69867756,30530,0,0,0
2026-04-29 19:06:56,71119503,31016,24671228,109197,10813,82,83,69897961,30205,0,0,0
2026-04-29 19:06:57,71149220,29717,24681496,109252,10323,79,83,69927615,29654,0,0,0
2026-04-29 19:06:58,71174184,24964,24690127,109290,8669,82,83,69954717,27102,0,0,0
2026-04-29 19:06:59,71201278,27094,24699534,109339,9456,82,83,69982678,27961,0,0,0
2026-04-29 19:07:00,71228286,27008,24708904,109389,9420,82,83,70008932,26254,0,0,0
2026-04-29 19:07:01,71253259,24973,24717535,109422,8664,82,83,70034660,25728,0,0,0
2026-04-29 19:07:03,71278436,25177,24726263,109459,8765,82,83,70066810,32150,0,0,0
2026-04-29 19:07:04,71305583,27147,24735664,109489,9431,81,83,70096731,29921,0,0,0
2026-04-29 19:07:05,71331338,25755,24744620,109516,8983,67,83,70123815,27084,0,0,0
2026-04-29 19:07:06,71356414,25076,24753302,109552,8718,82,83,70150308,26493,0,0,0
2026-04-29 19:07:07,71384046,27632,24762894,109590,9630,82,83,70179363,29055,0,0,0
2026-04-29 19:07:08,71412956,28910,24772918,109640,10074,81,83,70208435,29072,0,0,0
2026-04-29 19:07:09,71443737,30781,24783617,109695,10754,80,83,70238492,30057,0,0,0
2026-04-29 19:07:10,71475663,31926,24794753,109739,11180,82,83,70270047,31555,0,0,0
2026-04-29 19:07:12,71506448,30785,24805419,109786,10713,81,83,70299776,29729,0,0,0
2026-04-29 19:07:13,71538613,32165,24816566,109828,11189,81,83,70338795,39019,0,0,0
2026-04-29 19:07:14,71570645,32032,24827687,109863,11156,81,83,70370088,31293,0,0,0
2026-04-29 19:07:15,71602630,31985,24838791,109918,11159,82,83,70401085,30997,0,0,0
2026-04-29 19:07:16,71633214,30584,24849393,109961,10645,82,83,70430226,29141,0,0,0
2026-04-29 19:07:17,71661304,28090,24859148,110008,9802,82,83,70458813,28587,0,0,0
2026-04-29 19:07:18,71688220,26916,24868493,110054,9391,75,83,70486785,27972,0,0,0
2026-04-29 19:07:19,71715897,27677,24878134,110086,9673,71,83,70515120,28335,0,0,0
2026-04-29 19:07:21,71738655,22758,24886014,110117,7911,82,83,70540055,24935,0,0,0
2026-04-29 19:07:22,71762768,24113,24894415,110161,8445,82,83,70564260,24205,0,0,0
2026-04-29 19:07:23,71786675,23907,24902703,110208,8335,82,83,70588602,24342,0,0,0
2026-04-29 19:07:24,71812427,25752,24911654,110250,8993,72,83,70621775,33173,0,0,0
2026-04-29 19:07:25,71838865,26438,24920774,110288,9158,82,83,70649814,28039,0,0,0
2026-04-29 19:07:26,71865116,26251,24929896,110319,9153,82,83,70676887,27073,0,0,0
2026-04-29 19:07:27,71891375,26259,24939014,110358,9157,82,83,70704920,28033,0,0,0
2026-04-29 19:07:28,71918078,26703,24948271,110398,9297,82,83,70732553,27633,0,0,0
2026-04-29 19:07:29,71942599,24521,24956752,110444,8527,82,83,70758688,26135,0,0,0
2026-04-29 19:07:31,71966730,24131,24965121,110491,8416,82,83,70784477,25789,0,0,0
2026-04-29 19:07:32,71991573,24843,24973763,110530,8681,82,83,70809444,24967,0,0,0
2026-04-29 19:07:33,72015537,23964,24982022,110562,8291,82,83,70834647,25203,0,0,0
2026-04-29 19:07:34,72039641,24104,24990407,110595,8418,82,83,70858988,24341,0,0,0
2026-04-29 19:07:35,72064734,25093,24999085,110631,8714,68,83,70894492,35504,0,0,0
2026-04-29 19:07:36,72090226,25492,25007901,110676,8861,81,83,70921966,27474,0,0,0
2026-04-29 19:07:37,72115369,25143,25016604,110717,8744,79,83,70949108,27142,0,0,0
2026-04-29 19:07:38,72138282,22913,25024543,110759,7981,70,83,70974794,25686,0,0,0
2026-04-29 19:07:40,72161311,23029,25032537,110790,8025,82,83,71000546,25752,0,0,0
2026-04-29 19:07:41,72184876,23565,25040665,110828,8166,81,83,71026936,26390,0,0,0
2026-04-29 19:07:42,72208772,23896,25048983,110863,8353,82,83,71051838,24902,0,0,0
2026-04-29 19:07:43,72232131,23359,25057085,110900,8139,82,83,71077671,25833,0,0,0
2026-04-29 19:07:44,72254306,22175,25064778,110936,7729,82,83,71101444,23773,0,0,0
2026-04-29 19:07:45,72275368,21062,25072102,110967,7355,82,83,71124852,23408,0,0,0
2026-04-29 19:07:46,72295057,19689,25078991,110997,6919,82,83,71155554,30702,0,0,0
2026-04-29 19:07:47,72317858,22801,25086891,111042,7945,73,83,71180672,25118,0,0,0
2026-04-29 19:07:49,72345437,27579,25096415,111092,9574,82,83,71209467,28795,0,0,0
2026-04-29 19:07:50,72373715,28278,25106201,111140,9834,78,83,71238083,28616,0,0,0
2026-04-29 19:07:51,72403977,30262,25116756,111169,10584,81,83,71268751,30668,0,0,0
2026-04-29 19:07:52,72436035,32058,25127915,111194,11184,80,83,71299946,31195,0,0,0
2026-04-29 19:07:53,72466763,30728,25138577,111252,10720,77,83,71330229,30283,0,0,0
2026-04-29 19:07:54,72495375,28612,25148501,111300,9972,82,83,71357933,27704,0,0,0
2026-04-29 19:07:55,72523924,28549,25158396,111359,9954,82,83,71385576,27643,0,0,0
2026-04-29 19:07:56,72555112,31188,25169182,111419,10846,77,83,71424107,38531,0,0,0
2026-04-29 19:07:58,72587418,32306,25180387,111476,11262,73,83,71454352,30245,0,0,0
2026-04-29 19:07:59,72620008,32590,25191686,111536,11359,81,83,71485310,30958,0,0,0
2026-04-29 19:08:00,72651270,31262,25202546,111577,10901,80,83,71514934,29624,0,0,0
2026-04-29 19:08:01,72681567,30297,25213052,111622,10551,82,83,71543961,29027,0,0,0
2026-04-29 19:08:02,72709825,28258,25222874,111671,9871,82,83,71572394,28433,0,0,0
2026-04-29 19:08:03,72736974,27149,25232339,111708,9502,82,83,71599915,27521,0,0,0
2026-04-29 19:08:04,72764469,27495,25241834,111763,9550,74,83,71626254,26339,0,0,0
2026-04-29 19:08:05,72789926,25457,25250651,111803,8857,75,83,71651332,25078,0,0,0
2026-04-29 19:08:06,72815893,25967,25259679,111841,9066,82,83,71684996,33664,0,0,0
2026-04-29 19:08:08,72843771,27878,25269320,111879,9679,82,83,71714064,29068,0,0,0
2026-04-29 19:08:09,72868431,24660,25277869,111914,8584,80,83,71738302,24238,0,0,0
2026-04-29 19:08:10,72896460,28029,25287602,111954,9773,82,83,71767145,28843,0,0,0
2026-04-29 19:08:11,72922465,26005,25296632,111985,9061,82,83,71793337,26192,0,0,0
2026-04-29 19:08:12,72951478,29013,25306737,112027,10147,82,83,71820797,27460,0,0,0
2026-04-29 19:08:13,72978592,27114,25316142,112059,9437,62,83,71847898,27101,0,0,0
2026-04-29 19:08:14,73005459,26867,25325447,112090,9336,81,83,71874674,26776,0,0,0
2026-04-29 19:08:15,73032349,26890,25334769,112145,9377,82,83,71901160,26486,0,0,0
2026-04-29 19:08:17,73058757,26408,25343902,112193,9181,79,83,71926826,25666,0,0,0
2026-04-29 19:08:18,73085597,26840,25353167,112229,9301,82,83,71961271,34445,0,0,0
2026-04-29 19:08:19,73111273,25676,25362052,112270,8926,82,83,71987032,25761,0,0,0
2026-04-29 19:08:20,73136889,25616,25370937,112304,8919,82,83,72013884,26852,0,0,0
2026-04-29 19:08:21,73162308,25419,25379763,112345,8867,82,83,72040027,26143,0,0,0
2026-04-29 19:08:22,73189107,26799,25389045,112394,9331,82,83,72066346,26319,0,0,0
2026-04-29 19:08:23,73218887,29780,25399354,112449,10364,78,83,72094507,28161,0,0,0
2026-04-29 19:08:24,73250719,31832,25410394,112494,11085,77,83,72124862,30355,0,0,0
2026-04-29 19:08:26,73282628,31909,25421496,112540,11148,82,83,72155141,30279,0,0,0
2026-04-29 19:08:27,73312598,29970,25431876,112583,10423,81,83,72182704,27563,0,0,0
2026-04-29 19:08:28,73343890,31292,25442733,112626,10900,77,83,72218879,36175,0,0,0
2026-04-29 19:08:29,73377508,33618,25454410,112672,11723,82,83,72250860,31981,0,0,0
2026-04-29 19:08:30,73410889,33381,25466000,112716,11634,82,83,72282273,31413,0,0,0
2026-04-29 19:08:31,73444582,33693,25477683,112782,11749,79,83,72313916,31643,0,0,0
2026-04-29 19:08:32,73478350,33768,25489422,112825,11782,82,83,72344870,30954,0,0,0
2026-04-29 19:08:33,73512159,33809,25501154,112884,11791,80,83,72376480,31610,0,0,0
2026-04-29 19:08:35,73542878,30719,25511816,112935,10713,79,83,72405430,28950,0,0,0
2026-04-29 19:08:36,73571826,28948,25521861,112984,10094,80,83,72433525,28095,0,0,0
2026-04-29 19:08:37,73600236,28410,25531742,113027,9924,82,83,72459440,25915,0,0,0
2026-04-29 19:08:38,73625864,25628,25540611,113067,8909,82,83,72484068,24628,0,0,0
2026-04-29 19:08:39,73653691,27827,25550237,113113,9672,82,83,72519360,35292,0,0,0
2026-04-29 19:08:40,73683499,29808,25560550,113166,10366,77,83,72547810,28450,0,0,0
2026-04-29 19:08:41,73711707,28208,25570332,113209,9825,80,83,72575684,27874,0,0,0
2026-04-29 19:08:42,73739065,27358,25579853,113250,9562,79,83,72602899,27215,0,0,0
2026-04-29 19:08:44,73763856,24791,25588470,113285,8652,82,83,72629527,26628,0,0,0
2026-04-29 19:08:45,73789489,25633,25597359,113324,8928,82,83,72656419,26892,0,0,0
2026-04-29 19:08:46,73814426,24937,25606007,113374,8698,82,83,72682878,26459,0,0,0
2026-04-29 19:08:47,73839022,24596,25614512,113418,8549,82,83,72708176,25298,0,0,0
2026-04-29 19:08:48,73862386,23364,25622629,113447,8146,82,83,72731951,23775,0,0,0
2026-04-29 19:08:49,73886114,23728,25630885,113485,8294,82,83,72764226,32275,0,0,0
2026-04-29 19:08:50,73909883,23769,25639110,113520,8260,82,83,72789531,25305,0,0,0
2026-04-29 19:08:51,73932829,22946,25647093,113555,8018,82,83,72813962,24431,0,0,0
2026-04-29 19:08:53,73955809,22980,25655055,113586,7993,81,83,72839246,25284,0,0,0
2026-04-29 19:08:54,73979382,23573,25663233,113625,8217,82,83,72864397,25151,0,0,0
2026-04-29 19:08:55,74003262,23880,25671500,113665,8307,81,83,72890046,25649,0,0,0
2026-04-29 19:08:56,74027567,24305,25679945,113693,8473,82,83,72915643,25597,0,0,0
2026-04-29 19:08:57,74051140,23573,25688128,113730,8220,82,83,72941076,25433,0,0,0
2026-04-29 19:08:58,74075419,24279,25696579,113761,8482,82,83,72965470,24394,0,0,0
2026-04-29 19:08:59,74100000,24581,25705129,113796,8585,82,83,72999222,33752,0,0,0
2026-04-29 19:09:00,74125725,25725,25714085,113825,8985,82,83,73024578,25356,0,0,0
2026-04-29 19:09:01,74149179,23454,25722215,113858,8163,82,83,73049602,25024,0,0,0
2026-04-29 19:09:03,74174850,25671,25731130,113892,8949,81,83,73076389,26787,0,0,0
2026-04-29 19:09:04,74201374,26524,25740320,113933,9231,82,83,73104147,27758,0,0,0
2026-04-29 19:09:05,74229597,28223,25750112,113977,9836,79,83,73132904,28757,0,0,0
2026-04-29 19:09:06,74257235,27638,25759691,114025,9627,80,83,73159752,26848,0,0,0
2026-04-29 19:09:07,74286903,29668,25770023,114079,10386,81,83,73190168,30416,0,0,0
2026-04-29 19:09:08,74315385,28482,25779869,114122,9889,82,83,73217857,27689,0,0,0
2026-04-29 19:09:09,74343755,28370,25789734,114165,9908,78,83,73245311,27454,0,0,0
2026-04-29 19:09:10,74373974,30219,25800195,114221,10517,75,83,73281691,36380,0,0,0
2026-04-29 19:09:12,74405929,31955,25811299,114274,11157,82,83,73313739,32048,0,0,0
2026-04-29 19:09:13,74437479,31550,25822213,114326,10966,82,83,73344988,31249,0,0,0
2026-04-29 19:09:14,74468154,30675,25832821,114367,10649,79,83,73375582,30594,0,0,0
2026-04-29 19:09:15,74498807,30653,25843459,114418,10689,77,83,73405859,30277,0,0,0
2026-04-29 19:09:16,74529682,30875,25854196,114466,10785,76,83,73435728,29869,0,0,0
2026-04-29 19:09:17,74559641,29959,25864578,114505,10421,81,83,73466116,30388,0,0,0
2026-04-29 19:09:18,74588884,29243,25874768,114543,10228,82,83,73495109,28993,0,0,0
2026-04-29 19:09:19,74617622,28738,25884734,114583,10006,82,83,73522693,27584,0,0,0
2026-04-29 19:09:21,74645135,27513,25894247,114626,9556,80,83,73557187,34494,0,0,0
2026-04-29 19:09:22,74676140,31005,25905037,114680,10844,81,83,73588246,31059,0,0,0
2026-04-29 19:09:23,74706681,30541,25915631,114714,10628,81,83,73618533,30287,0,0,0
2026-04-29 19:09:24,74737064,30383,25926201,114767,10623,82,83,73648801,30268,0,0,0
2026-04-29 19:09:25,74767855,30791,25936890,114806,10728,82,83,73678394,29593,0,0,0
2026-04-29 19:09:26,74792308,24453,25945322,114846,8472,82,83,73704758,26364,0,0,0
2026-04-29 19:09:27,74819193,26885,25954638,114883,9353,82,83,73732283,27525,0,0,0
2026-04-29 19:09:28,74846343,27150,25964055,114920,9454,82,83,73759492,27209,0,0,0
2026-04-29 19:09:30,74872364,26021,25973108,114961,9094,82,83,73784979,25487,0,0,0
2026-04-29 19:09:31,74899812,27448,25982578,115016,9525,82,83,73818837,33858,0,0,0
2026-04-29 19:09:32,74928719,28907,25992598,115052,10056,80,83,73848434,29597,0,0,0
2026-04-29 19:09:33,74955719,27000,26001971,115100,9421,65,83,73875515,27081,0,0,0
2026-04-29 19:09:34,74983202,27483,26011527,115137,9593,82,83,73903431,27916,0,0,0
2026-04-29 19:09:35,75011682,28480,26021392,115170,9898,78,83,73931272,27841,0,0,0
2026-04-29 19:09:36,75040084,28402,26031236,115207,9881,82,83,73960928,29656,0,0,0
2026-04-29 19:09:37,75067856,27772,26040894,115244,9695,82,83,73989411,28483,0,0,0
2026-04-29 19:09:39,75096147,28291,26050699,115283,9844,82,83,74017280,27869,0,0,0
2026-04-29 19:09:40,75122700,26553,26059920,115330,9268,82,83,74042502,25222,0,0,0
2026-04-29 19:09:41,75147312,24612,26068469,115364,8583,82,83,74068220,25718,0,0,0
2026-04-29 19:09:42,75170180,22868,26076361,115404,7932,76,83,74100552,32332,0,0,0
2026-04-29 19:09:43,75193374,23194,26084385,115440,8060,82,83,74125022,24470,0,0,0
2026-04-29 19:09:44,75217001,23627,26092564,115487,8226,82,83,74151779,26757,0,0,0
2026-04-29 19:09:45,75240159,23158,26100587,115527,8063,82,83,74177541,25762,0,0,0
2026-04-29 19:09:46,75263433,23274,26108670,115556,8112,82,83,74201558,24017,0,0,0
2026-04-29 19:09:48,75287773,24340,26117087,115598,8459,76,83,74227337,25779,0,0,0
2026-04-29 19:09:49,75314168,26395,26126257,115650,9222,82,83,74254070,26733,0,0,0
2026-04-29 19:09:50,75341603,27435,26135759,115701,9553,82,83,74280312,26242,0,0,0
2026-04-29 19:09:51,75366876,25273,26144574,115731,8845,82,83,74305678,25366,0,0,0
2026-04-29 19:09:52,75395005,28129,26154345,115776,9816,81,83,74341652,35974,0,0,0
2026-04-29 19:09:53,75424419,29414,26164566,115816,10261,82,83,74369440,27788,0,0,0
2026-04-29 19:09:54,75454999,30580,26175141,115860,10619,78,83,74398721,29281,0,0,0
2026-04-29 19:09:55,75487495,32496,26186431,115903,11333,68,83,74429574,30853,0,0,0
2026-04-29 19:09:57,75519777,32282,26197606,115956,11228,79,83,74459582,30008,0,0,0
2026-04-29 19:09:58,75551746,31969,26208733,115986,11157,79,83,74489922,30340,0,0,0
2026-04-29 19:09:59,75584291,32545,26219977,116030,11288,82,83,74521426,31504,0,0,0
2026-04-29 19:10:00,75617649,33358,26231585,116076,11654,59,83,74550277,28851,0,0,0
2026-04-29 19:10:01,75648227,30578,26242144,116118,10601,82,83,74577952,27675,0,0,0
2026-04-29 19:10:02,75679265,31038,26252891,116157,10786,82,83,74615891,37939,0,0,0
2026-04-29 19:10:03,75707740,28475,26262797,116195,9944,82,83,74643504,27613,0,0,0
2026-04-29 19:10:04,75735929,28189,26272572,116229,9809,82,83,74671005,27501,0,0,0
2026-04-29 19:10:06,75761431,25502,26281427,116269,8895,80,83,74697784,26779,0,0,0
2026-04-29 19:10:07,75789184,27753,26291098,116303,9705,80,83,74725561,27777,0,0,0
2026-04-29 19:10:08,75817415,28231,26300858,116344,9801,80,83,74753263,27702,0,0,0
2026-04-29 19:10:09,75845826,28411,26310688,116392,9878,82,83,74780895,27632,0,0,0
2026-04-29 19:10:10,75873540,27714,26320350,116428,9698,82,83,74808078,27183,0,0,0
2026-04-29 19:10:11,75897417,23877,26328642,116455,8319,82,83,74833516,25438,0,0,0
2026-04-29 19:10:12,75923655,26238,26337746,116492,9141,79,83,74867441,33925,0,0,0
2026-04-29 19:10:13,75950543,26888,26347109,116519,9390,77,83,74894673,27232,0,0,0
2026-04-29 19:10:15,75978177,27634,26356693,116548,9613,82,83,74922324,27651,0,0,0
2026-04-29 19:10:16,76005198,27021,26366078,116599,9436,82,83,74950322,27998,0,0,0
2026-04-29 19:10:17,76033131,27933,26375745,116643,9711,81,83,74978238,27916,0,0,0
2026-04-29 19:10:18,76059256,26125,26384803,116672,9087,63,83,75006079,27841,0,0,0
2026-04-29 19:10:19,76087220,27964,26394494,116710,9729,77,83,75035305,29226,0,0,0
2026-04-29 19:10:20,76110475,23255,26402594,116754,8144,82,83,75061080,25775,0,0,0
2026-04-29 19:10:21,76134168,23693,26410802,116800,8254,82,83,75084952,23872,0,0,0
2026-04-29 19:10:22,76156060,21892,26418427,116840,7665,82,83,75115906,30954,0,0,0
2026-04-29 19:10:24,76181989,25929,26427400,116886,9019,82,83,75143452,27546,0,0,0
2026-04-29 19:10:25,76208448,26459,26436583,116920,9217,80,83,75172210,28758,0,0,0
2026-04-29 19:10:26,76235586,27138,26445979,116967,9443,81,83,75200801,28591,0,0,0
2026-04-29 19:10:27,76262509,26923,26455294,117015,9363,79,83,75229280,28479,0,0,0
2026-04-29 19:10:28,76289380,26871,26464625,117051,9367,79,83,75257206,27926,0,0,0
2026-04-29 19:10:29,76316020,26640,26473840,117084,9248,80,83,75284766,27560,0,0,0
2026-04-29 19:10:30,76343778,27758,26483527,117116,9719,82,83,75312864,28098,0,0,0
2026-04-29 19:10:31,76369726,25948,26492492,117149,8998,82,83,75338482,25618,0,0,0
2026-04-29 19:10:32,76394692,24966,26501180,117177,8716,82,83,75363629,25147,0,0,0
2026-04-29 19:10:34,76421470,26778,26510436,117216,9295,82,83,75397933,34304,0,0,0
2026-04-29 19:10:35,76448881,27411,26519903,117273,9524,81,83,75425898,27965,0,0,0
2026-04-29 19:10:36,76474113,25232,26528678,117312,8814,82,83,75452791,26893,0,0,0
2026-04-29 19:10:37,76501815,27702,26538221,117357,9588,80,83,75481408,28617,0,0,0
2026-04-29 19:10:38,76530218,28403,26548044,117414,9880,81,83,75509602,28194,0,0,0
2026-04-29 19:10:39,76558944,28726,26558004,117450,9996,81,83,75538332,28730,0,0,0
2026-04-29 19:10:40,76585760,26816,26567305,117486,9337,78,83,75565541,27209,0,0,0
2026-04-29 19:10:41,76614572,28812,26577351,117522,10082,82,83,75593785,28244,0,0,0
2026-04-29 19:10:43,76642303,27731,26586976,117560,9663,53,83,75620444,26659,0,0,0
2026-04-29 19:10:44,76669848,27545,26596519,117596,9579,81,83,75653476,33032,0,0,0
2026-04-29 19:10:45,76700024,30176,26606932,117642,10459,82,83,75683157,29681,0,0,0
2026-04-29 19:10:46,76726856,26832,26616308,117674,9408,82,83,75711658,28501,0,0,0
2026-04-29 19:10:47,76755919,29063,26626375,117734,10127,82,83,75740938,29280,0,0,0
2026-04-29 19:10:48,76784159,28240,26636181,117783,9855,82,83,75768715,27777,0,0,0
2026-04-29 19:10:49,76813911,29752,26646510,117823,10369,79,83,75796984,28269,0,0,0
2026-04-29 19:10:50,76844472,30561,26657098,117875,10640,79,83,75826763,29779,0,0,0
2026-04-29 19:10:52,76876381,31909,26668113,117939,11079,82,83,75856551,29788,0,0,0
2026-04-29 19:10:53,76907897,31516,26679032,117993,10973,82,83,75884373,27822,0,0,0
2026-04-29 19:10:54,76938386,30489,26689621,118035,10631,82,83,75912325,27952,0,0,0
2026-04-29 19:10:55,76971033,32647,26700935,118100,11379,82,83,75950034,37709,0,0,0
2026-04-29 19:10:56,77004893,33860,26712701,118150,11816,79,83,75983487,33453,0,0,0
2026-04-29 19:10:57,77039249,34356,26724650,118202,12001,63,83,76016269,32782,0,0,0
2026-04-29 19:10:58,77073575,34326,26736542,118249,11939,78,83,76049014,32745,0,0,0
2026-04-29 19:10:59,77107914,34339,26748443,118306,11958,82,83,76081394,32380,0,0,0
2026-04-29 19:11:01,77142425,34511,26760434,118355,12040,82,83,76113419,32025,0,0,0
2026-04-29 19:11:02,77175780,33355,26772005,118421,11637,82,83,76145373,31954,0,0,0
2026-04-29 19:11:03,77207360,31580,26782946,118472,10992,82,83,76175567,30194,0,0,0
2026-04-29 19:11:04,77239057,31697,26793957,118520,11059,82,83,76203212,27645,0,0,0
2026-04-29 19:11:05,77272169,33112,26805406,118563,11492,80,83,76242477,39265,0,0,0
2026-04-29 19:11:06,77306647,34478,26817387,118612,12030,79,83,76275155,32678,0,0,0
2026-04-29 19:11:07,77339016,32369,26828603,118669,11273,79,83,76305839,30684,0,0,0
2026-04-29 19:11:08,77370910,31894,26839664,118722,11114,72,83,76337392,31553,0,0,0
2026-04-29 19:11:10,77402796,31886,26850735,118764,11113,76,83,76367211,29819,0,0,0
2026-04-29 19:11:11,77436152,33356,26862332,118806,11639,70,83,76397489,30278,0,0,0
2026-04-29 19:11:12,77469589,33437,26873932,118848,11642,81,83,76427908,30419,0,0,0
2026-04-29 19:11:13,77502953,33364,26885495,118907,11622,69,83,76457597,29689,0,0,0
2026-04-29 19:11:14,77535054,32101,26896583,118950,11131,82,83,76486158,28561,0,0,0
2026-04-29 19:11:15,77566269,31215,26907416,119002,10885,82,83,76524477,38319,0,0,0
2026-04-29 19:11:16,77598111,31842,26918424,119051,11057,78,83,76555796,31319,0,0,0
2026-04-29 19:11:17,77631463,33352,26930000,119110,11635,78,83,76587173,31377,0,0,0
2026-04-29 19:11:19,77665085,33622,26941658,119170,11718,82,83,76619235,32062,0,0,0
2026-04-29 19:11:20,77697707,32622,26952967,119221,11360,79,83,76650475,31240,0,0,0
2026-04-29 19:11:21,77729506,31799,26964011,119276,11099,80,83,76680453,29978,0,0,0
2026-04-29 19:11:22,77760889,31383,26974897,119327,10937,81,83,76709445,28992,0,0,0
2026-04-29 19:11:23,77792750,31861,26985959,119385,11120,80,83,76738644,29199,0,0,0
2026-04-29 19:11:24,77823576,30826,26996625,119443,10724,82,83,76767254,28610,0,0,0
2026-04-29 19:11:25,77853521,29945,27006996,119482,10410,81,83,76802206,34952,0,0,0
2026-04-29 19:11:26,77884637,31116,27017789,119532,10843,76,83,76832671,30465,0,0,0
2026-04-29 19:11:28,77916615,31978,27028879,119575,11133,82,83,76862556,29885,0,0,0
2026-04-29 19:11:29,77948870,32255,27040091,119624,11261,82,83,76891802,29246,0,0,0
2026-04-29 19:11:30,77979109,30239,27050537,119673,10495,82,83,76921079,29277,0,0,0
2026-04-29 19:11:31,78009296,30187,27061039,119715,10544,82,83,76950235,29156,0,0,0
2026-04-29 19:11:32,78040506,31210,27071856,119763,10865,80,83,76981371,31136,0,0,0
2026-04-29 19:11:33,78072437,31931,27082902,119815,11098,82,83,77012025,30654,0,0,0
2026-04-29 19:11:34,78103410,30973,27093705,119857,10845,82,83,77040527,28502,0,0,0
2026-04-29 19:11:35,78131180,27770,27103328,119894,9660,82,83,77068637,28110,0,0,0
2026-04-29 19:11:37,78155460,24280,27111751,119934,8463,82,83,77101053,32416,0,0,0
2026-04-29 19:11:38,78181070,25610,27120670,119964,8949,82,83,77127195,26142,0,0,0
2026-04-29 19:11:39,78207658,26588,27129861,119997,9224,82,83,77154573,27378,0,0,0
2026-04-29 19:11:40,78235265,27607,27139444,120038,9624,79,83,77183699,29126,0,0,0
2026-04-29 19:11:41,78263585,28320,27149300,120080,9898,82,83,77212481,28782,0,0,0
2026-04-29 19:11:42,78289894,26309,27158415,120110,9145,80,83,77239375,26894,0,0,0
2026-04-29 19:11:43,78317242,27348,27167924,120152,9551,82,83,77267028,27653,0,0,0
2026-04-29 19:11:44,78344218,26976,27177246,120197,9367,82,83,77294981,27953,0,0,0
2026-04-29 19:11:46,78369849,25631,27186176,120235,8968,77,83,77320087,25106,0,0,0
2026-04-29 19:11:47,78393585,23736,27194396,120277,8262,82,83,77343268,23181,0,0,0
2026-04-29 19:11:48,78419259,25674,27203332,120310,8969,82,83,77377368,34100,0,0,0
2026-04-29 19:11:49,78446980,27721,27212916,120359,9633,78,83,77405715,28347,0,0,0
2026-04-29 19:11:50,78472664,25684,27221859,120397,8981,73,83,77433166,27451,0,0,0
2026-04-29 19:11:51,78497964,25300,27230649,120440,8833,82,83,77459721,26555,0,0,0
2026-04-29 19:11:52,78524640,26676,27239890,120494,9295,80,83,77487876,28155,0,0,0
2026-04-29 19:11:53,78548658,24018,27248265,120527,8408,82,83,77513432,25556,0,0,0
2026-04-29 19:11:55,78573140,24482,27256710,120570,8488,82,83,77538782,25350,0,0,0
2026-04-29 19:11:56,78596831,23691,27264918,120611,8249,65,83,77563937,25155,0,0,0
2026-04-29 19:11:57,78619551,22720,27272789,120640,7900,82,83,77587864,23927,0,0,0
2026-04-29 19:11:58,78644189,24638,27281369,120676,8616,82,83,77620084,32220,0,0,0
2026-04-29 19:11:59,78671814,27625,27290892,120719,9566,79,83,77648378,28294,0,0,0
2026-04-29 19:12:00,78699942,28128,27300676,120763,9828,82,83,77676423,28045,0,0,0
2026-04-29 19:12:01,78729014,29072,27310747,120802,10110,78,83,77706278,29855,0,0,0
2026-04-29 19:12:02,78757099,28085,27320501,120847,9799,82,83,77733591,27313,0,0,0
2026-04-29 19:12:03,78784046,26947,27329855,120890,9397,82,83,77761784,28193,0,0,0
2026-04-29 19:12:05,78812244,28198,27339621,120931,9807,81,83,77789447,27663,0,0,0
2026-04-29 19:12:06,78838904,26660,27348868,120976,9292,82,83,77816018,26571,0,0,0
2026-04-29 19:12:07,78865220,26316,27357981,121019,9156,81,83,77841242,25224,0,0,0
2026-04-29 19:12:08,78890140,24920,27366624,121060,8684,82,83,77865598,24356,0,0,0
2026-04-29 19:12:09,78916878,26738,27375867,121091,9274,81,83,77900233,34635,0,0,0
2026-04-29 19:12:10,78945317,28439,27385760,121135,9937,82,83,77926763,26530,0,0,0
2026-04-29 19:12:11,78973788,28471,27395615,121178,9898,82,83,77955291,28528,0,0,0
2026-04-29 19:12:12,79001418,27630,27405187,121216,9610,82,83,77982368,27077,0,0,0
2026-04-29 19:12:14,79030633,29215,27415329,121259,10185,81,83,78010943,28575,0,0,0
2026-04-29 19:12:15,79059974,29341,27425517,121309,10238,82,83,78039973,29030,0,0,0
2026-04-29 19:12:16,79088284,28310,27435376,121355,9905,82,83,78068406,28433,0,0,0
2026-04-29 19:12:17,79114629,26345,27444539,121407,9215,78,83,78093443,25037,0,0,0
2026-04-29 19:12:18,79139997,25368,27453314,121449,8817,67,83,78118488,25045,0,0,0
2026-04-29 19:12:19,79166953,26956,27462621,121483,9341,82,83,78151622,33134,0,0,0
2026-04-29 19:12:20,79193299,26346,27471782,121529,9207,82,83,78178648,27026,0,0,0
2026-04-29 19:12:21,79222029,28730,27481743,121575,10007,78,83,78206998,28350,0,0,0
2026-04-29 19:12:23,79253198,31169,27492569,121635,10886,82,83,78236312,29314,0,0,0
2026-04-29 19:12:24,79282694,29496,27502802,121690,10288,78,83,78265187,28875,0,0,0
2026-04-29 19:12:25,79314310,31616,27513795,121723,11026,75,83,78294216,29029,0,0,0
2026-04-29 19:12:26,79345977,31667,27524761,121760,11003,82,83,78323888,29672,0,0,0
2026-04-29 19:12:27,79377857,31880,27535828,121810,11117,82,83,78353475,29587,0,0,0
2026-04-29 19:12:28,79408549,30692,27546531,121837,10730,82,83,78381483,28008,0,0,0
2026-04-29 19:12:29,79440167,31618,27557508,121887,11027,82,83,78417228,35745,0,0,0
2026-04-29 19:12:30,79473765,33598,27569128,121939,11672,81,83,78448997,31769,0,0,0
2026-04-29 19:12:32,79507590,33825,27580835,121990,11758,82,83,78480643,31646,0,0,0
2026-04-29 19:12:33,79541933,34343,27592742,122052,11969,81,83,78511581,30938,0,0,0
2026-04-29 19:12:34,79575022,33089,27604215,122101,11522,82,83,78541233,29652,0,0,0
2026-04-29 19:12:35,79607022,32000,27615307,122162,11153,79,83,78571553,30320,0,0,0
2026-04-29 19:12:36,79640432,33410,27626903,122210,11644,81,83,78602294,30741,0,0,0
2026-04-29 19:12:37,79673701,33269,27638511,122254,11652,78,83,78632120,29826,0,0,0
2026-04-29 19:12:38,79704466,30765,27649186,122304,10725,82,83,78660638,28518,0,0,0
2026-04-29 19:12:39,79736371,31905,27660221,122355,11086,79,83,78696602,35964,0,0,0
2026-04-29 19:12:41,79768924,32553,27671535,122417,11376,80,83,78726349,29747,0,0,0
2026-04-29 19:12:42,79801408,32484,27682787,122470,11305,82,83,78755556,29207,0,0,0
2026-04-29 19:12:43,79834276,32868,27694186,122534,11463,82,83,78787280,31724,0,0,0
2026-04-29 19:12:44,79868258,33982,27705979,122591,11850,80,83,78817089,29809,0,0,0
2026-04-29 19:12:45,79901159,32901,27717383,122637,11450,82,83,78847210,30121,0,0,0
2026-04-29 19:12:46,79935246,34087,27729213,122679,11872,81,83,78877995,30785,0,0,0
2026-04-29 19:12:47,79968069,32823,27740603,122726,11437,82,83,78907869,29874,0,0,0
2026-04-29 19:12:49,79999329,31260,27751460,122780,10911,82,83,78936437,28568,0,0,0
2026-04-29 19:12:50,80031031,31702,27762480,122821,11061,73,83,78974395,37958,0,0,0
2026-04-29 19:12:51,80065196,34165,27774319,122873,11891,75,83,79005546,31151,0,0,0
2026-04-29 19:12:52,80098327,33131,27785792,122922,11522,80,83,79036298,30752,0,0,0
2026-04-29 19:12:53,80131942,33615,27797465,122981,11732,82,83,79067013,30715,0,0,0
2026-04-29 19:12:54,80166041,34099,27809269,123031,11854,75,83,79097869,30856,0,0,0
2026-04-29 19:12:55,80199273,33232,27820827,123077,11604,81,83,79128386,30517,0,0,0
2026-04-29 19:12:56,80231301,32028,27831926,123114,11136,76,83,79158632,30246,0,0,0
2026-04-29 19:12:58,80263841,32540,27843194,123173,11327,82,83,79186609,27977,0,0,0
2026-04-29 19:12:59,80295091,31250,27854034,123227,10894,79,83,79215274,28665,0,0,0
2026-04-29 19:13:00,80327598,32507,27865333,123268,11340,73,83,79252930,37656,0,0,0
2026-04-29 19:13:01,80361533,33935,27877087,123312,11798,81,83,79283710,30780,0,0,0
2026-04-29 19:13:02,80395592,34059,27888861,123372,11834,76,83,79315557,31847,0,0,0
2026-04-29 19:13:03,80429335,33743,27900551,123414,11732,80,83,79346162,30605,0,0,0
2026-04-29 19:13:04,80463937,34602,27912530,123463,12028,79,83,79377842,31680,0,0,0
2026-04-29 19:13:05,80498475,34538,27924474,123523,12004,80,83,79409442,31600,0,0,0
2026-04-29 19:13:07,80531168,32693,27935817,123579,11399,81,83,79439338,29896,0,0,0
2026-04-29 19:13:08,80564229,33061,27947289,123628,11521,81,83,79468964,29626,0,0,0
2026-04-29 19:13:09,80595240,31011,27958027,123685,10795,82,83,79497030,28066,0,0,0
2026-04-29 19:13:10,80628881,33641,27969677,123739,11704,78,83,79536160,39130,0,0,0
2026-04-29 19:13:11,80662202,33321,27981198,123798,11580,81,83,79566234,30074,0,0,0
2026-04-29 19:13:12,80694096,31894,27992283,123847,11134,82,83,79596683,30449,0,0,0
2026-04-29 19:13:13,80724826,30730,28002953,123885,10708,78,83,79627495,30812,0,0,0
2026-04-29 19:13:14,80754794,29968,28013374,123932,10468,82,83,79656355,28860,0,0,0
2026-04-29 19:13:16,80782634,27840,28023053,123977,9724,75,83,79685156,28801,0,0,0
2026-04-29 19:13:17,80808398,25764,28031986,124006,8962,82,83,79711482,26326,0,0,0
2026-04-29 19:13:18,80834555,26157,28041047,124046,9101,82,83,79738309,26827,0,0,0
2026-04-29 19:13:19,80859109,24554,28049564,124088,8559,82,83,79763176,24867,0,0,0
2026-04-29 19:13:20,80884086,24977,28058249,124129,8726,81,83,79797469,34293,0,0,0
2026-04-29 19:13:21,80909368,25282,28067027,124158,8807,82,83,79824356,26887,0,0,0
2026-04-29 19:13:22,80934516,25148,28075739,124200,8754,81,83,79852115,27759,0,0,0
2026-04-29 19:13:23,80960764,26248,28084866,124239,9166,81,83,79879250,27135,0,0,0
2026-04-29 19:13:25,80986243,25479,28093702,124278,8875,80,83,79906692,27442,0,0,0
2026-04-29 19:13:26,81010784,24541,28102225,124314,8559,82,83,79932891,26199,0,0,0
2026-04-29 19:13:27,81035660,24876,28110841,124357,8659,82,83,79958801,25910,0,0,0
2026-04-29 19:13:28,81061930,26270,28119936,124407,9145,82,83,79986407,27606,0,0,0
2026-04-29 19:13:29,81086662,24732,28128512,124450,8619,82,83,80011440,25033,0,0,0
2026-04-29 19:13:30,81109721,23059,28136515,124493,8046,82,83,80036303,24863,0,0,0
2026-04-29 19:13:31,81132111,22390,28144298,124524,7814,82,83,80061162,24859,0,0,0
2026-04-29 19:13:32,81152484,20373,28151393,124558,7129,82,83,80091516,30354,0,0,0
2026-04-29 19:13:33,81175778,23294,28159452,124603,8104,74,83,80117772,26256,0,0,0
2026-04-29 19:13:35,81199165,23387,28167520,124634,8099,81,83,80145622,27850,0,0,0
2026-04-29 19:13:36,81225190,26025,28176589,124667,9102,82,83,80172020,26398,0,0,0
2026-04-29 19:13:37,81252700,27510,28186111,124718,9573,82,83,80201146,29126,0,0,0
2026-04-29 19:13:38,81280562,27862,28195757,124772,9700,79,83,80229341,28195,0,0,0
2026-04-29 19:13:39,81306534,25972,28204773,124816,9060,82,83,80255394,26053,0,0,0
2026-04-29 19:13:40,81330359,23825,28213041,124850,8302,82,83,80280666,25272,0,0,0
2026-04-29 19:13:41,81354837,24478,28221506,124890,8505,82,83,80314052,33386,0,0,0
2026-04-29 19:13:42,81383374,28537,28231402,124931,9937,82,83,80343741,29689,0,0,0
2026-04-29 19:13:44,81409537,26163,28240506,124977,9150,82,83,80373293,29552,0,0,0
2026-04-29 19:13:45,81438579,29042,28250541,125022,10080,82,83,80403530,30237,0,0,0
2026-04-29 19:13:46,81468066,29487,28260801,125061,10299,79,83,80432443,28913,0,0,0
2026-04-29 19:13:47,81496109,28043,28270551,125108,9797,82,83,80461211,28768,0,0,0
2026-04-29 19:13:48,81525365,29256,28280683,125160,10184,73,83,80489770,28559,0,0,0
2026-04-29 19:13:49,81554428,29063,28290793,125204,10154,82,83,80517975,28205,0,0,0
2026-04-29 19:13:50,81581769,27341,28300283,125240,9526,68,83,80543515,25540,0,0,0
2026-04-29 19:13:51,81607343,25574,28309160,125279,8916,82,83,80570362,26847,0,0,0
2026-04-29 19:13:53,81632606,25263,28317912,125317,8790,82,83,80603878,33516,0,0,0
2026-04-29 19:13:54,81659619,27013,28327293,125363,9427,82,83,80631027,27149,0,0,0
2026-04-29 19:13:55,81685869,26250,28336381,125404,9129,80,83,80657147,26120,0,0,0
2026-04-29 19:13:56,81713355,27486,28345882,125459,9556,82,83,80684598,27451,0,0,0
2026-04-29 19:13:57,81742153,28798,28355860,125505,10024,80,83,80712453,27855,0,0,0
2026-04-29 19:13:58,81773494,31341,28366752,125554,10941,82,83,80742207,29754,0,0,0
2026-04-29 19:13:59,81804836,31342,28377634,125601,10929,78,83,80772678,30471,0,0,0
2026-04-29 19:14:00,81835875,31039,28388425,125639,10829,82,83,80800859,28181,0,0,0
2026-04-29 19:14:02,81865567,29692,28398742,125684,10362,82,83,80828369,27510,0,0,0
2026-04-29 19:14:03,81895551,29984,28409149,125730,10453,68,83,80865317,36948,0,0,0
2026-04-29 19:14:04,81925921,30370,28419691,125780,10592,82,83,80895033,29716,0,0,0
2026-04-29 19:14:05,81958177,32256,28430858,125842,11229,80,83,80926306,31273,0,0,0
2026-04-29 19:14:06,81990661,32484,28442099,125900,11299,81,83,80958995,32689,0,0,0
2026-04-29 19:14:07,82021070,30409,28452639,125951,10591,82,83,80987431,28436,0,0,0
2026-04-29 19:14:08,82053195,32125,28463782,125997,11189,81,83,81017857,30426,0,0,0
2026-04-29 19:14:09,82086730,33535,28475415,126048,11684,80,83,81048687,30830,0,0,0
2026-04-29 19:14:11,82119353,32623,28486740,126111,11388,82,83,81078846,30159,0,0,0
2026-04-29 19:14:12,82150886,31533,28497691,126158,10998,82,83,81106685,27839,0,0,0
2026-04-29 19:14:13,82184117,33231,28509211,126204,11566,77,83,81145689,39004,0,0,0
2026-04-29 19:14:14,82216924,32807,28520584,126261,11430,82,83,81175572,29883,0,0,0
2026-04-29 19:14:15,82249247,32323,28531778,126310,11243,82,83,81206500,30928,0,0,0
2026-04-29 19:14:16,82282221,32974,28543198,126370,11480,78,83,81239120,32620,0,0,0
2026-04-29 19:14:17,82315039,32818,28554595,126419,11446,77,83,81268846,29726,0,0,0
2026-04-29 19:14:18,82347825,32786,28565984,126463,11433,76,83,81299238,30392,0,0,0
2026-04-29 19:14:20,82380743,32918,28577428,126513,11494,82,83,81330548,31310,0,0,0
2026-04-29 19:14:21,82413773,33030,28588874,126577,11510,81,83,81361223,30675,0,0,0
2026-04-29 19:14:22,82444884,31111,28599651,126637,10837,82,83,81389006,27783,0,0,0
2026-04-29 19:14:23,82476618,31734,28610661,126681,11054,78,83,81425984,36978,0,0,0
2026-04-29 19:14:24,82508399,31781,28621684,126722,11064,81,83,81455284,29300,0,0,0
2026-04-29 19:14:25,82541377,32978,28633118,126763,11475,80,83,81486684,31400,0,0,0
2026-04-29 19:14:26,82572855,31478,28644043,126810,10972,78,83,81516047,29363,0,0,0
2026-04-29 19:14:27,82603452,30597,28654654,126858,10659,82,83,81545633,29586,0,0,0
2026-04-29 19:14:29,82632508,29056,28664707,126914,10109,77,83,81574024,28391,0,0,0
2026-04-29 19:14:30,82662384,29876,28675059,126985,10423,82,83,81603263,29239,0,0,0
2026-04-29 19:14:31,82694357,31973,28686139,127032,11127,81,83,81633685,30422,0,0,0
2026-04-29 19:14:32,82724208,29851,28696513,127081,10423,82,83,81661982,28297,0,0,0
2026-04-29 19:14:33,82754661,30453,28707055,127127,10588,82,83,81698716,36734,0,0,0
2026-04-29 19:14:34,82788613,33952,28718841,127180,11839,78,83,81731442,32726,0,0,0
2026-04-29 19:14:35,82821811,33198,28730376,127242,11597,79,83,81763561,32119,0,0,0
2026-04-29 19:14:36,82854420,32609,28741699,127289,11370,77,83,81794781,31220,0,0,0
2026-04-29 19:14:38,82887167,32747,28753053,127340,11405,72,83,81826735,31954,0,0,0
2026-04-29 19:14:39,82920713,33546,28764672,127398,11677,82,83,81857490,30755,0,0,0
2026-04-29 19:14:40,82955696,34983,28776770,127452,12152,81,83,81888255,30765,0,0,0
2026-04-29 19:14:41,82989281,33585,28788428,127514,11720,79,83,81918587,30332,0,0,0
2026-04-29 19:14:42,83021074,31793,28799391,127572,11021,82,83,81946534,27947,0,0,0
2026-04-29 19:14:43,83050772,29698,28809682,127624,10343,80,83,81983682,37148,0,0,0
2026-04-29 19:14:44,83083132,32360,28820910,127675,11279,66,83,82013856,30174,0,0,0
2026-04-29 19:14:45,83113095,29963,28831293,127727,10435,79,83,82043449,29593,0,0,0
2026-04-29 19:14:47,83141416,28321,28841137,127777,9894,81,83,82071549,28100,0,0,0
2026-04-29 19:14:48,83168558,27142,28850598,127802,9486,82,83,82099551,28002,0,0,0
2026-04-29 19:14:49,83194455,25897,28859582,127846,9028,82,83,82125880,26329,0,0,0
2026-04-29 19:14:50,83219789,25334,28868387,127883,8842,82,83,82153243,27363,0,0,0
2026-04-29 19:14:51,83242958,23169,28876428,127922,8080,82,83,82177363,24120,0,0,0
2026-04-29 19:14:52,83265543,22585,28884246,127961,7857,82,83,82200722,23359,0,0,0
2026-04-29 19:14:53,83289311,23768,28892505,128001,8299,82,83,82226261,25539,0,0,0
2026-04-29 19:14:54,83314683,25372,28901286,128035,8815,82,83,82261191,34930,0,0,0
2026-04-29 19:14:56,83339710,25027,28909974,128075,8728,82,83,82287299,26108,0,0,0
2026-04-29 19:14:57,83365505,25795,28918927,128115,8993,82,83,82313796,26497,0,0,0
2026-04-29 19:14:58,83391083,25578,28927789,128161,8908,82,83,82340772,26976,0,0,0
2026-04-29 19:14:59,83416521,25438,28936571,128193,8814,71,83,82367807,27035,0,0,0
2026-04-29 19:15:00,83440701,24180,28944924,128233,8393,82,83,82393305,25498,0,0,0
2026-04-29 19:15:01,83461707,21006,28952239,128276,7358,82,83,82417644,24339,0,0,0
2026-04-29 19:15:02,83483604,21897,28959836,128321,7642,82,83,82441674,24030,0,0,0
2026-04-29 19:15:03,83506092,22488,28967644,128354,7841,82,83,82465646,23972,0,0,0
2026-04-29 19:15:04,83527547,21455,28975054,128393,7449,82,83,82489180,23534,0,0,0
2026-04-29 19:15:06,83550865,23318,28983170,128417,8140,82,83,82523443,34263,0,0,0
2026-04-29 19:15:07,83577361,26496,28992342,128466,9221,79,83,82552276,28833,0,0,0
2026-04-29 19:15:08,83605184,27823,29001999,128513,9704,82,83,82581098,28822,0,0,0
2026-04-29 19:15:09,83632184,27000,29011352,128565,9405,82,83,82609125,28027,0,0,0
2026-04-29 19:15:10,83659752,27568,29020923,128608,9614,82,83,82637065,27940,0,0,0
2026-04-29 19:15:11,83688853,29101,29031003,128648,10120,82,83,82666242,29177,0,0,0
2026-04-29 19:15:12,83717359,28506,29040922,128688,9959,82,83,82695782,29540,0,0,0
2026-04-29 19:15:13,83745028,27669,29050503,128730,9623,82,83,82724341,28559,0,0,0
2026-04-29 19:15:15,83772784,27756,29060151,128770,9688,82,83,82751317,26976,0,0,0
2026-04-29 19:15:16,83798575,25791,29069156,128799,9034,82,83,82786228,34911,0,0,0
2026-04-29 19:15:17,83824769,26194,29078210,128832,9087,82,83,82812312,26084,0,0,0
2026-04-29 19:15:18,83850756,25987,29087254,128861,9073,82,83,82840111,27799,0,0,0
2026-04-29 19:15:19,83874795,24039,29095611,128892,8388,82,83,82865372,25261,0,0,0
2026-04-29 19:15:20,83903712,28917,29105644,128948,10089,82,83,82893723,28351,0,0,0
2026-04-29 19:15:21,83933745,30033,29116051,128995,10454,82,83,82922801,29078,0,0,0
2026-04-29 19:15:22,83962761,29016,29126080,129041,10075,82,83,82951295,28494,0,0,0
2026-04-29 19:15:24,83992682,29921,29136487,129090,10456,82,83,82978831,27536,0,0,0
2026-04-29 19:15:25,84020321,27639,29146058,129134,9615,82,83,83005096,26265,0,0,0
2026-04-29 19:15:26,84052379,32058,29157153,129175,11136,80,83,83042395,37299,0,0,0
2026-04-29 19:15:27,84085264,32885,29168610,129230,11512,80,83,83072855,30460,0,0,0
2026-04-29 19:15:28,84115047,29783,29178950,129275,10385,81,83,83102505,29650,0,0,0
2026-04-29 19:15:29,84144862,29815,29189297,129330,10402,80,83,83131251,28746,0,0,0
2026-04-29 19:15:30,84172245,27383,29198869,129368,9610,82,83,83158908,27657,0,0,0
2026-04-29 19:15:31,84196280,24035,29207188,129405,8356,74,83,83182654,23746,0,0,0
2026-04-29 19:15:33,84219818,23538,29215329,129440,8176,82,83,83207682,25028,0,0,0
2026-04-29 19:15:34,84245762,25944,29224334,129476,9041,82,83,83234069,26387,0,0,0
2026-04-29 19:15:35,84274497,28735,29234303,129514,10007,82,83,83260970,26901,0,0,0
2026-04-29 19:15:36,84303334,28837,29244332,129562,10077,82,83,83288004,27034,0,0,0
2026-04-29 19:15:37,84335167,31833,29255352,129616,11074,82,83,83326261,38257,0,0,0
2026-04-29 19:15:38,84367672,32505,29266664,129655,11351,82,83,83356315,30054,0,0,0
2026-04-29 19:15:39,84401835,34163,29278504,129719,11904,79,83,83387805,31490,0,0,0
2026-04-29 19:15:40,84435929,34094,29290325,129758,11860,82,83,83418498,30693,0,0,0
2026-04-29 19:15:42,84466286,30357,29300860,129799,10576,82,83,83448214,29716,0,0,0
2026-04-29 19:15:43,84497535,31249,29311704,129848,10893,79,83,83478195,29981,0,0,0
2026-04-29 19:15:44,84529366,31831,29322756,129882,11086,81,83,83508788,30593,0,0,0
2026-04-29 19:15:45,84557838,28472,29332623,129924,9909,82,83,83536431,27643,0,0,0
2026-04-29 19:15:46,84584878,27040,29342025,129966,9444,82,83,83562198,25767,0,0,0
2026-04-29 19:15:47,84611965,27087,29351428,130008,9445,78,83,83596678,34480,0,0,0
2026-04-29 19:15:48,84643506,31541,29362335,130061,10960,80,83,83627396,30718,0,0,0
2026-04-29 19:15:49,84674334,30828,29373053,130104,10761,78,83,83658099,30703,0,0,0
2026-04-29 19:15:51,84707420,33086,29384500,130170,11513,82,83,83689651,31552,0,0,0
2026-04-29 19:15:52,84741197,33777,29396221,130217,11768,82,83,83722001,32350,0,0,0
2026-04-29 19:15:53,84774762,33565,29407885,130268,11715,75,83,83754683,32682,0,0,0
2026-04-29 19:15:54,84807733,32971,29419333,130307,11487,80,83,83787619,32936,0,0,0
2026-04-29 19:15:55,84838795,31062,29430129,130369,10858,82,83,83818100,30481,0,0,0
2026-04-29 19:15:56,84869519,30724,29440750,130419,10671,82,83,83846698,28598,0,0,0
2026-04-29 19:15:57,84902337,32818,29452102,130465,11398,78,83,83885982,39284,0,0,0
2026-04-29 19:15:58,84934795,32458,29463381,130504,11318,81,83,83916577,30595,0,0,0
2026-04-29 19:16:00,84965016,30221,29473847,130548,10510,82,83,83946398,29821,0,0,0
2026-04-29 19:16:01,84992949,27933,29483536,130587,9728,80,83,83974748,28350,0,0,0
2026-04-29 19:16:02,85024847,31898,29494591,130621,11089,81,83,84004524,29776,0,0,0
2026-04-29 19:16:03,85054288,29441,29504825,130661,10274,77,83,84032618,28094,0,0,0
2026-04-29 19:16:04,85082153,27865,29514465,130708,9687,81,83,84060341,27723,0,0,0
2026-04-29 19:16:05,85109193,27040,29523848,130763,9438,82,83,84086646,26305,0,0,0
2026-04-29 19:16:06,85133657,24464,29532311,130790,8490,82,83,84110366,23720,0,0,0
2026-04-29 19:16:07,85157099,23442,29540471,130839,8209,80,83,84134263,23897,0,0,0
2026-04-29 19:16:09,85183955,26856,29549798,130887,9375,82,83,84167994,33731,0,0,0
2026-04-29 19:16:10,85212132,28177,29559542,130928,9785,82,83,84194952,26958,0,0,0
2026-04-29 19:16:11,85239680,27548,29569081,130971,9582,80,83,84221880,26928,0,0,0
2026-04-29 19:16:12,85267845,28165,29578812,131033,9793,82,83,84250105,28225,0,0,0
2026-04-29 19:16:13,85294386,26541,29587987,131084,9226,82,83,84277402,27297,0,0,0
2026-04-29 19:16:14,85320750,26364,29597133,131120,9182,78,83,84304642,27240,0,0,0
2026-04-29 19:16:15,85348020,27270,29606593,131152,9492,81,83,84332142,27500,0,0,0
2026-04-29 19:16:16,85373169,25149,29615342,131179,8776,82,83,84358564,26422,0,0,0
2026-04-29 19:16:18,85396649,23480,29623493,131222,8194,82,83,84383658,25094,0,0,0
2026-04-29 19:16:19,85419867,23218,29631554,131261,8100,82,83,84407025,23367,0,0,0
2026-04-29 19:16:20,85443566,23699,29639791,131306,8282,82,83,84439920,32895,0,0,0
2026-04-29 19:16:21,85468036,24470,29648271,131338,8512,82,83,84467325,27405,0,0,0
2026-04-29 19:16:22,85493935,25899,29657279,131372,9042,81,83,84494265,26940,0,0,0
2026-04-29 19:16:23,85519516,25581,29666152,131418,8919,74,83,84520677,26412,0,0,0
2026-04-29 19:16:24,85543243,23727,29674404,131455,8289,78,83,84546726,26049,0,0,0
2026-04-29 19:16:25,85565658,22415,29682158,131487,7786,82,83,84571502,24776,0,0,0
2026-04-29 19:16:26,85588830,23172,29690217,131511,8083,82,83,84597461,25959,0,0,0
2026-04-29 19:16:28,85612709,23879,29698508,131538,8318,82,83,84622977,25516,0,0,0
2026-04-29 19:16:29,85636787,24078,29706871,131576,8401,82,83,84647637,24660,0,0,0
2026-04-29 19:16:30,85662366,25579,29715767,131622,8942,82,83,84681665,34028,0,0,0
2026-04-29 19:16:31,85691718,29352,29725931,131664,10206,82,83,84711973,30308,0,0,0
2026-04-29 19:16:32,85721292,29574,29736176,131709,10290,82,83,84742142,30169,0,0,0
2026-04-29 19:16:33,85750300,29008,29746230,131756,10101,82,83,84771425,29283,0,0,0
2026-04-29 19:16:34,85781861,31561,29757170,131800,10984,79,83,84800665,29240,0,0,0
2026-04-29 19:16:35,85812028,30167,29767660,131856,10546,81,83,84830475,29810,0,0,0
2026-04-29 19:16:37,85839759,27731,29777323,131899,9706,80,83,84858492,28017,0,0,0
2026-04-29 19:16:38,85871127,31368,29788158,131965,10901,81,83,84888546,30054,0,0,0
2026-04-29 19:16:39,85901404,30277,29798695,132005,10577,82,83,84916443,27897,0,0,0
2026-04-29 19:16:40,85929466,28062,29808426,132049,9775,82,83,84943767,27324,0,0,0
2026-04-29 19:16:41,85961292,31826,29819426,132088,11039,82,83,84982612,38845,0,0,0
2026-04-29 19:16:42,85993568,32276,29830633,132131,11250,82,83,85012825,30213,0,0,0
2026-04-29 19:16:43,86025260,31692,29841633,132176,11045,81,83,85043184,30359,0,0,0
2026-04-29 19:16:44,86058348,33088,29853161,132211,11563,82,83,85073362,30178,0,0,0
2026-04-29 19:16:46,86090867,32519,29864461,132258,11347,71,83,85104555,31193,0,0,0
2026-04-29 19:16:47,86123924,33057,29875932,132295,11508,80,83,85136962,32407,0,0,0
2026-04-29 19:16:48,86157542,33618,29887579,132339,11691,81,83,85167816,30854,0,0,0
2026-04-29 19:16:49,86189708,32166,29898807,132385,11274,82,83,85199041,31225,0,0,0
2026-04-29 19:16:50,86220081,30373,29909337,132434,10579,82,83,85228158,29117,0,0,0
2026-04-29 19:16:51,86252018,31937,29920369,132482,11080,80,83,85266296,38138,0,0,0
2026-04-29 19:16:52,86284243,32225,29931571,132537,11257,81,83,85297585,31289,0,0,0
2026-04-29 19:16:53,86316738,32495,29942842,132597,11331,82,83,85328498,30913,0,0,0
2026-04-29 19:16:55,86349039,32301,29954092,132642,11295,81,83,85359790,31292,0,0,0
2026-04-29 19:16:56,86381077,32038,29965205,132689,11160,80,83,85389573,29783,0,0,0
2026-04-29 19:16:57,86413832,32755,29976579,132731,11416,80,83,85420156,30583,0,0,0
2026-04-29 19:16:58,86446179,32347,29987811,132770,11271,76,83,85450720,30564,0,0,0
2026-04-29 19:16:59,86479095,32916,29999230,132816,11465,82,83,85481489,30769,0,0,0
2026-04-29 19:17:00,86509363,30268,30009706,132873,10533,82,83,85507814,26325,0,0,0
2026-04-29 19:17:01,86538605,29242,30019830,132920,10171,66,83,85534957,27143,0,0,0
2026-04-29 19:17:02,86566809,28204,30029584,132964,9798,78,83,85570054,35097,0,0,0
2026-04-29 19:17:04,86594330,27521,30039128,133009,9589,82,83,85597892,27838,0,0,0
2026-04-29 19:17:05,86622708,28378,30049018,133048,9929,80,83,85625630,27738,0,0,0
2026-04-29 19:17:06,86650134,27426,30058594,133078,9606,81,83,85654526,28896,0,0,0
2026-04-29 19:17:07,86674165,24031,30066914,133114,8356,82,83,85679984,25458,0,0,0
2026-04-29 19:17:08,86698955,24790,30075539,133151,8662,82,83,85705969,25985,0,0,0
2026-04-29 19:17:09,86728621,29666,30085798,133197,10305,80,83,85735116,29147,0,0,0
2026-04-29 19:17:10,86759947,31326,30096678,133250,10933,82,83,85762968,27852,0,0,0
2026-04-29 19:17:11,86788710,28763,30106677,133287,10036,82,83,85789805,26837,0,0,0
2026-04-29 19:17:13,86820896,32186,30117840,133339,11215,82,83,85828294,38489,0,0,0
2026-04-29 19:17:14,86854196,33300,30129401,133388,11610,81,83,85859487,31193,0,0,0
2026-04-29 19:17:15,86886776,32580,30140667,133429,11307,79,83,85890254,30767,0,0,0
2026-04-29 19:17:16,86919996,33220,30152185,133481,11570,82,83,85921593,31339,0,0,0
2026-04-29 19:17:17,86953322,33326,30163802,133522,11658,80,83,85952718,31125,0,0,0
2026-04-29 19:17:18,86986417,33095,30175283,133553,11512,82,83,85986079,33361,0,0,0
2026-04-29 19:17:19,87019883,33466,30186907,133606,11677,82,83,86016330,30251,0,0,0
2026-04-29 19:17:20,87052019,32136,30198070,133648,11205,82,83,86044127,27797,0,0,0
2026-04-29 19:17:22,87082663,30644,30208698,133699,10679,69,83,86080029,35902,0,0,0
2026-04-29 19:17:23,87115264,32601,30219980,133743,11326,78,83,86110899,30870,0,0,0
2026-04-29 19:17:24,87148651,33387,30231571,133801,11649,82,83,86141335,30436,0,0,0
2026-04-29 19:17:25,87183638,34987,30243702,133859,12189,80,83,86172333,30998,0,0,0
2026-04-29 19:17:26,87216228,32590,30255039,133911,11389,82,83,86202937,30604,0,0,0
2026-04-29 19:17:27,87246677,30449,30265575,133966,10591,81,83,86232295,29358,0,0,0
2026-04-29 19:17:28,87277206,30529,30276124,134026,10609,79,83,86261337,29042,0,0,0
2026-04-29 19:17:29,87304248,27042,30285524,134071,9445,82,83,86287953,26616,0,0,0
2026-04-29 19:17:31,87330263,26015,30294578,134110,9093,82,83,86314180,26227,0,0,0
2026-04-29 19:17:32,87355828,25565,30303430,134150,8892,82,83,86339490,25310,0,0,0
2026-04-29 19:17:33,87381459,25631,30312302,134191,8913,82,83,86364250,24760,0,0,0
2026-04-29 19:17:34,87406219,24760,30320925,134238,8670,80,83,86399386,35136,0,0,0
2026-04-29 19:17:35,87432101,25882,30329892,134269,8998,80,83,86426144,26758,0,0,0
2026-04-29 19:17:36,87457842,25741,30338789,134320,8948,82,83,86452138,25994,0,0,0
2026-04-29 19:17:37,87482261,24419,30347261,134358,8510,82,83,86477273,25135,0,0,0
2026-04-29 19:17:38,87506341,24080,30355655,134397,8433,82,83,86503152,25879,0,0,0
2026-04-29 19:17:40,87531719,25378,30364409,134443,8800,81,83,86530026,26874,0,0,0
2026-04-29 19:17:41,87557855,26136,30373506,134485,9139,82,83,86556903,26877,0,0,0
2026-04-29 19:17:42,87582682,24827,30382102,134521,8632,82,83,86581582,24679,0,0,0
2026-04-29 19:17:43,87605347,22665,30389981,134549,7907,82,83,86605605,24023,0,0,0
2026-04-29 19:17:44,87628521,23174,30397992,134583,8045,82,83,86628928,23323,0,0,0
2026-04-29 19:17:45,87648868,20347,30405063,134612,7100,82,83,86652618,23690,0,0,0
2026-04-29 19:17:46,87671488,22620,30412928,134641,7894,82,83,86685508,32890,0,0,0
2026-04-29 19:17:47,87694605,23117,30420933,134670,8034,82,83,86711353,25845,0,0,0
2026-04-29 19:17:48,87718182,23577,30429139,134713,8249,82,83,86737638,26285,0,0,0
2026-04-29 19:17:50,87745813,27631,30438682,134747,9577,78,83,86767356,29718,0,0,0
2026-04-29 19:17:51,87774022,28209,30448444,134798,9813,82,83,86795468,28112,0,0,0
2026-04-29 19:17:52,87802721,28699,30458414,134853,10025,81,83,86825286,29818,0,0,0
2026-04-29 19:17:53,87830652,27931,30468132,134891,9756,76,83,86852622,27336,0,0,0
2026-04-29 19:17:54,87858061,27409,30477618,134937,9532,82,83,86878980,26358,0,0,0
2026-04-29 19:17:55,87885440,27379,30487173,134967,9585,82,83,86913955,34975,0,0,0
2026-04-29 19:17:56,87914864,29424,30497324,135007,10191,82,83,86944233,30278,0,0,0
2026-04-29 19:17:57,87944708,29844,30507661,135042,10372,79,83,86974025,29792,0,0,0
2026-04-29 19:17:59,87973672,28964,30517703,135102,10102,82,83,87002348,28323,0,0,0
2026-04-29 19:18:00,88003173,29501,30527965,135151,10311,82,83,87031491,29143,0,0,0
2026-04-29 19:18:01,88030915,27742,30537593,135188,9665,82,83,87058627,27136,0,0,0
2026-04-29 19:18:02,88058559,27644,30547203,135226,9648,82,83,87088538,29911,0,0,0
2026-04-29 19:18:03,88087376,28817,30557228,135274,10073,61,83,87117841,29303,0,0,0
2026-04-29 19:18:04,88114856,27480,30566727,135318,9543,82,83,87144416,26575,0,0,0
2026-04-29 19:18:05,88142247,27391,30576206,135366,9527,82,83,87180105,35689,0,0,0
2026-04-29 19:18:06,88171573,29326,30586374,135408,10210,81,83,87209614,29509,0,0,0
2026-04-29 19:18:08,88200783,29210,30596505,135450,10173,79,83,87239549,29935,0,0,0
2026-04-29 19:18:09,88227764,26981,30605891,135480,9416,81,83,87267396,27847,0,0,0
2026-04-29 19:18:10,88257879,30115,30616319,135533,10481,79,83,87297117,29721,0,0,0
2026-04-29 19:18:11,88287878,29999,30626700,135584,10432,81,83,87326890,29773,0,0,0
2026-04-29 19:18:12,88317600,29722,30637006,135641,10363,82,83,87355879,28989,0,0,0
2026-04-29 19:18:13,88347327,29727,30647300,135696,10349,82,83,87383972,28093,0,0,0
2026-04-29 19:18:14,88375489,28162,30657076,135737,9817,82,83,87410954,26982,0,0,0
2026-04-29 19:18:15,88404619,29130,30667192,135794,10173,82,83,87445256,34302,0,0,0
2026-04-29 19:18:17,88431576,26957,30676494,135829,9337,82,83,87472921,27665,0,0,0
2026-04-29 19:18:18,88461623,30047,30686917,135879,10473,82,83,87501670,28749,0,0,0
2026-04-29 19:18:19,88493508,31885,30697967,135918,11089,80,83,87530473,28803,0,0,0
2026-04-29 19:18:20,88523662,30154,30708433,135963,10511,75,83,87559396,28923,0,0,0
2026-04-29 19:18:21,88555165,31503,30719345,136021,10970,81,83,87589701,30305,0,0,0
2026-04-29 19:18:22,88586621,31456,30730242,136078,10954,80,83,87619382,29681,0,0,0
2026-04-29 19:18:23,88618696,32075,30741412,136127,11219,73,83,87648853,29471,0,0,0
2026-04-29 19:18:24,88648815,30119,30751830,136171,10462,82,83,87676469,27616,0,0,0
2026-04-29 19:18:26,88681057,32242,30762990,136217,11206,77,83,87714543,38074,0,0,0
2026-04-29 19:18:27,88713925,32868,30774402,136259,11454,81,83,87745537,30994,0,0,0
2026-04-29 19:18:28,88747084,33159,30785860,136320,11519,76,83,87776626,31089,0,0,0
2026-04-29 19:18:29,88780207,33123,30797350,136379,11549,82,83,87807040,30414,0,0,0
2026-04-29 19:18:30,88812809,32602,30808672,136423,11366,78,83,87837812,30772,0,0,0
2026-04-29 19:18:31,88845354,32545,30819980,136473,11358,76,83,87868876,31064,0,0,0
2026-04-29 19:18:32,88877551,32197,30831157,136532,11236,72,83,87898964,30088,0,0,0
2026-04-29 19:18:33,88908134,30583,30841776,136572,10659,81,83,87927863,28899,0,0,0
2026-04-29 19:18:35,88938513,30379,30852316,136618,10586,82,83,87963655,35792,0,0,0
2026-04-29 19:18:36,88972057,33544,30863937,136664,11667,77,83,87996228,32573,0,0,0
2026-04-29 19:18:37,89005457,33400,30875512,136711,11622,82,83,88027949,31721,0,0,0
2026-04-29 19:18:38,89037866,32409,30886776,136773,11326,82,83,88058985,31036,0,0,0
2026-04-29 19:18:39,89071447,33581,30898394,136838,11683,78,83,88090815,31830,0,0,0
2026-04-29 19:18:40,89103984,32537,30909651,136891,11310,82,83,88122167,31352,0,0,0
2026-04-29 19:18:41,89135153,31169,30920518,136932,10908,64,83,88153845,31678,0,0,0
2026-04-29 19:18:42,89165916,30763,30931168,136981,10699,82,83,88183072,29227,0,0,0
2026-04-29 19:18:44,89190990,25074,30939865,137024,8740,82,83,88208385,25313,0,0,0
2026-04-29 19:18:45,89218975,27985,30949553,137066,9730,82,83,88243229,34844,0,0,0
2026-04-29 19:18:46,89248291,29316,30959783,137096,10260,82,83,88271013,27784,0,0,0
2026-04-29 19:18:47,89274233,25942,30968727,137151,8999,81,83,88297518,26505,0,0,0
2026-04-29 19:18:48,89301033,26800,30978038,137189,9349,81,83,88324014,26496,0,0,0
2026-04-29 19:18:49,89330060,29027,30988136,137232,10141,82,83,88351826,27812,0,0,0
2026-04-29 19:18:50,89359225,29165,30998275,137279,10186,82,83,88382777,30951,0,0,0
2026-04-29 19:18:52,89387784,28559,31008191,137331,9968,62,83,88412014,29237,0,0,0
2026-04-29 19:18:53,89414346,26562,31017389,137367,9234,81,83,88438421,26407,0,0,0
2026-04-29 19:18:54,89439570,25224,31026155,137397,8796,82,83,88464048,25627,0,0,0
2026-04-29 19:18:55,89463692,24122,31034580,137425,8453,63,83,88489106,25058,0,0,0
2026-04-29 19:18:56,89487055,23363,31042659,137466,8120,82,83,88512996,23890,0,0,0
2026-04-29 19:18:57,89511105,24050,31050968,137500,8343,76,83,88546964,33968,0,0,0
2026-04-29 19:18:58,89536220,25115,31059717,137536,8785,82,83,88572960,25996,0,0,0
2026-04-29 19:18:59,89562438,26218,31068731,137580,9058,82,83,88600660,27700,0,0,0
2026-04-29 19:19:00,89588127,25689,31077637,137619,8945,81,83,88626554,25894,0,0,0
2026-04-29 19:19:02,89613781,25654,31086528,137661,8933,82,83,88652167,25613,0,0,0
2026-04-29 19:19:03,89641620,27839,31096176,137709,9696,79,83,88680229,28062,0,0,0
2026-04-29 19:19:04,89666303,24683,31104759,137746,8620,82,83,88705644,25415,0,0,0
2026-04-29 19:19:05,89689350,23047,31112777,137775,8047,82,83,88729120,23476,0,0,0
2026-04-29 19:19:06,89709459,20109,31119732,137812,6992,81,83,88750448,21328,0,0,0
2026-04-29 19:19:07,89730074,20615,31126918,137845,7219,82,83,88772540,22092,0,0,0
2026-04-29 19:19:08,89755087,25013,31135593,137879,8709,81,83,88806890,34350,0,0,0
2026-04-29 19:19:09,89781155,26068,31144591,137922,9041,78,83,88832832,25942,0,0,0
2026-04-29 19:19:11,89805013,23858,31152860,137957,8304,77,83,88857994,25162,0,0,0
2026-04-29 19:19:12,89831046,26033,31161869,137994,9046,82,83,88884707,26713,0,0,0
2026-04-29 19:19:13,89858853,27807,31171525,138037,9699,73,83,88911690,26983,0,0,0
2026-04-29 19:19:14,89888638,29785,31181851,138088,10377,79,83,88940996,29306,0,0,0
2026-04-29 19:19:15,89918882,30244,31192390,138128,10579,67,83,88969061,28065,0,0,0
2026-04-29 19:19:16,89946796,27914,31202101,138177,9760,82,83,88995348,26287,0,0,0
2026-04-29 19:19:17,89977202,30406,31212628,138226,10576,82,83,89029970,34622,0,0,0
2026-04-29 19:19:18,90009816,32614,31223932,138268,11346,82,83,89060397,30427,0,0,0
2026-04-29 19:19:20,90040781,30965,31234683,138316,10799,82,83,89090969,30572,0,0,0
2026-04-29 19:19:21,90072829,32048,31245789,138368,11158,77,83,89120868,29899,0,0,0
2026-04-29 19:19:22,90104240,31411,31256666,138412,10921,81,83,89150552,29684,0,0,0
2026-04-29 19:19:23,90137221,32981,31268082,138465,11469,82,83,89181413,30861,0,0,0
2026-04-29 19:19:24,90169635,32414,31279336,138511,11300,72,83,89211695,30282,0,0,0
2026-04-29 19:19:25,90201610,31975,31290452,138568,11173,82,83,89241842,30147,0,0,0
2026-04-29 19:19:26,90230087,28477,31300340,138603,9923,82,83,89267776,25934,0,0,0
2026-04-29 19:19:27,90258106,28019,31310070,138641,9768,82,83,89302243,34467,0,0,0
2026-04-29 19:19:29,90290181,32075,31321139,138697,11125,79,83,89332649,30406,0,0,0
2026-04-29 19:19:30,90321846,31665,31332143,138755,11062,82,83,89361846,29197,0,0,0
2026-04-29 19:19:31,90353894,32048,31343283,138798,11183,82,83,89392159,30313,0,0,0
2026-04-29 19:19:32,90384513,30619,31353901,138845,10665,80,83,89422077,29918,0,0,0
2026-04-29 19:19:33,90414735,30222,31364413,138879,10546,81,83,89451104,29027,0,0,0
2026-04-29 19:19:34,90445855,31120,31375231,138937,10876,80,83,89480957,29853,0,0,0
2026-04-29 19:19:35,90477198,31343,31386126,138991,10949,81,83,89510045,29088,0,0,0
2026-04-29 19:19:36,90507346,30148,31396577,139035,10495,82,83,89537840,27795,0,0,0
2026-04-29 19:19:38,90537418,30072,31406997,139078,10463,81,83,89575044,37204,0,0,0
2026-04-29 19:19:39,90568789,31371,31417907,139131,10963,79,83,89604737,29693,0,0,0
2026-04-29 19:19:40,90600197,31408,31428792,139187,10941,82,83,89634404,29667,0,0,0
2026-04-29 19:19:41,90627675,27478,31438326,139235,9582,81,83,89661412,27008,0,0,0
2026-04-29 19:19:42,90654749,27074,31447745,139268,9452,80,83,89688779,27367,0,0,0
2026-04-29 19:19:43,90684138,29389,31457923,139312,10222,79,83,89717026,28247,0,0,0
2026-04-29 19:19:44,90713680,29542,31468167,139365,10297,82,83,89745202,28176,0,0,0
2026-04-29 19:19:45,90742032,28352,31478037,139397,9902,82,83,89772516,27314,0,0,0
2026-04-29 19:19:47,90769878,27846,31487724,139439,9729,82,83,89798354,25838,0,0,0
2026-04-29 19:19:48,90797987,28109,31497444,139476,9757,82,83,89825068,26714,0,0,0
2026-04-29 19:19:49,90825460,27473,31506989,139521,9590,75,83,89860607,35539,0,0,0
2026-04-29 19:19:50,90851127,25667,31515881,139558,8929,81,83,89888243,27636,0,0,0
2026-04-29 19:19:51,90877414,26287,31525022,139598,9181,81,83,89914709,26466,0,0,0
2026-04-29 19:19:52,90901615,24201,31533435,139630,8445,82,83,89940073,25364,0,0,0
2026-04-29 19:19:53,90925514,23899,31541714,139671,8320,82,83,89965898,25825,0,0,0
2026-04-29 19:19:54,90950361,24847,31550384,139711,8710,82,83,89991543,25645,0,0,0
2026-04-29 19:19:56,90975222,24861,31559017,139744,8666,82,83,90017623,26080,0,0,0
2026-04-29 19:19:57,91000498,25276,31567750,139786,8775,82,83,90040943,23320,0,0,0
2026-04-29 19:19:58,91026449,25951,31576812,139823,9099,82,83,90074072,33129,0,0,0
2026-04-29 19:19:59,91057020,30571,31587347,139871,10583,82,83,90103841,29769,0,0,0
2026-04-29 19:20:00,91088803,31783,31598402,139923,11107,82,83,90133738,29897,0,0,0
2026-04-29 19:20:01,91119681,30878,31609118,139975,10768,80,83,90162767,29029,0,0,0
2026-04-29 19:20:02,91151916,32235,31620253,140027,11187,80,83,90192112,29345,0,0,0
2026-04-29 19:20:03,91185816,33900,31632017,140083,11820,78,83,90222380,30268,0,0,0
2026-04-29 19:20:05,91220761,34945,31644127,140136,12163,82,83,90254625,32245,0,0,0
2026-04-29 19:20:06,91250295,29534,31654357,140173,10267,82,83,90282597,27972,0,0,0
2026-04-29 19:20:07,91275900,25605,31663234,140215,8919,82,83,90307646,25049,0,0,0
2026-04-29 19:20:08,91300895,24995,31671934,140255,8740,82,83,90331236,23590,0,0,0
2026-04-29 19:20:09,91326121,25226,31680674,140298,8783,82,83,90364495,33259,0,0,0
2026-04-29 19:20:10,91353309,27188,31690090,140344,9462,81,83,90391186,26691,0,0,0
2026-04-29 19:20:11,91381800,28491,31699953,140402,9921,81,83,90418840,27654,0,0,0
2026-04-29 19:20:12,91409681,27881,31709632,140441,9718,76,83,90446720,27880,0,0,0
2026-04-29 19:20:14,91436031,26350,31718765,140486,9178,79,83,90473475,26755,0,0,0
2026-04-29 19:20:15,91462635,26604,31727923,140530,9202,79,83,90499723,26248,0,0,0
2026-04-29 19:20:16,91489361,26726,31737223,140573,9343,82,83,90526621,26898,0,0,0
2026-04-29 19:20:17,91515442,26081,31746277,140609,9090,82,83,90550987,24366,0,0,0
2026-04-29 19:20:18,91540585,25143,31754988,140653,8755,82,83,90575580,24593,0,0,0
2026-04-29 19:20:19,91566765,26180,31764108,140696,9163,82,83,90608604,33024,0,0,0
2026-04-29 19:20:20,91594423,27658,31773657,140747,9600,82,83,90636493,27889,0,0,0
2026-04-29 19:20:21,91620589,26166,31782744,140780,9120,82,83,90662475,25982,0,0,0
2026-04-29 19:20:23,91645088,24499,31791250,140820,8546,82,83,90687897,25422,0,0,0
2026-04-29 19:20:24,91667172,22084,31798918,140857,7705,82,83,90712117,24220,0,0,0
2026-04-29 19:20:25,91690875,23703,31807148,140891,8264,78,83,90738336,26219,0,0,0
2026-04-29 19:20:26,91715126,24251,31815559,140923,8443,78,83,90763625,25289,0,0,0
2026-04-29 19:20:27,91738440,23314,31823697,140959,8174,82,83,90788851,25226,0,0,0
2026-04-29 19:20:28,91761830,23390,31831791,140997,8132,82,83,90812912,24061,0,0,0
2026-04-29 19:20:29,91786531,24701,31840363,141026,8601,82,83,90838173,25261,0,0,0
2026-04-29 19:20:30,91811917,25386,31849183,141053,8847,82,83,90872994,34821,0,0,0
2026-04-29 19:20:31,91838653,26736,31858470,141092,9326,81,83,90900209,27215,0,0,0
2026-04-29 19:20:33,91865673,27020,31867857,141145,9440,78,83,90927747,27538,0,0,0
2026-04-29 19:20:34,91891824,26151,31876928,141188,9114,82,83,90954270,26523,0,0,0
2026-04-29 19:20:35,91916811,24987,31885611,141234,8729,81,83,90980949,26679,0,0,0
2026-04-29 19:20:36,91942640,25829,31894582,141279,9016,78,83,91007422,26473,0,0,0
2026-04-29 19:20:37,91967898,25258,31903331,141320,8790,82,83,91033433,26011,0,0,0
2026-04-29 19:20:38,91995054,27156,31912763,141369,9481,82,83,91061773,28340,0,0,0
2026-04-29 19:20:39,92018217,23163,31920794,141406,8068,82,83,91085173,23400,0,0,0
2026-04-29 19:20:40,92041305,23088,31928766,141438,8004,81,83,91117093,31920,0,0,0
2026-04-29 19:20:42,92066532,25227,31937555,141468,8819,82,83,91142829,25736,0,0,0
2026-04-29 19:20:43,92091608,25076,31946270,141504,8751,81,83,91169376,26547,0,0,0
2026-04-29 19:20:44,92116931,25323,31955035,141557,8818,80,83,91195601,26225,0,0,0
2026-04-29 19:20:45,92145530,28599,31964925,141603,9936,78,83,91223104,27503,0,0,0
2026-04-29 19:20:46,92176572,31042,31975666,141658,10796,79,83,91253206,30102,0,0,0
2026-04-29 19:20:47,92205252,28680,31985603,141700,9979,81,83,91282159,28953,0,0,0
2026-04-29 19:20:48,92235191,29939,31996027,141743,10467,82,83,91310074,27915,0,0,0
2026-04-29 19:20:49,92265180,29989,32006378,141797,10405,82,83,91337553,27479,0,0,0
2026-04-29 19:20:51,92293950,28770,32016374,141835,10034,82,83,91364473,26920,0,0,0
2026-04-29 19:20:52,92323506,29556,32026620,141882,10293,81,83,91403412,38939,0,0,0
2026-04-29 19:20:53,92354600,31094,32037369,141935,10802,71,83,91432329,28917,0,0,0
2026-04-29 19:20:54,92386700,32100,32048520,141990,11206,80,83,91463271,30942,0,0,0
2026-04-29 19:20:55,92417987,31287,32059371,142046,10907,82,83,91493232,29961,0,0,0
2026-04-29 19:20:56,92449995,32008,32070464,142098,11145,80,83,91523541,30309,0,0,0
2026-04-29 19:20:57,92483304,33309,32081966,142158,11562,79,83,91555523,31982,0,0,0
2026-04-29 19:20:58,92516604,33300,32093514,142210,11600,79,83,91587570,32047,0,0,0
2026-04-29 19:21:00,92547759,31155,32104346,142253,10875,82,83,91615719,28149,0,0,0
2026-04-29 19:21:01,92580192,32433,32115584,142314,11299,82,83,91651918,36199,0,0,0
2026-04-29 19:21:02,92613328,33136,32127083,142358,11543,79,83,91684456,32538,0,0,0
2026-04-29 19:21:03,92645481,32153,32138215,142420,11194,80,83,91716324,31868,0,0,0
2026-04-29 19:21:04,92678761,33280,32149771,142477,11613,82,83,91747250,30926,0,0,0
2026-04-29 19:21:05,92712053,33292,32161292,142538,11582,80,83,91780209,32959,0,0,0
2026-04-29 19:21:06,92744417,32364,32172513,142585,11268,82,83,91811391,31182,0,0,0
2026-04-29 19:21:07,92777168,32751,32183872,142634,11408,80,83,91843001,31610,0,0,0
2026-04-29 19:21:09,92811476,34308,32195806,142684,11984,76,83,91875464,32463,0,0,0
2026-04-29 19:21:10,92843211,31735,32206762,142751,11023,77,83,91904431,28967,0,0,0
2026-04-29 19:21:11,92874125,30914,32217480,142794,10761,81,83,91942176,37745,0,0,0
2026-04-29 19:21:12,92906996,32871,32228911,142830,11467,80,83,91973492,31316,0,0,0
2026-04-29 19:21:13,92938856,31860,32239953,142876,11088,82,83,92004687,31195,0,0,0
2026-04-29 19:21:14,92970907,32051,32251084,142924,11179,81,83,92036608,31921,0,0,0
2026-04-29 19:21:15,93004213,33306,32262625,142976,11593,80,83,92068752,32144,0,0,0
2026-04-29 19:21:16,93037409,33196,32274140,143023,11562,81,83,92100738,31986,0,0,0
2026-04-29 19:21:18,93070417,33008,32285605,143077,11519,82,83,92132873,32135,0,0,0
2026-04-29 19:21:19,93102390,31973,32296674,143142,11134,82,83,92164285,31412,0,0,0
2026-04-29 19:21:20,93133365,30975,32307411,143194,10789,82,83,92193658,29373,0,0,0
2026-04-29 19:21:21,93163354,29989,32317791,143246,10432,82,83,92228935,35277,0,0,0
2026-04-29 19:21:22,93196107,32753,32329143,143293,11399,80,83,92260200,31265,0,0,0
2026-04-29 19:21:23,93229290,33183,32340669,143341,11574,82,83,92291298,31098,0,0,0
2026-04-29 19:21:24,93261925,32635,32351986,143397,11373,79,83,92321746,30448,0,0,0
2026-04-29 19:21:25,93294856,32931,32363401,143456,11474,82,83,92352167,30421,0,0,0
2026-04-29 19:21:27,93327650,32794,32374797,143501,11441,79,83,92382474,30307,0,0,0
2026-04-29 19:21:28,93359009,31359,32385671,143560,10933,76,83,92412582,30108,0,0,0
2026-04-29 19:21:29,93392027,33018,32397137,143617,11523,82,83,92443083,30501,0,0,0
2026-04-29 19:21:30,93424650,32623,32408460,143664,11370,82,83,92473122,30039,0,0,0
2026-04-29 19:21:31,93455041,30391,32419027,143709,10612,82,83,92501602,28480,0,0,0
2026-04-29 19:21:32,93487261,32220,32430196,143746,11206,80,83,92540165,38563,0,0,0
2026-04-29 19:21:33,93518715,31454,32441127,143789,10974,82,83,92569492,29327,0,0,0
2026-04-29 19:21:34,93547355,28640,32451054,143850,9988,82,83,92598024,28532,0,0,0
2026-04-29 19:21:36,93576218,28863,32461067,143893,10056,81,83,92626157,28133,0,0,0
2026-04-29 19:21:37,93605146,28928,32471125,143946,10111,81,83,92654186,28029,0,0,0
2026-04-29 19:21:38,93634313,29167,32481209,143999,10137,81,83,92683486,29300,0,0,0
2026-04-29 19:21:39,93663327,29014,32491315,144049,10156,82,83,92712008,28522,0,0,0
2026-04-29 19:21:40,93690133,26806,32500615,144092,9343,82,83,92737327,25319,0,0,0
2026-04-29 19:21:41,93717107,26974,32509970,144125,9388,82,83,92763954,26627,0,0,0
2026-04-29 19:21:42,93743630,26523,32519224,144165,9294,82,83,92797451,33497,0,0,0
2026-04-29 19:21:43,93772112,28482,32529080,144199,9890,82,83,92825557,28106,0,0,0
2026-04-29 19:21:45,93801135,29023,32539181,144247,10149,80,83,92854557,29000,0,0,0
2026-04-29 19:21:46,93829762,28627,32549101,144292,9965,82,83,92882576,28019,0,0,0
2026-04-29 19:21:47,93857682,27920,32558811,144348,9766,73,83,92911447,28871,0,0,0
2026-04-29 19:21:48,93883734,26052,32567810,144395,9046,77,83,92937613,26166,0,0,0
2026-04-29 19:21:49,93911251,27517,32577373,144432,9600,74,83,92965473,27860,0,0,0
2026-04-29 19:21:50,93939241,27990,32587111,144485,9791,68,83,92992129,26656,0,0,0
2026-04-29 19:21:51,93964832,25591,32595997,144511,8912,82,83,93016825,24696,0,0,0
2026-04-29 19:21:52,93991559,26727,32605293,144548,9333,80,83,93042851,26026,0,0,0
2026-04-29 19:21:54,94019341,27782,32614944,144594,9697,82,83,93079120,36269,0,0,0
2026-04-29 19:21:55,94047036,27695,32624563,144641,9666,81,83,93106761,27641,0,0,0
2026-04-29 19:21:56,94073200,26164,32633648,144688,9132,72,83,93133970,27209,0,0,0
2026-04-29 19:21:57,94096783,23583,32641798,144727,8189,82,83,93159620,25650,0,0,0
2026-04-29 19:21:58,94119592,22809,32649741,144761,7977,66,83,93183967,24347,0,0,0
2026-04-29 19:21:59,94144153,24561,32658261,144792,8551,82,83,93210174,26207,0,0,0
2026-04-29 19:22:00,94167807,23654,32666508,144820,8275,82,83,93235738,25564,0,0,0
2026-04-29 19:22:01,94190889,23082,32674471,144864,8007,70,83,93259864,24126,0,0,0
2026-04-29 19:22:03,94213363,22474,32682252,144901,7818,66,83,93283308,23444,0,0,0
2026-04-29 19:22:04,94238432,25069,32690935,144940,8722,77,83,93317306,33998,0,0,0
2026-04-29 19:22:05,94262202,23770,32699197,144982,8304,81,83,93342535,25229,0,0,0
2026-04-29 19:22:06,94285228,23026,32707164,145029,8014,82,83,93368481,25946,0,0,0
2026-04-29 19:22:07,94307889,22661,32715077,145074,7958,76,83,93394754,26273,0,0,0
2026-04-29 19:22:08,94332918,25029,32723733,145125,8707,79,83,93422309,27555,0,0,0
2026-04-29 19:22:09,94358393,25475,32732567,145160,8869,79,83,93449518,27209,0,0,0
2026-04-29 19:22:10,94384135,25742,32741492,145197,8962,81,83,93477154,27636,0,0,0
2026-04-29 19:22:11,94409251,25116,32750191,145233,8735,82,83,93503162,26008,0,0,0
2026-04-29 19:22:13,94429648,20397,32757273,145255,7104,82,83,93527190,24028,0,0,0
2026-04-29 19:22:14,94452959,23311,32765392,145293,8157,82,83,93558447,31257,0,0,0
2026-04-29 19:22:15,94483497,30538,32775967,145342,10624,81,83,93590063,31616,0,0,0
2026-04-29 19:22:16,94515379,31882,32786990,145394,11075,74,83,93619748,29685,0,0,0
2026-04-29 19:22:17,94546911,31532,32797896,145442,10954,82,83,93649949,30201,0,0,0
2026-04-29 19:22:18,94579880,32969,32809345,145486,11493,82,83,93680306,30357,0,0,0
2026-04-29 19:22:19,94613177,33297,32820884,145555,11608,82,83,93711270,30964,0,0,0
2026-04-29 19:22:20,94646330,33153,32832372,145601,11534,82,83,93742681,31411,0,0,0
2026-04-29 19:22:22,94679629,33299,32843919,145655,11601,81,83,93774210,31529,0,0,0
2026-04-29 19:22:23,94710574,30945,32854638,145711,10775,82,83,93803161,28951,0,0,0
2026-04-29 19:22:24,94741454,30880,32865338,145754,10743,79,83,93839574,36413,0,0,0
2026-04-29 19:22:25,94774778,33324,32876898,145794,11600,79,83,93871023,31449,0,0,0
2026-04-29 19:22:26,94809059,34281,32888766,145850,11924,74,83,93902414,31391,0,0,0
2026-04-29 19:22:27,94842627,33568,32900420,145898,11702,80,83,93934683,32269,0,0,0
2026-04-29 19:22:28,94874101,31474,32911359,145931,10972,79,83,93965663,30980,0,0,0
2026-04-29 19:22:30,94907145,33044,32922814,145987,11511,82,83,93997359,31696,0,0,0
2026-04-29 19:22:31,94939716,32571,32934103,146036,11338,82,83,94029779,32420,0,0,0
2026-04-29 19:22:32,94971485,31769,32945150,146090,11101,79,83,94059590,29811,0,0,0
2026-04-29 19:22:33,95002353,30868,32955846,146144,10750,73,83,94088883,29293,0,0,0
2026-04-29 19:22:34,95035389,33036,32967303,146196,11509,82,83,94129701,40818,0,0,0
2026-04-29 19:22:35,95067314,31925,32978366,146250,11117,80,83,94160390,30689,0,0,0
2026-04-29 19:22:36,95098043,30729,32989050,146298,10732,82,83,94190964,30574,0,0,0
2026-04-29 19:22:37,95126576,28533,32998925,146348,9925,78,83,94220350,29386,0,0,0
2026-04-29 19:22:39,95154882,28306,33008763,146393,9883,81,83,94249121,28771,0,0,0
2026-04-29 19:22:40,95186156,31274,33019591,146436,10871,82,83,94279925,30804,0,0,0
2026-04-29 19:22:41,95217851,31695,33030552,146483,11008,82,83,94310247,30322,0,0,0
2026-04-29 19:22:42,95249280,31429,33041496,146521,10982,82,83,94339119,28872,0,0,0
2026-04-29 19:22:43,95279814,30534,33052056,146557,10596,82,83,94367193,28074,0,0,0
2026-04-29 19:22:44,95310843,31029,33062786,146621,10794,81,83,94407089,39896,0,0,0
2026-04-29 19:22:45,95342988,32145,33073969,146670,11232,81,83,94439057,31968,0,0,0
2026-04-29 19:22:46,95375028,32040,33085090,146711,11162,79,83,94469214,30157,0,0,0
2026-04-29 19:22:48,95409071,34043,33096932,146748,11879,82,83,94500381,31167,0,0,0
2026-04-29 19:22:49,95442674,33603,33108585,146811,11716,82,83,94531514,31133,0,0,0
2026-04-29 19:22:50,95475598,32924,33120016,146861,11481,74,83,94562804,31290,0,0,0
2026-04-29 19:22:51,95508973,33375,33131585,146903,11611,82,83,94594617,31813,0,0,0
2026-04-29 19:22:52,95541180,32207,33142782,146955,11249,82,83,94624268,29651,0,0,0
2026-04-29 19:22:53,95572301,31121,33153608,147005,10876,82,83,94661302,37034,0,0,0
2026-04-29 19:22:54,95605794,33493,33165182,147073,11642,77,83,94694192,32890,0,0,0
2026-04-29 19:22:55,95640427,34633,33177182,147121,12048,82,83,94726849,32657,0,0,0
2026-04-29 19:22:57,95673547,33120,33188640,147179,11516,81,83,94758254,31405,0,0,0
2026-04-29 19:22:58,95707206,33659,33200328,147226,11735,82,83,94790341,32087,0,0,0
2026-04-29 19:22:59,95741494,34288,33212216,147273,11935,81,83,94823372,33031,0,0,0
2026-04-29 19:23:00,95774682,33188,33223713,147323,11547,80,83,94854765,31393,0,0,0
2026-04-29 19:23:01,95808690,34008,33235501,147387,11852,82,83,94886119,31354,0,0,0
2026-04-29 19:23:02,95841086,32396,33246750,147435,11297,82,83,94915763,29644,0,0,0
2026-04-29 19:23:03,95871054,29968,33257183,147467,10465,82,83,94944841,29078,0,0,0
2026-04-29 19:23:04,95903209,32155,33268362,147513,11225,82,83,94984223,39382,0,0,0
2026-04-29 19:23:06,95935575,32366,33279590,147555,11270,77,83,95015809,31586,0,0,0
2026-04-29 19:23:07,95964505,28930,33289672,147594,10121,82,83,95045290,29481,0,0,0
2026-04-29 19:23:08,95991217,26712,33298916,147634,9284,82,83,95072455,27165,0,0,0
2026-04-29 19:23:09,96019575,28358,33308754,147676,9880,80,83,95101025,28570,0,0,0
2026-04-29 19:23:10,96048027,28452,33318615,147724,9909,76,83,95129503,28478,0,0,0
2026-04-29 19:23:11,96075844,27817,33328250,147771,9682,79,83,95157445,27942,0,0,0
2026-04-29 19:23:12,96101022,25178,33337014,147811,8804,82,83,95182273,24828,0,0,0
2026-04-29 19:23:13,96127268,26246,33346168,147847,9190,82,83,95207488,25215,0,0,0
2026-04-29 19:23:15,96153537,26269,33355246,147893,9124,79,83,95242930,35442,0,0,0
2026-04-29 19:23:16,96180915,27378,33364762,147927,9550,81,83,95270577,27647,0,0,0
2026-04-29 19:23:17,96208618,27703,33374383,147972,9666,74,83,95298228,27651,0,0,0
2026-04-29 19:23:18,96236347,27729,33383999,148014,9658,81,83,95326272,28044,0,0,0
2026-04-29 19:23:19,96264036,27689,33393604,148050,9641,79,83,95354496,28224,0,0,0
2026-04-29 19:23:20,96288973,24937,33402258,148092,8696,81,83,95381016,26520,0,0,0
2026-04-29 19:23:21,96316302,27329,33411713,148138,9501,81,83,95408156,27140,0,0,0
2026-04-29 19:23:22,96343931,27629,33421290,148175,9614,82,83,95436112,27956,0,0,0
2026-04-29 19:23:24,96368330,24399,33429730,148205,8470,82,83,95460476,24364,0,0,0
2026-04-29 19:23:25,96394030,25700,33438693,148241,8999,72,83,95486048,25572,0,0,0
2026-04-29 19:23:26,96420208,26178,33447774,148280,9120,81,83,95520497,34449,0,0,0
2026-04-29 19:23:27,96447796,27588,33457353,148330,9629,80,83,95548326,27829,0,0,0
2026-04-29 19:23:28,96474428,26632,33466604,148363,9284,78,83,95575839,27513,0,0,0
2026-04-29 19:23:29,96502177,27749,33476252,148395,9680,82,83,95603210,27371,0,0,0
2026-04-29 19:23:30,96531358,29181,33486399,148441,10193,71,83,95632421,29211,0,0,0
2026-04-29 19:23:31,96559645,28287,33496177,148485,9822,82,83,95661174,28753,0,0,0
2026-04-29 19:23:32,96587497,27852,33505862,148531,9731,82,83,95688784,27610,0,0,0
2026-04-29 19:23:34,96614718,27221,33515330,148572,9509,82,83,95716928,28144,0,0,0
2026-04-29 19:23:35,96638073,23355,33523443,148611,8152,82,83,95741060,24132,0,0,0
2026-04-29 19:23:36,96662479,24406,33531865,148648,8459,82,83,95773987,32927,0,0,0
2026-04-29 19:23:37,96688982,26503,33541081,148696,9264,82,83,95802103,28116,0,0,0
2026-04-29 19:23:38,96716718,27736,33550672,148745,9640,82,83,95830076,27973,0,0,0
2026-04-29 19:23:39,96744422,27704,33560320,148787,9690,80,83,95859380,29304,0,0,0
2026-04-29 19:23:40,96771866,27444,33569866,148824,9583,82,83,95887748,28368,0,0,0
2026-04-29 19:23:41,96797858,25992,33578861,148847,9018,82,83,95915797,28049,0,0,0
2026-04-29 19:23:43,96824876,27018,33588270,148877,9439,82,83,95943357,27560,0,0,0
2026-04-29 19:23:44,96851763,26887,33597613,148918,9384,82,83,95971216,27859,0,0,0
2026-04-29 19:23:45,96876800,25037,33606289,148957,8715,82,83,95995874,24658,0,0,0
2026-04-29 19:23:46,96901288,24488,33614758,148995,8507,82,83,96021211,25337,0,0,0
2026-04-29 19:23:47,96926785,25497,33623610,149034,8891,82,83,96055222,34011,0,0,0
2026-04-29 19:23:48,96953140,26355,33632782,149069,9207,77,83,96081601,26379,0,0,0
2026-04-29 19:23:49,96978454,25314,33641536,149112,8797,82,83,96108688,27087,0,0,0
2026-04-29 19:23:50,96999821,21367,33648937,149145,7434,81,83,96132277,23589,0,0,0
2026-04-29 19:23:52,97025039,25218,33657686,149184,8788,82,83,96159327,27050,0,0,0
2026-04-29 19:23:53,97052349,27310,33667173,149226,9529,81,83,96187765,28438,0,0,0
2026-04-29 19:23:54,97082887,30538,33677775,149270,10646,82,83,96217398,29633,0,0,0
2026-04-29 19:23:55,97112798,29911,33688143,149313,10411,82,83,96245583,28185,0,0,0
2026-04-29 19:23:56,97142223,29425,33698329,149359,10232,81,83,96272675,27092,0,0,0
2026-04-29 19:23:57,97169332,27109,33707740,149394,9446,82,83,96307643,34968,0,0,0
2026-04-29 19:23:58,97199479,30147,33718186,149437,10489,77,83,96338136,30493,0,0,0
2026-04-29 19:23:59,97229619,30140,33728669,149487,10533,74,83,96368233,30097,0,0,0
2026-04-29 19:24:01,97260564,30945,33739409,149538,10791,82,83,96397871,29638,0,0,0
2026-04-29 19:24:02,97292179,31615,33750384,149596,11033,82,83,96428577,30706,0,0,0
2026-04-29 19:24:03,97324143,31964,33761451,149640,11111,82,83,96458787,30210,0,0,0
2026-04-29 19:24:04,97356227,32084,33772583,149697,11189,72,83,96490014,31227,0,0,0
2026-04-29 19:24:05,97386776,30549,33783217,149740,10677,79,83,96518732,28718,0,0,0
2026-04-29 19:24:06,97417603,30827,33793856,149792,10691,82,83,96546980,28248,0,0,0
2026-04-29 19:24:07,97449721,32118,33805026,149833,11211,82,83,96585252,38272,0,0,0
2026-04-29 19:24:08,97482248,32527,33816289,149879,11309,76,83,96616035,30783,0,0,0
2026-04-29 19:24:10,97514666,32418,33827560,149931,11323,82,83,96647179,31144,0,0,0
2026-04-29 19:24:11,97548196,33530,33839211,149982,11702,81,83,96678594,31415,0,0,0
2026-04-29 19:24:12,97580624,32428,33850439,150031,11277,80,83,96709050,30456,0,0,0
2026-04-29 19:24:13,97614045,33421,33862034,150071,11635,80,83,96739389,30339,0,0,0
2026-04-29 19:24:14,97646800,32755,33873401,150113,11409,74,83,96770055,30666,0,0,0
2026-04-29 19:24:15,97677137,30337,33883944,150155,10585,81,83,96799014,28959,0,0,0
2026-04-29 19:24:16,97705024,27887,33893618,150195,9714,82,83,96825411,26397,0,0,0
2026-04-29 19:24:17,97732792,27768,33903253,150232,9672,82,83,96859896,34485,0,0,0
2026-04-29 19:24:19,97764125,31333,33914120,150277,10912,79,83,96889845,29949,0,0,0
2026-04-29 19:24:20,97789745,25620,33923051,150313,8967,82,83,96916614,26769,0,0,0
2026-04-29 19:24:21,97818624,28879,33933034,150346,10016,75,83,96945214,28600,0,0,0
2026-04-29 19:24:22,97849777,31153,33943816,150400,10836,82,83,96975501,30287,0,0,0
2026-04-29 19:24:23,97882159,32382,33955075,150442,11301,82,83,97005967,30466,0,0,0
2026-04-29 19:24:24,97915590,33431,33966641,150495,11619,82,83,97037008,31041,0,0,0
2026-04-29 19:24:25,97948699,33109,33978122,150542,11528,82,83,97067527,30519,0,0,0
2026-04-29 19:24:26,97979091,30392,33988690,150579,10605,82,83,97095160,27633,0,0,0
2026-04-29 19:24:28,98010490,31399,33999591,150628,10950,75,83,97131986,36826,0,0,0
2026-04-29 19:24:29,98045364,34874,34011662,150688,12131,82,83,97162346,30360,0,0,0
2026-04-29 19:24:30,98078506,33142,34023162,150734,11546,82,83,97193338,30992,0,0,0
2026-04-29 19:24:31,98111063,32557,34034420,150797,11321,82,83,97224024,30686,0,0,0
2026-04-29 19:24:32,98144071,33008,34045828,150853,11464,82,83,97255208,31184,0,0,0
2026-04-29 19:24:33,98174858,30787,34056538,150910,10767,80,83,97285765,30557,0,0,0
2026-04-29 19:24:34,98205116,30258,34067005,150955,10512,81,83,97315421,29656,0,0,0
2026-04-29 19:24:35,98231237,26121,34076117,150991,9148,82,83,97342264,26843,0,0,0
2026-04-29 19:24:37,98256775,25538,34084961,151042,8895,82,83,97367400,25136,0,0,0
2026-04-29 19:24:38,98280646,23871,34093251,151076,8324,69,83,97392127,24727,0,0,0
2026-04-29 19:24:39,98304696,24050,34101578,151113,8364,78,83,97426109,33982,0,0,0
2026-04-29 19:24:40,98329892,25196,34110322,151143,8774,76,83,97452919,26810,0,0,0
2026-04-29 19:24:41,98355563,25671,34119240,151188,8963,74,83,97479392,26473,0,0,0
2026-04-29 19:24:42,98381428,25865,34128179,151240,8991,80,83,97506216,26824,0,0,0
2026-04-29 19:24:43,98407283,25855,34137187,151270,9038,82,83,97532982,26766,0,0,0
2026-04-29 19:24:44,98433620,26337,34146298,151311,9152,82,83,97560383,27401,0,0,0
2026-04-29 19:24:46,98459634,26014,34155330,151350,9071,76,83,97586362,25979,0,0,0
2026-04-29 19:24:47,98483569,23935,34163613,151377,8310,82,83,97610256,23894,0,0,0
2026-04-29 19:24:48,98506101,22532,34171426,151413,7849,81,83,97633541,23285,0,0,0
2026-04-29 19:24:49,98530565,24464,34179887,151456,8504,79,83,97666280,32739,0,0,0
2026-04-29 19:24:50,98553319,22754,34187792,151489,7938,82,83,97691491,25211,0,0,0
2026-04-29 19:24:51,98576410,23091,34195771,151515,8005,80,83,97716038,24547,0,0,0
2026-04-29 19:24:52,98601726,25316,34204561,151557,8832,82,83,97742575,26537,0,0,0
2026-04-29 19:24:53,98628127,26401,34213727,151590,9199,77,83,97769728,27153,0,0,0
2026-04-29 19:24:55,98653012,24885,34222411,151626,8720,82,83,97795671,25943,0,0,0
2026-04-29 19:24:56,98679053,26041,34231397,151663,9023,82,83,97822146,26475,0,0,0
2026-04-29 19:24:57,98703280,24227,34239820,151723,8483,82,83,97847816,25670,0,0,0
2026-04-29 19:24:58,98728984,25704,34248680,151751,8888,82,83,97872299,24483,0,0,0
2026-04-29 19:24:59,98757508,28524,34258597,151795,9961,82,83,97907601,35302,0,0,0
2026-04-29 19:25:00,98788128,30620,34269199,151836,10643,82,83,97937371,29770,0,0,0
2026-04-29 19:25:01,98819223,31095,34279956,151889,10810,82,83,97967316,29945,0,0,0
2026-04-29 19:25:02,98851060,31837,34291013,151933,11101,80,83,97997589,30273,0,0,0
2026-04-29 19:25:03,98879662,28602,34300917,151985,9956,77,83,98025427,27838,0,0,0
2026-04-29 19:25:05,98909423,29761,34311246,152025,10369,81,83,98055537,30110,0,0,0
2026-04-29 19:25:06,98936749,27326,34320749,152059,9537,82,83,98083508,27971,0,0,0
2026-04-29 19:25:07,98964275,27526,34330302,152097,9591,82,83,98111123,27615,0,0,0
2026-04-29 19:25:08,98990219,25944,34339299,152135,9035,54,83,98136912,25789,0,0,0
2026-04-29 19:25:09,99015429,25210,34348028,152169,8763,82,83,98162077,25165,0,0,0
2026-04-29 19:25:10,99041878,26449,34357212,152219,9234,80,83,98195398,33321,0,0,0
2026-04-29 19:25:11,99069862,27984,34366864,152260,9693,78,83,98224404,29006,0,0,0
2026-04-29 19:25:12,99097935,28073,34376660,152304,9840,82,83,98253473,29069,0,0,0
2026-04-29 19:25:14,99125816,27881,34386301,152342,9679,82,83,98281298,27825,0,0,0
2026-04-29 19:25:15,99153563,27747,34395936,152381,9674,82,83,98309088,27790,0,0,0
2026-04-29 19:25:16,99177651,24088,34404356,152408,8447,82,83,98334862,25774,0,0,0
2026-04-29 19:25:17,99199047,21396,34411738,152443,7417,82,83,98358782,23920,0,0,0
2026-04-29 19:25:18,99222597,23550,34419914,152466,8199,82,83,98385383,26601,0,0,0
2026-04-29 19:25:19,99247874,25277,34428711,152498,8829,69,83,98410410,25027,0,0,0
2026-04-29 19:25:20,99274171,26297,34437808,152535,9134,71,83,98436171,25761,0,0,0
2026-04-29 19:25:21,99304517,30346,34448353,152580,10590,82,83,98473719,37548,0,0,0
2026-04-29 19:25:23,99337498,32981,34459780,152620,11467,79,83,98505039,31320,0,0,0
2026-04-29 19:25:24,99370823,33325,34471350,152676,11626,77,83,98536979,31940,0,0,0
2026-04-29 19:25:25,99403298,32475,34482639,152716,11329,82,83,98567749,30770,0,0,0
2026-04-29 19:25:26,99437784,34486,34494609,152771,12025,82,83,98599764,32015,0,0,0
2026-04-29 19:25:27,99470818,33034,34506075,152814,11509,82,83,98631410,31646,0,0,0
2026-04-29 19:25:28,99503241,32423,34517297,152857,11265,82,83,98662855,31445,0,0,0
2026-04-29 19:25:29,99535028,31787,34528351,152889,11086,82,83,98691923,29068,0,0,0
2026-04-29 19:25:30,99566143,31115,34539116,152955,10831,82,83,98728511,36588,0,0,0
2026-04-29 19:25:32,99597990,31847,34550157,153004,11090,82,83,98759427,30916,0,0,0
2026-04-29 19:25:33,99630963,32973,34561618,153054,11511,79,83,98790572,31145,0,0,0
2026-04-29 19:25:34,99664195,33232,34573186,153101,11615,78,83,98822265,31693,0,0,0
2026-04-29 19:25:35,99696719,32524,34584494,153160,11367,82,83,98853229,30964,0,0,0
2026-04-29 19:25:36,99730923,34204,34596342,153206,11894,79,83,98884374,31145,0,0,0
2026-04-29 19:25:37,99765267,34344,34608268,153261,11981,82,83,98915911,31537,0,0,0
2026-04-29 19:25:38,99798896,33629,34619917,153316,11704,82,83,98946706,30795,0,0,0
2026-04-29 19:25:39,99830305,31409,34630789,153358,10914,82,83,98975726,29020,0,0,0
2026-04-29 19:25:41,99862735,32430,34642046,153403,11302,82,83,99011800,36074,0,0,0
2026-04-29 19:25:42,99894834,32099,34653160,153456,11167,82,83,99041933,30133,0,0,0
2026-04-29 19:25:43,99927408,32574,34664433,153512,11329,82,83,99072108,30175,0,0,0
2026-04-29 19:25:44,99960300,32892,34675857,153569,11481,78,83,99103804,31696,0,0,0
2026-04-29 19:25:45,99992915,32615,34687216,153617,11407,82,83,99134331,30527,0,0,0
2026-04-29 19:25:46,100024984,32069,34698337,153667,11171,78,83,99165410,31079,0,0,0
2026-04-29 19:25:47,100058186,33202,34709843,153729,11568,82,83,99196129,30719,0,0,0
2026-04-29 19:25:48,100090460,32274,34721038,153778,11244,78,83,99226638,30509,0,0,0
2026-04-29 19:25:50,100121060,30600,34731681,153821,10686,82,83,99254626,27988,0,0,0
2026-04-29 19:25:51,100151907,30847,34742389,153870,10757,82,83,99289187,34561,0,0,0
2026-04-29 19:25:52,100181255,29348,34752540,153913,10194,82,83,99318548,29361,0,0,0
2026-04-29 19:25:53,100208414,27159,34761985,153958,9490,82,83,99345917,27369,0,0,0
2026-04-29 19:25:54,100235437,27023,34771346,154013,9416,81,83,99372419,26502,0,0,0
2026-04-29 19:25:55,100263086,27649,34780927,154058,9626,82,83,99400277,27858,0,0,0
2026-04-29 19:25:56,100290749,27663,34790460,154098,9573,77,83,99428107,27830,0,0,0
2026-04-29 19:25:57,100318205,27456,34799994,154149,9585,82,83,99456517,28410,0,0,0
2026-04-29 19:25:59,100345613,27408,34809458,154182,9497,81,83,99483979,27462,0,0,0
2026-04-29 19:26:00,100371230,25617,34818377,154214,8951,82,83,99507781,23802,0,0,0
2026-04-29 19:26:01,100394876,23646,34826572,154244,8225,81,83,99532088,24307,0,0,0
2026-04-29 19:26:02,100419294,24418,34835081,154274,8539,82,83,99564026,31938,0,0,0
2026-04-29 19:26:03,100447709,28415,34844877,154320,9842,82,83,99592234,28208,0,0,0
2026-04-29 19:26:04,100475291,27582,34854484,154359,9646,64,83,99620802,28568,0,0,0
2026-04-29 19:26:05,100500463,25172,34863182,154400,8739,82,83,99647832,27030,0,0,0
2026-04-29 19:26:06,100522961,22498,34871022,154431,7871,82,83,99672577,24745,0,0,0
2026-04-29 19:26:08,100545040,22079,34878701,154466,7714,70,83,99697933,25356,0,0,0
2026-04-29 19:26:09,100568322,23282,34886745,154503,8081,80,83,99724076,26143,0,0,0
2026-04-29 19:26:10,100592535,24213,34895150,154547,8449,82,83,99751215,27139,0,0,0
2026-04-29 19:26:11,100619529,26994,34904491,154586,9380,81,83,99777671,26456,0,0,0
2026-04-29 19:26:12,100647733,28204,34914307,154626,9856,80,83,99815202,37531,0,0,0
2026-04-29 19:26:13,100676213,28480,34924157,154672,9896,82,83,99844308,29106,0,0,0
2026-04-29 19:26:14,100701976,25763,34933122,154713,9006,78,83,99871066,26758,0,0,0
2026-04-29 19:26:15,100729105,27129,34942541,154749,9455,82,83,99900179,29113,0,0,0
2026-04-29 19:26:17,100757851,28746,34952503,154790,10003,79,83,99929499,29320,0,0,0
2026-04-29 19:26:18,100786018,28167,34962293,154831,9831,82,83,99958270,28771,0,0,0
2026-04-29 19:26:19,100815333,29315,34972510,154876,10262,82,83,99987332,29062,0,0,0
2026-04-29 19:26:20,100844380,29047,34982575,154918,10107,82,83,100016439,29107,0,0,0
2026-04-29 19:26:21,100871737,27357,34992102,154954,9563,82,83,100042264,25825,0,0,0
2026-04-29 19:26:22,100896770,25033,35000785,154989,8718,82,83,100067777,25513,0,0,0
2026-04-29 19:26:23,100923829,27059,35010166,155030,9422,82,83,100102916,35139,0,0,0
2026-04-29 19:26:24,100951900,28071,35019904,155073,9781,73,83,100132021,29105,0,0,0
2026-04-29 19:26:26,100979459,27559,35029462,155111,9596,76,83,100159863,27842,0,0,0
2026-04-29 19:26:27,101004571,25112,35038185,155156,8768,82,83,100185625,25762,0,0,0
2026-04-29 19:26:28,101029440,24869,35046800,155190,8649,82,83,100212070,26445,0,0,0
2026-04-29 19:26:29,101056409,26969,35056175,155236,9421,72,83,100239841,27771,0,0,0
2026-04-29 19:26:30,101083729,27320,35065637,155278,9504,79,83,100267562,27721,0,0,0
2026-04-29 19:26:31,101110698,26969,35074982,155323,9390,82,83,100294781,27219,0,0,0
2026-04-29 19:26:32,101136750,26052,35084057,155370,9122,82,83,100320718,25937,0,0,0
2026-04-29 19:26:33,101161480,24730,35092612,155413,8598,82,83,100346367,25649,0,0,0
2026-04-29 19:26:35,101189291,27811,35102230,155451,9656,82,83,100383402,37035,0,0,0
2026-04-29 19:26:36,101218904,29613,35112495,155495,10309,80,83,100414034,30632,0,0,0
2026-04-29 19:26:37,101249519,30615,35123094,155541,10645,81,83,100444774,30740,0,0,0
2026-04-29 19:26:38,101280107,30588,35133697,155589,10651,82,83,100476507,31733,0,0,0
2026-04-29 19:26:39,101310679,30572,35144344,155627,10685,82,83,100506664,30157,0,0,0
2026-04-29 19:26:40,101340991,30312,35154839,155676,10544,82,83,100536603,29939,0,0,0
2026-04-29 19:26:41,101371099,30108,35165301,155718,10504,79,83,100568102,31499,0,0,0
2026-04-29 19:26:42,101399355,28256,35175121,155757,9859,82,83,100595943,27841,0,0,0
2026-04-29 19:26:43,101426466,27111,35184547,155801,9470,82,83,100621820,25877,0,0,0
2026-04-29 19:26:45,101455564,29098,35194647,155836,10135,80,83,100658706,36886,0,0,0
2026-04-29 19:26:46,101487079,31515,35205584,155889,10990,82,83,100688128,29422,0,0,0
2026-04-29 19:26:47,101517993,30914,35216347,155939,10813,81,83,100716909,28781,0,0,0
2026-04-29 19:26:48,101548723,30730,35227009,155991,10714,82,83,100746398,29489,0,0,0
2026-04-29 19:26:49,101578862,30139,35237444,156038,10482,82,83,100775873,29475,0,0,0
2026-04-29 19:26:50,101607857,28995,35247516,156078,10112,77,83,100804655,28782,0,0,0
2026-04-29 19:26:51,101634242,26385,35256667,156107,9180,82,83,100830770,26115,0,0,0
2026-04-29 19:26:52,101661342,27100,35266114,156159,9499,82,83,100858232,27462,0,0,0
2026-04-29 19:26:54,101688082,26740,35275347,156207,9281,82,83,100883849,25617,0,0,0
2026-04-29 19:26:55,101714085,26003,35284354,156240,9040,82,83,100917018,33169,0,0,0
2026-04-29 19:26:56,101741942,27857,35294031,156283,9720,78,83,100944499,27481,0,0,0
2026-04-29 19:26:57,101770365,28423,35303854,156328,9868,80,83,100972894,28395,0,0,0
2026-04-29 19:26:58,101797310,26945,35313187,156379,9384,81,83,100999324,26430,0,0,0
2026-04-29 19:26:59,101823766,26456,35322373,156416,9223,82,83,101027125,27801,0,0,0
2026-04-29 19:27:00,101846302,22536,35330135,156454,7800,80,83,101050841,23716,0,0,0
2026-04-29 19:27:01,101869554,23252,35338211,156501,8123,78,83,101075736,24895,0,0,0
2026-04-29 19:27:03,101894606,25052,35346912,156548,8748,81,83,101101250,25514,0,0,0
2026-04-29 19:27:04,101917745,23139,35354975,156590,8105,82,83,101125451,24201,0,0,0
2026-04-29 19:27:05,101940261,22516,35362795,156617,7847,82,83,101149137,23686,0,0,0
2026-04-29 19:27:06,101964426,24165,35371222,156653,8463,82,83,101180906,31769,0,0,0
2026-04-29 19:27:07,101991710,27284,35380604,156687,9416,80,83,101209665,28759,0,0,0
2026-04-29 19:27:08,102018138,26428,35389796,156728,9233,82,83,101236172,26507,0,0,0
2026-04-29 19:27:09,102048035,29897,35400182,156763,10421,81,83,101266368,30196,0,0,0
2026-04-29 19:27:10,102080087,32052,35411312,156805,11172,82,83,101297697,31329,0,0,0
2026-04-29 19:27:12,102111426,31339,35422178,156860,10921,78,83,101327527,29830,0,0,0
2026-04-29 19:27:13,102144151,32725,35433522,156907,11391,82,83,101358246,30719,0,0,0
2026-04-29 19:27:14,102176163,32012,35444644,156956,11171,82,83,101388578,30332,0,0,0
2026-04-29 19:27:15,102207967,31804,35455705,156997,11102,82,83,101418085,29507,0,0,0
2026-04-29 19:27:16,102240653,32686,35467006,157044,11348,81,83,101456927,38842,0,0,0
2026-04-29 19:27:17,102274091,33438,35478579,157094,11623,82,83,101488760,31833,0,0,0
2026-04-29 19:27:18,102307340,33249,35490091,157147,11565,81,83,101520324,31564,0,0,0
2026-04-29 19:27:19,102339138,31798,35501128,157188,11078,79,83,101551205,30881,0,0,0
2026-04-29 19:27:21,102372277,33139,35512672,157227,11583,81,83,101581512,30307,0,0,0
2026-04-29 19:27:22,102405969,33692,35524322,157275,11698,81,83,101613022,31510,0,0,0
2026-04-29 19:27:23,102439268,33299,35535893,157335,11631,81,83,101643945,30923,0,0,0
2026-04-29 19:27:24,102471926,32658,35547226,157380,11378,82,83,101673460,29515,0,0,0
2026-04-29 19:27:25,102502872,30946,35558015,157425,10834,82,83,101709701,36241,0,0,0
2026-04-29 19:27:26,102535421,32549,35569299,157476,11335,82,83,101741238,31537,0,0,0
2026-04-29 19:27:27,102568530,33109,35580781,157522,11528,81,83,101772240,31002,0,0,0
2026-04-29 19:27:28,102602537,34007,35592593,157569,11859,76,83,101803902,31662,0,0,0
2026-04-29 19:27:30,102636566,34029,35604395,157612,11845,80,83,101835407,31505,0,0,0
2026-04-29 19:27:31,102669901,33335,35615976,157658,11627,81,83,101866729,31322,0,0,0
2026-04-29 19:27:32,102703053,33152,35627491,157712,11569,72,83,101897643,30914,0,0,0
2026-04-29 19:27:33,102736320,33267,35639046,157765,11608,78,83,101928225,30582,0,0,0
2026-04-29 19:27:34,102769161,32841,35650435,157816,11440,82,83,101958523,30298,0,0,0
2026-04-29 19:27:35,102800695,31534,35661383,157854,10986,82,83,101987091,28568,0,0,0
2026-04-29 19:27:36,102834038,33343,35672948,157901,11612,81,83,102026679,39588,0,0,0
2026-04-29 19:27:37,102866817,32779,35684311,157958,11420,79,83,102057779,31100,0,0,0
2026-04-29 19:27:39,102900508,33691,35695997,158016,11744,72,83,102089719,31940,0,0,0
2026-04-29 19:27:40,102933866,33358,35707572,158068,11627,82,83,102120984,31265,0,0,0
2026-04-29 19:27:41,102967336,33470,35719183,158127,11670,77,83,102151136,30152,0,0,0
2026-04-29 19:27:42,103001894,34558,35731181,158183,12054,79,83,102182322,31186,0,0,0
2026-04-29 19:27:43,103035987,34093,35742984,158247,11867,82,83,102213060,30738,0,0,0
2026-04-29 19:27:44,103067192,31205,35753836,158291,10896,82,83,102241823,28763,0,0,0
2026-04-29 19:27:45,103097483,30291,35764347,158341,10561,82,83,102277694,35871,0,0,0
2026-04-29 19:27:46,103128254,30771,35775031,158393,10736,81,83,102307694,30000,0,0,0
2026-04-29 19:27:48,103159429,31175,35785847,158445,10868,82,83,102337536,29842,0,0,0
2026-04-29 19:27:49,103191901,32472,35797108,158504,11320,81,83,102368296,30760,0,0,0
2026-04-29 19:27:50,103220866,28965,35807175,158549,10112,77,83,102397089,28793,0,0,0
2026-04-29 19:27:51,103247206,26340,35816291,158590,9157,81,83,102424764,27675,0,0,0
2026-04-29 19:27:52,103273217,26011,35825335,158624,9078,82,83,102450760,25996,0,0,0
2026-04-29 19:27:53,103300221,27004,35834694,158666,9401,82,83,102478314,27554,0,0,0
2026-04-29 19:27:54,103326473,26252,35843819,158703,9162,81,83,102504956,26642,0,0,0
2026-04-29 19:27:55,103350663,24190,35852226,158738,8442,81,83,102529594,24638,0,0,0
2026-04-29 19:27:57,103375200,24537,35860754,158775,8565,82,83,102555020,25426,0,0,0
2026-04-29 19:27:58,103401296,26096,35869808,158813,9092,78,83,102590436,35416,0,0,0
2026-04-29 19:27:59,103427705,26409,35878948,158853,9180,82,83,102617963,27527,0,0,0
2026-04-29 19:28:00,103455066,27361,35888452,158902,9553,82,83,102645656,27693,0,0,0
2026-04-29 19:28:01,103481810,26744,35897729,158946,9321,82,83,102673549,27893,0,0,0
2026-04-29 19:28:02,103508041,26231,35906831,158974,9130,79,83,102701375,27826,0,0,0
2026-04-29 19:28:03,103535849,27808,35916525,159008,9728,82,83,102729355,27980,0,0,0
2026-04-29 19:28:04,103565569,29720,35926871,159052,10390,82,83,102759788,30433,0,0,0
2026-04-29 19:28:06,103593923,28354,35936659,159088,9824,82,83,102786327,26539,0,0,0
2026-04-29 19:28:07,103621921,27998,35946381,159131,9765,81,83,102813736,27409,0,0,0
2026-04-29 19:28:08,103647745,25824,35955358,159179,9025,82,83,102848398,34662,0,0,0
2026-04-29 19:28:09,103672050,24305,35963766,159208,8437,81,83,102876100,27702,0,0,0
2026-04-29 19:28:10,103698004,25954,35972776,159244,9046,75,83,102903676,27576,0,0,0
2026-04-29 19:28:11,103724619,26615,35982004,159294,9278,82,83,102931015,27339,0,0,0
2026-04-29 19:28:12,103750993,26374,35991181,159335,9218,77,83,102959518,28503,0,0,0
2026-04-29 19:28:13,103775731,24738,35999750,159366,8600,82,83,102986067,26549,0,0,0
2026-04-29 19:28:15,103800085,24354,36008192,159411,8487,82,83,103012225,26158,0,0,0
2026-04-29 19:28:16,103824127,24042,36016542,159445,8384,82,83,103038260,26035,0,0,0
2026-04-29 19:28:17,103847743,23616,36024767,159474,8254,82,83,103063495,25235,0,0,0
2026-04-29 19:28:18,103871469,23726,36032991,159510,8260,82,83,103095999,32504,0,0,0
2026-04-29 19:28:19,103898183,26714,36042268,159541,9308,57,83,103123786,27787,0,0,0
2026-04-29 19:28:20,103925288,27105,36051662,159580,9433,82,83,103151965,28179,0,0,0
2026-04-29 19:28:21,103952640,27352,36061164,159617,9539,82,83,103180345,28380,0,0,0
2026-04-29 19:28:22,103980298,27658,36070747,159654,9620,81,83,103208636,28291,0,0,0
2026-04-29 19:28:24,104006612,26314,36079891,159697,9187,76,83,103237698,29062,0,0,0
2026-04-29 19:28:25,104032999,26387,36088986,159743,9141,81,83,103264849,27151,0,0,0
2026-04-29 19:28:26,104059046,26047,36098061,159789,9121,82,83,103291632,26783,0,0,0
2026-04-29 19:28:27,104080411,21365,36105455,159820,7425,82,83,103314826,23194,0,0,0
2026-04-29 19:28:28,104103135,22724,36113300,159870,7895,82,83,103337819,22993,0,0,0
2026-04-29 19:28:29,104129073,25938,36122303,159913,9046,73,83,103372887,35068,0,0,0
2026-04-29 19:28:30,104155427,26354,36131459,159950,9193,82,83,103400564,27677,0,0,0
2026-04-29 19:28:31,104182694,27267,36140916,159994,9501,82,83,103429075,28511,0,0,0
2026-04-29 19:28:33,104212797,30103,36151376,160040,10506,82,83,103459299,30224,0,0,0
2026-04-29 19:28:34,104243318,30521,36161962,160093,10639,79,83,103489673,30374,0,0,0
2026-04-29 19:28:35,104271707,28389,36171784,160131,9860,82,83,103519079,29406,0,0,0
2026-04-29 19:28:36,104303603,31896,36182870,160179,11134,82,83,103550633,31554,0,0,0
2026-04-29 19:28:37,104334939,31336,36193677,160229,10857,82,83,103579398,28765,0,0,0
2026-04-29 19:28:38,104363121,28182,36203447,160263,9804,82,83,103615606,36208,0,0,0
2026-04-29 19:28:39,104395545,32424,36214687,160304,11281,80,83,103647017,31411,0,0,0
2026-04-29 19:28:40,104427687,32142,36225860,160358,11227,81,83,103677769,30752,0,0,0
2026-04-29 19:28:42,104459908,32221,36237011,160413,11206,81,83,103709427,31658,0,0,0
2026-04-29 19:28:43,104492117,32209,36248181,160466,11223,75,83,103740228,30801,0,0,0
2026-04-29 19:28:44,104522599,30482,36258784,160500,10637,81,83,103770635,30407,0,0,0
2026-04-29 19:28:45,104549017,26418,36267959,160544,9219,82,83,103798066,27431,0,0,0
2026-04-29 19:28:46,104575914,26897,36277340,160586,9423,82,83,103825163,27097,0,0,0
2026-04-29 19:28:47,104601799,25885,36286273,160641,8988,73,83,103851559,26396,0,0,0
2026-04-29 19:28:48,104627209,25410,36295097,160680,8863,82,83,103876602,25043,0,0,0
2026-04-29 19:28:49,104653528,26319,36304179,160722,9124,82,83,103910883,34281,0,0,0
2026-04-29 19:28:50,104681590,28062,36313864,160765,9728,77,83,103938879,27996,0,0,0
2026-04-29 19:28:52,104708703,27113,36323266,160813,9450,81,83,103966421,27542,0,0,0
2026-04-29 19:28:53,104734364,25661,36332165,160856,8942,82,83,103992440,26019,0,0,0
2026-04-29 19:28:54,104759641,25277,36340907,160899,8785,82,83,104019253,26813,0,0,0
2026-04-29 19:28:55,104784444,24803,36349523,160938,8655,74,83,104047147,27894,0,0,0
2026-04-29 19:28:56,104809718,25274,36358303,160974,8816,82,83,104073612,26465,0,0,0
2026-04-29 19:28:57,104833348,23630,36366476,161021,8220,80,83,104098357,24745,0,0,0
2026-04-29 19:28:58,104862362,29014,36376574,161051,10128,82,83,104126335,27978,0,0,0
2026-04-29 19:28:59,104894664,32302,36387755,161112,11242,81,83,104165971,39636,0,0,0
2026-04-29 19:29:01,104924945,30281,36398307,161154,10594,82,83,104196473,30502,0,0,0
2026-04-29 19:29:02,104956979,32034,36409420,161192,11151,82,83,104227404,30931,0,0,0
2026-04-29 19:29:03,104990739,33760,36421112,161250,11750,81,83,104259436,32032,0,0,0
2026-04-29 19:29:04,105024764,34025,36432935,161288,11861,76,83,104292394,32958,0,0,0
2026-04-29 19:29:05,105058736,33972,36444736,161331,11844,78,83,104324552,32158,0,0,0
2026-04-29 19:29:06,105092950,34214,36456607,161374,11914,77,83,104356698,32146,0,0,0
2026-04-29 19:29:07,105125295,32345,36467837,161425,11281,82,83,104386932,30234,0,0,0
2026-04-29 19:29:08,105156304,31009,36478611,161467,10816,82,83,104423445,36513,0,0,0
2026-04-29 19:29:10,105190369,34065,36490382,161532,11836,82,83,104455800,32355,0,0,0
2026-04-29 19:29:11,105224161,33792,36502101,161576,11763,80,83,104488136,32336,0,0,0
2026-04-29 19:29:12,105258142,33981,36513883,161635,11841,82,83,104519586,31450,0,0,0
2026-04-29 19:29:13,105291427,33285,36525452,161670,11604,79,83,104551118,31532,0,0,0
2026-04-29 19:29:14,105323948,32521,36536757,161709,11344,81,83,104582462,31344,0,0,0
2026-04-29 19:29:15,105355666,31718,36547762,161761,11057,80,83,104613621,31159,0,0,0
2026-04-29 19:29:16,105388591,32925,36559193,161819,11489,78,83,104644242,30621,0,0,0
2026-04-29 19:29:17,105421476,32885,36570595,161881,11464,82,83,104674311,30069,0,0,0
2026-04-29 19:29:19,105451146,29670,36580826,161929,10279,82,83,104701998,27687,0,0,0
2026-04-29 19:29:20,105477498,26352,36590001,161974,9220,82,83,104735244,33246,0,0,0
2026-04-29 19:29:21,105504981,27483,36599504,162020,9549,82,83,104763563,28319,0,0,0
2026-04-29 19:29:22,105530977,25996,36608532,162071,9079,82,83,104790741,27178,0,0,0
2026-04-29 19:29:23,105560236,29259,36618670,162119,10186,76,83,104819880,29139,0,0,0
2026-04-29 19:29:24,105590524,30288,36629187,162176,10574,81,83,104848613,28733,0,0,0
2026-04-29 19:29:25,105621777,31253,36640043,162223,10903,73,83,104878077,29464,0,0,0
2026-04-29 19:29:26,105654510,32733,36651381,162278,11393,79,83,104909664,31587,0,0,0
2026-04-29 19:29:28,105687294,32784,36662763,162333,11437,82,83,104941094,31430,0,0,0
2026-04-29 19:29:29,105720062,32768,36674130,162381,11415,82,83,104970235,29141,0,0,0
2026-04-29 19:29:30,105750823,30761,36684776,162430,10695,73,83,105006629,36394,0,0,0
2026-04-29 19:29:31,105783279,32456,36696014,162481,11289,81,83,105039119,32490,0,0,0
2026-04-29 19:29:32,105814518,31239,36706871,162513,10889,79,83,105069133,30014,0,0,0
2026-04-29 19:29:33,105842661,28143,36716612,162568,9796,80,83,105097046,27913,0,0,0
2026-04-29 19:29:34,105869797,27136,36726044,162609,9473,82,83,105124273,27227,0,0,0
2026-04-29 19:29:35,105895310,25513,36734903,162653,8903,82,83,105151703,27430,0,0,0
2026-04-29 19:29:37,105921037,25727,36743801,162679,8924,82,83,105179236,27533,0,0,0
2026-04-29 19:29:38,105947036,25999,36752828,162718,9066,82,83,105206534,27298,0,0,0
2026-04-29 19:29:39,105971540,24504,36761351,162738,8543,81,83,105231852,25318,0,0,0
2026-04-29 19:29:40,105995530,23990,36769654,162774,8339,76,83,105256791,24939,0,0,0
2026-04-29 19:29:41,106019592,24062,36778038,162817,8427,82,83,105281293,24502,0,0,0
2026-04-29 19:29:42,106043849,24257,36786438,162861,8444,78,83,105314629,33336,0,0,0
2026-04-29 19:29:43,106068360,24511,36794914,162903,8518,81,83,105341378,26749,0,0,0
2026-04-29 19:29:44,106094917,26557,36804102,162951,9236,82,83,105370242,28864,0,0,0
2026-04-29 19:29:46,106121358,26441,36813310,162981,9238,65,83,105397990,27748,0,0,0
2026-04-29 19:29:47,106146370,25012,36821974,163022,8705,82,83,105424441,26451,0,0,0
2026-04-29 19:29:48,106170753,24383,36830425,163052,8481,79,83,105450801,26360,0,0,0
2026-04-29 19:29:49,106194552,23799,36838702,163095,8320,82,83,105476042,25241,0,0,0
2026-04-29 19:29:50,106216664,22112,36846410,163129,7742,82,83,105499362,23320,0,0,0
2026-04-29 19:29:51,106237473,20809,36853611,163161,7233,81,83,105523030,23668,0,0,0
2026-04-29 19:29:52,106260755,23282,36861698,163203,8129,82,83,105547480,24450,0,0,0
2026-04-29 19:29:53,106286724,25969,36870713,163238,9050,82,83,105583112,35632,0,0,0
2026-04-29 19:29:55,106312663,25939,36879628,163285,8962,78,83,105610084,26972,0,0,0
2026-04-29 19:29:56,106337529,24866,36888290,163318,8695,82,83,105635947,25863,0,0,0
2026-04-29 19:29:57,106363791,26262,36897431,163357,9180,82,83,105662312,26365,0,0,0
2026-04-29 19:29:58,106389436,25645,36906302,163384,8898,82,83,105690597,28285,0,0,0
2026-04-29 19:29:59,106415123,25687,36915257,163414,8985,81,83,105716981,26384,0,0,0
2026-04-29 19:30:00,106438787,23664,36923460,163454,8243,72,83,105742777,25796,0,0,0
2026-04-29 19:30:01,106463045,24258,36931856,163482,8424,82,83,105767059,24282,0,0,0
2026-04-29 19:30:02,106486525,23480,36940022,163515,8199,82,83,105791123,24064,0,0,0
2026-04-29 19:30:04,106511866,25341,36948812,163555,8830,82,83,105824183,33060,0,0,0
2026-04-29 19:30:05,106537001,25135,36957521,163591,8745,81,83,105849738,25555,0,0,0
2026-04-29 19:30:06,106563364,26363,36966729,163632,9249,82,83,105876578,26840,0,0,0
2026-04-29 19:30:07,106591146,27782,36976358,163681,9678,82,83,105904763,28185,0,0,0
2026-04-29 19:30:08,106616753,25607,36985252,163714,8927,82,83,105931547,26784,0,0,0
2026-04-29 19:30:09,106643991,27238,36994705,163751,9490,81,83,105958422,26875,0,0,0
2026-04-29 19:30:10,106672700,28709,37004651,163795,9990,82,83,105986670,28248,0,0,0
2026-04-29 19:30:11,106698743,26043,37013690,163831,9075,82,83,106012197,25527,0,0,0
2026-04-29 19:30:13,106726406,27663,37023306,163869,9654,82,83,106038662,26465,0,0,0
2026-04-29 19:30:14,106754619,28213,37033077,163916,9818,72,83,106076379,37717,0,0,0
2026-04-29 19:30:15,106785190,30571,37043659,163965,10631,80,83,106106411,30032,0,0,0
2026-04-29 19:30:16,106814799,29609,37053950,164016,10342,75,83,106135988,29577,0,0,0
2026-04-29 19:30:17,106846937,32138,37065115,164071,11220,82,83,106166729,30741,0,0,0
2026-04-29 19:30:18,106877772,30835,37075849,164114,10777,82,83,106197014,30285,0,0,0
2026-04-29 19:30:19,106910100,32328,37087057,164169,11263,82,83,106227679,30665,0,0,0
2026-04-29 19:30:20,106942283,32183,37098218,164224,11216,77,83,106257458,29779,0,0,0
2026-04-29 19:30:22,106973570,31287,37109090,164268,10916,79,83,106286020,28562,0,0,0
2026-04-29 19:30:23,107005918,32348,37120281,164318,11241,80,83,106323518,37498,0,0,0
2026-04-29 19:30:24,107039501,33583,37131946,164372,11719,81,83,106354211,30693,0,0,0
2026-04-29 19:30:25,107072140,32639,37143299,164421,11402,80,83,106385569,31358,0,0,0
2026-04-29 19:30:26,107106489,34349,37155218,164474,11972,79,83,106417625,32056,0,0,0
2026-04-29 19:30:27,107139192,32703,37166584,164531,11423,80,83,106449561,31936,0,0,0
2026-04-29 19:30:28,107171567,32375,37177800,164579,11264,81,83,106481026,31465,0,0,0
2026-04-29 19:30:29,107205205,33638,37189444,164628,11693,82,83,106512767,31741,0,0,0
2026-04-29 19:30:31,107238006,32801,37200841,164683,11452,71,83,106543855,31088,0,0,0
2026-04-29 19:30:32,107268627,30621,37211454,164738,10668,82,83,106572317,28462,0,0,0
2026-04-29 19:30:33,107298817,30190,37221973,164780,10561,82,83,106608058,35741,0,0,0
2026-04-29 19:30:34,107328425,29608,37232187,164819,10253,80,83,106638486,30428,0,0,0
2026-04-29 19:30:35,107359008,30583,37242806,164857,10657,78,83,106669817,31331,0,0,0
2026-04-29 19:30:36,107392157,33149,37254300,164914,11551,82,83,106701832,32015,0,0,0
2026-04-29 19:30:37,107425862,33705,37265956,164954,11696,80,83,106733825,31993,0,0,0
2026-04-29 19:30:38,107459352,33490,37277573,164995,11658,77,83,106766538,32713,0,0,0
2026-04-29 19:30:40,107492153,32801,37288935,165056,11423,78,83,106798330,31792,0,0,0
2026-04-29 19:30:41,107525764,33611,37300624,165102,11735,82,83,106829739,31409,0,0,0
2026-04-29 19:30:42,107556597,30833,37311302,165147,10723,82,83,106858331,28592,0,0,0
2026-04-29 19:30:43,107589028,32431,37322558,165179,11288,81,83,106896725,38394,0,0,0
2026-04-29 19:30:44,107622390,33362,37334112,165223,11598,82,83,106928331,31606,0,0,0
2026-04-29 19:30:45,107655978,33588,37345768,165264,11697,78,83,106960639,32308,0,0,0
2026-04-29 19:30:46,107689331,33353,37357323,165316,11607,82,83,106991243,30604,0,0,0
2026-04-29 19:30:47,107722703,33372,37368868,165381,11610,82,83,107022551,31308,0,0,0
2026-04-29 19:30:49,107754783,32080,37380016,165434,11201,77,83,107052554,30003,0,0,0
2026-04-29 19:30:50,107787778,32995,37391462,165491,11503,80,83,107083025,30471,0,0,0
2026-04-29 19:30:51,107820399,32621,37402790,165546,11383,82,83,107113782,30757,0,0,0
2026-04-29 19:30:52,107851334,30935,37413591,165582,10837,76,83,107142952,29170,0,0,0
2026-04-29 19:30:53,107883599,32265,37424804,165638,11269,77,83,107181223,38271,0,0,0
2026-04-29 19:30:54,107917739,34140,37436616,165680,11854,82,83,107213789,32566,0,0,0
2026-04-29 19:30:55,107950289,32550,37447928,165727,11359,82,83,107245787,31998,0,0,0
2026-04-29 19:30:56,107982877,32588,37459166,165774,11285,79,83,107277486,31699,0,0,0
2026-04-29 19:30:58,108014965,32088,37470309,165822,11191,82,83,107309043,31557,0,0,0
2026-04-29 19:30:59,108044884,29919,37480709,165863,10441,78,83,107338468,29425,0,0,0
2026-04-29 19:31:00,108071510,26626,37489964,165904,9296,81,83,107365363,26895,0,0,0
2026-04-29 19:31:01,108096485,24975,37498640,165928,8700,82,83,107392700,27337,0,0,0
2026-04-29 19:31:02,108119881,23396,37506768,165962,8162,82,83,107415964,23264,0,0,0
2026-04-29 19:31:03,108143455,23574,37514958,165990,8218,81,83,107440123,24159,0,0,0
2026-04-29 19:31:04,108167651,24196,37523311,166021,8384,81,83,107472945,32822,0,0,0
2026-04-29 19:31:05,108190454,22803,37531248,166055,7971,44,44,107500376,27431,0,0,0
2026-04-29 19:31:07,108209776,19322,37537923,166085,6705,29,33,107526499,26123,0,0,0
2026-04-29 19:31:08,108226467,16691,37543721,166103,5816,26,26,107549583,23084,0,0,0
2026-04-29 19:31:09,108240196,13729,37548488,166127,4791,16,16,107568340,18757,0,0,0
2026-04-29 19:31:10,108246832,6636,37550782,166135,2302,2,2,107581702,13362,0,0,0
2026-04-29 19:31:11,108246837,5,37550782,166135,0,2,2,107589721,8019,0,0,0
2026-04-29 19:31:12,108246842,5,37550782,166135,0,2,1,107596637,6916,0,0,0
