timestamp,questions,qps,com_commit,com_rollback,tps,threads_running,threads_connected,pages_flushed,pages_flushed_ps,purge_trx_id,purge_tps,history_list_length
2026-04-23 13:21:40,17,0,0,0,0,1,1,0,0,0,0,0
2026-04-23 13:21:41,25,8,0,0,0,1,3,0,0,0,0,0
2026-04-23 13:21:42,649,624,210,1,211,3,6,0,0,0,0,65
2026-04-23 13:21:44,2486,1837,843,5,637,6,8,0,0,0,0,285
2026-04-23 13:21:45,5863,3377,2019,7,1178,8,10,0,0,0,0,674
2026-04-23 13:21:46,11032,5169,3804,18,1796,11,13,0,0,0,0,1258
2026-04-23 13:21:47,18498,7466,6382,29,2589,12,15,0,0,0,0,1977
2026-04-23 13:21:48,27626,9128,9550,46,3185,15,17,0,0,0,0,4363
2026-04-23 13:21:49,38705,11079,13394,61,3859,16,20,0,0,0,0,5768
2026-04-23 13:21:51,51718,13013,17906,78,4529,20,22,0,0,0,0,4160
2026-04-23 13:21:52,66380,14662,23008,95,5119,22,24,0,0,0,0,5026
2026-04-23 13:21:53,82935,16555,28765,118,5780,24,26,0,0,0,0,6191
2026-04-23 13:21:54,101658,18723,35279,153,6549,27,29,0,0,0,0,12122
2026-04-23 13:21:55,121339,19681,42134,184,6886,28,31,0,0,0,0,15673
2026-04-23 13:21:56,142505,21166,49478,211,7371,31,33,0,0,0,0,7148
2026-04-23 13:21:57,165465,22960,57465,241,8017,34,36,0,0,0,0,14344
2026-04-23 13:21:59,189857,24392,65947,276,8517,35,38,0,0,0,0,12418
2026-04-23 13:22:00,215798,25941,74953,307,9037,35,40,0,0,0,0,20608
2026-04-23 13:22:01,243477,27679,84552,348,9640,41,43,0,0,0,0,27058
2026-04-23 13:22:02,272272,28795,94550,395,10045,40,45,0,0,0,0,35840
2026-04-23 13:22:03,303114,30842,105239,443,10737,44,47,0,0,0,0,43909
2026-04-23 13:22:04,336090,32976,116662,509,11489,48,50,0,0,0,0,53510
2026-04-23 13:22:06,370179,34089,128500,562,11891,50,52,0,0,0,0,62992
2026-04-23 13:22:07,405867,35688,140844,621,12403,49,54,0,0,0,0,72731
2026-04-23 13:22:08,443759,37892,154013,670,13218,55,57,0,0,0,0,82969
2026-04-23 13:22:09,482272,38513,167358,736,13411,55,59,0,0,0,0,93084
2026-04-23 13:22:10,522414,40142,181297,804,14007,58,61,0,0,0,0,102758
2026-04-23 13:22:11,564601,42187,195939,875,14713,59,64,0,0,0,0,110837
2026-04-23 13:22:13,608664,44063,211208,948,15342,64,66,0,0,0,0,121351
2026-04-23 13:22:14,653488,44824,226767,1021,15632,65,68,0,0,0,0,130680
2026-04-23 13:22:15,700318,46830,242990,1091,16293,66,71,0,0,0,0,138890
2026-04-23 13:22:16,748082,47764,259550,1159,16628,67,73,0,0,0,0,148347
2026-04-23 13:22:17,797081,48999,276538,1237,17066,71,75,0,0,0,0,154624
2026-04-23 13:22:19,848338,51257,294341,1308,17874,72,78,0,0,0,0,160993
2026-04-23 13:22:20,901546,53208,312757,1406,18514,74,80,0,0,0,0,170676
2026-04-23 13:22:21,955140,53594,331361,1484,18682,77,83,0,0,0,0,178620
2026-04-23 13:22:22,1009409,54269,350165,1577,18897,74,83,0,0,0,0,188430
2026-04-23 13:22:23,1062940,53531,368771,1656,18685,78,83,0,0,0,0,191647
2026-04-23 13:22:25,1117142,54202,387556,1752,18881,78,83,0,0,0,0,184836
2026-04-23 13:22:26,1171758,54616,406529,1842,19063,80,83,0,0,0,0,180310
2026-04-23 13:22:27,1228456,56698,426153,1932,19714,81,83,0,0,0,0,169552
2026-04-23 13:22:28,1285263,56807,445929,2019,19863,72,83,0,0,0,0,163590
2026-04-23 13:22:29,1341513,56250,465451,2102,19605,80,83,0,0,0,0,154793
2026-04-23 13:22:30,1398863,57350,485367,2196,20010,77,83,0,0,0,0,131152
2026-04-23 13:22:32,1456866,58003,505529,2271,20237,80,83,0,0,0,0,117069
2026-04-23 13:22:33,1514304,57438,525455,2369,20024,77,83,0,0,0,0,116248
2026-04-23 13:22:34,1572982,58678,545813,2475,20464,80,83,0,0,0,0,117412
2026-04-23 13:22:35,1630840,57858,565867,2570,20149,71,83,0,0,0,0,114800
2026-04-23 13:22:36,1689490,58650,586274,2657,20494,75,83,0,0,0,0,110290
2026-04-23 13:22:38,1748941,59451,606932,2746,20747,80,83,0,0,0,0,101198
2026-04-23 13:22:39,1808327,59386,627507,2833,20662,79,83,0,0,0,0,103445
2026-04-23 13:22:40,1867084,58757,647926,2912,20498,81,83,0,0,0,0,104540
2026-04-23 13:22:41,1926809,59725,668589,3022,20773,79,83,0,0,0,0,102716
2026-04-23 13:22:42,1986379,59570,689288,3124,20801,77,83,0,0,0,0,98460
2026-04-23 13:22:44,2045612,59233,709833,3227,20648,78,83,0,0,0,0,92605
2026-04-23 13:22:45,2105650,60038,730652,3310,20902,80,83,0,0,0,0,95937
2026-04-23 13:22:46,2166733,61083,751832,3416,21286,78,83,0,0,0,0,99471
2026-04-23 13:22:47,2226678,59945,772635,3519,20906,74,83,0,0,0,0,101448
2026-04-23 13:22:48,2289759,63081,794524,3593,21963,74,83,0,0,0,0,101371
2026-04-23 13:22:50,2352634,62875,816374,3689,21946,78,83,0,0,0,0,94935
2026-04-23 13:22:51,2416223,63589,838440,3796,22173,80,83,0,0,0,0,94907
2026-04-23 13:22:52,2479181,62958,860311,3890,21965,76,83,0,0,0,0,99118
2026-04-23 13:22:53,2541315,62134,881853,3997,21649,78,83,0,0,0,0,102987
2026-04-23 13:22:54,2602383,61068,903041,4090,21281,79,83,0,0,0,0,101380
2026-04-23 13:22:56,2662855,60472,924048,4173,21090,75,83,0,0,0,0,98351
2026-04-23 13:22:57,2723075,60220,944933,4263,20975,81,83,0,0,0,0,105073
2026-04-23 13:22:58,2783294,60219,965837,4360,21001,79,83,0,0,0,0,111618
2026-04-23 13:22:59,2843866,60572,986844,4452,21099,76,83,0,0,0,0,116322
2026-04-23 13:23:00,2904444,60578,1007893,4544,21141,77,83,0,0,0,0,116658
2026-04-23 13:23:02,2964823,60379,1028897,4623,21083,80,83,0,0,0,0,112119
2026-04-23 13:23:03,3025799,60976,1050042,4715,21237,77,83,0,0,0,0,115980
2026-04-23 13:23:04,3086468,60669,1071056,4830,21129,77,83,0,0,0,0,119609
2026-04-23 13:23:05,3148246,61778,1092496,4941,21551,79,83,0,0,0,0,126503
2026-04-23 13:23:06,3209812,61566,1113843,5035,21441,77,83,0,0,0,0,120375
2026-04-23 13:23:08,3271668,61856,1135303,5138,21563,77,83,0,0,0,0,120856
2026-04-23 13:23:09,3332487,60819,1156391,5222,21172,79,83,0,0,0,0,114463
2026-04-23 13:23:10,3394828,62341,1177989,5305,21681,79,83,0,0,0,0,111709
2026-04-23 13:23:11,3456101,61273,1199262,5392,21360,72,83,0,0,0,0,113175
2026-04-23 13:23:12,3518640,62539,1220921,5478,21745,76,83,0,0,0,0,108801
2026-04-23 13:23:14,3580871,62231,1242498,5584,21683,75,83,0,0,0,0,104078
2026-04-23 13:23:15,3643409,62538,1264193,5678,21789,76,83,0,0,0,0,109493
2026-04-23 13:23:16,3704590,61181,1285443,5752,21324,73,83,0,0,0,0,113223
2026-04-23 13:23:17,3766534,61944,1306948,5831,21584,78,83,0,0,0,0,116986
2026-04-23 13:23:18,3827901,61367,1328239,5934,21394,78,83,0,0,0,0,106823
2026-04-23 13:23:20,3887855,59954,1349094,6033,20954,76,83,0,0,0,0,103003
2026-04-23 13:23:21,3948811,60956,1370252,6128,21253,77,83,0,0,0,0,105829
2026-04-23 13:23:22,4009033,60222,1391150,6227,20997,75,83,0,0,0,0,109988
2026-04-23 13:23:23,4070044,61011,1412342,6307,21272,80,83,0,0,0,0,115896
2026-04-23 13:23:24,4131611,61567,1433647,6418,21416,76,83,0,0,0,0,106291
2026-04-23 13:23:26,4193838,62227,1455241,6514,21690,77,83,0,0,0,0,105765
2026-04-23 13:23:27,4257080,63242,1477174,6622,22041,74,83,0,0,0,0,108590
2026-04-23 13:23:28,4320228,63148,1499095,6706,22005,80,83,0,0,0,0,111574
2026-04-23 13:23:29,4384165,63937,1521208,6815,22222,80,83,0,0,0,0,114175
2026-04-23 13:23:31,4446785,62620,1542924,6913,21814,78,83,0,0,0,0,107203
2026-04-23 13:23:32,4510132,63347,1564900,7013,22076,74,83,0,0,0,0,105488
2026-04-23 13:23:33,4573860,63728,1586971,7093,22151,72,84,0,0,0,0,111306
2026-04-23 13:23:34,4637410,63550,1608983,7190,22109,79,83,0,0,0,0,119519
2026-04-23 13:23:35,4700186,62776,1630762,7287,21876,77,83,0,0,0,0,116527
2026-04-23 13:23:37,4762203,62017,1652237,7401,21589,80,83,0,0,0,0,108742
2026-04-23 13:23:38,4825885,63682,1674306,7499,22167,79,83,0,0,0,0,110555
2026-04-23 13:23:39,4888739,62854,1696107,7590,21892,76,83,0,0,0,0,117473
2026-04-23 13:23:40,4951200,62461,1717786,7694,21783,81,83,0,0,0,0,121037
2026-04-23 13:23:41,5013202,62002,1739312,7789,21621,77,83,0,0,0,0,119148
2026-04-23 13:23:43,5076463,63261,1761263,7886,22048,72,83,0,0,0,0,119068
2026-04-23 13:23:44,5139206,62743,1783038,7971,21860,81,83,0,0,0,0,124958
2026-04-23 13:23:45,5203100,63894,1805225,8061,22277,74,83,0,0,0,0,129039
2026-04-23 13:23:46,5266697,63597,1827276,8161,22151,75,83,0,0,0,0,132612
2026-04-23 13:23:47,5330461,63764,1849396,8264,22223,69,83,0,0,0,0,129330
2026-04-23 13:23:49,5395268,64807,1871875,8364,22579,79,83,0,0,0,0,124418
2026-04-23 13:23:50,5458330,63062,1893791,8453,22005,76,83,0,0,0,0,129125
2026-04-23 13:23:51,5521989,63659,1915877,8535,22168,78,83,0,0,0,0,130005
2026-04-23 13:23:52,5586390,64401,1938172,8647,22407,69,83,0,0,0,0,125792
2026-04-23 13:23:53,5649907,63517,1960153,8751,22085,80,83,0,0,0,0,112261
2026-04-23 13:23:55,5713117,63210,1982129,8834,22059,72,83,0,0,0,0,114599
2026-04-23 13:23:56,5777131,64014,2004304,8935,22276,75,83,0,0,0,0,120987
2026-04-23 13:23:57,5840532,63401,2026326,9018,22105,80,83,0,0,0,0,126045
2026-04-23 13:23:58,5903984,63452,2048328,9108,22092,73,83,0,0,0,0,128375
2026-04-23 13:24:00,5965646,61662,2069679,9211,21454,76,83,0,0,0,0,120767
2026-04-23 13:24:01,6028785,63139,2091561,9306,21977,76,83,0,0,0,0,114616
2026-04-23 13:24:02,6093094,64309,2113864,9414,22411,78,83,0,0,0,0,119645
2026-04-23 13:24:03,6157612,64518,2136208,9517,22447,73,83,0,0,0,0,125787
2026-04-23 13:24:04,6221638,64026,2158448,9594,22317,73,83,0,0,0,0,127537
2026-04-23 13:24:06,6285639,64001,2180675,9695,22328,79,83,0,0,0,0,116953
2026-04-23 13:24:07,6349985,64346,2203002,9800,22432,70,83,0,0,0,0,125370
2026-04-23 13:24:08,6413541,63556,2225089,9880,22167,79,84,0,0,0,0,121453
2026-04-23 13:24:09,6478582,65041,2247636,9972,22639,77,83,0,0,0,0,133988
2026-04-23 13:24:10,6540843,62261,2269262,10058,21712,77,83,0,0,0,0,112569
2026-04-23 13:24:12,6605035,64192,2291512,10150,22342,79,83,0,0,0,0,110488
2026-04-23 13:24:13,6669442,64407,2313836,10262,22436,74,83,0,0,0,0,111940
2026-04-23 13:24:14,6732796,63354,2335825,10362,22089,79,83,0,0,0,0,107907
2026-04-23 13:24:15,6796989,64193,2358087,10468,22368,79,83,0,0,0,0,122997
2026-04-23 13:24:16,6860273,63284,2380077,10557,22079,79,83,0,0,0,0,107331
2026-04-23 13:24:18,6923911,63638,2402156,10673,22195,78,83,0,0,0,0,107802
2026-04-23 13:24:19,6988748,64837,2424636,10753,22560,77,83,0,0,0,0,116534
2026-04-23 13:24:20,7052690,63942,2446875,10852,22338,79,83,0,0,0,0,103453
2026-04-23 13:24:21,7117044,64354,2469198,10972,22443,76,83,0,0,0,0,114617
2026-04-23 13:24:23,7180964,63920,2491400,11054,22284,80,83,0,0,0,0,105194
2026-04-23 13:24:24,7245293,64329,2513700,11156,22402,75,83,0,0,0,0,107314
2026-04-23 13:24:25,7310253,64960,2536203,11271,22618,70,83,0,0,0,0,114582
2026-04-23 13:24:26,7375376,65123,2558763,11364,22653,74,83,0,0,0,0,112474
2026-04-23 13:24:27,7441005,65629,2581530,11454,22857,76,83,0,0,0,0,122368
2026-04-23 13:24:29,7507073,66068,2604468,11551,23035,79,83,0,0,0,0,110856
2026-04-23 13:24:30,7572562,65489,2627173,11656,22810,80,83,0,0,0,0,109450
2026-04-23 13:24:31,7639035,66473,2650207,11768,23146,79,83,0,0,0,0,113820
2026-04-23 13:24:32,7704901,65866,2673053,11870,22948,71,83,0,0,0,0,102899
2026-04-23 13:24:33,7771773,66872,2696251,11967,23295,80,83,0,0,0,0,109757
2026-04-23 13:24:35,7837855,66082,2719189,12064,23035,81,83,0,0,0,0,104150
2026-04-23 13:24:36,7904520,66665,2742302,12172,23221,78,83,0,0,0,0,105827
2026-04-23 13:24:37,7970703,66183,2765281,12272,23079,76,83,0,0,0,0,113800
2026-04-23 13:24:38,8037664,66961,2788544,12370,23361,81,83,0,0,0,0,107854
2026-04-23 13:24:39,8104447,66783,2811706,12456,23248,80,83,0,0,0,0,110648
2026-04-23 13:24:41,8171101,66654,2834782,12566,23186,75,83,0,0,0,0,111547
2026-04-23 13:24:42,8238282,67181,2858099,12659,23410,74,84,0,0,0,0,116139
2026-04-23 13:24:43,8304612,66330,2881090,12753,23085,75,83,0,0,0,0,125265
2026-04-23 13:24:44,8370063,65451,2903821,12835,22813,76,83,0,0,0,0,119441
2026-04-23 13:24:46,8436877,66814,2927005,12922,23271,78,83,0,0,0,0,120805
2026-04-23 13:24:47,8502294,65417,2949702,13028,22803,77,83,0,0,0,0,119219
2026-04-23 13:24:48,8567701,65407,2972427,13122,22819,69,84,0,0,0,0,119000
2026-04-23 13:24:49,8633427,65726,2995222,13212,22885,80,83,0,0,0,0,122890
2026-04-23 13:24:50,8699489,66062,3018132,13330,23028,72,83,0,0,0,0,105152
2026-04-23 13:24:52,8765877,66388,3041128,13426,23092,81,83,0,0,0,0,101577
2026-04-23 13:24:53,8831242,65365,3063808,13541,22795,77,83,0,0,0,0,106813
2026-04-23 13:24:54,8896953,65711,3086584,13644,22879,80,84,0,0,0,0,101859
2026-04-23 13:24:55,8963207,66254,3109552,13752,23076,74,83,0,0,0,0,111292
2026-04-23 13:24:56,9029061,65854,3132445,13840,22981,81,83,0,0,0,0,101495
2026-04-23 13:24:58,9095099,66038,3155326,13939,22980,77,83,0,0,0,0,104425
2026-04-23 13:24:59,9161519,66420,3178325,14052,23112,80,83,0,0,0,0,114967
2026-04-23 13:25:00,9227839,66320,3201337,14166,23126,82,84,0,0,0,0,111764
2026-04-23 13:25:01,9294738,66899,3224520,14267,23284,78,83,0,0,0,0,121242
2026-04-23 13:25:02,9361545,66807,3247684,14367,23264,76,83,0,0,0,0,105988
2026-04-23 13:25:04,9427972,66427,3270745,14465,23159,81,83,0,0,0,0,107367
2026-04-23 13:25:05,9493569,65597,3293518,14569,22877,80,83,0,0,0,0,113527
2026-04-23 13:25:06,9559133,65564,3316251,14654,22818,77,83,0,0,0,0,107857
2026-04-23 13:25:07,9624853,65720,3339093,14764,22952,79,83,0,0,0,0,121970
2026-04-23 13:25:09,9690401,65548,3361847,14872,22862,77,83,0,0,0,0,105568
2026-04-23 13:25:10,9755190,64789,3384360,14966,22607,78,83,0,0,0,0,106022
2026-04-23 13:25:11,9820792,65602,3407122,15071,22867,75,83,0,0,0,0,113638
2026-04-23 13:25:12,9886630,65838,3429961,15164,22932,66,83,0,0,0,0,110623
2026-04-23 13:25:13,9952360,65730,3452752,15251,22878,79,83,0,0,0,0,126174
2026-04-23 13:25:15,10017827,65467,3475494,15354,22845,80,83,0,0,0,0,115995
2026-04-23 13:25:16,10083812,65985,3498402,15450,23004,76,83,0,0,0,0,115371
2026-04-23 13:25:17,10150388,66576,3521506,15546,23200,77,83,0,0,0,0,121856
2026-04-23 13:25:18,10217176,66788,3544627,15656,23231,78,83,0,0,0,0,117194
2026-04-23 13:25:19,10283484,66308,3567683,15763,23163,67,83,0,0,0,0,126368
2026-04-23 13:25:21,10349599,66115,3590594,15867,23015,79,83,0,0,0,0,114304
2026-04-23 13:25:22,10416565,66966,3613819,15957,23315,79,83,0,0,0,0,116029
2026-04-23 13:25:23,10483099,66534,3636934,16052,23210,72,83,0,0,0,0,121169
2026-04-23 13:25:24,10549155,66056,3659852,16139,23005,76,83,0,0,0,0,115170
2026-04-23 13:25:25,10614682,65527,3682615,16244,22868,80,83,0,0,0,0,123125
2026-04-23 13:25:27,10681785,67103,3705801,16349,23291,81,83,0,0,0,0,114889
2026-04-23 13:25:28,10747568,65783,3728622,16447,22919,78,83,25,25,0,0,110219
2026-04-23 13:25:29,10809348,61780,3750091,16518,21540,73,83,20025,20000,0,0,114930
2026-04-23 13:25:30,10868919,59571,3770804,16609,20804,75,83,40025,20000,0,0,118691
2026-04-23 13:25:31,10924523,55604,3790052,16689,19328,80,83,60025,20000,0,0,114368
2026-04-23 13:25:33,10982674,58151,3810239,16778,20276,79,83,100025,40000,0,0,108812
2026-04-23 13:25:34,11044614,61940,3831726,16869,21578,76,83,120025,20000,0,0,115550
2026-04-23 13:25:35,11106354,61740,3853123,16981,21509,75,83,140025,20000,0,0,117206
2026-04-23 13:25:36,11166400,60046,3873946,17073,20915,74,83,160025,20000,0,0,119465
2026-04-23 13:25:37,11226045,59645,3894676,17179,20836,80,83,180025,20000,0,0,114317
2026-04-23 13:25:39,11285958,59913,3915486,17260,20891,78,83,220025,40000,0,0,104231
2026-04-23 13:25:40,11347296,61338,3936763,17335,21352,81,83,240025,20000,0,0,99486
2026-04-23 13:25:41,11407976,60680,3957824,17439,21165,73,83,260025,20000,0,0,102480
2026-04-23 13:25:42,11467381,59405,3978411,17545,20693,81,83,280025,20000,0,0,107527
2026-04-23 13:25:43,11526298,58917,3998826,17647,20517,78,83,300025,20000,0,0,105029
2026-04-23 13:25:45,11586704,60406,4019800,17742,21069,78,83,340025,40000,0,0,103104
2026-04-23 13:25:46,11649154,62450,4041441,17831,21730,74,83,360025,20000,0,0,107987
2026-04-23 13:25:47,11712359,63205,4063348,17922,21998,81,83,380025,20000,0,0,112857
2026-04-23 13:25:48,11772275,59916,4084088,18001,20819,80,83,400025,20000,0,0,117546
2026-04-23 13:25:50,11832055,59780,4104851,18084,20846,81,83,420025,20000,0,0,111769
2026-04-23 13:25:51,11893078,61023,4126001,18166,21232,81,83,460025,40000,0,0,110185
2026-04-23 13:25:52,11954696,61618,4147376,18261,21470,81,83,480025,20000,0,0,116050
2026-04-23 13:25:53,12016779,62083,4168851,18347,21561,76,83,500025,20000,0,0,119189
2026-04-23 13:25:54,12076601,59822,4189612,18427,20841,74,83,520025,20000,0,0,125210
2026-04-23 13:25:56,12136346,59745,4210352,18504,20817,77,83,540025,20000,0,0,119286
2026-04-23 13:25:57,12196825,60479,4231305,18590,21039,74,83,580025,40000,0,0,116349
2026-04-23 13:25:58,12258567,61742,4252791,18679,21575,76,83,600025,20000,0,0,119265
2026-04-23 13:25:59,12319861,61294,4274032,18792,21354,80,83,620025,20000,0,0,124590
2026-04-23 13:26:00,12378954,59093,4294565,18875,20616,80,83,640025,20000,0,0,129083
2026-04-23 13:26:02,12438337,59383,4315166,18966,20692,77,83,660025,20000,0,0,119470
2026-04-23 13:26:03,12500095,61758,4336600,19040,21508,78,83,700025,40000,0,0,116223
2026-04-23 13:26:04,12561771,61676,4357994,19137,21491,77,83,720025,20000,0,0,120158
2026-04-23 13:26:05,12623664,61893,4379482,19236,21587,77,83,740025,20000,0,0,123286
2026-04-23 13:26:06,12683297,59633,4400178,19322,20782,81,83,760025,20000,0,0,128244
2026-04-23 13:26:08,12744058,60761,4421237,19416,21153,77,83,780025,20000,0,0,119746
2026-04-23 13:26:09,12803338,59280,4441804,19520,20671,81,83,820025,40000,0,0,112475
2026-04-23 13:26:10,12850467,47129,4458154,19589,16419,81,83,880025,60000,0,0,113494
2026-04-23 13:26:11,12896247,45780,4474052,19656,15965,80,83,920025,40000,0,0,117700
2026-04-23 13:26:12,12941952,45705,4489928,19743,15963,78,83,980025,60000,0,0,120746
2026-04-23 13:26:13,12989910,47958,4506586,19811,16726,81,83,1040025,60000,0,0,116901
2026-04-23 13:26:15,13036995,47085,4522910,19889,16402,81,83,1080025,40000,0,0,112611
2026-04-23 13:26:16,13082379,45384,4538659,19955,15815,81,83,1140025,60000,0,0,116808
2026-04-23 13:26:17,13130509,48130,4555360,20035,16781,75,83,1200025,60000,0,0,119214
2026-04-23 13:26:18,13177559,47050,4571723,20109,16437,73,83,1240025,40000,0,0,121288
2026-04-23 13:26:19,13219948,42389,4586411,20170,14749,78,83,1300025,60000,0,0,121692
2026-04-23 13:26:21,13274400,54452,4605358,20247,19024,81,83,1340025,40000,0,0,114294
2026-04-23 13:26:22,13328923,54523,4624256,20331,18982,81,83,1400025,60000,0,0,114371
2026-04-23 13:26:23,13381398,52475,4642484,20415,18312,79,83,1440025,40000,0,0,120843
2026-04-23 13:26:24,13435135,53737,4661118,20504,18723,74,83,1500025,60000,0,0,123231
2026-04-23 13:26:25,13489801,54666,4680093,20586,19057,81,83,1540025,40000,0,0,126291
2026-04-23 13:26:27,13544600,54799,4699106,20674,19101,81,83,1600025,60000,0,0,121322
2026-04-23 13:26:28,13601148,56548,4718724,20747,19691,70,83,1640025,40000,0,0,121081
2026-04-23 13:26:29,13656153,55005,4737853,20824,19206,69,83,1700025,60000,0,0,123042
2026-04-23 13:26:30,13712626,56473,4757436,20911,19670,80,83,1740025,40000,0,0,127981
2026-04-23 13:26:31,13768489,55863,4776840,20995,19488,78,83,1800025,60000,0,0,131428
2026-04-23 13:26:33,13824203,55714,4796222,21077,19464,81,83,1840025,40000,0,0,129658
2026-04-23 13:26:34,13881316,57113,4816028,21157,19886,66,83,1900025,60000,0,0,113216
2026-04-23 13:26:35,13938058,56742,4835717,21249,19781,81,83,1940025,40000,0,0,108865
2026-04-23 13:26:36,13995924,57866,4855783,21335,20152,64,83,2000025,60000,0,0,114341
2026-04-23 13:26:37,14051659,55735,4875122,21420,19424,77,83,2040025,40000,0,0,117480
2026-04-23 13:26:38,14108666,57007,4894927,21494,19879,66,83,2080025,40000,0,0,113661
2026-04-23 13:26:40,14165769,57103,4914714,21593,19886,74,83,2140025,60000,0,0,106870
2026-04-23 13:26:41,14221406,55637,4933937,21699,19329,81,83,2180025,40000,0,0,112344
2026-04-23 13:26:42,14278333,56927,4953739,21787,19890,81,83,2240025,60000,0,0,113597
2026-04-23 13:26:43,14337310,58977,4974134,21882,20490,79,83,2280025,40000,0,0,120400
2026-04-23 13:26:44,14394804,57494,4994097,21959,20040,76,83,2340025,60000,0,0,123466
2026-04-23 13:26:46,14452744,57940,5014155,22035,20134,72,83,2396987,56962,0,0,117790
2026-04-23 13:26:47,14518652,65908,5037005,22137,22952,76,83,2396987,0,0,0,124163
2026-04-23 13:26:48,14580093,61441,5058371,22227,21456,79,83,2416987,20000,0,0,132120
2026-04-23 13:26:49,14643814,63721,5080442,22342,22186,71,83,2456987,40000,0,0,135567
2026-04-23 13:26:50,14707500,63686,5102547,22452,22215,74,83,2476987,20000,0,0,135745
2026-04-23 13:26:52,14771948,64448,5124907,22560,22468,81,83,2496987,20000,0,0,128342
2026-04-23 13:26:53,14832659,60711,5145989,22665,21187,74,83,2516987,20000,0,0,130475
2026-04-23 13:26:54,14894198,61539,5167315,22779,21440,73,83,2536987,20000,0,0,124743
2026-04-23 13:26:55,14957346,63148,5189224,22882,22012,81,83,2576987,40000,0,0,130440
2026-04-23 13:26:57,15022429,65083,5211775,22984,22653,73,83,2596987,20000,0,0,126214
2026-04-23 13:26:58,15089005,66576,5234874,23099,23214,81,83,2616987,20000,0,0,118137
2026-04-23 13:26:59,15155944,66939,5258115,23189,23331,79,83,2636987,20000,0,0,123055
2026-04-23 13:27:00,15223076,67132,5281398,23295,23389,81,83,2656987,20000,0,0,127977
2026-04-23 13:27:01,15291646,68570,5305222,23387,23916,79,83,2696987,40000,0,0,131214
2026-04-23 13:27:03,15360669,69023,5329189,23503,24083,77,83,2716987,20000,0,0,124529
2026-04-23 13:27:04,15429081,68412,5352946,23583,23837,79,83,2736987,20000,0,0,125894
2026-04-23 13:27:05,15495645,66564,5376026,23683,23180,71,83,2756987,20000,0,0,127418
2026-04-23 13:27:06,15562375,66730,5399156,23801,23248,76,83,2796987,40000,0,0,129663
2026-04-23 13:27:07,15630389,68014,5422764,23913,23720,75,83,2816987,20000,0,0,128035
2026-04-23 13:27:09,15698289,67900,5446356,24024,23703,80,83,2836987,20000,0,0,123902
2026-04-23 13:27:10,15765572,67283,5469683,24144,23447,81,83,2856987,20000,0,0,123679
2026-04-23 13:27:11,15833457,67885,5493178,24256,23607,75,83,2876987,20000,0,0,128467
2026-04-23 13:27:12,15901776,68319,5516866,24371,23803,79,83,2916987,40000,0,0,132647
2026-04-23 13:27:14,15969869,68093,5540504,24476,23743,75,83,2936987,20000,0,0,131595
2026-04-23 13:27:15,16037580,67711,5564022,24585,23627,78,83,2956987,20000,0,0,118426
2026-04-23 13:27:16,16104671,67091,5587301,24692,23386,77,83,2990019,33032,0,0,126129
2026-04-23 13:27:17,16175971,71300,5612041,24786,24834,77,83,2997896,7877,0,0,133477
2026-04-23 13:27:18,16245687,69716,5636275,24891,24339,79,83,3005501,7605,0,0,137691
2026-04-23 13:27:20,16316866,71179,5660974,24990,24798,80,83,3013391,7890,0,0,130622
2026-04-23 13:27:21,16385520,68654,5684763,25105,23904,80,83,3027730,14339,0,0,131889
2026-04-23 13:27:22,16454792,69272,5708810,25206,24148,75,83,3034879,7149,0,0,133714
2026-04-23 13:27:23,16524622,69830,5733099,25303,24386,77,83,3042562,7683,0,0,139311
2026-04-23 13:27:25,16595388,70766,5757612,25425,24635,78,83,3049385,6823,0,0,142905
2026-04-23 13:27:26,16664697,69309,5781659,25526,24148,80,83,3056316,6931,0,0,137300
2026-04-23 13:27:27,16734727,70030,5805923,25626,24364,79,83,3069036,12720,0,0,135858
2026-04-23 13:27:28,16805523,70796,5830473,25748,24672,74,83,3075897,6861,0,0,140110
2026-04-23 13:27:29,16875973,70450,5854950,25853,24582,78,83,3082168,6271,0,0,144547
2026-04-23 13:27:31,16946630,70657,5879418,25975,24590,78,83,3088557,6389,0,0,139254
2026-04-23 13:27:32,17016295,69665,5903579,26078,24264,75,83,3100679,12122,0,0,138715
2026-04-23 13:27:33,17086719,70424,5928028,26190,24561,75,83,3106770,6091,0,0,131225
2026-04-23 13:27:34,17157266,70547,5952496,26306,24584,73,83,3112448,5678,0,0,142086
2026-04-23 13:27:36,17227787,70521,5976959,26433,24590,74,83,3118539,6091,0,0,135273
2026-04-23 13:27:37,17297700,69913,6001218,26554,24380,74,83,3124263,5724,0,0,128123
2026-04-23 13:27:38,17366566,68866,6025119,26651,23998,77,83,3135566,11303,0,0,131824
2026-04-23 13:27:39,17437233,70667,6049644,26748,24622,77,83,3141011,5445,0,0,137084
2026-04-23 13:27:40,17508685,71452,6074435,26853,24896,73,83,3146507,5496,0,0,141313
2026-04-23 13:27:42,17579715,71030,6099090,26948,24750,74,83,3151581,5074,0,0,134458
2026-04-23 13:27:43,17650101,70386,6123462,27044,24468,78,83,3161746,10165,0,0,134327
2026-04-23 13:27:44,17721924,71823,6148334,27166,24994,79,83,3166787,5041,0,0,121573
2026-04-23 13:27:45,17792588,70664,6172889,27256,24645,74,83,3171863,5076,0,0,117049
2026-04-23 13:27:47,17862707,70119,6197235,27366,24456,76,83,3176939,5076,0,0,117114
2026-04-23 13:27:48,17932918,70211,6221600,27459,24458,73,83,3187418,10479,0,0,108694
2026-04-23 13:27:49,18003208,70290,6246020,27564,24525,77,83,3192536,5118,0,0,114301
2026-04-23 13:27:50,18074514,71306,6270740,27675,24831,70,83,3197635,5099,0,0,120250
2026-04-23 13:27:51,18144422,69908,6295042,27792,24419,78,83,3202463,4828,0,0,123632
2026-04-23 13:27:53,18214436,70014,6319366,27898,24430,81,83,3207252,4789,0,0,114187
2026-04-23 13:27:54,18283757,69321,6343445,28013,24194,80,83,3217284,10032,0,0,121426
2026-04-23 13:27:55,18353966,70209,6367832,28117,24491,77,83,3222459,5175,0,0,131426
2026-04-23 13:27:56,18425045,71079,6392502,28226,24779,79,83,3227061,4602,0,0,135959
2026-04-23 13:27:58,18495895,70850,6417076,28345,24693,73,83,3231683,4622,0,0,132245
2026-04-23 13:27:59,18565774,69879,6441297,28460,24336,76,83,3240482,8799,0,0,125387
2026-04-23 13:28:00,18635702,69928,6465612,28555,24410,76,83,3244967,4485,0,0,130511
2026-04-23 13:28:01,18706611,70909,6490189,28651,24673,75,83,3249497,4530,0,0,133646
2026-04-23 13:28:02,18777955,71344,6514960,28767,24887,80,83,3254012,4515,0,0,137570
2026-04-23 13:28:04,18848675,70720,6539523,28876,24672,74,83,3258495,4483,0,0,124172
2026-04-23 13:28:05,18918371,69696,6563687,29007,24295,79,83,3267381,8886,0,0,126354
2026-04-23 13:28:06,18989259,70888,6588291,29109,24706,76,83,3271796,4415,0,0,132768
2026-04-23 13:28:07,19060127,70868,6612849,29243,24692,74,83,3275741,3945,0,0,137811
2026-04-23 13:28:09,19130538,70411,6637259,29350,24517,78,83,3279955,4214,0,0,135484
2026-04-23 13:28:10,19200614,70076,6661582,29450,24423,76,83,3288115,8160,0,0,129592
2026-04-23 13:28:11,19271782,71168,6686234,29562,24764,80,83,3292159,4044,0,0,132617
2026-04-23 13:28:12,19342253,70471,6710699,29670,24573,77,83,3296164,4005,0,0,137038
2026-04-23 13:28:13,19413226,70973,6735360,29763,24754,77,83,3300077,3913,0,0,143203
2026-04-23 13:28:15,19482968,69742,6759573,29853,24303,75,83,3304061,3984,0,0,122043
2026-04-23 13:28:16,19554092,71124,6784192,29981,24747,77,83,3311912,7851,0,0,121483
2026-04-23 13:28:17,19624890,70798,6808763,30089,24679,71,83,3315934,4022,0,0,128841
2026-04-23 13:28:18,19696977,72087,6833726,30211,25085,76,83,3319765,3831,0,0,131290
2026-04-23 13:28:20,19767468,70491,6858177,30337,24577,76,83,3323588,3823,0,0,132868
2026-04-23 13:28:21,19836956,69488,6882318,30438,24242,74,83,3331221,7633,0,0,128463
2026-04-23 13:28:22,19908276,71320,6907041,30563,24848,78,83,3335059,3838,0,0,132735
2026-04-23 13:28:23,19979446,71170,6931729,30667,24792,77,83,3338792,3733,0,0,140876
2026-04-23 13:28:24,20050306,70860,6956368,30770,24742,75,83,3342598,3806,0,0,139562
2026-04-23 13:28:26,20121560,71254,6981076,30895,24833,78,83,3346340,3742,0,0,132893
2026-04-23 13:28:27,20192023,70463,7005477,31011,24517,79,83,3353691,7351,0,0,132745
2026-04-23 13:28:28,20263706,71683,7030362,31105,24979,79,83,3357282,3591,0,0,137133
2026-04-23 13:28:29,20335739,72033,7055323,31208,25064,74,83,3360672,3390,0,0,144745
2026-04-23 13:28:31,20405347,69608,7079497,31313,24279,74,83,3364188,3516,0,0,137805
2026-04-23 13:28:32,20474866,69519,7103643,31415,24248,75,83,3371562,7374,0,0,137332
2026-04-23 13:28:33,20545199,70333,7128072,31513,24527,77,84,3375108,3546,0,0,121611
2026-04-23 13:28:34,20616371,71172,7152741,31616,24772,76,83,3378425,3317,0,0,137910
2026-04-23 13:28:35,20687477,71106,7177434,31734,24811,80,83,3381788,3363,0,0,141929
2026-04-23 13:28:37,20757210,69733,7201650,31840,24322,79,83,3385423,3635,0,0,130344
2026-04-23 13:28:38,20828136,70926,7226265,31944,24719,78,83,3392165,6742,0,0,131763
2026-04-23 13:28:39,20899342,71206,7250947,32061,24799,75,83,3395605,3440,0,0,135846
2026-04-23 13:28:40,20970561,71219,7275627,32163,24782,74,83,3398977,3372,0,0,142617
2026-04-23 13:28:42,21041833,71272,7300329,32275,24814,76,83,3402156,3179,0,0,139718
2026-04-23 13:28:43,21111866,70033,7324638,32369,24403,78,83,3408934,6778,0,0,136805
2026-04-23 13:28:44,21183179,71313,7349392,32468,24853,71,83,3412141,3207,0,0,132119
2026-04-23 13:28:45,21253795,70616,7373884,32582,24606,77,83,3415475,3334,0,0,137904
2026-04-23 13:28:46,21323219,69424,7397989,32692,24215,77,83,3419611,4136,0,0,139176
2026-04-23 13:28:48,21394362,71143,7422677,32785,24781,70,83,3424678,5067,0,0,131362
2026-04-23 13:28:49,21464457,70095,7446959,32889,24386,79,83,3437173,12495,0,0,134127
2026-04-23 13:28:50,21534634,70177,7471265,33018,24435,78,83,3444016,6843,0,0,138288
2026-04-23 13:28:51,21605281,70647,7495788,33127,24632,78,83,3451766,7750,0,0,143782
2026-04-23 13:28:53,21676469,71188,7520442,33239,24766,80,83,3459835,8069,0,0,140150
2026-04-23 13:28:54,21745952,69483,7544511,33357,24187,75,83,3468200,8365,0,0,127791
2026-04-23 13:28:55,21815656,69704,7568645,33472,24249,77,83,3487363,19163,0,0,133763
2026-04-23 13:28:56,21885284,69628,7592796,33575,24254,77,83,3497488,10125,0,0,136726
2026-04-23 13:28:57,21954257,68973,7616758,33672,24059,78,83,3508486,10998,0,0,143766
2026-04-23 13:28:59,22024170,69913,7640965,33783,24318,80,83,3519628,11142,0,0,136262
2026-04-23 13:29:00,22091907,67737,7664502,33877,23631,73,83,3531013,11385,0,0,134118
2026-04-23 13:29:01,22160953,69046,7688439,33974,24034,76,83,3555353,24340,0,0,137122
2026-04-23 13:29:02,22230759,69806,7712678,34065,24330,79,83,3567884,12531,0,0,133769
2026-04-23 13:29:04,22299886,69127,7736678,34175,24110,78,83,3581605,13721,0,0,132378
2026-04-23 13:29:05,22367298,67412,7760111,34264,23522,79,83,3595326,13721,0,0,118917
2026-04-23 13:29:06,22435475,68177,7783731,34375,23731,80,83,3609416,14090,0,0,123467
2026-04-23 13:29:07,22504973,69498,7807825,34490,24209,76,83,3638385,28969,0,0,130538
2026-04-23 13:29:08,22574237,69264,7831861,34599,24145,74,83,3654167,15782,0,0,134008
2026-04-23 13:29:10,22643990,69753,7856031,34708,24279,75,83,3668511,14344,0,0,127677
2026-04-23 13:29:11,22710095,66105,7878965,34817,23043,77,83,3684011,15500,0,0,123317
2026-04-23 13:29:12,22777960,67865,7902498,34909,23625,80,83,3714114,30103,0,0,129366
2026-04-23 13:29:13,22846878,68918,7926431,35005,24029,77,83,3729933,15819,0,0,126486
2026-04-23 13:29:14,22915981,69103,7950437,35108,24109,78,83,3746718,16785,0,0,131368
2026-04-23 13:29:16,22984588,68607,7974242,35221,23918,69,83,3763802,17084,0,0,124351
2026-04-23 13:29:17,23051601,67013,7997495,35323,23355,75,83,3780417,16615,0,0,125839
2026-04-23 13:29:18,23118846,67245,8020849,35425,23456,75,83,3814452,34035,0,0,130976
2026-04-23 13:29:19,23188605,69759,8045038,35537,24301,76,83,3831841,17389,0,0,136195
2026-04-23 13:29:21,23257817,69212,8069056,35643,24124,79,83,3849795,17954,0,0,131515
2026-04-23 13:29:22,23325757,67940,8092608,35753,23662,80,83,3867268,17473,0,0,126244
2026-04-23 13:29:23,23393644,67887,8116096,35871,23606,73,83,3885685,18417,0,0,121409
2026-04-23 13:29:24,23461548,67904,8139648,35973,23654,76,83,3924682,38997,0,0,122975
2026-04-23 13:29:25,23530466,68918,8163555,36078,24012,77,83,3944682,20000,0,0,125286
2026-04-23 13:29:27,23598389,67923,8187176,36166,23709,81,83,3964682,20000,0,0,114566
2026-04-23 13:29:28,23665022,66633,8210307,36268,23233,76,83,3984682,20000,0,0,113347
2026-04-23 13:29:29,23732558,67536,8233704,36381,23510,79,83,4004682,20000,0,0,118206
2026-04-23 13:29:30,23800406,67848,8257251,36483,23649,75,83,4044682,40000,0,0,124410
2026-04-23 13:29:32,23868394,67988,8280860,36588,23714,78,83,4064682,20000,0,0,122125
2026-04-23 13:29:33,23937164,68770,8304687,36692,23931,73,83,4084682,20000,0,0,121899
2026-04-23 13:29:34,24004767,67603,8328105,36789,23515,76,83,4104682,20000,0,0,123915
2026-04-23 13:29:35,24071854,67087,8351401,36898,23405,76,83,4144682,40000,0,0,122649
2026-04-23 13:29:36,24140852,68998,8375297,37024,24022,79,83,4164682,20000,0,0,129312
2026-04-23 13:29:38,24209002,68150,8398975,37126,23780,78,83,4184682,20000,0,0,119570
2026-04-23 13:29:39,24276820,67818,8422474,37244,23617,68,83,4204682,20000,0,0,117510
2026-04-23 13:29:40,24344234,67414,8445862,37354,23498,79,83,4224682,20000,0,0,123592
2026-04-23 13:29:41,24412575,68341,8469528,37446,23758,79,83,4264682,40000,0,0,127202
2026-04-23 13:29:43,24482386,69811,8493684,37571,24281,78,83,4284682,20000,0,0,132146
2026-04-23 13:29:44,24550000,67614,8517215,37673,23633,75,83,4304682,20000,0,0,118643
2026-04-23 13:29:45,24618290,68290,8540817,37792,23721,80,83,4324682,20000,0,0,122780
2026-04-23 13:29:46,24685056,66766,8563992,37885,23268,80,83,4364682,40000,0,0,128528
2026-04-23 13:29:47,24754009,68953,8587896,37977,23996,77,83,4384682,20000,0,0,135106
2026-04-23 13:29:49,24823496,69487,8611972,38084,24183,79,83,4404682,20000,0,0,130494
2026-04-23 13:29:50,24891523,68027,8635569,38192,23705,70,83,4424682,20000,0,0,127052
2026-04-23 13:29:51,24957835,66312,8658543,38318,23100,81,84,4444682,20000,0,0,131348
2026-04-23 13:29:52,25025684,67849,8682104,38435,23678,79,83,4484682,40000,0,0,140279
2026-04-23 13:29:54,25094401,68717,8705971,38531,23963,80,83,4504682,20000,0,0,136154
2026-04-23 13:29:55,25162931,68530,8729693,38647,23838,78,83,4524682,20000,0,0,129559
2026-04-23 13:29:56,25229927,66996,8752913,38755,23328,75,84,4544682,20000,0,0,129674
2026-04-23 13:29:57,25298001,68074,8776538,38851,23721,75,83,4584682,40000,0,0,137944
2026-04-23 13:29:58,25367551,69550,8800609,38952,24172,78,83,4604682,20000,0,0,135867
2026-04-23 13:30:00,25436714,69163,8824632,39039,24110,74,83,4624682,20000,0,0,138388
2026-04-23 13:30:01,25504249,67535,8848056,39132,23517,79,83,4644682,20000,0,0,133476
2026-04-23 13:30:02,25571665,67416,8871486,39225,23523,76,83,4664682,20000,0,0,134311
2026-04-23 13:30:03,25639304,67639,8894960,39313,23562,81,83,4704682,40000,0,0,138599
2026-04-23 13:30:05,25707185,67881,8918549,39413,23689,76,83,4724682,20000,0,0,137295
2026-04-23 13:30:06,25776075,68890,8942443,39530,24011,75,83,4744682,20000,0,0,137308
2026-04-23 13:30:07,25843901,67826,8965992,39623,23642,73,83,4764682,20000,0,0,133004
2026-04-23 13:30:08,25910738,66837,8989185,39725,23295,72,83,4784682,20000,0,0,131340
2026-04-23 13:30:09,25979865,69127,9013188,39825,24103,74,83,4824682,40000,0,0,143835
2026-04-23 13:30:11,26048366,68501,9036958,39926,23871,74,83,4844682,20000,0,0,134778
2026-04-23 13:30:12,26116784,68418,9060649,40045,23810,80,83,4864682,20000,0,0,133333
2026-04-23 13:30:13,26184893,68109,9084242,40159,23707,80,83,4884682,20000,0,0,139647
2026-04-23 13:30:14,26252449,67556,9107651,40290,23540,75,83,4924682,40000,0,0,138003
2026-04-23 13:30:15,26322287,69838,9131884,40385,24328,78,83,4944682,20000,0,0,141867
2026-04-23 13:30:17,26390978,68691,9155696,40490,23917,81,83,4964682,20000,0,0,130684
2026-04-23 13:30:18,26458413,67435,9179092,40593,23499,71,84,4984682,20000,0,0,133289
2026-04-23 13:30:19,26526883,68470,9202796,40691,23802,77,83,5004682,20000,0,0,142197
2026-04-23 13:30:20,26595029,68146,9226426,40798,23737,74,83,5044682,40000,0,0,142485
2026-04-23 13:30:22,26664206,69177,9250450,40905,24131,79,83,5064682,20000,0,0,146013
2026-04-23 13:30:23,26732248,68042,9274069,41012,23726,77,83,5084682,20000,0,0,136146
2026-04-23 13:30:24,26799469,67221,9297341,41133,23393,78,84,5104682,20000,0,0,124931
2026-04-23 13:30:25,26867683,68214,9321000,41239,23765,77,83,5144682,40000,0,0,133315
2026-04-23 13:30:26,26937475,69792,9345164,41368,24293,78,83,5164682,20000,0,0,135606
2026-04-23 13:30:28,27006879,69404,9369215,41471,24154,80,83,5184682,20000,0,0,132797
2026-04-23 13:30:29,27074820,67941,9392761,41574,23649,78,83,5204682,20000,0,0,133390
2026-04-23 13:30:30,27141579,66759,9415952,41664,23281,71,83,5224682,20000,0,0,130768
2026-04-23 13:30:31,27209651,68072,9439594,41772,23750,79,83,5264682,40000,0,0,138346
2026-04-23 13:30:33,27278020,68369,9463347,41872,23853,75,83,5284682,20000,0,0,135010
2026-04-23 13:30:34,27346882,68862,9487211,42001,23993,79,83,5304682,20000,0,0,123953
2026-04-23 13:30:35,27415048,68166,9510834,42103,23725,78,83,5324682,20000,0,0,128703
2026-04-23 13:30:36,27479350,64302,9533163,42201,22427,81,83,5364682,40000,0,0,130082
2026-04-23 13:30:37,27544821,65471,9555899,42295,22830,76,83,5424682,60000,0,0,140774
2026-04-23 13:30:39,27609942,65121,9578517,42396,22719,80,83,5464682,40000,0,0,130612
2026-04-23 13:30:40,27674661,64719,9600989,42492,22568,73,83,5504682,40000,0,0,129526
2026-04-23 13:30:41,27740090,65429,9623659,42574,22752,78,83,5564682,60000,0,0,136316
2026-04-23 13:30:42,27805475,65385,9646345,42673,22785,76,83,5604682,40000,0,0,133366
2026-04-23 13:30:43,27871009,65534,9669119,42777,22878,78,83,5644682,40000,0,0,141136
2026-04-23 13:30:45,27935570,64561,9691528,42853,22485,73,83,5704682,60000,0,0,126082
2026-04-23 13:30:46,28001435,65865,9714333,42952,22904,72,84,5744682,40000,0,0,125943
2026-04-23 13:30:47,28066202,64767,9736812,43056,22583,78,83,5784682,40000,0,0,132646
2026-04-23 13:30:48,28130374,64172,9759046,43153,22331,80,83,5844682,60000,0,0,133204
2026-04-23 13:30:50,28193961,63587,9781133,43245,22179,76,83,5894836,50154,0,0,139549
2026-04-23 13:30:51,28263618,69657,9805309,43351,24282,81,83,5894836,0,0,0,133886
2026-04-23 13:30:52,28331226,67608,9828762,43469,23571,78,84,5914836,20000,0,0,130779
2026-04-23 13:30:53,28399742,68516,9852550,43570,23889,74,83,5954836,40000,0,0,142720
2026-04-23 13:30:54,28469143,69401,9876617,43679,24176,79,83,5974836,20000,0,0,133626
2026-04-23 13:30:56,28535693,66550,9899782,43769,23255,77,83,5994836,20000,0,0,124464
2026-04-23 13:30:57,28603407,67714,9923269,43873,23591,77,83,6014836,20000,0,0,123484
2026-04-23 13:30:58,28671209,67802,9946791,43968,23617,74,83,6054836,40000,0,0,128277
2026-04-23 13:30:59,28740213,69004,9970750,44092,24083,73,83,6074836,20000,0,0,134891
2026-04-23 13:31:01,28809160,68947,9994652,44202,24012,80,83,6094836,20000,0,0,134673
2026-04-23 13:31:02,28876422,67262,10018025,44296,23467,80,83,6114836,20000,0,0,128478
2026-04-23 13:31:03,28944177,67755,10041506,44395,23580,81,83,6134836,20000,0,0,126418
2026-04-23 13:31:04,29011779,67602,10064940,44519,23558,71,83,6174836,40000,0,0,131715
2026-04-23 13:31:05,29080778,68999,10088862,44632,24035,74,83,6194836,20000,0,0,139400
2026-04-23 13:31:07,29148165,67387,10112245,44736,23487,76,83,6214836,20000,0,0,130900
2026-04-23 13:31:08,29215126,66961,10135466,44824,23309,79,84,6234836,20000,0,0,132374
2026-04-23 13:31:09,29282347,67221,10158733,44928,23371,79,83,6274836,40000,0,0,135583
2026-04-23 13:31:10,29351979,69632,10182905,45037,24281,78,83,6288259,13423,0,0,135068
2026-04-23 13:31:12,29421648,69669,10207095,45147,24300,80,83,6296673,8414,0,0,140902
2026-04-23 13:31:13,29489913,68265,10230766,45254,23778,75,83,6313684,17011,0,0,134832
2026-04-23 13:31:14,29560086,70173,10255128,45360,24468,76,84,6322454,8770,0,0,141057
2026-04-23 13:31:15,29630960,70874,10279698,45464,24674,79,83,6330969,8515,0,0,144955
2026-04-23 13:31:16,29700177,69217,10303734,45574,24146,78,83,6338910,7941,0,0,146430
2026-04-23 13:31:18,29769403,69226,10327747,45690,24129,79,83,6347412,8502,0,0,143375
2026-04-23 13:31:19,29838992,69589,10351889,45783,24235,78,83,6362860,15448,0,0,142021
2026-04-23 13:31:20,29909059,70067,10376202,45881,24411,73,83,6370521,7661,0,0,138882
2026-04-23 13:31:21,29978949,69890,10400500,45975,24392,73,83,6378380,7859,0,0,148834
2026-04-23 13:31:23,30048164,69215,10424523,46075,24123,74,83,6386315,7935,0,0,141333
2026-04-23 13:31:24,30117146,68982,10448411,46183,23996,76,83,6401226,14911,0,0,124001
2026-04-23 13:31:25,30187272,70126,10472762,46298,24466,78,83,6408840,7614,0,0,127208
2026-04-23 13:31:26,30257257,69985,10497001,46422,24363,68,83,6415730,6890,0,0,122751
2026-04-23 13:31:27,30327227,69970,10521304,46527,24408,78,83,6422722,6992,0,0,132596
2026-04-23 13:31:29,30396143,68916,10545226,46635,24030,78,83,6430123,7401,0,0,123380
2026-04-23 13:31:30,30466670,70527,10569668,46733,24540,79,83,6443548,13425,0,0,125103
2026-04-23 13:31:31,30536881,70211,10593993,46830,24422,78,83,6450396,6848,0,0,130105
2026-04-23 13:31:32,30607035,70154,10618311,46946,24434,76,83,6456664,6268,0,0,129945
2026-04-23 13:31:34,30676783,69748,10642516,47045,24304,81,83,6463188,6524,0,0,133964
2026-04-23 13:31:35,30744504,67721,10666024,47146,23609,80,83,6476455,13267,0,0,127205
2026-04-23 13:31:36,30814365,69861,10690263,47260,24353,80,84,6483267,6812,0,0,127512
2026-04-23 13:31:37,30883876,69511,10714408,47372,24257,65,83,6489743,6476,0,0,135154
2026-04-23 13:31:38,30951707,67831,10737969,47482,23671,76,83,6500722,10979,0,0,134663
2026-04-23 13:31:40,31022404,70697,10762460,47605,24614,70,83,6505249,4527,0,0,134070
2026-04-23 13:31:41,31091121,68717,10786278,47717,23930,78,83,6514082,8833,0,0,128678
2026-04-23 13:31:42,31160394,69273,10810310,47828,24143,78,83,6522499,8417,0,0,129373
2026-04-23 13:31:43,31230024,69630,10834465,47933,24260,80,83,6530667,8168,0,0,141763
2026-04-23 13:31:45,31299209,69185,10858484,48030,24116,77,83,6534981,4314,0,0,116471
2026-04-23 13:31:46,31368519,69310,10882487,48139,24112,75,83,6543401,8420,0,0,116243
2026-04-23 13:31:47,31437060,68541,10906309,48236,23919,79,83,6551945,8544,0,0,121192
2026-04-23 13:31:48,31506665,69605,10930482,48344,24281,81,83,6555965,4020,0,0,120938
2026-04-23 13:31:49,31576028,69363,10954525,48460,24159,73,83,6564527,8562,0,0,130366
2026-04-23 13:31:51,31645856,69828,10978733,48574,24322,78,83,6572411,7884,0,0,120731
2026-04-23 13:31:52,31716195,70339,11003149,48681,24523,66,84,6576206,3795,0,0,120509
2026-04-23 13:31:53,31785929,69734,11027325,48777,24272,70,83,6584730,8524,0,0,122670
2026-04-23 13:31:54,31855683,69754,11051495,48880,24273,77,83,6593653,8923,0,0,127531
2026-04-23 13:31:56,31924755,69072,11075519,48978,24122,78,83,6602080,8427,0,0,130937
2026-04-23 13:31:57,31995348,70593,11099958,49090,24551,75,83,6606717,4637,0,0,123103
2026-04-23 13:31:58,32063895,68547,11123775,49183,23910,82,84,6615490,8773,0,0,122569
2026-04-23 13:31:59,32133473,69578,11147884,49306,24232,80,83,6625444,9954,0,0,130756
2026-04-23 13:32:00,32202188,68715,11171778,49401,23989,67,83,6634792,9348,0,0,129009
2026-04-23 13:32:02,32272663,70475,11196226,49510,24557,79,83,6639778,4986,0,0,132568
2026-04-23 13:32:03,32341922,69259,11220259,49612,24135,79,83,6649673,9895,0,0,128306
2026-04-23 13:32:04,32412123,70201,11244618,49709,24456,76,83,6659763,10090,0,0,125240
2026-04-23 13:32:05,32481536,69413,11268747,49799,24219,76,83,6670612,10849,0,0,137019
2026-04-23 13:32:07,32551296,69760,11292972,49926,24352,79,83,6676488,5876,0,0,129776
2026-04-23 13:32:08,32620142,68846,11316863,50030,23995,78,83,6688416,11928,0,0,123865
2026-04-23 13:32:09,32690623,70481,11341245,50157,24509,71,83,6700543,12127,0,0,127870
2026-04-23 13:32:10,32759112,68489,11364985,50268,23851,73,83,6712378,11835,0,0,123883
2026-04-23 13:32:11,32829642,70530,11389449,50381,24577,79,83,6718674,6296,0,0,132116
2026-04-23 13:32:13,32898781,69139,11413426,50482,24078,78,83,6732770,14096,0,0,120396
2026-04-23 13:32:14,32968431,69650,11437535,50603,24230,69,83,6747435,14665,0,0,125740
2026-04-23 13:32:15,33039287,70856,11462068,50712,24642,70,83,6754865,7430,0,0,127528
2026-04-23 13:32:16,33108725,69438,11486185,50800,24205,76,83,6770455,15590,0,0,128243
2026-04-23 13:32:18,33178608,69883,11510431,50916,24362,80,83,6778781,8326,0,0,136592
2026-04-23 13:32:19,33247643,69035,11534408,51001,24062,78,83,6795086,16305,0,0,124147
2026-04-23 13:32:20,33315387,67744,11557963,51109,23663,73,84,6811760,16674,0,0,124954
2026-04-23 13:32:21,33386630,71243,11582659,51194,24781,78,83,6819759,7999,0,0,136119
2026-04-23 13:32:22,33456293,69663,11606799,51284,24230,73,83,6835947,16188,0,0,128575
2026-04-23 13:32:24,33524445,68152,11630420,51402,23739,76,83,6845524,9577,0,0,121559
2026-04-23 13:32:25,33593778,69333,11654523,51507,24208,74,83,6863332,17808,0,0,105608
2026-04-23 13:32:26,33662288,68510,11678271,51616,23857,80,83,6883510,20178,0,0,108692
2026-04-23 13:32:27,33733007,70719,11702778,51725,24616,79,83,6894475,10965,0,0,122031
2026-04-23 13:32:29,33802266,69259,11726772,51829,24098,73,83,6904629,10154,0,0,122285
2026-04-23 13:32:30,33870960,68694,11750611,51935,23945,80,83,6927323,22694,0,0,123383
2026-04-23 13:32:31,33940008,69048,11774539,52047,24040,79,83,6938437,11114,0,0,122237
2026-04-23 13:32:32,34008622,68614,11798368,52135,23917,81,83,6960677,22240,0,0,120532
2026-04-23 13:32:33,34075770,67148,11821704,52229,23430,79,83,6982829,22152,0,0,130149
2026-04-23 13:32:35,34145469,69699,11845889,52331,24287,76,83,6994888,12059,0,0,133174
2026-04-23 13:32:36,34212799,67330,11869244,52442,23466,81,83,7019173,24285,0,0,132185
2026-04-23 13:32:37,34281426,68627,11893018,52577,23909,77,83,7031695,12522,0,0,135231
2026-04-23 13:32:38,34349898,68472,11916723,52701,23829,78,83,7045129,13434,0,0,134956
2026-04-23 13:32:40,34419018,69120,11940675,52799,24050,73,83,7072632,27503,0,0,147209
2026-04-23 13:32:41,34487853,68835,11964559,52907,23992,80,83,7086645,14013,0,0,135302
2026-04-23 13:32:42,34554923,67070,11987794,53003,23331,77,84,7101366,14721,0,0,139207
2026-04-23 13:32:43,34623505,68582,12011593,53112,23908,76,83,7129389,28023,0,0,149523
2026-04-23 13:32:44,34691702,68197,12035230,53228,23753,73,83,7142440,13051,0,0,135962
2026-04-23 13:32:46,34760423,68721,12059043,53335,23920,76,83,7171943,29503,0,0,140607
2026-04-23 13:32:47,34828630,68207,12082701,53429,23752,78,83,7189203,17260,0,0,132044
2026-04-23 13:32:48,34896268,67638,12106233,53521,23624,78,83,7205823,16620,0,0,132588
2026-04-23 13:32:49,34964108,67840,12129741,53617,23604,75,83,7223724,17901,0,0,140146
2026-04-23 13:32:50,35030599,66491,12152812,53726,23180,79,83,7257367,33643,0,0,139890
2026-04-23 13:32:52,35099800,69201,12176820,53828,24110,78,83,7274479,17112,0,0,139221
2026-04-23 13:32:53,35168341,68541,12200609,53937,23898,77,83,7293031,18552,0,0,138233
2026-04-23 13:32:54,35235196,66855,12223842,54035,23331,76,83,7310792,17761,0,0,140296
2026-04-23 13:32:55,35303316,68120,12247461,54119,23703,79,83,7329319,18527,0,0,154793
2026-04-23 13:32:57,35370520,67204,12270782,54248,23450,74,83,7365152,35833,0,0,144234
2026-04-23 13:32:58,35438569,68049,12294319,54373,23662,75,83,7382244,17092,0,0,139346
2026-04-23 13:32:59,35507257,68688,12318144,54473,23925,76,83,7399442,17198,0,0,146478
2026-04-23 13:33:00,35574761,67504,12341554,54574,23511,81,83,7417839,18397,0,0,144889
2026-04-23 13:33:01,35642739,67978,12365141,54676,23689,76,83,7437284,19445,0,0,157064
2026-04-23 13:33:03,35710890,68151,12388783,54777,23743,76,83,7474114,36830,0,0,141757
2026-04-23 13:33:04,35779430,68540,12412555,54880,23875,80,84,7493419,19305,0,0,135218
2026-04-23 13:33:05,35847300,67870,12436156,54974,23695,75,83,7512652,19233,0,0,138043
2026-04-23 13:33:06,35914766,67466,12459548,55088,23506,77,83,7531858,19206,0,0,137155
2026-04-23 13:33:08,35980971,66205,12482562,55182,23108,74,83,7570280,38422,0,0,140122
2026-04-23 13:33:09,36049854,68883,12506428,55290,23974,76,83,7588577,18297,0,0,132570
2026-04-23 13:33:10,36117980,68126,12530017,55412,23711,79,84,7607052,18475,0,0,133181
2026-04-23 13:33:11,36184824,66844,12553226,55513,23310,76,83,7626210,19158,0,0,143092
2026-04-23 13:33:12,36251952,67128,12576533,55608,23402,76,83,7644447,18237,0,0,142011
2026-04-23 13:33:14,36319249,67297,12599916,55697,23472,75,83,7683208,38761,0,0,135852
2026-04-23 13:33:15,36387379,68130,12623553,55786,23726,75,83,7702529,19321,0,0,130690
2026-04-23 13:33:16,36455794,68415,12647277,55873,23811,72,83,7720492,17963,0,0,128681
2026-04-23 13:33:17,36522583,66789,12670477,55981,23308,76,83,7740499,20007,0,0,137210
2026-04-23 13:33:19,36588229,65646,12693254,56083,22879,76,83,7780219,39720,0,0,136671
2026-04-23 13:33:20,36657653,69424,12717393,56179,24235,78,83,7799705,19486,0,0,131697
2026-04-23 13:33:21,36726460,68807,12741262,56278,23968,78,83,7819712,20007,0,0,133810
2026-04-23 13:33:22,36794341,67881,12764768,56385,23613,79,83,7839719,20007,0,0,132252
2026-04-23 13:33:23,36862710,68369,12788408,56501,23756,77,83,7858518,18799,0,0,142782
2026-04-23 13:33:25,36930749,68039,12811968,56604,23663,74,83,7898069,39551,0,0,128239
2026-04-23 13:33:26,36998906,68157,12835633,56713,23774,75,83,7916840,18771,0,0,120852
2026-04-23 13:33:27,37067312,68406,12859333,56825,23812,81,83,7936379,19539,0,0,125473
2026-04-23 13:33:28,37130283,62971,12881220,56937,21999,81,83,7955616,19237,0,0,123136
2026-04-23 13:33:30,37191999,61716,12902623,57028,21494,79,83,7993943,38327,0,0,127247
2026-04-23 13:33:31,37259612,67613,12926072,57137,23558,79,83,8013678,19735,0,0,119015
2026-04-23 13:33:32,37328016,68404,12949782,57231,23804,78,83,8033322,19644,0,0,120011
2026-04-23 13:33:33,37393779,65763,12972566,57327,22880,75,83,8052654,19332,0,0,118656
2026-04-23 13:33:34,37461213,67434,12995906,57439,23452,75,83,8071796,19142,0,0,129836
2026-04-23 13:33:36,37528777,67564,13019339,57550,23544,77,83,8111261,39465,0,0,124089
2026-04-23 13:33:37,37597633,68856,13043235,57664,24010,76,83,8131229,19968,0,0,115286
2026-04-23 13:33:38,37665809,68176,13066897,57760,23758,79,83,8150054,18825,0,0,118350
2026-04-23 13:33:39,37731350,65541,13089658,57854,22855,80,83,8169392,19338,0,0,122814
2026-04-23 13:33:40,37797537,66187,13112630,57950,23068,73,83,8188503,19111,0,0,127011
2026-04-23 13:33:42,37864825,67288,13135943,58060,23423,77,83,8228517,40014,0,0,117771
2026-04-23 13:33:43,37933214,68389,13159686,58166,23849,78,83,8248524,20007,0,0,117320
2026-04-23 13:33:44,38001651,68437,13183414,58262,23824,79,83,8268531,20007,0,0,120823
2026-04-23 13:33:45,38068487,66836,13206644,58376,23344,74,83,8288538,20007,0,0,125499
2026-04-23 13:33:47,38135218,66731,13229769,58478,23227,75,83,8328552,40014,0,0,116973
2026-04-23 13:33:48,38203180,67962,13253359,58573,23685,77,83,8348559,20007,0,0,110518
2026-04-23 13:33:49,38271409,68229,13276994,58672,23734,75,83,8368566,20007,0,0,117022
2026-04-23 13:33:50,38339559,68150,13300609,58791,23734,79,83,8388573,20007,0,0,120559
2026-04-23 13:33:51,38406610,67051,13323870,58899,23369,80,83,8408580,20007,0,0,122692
2026-04-23 13:33:53,38473978,67368,13347246,58996,23473,76,83,8448595,40015,0,0,116504
2026-04-23 13:33:54,38543312,69334,13371321,59097,24176,73,83,8468602,20007,0,0,113245
2026-04-23 13:33:55,38610118,66806,13394465,59207,23254,79,83,8488621,20019,0,0,116282
2026-04-23 13:33:56,38670712,60594,13415526,59302,21156,77,83,8508733,20112,0,0,119316
2026-04-23 13:33:58,38732318,61606,13436893,59387,21452,76,83,8528773,20040,0,0,125902
2026-04-23 13:33:59,38798946,66628,13459995,59502,23217,79,83,8568875,40102,0,0,112166
2026-04-23 13:34:00,38865902,66956,13483242,59615,23360,72,83,8588963,20088,0,0,111722
2026-04-23 13:34:01,38930568,64666,13505671,59710,22524,77,83,8609078,20115,0,0,116425
2026-04-23 13:34:02,38998042,67474,13529087,59808,23514,71,83,8629219,20141,0,0,123388
2026-04-23 13:34:04,39065531,67489,13552515,59898,23518,79,83,8669560,40341,0,0,121954
2026-04-23 13:34:05,39134485,68954,13576480,59982,24049,79,83,8689745,20185,0,0,114160
2026-04-23 13:34:06,39202572,68087,13600112,60084,23734,81,83,8709930,20185,0,0,119883
2026-04-23 13:34:07,39268811,66239,13623104,60178,23086,74,83,8730115,20185,0,0,126137
2026-04-23 13:34:09,39335542,66731,13646280,60291,23289,71,83,8770485,40370,0,0,123251
2026-04-23 13:34:10,39404835,69293,13670311,60394,24134,81,83,8790670,20185,0,0,103926
2026-04-23 13:34:11,39473593,68758,13694173,60487,23955,79,83,8810855,20185,0,0,104992
2026-04-23 13:34:12,39540338,66745,13717369,60590,23299,78,83,8831039,20184,0,0,110074
2026-04-23 13:34:13,39607948,67610,13740785,60707,23533,76,83,8851224,20185,0,0,118613
2026-04-23 13:34:15,39675930,67982,13764374,60815,23697,78,83,8891593,40369,0,0,115623
2026-04-23 13:34:16,39744721,68791,13788242,60911,23964,76,83,8911778,20185,0,0,111283
2026-04-23 13:34:17,39813027,68306,13811915,61011,23773,79,83,8931963,20185,0,0,116897
2026-04-23 13:34:18,39879576,66549,13835036,61106,23216,71,83,8952147,20184,0,0,123301
2026-04-23 13:34:20,39945691,66115,13857999,61206,23063,75,83,8992517,40370,0,0,131500
2026-04-23 13:34:21,40014257,68566,13881800,61317,23912,74,83,9012702,20185,0,0,124192
2026-04-23 13:34:22,40083061,68804,13905654,61435,23972,76,83,9032887,20185,0,0,126938
2026-04-23 13:34:23,40151535,68474,13929393,61527,23831,74,83,9053072,20185,0,0,129668
2026-04-23 13:34:24,40217332,65797,13952275,61633,22988,74,83,9073257,20185,0,0,135804
2026-04-23 13:34:26,40284360,67028,13975528,61742,23362,77,83,9113626,40369,0,0,133497
2026-04-23 13:34:27,40352322,67962,13999121,61851,23702,73,83,9133811,20185,0,0,128851
2026-04-23 13:34:28,40420476,68154,14022806,61948,23782,71,83,9153995,20184,0,0,141324
2026-04-23 13:34:29,40487583,67107,14046086,62058,23390,71,83,9174178,20183,0,0,139118
2026-04-23 13:34:31,40553469,65886,14068958,62145,22959,78,83,9214544,40366,0,0,139350
2026-04-23 13:34:32,40621354,67885,14092561,62233,23691,81,83,9234730,20186,0,0,130834
2026-04-23 13:34:33,40689372,68018,14116172,62351,23729,79,84,9254916,20186,0,0,134048
2026-04-23 13:34:34,40756527,67155,14139448,62455,23380,75,83,9275101,20185,0,0,136247
2026-04-23 13:34:35,40823637,67110,14162740,62570,23407,73,83,9295286,20185,0,0,137656
2026-04-23 13:34:37,40891432,67795,14186245,62683,23618,77,83,9335654,40368,0,0,136527
2026-04-23 13:34:38,40960244,68812,14210133,62767,23972,77,83,9355838,20184,0,0,127335
2026-04-23 13:34:39,41028858,68614,14233908,62871,23879,80,83,9376022,20184,0,0,126704
2026-04-23 13:34:40,41097286,68428,14257606,62984,23811,77,83,9396205,20183,0,0,132867
2026-04-23 13:34:42,41164333,67047,14280877,63080,23367,75,83,9434486,38281,0,0,134670
2026-04-23 13:34:43,41234136,69803,14305089,63184,24316,79,83,9446527,12041,0,0,121877
2026-04-23 13:34:44,41302962,68826,14328987,63284,23998,72,83,9457576,11049,0,0,122603
2026-04-23 13:34:45,41372833,69871,14353214,63390,24333,72,83,9477317,19741,0,0,130272
2026-04-23 13:34:46,41441029,68196,14376879,63494,23769,69,83,9487012,9695,0,0,134439
2026-04-23 13:34:48,41510477,69448,14400999,63600,24226,74,83,9506813,19801,0,0,133037
2026-04-23 13:34:49,41579217,68740,14424887,63708,23996,75,83,9516456,9643,0,0,125906
2026-04-23 13:34:50,41649302,70085,14449187,63801,24393,78,83,9535010,18554,0,0,127877
2026-04-23 13:34:51,41717154,67852,14472785,63905,23702,75,83,9552848,17838,0,0,129697
2026-04-23 13:34:53,41788127,70973,14497378,64008,24696,77,83,9560762,7914,0,0,135147
2026-04-23 13:34:54,41855948,67821,14520954,64098,23666,76,83,9577820,17058,0,0,127873
2026-04-23 13:34:55,41926143,70195,14545286,64195,24429,78,83,9585337,7517,0,0,131211
2026-04-23 13:34:56,41994405,68262,14568960,64302,23781,80,83,9601143,15806,0,0,134212
2026-04-23 13:34:57,42059773,65368,14591709,64403,22850,74,83,9608461,7318,0,0,141664
2026-04-23 13:34:59,42127573,67800,14615199,64510,23597,79,83,9624151,15690,0,0,137920
2026-04-23 13:35:00,42195447,67874,14638748,64602,23641,80,83,9632180,8029,0,0,129956
2026-04-23 13:35:01,42265565,70118,14663091,64709,24450,78,83,9647186,15006,0,0,136747
2026-04-23 13:35:02,42335297,69732,14687287,64821,24308,74,83,9661701,14515,0,0,141292
2026-04-23 13:35:04,42404159,68862,14711224,64920,24036,80,83,9668846,7145,0,0,141279
2026-04-23 13:35:05,42474068,69909,14735475,65043,24374,74,83,9682707,13861,0,0,135662
2026-04-23 13:35:06,42543408,69340,14759555,65159,24196,76,83,9696828,14121,0,0,135562
2026-04-23 13:35:07,42613218,69810,14783801,65266,24353,74,83,9703854,7026,0,0,140052
2026-04-23 13:35:08,42683284,70066,14808086,65357,24376,76,83,9717913,14059,0,0,143665
2026-04-23 13:35:10,42753407,70123,14832418,65463,24438,76,83,9731457,13544,0,0,144705
2026-04-23 13:35:11,42823102,69695,14856597,65567,24283,76,83,9738191,6734,0,0,123921
2026-04-23 13:35:12,42892000,68898,14880526,65667,24029,77,83,9751192,13001,0,0,121584
2026-04-23 13:35:13,42958904,66904,14903749,65769,23325,79,83,9764798,13606,0,0,128383
2026-04-23 13:35:15,43030222,71318,14928430,65885,24797,75,83,9771391,6593,0,0,134027
2026-04-23 13:35:16,43098774,68552,14952248,66000,23933,73,83,9784919,13528,0,0,129455
2026-04-23 13:35:17,43168488,69714,14976421,66097,24270,75,83,9797965,13046,0,0,124178
2026-04-23 13:35:18,43238802,70314,15000862,66195,24539,74,83,9804538,6573,0,0,130256
2026-04-23 13:35:19,43308485,69683,15025040,66303,24286,73,83,9818178,13640,0,0,130287
2026-04-23 13:35:21,43377945,69460,15049164,66399,24220,68,83,9831919,13741,0,0,130091
2026-04-23 13:35:22,43448024,70079,15073420,66523,24380,71,83,9839094,7175,0,0,117925
2026-04-23 13:35:23,43517836,69812,15097622,66633,24312,79,83,9852723,13629,0,0,115520
2026-04-23 13:35:24,43587652,69816,15121854,66739,24338,75,83,9866755,14032,0,0,122858
2026-04-23 13:35:25,43656728,69076,15145829,66849,24085,70,83,9873608,6853,0,0,127333
2026-04-23 13:35:27,43725979,69251,15169856,66950,24128,81,83,9887280,13672,0,0,121081
2026-04-23 13:35:28,43793779,67800,15193379,67049,23622,74,83,9901042,13762,0,0,116708
2026-04-23 13:35:29,43857683,63904,15215532,67142,22246,78,83,9916076,15034,0,0,119706
2026-04-23 13:35:30,43927262,69579,15239686,67245,24257,81,83,9923002,6926,0,0,130627
2026-04-23 13:35:32,43994956,67694,15263174,67338,23581,79,83,9936420,13418,0,0,135862
2026-04-23 13:35:33,44062351,67395,15286558,67452,23498,77,83,9950517,14097,0,0,125506
2026-04-23 13:35:34,44126670,64319,15308926,67560,22476,81,83,9958078,7561,0,0,125707
2026-04-23 13:35:35,44195063,68393,15332594,67654,23762,77,83,9973631,15553,0,0,128748
2026-04-23 13:35:36,44261817,66754,15355747,67748,23247,79,83,9988981,15350,0,0,132724
2026-04-23 13:35:38,44328630,66813,15378963,67852,23320,75,83,10004091,15110,0,0,133840
2026-04-23 13:35:39,44395432,66802,15402118,67953,23256,81,83,10011599,7508,0,0,126231
2026-04-23 13:35:40,44457942,62510,15423776,68059,21764,80,83,10026323,14724,0,0,131551
2026-04-23 13:35:41,44519695,61753,15445197,68146,21508,81,83,10041120,14797,0,0,129027
2026-04-23 13:35:42,44584878,65183,15467808,68246,22711,77,83,10048864,7744,0,0,138814
2026-04-23 13:35:44,44645757,60879,15488927,68341,21214,73,83,10066987,18123,0,0,125127
2026-04-23 13:35:45,44709540,63783,15511063,68448,22243,81,83,10075361,8374,0,0,119848
2026-04-23 13:35:46,44773042,63502,15533057,68538,22084,72,83,10091396,16035,0,0,124989
2026-04-23 13:35:47,44835159,62117,15554581,68653,21639,77,83,10108743,17347,0,0,126744
2026-04-23 13:35:48,44900975,65816,15577403,68746,22915,72,83,10117476,8733,0,0,132670
2026-04-23 13:35:50,44961164,60189,15598282,68841,20974,81,83,10135762,18286,0,0,129028
2026-04-23 13:35:51,45027154,65990,15621190,68941,23008,80,83,10145578,9816,0,0,124338
2026-04-23 13:35:52,45088422,61268,15642520,69015,21404,77,83,10165848,20270,0,0,128609
2026-04-23 13:35:53,45153029,64607,15664944,69121,22530,77,83,10175585,9737,0,0,131608
2026-04-23 13:35:55,45215245,62216,15686529,69229,21693,78,83,10194598,19013,0,0,136566
2026-04-23 13:35:56,45275912,60667,15707597,69327,21166,81,83,10203264,8666,0,0,114397
2026-04-23 13:35:57,45337666,61754,15728982,69422,21480,77,83,10222497,19233,0,0,117719
2026-04-23 13:35:58,45399177,61511,15750352,69518,21466,68,83,10232246,9749,0,0,119776
2026-04-23 13:35:59,45463311,64134,15772550,69613,22293,76,83,10252353,20107,0,0,128375
2026-04-23 13:36:01,45527207,63896,15794742,69695,22274,80,83,10262428,10075,0,0,134079
2026-04-23 13:36:02,45588813,61606,15816112,69785,21460,78,83,10283743,21315,0,0,126033
2026-04-23 13:36:03,45654482,65669,15838930,69886,22919,81,83,10294330,10587,0,0,132893
2026-04-23 13:36:04,45715915,61433,15860219,69984,21387,77,83,10316651,22321,0,0,133965
2026-04-23 13:36:05,45781548,65633,15882934,70094,22825,77,83,10327160,10509,0,0,134953
2026-04-23 13:36:07,45840355,58807,15903336,70191,20499,81,83,10338866,11706,0,0,135606
2026-04-23 13:36:08,45899002,58647,15923657,70291,20421,80,83,10362498,23632,0,0,126059
2026-04-23 13:36:09,45962471,63469,15945714,70382,22148,77,83,10374151,11653,0,0,131595
2026-04-23 13:36:10,46018875,56404,15965347,70467,19718,81,83,10386840,12689,0,0,133559
2026-04-23 13:36:11,46075925,57050,15985070,70565,19821,81,83,10412939,26099,0,0,134365
2026-04-23 13:36:13,46139629,63704,16007246,70655,22266,81,83,10425677,12738,0,0,140015
2026-04-23 13:36:14,46199263,59634,16027952,70741,20792,81,83,10438299,12622,0,0,129262
2026-04-23 13:36:15,46257147,57884,16048043,70825,20175,78,83,10462684,24385,0,0,132750
2026-04-23 13:36:16,46323102,65955,16070968,70927,23027,81,83,10474668,11984,0,0,135166
2026-04-23 13:36:17,46384770,61668,16092388,71028,21521,81,83,10487878,13210,0,0,141003
2026-04-23 13:36:19,46443414,58644,16112724,71110,20418,76,83,10515324,27446,0,0,138778
2026-04-23 13:36:20,46505300,61886,16134163,71208,21537,76,83,10528854,13530,0,0,124181
2026-04-23 13:36:21,46567028,61728,16155571,71296,21496,78,83,10543093,14239,0,0,126625
2026-04-23 13:36:22,46624417,57389,16175496,71398,20027,81,83,10556813,13720,0,0,129036
2026-04-23 13:36:23,46682328,57911,16195597,71480,20183,80,83,10570639,13826,0,0,134899
2026-04-23 13:36:25,46744746,62418,16217217,71569,21709,81,83,10599093,28454,0,0,137607
2026-04-23 13:36:26,46812841,68095,16240789,71679,23682,80,83,10613476,14383,0,0,134717
2026-04-23 13:36:27,46877461,64620,16263226,71763,22521,76,83,10627000,13524,0,0,135703
2026-04-23 13:36:28,46941975,64514,16285575,71872,22458,80,83,10657286,30286,0,0,135039
2026-04-23 13:36:29,47006705,64730,16308033,71979,22565,78,83,10672512,15226,0,0,132935
2026-04-23 13:36:31,47070226,63521,16330056,72086,22130,81,83,10686705,14193,0,0,133145
2026-04-23 13:36:32,47126047,55821,16349474,72157,19489,81,83,10702517,15812,0,0,123930
2026-04-23 13:36:33,47184010,57963,16369563,72250,20182,76,83,10734763,32246,0,0,128549
2026-04-23 13:36:34,47248682,64672,16391984,72351,22522,80,83,10750655,15892,0,0,128677
2026-04-23 13:36:35,47311270,62588,16413733,72446,21844,76,83,10767199,16544,0,0,135975
2026-04-23 13:36:37,47372284,61014,16434911,72534,21266,80,83,10783330,16131,0,0,135892
2026-04-23 13:36:38,47432345,60061,16455800,72623,20978,67,83,10800183,16853,0,0,125156
2026-04-23 13:36:39,47496961,64616,16478168,72727,22472,77,83,10832750,32567,0,0,119385
2026-04-23 13:36:40,47562005,65044,16500720,72823,22648,81,83,10848558,15808,0,0,119329
2026-04-23 13:36:41,47624286,62281,16522362,72911,21730,81,83,10863804,15246,0,0,123709
2026-04-23 13:36:43,47682726,58440,16542649,73002,20378,80,83,10880606,16802,0,0,120831
2026-04-23 13:36:44,47744302,61576,16563992,73099,21440,77,83,10914812,34206,0,0,116259
2026-04-23 13:36:45,47810213,65911,16586783,73204,22896,75,83,10931806,16994,0,0,119771
2026-04-23 13:36:46,47876437,66224,16609774,73292,23079,76,83,10949390,17584,0,0,119979
2026-04-23 13:36:47,47941048,64611,16632218,73371,22523,73,83,10966699,17309,0,0,125261
2026-04-23 13:36:49,48004569,63521,16654256,73461,22128,81,83,10983861,17162,0,0,119005
2026-04-23 13:36:50,48069538,64969,16676780,73568,22631,77,83,11018959,35098,0,0,108101
2026-04-23 13:36:51,48135795,66257,16699767,73659,23078,81,83,11036832,17873,0,0,114071
2026-04-23 13:36:52,48201834,66039,16722653,73757,22984,75,83,11053945,17113,0,0,118081
2026-04-23 13:36:54,48265318,63484,16744712,73843,22145,81,83,11071554,17609,0,0,122621
2026-04-23 13:36:55,48327742,62424,16766398,73940,21783,81,83,11088956,17402,0,0,118454
2026-04-23 13:36:56,48392807,65065,16788962,74057,22681,79,84,11126144,37188,0,0,116174
2026-04-23 13:36:57,48459042,66235,16811898,74163,23042,76,83,11143993,17849,0,0,120908
2026-04-23 13:36:58,48526232,67190,16835222,74265,23426,81,83,11161915,17922,0,0,121731
2026-04-23 13:37:00,48590972,64740,16857662,74369,22544,73,83,11180290,18375,0,0,131318
2026-04-23 13:37:01,48654065,63093,16879513,74476,21958,79,83,11216732,36442,0,0,121546
2026-04-23 13:37:02,48720003,65938,16902432,74575,23018,80,84,11235657,18925,0,0,121514
2026-04-23 13:37:03,48786360,66357,16925430,74680,23103,75,83,11254539,18882,0,0,130989
2026-04-23 13:37:04,48850441,64081,16947698,74769,22357,80,83,11272908,18369,0,0,132400
2026-04-23 13:37:06,48912533,62092,16969227,74864,21624,75,83,11292058,19150,0,0,139026
2026-04-23 13:37:07,48976054,63521,16991301,74955,22165,81,83,11328297,36239,0,0,131741
2026-04-23 13:37:08,49042250,66196,17014302,75034,23080,80,84,11346811,18514,0,0,128795
2026-04-23 13:37:09,49109359,67109,17037514,75143,23321,80,83,11365029,18218,0,0,137271
2026-04-23 13:37:10,49170913,61554,17058859,75242,21444,79,83,11383057,18028,0,0,135394
2026-04-23 13:37:12,49233292,62379,17080556,75325,21780,80,83,11400356,17299,0,0,136309
2026-04-23 13:37:13,49297610,64318,17102866,75412,22397,80,83,11436804,36448,0,0,127860
2026-04-23 13:37:14,49363468,65858,17125710,75527,22959,82,84,11456821,20017,0,0,130107
2026-04-23 13:37:15,49429268,65800,17148559,75623,22945,74,83,11475546,18725,0,0,138364
2026-04-23 13:37:16,49490701,61433,17169873,75720,21411,76,83,11495178,19632,0,0,138076
2026-04-23 13:37:18,49555026,64325,17192191,75835,22433,79,83,11512983,17805,0,0,142308
2026-04-23 13:37:19,49620179,65153,17214821,75938,22733,71,83,11552309,39326,0,0,132096
2026-04-23 13:37:20,49685808,65629,17237648,76034,22923,74,83,11571220,18911,0,0,135076
2026-04-23 13:37:21,49751578,65770,17260448,76137,22903,72,83,11590876,19656,0,0,147420
2026-04-23 13:37:23,49815553,63975,17282653,76237,22305,73,83,11609948,19072,0,0,145020
2026-04-23 13:37:24,49879524,63971,17304876,76339,22325,80,83,11647810,37862,0,0,136538
2026-04-23 13:37:25,49945444,65920,17327701,76426,22912,80,83,11666628,18818,0,0,123452
2026-04-23 13:37:26,50011490,66046,17350642,76523,23038,81,83,11685810,19182,0,0,124465
2026-04-23 13:37:27,50077239,65749,17373417,76621,22873,76,83,11704541,18731,0,0,131140
2026-04-23 13:37:29,50140883,63644,17395479,76719,22160,80,83,11722706,18165,0,0,133441
2026-04-23 13:37:30,50205308,64425,17417833,76801,22436,77,83,11760576,37870,0,0,124985
2026-04-23 13:37:31,50271677,66369,17440853,76906,23125,81,83,11779264,18688,0,0,126037
2026-04-23 13:37:32,50336943,65266,17463503,77008,22752,81,83,11797958,18694,0,0,135341
2026-04-23 13:37:33,50399014,62071,17485080,77085,21654,75,83,11816848,18890,0,0,135119
2026-04-23 13:37:35,50459936,60922,17506232,77155,21222,78,83,11836223,19375,0,0,139410
2026-04-23 13:37:36,50523657,63721,17528302,77231,22146,70,83,11873397,37174,0,0,128205
2026-04-23 13:37:37,50588002,64345,17550642,77330,22439,78,83,11890382,16985,0,0,130461
2026-04-23 13:37:38,50646649,58647,17571023,77410,20461,79,83,11907840,17458,0,0,137475
2026-04-23 13:37:39,50703544,56895,17590704,77503,19774,79,83,11924938,17098,0,0,139635
2026-04-23 13:37:41,50760411,56867,17610401,77575,19769,79,83,11940971,16033,0,0,144616
2026-04-23 13:37:42,50817890,57479,17630379,77667,20070,72,83,11975515,34544,0,0,135387
2026-04-23 13:37:43,50877396,59506,17651003,77737,20694,72,83,11992760,17245,0,0,129640
2026-04-23 13:37:44,50938156,60760,17672110,77823,21193,76,83,12008264,15504,0,0,135712
2026-04-23 13:37:45,50989631,51475,17689959,77912,17938,72,83,12026195,17931,0,0,133064
2026-04-23 13:37:47,51044295,54664,17708963,77991,19083,81,83,12043168,16973,0,0,134496
2026-04-23 13:37:48,51103153,58858,17729345,78093,20484,76,83,12076613,33445,0,0,134914
2026-04-23 13:37:49,51166415,63262,17751289,78192,22043,80,83,12093844,17231,0,0,128977
2026-04-23 13:37:50,51223478,57063,17771118,78293,19930,81,83,12110791,16947,0,0,132689
2026-04-23 13:37:51,51279146,55668,17790394,78404,19387,81,83,12127334,16543,0,0,138771
2026-04-23 13:37:53,51333126,53980,17809107,78488,18797,80,83,12144218,16884,0,0,140104
2026-04-23 13:37:54,51391422,58296,17829321,78582,20308,76,83,12178416,34198,0,0,141337
2026-04-23 13:37:55,51450803,59381,17849976,78674,20747,74,83,12197032,18616,0,0,138635
2026-04-23 13:37:56,51509666,58863,17870362,78761,20473,81,83,12214253,17221,0,0,142881
2026-04-23 13:37:57,51565231,55565,17889660,78859,19396,81,83,12229933,15680,0,0,150263
2026-04-23 13:37:59,51624215,58984,17910128,78938,20547,81,83,12263290,33357,0,0,142423
2026-04-23 13:38:00,51687663,63448,17932143,79049,22126,79,83,12280518,17228,0,0,146809
2026-04-23 13:38:01,51753120,65457,17954819,79166,22793,72,83,12298646,18128,0,0,140748
2026-04-23 13:38:02,51817072,63952,17976973,79303,22291,77,83,12315439,16793,0,0,147601
2026-04-23 13:38:03,51878274,61202,17998230,79395,21349,74,83,12332643,17204,0,0,146409
2026-04-23 13:38:05,51940817,62543,18019906,79497,21778,75,83,12364116,31473,0,0,151625
2026-04-23 13:38:06,52005283,64466,18042303,79582,22482,80,83,12381137,17021,0,0,148894
2026-04-23 13:38:07,52064755,59472,18062983,79664,20762,75,83,12397233,16096,0,0,141012
2026-04-23 13:38:08,52121018,56263,18082534,79758,19645,79,83,12411185,13952,0,0,123451
2026-04-23 13:38:09,52181567,60549,18103516,79850,21074,76,83,12439395,28210,0,0,128289
2026-04-23 13:38:11,52246388,64821,18126002,79941,22577,75,83,12453567,14172,0,0,127724
2026-04-23 13:38:12,52310035,63647,18148132,80035,22224,73,83,12467312,13745,0,0,125104
2026-04-23 13:38:13,52374846,64811,18170590,80146,22569,73,83,12494137,26825,0,0,122156
2026-04-23 13:38:14,52441787,66941,18193828,80250,23342,76,83,12507172,13035,0,0,124334
2026-04-23 13:38:15,52505002,63215,18215759,80367,22048,81,83,12520265,13093,0,0,128357
2026-04-23 13:38:17,52570370,65368,18238396,80479,22749,80,83,12545653,25388,0,0,130007
2026-04-23 13:38:18,52632224,61854,18259945,80556,21626,81,83,12558720,13067,0,0,123350
2026-04-23 13:38:19,52696128,63904,18282020,80659,22178,75,83,12582675,23955,0,0,128236
2026-04-23 13:38:20,52762461,66333,18305037,80763,23121,76,83,12594144,11469,0,0,130001
2026-04-23 13:38:21,52823268,60807,18326120,80856,21176,77,83,12616816,22672,0,0,136379
2026-04-23 13:38:23,52889736,66468,18349150,80963,23137,73,83,12627560,10744,0,0,136907
2026-04-23 13:38:24,52951722,61986,18370721,81068,21676,73,84,12649197,21637,0,0,128664
2026-04-23 13:38:25,53018588,66866,18393920,81161,23292,73,83,12660909,11712,0,0,132377
2026-04-23 13:38:26,53083490,64902,18416446,81258,22623,81,83,12672809,11900,0,0,134226
2026-04-23 13:38:28,53149390,65900,18439299,81356,22951,68,83,12695435,22626,0,0,137730
2026-04-23 13:38:29,53214303,64913,18461837,81447,22629,81,83,12706230,10795,0,0,139553
2026-04-23 13:38:30,53279121,64818,18484350,81537,22603,81,84,12726973,20743,0,0,124676
2026-04-23 13:38:31,53343508,64387,18506704,81646,22463,80,83,12737364,10391,0,0,120549
2026-04-23 13:38:32,53409756,66248,18529668,81734,23052,80,83,12757022,19658,0,0,120117
2026-04-23 13:38:34,53474354,64598,18552107,81825,22530,81,83,12766511,9489,0,0,127971
2026-04-23 13:38:35,53538931,64577,18574529,81922,22519,71,83,12786103,19592,0,0,120901
2026-04-23 13:38:36,53603241,64310,18596846,82023,22418,81,84,12804647,18544,0,0,117457
2026-04-23 13:38:37,53672108,68867,18620749,82118,23998,80,83,12812987,8340,0,0,123841
2026-04-23 13:38:38,53738152,66044,18643629,82234,22996,79,83,12831395,18408,0,0,125182
2026-04-23 13:38:40,53804406,66254,18666634,82335,23106,77,83,12840083,8688,0,0,133096
2026-04-23 13:38:41,53869823,65417,18689347,82437,22815,76,83,12859124,19041,0,0,116525
2026-04-23 13:38:42,53933367,63544,18711458,82532,22206,80,83,12867980,8856,0,0,120181
2026-04-23 13:38:43,53999328,65961,18734278,82612,22900,78,83,12885896,17916,0,0,129746
2026-04-23 13:38:44,54063954,64626,18756684,82709,22503,78,83,12902278,16382,0,0,133753
2026-04-23 13:38:46,54130746,66792,18779862,82813,23282,81,83,12910004,7726,0,0,142329
2026-04-23 13:38:47,54192333,61587,18801219,82915,21459,77,83,12926788,16784,0,0,130401
2026-04-23 13:38:48,54255257,62924,18823080,83007,21953,79,83,12935536,8748,0,0,131975
2026-04-23 13:38:49,54320080,64823,18845578,83117,22608,77,83,12952481,16945,0,0,139804
2026-04-23 13:38:51,54383382,63302,18867493,83239,22037,80,83,12968919,16438,0,0,137837
2026-04-23 13:38:52,54450015,66633,18890587,83343,23198,80,83,12976459,7540,0,0,147365
2026-04-23 13:38:53,54513579,63564,18912599,83420,22089,76,83,12991619,15160,0,0,128798
2026-04-23 13:38:54,54575238,61659,18933960,83512,21453,79,83,13007048,15429,0,0,129594
2026-04-23 13:38:55,54641721,66483,18957039,83597,23164,78,83,13015302,8254,0,0,132470
2026-04-23 13:38:57,54703543,61822,18978478,83683,21525,80,83,13031780,16478,0,0,133873
2026-04-23 13:38:58,54765865,62322,19000140,83790,21769,80,83,13039459,7679,0,0,136810
2026-04-23 13:38:59,54826490,60625,19021136,83876,21082,74,83,13055644,16185,0,0,128219
2026-04-23 13:39:00,54885081,58591,19041471,83966,20425,81,83,13063617,7973,0,0,129354
2026-04-23 13:39:01,54948829,63748,19063597,84073,22233,68,83,13079993,16376,0,0,135717
2026-04-23 13:39:03,55011005,62176,19085135,84171,21636,78,83,13095192,15199,0,0,141655
2026-04-23 13:39:04,55071083,60078,19105993,84264,20951,81,83,13103189,7997,0,0,144240
2026-04-23 13:39:05,55134771,63688,19128033,84358,22134,80,83,13118578,15389,0,0,139534
2026-04-23 13:39:06,55195861,61090,19149152,84464,21225,75,83,13133497,14919,0,0,143387
2026-04-23 13:39:07,55257330,61469,19170549,84567,21500,72,83,13141599,8102,0,0,150496
2026-04-23 13:39:09,55320469,63139,19192429,84676,21989,73,83,13158265,16666,0,0,153805
2026-04-23 13:39:10,55382170,61701,19213804,84767,21466,75,83,13174680,16415,0,0,158763
2026-04-23 13:39:11,55448007,65837,19236654,84856,22939,78,83,13182967,8287,0,0,144521
2026-04-23 13:39:12,55512359,64352,19258987,84949,22426,74,83,13199125,16158,0,0,145821
2026-04-23 13:39:13,55575728,63369,19280934,85048,22046,76,83,13206564,7439,0,0,140220
2026-04-23 13:39:15,55641619,65891,19303771,85151,22940,76,83,13222955,16391,0,0,153043
2026-04-23 13:39:16,55706728,65109,19326346,85258,22682,81,83,13238772,15817,0,0,133324
2026-04-23 13:39:17,55772439,65711,19349127,85354,22877,79,83,13255320,16548,0,0,136427
2026-04-23 13:39:18,55839615,67176,19372433,85458,23410,78,83,13263694,8374,0,0,143944
2026-04-23 13:39:19,55906845,67230,19395725,85556,23390,81,83,13280758,17064,0,0,139164
2026-04-23 13:39:21,55973528,66683,19418802,85670,23191,72,83,13298582,17824,0,0,144423
2026-04-23 13:39:22,56041110,67582,19442222,85775,23525,78,83,13307255,8673,0,0,140169
2026-04-23 13:39:23,56107453,66343,19465302,85867,23172,81,83,13325130,17875,0,0,135619
2026-04-23 13:39:24,56172401,64948,19487833,85954,22618,80,83,13335180,10050,0,0,133279
2026-04-23 13:39:26,56239464,67063,19511132,86051,23396,75,83,13354960,19780,0,0,134637
2026-04-23 13:39:27,56306010,66546,19534202,86145,23164,80,83,13364282,9322,0,0,139405
2026-04-23 13:39:28,56373292,67282,19557508,86255,23416,82,84,13382537,18255,0,0,127648
2026-04-23 13:39:29,56438649,65357,19580156,86359,22752,80,83,13400464,17927,0,0,130057
2026-04-23 13:39:30,56505149,66500,19603278,86465,23228,80,83,13409761,9297,0,0,135510
2026-04-23 13:39:32,56571202,66053,19626227,86564,23048,79,83,13428641,18880,0,0,140654
2026-04-23 13:39:33,56636901,65699,19649033,86656,22898,81,83,13439143,10502,0,0,139990
2026-04-23 13:39:34,56703630,66729,19672216,86754,23281,77,84,13460324,21181,0,0,130188
2026-04-23 13:39:35,56768090,64460,19694642,86831,22503,81,83,13470229,9905,0,0,134104
2026-04-23 13:39:36,56835226,67136,19717924,86946,23397,76,83,13490492,20263,0,0,135942
2026-04-23 13:39:38,56901654,66428,19740968,87035,23133,77,83,13510800,20308,0,0,140704
2026-04-23 13:39:39,56969887,68233,19764612,87133,23742,79,83,13520807,10007,0,0,135747
2026-04-23 13:39:40,57036117,66230,19787539,87233,23027,75,83,13541587,20780,0,0,136803
2026-04-23 13:39:41,57104202,68085,19811232,87323,23783,78,83,13552008,10421,0,0,142879
2026-04-23 13:39:43,57169778,65576,19833971,87417,22833,77,83,13575154,23146,0,0,146881
2026-04-23 13:39:44,57236980,67202,19857306,87510,23428,78,83,13586625,11471,0,0,149909
2026-04-23 13:39:45,57301327,64347,19879649,87606,22439,79,83,13609661,23036,0,0,133314
2026-04-23 13:39:46,57368462,67135,19902961,87710,23416,77,83,13620208,10547,0,0,136374
2026-04-23 13:39:47,57433376,64914,19925486,87822,22637,75,83,13642487,22279,0,0,136679
2026-04-23 13:39:49,57500821,67445,19948871,87924,23487,77,83,13653633,11146,0,0,140625
2026-04-23 13:39:50,57564178,63357,19970890,88031,22126,79,83,13675078,21445,0,0,139656
2026-04-23 13:39:51,57629429,65251,19993510,88142,22731,81,83,13686314,11236,0,0,134057
2026-04-23 13:39:52,57693886,64457,20015877,88262,22487,80,83,13709358,23044,0,0,137400
2026-04-23 13:39:53,57760468,66582,20039002,88377,23240,81,83,13720770,11412,0,0,142851
2026-04-23 13:39:55,57825679,65211,20061560,88480,22661,77,83,13745446,24676,0,0,147806
2026-04-23 13:39:56,57893241,67562,20084981,88595,23536,76,84,13758056,12610,0,0,141953
2026-04-23 13:39:57,57958737,65496,20107705,88695,22824,78,83,13771491,13435,0,0,141678
2026-04-23 13:39:58,58024693,65956,20130575,88799,22974,77,83,13797290,25799,0,0,139505
2026-04-23 13:40:00,58091165,66472,20153672,88897,23195,76,83,13810206,12916,0,0,146291
2026-04-23 13:40:01,58154921,63756,20175740,88999,22170,80,83,13837576,27370,0,0,149001
2026-04-23 13:40:02,58220588,65667,20198518,89082,22861,75,84,13850834,13258,0,0,139197
2026-04-23 13:40:03,58286506,65918,20221402,89175,22977,76,83,13864168,13334,0,0,144659
2026-04-23 13:40:04,58351346,64840,20243900,89262,22585,79,83,13891402,27234,0,0,147213
2026-04-23 13:40:06,58418642,67296,20267261,89351,23450,79,83,13905279,13877,0,0,151970
2026-04-23 13:40:07,58483227,64585,20289720,89445,22553,79,83,13919013,13734,0,0,154171
2026-04-23 13:40:08,58548859,65632,20312475,89545,22855,79,84,13947327,28314,0,0,152538
2026-04-23 13:40:09,58615964,67105,20335794,89636,23410,73,83,13961616,14289,0,0,158998
2026-04-23 13:40:10,58680007,64043,20358063,89741,22374,80,83,13976403,14787,0,0,157500
2026-04-23 13:40:12,58744901,64894,20380616,89838,22650,74,83,14006428,30025,0,0,163616
2026-04-23 13:40:13,58810151,65250,20403269,89939,22754,80,83,14021171,14743,0,0,160143
2026-04-23 13:40:14,58874531,64380,20425585,90041,22418,76,83,14036748,15577,0,0,159434
2026-04-23 13:40:15,58938542,64011,20447851,90135,22360,75,83,14064215,27467,0,0,165567
2026-04-23 13:40:17,59005037,66495,20470871,90228,23113,76,83,14079190,14975,0,0,173250
2026-04-23 13:40:18,59070973,65936,20493768,90341,23010,70,83,14092591,13401,0,0,173899
2026-04-23 13:40:19,59137894,66921,20516972,90448,23311,75,83,14123178,30587,0,0,154670
2026-04-23 13:40:20,59204868,66974,20540229,90553,23362,73,83,14140382,17204,0,0,148947
2026-04-23 13:40:21,59270589,65721,20563071,90644,22933,77,83,14156783,16401,0,0,156080
2026-04-23 13:40:23,59333457,62868,20584939,90727,21951,81,83,14173640,16857,0,0,154952
2026-04-23 13:40:24,59397270,63813,20607067,90835,22236,78,83,14205689,32049,0,0,155330
2026-04-23 13:40:25,59464786,67516,20630530,90938,23566,78,83,14222706,17017,0,0,145448
2026-04-23 13:40:26,59530110,65324,20653186,91039,22757,77,83,14240607,17901,0,0,150557
2026-04-23 13:40:27,59589857,59747,20673910,91137,20822,75,83,14257758,17151,0,0,154131
2026-04-23 13:40:29,59653941,64084,20696186,91223,22362,77,83,14289104,31346,0,0,156561
2026-04-23 13:40:30,59721421,67480,20719592,91325,23508,79,83,14305168,16064,0,0,156756
2026-04-23 13:40:31,59788018,66597,20742726,91417,23226,74,83,14321532,16364,0,0,137437
2026-04-23 13:40:32,59850094,62076,20764284,91523,21664,69,83,14338466,16934,0,0,142368
2026-04-23 13:40:33,59914417,64323,20786587,91617,22397,74,83,14355431,16965,0,0,146482
2026-04-23 13:40:35,59980928,66511,20809660,91724,23180,75,83,14389499,34068,0,0,151409
2026-04-23 13:40:36,60048338,67410,20833029,91823,23468,79,83,14406208,16709,0,0,143848
2026-04-23 13:40:37,60111691,63353,20855034,91914,22096,68,83,14422999,16791,0,0,142089
2026-04-23 13:40:38,60168958,57267,20874848,92005,19905,80,83,14440772,17773,0,0,142912
2026-04-23 13:40:39,60229290,60332,20895796,92107,21050,81,83,14455951,15179,0,0,144294
2026-04-23 13:40:41,60294674,65384,20918450,92189,22736,77,83,14491025,35074,0,0,142362
2026-04-23 13:40:42,60360529,65855,20941345,92288,22994,64,83,14508861,17836,0,0,123633
2026-04-23 13:40:43,60424975,64446,20963676,92380,22423,74,83,14526525,17664,0,0,123620
2026-04-23 13:40:44,60489093,64118,20985912,92464,22320,78,83,14543883,17358,0,0,127530
2026-04-23 13:40:46,60547060,57967,21006076,92550,20250,80,83,14562897,19014,0,0,129431
2026-04-23 13:40:47,60611900,64840,21028501,92654,22529,79,83,14596382,33485,0,0,136429
2026-04-23 13:40:48,60675406,63506,21050533,92762,22140,72,83,14613675,17293,0,0,124176
2026-04-23 13:40:49,60737029,61623,21071917,92863,21485,81,83,14630843,17168,0,0,128816
2026-04-23 13:40:50,60798377,61348,21093197,92973,21390,78,83,14647593,16750,0,0,131533
2026-04-23 13:40:52,60861776,63399,21115179,93062,22071,77,83,14683598,36005,0,0,136471
2026-04-23 13:40:53,60927806,66030,21138145,93142,23046,81,83,14702739,19141,0,0,135055
2026-04-23 13:40:54,60994321,66515,21161195,93253,23161,76,83,14719612,16873,0,0,123973
2026-04-23 13:40:55,61056403,62082,21182766,93356,21674,80,83,14737980,18368,0,0,122470
2026-04-23 13:40:56,61113821,57418,21202712,93448,20038,73,83,14756831,18851,0,0,121221
2026-04-23 13:40:58,61173764,59943,21223496,93551,20887,78,83,14791996,35165,0,0,126576
2026-04-23 13:40:59,61235896,62132,21245101,93649,21703,80,83,14809114,17118,0,0,125358
2026-04-23 13:41:00,61302337,66441,21268179,93766,23195,81,83,14826534,17420,0,0,118697
2026-04-23 13:41:01,61363334,60997,21289368,93859,21282,81,83,14844867,18333,0,0,123183
2026-04-23 13:41:02,61427050,63716,21311441,93961,22175,70,83,14862117,17250,0,0,128507
2026-04-23 13:41:04,61493404,66354,21334445,94054,23097,81,83,14899191,37074,0,0,133649
2026-04-23 13:41:05,61560454,67050,21357769,94144,23414,76,83,14916907,17716,0,0,122936
2026-04-23 13:41:06,61624454,64000,21379977,94239,22303,81,83,14935736,18829,0,0,122542
2026-04-23 13:41:07,61683661,59207,21400506,94330,20620,75,83,14953647,17911,0,0,130782
2026-04-23 13:41:09,61746197,62536,21422200,94432,21796,76,83,14969227,15580,0,0,131089
2026-04-23 13:41:10,61812392,66195,21445162,94538,23068,77,83,15005185,35958,0,0,138579
2026-04-23 13:41:11,61877046,64654,21467635,94656,22591,75,83,15024042,18857,0,0,130985
2026-04-23 13:41:12,61939435,62389,21489279,94758,21746,71,83,15043049,19007,0,0,132437
2026-04-23 13:41:13,62002563,63128,21511188,94852,22003,81,83,15060299,17250,0,0,133748
2026-04-23 13:41:15,62065345,62782,21532882,94978,21820,77,83,15096915,36616,0,0,138311
2026-04-23 13:41:16,62130682,65337,21555513,95086,22739,73,83,15115227,18312,0,0,139741
2026-04-23 13:41:17,62193873,63191,21577451,95196,22048,75,83,15132927,17700,0,0,129726
2026-04-23 13:41:18,62255288,61415,21598738,95291,21382,81,83,15150926,17999,0,0,135129
2026-04-23 13:41:19,62317810,62522,21620462,95374,21807,80,83,15167602,16676,0,0,133713
2026-04-23 13:41:21,62383792,65982,21643358,95479,23001,77,83,15203161,35559,0,0,137772
2026-04-23 13:41:22,62448997,65205,21665996,95590,22749,75,83,15221248,18087,0,0,134804
2026-04-23 13:41:23,62515410,66413,21689034,95688,23136,73,83,15239344,18096,0,0,133177
2026-04-23 13:41:24,62578752,63342,21711002,95787,22067,67,83,15256772,17428,0,0,135920
2026-04-23 13:41:25,62642557,63805,21733085,95904,22200,80,83,15291188,34416,0,0,141640
2026-04-23 13:41:27,62709615,67058,21756330,96000,23341,77,83,15309400,18212,0,0,146823
2026-04-23 13:41:28,62775812,66197,21779250,96112,23032,73,83,15326143,16743,0,0,141445
2026-04-23 13:41:29,62841836,66024,21802200,96226,23064,79,83,15342983,16840,0,0,133012
2026-04-23 13:41:30,62907248,65412,21824899,96321,22794,81,83,15361112,18129,0,0,136271
2026-04-23 13:41:32,62970844,63596,21846943,96425,22148,79,83,15396822,35710,0,0,141905
2026-04-23 13:41:33,63034227,63383,21868952,96521,22105,74,83,15412990,16168,0,0,147202
2026-04-23 13:41:34,63099367,65140,21891537,96630,22694,78,83,15430528,17538,0,0,134914
2026-04-23 13:41:35,63162888,63521,21913584,96727,22144,77,83,15446974,16446,0,0,137070
2026-04-23 13:41:36,63228825,65937,21936411,96852,22952,76,83,15481534,34560,0,0,142895
2026-04-23 13:41:38,63296993,68168,21960079,96956,23772,73,83,15497538,16004,0,0,143406
2026-04-23 13:41:39,63365266,68273,21983748,97065,23778,72,83,15514016,16478,0,0,141519
2026-04-23 13:41:40,63432015,66749,22006917,97164,23268,74,83,15530675,16659,0,0,132515
2026-04-23 13:41:41,63498463,66448,22029979,97271,23169,79,83,15563083,32408,0,0,138115
2026-04-23 13:41:43,63567497,69034,22053942,97380,24072,76,83,15579508,16425,0,0,142963
2026-04-23 13:41:44,63636196,68699,22077782,97491,23951,71,83,15596744,17236,0,0,149507
2026-04-23 13:41:45,63703899,67703,22101279,97595,23601,80,83,15612600,15856,0,0,138194
2026-04-23 13:41:46,63772448,68549,22125052,97706,23884,79,83,15643175,30575,0,0,138257
2026-04-23 13:41:47,63842560,70112,22149398,97791,24431,73,83,15659272,16097,0,0,144037
2026-04-23 13:41:49,63910511,67951,22172966,97887,23664,81,83,15674979,15707,0,0,149816
2026-04-23 13:41:50,63978072,67561,22196411,97994,23552,79,83,15703956,28977,0,0,138351
2026-04-23 13:41:51,64047875,69803,22220619,98099,24313,77,83,15719240,15284,0,0,137035
2026-04-23 13:41:52,64114633,66758,22243817,98204,23303,72,83,15732665,13425,0,0,141747
2026-04-23 13:41:54,64182081,67448,22267243,98297,23519,75,83,15762220,29555,0,0,144055
2026-04-23 13:41:55,64250736,68655,22291087,98401,23948,78,83,15776072,13852,0,0,148316
2026-04-23 13:41:56,64317235,66499,22314166,98497,23175,81,83,15789264,13192,0,0,139607
2026-04-23 13:41:57,64386090,68855,22338032,98607,23976,77,83,15816490,27226,0,0,139213
2026-04-23 13:41:58,64453632,67542,22361486,98706,23553,79,83,15829755,13265,0,0,142868
2026-04-23 13:42:00,64518775,65143,22384070,98808,22686,79,83,15855859,26104,0,0,141218
2026-04-23 13:42:01,64581835,63060,22405940,98907,21969,80,83,15868044,12185,0,0,134456
2026-04-23 13:42:02,64645202,63367,22427953,99006,22112,81,83,15880992,12948,0,0,127666
2026-04-23 13:42:03,64708711,63509,22449977,99100,22118,76,83,15904023,23031,0,0,128936
2026-04-23 13:42:04,64775938,67227,22473325,99181,23429,80,83,15917225,13202,0,0,135250
2026-04-23 13:42:06,64839519,63581,22495377,99274,22145,81,83,15930620,13395,0,0,141719
2026-04-23 13:42:07,64903328,63809,22517505,99362,22216,76,83,15955863,25243,0,0,137713
2026-04-23 13:42:08,64969734,66406,22540546,99464,23143,81,83,15967739,11876,0,0,132945
2026-04-23 13:42:09,65035501,65767,22563346,99567,22903,75,83,15989502,21763,0,0,136951
2026-04-23 13:42:11,65103022,67521,22586719,99687,23493,81,83,16000706,11204,0,0,141642
2026-04-23 13:42:12,65165994,62972,22608554,99780,21928,80,83,16022622,21916,0,0,145764
2026-04-23 13:42:13,65229413,63419,22630558,99894,22118,72,83,16034036,11414,0,0,130533
2026-04-23 13:42:14,65291803,62390,22652153,100009,21710,78,83,16055239,21203,0,0,131577
2026-04-23 13:42:15,65361235,69432,22676204,100153,24195,78,83,16066286,11047,0,0,138126
2026-04-23 13:42:17,65425956,64721,22698634,100251,22528,79,83,16087861,21575,0,0,140189
2026-04-23 13:42:18,65495574,69618,22722814,100350,24279,81,83,16098469,10608,0,0,142485
2026-04-23 13:42:19,65563299,67725,22746322,100448,23606,72,83,16119882,21413,0,0,133577
2026-04-23 13:42:20,65633691,70392,22770720,100561,24511,74,83,16130377,10495,0,0,139316
2026-04-23 13:42:22,65701269,67578,22794177,100678,23574,79,83,16151487,21110,0,0,142484
2026-04-23 13:42:23,65769817,68548,22817988,100780,23913,76,83,16162279,10792,0,0,149085
2026-04-23 13:42:24,65837656,67839,22841520,100862,23614,76,83,16183783,21504,0,0,151110
2026-04-23 13:42:25,65905852,68196,22865242,100960,23820,81,83,16194688,10905,0,0,149931
2026-04-23 13:42:26,65974364,68512,22888996,101073,23867,75,83,16217338,22650,0,0,153777
2026-04-23 13:42:28,66040808,66444,22912036,101178,23145,75,83,16227690,10352,0,0,161279
2026-04-23 13:42:29,66102662,61854,22933509,101265,21560,73,83,16248820,21130,0,0,159746
2026-04-23 13:42:30,66167896,65234,22956155,101355,22736,70,83,16258838,10018,0,0,156075
2026-04-23 13:42:31,66234836,66940,22979339,101475,23304,77,83,16277674,18836,0,0,157375
2026-04-23 13:42:32,66299874,65038,23001947,101581,22714,80,83,16288081,10407,0,0,159763
2026-04-23 13:42:34,66366878,67004,23025127,101693,23292,79,83,16308564,20483,0,0,165602
2026-04-23 13:42:35,66430438,63560,23047154,101791,22125,71,83,16318375,9811,0,0,152256
2026-04-23 13:42:36,66497062,66624,23070228,101903,23186,78,83,16338261,19886,0,0,151320
2026-04-23 13:42:37,66564838,67776,23093723,102004,23596,79,83,16348756,10495,0,0,154430
2026-04-23 13:42:39,66630731,65893,23116606,102095,22974,81,83,16369454,20698,0,0,158695
2026-04-23 13:42:40,66695277,64546,23139053,102191,22543,75,83,16379366,9912,0,0,163899
2026-04-23 13:42:41,66760806,65529,23161768,102298,22822,75,83,16400014,20648,0,0,159867
2026-04-23 13:42:42,66822052,61246,23183021,102394,21349,78,83,16408505,8491,0,0,157306
2026-04-23 13:42:43,66888396,66344,23206022,102511,23118,72,83,16427490,18985,0,0,162388
2026-04-23 13:42:45,66954631,66235,23229028,102606,23101,76,83,16436859,9369,0,0,167121
2026-04-23 13:42:46,67021729,67098,23252317,102696,23379,71,83,16456736,19877,0,0,168301
2026-04-23 13:42:47,67086909,65180,23275023,102785,22795,81,83,16466613,9877,0,0,142426
2026-04-23 13:42:48,67150973,64064,23297222,102875,22289,78,83,16487318,20705,0,0,149740
2026-04-23 13:42:49,67216987,66014,23320103,103000,23006,81,83,16497184,9866,0,0,151687
2026-04-23 13:42:51,67281496,64509,23342439,103115,22451,78,83,16518166,20982,0,0,154713
2026-04-23 13:42:52,67348886,67390,23365804,103212,23462,77,83,16529462,11296,0,0,155622
2026-04-23 13:42:53,67414380,65494,23388545,103309,22838,69,83,16550723,21261,0,0,147168
2026-04-23 13:42:54,67483755,69375,23412623,103409,24178,77,83,16561228,10505,0,0,152348
2026-04-23 13:42:56,67549189,65434,23435339,103511,22818,78,83,16582383,21155,0,0,156459
2026-04-23 13:42:57,67619051,69862,23459575,103605,24330,70,83,16591997,9614,0,0,160572
2026-04-23 13:42:58,67686425,67374,23482984,103698,23502,71,83,16610830,18833,0,0,154758
2026-04-23 13:42:59,67754648,68223,23506657,103804,23779,75,83,16627520,16690,0,0,147821
2026-04-23 13:43:00,67822261,67613,23530132,103894,23565,81,83,16637510,9990,0,0,151061
2026-04-23 13:43:02,67890993,68732,23553993,103993,23960,76,83,16658244,20734,0,0,155921
2026-04-23 13:43:03,67959397,68404,23577738,104105,23857,79,83,16669494,11250,0,0,158506
2026-04-23 13:43:04,68027223,67826,23601292,104184,23633,76,83,16691887,22393,0,0,146984
2026-04-23 13:43:05,68093957,66734,23624454,104291,23269,75,83,16702739,10852,0,0,148937
2026-04-23 13:43:07,68160993,67036,23647676,104384,23315,75,83,16723637,20898,0,0,155336
2026-04-23 13:43:08,68228229,67236,23670994,104488,23422,74,83,16734929,11292,0,0,160810
2026-04-23 13:43:09,68292366,64137,23693211,104577,22306,78,83,16757337,22408,0,0,160281
2026-04-23 13:43:10,68359277,66911,23716441,104679,23332,75,83,16769274,11937,0,0,155041
2026-04-23 13:43:11,68424930,65653,23739215,104778,22873,78,83,16780651,11377,0,0,161529
2026-04-23 13:43:13,68489923,64993,23761788,104878,22673,80,83,16804286,23635,0,0,166195
2026-04-23 13:43:14,68557814,67891,23785391,104975,23700,75,83,16817568,13282,0,0,169902
2026-04-23 13:43:15,68621353,63539,23807461,105080,22175,74,83,16830613,13045,0,0,161505
2026-04-23 13:43:16,68687485,66132,23830407,105183,23049,76,83,16854774,24161,0,0,166374
2026-04-23 13:43:17,68753352,65867,23853239,105292,22941,68,83,16866554,11780,0,0,175495
2026-04-23 13:43:19,68814461,61109,23874435,105380,21284,78,83,16890449,23895,0,0,168983
2026-04-23 13:43:20,68883057,68596,23898188,105495,23868,80,83,16901979,11530,0,0,166721
2026-04-23 13:43:21,68948931,65874,23921031,105604,22952,80,83,16914802,12823,0,0,157567
2026-04-23 13:43:22,69011995,63064,23942872,105717,21954,80,83,16938696,23894,0,0,159122
2026-04-23 13:43:24,69079834,67839,23966397,105814,23622,78,83,16951232,12536,0,0,164889
2026-04-23 13:43:25,69140946,61112,23987636,105895,21320,81,83,16962560,11328,0,0,169818
2026-04-23 13:43:26,69200982,60036,24008404,105997,20870,77,83,16986078,23518,0,0,166575
2026-04-23 13:43:27,69266913,65931,24031270,106086,22955,78,83,16998625,12547,0,0,161949
2026-04-23 13:43:28,69326380,59467,24051912,106186,20742,81,83,17011560,12935,0,0,163364
2026-04-23 13:43:29,69382983,56603,24071585,106283,19770,81,83,17024498,12938,0,0,159741
2026-04-23 13:43:31,69446676,63693,24093643,106384,22159,76,83,17052450,27952,0,0,158328
2026-04-23 13:43:32,69508383,61707,24115035,106465,21473,79,83,17065620,13170,0,0,152374
2026-04-23 13:43:33,69566744,58361,24135348,106551,20399,81,83,17078407,12787,0,0,142491
2026-04-23 13:43:34,69623131,56387,24154856,106650,19607,81,83,17090928,12521,0,0,144670
2026-04-23 13:43:35,69683585,60454,24175791,106748,21033,76,83,17117727,26799,0,0,149840
2026-04-23 13:43:37,69748115,64530,24198178,106861,22500,72,83,17131371,13644,0,0,154919
2026-04-23 13:43:38,69809489,61374,24219505,106948,21414,75,83,17145160,13789,0,0,150742
2026-04-23 13:43:39,69866199,56710,24239167,107038,19752,81,83,17158335,13175,0,0,149870
2026-04-23 13:43:40,69920991,54792,24258177,107116,19088,81,83,17171671,13336,0,0,152245
2026-04-23 13:43:41,69983778,62787,24279955,107210,21872,73,83,17200601,28930,0,0,155863
2026-04-23 13:43:43,70046724,62946,24301754,107299,21888,77,83,17215031,14430,0,0,159568
2026-04-23 13:43:44,70104757,58033,24321893,107399,20239,77,83,17229190,14159,0,0,158182
2026-04-23 13:43:45,70161495,56738,24341547,107502,19757,81,83,17242828,13638,0,0,135878
2026-04-23 13:43:46,70222519,61024,24362726,107598,21275,71,83,17272301,29473,0,0,140113
2026-04-23 13:43:47,70284835,62316,24384376,107680,21732,73,83,17286890,14589,0,0,141100
2026-04-23 13:43:49,70347614,62779,24406196,107785,21925,81,83,17301588,14698,0,0,146218
2026-04-23 13:43:50,70403109,55495,24425472,107869,19360,81,83,17316199,14611,0,0,147078
2026-04-23 13:43:51,70456634,53525,24444015,107938,18612,60,83,17331678,15479,0,0,137858
2026-04-23 13:43:52,70515769,59135,24464484,108042,20573,74,83,17360595,28917,0,0,138919
2026-04-23 13:43:53,70582397,66628,24487628,108122,23224,74,83,17375650,15055,0,0,143635
2026-04-23 13:43:55,70648252,65855,24510465,108224,22939,80,83,17391260,15610,0,0,146740
2026-04-23 13:43:56,70714333,66081,24533386,108324,23021,79,83,17406980,15720,0,0,148128
2026-04-23 13:43:57,70774850,60517,24554388,108424,21102,81,83,17441392,34412,0,0,136067
2026-04-23 13:43:58,70843581,68731,24578248,108533,23969,72,83,17457769,16377,0,0,132136
2026-04-23 13:44:00,70911555,67974,24601864,108608,23691,78,83,17474709,16940,0,0,138305
2026-04-23 13:44:01,70977048,65493,24624623,108707,22858,80,83,17491760,17051,0,0,144303
2026-04-23 13:44:02,71037316,60268,24645577,108788,21035,81,83,17509465,17705,0,0,139384
2026-04-23 13:44:03,71101564,64248,24667847,108882,22364,79,83,17542478,33013,0,0,133139
2026-04-23 13:44:04,71168357,66793,24691040,108967,23278,80,83,17559071,16593,0,0,138353
2026-04-23 13:44:06,71233600,65243,24713667,109067,22727,78,83,17575289,16218,0,0,141689
2026-04-23 13:44:07,71297856,64256,24736028,109144,22438,80,83,17591493,16204,0,0,141298
2026-04-23 13:44:08,71362603,64747,24758464,109246,22538,77,83,17626193,34700,0,0,130141
2026-04-23 13:44:09,71428994,66391,24781532,109348,23170,76,83,17643960,17767,0,0,126552
2026-04-23 13:44:10,71492826,63832,24803687,109457,22264,79,83,17661203,17243,0,0,134712
2026-04-23 13:44:12,71552576,59750,24824411,109551,20818,79,83,17677855,16652,0,0,132451
2026-04-23 13:44:13,71611585,59009,24844890,109646,20574,75,83,17694655,16800,0,0,135200
2026-04-23 13:44:14,71672413,60828,24865991,109727,21182,79,83,17727954,33299,0,0,126757
2026-04-23 13:44:15,71736449,64036,24888227,109831,22340,75,83,17744711,16757,0,0,128631
2026-04-23 13:44:16,71794905,58456,24908535,109926,20403,81,83,17762028,17317,0,0,136357
2026-04-23 13:44:18,71852266,57361,24928381,110029,19949,81,83,17777113,15085,0,0,134238
2026-04-23 13:44:19,71912077,59811,24949114,110108,20812,81,83,17809348,32235,0,0,139218
2026-04-23 13:44:20,71976818,64741,24971543,110205,22526,77,83,17825758,16410,0,0,132546
2026-04-23 13:44:21,72038616,61798,24992935,110321,21508,75,83,17842975,17217,0,0,135211
2026-04-23 13:44:22,72098943,60327,25013919,110420,21083,73,83,17859762,16787,0,0,135722
2026-04-23 13:44:24,72160134,61191,25035133,110522,21316,78,83,17878306,18544,0,0,142917
2026-04-23 13:44:25,72223298,63164,25057039,110620,22004,76,83,17914041,35735,0,0,143487
2026-04-23 13:44:26,72289534,66236,25080040,110718,23099,80,83,17931474,17433,0,0,133965
2026-04-23 13:44:27,72350331,60797,25101123,110820,21185,81,83,17949209,17735,0,0,137931
2026-04-23 13:44:28,72411880,61549,25122456,110919,21432,67,83,17965683,16474,0,0,140802
2026-04-23 13:44:30,72472829,60949,25143606,111024,21255,79,83,17983700,18017,0,0,143573
2026-04-23 13:44:31,72535042,62213,25165176,111116,21662,78,83,18020103,36403,0,0,144607
2026-04-23 13:44:32,72596330,61288,25186447,111218,21373,66,83,18038113,18010,0,0,135817
2026-04-23 13:44:33,72659670,63340,25208412,111314,22061,80,83,18055611,17498,0,0,138073
2026-04-23 13:44:35,72720348,60678,25229481,111426,21181,81,83,18072475,16864,0,0,138868
2026-04-23 13:44:36,72780058,59710,25250214,111530,20837,81,83,18091406,18931,0,0,143100
2026-04-23 13:44:37,72842013,61955,25271637,111632,21525,75,83,18126672,35266,0,0,142233
2026-04-23 13:44:38,72901236,59223,25292191,111732,20654,79,83,18145476,18804,0,0,132874
2026-04-23 13:44:39,72965651,64415,25314567,111824,22468,78,83,18162846,17370,0,0,138443
2026-04-23 13:44:41,73026430,60779,25335660,111928,21197,69,83,18181300,18454,0,0,139915
2026-04-23 13:44:42,73085373,58943,25356178,112014,20604,69,83,18200717,19417,0,0,142117
2026-04-23 13:44:43,73146076,60703,25377208,112092,21108,73,83,18238066,37349,0,0,138698
2026-04-23 13:44:44,73211986,65910,25400088,112202,22990,73,83,18255388,17322,0,0,138614
2026-04-23 13:44:45,73275367,63381,25422107,112299,22116,71,83,18274178,18790,0,0,139510
2026-04-23 13:44:47,73335621,60254,25443002,112399,20995,74,83,18292819,18641,0,0,140974
2026-04-23 13:44:48,73393618,57997,25463129,112496,20224,81,83,18311066,18247,0,0,146346
2026-04-23 13:44:49,73454963,61345,25484384,112583,21342,78,83,18345603,34537,0,0,143950
2026-04-23 13:44:50,73518463,63500,25506417,112671,22121,74,83,18364480,18877,0,0,142067
2026-04-23 13:44:51,73582335,63872,25528579,112783,22274,78,83,18382451,17971,0,0,145094
2026-04-23 13:44:53,73641322,58987,25549015,112898,20551,81,83,18402118,19667,0,0,149734
2026-04-23 13:44:54,73692073,50751,25566631,112978,17696,77,83,18437110,34992,0,0,150115
2026-04-23 13:44:55,73750122,58049,25586743,113069,20203,79,83,18453373,16263,0,0,146568
2026-04-23 13:44:56,73810717,60595,25607748,113168,21104,79,83,18469950,16577,0,0,140325
2026-04-23 13:44:57,73867912,57195,25627639,113265,19988,81,83,18486835,16885,0,0,140321
2026-04-23 13:44:59,73920629,52717,25645893,113350,18339,81,83,18503247,16412,0,0,149179
2026-04-23 13:45:00,73970451,49822,25663186,113420,17363,81,83,18519623,16376,0,0,150917
2026-04-23 13:45:01,74027345,56894,25682896,113500,19790,80,83,18551151,31528,0,0,153647
2026-04-23 13:45:02,74082471,55126,25702041,113591,19236,80,83,18567963,16812,0,0,144779
2026-04-23 13:45:03,74140754,58283,25722230,113681,20279,72,83,18583840,15877,0,0,147808
2026-04-23 13:45:04,74197125,56371,25741849,113759,19697,81,83,18598821,14981,0,0,149662
2026-04-23 13:45:06,74250337,53212,25760300,113838,18530,81,83,18615434,16613,0,0,152931
2026-04-23 13:45:07,74309295,58958,25780685,113934,20481,73,83,18648011,32577,0,0,159130
2026-04-23 13:45:08,74369704,60409,25801664,114028,21073,78,83,18664529,16518,0,0,151657
2026-04-23 13:45:09,74429970,60266,25822578,114119,21005,81,83,18681524,16995,0,0,149496
2026-04-23 13:45:10,74483133,53163,25841045,114189,18537,81,83,18698235,16711,0,0,154473
2026-04-23 13:45:12,74531371,48238,25857801,114258,16825,81,83,18714654,16419,0,0,155736
2026-04-23 13:45:13,74585729,54358,25876644,114326,18911,76,83,18745919,31265,0,0,161918
2026-04-23 13:45:14,74646904,61175,25897856,114427,21313,81,83,18760875,14956,0,0,154473
2026-04-23 13:45:15,74707464,60560,25918884,114527,21128,81,83,18776722,15847,0,0,151108
2026-04-23 13:45:16,74759990,52526,25937084,114636,18309,77,83,18792623,15901,0,0,151696
2026-04-23 13:45:18,74814062,54072,25955861,114706,18847,81,83,18809234,16611,0,0,154514
2026-04-23 13:45:19,74873507,59445,25976491,114806,20730,73,83,18841593,32359,0,0,157143
2026-04-23 13:45:20,74935075,61568,25997868,114900,21471,81,83,18858543,16950,0,0,153033
2026-04-23 13:45:21,74993962,58887,26018316,114986,20534,79,83,18874348,15805,0,0,149696
2026-04-23 13:45:22,75048360,54398,26037234,115067,18999,81,83,18889687,15339,0,0,146080
2026-04-23 13:45:24,75105230,56870,26056909,115165,19773,79,83,18922244,32557,0,0,152356
2026-04-23 13:45:25,75168232,63002,26078735,115265,21926,76,83,18937480,15236,0,0,152799
2026-04-23 13:45:26,75228790,60558,26099783,115361,21144,81,83,18952372,14892,0,0,143804
2026-04-23 13:45:27,75273272,44482,26115270,115423,15549,81,83,18969643,17271,0,0,145741
2026-04-23 13:45:28,75324586,51314,26133037,115491,17835,74,83,18996457,26814,0,0,142874
2026-04-23 13:45:30,75384548,59962,26153850,115584,20906,81,83,19011833,15376,0,0,146493
2026-04-23 13:45:31,75444567,60019,26174695,115649,20910,81,83,19027905,16072,0,0,152472
2026-04-23 13:45:32,75501855,57288,26194549,115757,19962,81,83,19042766,14861,0,0,151072
2026-04-23 13:45:33,75553481,51626,26212471,115838,18003,81,83,19058460,15694,0,0,138004
2026-04-23 13:45:34,75602729,49248,26229518,115904,17113,81,83,19088024,29564,0,0,136782
2026-04-23 13:45:35,75664879,62150,26251098,115996,21672,72,83,19102175,14151,0,0,140929
2026-04-23 13:45:37,75725319,60440,26272036,116100,21042,74,83,19116180,14005,0,0,141747
2026-04-23 13:45:38,75781665,56346,26291616,116173,19653,73,83,19129545,13365,0,0,140043
2026-04-23 13:45:39,75840788,59123,26312179,116259,20649,73,83,19160038,30493,0,0,135657
2026-04-23 13:45:40,75902649,61861,26333671,116341,21574,81,83,19173883,13845,0,0,140951
2026-04-23 13:45:41,75958674,56025,26353113,116426,19527,81,83,19189011,15128,0,0,145257
2026-04-23 13:45:43,76018323,59649,26373786,116519,20766,72,83,19217639,28628,0,0,150541
2026-04-23 13:45:44,76081461,63138,26395708,116615,22018,71,83,19231233,13594,0,0,157023
2026-04-23 13:45:45,76138412,56951,26415457,116712,19846,81,83,19245124,13891,0,0,149273
2026-04-23 13:45:46,76194995,56583,26435057,116799,19687,81,83,19270939,25815,0,0,151501
2026-04-23 13:45:47,76256831,61836,26456483,116889,21516,72,83,19284710,13771,0,0,149783
2026-04-23 13:45:49,76312294,55463,26475747,116967,19342,81,83,19298579,13869,0,0,153761
2026-04-23 13:45:50,76369192,56898,26495434,117068,19788,78,83,19325194,26615,0,0,149974
2026-04-23 13:45:51,76433130,63938,26517595,117169,22262,81,83,19338728,13534,0,0,137533
2026-04-23 13:45:52,76490198,57068,26537394,117262,19892,78,83,19352426,13698,0,0,137083
2026-04-23 13:45:53,76544588,54390,26556229,117351,18924,76,83,19378084,25658,0,0,140028
2026-04-23 13:45:55,76607548,62960,26578091,117455,21966,81,83,19391243,13159,0,0,146049
2026-04-23 13:45:56,76667734,60186,26598970,117566,20990,81,83,19403985,12742,0,0,146309
2026-04-23 13:45:57,76722901,55167,26618063,117650,19177,79,83,19429383,25398,0,0,139697
2026-04-23 13:45:58,76783702,60801,26639127,117755,21169,77,83,19442190,12807,0,0,138441
2026-04-23 13:45:59,76837097,53395,26657677,117836,18631,69,83,19454499,12309,0,0,141210
2026-04-23 13:46:01,76885583,48486,26674490,117930,16907,81,83,19466994,12495,0,0,142243
2026-04-23 13:46:02,76936137,50554,26691987,118017,17584,74,83,19491791,24797,0,0,140142
2026-04-23 13:46:03,76991831,55694,26711303,118099,19398,75,83,19504062,12271,0,0,132446
2026-04-23 13:46:04,77046030,54199,26730109,118174,18881,81,83,19515865,11803,0,0,135033
2026-04-23 13:46:05,77092109,46079,26746072,118266,16055,80,83,19527229,11364,0,0,135496
2026-04-23 13:46:07,77139609,47500,26762570,118328,16560,81,83,19538464,11235,0,0,138063
2026-04-23 13:46:08,77195567,55958,26781951,118404,19457,76,83,19562621,24157,0,0,143491
2026-04-23 13:46:09,77254959,59392,26802588,118499,20732,76,83,19575325,12704,0,0,148452
2026-04-23 13:46:10,77305982,51023,26820274,118587,17774,79,83,19586725,11400,0,0,138838
2026-04-23 13:46:11,77354528,48546,26837175,118655,16969,81,83,19598709,11984,0,0,141976
2026-04-23 13:46:12,77410253,55725,26856471,118755,19396,72,83,19622506,23797,0,0,125171
2026-04-23 13:46:14,77465004,54751,26875455,118837,19066,73,83,19634222,11716,0,0,135728
2026-04-23 13:46:15,77522640,57636,26895443,118932,20083,81,83,19645750,11528,0,0,150889
2026-04-23 13:46:16,77580881,58241,26915645,119019,20289,76,83,19668573,22823,0,0,130682
2026-04-23 13:46:17,77643305,62424,26937336,119110,21782,81,83,19680910,12337,0,0,129990
2026-04-23 13:46:18,77699169,55864,26956689,119195,19438,77,83,19703988,23078,0,0,127349
2026-04-23 13:46:20,77761753,62584,26978408,119295,21819,75,83,19715568,11580,0,0,135123
2026-04-23 13:46:21,77821157,59404,26999003,119395,20695,81,83,19726740,11172,0,0,143262
2026-04-23 13:46:22,77879991,58834,27019388,119477,20467,79,84,19749047,22307,0,0,137092
2026-04-23 13:46:23,77943591,63600,27041437,119577,22149,80,83,19760537,11490,0,0,134414
2026-04-23 13:46:24,78000546,56955,27061165,119669,19820,79,83,19771339,10802,0,0,137014
2026-04-23 13:46:26,78063450,62904,27082935,119773,21874,78,83,19792825,21486,0,0,142825
2026-04-23 13:46:27,78119379,55929,27102407,119870,19569,81,83,19803509,10684,0,0,91510
2026-04-23 13:46:28,78172098,52719,27120684,119951,18358,78,84,19825552,22043,0,0,96785
2026-04-23 13:46:29,78233141,61043,27141880,120029,21274,80,83,19837163,11611,0,0,99355
2026-04-23 13:46:30,78291335,58194,27162050,120127,20268,69,83,19848021,10858,0,0,108209
2026-04-23 13:46:32,78351986,60651,27183080,120224,21127,81,83,19868993,20972,0,0,118787
2026-04-23 13:46:33,78412025,60039,27203897,120318,20911,77,83,19879651,10658,0,0,132056
2026-04-23 13:46:34,78470441,58416,27224132,120419,20336,81,84,19900357,20706,0,0,127670
2026-04-23 13:46:35,78532324,61883,27245615,120521,21585,79,83,19910827,10470,0,0,121846
2026-04-23 13:46:36,78586265,53941,27264293,120613,18770,80,83,19932994,22167,0,0,122712
2026-04-23 13:46:38,78648745,62480,27285957,120709,21760,75,83,19944080,11086,0,0,130933
2026-04-23 13:46:39,78704461,55716,27305351,120796,19481,79,83,19955809,11729,0,0,132946
2026-04-23 13:46:40,78757351,52890,27323702,120879,18434,81,84,19967599,11790,0,0,132939
2026-04-23 13:46:41,78816884,59533,27344328,120970,20717,75,83,19991312,23713,0,0,127973
2026-04-23 13:46:42,78883179,66295,27367287,121094,23083,81,83,20003101,11789,0,0,134204
2026-04-23 13:46:44,78936916,53737,27385951,121185,18755,80,84,20014432,11331,0,0,139135
2026-04-23 13:46:45,78994129,57213,27405763,121282,19909,74,83,20036458,22026,0,0,145331
2026-04-23 13:46:46,79056836,62707,27427511,121402,21868,76,83,20046842,10384,0,0,133818
2026-04-23 13:46:47,79112215,55379,27446724,121476,19287,80,83,20068359,21517,0,0,138849
2026-04-23 13:46:48,79176432,64217,27468971,121572,22343,78,83,20079476,11117,0,0,145099
2026-04-23 13:46:50,79237412,60980,27490156,121673,21286,81,83,20091134,11658,0,0,147287
2026-04-23 13:46:51,79292355,54943,27509197,121757,19125,78,83,20104085,12951,0,0,148991
2026-04-23 13:46:52,79353873,61518,27530549,121847,21442,82,84,20126403,22318,0,0,148175
2026-04-23 13:46:53,79411913,58040,27550718,121943,20265,81,83,20138350,11947,0,0,141043
2026-04-23 13:46:54,79462391,50478,27568243,122012,17594,81,83,20150072,11722,0,0,143679
2026-04-23 13:46:56,79521671,59280,27588773,122102,20620,75,83,20172592,22520,0,0,148761
2026-04-23 13:46:57,79584889,63218,27610723,122193,22041,74,83,20183906,11314,0,0,151152
2026-04-23 13:46:58,79639942,55053,27629833,122276,19193,80,84,20195395,11489,0,0,152524
2026-04-23 13:46:59,79700190,60248,27650737,122377,21005,77,83,20218019,22624,0,0,144672
2026-04-23 13:47:00,79765777,65587,27673488,122475,22849,81,83,20229359,11340,0,0,149663
2026-04-23 13:47:02,79822390,56613,27693161,122550,19748,81,83,20252022,22663,0,0,153318
2026-04-23 13:47:03,79886701,64311,27715432,122645,22366,72,83,20263525,11503,0,0,157800
2026-04-23 13:47:04,79947870,61169,27736645,122747,21315,76,84,20275923,12398,0,0,157374
2026-04-23 13:47:05,79999860,51990,27754664,122823,18095,80,83,20299107,23184,0,0,146604
2026-04-23 13:47:06,80063384,63524,27776703,122899,22115,80,83,20310297,11190,0,0,141174
2026-04-23 13:47:08,80120944,57560,27796727,122980,20105,81,83,20321062,10765,0,0,139289
2026-04-23 13:47:09,80170948,50004,27814108,123039,17440,79,83,20331988,10926,0,0,139464
2026-04-23 13:47:10,80226521,55573,27833366,123113,19332,82,84,20355185,23197,0,0,146342
2026-04-23 13:47:11,80279301,52780,27851697,123197,18415,75,83,20366733,11548,0,0,136387
2026-04-23 13:47:12,80329853,50552,27869239,123269,17614,79,83,20377208,10475,0,0,141327
2026-04-23 13:47:14,80378943,49090,27886273,123361,17126,80,83,20387982,10774,0,0,144514
2026-04-23 13:47:15,80437707,58764,27906622,123449,20437,77,83,20410454,22472,0,0,149056
2026-04-23 13:47:16,80501985,64278,27928951,123552,22432,72,84,20422865,12411,0,0,155296
2026-04-23 13:47:17,80558779,56794,27948686,123632,19815,76,83,20434440,11575,0,0,141757
2026-04-23 13:47:18,80620915,62136,27970203,123713,21598,77,83,20459205,24765,0,0,143701
2026-04-23 13:47:20,80681801,60886,27991307,123817,21208,81,83,20470980,11775,0,0,144257
2026-04-23 13:47:21,80738346,56545,28010932,123914,19722,56,83,20483076,12096,0,0,149857
2026-04-23 13:47:22,80800198,61852,28032381,123996,21531,81,84,20507160,24084,0,0,156698
2026-04-23 13:47:23,80861330,61132,28053595,124092,21310,77,83,20519256,12096,0,0,151846
2026-04-23 13:47:24,80919362,58032,28073703,124195,20211,77,83,20531336,12080,0,0,153446
2026-04-23 13:47:26,80980735,61373,28094945,124294,21341,81,83,20554694,23358,0,0,151032
2026-04-23 13:47:27,81042959,62224,28116494,124394,21649,76,83,20567308,12614,0,0,158489
2026-04-23 13:47:28,81098482,55523,28135789,124493,19394,82,84,20579571,12263,0,0,164681
2026-04-23 13:47:29,81157810,59328,28156357,124580,20655,74,83,20604164,24593,0,0,157753
2026-04-23 13:47:30,81218157,60347,28177262,124659,20984,76,83,20616127,11963,0,0,158039
2026-04-23 13:47:32,81275629,57472,28197198,124761,20038,81,83,20628011,11884,0,0,163503
2026-04-23 13:47:33,81325174,49545,28214352,124841,17234,79,83,20640574,12563,0,0,168242
2026-04-23 13:47:34,81380469,55295,28233517,124927,19251,77,83,20664900,24326,0,0,160732
2026-04-23 13:47:35,81439658,59189,28254078,125011,20645,79,83,20676689,11789,0,0,152567
2026-04-23 13:47:36,81492066,52408,28272301,125082,18294,81,83,20689536,12847,0,0,140761
2026-04-23 13:47:37,81542495,50429,28289756,125163,17536,80,83,20702306,12770,0,0,140738
2026-04-23 13:47:39,81593482,50987,28307423,125245,17749,74,83,20727652,25346,0,0,142794
2026-04-23 13:47:40,81650997,57515,28327398,125328,20058,79,83,20740824,13172,0,0,145616
2026-04-23 13:47:41,81712290,61293,28348670,125436,21380,81,83,20754729,13905,0,0,146649
2026-04-23 13:47:42,81768880,56590,28368299,125525,19718,81,83,20767808,13079,0,0,140201
2026-04-23 13:47:43,81831065,62185,28389891,125609,21676,78,83,20792647,24839,0,0,143127
2026-04-23 13:47:45,81896951,65886,28412765,125700,22965,81,83,20805838,13191,0,0,148885
2026-04-23 13:47:46,81958053,61102,28433944,125808,21287,79,83,20818920,13082,0,0,156048
2026-04-23 13:47:47,82022581,64528,28456329,125906,22483,80,83,20846896,27976,0,0,148506
2026-04-23 13:47:48,82086940,64359,28478660,126005,22430,78,83,20861259,14363,0,0,140628
2026-04-23 13:47:49,82149566,62626,28500369,126101,21805,81,83,20875535,14276,0,0,146447
2026-04-23 13:47:51,82215031,65465,28523084,126218,22832,75,83,20904062,28527,0,0,150219
2026-04-23 13:47:52,82281574,66543,28546151,126330,23179,81,83,20919121,15059,0,0,153536
2026-04-23 13:47:53,82344668,63094,28568058,126406,21983,80,83,20933688,14567,0,0,148507
2026-04-23 13:47:54,82410051,65383,28590727,126503,22766,78,83,20961963,28275,0,0,144381
2026-04-23 13:47:56,82473748,63697,28612852,126615,22237,81,83,20976732,14769,0,0,147533
2026-04-23 13:47:57,82536856,63108,28634727,126726,21986,80,83,20991622,14890,0,0,151408
2026-04-23 13:47:58,82602576,65720,28657467,126835,22849,73,83,21020990,29368,0,0,154272
2026-04-23 13:47:59,82667382,64806,28679948,126920,22566,73,83,21033739,12749,0,0,136725
2026-04-23 13:48:00,82729484,62102,28701545,126998,21675,78,83,21062167,28428,0,0,130482
2026-04-23 13:48:02,82794965,65481,28724313,127105,22875,81,83,21078455,16288,0,0,134619
2026-04-23 13:48:03,82859787,64822,28746825,127210,22617,78,83,21095318,16863,0,0,137748
2026-04-23 13:48:04,82922962,63175,28768744,127309,22018,79,83,21111016,15698,0,0,142753
2026-04-23 13:48:05,82988287,65325,28791392,127424,22763,76,83,21140143,29127,0,0,133562
2026-04-23 13:48:06,83054151,65864,28814280,127515,22979,81,83,21156010,15867,0,0,133006
2026-04-23 13:48:08,83116950,62799,28836057,127635,21897,81,83,21172096,16086,0,0,135491
2026-04-23 13:48:09,83181383,64433,28858371,127738,22417,80,83,21203149,31053,0,0,139828
2026-04-23 13:48:10,83247892,66509,28881426,127835,23152,78,83,21218892,15743,0,0,146066
2026-04-23 13:48:11,83312110,64218,28903701,127958,22398,79,83,21234843,15951,0,0,139035
2026-04-23 13:48:12,83375453,63343,28925720,128045,22106,78,83,21265202,30359,0,0,141971
2026-04-23 13:48:14,83441266,65813,28948558,128133,22926,76,83,21281430,16228,0,0,147816
2026-04-23 13:48:15,83507411,66145,28971463,128243,23015,74,83,21296989,15559,0,0,152135
2026-04-23 13:48:16,83570052,62641,28993216,128347,21857,81,83,21312895,15906,0,0,153833
2026-04-23 13:48:17,83633399,63347,29015178,128437,22052,78,83,21347423,34528,0,0,145203
2026-04-23 13:48:18,83699451,66052,29038084,128544,23013,77,83,21363251,15828,0,0,147830
2026-04-23 13:48:20,83763545,64094,29060333,128655,22360,81,83,21379057,15806,0,0,146932
2026-04-23 13:48:21,83826203,62658,29082019,128757,21788,80,83,21410697,31640,0,0,153820
2026-04-23 13:48:22,83892302,66099,29104952,128844,23020,79,83,21426039,15342,0,0,131627
2026-04-23 13:48:23,83956996,64694,29127441,128944,22589,79,83,21442927,16888,0,0,127719
2026-04-23 13:48:25,84019435,62439,29149108,129049,21772,70,83,21459442,16515,0,0,132324
2026-04-23 13:48:26,84083072,63637,29171137,129172,22152,81,83,21492066,32624,0,0,137344
2026-04-23 13:48:27,84145818,62746,29192867,129256,21814,74,83,21508486,16420,0,0,141982
2026-04-23 13:48:28,84206939,61121,29214099,129356,21332,81,83,21524832,16346,0,0,136779
2026-04-23 13:48:29,84263203,56264,29233595,129450,19590,78,83,21540915,16083,0,0,136225
2026-04-23 13:48:31,84321454,58251,29253760,129537,20252,74,83,21556728,15813,0,0,140931
2026-04-23 13:48:32,84384542,63088,29275629,129634,21966,77,83,21588772,32044,0,0,147084
2026-04-23 13:48:33,84447477,62935,29297447,129733,21917,79,83,21605916,17144,0,0,136324
2026-04-23 13:48:34,84506461,58984,29317914,129811,20545,81,83,21622190,16274,0,0,138115
2026-04-23 13:48:35,84565359,58898,29338322,129915,20512,81,83,21637183,14993,0,0,138233
2026-04-23 13:48:37,84623443,58084,29358442,130007,20212,79,83,21670609,33426,0,0,140289
2026-04-23 13:48:38,84683847,60404,29379431,130088,21070,80,83,21687207,16598,0,0,145313
2026-04-23 13:48:39,84748370,64523,29401785,130191,22457,79,83,21704049,16842,0,0,148550
2026-04-23 13:48:40,84808264,59894,29422597,130266,20887,81,83,21720388,16339,0,0,138806
2026-04-23 13:48:41,84869882,61618,29443942,130367,21446,76,83,21754007,33619,0,0,136471
2026-04-23 13:48:43,84936687,66805,29467038,130473,23202,78,83,21770090,16083,0,0,140659
2026-04-23 13:48:44,85002847,66160,29489973,130581,23043,77,83,21786090,16000,0,0,147042
2026-04-23 13:48:45,85066251,63404,29511939,130685,22070,81,83,21802006,15916,0,0,151258
2026-04-23 13:48:46,85129118,62867,29533766,130785,21927,77,83,21836289,34283,0,0,150189
2026-04-23 13:48:47,85195020,65902,29556595,130877,22921,76,83,21854378,18089,0,0,150908
2026-04-23 13:48:49,85259052,64032,29578870,130972,22370,81,83,21871788,17410,0,0,154419
2026-04-23 13:48:50,85322129,63077,29600735,131068,21961,80,83,21888576,16788,0,0,158271
2026-04-23 13:48:51,85387203,65074,29623336,131177,22710,69,83,21919813,31237,0,0,164012
2026-04-23 13:48:52,85452206,65003,29645887,131275,22649,79,83,21936244,16431,0,0,153173
2026-04-23 13:48:53,85513445,61239,29667140,131362,21340,76,83,21953618,17374,0,0,156325
2026-04-23 13:48:55,85571418,57973,29687222,131450,20170,76,83,21986476,32858,0,0,157454
2026-04-23 13:48:56,85635202,63784,29709345,131562,22235,74,83,22003017,16541,0,0,155522
2026-04-23 13:48:57,85699243,64041,29731554,131668,22315,80,83,22019430,16413,0,0,159273
2026-04-23 13:48:58,85760426,61183,29752799,131762,21339,80,83,22048920,29490,0,0,145790
2026-04-23 13:48:59,85824555,64129,29775072,131858,22369,77,83,22064379,15459,0,0,151207
2026-04-23 13:49:01,85883117,58562,29795476,131963,20509,81,83,22080480,16101,0,0,158983
2026-04-23 13:49:02,85937399,54282,29814333,132038,18932,81,83,22096733,16253,0,0,162512
2026-04-23 13:49:03,85996275,58876,29834689,132117,20435,79,83,22129419,32686,0,0,164471
2026-04-23 13:49:04,86056322,60047,29855490,132206,20890,76,83,22145157,15738,0,0,157556
2026-04-23 13:49:05,86116007,59685,29876236,132288,20828,77,83,22160143,14986,0,0,162165
2026-04-23 13:49:07,86169499,53492,29894802,132380,18658,78,83,22176318,16175,0,0,163417
2026-04-23 13:49:08,86223051,53552,29913399,132463,18680,81,83,22192256,15938,0,0,167632
2026-04-23 13:49:09,86282743,59692,29934030,132566,20734,81,83,22222591,30335,0,0,167975
2026-04-23 13:49:10,86344635,61892,29955496,132660,21560,77,83,22238110,15519,0,0,142540
2026-04-23 13:49:11,86402522,57887,29975550,132737,20131,81,83,22252260,14150,0,0,151881
2026-04-23 13:49:13,86454206,51684,29993491,132833,18037,73,83,22266282,14022,0,0,158770
2026-04-23 13:49:14,86513576,59370,30014051,132921,20648,78,83,22297787,31505,0,0,163142
2026-04-23 13:49:15,86571724,58148,30034237,133014,20279,81,83,22312942,15155,0,0,165275
2026-04-23 13:49:16,86630300,58576,30054552,133109,20410,81,83,22328302,15360,0,0,156644
2026-04-23 13:49:17,86684694,54394,30073410,133194,18943,81,83,22343489,15187,0,0,159459
2026-04-23 13:49:19,86742628,57934,30093519,133273,20188,74,83,22374203,30714,0,0,161909
2026-04-23 13:49:20,86803496,60868,30114585,133375,21168,76,83,22389123,14920,0,0,164978
2026-04-23 13:49:21,86862367,58871,30135045,133456,20541,81,83,22403779,14656,0,0,168690
2026-04-23 13:49:22,86914257,51890,30153137,133532,18168,81,83,22419257,15478,0,0,153197
2026-04-23 13:49:23,86962438,48181,30169819,133596,16746,75,83,22448052,28795,0,0,147798
2026-04-23 13:49:25,87023276,60838,30190902,133688,21175,76,83,22462081,14029,0,0,147867
2026-04-23 13:49:26,87081631,58355,30211144,133775,20329,81,83,22474951,12870,0,0,142137
2026-04-23 13:49:27,87134886,53255,30229595,133841,18517,80,83,22488516,13565,0,0,139927
2026-04-23 13:49:28,87194417,59531,30250258,133922,20744,75,83,22516559,28043,0,0,134844
2026-04-23 13:49:29,87253787,59370,30270845,134021,20686,77,83,22530942,14383,0,0,128772
2026-04-23 13:49:30,87308227,54440,30289805,134082,19021,75,83,22545403,14461,0,0,129954
2026-04-23 13:49:32,87363101,54874,30308848,134162,19123,80,83,22559931,14528,0,0,131527
2026-04-23 13:49:33,87423810,60709,30329915,134257,21162,77,83,22589782,29851,0,0,134843
2026-04-23 13:49:34,87483849,60039,30350673,134352,20853,74,83,22604388,14606,0,0,134951
2026-04-23 13:49:35,87534635,50786,30368291,134418,17684,81,83,22617766,13378,0,0,122056
2026-04-23 13:49:36,87583940,49305,30385364,134495,17150,81,83,22631116,13350,0,0,113523
2026-04-23 13:49:38,87642079,58139,30405514,134574,20229,81,83,22656651,25535,0,0,110607
2026-04-23 13:49:39,87701312,59233,30426072,134672,20656,80,83,22669146,12495,0,0,116602
2026-04-23 13:49:40,87755726,54414,30444911,134760,18927,81,83,22682761,13615,0,0,119093
2026-04-23 13:49:41,87817965,62239,30466514,134862,21705,72,83,22710137,27376,0,0,111903
2026-04-23 13:49:42,87883661,65696,30489316,134960,22900,80,83,22724471,14334,0,0,114547
2026-04-23 13:49:44,87946488,62827,30511116,135052,21892,65,83,22751623,27152,0,0,115495
2026-04-23 13:49:45,88013865,67377,30534476,135140,23448,79,83,22764420,12797,0,0,126114
2026-04-23 13:49:46,88076487,62622,30556154,135253,21791,69,83,22789813,25393,0,0,128787
2026-04-23 13:49:47,88140650,64163,30578410,135348,22351,81,83,22801843,12030,0,0,117962
2026-04-23 13:49:48,88198371,57721,30598421,135436,20099,75,83,22814754,12911,0,0,112170
2026-04-23 13:49:50,88263794,65423,30621107,135530,22780,77,83,22840685,25931,0,0,122534
2026-04-23 13:49:51,88322866,59072,30641645,135619,20627,65,83,22853755,13070,0,0,129017
2026-04-23 13:49:52,88387644,64778,30664086,135705,22527,78,83,22879337,25582,0,0,132836
2026-04-23 13:49:53,88451421,63777,30686275,135800,22284,81,83,22891199,11862,0,0,123438
2026-04-23 13:49:55,88517436,66015,30709131,135895,22951,78,83,22919176,27977,0,0,130388
2026-04-23 13:49:56,88583870,66434,30732143,136015,23132,81,83,22932302,13126,0,0,134488
2026-04-23 13:49:57,88641833,57963,30752352,136092,20286,80,83,22945907,13605,0,0,136913
2026-04-23 13:49:58,88709443,67610,30775714,136210,23480,79,83,22973099,27192,0,0,136913
2026-04-23 13:49:59,88774013,64570,30798138,136308,22522,74,83,22987012,13913,0,0,132518
2026-04-23 13:50:01,88841913,67900,30821645,136422,23621,79,83,23014236,27224,0,0,136846
2026-04-23 13:50:02,88910004,68091,30845311,136522,23766,76,83,23027807,13571,0,0,141740
2026-04-23 13:50:03,88975334,65330,30867924,136626,22717,78,83,23041123,13316,0,0,141641
2026-04-23 13:50:04,89043274,67940,30891506,136726,23682,72,83,23068885,27762,0,0,139726
2026-04-23 13:50:05,89110232,66958,30914734,136833,23335,81,83,23082388,13503,0,0,134678
2026-04-23 13:50:07,89176491,66259,30937755,136933,23121,73,83,23110023,27635,0,0,136750
2026-04-23 13:50:08,89244720,68229,30961486,137034,23832,77,83,23123169,13146,0,0,142381
2026-04-23 13:50:09,89311907,67187,30984762,137134,23376,72,83,23136355,13186,0,0,146878
2026-04-23 13:50:10,89378434,66527,31007875,137223,23202,78,83,23163159,26804,0,0,133556
2026-04-23 13:50:12,89444569,66135,31030890,137335,23127,80,83,23176376,13217,0,0,138458
2026-04-23 13:50:13,89506522,61953,31052386,137428,21589,77,83,23190690,14314,0,0,140309
2026-04-23 13:50:14,89573565,67043,31075598,137532,23316,78,83,23217929,27239,0,0,142843
2026-04-23 13:50:15,89640604,67039,31098888,137619,23377,76,83,23231425,13496,0,0,145590
2026-04-23 13:50:16,89700940,60336,31119836,137703,21032,73,83,23245107,13682,0,0,140536
2026-04-23 13:50:18,89769031,68091,31143457,137802,23720,78,83,23271430,26323,0,0,142465
2026-04-23 13:50:19,89835436,66405,31166505,137924,23170,78,83,23284761,13331,0,0,147063
2026-04-23 13:50:20,89900554,65118,31189061,138043,22675,77,83,23310327,25566,0,0,151570
2026-04-23 13:50:21,89968693,68139,31212709,138136,23741,77,83,23322398,12071,0,0,145678
2026-04-23 13:50:22,90027890,59197,31233251,138232,20638,80,83,23334901,12503,0,0,143040
2026-04-23 13:50:24,90090400,62510,31254927,138316,21760,79,83,23360278,25377,0,0,148117
2026-04-23 13:50:25,90156705,66305,31277940,138425,23122,80,83,23372788,12510,0,0,154028
2026-04-23 13:50:26,90215332,58627,31298290,138507,20432,70,83,23384510,11722,0,0,153419
2026-04-23 13:50:27,90277683,62351,31319929,138589,21721,80,83,23410685,26175,0,0,144530
2026-04-23 13:50:28,90340005,62322,31341565,138687,21734,73,83,23423552,12867,0,0,144327
2026-04-23 13:50:30,90396663,56658,31361223,138774,19745,76,83,23436231,12679,0,0,146137
2026-04-23 13:50:31,90454952,58289,31381462,138865,20330,71,83,23462845,26614,0,0,150966
2026-04-23 13:50:32,90519524,64572,31403910,138947,22530,80,83,23475174,12329,0,0,154670
2026-04-23 13:50:33,90578828,59304,31424529,139019,20691,71,83,23487580,12406,0,0,146336
2026-04-23 13:50:34,90635899,57071,31444296,139097,19845,75,83,23511396,23816,0,0,150581
2026-04-23 13:50:36,90701503,65604,31467055,139194,22856,77,83,23523056,11660,0,0,147928
2026-04-23 13:50:37,90757999,56496,31486695,139278,19724,81,83,23535269,12213,0,0,150973
2026-04-23 13:50:38,90812907,54908,31505712,139361,19100,74,83,23559259,23990,0,0,155992
2026-04-23 13:50:39,90874960,62053,31527271,139443,21641,76,83,23571853,12594,0,0,150028
2026-04-23 13:50:40,90936776,61816,31548743,139533,21562,81,83,23584229,12376,0,0,149369
2026-04-23 13:50:42,90991415,54639,31567725,139608,19057,80,83,23596966,12737,0,0,152884
2026-04-23 13:50:43,91051859,60444,31588637,139695,20999,72,83,23621283,24317,0,0,154558
2026-04-23 13:50:44,91116300,64441,31610959,139792,22419,81,83,23634195,12912,0,0,159516
2026-04-23 13:50:45,91177420,61120,31632192,139905,21346,81,83,23646299,12104,0,0,151456
2026-04-23 13:50:46,91235169,57749,31652175,139995,20073,81,83,23672046,25747,0,0,150039
2026-04-23 13:50:48,91297772,62603,31673945,140072,21847,75,83,23684935,12889,0,0,156217
2026-04-23 13:50:49,91359538,61766,31695458,140162,21603,80,83,23697584,12649,0,0,157578
2026-04-23 13:50:50,91415224,55686,31714789,140238,19407,81,83,23710207,12623,0,0,149033
2026-04-23 13:50:51,91478103,62879,31736571,140342,21886,78,83,23736075,25868,0,0,139403
2026-04-23 13:50:52,91544283,66180,31759529,140457,23073,76,83,23748772,12697,0,0,136861
2026-04-23 13:50:54,91604177,59894,31780321,140562,20897,65,83,23761561,12789,0,0,139995
2026-04-23 13:50:55,91671662,67485,31803668,140679,23464,80,83,23786638,25077,0,0,143954
2026-04-23 13:50:56,91739664,68002,31827300,140770,23723,80,83,23799767,13129,0,0,148220
2026-04-23 13:50:57,91806573,66909,31850501,140853,23284,79,83,23825233,25466,0,0,137888
2026-04-23 13:50:59,91875417,68844,31874438,140960,24044,79,83,23837982,12749,0,0,138469
2026-04-23 13:51:00,91941184,65767,31897250,141067,22919,80,83,23851401,13419,0,0,132539
2026-04-23 13:51:01,92009280,68096,31920894,141150,23727,77,83,23877697,26296,0,0,135946
2026-04-23 13:51:02,92077773,68493,31944593,141264,23813,79,83,23891464,13767,0,0,130876
2026-04-23 13:51:03,92145667,67894,31968123,141369,23635,76,83,23917022,25558,0,0,128098
2026-04-23 13:51:05,92215594,69927,31992362,141480,24350,76,83,23929537,12515,0,0,129741
2026-04-23 13:51:06,92283426,67832,32015861,141578,23597,74,83,23942552,13015,0,0,135339
2026-04-23 13:51:07,92352155,68729,32039725,141681,23967,75,83,23969846,27294,0,0,141901
2026-04-23 13:51:08,92420193,68038,32063317,141786,23697,80,83,23983206,13360,0,0,134660
2026-04-23 13:51:10,92488353,68160,32086967,141882,23746,71,83,24009453,26247,0,0,134061
2026-04-23 13:51:11,92558429,70076,32111279,141996,24426,76,83,24022233,12780,0,0,141297
2026-04-23 13:51:12,92625432,67003,32134553,142105,23383,80,83,24036408,14175,0,0,148169
2026-04-23 13:51:13,92693880,68448,32158309,142196,23847,75,83,24063485,27077,0,0,149842
2026-04-23 13:51:14,92761590,67710,32181823,142294,23612,68,83,24077700,14215,0,0,144093
2026-04-23 13:51:16,92830163,68573,32205577,142407,23867,75,83,24105438,27738,0,0,148679
2026-04-23 13:51:17,92898474,68311,32229338,142520,23874,79,83,24119399,13961,0,0,153043
2026-04-23 13:51:18,92965277,66803,32252552,142626,23320,79,83,24133725,14326,0,0,158130
2026-04-23 13:51:19,93035097,69820,32276737,142739,24298,72,83,24160830,27105,0,0,150240
2026-04-23 13:51:21,93102579,67482,32300170,142839,23533,76,83,24174377,13547,0,0,146106
2026-04-23 13:51:22,93171135,68556,32323946,142937,23874,76,83,24202363,27986,0,0,152040
2026-04-23 13:51:23,93239914,68779,32347811,143050,23978,73,83,24215704,13341,0,0,157402
2026-04-23 13:51:24,93306365,66451,32370892,143153,23184,78,83,24242472,26768,0,0,157941
2026-04-23 13:51:25,93375724,69359,32394963,143271,24189,77,83,24256617,14145,0,0,148472
2026-04-23 13:51:27,93443552,67828,32418520,143385,23671,76,83,24272326,15709,0,0,155578
2026-04-23 13:51:28,93510782,67230,32441832,143499,23426,78,83,24301563,29237,0,0,159399
2026-04-23 13:51:29,93580396,69614,32466003,143604,24276,77,83,24314997,13434,0,0,164203
2026-04-23 13:51:30,93648384,67988,32489546,143726,23665,79,83,24329172,14175,0,0,155297
2026-04-23 13:51:32,93716947,68563,32513298,143836,23862,77,83,24357833,28661,0,0,168349
2026-04-23 13:51:33,93785744,68797,32537208,143931,24005,78,83,24372495,14662,0,0,162251
2026-04-23 13:51:34,93852975,67231,32560541,144025,23427,79,83,24387807,15312,0,0,164450
2026-04-23 13:51:35,93921748,68773,32584420,144112,23966,77,83,24416325,28518,0,0,160713
2026-04-23 13:51:36,93991357,69609,32608536,144233,24237,80,83,24431910,15585,0,0,148481
2026-04-23 13:51:38,94058343,66986,32631778,144337,23346,70,83,24447737,15827,0,0,152126
2026-04-23 13:51:39,94126372,68029,32655376,144446,23707,76,83,24477344,29607,0,0,158955
2026-04-23 13:51:40,94195450,69078,32679344,144573,24095,79,83,24492336,14992,0,0,165232
2026-04-23 13:51:41,94262551,67101,32702637,144671,23391,75,83,24507868,15532,0,0,158009
2026-04-23 13:51:42,94328498,65947,32725523,144773,22988,74,83,24540241,32373,0,0,168096
2026-04-23 13:51:44,94395953,67455,32748912,144880,23496,75,83,24555644,15403,0,0,170973
2026-04-23 13:51:45,94462663,66710,32772057,144987,23252,79,83,24570788,15144,0,0,172760
2026-04-23 13:51:46,94528712,66049,32794970,145083,23009,75,83,24602415,31627,0,0,172186
2026-04-23 13:51:47,94595477,66765,32818177,145174,23298,71,83,24618908,16493,0,0,161457
2026-04-23 13:51:49,94663024,67547,32841618,145275,23542,81,83,24635432,16524,0,0,166067
2026-04-23 13:51:50,94725884,62860,32863418,145368,21893,75,83,24651864,16432,0,0,172026
2026-04-23 13:51:51,94787600,61716,32884863,145466,21543,76,83,24667555,15691,0,0,176038
2026-04-23 13:51:52,94853748,66148,32907832,145574,23077,77,83,24700000,32445,0,0,173822
2026-04-23 13:51:53,94916873,63125,32929719,145674,21987,79,83,24716100,16100,0,0,144834
2026-04-23 13:51:55,94974002,57129,32949608,145765,19980,81,83,24732513,16413,0,0,131248
2026-04-23 13:51:56,95031183,57181,32969446,145838,19911,80,83,24748726,16213,0,0,133878
2026-04-23 13:51:57,95089326,58143,32989579,145930,20225,74,83,24779531,30805,0,0,138684
2026-04-23 13:51:58,95150771,61445,33010892,146018,21401,72,83,24795335,15804,0,0,136499
2026-04-23 13:51:59,95214211,63440,33032905,146113,22108,77,83,24810651,15316,0,0,132943
2026-04-23 13:52:01,95263659,49448,33050110,146190,17282,81,83,24826054,15403,0,0,136029
2026-04-23 13:52:02,95316823,53164,33068540,146262,18502,79,83,24839768,13714,0,0,138033
2026-04-23 13:52:03,95372789,55966,33087920,146337,19455,80,83,24870197,30429,0,0,141518
2026-04-23 13:52:04,95437575,64786,33110404,146430,22577,77,83,24885765,15568,0,0,142969
2026-04-23 13:52:05,95499852,62277,33132025,146523,21714,74,83,24901960,16195,0,0,136100
2026-04-23 13:52:07,95558978,59126,33152584,146602,20638,78,83,24918108,16148,0,0,142288
2026-04-23 13:52:08,95615707,56729,33172245,146690,19749,79,83,24934248,16140,0,0,140213
2026-04-23 13:52:09,95681535,65828,33195073,146794,22932,78,83,24965670,31422,0,0,148416
2026-04-23 13:52:10,95749537,68002,33218670,146898,23701,76,83,24982543,16873,0,0,145940
2026-04-23 13:52:11,95816080,66543,33241775,147000,23207,81,83,24998948,16405,0,0,142527
2026-04-23 13:52:13,95881435,65355,33264427,147096,22748,75,83,25032101,33153,0,0,148011
2026-04-23 13:52:14,95950551,69116,33288342,147212,24031,79,83,25048776,16675,0,0,153795
2026-04-23 13:52:15,96018145,67594,33311831,147313,23590,80,83,25065058,16282,0,0,158310
2026-04-23 13:52:16,96085562,67417,33335198,147410,23464,75,83,25081753,16695,0,0,144010
2026-04-23 13:52:18,96152890,67328,33358560,147513,23465,75,83,25116341,34588,0,0,147180
2026-04-23 13:52:19,96221097,68207,33382262,147611,23800,79,83,25134376,18035,0,0,149226
2026-04-23 13:52:20,96289173,68076,33405869,147713,23709,74,83,25152425,18049,0,0,143597
2026-04-23 13:52:21,96355878,66705,33429016,147826,23260,78,83,25168689,16264,0,0,141725
2026-04-23 13:52:22,96422518,66640,33452159,147908,23225,74,83,25202867,34178,0,0,133804
2026-04-23 13:52:24,96491633,69115,33476120,148006,24059,76,83,25221143,18276,0,0,143034
2026-04-23 13:52:25,96559446,67813,33499597,148115,23586,75,83,25239208,18065,0,0,147989
2026-04-23 13:52:26,96625287,65841,33522466,148206,22960,75,83,25273467,34259,0,0,151268
2026-04-23 13:52:27,96694290,69003,33546414,148292,24034,74,83,25290619,17152,0,0,141744
2026-04-23 13:52:29,96762573,68283,33570074,148402,23770,80,83,25308011,17392,0,0,131046
2026-04-23 13:52:30,96829180,66607,33593192,148503,23219,77,83,25326150,18139,0,0,140024
2026-04-23 13:52:31,96895808,66628,33616313,148612,23230,78,83,25361798,35648,0,0,143314
2026-04-23 13:52:32,96962939,67131,33639628,148720,23423,74,83,25379641,17843,0,0,142708
2026-04-23 13:52:33,97026127,63188,33661540,148816,22008,81,83,25397485,17844,0,0,132999
2026-04-23 13:52:35,97086953,60826,33682677,148901,21222,81,83,25413583,16098,0,0,132298
2026-04-23 13:52:36,97149346,62393,33704299,149021,21742,71,83,25446237,32654,0,0,135620
2026-04-23 13:52:37,97215880,66534,33727387,149123,23190,77,83,25462598,16361,0,0,141514
2026-04-23 13:52:38,97278372,62492,33749065,149230,21785,79,83,25480281,17683,0,0,141055
2026-04-23 13:52:39,97337599,59227,33769607,149321,20633,73,83,25496584,16303,0,0,137537
2026-04-23 13:52:41,97400053,62454,33791268,149408,21748,65,83,25528228,31644,0,0,143993
2026-04-23 13:52:42,97464895,64842,33813750,149509,22583,73,83,25545409,17181,0,0,146802
2026-04-23 13:52:43,97528694,63799,33835903,149611,22255,80,83,25562508,17099,0,0,145673
2026-04-23 13:52:44,97584733,56039,33855356,149703,19545,81,83,25579527,17019,0,0,139442
2026-04-23 13:52:45,97642841,58108,33875481,149780,20202,81,83,25595170,15643,0,0,144810
2026-04-23 13:52:47,97701786,58945,33895951,149858,20548,75,83,25626903,31733,0,0,149267
2026-04-23 13:52:48,97766811,65025,33918467,149952,22610,70,83,25642056,15153,0,0,157987
2026-04-23 13:52:49,97825423,58612,33938808,150036,20425,77,83,25656096,14040,0,0,163498
2026-04-23 13:52:50,97881889,56466,33958463,150110,19729,74,83,25671548,15452,0,0,153658
2026-04-23 13:52:51,97942844,60955,33979593,150214,21234,80,83,25704616,33068,0,0,150338
2026-04-23 13:52:53,98006835,63991,34001764,150323,22280,80,83,25721581,16965,0,0,157623
2026-04-23 13:52:54,98065851,59016,34022291,150424,20628,66,83,25736955,15374,0,0,157491
2026-04-23 13:52:55,98118960,53109,34040685,150524,18494,81,83,25754364,17409,0,0,157585
2026-04-23 13:52:56,98177953,58993,34061126,150598,20515,76,83,25784707,30343,0,0,143736
2026-04-23 13:52:57,98241617,63664,34083233,150705,22214,77,83,25799849,15142,0,0,138263
2026-04-23 13:52:59,98302190,60573,34104283,150801,21146,81,83,25815128,15279,0,0,140582
2026-04-23 13:53:00,98358631,56441,34123874,150891,19681,81,83,25830816,15688,0,0,142982
2026-04-23 13:53:01,98417522,58891,34144244,150979,20458,74,83,25861347,30531,0,0,151173
2026-04-23 13:53:02,98479959,62437,34165905,151070,21752,76,83,25876424,15077,0,0,147099
2026-04-23 13:53:03,98541745,61786,34187329,151156,21510,77,83,25891191,14767,0,0,147702
2026-04-23 13:53:05,98607307,65562,34210041,151260,22816,77,83,25921149,29958,0,0,151085
2026-04-23 13:53:06,98674375,67068,34233282,151339,23320,80,83,25936304,15155,0,0,161288
2026-04-23 13:53:07,98730610,56235,34252797,151431,19607,80,83,25950742,14438,0,0,158632
2026-04-23 13:53:08,98793564,62954,34274614,151522,21908,75,83,25978922,28180,0,0,142505
2026-04-23 13:53:10,98856987,63423,34296591,151636,22091,79,83,25992884,13962,0,0,143087
2026-04-23 13:53:11,98915004,58017,34316742,151719,20234,79,83,26007585,14701,0,0,146991
2026-04-23 13:53:12,98977240,62236,34338305,151804,21648,78,83,26037592,30007,0,0,148612
2026-04-23 13:53:13,99044882,67642,34361755,151904,23550,77,83,26052044,14452,0,0,151500
2026-04-23 13:53:14,99109493,64611,34384207,151999,22547,77,83,26080177,28133,0,0,141730
2026-04-23 13:53:16,99178000,68507,34407971,152103,23868,79,83,26095873,15696,0,0,143624
2026-04-23 13:53:17,99246395,68395,34431715,152207,23848,81,83,26111073,15200,0,0,148457
2026-04-23 13:53:18,99312700,66305,34454715,152306,23099,77,83,26141005,29932,0,0,149684
2026-04-23 13:53:19,99381314,68614,34478483,152416,23878,80,83,26155855,14850,0,0,147824
2026-04-23 13:53:20,99444895,63581,34500534,152513,22148,75,83,26170610,14755,0,0,137736
2026-04-23 13:53:22,99510835,65940,34523463,152599,23015,77,83,26202641,32031,0,0,142879
2026-04-23 13:53:23,99577843,67008,34546719,152695,23352,75,83,26218047,15406,0,0,150465
2026-04-23 13:53:24,99641120,63277,34568678,152785,22049,79,83,26233582,15535,0,0,158251
2026-04-23 13:53:25,99707942,66822,34591823,152885,23245,76,83,26261909,28327,0,0,143967
2026-04-23 13:53:27,99774387,66445,34614887,152984,23163,76,83,26275968,14059,0,0,146370
2026-04-23 13:53:28,99836834,62447,34636534,153070,21733,80,83,26304544,28576,0,0,148983
2026-04-23 13:53:29,99900870,64036,34658754,153166,22316,78,83,26318400,13856,0,0,156634
2026-04-23 13:53:30,99966991,66121,34681752,153260,23092,78,83,26331607,13207,0,0,161854
2026-04-23 13:53:31,100031219,64228,34704047,153364,22399,74,83,26361064,29457,0,0,148128
2026-04-23 13:53:33,100098842,67623,34727545,153456,23590,77,83,26375972,14908,0,0,146105
2026-04-23 13:53:34,100161609,62767,34749334,153570,21903,66,83,26390076,14104,0,0,151574
2026-04-23 13:53:35,100227729,66120,34772264,153668,23028,74,83,26419052,28976,0,0,148839
2026-04-23 13:53:36,100295484,67755,34795807,153766,23641,74,83,26434011,14959,0,0,148297
2026-04-23 13:53:37,100360866,65382,34818474,153871,22772,80,83,26448724,14713,0,0,145506
2026-04-23 13:53:39,100427245,66379,34841502,153946,23103,76,83,26477542,28818,0,0,150710
2026-04-23 13:53:40,100491781,64536,34863885,154045,22482,78,83,26491973,14431,0,0,152279
2026-04-23 13:53:41,100554886,63105,34885799,154142,22011,81,83,26505677,13704,0,0,156590
2026-04-23 13:53:42,100620727,65841,34908657,154244,22960,70,83,26532807,27130,0,0,136807
2026-04-23 13:53:44,100688928,68201,34932304,154351,23754,79,83,26547011,14204,0,0,135985
2026-04-23 13:53:45,100752781,63853,34954444,154442,22231,81,83,26574667,27656,0,0,146528
2026-04-23 13:53:46,100820439,67658,34977875,154537,23526,79,83,26587464,12797,0,0,156235
2026-04-23 13:53:47,100882900,62461,34999540,154634,21762,80,83,26599511,12047,0,0,150485
2026-04-23 13:53:48,100948638,65738,35022345,154736,22907,80,83,26624257,24746,0,0,142507
2026-04-23 13:53:50,101013695,65057,35044889,154843,22651,80,83,26637007,12750,0,0,146060
2026-04-23 13:53:51,101074857,61162,35066085,154947,21300,73,83,26664286,27279,0,0,151568
2026-04-23 13:53:52,101140194,65337,35088762,155054,22784,79,83,26678344,14058,0,0,156669
2026-04-23 13:53:53,101205966,65772,35111632,155155,22971,70,83,26692175,13831,0,0,150738
2026-04-23 13:53:54,101268187,62221,35133196,155244,21653,79,83,26719269,27094,0,0,145527
2026-04-23 13:53:56,101335529,67342,35156544,155346,23450,78,83,26732961,13692,0,0,150810
2026-04-23 13:53:57,101396318,60789,35177701,155451,21262,78,83,26746229,13268,0,0,155181
2026-04-23 13:53:58,101452416,56098,35197168,155523,19539,81,83,26759710,13481,0,0,155892
2026-04-23 13:53:59,101517045,64629,35219568,155645,22522,77,83,26786320,26610,0,0,152974
2026-04-23 13:54:00,101580109,63064,35241488,155747,22022,80,83,26800595,14275,0,0,147444
2026-04-23 13:54:02,101638857,58748,35261861,155829,20455,74,83,26814912,14317,0,0,150431
2026-04-23 13:54:03,101700112,61255,35283085,155928,21323,75,83,26840177,25265,0,0,152559
2026-04-23 13:54:04,101764248,64136,35305348,156020,22355,81,83,26852814,12637,0,0,157377
2026-04-23 13:54:05,101822600,58352,35325580,156099,20311,77,83,26876067,23253,0,0,150374
2026-04-23 13:54:07,101887644,65044,35348192,156196,22709,75,83,26888366,12299,0,0,141367
2026-04-23 13:54:08,101950538,62894,35369986,156304,21902,81,83,26900846,12480,0,0,146217
2026-04-23 13:54:09,102013243,62705,35391705,156393,21808,79,83,26926630,25784,0,0,151757
2026-04-23 13:54:10,102080071,66828,35414853,156503,23258,76,83,26938286,11656,0,0,156949
2026-04-23 13:54:11,102144395,64324,35437145,156608,22397,74,83,26962641,24355,0,0,151557
2026-04-23 13:54:13,102212776,68381,35460873,156698,23818,78,83,26976185,13544,0,0,149495
2026-04-23 13:54:14,102279783,67007,35484157,156796,23382,81,83,26989163,12978,0,0,154142
2026-04-23 13:54:15,102347429,67646,35507591,156903,23541,77,83,27015620,26457,0,0,157586
2026-04-23 13:54:16,102417265,69836,35531769,157004,24279,77,83,27028045,12425,0,0,160159
2026-04-23 13:54:17,102484659,67394,35555157,157113,23497,76,83,27054595,26550,0,0,155438
2026-04-23 13:54:19,102553155,68496,35578945,157210,23885,75,83,27067717,13122,0,0,153634
2026-04-23 13:54:20,102619335,66180,35601931,157308,23084,79,83,27081211,13494,0,0,157769
2026-04-23 13:54:21,102688210,68875,35625790,157424,23975,79,83,27108857,27646,0,0,155555
2026-04-23 13:54:22,102755258,67048,35649083,157552,23421,78,83,27122276,13419,0,0,151067
2026-04-23 13:54:24,102823891,68633,35672887,157656,23908,76,83,27148181,25905,0,0,148710
2026-04-23 13:54:25,102892850,68959,35696799,157774,24030,69,83,27160615,12434,0,0,155327
2026-04-23 13:54:26,102957112,64262,35719122,157880,22429,79,83,27187384,26769,0,0,155815
2026-04-23 13:54:27,103026283,69171,35743117,157979,24094,76,83,27200586,13202,0,0,161208
2026-04-23 13:54:28,103093633,67350,35766501,158092,23497,78,83,27213973,13387,0,0,153851
2026-04-23 13:54:30,103161417,67784,35789984,158204,23595,81,83,27240335,26362,0,0,155125
2026-04-23 13:54:31,103223628,62211,35811615,158306,21733,81,83,27253456,13121,0,0,155557
2026-04-23 13:54:32,103283984,60356,35832480,158388,20947,81,83,27276525,23069,0,0,157973
2026-04-23 13:54:33,103349257,65273,35855143,158495,22770,79,83,27288496,11971,0,0,149746
2026-04-23 13:54:34,103413567,64310,35877433,158586,22381,80,83,27312089,23593,0,0,150952
2026-04-23 13:54:36,103480301,66734,35900559,158684,23224,79,83,27323384,11295,0,0,157422
2026-04-23 13:54:37,103542895,62594,35922276,158775,21808,69,83,27347490,24106,0,0,159940
2026-04-23 13:54:38,103608273,65378,35944993,158867,22809,76,83,27360149,12659,0,0,164609
2026-04-23 13:54:39,103673127,64854,35967497,158954,22591,80,83,27373245,13096,0,0,151437
2026-04-23 13:54:41,103738460,65333,35990154,159059,22762,77,83,27397815,24570,0,0,137280
2026-04-23 13:54:42,103803868,65408,36012820,159184,22791,74,83,27410076,12261,0,0,141333
2026-04-23 13:54:43,103868990,65122,36035451,159285,22732,81,83,27434970,24894,0,0,148765
2026-04-23 13:54:44,103933763,64773,36057911,159382,22557,77,83,27446368,11398,0,0,151674
2026-04-23 13:54:45,103999763,66000,36080813,159466,22986,77,83,27467479,21111,0,0,144394
2026-04-23 13:54:47,104064596,64833,36103319,159557,22597,77,83,27479888,12409,0,0,145764
2026-04-23 13:54:48,104131332,66736,36126468,159644,23236,75,83,27504625,24737,0,0,151969
2026-04-23 13:54:49,104196624,65292,36149130,159741,22759,81,83,27516433,11808,0,0,154485
2026-04-23 13:54:50,104262772,66148,36172044,159854,23027,77,83,27541713,25280,0,0,159816
2026-04-23 13:54:51,104327799,65027,36194618,159956,22676,81,83,27553766,12053,0,0,140249
2026-04-23 13:54:53,104394619,66820,36217748,160070,23244,81,83,27576715,22949,0,0,142760
2026-04-23 13:54:54,104459931,65312,36240385,160163,22730,81,83,27588243,11528,0,0,145755
2026-04-23 13:54:55,104525424,65493,36263096,160262,22810,70,83,27613657,25414,0,0,148129
2026-04-23 13:54:56,104591456,66032,36285954,160391,22987,68,83,27625936,12279,0,0,148723
2026-04-23 13:54:57,104655072,63616,36308054,160486,22195,77,83,27651471,25535,0,0,142405
2026-04-23 13:54:59,104722486,67414,36331420,160580,23460,76,83,27664488,13017,0,0,146625
2026-04-23 13:55:00,104785421,62935,36353270,160653,21923,77,83,27689618,25130,0,0,148116
2026-04-23 13:55:01,104848949,63528,36375308,160756,22141,79,83,27702613,12995,0,0,152806
2026-04-23 13:55:02,104910554,61605,36396712,160844,21492,73,83,27714882,12269,0,0,149590
2026-04-23 13:55:03,104971649,61095,36417911,160933,21288,75,83,27741188,26306,0,0,135019
2026-04-23 13:55:05,105036822,65173,36440505,161019,22680,80,83,27753177,11989,0,0,133292
2026-04-23 13:55:06,105099583,62761,36462236,161119,21831,76,83,27778040,24863,0,0,137209
2026-04-23 13:55:07,105160583,61000,36483375,161225,21245,76,83,27790961,12921,0,0,143351
2026-04-23 13:55:08,105220537,59954,36504181,161309,20890,81,83,27804030,13069,0,0,140201
2026-04-23 13:55:09,105278581,58044,36524322,161397,20229,79,83,27829054,25024,0,0,137883
2026-04-23 13:55:11,105341361,62780,36546111,161490,21882,81,83,27841838,12784,0,0,141178
2026-04-23 13:55:12,105397606,56245,36565698,161571,19668,78,83,27853996,12158,0,0,143667
2026-04-23 13:55:13,105453697,56091,36585118,161656,19505,80,83,27880632,26636,0,0,146194
2026-04-23 13:55:14,105515914,62217,36606647,161771,21644,79,83,27892505,11873,0,0,132186
2026-04-23 13:55:15,105573663,57749,36626716,161849,20147,75,83,27904871,12366,0,0,135834
2026-04-23 13:55:17,105633209,59546,36647383,161934,20752,75,83,27930756,25885,0,0,138396
2026-04-23 13:55:18,105697607,64398,36669714,162055,22452,81,83,27943887,13131,0,0,141271
2026-04-23 13:55:19,105759485,61878,36691113,162158,21502,81,83,27968484,24597,0,0,143906
2026-04-23 13:55:20,105825133,65648,36713868,162268,22865,75,83,27981005,12521,0,0,143099
2026-04-23 13:55:22,105888011,62878,36735661,162374,21899,81,83,28006703,25698,0,0,136006
2026-04-23 13:55:23,105954523,66512,36758750,162476,23191,75,83,28020313,13610,0,0,139661
2026-04-23 13:55:24,106017923,63400,36780764,162566,22104,71,83,28033838,13525,0,0,143906
2026-04-23 13:55:25,106082692,64769,36803213,162656,22539,72,83,28061946,28108,0,0,146916
2026-04-23 13:55:26,106147280,64588,36825655,162736,22522,76,83,28074828,12882,0,0,141970
2026-04-23 13:55:28,106212053,64773,36848126,162836,22571,74,83,28101113,26285,0,0,135473
2026-04-23 13:55:29,106277623,65570,36870868,162945,22851,80,83,28113966,12853,0,0,133039
2026-04-23 13:55:30,106340390,62767,36892620,163042,21849,74,83,28142416,28450,0,0,140083
2026-04-23 13:55:31,106404952,64562,36914990,163144,22472,80,83,28156539,14123,0,0,143025
2026-04-23 13:55:32,106466936,61984,36936549,163229,21644,81,83,28170026,13487,0,0,128850
2026-04-23 13:55:34,106531583,64647,36958942,163331,22495,77,83,28198297,28271,0,0,136801
2026-04-23 13:55:35,106596942,65359,36981640,163419,22786,81,83,28211696,13399,0,0,137244
2026-04-23 13:55:36,106655068,58126,37001829,163497,20267,81,83,28240433,28737,0,0,139425
2026-04-23 13:55:37,106721627,66559,37024937,163596,23207,81,83,28254482,14049,0,0,143525
2026-04-23 13:55:38,106785340,63713,37047070,163689,22226,77,83,28267957,13475,0,0,138706
2026-04-23 13:55:40,106850064,64724,37069558,163769,22568,81,83,28297228,29271,0,0,134133
2026-04-23 13:55:41,106912877,62813,37091389,163869,21931,81,83,28312279,15051,0,0,141981
2026-04-23 13:55:42,106968763,55886,37110772,163965,19479,81,83,28325743,13464,0,0,138101
2026-04-23 13:55:43,107031284,62521,37132439,164068,21770,77,83,28353386,27643,0,0,141175
2026-04-23 13:55:44,107092641,61357,37153746,164155,21394,80,83,28367934,14548,0,0,133975
2026-04-23 13:55:46,107151693,59052,37174224,164244,20567,81,83,28396696,28762,0,0,137276
2026-04-23 13:55:47,107213070,61377,37195592,164333,21457,78,83,28411052,14356,0,0,142815
2026-04-23 13:55:48,107272632,59562,37216316,164412,20803,81,83,28425457,14405,0,0,145450
2026-04-23 13:55:49,107331736,59104,37236795,164488,20555,75,83,28453420,27963,0,0,142862
2026-04-23 13:55:50,107395091,63355,37258783,164562,22062,77,83,28467658,14238,0,0,126575
2026-04-23 13:55:52,107454856,59765,37279508,164678,20841,81,83,28481572,13914,0,0,133380
2026-04-23 13:55:53,107512742,57886,37299567,164776,20157,70,83,28508156,26584,0,0,140909
2026-04-23 13:55:54,107574005,61263,37320748,164880,21285,75,83,28522625,14469,0,0,146311
2026-04-23 13:55:55,107636887,62882,37342578,164969,21919,81,83,28537054,14429,0,0,140777
2026-04-23 13:55:56,107698280,61393,37363892,165071,21416,73,83,28566905,29851,0,0,132387
2026-04-23 13:55:58,107764154,65874,37386730,165169,22936,74,83,28581468,14563,0,0,135115
2026-04-23 13:55:59,107825248,61094,37407969,165253,21323,81,83,28595920,14452,0,0,138291
2026-04-23 13:56:00,107890670,65422,37430603,165363,22744,78,83,28624724,28804,0,0,142062
2026-04-23 13:56:01,107955082,64412,37452962,165471,22467,79,83,28640291,15567,0,0,140796
2026-04-23 13:56:03,108019267,64185,37475238,165573,22378,80,83,28669360,29069,0,0,135263
2026-04-23 13:56:04,108085151,65884,37498125,165661,22975,81,83,28683898,14538,0,0,141558
2026-04-23 13:56:05,108147333,62182,37519669,165748,21631,79,83,28712044,28146,0,0,140999
2026-04-23 13:56:06,108213448,66115,37542641,165826,23050,81,83,28726487,14443,0,0,147296
2026-04-23 13:56:07,108276169,62721,37564393,165925,21851,79,83,28740511,14024,0,0,144844
2026-04-23 13:56:09,108341144,64975,37586881,166043,22606,75,83,28769156,28645,0,0,143643
2026-04-23 13:56:10,108402693,61549,37608267,166144,21487,78,83,28783613,14457,0,0,147336
2026-04-23 13:56:11,108467382,64689,37630682,166233,22504,74,83,28810014,26401,0,0,152460
2026-04-23 13:56:12,108530450,63068,37652572,166308,21965,76,83,28823523,13509,0,0,158821
2026-04-23 13:56:13,108594727,64277,37674867,166394,22381,74,83,28851603,28080,0,0,143935
2026-04-23 13:56:15,108659501,64774,37697342,166486,22567,79,83,28866029,14426,0,0,136041
2026-04-23 13:56:16,108721837,62336,37718937,166580,21689,80,83,28897196,31167,0,0,139542
2026-04-23 13:56:17,108788740,66903,37742160,166680,23323,81,83,28910403,13207,0,0,142842
2026-04-23 13:56:18,108850255,61515,37763542,166784,21486,79,83,28938670,28267,0,0,143129
2026-04-23 13:56:19,108917282,67027,37786771,166884,23329,76,83,28952881,14211,0,0,134114
2026-04-23 13:56:21,108981591,64309,37809041,166984,22370,80,83,28966856,13975,0,0,138369
2026-04-23 13:56:22,109047663,66072,37832001,167088,23064,71,83,28995409,28553,0,0,143303
2026-04-23 13:56:23,109113031,65368,37854695,167184,22790,78,83,29010778,15369,0,0,147586
2026-04-23 13:56:24,109177408,64377,37877034,167266,22421,75,83,29041080,30302,0,0,148533
2026-04-23 13:56:25,109243102,65694,37899838,167375,22913,81,83,29057405,16325,0,0,136941
2026-04-23 13:56:27,109304685,61583,37921162,167461,21410,75,83,29086466,29061,0,0,142330
2026-04-23 13:56:28,109371763,67078,37944361,167574,23312,77,83,29099989,13523,0,0,141849
2026-04-23 13:56:29,109433675,61912,37965859,167662,21586,76,83,29127062,27073,0,0,144003
2026-04-23 13:56:30,109500560,66885,37989039,167752,23270,75,83,29140333,13271,0,0,140210
2026-04-23 13:56:32,109563602,63042,38010911,167844,21964,81,83,29154472,14139,0,0,135675
2026-04-23 13:56:33,109628622,65020,38033468,167936,22649,77,83,29180959,26487,0,0,142639
2026-04-23 13:56:34,109692681,64059,38055676,168049,22321,76,83,29205607,24648,0,0,150112
2026-04-23 13:56:35,109758655,65974,38078556,168160,22991,81,83,29219088,13481,0,0,149276
2026-04-23 13:56:36,109820976,62321,38100210,168244,21738,81,83,29247348,28260,0,0,146975
2026-04-23 13:56:38,109886759,65783,38123069,168337,22952,76,83,29262275,14927,0,0,146706
2026-04-23 13:56:39,109951296,64537,38145489,168417,22500,81,83,29277631,15356,0,0,155963
2026-04-23 13:56:40,110016420,65124,38168086,168501,22681,81,83,29306163,28532,0,0,161067
2026-04-23 13:56:41,110081045,64625,38190510,168599,22522,81,83,29319186,13023,0,0,158926
2026-04-23 13:56:42,110142431,61386,38211776,168696,21363,78,83,29347810,28624,0,0,150112
2026-04-23 13:56:44,110207497,65066,38234330,168818,22676,76,83,29362630,14820,0,0,149059
2026-04-23 13:56:45,110270712,63215,38256275,168912,22039,81,83,29377174,14544,0,0,150174
2026-04-23 13:56:46,110335318,64606,38278698,168994,22505,79,83,29406060,28886,0,0,153387
2026-04-23 13:56:47,110398228,62910,38300544,169093,21945,73,83,29419783,13723,0,0,156304
2026-04-23 13:56:48,110460034,61806,38321964,169198,21525,77,83,29446020,26237,0,0,148489
2026-04-23 13:56:50,110523931,63897,38344180,169281,22299,81,83,29459430,13410,0,0,149732
2026-04-23 13:56:51,110581420,57489,38364132,169370,20041,77,83,29486556,27126,0,0,147918
2026-04-23 13:56:52,110643910,62490,38385885,169456,21839,78,83,29500759,14203,0,0,151050
2026-04-23 13:56:53,110701282,57372,38405812,169541,20012,81,83,29513651,12892,0,0,149941
2026-04-23 13:56:54,110760366,59084,38426311,169630,20588,80,83,29539730,26079,0,0,140088
2026-04-23 13:56:56,110824823,64457,38448698,169728,22485,80,83,29552384,12654,0,0,144988
2026-04-23 13:56:57,110883305,58482,38469008,169821,20403,75,83,29566126,13742,0,0,148045
2026-04-23 13:56:58,110944487,61182,38490236,169916,21323,75,83,29594293,28167,0,0,153360
2026-04-23 13:56:59,111005847,61360,38511511,170021,21380,81,83,29607226,12933,0,0,155466
2026-04-23 13:57:00,111062584,56737,38531195,170113,19776,81,83,29621232,14006,0,0,148199
2026-04-23 13:57:02,111125510,62926,38553019,170208,21919,80,83,29648829,27597,0,0,153880
2026-04-23 13:57:03,111185889,60379,38574016,170295,21084,81,83,29662173,13344,0,0,140761
2026-04-23 13:57:04,111245478,59589,38594620,170386,20695,81,83,29688280,26107,0,0,145573
2026-04-23 13:57:05,111305680,60202,38615546,170475,21015,79,83,29701833,13553,0,0,142660
2026-04-23 13:57:06,111364401,58721,38635947,170549,20475,81,83,29715355,13522,0,0,132316
2026-04-23 13:57:08,111422411,58010,38656055,170632,20191,79,83,29742901,27546,0,0,137558
2026-04-23 13:57:09,111487053,64642,38678482,170721,22516,77,83,29755999,13098,0,0,142540
2026-04-23 13:57:10,111543219,56166,38698014,170796,19607,81,83,29768666,12667,0,0,147928
2026-04-23 13:57:11,111599935,56716,38717666,170879,19735,78,83,29794553,25887,0,0,151273
2026-04-23 13:57:13,111662046,62111,38739196,170985,21636,74,83,29808118,13565,0,0,143786
2026-04-23 13:57:14,111716623,54577,38758166,171052,19037,81,83,29820728,12610,0,0,145581
2026-04-23 13:57:15,111775210,58587,38778465,171142,20389,73,83,29846744,26016,0,0,146478
2026-04-23 13:57:16,111837393,62183,38800072,171228,21693,71,83,29859627,12883,0,0,144215
2026-04-23 13:57:17,111889661,52268,38818249,171323,18272,81,83,29872522,12895,0,0,132965
2026-04-23 13:57:18,111942201,52540,38836423,171403,18254,75,83,29898544,26022,0,0,119880
2026-04-23 13:57:20,112003515,61314,38857740,171475,21389,68,83,29911922,13378,0,0,126744
2026-04-23 13:57:21,112061323,57808,38877827,171555,20167,81,83,29924918,12996,0,0,130174
2026-04-23 13:57:22,112117118,55795,38897163,171647,19428,76,83,29948106,23188,0,0,130679
2026-04-23 13:57:23,112175179,58061,38917322,171714,20226,80,83,29960759,12653,0,0,134956
2026-04-23 13:57:24,112227852,52673,38935642,171798,18404,73,83,29973354,12595,0,0,127423
2026-04-23 13:57:26,112281836,53984,38954365,171891,18816,77,83,29986367,13013,0,0,130044
2026-04-23 13:57:27,112341566,59730,38975094,171984,20822,78,83,30013629,27262,0,0,137592
2026-04-23 13:57:28,112400824,59258,38995715,172066,20703,80,83,30026282,12653,0,0,139510
2026-04-23 13:57:29,112457789,56965,39015455,172139,19813,81,83,30038161,11879,0,0,146083
2026-04-23 13:57:30,112515281,57492,39035347,172232,19985,78,83,30064399,26238,0,0,145346
2026-04-23 13:57:32,112574544,59263,39055975,172321,20717,81,83,30076188,11789,0,0,147482
2026-04-23 13:57:33,112626869,52325,39074163,172386,18253,81,83,30089145,12957,0,0,149929
2026-04-23 13:57:34,112685059,58190,39094310,172481,20242,81,83,30113979,24834,0,0,155651
2026-04-23 13:57:35,112744996,59937,39115129,172556,20894,81,83,30125159,11180,0,0,158907
2026-04-23 13:57:36,112797396,52400,39133301,172634,18250,78,83,30150083,24924,0,0,154976
2026-04-23 13:57:38,112857590,60194,39154177,172737,20979,80,83,30161797,11714,0,0,150553
2026-04-23 13:57:39,112915016,57426,39174130,172822,20038,78,83,30173695,11898,0,0,151853
2026-04-23 13:57:40,112965719,50703,39191772,172890,17710,81,83,30186578,12883,0,0,151981
2026-04-23 13:57:41,113024263,58544,39212089,172977,20404,81,83,30212050,25472,0,0,150992
2026-04-23 13:57:42,113082437,58174,39232305,173060,20299,81,83,30223792,11742,0,0,140967
2026-04-23 13:57:43,113132225,49788,39249568,173131,17334,76,83,30236268,12476,0,0,125936
2026-04-23 13:57:45,113190473,58248,39269739,173207,20247,81,83,30260149,23881,0,0,127795
2026-04-23 13:57:46,113252117,61644,39291166,173288,21508,79,83,30272703,12554,0,0,127957
2026-04-23 13:57:47,113305993,53876,39309902,173372,18820,81,83,30284651,11948,0,0,136785
2026-04-23 13:57:48,113362514,56521,39329454,173455,19635,80,83,30309317,24666,0,0,136238
2026-04-23 13:57:49,113420820,58306,39349688,173541,20320,68,83,30321688,12371,0,0,133273
2026-04-23 13:57:51,113476613,55793,39369045,173633,19449,81,83,30332769,11081,0,0,140253
2026-04-23 13:57:52,113534069,57456,39388939,173714,19975,78,83,30356044,23275,0,0,142420
2026-04-23 13:57:53,113595568,61499,39410332,173804,21483,75,83,30367563,11519,0,0,151256
2026-04-23 13:57:54,113646271,50703,39427904,173883,17651,81,83,30379528,11965,0,0,142628
2026-04-23 13:57:55,113702204,55933,39447262,173975,19450,80,83,30402628,23100,0,0,123811
2026-04-23 13:57:57,113759225,57021,39467091,174053,19907,81,83,30414249,11621,0,0,122124
2026-04-23 13:57:58,113812077,52852,39485442,174132,18430,81,83,30426322,12073,0,0,122328
2026-04-23 13:57:59,113869452,57375,39505307,174225,19958,76,83,30452599,26277,0,0,126259
2026-04-23 13:58:00,113932025,62573,39527010,174340,21818,74,83,30463932,11333,0,0,131375
2026-04-23 13:58:01,113985414,53389,39545552,174428,18630,81,83,30476233,12301,0,0,133883
2026-04-23 13:58:03,114041740,56326,39565093,174514,19627,81,83,30500376,24143,0,0,137085
2026-04-23 13:58:04,114106810,65070,39587638,174619,22650,70,83,30512682,12306,0,0,140492
2026-04-23 13:58:05,114168410,61600,39608980,174715,21438,80,83,30535393,22711,0,0,146996
2026-04-23 13:58:06,114234590,66180,39631956,174818,23079,78,83,30547097,11704,0,0,139684
2026-04-23 13:58:07,114296756,62166,39653523,174918,21667,76,83,30571529,24432,0,0,147582
2026-04-23 13:58:09,114361598,64842,39676010,175020,22589,75,83,30584321,12792,0,0,147912
2026-04-23 13:58:10,114424083,62485,39697695,175132,21797,81,83,30608026,23705,0,0,146995
2026-04-23 13:58:11,114490617,66534,39720776,175230,23179,80,83,30620418,12392,0,0,152050
2026-04-23 13:58:12,114553079,62462,39742505,175304,21803,76,83,30645169,24751,0,0,146413
2026-04-23 13:58:13,114618943,65864,39765347,175406,22944,75,83,30657396,12227,0,0,152418
2026-04-23 13:58:15,114679264,60321,39786309,175488,21044,81,83,30669553,12157,0,0,152148
2026-04-23 13:58:16,114743955,64691,39808691,175589,22483,76,83,30692845,23292,0,0,157632
2026-04-23 13:58:17,114805489,61534,39830119,175669,21508,80,83,30705726,12881,0,0,162138
2026-04-23 13:58:18,114868016,62527,39851832,175763,21807,70,83,30730211,24485,0,0,151892
2026-04-23 13:58:19,114929781,61765,39873264,175870,21539,81,83,30741908,11697,0,0,130301
2026-04-23 13:58:21,114982712,52931,39891591,175948,18405,76,83,30766641,24733,0,0,115157
2026-04-23 13:58:22,115046473,63761,39913693,176057,22211,81,83,30778137,11496,0,0,115699
2026-04-23 13:58:23,115103441,56968,39933448,176151,19849,72,83,30788916,10779,0,0,127270
2026-04-23 13:58:24,115165052,61611,39954793,176239,21433,76,83,30811412,22496,0,0,124814
2026-04-23 13:58:25,115226170,61118,39975990,176338,21296,74,83,30822435,11023,0,0,130121
2026-04-23 13:58:27,115281080,54910,39994998,176424,19094,79,83,30834347,11912,0,0,126554
2026-04-23 13:58:28,115340418,59338,40015607,176500,20685,69,83,30859143,24796,0,0,127999
2026-04-23 13:58:29,115399171,58753,40036061,176590,20544,81,83,30870995,11852,0,0,132356
2026-04-23 13:58:30,115451297,52126,40054087,176674,18110,80,83,30893324,22329,0,0,131352
2026-04-23 13:58:31,115510895,59598,40074793,176757,20789,77,83,30906182,12858,0,0,139329
2026-04-23 13:58:33,115569750,58855,40095256,176849,20555,81,83,30917914,11732,0,0,128715
2026-04-23 13:58:34,115623088,53338,40113707,176940,18542,72,83,30930546,12632,0,0,128227
2026-04-23 13:58:35,115687925,64837,40136190,177047,22590,77,83,30953855,23309,0,0,134529
2026-04-23 13:58:36,115749378,61453,40157478,177149,21390,67,83,30965990,12135,0,0,129059
2026-04-23 13:58:37,115816013,66635,40180567,177264,23204,76,83,30989797,23807,0,0,137562
2026-04-23 13:58:39,115877959,61946,40202087,177358,21614,77,83,31012617,22820,0,0,122989
2026-04-23 13:58:40,115944557,66598,40225180,177457,23192,77,83,31024071,11454,0,0,125463
2026-04-23 13:58:41,116007847,63290,40247148,177551,22062,79,83,31048707,24636,0,0,131820
2026-04-23 13:58:42,116074387,66540,40270209,177666,23176,80,83,31061698,12991,0,0,124018
2026-04-23 13:58:43,116138483,64096,40292441,177765,22331,81,83,31085895,24197,0,0,135102
2026-04-23 13:58:45,116205040,66557,40315547,177867,23208,78,83,31098148,12253,0,0,125054
2026-04-23 13:58:46,116269815,64775,40338014,177969,22569,80,83,31110719,12571,0,0,123020
2026-04-23 13:58:47,116336522,66707,40361157,178055,23229,72,83,31135389,24670,0,0,132172
2026-04-23 13:58:48,116400257,63735,40383291,178157,22236,70,83,31147219,11830,0,0,125548
2026-04-23 13:58:50,116467074,66817,40406436,178271,23259,77,83,31172397,25178,0,0,130639
2026-04-23 13:58:51,116531128,64054,40428698,178361,22352,74,83,31184677,12280,0,0,130429
2026-04-23 13:58:52,116597361,66233,40451650,178446,23037,79,84,31209653,24976,0,0,133946
2026-04-23 13:58:53,116662169,64808,40474165,178546,22615,81,83,31222835,13182,0,0,138296
2026-04-23 13:58:54,116727087,64918,40496720,178638,22647,78,83,31249307,26472,0,0,128017
2026-04-23 13:58:56,116793067,65980,40519637,178738,23017,68,83,31262593,13286,0,0,132499
2026-04-23 13:58:57,116857961,64894,40542131,178828,22584,79,83,31288033,25440,0,0,138891
2026-04-23 13:58:58,116924016,66055,40565038,178937,23016,79,84,31300050,12017,0,0,134983
2026-04-23 13:58:59,116989260,65244,40587668,179041,22734,81,83,31325564,25514,0,0,142461
2026-04-23 13:59:00,117054634,65374,40610314,179146,22751,67,83,31338924,13360,0,0,128174
2026-04-23 13:59:02,117117461,62827,40632102,179244,21886,77,83,31364819,25895,0,0,129485
2026-04-23 13:59:03,117181111,63650,40654205,179360,22219,79,83,31377612,12793,0,0,133396
2026-04-23 13:59:04,117245922,64811,40676713,179471,22619,80,83,31391092,13480,0,0,135037
2026-04-23 13:59:05,117310619,64697,40699165,179558,22539,72,83,31417675,26583,0,0,141166
2026-04-23 13:59:06,117375422,64803,40721676,179653,22606,68,83,31430480,12805,0,0,128159
2026-04-23 13:59:08,117438273,62851,40743446,179753,21870,81,83,31455624,25144,0,0,125021
2026-04-23 13:59:09,117501156,62883,40765288,179853,21942,77,83,31468243,12619,0,0,129987
2026-04-23 13:59:10,117563378,62222,40786891,179940,21690,74,83,31493360,25117,0,0,135485
2026-04-23 13:59:11,117628447,65069,40809485,180019,22673,81,83,31505743,12383,0,0,141332
2026-04-23 13:59:13,117691966,63519,40831506,180126,22128,63,83,31530064,24321,0,0,134761
2026-04-23 13:59:14,117757874,65908,40854401,180230,22999,81,83,31542968,12904,0,0,133412
2026-04-23 13:59:15,117820219,62345,40876019,180328,21716,80,83,31570109,27141,0,0,136856
2026-04-23 13:59:16,117887449,67230,40899377,180419,23449,81,83,31583321,13212,0,0,143109
2026-04-23 13:59:17,117951356,63907,40921549,180521,22274,79,83,31610331,27010,0,0,151302
2026-04-23 13:59:19,118019415,68059,40945143,180629,23702,79,83,31624452,14121,0,0,141552
2026-04-23 13:59:20,118086689,67274,40968521,180713,23462,77,83,31637853,13401,0,0,140610
2026-04-23 13:59:21,118155820,69131,40992495,180830,24091,78,83,31665917,28064,0,0,147708
2026-04-23 13:59:22,118224016,68196,41016183,180919,23777,78,83,31679639,13722,0,0,153511
2026-04-23 13:59:23,118291288,67272,41039564,181012,23474,77,83,31708232,28593,0,0,149206
2026-04-23 13:59:25,118359194,67906,41063077,181128,23629,81,83,31722822,14590,0,0,149376
2026-04-23 13:59:26,118426139,66945,41086343,181215,23353,70,83,31750610,27788,0,0,152242
2026-04-23 13:59:27,118495314,69175,41110330,181345,24117,70,83,31764883,14273,0,0,158815
2026-04-23 13:59:28,118560803,65489,41133052,181441,22818,75,83,31780364,15481,0,0,161616
2026-04-23 13:59:30,118626787,65984,41155924,181547,22978,71,83,31810240,29876,0,0,138066
2026-04-23 13:59:31,118694219,67432,41179310,181644,23483,77,83,31824464,14224,0,0,139729
2026-04-23 13:59:32,118761971,67752,41202802,181755,23603,80,83,31853264,28800,0,0,143047
2026-04-23 13:59:33,118828542,66571,41225893,181860,23196,81,83,31867951,14687,0,0,136134
2026-04-23 13:59:34,118888217,59675,41246586,181966,20799,80,83,31882962,15011,0,0,144984
2026-04-23 13:59:36,118953660,65443,41269282,182082,22812,77,83,31912332,29370,0,0,136575
2026-04-23 13:59:37,119018281,64621,41291703,182176,22515,69,83,31926620,14288,0,0,139800
2026-04-23 13:59:38,119081563,63282,41313650,182255,22026,76,83,31955276,28656,0,0,144230
2026-04-23 13:59:39,119146856,65293,41336314,182364,22773,76,83,31969412,14136,0,0,147693
2026-04-23 13:59:40,119205793,58937,41356761,182436,20519,81,83,31983670,14258,0,0,138966
2026-04-23 13:59:42,119270464,64671,41379122,182535,22460,80,83,32011055,27385,0,0,130537
2026-04-23 13:59:43,119334712,64248,41401431,182639,22413,73,83,32024955,13900,0,0,132833
2026-04-23 13:59:44,119398256,63544,41423451,182736,22117,79,83,32052611,27656,0,0,137750
2026-04-23 13:59:45,119463668,65412,41446177,182833,22823,78,83,32067033,14422,0,0,142927
2026-04-23 13:59:47,119522119,58451,41466489,182918,20397,81,83,32081448,14415,0,0,133871
2026-04-23 13:59:48,119587564,65445,41489194,183020,22807,75,83,32110186,28738,0,0,136527
2026-04-23 13:59:49,119652058,64494,41511581,183131,22498,81,83,32125080,14894,0,0,140138
2026-04-23 13:59:50,119712358,60300,41532488,183224,21000,81,83,32139147,14067,0,0,142338
2026-04-23 13:59:51,119774474,62116,41554035,183304,21627,76,83,32167946,28799,0,0,146835
2026-04-23 13:59:53,119836073,61599,41575445,183388,21494,81,83,32182802,14856,0,0,125078
2026-04-23 13:59:54,119897239,61166,41596661,183481,21309,77,83,32212508,29706,0,0,129141
2026-04-23 13:59:55,119965792,68553,41620420,183591,23869,79,83,32227447,14939,0,0,139518
2026-04-23 13:59:56,120030200,64408,41642827,183684,22500,72,83,32242606,15159,0,0,142290
2026-04-23 13:59:57,120097296,67096,41666107,183769,23365,75,83,32272621,30015,0,0,144934
2026-04-23 13:59:59,120156713,59417,41686751,183862,20737,81,83,32288058,15437,0,0,138378
2026-04-23 14:00:00,120215873,59160,41707281,183955,20623,81,83,32316697,28639,0,0,138299
2026-04-23 14:00:01,120283187,67314,41730605,184049,23418,74,83,32330161,13464,0,0,145364
2026-04-23 14:00:02,120345650,62463,41752368,184128,21842,81,83,32344626,14465,0,0,147612
2026-04-23 14:00:03,120406184,60534,41773295,184228,21027,73,83,32375394,30768,0,0,145978
2026-04-23 14:00:05,120471418,65234,41795908,184329,22714,77,83,32390433,15039,0,0,130169
2026-04-23 14:00:06,120531135,59717,41816675,184414,20852,66,83,32405387,14954,0,0,134890
2026-04-23 14:00:07,120595507,64372,41838995,184500,22406,78,83,32435139,29752,0,0,137807
2026-04-23 14:00:08,120662298,66791,41862196,184613,23314,76,83,32450138,14999,0,0,142024
2026-04-23 14:00:09,120726098,63800,41884331,184699,22221,80,83,32479969,29831,0,0,137095
2026-04-23 14:00:11,120793632,67534,41907763,184798,23531,78,83,32494548,14579,0,0,136668
2026-04-23 14:00:12,120860570,66938,41930984,184915,23338,75,83,32508332,13784,0,0,140500
2026-04-23 14:00:13,120929523,68953,41954942,184994,24037,80,83,32536828,28496,0,0,146437
2026-04-23 14:00:14,120997022,67499,41978354,185110,23528,71,83,32551819,14991,0,0,150324
2026-04-23 14:00:16,121065217,68195,42001964,185216,23716,79,83,32582149,30330,0,0,141935
2026-04-23 14:00:17,121135397,70180,42026252,185336,24408,76,83,32597128,14979,0,0,145759
2026-04-23 14:00:18,121201503,66106,42049180,185423,23015,73,83,32626125,28997,0,0,142028
2026-04-23 14:00:19,121269756,68253,42072889,185515,23801,75,83,32640977,14852,0,0,146738
2026-04-23 14:00:20,121335730,65974,42095802,185620,23018,81,83,32656402,15425,0,0,150513
2026-04-23 14:00:22,121404545,68815,42119683,185728,23989,76,83,32685530,29128,0,0,144412
2026-04-23 14:00:23,121470641,66096,42142606,185835,23030,80,83,32700195,14665,0,0,148264
2026-04-23 14:00:24,121532830,62189,42164144,185933,21636,78,83,32731292,31097,0,0,152116
2026-04-23 14:00:25,121600252,67422,42187533,186047,23503,77,83,32746565,15273,0,0,158068
2026-04-23 14:00:27,121663710,63458,42209528,186133,22081,78,83,32761896,15331,0,0,148714
2026-04-23 14:00:28,121726139,62429,42231219,186226,21784,81,83,32777067,15171,0,0,155268
2026-04-23 14:00:29,121789876,63737,42253268,186317,22140,78,83,32808766,31699,0,0,149197
2026-04-23 14:00:30,121853667,63791,42275432,186422,22269,81,83,32824057,15291,0,0,153322
2026-04-23 14:00:31,121913914,60247,42296346,186514,21006,81,83,32838133,14076,0,0,155270
2026-04-23 14:00:33,121979352,65438,42319050,186604,22794,69,83,32866997,28864,0,0,141350
2026-04-23 14:00:34,122042052,62700,42340854,186697,21897,72,83,32881499,14502,0,0,146549
2026-04-23 14:00:35,122099744,57692,42360900,186785,20134,77,83,32896745,15246,0,0,147603
2026-04-23 14:00:36,122161923,62179,42382412,186882,21609,77,83,32926424,29679,0,0,151609
2026-04-23 14:00:37,122227936,66013,42405266,186999,22971,75,83,32940811,14387,0,0,155374
2026-04-23 14:00:39,122289202,61266,42426568,187102,21405,79,83,32955394,14583,0,0,143119
2026-04-23 14:00:40,122350041,60839,42447653,187181,21164,74,83,32986307,30913,0,0,135719
2026-04-23 14:00:41,122414038,63997,42469865,187266,22297,73,83,33001108,14801,0,0,142021
2026-04-23 14:00:42,122474896,60858,42491052,187359,21280,81,83,33014979,13871,0,0,145882
2026-04-23 14:00:43,122535343,60447,42512022,187456,21067,79,83,33044583,29604,0,0,142802
2026-04-23 14:00:45,122600252,64909,42534558,187549,22629,77,83,33059980,15397,0,0,133904
2026-04-23 14:00:46,122661634,61382,42555850,187677,21420,78,83,33074318,14338,0,0,137836
2026-04-23 14:00:47,122718413,56779,42575503,187766,19742,78,83,33089282,14964,0,0,140462
2026-04-23 14:00:48,122782718,64305,42597799,187865,22395,74,83,33117538,28256,0,0,145098
2026-04-23 14:00:49,122845701,62983,42619678,187949,21963,74,83,33131618,14080,0,0,139268
2026-04-23 14:00:51,122906572,60871,42640775,188042,21190,75,83,33145516,13898,0,0,135299
2026-04-23 14:00:52,122972095,65523,42663501,188157,22841,78,83,33173580,28064,0,0,138352
2026-04-23 14:00:53,123034879,62784,42685294,188262,21898,81,83,33188950,15370,0,0,139107
2026-04-23 14:00:54,123092255,57376,42705175,188344,19963,69,83,33203974,15024,0,0,144194
2026-04-23 14:00:56,123156747,64492,42727511,188448,22440,75,83,33231621,27647,0,0,138412
2026-04-23 14:00:57,123219746,62999,42749428,188540,22009,80,83,33245413,13792,0,0,135591
2026-04-23 14:00:58,123275839,56093,42768854,188628,19514,76,83,33259676,14263,0,0,142039
2026-04-23 14:00:59,123336836,60997,42790002,188727,21247,77,83,33287431,27755,0,0,146524
2026-04-23 14:01:00,123402420,65584,42812754,188829,22854,78,83,33301262,13831,0,0,152218
2026-04-23 14:01:02,123464955,62535,42834426,188925,21768,77,83,33315842,14580,0,0,146017
2026-04-23 14:01:03,123531350,66395,42857514,189021,23184,76,83,33344534,28692,0,0,140923
2026-04-23 14:01:04,123598740,67390,42880903,189127,23495,75,83,33358588,14054,0,0,147716
2026-04-23 14:01:05,123665921,67181,42904224,189224,23418,80,83,33386873,28285,0,0,149406
2026-04-23 14:01:06,123734703,68782,42928094,189330,23976,76,83,33402172,15299,0,0,152977
2026-04-23 14:01:08,123799185,64482,42950493,189433,22502,76,83,33429333,27161,0,0,132857
2026-04-23 14:01:09,123868067,68882,42974385,189520,23979,79,83,33443361,14028,0,0,136986
2026-04-23 14:01:10,123928645,60578,42995438,189607,21140,81,83,33457067,13706,0,0,143493
2026-04-23 14:01:11,123987935,59290,43016024,189688,20667,75,83,33484992,27925,0,0,145008
2026-04-23 14:01:12,124056080,68145,43039644,189812,23744,78,83,33499677,14685,0,0,145006
2026-04-23 14:01:14,124121206,65126,43062243,189913,22700,81,83,33514182,14505,0,0,140732
2026-04-23 14:01:15,124179351,58145,43082430,189997,20271,76,83,33542042,27860,0,0,145236
2026-04-23 14:01:16,124245085,65734,43105243,190088,22904,72,83,33555600,13558,0,0,155099
2026-04-23 14:01:17,124305309,60224,43126172,190167,21008,81,83,33568542,12942,0,0,161744
2026-04-23 14:01:18,124367034,61725,43147572,190263,21496,77,83,33594076,25534,0,0,157790
2026-04-23 14:01:20,124431024,63990,43169803,190370,22338,81,83,33607372,13296,0,0,154723
2026-04-23 14:01:21,124487491,56467,43189401,190469,19697,81,83,33620782,13410,0,0,155876
2026-04-23 14:01:22,124548483,60992,43210622,190543,21295,74,83,33647417,26635,0,0,161185
2026-04-23 14:01:23,124612971,64488,43233025,190641,22501,81,83,33660984,13567,0,0,163074
2026-04-23 14:01:25,124676722,63751,43255112,190739,22185,78,83,33688745,27761,0,0,161186
2026-04-23 14:01:26,124745278,68556,43278893,190858,23900,79,83,33702387,13642,0,0,156387
2026-04-23 14:01:27,124809620,64342,43301187,190957,22393,72,83,33716639,14252,0,0,156146
2026-04-23 14:01:28,124876692,67072,43324473,191042,23371,78,83,33741918,25279,0,0,160865
2026-04-23 14:01:29,124941501,64809,43346951,191133,22569,77,83,33755581,13663,0,0,165695
2026-04-23 14:01:31,125005764,64263,43369264,191239,22419,73,83,33780530,24949,0,0,141685
2026-04-23 14:01:32,125072348,66584,43392356,191349,23202,81,83,33793732,13202,0,0,150230
2026-04-23 14:01:33,125131804,59456,43413027,191430,20752,82,84,33819244,25512,0,0,153103
2026-04-23 14:01:34,125197076,65272,43435626,191525,22694,77,83,33832779,13535,0,0,161204
2026-04-23 14:01:35,125259049,61973,43457139,191625,21613,81,83,33844966,12187,0,0,166236
2026-04-23 14:01:37,125323263,64214,43479374,191729,22339,75,83,33869990,25024,0,0,156521
2026-04-23 14:01:38,125388156,64893,43501925,191822,22644,81,83,33882127,12137,0,0,156551
2026-04-23 14:01:39,125449082,60926,43522991,191920,21164,80,83,33906666,24539,0,0,161451
2026-04-23 14:01:40,125512692,63610,43545070,192005,22164,77,83,33918858,12192,0,0,168707
2026-04-23 14:01:41,125572444,59752,43565848,192080,20853,81,83,33931870,13012,0,0,163513
2026-04-23 14:01:43,125634510,62066,43587347,192162,21581,80,83,33957932,26062,0,0,143789
2026-04-23 14:01:44,125699584,65074,43609921,192258,22670,81,83,33971285,13353,0,0,138590
2026-04-23 14:01:45,125760216,60632,43630959,192357,21137,80,83,33984204,12919,0,0,141829
2026-04-23 14:01:46,125823998,63782,43653059,192443,22186,74,83,34010717,26513,0,0,144661
2026-04-23 14:01:47,125886637,62639,43674810,192541,21849,64,83,34023902,13185,0,0,144979
2026-04-23 14:01:49,125946383,59746,43695506,192628,20783,77,83,34049149,25247,0,0,140669
2026-04-23 14:01:50,126013074,66691,43718588,192744,23198,68,83,34061749,12600,0,0,147402
2026-04-23 14:01:51,126072001,58927,43739048,192828,20544,78,83,34073823,12074,0,0,149040
2026-04-23 14:01:52,126132816,60815,43760174,192913,21211,76,83,34098564,24741,0,0,152597
2026-04-23 14:01:53,126194089,61273,43781430,193015,21358,81,83,34111837,13273,0,0,148234
2026-04-23 14:01:55,126253957,59868,43802169,193093,20817,72,83,34135736,23899,0,0,144968
2026-04-23 14:01:56,126319615,65658,43824928,193180,22846,77,83,34147326,11590,0,0,149366
2026-04-23 14:01:57,126375295,55680,43844268,193264,19424,81,83,34160112,12786,0,0,152876
2026-04-23 14:01:58,126438267,62972,43866075,193360,21903,70,83,34185057,24945,0,0,158565
2026-04-23 14:02:00,126501981,63714,43888148,193468,22181,81,83,34197315,12258,0,0,157849
2026-04-23 14:02:01,126560679,58698,43908493,193557,20434,78,83,34221749,24434,0,0,150791
2026-04-23 14:02:02,126626634,65955,43931395,193661,23006,79,83,34234029,12280,0,0,158991
2026-04-23 14:02:03,126685918,59284,43951942,193749,20635,74,83,34246535,12506,0,0,158689
2026-04-23 14:02:04,126750904,64986,43974483,193841,22633,76,83,34270163,23628,0,0,163381
2026-04-23 14:02:06,126817161,66257,43997501,193939,23116,81,83,34283948,13785,0,0,155495
2026-04-23 14:02:07,126881828,64667,44019923,194032,22515,78,83,34310259,26311,0,0,157816
2026-04-23 14:02:08,126950651,68823,44043786,194156,23987,75,83,34322635,12376,0,0,160790
2026-04-23 14:02:09,127014250,63599,44065870,194261,22189,80,83,34336114,13479,0,0,162215
2026-04-23 14:02:10,127083502,69252,44089821,194372,24062,74,83,34362240,26126,0,0,166685
2026-04-23 14:02:12,127150792,67290,44113160,194478,23445,78,83,34374782,12542,0,0,155101
2026-04-23 14:02:13,127218581,67789,44136671,194592,23625,74,83,34399372,24590,0,0,159065
2026-04-23 14:02:14,127286190,67609,44160168,194682,23587,70,83,34411612,12240,0,0,163060
2026-04-23 14:02:15,127355123,68933,44184109,194782,24041,76,83,34436044,24432,0,0,168971
2026-04-23 14:02:17,127422377,67254,44207441,194916,23466,80,83,34448991,12947,0,0,164785
2026-04-23 14:02:18,127491055,68678,44231232,195027,23902,74,83,34474218,25227,0,0,147061
2026-04-23 14:02:19,127559316,68261,44254874,195115,23730,77,83,34486822,12604,0,0,141243
2026-04-23 14:02:20,127628837,69521,44278982,195209,24202,79,83,34512336,25514,0,0,143312
2026-04-23 14:02:21,127697474,68637,44302807,195318,23934,73,83,34524520,12184,0,0,147282
2026-04-23 14:02:23,127765458,67984,44326363,195417,23655,76,83,34550911,26391,0,0,133309
2026-04-23 14:02:24,127834419,68961,44350329,195509,24058,81,83,34563626,12715,0,0,133514
2026-04-23 14:02:25,127902654,68235,44374003,195623,23788,81,83,34589149,25523,0,0,137783
2026-04-23 14:02:26,127971127,68473,44397773,195726,23873,81,83,34602350,13201,0,0,142379
2026-04-23 14:02:28,128039154,68027,44421386,195819,23706,78,83,34629233,26883,0,0,139083
2026-04-23 14:02:29,128108201,69047,44445336,195923,24054,80,83,34642444,13211,0,0,123116
2026-04-23 14:02:30,128175313,67112,44468610,196019,23370,77,83,34669630,27186,0,0,131209
2026-04-23 14:02:31,128244565,69252,44492684,196120,24175,75,83,34683461,13831,0,0,139870
2026-04-23 14:02:32,128312724,68159,44516332,196228,23756,64,83,34697254,13793,0,0,145710
2026-04-23 14:02:34,128380562,67838,44539882,196336,23658,80,83,34724102,26848,0,0,136071
2026-04-23 14:02:35,128447853,67291,44563266,196444,23492,81,83,34737424,13322,0,0,137177
2026-04-23 14:02:36,128517114,69261,44587309,196542,24141,79,83,34764332,26908,0,0,143741
2026-04-23 14:02:37,128585060,67946,44610875,196641,23665,74,83,34777940,13608,0,0,149741
2026-04-23 14:02:39,128653235,68175,44634513,196752,23749,79,83,34805016,27076,0,0,147956
2026-04-23 14:02:40,128721253,68018,44658194,196847,23776,74,83,34818791,13775,0,0,143951
2026-04-23 14:02:41,128787650,66397,44681265,196943,23167,76,83,34846507,27716,0,0,146976
2026-04-23 14:02:42,128854697,67047,44704502,197064,23358,80,83,34860079,13572,0,0,142355
2026-04-23 14:02:43,128920518,65821,44727324,197150,22908,75,83,34885919,25840,0,0,147724
2026-04-23 14:02:45,128989224,68706,44751156,197252,23934,75,83,34898967,13048,0,0,140958
2026-04-23 14:02:46,129056062,66838,44774369,197360,23321,74,83,34926128,27161,0,0,140961
2026-04-23 14:02:47,129125788,69726,44798528,197472,24271,79,83,34940367,14239,0,0,144633
2026-04-23 14:02:48,129191233,65445,44821228,197566,22794,76,83,34967212,26845,0,0,150293
2026-04-23 14:02:50,129259703,68470,44845008,197653,23867,80,83,34980593,13381,0,0,150727
2026-04-23 14:02:51,129326814,67111,44868311,197751,23401,77,83,35006132,25539,0,0,147110
2026-04-23 14:02:52,129394801,67987,44891964,197858,23760,75,83,35020017,13885,0,0,146082
2026-04-23 14:02:53,129458537,63736,44914063,197957,22198,81,83,35047084,27067,0,0,157005
2026-04-23 14:02:54,129527284,68747,44937949,198059,23988,74,83,35060502,13418,0,0,161551
2026-04-23 14:02:56,129592231,64947,44960463,198155,22610,78,83,35087526,27024,0,0,153250
2026-04-23 14:02:57,129660598,68367,44984250,198257,23889,73,83,35099915,12389,0,0,152365
2026-04-23 14:02:58,129723379,62781,45006018,198353,21864,78,83,35127774,27859,0,0,156497
2026-04-23 14:02:59,129790587,67208,45029345,198463,23437,78,83,35141313,13539,0,0,162744
2026-04-23 14:03:00,129850400,59813,45050124,198544,20860,81,83,35155486,14173,0,0,167425
2026-04-23 14:03:02,129911327,60927,45071291,198627,21250,75,83,35182579,27093,0,0,153453
2026-04-23 14:03:03,129972758,61431,45092592,198720,21394,81,83,35196869,14290,0,0,150731
2026-04-23 14:03:04,130030426,57668,45112613,198816,20117,81,83,35209912,13043,0,0,150052
2026-04-23 14:03:05,130091083,60657,45133628,198914,21113,79,83,35236988,27076,0,0,151654
2026-04-23 14:03:06,130150183,59100,45154245,199001,20704,81,83,35249023,12035,0,0,154690
2026-04-23 14:03:08,130209296,59113,45174685,199103,20542,76,83,35276786,27763,0,0,138010
2026-04-23 14:03:09,130272059,62763,45196506,199200,21918,81,83,35289184,12398,0,0,142046
2026-04-23 14:03:10,130328258,56199,45215986,199293,19573,77,83,35315305,26121,0,0,142570
2026-04-23 14:03:11,130391158,62900,45237814,199397,21932,77,83,35328583,13278,0,0,149493
2026-04-23 14:03:12,130448452,57294,45257668,199501,19958,81,83,35341735,13152,0,0,152086
2026-04-23 14:03:14,130509647,61195,45278855,199587,21273,78,83,35366298,24563,0,0,146790
2026-04-23 14:03:15,130572583,62936,45300699,199681,21938,81,83,35379021,12723,0,0,151668
2026-04-23 14:03:16,130632661,60078,45321532,199762,20914,78,83,35404741,25720,0,0,155494
2026-04-23 14:03:17,130696934,64273,45343866,199853,22425,77,83,35418528,13787,0,0,161886
2026-04-23 14:03:18,130753374,56440,45363516,199925,19722,81,83,35432616,14088,0,0,145784
2026-04-23 14:03:20,130813315,59941,45384275,200028,20862,79,83,35459230,26614,0,0,136430
2026-04-23 14:03:21,130874869,61554,45405696,200119,21512,80,83,35472682,13452,0,0,141011
2026-04-23 14:03:22,130931822,56953,45425391,200213,19789,74,83,35498982,26300,0,0,141915
2026-04-23 14:03:23,130995690,63868,45447542,200313,22251,72,83,35511428,12446,0,0,151905
2026-04-23 14:03:24,131050226,54536,45466466,200401,19012,80,83,35524001,12573,0,0,153655
2026-04-23 14:03:26,131112369,62143,45488033,200493,21659,77,83,35551694,27693,0,0,144934
2026-04-23 14:03:27,131176091,63722,45510134,200588,22196,81,83,35565362,13668,0,0,143665
2026-04-23 14:03:28,131231235,55144,45529329,200667,19274,81,83,35578338,12976,0,0,145382
2026-04-23 14:03:29,131297473,66238,45552269,200769,23042,77,83,35605522,27184,0,0,152747
2026-04-23 14:03:31,131358798,61325,45573598,200848,21408,74,83,35619777,14255,0,0,149804
2026-04-23 14:03:32,131423311,64513,45596028,200935,22517,75,83,35648881,29104,0,0,144294
2026-04-23 14:03:33,131487285,63974,45618247,201017,22301,81,83,35663148,14267,0,0,145268
2026-04-23 14:03:34,131546748,59463,45638880,201111,20727,78,83,35690847,27699,0,0,147955
2026-04-23 14:03:35,131613248,66500,45661965,201221,23195,72,83,35705390,14543,0,0,148572
2026-04-23 14:03:37,131674073,60825,45683103,201315,21232,70,83,35720667,15277,0,0,144967
2026-04-23 14:03:38,131738416,64343,45705376,201410,22368,78,83,35749457,28790,0,0,141939
2026-04-23 14:03:39,131802950,64534,45727860,201503,22577,56,83,35764641,15184,0,0,145168
2026-04-23 14:03:40,131859600,56650,45747491,201598,19726,76,83,35779520,14879,0,0,145890
2026-04-23 14:03:41,131924781,65181,45770051,201704,22666,79,83,35805867,26347,0,0,150828
2026-04-23 14:03:43,131988654,63873,45792288,201796,22329,81,83,35819593,13726,0,0,148431
2026-04-23 14:03:44,132050637,61983,45813760,201887,21563,81,83,35834400,14807,0,0,143985
2026-04-23 14:03:45,132112464,61827,45835223,201962,21538,78,83,35863852,29452,0,0,151131
2026-04-23 14:03:46,132175976,63512,45857280,202060,22155,81,83,35878165,14313,0,0,153888
2026-04-23 14:03:47,132236401,60425,45878233,202145,21038,77,83,35906124,27959,0,0,152687
2026-04-23 14:03:49,132302124,65723,45901039,202257,22918,76,83,35920637,14513,0,0,149629
2026-04-23 14:03:50,132363594,61470,45922341,202343,21388,76,83,35935014,14377,0,0,145425
2026-04-23 14:03:51,132427658,64064,45944530,202450,22296,75,83,35962478,27464,0,0,154614
2026-04-23 14:03:52,132493960,66302,45967552,202547,23119,77,83,35976416,13938,0,0,158138
2026-04-23 14:03:53,132559565,65605,45990311,202648,22860,78,83,36005850,29434,0,0,162957
2026-04-23 14:03:55,132628273,68708,46014149,202740,23930,72,83,36019526,13676,0,0,148542
2026-04-23 14:03:56,132694192,65919,46037031,202837,22979,80,83,36048575,29049,0,0,148265
2026-04-23 14:03:57,132762861,68669,46060882,202949,23963,72,83,36063842,15267,0,0,157337
2026-04-23 14:03:58,132828380,65519,46083619,203059,22847,80,83,36079175,15333,0,0,162899
2026-04-23 14:04:00,132891846,63466,46105654,203146,22122,77,83,36107727,28552,0,0,166355
2026-04-23 14:04:01,132953206,61360,46126940,203234,21374,80,83,36121712,13985,0,0,157553
2026-04-23 14:04:02,133015158,61952,46148478,203323,21627,79,83,36148012,26300,0,0,162955
2026-04-23 14:04:03,133079232,64074,46170724,203439,22362,81,83,36161843,13831,0,0,168994
2026-04-23 14:04:04,133142050,62818,46192492,203547,21876,81,83,36187858,26015,0,0,168672
2026-04-23 14:04:06,133207277,65227,46215100,203645,22706,81,83,36201650,13792,0,0,168358
2026-04-23 14:04:07,133267415,60138,46235951,203744,20950,73,83,36215536,13886,0,0,153432
2026-04-23 14:04:08,133329102,61687,46257343,203850,21498,77,83,36244868,29332,0,0,156983
2026-04-23 14:04:09,133387670,58568,46277674,203933,20414,73,83,36258967,14099,0,0,156540
2026-04-23 14:04:10,133442635,54965,46296734,204016,19143,75,83,36284568,25601,0,0,164720
2026-04-23 14:04:12,133506200,63565,46318746,204125,22121,77,83,36298342,13774,0,0,162395
2026-04-23 14:04:13,133563621,57421,46338700,204210,20039,81,83,36311016,12674,0,0,154624
2026-04-23 14:04:14,133625151,61530,46360037,204304,21431,80,83,36336767,25751,0,0,160324
2026-04-23 14:04:15,133682662,57511,46380005,204397,20061,80,83,36349745,12978,0,0,160424
2026-04-23 14:04:16,133740554,57892,46400103,204488,20189,80,83,36375743,25998,0,0,163638
2026-04-23 14:04:18,133800233,59679,46420838,204592,20839,81,83,36388234,12491,0,0,167206
2026-04-23 14:04:19,133857066,56833,46440544,204677,19791,80,83,36414223,25989,0,0,149141
2026-04-23 14:04:20,133919592,62526,46462238,204756,21773,78,83,36426838,12615,0,0,151208
2026-04-23 14:04:21,133974743,55151,46481430,204847,19283,81,83,36439491,12653,0,0,151449
2026-04-23 14:04:22,134030904,56161,46500861,204936,19520,74,83,36466602,27111,0,0,158366
2026-04-23 14:04:23,134092636,61732,46522338,205029,21570,81,83,36478303,11701,0,0,153765
2026-04-23 14:04:25,134147530,54894,46541380,205109,19122,77,83,36503565,25262,0,0,140933
2026-04-23 14:04:26,134211302,63772,46563492,205205,22208,80,83,36517262,13697,0,0,148195
2026-04-23 14:04:27,134268647,57345,46583427,205295,20025,81,83,36530373,13111,0,0,151782
2026-04-23 14:04:28,134327267,58620,46603741,205385,20404,69,83,36555661,25288,0,0,154202
2026-04-23 14:04:29,134390371,63104,46625584,205477,21935,79,83,36568398,12737,0,0,154621
2026-04-23 14:04:31,134449641,59270,46646128,205567,20634,71,83,36593050,24652,0,0,144045
2026-04-23 14:04:32,134513433,63792,46668246,205649,22200,77,83,36604435,11385,0,0,149924
2026-04-23 14:04:33,134570537,57104,46688082,205720,19907,81,83,36629026,24591,0,0,152191
2026-04-23 14:04:34,134636201,65664,46710841,205832,22871,72,83,36641445,12419,0,0,161886
2026-04-23 14:04:36,134697857,61656,46732250,205930,21507,78,83,36667680,26235,0,0,159252
2026-04-23 14:04:37,134764157,66300,46755245,206035,23100,80,83,36680302,12622,0,0,147442
2026-04-23 14:04:38,134825399,61242,46776532,206129,21381,80,83,36707772,27470,0,0,149803
2026-04-23 14:04:39,134891209,65810,46799418,206225,22982,70,83,36721608,13836,0,0,155827
2026-04-23 14:04:40,134955162,63953,46821605,206310,22272,79,83,36735329,13721,0,0,157843
2026-04-23 14:04:42,135020103,64941,46844114,206424,22623,75,83,36761372,26043,0,0,158252
2026-04-23 14:04:43,135081892,61789,46865585,206509,21556,80,83,36774215,12843,0,0,152869
2026-04-23 14:04:44,135146525,64633,46887987,206599,22492,81,83,36798570,24355,0,0,151328
2026-04-23 14:04:45,135205540,59015,46908503,206684,20601,80,83,36810459,11889,0,0,156979
2026-04-23 14:04:46,135269661,64121,46930785,206771,22369,81,83,36836099,25640,0,0,160224
2026-04-23 14:04:48,135332755,63094,46952677,206862,21983,81,83,36848838,12739,0,0,156399
2026-04-23 14:04:49,135396320,63565,46974711,206957,22129,79,83,36875993,27155,0,0,151607
2026-04-23 14:04:50,135458609,62289,46996353,207049,21734,81,83,36888606,12613,0,0,154038
2026-04-23 14:04:51,135516802,58193,47016494,207146,20238,75,83,36914260,25654,0,0,158779
2026-04-23 14:04:52,135581852,65050,47039065,207237,22662,75,83,36925998,11738,0,0,167074
2026-04-23 14:04:54,135639190,57338,47058995,207339,20032,81,83,36939766,13768,0,0,161951
2026-04-23 14:04:55,135702912,63722,47081094,207444,22204,78,83,36966747,26981,0,0,159082
2026-04-23 14:04:56,135762212,59300,47101706,207534,20702,79,83,36979084,12337,0,0,162707
2026-04-23 14:04:57,135828279,66067,47124615,207635,23010,75,83,37004232,25148,0,0,167406
2026-04-23 14:04:58,135892055,63776,47146759,207739,22248,81,83,37017254,13022,0,0,160863
2026-04-23 14:05:00,135957307,65252,47169351,207833,22686,79,83,37043926,26672,0,0,149450
2026-04-23 14:05:01,136023059,65752,47192153,207941,22910,71,83,37056280,12354,0,0,144859
2026-04-23 14:05:02,136088678,65619,47214888,208040,22834,81,83,37082232,25952,0,0,149582
2026-04-23 14:05:03,136153075,64397,47237285,208140,22497,81,83,37095343,13111,0,0,153963
2026-04-23 14:05:05,136218880,65805,47260102,208239,22916,76,83,37121501,26158,0,0,157423
2026-04-23 14:05:06,136283668,64788,47282594,208343,22596,77,83,37132947,11446,0,0,148206
2026-04-23 14:05:07,136346752,63084,47304455,208433,21951,73,83,37158772,25825,0,0,155358
2026-04-23 14:05:08,136411216,64464,47326805,208529,22446,74,83,37171762,12990,0,0,159231
2026-04-23 14:05:09,136475262,64046,47348994,208625,22285,76,83,37196814,25052,0,0,155706
2026-04-23 14:05:11,136539216,63954,47371255,208712,22348,81,83,37210016,13202,0,0,154726
2026-04-23 14:05:12,136603196,63980,47393410,208791,22234,80,83,37236272,26256,0,0,145239
2026-04-23 14:05:13,136669258,66062,47416333,208897,23029,77,83,37248240,11968,0,0,150672
2026-04-23 14:05:14,136734012,64754,47438784,208999,22553,81,83,37271720,23480,0,0,156752
2026-04-23 14:05:15,136798733,64721,47461235,209087,22539,81,83,37284265,12545,0,0,161134
2026-04-23 14:05:17,136864143,65410,47483910,209198,22786,76,83,37309241,24976,0,0,157335
2026-04-23 14:05:18,136928514,64371,47506252,209283,22427,79,83,37321330,12089,0,0,148422
2026-04-23 14:05:19,136993423,64909,47528759,209392,22616,81,83,37346629,25299,0,0,157915
2026-04-23 14:05:20,137058086,64663,47551198,209464,22511,80,83,37359486,12857,0,0,156624
2026-04-23 14:05:21,137122450,64364,47573537,209561,22436,81,83,37383325,23839,0,0,153998
2026-04-23 14:05:23,137183726,61276,47594837,209641,21380,61,83,37395890,12565,0,0,148993
2026-04-23 14:05:24,137245152,61426,47616085,209739,21346,77,83,37419824,23934,0,0,148048
2026-04-23 14:05:25,137308125,62973,47637975,209830,21981,76,83,37432089,12265,0,0,149347
2026-04-23 14:05:26,137370679,62554,47659647,209931,21773,81,83,37455473,23384,0,0,151854
2026-04-23 14:05:27,137429414,58735,47680054,210025,20501,81,83,37466938,11465,0,0,157770
2026-04-23 14:05:29,137489525,60111,47700888,210122,20931,76,83,37490567,23629,0,0,159854
2026-04-23 14:05:30,137552122,62597,47722583,210221,21794,76,83,37502145,11578,0,0,151436
2026-04-23 14:05:31,137612492,60370,47743491,210322,21009,80,83,37524889,22744,0,0,154368
2026-04-23 14:05:32,137673369,60877,47764614,210412,21213,81,83,37535622,10733,0,0,154710
2026-04-23 14:05:33,137731327,57958,47784720,210492,20186,75,83,37559312,23690,0,0,153399
2026-04-23 14:05:35,137791349,60022,47805589,210574,20951,79,83,37570600,11288,0,0,155716
2026-04-23 14:05:36,137848637,57288,47825416,210682,19935,71,83,37593436,22836,0,0,152356
2026-04-23 14:05:37,137910418,61781,47846834,210781,21517,80,83,37604133,10697,0,0,157355
2026-04-23 14:05:38,137967751,57333,47866722,210864,19971,80,83,37625946,21813,0,0,159285
2026-04-23 14:05:39,138030125,62374,47888380,210958,21752,80,83,37637366,11420,0,0,166069
2026-04-23 14:05:41,138087506,57381,47908301,211040,20003,69,83,37662746,25380,0,0,165065
2026-04-23 14:05:42,138151988,64482,47930622,211146,22427,73,83,37674762,12016,0,0,157072
2026-04-23 14:05:43,138211534,59546,47951280,211252,20764,79,83,37698055,23293,0,0,160097
2026-04-23 14:05:44,138276803,65269,47973932,211343,22743,79,83,37710646,12591,0,0,164521
2026-04-23 14:05:45,138336251,59448,47994583,211438,20746,80,83,37723291,12645,0,0,173818
2026-04-23 14:05:47,138397630,61379,48015852,211540,21371,71,83,37746442,23151,0,0,167425
2026-04-23 14:05:48,138457707,60077,48036672,211640,20920,80,83,37767508,21066,0,0,168158
2026-04-23 14:05:49,138522652,64945,48059211,211741,22640,79,83,37778457,10949,0,0,168042
2026-04-23 14:05:50,138584013,61361,48080454,211852,21354,78,83,37801297,22840,0,0,172250
2026-04-23 14:05:51,138649909,65896,48103351,211933,22978,79,83,37812749,11452,0,0,175831
2026-04-23 14:05:53,138708817,58908,48123760,212024,20500,74,83,37835985,23236,0,0,168689
2026-04-23 14:05:54,138773727,64910,48146331,212112,22659,81,83,37847370,11385,0,0,161067
2026-04-23 14:05:55,138835317,61590,48167686,212211,21454,78,83,37870595,23225,0,0,165668
2026-04-23 14:05:56,138900389,65072,48190290,212310,22703,81,83,37882111,11516,0,0,165950
2026-04-23 14:05:57,138957352,56963,48210039,212390,19829,75,83,37905210,23099,0,0,166234
2026-04-23 14:05:59,139021647,64295,48232346,212479,22396,81,83,37915959,10749,0,0,155654
2026-04-23 14:06:00,139083934,62287,48253896,212571,21642,73,83,37937300,21341,0,0,155286
2026-04-23 14:06:01,139147156,63222,48275849,212664,22046,81,83,37948219,10919,0,0,156262
2026-04-23 14:06:02,139210973,63817,48298023,212757,22267,75,83,37971745,23526,0,0,167598
2026-04-23 14:06:03,139273447,62474,48319718,212845,21783,81,83,37983117,11372,0,0,172310
2026-04-23 14:06:05,139338860,65413,48342433,212942,22812,80,83,38006505,23388,0,0,165536
2026-04-23 14:06:06,139402611,63751,48364561,213050,22236,74,83,38030148,23643,0,0,164405
2026-04-23 14:06:07,139469423,66812,48387714,213144,23247,80,83,38042674,12526,0,0,173192
2026-04-23 14:06:08,139534344,64921,48410214,213234,22590,74,83,38066308,23634,0,0,174877
2026-04-23 14:06:10,139601245,66901,48433456,213329,23337,80,83,38078120,11812,0,0,157768
2026-04-23 14:06:11,139664290,63045,48455353,213418,21986,80,83,38100721,22601,0,0,148587
2026-04-23 14:06:12,139729655,65365,48478045,213496,22770,81,83,38112944,12223,0,0,149525
2026-04-23 14:06:13,139794994,65339,48500700,213591,22750,78,83,38136978,24034,0,0,152378
2026-04-23 14:06:14,139859917,64923,48523286,213674,22669,77,83,38149364,12386,0,0,151012
2026-04-23 14:06:16,139926292,66375,48546308,213783,23131,80,83,38173025,23661,0,0,155744
2026-04-23 14:06:17,139990746,64454,48568661,213882,22452,79,83,38194645,21620,0,0,147124
2026-04-23 14:06:18,140056840,66094,48591607,213982,23046,80,83,38206341,11696,0,0,148462
2026-04-23 14:06:19,140121861,65021,48614133,214088,22632,78,83,38230805,24464,0,0,152814
2026-04-23 14:06:20,140187457,65596,48636890,214193,22862,73,83,38243206,12401,0,0,161137
2026-04-23 14:06:22,140252584,65127,48659462,214304,22683,72,83,38266843,23637,0,0,163277
2026-04-23 14:06:23,140317319,64735,48681965,214409,22608,80,83,38278530,11687,0,0,152610
2026-04-23 14:06:24,140384595,67276,48705296,214504,23426,81,83,38303881,25351,0,0,157784
2026-04-23 14:06:25,140449243,64648,48727745,214592,22537,72,83,38328039,24158,0,0,162450
2026-04-23 14:06:27,140514872,65629,48750539,214689,22891,81,83,38339989,11950,0,0,163126
2026-04-23 14:06:28,140579883,65011,48773105,214792,22669,77,83,38364409,24420,0,0,155084
2026-04-23 14:06:29,140642563,62680,48794949,214869,21921,69,83,38376515,12106,0,0,156470
2026-04-23 14:06:30,140708547,65984,48817829,214975,22986,81,83,38400241,23726,0,0,161934
2026-04-23 14:06:31,140772768,64221,48840137,215066,22399,80,83,38423608,23367,0,0,165288
2026-04-23 14:06:33,140837839,65071,48862711,215162,22670,80,83,38435166,11558,0,0,168157
2026-04-23 14:06:34,140903046,65207,48885295,215276,22698,80,83,38458317,23151,0,0,137122
2026-04-23 14:06:35,140967305,64259,48907629,215362,22420,76,83,38470149,11832,0,0,135828
2026-04-23 14:06:36,141034631,67326,48930988,215478,23475,80,83,38495687,25538,0,0,144716
2026-04-23 14:06:37,141099178,64547,48953393,215583,22510,80,83,38521077,25390,0,0,149646
2026-04-23 14:06:39,141165404,66226,48976347,215687,23058,76,83,38533895,12818,0,0,146693
2026-04-23 14:06:40,141229012,63608,48998439,215770,22175,75,83,38558618,24723,0,0,144599
2026-04-23 14:06:41,141294009,64997,49021015,215864,22670,67,83,38570491,11873,0,0,149869
2026-04-23 14:06:42,141360888,66879,49044202,215971,23294,78,83,38594141,23650,0,0,155750
2026-04-23 14:06:44,141425340,64452,49066592,216063,22482,80,83,38617385,23244,0,0,157103
2026-04-23 14:06:45,141490041,64701,49089053,216151,22549,78,83,38628014,10629,0,0,145632
2026-04-23 14:06:46,141557037,66996,49112255,216234,23285,81,83,38651669,23655,0,0,149881
2026-04-23 14:06:47,141620581,63544,49134299,216338,22148,77,83,38675329,23660,0,0,153061
2026-04-23 14:06:48,141686705,66124,49157280,216430,23073,78,83,38687785,12456,0,0,158770
2026-04-23 14:06:50,141751107,64402,49179662,216524,22476,75,83,38712803,25018,0,0,161940
2026-04-23 14:06:51,141814004,62897,49201478,216634,21926,78,83,38725326,12523,0,0,148420
2026-04-23 14:06:52,141879791,65787,49224294,216741,22923,76,83,38750070,24744,0,0,150501
2026-04-23 14:06:53,141943148,63357,49246278,216844,22087,76,83,38774082,24012,0,0,155113
2026-04-23 14:06:54,142009179,66031,49269169,216937,22984,79,83,38786369,12287,0,0,160501
2026-04-23 14:06:56,142068998,59819,49289934,217009,20837,71,83,38810048,23679,0,0,161440
2026-04-23 14:06:57,142133890,64892,49312458,217086,22601,81,83,38821705,11657,0,0,144420
2026-04-23 14:06:58,142199746,65856,49335289,217175,22920,81,83,38844814,23109,0,0,146361
2026-04-23 14:06:59,142264518,64772,49357747,217260,22543,81,83,38868698,23884,0,0,150111
2026-04-23 14:07:00,142329893,65375,49380443,217371,22807,68,83,38880507,11809,0,0,154254
2026-04-23 14:07:02,142390876,60983,49401634,217474,21294,65,83,38905469,24962,0,0,148250
2026-04-23 14:07:03,142453419,62543,49423324,217573,21789,81,83,38917153,11684,0,0,144032
2026-04-23 14:07:04,142515720,62301,49444942,217676,21721,81,83,38942389,25236,0,0,150214
2026-04-23 14:07:05,142574165,58445,49465236,217780,20398,81,83,38955348,12959,0,0,153583
2026-04-23 14:07:06,142629926,55761,49484570,217865,19419,66,83,38980073,24725,0,0,157700
2026-04-23 14:07:08,142689276,59350,49505120,217957,20642,80,83,38992973,12900,0,0,148201
2026-04-23 14:07:09,142741475,52199,49523280,218029,18232,81,83,39004041,11068,0,0,139468
2026-04-23 14:07:10,142803228,61753,49544635,218123,21449,72,83,39028986,24945,0,0,136448
2026-04-23 14:07:11,142861243,58015,49564747,218207,20196,70,83,39040372,11386,0,0,137470
2026-04-23 14:07:12,142923297,62054,49586236,218303,21585,80,83,39064159,23787,0,0,136110
2026-04-23 14:07:14,142981322,58025,49606387,218391,20239,80,83,39076452,12293,0,0,139814
2026-04-23 14:07:15,143039414,58092,49626502,218482,20206,76,83,39102174,25722,0,0,132110
2026-04-23 14:07:16,143102289,62875,49648335,218594,21945,81,83,39113952,11778,0,0,133754
2026-04-23 14:07:17,143156915,54626,49667293,218687,19051,79,83,39140334,26382,0,0,136163
2026-04-23 14:07:18,143216182,59267,49687881,218770,20671,74,83,39153274,12940,0,0,139993
2026-04-23 14:07:20,143272339,56157,49707377,218826,19552,81,83,39165511,12237,0,0,141442
2026-04-23 14:07:21,143335580,63241,49729314,218919,22030,74,83,39190120,24609,0,0,134160
2026-04-23 14:07:22,143395403,59823,49750118,219012,20897,81,83,39202288,12168,0,0,134191
2026-04-23 14:07:23,143459733,64330,49772434,219119,22423,76,83,39228188,25900,0,0,138888
2026-04-23 14:07:24,143519946,60213,49793305,219207,20959,80,83,39240523,12335,0,0,141820
2026-04-23 14:07:26,143581939,61993,49814740,219316,21544,73,83,39264102,23579,0,0,143707
2026-04-23 14:07:27,143642314,60375,49835701,219421,21066,81,83,39275942,11840,0,0,138919
2026-04-23 14:07:28,143704251,61937,49857161,219499,21538,81,83,39301501,25559,0,0,145272
2026-04-23 14:07:29,143766494,62243,49878828,219591,21759,80,83,39315258,13757,0,0,147144
2026-04-23 14:07:30,143827151,60657,49899891,219680,21152,73,83,39341757,26499,0,0,151872
2026-04-23 14:07:32,143889657,62506,49921606,219759,21794,81,83,39354330,12573,0,0,149120
2026-04-23 14:07:33,143950322,60665,49942667,219849,21151,79,83,39380630,26300,0,0,141418
2026-04-23 14:07:34,144014426,64104,49964974,219947,22405,79,83,39394304,13674,0,0,145313
2026-04-23 14:07:35,144075532,61106,49986088,220046,21213,81,83,39419931,25627,0,0,144393
2026-04-23 14:07:36,144140284,64752,50008548,220148,22562,79,83,39432977,13046,0,0,148934
2026-04-23 14:07:38,144195929,55645,50027853,220219,19376,75,83,39458623,25646,0,0,146184
2026-04-23 14:07:39,144259841,63912,50050071,220301,22300,79,83,39471342,12719,0,0,140889
2026-04-23 14:07:40,144319136,59295,50070663,220392,20683,77,83,39484106,12764,0,0,146191
2026-04-23 14:07:41,144383398,64262,50092872,220504,22321,75,83,39510106,26000,0,0,152414
2026-04-23 14:07:42,144443357,59959,50113672,220581,20877,72,83,39534308,24202,0,0,152544
2026-04-23 14:07:44,144508479,65122,50136281,220690,22718,72,83,39547925,13617,0,0,149600
2026-04-23 14:07:45,144569110,60631,50157261,220795,21085,81,83,39561832,13907,0,0,149585
2026-04-23 14:07:46,144634564,65454,50179954,220895,22793,71,83,39586750,24918,0,0,157419
2026-04-23 14:07:47,144694493,59929,50200757,220971,20879,80,83,39600295,13545,0,0,159400
2026-04-23 14:07:49,144757857,63364,50222714,221073,22059,75,83,39626750,26455,0,0,171518
2026-04-23 14:07:50,144817686,59829,50243490,221164,20867,79,83,39639196,12446,0,0,168970
2026-04-23 14:07:51,144881205,63519,50265464,221273,22083,76,83,39664349,25153,0,0,163965
2026-04-23 14:07:52,144943598,62393,50287129,221372,21764,78,83,39677193,12844,0,0,166985
2026-04-23 14:07:53,145007483,63885,50309294,221466,22259,80,83,39702921,25728,0,0,172794
2026-04-23 14:07:55,145069650,62167,50330871,221561,21672,81,83,39716608,13687,0,0,176258
2026-04-23 14:07:56,145132029,62379,50352481,221662,21711,75,83,39743445,26837,0,0,171801
2026-04-23 14:07:57,145194907,62878,50374332,221766,21955,81,83,39756988,13543,0,0,167438
2026-04-23 14:07:58,145255587,60680,50395414,221834,21150,80,83,39784292,27304,0,0,172433
2026-04-23 14:07:59,145319110,63523,50417475,221922,22149,80,83,39796680,12388,0,0,176772
2026-04-23 14:08:01,145375815,56705,50437159,222001,19763,79,83,39822744,26064,0,0,176914
2026-04-23 14:08:02,145440777,64962,50459678,222104,22622,79,83,39835057,12313,0,0,170694
2026-04-23 14:08:03,145500804,60027,50480508,222201,20927,76,83,39860019,24962,0,0,164897
2026-04-23 14:08:04,145565402,64598,50502939,222292,22522,76,83,39872968,12949,0,0,168295
2026-04-23 14:08:05,145621682,56280,50522518,222377,19664,78,83,39886468,13500,0,0,169424
2026-04-23 14:08:07,145683763,62081,50544035,222457,21597,79,83,39913332,26864,0,0,174059
2026-04-23 14:08:08,145743719,59956,50564857,222535,20900,81,83,39926201,12869,0,0,170132
2026-04-23 14:08:09,145805739,62020,50586373,222638,21619,77,83,39951326,25125,0,0,169856
2026-04-23 14:08:10,145867011,61272,50607702,222736,21427,81,83,39963168,11842,0,0,164187
2026-04-23 14:08:11,145925837,58826,50628070,222823,20455,81,83,39989196,26028,0,0,158657
2026-04-23 14:08:13,145987664,61827,50649551,222914,21572,81,83,40001227,12031,0,0,157189
2026-04-23 14:08:14,146048318,60654,50670555,223000,21090,75,83,40027433,26206,0,0,141188
2026-04-23 14:08:15,146111491,63173,50692550,223105,22100,71,83,40040879,13446,0,0,140276
2026-04-23 14:08:16,146168995,57504,50712489,223188,20022,79,83,40068879,28000,0,0,142777
2026-04-23 14:08:17,146233314,64319,50734829,223294,22446,80,83,40080881,12002,0,0,150605
2026-04-23 14:08:19,146293020,59706,50755538,223401,20816,80,83,40093246,12365,0,0,153682
2026-04-23 14:08:20,146357955,64935,50778044,223498,22603,73,83,40119104,25858,0,0,150137
2026-04-23 14:08:21,146417240,59285,50798603,223584,20645,78,83,40131320,12216,0,0,145067
2026-04-23 14:08:22,146480241,63001,50820475,223689,21977,75,83,40157269,25949,0,0,152401
2026-04-23 14:08:23,146537936,57695,50840532,223769,20137,62,83,40170160,12891,0,0,154883
2026-04-23 14:08:25,146596980,59044,50861023,223866,20588,75,83,40195761,25601,0,0,153755
2026-04-23 14:08:26,146657838,60858,50882139,223965,21215,77,83,40209632,13871,0,0,151563
2026-04-23 14:08:27,146716363,58525,50902468,224071,20435,71,83,40234125,24493,0,0,147489
2026-04-23 14:08:28,146778225,61862,50923965,224177,21603,61,83,40246478,12353,0,0,152978
2026-04-23 14:08:29,146832804,54579,50942881,224260,18999,81,83,40272331,25853,0,0,156277
2026-04-23 14:08:31,146895043,62239,50964505,224354,21718,75,83,40284449,12118,0,0,159408
2026-04-23 14:08:32,146950065,55022,50983634,224435,19210,81,83,40296967,12518,0,0,157896
2026-04-23 14:08:33,147005571,55506,51002865,224527,19323,76,83,40322230,25263,0,0,158072
2026-04-23 14:08:34,147065723,60152,51023725,224625,20958,81,83,40334351,12121,0,0,165189
2026-04-23 14:08:35,147116798,51075,51041404,224703,17757,73,83,40345842,11491,0,0,164776
2026-04-23 14:08:37,147180770,63972,51063587,224791,22271,77,83,40369004,23162,0,0,176776
2026-04-23 14:08:38,147242254,61484,51084917,224890,21429,80,83,40393208,24204,0,0,168536
2026-04-23 14:08:39,147308803,66549,51108020,225000,23213,77,83,40406129,12921,0,0,146217
2026-04-23 14:08:40,147374037,65234,51130627,225097,22704,79,83,40431939,25810,0,0,148437
2026-04-23 14:08:41,147439901,65864,51153514,225204,22994,80,83,40444059,12120,0,0,145336
2026-04-23 14:08:43,147506840,66939,51176661,225310,23253,77,83,40469022,24963,0,0,151726
2026-04-23 14:08:44,147572560,65720,51199446,225412,22887,76,83,40481830,12808,0,0,147043
2026-04-23 14:08:45,147639873,67313,51222792,225505,23439,79,83,40506265,24435,0,0,148128
2026-04-23 14:08:46,147704576,64703,51245273,225623,22599,79,83,40519882,13617,0,0,148346
2026-04-23 14:08:47,147771951,67375,51268594,225728,23426,75,83,40545954,26072,0,0,155337
2026-04-23 14:08:49,147837843,65892,51291425,225837,22940,81,83,40571699,25745,0,0,156673
2026-04-23 14:08:50,147908110,70267,51315765,225952,24455,78,83,40584382,12683,0,0,155642
2026-04-23 14:08:51,147975039,66929,51338979,226050,23312,76,83,40597405,13023,0,0,153197
2026-04-23 14:08:52,148044367,69328,51363005,226163,24139,79,83,40624130,26725,0,0,159303
2026-04-23 14:08:54,148112310,67943,51386570,226271,23673,75,83,40637310,13180,0,0,165126
2026-04-23 14:08:55,148181471,69161,51410552,226376,24087,77,83,40665768,28458,0,0,164126
2026-04-23 14:08:56,148249599,68128,51434188,226488,23748,81,83,40679253,13485,0,0,158263
2026-04-23 14:08:57,148317694,68095,51457851,226585,23760,78,83,40707404,28151,0,0,162629
2026-04-23 14:08:58,148385795,68101,51481461,226703,23728,80,83,40721348,13944,0,0,167007
2026-04-23 14:09:00,148454343,68548,51505237,226806,23879,79,83,40748891,27543,0,0,166212
2026-04-23 14:09:01,148523142,68799,51529087,226916,23960,76,83,40762944,14053,0,0,153069
2026-04-23 14:09:02,148591244,68102,51552672,227037,23706,75,83,40788169,25225,0,0,155720
2026-04-23 14:09:03,148659001,67757,51576211,227137,23639,72,83,40800817,12648,0,0,159422
2026-04-23 14:09:05,148728046,69045,51600122,227242,24016,73,83,40825815,24998,0,0,164179
2026-04-23 14:09:06,148796507,68461,51623875,227345,23856,75,83,40838567,12752,0,0,163153
2026-04-23 14:09:07,148864723,68216,51647505,227457,23742,74,83,40864225,25658,0,0,158017
2026-04-23 14:09:08,148927801,63078,51669357,227560,21955,81,83,40876474,12249,0,0,160778
2026-04-23 14:09:09,148995566,67765,51692877,227676,23636,75,83,40900362,23888,0,0,166621
2026-04-23 14:09:11,149060500,64934,51715389,227789,22625,81,83,40913554,13192,0,0,173005
2026-04-23 14:09:12,149127817,67317,51738707,227893,23422,79,83,40940278,26724,0,0,172211
2026-04-23 14:09:13,149189425,61608,51760092,227989,21481,72,83,40952875,12597,0,0,159990
2026-04-23 14:09:14,149249932,60507,51781124,228066,21109,75,83,40977914,25039,0,0,161947
2026-04-23 14:09:15,149314655,64723,51803566,228164,22540,81,83,40989973,12059,0,0,166599
2026-04-23 14:09:17,149376576,61921,51825031,228273,21574,75,83,41014359,24386,0,0,167103
2026-04-23 14:09:18,149440747,64171,51847322,228374,22392,81,83,41026959,12600,0,0,159735
2026-04-23 14:09:19,149496436,55689,51866648,228461,19413,81,83,41039533,12574,0,0,164696
2026-04-23 14:09:20,149556759,60323,51887545,228548,20984,81,83,41063856,24323,0,0,170852
2026-04-23 14:09:21,149616678,59919,51908390,228632,20929,81,83,41076192,12336,0,0,176593
2026-04-23 14:09:23,149675089,58411,51928643,228704,20325,76,83,41101843,25651,0,0,176820
2026-04-23 14:09:24,149740038,64949,51951214,228812,22679,81,83,41113906,12063,0,0,165937
2026-04-23 14:09:25,149797613,57575,51971118,228909,20001,72,83,41125559,11653,0,0,160449
2026-04-23 14:09:26,149862033,64420,51993469,229012,22454,79,83,41149091,23532,0,0,153080
2026-04-23 14:09:27,149918256,56223,52013038,229102,19659,79,83,41161157,12066,0,0,157151
2026-04-23 14:09:29,149980968,62712,52034748,229205,21813,76,83,41184087,22930,0,0,158225
2026-04-23 14:09:30,150038846,57878,52054849,229287,20183,77,83,41196096,12009,0,0,145094
2026-04-23 14:09:31,150094198,55352,52073997,229396,19257,76,83,41221056,24960,0,0,149789
2026-04-23 14:09:32,150159546,65348,52096716,229492,22815,78,83,41233250,12194,0,0,153231
2026-04-23 14:09:33,150214624,55078,52115858,229572,19222,81,83,41246160,12910,0,0,148621
2026-04-23 14:09:35,150277168,62544,52137528,229665,21763,76,83,41269191,23031,0,0,158516
2026-04-23 14:09:36,150336411,59243,52158110,229765,20682,81,83,41279965,10774,0,0,147667
2026-04-23 14:09:37,150400123,63712,52180178,229869,22172,79,83,41303257,23292,0,0,151198
2026-04-23 14:09:38,150457523,57400,52200083,229960,19996,81,83,41315611,12354,0,0,149713
2026-04-23 14:09:39,150517384,59861,52220877,230044,20878,77,83,41337421,21810,0,0,158905
2026-04-23 14:09:41,150580736,63352,52242892,230131,22102,72,83,41349199,11778,0,0,165769
2026-04-23 14:09:42,150647185,66449,52265858,230251,23086,78,83,41372455,23256,0,0,157514
2026-04-23 14:09:43,150713771,66586,52288970,230365,23226,79,83,41394814,22359,0,0,158674
2026-04-23 14:09:44,150779897,66126,52311930,230465,23060,71,83,41406660,11846,0,0,163735
2026-04-23 14:09:46,150844641,64744,52334433,230548,22586,76,83,41432012,25352,0,0,168388
2026-04-23 14:09:47,150912820,68179,52358077,230648,23744,74,83,41443947,11935,0,0,170792
2026-04-23 14:09:48,150981067,68247,52381751,230741,23767,76,83,41467365,23418,0,0,162130
2026-04-23 14:09:49,151047315,66248,52404753,230848,23109,81,83,41491746,24381,0,0,168882
2026-04-23 14:09:50,151114584,67269,52428097,230960,23456,77,83,41504396,12650,0,0,168538
2026-04-23 14:09:52,151181220,66636,52451216,231062,23221,79,83,41528587,24191,0,0,164577
2026-04-23 14:09:53,151250775,69555,52475290,231188,24200,72,83,41541495,12908,0,0,154390
2026-04-23 14:09:54,151318873,68098,52498914,231307,23743,76,83,41565865,24370,0,0,150729
2026-04-23 14:09:55,151387438,68565,52522669,231417,23865,72,83,41577887,12022,0,0,155037
2026-04-23 14:09:57,151456416,68978,52546561,231540,24015,81,83,41602249,24362,0,0,160957
2026-04-23 14:09:58,151522893,66477,52569646,231645,23190,77,83,41626923,24674,0,0,164550
2026-04-23 14:09:59,151590552,67659,52593184,231754,23647,76,83,41639483,12560,0,0,151160
2026-04-23 14:10:00,151657827,67275,52616565,231854,23481,77,83,41664772,25289,0,0,156633
2026-04-23 14:10:01,151724777,66950,52639810,231948,23339,77,83,41677566,12794,0,0,149711
2026-04-23 14:10:03,151792855,68078,52663425,232069,23736,76,83,41702521,24955,0,0,157139
2026-04-23 14:10:04,151860202,67347,52686777,232168,23451,81,83,41726290,23769,0,0,151855
2026-04-23 14:10:05,151929771,69569,52710897,232275,24227,78,83,41738757,12467,0,0,146967
2026-04-23 14:10:06,151996865,67094,52734160,232381,23369,77,83,41764625,25868,0,0,151940
2026-04-23 14:10:07,152065040,68175,52757858,232474,23791,81,83,41776932,12307,0,0,155373
2026-04-23 14:10:09,152133055,68015,52781446,232570,23684,75,83,41802307,25375,0,0,158501
2026-04-23 14:10:10,152201033,67978,52804972,232691,23647,80,83,41826780,24473,0,0,149164
2026-04-23 14:10:11,152270677,69644,52829138,232809,24284,76,83,41839647,12867,0,0,148480
2026-04-23 14:10:12,152337482,66805,52852364,232906,23323,76,83,41864740,25093,0,0,153498
2026-04-23 14:10:14,152405564,68082,52876011,233002,23743,74,83,41876990,12250,0,0,164316
2026-04-23 14:10:15,152473405,67841,52899604,233104,23695,77,83,41902026,25036,0,0,161946
2026-04-23 14:10:16,152540116,66711,52922748,233240,23280,75,83,41915007,12981,0,0,155877
2026-04-23 14:10:17,152608171,68055,52946386,233340,23738,76,83,41939564,24557,0,0,154614
2026-04-23 14:10:18,152674997,66826,52969543,233461,23278,77,83,41964829,25265,0,0,158849
2026-04-23 14:10:20,152742302,67305,52992940,233562,23498,76,83,41977774,12945,0,0,164684
2026-04-23 14:10:21,152810664,68362,53016630,233660,23788,77,83,42003124,25350,0,0,158008
2026-04-23 14:10:22,152874965,64301,53038949,233744,22403,80,83,42015874,12750,0,0,155118
2026-04-23 14:10:23,152943097,68132,53062605,233846,23758,80,83,42040620,24746,0,0,162473
2026-04-23 14:10:25,153009768,66671,53085750,233938,23237,81,83,42065621,25001,0,0,163208
2026-04-23 14:10:26,153078150,68382,53109529,234054,23895,75,83,42078391,12770,0,0,161093
2026-04-23 14:10:27,153144028,65878,53132427,234154,22998,78,83,42106292,27901,0,0,148977
2026-04-23 14:10:28,153211229,67201,53155769,234256,23444,80,83,42120925,14633,0,0,150854
2026-04-23 14:10:29,153275450,64221,53178019,234344,22338,81,83,42134827,13902,0,0,154435
2026-04-23 14:10:31,153343953,68503,53201787,234447,23871,75,83,42160156,25329,0,0,161864
2026-04-23 14:10:32,153404166,60213,53222681,234519,20966,75,83,42186162,26006,0,0,158186
2026-04-23 14:10:33,153468660,64494,53245061,234612,22473,77,84,42199779,13617,0,0,156035
2026-04-23 14:10:34,153526165,57505,53265064,234705,20096,81,83,42211465,11686,0,0,157966
2026-04-23 14:10:35,153590773,64608,53287407,234800,22438,74,83,42236982,25517,0,0,162385
2026-04-23 14:10:37,153649727,58954,53307863,234897,20553,81,83,42248988,12006,0,0,169801
2026-04-23 14:10:38,153713192,63465,53329857,235009,22106,81,83,42272894,23906,0,0,167177
2026-04-23 14:10:39,153769850,56658,53349463,235096,19693,77,83,42294865,21971,0,0,167772
2026-04-23 14:10:40,153833865,64015,53371671,235211,22323,74,83,42306692,11827,0,0,173790
2026-04-23 14:10:41,153889848,55983,53391069,235303,19490,80,83,42330637,23945,0,0,174650
2026-04-23 14:10:43,153953235,63387,53413051,235396,22075,77,83,42342771,12134,0,0,181523
2026-04-23 14:10:44,154010266,57031,53432847,235474,19874,76,83,42355136,12365,0,0,172759
2026-04-23 14:10:45,154075914,65648,53455618,235573,22870,73,83,42379193,24057,0,0,176381
2026-04-23 14:10:46,154135807,59893,53476397,235656,20862,81,83,42392318,13125,0,0,182682
2026-04-23 14:10:47,154203797,67990,53499974,235762,23683,76,83,42416133,23815,0,0,188160
2026-04-23 14:10:49,154271388,67591,53523367,235860,23491,75,83,42442661,26528,0,0,190419
2026-04-23 14:10:50,154339590,68202,53547010,235958,23741,78,83,42455753,13092,0,0,178705
2026-04-23 14:10:51,154406260,66670,53570145,236056,23233,81,83,42479481,23728,0,0,168609
2026-04-23 14:10:52,154474664,68404,53593907,236147,23853,77,83,42492038,12557,0,0,171634
2026-04-23 14:10:54,154542371,67707,53617408,236248,23602,73,83,42519269,27231,0,0,176410
2026-04-23 14:10:55,154607685,65314,53640039,236348,22731,77,83,42532481,13212,0,0,174119
2026-04-23 14:10:56,154671996,64311,53662353,236466,22432,79,83,42558321,25840,0,0,161716
2026-04-23 14:10:57,154736942,64946,53684933,236568,22682,81,83,42571571,13250,0,0,163402
2026-04-23 14:10:58,154798992,62050,53706432,236673,21604,75,83,42597568,25997,0,0,166754
2026-04-23 14:11:00,154865680,66688,53729615,236771,23281,71,83,42610943,13375,0,0,169868
2026-04-23 14:11:01,154932864,67184,53752880,236876,23370,78,83,42635951,25008,0,0,168473
2026-04-23 14:11:02,154999642,66778,53776081,236961,23286,64,83,42649997,14046,0,0,142711
2026-04-23 14:11:03,155065332,65690,53798846,237078,22882,76,83,42675711,25714,0,0,141902
2026-04-23 14:11:04,155130547,65215,53821525,237178,22779,81,83,42688898,13187,0,0,149829
2026-04-23 14:11:06,155195608,65061,53844067,237276,22640,77,83,42716338,27440,0,0,152364
2026-04-23 14:11:07,155260995,65387,53866757,237378,22792,78,83,42730493,14155,0,0,152303
2026-04-23 14:11:08,155321831,60836,53887863,237478,21206,78,83,42757625,27132,0,0,148971
2026-04-23 14:11:09,155388373,66542,53910939,237583,23181,79,83,42770758,13133,0,0,155369
2026-04-23 14:11:10,155451773,63400,53932966,237676,22120,81,83,42785090,14332,0,0,157682
2026-04-23 14:11:12,155518927,67154,53956274,237786,23418,74,83,42812721,27631,0,0,161431
2026-04-23 14:11:13,155584136,65209,53978919,237889,22748,81,83,42826025,13304,0,0,156465
2026-04-23 14:11:14,155651242,67106,54002159,237984,23335,76,83,42852726,26701,0,0,150140
2026-04-23 14:11:15,155718981,67739,54025669,238072,23598,74,83,42865980,13254,0,0,157295
2026-04-23 14:11:17,155787654,68673,54049525,238175,23959,79,83,42893204,27224,0,0,160278
2026-04-23 14:11:18,155853941,66287,54072507,238291,23098,75,83,42918475,25271,0,0,164634
2026-04-23 14:11:19,155923400,69459,54096519,238419,24140,75,83,42931335,12860,0,0,151363
2026-04-23 14:11:20,155990590,67190,54119776,238546,23384,74,83,42955552,24217,0,0,158659
2026-04-23 14:11:21,156059114,68524,54143563,238656,23897,81,83,42968618,13066,0,0,164675
2026-04-23 14:11:23,156127438,68324,54167274,238741,23796,77,83,42995099,26481,0,0,169064
2026-04-23 14:11:24,156195903,68465,54191025,238856,23866,75,83,43008671,13572,0,0,162746
2026-04-23 14:11:25,156264266,68363,54214756,238963,23838,77,83,43036009,27338,0,0,150728
2026-04-23 14:11:26,156332184,67918,54238307,239063,23651,77,83,43049698,13689,0,0,155328
2026-04-23 14:11:28,156400594,68410,54262055,239158,23843,75,83,43078213,28515,0,0,153078
2026-04-23 14:11:29,156469106,68512,54285858,239254,23899,70,83,43092269,14056,0,0,152157
2026-04-23 14:11:30,156536731,67625,54309301,239351,23540,77,83,43120459,28190,0,0,140851
2026-04-23 14:11:31,156604953,68222,54332965,239452,23765,80,83,43134318,13859,0,0,145220
2026-04-23 14:11:32,156672402,67449,54356372,239555,23510,74,83,43162182,27864,0,0,149476
2026-04-23 14:11:34,156740685,68283,54380072,239655,23800,79,83,43175180,12998,0,0,152575
2026-04-23 14:11:35,156807733,67048,54403369,239764,23406,81,83,43201138,25958,0,0,147953
2026-04-23 14:11:36,156875386,67653,54426846,239873,23586,71,83,43215813,14675,0,0,131546
2026-04-23 14:11:37,156944546,69160,54450809,239961,24051,81,83,43243277,27464,0,0,129837
2026-04-23 14:11:39,157013013,68467,54474555,240069,23854,76,83,43256864,13587,0,0,131985
2026-04-23 14:11:40,157080074,67061,54497810,240206,23392,80,83,43285405,28541,0,0,134573
2026-04-23 14:11:41,157148380,68306,54521549,240300,23833,74,83,43300260,14855,0,0,123950
2026-04-23 14:11:42,157216316,67936,54545055,240386,23592,72,83,43327863,27603,0,0,132880
2026-04-23 14:11:43,157285160,68844,54568955,240483,23997,81,83,43340488,12625,0,0,138922
2026-04-23 14:11:45,157354141,68981,54592827,240582,23971,79,83,43367319,26831,0,0,146364
2026-04-23 14:11:46,157421708,67567,54616277,240693,23561,71,83,43380262,12943,0,0,138914
2026-04-23 14:11:47,157490641,68933,54640158,240784,23972,79,83,43407229,26967,0,0,134780
2026-04-23 14:11:48,157558621,67980,54663738,240890,23686,77,83,43420908,13679,0,0,146735
2026-04-23 14:11:50,157627361,68740,54687573,241000,23945,76,83,43447894,26986,0,0,149725
2026-04-23 14:11:51,157695874,68513,54711285,241109,23821,79,83,43461379,13485,0,0,153638
2026-04-23 14:11:52,157762928,67054,54734534,241201,23341,76,83,43490585,29206,0,0,145664
2026-04-23 14:11:53,157832063,69135,54758484,241299,24048,81,83,43504772,14187,0,0,151886
2026-04-23 14:11:54,157898542,66479,54781532,241397,23146,76,83,43532138,27366,0,0,158579
2026-04-23 14:11:56,157967802,69260,54805568,241493,24132,76,83,43545734,13596,0,0,163217
2026-04-23 14:11:57,158034979,67177,54828862,241598,23399,76,83,43573505,27771,0,0,160522
2026-04-23 14:11:58,158103973,68994,54852781,241707,24028,79,83,43587525,14020,0,0,160554
2026-04-23 14:11:59,158171604,67631,54876224,241812,23548,79,83,43615036,27511,0,0,171618
2026-04-23 14:12:01,158240481,68877,54900085,241936,23985,77,83,43628094,13058,0,0,178659
2026-04-23 14:12:02,158305513,65032,54922635,242046,22660,79,83,43656446,28352,0,0,179169
2026-04-23 14:12:03,158372883,67370,54946001,242152,23472,76,83,43670597,14151,0,0,164489
2026-04-23 14:12:04,158439009,66126,54968944,242256,23047,73,83,43683579,12982,0,0,168972
2026-04-23 14:12:05,158508206,69197,54992903,242385,24088,76,83,43713103,29524,0,0,172896
2026-04-23 14:12:07,158575293,67087,55016168,242490,23370,79,83,43740587,27484,0,0,176625
2026-04-23 14:12:08,158644091,68798,55040048,242587,23977,75,83,43753723,13136,0,0,175943
2026-04-23 14:12:09,158712744,68653,55063772,242707,23844,75,83,43779191,25468,0,0,170598
2026-04-23 14:12:10,158781401,68657,55087616,242815,23952,76,83,43791889,12698,0,0,172152
2026-04-23 14:12:11,158847139,65738,55110454,242925,22948,76,83,43820622,28733,0,0,167738
2026-04-23 14:12:13,158916298,69159,55134462,243020,24103,78,83,43834703,14081,0,0,168427
2026-04-23 14:12:14,158982367,66069,55157367,243121,23006,74,83,43859439,24736,0,0,161431
2026-04-23 14:12:15,159049501,67134,55180692,243216,23420,73,83,43871728,12289,0,0,162872
2026-04-23 14:12:16,159117876,68375,55204408,243336,23836,76,83,43897983,26255,0,0,170043
2026-04-23 14:12:18,159183320,65444,55227133,243434,22823,81,83,43911049,13066,0,0,173150
2026-04-23 14:12:19,159249897,66577,55250215,243528,23176,81,83,43937008,25959,0,0,176544
2026-04-23 14:12:20,159317076,67179,55273500,243653,23410,80,83,43950246,13238,0,0,168873
2026-04-23 14:12:21,159384476,67400,55296931,243741,23519,79,83,43976779,26533,0,0,173786
2026-04-23 14:12:22,159450437,65961,55319840,243833,23001,80,83,43990970,14191,0,0,174686
2026-04-23 14:12:24,159516421,65984,55342769,243918,23014,77,83,44017545,26575,0,0,166432
2026-04-23 14:12:25,159577161,60740,55363878,244019,21210,73,83,44031425,13880,0,0,158313
2026-04-23 14:12:26,159643919,66758,55387018,244121,23242,76,83,44057257,25832,0,0,159165
2026-04-23 14:12:27,159707882,63963,55409189,244229,22279,80,83,44069721,12464,0,0,160448
2026-04-23 14:12:29,159772134,64252,55431530,244329,22441,76,83,44095889,26168,0,0,159520
2026-04-23 14:12:30,159833161,61027,55452749,244414,21304,70,83,44108926,13037,0,0,162462
2026-04-23 14:12:31,159897223,64062,55474945,244507,22289,77,83,44135239,26313,0,0,155123
2026-04-23 14:12:32,159963333,66110,55497891,244613,23052,75,83,44148839,13600,0,0,151932
2026-04-23 14:12:33,160025961,62628,55519602,244713,21811,77,83,44174973,26134,0,0,155668
2026-04-23 14:12:35,160092396,66435,55542660,244803,23148,81,83,44186923,11950,0,0,163462
2026-04-23 14:12:36,160149650,57254,55562478,244903,19918,80,83,44199763,12840,0,0,165142
2026-04-23 14:12:37,160214775,65125,55585075,244990,22684,74,83,44224857,25094,0,0,147055
2026-04-23 14:12:38,160276750,61975,55606643,245073,21651,81,83,44237015,12158,0,0,147790
2026-04-23 14:12:39,160343021,66271,55629611,245187,23082,79,83,44261359,24344,0,0,148964
2026-04-23 14:12:41,160403767,60746,55650673,245289,21164,78,83,44274112,12753,0,0,150800
2026-04-23 14:12:42,160466516,62749,55672433,245386,21857,78,83,44298789,24677,0,0,157693
2026-04-23 14:12:43,160525694,59178,55693008,245484,20673,81,83,44311232,12443,0,0,147559
2026-04-23 14:12:44,160589929,64235,55715279,245583,22370,79,83,44335965,24733,0,0,150117
2026-04-23 14:12:45,160653295,63366,55737324,245673,22135,81,83,44348339,12374,0,0,152569
2026-04-23 14:12:47,160720557,67262,55760591,245774,23368,75,83,44373640,25301,0,0,157871
2026-04-23 14:12:48,160780873,60316,55781591,245862,21088,81,83,44386130,12490,0,0,160090
2026-04-23 14:12:49,160845992,65119,55804123,245979,22649,72,83,44410009,23879,0,0,146821
2026-04-23 14:12:50,160907503,61511,55825464,246078,21440,79,83,44432771,22762,0,0,152160
2026-04-23 14:12:51,160974710,67207,55848743,246196,23397,75,83,44445547,12776,0,0,161592
2026-04-23 14:12:53,161035023,60313,55869687,246277,21025,77,83,44469050,23503,0,0,163448
2026-04-23 14:12:54,161100332,65309,55892363,246367,22766,81,83,44480987,11937,0,0,162160
2026-04-23 14:12:55,161164486,64154,55914607,246484,22361,78,83,44504059,23072,0,0,158691
2026-04-23 14:12:56,161228984,64498,55937038,246601,22548,80,83,44516531,12472,0,0,163311
2026-04-23 14:12:57,161296839,67855,55960536,246708,23605,72,83,44541582,25051,0,0,165684
2026-04-23 14:12:59,161359640,62801,55982350,246803,21909,81,83,44553549,11967,0,0,166993
2026-04-23 14:13:00,161427535,67895,56005861,246901,23609,74,83,44577517,23968,0,0,150690
2026-04-23 14:13:01,161492242,64707,56028313,247003,22554,78,83,44601507,23990,0,0,143749
2026-04-23 14:13:02,161560074,67832,56051828,247104,23616,81,83,44613926,12419,0,0,146512
2026-04-23 14:13:04,161625475,65401,56074515,247200,22783,78,83,44638217,24291,0,0,150134
2026-04-23 14:13:05,161688303,62828,56096359,247297,21941,81,83,44650401,12184,0,0,150944
2026-04-23 14:13:06,161752906,64603,56118704,247410,22458,78,84,44674076,23675,0,0,144051
2026-04-23 14:13:07,161816460,63554,56140791,247515,22192,81,83,44685843,11767,0,0,150672
2026-04-23 14:13:08,161881201,64741,56163212,247620,22526,77,83,44710300,24457,0,0,153852
2026-04-23 14:13:10,161941705,60504,56184249,247720,21137,80,83,44722357,12057,0,0,157622
2026-04-23 14:13:11,162007074,65369,56206915,247824,22770,76,83,44746590,24233,0,0,157460
2026-04-23 14:13:12,162069777,62703,56228631,247952,21844,82,84,44759091,12501,0,0,146619
2026-04-23 14:13:13,162137726,67949,56252145,248062,23624,78,83,44782246,23155,0,0,149894
2026-04-23 14:13:14,162200317,62591,56273858,248143,21794,77,83,44804098,21852,0,0,152444
2026-04-23 14:13:16,162261092,60775,56294933,248242,21174,81,83,44814133,10035,0,0,157116
2026-04-23 14:13:17,162319032,57940,56315037,248330,20192,76,83,44836595,22462,0,0,152934
2026-04-23 14:13:18,162379054,60022,56335897,248415,20945,76,84,44848499,11904,0,0,144980
2026-04-23 14:13:19,162441106,62052,56357380,248507,21575,77,83,44871176,22677,0,0,153517
2026-04-23 14:13:20,162503052,61946,56378871,248604,21588,80,83,44881732,10556,0,0,155676
2026-04-23 14:13:22,162569447,66395,56401911,248706,23142,76,83,44905614,23882,0,0,159802
2026-04-23 14:13:23,162633696,64249,56424201,248806,22390,80,83,44927613,21999,0,0,157805
2026-04-23 14:13:24,162698310,64614,56446608,248905,22506,73,83,44938592,10979,0,0,146783
2026-04-23 14:13:25,162766031,67721,56470074,249026,23587,71,83,44960163,21571,0,0,146642
2026-04-23 14:13:27,162831993,65962,56492959,249125,22984,78,83,44982955,22792,0,0,154182
2026-04-23 14:13:28,162889608,57615,56512992,249187,20095,77,83,44994904,11949,0,0,159385
2026-04-23 14:13:29,162947473,57865,56533071,249275,20167,80,83,45017306,22402,0,0,150175
2026-04-23 14:13:30,163007883,60410,56554034,249350,21038,81,83,45037930,20624,0,0,151566
2026-04-23 14:13:31,163071171,63288,56575996,249443,22055,77,83,45048779,10849,0,0,151505
2026-04-23 14:13:33,163130124,58953,56596437,249532,20530,81,83,45070382,21603,0,0,153620
2026-04-23 14:13:34,163189067,58943,56616898,249632,20561,75,83,45080840,10458,0,0,158880
2026-04-23 14:13:35,163249978,60911,56638008,249736,21214,81,83,45101556,20716,0,0,149296
2026-04-23 14:13:36,163309500,59522,56658634,249825,20715,79,83,45121835,20279,0,0,146757
2026-04-23 14:13:37,163368295,58795,56679064,249912,20517,80,83,45132426,10591,0,0,148875
2026-04-23 14:13:39,163429020,60725,56700106,250020,21150,81,83,45153299,20873,0,0,148291
2026-04-23 14:13:40,163481911,52891,56718492,250103,18469,77,83,45164566,11267,0,0,152103
2026-04-23 14:13:41,163542931,61020,56739613,250181,21199,81,83,45186983,22417,0,0,140962
2026-04-23 14:13:42,163596537,53606,56758202,250265,18673,78,83,45207311,20328,0,0,143198
2026-04-23 14:13:43,163656995,60458,56779190,250353,21076,68,83,45217067,9756,0,0,148038
2026-04-23 14:13:45,163712912,55917,56798555,250443,19455,64,83,45237852,20785,0,0,151428
2026-04-23 14:13:46,163773772,60860,56819681,250533,21216,69,83,45257895,20043,0,0,156212
2026-04-23 14:13:47,163838257,64485,56842001,250644,22431,76,83,45268155,10260,0,0,152309
2026-04-23 14:13:48,163902024,63767,56864126,250737,22218,76,83,45289108,20953,0,0,146754
2026-04-23 14:13:49,163965311,63287,56886083,250853,22073,74,83,45311724,22616,0,0,150677
2026-04-23 14:13:51,164029820,64509,56908504,250949,22517,77,83,45322745,11021,0,0,154847
2026-04-23 14:13:52,164095060,65240,56931111,251061,22719,79,83,45345404,22659,0,0,152650
2026-04-23 14:13:53,164157496,62436,56952765,251147,21740,78,83,45368462,23058,0,0,144018
2026-04-23 14:13:54,164223732,66236,56975716,251240,23044,81,83,45379765,11303,0,0,148688
2026-04-23 14:13:55,164289064,65332,56998348,251338,22730,81,83,45403312,23547,0,0,153055
2026-04-23 14:13:57,164353704,64640,57020764,251436,22514,75,83,45426122,22810,0,0,157329
2026-04-23 14:13:58,164418524,64820,57043298,251529,22627,80,83,45437310,11188,0,0,158704
2026-04-23 14:13:59,164484914,66390,57066262,251641,23076,74,83,45459371,22061,0,0,148341
2026-04-23 14:14:00,164549791,64877,57088746,251746,22589,72,83,45481949,22578,0,0,154476
2026-04-23 14:14:01,164615498,65707,57111493,251852,22853,80,83,45493714,11765,0,0,161959
2026-04-23 14:14:03,164680143,64645,57133943,251937,22535,74,83,45517161,23447,0,0,154994
2026-04-23 14:14:04,164744577,64434,57156264,252030,22414,80,83,45540333,23172,0,0,148244
2026-04-23 14:14:05,164809958,65381,57178926,252142,22774,80,83,45551128,10795,0,0,139498
2026-04-23 14:14:06,164875021,65063,57201520,252245,22697,75,83,45573975,22847,0,0,147113
2026-04-23 14:14:07,164938846,63825,57223657,252356,22248,71,83,45586697,12722,0,0,150374
2026-04-23 14:14:09,165004242,65396,57246383,252457,22827,73,83,45613381,26684,0,0,155646
2026-04-23 14:14:10,165067653,63411,57268364,252575,22099,79,83,45638930,25549,0,0,154093
2026-04-23 14:14:11,165132658,65005,57290927,252670,22658,81,83,45650819,11889,0,0,150145
2026-04-23 14:14:12,165198934,66276,57313888,252774,23065,74,83,45671902,21083,0,0,150698
2026-04-23 14:14:14,165263831,64897,57336389,252881,22608,80,83,45693058,21156,0,0,149686
2026-04-23 14:14:15,165328781,64950,57358878,252999,22607,81,83,45714496,21438,0,0,149766
2026-04-23 14:14:16,165392644,63863,57381046,253112,22281,82,84,45725577,11081,0,0,141117
2026-04-23 14:14:17,165459340,66696,57404114,253230,23186,77,83,45748206,22629,0,0,136661
2026-04-23 14:14:18,165523752,64412,57426429,253324,22409,72,83,45771791,23585,0,0,140174
2026-04-23 14:14:20,165588743,64991,57448977,253424,22648,75,83,45783073,11282,0,0,146254
2026-04-23 14:14:21,165654294,65551,57471738,253522,22859,78,83,45805745,22672,0,0,146292
2026-04-23 14:14:22,165719024,64730,57494182,253623,22545,80,84,45828637,22892,0,0,137527
2026-04-23 14:14:23,165784335,65311,57516841,253723,22759,73,83,45840058,11421,0,0,138626
2026-04-23 14:14:24,165850528,66193,57539785,253814,23035,81,83,45862473,22415,0,0,145031
2026-04-23 14:14:26,165916159,65631,57562515,253915,22831,64,83,45884808,22335,0,0,144751
2026-04-23 14:14:27,165980602,64443,57584852,254027,22449,81,83,45908270,23462,0,0,150685
2026-04-23 14:14:28,166046876,66274,57607847,254114,23082,81,83,45919426,11156,0,0,147098
2026-04-23 14:14:29,166111788,64912,57630378,254200,22617,75,83,45943483,24057,0,0,149839
2026-04-23 14:14:31,166175315,63527,57652455,254308,22185,81,83,45955284,11801,0,0,152139
2026-04-23 14:14:32,166242107,66792,57675588,254403,23228,76,83,45978690,23406,0,0,155775
2026-04-23 14:14:33,166306507,64400,57697896,254520,22425,78,83,46002929,24239,0,0,148986
2026-04-23 14:14:34,166372168,65661,57720682,254610,22876,66,83,46015784,12855,0,0,149121
2026-04-23 14:14:35,166438273,66105,57743605,254716,23029,73,83,46039957,24173,0,0,154376
2026-04-23 14:14:37,166502087,63814,57765729,254818,22226,72,83,46064170,24213,0,0,158684
2026-04-23 14:14:38,166569131,67044,57788937,254930,23320,81,83,46076228,12058,0,0,163273
2026-04-23 14:14:39,166634110,64979,57811441,255046,22620,80,83,46101128,24900,0,0,149654
2026-04-23 14:14:40,166699503,65393,57834126,255126,22765,79,83,46112376,11248,0,0,144334
2026-04-23 14:14:41,166766768,67265,57857440,255236,23424,78,83,46136545,24169,0,0,149911
2026-04-23 14:14:43,166829843,63075,57879353,255318,21995,73,83,46161464,24919,0,0,152493
2026-04-23 14:14:44,166895405,65562,57902114,255428,22871,81,83,46173319,11855,0,0,154076
2026-04-23 14:14:45,166961091,65686,57924881,255534,22873,71,83,46197580,24261,0,0,151568
2026-04-23 14:14:46,167025653,64562,57947283,255632,22500,74,83,46209425,11845,0,0,157344
2026-04-23 14:14:48,167092521,66868,57970476,255727,23288,71,83,46234048,24623,0,0,160589
2026-04-23 14:14:49,167155849,63328,57992463,255820,22080,73,83,46258247,24199,0,0,165928
2026-04-23 14:14:50,167221248,65399,58015132,255914,22763,79,83,46270575,12328,0,0,157700
2026-04-23 14:14:51,167287119,65871,58038006,256007,22967,80,83,46294019,23444,0,0,153571
2026-04-23 14:14:52,167351771,64652,58060390,256109,22486,81,83,46318626,24607,0,0,157891
2026-04-23 14:14:54,167417834,66063,58083301,256223,23025,75,83,46330662,12036,0,0,164032
2026-04-23 14:14:55,167482570,64736,58105786,256347,22609,72,83,46353994,23332,0,0,168353
2026-04-23 14:14:56,167546100,63530,58127871,256440,22178,71,84,46378046,24052,0,0,165257
2026-04-23 14:14:57,167611903,65803,58150730,256540,22959,73,83,46390648,12602,0,0,163822
2026-04-23 14:14:58,167675182,63279,58172650,256634,22014,78,83,46416799,26151,0,0,163076
2026-04-23 14:15:00,167740398,65216,58195319,256720,22755,81,83,46428787,11988,0,0,165855
2026-04-23 14:15:01,167804122,63724,58217404,256827,22192,77,83,46451755,22968,0,0,168344
2026-04-23 14:15:02,167865563,61441,58238709,256924,21402,81,84,46464205,12450,0,0,145784
2026-04-23 14:15:03,167929458,63895,58260824,257018,22209,74,83,46489252,25047,0,0,142423
2026-04-23 14:15:04,167990013,60555,58281786,257128,21072,78,83,46501389,12137,0,0,143949
2026-04-23 14:15:06,168050364,60351,58302669,257211,20966,77,83,46525992,24603,0,0,151346
2026-04-23 14:15:07,168110252,59888,58323467,257293,20880,81,83,46538150,12158,0,0,155968
2026-04-23 14:15:08,168173001,62749,58345216,257383,21839,79,83,46561345,23195,0,0,139985
2026-04-23 14:15:09,168232659,59658,58365881,257486,20768,79,83,46584639,23294,0,0,140332
2026-04-23 14:15:10,168296731,64072,58388185,257564,22382,71,83,46596306,11667,0,0,148088
2026-04-23 14:15:12,168354375,57644,58408200,257638,20089,69,83,46621813,25507,0,0,150865
2026-04-23 14:15:13,168417759,63384,58430203,257724,22089,79,83,46634049,12236,0,0,153800
2026-04-23 14:15:14,168478276,60517,58451182,257800,21055,80,83,46657520,23471,0,0,146804
2026-04-23 14:15:15,168538128,59852,58472017,257896,20931,81,83,46669778,12258,0,0,155693
2026-04-23 14:15:16,168594508,56380,58491549,257992,19628,81,83,46694081,24303,0,0,153849
2026-04-23 14:15:18,168654854,60346,58512462,258090,21011,78,83,46705876,11795,0,0,160187
2026-04-23 14:15:19,168711867,57013,58532213,258171,19832,81,83,46729999,24123,0,0,160260
2026-04-23 14:15:20,168771394,59527,58552939,258250,20805,80,83,46741645,11646,0,0,152845
2026-04-23 14:15:21,168823000,51606,58570867,258334,18012,81,83,46754191,12546,0,0,153956
2026-04-23 14:15:22,168881446,58446,58591139,258408,20346,81,83,46779549,25358,0,0,161030
2026-04-23 14:15:24,168939649,58203,58611337,258488,20278,78,83,46791971,12422,0,0,167823
2026-04-23 14:15:25,168999218,59569,58631974,258580,20729,77,83,46816723,24752,0,0,170270
2026-04-23 14:15:26,169060882,61664,58653378,258693,21517,79,83,46829027,12304,0,0,163210
2026-04-23 14:15:27,169119057,58175,58673578,258769,20276,77,83,46852623,23596,0,0,166935
2026-04-23 14:15:28,169179257,60200,58694485,258876,21014,77,83,46864902,12279,0,0,165772
2026-04-23 14:15:30,169235982,56725,58714158,258962,19759,74,83,46890312,25410,0,0,160398
2026-04-23 14:15:31,169296019,60037,58735048,259057,20985,81,83,46902495,12183,0,0,159284
2026-04-23 14:15:32,169353043,57024,58754746,259152,19793,71,83,46926578,24083,0,0,159103
2026-04-23 14:15:33,169412672,59629,58775491,259249,20842,81,83,46938891,12313,0,0,158814
2026-04-23 14:15:34,169470078,57406,58795322,259359,19941,73,83,46961316,22425,0,0,165375
2026-04-23 14:15:36,169529861,59783,58816100,259469,20888,81,83,46972787,11471,0,0,167866
2026-04-23 14:15:37,169590860,60999,58837217,259558,21206,78,83,46996690,23903,0,0,169329
2026-04-23 14:15:38,169652533,61673,58858648,259657,21530,73,83,47008137,11447,0,0,161550
2026-04-23 14:15:39,169717909,65376,58881301,259749,22745,81,83,47030982,22845,0,0,155271
2026-04-23 14:15:40,169779581,61672,58902703,259831,21484,75,83,47054295,23313,0,0,147963
2026-04-23 14:15:42,169842134,62553,58924397,259921,21784,81,83,47065591,11296,0,0,150814
2026-04-23 14:15:43,169904947,62813,58946195,260025,21902,78,83,47090253,24662,0,0,155204
2026-04-23 14:15:44,169967129,62182,58967788,260119,21687,81,83,47102990,12737,0,0,141628
2026-04-23 14:15:45,170029880,62751,58989589,260217,21899,73,83,47127467,24477,0,0,139139
2026-04-23 14:15:46,170091827,61947,59011072,260321,21587,74,83,47140004,12537,0,0,138898
2026-04-23 14:15:48,170154827,63000,59032950,260414,21971,75,83,47163981,23977,0,0,146128
2026-04-23 14:15:49,170214756,59929,59053715,260515,20866,75,83,47175539,11558,0,0,152223
2026-04-23 14:15:50,170277986,63230,59075631,260612,22013,74,83,47198856,23317,0,0,144853
2026-04-23 14:15:51,170336446,58460,59095944,260704,20405,81,83,47210855,11999,0,0,145293
2026-04-23 14:15:52,170401530,65084,59118466,260802,22620,80,83,47236141,25286,0,0,151249
2026-04-23 14:15:54,170462129,60599,59139443,260901,21076,77,83,47259272,23131,0,0,155141
2026-04-23 14:15:55,170528174,66045,59162349,261007,23012,77,83,47270929,11657,0,0,163347
2026-04-23 14:15:56,170590942,62768,59184117,261131,21892,79,83,47295750,24821,0,0,140118
2026-04-23 14:15:57,170655349,64407,59206518,261231,22501,81,83,47307931,12181,0,0,138113
2026-04-23 14:15:58,170721782,66433,59229555,261319,23125,76,83,47332436,24505,0,0,144433
2026-04-23 14:16:00,170784961,63179,59251488,261408,22022,78,83,47357527,25091,0,0,148602
2026-04-23 14:16:01,170851694,66733,59274658,261504,23266,71,83,47370638,13111,0,0,150229
2026-04-23 14:16:02,170916084,64390,59296971,261600,22409,78,83,47395426,24788,0,0,139923
2026-04-23 14:16:03,170981543,65459,59319709,261698,22836,79,83,47407379,11953,0,0,142881
2026-04-23 14:16:05,171047250,65707,59342492,261785,22870,80,83,47430748,23369,0,0,147701
2026-04-23 14:16:06,171111344,64094,59364773,261876,22372,74,83,47453828,23080,0,0,151221
2026-04-23 14:16:07,171177767,66423,59387841,261969,23161,69,83,47465791,11963,0,0,155406
2026-04-23 14:16:08,171242755,64988,59410331,262080,22601,77,83,47489746,23955,0,0,144048
2026-04-23 14:16:09,171306972,64217,59432607,262188,22384,80,83,47512346,22600,0,0,145665
2026-04-23 14:16:11,171374151,67179,59455905,262297,23407,71,83,47524102,11756,0,0,149287
2026-04-23 14:16:12,171438272,64121,59478174,262400,22372,76,83,47548639,24537,0,0,151496
2026-04-23 14:16:13,171504191,65919,59501024,262504,22954,70,83,47560725,12086,0,0,145477
2026-04-23 14:16:14,171569464,65273,59523678,262589,22739,73,83,47585409,24684,0,0,146731
2026-04-23 14:16:15,171634826,65362,59546320,262687,22740,75,83,47608682,23273,0,0,151386
2026-04-23 14:16:17,171701579,66753,59569541,262775,23309,78,83,47621207,12525,0,0,156620
2026-04-23 14:16:18,171766854,65275,59592188,262872,22744,70,83,47645155,23948,0,0,158344
2026-04-23 14:16:19,171832013,65159,59614824,262976,22740,81,83,47657651,12496,0,0,147904
2026-04-23 14:16:20,171898250,66237,59637741,263101,23042,74,83,47681810,24159,0,0,156070
2026-04-23 14:16:22,171961713,63463,59659785,263204,22147,75,83,47705134,23324,0,0,156664
2026-04-23 14:16:23,172029182,67469,59683206,263310,23527,61,83,47717082,11948,0,0,162902
2026-04-23 14:16:24,172093030,63848,59705373,263415,22272,73,83,47740326,23244,0,0,160733
2026-04-23 14:16:25,172156347,63317,59727345,263508,22065,78,83,47752965,12639,0,0,155216
2026-04-23 14:16:26,172221588,65241,59749944,263600,22691,76,83,47775868,22903,0,0,164776
2026-04-23 14:16:28,172284922,63334,59771938,263684,22078,72,83,47799137,23269,0,0,166004
2026-04-23 14:16:29,172349594,64672,59794349,263775,22502,74,83,47810818,11681,0,0,172536
2026-04-23 14:16:30,172414384,64790,59816838,263861,22575,81,83,47834623,23805,0,0,161947
2026-04-23 14:16:31,172476115,61731,59838232,263959,21492,80,83,47846921,12298,0,0,147480
2026-04-23 14:16:32,172539858,63743,59860351,264063,22223,80,83,47870242,23321,0,0,154393
2026-04-23 14:16:34,172601107,61249,59881601,264167,21354,80,83,47892797,22555,0,0,159579
2026-04-23 14:16:35,172661769,60662,59902649,264265,21146,81,83,47903223,10426,0,0,162940
2026-04-23 14:16:36,172726176,64407,59924936,264365,22387,77,83,47924789,21566,0,0,159077
2026-04-23 14:16:37,172783710,57534,59944915,264465,20079,79,83,47947065,22276,0,0,158456
2026-04-23 14:16:38,172845358,61648,59966224,264581,21425,79,83,47958618,11553,0,0,162098
2026-04-23 14:16:40,172901889,56531,59985832,264651,19678,78,83,47980855,22237,0,0,159131
2026-04-23 14:16:41,172964336,62447,60007539,264749,21805,81,83,47991702,10847,0,0,164198
2026-04-23 14:16:42,173028844,64508,60029879,264846,22437,80,83,48013183,21481,0,0,152954
2026-04-23 14:16:43,173093554,64710,60052305,264963,22543,76,83,48034412,21229,0,0,158578
2026-04-23 14:16:44,173157119,63565,60074346,265066,22144,81,83,48045239,10827,0,0,156425
2026-04-23 14:16:46,173223041,65922,60097225,265163,22976,77,83,48069313,24074,0,0,161073
2026-04-23 14:16:47,173287019,63978,60119397,265281,22290,79,83,48092331,23018,0,0,166971
2026-04-23 14:16:48,173352198,65179,60141984,265381,22687,75,83,48103675,11344,0,0,155900
2026-04-23 14:16:49,173418483,66285,60164982,265488,23105,74,83,48126424,22749,0,0,161516
2026-04-23 14:16:51,173483701,65218,60187587,265587,22704,73,83,48149428,23004,0,0,168431
2026-04-23 14:16:52,173547493,63792,60209722,265691,22239,76,83,48171659,22231,0,0,171634
2026-04-23 14:16:53,173613005,65512,60232497,265789,22873,80,83,48182353,10694,0,0,172343
2026-04-23 14:16:54,173678784,65779,60255275,265892,22881,75,83,48204872,22519,0,0,158158
2026-04-23 14:16:55,173743175,64391,60277586,265988,22407,73,83,48227650,22778,0,0,160084
2026-04-23 14:16:57,173808549,65374,60300278,266096,22800,81,83,48238381,10731,0,0,155423
2026-04-23 14:16:58,173874938,66389,60323330,266211,23167,79,83,48261024,22643,0,0,167776
2026-04-23 14:16:59,173939629,64691,60345762,266306,22527,79,83,48282466,21442,0,0,159821
2026-04-23 14:17:00,174003967,64338,60368123,266404,22459,74,83,48294113,11647,0,0,155972
2026-04-23 14:17:01,174070328,66361,60391165,266498,23136,81,83,48317085,22972,0,0,156475
2026-04-23 14:17:03,174136603,66275,60414125,266605,23067,81,83,48338523,21438,0,0,162923
2026-04-23 14:17:04,174202146,65543,60436837,266705,22812,79,83,48359414,20891,0,0,165836
2026-04-23 14:17:05,174266400,64254,60459172,266796,22426,72,83,48370794,11380,0,0,158502
2026-04-23 14:17:06,174332440,66040,60482123,266894,23049,76,83,48393782,22988,0,0,165016
2026-04-23 14:17:08,174396819,64379,60504453,266976,22412,81,83,48417747,23965,0,0,157798
2026-04-23 14:17:09,174461649,64830,60526934,267089,22594,79,83,48429413,11666,0,0,157794
2026-04-23 14:17:10,174527444,65795,60549749,267202,22928,81,83,48451753,22340,0,0,161397
2026-04-23 14:17:11,174591653,64209,60572019,267321,22389,69,83,48474627,22874,0,0,150276
2026-04-23 14:17:12,174657345,65692,60594815,267421,22896,80,83,48486137,11510,0,0,155402
2026-04-23 14:17:14,174723375,66030,60617748,267518,23030,81,83,48507678,21541,0,0,160762
2026-04-23 14:17:15,174787931,64556,60640143,267610,22487,73,83,48530457,22779,0,0,164222
2026-04-23 14:17:16,174847912,59981,60660990,267683,20920,71,84,48541642,11185,0,0,163093
2026-04-23 14:17:17,174910460,62548,60682674,267772,21773,75,83,48562360,20718,0,0,139351
2026-04-23 14:17:18,174971821,61361,60703928,267855,21337,79,83,48583318,20958,0,0,150310
2026-04-23 14:17:20,175032731,60910,60725121,267947,21285,81,83,48593928,10610,0,0,149432
2026-04-23 14:17:21,175097460,64729,60747569,268036,22537,81,83,48616209,22281,0,0,152406
2026-04-23 14:17:22,175154965,57505,60767515,268124,20034,78,84,48638507,22298,0,0,149563
2026-04-23 14:17:23,175215514,60549,60788585,268215,21161,81,83,48649834,11327,0,0,146355
2026-04-23 14:17:24,175278607,63093,60810392,268306,21898,78,83,48670364,20530,0,0,151743
2026-04-23 14:17:26,175340360,61753,60831790,268397,21489,79,83,48692542,22178,0,0,155097
2026-04-23 14:17:27,175402509,62149,60853365,268487,21665,81,83,48702514,9972,0,0,159853
2026-04-23 14:17:28,175462911,60402,60874291,268583,21022,79,84,48724934,22420,0,0,151712
2026-04-23 14:17:29,175518637,55726,60893602,268681,19409,77,83,48746474,21540,0,0,150276
2026-04-23 14:17:30,175582714,64077,60915818,268805,22340,81,83,48756928,10454,0,0,143244
2026-04-23 14:17:32,175644810,62096,60937325,268903,21605,79,83,48777446,20518,0,0,148796
2026-04-23 14:17:33,175708029,63219,60959233,269005,22010,81,83,48797835,20389,0,0,154985
2026-04-23 14:17:34,175769702,61673,60980703,269088,21553,72,84,48808222,10387,0,0,149646
2026-04-23 14:17:35,175834800,65098,61003229,269192,22630,79,83,48830674,22452,0,0,145886
2026-04-23 14:17:36,175894858,60058,61024049,269284,20912,79,83,48851986,21312,0,0,152443
2026-04-23 14:17:38,175958071,63213,61046002,269377,22046,75,83,48862667,10681,0,0,156906
2026-04-23 14:17:39,176022896,64825,61068477,269473,22571,79,83,48884333,21666,0,0,158617
2026-04-23 14:17:40,176086761,63865,61090632,269566,22248,78,84,48905902,21569,0,0,155201
2026-04-23 14:17:41,176150527,63766,61112758,269665,22225,81,83,48927970,22068,0,0,148402
2026-04-23 14:17:42,176215689,65162,61135399,269755,22731,81,83,48938988,11018,0,0,151576
2026-04-23 14:17:44,176281397,65708,61158125,269875,22846,74,83,48961983,22995,0,0,148907
2026-04-23 14:17:45,176346337,64940,61180690,269973,22663,77,83,48983892,21909,0,0,148302
2026-04-23 14:17:46,176412094,65757,61203499,270071,22907,75,83,48995734,11842,0,0,137671
2026-04-23 14:17:47,176475630,63536,61225476,270189,22095,77,83,49018366,22632,0,0,139427
2026-04-23 14:17:49,176537680,62050,61246976,270282,21593,79,83,49041173,22807,0,0,141777
2026-04-23 14:17:50,176602936,65256,61269620,270382,22744,80,83,49052201,11028,0,0,148428
2026-04-23 14:17:51,176663537,60601,61290632,270462,21092,74,83,49075574,23373,0,0,152111
2026-04-23 14:17:52,176723017,59480,61311272,270549,20727,81,83,49086442,10868,0,0,141336
2026-04-23 14:17:53,176785019,62002,61332746,270657,21582,81,83,49108793,22351,0,0,145437
2026-04-23 14:17:54,176841053,56034,61352226,270730,19553,78,83,49120156,11363,0,0,144441
2026-04-23 14:17:56,176902130,61077,61373445,270822,21311,81,83,49142392,22236,0,0,141297
2026-04-23 14:17:57,176958106,55976,61392886,270918,19537,81,83,49153740,11348,0,0,146385
2026-04-23 14:17:58,177019758,61652,61414236,271009,21441,79,83,49176350,22610,0,0,137407
2026-04-23 14:17:59,177071776,52018,61432319,271084,18158,79,83,49187355,11005,0,0,141056
2026-04-23 14:18:00,177133763,61987,61453841,271161,21599,81,83,49209738,22383,0,0,152430
2026-04-23 14:18:02,177189541,55778,61473165,271250,19413,78,83,49231385,21647,0,0,153695
2026-04-23 14:18:03,177251351,61810,61494629,271355,21569,76,83,49242430,11045,0,0,160352
2026-04-23 14:18:04,177303473,52122,61512668,271450,18134,79,83,49265133,22703,0,0,148982
2026-04-23 14:18:05,177369005,65532,61535401,271550,22833,80,83,49276713,11580,0,0,150358
2026-04-23 14:18:06,177430738,61733,61556816,271641,21506,78,83,49298453,21740,0,0,156979
2026-04-23 14:18:08,177492030,61292,61578093,271748,21384,80,83,49309875,11422,0,0,160106
2026-04-23 14:18:09,177557289,65259,61600721,271846,22726,68,83,49332761,22886,0,0,167555
2026-04-23 14:18:10,177618077,60788,61621787,271928,21148,81,83,49354532,21771,0,0,161913
2026-04-23 14:18:11,177678973,60896,61642934,271999,21218,81,83,49365293,10761,0,0,164413
2026-04-23 14:18:13,177739744,60771,61664009,272091,21167,75,83,49387576,22283,0,0,169316
2026-04-23 14:18:14,177799313,59569,61684644,272170,20714,71,83,49409746,22170,0,0,170850
2026-04-23 14:18:15,177862416,63103,61706531,272282,21999,73,83,49421006,11260,0,0,170205
2026-04-23 14:18:16,177925224,62808,61728325,272383,21895,80,83,49443375,22369,0,0,163429
2026-04-23 14:18:17,177989955,64731,61750806,272469,22567,81,83,49455028,11653,0,0,164553
2026-04-23 14:18:19,178058869,68914,61774684,272580,23989,77,83,49479439,24411,0,0,166828
2026-04-23 14:18:20,178125316,66447,61797716,272690,23142,77,83,49506007,26568,0,0,171734
2026-04-23 14:18:21,178195087,69771,61821867,272805,24266,75,83,49518774,12767,0,0,160801
2026-04-23 14:18:22,178261198,66111,61844838,272902,23068,78,83,49543129,24355,0,0,151548
2026-04-23 14:18:23,178329718,68520,61868581,273018,23859,78,83,49556184,13055,0,0,156472
2026-04-23 14:18:25,178397678,67960,61892164,273110,23675,76,83,49580924,24740,0,0,161831
2026-04-23 14:18:26,178465785,68107,61915770,273220,23716,81,83,49595061,14137,0,0,168817
2026-04-23 14:18:27,178534854,69069,61939735,273307,24052,78,83,49619946,24885,0,0,162617
2026-04-23 14:18:28,178601419,66565,61962848,273410,23216,77,83,49646014,26068,0,0,159546
2026-04-23 14:18:30,178669939,68520,61986571,273529,23842,71,83,49659306,13292,0,0,163466
2026-04-23 14:18:31,178738786,68847,62010391,273649,23940,75,83,49683596,24290,0,0,167701
2026-04-23 14:18:32,178805873,67087,62033737,273738,23435,73,83,49708876,25280,0,0,177515
2026-04-23 14:18:33,178875805,69932,62057928,273850,24303,80,83,49721312,12436,0,0,164266
2026-04-23 14:18:34,178941959,66154,62080908,273954,23084,77,83,49746823,25511,0,0,163232
2026-04-23 14:18:36,179011050,69091,62104872,274060,24070,78,83,49760071,13248,0,0,169605
2026-04-23 14:18:37,179078938,67888,62128441,274161,23670,76,83,49785954,25883,0,0,170477
2026-04-23 14:18:38,179146876,67938,62152011,274264,23673,74,83,49799303,13349,0,0,166691
2026-04-23 14:18:39,179215009,68133,62175633,274369,23727,75,83,49825019,25716,0,0,165971
2026-04-23 14:18:41,179282178,67169,62198958,274467,23423,75,83,49838799,13780,0,0,171279
2026-04-23 14:18:42,179351317,69139,62222948,274570,24093,76,83,49864784,25985,0,0,177210
2026-04-23 14:18:43,179417872,66555,62246034,274668,23184,74,83,49892562,27778,0,0,180774
2026-04-23 14:18:44,179487071,69199,62270050,274769,24117,73,83,49905685,13123,0,0,166266
2026-04-23 14:18:45,179554020,66949,62293298,274844,23323,79,83,49931552,25867,0,0,174124
2026-04-23 14:18:47,179621246,67226,62316649,274950,23457,71,83,49944949,13397,0,0,169930
2026-04-23 14:18:48,179688059,66813,62339809,275036,23246,69,83,49971420,26471,0,0,177828
2026-04-23 14:18:49,179753675,65616,62362597,275137,22889,80,83,49984654,13234,0,0,177518
2026-04-23 14:18:50,179821942,68267,62386258,275243,23767,76,83,50010342,25688,0,0,169977
2026-04-23 14:18:51,179889074,67132,62409548,275342,23389,79,83,50023123,12781,0,0,171902
2026-04-23 14:18:53,179957274,68200,62433226,275449,23785,80,83,50048598,25475,0,0,176015
2026-04-23 14:18:54,180023920,66646,62456345,275540,23210,79,83,50074742,26144,0,0,179489
2026-04-23 14:18:55,180090980,67060,62479605,275636,23356,75,83,50087908,13166,0,0,174382
2026-04-23 14:18:56,180157337,66357,62502612,275735,23106,77,83,50113308,25400,0,0,175327
2026-04-23 14:18:58,180225103,67766,62526095,275826,23574,75,83,50125550,12242,0,0,174665
2026-04-23 14:18:59,180290054,64951,62548644,275937,22660,78,83,50151095,25545,0,0,179384
2026-04-23 14:19:00,180353374,63320,62570509,276051,21979,78,83,50163772,12677,0,0,178949
2026-04-23 14:19:01,180415469,62095,62592112,276139,21691,78,83,50188924,25152,0,0,172105
2026-04-23 14:19:02,180478494,63025,62613967,276246,21962,80,83,50201982,13058,0,0,178774
2026-04-23 14:19:04,180541423,62929,62635788,276337,21912,74,83,50229112,27130,0,0,178954
2026-04-23 14:19:05,180603316,61893,62657303,276423,21601,81,83,50241850,12738,0,0,190065
2026-04-23 14:19:06,180663208,59892,62678048,276520,20842,75,83,50266790,24940,0,0,186953
2026-04-23 14:19:07,180727604,64396,62700412,276609,22453,77,83,50279352,12562,0,0,175507
2026-04-23 14:19:08,180785441,57837,62720460,276684,20123,73,83,50304391,25039,0,0,177709
2026-04-23 14:19:10,180851223,65782,62743271,276792,22919,76,83,50316786,12395,0,0,167560
2026-04-23 14:19:11,180907610,56387,62762869,276880,19686,65,83,50329976,13190,0,0,168756
2026-04-23 14:19:12,180969323,61713,62784329,276975,21555,64,83,50356415,26439,0,0,162164
2026-04-23 14:19:13,181032953,63630,62806385,277070,22151,75,83,50369146,12731,0,0,158989
2026-04-23 14:19:15,181100973,68020,62830010,277167,23722,76,83,50394128,24982,0,0,165993
2026-04-23 14:19:16,181164445,63472,62852042,277267,22132,81,83,50407227,13099,0,0,169404
2026-04-23 14:19:17,181228791,64346,62874381,277354,22426,77,83,50434757,27530,0,0,173619
2026-04-23 14:19:18,181287811,59020,62894858,277441,20564,71,83,50446945,12188,0,0,160306
2026-04-23 14:19:19,181353160,65349,62917514,277531,22746,78,83,50470995,24050,0,0,160931
2026-04-23 14:19:21,181414867,61707,62938925,277627,21507,70,83,50484096,13101,0,0,165282
2026-04-23 14:19:22,181479879,65012,62961463,277744,22655,77,83,50509322,25226,0,0,170035
2026-04-23 14:19:23,181537258,57379,62981423,277833,20049,81,83,50521567,12245,0,0,169876
2026-04-23 14:19:24,181601594,64336,63003710,277937,22391,77,83,50545984,24417,0,0,166776
2026-04-23 14:19:25,181662465,60871,63024849,278027,21229,76,83,50558512,12528,0,0,171357
2026-04-23 14:19:27,181728851,66386,63047868,278116,23108,76,83,50584164,25652,0,0,179676
2026-04-23 14:19:28,181789999,61148,63069171,278201,21388,81,83,50597455,13291,0,0,182758
2026-04-23 14:19:29,181854479,64480,63091533,278306,22467,74,83,50623743,26288,0,0,182946
2026-04-23 14:19:30,181913686,59207,63112143,278384,20688,74,83,50637277,13534,0,0,178729
2026-04-23 14:19:31,181979274,65588,63134824,278487,22784,80,83,50661158,23881,0,0,180873
2026-04-23 14:19:33,182043711,64437,63157177,278593,22459,75,83,50684797,23639,0,0,185570
2026-04-23 14:19:34,182111877,68166,63180846,278682,23758,66,83,50696812,12015,0,0,193297
2026-04-23 14:19:35,182177465,65588,63203612,278807,22891,76,83,50722623,25811,0,0,183712
2026-04-23 14:19:36,182244160,66695,63226780,278912,23273,81,83,50735720,13097,0,0,179768
2026-04-23 14:19:38,182313024,68864,63250634,279017,23959,74,83,50760964,25244,0,0,193066
2026-04-23 14:19:39,182380148,67124,63273914,279120,23383,74,83,50786264,25300,0,0,196484
2026-04-23 14:19:40,182448406,68258,63297594,279237,23797,75,83,50798014,11750,0,0,198585
2026-04-23 14:19:41,182515644,67238,63320898,279332,23399,76,83,50822054,24040,0,0,190416
2026-04-23 14:19:42,182583372,67728,63344409,279423,23602,81,83,50834756,12702,0,0,192919
2026-04-23 14:19:44,182652522,69150,63368387,279517,24072,77,83,50860621,25865,0,0,196620
2026-04-23 14:19:45,182719542,67020,63391668,279605,23369,75,83,50884774,24153,0,0,201702
2026-04-23 14:19:46,182788615,69073,63415621,279715,24063,77,83,50897479,12705,0,0,193790
2026-04-23 14:19:47,182855927,67312,63438989,279805,23458,74,83,50922902,25423,0,0,144391
2026-04-23 14:19:48,182922227,66300,63462016,279902,23124,79,83,50936207,13305,0,0,137402
2026-04-23 14:19:50,182991104,68877,63485916,280002,24000,77,83,50961845,25638,0,0,135716
2026-04-23 14:19:51,183058411,67307,63509232,280097,23411,74,83,50987087,25242,0,0,141043
2026-04-23 14:19:52,183127280,68869,63533099,280195,23965,77,83,50999304,12217,0,0,132336
2026-04-23 14:19:53,183195706,68426,63556812,280317,23835,76,83,51023044,23740,0,0,132807
2026-04-23 14:19:55,183262560,66854,63580024,280423,23318,73,83,51048131,25087,0,0,137613
2026-04-23 14:19:56,183331591,69031,63603984,280540,24077,75,83,51060696,12565,0,0,143467
2026-04-23 14:19:57,183400593,69002,63627884,280646,24006,81,83,51085502,24806,0,0,142716
2026-04-23 14:19:58,183468774,68181,63651522,280750,23742,76,83,51097932,12430,0,0,142485
2026-04-23 14:20:00,183537995,69221,63675530,280855,24113,79,83,51122857,24925,0,0,153485
2026-04-23 14:20:01,183605235,67240,63698870,280963,23448,77,83,51147566,24709,0,0,155862
2026-04-23 14:20:02,183673170,67935,63722440,281074,23681,71,83,51159305,11739,0,0,159217
2026-04-23 14:20:03,183742342,69172,63746414,281180,24080,72,83,51183353,24048,0,0,149611
2026-04-23 14:20:04,183810982,68640,63770209,281283,23898,71,83,51206500,23147,0,0,148626
2026-04-23 14:20:06,183878451,67469,63793614,281388,23510,77,83,51230458,23958,0,0,153945
2026-04-23 14:20:07,183948026,69575,63817731,281500,24229,76,83,51242798,12340,0,0,158423
2026-04-23 14:20:08,184016353,68327,63841379,281628,23776,79,83,51267373,24575,0,0,159068
2026-04-23 14:20:09,184084268,67915,63864952,281729,23674,72,83,51279977,12604,0,0,151867
2026-04-23 14:20:11,184153499,69231,63888972,281839,24130,78,83,51303920,23943,0,0,159409
2026-04-23 14:20:12,184220242,66743,63912171,281952,23312,77,83,51328668,24748,0,0,153999
2026-04-23 14:20:13,184289025,68783,63936013,282068,23958,74,83,51341152,12484,0,0,158222
2026-04-23 14:20:14,184357503,68478,63959734,282173,23826,72,83,51364346,23194,0,0,149813
2026-04-23 14:20:15,184425801,68298,63983381,282281,23755,76,83,51388599,24253,0,0,152073
2026-04-23 14:20:17,184494366,68565,64007144,282374,23856,75,83,51400380,11781,0,0,156095
2026-04-23 14:20:18,184562433,68067,64030777,282479,23738,74,83,51423310,22930,0,0,161499
2026-04-23 14:20:19,184628900,66467,64053793,282575,23112,79,83,51446283,22973,0,0,158330
2026-04-23 14:20:20,184695203,66303,64076830,282683,23145,74,83,51468296,22013,0,0,155458
2026-04-23 14:20:21,184764091,68888,64100712,282783,23982,75,83,51480392,12096,0,0,159254
2026-04-23 14:20:23,184832080,67989,64124276,282881,23662,76,83,51504005,23613,0,0,161613
2026-04-23 14:20:24,184895146,63066,64146169,282995,22007,77,83,51516393,12388,0,0,167763
2026-04-23 14:20:25,184963028,67882,64169662,283105,23603,76,83,51540367,23974,0,0,162548
2026-04-23 14:20:26,185029520,66492,64192729,283208,23170,79,83,51562511,22144,0,0,164849
2026-04-23 14:20:28,185095193,65673,64215525,283309,22897,80,83,51574103,11592,0,0,168773
2026-04-23 14:20:29,185161093,65900,64238385,283419,22970,81,83,51597511,23408,0,0,176257
2026-04-23 14:20:30,185215647,54554,64257291,283498,18985,79,83,51621171,23660,0,0,178387
2026-04-23 14:20:31,185282876,67229,64280613,283596,23420,80,83,51632844,11673,0,0,172736
2026-04-23 14:20:32,185345217,62341,64302208,283687,21686,74,83,51656028,23184,0,0,177221
2026-04-23 14:20:34,185409492,64275,64324520,283789,22414,80,83,51668071,12043,0,0,176004
2026-04-23 14:20:35,185477003,67511,64347915,283898,23504,76,83,51690810,22739,0,0,165996
2026-04-23 14:20:36,185543405,66402,64370944,284012,23143,78,83,51713169,22359,0,0,161286
2026-04-23 14:20:37,185610187,66782,64394136,284094,23274,75,83,51725322,12153,0,0,156669
2026-04-23 14:20:38,185678876,68689,64417931,284211,23912,80,83,51749519,24197,0,0,157590
2026-04-23 14:20:40,185746564,67688,64441408,284311,23577,77,83,51773923,24404,0,0,160088
2026-04-23 14:20:41,185813296,66732,64464594,284413,23288,81,83,51785593,11670,0,0,165101
2026-04-23 14:20:42,185881327,68031,64488173,284544,23710,74,83,51810144,24551,0,0,158129
2026-04-23 14:20:43,185948594,67267,64511514,284650,23447,80,83,51834016,23872,0,0,152041
2026-04-23 14:20:45,186016460,67866,64535064,284766,23666,75,83,51847181,13165,0,0,148977
2026-04-23 14:20:46,186085257,68797,64558937,284851,23958,73,83,51872591,25410,0,0,143366
2026-04-23 14:20:47,186153583,68326,64582614,284948,23774,79,83,51896053,23462,0,0,147858
2026-04-23 14:20:48,186221413,67830,64606171,285052,23661,76,83,51907338,11285,0,0,139874
2026-04-23 14:20:49,186290205,68792,64629994,285175,23946,81,83,51929577,22239,0,0,142831
2026-04-23 14:20:51,186357969,67764,64653504,285268,23603,74,83,51952090,22513,0,0,147509
2026-04-23 14:20:52,186426547,68578,64677289,285383,23900,76,83,51974600,22510,0,0,152895
2026-04-23 14:20:53,186495309,68762,64701131,285473,23932,74,83,51986379,11779,0,0,148767
2026-04-23 14:20:54,186564032,68723,64724961,285575,23932,81,83,52007630,21251,0,0,148027
2026-04-23 14:20:56,186632515,68483,64748699,285684,23847,77,83,52031097,23467,0,0,156864
2026-04-23 14:20:57,186699602,67087,64771981,285811,23409,75,83,52054837,23740,0,0,161795
2026-04-23 14:20:58,186768783,69181,64795995,285905,24108,78,83,52067312,12475,0,0,158598
2026-04-23 14:20:59,186836919,68136,64819648,286004,23752,76,83,52090640,23328,0,0,139435
2026-04-23 14:21:00,186904895,67976,64843167,286106,23621,78,83,52114670,24030,0,0,146038
2026-04-23 14:21:02,186973887,68992,64867122,286224,24073,79,83,52125379,10709,0,0,151498
2026-04-23 14:21:03,187042807,68920,64891021,286329,24004,75,83,52149778,24399,0,0,157642
2026-04-23 14:21:04,187110354,67547,64914453,286425,23528,79,83,52171871,22093,0,0,150762
2026-04-23 14:21:05,187176249,65895,64937335,286538,22995,81,83,52183935,12064,0,0,149280
2026-04-23 14:21:07,187243925,67676,64960776,286640,23543,80,83,52207324,23389,0,0,154948
2026-04-23 14:21:08,187310497,66572,64983846,286747,23177,78,83,52229812,22488,0,0,152342
2026-04-23 14:21:09,187371277,60780,65004928,286836,21171,79,83,52251705,21893,0,0,161227
2026-04-23 14:21:10,187436543,65266,65027597,286935,22768,80,83,52263488,11783,0,0,152583
2026-04-23 14:21:11,187502200,65657,65050338,287029,22835,78,83,52286163,22675,0,0,153477
2026-04-23 14:21:13,187567856,65656,65073147,287116,22896,78,83,52297480,11317,0,0,155837
2026-04-23 14:21:14,187635664,67808,65096696,287208,23641,72,83,52320583,23103,0,0,164470
2026-04-23 14:21:15,187700587,64923,65119167,287296,22559,79,83,52341872,21289,0,0,165720
2026-04-23 14:21:16,187766584,65997,65142084,287414,23035,74,83,52352608,10736,0,0,158593
2026-04-23 14:21:17,187834172,67588,65165537,287503,23542,78,83,52376541,23933,0,0,162185
2026-04-23 14:21:19,187897835,63663,65187660,287606,22226,76,83,52400953,24412,0,0,164824
2026-04-23 14:21:20,187964986,67151,65210932,287721,23387,80,83,52412977,12024,0,0,169923
2026-04-23 14:21:21,188025655,60669,65231966,287822,21135,77,83,52436314,23337,0,0,159594
2026-04-23 14:21:22,188088057,62402,65253594,287922,21728,78,83,52458531,22217,0,0,163612
2026-04-23 14:21:24,188155649,67592,65277065,288007,23556,78,83,52471051,12520,0,0,166256
2026-04-23 14:21:25,188218879,63230,65298963,288107,21998,76,83,52495453,24402,0,0,169485
2026-04-23 14:21:26,188284862,65983,65321906,288210,23046,71,83,52507346,11893,0,0,173104
2026-04-23 14:21:27,188349594,64732,65344378,288302,22564,78,83,52532566,25220,0,0,165454
2026-04-23 14:21:28,188414136,64542,65366769,288407,22496,71,83,52545855,13289,0,0,164341
2026-04-23 14:21:30,188481531,67395,65390158,288509,23491,79,83,52568450,22595,0,0,170165
2026-04-23 14:21:31,188546157,64626,65412538,288625,22496,76,83,52592479,24029,0,0,175119
2026-04-23 14:21:32,188608706,62549,65434273,288724,21834,81,83,52603782,11303,0,0,179332
2026-04-23 14:21:33,188670712,62006,65455804,288813,21620,72,83,52627818,24036,0,0,169726
2026-04-23 14:21:34,188734604,63892,65477952,288930,22265,73,83,52640949,13131,0,0,168025
2026-04-23 14:21:36,188800034,65430,65500660,289039,22817,76,83,52664951,24002,0,0,179166
2026-04-23 14:21:37,188864251,64217,65522930,289130,22361,79,83,52676443,11492,0,0,186288
2026-04-23 14:21:38,188929985,65734,65545732,289230,22902,78,83,52701527,25084,0,0,187680
2026-04-23 14:21:39,188994890,64905,65568214,289328,22580,73,83,52724048,22521,0,0,179811
2026-04-23 14:21:41,189060870,65980,65591137,289426,23021,79,83,52735311,11263,0,0,183533
2026-04-23 14:21:42,189126920,66050,65614021,289524,22982,76,83,52759578,24267,0,0,188778
2026-04-23 14:21:43,189188065,61145,65635244,289635,21334,71,83,52770946,11368,0,0,193892
2026-04-23 14:21:44,189254764,66699,65658361,289746,23228,80,83,52794599,23653,0,0,183287
2026-04-23 14:21:45,189320687,65923,65681189,289828,22910,77,83,52816833,22234,0,0,165554
2026-04-23 14:21:47,189386050,65363,65703886,289925,22794,80,83,52828566,11733,0,0,169773
2026-04-23 14:21:48,189453594,67544,65727304,290016,23509,79,83,52853169,24603,0,0,169897
2026-04-23 14:21:49,189516108,62514,65748971,290115,21766,76,83,52877729,24560,0,0,173319
2026-04-23 14:21:50,189583518,67410,65772373,290232,23519,76,83,52888874,11145,0,0,160506
2026-04-23 14:21:51,189651016,67498,65795816,290337,23548,75,83,52914276,25402,0,0,162265
2026-04-23 14:21:53,189717371,66355,65818807,290441,23095,76,83,52937889,23613,0,0,166923
2026-04-23 14:21:54,189786033,68662,65842622,290566,23940,71,83,52949554,11665,0,0,173824
2026-04-23 14:21:55,189851567,65534,65865329,290663,22804,74,83,52973866,24312,0,0,169916
2026-04-23 14:21:56,189918321,66754,65888488,290762,23258,80,83,52985739,11873,0,0,166212
2026-04-23 14:21:58,189986666,68345,65912197,290875,23822,79,83,53009740,24001,0,0,170989
2026-04-23 14:21:59,190051804,65138,65934813,290984,22725,79,83,53033739,23999,0,0,175574
2026-04-23 14:22:00,190115871,64067,65957028,291084,22315,76,83,53045695,11956,0,0,178415
2026-04-23 14:22:01,190180787,64916,65979515,291197,22600,80,83,53068552,22857,0,0,167309
2026-04-23 14:22:02,190245293,64506,66001949,291300,22537,80,83,53091982,23430,0,0,166631
2026-04-23 14:22:04,190311492,66199,66024950,291403,23104,77,83,53103028,11046,0,0,169644
2026-04-23 14:22:05,190376552,65060,66047478,291489,22614,77,83,53126640,23612,0,0,175316
2026-04-23 14:22:06,190439240,62688,66069225,291600,21858,81,83,53138615,11975,0,0,181940
2026-04-23 14:22:07,190505632,66392,66092237,291704,23116,77,83,53163342,24727,0,0,171366
2026-04-23 14:22:08,190570015,64383,66114558,291806,22423,81,83,53187645,24303,0,0,176185
2026-04-23 14:22:10,190636342,66327,66137578,291901,23115,80,83,53199333,11688,0,0,182537
2026-04-23 14:22:11,190699428,63086,66159466,292009,21996,78,83,53223931,24598,0,0,182470
2026-04-23 14:22:12,190760338,60910,66180626,292094,21245,81,83,53236365,12434,0,0,177261
2026-04-23 14:22:13,190823082,62744,66202404,292190,21874,72,83,53261479,25114,0,0,174714
2026-04-23 14:22:14,190885444,62362,66224069,292301,21776,81,83,53274259,12780,0,0,179727
2026-04-23 14:22:16,190949881,64437,66246396,292391,22417,74,83,53300406,26147,0,0,178723
2026-04-23 14:22:17,191011952,62071,66267946,292488,21647,81,83,53312929,12523,0,0,182109
2026-04-23 14:22:18,191077879,65927,66290775,292579,22920,77,83,53337670,24741,0,0,182171
2026-04-23 14:22:19,191144630,66751,66313912,292696,23254,77,83,53361429,23759,0,0,176086
2026-04-23 14:22:21,191212633,68003,66337545,292789,23726,69,83,53373365,11936,0,0,173187
2026-04-23 14:22:22,191280539,67906,66361090,292909,23665,77,83,53398577,25212,0,0,184567
2026-04-23 14:22:23,191346609,66070,66384000,293002,23003,77,83,53411134,12557,0,0,183363
2026-04-23 14:22:24,191415538,68929,66407903,293115,24016,74,83,53436544,25410,0,0,182107
2026-04-23 14:22:25,191482786,67248,66431249,293211,23442,76,83,53460922,24378,0,0,177723
2026-04-23 14:22:27,191550064,67278,66454609,293301,23450,80,83,53473524,12602,0,0,182706
2026-04-23 14:22:28,191618252,68188,66478320,293402,23812,77,83,53498889,25365,0,0,190303
2026-04-23 14:22:29,191685034,66782,66501491,293506,23275,78,83,53523506,24617,0,0,193214
2026-04-23 14:22:30,191753772,68738,66525329,293611,23943,73,83,53536340,12834,0,0,181830
2026-04-23 14:22:32,191821023,67251,66548682,293697,23439,75,83,53561445,25105,0,0,188190
2026-04-23 14:22:33,191888368,67345,66572075,293812,23508,78,83,53574477,13032,0,0,192838
2026-04-23 14:22:34,191956894,68526,66595837,293905,23855,75,83,53600659,26182,0,0,182282
2026-04-23 14:22:35,192022257,65363,66618530,294006,22794,81,83,53626672,26013,0,0,174726
2026-04-23 14:22:36,192092138,69881,66642783,294117,24364,73,83,53639214,12542,0,0,170389
2026-04-23 14:22:38,192159009,66871,66665981,294227,23308,73,83,53664779,25565,0,0,176973
2026-04-23 14:22:39,192226008,66999,66689252,294338,23382,78,83,53677967,13188,0,0,181909
2026-04-23 14:22:40,192294932,68924,66713154,294465,24029,78,83,53703495,25528,0,0,183466
2026-04-23 14:22:41,192362017,67085,66736436,294573,23390,77,83,53729297,25802,0,0,175194
2026-04-23 14:22:43,192431291,69274,66760473,294689,24153,74,83,53742645,13348,0,0,179400
2026-04-23 14:22:44,192499201,67910,66783993,294809,23640,81,83,53769090,26445,0,0,186406
2026-04-23 14:22:45,192567689,68488,66807765,294924,23887,74,83,53781254,12164,0,0,191369
2026-04-23 14:22:46,192635538,67849,66831339,295021,23671,78,83,53805934,24680,0,0,163644
2026-04-23 14:22:47,192701858,66320,66854295,295140,23075,79,83,53832324,26390,0,0,155672
2026-04-23 14:22:49,192771339,69481,66878414,295245,24224,80,83,53844733,12409,0,0,158399
2026-04-23 14:22:50,192837682,66343,66901435,295354,23130,74,83,53870416,25683,0,0,157009
2026-04-23 14:22:51,192905311,67629,66924887,295464,23562,79,83,53883037,12621,0,0,159471
2026-04-23 14:22:52,192974897,69586,66948991,295553,24193,80,83,53906699,23662,0,0,151638
2026-04-23 14:22:54,193038492,63595,66971067,295661,22184,76,83,53931608,24909,0,0,159052
2026-04-23 14:22:55,193101340,62848,66992875,295755,21902,81,83,53943587,11979,0,0,161339
2026-04-23 14:22:56,193166238,64898,67015350,295865,22585,78,83,53966196,22609,0,0,162688
2026-04-23 14:22:57,193229485,63247,67037271,295959,22015,77,83,53987521,21325,0,0,162401
2026-04-23 14:22:58,193291810,62325,67058914,296056,21740,80,83,53998630,11109,0,0,157550
2026-04-23 14:23:00,193356478,64668,67081345,296159,22534,81,83,54022152,23522,0,0,165140
2026-04-23 14:23:01,193412889,56411,67100931,296239,19666,53,83,54034755,12603,0,0,168686
2026-04-23 14:23:02,193477852,64963,67123430,296344,22604,81,83,54057958,23203,0,0,176918
2026-04-23 14:23:03,193538744,60892,67144575,296424,21225,81,83,54080772,22814,0,0,175101
2026-04-23 14:23:04,193601549,62805,67166332,296523,21856,79,83,54091902,11130,0,0,167348
2026-04-23 14:23:06,193665876,64327,67188671,296605,22421,79,83,54114672,22770,0,0,173264
2026-04-23 14:23:07,193725468,59592,67209334,296701,20759,78,83,54136986,22314,0,0,174310
2026-04-23 14:23:08,193789879,64411,67231703,296790,22458,60,83,54148169,11183,0,0,178600
2026-04-23 14:23:09,193853128,63249,67253633,296885,22025,76,83,54172073,23904,0,0,161952
2026-04-23 14:23:10,193911044,57916,67273788,296971,20241,81,83,54195413,23340,0,0,146989
2026-04-23 14:23:12,193974828,63784,67295885,297067,22193,78,83,54206882,11469,0,0,152670
2026-04-23 14:23:13,194033910,59082,67316385,297156,20589,79,83,54228701,21819,0,0,148418
2026-04-23 14:23:14,194095685,61775,67337837,297247,21543,81,83,54239520,10819,0,0,154705
2026-04-23 14:23:15,194159498,63813,67359920,297339,22175,75,83,54262006,22486,0,0,150997
2026-04-23 14:23:16,194222442,62944,67381707,297440,21888,75,83,54283918,21912,0,0,147688
2026-04-23 14:23:18,194282854,60412,67402696,297522,21071,80,83,54295169,11251,0,0,150306
2026-04-23 14:23:19,194347567,64713,67425112,297634,22528,76,83,54317727,22558,0,0,155875
2026-04-23 14:23:20,194409093,61526,67446422,297720,21396,77,83,54340326,22599,0,0,157127
2026-04-23 14:23:21,194471646,62553,67468089,297836,21783,81,83,54352138,11812,0,0,147136
2026-04-23 14:23:22,194536752,65106,67490724,297943,22742,79,83,54374552,22414,0,0,143998
2026-04-23 14:23:24,194597126,60374,67511692,298031,21056,75,83,54398325,23773,0,0,156402
2026-04-23 14:23:25,194659973,62847,67533562,298136,21975,66,83,54409525,11200,0,0,160421
2026-04-23 14:23:26,194722967,62994,67555397,298230,21929,74,83,54433386,23861,0,0,162999
2026-04-23 14:23:27,194781909,58942,67575900,298318,20591,77,83,54457297,23911,0,0,150037
2026-04-23 14:23:28,194845897,63988,67598129,298404,22315,74,83,54469595,12298,0,0,153140
2026-04-23 14:23:30,194903158,57261,67617945,298494,19906,74,83,54492341,22746,0,0,158782
2026-04-23 14:23:31,194965736,62578,67639652,298591,21804,81,83,54503293,10952,0,0,167478
2026-04-23 14:23:32,195026593,60857,67660794,298669,21220,81,83,54525587,22294,0,0,172401
2026-04-23 14:23:33,195080648,54055,67679611,298746,18894,80,83,54537090,11503,0,0,163868
2026-04-23 14:23:34,195143627,62979,67701434,298848,21925,81,83,54560226,23136,0,0,163543
2026-04-23 14:23:36,195197658,54031,67720193,298927,18838,81,83,54572682,12456,0,0,154926
2026-04-23 14:23:37,195259706,62048,67741664,299019,21563,75,83,54595425,22743,0,0,147196
2026-04-23 14:23:38,195315830,56124,67761159,299090,19566,78,83,54616632,21207,0,0,149351
2026-04-23 14:23:39,195376583,60753,67782233,299193,21177,81,83,54627671,11039,0,0,140050
2026-04-23 14:23:40,195438824,62241,67803794,299292,21660,74,83,54647515,19844,0,0,141372
2026-04-23 14:23:42,195496718,57894,67823884,299376,20174,77,83,54669124,21609,0,0,144268
2026-04-23 14:23:43,195554944,58226,67844087,299463,20290,81,83,54680471,11347,0,0,144271
2026-04-23 14:23:44,195617968,63024,67865927,299560,21937,78,83,54701256,20785,0,0,148839
2026-04-23 14:23:45,195678682,60714,67886975,299642,21130,71,83,54723389,22133,0,0,136121
2026-04-23 14:23:46,195741196,62514,67908684,299745,21812,81,83,54744017,20628,0,0,140677
2026-04-23 14:23:48,195802787,61591,67930101,299828,21500,71,83,54754378,10361,0,0,146757
2026-04-23 14:23:49,195867314,64527,67952482,299923,22476,81,83,54775182,20804,0,0,153839
2026-04-23 14:23:50,195930880,63566,67974548,300024,22167,76,83,54797635,22453,0,0,158804
2026-04-23 14:23:51,195995110,64230,67996859,300132,22419,79,83,54820271,22636,0,0,149129
2026-04-23 14:23:53,196058144,63034,68018747,300224,21980,81,83,54831522,11251,0,0,150543
2026-04-23 14:23:54,196123654,65510,68041427,300327,22783,81,83,54852431,20909,0,0,159168
2026-04-23 14:23:55,196189002,65348,68064117,300439,22802,72,83,54874251,21820,0,0,162698
2026-04-23 14:23:56,196253667,64665,68086526,300520,22490,78,83,54895831,21580,0,0,165299
2026-04-23 14:23:57,196317326,63659,68108628,300611,22193,78,83,54906281,10450,0,0,157494
2026-04-23 14:23:59,196383309,65983,68131529,300707,22997,81,83,54928150,21869,0,0,158688
2026-04-23 14:24:00,196448837,65528,68154238,300812,22814,77,83,54948712,20562,0,0,163217
2026-04-23 14:24:01,196513735,64898,68176782,300908,22640,81,83,54969327,20615,0,0,167294
2026-04-23 14:24:02,196578227,64492,68199139,301013,22462,78,83,54990978,21651,0,0,158844
2026-04-23 14:24:03,196642762,64535,68221539,301116,22503,81,83,55002482,11504,0,0,157881
2026-04-23 14:24:05,196708729,65967,68244416,301220,22981,63,83,55024143,21661,0,0,161327
2026-04-23 14:24:06,196773727,64998,68266991,301307,22662,78,83,55045867,21724,0,0,163581
2026-04-23 14:24:07,196838397,64670,68289469,301400,22571,70,83,55068354,22487,0,0,164988
2026-04-23 14:24:08,196902933,64536,68311857,301501,22489,75,83,55090313,21959,0,0,152126
2026-04-23 14:24:09,196967243,64310,68334200,301604,22446,81,83,55101695,11382,0,0,153033
2026-04-23 14:24:11,197033032,65789,68357033,301723,22952,77,83,55125192,23497,0,0,157527
2026-04-23 14:24:12,197097421,64389,68379364,301817,22425,81,83,55147395,22203,0,0,161634
2026-04-23 14:24:13,197162996,65575,68402070,301907,22796,80,83,55169056,21661,0,0,166298
2026-04-23 14:24:14,197227196,64200,68424341,302019,22383,80,83,55179923,10867,0,0,145384
2026-04-23 14:24:16,197292919,65723,68447118,302126,22884,81,83,55201549,21626,0,0,145623
2026-04-23 14:24:17,197359802,66883,68470296,302228,23280,81,83,55222775,21226,0,0,153772
2026-04-23 14:24:18,197425468,65666,68493066,302339,22881,76,83,55244221,21446,0,0,158635
2026-04-23 14:24:19,197489635,64167,68515331,302432,22358,81,83,55266678,22457,0,0,154663
2026-04-23 14:24:20,197555614,65979,68538226,302515,22978,79,83,55276904,10226,0,0,151023
2026-04-23 14:24:22,197622421,66807,68561382,302620,23261,79,83,55298682,21778,0,0,155945
2026-04-23 14:24:23,197687487,65066,68583989,302713,22700,80,83,55320096,21414,0,0,158827
2026-04-23 14:24:24,197752050,64563,68606400,302802,22500,80,83,55342206,22110,0,0,164731
2026-04-23 14:24:25,197816268,64218,68628705,302908,22411,71,83,55353313,11107,0,0,144496
2026-04-23 14:24:26,197879679,63411,68650732,302997,22116,68,83,55373603,20290,0,0,148869
2026-04-23 14:24:28,197944931,65252,68673354,303090,22715,75,83,55394771,21168,0,0,155321
2026-04-23 14:24:29,198008270,63339,68695313,303179,22048,71,83,55417672,22901,0,0,161399
2026-04-23 14:24:30,198070452,62182,68716854,303273,21635,78,83,55427743,10071,0,0,165638
2026-04-23 14:24:31,198133405,62953,68738684,303375,21932,81,83,55447436,19693,0,0,154577
2026-04-23 14:24:33,198192740,59335,68759250,303473,20664,77,83,55469088,21652,0,0,159653
2026-04-23 14:24:34,198251355,58615,68779577,303571,20425,81,83,55479623,10535,0,0,162677
2026-04-23 14:24:35,198315351,63996,68801765,303670,22287,81,83,55501582,21959,0,0,168894
2026-04-23 14:24:36,198373636,58285,68821941,303746,20252,77,83,55523750,22168,0,0,168725
2026-04-23 14:24:37,198433735,60099,68842773,303815,20901,81,83,55533892,10142,0,0,163265
2026-04-23 14:24:38,198491635,57900,68862872,303896,20180,80,83,55553862,19970,0,0,157646
2026-04-23 14:24:40,198546060,54425,68881765,303998,18995,81,83,55574472,20610,0,0,162201
2026-04-23 14:24:41,198606176,60116,68902644,304082,20963,81,83,55584608,10136,0,0,164484
2026-04-23 14:24:42,198665858,59682,68923308,304174,20756,79,83,55605382,20774,0,0,168963
2026-04-23 14:24:43,198722311,56453,68942881,304268,19667,72,83,55626161,20779,0,0,155392
2026-04-23 14:24:44,198782332,60021,68963788,304339,20978,81,83,55636077,9916,0,0,157312
2026-04-23 14:24:46,198839078,56746,68983465,304418,19756,78,83,55657947,21870,0,0,164430
2026-04-23 14:24:47,198897523,58445,69003747,304492,20356,73,83,55668785,10838,0,0,168666
2026-04-23 14:24:48,198956909,59386,69024361,304589,20711,81,83,55689818,21033,0,0,173301
2026-04-23 14:24:49,199009780,52871,69042658,304678,18386,72,83,55710194,20376,0,0,163478
2026-04-23 14:24:50,199068680,58900,69063211,304756,20631,81,83,55720472,10278,0,0,159600
2026-04-23 14:24:52,199125720,57040,69082941,304847,19821,80,83,55741991,21519,0,0,164548
2026-04-23 14:24:53,199184895,59175,69103458,304941,20611,81,83,55752240,10249,0,0,162356
2026-04-23 14:24:54,199247314,62419,69125119,305045,21765,74,83,55773798,21558,0,0,174941
2026-04-23 14:24:55,199307068,59754,69145858,305131,20825,77,83,55793742,19944,0,0,168378
2026-04-23 14:24:56,199366012,58944,69166323,305224,20558,79,83,55814145,20403,0,0,165257
2026-04-23 14:24:58,199427540,61528,69187728,305324,21505,81,83,55824469,10324,0,0,170284
2026-04-23 14:24:59,199492583,65043,69210220,305432,22600,78,83,55845197,20728,0,0,178173
2026-04-23 14:25:00,199556237,63654,69232288,305538,22174,79,83,55866857,21660,0,0,184067
2026-04-23 14:25:01,199620685,64448,69254606,305651,22431,73,83,55878098,11241,0,0,181179
2026-04-23 14:25:02,199687264,66579,69277685,305760,23188,81,83,55900370,22272,0,0,178487
2026-04-23 14:25:04,199752846,65582,69300401,305863,22819,80,83,55921287,20917,0,0,186297
2026-04-23 14:25:05,199817188,64342,69322734,305956,22426,75,83,55941965,20678,0,0,182527
2026-04-23 14:25:06,199881853,64665,69345169,306063,22542,75,83,55963508,21543,0,0,186463
2026-04-23 14:25:07,199948391,66538,69368236,306162,23166,81,83,55974627,11119,0,0,159592
2026-04-23 14:25:09,200013566,65175,69390814,306268,22684,70,83,55997829,23202,0,0,160272
2026-04-23 14:25:10,200077378,63812,69412985,306352,22255,76,83,56021292,23463,0,0,163092
2026-04-23 14:25:11,200143439,66061,69435921,306454,23038,76,83,56031916,10624,0,0,170023
2026-04-23 14:25:12,200209432,65993,69458781,306566,22972,74,83,56054627,22711,0,0,167965
2026-04-23 14:25:13,200269359,59927,69479591,306649,20893,77,83,56075864,21237,0,0,155998
2026-04-23 14:25:15,200333130,63771,69501706,306774,22240,81,83,56087563,11699,0,0,161899
2026-04-23 14:25:16,200397155,64025,69523914,306888,22322,76,83,56109389,21826,0,0,156826
2026-04-23 14:25:17,200460384,63229,69545853,306999,22050,80,83,56131685,22296,0,0,154199
2026-04-23 14:25:18,200522142,61758,69567262,307102,21512,81,83,56143087,11402,0,0,149366
2026-04-23 14:25:19,200586321,64179,69589560,307190,22386,80,83,56165800,22713,0,0,142507
2026-04-23 14:25:21,200648942,62621,69611252,307293,21795,78,83,56188432,22632,0,0,144995
2026-04-23 14:25:22,200712741,63799,69633366,307397,22218,81,83,56198874,10442,0,0,148079
2026-04-23 14:25:23,200778430,65689,69656169,307482,22888,73,83,56220928,22054,0,0,150398
2026-04-23 14:25:24,200841350,62920,69677999,307591,21939,77,83,56242398,21470,0,0,147266
2026-04-23 14:25:25,200900853,59503,69698613,307683,20706,81,83,56264117,21719,0,0,141852
2026-04-23 14:25:27,200964988,64135,69720907,307759,22370,80,83,56274134,10017,0,0,146295
2026-04-23 14:25:28,201028591,63603,69742931,307858,22123,72,83,56296379,22245,0,0,145365
2026-04-23 14:25:29,201090661,62070,69764472,307951,21634,69,83,56317955,21576,0,0,148022
2026-04-23 14:25:30,201152528,61867,69785976,308059,21612,74,83,56329205,11250,0,0,143423
2026-04-23 14:25:31,201214445,61917,69807454,308155,21574,76,83,56351468,22263,0,0,148339
2026-04-23 14:25:33,201273011,58566,69827762,308232,20385,70,83,56373512,22044,0,0,153969
2026-04-23 14:25:34,201337147,64136,69850039,308321,22366,72,83,56383848,10336,0,0,163304
2026-04-23 14:25:35,201398904,61757,69871465,308420,21525,78,83,56405027,21179,0,0,164107
2026-04-23 14:25:36,201458839,59935,69892187,308524,20826,78,83,56425400,20373,0,0,159464
2026-04-23 14:25:37,201520875,62036,69913708,308615,21612,74,83,56436311,10911,0,0,157034
2026-04-23 14:25:39,201584316,63441,69935721,308716,22114,77,83,56456603,20292,0,0,161196
2026-04-23 14:25:40,201647303,62987,69957551,308821,21935,77,83,56476908,20305,0,0,163732
2026-04-23 14:25:41,201709425,62122,69979091,308912,21631,71,83,56488027,11119,0,0,162365
2026-04-23 14:25:42,201772301,62876,70000934,309000,21931,75,83,56510910,22883,0,0,152142
2026-04-23 14:25:44,201834669,62368,70022589,309090,21745,77,83,56532743,21833,0,0,148569
2026-04-23 14:25:45,201896320,61651,70043982,309187,21490,79,83,56543930,11187,0,0,152436
2026-04-23 14:25:46,201959453,63133,70065887,309295,22013,79,83,56565483,21553,0,0,154878
2026-04-23 14:25:47,202023435,63982,70088086,309388,22292,81,83,56587305,21822,0,0,160661
2026-04-23 14:25:48,202085249,61814,70109502,309499,21527,80,83,56599171,11866,0,0,149594
2026-04-23 14:25:50,202151140,65891,70132352,309612,22963,75,83,56621663,22492,0,0,153978
2026-04-23 14:25:51,202214399,63259,70154334,309711,22081,77,83,56644951,23288,0,0,157644
2026-04-23 14:25:52,202278254,63855,70176451,309816,22222,75,83,56667107,22156,0,0,162833
2026-04-23 14:25:53,202343662,65408,70199177,309919,22829,80,83,56678086,10979,0,0,163432
2026-04-23 14:25:54,202408351,64689,70221624,309996,22524,78,83,56701040,22954,0,0,153933
2026-04-23 14:25:56,202470770,62419,70243330,310094,21804,80,83,56724343,23303,0,0,151766
2026-04-23 14:25:57,202534947,64177,70265634,310182,22392,68,83,56735035,10692,0,0,157225
2026-04-23 14:25:58,202599802,64855,70288113,310308,22605,78,83,56757184,22149,0,0,158129
2026-04-23 14:25:59,202663493,63691,70310207,310408,22194,74,83,56779710,22526,0,0,155643
2026-04-23 14:26:00,202725505,62012,70331689,310526,21600,80,83,56801594,21884,0,0,147913
2026-04-23 14:26:02,202788583,63078,70353599,310622,22006,80,83,56812710,11116,0,0,150702
2026-04-23 14:26:03,202852877,64294,70375922,310726,22427,74,83,56834515,21805,0,0,156885
2026-04-23 14:26:04,202915651,62774,70397726,310811,21889,79,83,56856054,21539,0,0,161422
2026-04-23 14:26:05,202976787,61136,70418976,310901,21340,79,83,56867182,11128,0,0,156562
2026-04-23 14:26:06,203038958,62171,70440508,311008,21639,80,83,56889164,21982,0,0,132499
2026-04-23 14:26:08,203100549,61591,70461831,311115,21430,81,83,56911425,22261,0,0,136543
2026-04-23 14:26:09,203160800,60251,70482721,311209,20984,81,83,56921704,10279,0,0,140265
2026-04-23 14:26:10,203224780,63980,70504901,311302,22273,79,83,56943400,21696,0,0,143966
2026-04-23 14:26:11,203285620,60840,70525973,311402,21172,80,83,56965543,22143,0,0,140857
2026-04-23 14:26:12,203347318,61698,70547401,311484,21510,80,83,56976286,10743,0,0,138274
2026-04-23 14:26:14,203413114,65796,70570221,311583,22919,79,83,56999204,22918,0,0,142835
2026-04-23 14:26:15,203477697,64583,70592630,311668,22494,78,83,57022106,22902,0,0,146926
2026-04-23 14:26:16,203542243,64546,70614967,311767,22436,75,83,57043090,20984,0,0,154195
2026-04-23 14:26:17,203604507,62264,70636596,311881,21743,78,83,57053393,10303,0,0,151952
2026-04-23 14:26:19,203665216,60709,70657653,311967,21143,80,83,57076541,23148,0,0,155490
2026-04-23 14:26:20,203724655,59439,70678284,312061,20725,77,83,57098616,22075,0,0,153475
2026-04-23 14:26:21,203786986,62331,70699932,312168,21755,80,83,57109838,11222,0,0,158152
2026-04-23 14:26:22,203847332,60346,70720846,312279,21025,73,83,57133501,23663,0,0,159093
2026-04-23 14:26:23,203905346,58014,70741021,312369,20265,67,83,57144963,11462,0,0,150114
2026-04-23 14:26:25,203970443,65097,70763542,312462,22614,80,83,57168796,23833,0,0,152269
2026-04-23 14:26:26,204031237,60794,70784661,312547,21204,75,83,57191451,22655,0,0,154427
2026-04-23 14:26:27,204091875,60638,70805692,312634,21118,76,83,57202643,11192,0,0,157049
2026-04-23 14:26:28,204154417,62542,70827368,312722,21764,81,83,57225672,23029,0,0,163537
2026-04-23 14:26:29,204210272,55855,70846764,312806,19480,75,83,57247878,22206,0,0,146376
2026-04-23 14:26:31,204273380,63108,70868739,312901,22070,81,83,57260323,12445,0,0,134553
2026-04-23 14:26:32,204333831,60451,70889651,312977,20988,77,83,57283282,22959,0,0,143262
2026-04-23 14:26:33,204395466,61635,70911010,313073,21455,75,83,57293973,10691,0,0,144538
2026-04-23 14:26:34,204458480,63014,70932866,313180,21963,81,83,57314786,20813,0,0,152217
2026-04-23 14:26:35,204517398,58918,70953234,313281,20469,77,83,57336055,21269,0,0,139044
2026-04-23 14:26:37,204578447,61049,70974401,313384,21270,79,83,57356782,20727,0,0,140530
2026-04-23 14:26:38,204641714,63267,70996360,313489,22064,76,83,57376757,19975,0,0,148113
2026-04-23 14:26:39,204707500,65786,71019234,313564,22949,80,83,57388490,11733,0,0,155346
2026-04-23 14:26:40,204770929,63429,71041224,313649,22075,76,83,57411968,23478,0,0,158873
2026-04-23 14:26:41,204833028,62099,71062819,313737,21683,79,83,57424241,12273,0,0,144302
2026-04-23 14:26:43,204898936,65908,71085655,313845,22944,79,83,57448966,24725,0,0,141058
2026-04-23 14:26:44,204962259,63323,71107641,313934,22075,81,83,57472942,23976,0,0,137468
2026-04-23 14:26:45,205027325,65066,71130211,314028,22664,79,83,57484505,11563,0,0,136291
2026-04-23 14:26:46,205093810,66485,71153283,314107,23151,76,83,57507392,22887,0,0,137650
2026-04-23 14:26:47,205158485,64675,71175729,314199,22538,69,83,57530090,22698,0,0,131850
2026-04-23 14:26:49,205222270,63785,71197840,314308,22220,81,83,57552796,22706,0,0,135750
2026-04-23 14:26:50,205287518,65248,71220513,314395,22760,81,83,57563264,10468,0,0,140143
2026-04-23 14:26:51,205354377,66859,71243701,314505,23298,72,83,57584756,21492,0,0,145245
2026-04-23 14:26:52,205418293,63916,71265879,314611,22284,77,83,57607208,22452,0,0,142928
2026-04-23 14:26:53,205482552,64259,71288184,314722,22416,70,83,57619222,12014,0,0,135748
2026-04-23 14:26:55,205547785,65233,71310836,314806,22736,80,83,57640658,21436,0,0,139893
2026-04-23 14:26:56,205613320,65535,71333583,314897,22838,81,83,57664083,23425,0,0,151547
2026-04-23 14:26:57,205675621,62301,71355199,314994,21713,81,83,57687678,23595,0,0,159224
2026-04-23 14:26:58,205739938,64317,71377554,315100,22461,61,83,57699098,11420,0,0,151790
2026-04-23 14:27:00,205805110,65172,71400172,315198,22716,77,83,57720745,21647,0,0,151312
2026-04-23 14:27:01,205870207,65097,71422768,315311,22709,80,83,57742870,22125,0,0,155631
2026-04-23 14:27:02,205932932,62725,71444577,315402,21900,80,83,57767222,24352,0,0,157743
2026-04-23 14:27:03,205998247,65315,71467288,315510,22819,81,83,57779282,12060,0,0,162252
2026-04-23 14:27:04,206063217,64970,71489829,315630,22661,81,83,57802632,23350,0,0,153377
2026-04-23 14:27:06,206128157,64940,71512314,315732,22587,81,83,57825580,22948,0,0,154152
2026-04-23 14:27:07,206192181,64024,71534549,315829,22332,77,83,57836883,11303,0,0,158294
2026-04-23 14:27:08,206257976,65795,71557393,315928,22943,81,83,57859665,22782,0,0,157920
2026-04-23 14:27:09,206320237,62261,71578991,316017,21687,77,83,57882386,22721,0,0,145409
2026-04-23 14:27:10,206385595,65358,71601655,316126,22773,76,83,57902917,20531,0,0,133908
2026-04-23 14:27:12,206450027,64432,71624006,316225,22450,72,83,57913947,11030,0,0,138466
2026-04-23 14:27:13,206514759,64732,71646458,316323,22550,77,83,57934979,21032,0,0,144146
2026-04-23 14:27:14,206579615,64856,71668924,316429,22572,77,83,57956441,21462,0,0,145286
2026-04-23 14:27:15,206644164,64549,71691271,316558,22476,75,83,57976959,20518,0,0,143647
2026-04-23 14:27:17,206708822,64658,71713686,316672,22529,79,83,57998870,21911,0,0,142376
2026-04-23 14:27:18,206772466,63644,71735792,316771,22205,65,83,58010093,11223,0,0,144792
2026-04-23 14:27:19,206836655,64189,71758073,316873,22383,76,83,58032538,22445,0,0,150363
2026-04-23 14:27:20,206900406,63751,71780156,316962,22172,80,83,58054111,21573,0,0,152358
2026-04-23 14:27:21,206964089,63683,71802261,317064,22207,78,83,58076276,22165,0,0,142821
2026-04-23 14:27:23,207027559,63470,71824291,317154,22120,79,83,58097487,21211,0,0,143370
2026-04-23 14:27:24,207092877,65318,71846950,317248,22753,81,83,58109096,11609,0,0,143045
2026-04-23 14:27:25,207155852,62975,71868847,317327,21976,74,83,58130576,21480,0,0,146981
2026-04-23 14:27:26,207217592,61740,71890287,317433,21546,74,83,58153135,22559,0,0,152181
2026-04-23 14:27:27,207279928,62336,71911928,317525,21733,78,83,58174236,21101,0,0,140748
2026-04-23 14:27:29,207343438,63510,71933976,317609,22132,81,83,58185565,11329,0,0,143500
2026-04-23 14:27:30,207406680,63242,71955888,317699,22002,80,83,58207150,21585,0,0,149890
2026-04-23 14:27:31,207465071,58391,71976173,317786,20372,75,83,58228209,21059,0,0,149987
2026-04-23 14:27:32,207527169,62098,71997704,317890,21635,78,83,58238143,9934,0,0,156745
2026-04-23 14:27:33,207590259,63090,72019609,317977,21992,81,83,58259434,21291,0,0,150949
2026-04-23 14:27:35,207654430,64171,72041792,318088,22294,70,83,58279901,20467,0,0,146373
2026-04-23 14:27:36,207717965,63535,72063789,318178,22087,80,83,58298951,19050,0,0,152916
2026-04-23 14:27:37,207778278,60313,72084689,318270,20992,74,83,58318628,19677,0,0,157790
2026-04-23 14:27:38,207841632,63354,72106710,318347,22098,76,83,58329472,10844,0,0,155095
2026-04-23 14:27:39,207904955,63323,72128659,318444,22046,81,83,58351448,21976,0,0,143870
2026-04-23 14:27:41,207968196,63241,72150589,318530,22016,81,83,58373230,21782,0,0,147288
2026-04-23 14:27:42,208030537,62341,72172207,318618,21706,76,83,58393956,20726,0,0,152310
2026-04-23 14:27:43,208092936,62399,72193882,318709,21766,71,83,58404362,10406,0,0,159472
2026-04-23 14:27:44,208159189,66253,72216850,318820,23079,74,83,58425662,21300,0,0,159099
2026-04-23 14:27:46,208226329,67140,72240088,318950,23368,79,83,58447167,21505,0,0,149034
2026-04-23 14:27:47,208294530,68201,72263713,319045,23720,78,83,58469825,22658,0,0,160189
2026-04-23 14:27:48,208359644,65114,72286399,319139,22780,76,83,58481778,11953,0,0,165771
2026-04-23 14:27:49,208427302,67658,72309817,319239,23518,75,83,58505030,23252,0,0,164018
2026-04-23 14:27:50,208493569,66267,72332816,319326,23086,77,83,58527177,22147,0,0,156419
2026-04-23 14:27:52,208559680,66111,72355756,319430,23044,74,83,58550263,23086,0,0,157137
2026-04-23 14:27:53,208624956,65276,72378453,319523,22790,81,83,58561828,11565,0,0,160053
2026-04-23 14:27:54,208690139,65183,72401064,319617,22705,79,83,58585055,23227,0,0,162821
2026-04-23 14:27:55,208753362,63223,72423042,319703,22064,78,83,58608977,23922,0,0,166814
2026-04-23 14:27:56,208820259,66897,72446266,319801,23322,80,83,58621767,12790,0,0,157633
2026-04-23 14:27:58,208887385,67126,72469564,319903,23400,78,83,58647064,25297,0,0,170850
2026-04-23 14:27:59,208951014,63629,72491606,320008,22147,77,83,58670475,23411,0,0,172670
2026-04-23 14:28:00,209018127,67113,72514896,320105,23387,74,83,58681829,11354,0,0,171482
2026-04-23 14:28:01,209085362,67235,72538179,320213,23391,79,83,58706383,24554,0,0,166224
2026-04-23 14:28:03,209151588,66226,72561122,320322,23052,81,83,58729317,22934,0,0,162449
2026-04-23 14:28:04,209219649,68061,72584715,320412,23683,79,83,58740745,11428,0,0,166873
2026-04-23 14:28:05,209283635,63986,72606910,320532,22315,75,83,58763241,22496,0,0,169232
2026-04-23 14:28:06,209347025,63390,72628879,320629,22066,81,83,58785963,22722,0,0,176209
2026-04-23 14:28:07,209415393,68368,72652657,320733,23882,78,83,58798057,12094,0,0,162784
2026-04-23 14:28:09,209482288,66895,72675869,320856,23335,76,83,58822719,24662,0,0,163080
2026-04-23 14:28:10,209548359,66071,72698813,320958,23046,75,83,58834343,11624,0,0,161300
2026-04-23 14:28:11,209616981,68622,72722584,321056,23869,74,83,58858659,24316,0,0,174253
2026-04-23 14:28:12,209684605,67624,72746047,321158,23565,75,83,58881488,22829,0,0,160031
2026-04-23 14:28:13,209750890,66285,72769075,321262,23132,78,83,58893962,12474,0,0,152546
2026-04-23 14:28:15,209818850,67960,72792603,321385,23651,74,83,58916600,22638,0,0,158230
2026-04-23 14:28:16,209883345,64495,72815012,321497,22521,74,83,58939395,22795,0,0,164506
2026-04-23 14:28:17,209944855,61510,72836361,321583,21435,72,83,58962418,23023,0,0,172466
2026-04-23 14:28:18,210012588,67733,72859832,321683,23571,81,83,58973286,10868,0,0,165792
2026-04-23 14:28:20,210080221,67633,72883282,321771,23538,77,83,58995091,21805,0,0,164660
2026-04-23 14:28:21,210145272,65051,72905869,321858,22674,79,83,59017946,22855,0,0,164972
2026-04-23 14:28:22,210209707,64435,72928234,321956,22463,78,83,59029199,11253,0,0,171921
2026-04-23 14:28:23,210276594,66887,72951394,322072,23276,75,83,59052785,23586,0,0,175175
2026-04-23 14:28:24,210342429,65835,72974247,322168,22949,77,83,59074050,21265,0,0,164976
2026-04-23 14:28:26,210407663,65234,72996871,322260,22716,78,83,59095872,21822,0,0,168714
2026-04-23 14:28:27,210473107,65444,73019576,322363,22808,69,83,59107035,11163,0,0,167738
2026-04-23 14:28:28,210536704,63597,73041610,322452,22123,78,83,59128829,21794,0,0,171939
2026-04-23 14:28:29,210602451,65747,73064402,322568,22908,77,83,59149842,21013,0,0,174990
2026-04-23 14:28:31,210667958,65507,73087089,322662,22781,78,83,59161618,11776,0,0,166335
2026-04-23 14:28:32,210733646,65688,73109876,322780,22905,75,83,59183838,22220,0,0,172748
2026-04-23 14:28:33,210794991,61345,73131160,322865,21369,75,83,59205878,22040,0,0,177342
2026-04-23 14:28:34,210858288,63297,73153154,322949,22078,52,83,59216489,10611,0,0,185788
2026-04-23 14:28:35,210925023,66735,73176271,323073,23241,81,83,59238596,22107,0,0,161269
2026-04-23 14:28:37,210989396,64373,73198596,323171,22423,77,83,59261749,23153,0,0,146434
2026-04-23 14:28:38,211052372,62976,73220494,323264,21991,80,83,59273301,11552,0,0,150122
2026-04-23 14:28:39,211115207,62835,73242246,323356,21844,73,83,59296747,23446,0,0,153031
2026-04-23 14:28:40,211177759,62552,73263947,323448,21793,77,83,59318202,21455,0,0,156475
2026-04-23 14:28:41,211241360,63601,73286057,323554,22216,80,83,59329391,11189,0,0,150706
2026-04-23 14:28:43,211308859,67499,73309468,323647,23504,81,83,59351913,22522,0,0,152213
2026-04-23 14:28:44,211370255,61396,73330771,323733,21389,78,83,59374615,22702,0,0,154163
2026-04-23 14:28:45,211430963,60708,73351839,323823,21158,72,83,59385946,11331,0,0,154713
2026-04-23 14:28:46,211496813,65850,73374688,323924,22950,79,83,59408741,22795,0,0,157925
2026-04-23 14:28:47,211560662,63849,73396861,324007,22256,77,83,59431308,22567,0,0,156902
2026-04-23 14:28:49,211623550,62888,73418679,324090,21901,81,83,59442673,11365,0,0,151746
2026-04-23 14:28:50,211689646,66096,73441629,324182,23042,76,83,59465348,22675,0,0,162035
2026-04-23 14:28:51,211747912,58266,73461904,324265,20358,81,83,59477717,12369,0,0,160131
2026-04-23 14:28:52,211813517,65605,73484647,324361,22839,81,83,59501754,24037,0,0,158393
2026-04-23 14:28:54,211879380,65863,73507486,324466,22944,77,83,59522795,21041,0,0,149267
2026-04-23 14:28:55,211942472,63092,73529404,324560,22012,72,83,59545387,22592,0,0,153962
2026-04-23 14:28:56,212006049,63577,73551484,324659,22179,81,83,59556369,10982,0,0,159253
2026-04-23 14:28:57,212069913,63864,73573646,324756,22259,68,83,59579134,22765,0,0,164456
2026-04-23 14:28:58,212133481,63568,73595698,324857,22153,75,83,59600718,21584,0,0,160378
2026-04-23 14:29:00,212198493,65012,73618302,324944,22691,81,83,59612391,11673,0,0,152219
2026-04-23 14:29:01,212265196,66703,73641422,325053,23229,77,83,59635299,22908,0,0,160634
2026-04-23 14:29:02,212323453,58257,73661670,325139,20334,80,83,59658423,23124,0,0,162504
2026-04-23 14:29:03,212388134,64681,73684079,325246,22516,77,83,59669929,11506,0,0,169304
2026-04-23 14:29:04,212450825,62691,73705846,325349,21870,75,83,59693037,23108,0,0,164282
2026-04-23 14:29:06,212512387,61562,73727231,325447,21483,81,83,59704702,11665,0,0,160160
2026-04-23 14:29:07,212577547,65160,73749829,325536,22687,75,83,59727860,23158,0,0,165333
2026-04-23 14:29:08,212638270,60723,73770901,325620,21156,79,83,59750112,22252,0,0,166099
2026-04-23 14:29:09,212700584,62314,73792560,325728,21767,69,83,59761144,11032,0,0,172129
2026-04-23 14:29:10,212769100,68516,73816237,325844,23793,81,83,59782545,21401,0,0,166324
2026-04-23 14:29:12,212836419,67319,73839567,325949,23435,78,83,59804511,21966,0,0,169441
2026-04-23 14:29:13,212901614,65195,73862132,326059,22675,77,83,59826539,22028,0,0,173068
2026-04-23 14:29:14,212969448,67834,73885662,326169,23640,75,83,59838289,11750,0,0,171481
2026-04-23 14:29:15,213036997,67549,73909078,326262,23509,72,83,59862415,24126,0,0,164417
2026-04-23 14:29:17,213102404,65407,73931830,326341,22831,71,83,59886149,23734,0,0,161131
2026-04-23 14:29:18,213170962,68558,73955566,326462,23857,81,83,59897633,11484,0,0,164587
2026-04-23 14:29:19,213238591,67629,73978990,326582,23544,75,83,59919565,21932,0,0,172089
2026-04-23 14:29:20,213300886,62295,74000605,326676,21709,79,83,59941724,22159,0,0,178228
2026-04-23 14:29:21,213367718,66832,74023810,326780,23309,77,83,59953395,11671,0,0,165897
2026-04-23 14:29:23,213434962,67244,74047142,326894,23446,79,83,59976905,23510,0,0,166295
2026-04-23 14:29:24,213499863,64901,74069677,327001,22642,79,83,59999887,22982,0,0,169593
2026-04-23 14:29:25,213566641,66778,74092841,327106,23269,73,83,60011219,11332,0,0,175799
2026-04-23 14:29:26,213634787,68146,74116490,327205,23748,79,83,60034808,23589,0,0,178874
2026-04-23 14:29:28,213701963,67176,74139761,327317,23383,79,83,60057521,22713,0,0,159038
2026-04-23 14:29:29,213769604,67641,74163216,327421,23559,80,83,60080552,23031,0,0,159340
2026-04-23 14:29:30,213838127,68523,74186993,327521,23877,77,83,60092138,11586,0,0,162767
2026-04-23 14:29:31,213905915,67788,74210495,327604,23585,78,83,60116002,23864,0,0,161486
2026-04-23 14:29:32,213973723,67808,74233981,327736,23618,76,83,60138831,22829,0,0,156826
2026-04-23 14:29:34,214041803,68080,74257573,327840,23696,78,83,60150109,11278,0,0,158623
2026-04-23 14:29:35,214110153,68350,74281341,327949,23877,76,83,60173432,23323,0,0,160046
2026-04-23 14:29:36,214177526,67373,74304737,328056,23503,74,83,60198066,24634,0,0,165051
2026-04-23 14:29:37,214244804,67278,74328090,328158,23455,76,83,60211462,13396,0,0,168325
2026-04-23 14:29:39,214312871,68067,74351720,328266,23738,79,83,60236753,25291,0,0,157398
2026-04-23 14:29:40,214381096,68225,74375375,328369,23758,72,83,60260475,23722,0,0,157544
2026-04-23 14:29:41,214447333,66237,74398400,328478,23134,71,83,60272179,11704,0,0,162844
2026-04-23 14:29:42,214513271,65938,74421276,328558,22956,78,83,60296220,24041,0,0,165508
2026-04-23 14:29:43,214573591,60320,74442231,328646,21043,70,83,60319805,23585,0,0,164818
2026-04-23 14:29:45,214639034,65443,74464904,328758,22785,80,83,60330440,10635,0,0,160324
2026-04-23 14:29:46,214704770,65736,74487682,328851,22871,81,83,60352923,22483,0,0,164491
2026-04-23 14:29:47,214767447,62677,74509423,328935,21825,79,83,60374905,21982,0,0,166008
2026-04-23 14:29:48,214829391,61944,74530906,329023,21571,79,83,60385833,10928,0,0,174063
2026-04-23 14:29:49,214896109,66718,74554121,329116,23308,81,83,60408131,22298,0,0,165029
2026-04-23 14:29:51,214958159,62050,74575561,329225,21549,78,83,60431697,23566,0,0,156105
2026-04-23 14:29:52,215022550,64391,74597917,329330,22461,75,83,60444092,12395,0,0,155487
2026-04-23 14:29:53,215083209,60659,74618930,329416,21099,77,83,60468519,24427,0,0,152004
2026-04-23 14:29:54,215144475,61266,74640185,329512,21351,81,83,60480750,12231,0,0,157917
2026-04-23 14:29:55,215210422,65947,74663046,329620,22969,81,83,60504518,23768,0,0,149648
2026-04-23 14:29:57,215275736,65314,74685673,329719,22726,79,83,60528672,24154,0,0,153872
2026-04-23 14:29:58,215341401,65665,74708488,329811,22907,79,83,60540393,11721,0,0,156631
2026-04-23 14:29:59,215409411,68010,74732072,329925,23698,78,83,60563731,23338,0,0,160246
2026-04-23 14:30:00,215475923,66512,74755137,330022,23162,77,83,60587610,23879,0,0,158538
2026-04-23 14:30:02,215543448,67525,74778564,330147,23552,80,83,60599348,11738,0,0,147513
2026-04-23 14:30:03,215611578,68130,74802227,330248,23764,77,83,60622912,23564,0,0,152650
2026-04-23 14:30:04,215676325,64747,74824722,330344,22591,74,83,60647719,24807,0,0,153602
2026-04-23 14:30:05,215738851,62526,74846489,330437,21860,81,83,60659657,11938,0,0,160305
2026-04-23 14:30:06,215805666,66815,74869624,330554,23252,76,83,60683161,23504,0,0,153172
2026-04-23 14:30:08,215872263,66597,74892706,330667,23195,76,83,60706784,23623,0,0,153228
2026-04-23 14:30:09,215936965,64702,74915170,330754,22551,72,83,60730132,23348,0,0,155293
2026-04-23 14:30:10,216003428,66463,74938253,330855,23184,76,83,60741842,11710,0,0,163269
2026-04-23 14:30:11,216069195,65767,74961042,330940,22874,76,83,60765250,23408,0,0,166077
2026-04-23 14:30:13,216136349,67154,74984334,331033,23385,80,83,60788901,23651,0,0,158982
2026-04-23 14:30:14,216205002,68653,75008071,331160,23864,74,83,60800006,11105,0,0,162025
2026-04-23 14:30:15,216273376,68374,75031782,331256,23807,81,83,60823204,23198,0,0,164309
2026-04-23 14:30:16,216337990,64614,75054213,331375,22550,74,83,60847850,24646,0,0,169492
2026-04-23 14:30:17,216405537,67547,75077662,331472,23546,78,83,60860450,12600,0,0,156459
2026-04-23 14:30:19,216473393,67856,75101193,331582,23641,76,83,60884127,23677,0,0,151342
2026-04-23 14:30:20,216541438,68045,75124784,331679,23688,76,83,60907626,23499,0,0,156242
2026-04-23 14:30:21,216609005,67567,75148249,331784,23570,81,83,60918735,11109,0,0,162213
2026-04-23 14:30:22,216678226,69221,75172233,331893,24093,75,83,60942569,23834,0,0,163234
2026-04-23 14:30:24,216745269,67043,75195512,331999,23385,77,83,60965378,22809,0,0,155331
2026-04-23 14:30:25,216812610,67341,75218864,332098,23451,77,83,60990048,24670,0,0,159055
2026-04-23 14:30:26,216879658,67048,75242150,332205,23393,80,83,61002336,12288,0,0,167452
2026-04-23 14:30:27,216946015,66357,75265131,332316,23092,75,83,61026165,23829,0,0,177296
2026-04-23 14:30:28,217013092,67077,75288429,332411,23393,75,83,61050418,24253,0,0,176854
2026-04-23 14:30:30,217081199,68107,75312018,332525,23703,73,83,61062738,12320,0,0,171903
2026-04-23 14:30:31,217149918,68719,75335858,332606,23921,77,83,61085536,22798,0,0,171057
2026-04-23 14:30:32,217216032,66114,75358812,332724,23072,77,83,61110134,24598,0,0,171818
2026-04-23 14:30:33,217283118,67086,75382125,332825,23414,80,83,61122110,11976,0,0,162111
2026-04-23 14:30:35,217352590,69472,75406186,332924,24160,69,83,61146598,24488,0,0,164577
2026-04-23 14:30:36,217418887,66297,75429215,333011,23116,76,83,61170096,23498,0,0,167292
2026-04-23 14:30:37,217482839,63952,75451440,333106,22320,81,83,61182284,12188,0,0,167748
2026-04-23 14:30:38,217548708,65869,75474283,333214,22951,79,83,61205800,23516,0,0,174065
2026-04-23 14:30:39,217613333,64625,75496722,333326,22551,74,83,61229181,23381,0,0,163016
2026-04-23 14:30:41,217678186,64853,75519203,333427,22582,75,83,61252422,23241,0,0,168332
2026-04-23 14:30:42,217742927,64741,75541708,333527,22605,81,83,61263418,10996,0,0,173895
2026-04-23 14:30:43,217803858,60931,75562809,333615,21189,80,83,61286909,23491,0,0,181800
2026-04-23 14:30:44,217865377,61519,75584143,333710,21429,78,83,61299150,12241,0,0,187007
2026-04-23 14:30:45,217931095,65718,75606923,333816,22886,73,83,61320452,21302,0,0,178151
2026-04-23 14:30:47,217993141,62046,75628469,333906,21636,80,83,61342869,22417,0,0,179631
2026-04-23 14:30:48,218054318,61177,75649691,333992,21308,71,83,61354649,11780,0,0,186960
2026-04-23 14:30:49,218114445,60127,75670564,334100,20981,75,83,61379034,24385,0,0,189546
2026-04-23 14:30:50,218175627,61182,75691807,334189,21332,79,83,61391440,12406,0,0,193910
2026-04-23 14:30:51,218240593,64966,75714314,334289,22607,79,83,61413428,21988,0,0,185765
2026-04-23 14:30:53,218303681,63088,75736118,334408,21923,75,83,61436135,22707,0,0,163197
2026-04-23 14:30:54,218362631,58950,75756599,334506,20579,81,83,61447126,10991,0,0,170263
2026-04-23 14:30:55,218426975,64344,75778873,334590,22358,81,83,61471756,24630,0,0,170931
2026-04-23 14:30:56,218489054,62079,75800404,334679,21620,80,83,61496171,24415,0,0,172610
2026-04-23 14:30:57,218553449,64395,75822808,334754,22479,80,83,61506901,10730,0,0,163421
2026-04-23 14:30:59,218618948,65499,75845514,334848,22800,78,83,61530323,23422,0,0,164530
2026-04-23 14:31:00,218679141,60193,75866417,334945,21000,78,83,61553571,23248,0,0,169015
2026-04-23 14:31:01,218744304,65163,75889023,335043,22704,79,83,61565253,11682,0,0,169940
2026-04-23 14:31:02,218809114,64810,75911551,335140,22625,79,83,61589384,24131,0,0,174079
2026-04-23 14:31:04,218872017,62903,75933403,335232,21944,79,83,61612509,23125,0,0,166318
2026-04-23 14:31:05,218935778,63761,75955567,335332,22264,81,83,61624455,11946,0,0,165192
2026-04-23 14:31:06,218996801,61023,75976700,335425,21226,74,83,61648344,23889,0,0,164729
2026-04-23 14:31:07,219057615,60814,75997795,335514,21184,81,83,61670556,22212,0,0,155960
2026-04-23 14:31:08,219123449,65834,76020677,335621,22989,81,83,61681869,11313,0,0,156712
2026-04-23 14:31:10,219186581,63132,76042549,335716,21967,79,83,61705016,23147,0,0,152481
2026-04-23 14:31:11,219248396,61815,76064006,335805,21546,79,83,61717108,12092,0,0,154323
2026-04-23 14:31:12,219315773,67377,76087387,335902,23478,81,83,61739663,22555,0,0,161425
2026-04-23 14:31:13,219380140,64367,76109660,336015,22386,77,83,61762700,23037,0,0,165466
2026-04-23 14:31:14,219440993,60853,76130790,336101,21216,81,83,61784386,21686,0,0,160106
2026-04-23 14:31:16,219505524,64531,76153187,336192,22488,81,83,61794699,10313,0,0,155846
2026-04-23 14:31:17,219567424,61900,76174666,336275,21562,76,83,61814950,20251,0,0,158475
2026-04-23 14:31:18,219628453,61029,76195846,336362,21267,74,83,61836437,21487,0,0,153424
2026-04-23 14:31:19,219692114,63661,76217912,336472,22176,74,83,61847681,11244,0,0,160183
2026-04-23 14:31:20,219756502,64388,76240253,336580,22449,80,83,61870611,22930,0,0,142456
2026-04-23 14:31:22,219821685,65183,76262862,336671,22700,78,83,61893859,23248,0,0,143217
2026-04-23 14:31:23,219888136,66451,76285914,336776,23157,79,83,61916730,22871,0,0,144401
2026-04-23 14:31:24,219955629,67493,76309370,336891,23571,78,83,61929830,13100,0,0,150568
2026-04-23 14:31:25,220023314,67685,76332842,336997,23578,78,83,61952764,22934,0,0,151430
2026-04-23 14:31:27,220090836,67522,76356242,337107,23510,78,83,61975638,22874,0,0,145974
2026-04-23 14:31:28,220157937,67101,76379580,337200,23431,79,83,61987261,11623,0,0,148575
2026-04-23 14:31:29,220226327,68390,76403357,337298,23875,81,83,62010571,23310,0,0,155172
2026-04-23 14:31:30,220293658,67331,76426728,337402,23475,76,83,62034164,23593,0,0,156075
2026-04-23 14:31:31,220359679,66021,76449650,337517,23037,80,83,62059005,24841,0,0,152358
2026-04-23 14:31:33,220428955,69276,76473646,337638,24117,77,83,62071413,12408,0,0,147162
2026-04-23 14:31:34,220497269,68314,76497297,337733,23746,75,83,62094482,23069,0,0,152021
2026-04-23 14:31:35,220564421,67152,76520625,337826,23421,75,83,62116758,22276,0,0,155833
2026-04-23 14:31:36,220632052,67631,76544085,337939,23573,78,83,62127960,11202,0,0,157562
2026-04-23 14:31:38,220699369,67317,76567474,338052,23502,75,83,62151205,23245,0,0,149463
2026-04-23 14:31:39,220767690,68321,76591154,338150,23778,74,83,62174190,22985,0,0,153190
2026-04-23 14:31:40,220835087,67397,76614544,338260,23500,77,83,62197259,23069,0,0,155407
2026-04-23 14:31:41,220902123,67036,76637846,338349,23391,77,83,62208652,11393,0,0,162100
2026-04-23 14:31:42,220965871,63748,76660002,338452,22259,46,48,62232022,23370,0,0,157582
2026-04-23 14:31:44,221004561,38690,76673434,338507,13487,25,27,62254640,22618,0,0,2408
2026-04-23 14:31:45,221022386,17825,76679633,338528,6220,1,2,62261766,7126,0,0,486
2026-04-23 14:31:46,221022389,3,76679633,338528,0,1,2,62262118,352,0,0,0
2026-04-23 14:31:47,221022392,3,76679633,338528,0,1,1,62272118,10000,0,0,0
