timestamp,questions,qps,com_commit,com_rollback,tps,threads_running,threads_connected,pages_flushed,pages_flushed_ps,purge_trx_id,purge_tps,history_list_length
2026-04-24 13:01:15,17,0,0,0,0,1,1,0,0,0,0,0
2026-04-24 13:01:16,25,8,0,0,0,1,3,0,0,0,0,0
2026-04-24 13:01:17,656,631,210,1,211,4,6,0,0,0,0,65
2026-04-24 13:01:18,2630,1974,885,6,680,6,8,0,0,0,0,268
2026-04-24 13:01:20,6343,3713,2171,10,1290,8,10,0,0,0,0,645
2026-04-24 13:01:21,11715,5372,4027,25,1871,10,13,0,0,0,0,1134
2026-04-24 13:01:22,19201,7486,6604,36,2588,13,15,0,0,0,0,2255
2026-04-24 13:01:23,28502,9301,9817,51,3228,14,17,0,0,0,0,4169
2026-04-24 13:01:24,39892,11390,13759,74,3965,18,20,0,0,0,0,2373
2026-04-24 13:01:25,53271,13379,18379,99,4645,19,22,0,0,0,0,6578
2026-04-24 13:01:27,68419,15148,23630,130,5282,22,24,0,0,0,0,8771
2026-04-24 13:01:28,85800,17381,29647,155,6042,24,26,0,0,0,0,3126
2026-04-24 13:01:29,105125,19325,36335,190,6723,27,29,0,0,0,0,6619
2026-04-24 13:01:30,125730,20605,43488,220,7183,27,31,0,0,0,0,9055
2026-04-24 13:01:31,148566,22836,51379,264,7935,30,33,0,0,0,0,16033
2026-04-24 13:01:32,172834,24268,59799,300,8456,34,36,0,0,0,0,22818
2026-04-24 13:01:33,198836,26002,68798,341,9040,35,38,0,0,0,0,19384
2026-04-24 13:01:35,226150,27314,78285,374,9520,37,40,0,0,0,0,22526
2026-04-24 13:01:36,255500,29350,88443,422,10206,39,43,0,0,0,0,29446
2026-04-24 13:01:37,286520,31020,99225,463,10823,36,45,0,0,0,0,38796
2026-04-24 13:01:38,319827,33307,110770,512,11594,44,47,0,0,0,0,47325
2026-04-24 13:01:39,354793,34966,122867,573,12158,42,50,0,0,0,0,55808
2026-04-24 13:01:40,390933,36140,135377,632,12569,49,52,0,0,0,0,64178
2026-04-24 13:01:42,429383,38450,148714,690,13395,50,54,0,0,0,0,74094
2026-04-24 13:01:43,469485,40102,162569,776,13941,54,57,0,0,0,0,84123
2026-04-24 13:01:44,511085,41600,177029,838,14522,57,59,0,0,0,0,94489
2026-04-24 13:01:45,554822,43737,192233,899,15265,58,61,0,0,0,0,104345
2026-04-24 13:01:46,599574,44752,207792,969,15629,60,64,0,0,0,0,114078
2026-04-24 13:01:48,645905,46331,223861,1047,16147,58,66,0,0,0,0,125718
2026-04-24 13:01:49,694062,48157,240544,1123,16759,62,68,0,0,0,0,135356
2026-04-24 13:01:50,743452,49390,257714,1189,17236,68,71,0,0,0,0,145865
2026-04-24 13:01:51,794634,51182,275447,1257,17801,66,73,0,0,0,0,152807
2026-04-24 13:01:52,847700,53066,293881,1332,18509,72,75,0,0,0,0,159506
2026-04-24 13:01:53,903011,55311,313057,1410,19254,74,78,0,0,0,0,164968
2026-04-24 13:01:55,959773,56762,332736,1508,19777,77,80,0,0,0,0,173691
2026-04-24 13:01:56,1017295,57522,352693,1598,20047,76,83,0,0,0,0,182161
2026-04-24 13:01:57,1077033,59738,373430,1681,20820,79,83,0,0,0,0,190671
2026-04-24 13:01:58,1137539,60506,394466,1771,21126,81,83,0,0,0,0,190604
2026-04-24 13:01:59,1198672,61133,415729,1856,21348,76,83,0,0,0,0,166170
2026-04-24 13:02:01,1262073,63401,437688,1963,22066,79,83,0,0,0,0,161050
2026-04-24 13:02:02,1325805,63732,459795,2081,22225,79,83,0,0,0,0,156880
2026-04-24 13:02:03,1390171,64366,482128,2172,22424,75,83,0,0,0,0,153801
2026-04-24 13:02:04,1455790,65619,504867,2264,22831,79,83,0,0,0,0,140296
2026-04-24 13:02:05,1521783,65993,527786,2358,23013,79,83,0,0,0,0,117200
2026-04-24 13:02:07,1587482,65699,550592,2462,22910,77,83,0,0,0,0,113452
2026-04-24 13:02:08,1654546,67064,573858,2568,23372,81,83,0,0,0,0,114362
2026-04-24 13:02:09,1721789,67243,597172,2691,23437,77,83,0,0,0,0,116441
2026-04-24 13:02:10,1787460,65671,619983,2773,22893,71,83,0,0,0,0,116566
2026-04-24 13:02:11,1850791,63331,641967,2881,22092,77,83,0,0,0,0,104272
2026-04-24 13:02:13,1916040,65249,664593,2980,22725,80,83,0,0,0,0,103709
2026-04-24 13:02:14,1981174,65134,687170,3068,22665,75,83,0,0,0,0,106073
2026-04-24 13:02:15,2046620,65446,709863,3170,22795,80,83,0,0,0,0,110668
2026-04-24 13:02:16,2111765,65145,732478,3268,22713,79,83,0,0,0,0,116608
2026-04-24 13:02:17,2178216,66451,755516,3367,23137,78,83,0,0,0,0,109076
2026-04-24 13:02:19,2244399,66183,778443,3474,23034,80,83,0,0,0,0,108952
2026-04-24 13:02:20,2310603,66204,801391,3582,23056,80,83,0,0,0,0,107670
2026-04-24 13:02:21,2376481,65878,824223,3700,22950,75,83,0,0,0,0,113684
2026-04-24 13:02:22,2442834,66353,847274,3799,23150,77,83,0,0,0,0,114810
2026-04-24 13:02:23,2509914,67080,870537,3884,23348,78,83,0,0,0,0,109018
2026-04-24 13:02:25,2575939,66025,893465,3979,23023,81,83,0,0,0,0,108535
2026-04-24 13:02:26,2641989,66050,916374,4070,23000,75,83,0,0,0,0,111967
2026-04-24 13:02:27,2707094,65105,938973,4179,22708,76,83,0,0,0,0,116519
2026-04-24 13:02:28,2771394,64300,961308,4277,22433,77,83,0,0,0,0,117117
2026-04-24 13:02:29,2835177,63783,983432,4391,22238,75,83,0,0,0,0,108443
2026-04-24 13:02:31,2898502,63325,1005419,4490,22086,74,83,0,0,0,0,106119
2026-04-24 13:02:32,2961630,63128,1027328,4597,22016,81,83,0,0,0,0,111064
2026-04-24 13:02:33,3025364,63734,1049461,4694,22230,75,83,0,0,0,0,114280
2026-04-24 13:02:34,3088877,63513,1071458,4811,22114,79,83,0,0,0,0,113295
2026-04-24 13:02:35,3152299,63422,1093491,4919,22141,78,83,0,0,0,0,107123
2026-04-24 13:02:37,3217345,65046,1116013,5011,22614,75,83,0,0,0,0,107785
2026-04-24 13:02:38,3281384,64039,1138216,5118,22310,78,83,0,0,0,0,103365
2026-04-24 13:02:39,3345451,64067,1160448,5201,22315,74,83,0,0,0,0,113572
2026-04-24 13:02:40,3409152,63701,1182538,5303,22192,73,83,0,0,0,0,108785
2026-04-24 13:02:41,3471412,62260,1204146,5402,21707,77,83,0,0,0,0,107015
2026-04-24 13:02:43,3535282,63870,1226357,5491,22300,75,83,0,0,0,0,110410
2026-04-24 13:02:44,3600814,65532,1249094,5573,22819,69,83,0,0,0,0,114722
2026-04-24 13:02:45,3665818,65004,1271596,5689,22618,80,83,0,0,0,0,121329
2026-04-24 13:02:46,3730229,64411,1293936,5785,22436,77,83,0,0,0,0,113612
2026-04-24 13:02:48,3794568,64339,1316235,5884,22398,77,83,0,0,0,0,107236
2026-04-24 13:02:49,3858127,63559,1338304,6004,22189,79,83,0,0,0,0,109540
2026-04-24 13:02:50,3922031,63904,1360472,6102,22266,80,83,0,0,0,0,112561
2026-04-24 13:02:51,3986038,64007,1382664,6207,22297,75,83,0,0,0,0,115507
2026-04-24 13:02:52,4049460,63422,1404707,6302,22138,73,83,0,0,0,0,106093
2026-04-24 13:02:54,4113473,64013,1426950,6389,22330,73,83,0,0,0,0,106763
2026-04-24 13:02:55,4178061,64588,1449342,6481,22484,78,83,0,0,0,0,111338
2026-04-24 13:02:56,4242659,64598,1471716,6583,22476,78,83,0,0,0,0,114764
2026-04-24 13:02:57,4307254,64595,1494143,6696,22540,77,83,0,0,0,0,108992
2026-04-24 13:02:58,4370831,63577,1516201,6787,22149,80,83,0,0,0,0,96335
2026-04-24 13:03:00,4433851,63020,1538102,6878,21992,80,83,0,0,0,0,101352
2026-04-24 13:03:01,4498240,64389,1560489,6967,22476,76,83,0,0,0,0,105442
2026-04-24 13:03:02,4563345,65105,1583066,7057,22667,73,83,0,0,0,0,109832
2026-04-24 13:03:03,4626610,63265,1604989,7145,22011,80,83,0,0,0,0,102389
2026-04-24 13:03:05,4690503,63893,1627182,7241,22289,70,83,0,0,0,0,100329
2026-04-24 13:03:06,4753765,63262,1649113,7344,22034,80,83,0,0,0,0,106146
2026-04-24 13:03:07,4817461,63696,1671199,7441,22183,75,83,0,0,0,0,106949
2026-04-24 13:03:08,4882024,64563,1693554,7550,22464,77,83,0,0,0,0,113660
2026-04-24 13:03:09,4945423,63399,1715542,7643,22081,76,83,0,0,0,0,107578
2026-04-24 13:03:11,5009631,64208,1737806,7731,22352,73,83,0,0,0,0,111820
2026-04-24 13:03:12,5073243,63612,1759930,7813,22206,78,83,0,0,0,0,114833
2026-04-24 13:03:13,5138155,64912,1782431,7901,22589,76,83,0,0,0,0,120628
2026-04-24 13:03:14,5202635,64480,1804781,8000,22449,77,83,0,0,0,0,117033
2026-04-24 13:03:16,5267451,64816,1827268,8115,22602,78,83,0,0,0,0,110292
2026-04-24 13:03:17,5331219,63768,1849410,8206,22233,74,83,0,0,0,0,109203
2026-04-24 13:03:18,5395709,64490,1871803,8304,22491,74,83,0,0,0,0,115921
2026-04-24 13:03:19,5460047,64338,1894145,8406,22444,78,83,0,0,0,0,118031
2026-04-24 13:03:20,5524019,63972,1916314,8524,22287,73,83,0,0,0,0,112461
2026-04-24 13:03:22,5588467,64448,1938660,8619,22441,76,83,0,0,0,0,114372
2026-04-24 13:03:23,5653757,65290,1961312,8729,22762,76,83,0,0,0,0,118796
2026-04-24 13:03:24,5720593,66836,1984476,8839,23274,76,83,0,0,0,0,120658
2026-04-24 13:03:25,5786660,66067,2007434,8940,23059,79,83,0,0,0,0,120580
2026-04-24 13:03:27,5853786,67126,2030739,9052,23417,77,83,0,0,0,0,108332
2026-04-24 13:03:28,5920639,66853,2053918,9169,23296,74,83,0,0,0,0,113390
2026-04-24 13:03:29,5986678,66039,2076839,9274,23026,73,83,0,0,0,0,113035
2026-04-24 13:03:30,6053678,67000,2100112,9367,23366,73,83,0,0,0,0,119917
2026-04-24 13:03:31,6119833,66155,2123066,9469,23056,80,83,0,0,0,0,113666
2026-04-24 13:03:33,6185628,65795,2145890,9601,22956,74,83,0,0,0,0,113250
2026-04-24 13:03:34,6252026,66398,2168926,9713,23148,78,83,0,0,0,0,117809
2026-04-24 13:03:35,6319139,67113,2192229,9816,23406,75,83,0,0,0,0,119986
2026-04-24 13:03:36,6386293,67154,2215517,9908,23380,79,83,0,0,0,0,120208
2026-04-24 13:03:37,6453585,67292,2238883,9999,23457,77,83,0,0,0,0,118471
2026-04-24 13:03:39,6520544,66959,2262100,10094,23312,72,83,0,0,0,0,121400
2026-04-24 13:03:40,6586668,66124,2285049,10204,23059,74,83,0,0,0,0,127074
2026-04-24 13:03:41,6652881,66213,2307962,10322,23031,74,83,0,0,0,0,134142
2026-04-24 13:03:42,6719593,66712,2331050,10430,23196,76,83,0,0,0,0,129787
2026-04-24 13:03:44,6786648,67055,2354352,10518,23390,71,83,0,0,0,0,126636
2026-04-24 13:03:45,6853369,66721,2377505,10619,23254,75,83,0,0,0,0,130243
2026-04-24 13:03:46,6920397,67028,2400737,10724,23337,71,83,0,0,0,0,129411
2026-04-24 13:03:47,6987347,66950,2423959,10814,23312,76,83,0,0,0,0,126513
2026-04-24 13:03:48,7053381,66034,2446872,10919,23018,77,83,0,0,0,0,118775
2026-04-24 13:03:50,7120580,67199,2470186,11016,23411,79,83,0,0,0,0,119568
2026-04-24 13:03:51,7187920,67340,2493498,11118,23414,80,83,0,0,0,0,125203
2026-04-24 13:03:52,7254654,66734,2516638,11210,23232,78,83,0,0,0,0,127862
2026-04-24 13:03:53,7320645,65991,2539566,11298,23016,81,83,0,0,0,0,123811
2026-04-24 13:03:55,7388282,67637,2563017,11402,23555,72,83,0,0,0,0,103602
2026-04-24 13:03:56,7455097,66815,2586216,11483,23280,72,83,0,0,0,0,108846
2026-04-24 13:03:57,7521367,66270,2609177,11592,23070,75,83,0,0,0,0,112777
2026-04-24 13:03:58,7587819,66452,2632275,11682,23188,74,83,0,0,0,0,119517
2026-04-24 13:03:59,7654324,66505,2655389,11772,23204,79,83,0,0,0,0,106989
2026-04-24 13:04:01,7721412,67088,2678668,11865,23372,80,83,0,0,0,0,109218
2026-04-24 13:04:02,7788452,67040,2701961,11962,23390,75,83,0,0,0,0,112752
2026-04-24 13:04:03,7853410,64958,2724533,12079,22689,81,83,0,0,0,0,114924
2026-04-24 13:04:04,7919735,66325,2747511,12177,23076,72,83,0,0,0,0,113898
2026-04-24 13:04:06,7985715,65980,2770382,12294,22988,77,83,0,0,0,0,102615
2026-04-24 13:04:07,8052216,66501,2793450,12400,23174,79,83,0,0,0,0,107750
2026-04-24 13:04:08,8119145,66929,2816683,12514,23347,76,83,0,0,0,0,111083
2026-04-24 13:04:09,8186093,66948,2839884,12614,23301,80,83,0,0,0,0,116857
2026-04-24 13:04:10,8251437,65344,2862536,12728,22766,76,83,0,0,0,0,109304
2026-04-24 13:04:12,8318088,66651,2885668,12840,23244,78,83,0,0,0,0,108572
2026-04-24 13:04:13,8384303,66215,2908603,12936,23031,76,83,0,0,0,0,118069
2026-04-24 13:04:14,8449844,65541,2931382,13037,22880,78,83,0,0,0,0,124559
2026-04-24 13:04:15,8516942,67098,2954614,13142,23337,74,83,0,0,0,0,122232
2026-04-24 13:04:16,8582714,65772,2977527,13236,23007,68,83,0,0,0,0,118222
2026-04-24 13:04:18,8650017,67303,3000894,13332,23463,76,83,0,0,0,0,120374
2026-04-24 13:04:19,8716220,66203,3023889,13447,23110,76,83,0,0,0,0,124970
2026-04-24 13:04:20,8782847,66627,3047047,13541,23252,74,83,0,0,0,0,132111
2026-04-24 13:04:21,8849161,66314,3070026,13646,23084,73,83,0,0,0,0,122621
2026-04-24 13:04:23,8915494,66333,3093061,13731,23120,74,83,0,0,0,0,114335
2026-04-24 13:04:24,8982920,67426,3116463,13820,23491,76,83,0,0,0,0,120547
2026-04-24 13:04:25,9049616,66696,3139604,13952,23273,73,83,0,0,0,0,124742
2026-04-24 13:04:26,9116895,67279,3162940,14041,23425,71,83,0,0,0,0,126676
2026-04-24 13:04:27,9183185,66290,3185939,14133,23091,79,83,0,0,0,0,117937
2026-04-24 13:04:29,9249520,66335,3208963,14229,23120,75,83,0,0,0,0,121753
2026-04-24 13:04:30,9316087,66567,3232067,14323,23198,76,83,0,0,0,0,125508
2026-04-24 13:04:31,9383308,67221,3255407,14404,23421,76,83,0,0,0,0,129537
2026-04-24 13:04:32,9449989,66681,3278534,14499,23222,77,83,0,0,0,0,123800
2026-04-24 13:04:34,9517522,67533,3301963,14606,23536,75,83,0,0,0,0,118440
2026-04-24 13:04:35,9585580,68058,3325563,14713,23707,78,83,0,0,0,0,122053
2026-04-24 13:04:36,9653928,68348,3349299,14812,23835,80,83,0,0,0,0,125842
2026-04-24 13:04:37,9722606,68678,3373086,14930,23905,78,83,0,0,0,0,130901
2026-04-24 13:04:38,9791576,68970,3396970,15040,23994,81,83,0,0,0,0,121183
2026-04-24 13:04:40,9860334,68758,3420813,15148,23951,78,83,0,0,0,0,120006
2026-04-24 13:04:41,9930198,69864,3445017,15251,24307,78,83,0,0,0,0,124514
2026-04-24 13:04:42,9999135,68937,3468921,15344,23997,73,83,0,0,0,0,126603
2026-04-24 13:04:43,10068162,69027,3492873,15456,24064,77,83,0,0,0,0,128847
2026-04-24 13:04:45,10137544,69382,3516924,15570,24165,77,83,0,0,0,0,121261
2026-04-24 13:04:46,10207364,69820,3541136,15672,24314,72,83,0,0,0,0,123650
2026-04-24 13:04:47,10276835,69471,3565244,15772,24208,76,83,0,0,0,0,125970
2026-04-24 13:04:48,10346229,69394,3589334,15876,24194,76,83,0,0,0,0,132222
2026-04-24 13:04:49,10415695,69466,3613406,15992,24188,78,83,0,0,0,0,127801
2026-04-24 13:04:51,10484582,68887,3637357,16095,24054,74,83,0,0,0,0,126624
2026-04-24 13:04:52,10554280,69698,3661582,16188,24318,80,83,0,0,0,0,140203
2026-04-24 13:04:53,10623489,69209,3685605,16293,24128,78,83,0,0,0,0,136403
2026-04-24 13:04:54,10691381,67892,3709180,16401,23683,80,83,23,23,0,0,137807
2026-04-24 13:04:55,10755699,64318,3731484,16511,22414,72,83,23,0,0,0,130951
2026-04-24 13:04:57,10820886,65187,3754085,16611,22701,80,83,40023,40000,0,0,131665
2026-04-24 13:04:58,10886228,65342,3776797,16701,22802,75,83,60023,20000,0,0,135190
2026-04-24 13:04:59,10949974,63746,3798915,16810,22227,77,83,80023,20000,0,0,142306
2026-04-24 13:05:00,11011985,62011,3820436,16927,21638,81,83,100023,20000,0,0,139830
2026-04-24 13:05:02,11073189,61204,3841659,17007,21303,77,83,140023,40000,0,0,121334
2026-04-24 13:05:03,11138245,65056,3864232,17083,22649,80,83,160023,20000,0,0,121485
2026-04-24 13:05:04,11202079,63834,3886386,17171,22242,75,83,180023,20000,0,0,130274
2026-04-24 13:05:05,11264789,62710,3908195,17248,21886,80,83,200023,20000,0,0,132698
2026-04-24 13:05:06,11328361,63572,3930239,17347,22143,80,83,220023,20000,0,0,132434
2026-04-24 13:05:08,11392559,64198,3952542,17450,22406,73,83,260023,40000,0,0,130919
2026-04-24 13:05:09,11457301,64742,3974968,17573,22549,72,83,280023,20000,0,0,134724
2026-04-24 13:05:10,11522418,65117,3997546,17680,22685,76,83,300023,20000,0,0,139754
2026-04-24 13:05:11,11586208,63790,4019673,17767,22214,79,83,320023,20000,0,0,150081
2026-04-24 13:05:12,11648724,62516,4041330,17851,21741,77,83,340023,20000,0,0,148380
2026-04-24 13:05:14,11713619,64895,4063816,17957,22592,78,83,380023,40000,0,0,146612
2026-04-24 13:05:15,11778421,64802,4086290,18060,22577,80,83,400023,20000,0,0,153239
2026-04-24 13:05:16,11842560,64139,4108521,18155,22326,75,83,420023,20000,0,0,156469
2026-04-24 13:05:17,11905265,62705,4130276,18241,21841,67,83,440023,20000,0,0,157925
2026-04-24 13:05:19,11967331,62066,4151832,18333,21648,76,83,460023,20000,0,0,152268
2026-04-24 13:05:20,12031185,63854,4173958,18434,22227,77,83,500023,40000,0,0,156502
2026-04-24 13:05:21,12095110,63925,4196110,18534,22252,78,83,520023,20000,0,0,160446
2026-04-24 13:05:22,12157868,62758,4217895,18620,21871,80,83,540023,20000,0,0,159071
2026-04-24 13:05:23,12220393,62525,4239600,18711,21796,67,83,560023,20000,0,0,158996
2026-04-24 13:05:25,12282632,62239,4261204,18798,21691,80,83,600023,40000,0,0,155254
2026-04-24 13:05:26,12347255,64623,4283582,18895,22475,79,83,620023,20000,0,0,157280
2026-04-24 13:05:27,12410009,62754,4305422,18997,21942,74,83,640023,20000,0,0,162607
2026-04-24 13:05:28,12472985,62976,4327281,19086,21948,81,83,660023,20000,0,0,166596
2026-04-24 13:05:29,12534965,61980,4348816,19172,21621,80,83,680023,20000,0,0,162350
2026-04-24 13:05:31,12598462,63497,4370853,19264,22129,79,83,720023,40000,0,0,157974
2026-04-24 13:05:32,12662337,63875,4393035,19370,22288,81,83,740023,20000,0,0,152369
2026-04-24 13:05:33,12722369,60032,4413857,19463,20915,77,83,760023,20000,0,0,149220
2026-04-24 13:05:34,12770476,48107,4430564,19537,16781,81,83,820023,60000,0,0,142985
2026-04-24 13:05:35,12808872,38396,4443856,19600,13355,76,83,860023,40000,0,0,141857
2026-04-24 13:05:37,12846975,38103,4457056,19671,13271,81,83,900023,40000,0,0,139373
2026-04-24 13:05:38,12886923,39948,4470942,19743,13958,80,83,960023,60000,0,0,142817
2026-04-24 13:05:39,12927427,40504,4484946,19783,14044,81,83,1000023,40000,0,0,146122
2026-04-24 13:05:40,12962396,34969,4497081,19841,12193,80,83,1040023,40000,0,0,151937
2026-04-24 13:05:41,13008903,46507,4513238,19921,16237,81,83,1080023,40000,0,0,153330
2026-04-24 13:05:42,13052155,43252,4528285,19997,15123,67,83,1120023,40000,0,0,149768
2026-04-24 13:05:44,13091419,39264,4541911,20058,13687,67,83,1160023,40000,0,0,149781
2026-04-24 13:05:45,13135800,44381,4557261,20115,15407,81,83,1220023,60000,0,0,151412
2026-04-24 13:05:46,13176697,40897,4571526,20190,14340,80,83,1260023,40000,0,0,156054
2026-04-24 13:05:47,13220162,43465,4586560,20268,15112,73,83,1300023,40000,0,0,156401
2026-04-24 13:05:48,13262872,42710,4601389,20330,14891,81,83,1340023,40000,0,0,141082
2026-04-24 13:05:49,13306001,43129,4616425,20402,15108,81,83,1380023,40000,0,0,135479
2026-04-24 13:05:51,13354559,48558,4633226,20462,16861,79,83,1440023,60000,0,0,138338
2026-04-24 13:05:52,13406111,51552,4651095,20543,17950,79,83,1480023,40000,0,0,139262
2026-04-24 13:05:53,13455789,49678,4668368,20612,17342,69,83,1520023,40000,0,0,143504
2026-04-24 13:05:54,13510674,54885,4687409,20690,19119,73,83,1560023,40000,0,0,148493
2026-04-24 13:05:55,13563920,53246,4705864,20763,18528,81,83,1620023,60000,0,0,140462
2026-04-24 13:05:57,13613182,49262,4722978,20814,17165,81,83,1660023,40000,0,0,144183
2026-04-24 13:05:58,13665841,52659,4741279,20884,18371,68,83,1700023,40000,0,0,146030
2026-04-24 13:05:59,13719497,53656,4759866,20978,18681,74,83,1740023,40000,0,0,146931
2026-04-24 13:06:00,13774629,55132,4778968,21062,19186,80,83,1780023,40000,0,0,150321
2026-04-24 13:06:01,13829815,55186,4798124,21147,19241,80,83,1820023,40000,0,0,134413
2026-04-24 13:06:03,13884415,54600,4817020,21229,18978,81,83,1860023,40000,0,0,133860
2026-04-24 13:06:04,13941717,57302,4836904,21309,19964,76,83,1920023,60000,0,0,135556
2026-04-24 13:06:05,13998011,56294,4856410,21414,19611,76,83,1960023,40000,0,0,141893
2026-04-24 13:06:06,14052872,54861,4875483,21509,19168,79,83,2000023,40000,0,0,149181
2026-04-24 13:06:07,14109585,56713,4895161,21585,19754,81,83,2040023,40000,0,0,145102
2026-04-24 13:06:09,14162944,53359,4913620,21674,18548,80,83,2080023,40000,0,0,141840
2026-04-24 13:06:10,14217954,55010,4932739,21764,19209,81,83,2120023,40000,0,0,145219
2026-04-24 13:06:11,14275691,57737,4952757,21853,20107,78,83,2160023,40000,0,0,148001
2026-04-24 13:06:12,14330689,54998,4971854,21924,19168,70,83,2200023,40000,0,0,151238
2026-04-24 13:06:13,14388292,57603,4991812,22025,20059,81,83,2260023,60000,0,0,152201
2026-04-24 13:06:15,14444496,56204,5011274,22120,19557,73,83,2300023,40000,0,0,147867
2026-04-24 13:06:16,14498767,54271,5030078,22199,18883,81,83,2340023,40000,0,0,152145
2026-04-24 13:06:17,14557423,58656,5050452,22284,20459,79,83,2380023,40000,0,0,149070
2026-04-24 13:06:18,14612444,55021,5069518,22366,19148,80,83,2420023,40000,0,0,144744
2026-04-24 13:06:19,14669429,56985,5089265,22441,19822,80,83,2460023,40000,0,0,147278
2026-04-24 13:06:21,14733242,63813,5111388,22525,22207,76,83,2507358,47335,0,0,139753
2026-04-24 13:06:22,14797864,64622,5133772,22626,22485,79,83,2527358,20000,0,0,143090
2026-04-24 13:06:23,14857664,59800,5154537,22708,20847,78,83,2547358,20000,0,0,147633
2026-04-24 13:06:24,14919827,62163,5176153,22782,21690,81,83,2567358,20000,0,0,155918
2026-04-24 13:06:25,14980239,60412,5197147,22867,21079,77,83,2587358,20000,0,0,152724
2026-04-24 13:06:27,15042282,62043,5218641,22975,21602,79,83,2607358,20000,0,0,138171
2026-04-24 13:06:28,15107972,65690,5241431,23080,22895,75,83,2647358,40000,0,0,141128
2026-04-24 13:06:29,15175714,67742,5264956,23183,23628,74,83,2667358,20000,0,0,146206
2026-04-24 13:06:30,15240824,65110,5287548,23288,22697,75,83,2687358,20000,0,0,152712
2026-04-24 13:06:31,15305188,64364,5309881,23395,22440,81,83,2707358,20000,0,0,146272
2026-04-24 13:06:33,15367822,62634,5331581,23497,21802,78,83,2747358,40000,0,0,141951
2026-04-24 13:06:34,15433905,66083,5354505,23610,23037,74,83,2767358,20000,0,0,142632
2026-04-24 13:06:35,15499809,65904,5377395,23684,22964,75,83,2787358,20000,0,0,147054
2026-04-24 13:06:36,15564646,64837,5399918,23784,22623,64,83,2807358,20000,0,0,157684
2026-04-24 13:06:38,15629060,64414,5422294,23851,22443,80,83,2827358,20000,0,0,146449
2026-04-24 13:06:39,15694995,65935,5445158,23969,22982,74,83,2867358,40000,0,0,150809
2026-04-24 13:06:40,15762031,67036,5468405,24073,23351,75,83,2887358,20000,0,0,155444
2026-04-24 13:06:41,15825502,63471,5490405,24160,22087,75,83,2907358,20000,0,0,160284
2026-04-24 13:06:42,15891835,66333,5513404,24272,23111,78,83,2927358,20000,0,0,158816
2026-04-24 13:06:44,15959323,67488,5536786,24365,23475,69,83,2967358,40000,0,0,151867
2026-04-24 13:06:45,16029858,70535,5561223,24482,24554,76,83,2975844,8486,0,0,154287
2026-04-24 13:06:46,16100531,70673,5585724,24605,24624,76,83,2983450,7606,0,0,154348
2026-04-24 13:06:47,16168665,68134,5609332,24714,23717,80,83,2998397,14947,0,0,156876
2026-04-24 13:06:49,16237563,68898,5633246,24828,24028,77,83,3006217,7820,0,0,149103
2026-04-24 13:06:50,16307478,69915,5657507,24936,24369,78,83,3013543,7326,0,0,147478
2026-04-24 13:06:51,16378061,70583,5682010,25057,24624,76,83,3020692,7149,0,0,152927
2026-04-24 13:06:52,16447885,69824,5706248,25177,24358,78,83,3028002,7310,0,0,157281
2026-04-24 13:06:53,16517892,70007,5730561,25293,24429,79,83,3042264,14262,0,0,157634
2026-04-24 13:06:55,16589172,71280,5755306,25389,24841,80,83,3049274,7010,0,0,143244
2026-04-24 13:06:56,16659840,70668,5779857,25469,24631,73,83,3055982,6708,0,0,138626
2026-04-24 13:06:57,16730958,71118,5804549,25587,24810,72,83,3062566,6584,0,0,136349
2026-04-24 13:06:58,16802784,71826,5829432,25699,24995,71,83,3075511,12945,0,0,145068
2026-04-24 13:07:00,16874191,71407,5854234,25797,24900,70,83,3081904,6393,0,0,137340
2026-04-24 13:07:01,16946910,72719,5879438,25897,25304,77,83,3087902,5998,0,0,139530
2026-04-24 13:07:02,17019611,72701,5904660,26005,25330,80,83,3094353,6451,0,0,146063
2026-04-24 13:07:03,17090773,71162,5929378,26109,24822,75,83,3100630,6277,0,0,150814
2026-04-24 13:07:04,17161625,70852,5953948,26222,24683,78,83,3113256,12626,0,0,155308
2026-04-24 13:07:06,17233656,72031,5978921,26340,25091,79,83,3119053,5797,0,0,126150
2026-04-24 13:07:07,17304363,70707,6003475,26438,24652,75,83,3125309,6256,0,0,126155
2026-04-24 13:07:08,17376356,71993,6028450,26559,25096,71,83,3131307,5998,0,0,130591
2026-04-24 13:07:09,17447794,71438,6053224,26653,24868,75,83,3142420,11113,0,0,132936
2026-04-24 13:07:11,17519655,71861,6078154,26758,25035,78,83,3148213,5793,0,0,124959
2026-04-24 13:07:12,17591121,71466,6102916,26872,24876,81,83,3153921,5708,0,0,120379
2026-04-24 13:07:13,17662997,71876,6127854,26977,25043,76,83,3159189,5268,0,0,126853
2026-04-24 13:07:14,17734041,71044,6152468,27080,24717,78,83,3164409,5220,0,0,125556
2026-04-24 13:07:15,17804988,70947,6177109,27180,24741,71,83,3175317,10908,0,0,128805
2026-04-24 13:07:17,17877453,72465,6202244,27297,25252,75,83,3180332,5015,0,0,120339
2026-04-24 13:07:18,17949731,72278,6227288,27416,25163,75,83,3185394,5062,0,0,123752
2026-04-24 13:07:19,18020365,70634,6251832,27519,24647,81,83,3190733,5339,0,0,127414
2026-04-24 13:07:20,18091503,71138,6276488,27643,24780,72,83,3200801,10068,0,0,131329
2026-04-24 13:07:22,18162796,71293,6301209,27764,24842,76,83,3205746,4945,0,0,125013
2026-04-24 13:07:23,18233167,70371,6325609,27884,24520,80,83,3210497,4751,0,0,121316
2026-04-24 13:07:24,18303856,70689,6350156,28010,24673,76,83,3215340,4843,0,0,117444
2026-04-24 13:07:25,18373773,69917,6374414,28122,24370,76,83,3224612,9272,0,0,118284
2026-04-24 13:07:26,18443918,70145,6398781,28238,24483,80,83,3229500,4888,0,0,116315
2026-04-24 13:07:28,18516196,72278,6423762,28373,25116,73,83,3233995,4495,0,0,110667
2026-04-24 13:07:29,18588422,72226,6448803,28477,25145,78,83,3238311,4316,0,0,117194
2026-04-24 13:07:30,18659442,71020,6473413,28591,24724,77,83,3242825,4514,0,0,122245
2026-04-24 13:07:31,18729573,70131,6497769,28714,24479,72,83,3251548,8723,0,0,125744
2026-04-24 13:07:33,18801217,71644,6522630,28811,24958,75,83,3256068,4520,0,0,125242
2026-04-24 13:07:34,18872303,71086,6547298,28918,24775,74,83,3260584,4516,0,0,119308
2026-04-24 13:07:35,18945170,72867,6572555,29024,25363,74,83,3264918,4334,0,0,124750
2026-04-24 13:07:36,19016956,71786,6597494,29113,25028,81,83,3273690,8772,0,0,130238
2026-04-24 13:07:37,19087791,70835,6622027,29234,24654,73,83,3278059,4369,0,0,126007
2026-04-24 13:07:39,19158999,71208,6646723,29351,24813,76,83,3282213,4154,0,0,117932
2026-04-24 13:07:40,19231061,72062,6671767,29443,25136,76,83,3286343,4130,0,0,121057
2026-04-24 13:07:41,19302361,71300,6696521,29558,24869,81,83,3290434,4091,0,0,128789
2026-04-24 13:07:42,19373206,70845,6721069,29663,24653,74,83,3298575,8141,0,0,137946
2026-04-24 13:07:44,19445177,71971,6746036,29789,25093,78,83,3302703,4128,0,0,129941
2026-04-24 13:07:45,19517801,72624,6771229,29894,25298,77,83,3306771,4068,0,0,131411
2026-04-24 13:07:46,19590138,72337,6796316,30001,25194,75,83,3310838,4067,0,0,137254
2026-04-24 13:07:47,19661187,71049,6820955,30109,24747,75,83,3318674,7836,0,0,141954
2026-04-24 13:07:48,19732403,71216,6845668,30215,24819,80,83,3322696,4022,0,0,140008
2026-04-24 13:07:50,19803660,71257,6870397,30327,24841,81,83,3326330,3634,0,0,134971
2026-04-24 13:07:51,19875816,72156,6895415,30427,25118,79,83,3330136,3806,0,0,137372
2026-04-24 13:07:52,19946761,70945,6920071,30530,24759,78,83,3333994,3858,0,0,137681
2026-04-24 13:07:53,20018258,71497,6944864,30644,24907,79,83,3341600,7606,0,0,139541
2026-04-24 13:07:55,20089950,71692,6969754,30756,25002,78,83,3345467,3867,0,0,131394
2026-04-24 13:07:56,20161353,71403,6994542,30864,24896,77,83,3349218,3751,0,0,129764
2026-04-24 13:07:57,20233179,71826,7019468,30970,25032,70,83,3352785,3567,0,0,133342
2026-04-24 13:07:58,20304144,70965,7044127,31077,24766,75,83,3360334,7549,0,0,138171
2026-04-24 13:07:59,20375986,71842,7069064,31173,25033,76,83,3364049,3715,0,0,133979
2026-04-24 13:08:01,20446653,70667,7093623,31274,24660,70,83,3367676,3627,0,0,123176
2026-04-24 13:08:02,20518102,71449,7118455,31368,24926,79,83,3371437,3761,0,0,130122
2026-04-24 13:08:03,20588074,69972,7142775,31477,24429,71,83,3375109,3672,0,0,128195
2026-04-24 13:08:04,20660086,72012,7167753,31582,25083,76,83,3382406,7297,0,0,134677
2026-04-24 13:08:06,20731964,71878,7192691,31691,25047,77,83,3385763,3357,0,0,127459
2026-04-24 13:08:07,20804434,72470,7217820,31801,25239,78,83,3389382,3619,0,0,129524
2026-04-24 13:08:08,20876645,72211,7242877,31900,25156,78,83,3392849,3467,0,0,131388
2026-04-24 13:08:09,20948263,71618,7267732,31997,24952,70,83,3399681,6832,0,0,134457
2026-04-24 13:08:10,21019293,71030,7292374,32101,24746,77,83,3402868,3187,0,0,119156
2026-04-24 13:08:12,21091200,71907,7317338,32205,25068,81,83,3406283,3415,0,0,115310
2026-04-24 13:08:13,21163368,72168,7342374,32308,25139,75,83,3409554,3271,0,0,116686
2026-04-24 13:08:14,21233933,70565,7366893,32398,24609,81,83,3412851,3297,0,0,120913
2026-04-24 13:08:15,21304541,70608,7391371,32496,24576,77,83,3420480,7629,0,0,127725
2026-04-24 13:08:17,21376185,71644,7416213,32609,24955,77,83,3425713,5233,0,0,119298
2026-04-24 13:08:18,21448007,71822,7441123,32717,25018,77,83,3431506,5793,0,0,122209
2026-04-24 13:08:19,21519218,71211,7465858,32825,24843,73,83,3437973,6467,0,0,124953
2026-04-24 13:08:20,21588778,69560,7490024,32923,24264,73,83,3453009,15036,0,0,125989
2026-04-24 13:08:22,21660990,72212,7515045,33024,25122,76,83,3460814,7805,0,0,121006
2026-04-24 13:08:23,21730820,69830,7539275,33131,24337,65,83,3469613,8799,0,0,124645
2026-04-24 13:08:24,21802570,71750,7564110,33249,24953,78,83,3478482,8869,0,0,129911
2026-04-24 13:08:25,21872951,70381,7588541,33351,24533,77,83,3487813,9331,0,0,134052
2026-04-24 13:08:26,21943504,70553,7613011,33428,24547,77,83,3508548,20735,0,0,135660
2026-04-24 13:08:28,22014053,70549,7637522,33533,24616,78,83,3519509,10961,0,0,127203
2026-04-24 13:08:29,22085586,71533,7662316,33638,24899,75,83,3531372,11863,0,0,134212
2026-04-24 13:08:30,22156373,70787,7686820,33746,24612,77,83,3543335,11963,0,0,142345
2026-04-24 13:08:31,22224985,68612,7710659,33852,23945,72,83,3555560,12225,0,0,153393
2026-04-24 13:08:33,22294262,69277,7734661,33973,24123,77,83,3580907,25347,0,0,146005
2026-04-24 13:08:34,22364014,69752,7758845,34084,24295,73,83,3594188,13281,0,0,135079
2026-04-24 13:08:35,22434015,70001,7783127,34200,24398,73,83,3607774,13586,0,0,140665
2026-04-24 13:08:36,22501879,67864,7806700,34282,23655,80,83,3622074,14300,0,0,146993
2026-04-24 13:08:37,22571236,69357,7830773,34371,24162,72,83,3635903,13829,0,0,150228
2026-04-24 13:08:39,22641359,70123,7855073,34463,24392,78,83,3665581,29678,0,0,139867
2026-04-24 13:08:40,22710979,69620,7879269,34586,24319,74,83,3681944,16363,0,0,138348
2026-04-24 13:08:41,22780641,69662,7903442,34703,24290,79,83,3697433,15489,0,0,135465
2026-04-24 13:08:42,22849341,68700,7927269,34821,23945,75,83,3712617,15184,0,0,140731
2026-04-24 13:08:44,22917803,68462,7950998,34933,23841,76,83,3744107,31490,0,0,136810
2026-04-24 13:08:45,22988254,70451,7975428,35048,24545,79,83,3759615,15508,0,0,133630
2026-04-24 13:08:46,23058783,70529,7999853,35177,24554,77,83,3776054,16439,0,0,139927
2026-04-24 13:08:47,23128536,69753,8024022,35275,24267,76,83,3792344,16290,0,0,147301
2026-04-24 13:08:48,23197236,68700,8047833,35374,23910,75,83,3808750,16406,0,0,147865
2026-04-24 13:08:50,23266404,69168,8071806,35491,24090,73,83,3843123,34373,0,0,137296
2026-04-24 13:08:51,23336024,69620,8095916,35606,24225,74,83,3861228,18105,0,0,131769
2026-04-24 13:08:52,23407489,71465,8120642,35718,24838,76,83,3881228,20000,0,0,140574
2026-04-24 13:08:53,23474247,66758,8143843,35807,23290,73,83,3901228,20000,0,0,148294
2026-04-24 13:08:55,23541826,67579,8167331,35898,23579,80,83,3921228,20000,0,0,142177
2026-04-24 13:08:56,23611518,69692,8191484,35996,24251,79,83,3961228,40000,0,0,138191
2026-04-24 13:08:57,23681302,69784,8215680,36113,24313,77,83,3981228,20000,0,0,143261
2026-04-24 13:08:58,23750707,69405,8239758,36219,24184,74,83,4001228,20000,0,0,146997
2026-04-24 13:08:59,23810616,59909,8260551,36318,20892,81,83,4021228,20000,0,0,151968
2026-04-24 13:09:01,23872883,62267,8282186,36412,21729,68,83,4041228,20000,0,0,135513
2026-04-24 13:09:02,23940472,67589,8305616,36538,23556,79,83,4081228,40000,0,0,141426
2026-04-24 13:09:03,24008050,67578,8329111,36641,23598,73,83,4101228,20000,0,0,139632
2026-04-24 13:09:04,24076575,68525,8352855,36764,23867,75,83,4121228,20000,0,0,141414
2026-04-24 13:09:05,24143449,66874,8376077,36865,23323,81,83,4141228,20000,0,0,136580
2026-04-24 13:09:07,24211573,68124,8399652,36958,23668,75,83,4181228,40000,0,0,129681
2026-04-24 13:09:08,24281560,69987,8423938,37054,24382,77,83,4201228,20000,0,0,135445
2026-04-24 13:09:09,24349460,67900,8447513,37159,23680,76,83,4221228,20000,0,0,139251
2026-04-24 13:09:10,24417814,68354,8471241,37251,23820,73,83,4241228,20000,0,0,137833
2026-04-24 13:09:12,24485310,67496,8494666,37352,23526,77,83,4261228,20000,0,0,129040
2026-04-24 13:09:13,24553683,68373,8518386,37469,23837,71,83,4301228,40000,0,0,123135
2026-04-24 13:09:14,24623228,69545,8542505,37570,24220,76,83,4321228,20000,0,0,129357
2026-04-24 13:09:15,24692031,68803,8566374,37669,23968,75,83,4341228,20000,0,0,134693
2026-04-24 13:09:16,24760108,68077,8589969,37768,23694,73,83,4361228,20000,0,0,135499
2026-04-24 13:09:18,24827833,67725,8613491,37869,23623,75,83,4401228,40000,0,0,127315
2026-04-24 13:09:19,24897308,69475,8637600,37979,24219,73,83,4421228,20000,0,0,130083
2026-04-24 13:09:20,24967592,70284,8661979,38073,24473,80,83,4441228,20000,0,0,138355
2026-04-24 13:09:21,25035372,67780,8685550,38185,23683,78,83,4461228,20000,0,0,138052
2026-04-24 13:09:23,25104171,68799,8709393,38290,23948,78,83,4481228,20000,0,0,130531
2026-04-24 13:09:24,25172675,68504,8733177,38396,23890,78,83,4521228,40000,0,0,127056
2026-04-24 13:09:25,25241993,69318,8757252,38501,24180,69,83,4541228,20000,0,0,132537
2026-04-24 13:09:26,25309738,67745,8780763,38595,23605,81,83,4561228,20000,0,0,138833
2026-04-24 13:09:27,25376945,67207,8804042,38705,23389,74,83,4581228,20000,0,0,143538
2026-04-24 13:09:29,25443853,66908,8827273,38824,23350,72,83,4621228,40000,0,0,137491
2026-04-24 13:09:30,25512801,68948,8851185,38911,23999,76,83,4641228,20000,0,0,139938
2026-04-24 13:09:31,25580325,67524,8874594,39017,23515,74,83,4661228,20000,0,0,155808
2026-04-24 13:09:32,25646683,66358,8897600,39131,23120,70,83,4681228,20000,0,0,160146
2026-04-24 13:09:33,25713573,66890,8920777,39234,23280,81,83,4701228,20000,0,0,156816
2026-04-24 13:09:35,25780142,66569,8943904,39333,23226,76,83,4741228,40000,0,0,148853
2026-04-24 13:09:36,25847842,67700,8967361,39452,23576,77,83,4761228,20000,0,0,155312
2026-04-24 13:09:37,25915919,68077,8991009,39560,23756,77,83,4781228,20000,0,0,157799
2026-04-24 13:09:38,25982500,66581,9014113,39680,23224,79,83,4801228,20000,0,0,161560
2026-04-24 13:09:40,26047686,65186,9036763,39767,22737,72,83,4821228,20000,0,0,139748
2026-04-24 13:09:41,26110513,62827,9058591,39871,21932,74,83,4861228,40000,0,0,133786
2026-04-24 13:09:42,26179518,69005,9082539,39965,24042,76,83,4881228,20000,0,0,139513
2026-04-24 13:09:43,26246936,67418,9105931,40059,23486,80,83,4901228,20000,0,0,145057
2026-04-24 13:09:44,26311603,64667,9128394,40174,22578,75,83,4921228,20000,0,0,148008
2026-04-24 13:09:46,26373622,62019,9149920,40282,21634,64,83,4941228,20000,0,0,142299
2026-04-24 13:09:47,26439897,66275,9172899,40367,23064,68,83,4981228,40000,0,0,147804
2026-04-24 13:09:48,26509023,69126,9196827,40479,24040,75,83,5001228,20000,0,0,151357
2026-04-24 13:09:49,26574845,65822,9219684,40585,22963,81,83,5021228,20000,0,0,153721
2026-04-24 13:09:50,26636841,61996,9241256,40674,21661,81,83,5041228,20000,0,0,144857
2026-04-24 13:09:52,26701801,64960,9263770,40776,22616,74,83,5081228,40000,0,0,140459
2026-04-24 13:09:53,26770338,68537,9287585,40874,23913,72,83,5101228,20000,0,0,145657
2026-04-24 13:09:54,26838505,68167,9311260,40972,23773,81,83,5121228,20000,0,0,147277
2026-04-24 13:09:55,26903575,65070,9333831,41069,22668,81,83,5141228,20000,0,0,152110
2026-04-24 13:09:57,26969880,66305,9356831,41166,23097,76,83,5161228,20000,0,0,145232
2026-04-24 13:09:58,27037060,67180,9380110,41268,23381,71,83,5201228,40000,0,0,142247
2026-04-24 13:09:59,27104904,67844,9403625,41382,23629,75,83,5221228,20000,0,0,149365
2026-04-24 13:10:00,27167751,62847,9425469,41473,21935,76,83,5241228,20000,0,0,153544
2026-04-24 13:10:01,27229635,61884,9446949,41567,21574,80,83,5261228,20000,0,0,160048
2026-04-24 13:10:03,27292882,63247,9468863,41677,22024,76,83,5281228,20000,0,0,142880
2026-04-24 13:10:04,27357524,64642,9491293,41765,22518,72,83,5321228,40000,0,0,147594
2026-04-24 13:10:05,27421335,63811,9513454,41865,22261,80,83,5341228,20000,0,0,151217
2026-04-24 13:10:06,27475127,53792,9532152,41935,18768,68,83,5361228,20000,0,0,156166
2026-04-24 13:10:07,27526049,50922,9549814,42014,17741,81,83,5401228,40000,0,0,160131
2026-04-24 13:10:09,27574953,48904,9566828,42079,17079,72,83,5441228,40000,0,0,151500
2026-04-24 13:10:10,27623415,48462,9583622,42149,16864,81,83,5481228,40000,0,0,152963
2026-04-24 13:10:11,27679629,56214,9603149,42225,19603,81,83,5521228,40000,0,0,158262
2026-04-24 13:10:12,27738080,58451,9623415,42311,20352,76,83,5561228,40000,0,0,159545
2026-04-24 13:10:13,27802061,63981,9645616,42397,22287,81,83,5621228,60000,0,0,161497
2026-04-24 13:10:14,27860904,58843,9666020,42492,20499,81,83,5661228,40000,0,0,150372
2026-04-24 13:10:16,27913368,52464,9684235,42560,18283,79,83,5701228,40000,0,0,146647
2026-04-24 13:10:17,27969194,55826,9703619,42654,19478,80,83,5741228,40000,0,0,151570
2026-04-24 13:10:18,28024879,55685,9722952,42746,19425,81,83,5781228,40000,0,0,154341
2026-04-24 13:10:19,28084957,60078,9743787,42847,20936,69,83,5821228,40000,0,0,158563
2026-04-24 13:10:20,28146482,61525,9765145,42925,21436,79,83,5881228,60000,0,0,157714
2026-04-24 13:10:22,28210968,64486,9787507,43022,22459,77,83,5911439,30211,0,0,152155
2026-04-24 13:10:23,28279821,68853,9811410,43129,24010,75,83,5931439,20000,0,0,156494
2026-04-24 13:10:24,28349549,69728,9835527,43253,24241,77,83,5951439,20000,0,0,164025
2026-04-24 13:10:25,28415866,66317,9858582,43362,23164,76,83,5971439,20000,0,0,162043
2026-04-24 13:10:27,28478395,62529,9880277,43468,21801,77,83,5991439,20000,0,0,149162
2026-04-24 13:10:28,28543301,64906,9902799,43553,22607,78,83,6011439,20000,0,0,150045
2026-04-24 13:10:29,28611300,67999,9926389,43662,23699,80,83,6051439,40000,0,0,155577
2026-04-24 13:10:30,28679873,68573,9950163,43764,23876,75,83,6071439,20000,0,0,163419
2026-04-24 13:10:31,28747512,67639,9973590,43877,23540,72,83,6091439,20000,0,0,167675
2026-04-24 13:10:33,28813782,66270,9996604,43988,23125,77,83,6111439,20000,0,0,160839
2026-04-24 13:10:34,28880806,67024,10019833,44080,23321,73,83,6151439,40000,0,0,161674
2026-04-24 13:10:35,28949808,69002,10043785,44179,24051,74,83,6171439,20000,0,0,168899
2026-04-24 13:10:36,29019498,69690,10067953,44296,24285,81,83,6191439,20000,0,0,170192
2026-04-24 13:10:38,29087360,67862,10091534,44392,23677,69,83,6211439,20000,0,0,158056
2026-04-24 13:10:39,29155163,67803,10115054,44493,23621,67,83,6231439,20000,0,0,145499
2026-04-24 13:10:40,29224294,69131,10139031,44597,24081,78,83,6271439,40000,0,0,148178
2026-04-24 13:10:41,29294795,70501,10163476,44710,24558,76,83,6287176,15737,0,0,155453
2026-04-24 13:10:42,29365816,71021,10188074,44827,24715,69,83,6295931,8755,0,0,158989
2026-04-24 13:10:44,29436766,70950,10212722,44926,24747,80,83,6313725,17794,0,0,148390
2026-04-24 13:10:45,29508797,72031,10237662,45048,25062,74,83,6322342,8617,0,0,148481
2026-04-24 13:10:46,29581401,72604,10262809,45137,25236,79,83,6330412,8070,0,0,155789
2026-04-24 13:10:47,29652275,70874,10287414,45243,24711,68,83,6338327,7915,0,0,159822
2026-04-24 13:10:49,29722761,70486,10311864,45343,24550,78,83,6354341,16014,0,0,147891
2026-04-24 13:10:50,29793720,70959,10336504,45449,24746,77,83,6362513,8172,0,0,138068
2026-04-24 13:10:51,29864614,70894,10361117,45561,24725,76,83,6370695,8182,0,0,141540
2026-04-24 13:10:52,29936669,72055,10386157,45667,25146,77,83,6378277,7582,0,0,145461
2026-04-24 13:10:53,30006804,70135,10410498,45775,24449,81,83,6386105,7828,0,0,148829
2026-04-24 13:10:55,30076737,69933,10434750,45886,24363,75,83,6401498,15393,0,0,139147
2026-04-24 13:10:56,30147702,70965,10459361,45993,24718,76,83,6408680,7182,0,0,144196
2026-04-24 13:10:57,30218836,71134,10484039,46104,24789,79,83,6415796,7116,0,0,149001
2026-04-24 13:10:58,30287673,68837,10507915,46200,23972,77,83,6422971,7175,0,0,159308
2026-04-24 13:11:00,30356845,69172,10531890,46302,24077,78,83,6436566,13595,0,0,153138
2026-04-24 13:11:01,30428632,71787,10556748,46427,24983,75,83,6443589,7023,0,0,146538
2026-04-24 13:11:02,30500097,71465,10581535,46559,24919,75,83,6450604,7015,0,0,153605
2026-04-24 13:11:03,30571734,71637,10606419,46674,24999,79,83,6457296,6692,0,0,159202
2026-04-24 13:11:04,30641399,69665,10630599,46764,24270,73,83,6464002,6706,0,0,162619
2026-04-24 13:11:06,30712173,70774,10655172,46861,24670,75,83,6477489,13487,0,0,150013
2026-04-24 13:11:07,30783010,70837,10679770,46985,24722,77,83,6484132,6643,0,0,145168
2026-04-24 13:11:08,30854078,71068,10704389,47123,24757,75,83,6490491,6359,0,0,152211
2026-04-24 13:11:09,30924168,70090,10728730,47230,24448,80,83,6496600,6109,0,0,158977
2026-04-24 13:11:11,30994504,70336,10753106,47341,24487,77,83,6509072,12472,0,0,152203
2026-04-24 13:11:12,31065639,71135,10777770,47454,24777,79,83,6515335,6263,0,0,143501
2026-04-24 13:11:13,31137267,71628,10802652,47548,24976,77,83,6521730,6395,0,0,148092
2026-04-24 13:11:14,31208269,71002,10827312,47649,24761,76,83,6527999,6269,0,0,152520
2026-04-24 13:11:15,31278604,70335,10851707,47755,24501,76,83,6540152,12153,0,0,149430
2026-04-24 13:11:17,31349451,70847,10876347,47864,24749,76,83,6546349,6197,0,0,133745
2026-04-24 13:11:18,31421426,71975,10901324,47975,25088,79,83,6552517,6168,0,0,121689
2026-04-24 13:11:19,31494341,72915,10926603,48073,25377,81,83,6558370,5853,0,0,129660
2026-04-24 13:11:20,31566449,72108,10951636,48185,25145,77,83,6564070,5700,0,0,134683
2026-04-24 13:11:22,31636602,70153,10975970,48295,24444,74,83,6575561,11491,0,0,131066
2026-04-24 13:11:23,31707571,70969,11000592,48412,24739,71,83,6581256,5695,0,0,126323
2026-04-24 13:11:24,31778705,71134,11025253,48531,24780,76,83,6587317,6061,0,0,130062
2026-04-24 13:11:25,31848925,70220,11049633,48640,24489,77,83,6593184,5867,0,0,133859
2026-04-24 13:11:26,31918796,69871,11073926,48744,24397,74,83,6605721,12537,0,0,140809
2026-04-24 13:11:28,31990573,71777,11098823,48836,24989,76,83,6611919,6198,0,0,128724
2026-04-24 13:11:29,32060483,69910,11123128,48947,24416,80,83,6618441,6522,0,0,132568
2026-04-24 13:11:30,32131644,71161,11147776,49055,24756,78,83,6625394,6953,0,0,138226
2026-04-24 13:11:31,32202520,70876,11172381,49160,24710,74,83,6632096,6702,0,0,142500
2026-04-24 13:11:33,32272216,69696,11196569,49257,24285,76,83,6646248,14152,0,0,136215
2026-04-24 13:11:34,32343331,71115,11221203,49375,24752,76,83,6653405,7157,0,0,133170
2026-04-24 13:11:35,32415889,72558,11246359,49487,25268,79,83,6660599,7194,0,0,140416
2026-04-24 13:11:36,32488020,72131,11271394,49583,25131,75,83,6668148,7549,0,0,153957
2026-04-24 13:11:37,32557299,69279,11295417,49700,24140,81,83,6684370,16222,0,0,151934
2026-04-24 13:11:39,32625312,68013,11319035,49806,23724,72,83,6692448,8078,0,0,137479
2026-04-24 13:11:40,32694598,69286,11343039,49920,24118,74,83,6700761,8313,0,0,139823
2026-04-24 13:11:41,32765777,71179,11367695,50036,24772,74,83,6708409,7648,0,0,146982
2026-04-24 13:11:42,32833946,68169,11391367,50148,23784,70,83,6717191,8782,0,0,153266
2026-04-24 13:11:44,32903566,69620,11415474,50243,24202,78,83,6735047,17856,0,0,148589
2026-04-24 13:11:45,32973617,70051,11439815,50353,24451,76,83,6744832,9785,0,0,145088
2026-04-24 13:11:46,33043511,69894,11464056,50468,24356,79,83,6754522,9690,0,0,154840
2026-04-24 13:11:47,33113601,70090,11488410,50575,24461,75,83,6763968,9446,0,0,160261
2026-04-24 13:11:48,33182791,69190,11512417,50680,24112,81,83,6773977,10009,0,0,166505
2026-04-24 13:11:50,33252368,69577,11536542,50771,24216,70,83,6795354,21377,0,0,158164
2026-04-24 13:11:51,33322476,70108,11560847,50905,24439,74,83,6806464,11110,0,0,160000
2026-04-24 13:11:52,33393415,70939,11585479,51001,24728,73,83,6817354,10890,0,0,163815
2026-04-24 13:11:53,33461897,68482,11609261,51079,23860,73,83,6829050,11696,0,0,168353
2026-04-24 13:11:55,33525471,63574,11631323,51170,22153,70,83,6840621,11571,0,0,166585
2026-04-24 13:11:56,33594978,69507,11655372,51289,24168,77,83,6863541,22920,0,0,162041
2026-04-24 13:11:57,33664861,69883,11679585,51392,24316,74,83,6875904,12363,0,0,171314
2026-04-24 13:11:58,33735375,70514,11704039,51489,24551,76,83,6888963,13059,0,0,177624
2026-04-24 13:11:59,33802793,67418,11727431,51595,23498,75,83,6901496,12533,0,0,179747
2026-04-24 13:12:01,33868313,65520,11750145,51675,22794,70,83,6928162,26666,0,0,173212
2026-04-24 13:12:02,33937771,69458,11774225,51773,24178,77,83,6940742,12580,0,0,170848
2026-04-24 13:12:03,34006462,68691,11798043,51874,23919,79,83,6955046,14304,0,0,174228
2026-04-24 13:12:04,34075528,69066,11822036,51971,24090,70,83,6969562,14516,0,0,182098
2026-04-24 13:12:05,34140364,64836,11844509,52069,22571,74,83,6983527,13965,0,0,185565
2026-04-24 13:12:07,34203308,62944,11866390,52159,21971,77,83,6997990,14463,0,0,155599
2026-04-24 13:12:08,34270289,66981,11889661,52260,23372,78,83,7027203,29213,0,0,158600
2026-04-24 13:12:09,34338415,68126,11913311,52365,23755,80,83,7042333,15130,0,0,163759
2026-04-24 13:12:10,34406740,68325,11937029,52493,23846,80,83,7058014,15681,0,0,168524
2026-04-24 13:12:12,34472281,65541,11959767,52586,22831,76,83,7073009,14995,0,0,167059
2026-04-24 13:12:13,34539102,66821,11982923,52706,23276,70,83,7104120,31111,0,0,156926
2026-04-24 13:12:14,34607987,68885,12006843,52795,24009,79,83,7121564,17444,0,0,160955
2026-04-24 13:12:15,34676548,68561,12030636,52917,23915,68,83,7138187,16623,0,0,169062
2026-04-24 13:12:16,34742423,65875,12053533,52997,22977,80,83,7154315,16128,0,0,166583
2026-04-24 13:12:18,34803999,61576,12074896,53094,21460,81,83,7170194,15879,0,0,151961
2026-04-24 13:12:19,34868021,64022,12097057,53197,22264,78,83,7201876,31682,0,0,140262
2026-04-24 13:12:20,34933610,65589,12119817,53299,22862,78,83,7218209,16333,0,0,147328
2026-04-24 13:12:21,35001325,67715,12143315,53414,23613,78,83,7234061,15852,0,0,152783
2026-04-24 13:12:22,35066133,64808,12165845,53503,22619,79,83,7250683,16622,0,0,157442
2026-04-24 13:12:24,35131944,65811,12188683,53591,22926,78,83,7268332,17649,0,0,150046
2026-04-24 13:12:25,35201556,69612,12212835,53691,24252,77,83,7302718,34386,0,0,145347
2026-04-24 13:12:26,35271375,69819,12237074,53816,24364,76,83,7320650,17932,0,0,150919
2026-04-24 13:12:27,35340164,68789,12261025,53919,24054,77,83,7339303,18653,0,0,162019
2026-04-24 13:12:29,35408880,68716,12284836,54039,23931,71,83,7358145,18842,0,0,167765
2026-04-24 13:12:30,35478025,69145,12308786,54143,24054,71,83,7392372,34227,0,0,158765
2026-04-24 13:12:31,35548150,70125,12333116,54241,24428,78,83,7411258,18886,0,0,164356
2026-04-24 13:12:32,35618396,70246,12357453,54353,24449,77,83,7428860,17602,0,0,170191
2026-04-24 13:12:33,35687133,68737,12381296,54457,23947,80,83,7447382,18522,0,0,176883
2026-04-24 13:12:35,35754621,67488,12404769,54554,23570,81,83,7466644,19262,0,0,169441
2026-04-24 13:12:36,35824027,69406,12428843,54659,24179,78,83,7504305,37661,0,0,170379
2026-04-24 13:12:37,35894606,70579,12453344,54755,24597,76,83,7522704,18399,0,0,180658
2026-04-24 13:12:38,35964532,69926,12477548,54876,24325,76,83,7541788,19084,0,0,186468
2026-04-24 13:12:40,36033351,68819,12501378,54983,23937,77,83,7560013,18225,0,0,187718
2026-04-24 13:12:41,36100529,67178,12524733,55069,23441,77,83,7598222,38209,0,0,178625
2026-04-24 13:12:42,36171181,70652,12549218,55195,24611,72,83,7617073,18851,0,0,186480
2026-04-24 13:12:43,36240947,69766,12573424,55295,24306,78,83,7636034,18961,0,0,191102
2026-04-24 13:12:44,36308839,67892,12596940,55412,23633,74,83,7655526,19492,0,0,195307
2026-04-24 13:12:46,36376070,67231,12620279,55518,23445,70,83,7673830,18304,0,0,185914
2026-04-24 13:12:47,36445594,69524,12644373,55616,24192,76,83,7712145,38315,0,0,181955
2026-04-24 13:12:48,36515546,69952,12668633,55738,24382,74,83,7730769,18624,0,0,172531
2026-04-24 13:12:49,36585352,69806,12692837,55861,24327,77,83,7750672,19903,0,0,176429
2026-04-24 13:12:51,36653331,67979,12716449,55963,23714,75,83,7770672,20000,0,0,172326
2026-04-24 13:12:52,36721687,68356,12740096,56072,23756,75,83,7809434,38762,0,0,166159
2026-04-24 13:12:53,36791475,69788,12764299,56188,24319,74,83,7828799,19365,0,0,170096
2026-04-24 13:12:54,36860731,69256,12788335,56314,24162,77,83,7848799,20000,0,0,178014
2026-04-24 13:12:55,36930188,69457,12812362,56425,24138,77,83,7868799,20000,0,0,181920
2026-04-24 13:12:57,36998448,68260,12836061,56530,23804,78,83,7888799,20000,0,0,171622
2026-04-24 13:12:58,37066933,68485,12859828,56641,23878,76,83,7928104,39305,0,0,144952
2026-04-24 13:12:59,37137018,70085,12884121,56751,24403,79,83,7948104,20000,0,0,146915
2026-04-24 13:13:00,37207207,70189,12908455,56871,24454,75,83,7968007,19903,0,0,149028
2026-04-24 13:13:02,37275636,68429,12932192,56977,23843,80,83,7987360,19353,0,0,150484
2026-04-24 13:13:03,37345082,69446,12956255,57078,24164,75,83,8027360,40000,0,0,141560
2026-04-24 13:13:04,37415149,70067,12980528,57203,24398,78,83,8047360,20000,0,0,143879
2026-04-24 13:13:05,37485204,70055,13004862,57323,24454,68,83,8067360,20000,0,0,149120
2026-04-24 13:13:06,37553566,68362,13028591,57434,23840,72,83,8087360,20000,0,0,155204
2026-04-24 13:13:08,37622126,68560,13052344,57533,23852,77,83,8107360,20000,0,0,155919
2026-04-24 13:13:09,37690125,67999,13075923,57627,23673,79,83,8147360,40000,0,0,137634
2026-04-24 13:13:10,37758670,68545,13099761,57724,23935,79,83,8167360,20000,0,0,141772
2026-04-24 13:13:11,37828226,69556,13123901,57833,24249,80,83,8187360,20000,0,0,145467
2026-04-24 13:13:13,37897167,68941,13147797,57953,24016,79,83,8207360,20000,0,0,146178
2026-04-24 13:13:14,37965035,67868,13171351,58064,23665,79,83,8227360,20000,0,0,136822
2026-04-24 13:13:15,38034411,69376,13195434,58195,24214,77,83,8267360,40000,0,0,143311
2026-04-24 13:13:16,38104134,69723,13219626,58321,24318,74,83,8287360,20000,0,0,148564
2026-04-24 13:13:17,38172408,68274,13243314,58421,23788,73,83,8307360,20000,0,0,153796
2026-04-24 13:13:19,38240551,68143,13266943,58511,23719,74,83,8327360,20000,0,0,142145
2026-04-24 13:13:20,38309475,68924,13290832,58608,23986,74,83,8367360,40000,0,0,140819
2026-04-24 13:13:21,38379714,70239,13315184,58722,24466,79,83,8387360,20000,0,0,144573
2026-04-24 13:13:22,38449887,70173,13339490,58832,24416,76,83,8407360,20000,0,0,148364
2026-04-24 13:13:24,38518701,68814,13363332,58952,23962,80,83,8427360,20000,0,0,149236
2026-04-24 13:13:25,38587024,68323,13387044,59065,23825,78,83,8447360,20000,0,0,140876
2026-04-24 13:13:26,38656872,69848,13411241,59189,24321,73,83,8487360,40000,0,0,146334
2026-04-24 13:13:27,38727101,70229,13435598,59286,24454,81,83,8507360,20000,0,0,136440
2026-04-24 13:13:28,38796764,69663,13459732,59379,24227,71,83,8527360,20000,0,0,146651
2026-04-24 13:13:30,38865055,68291,13483420,59472,23781,76,83,8547360,20000,0,0,139332
2026-04-24 13:13:31,38929999,64944,13505956,59549,22613,76,83,8587360,40000,0,0,141522
2026-04-24 13:13:32,38995713,65714,13528743,59654,22892,78,83,8607360,20000,0,0,151503
2026-04-24 13:13:33,39064656,68943,13552746,59753,24102,78,83,8627360,20000,0,0,155514
2026-04-24 13:13:35,39133146,68490,13576497,59851,23849,79,83,8647360,20000,0,0,157452
2026-04-24 13:13:36,39200907,67761,13600020,59957,23629,74,83,8667360,20000,0,0,146300
2026-04-24 13:13:37,39270646,69739,13624199,60054,24276,78,83,8707360,40000,0,0,152655
2026-04-24 13:13:38,39340854,70208,13648565,60154,24466,76,83,8727360,20000,0,0,161988
2026-04-24 13:13:39,39409480,68626,13672417,60252,23950,80,83,8747360,20000,0,0,165617
2026-04-24 13:13:41,39478047,68567,13696193,60353,23877,69,83,8767360,20000,0,0,163558
2026-04-24 13:13:42,39547315,69268,13720200,60466,24120,77,83,8807360,40000,0,0,158353
2026-04-24 13:13:43,39617410,70095,13744506,60585,24425,77,83,8827360,20000,0,0,161765
2026-04-24 13:13:44,39687625,70215,13768884,60685,24478,79,83,8847360,20000,0,0,171096
2026-04-24 13:13:46,39757067,69442,13792929,60771,24131,79,83,8867360,20000,0,0,173013
2026-04-24 13:13:47,39820972,63905,13815073,60868,22241,64,83,8887360,20000,0,0,165843
2026-04-24 13:13:48,39885455,64483,13837464,60968,22491,73,83,8927360,40000,0,0,160616
2026-04-24 13:13:49,39952095,66640,13860600,61071,23239,73,83,8947360,20000,0,0,154210
2026-04-24 13:13:50,40016763,64668,13883038,61163,22530,81,83,8967360,20000,0,0,156647
2026-04-24 13:13:52,40082408,65645,13905775,61267,22841,78,83,8987360,20000,0,0,149588
2026-04-24 13:13:53,40147229,64821,13928241,61376,22575,79,83,9027360,40000,0,0,143146
2026-04-24 13:13:54,40215894,68665,13952066,61487,23936,72,83,9047360,20000,0,0,147019
2026-04-24 13:13:55,40282332,66438,13975070,61605,23122,77,83,9067360,20000,0,0,153879
2026-04-24 13:13:56,40343981,61649,13996503,61708,21536,74,83,9087360,20000,0,0,158547
2026-04-24 13:13:58,40411789,67808,14020021,61804,23614,77,83,9107360,20000,0,0,149094
2026-04-24 13:13:59,40475982,64193,14042286,61901,22362,75,83,9147360,40000,0,0,134904
2026-04-24 13:14:00,40539002,63020,14064117,62006,21936,80,83,9167360,20000,0,0,136810
2026-04-24 13:14:01,40604498,65496,14086858,62110,22845,77,83,9187360,20000,0,0,139620
2026-04-24 13:14:03,40669228,64730,14109273,62213,22518,76,83,9207360,20000,0,0,145508
2026-04-24 13:14:04,40734645,65417,14132035,62310,22859,72,83,9227360,20000,0,0,140309
2026-04-24 13:14:05,40800111,65466,14154760,62416,22831,78,83,9267360,40000,0,0,146329
2026-04-24 13:14:06,40868664,68553,14178583,62528,23935,74,83,9287360,20000,0,0,151424
2026-04-24 13:14:07,40933635,64971,14201183,62649,22721,71,83,9307360,20000,0,0,156027
2026-04-24 13:14:09,40997247,63612,14223243,62740,22151,80,83,9327360,20000,0,0,150165
2026-04-24 13:14:10,41056505,59258,14243845,62823,20685,71,83,9347360,20000,0,0,148633
2026-04-24 13:14:11,41120516,64011,14266107,62921,22360,76,83,9387360,40000,0,0,150180
2026-04-24 13:14:12,41187534,67018,14289405,63013,23390,74,83,9407360,20000,0,0,150816
2026-04-24 13:14:13,41250877,63343,14311413,63118,22113,70,83,9427360,20000,0,0,150205
2026-04-24 13:14:15,41311446,60569,14332452,63201,21122,73,83,9447360,20000,0,0,140292
2026-04-24 13:14:16,41379636,68190,14356079,63320,23746,78,83,9472391,25031,0,0,134157
2026-04-24 13:14:17,41448309,68673,14379952,63419,23972,78,83,9483927,11536,0,0,135424
2026-04-24 13:14:18,41516678,68369,14403694,63528,23851,71,83,9495839,11912,0,0,138200
2026-04-24 13:14:20,41581812,65134,14426272,63642,22692,81,83,9506984,11145,0,0,138435
2026-04-24 13:14:21,41645484,63672,14448372,63742,22200,77,83,9528810,21826,0,0,125957
2026-04-24 13:14:22,41714607,69123,14472354,63852,24092,81,83,9538697,9887,0,0,131350
2026-04-24 13:14:23,41783527,68920,14496235,63971,24000,78,83,9548755,10058,0,0,134779
2026-04-24 13:14:24,41850879,67352,14519639,64070,23503,81,83,9558992,10237,0,0,139140
2026-04-24 13:14:26,41916929,66050,14542521,64184,22996,77,83,9580048,21056,0,0,141921
2026-04-24 13:14:27,41985792,68863,14566396,64290,23981,76,83,9590079,10031,0,0,135583
2026-04-24 13:14:28,42054213,68421,14590127,64401,23842,80,83,9599835,9756,0,0,141677
2026-04-24 13:14:29,42122938,68725,14613943,64509,23924,77,83,9609302,9467,0,0,146377
2026-04-24 13:14:30,42186634,63696,14636062,64609,22219,76,83,9619041,9739,0,0,146598
2026-04-24 13:14:32,42253150,66516,14659110,64718,23157,72,83,9638364,19323,0,0,128716
2026-04-24 13:14:33,42323003,69853,14683332,64820,24324,76,83,9647325,8961,0,0,123471
2026-04-24 13:14:34,42391404,68401,14707081,64928,23857,75,83,9656662,9337,0,0,124893
2026-04-24 13:14:35,42459563,68159,14730705,65029,23725,81,83,9666076,9414,0,0,132774
2026-04-24 13:14:37,42522471,62908,14752493,65146,21905,80,83,9674926,8850,0,0,137929
2026-04-24 13:14:38,42590998,68527,14776328,65238,23927,80,83,9693112,18186,0,0,129196
2026-04-24 13:14:39,42660589,69591,14800450,65355,24239,78,83,9702231,9119,0,0,129486
2026-04-24 13:14:40,42731311,70722,14824958,65454,24607,81,83,9711231,9000,0,0,132913
2026-04-24 13:14:41,42798737,67426,14848364,65558,23510,71,83,9720554,9323,0,0,138231
2026-04-24 13:14:43,42864361,65624,14871129,65658,22865,77,83,9738887,18333,0,0,134731
2026-04-24 13:14:44,42933781,69420,14895212,65766,24191,78,83,9747742,8855,0,0,123052
2026-04-24 13:14:45,43003689,69908,14919412,65894,24328,77,83,9757014,9272,0,0,130574
2026-04-24 13:14:46,43072185,68496,14943206,65999,23899,81,83,9765578,8564,0,0,130919
2026-04-24 13:14:47,43137850,65665,14965976,66107,22878,79,83,9774735,9157,0,0,135102
2026-04-24 13:14:49,43203806,65956,14988858,66188,22963,75,83,9792872,18137,0,0,126760
2026-04-24 13:14:50,43272517,68711,15012651,66306,23911,77,83,9801220,8348,0,0,129461
2026-04-24 13:14:51,43339532,67015,15035857,66415,23315,73,83,9809769,8549,0,0,134368
2026-04-24 13:14:52,43406236,66704,15058974,66525,23227,81,83,9817713,7944,0,0,136149
2026-04-24 13:14:54,43470982,64746,15081428,66616,22545,75,83,9835669,17956,0,0,144820
2026-04-24 13:14:55,43540587,69605,15105542,66728,24226,78,83,9844719,9050,0,0,140864
2026-04-24 13:14:56,43610689,70102,15129878,66824,24432,76,83,9853929,9210,0,0,138824
2026-04-24 13:14:57,43679411,68722,15153709,66932,23939,76,83,9863336,9407,0,0,142567
2026-04-24 13:14:58,43748610,69199,15177714,67048,24121,74,83,9872492,9156,0,0,147349
2026-04-24 13:15:00,43819241,70631,15202176,67175,24589,78,83,9891712,19220,0,0,144018
2026-04-24 13:15:01,43889395,70154,15226547,67264,24460,80,83,9901688,9976,0,0,136614
2026-04-24 13:15:02,43960326,70931,15251207,67369,24765,74,83,9911975,10287,0,0,141621
2026-04-24 13:15:03,44031183,70857,15275794,67476,24694,77,83,9922584,10609,0,0,151793
2026-04-24 13:15:05,44100799,69616,15299961,67598,24289,74,83,9943638,21054,0,0,149610
2026-04-24 13:15:06,44172586,71787,15324817,67713,24971,74,83,9953990,10352,0,0,143167
2026-04-24 13:15:07,44243978,71392,15349561,67815,24846,76,83,9965125,11135,0,0,148417
2026-04-24 13:15:08,44314728,70750,15374127,67911,24662,79,83,9975736,10611,0,0,151991
2026-04-24 13:15:10,44384335,69607,15398257,68008,24227,73,83,9986713,10977,0,0,155610
2026-04-24 13:15:11,44453436,69101,15422209,68107,24051,74,83,10008005,21292,0,0,147923
2026-04-24 13:15:12,44521797,68361,15445992,68213,23889,75,83,10019022,11017,0,0,146693
2026-04-24 13:15:13,44591167,69370,15470056,68311,24162,74,83,10031500,12478,0,0,152720
2026-04-24 13:15:14,44658530,67363,15493510,68410,23553,78,83,10042824,11324,0,0,147783
2026-04-24 13:15:16,44725084,66554,15516610,68497,23187,78,83,10066017,23193,0,0,146928
2026-04-24 13:15:17,44793995,68911,15540500,68617,24010,75,83,10077606,11589,0,0,136271
2026-04-24 13:15:18,44862950,68955,15564450,68703,24036,75,83,10089744,12138,0,0,142102
2026-04-24 13:15:19,44931635,68685,15588260,68805,23912,74,83,10101495,11751,0,0,148352
2026-04-24 13:15:20,44999055,67420,15611640,68896,23471,81,83,10114035,12540,0,0,152640
2026-04-24 13:15:22,45066152,67097,15634945,68990,23399,77,83,10138188,24153,0,0,149603
2026-04-24 13:15:23,45133980,67828,15658537,69094,23696,74,83,10151559,13371,0,0,144622
2026-04-24 13:15:24,45202935,68955,15682490,69200,24059,76,83,10165530,13971,0,0,138389
2026-04-24 13:15:25,45272273,69338,15706590,69295,24195,66,83,10178981,13451,0,0,142606
2026-04-24 13:15:27,45338858,66585,15729694,69394,23203,81,83,10192822,13841,0,0,149256
2026-04-24 13:15:28,45407231,68373,15753427,69503,23842,80,83,10220377,27555,0,0,140742
2026-04-24 13:15:29,45477274,70043,15777722,69594,24386,79,83,10233396,13019,0,0,142582
2026-04-24 13:15:30,45546440,69166,15801760,69691,24135,73,83,10246697,13301,0,0,145725
2026-04-24 13:15:31,45613404,66964,15825016,69797,23362,68,83,10261323,14626,0,0,149677
2026-04-24 13:15:33,45680103,66699,15848173,69893,23253,81,83,10288097,26774,0,0,149793
2026-04-24 13:15:34,45749399,69296,15872231,70013,24178,80,83,10302487,14390,0,0,142188
2026-04-24 13:15:35,45818894,69495,15896350,70118,24224,79,83,10317536,15049,0,0,146497
2026-04-24 13:15:36,45889447,70553,15920820,70226,24578,77,83,10332658,15122,0,0,145804
2026-04-24 13:15:38,45956927,67480,15944244,70294,23492,74,83,10346955,14297,0,0,149791
2026-04-24 13:15:39,46024689,67762,15967715,70399,23576,71,83,10376282,29327,0,0,142382
2026-04-24 13:15:40,46093319,68630,15991545,70500,23931,77,83,10390965,14683,0,0,139582
2026-04-24 13:15:41,46162731,69412,16015620,70617,24192,78,83,10405744,14779,0,0,145758
2026-04-24 13:15:42,46230966,68235,16039320,70719,23802,81,83,10420783,15039,0,0,149860
2026-04-24 13:15:44,46297816,66850,16062500,70830,23291,79,83,10436367,15584,0,0,154991
2026-04-24 13:15:45,46365555,67739,16085982,70932,23584,73,83,10468637,32270,0,0,122529
2026-04-24 13:15:46,46434766,69211,16109994,71043,24123,78,83,10484694,16057,0,0,127415
2026-04-24 13:15:47,46504029,69263,16134040,71145,24148,73,83,10500340,15646,0,0,133205
2026-04-24 13:15:48,46571662,67633,16157503,71241,23559,75,83,10516001,15661,0,0,135807
2026-04-24 13:15:50,46637963,66301,16180495,71344,23095,78,83,10548026,32025,0,0,132347
2026-04-24 13:15:51,46707494,69531,16204618,71457,24236,76,83,10563762,15736,0,0,129722
2026-04-24 13:15:52,46777691,70197,16228964,71553,24442,77,83,10580132,16370,0,0,135801
2026-04-24 13:15:53,46846716,69025,16252946,71643,24072,71,83,10596500,16368,0,0,141514
2026-04-24 13:15:55,46913267,66551,16275999,71731,23141,81,83,10613299,16799,0,0,141976
2026-04-24 13:15:56,46982213,68946,16299874,71850,23994,72,83,10645592,32293,0,0,130347
2026-04-24 13:15:57,47051282,69069,16323859,71948,24083,72,83,10661359,15767,0,0,125678
2026-04-24 13:15:58,47120109,68827,16347731,72048,23972,80,83,10678440,17081,0,0,129770
2026-04-24 13:15:59,47188457,68348,16371447,72158,23826,81,83,10696037,17597,0,0,134997
2026-04-24 13:16:01,47254226,65769,16394266,72259,22920,76,83,10712517,16480,0,0,134949
2026-04-24 13:16:02,47321771,67545,16417718,72362,23555,74,83,10747715,35198,0,0,127656
2026-04-24 13:16:03,47392501,70730,16442185,72480,24585,76,83,10764388,16673,0,0,132010
2026-04-24 13:16:04,47459842,67341,16465594,72573,23502,78,83,10781541,17153,0,0,135482
2026-04-24 13:16:06,47524285,64443,16487935,72662,22430,76,83,10799068,17527,0,0,138296
2026-04-24 13:16:07,47589209,64924,16510481,72752,22636,81,83,10816036,16968,0,0,129009
2026-04-24 13:16:08,47657342,68133,16534099,72863,23729,74,83,10851460,35424,0,0,126667
2026-04-24 13:16:09,47726408,69066,16558004,72976,24018,77,83,10869366,17906,0,0,131899
2026-04-24 13:16:10,47792881,66473,16581046,73074,23140,79,83,10886975,17609,0,0,136399
2026-04-24 13:16:12,47860069,67188,16604296,73190,23366,80,83,10904028,17053,0,0,139583
2026-04-24 13:16:13,47926639,66570,16627389,73291,23194,79,83,10937979,33951,0,0,130898
2026-04-24 13:16:14,47995771,69132,16651365,73394,24079,77,83,10956265,18286,0,0,132032
2026-04-24 13:16:15,48064075,68304,16675056,73492,23789,80,83,10974127,17862,0,0,135739
2026-04-24 13:16:16,48125711,61636,16696430,73584,21466,62,83,10991774,17647,0,0,145517
2026-04-24 13:16:18,48189582,63871,16718599,73682,22267,73,83,11008188,16414,0,0,140621
2026-04-24 13:16:19,48255747,66165,16741561,73777,23057,76,83,11044732,36544,0,0,134454
2026-04-24 13:16:20,48322251,66504,16764661,73889,23212,80,83,11062546,17814,0,0,133370
2026-04-24 13:16:21,48388311,66060,16787567,74006,23023,80,83,11080879,18333,0,0,139807
2026-04-24 13:16:22,48454039,65728,16810411,74102,22940,73,83,11098504,17625,0,0,143010
2026-04-24 13:16:24,48518436,64397,16832780,74187,22454,73,83,11116163,17659,0,0,141023
2026-04-24 13:16:25,48583681,65245,16855380,74299,22712,77,83,11153571,37408,0,0,140709
2026-04-24 13:16:26,48648899,65218,16878012,74395,22728,79,83,11172205,18634,0,0,147743
2026-04-24 13:16:27,48714145,65246,16900651,74490,22734,76,83,11189628,17423,0,0,150356
2026-04-24 13:16:29,48777508,63363,16922632,74590,22081,72,83,11207405,17777,0,0,155807
2026-04-24 13:16:30,48839403,61895,16944093,74695,21566,70,83,11225865,18460,0,0,143519
2026-04-24 13:16:31,48901314,61911,16965610,74772,21594,81,83,11263772,37907,0,0,136068
2026-04-24 13:16:32,48966958,65644,16988363,74878,22859,78,83,11280338,16566,0,0,139970
2026-04-24 13:16:33,49030672,63714,17010458,74989,22206,81,83,11297469,17131,0,0,144801
2026-04-24 13:16:35,49093367,62695,17032298,75064,21915,81,83,11315322,17853,0,0,146517
2026-04-24 13:16:36,49153240,59873,17053058,75166,20862,66,83,11334982,19660,0,0,136805
2026-04-24 13:16:37,49210867,57627,17073002,75257,20035,76,83,11372509,37527,0,0,139907
2026-04-24 13:16:38,49278218,67351,17096387,75360,23488,77,83,11388556,16047,0,0,142903
2026-04-24 13:16:39,49343960,65742,17119222,75450,22925,77,83,11407487,18931,0,0,149946
2026-04-24 13:16:41,49406908,62948,17141043,75542,21913,81,83,11426584,19097,0,0,152971
2026-04-24 13:16:42,49469649,62741,17162798,75632,21845,81,83,11444139,17555,0,0,142345
2026-04-24 13:16:43,49534057,64408,17185159,75724,22453,77,83,11480453,36314,0,0,143418
2026-04-24 13:16:44,49600163,66106,17208107,75832,23056,78,83,11498557,18104,0,0,148064
2026-04-24 13:16:45,49664551,64388,17230474,75934,22469,81,83,11518484,19927,0,0,152127
2026-04-24 13:16:47,49725479,60928,17251604,76027,21223,68,83,11536877,18393,0,0,157921
2026-04-24 13:16:48,49783621,58142,17271733,76117,20219,72,83,11571297,34420,0,0,153895
2026-04-24 13:16:49,49849406,65785,17294599,76228,22977,75,83,11589649,18352,0,0,152302
2026-04-24 13:16:50,49916460,67054,17317844,76324,23341,78,83,11609295,19646,0,0,160089
2026-04-24 13:16:51,49979199,62739,17339641,76422,21895,81,83,11627725,18430,0,0,146947
2026-04-24 13:16:53,50037578,58379,17359819,76510,20266,74,83,11646342,18617,0,0,157441
2026-04-24 13:16:54,50097389,59811,17380559,76596,20826,77,83,11681076,34734,0,0,151372
2026-04-24 13:16:55,50160855,63466,17402615,76688,22148,74,83,11700461,19385,0,0,147745
2026-04-24 13:16:56,50228116,67261,17425856,76804,23357,79,83,11718781,18320,0,0,153841
2026-04-24 13:16:57,50291562,63446,17447838,76906,22084,73,83,11736877,18096,0,0,158319
2026-04-24 13:16:59,50354388,62826,17469631,77020,21907,74,83,11754825,17948,0,0,161322
2026-04-24 13:17:00,50416269,61881,17491105,77108,21562,75,83,11791943,37118,0,0,153766
2026-04-24 13:17:01,50482399,66130,17514080,77205,23072,74,83,11811349,19406,0,0,153674
2026-04-24 13:17:02,50548170,65771,17536889,77297,22901,73,83,11831349,20000,0,0,154077
2026-04-24 13:17:03,50608897,60727,17557971,77391,21176,71,83,11849311,17962,0,0,151880
2026-04-24 13:17:05,50667221,58324,17578247,77475,20360,70,83,11867075,17764,0,0,152020
2026-04-24 13:17:06,50728887,61666,17599618,77568,21464,73,83,11903907,36832,0,0,133309
2026-04-24 13:17:07,50787971,59084,17620139,77673,20626,78,83,11922634,18727,0,0,138614
2026-04-24 13:17:08,50848638,60667,17641221,77747,21156,81,83,11939314,16680,0,0,143108
2026-04-24 13:17:09,50906837,58199,17661446,77832,20310,81,83,11956405,17091,0,0,148270
2026-04-24 13:17:11,50965427,58590,17681758,77905,20385,80,83,11974191,17786,0,0,153517
2026-04-24 13:17:12,51024464,59037,17702259,78002,20598,73,83,11991929,17738,0,0,144891
2026-04-24 13:17:13,51087618,63154,17724209,78095,22043,71,83,12028643,36714,0,0,148160
2026-04-24 13:17:14,51150057,62439,17745888,78187,21771,76,83,12046218,17575,0,0,154155
2026-04-24 13:17:15,51210271,60214,17766829,78297,21051,73,83,12063535,17317,0,0,157725
2026-04-24 13:17:17,51270272,60001,17787648,78390,20912,80,83,12080819,17284,0,0,151149
2026-04-24 13:17:18,51333623,63351,17809617,78487,22066,72,83,12116705,35886,0,0,137815
2026-04-24 13:17:19,51398588,64965,17832161,78603,22660,73,83,12134455,17750,0,0,136049
2026-04-24 13:17:20,51466646,68058,17855762,78706,23704,81,83,12152825,18370,0,0,138790
2026-04-24 13:17:21,51532694,66048,17878673,78810,23015,71,83,12171365,18540,0,0,141204
2026-04-24 13:17:23,51598253,65559,17901436,78907,22860,78,83,12189998,18633,0,0,145217
2026-04-24 13:17:24,51665215,66962,17924648,79018,23323,75,83,12227219,37221,0,0,134863
2026-04-24 13:17:25,51733367,68152,17948294,79128,23756,76,83,12246057,18838,0,0,131101
2026-04-24 13:17:26,51801905,68538,17972055,79245,23878,80,83,12265063,19006,0,0,138460
2026-04-24 13:17:28,51867875,65970,17995018,79341,23059,81,83,12283595,18532,0,0,144092
2026-04-24 13:17:29,51934791,66916,18018143,79463,23247,79,83,12319927,36332,0,0,142082
2026-04-24 13:17:30,52003801,69010,18042085,79568,24047,80,83,12338281,18354,0,0,139272
2026-04-24 13:17:31,52072323,68522,18065810,79689,23846,80,83,12355700,17419,0,0,143504
2026-04-24 13:17:32,52139691,67368,18089177,79805,23483,80,83,12373183,17483,0,0,149546
2026-04-24 13:17:34,52206589,66898,18112386,79928,23332,75,83,12391042,17859,0,0,148735
2026-04-24 13:17:35,52273776,67187,18135740,80026,23452,67,83,12425613,34571,0,0,139869
2026-04-24 13:17:36,52342722,68946,18159551,80150,23935,76,83,12442673,17060,0,0,138316
2026-04-24 13:17:37,52411330,68608,18183398,80249,23946,70,83,12458609,15936,0,0,141411
2026-04-24 13:17:39,52478301,66971,18206628,80364,23345,78,83,12475362,16753,0,0,141306
2026-04-24 13:17:40,52545489,67188,18229939,80462,23409,75,83,12507920,32558,0,0,145325
2026-04-24 13:17:41,52613839,68350,18253621,80565,23785,77,83,12523501,15581,0,0,137574
2026-04-24 13:17:42,52682455,68616,18277446,80647,23907,76,83,12538311,14810,0,0,141742
2026-04-24 13:17:43,52751068,68613,18301245,80753,23905,71,83,12553517,15206,0,0,145100
2026-04-24 13:17:45,52819042,67974,18324830,80854,23686,77,83,12568551,15034,0,0,150974
2026-04-24 13:17:46,52887175,68133,18348468,80967,23751,77,83,12599010,30459,0,0,144760
2026-04-24 13:17:47,52957041,69866,18372655,81083,24303,77,83,12613246,14236,0,0,134939
2026-04-24 13:17:48,53025497,68456,18396423,81189,23874,76,83,12626819,13573,0,0,141411
2026-04-24 13:17:49,53093311,67814,18419946,81297,23631,75,83,12641564,14745,0,0,146785
2026-04-24 13:17:51,53161098,67787,18443457,81405,23619,78,83,12670683,29119,0,0,144782
2026-04-24 13:17:52,53228986,67888,18467042,81508,23688,75,83,12684631,13948,0,0,136326
2026-04-24 13:17:53,53298726,69740,18491205,81615,24270,76,83,12697902,13271,0,0,140445
2026-04-24 13:17:54,53367251,68525,18515010,81736,23926,77,83,12711297,13395,0,0,144836
2026-04-24 13:17:56,53436037,68786,18538881,81826,23961,76,83,12724710,13413,0,0,150208
2026-04-24 13:17:57,53505584,69547,18562921,81953,24167,80,83,12750993,26283,0,0,149669
2026-04-24 13:17:58,53574586,69002,18586834,82070,24030,77,83,12763062,12069,0,0,129280
2026-04-24 13:17:59,53643446,68860,18610749,82173,24018,80,83,12775831,12769,0,0,137016
2026-04-24 13:18:00,53711343,67897,18634322,82309,23709,80,83,12789575,13744,0,0,142522
2026-04-24 13:18:02,53779223,67880,18657854,82407,23630,80,83,12815283,25708,0,0,146664
2026-04-24 13:18:03,53849061,69838,18682054,82517,24310,69,83,12828166,12883,0,0,137020
2026-04-24 13:18:04,53919047,69986,18706349,82608,24386,77,83,12840318,12152,0,0,139611
2026-04-24 13:18:05,53988224,69177,18730346,82705,24094,78,83,12852107,11789,0,0,144117
2026-04-24 13:18:07,54055447,67223,18753714,82795,23458,79,83,12864389,12282,0,0,147920
2026-04-24 13:18:08,54125470,70023,18777968,82911,24370,78,83,12888384,23995,0,0,142669
2026-04-24 13:18:09,54195139,69669,18802156,83014,24291,77,83,12900276,11892,0,0,139997
2026-04-24 13:18:10,54265638,70499,18826539,83144,24513,78,83,12912042,11766,0,0,136464
2026-04-24 13:18:11,54335074,69436,18850619,83242,24178,81,83,12922972,10930,0,0,145558
2026-04-24 13:18:13,54403468,68394,18874376,83351,23866,75,83,12946321,23349,0,0,151640
2026-04-24 13:18:14,54473564,70096,18898674,83468,24415,73,83,12957603,11282,0,0,142798
2026-04-24 13:18:15,54543283,69719,18922849,83582,24289,76,83,12968813,11210,0,0,145194
2026-04-24 13:18:16,54613000,69717,18947023,83692,24284,75,83,12980916,12103,0,0,149196
2026-04-24 13:18:18,54681635,68635,18970800,83791,23876,80,83,13003655,22739,0,0,148590
2026-04-24 13:18:19,54751152,69517,18994930,83893,24232,80,83,13015131,11476,0,0,137041
2026-04-24 13:18:20,54820885,69733,19019103,83994,24274,78,83,13027116,11985,0,0,133535
2026-04-24 13:18:21,54891344,70459,19043516,84103,24522,75,83,13038596,11480,0,0,133654
2026-04-24 13:18:22,54959860,68516,19067312,84194,23887,74,83,13049904,11308,0,0,133817
2026-04-24 13:18:24,55028353,68493,19091076,84294,23864,78,83,13072925,23021,0,0,138988
2026-04-24 13:18:25,55097407,69054,19115045,84404,24079,78,83,13084622,11697,0,0,130451
2026-04-24 13:18:26,55167786,70379,19139461,84507,24519,77,83,13095951,11329,0,0,129572
2026-04-24 13:18:27,55237219,69433,19163545,84619,24196,76,83,13107913,11962,0,0,135305
2026-04-24 13:18:29,55304241,67022,19186877,84708,23421,71,83,13119488,11575,0,0,146360
2026-04-24 13:18:30,55371119,66878,19210095,84796,23306,76,83,13144244,24756,0,0,128690
2026-04-24 13:18:31,55440605,69486,19234232,84874,24215,77,83,13155873,11629,0,0,124412
2026-04-24 13:18:32,55510714,70109,19258547,84980,24421,73,83,13167296,11423,0,0,129827
2026-04-24 13:18:33,55579881,69167,19282511,85082,24066,81,83,13178365,11069,0,0,135957
2026-04-24 13:18:35,55648443,68562,19306286,85206,23899,77,83,13201606,23241,0,0,141974
2026-04-24 13:18:36,55717408,68965,19330224,85317,24049,75,83,13213920,12314,0,0,135228
2026-04-24 13:18:37,55787905,70497,19354685,85404,24548,76,83,13225652,11732,0,0,134588
2026-04-24 13:18:38,55856200,68295,19378444,85511,23866,80,83,13237317,11665,0,0,137252
2026-04-24 13:18:40,55923415,67215,19401799,85610,23454,72,83,13249977,12660,0,0,129007
2026-04-24 13:18:41,55992427,69012,19425744,85700,24035,80,83,13274027,24050,0,0,128622
2026-04-24 13:18:42,56061877,69450,19449815,85801,24172,75,83,13286309,12282,0,0,118342
2026-04-24 13:18:43,56130956,69079,19473779,85909,24072,78,83,13297785,11476,0,0,124161
2026-04-24 13:18:44,56199988,69032,19497761,86016,24089,81,83,13309980,12195,0,0,130465
2026-04-24 13:18:46,56268043,68055,19521363,86103,23689,75,83,13334730,24750,0,0,134475
2026-04-24 13:18:47,56337075,69032,19545300,86225,24059,76,83,13347296,12566,0,0,128460
2026-04-24 13:18:48,56406508,69433,19569346,86348,24169,74,83,13359979,12683,0,0,129774
2026-04-24 13:18:49,56475839,69331,19593411,86448,24165,81,83,13372795,12816,0,0,138549
2026-04-24 13:18:51,56539244,63405,19615402,86534,22077,75,83,13384766,11971,0,0,145867
2026-04-24 13:18:52,56606482,67238,19638692,86640,23396,77,83,13409549,24783,0,0,139610
2026-04-24 13:18:53,56675279,68797,19662593,86749,24010,73,83,13422171,12622,0,0,130325
2026-04-24 13:18:54,56744672,69393,19686672,86862,24192,68,83,13435203,13032,0,0,133305
2026-04-24 13:18:55,56810120,65448,19709411,86958,22835,80,83,13448418,13215,0,0,138007
2026-04-24 13:18:57,56874265,64145,19731654,87049,22334,81,83,13461506,13088,0,0,142144
2026-04-24 13:18:58,56941338,67073,19754928,87147,23372,75,83,13487804,26298,0,0,135555
2026-04-24 13:18:59,57009968,68630,19778752,87256,23933,76,83,13501229,13425,0,0,123536
2026-04-24 13:19:00,57079863,69895,19802988,87368,24348,80,83,13514621,13392,0,0,127445
2026-04-24 13:19:01,57143623,63760,19825110,87470,22224,72,83,13528121,13500,0,0,138451
2026-04-24 13:19:03,57204597,60974,19846249,87573,21242,65,83,13541059,12938,0,0,142014
2026-04-24 13:19:04,57271253,66656,19869317,87677,23172,74,83,13568121,27062,0,0,140361
2026-04-24 13:19:05,57339734,68481,19893035,87773,23814,77,83,13581295,13174,0,0,139369
2026-04-24 13:19:06,57408392,68658,19916827,87894,23913,79,83,13594843,13548,0,0,141734
2026-04-24 13:19:07,57471661,63269,19938782,87979,22040,81,83,13608874,14031,0,0,147168
2026-04-24 13:19:09,57533726,62065,19960314,88078,21631,79,83,13622788,13914,0,0,150518
2026-04-24 13:19:10,57599525,65799,19983151,88175,22934,75,83,13650847,28059,0,0,140101
2026-04-24 13:19:11,57667178,67653,20006598,88279,23551,79,83,13664192,13345,0,0,141213
2026-04-24 13:19:12,57734355,67177,20029903,88385,23411,77,83,13677669,13477,0,0,138072
2026-04-24 13:19:14,57796525,62170,20051478,88464,21654,77,83,13692443,14774,0,0,142518
2026-04-24 13:19:15,57856094,59569,20072147,88550,20755,81,83,13706582,14139,0,0,142579
2026-04-24 13:19:16,57922003,65909,20095000,88645,22948,76,83,13735029,28447,0,0,131272
2026-04-24 13:19:17,57988071,66068,20117941,88744,23040,76,83,13748971,13942,0,0,132815
2026-04-24 13:19:18,58053766,65695,20140764,88837,22916,81,83,13763064,14093,0,0,137436
2026-04-24 13:19:20,58114409,60643,20161863,88928,21190,81,83,13778561,15497,0,0,140493
2026-04-24 13:19:21,58176044,61635,20183226,89007,21442,77,83,13808661,30100,0,0,140963
2026-04-24 13:19:22,58243108,67064,20206477,89110,23354,73,83,13823081,14420,0,0,126300
2026-04-24 13:19:23,58309794,66686,20229593,89215,23221,72,83,13838337,15256,0,0,130516
2026-04-24 13:19:24,58372794,63000,20251519,89300,22011,81,83,13853115,14778,0,0,129709
2026-04-24 13:19:26,58432326,59532,20272165,89389,20735,81,83,13868072,14957,0,0,137213
2026-04-24 13:19:27,58487720,55394,20291393,89477,19316,81,83,13882657,14585,0,0,138655
2026-04-24 13:19:28,58546865,59145,20311878,89573,20581,78,83,13910977,28320,0,0,136997
2026-04-24 13:19:29,58612001,65136,20334458,89669,22676,76,83,13925118,14141,0,0,142961
2026-04-24 13:19:30,58680714,68713,20358298,89767,23938,80,83,13939642,14524,0,0,147006
2026-04-24 13:19:32,58744925,64211,20380559,89880,22374,71,83,13955145,15503,0,0,149659
2026-04-24 13:19:33,58811939,67014,20403726,89983,23270,81,83,13986179,31034,0,0,151558
2026-04-24 13:19:34,58880695,68756,20427581,90088,23960,76,83,14001676,15497,0,0,139192
2026-04-24 13:19:35,58949730,69035,20451513,90182,24026,81,83,14017968,16292,0,0,140826
2026-04-24 13:19:36,59015678,65948,20474414,90283,23002,78,83,14034116,16148,0,0,139910
2026-04-24 13:19:38,59078484,62806,20496222,90350,21875,80,83,14050439,16323,0,0,140969
2026-04-24 13:19:39,59146538,68054,20519813,90449,23690,75,83,14083716,33277,0,0,134954
2026-04-24 13:19:40,59215767,69229,20543824,90575,24137,74,83,14100375,16659,0,0,128053
2026-04-24 13:19:41,59285160,69393,20567924,90669,24194,76,83,14116884,16509,0,0,134397
2026-04-24 13:19:42,59348853,63693,20590104,90763,22274,81,83,14133477,16593,0,0,137651
2026-04-24 13:19:44,59411994,63141,20612022,90849,22004,70,83,14151359,17882,0,0,146504
2026-04-24 13:19:45,59479758,67764,20635513,90959,23601,78,83,14185256,33897,0,0,133980
2026-04-24 13:19:46,59549763,70005,20659822,91056,24406,75,83,14201866,16610,0,0,130832
2026-04-24 13:19:47,59617862,68099,20683470,91155,23747,74,83,14219638,17772,0,0,137947
2026-04-24 13:19:49,59683509,65647,20706224,91251,22850,79,83,14236821,17183,0,0,141679
2026-04-24 13:19:50,59750990,67481,20729652,91350,23527,77,83,14271070,34249,0,0,140474
2026-04-24 13:19:51,59820135,69145,20753635,91433,24066,75,83,14288296,17226,0,0,132628
2026-04-24 13:19:52,59888207,68072,20777283,91550,23765,75,83,14306848,18552,0,0,136537
2026-04-24 13:19:53,59951707,63500,20799367,91633,22167,76,83,14325288,18440,0,0,140649
2026-04-24 13:19:55,60017084,65377,20822010,91731,22741,76,83,14342449,17161,0,0,139898
2026-04-24 13:19:56,60084426,67342,20845366,91820,23445,78,83,14376760,34311,0,0,131597
2026-04-24 13:19:57,60154146,69720,20869542,91937,24293,75,83,14394283,17523,0,0,123797
2026-04-24 13:19:58,60221405,67259,20892922,92033,23476,79,83,14412950,18667,0,0,132262
2026-04-24 13:20:00,60288127,66722,20916055,92145,23245,65,83,14430605,17655,0,0,137344
2026-04-24 13:20:01,60356615,68488,20939813,92235,23848,79,83,14448523,17918,0,0,143081
2026-04-24 13:20:02,60424776,68161,20963453,92352,23757,78,83,14485308,36785,0,0,134104
2026-04-24 13:20:03,60493728,68952,20987358,92472,24025,73,83,14504486,19178,0,0,135797
2026-04-24 13:20:04,60558628,64900,21009913,92556,22639,76,83,14522417,17931,0,0,142363
2026-04-24 13:20:06,60624722,66094,21032917,92636,23084,81,83,14539922,17505,0,0,145916
2026-04-24 13:20:07,60692424,67702,21056351,92741,23539,76,83,14578620,38698,0,0,145450
2026-04-24 13:20:08,60761067,68643,21080190,92842,23940,78,83,14596890,18270,0,0,145163
2026-04-24 13:20:09,60829946,68879,21104106,92939,24013,77,83,14614846,17956,0,0,148007
2026-04-24 13:20:10,60897757,67811,21127639,93044,23638,78,83,14633617,18771,0,0,153527
2026-04-24 13:20:12,60966027,68270,21151321,93157,23795,81,83,14652562,18945,0,0,157846
2026-04-24 13:20:13,61032527,66500,21174390,93251,23163,76,83,14690109,37547,0,0,147266
2026-04-24 13:20:14,61098341,65814,21197253,93347,22959,78,83,14707907,17798,0,0,148842
2026-04-24 13:20:15,61166084,67743,21220776,93447,23623,67,83,14726259,18352,0,0,138818
2026-04-24 13:20:17,61234196,68112,21244391,93549,23717,76,83,14745036,18777,0,0,137105
2026-04-24 13:20:18,61300912,66716,21267558,93642,23260,67,83,14763010,17974,0,0,133612
2026-04-24 13:20:19,61370658,69746,21291715,93756,24271,75,83,14801356,38346,0,0,121476
2026-04-24 13:20:20,61440122,69464,21315822,93877,24228,76,83,14820057,18701,0,0,123555
2026-04-24 13:20:21,61507564,67442,21339219,93997,23517,79,83,14839375,19318,0,0,126321
2026-04-24 13:20:23,61573730,66166,21362198,94116,23098,76,83,14857795,18420,0,0,130152
2026-04-24 13:20:24,61637052,63322,21384161,94209,22056,74,83,14895036,37241,0,0,124688
2026-04-24 13:20:25,61706390,69338,21408204,94315,24149,77,83,14912797,17761,0,0,120819
2026-04-24 13:20:26,61774516,68126,21431879,94414,23774,81,83,14931654,18857,0,0,124008
2026-04-24 13:20:28,61842051,67535,21455302,94534,23543,74,83,14950176,18522,0,0,123585
2026-04-24 13:20:29,61908414,66363,21478314,94637,23115,79,83,14969756,19580,0,0,124384
2026-04-24 13:20:30,61976250,67836,21501882,94739,23670,73,83,15008520,38764,0,0,108121
2026-04-24 13:20:31,62045362,69112,21525856,94845,24080,77,83,15027285,18765,0,0,111142
2026-04-24 13:20:32,62113401,68039,21549481,94958,23738,63,83,15046918,19633,0,0,114589
2026-04-24 13:20:34,62175755,62354,21571138,95065,21764,81,83,15065849,18931,0,0,121196
2026-04-24 13:20:35,62243474,67719,21594603,95173,23573,79,83,15102671,36822,0,0,113650
2026-04-24 13:20:36,62312518,69044,21618576,95265,24065,78,83,15122594,19923,0,0,105430
2026-04-24 13:20:37,62382025,69507,21642723,95369,24251,76,83,15142211,19617,0,0,119349
2026-04-24 13:20:39,62448821,66796,21665828,95481,23217,78,83,15161551,19340,0,0,127516
2026-04-24 13:20:40,62516246,67425,21689282,95570,23543,70,83,15180733,19182,0,0,131938
2026-04-24 13:20:41,62584774,68528,21713039,95684,23871,81,83,15217633,36900,0,0,120348
2026-04-24 13:20:42,62652646,67872,21736605,95778,23660,76,83,15236686,19053,0,0,124131
2026-04-24 13:20:43,62715947,63301,21758575,95863,22055,81,83,15254227,17541,0,0,131675
2026-04-24 13:20:45,62782375,66428,21781628,95961,23151,81,83,15272052,17825,0,0,134660
2026-04-24 13:20:46,62849342,66967,21804843,96053,23307,74,83,15308458,36406,0,0,134881
2026-04-24 13:20:47,62918079,68737,21828657,96185,23946,78,83,15326588,18130,0,0,117334
2026-04-24 13:20:48,62987390,69311,21852668,96295,24121,78,83,15344880,18292,0,0,122019
2026-04-24 13:20:49,63051105,63715,21874815,96395,22247,79,83,15363212,18332,0,0,125834
2026-04-24 13:20:51,63113964,62859,21896598,96492,21880,76,83,15381434,18222,0,0,130474
2026-04-24 13:20:52,63182205,68241,21920228,96622,23760,74,83,15416413,34979,0,0,122669
2026-04-24 13:20:53,63251034,68829,21944084,96731,23965,77,83,15434039,17626,0,0,119139
2026-04-24 13:20:54,63318581,67547,21967503,96816,23504,81,83,15450896,16857,0,0,124579
2026-04-24 13:20:56,63384603,66022,21990475,96905,23061,74,83,15467859,16963,0,0,128203
2026-04-24 13:20:57,63452449,67846,22013992,97013,23625,75,83,15502965,35106,0,0,132307
2026-04-24 13:20:58,63521329,68880,22037897,97109,24001,74,83,15520568,17603,0,0,125486
2026-04-24 13:20:59,63590511,69182,22061920,97206,24120,70,83,15537118,16550,0,0,126526
2026-04-24 13:21:00,63655778,65267,22084608,97308,22790,81,83,15554073,16955,0,0,132995
2026-04-24 13:21:02,63721490,65712,22107443,97399,22926,73,83,15572197,18124,0,0,138281
2026-04-24 13:21:03,63789660,68170,22131060,97508,23726,77,83,15605383,33186,0,0,133366
2026-04-24 13:21:04,63856476,66816,22154202,97624,23258,78,83,15621783,16400,0,0,129894
2026-04-24 13:21:05,63924737,68261,22177865,97735,23774,70,83,15637630,15847,0,0,135670
2026-04-24 13:21:07,63990203,65466,22200573,97841,22814,76,83,15654156,16526,0,0,137662
2026-04-24 13:21:08,64057588,67385,22223963,97939,23488,78,83,15685627,31471,0,0,140405
2026-04-24 13:21:09,64125196,67608,22247433,98050,23581,77,83,15701623,15996,0,0,123456
2026-04-24 13:21:10,64193962,68766,22271298,98163,23978,74,83,15716922,15299,0,0,125908
2026-04-24 13:21:11,64260525,66563,22294371,98268,23178,80,83,15732634,15712,0,0,126266
2026-04-24 13:21:13,64324409,63884,22316571,98359,22291,72,83,15748659,16025,0,0,132044
2026-04-24 13:21:14,64391376,66967,22339802,98471,23343,76,83,15779667,31008,0,0,131583
2026-04-24 13:21:15,64458085,66709,22362958,98572,23257,75,83,15795522,15855,0,0,125556
2026-04-24 13:21:16,64527334,69249,22386989,98650,24109,73,83,15809261,13739,0,0,130441
2026-04-24 13:21:18,64594487,67153,22410265,98763,23389,77,83,15823930,14669,0,0,135963
2026-04-24 13:21:19,64660759,66272,22433240,98868,23080,76,83,15854727,30797,0,0,133775
2026-04-24 13:21:20,64729784,69025,22457148,98983,24023,70,83,15868649,13922,0,0,124415
2026-04-24 13:21:21,64797003,67219,22480529,99081,23479,76,83,15883114,14465,0,0,127006
2026-04-24 13:21:22,64864370,67367,22503929,99193,23512,81,83,15897967,14853,0,0,133574
2026-04-24 13:21:24,64926459,62089,22525477,99294,21649,81,83,15912392,14425,0,0,136199
2026-04-24 13:21:25,64991863,65404,22548172,99390,22791,74,83,15940108,27716,0,0,138431
2026-04-24 13:21:26,65059491,67628,22571612,99496,23546,71,83,15954983,14875,0,0,132041
2026-04-24 13:21:27,65123871,64380,22593986,99588,22466,79,83,15969103,14120,0,0,134685
2026-04-24 13:21:28,65191675,67804,22617485,99700,23611,81,83,15982333,13230,0,0,139034
2026-04-24 13:21:30,65256170,64495,22639888,99796,22499,78,83,15996102,13769,0,0,143535
2026-04-24 13:21:31,65324217,68047,22663474,99920,23710,78,83,16024347,28245,0,0,141649
2026-04-24 13:21:32,65391912,67695,22686930,100029,23565,75,83,16037650,13303,0,0,133173
2026-04-24 13:21:33,65459900,67988,22710505,100129,23675,81,83,16050467,12817,0,0,136048
2026-04-24 13:21:34,65523021,63121,22732412,100223,22001,79,83,16063567,13100,0,0,140173
2026-04-24 13:21:36,65592775,69754,22756581,100316,24262,77,83,16089890,26323,0,0,147750
2026-04-24 13:21:37,65663982,71207,22781280,100433,24816,75,83,16102927,13037,0,0,139652
2026-04-24 13:21:38,65734967,70985,22805899,100541,24727,76,83,16117446,14519,0,0,134125
2026-04-24 13:21:39,65804855,69888,22830127,100657,24344,77,83,16130468,13022,0,0,142775
2026-04-24 13:21:41,65874400,69545,22854258,100775,24249,79,83,16143908,13440,0,0,150609
2026-04-24 13:21:42,65944697,70297,22878673,100888,24528,70,83,16171952,28044,0,0,141036
2026-04-24 13:21:43,66015327,70630,22903195,100991,24625,78,83,16185876,13924,0,0,130415
2026-04-24 13:21:44,66087550,72223,22928217,101102,25133,81,83,16199165,13289,0,0,135908
2026-04-24 13:21:46,66157693,70143,22952573,101201,24455,79,83,16212165,13000,0,0,141158
2026-04-24 13:21:47,66227001,69308,22976633,101299,24158,72,83,16239326,27161,0,0,147443
2026-04-24 13:21:48,66298296,71295,23001353,101394,24815,77,83,16252339,13013,0,0,142135
2026-04-24 13:21:49,66368773,70477,23025824,101505,24582,74,83,16265782,13443,0,0,144657
2026-04-24 13:21:50,66438517,69744,23050058,101597,24326,71,83,16279037,13255,0,0,133998
2026-04-24 13:21:52,66508034,69517,23074153,101699,24197,77,83,16305254,26217,0,0,129286
2026-04-24 13:21:53,66579017,70983,23098799,101822,24769,75,83,16318324,13070,0,0,131481
2026-04-24 13:21:54,66649779,70762,23123333,101931,24643,72,83,16331617,13293,0,0,119003
2026-04-24 13:21:55,66720426,70647,23147879,102048,24663,74,83,16345312,13695,0,0,119573
2026-04-24 13:21:57,66789568,69142,23171899,102159,24131,67,83,16358625,13313,0,0,125478
2026-04-24 13:21:58,66860046,70478,23196335,102280,24557,73,83,16385795,27170,0,0,130295
2026-04-24 13:21:59,66931440,71394,23221115,102396,24896,76,83,16398285,12490,0,0,121046
2026-04-24 13:22:00,67001988,70548,23245592,102502,24583,78,83,16412032,13747,0,0,125824
2026-04-24 13:22:01,67071721,69733,23269836,102609,24351,80,83,16424938,12906,0,0,128475
2026-04-24 13:22:03,67141867,70146,23294151,102724,24430,71,83,16450745,25807,0,0,134048
2026-04-24 13:22:04,67212611,70744,23318712,102824,24661,78,83,16463830,13085,0,0,131980
2026-04-24 13:22:05,67283942,71331,23343446,102913,24823,76,83,16476713,12883,0,0,128551
2026-04-24 13:22:06,67355229,71287,23368204,102996,24841,81,83,16489892,13179,0,0,130971
2026-04-24 13:22:08,67425741,70512,23392633,103096,24529,75,83,16502550,12658,0,0,137583
2026-04-24 13:22:09,67496203,70462,23417074,103200,24545,77,83,16529443,26893,0,0,139898
2026-04-24 13:22:10,67567283,71080,23441751,103305,24782,80,83,16542741,13298,0,0,135526
2026-04-24 13:22:11,67638937,71654,23466569,103417,24930,75,83,16555751,13010,0,0,138431
2026-04-24 13:22:12,67709154,70217,23490935,103510,24459,76,83,16569444,13693,0,0,143436
2026-04-24 13:22:14,67779328,70174,23515270,103598,24423,74,83,16596652,27208,0,0,148353
2026-04-24 13:22:15,67850920,71592,23540110,103700,24942,76,83,16610331,13679,0,0,142113
2026-04-24 13:22:16,67921938,71018,23564767,103818,24775,75,83,16623340,13009,0,0,139907
2026-04-24 13:22:17,67993059,71121,23589452,103936,24803,73,83,16637311,13971,0,0,146514
2026-04-24 13:22:19,68062120,69061,23613420,104037,24069,78,83,16651022,13711,0,0,149458
2026-04-24 13:22:20,68132840,70720,23637943,104136,24622,76,83,16679054,28032,0,0,149322
2026-04-24 13:22:21,68202415,69575,23662082,104239,24242,78,83,16692490,13436,0,0,128446
2026-04-24 13:22:22,68272464,70049,23686427,104350,24456,79,83,16706234,13744,0,0,124910
2026-04-24 13:22:24,68342738,70274,23710787,104466,24476,81,83,16720802,14568,0,0,128228
2026-04-24 13:22:25,68413117,70379,23735213,104555,24515,78,83,16747647,26845,0,0,131753
2026-04-24 13:22:26,68483556,70439,23759694,104652,24578,76,83,16761624,13977,0,0,124605
2026-04-24 13:22:27,68555002,71446,23784500,104756,24910,77,83,16776227,14603,0,0,123560
2026-04-24 13:22:28,68624552,69550,23808648,104851,24243,76,83,16790774,14547,0,0,125499
2026-04-24 13:22:30,68693625,69073,23832629,104956,24086,79,83,16805740,14966,0,0,134428
2026-04-24 13:22:31,68763491,69866,23856853,105066,24334,74,83,16834093,28353,0,0,128057
2026-04-24 13:22:32,68832770,69279,23880969,105163,24213,73,83,16848041,13948,0,0,124216
2026-04-24 13:22:33,68904446,71676,23905788,105269,24925,74,83,16863240,15199,0,0,128328
2026-04-24 13:22:35,68974132,69686,23929969,105384,24296,77,83,16877429,14189,0,0,133251
2026-04-24 13:22:36,69042799,68667,23953797,105483,23927,76,83,16907664,30235,0,0,139175
2026-04-24 13:22:37,69113865,71066,23978435,105594,24749,78,83,16922082,14418,0,0,133702
2026-04-24 13:22:38,69184666,70801,24002998,105701,24670,74,83,16937524,15442,0,0,131888
2026-04-24 13:22:39,69254218,69552,24027151,105801,24253,78,83,16953000,15476,0,0,136350
2026-04-24 13:22:41,69322589,68371,24050931,105891,23870,66,83,16968362,15362,0,0,131923
2026-04-24 13:22:42,69392070,69481,24075030,106004,24212,74,83,16999774,31412,0,0,124974
2026-04-24 13:22:43,69462850,70780,24099581,106103,24650,80,83,17015146,15372,0,0,112211
2026-04-24 13:22:44,69533712,70862,24124183,106210,24709,73,83,17029838,14692,0,0,115468
2026-04-24 13:22:46,69603198,69486,24148300,106317,24224,73,83,17045453,15615,0,0,118424
2026-04-24 13:22:47,69672220,69022,24172270,106415,24068,76,83,17075993,30540,0,0,122790
2026-04-24 13:22:48,69742565,70345,24196688,106507,24510,78,83,17091059,15066,0,0,117669
2026-04-24 13:22:49,69812679,70114,24221057,106608,24470,79,83,17106629,15570,0,0,117003
2026-04-24 13:22:50,69883320,70641,24245487,106732,24554,76,83,17122414,15785,0,0,122434
2026-04-24 13:22:52,69952640,69320,24269543,106840,24164,68,83,17137722,15308,0,0,129670
2026-04-24 13:22:53,70019910,67270,24292839,106960,23416,75,83,17169382,31660,0,0,125997
2026-04-24 13:22:54,70089164,69254,24316885,107073,24159,77,83,17185047,15665,0,0,116366
2026-04-24 13:22:55,70159657,70493,24341312,107181,24535,77,83,17201915,16868,0,0,122887
2026-04-24 13:22:57,70228492,68835,24365192,107295,23994,79,83,17217568,15653,0,0,125917
2026-04-24 13:22:58,70293125,64633,24387559,107400,22472,80,83,17232797,15229,0,0,130406
2026-04-24 13:22:59,70358703,65578,24410259,107511,22811,77,83,17262570,29773,0,0,130773
2026-04-24 13:23:00,70426708,68005,24433834,107629,23693,79,83,17279142,16572,0,0,124076
2026-04-24 13:23:01,70495181,68473,24457606,107747,23890,81,83,17295745,16603,0,0,122803
2026-04-24 13:23:03,70562120,66939,24480850,107847,23344,74,83,17312756,17011,0,0,129318
2026-04-24 13:23:04,70626601,64481,24503190,107952,22445,76,83,17344869,32113,0,0,130683
2026-04-24 13:23:05,70696354,69753,24527341,108075,24274,75,83,17360727,15858,0,0,126834
2026-04-24 13:23:06,70766165,69811,24551566,108191,24341,72,83,17377213,16486,0,0,125449
2026-04-24 13:23:07,70830711,64546,24573965,108294,22502,80,83,17394336,17123,0,0,126958
2026-04-24 13:23:09,70894279,63568,24596032,108397,22170,79,83,17410964,16628,0,0,130969
2026-04-24 13:23:10,70955473,61194,24617235,108496,21302,69,83,17427401,16437,0,0,128631
2026-04-24 13:23:11,71022586,67113,24640522,108601,23392,77,83,17459290,31889,0,0,116836
2026-04-24 13:23:12,71090148,67562,24663957,108695,23529,75,83,17476206,16916,0,0,123119
2026-04-24 13:23:13,71155162,65014,24686549,108794,22691,81,83,17492801,16595,0,0,127471
2026-04-24 13:23:15,71217146,61984,24708025,108907,21589,72,83,17510192,17391,0,0,133804
2026-04-24 13:23:16,71282258,65112,24730622,109015,22705,74,83,17544073,33881,0,0,129422
2026-04-24 13:23:17,71348571,66313,24753581,109106,23050,76,83,17561301,17228,0,0,122964
2026-04-24 13:23:18,71417142,68571,24777397,109212,23922,80,83,17577610,16309,0,0,124415
2026-04-24 13:23:20,71482703,65561,24800142,109305,22838,81,83,17595424,17814,0,0,129473
2026-04-24 13:23:21,71546863,64160,24822439,109399,22391,81,83,17612216,16792,0,0,131102
2026-04-24 13:23:22,71610708,63845,24844595,109487,22244,77,83,17647467,35251,0,0,126917
2026-04-24 13:23:23,71676977,66269,24867578,109589,23085,78,83,17665328,17861,0,0,121398
2026-04-24 13:23:24,71743442,66465,24890660,109678,23171,77,83,17681854,16526,0,0,121092
2026-04-24 13:23:26,71807608,64166,24912885,109774,22321,78,83,17699824,17970,0,0,127394
2026-04-24 13:23:27,71871229,63621,24934986,109886,22213,81,83,17717565,17741,0,0,133873
2026-04-24 13:23:28,71936309,65080,24957579,109989,22696,75,83,17753427,35862,0,0,125706
2026-04-24 13:23:29,72004412,68103,24981174,110109,23715,80,83,17769785,16358,0,0,125013
2026-04-24 13:23:30,72070341,65929,25004044,110213,22974,64,83,17788178,18393,0,0,131939
2026-04-24 13:23:32,72133280,62939,25025894,110312,21949,77,83,17805866,17688,0,0,132480
2026-04-24 13:23:33,72193494,60214,25046767,110418,20979,81,83,17824727,18861,0,0,137620
2026-04-24 13:23:34,72259183,65689,25069509,110521,22845,75,83,17859412,34685,0,0,128741
2026-04-24 13:23:35,72326676,67493,25092921,110620,23511,75,83,17877212,17800,0,0,126532
2026-04-24 13:23:36,72393798,67122,25116205,110732,23396,75,83,17895631,18419,0,0,125125
2026-04-24 13:23:38,72456721,62923,25138052,110826,21941,69,83,17914143,18512,0,0,130909
2026-04-24 13:23:39,72520980,64259,25160329,110930,22381,71,83,17950821,36678,0,0,134666
2026-04-24 13:23:40,72589428,68448,25184024,111051,23816,78,83,17969175,18354,0,0,126479
2026-04-24 13:23:41,72656951,67523,25207478,111146,23549,80,83,17988131,18956,0,0,132235
2026-04-24 13:23:43,72721052,64101,25229712,111256,22344,68,83,18006848,18717,0,0,137014
2026-04-24 13:23:44,72786903,65851,25252575,111368,22975,67,83,18025472,18624,0,0,144103
2026-04-24 13:23:45,72855254,68351,25276300,111462,23819,74,83,18064364,38892,0,0,128848
2026-04-24 13:23:46,72924630,69376,25300351,111562,24151,78,83,18084364,20000,0,0,125975
2026-04-24 13:23:47,72992108,67478,25323840,111651,23578,80,83,18104275,19911,0,0,131895
2026-04-24 13:23:49,73058498,66390,25346803,111763,23075,69,83,18124149,19874,0,0,135503
2026-04-24 13:23:50,73126293,67795,25370308,111840,23582,78,83,18162564,38415,0,0,138900
2026-04-24 13:23:51,73196047,69754,25394500,111939,24291,73,83,18182123,19559,0,0,132620
2026-04-24 13:23:52,73265280,69233,25418500,112035,24096,75,83,18202024,19901,0,0,132936
2026-04-24 13:23:54,73331251,65971,25441416,112120,23001,74,83,18221201,19177,0,0,136657
2026-04-24 13:23:55,73398917,67666,25464918,112226,23608,81,83,18240516,19315,0,0,146474
2026-04-24 13:23:56,73466584,67667,25488422,112317,23595,74,83,18280516,40000,0,0,143629
2026-04-24 13:23:57,73535689,69105,25512417,112419,24097,81,83,18300516,20000,0,0,140934
2026-04-24 13:23:58,73605562,69873,25536620,112543,24327,73,83,18320516,20000,0,0,148506
2026-04-24 13:24:00,73673794,68232,25560336,112642,23815,73,83,18340516,20000,0,0,148343
2026-04-24 13:24:01,73739915,66121,25583291,112739,23052,63,83,18380516,40000,0,0,154588
2026-04-24 13:24:02,73806188,66273,25606311,112836,23117,75,83,18400516,20000,0,0,145320
2026-04-24 13:24:03,73873585,67397,25629646,112953,23452,78,83,18420516,20000,0,0,146421
2026-04-24 13:24:04,73939780,66195,25652605,113049,23055,76,83,18439574,19058,0,0,147054
2026-04-24 13:24:06,74003895,64115,25674890,113148,22384,68,83,18458936,19362,0,0,148347
2026-04-24 13:24:07,74069290,65395,25697534,113246,22742,77,83,18496491,37555,0,0,156186
2026-04-24 13:24:08,74136717,67427,25720920,113360,23500,76,83,18515905,19414,0,0,147946
2026-04-24 13:24:09,74204579,67862,25744357,113464,23541,78,83,18534658,18753,0,0,150541
2026-04-24 13:24:10,74270013,65434,25767080,113575,22834,70,83,18553010,18352,0,0,156562
2026-04-24 13:24:12,74334707,64694,25789564,113674,22583,80,83,18572886,19876,0,0,158058
2026-04-24 13:24:13,74400985,66278,25812549,113757,23068,78,83,18611698,38812,0,0,160462
2026-04-24 13:24:14,74468270,67285,25835876,113857,23427,72,83,18630605,18907,0,0,150697
2026-04-24 13:24:15,74534941,66671,25859052,113960,23279,75,83,18648543,17938,0,0,151615
2026-04-24 13:24:17,74599936,64995,25881611,114046,22645,75,83,18668368,19825,0,0,149182
2026-04-24 13:24:18,74665565,65629,25904346,114137,22826,70,83,18687846,19478,0,0,155604
2026-04-24 13:24:19,74731947,66382,25927395,114234,23146,80,83,18725381,37535,0,0,147481
2026-04-24 13:24:20,74798128,66181,25950369,114329,23069,78,83,18743664,18283,0,0,143560
2026-04-24 13:24:21,74865397,67269,25973680,114426,23408,74,83,18761588,17924,0,0,146055
2026-04-24 13:24:23,74930076,64679,25996180,114515,22589,81,83,18780609,19021,0,0,150547
2026-04-24 13:24:24,74995496,65420,26018844,114627,22776,71,83,18818385,37776,0,0,155307
2026-04-24 13:24:25,75062066,66570,26041924,114732,23185,73,83,18836961,18576,0,0,146441
2026-04-24 13:24:26,75129803,67737,26065439,114838,23621,77,83,18856279,19318,0,0,131052
2026-04-24 13:24:27,75195764,65961,26088312,114928,22963,81,83,18875176,18897,0,0,131808
2026-04-24 13:24:29,75259144,63380,26110323,115034,22117,79,83,18892154,16978,0,0,130491
2026-04-24 13:24:30,75321169,62025,26131842,115119,21604,78,83,18927620,35466,0,0,137459
2026-04-24 13:24:31,75388186,67017,26155038,115230,23307,68,83,18944907,17287,0,0,130099
2026-04-24 13:24:32,75452178,63992,26177240,115329,22301,77,83,18962243,17336,0,0,134692
2026-04-24 13:24:33,75513439,61261,26198512,115415,21358,81,83,18979019,16776,0,0,138517
2026-04-24 13:24:35,75575714,62275,26220118,115515,21706,81,83,18995635,16616,0,0,142578
2026-04-24 13:24:36,75641363,65649,26242860,115625,22852,77,83,19029623,33988,0,0,147598
2026-04-24 13:24:37,75708262,66899,26266073,115728,23316,75,83,19046850,17227,0,0,134604
2026-04-24 13:24:38,75776956,68694,26289886,115832,23917,81,83,19064305,17455,0,0,137424
2026-04-24 13:24:39,75842259,65303,26312530,115928,22740,81,83,19081977,17672,0,0,144814
2026-04-24 13:24:41,75903290,61031,26333668,116014,21224,81,83,19098202,16225,0,0,151415
2026-04-24 13:24:42,75969300,66010,26356502,116112,22932,79,83,19131699,33497,0,0,153836
2026-04-24 13:24:43,76035743,66443,26379555,116211,23152,77,83,19148064,16365,0,0,141628
2026-04-24 13:24:44,76102545,66802,26402751,116306,23291,81,83,19165301,17237,0,0,146882
2026-04-24 13:24:46,76166628,64083,26424998,116388,22329,65,83,19181201,15900,0,0,149596
2026-04-24 13:24:47,76229428,62800,26446826,116490,21930,77,83,19198014,16813,0,0,153556
2026-04-24 13:24:48,76295997,66569,26469888,116582,23154,78,83,19231710,33696,0,0,147364
2026-04-24 13:24:49,76360817,64820,26492411,116672,22613,77,83,19247654,15944,0,0,130600
2026-04-24 13:24:50,76424873,64056,26514657,116779,22353,79,83,19264458,16804,0,0,134251
2026-04-24 13:24:52,76484641,59768,26535387,116876,20827,75,83,19280474,16016,0,0,135946
2026-04-24 13:24:53,76547918,63277,26557325,116988,22050,76,83,19311461,30987,0,0,141738
2026-04-24 13:24:54,76614135,66217,26580336,117086,23109,77,83,19328110,16649,0,0,139742
2026-04-24 13:24:55,76681443,67308,26603707,117192,23477,75,83,19344085,15975,0,0,135506
2026-04-24 13:24:56,76747530,66087,26626642,117310,23053,77,83,19360806,16721,0,0,138249
2026-04-24 13:24:58,76811872,64342,26649004,117399,22451,78,83,19377542,16736,0,0,143270
2026-04-24 13:24:59,76878327,66455,26672068,117485,23150,74,83,19409482,31940,0,0,138969
2026-04-24 13:25:00,76945745,67418,26695486,117582,23515,78,83,19426220,16738,0,0,126562
2026-04-24 13:25:01,77012710,66965,26718749,117684,23365,74,83,19441890,15670,0,0,123813
2026-04-24 13:25:02,77079100,66390,26741759,117789,23115,81,83,19457547,15657,0,0,125485
2026-04-24 13:25:04,77144478,65378,26764480,117895,22827,74,83,19472139,14592,0,0,130478
2026-04-24 13:25:05,77211739,67261,26787810,118000,23435,77,83,19502803,30664,0,0,135447
2026-04-24 13:25:06,77280144,68405,26811501,118117,23808,70,83,19518235,15432,0,0,127400
2026-04-24 13:25:07,77347704,67560,26834995,118209,23586,77,83,19534070,15835,0,0,131284
2026-04-24 13:25:09,77413668,65964,26857880,118317,22993,80,83,19549370,15300,0,0,135997
2026-04-24 13:25:10,77480028,66360,26880900,118417,23120,76,83,19579687,30317,0,0,142531
2026-04-24 13:25:11,77545903,65875,26903793,118514,22990,75,83,19594987,15300,0,0,135752
2026-04-24 13:25:12,77612437,66534,26926890,118607,23190,73,83,19609339,14352,0,0,135769
2026-04-24 13:25:13,77678141,65704,26949681,118707,22891,71,83,19624366,15027,0,0,140216
2026-04-24 13:25:15,77741945,63804,26971783,118805,22200,70,83,19638895,14529,0,0,145510
2026-04-24 13:25:16,77806276,64331,26994076,118903,22391,75,83,19667142,28247,0,0,146958
2026-04-24 13:25:17,77871749,65473,27016797,119023,22841,79,83,19681537,14395,0,0,142410
2026-04-24 13:25:18,77936309,64560,27039200,119127,22507,71,83,19695771,14234,0,0,139374
2026-04-24 13:25:19,78000653,64344,27061581,119228,22482,70,83,19710303,14532,0,0,146671
2026-04-24 13:25:21,78065982,65329,27084250,119328,22769,81,83,19725180,14877,0,0,148548
2026-04-24 13:25:22,78133061,67079,27107456,119442,23320,79,83,19753865,28685,0,0,157999
2026-04-24 13:25:23,78198656,65595,27130259,119521,22882,81,83,19768350,14485,0,0,137671
2026-04-24 13:25:24,78266379,67723,27153751,119620,23591,76,83,19782859,14509,0,0,137528
2026-04-24 13:25:25,78330533,64154,27176053,119710,22392,81,83,19797079,14220,0,0,143254
2026-04-24 13:25:27,78394310,63777,27198210,119801,22248,73,83,19825733,28654,0,0,145967
2026-04-24 13:25:28,78459750,65440,27220929,119905,22823,77,83,19840137,14404,0,0,150526
2026-04-24 13:25:29,78523004,63254,27242887,120003,22056,70,83,19853957,13820,0,0,140213
2026-04-24 13:25:30,78589568,66564,27265984,120112,23206,81,83,19867708,13751,0,0,143985
2026-04-24 13:25:32,78652364,62796,27287773,120219,21896,81,83,19881658,13950,0,0,153755
2026-04-24 13:25:33,78715663,63299,27309717,120329,22054,78,83,19908812,27154,0,0,155555
2026-04-24 13:25:34,78780168,64505,27332106,120425,22485,78,83,19923493,14681,0,0,153272
2026-04-24 13:25:35,78845454,65286,27354783,120527,22779,81,83,19936524,13031,0,0,148884
2026-04-24 13:25:36,78910852,65398,27377476,120618,22784,80,83,19950336,13812,0,0,152103
2026-04-24 13:25:38,78970613,59761,27398236,120711,20853,56,83,19963447,13111,0,0,154958
2026-04-24 13:25:39,79032842,62229,27419779,120802,21634,77,83,19990291,26844,0,0,159902
2026-04-24 13:25:40,79098337,65495,27442502,120896,22817,78,83,20004084,13793,0,0,161519
2026-04-24 13:25:41,79160978,62641,27464271,120981,21854,79,83,20017597,13513,0,0,150449
2026-04-24 13:25:42,79226421,65443,27486975,121083,22806,81,83,20031214,13617,0,0,149615
2026-04-24 13:25:44,79285922,59501,27507673,121173,20788,81,83,20044691,13477,0,0,152293
2026-04-24 13:25:45,79348130,62208,27529186,121286,21626,77,83,20071958,27267,0,0,147435
2026-04-24 13:25:46,79416153,68023,27552808,121395,23731,76,83,20085631,13673,0,0,148140
2026-04-24 13:25:47,79482690,66537,27575896,121493,23186,75,83,20099771,14140,0,0,138489
2026-04-24 13:25:48,79548371,65681,27598731,121596,22938,80,83,20113424,13653,0,0,143288
2026-04-24 13:25:50,79608473,60102,27619614,121695,20982,81,83,20128446,15022,0,0,147730
2026-04-24 13:25:51,79672040,63567,27641618,121805,22114,77,83,20154665,26219,0,0,150406
2026-04-24 13:25:52,79739461,67421,27665015,121906,23498,76,83,20168053,13388,0,0,148749
2026-04-24 13:25:53,79803358,63897,27687206,121997,22282,67,83,20182232,14179,0,0,137379
2026-04-24 13:25:54,79867115,63757,27709324,122086,22207,80,83,20195819,13587,0,0,131612
2026-04-24 13:25:56,79930689,63574,27731388,122183,22161,74,83,20209478,13659,0,0,135871
2026-04-24 13:25:57,79997436,66747,27754577,122266,23272,77,83,20238752,29274,0,0,135482
2026-04-24 13:25:58,80065970,68534,27778355,122377,23889,78,83,20253585,14833,0,0,129088
2026-04-24 13:25:59,80134982,69012,27802294,122477,24039,75,83,20267675,14090,0,0,127053
2026-04-24 13:26:00,80202346,67364,27825691,122559,23479,77,83,20282343,14668,0,0,131300
2026-04-24 13:26:02,80269209,66863,27848896,122668,23314,75,83,20311231,28888,0,0,133860
2026-04-24 13:26:03,80337730,68521,27872654,122783,23873,74,83,20326375,15144,0,0,138450
2026-04-24 13:26:04,80407005,69275,27896710,122885,24158,77,83,20341723,15348,0,0,130089
2026-04-24 13:26:05,80474782,67777,27920253,123005,23663,73,83,20356355,14632,0,0,132269
2026-04-24 13:26:07,80541934,67152,27943571,123101,23414,78,83,20371447,15092,0,0,136189
2026-04-24 13:26:08,80609649,67715,27967025,123192,23545,73,83,20401681,30234,0,0,141169
2026-04-24 13:26:09,80680075,70426,27991471,123285,24539,81,83,20416019,14338,0,0,138521
2026-04-24 13:26:10,80749305,69230,28015495,123401,24140,72,83,20431834,15815,0,0,133959
2026-04-24 13:26:11,80817258,67953,28039077,123506,23687,72,83,20446971,15137,0,0,139222
2026-04-24 13:26:13,80884464,67206,28062437,123593,23447,80,83,20462241,15270,0,0,144124
2026-04-24 13:26:14,80953283,68819,28086280,123700,23950,79,83,20491830,29589,0,0,147372
2026-04-24 13:26:15,81022999,69716,28110473,123814,24307,72,83,20507386,15556,0,0,140040
2026-04-24 13:26:16,81091744,68745,28134334,123926,23973,72,83,20523358,15972,0,0,142701
2026-04-24 13:26:18,81160044,68300,28158005,124027,23772,80,83,20539149,15791,0,0,147364
2026-04-24 13:26:19,81228635,68591,28181765,124145,23878,75,83,20569352,30203,0,0,151491
2026-04-24 13:26:20,81298062,69427,28205861,124254,24205,77,83,20584570,15218,0,0,151616
2026-04-24 13:26:21,81367338,69276,28229898,124370,24153,80,83,20600829,16259,0,0,144172
2026-04-24 13:26:22,81435581,68243,28253589,124485,23806,80,83,20616367,15538,0,0,147040
2026-04-24 13:26:24,81503979,68398,28277279,124591,23796,81,83,20631711,15344,0,0,154401
2026-04-24 13:26:25,81572755,68776,28301117,124687,23934,67,83,20662684,30973,0,0,160053
2026-04-24 13:26:26,81641743,68988,28325075,124791,24062,79,83,20678734,16050,0,0,156442
2026-04-24 13:26:27,81710419,68676,28348975,124899,24008,76,83,20694576,15842,0,0,154973
2026-04-24 13:26:29,81778158,67739,28372494,125000,23620,78,83,20711592,17016,0,0,160230
2026-04-24 13:26:30,81845289,67131,28395765,125113,23384,71,83,20743315,31723,0,0,162545
2026-04-24 13:26:31,81914351,69062,28419717,125223,24062,80,83,20759492,16177,0,0,161063
2026-04-24 13:26:32,81983898,69547,28443836,125320,24216,71,83,20775262,15770,0,0,153773
2026-04-24 13:26:33,82052260,68362,28467582,125419,23845,81,83,20791407,16145,0,0,156054
2026-04-24 13:26:35,82119903,67643,28491036,125528,23563,77,83,20807834,16427,0,0,160863
2026-04-24 13:26:36,82186748,66845,28514301,125615,23352,78,83,20841399,33565,0,0,168418
2026-04-24 13:26:37,82255976,69228,28538337,125726,24147,77,83,20859397,17998,0,0,158306
2026-04-24 13:26:38,82324649,68673,28562113,125849,23899,79,83,20875151,15754,0,0,158055
2026-04-24 13:26:40,82392563,67914,28585691,125959,23688,77,83,20890108,14957,0,0,162386
2026-04-24 13:26:41,82459859,67296,28609022,126047,23419,70,83,20907452,17344,0,0,167884
2026-04-24 13:26:42,82529098,69239,28633040,126149,24120,75,83,20940187,32735,0,0,172545
2026-04-24 13:26:43,82597987,68889,28656965,126254,24030,77,83,20956241,16054,0,0,159868
2026-04-24 13:26:44,82666566,68579,28680778,126352,23911,67,83,20973786,17545,0,0,164633
2026-04-24 13:26:46,82731198,64632,28703214,126449,22533,81,83,20990850,17064,0,0,157476
2026-04-24 13:26:47,82790353,59155,28723755,126542,20634,69,83,21006712,15862,0,0,138983
2026-04-24 13:26:48,82856667,66314,28746751,126631,23085,72,83,21039045,32333,0,0,139602
2026-04-24 13:26:49,82924035,67368,28770148,126729,23495,73,83,21054461,15416,0,0,133379
2026-04-24 13:26:50,82990301,66266,28793156,126829,23108,78,83,21070845,16384,0,0,139462
2026-04-24 13:26:52,83053690,63389,28815190,126922,22127,77,83,21087953,17108,0,0,142132
2026-04-24 13:26:53,83120137,66447,28838186,127039,23113,75,83,21121318,33365,0,0,148682
2026-04-24 13:26:54,83187765,67628,28861610,127130,23515,77,83,21138233,16915,0,0,142486
2026-04-24 13:26:55,83255713,67948,28885201,127244,23705,70,83,21154341,16108,0,0,141637
2026-04-24 13:26:57,83320987,65274,28907812,127352,22719,64,83,21170983,16642,0,0,142542
2026-04-24 13:26:58,83382853,61866,28929237,127457,21530,81,83,21187858,16875,0,0,150467
2026-04-24 13:26:59,83450127,67274,28952486,127583,23375,78,83,21219893,32035,0,0,151928
2026-04-24 13:27:00,83518211,68084,28976105,127677,23713,77,83,21236723,16830,0,0,143063
2026-04-24 13:27:01,83585976,67765,28999666,127779,23663,80,83,21253936,17213,0,0,145291
2026-04-24 13:27:03,83649256,63280,29021656,127885,22096,81,83,21272689,18753,0,0,147671
2026-04-24 13:27:04,83714128,64872,29044124,127997,22580,77,83,21306700,34011,0,0,152151
2026-04-24 13:27:05,83780645,66517,29067235,128094,23208,69,83,21324133,17433,0,0,151290
2026-04-24 13:27:06,83847543,66898,29090452,128203,23326,68,83,21341461,17328,0,0,144557
2026-04-24 13:27:07,83910945,63402,29112427,128299,22071,81,83,21358151,16690,0,0,146954
2026-04-24 13:27:09,83968237,57292,29132307,128390,19971,81,83,21374611,16460,0,0,139822
2026-04-24 13:27:10,84026969,58732,29152656,128482,20441,67,83,21407678,33067,0,0,138133
2026-04-24 13:27:11,84091788,64819,29175168,128583,22613,74,83,21424381,16703,0,0,133891
2026-04-24 13:27:12,84157187,65399,29197865,128683,22797,77,83,21440899,16518,0,0,126058
2026-04-24 13:27:13,84219062,61875,29219369,128763,21584,79,83,21458188,17289,0,0,129675
2026-04-24 13:27:15,84281049,61987,29240869,128863,21600,73,83,21474644,16456,0,0,133413
2026-04-24 13:27:16,84341549,60500,29261882,128944,21094,74,83,21510734,36090,0,0,136707
2026-04-24 13:27:17,84408154,66605,29284980,129044,23198,76,83,21527919,17185,0,0,132197
2026-04-24 13:27:18,84472652,64498,29307378,129150,22504,76,83,21545043,17124,0,0,126808
2026-04-24 13:27:19,84532139,59487,29328062,129251,20785,81,83,21562899,17856,0,0,136495
2026-04-24 13:27:21,84592164,60025,29348903,129334,20924,81,83,21579967,17068,0,0,139690
2026-04-24 13:27:22,84650607,58443,29369169,129415,20347,79,83,21614789,34822,0,0,147864
2026-04-24 13:27:23,84714411,63804,29391314,129514,22244,75,83,21631165,16376,0,0,144903
2026-04-24 13:27:24,84778363,63952,29413483,129610,22265,66,83,21647511,16346,0,0,144234
2026-04-24 13:27:25,84839667,61304,29434742,129710,21359,81,83,21664522,17011,0,0,147581
2026-04-24 13:27:27,84896243,56576,29454351,129799,19698,76,83,21681700,17178,0,0,148110
2026-04-24 13:27:28,84951653,55410,29473587,129883,19320,81,83,21699045,17345,0,0,149663
2026-04-24 13:27:29,85011941,60288,29494459,129974,20963,81,83,21730517,31472,0,0,142329
2026-04-24 13:27:30,85074518,62577,29516144,130071,21782,80,83,21745476,14959,0,0,145393
2026-04-24 13:27:31,85131195,56677,29535830,130146,19761,81,83,21762811,17335,0,0,145069
2026-04-24 13:27:33,85189169,57974,29555959,130237,20220,81,83,21778795,15984,0,0,146300
2026-04-24 13:27:34,85253496,64327,29578220,130342,22366,79,83,21813130,34335,0,0,152226
2026-04-24 13:27:35,85318137,64641,29600659,130433,22530,76,83,21830867,17737,0,0,146364
2026-04-24 13:27:36,85386370,68233,29624293,130542,23743,80,83,21848213,17346,0,0,147896
2026-04-24 13:27:38,85452864,66494,29647368,130639,23172,76,83,21866233,18020,0,0,153038
2026-04-24 13:27:39,85518472,65608,29670119,130762,22874,81,83,21885180,18947,0,0,157802
2026-04-24 13:27:40,85582473,64001,29692298,130848,22265,76,83,21921006,35826,0,0,160627
2026-04-24 13:27:41,85645953,63480,29714347,130927,22128,76,83,21938992,17986,0,0,153266
2026-04-24 13:27:42,85714082,68129,29737975,131030,23731,81,83,21955639,16647,0,0,146574
2026-04-24 13:27:44,85779145,65063,29760537,131133,22665,80,83,21974162,18523,0,0,150104
2026-04-24 13:27:45,85846101,66956,29783732,131255,23317,72,83,22010402,36240,0,0,156970
2026-04-24 13:27:46,85914251,68150,29807391,131358,23762,76,83,22029197,18795,0,0,152190
2026-04-24 13:27:47,85982750,68499,29831158,131466,23875,81,83,22048095,18898,0,0,145445
2026-04-24 13:27:49,86050507,67757,29854694,131561,23631,77,83,22066516,18421,0,0,151500
2026-04-24 13:27:50,86117881,67374,29878017,131687,23449,75,83,22085856,19340,0,0,155841
2026-04-24 13:27:51,86185141,67260,29901360,131785,23441,74,83,22122223,36367,0,0,158632
2026-04-24 13:27:52,86254571,69430,29925428,131906,24189,74,83,22141482,19259,0,0,153329
2026-04-24 13:27:53,86322217,67646,29948966,132000,23632,64,83,22160816,19334,0,0,147776
2026-04-24 13:27:55,86389116,66899,29972169,132114,23317,81,83,22180278,19462,0,0,153357
2026-04-24 13:27:56,86453766,64650,29994637,132219,22573,77,83,22218395,38117,0,0,155271
2026-04-24 13:27:57,86520173,66407,30017725,132322,23191,77,83,22236357,17962,0,0,153174
2026-04-24 13:27:58,86588063,67890,30041290,132425,23668,72,83,22254929,18572,0,0,148828
2026-04-24 13:27:59,86654818,66755,30064471,132516,23272,81,83,22272476,17547,0,0,152699
2026-04-24 13:28:01,86718939,64121,30086714,132604,22331,81,83,22290441,17965,0,0,155752
2026-04-24 13:28:02,86782028,63089,30108585,132722,21989,76,83,22326803,36362,0,0,161325
2026-04-24 13:28:03,86846383,64355,30130926,132824,22443,80,83,22343491,16688,0,0,140045
2026-04-24 13:28:04,86912999,66616,30154045,132928,23223,75,83,22360586,17095,0,0,145655
2026-04-24 13:28:05,86973197,60198,30174932,133025,20984,81,83,22378568,17982,0,0,152427
2026-04-24 13:28:07,87032614,59417,30195565,133098,20706,81,83,22394833,16265,0,0,157968
2026-04-24 13:28:08,87092222,59608,30216245,133182,20764,78,83,22427089,32256,0,0,160702
2026-04-24 13:28:09,87155717,63495,30238265,133279,22117,74,83,22442444,15355,0,0,155075
2026-04-24 13:28:10,87219758,64041,30260498,133372,22326,76,83,22457984,15540,0,0,152095
2026-04-24 13:28:11,87277762,58004,30280665,133449,20244,81,83,22473935,15951,0,0,156961
2026-04-24 13:28:13,87333029,55267,30299805,133524,19215,71,83,22489898,15963,0,0,157923
2026-04-24 13:28:14,87393569,60540,30320767,133601,21039,77,83,22519168,29270,0,0,162107
2026-04-24 13:28:15,87455583,62014,30342293,133693,21618,76,83,22534945,15777,0,0,159467
2026-04-24 13:28:16,87520805,65222,30364893,133806,22713,80,83,22550982,16037,0,0,153995
2026-04-24 13:28:17,87574635,53830,30383619,133893,18813,63,83,22567364,16382,0,0,153442
2026-04-24 13:28:19,87636016,61381,30404879,133993,21360,78,83,22581170,13806,0,0,149301
2026-04-24 13:28:20,87702038,66022,30427779,134084,22991,76,83,22613134,31964,0,0,152409
2026-04-24 13:28:21,87768948,66910,30451010,134184,23331,75,83,22630481,17347,0,0,147039
2026-04-24 13:28:22,87836210,67262,30474345,134295,23446,78,83,22647729,17248,0,0,146103
2026-04-24 13:28:24,87901710,65500,30497081,134400,22841,81,83,22664499,16770,0,0,149268
2026-04-24 13:28:25,87967598,65888,30519935,134509,22963,71,83,22697508,33009,0,0,155401
2026-04-24 13:28:26,88034799,67201,30543246,134605,23407,78,83,22714499,16991,0,0,145699
2026-04-24 13:28:27,88101856,67057,30566542,134704,23395,71,83,22731134,16635,0,0,125218
2026-04-24 13:28:28,88168587,66731,30589702,134806,23262,68,83,22747469,16335,0,0,124297
2026-04-24 13:28:30,88233968,65381,30612414,134891,22797,79,83,22764830,17361,0,0,127799
2026-04-24 13:28:31,88301208,67240,30635711,135002,23408,78,83,22797400,32570,0,0,131460
2026-04-24 13:28:32,88369129,67921,30659303,135104,23694,68,83,22813473,16073,0,0,128621
2026-04-24 13:28:33,88437895,68766,30683130,135227,23950,78,83,22829422,15949,0,0,123570
2026-04-24 13:28:35,88507287,69392,30707238,135338,24219,80,83,22845797,16375,0,0,125860
2026-04-24 13:28:36,88576886,69599,30731388,135429,24241,80,83,22864005,18208,0,0,129705
2026-04-24 13:28:37,88646639,69753,30755632,135540,24355,80,83,22897933,33928,0,0,139992
2026-04-24 13:28:38,88717039,70400,30780054,135642,24524,81,83,22914399,16466,0,0,130404
2026-04-24 13:28:39,88787378,70339,30804478,135747,24529,76,83,22930839,16440,0,0,135357
2026-04-24 13:28:41,88856947,69569,30828600,135856,24231,69,83,22947151,16312,0,0,143240
2026-04-24 13:28:42,88927850,70903,30853140,135969,24653,74,83,22979075,31924,0,0,150337
2026-04-24 13:28:43,88998024,70174,30877507,136071,24469,75,83,22995652,16577,0,0,146871
2026-04-24 13:28:44,89069329,71305,30902222,136177,24821,77,83,23011868,16216,0,0,145208
2026-04-24 13:28:46,89134668,65339,30924907,136276,22784,66,83,23028406,16538,0,0,148885
2026-04-24 13:28:47,89195685,61017,30946074,136376,21267,81,83,23044197,15791,0,0,150103
2026-04-24 13:28:48,89262473,66788,30969194,136481,23225,78,83,23074441,30244,0,0,157585
2026-04-24 13:28:49,89331577,69104,30993201,136581,24107,74,83,23089021,14580,0,0,145080
2026-04-24 13:28:50,89400938,69361,31017212,136708,24138,81,83,23105727,16706,0,0,147458
2026-04-24 13:28:52,89468077,67139,31040525,136827,23432,81,83,23121006,15279,0,0,148292
2026-04-24 13:28:53,89534187,66110,31063439,136917,23004,76,83,23152598,31592,0,0,154250
2026-04-24 13:28:54,89603325,69138,31087382,137042,24068,78,83,23167838,15240,0,0,153969
2026-04-24 13:28:55,89672947,69622,31111561,137149,24286,74,83,23182411,14573,0,0,149217
2026-04-24 13:28:57,89739178,66231,31134605,137245,23140,75,83,23199175,16764,0,0,150790
2026-04-24 13:28:58,89802269,63091,31156465,137344,21959,78,83,23214388,15213,0,0,148781
2026-04-24 13:28:59,89868731,66462,31179512,137446,23149,71,83,23243623,29235,0,0,150090
2026-04-24 13:29:00,89937544,68813,31203357,137553,23952,78,83,23258716,15093,0,0,140969
2026-04-24 13:29:01,90005796,68252,31227045,137665,23800,80,83,23273285,14569,0,0,136747
2026-04-24 13:29:03,90071529,65733,31249914,137741,22945,81,83,23288731,15446,0,0,141496
2026-04-24 13:29:04,90138350,66821,31273090,137857,23292,72,83,23319871,31140,0,0,145294
2026-04-24 13:29:05,90208385,70035,31297406,137963,24422,73,83,23335133,15262,0,0,146141
2026-04-24 13:29:06,90277438,69053,31321398,138071,24100,74,83,23350246,15113,0,0,138681
2026-04-24 13:29:07,90345957,68519,31345165,138171,23867,69,83,23366075,15829,0,0,145444
2026-04-24 13:29:09,90414242,68285,31368860,138279,23803,80,83,23381284,15209,0,0,136728
2026-04-24 13:29:10,90484623,70381,31393264,138389,24514,76,83,23411440,30156,0,0,143853
2026-04-24 13:29:11,90554781,70158,31417575,138510,24432,78,83,23427501,16061,0,0,117696
2026-04-24 13:29:12,90625317,70536,31442021,138617,24553,77,83,23442940,15439,0,0,118272
2026-04-24 13:29:14,90694512,69195,31466055,138717,24134,72,83,23457942,15002,0,0,122887
2026-04-24 13:29:15,90762730,68218,31489758,138828,23814,73,83,23488960,31018,0,0,128604
2026-04-24 13:29:16,90832769,70039,31514090,138937,24441,81,83,23504427,15467,0,0,129068
2026-04-24 13:29:17,90903581,70812,31538640,139053,24666,74,83,23520360,15933,0,0,122113
2026-04-24 13:29:19,90975022,71441,31563389,139152,24848,81,83,23534907,14547,0,0,128975
2026-04-24 13:29:20,91044027,69005,31587338,139256,24053,79,83,23550081,15174,0,0,134710
2026-04-24 13:29:21,91113694,69667,31611487,139363,24256,76,83,23581737,31656,0,0,141183
2026-04-24 13:29:22,91184782,71088,31636124,139476,24750,76,83,23596562,14825,0,0,136506
2026-04-24 13:29:23,91254864,70082,31660448,139583,24431,81,83,23611954,15392,0,0,135718
2026-04-24 13:29:25,91324325,69461,31684559,139684,24212,75,83,23627803,15849,0,0,140800
2026-04-24 13:29:26,91393831,69506,31708656,139787,24200,76,83,23659307,31504,0,0,146614
2026-04-24 13:29:27,91465033,71202,31733310,139901,24768,81,83,23674688,15381,0,0,144530
2026-04-24 13:29:28,91535806,70773,31757882,139998,24669,78,83,23689194,14506,0,0,127562
2026-04-24 13:29:30,91604661,68855,31781805,140098,24023,77,83,23704211,15017,0,0,133428
2026-04-24 13:29:31,91673910,69249,31805811,140195,24103,75,83,23720399,16188,0,0,139012
2026-04-24 13:29:32,91744650,70740,31830370,140304,24668,80,83,23751978,31579,0,0,143646
2026-04-24 13:29:33,91815825,71175,31855070,140407,24803,78,83,23767201,15223,0,0,135266
2026-04-24 13:29:34,91886514,70689,31879567,140518,24608,75,83,23782372,15171,0,0,138292
2026-04-24 13:29:36,91955696,69182,31903535,140643,24093,76,83,23798075,15703,0,0,144064
2026-04-24 13:29:37,92026339,70643,31928025,140741,24588,81,83,23828663,30588,0,0,150232
2026-04-24 13:29:38,92097474,71135,31952697,140848,24779,78,83,23843679,15016,0,0,145049
2026-04-24 13:29:39,92167937,70463,31977126,140947,24528,81,83,23858795,15116,0,0,134848
2026-04-24 13:29:41,92237064,69127,32001131,141031,24089,77,83,23873134,14339,0,0,141480
2026-04-24 13:29:42,92307068,70004,32025408,141130,24376,78,83,23904507,31373,0,0,144082
2026-04-24 13:29:43,92377332,70264,32049867,141231,24560,78,83,23921109,16602,0,0,145450
2026-04-24 13:29:44,92447623,70291,32074273,141325,24500,77,83,23936844,15735,0,0,135464
2026-04-24 13:29:45,92518300,70677,32098760,141450,24612,68,83,23952599,15755,0,0,138435
2026-04-24 13:29:47,92587768,69468,32122877,141542,24209,74,83,23967803,15204,0,0,144220
2026-04-24 13:29:48,92657872,70104,32147164,141641,24386,80,83,23999216,31413,0,0,145650
2026-04-24 13:29:49,92728787,70915,32171734,141769,24698,76,83,24014799,15583,0,0,140600
2026-04-24 13:29:50,92799297,70510,32196201,141873,24571,73,83,24030990,16191,0,0,128756
2026-04-24 13:29:52,92869075,69778,32220422,141975,24323,81,83,24046785,15795,0,0,132238
2026-04-24 13:29:53,92937119,68044,32244008,142076,23687,79,83,24079551,32766,0,0,137657
2026-04-24 13:29:54,93008543,71424,32268728,142205,24849,80,83,24095064,15513,0,0,136894
2026-04-24 13:29:55,93078641,70098,32293066,142306,24439,78,83,24111192,16128,0,0,126509
2026-04-24 13:29:56,93148573,69932,32317308,142409,24345,77,83,24127117,15925,0,0,130992
2026-04-24 13:29:58,93218116,69543,32341412,142505,24200,67,83,24143127,16010,0,0,135349
2026-04-24 13:29:59,93287984,69868,32365652,142608,24343,75,83,24174434,31307,0,0,140001
2026-04-24 13:30:00,93358352,70368,32390068,142705,24513,76,83,24190818,16384,0,0,129858
2026-04-24 13:30:01,93428738,70386,32414460,142826,24513,78,83,24207102,16284,0,0,122810
2026-04-24 13:30:03,93496290,67552,32437912,142942,23568,77,83,24223050,15948,0,0,128334
2026-04-24 13:30:04,93562071,65781,32460715,143052,22913,70,83,24256014,32964,0,0,126991
2026-04-24 13:30:05,93631472,69401,32484805,143165,24203,72,83,24272184,16170,0,0,129894
2026-04-24 13:30:06,93701132,69660,32508979,143268,24277,76,83,24288825,16641,0,0,120872
2026-04-24 13:30:07,93770592,69460,32533109,143368,24230,79,83,24304825,16000,0,0,126772
2026-04-24 13:30:09,93839606,69014,32557036,143483,24042,81,83,24321813,16988,0,0,129529
2026-04-24 13:30:10,93908791,69185,32580985,143603,24069,76,83,24355026,33213,0,0,133137
2026-04-24 13:30:11,93979856,71065,32605642,143706,24760,75,83,24371965,16939,0,0,122752
2026-04-24 13:30:12,94049942,70086,32629954,143825,24431,79,83,24388383,16418,0,0,118879
2026-04-24 13:30:14,94116441,66499,32653067,143909,23197,79,83,24404734,16351,0,0,123942
2026-04-24 13:30:15,94177586,61145,32674286,144003,21313,81,83,24421193,16459,0,0,126887
2026-04-24 13:30:16,94243398,65812,32697104,144107,22922,79,83,24452548,31355,0,0,131629
2026-04-24 13:30:17,94310108,66710,32720267,144211,23267,78,83,24468036,15488,0,0,118061
2026-04-24 13:30:18,94376981,66873,32743494,144330,23346,80,83,24484450,16414,0,0,120330
2026-04-24 13:30:20,94440377,63396,32765523,144415,22114,66,83,24501644,17194,0,0,122957
2026-04-24 13:30:21,94506150,65773,32788274,144533,22869,73,83,24533278,31634,0,0,129249
2026-04-24 13:30:22,94574183,68033,32811864,144663,23720,79,83,24549111,15833,0,0,130427
2026-04-24 13:30:23,94642918,68735,32835719,144764,23956,80,83,24565884,16773,0,0,127041
2026-04-24 13:30:24,94709626,66708,32858840,144892,23249,81,83,24582457,16573,0,0,133488
2026-04-24 13:30:26,94774079,64453,32881214,144993,22475,78,83,24598390,15933,0,0,133479
2026-04-24 13:30:27,94841954,67875,32904726,145112,23631,80,83,24631983,33593,0,0,138930
2026-04-24 13:30:28,94911539,69585,32928838,145210,24210,74,83,24648549,16566,0,0,136075
2026-04-24 13:30:29,94980622,69083,32952768,145319,24039,71,83,24665339,16790,0,0,133003
2026-04-24 13:30:31,95048116,67494,32976168,145429,23510,71,83,24682286,16947,0,0,135260
2026-04-24 13:30:32,95114888,66772,32999329,145549,23281,78,83,24716065,33779,0,0,143180
2026-04-24 13:30:33,95183508,68620,33023092,145663,23877,74,83,24733928,17863,0,0,152534
2026-04-24 13:30:34,95251718,68210,33046739,145784,23768,80,83,24751080,17152,0,0,134997
2026-04-24 13:30:35,95319667,67949,33070339,145901,23717,71,83,24768428,17348,0,0,134569
2026-04-24 13:30:37,95387069,67402,33093667,146011,23438,70,83,24786407,17979,0,0,139565
2026-04-24 13:30:38,95454168,67099,33116937,146132,23391,74,83,24820856,34449,0,0,144436
2026-04-24 13:30:39,95523184,69016,33140871,146230,24032,70,83,24838150,17294,0,0,145075
2026-04-24 13:30:40,95591711,68527,33164686,146333,23918,80,83,24855763,17613,0,0,137971
2026-04-24 13:30:42,95659006,67295,33188061,146440,23482,81,83,24874361,18598,0,0,142445
2026-04-24 13:30:43,95725135,66129,33211016,146530,23045,68,83,24891663,17302,0,0,147409
2026-04-24 13:30:44,95789901,64766,33233490,146617,22561,80,83,24927178,35515,0,0,152907
2026-04-24 13:30:45,95857141,67240,33256807,146721,23421,76,83,24944228,17050,0,0,135231
2026-04-24 13:30:46,95923490,66349,33279777,146814,23063,73,83,24961616,17388,0,0,136979
2026-04-24 13:30:48,95984912,61422,33301069,146901,21379,80,83,24978110,16494,0,0,142850
2026-04-24 13:30:49,96045517,60605,33322081,147007,21118,61,83,24994260,16150,0,0,145393
2026-04-24 13:30:50,96109982,64465,33344436,147099,22447,77,83,25027514,33254,0,0,148633
2026-04-24 13:30:51,96175890,65908,33367309,147196,22970,69,83,25043917,16403,0,0,141265
2026-04-24 13:30:52,96240627,64737,33389757,147291,22543,81,83,25061406,17489,0,0,139040
2026-04-24 13:30:54,96301044,60417,33410707,147379,21038,81,83,25078444,17038,0,0,141559
2026-04-24 13:30:55,96361411,60367,33431711,147464,21089,80,83,25095065,16621,0,0,139461
2026-04-24 13:30:56,96426765,65354,33454329,147560,22714,70,83,25129865,34800,0,0,138289
2026-04-24 13:30:57,96490108,63343,33476314,147654,22079,81,83,25146674,16809,0,0,130021
2026-04-24 13:30:58,96550451,60343,33497275,147757,21064,70,83,25163184,16510,0,0,132564
2026-04-24 13:31:00,96607822,57371,33517187,147832,19987,69,83,25179104,15920,0,0,134217
2026-04-24 13:31:01,96667914,60092,33538030,147936,20947,70,83,25195341,16237,0,0,139079
2026-04-24 13:31:02,96732339,64425,33560384,148022,22440,80,83,25228702,33361,0,0,144928
2026-04-24 13:31:03,96795752,63413,33582357,148115,22066,77,83,25244659,15957,0,0,133169
2026-04-24 13:31:04,96860415,64663,33604827,148230,22585,69,83,25260486,15827,0,0,135678
2026-04-24 13:31:06,96924140,63725,33626879,148344,22166,80,83,25277975,17489,0,0,140702
2026-04-24 13:31:07,96987399,63259,33648781,148438,21996,75,83,25311949,33974,0,0,142512
2026-04-24 13:31:08,97050441,63042,33670661,148538,21980,81,83,25328246,16297,0,0,145246
2026-04-24 13:31:09,97112343,61902,33692157,148617,21575,81,83,25344148,15902,0,0,130254
2026-04-24 13:31:10,97171998,59655,33712865,148724,20815,80,83,25360689,16541,0,0,133389
2026-04-24 13:31:12,97229006,57008,33732651,148810,19872,81,83,25377292,16603,0,0,138049
2026-04-24 13:31:13,97288850,59844,33753433,148894,20866,81,83,25392879,15587,0,0,139585
2026-04-24 13:31:14,97352062,63212,33775344,148987,22004,80,83,25426081,33202,0,0,143104
2026-04-24 13:31:15,97415303,63241,33797307,149079,22055,71,83,25443373,17292,0,0,128946
2026-04-24 13:31:16,97475510,60207,33818260,149172,21046,80,83,25459976,16603,0,0,134756
2026-04-24 13:31:18,97533982,58472,33838516,149275,20359,80,83,25476955,16979,0,0,128903
2026-04-24 13:31:19,97596701,62719,33860241,149363,21813,78,83,25510337,33382,0,0,139726
2026-04-24 13:31:20,97660470,63769,33882371,149469,22236,80,83,25527741,17404,0,0,147612
2026-04-24 13:31:21,97726596,66126,33905272,149578,23010,79,83,25544371,16630,0,0,138681
2026-04-24 13:31:22,97793556,66960,33928513,149693,23356,81,83,25561329,16958,0,0,145909
2026-04-24 13:31:24,97860904,67348,33951863,149803,23460,75,83,25578851,17522,0,0,148082
2026-04-24 13:31:25,97928052,67148,33975145,149911,23390,78,83,25615832,36981,0,0,153307
2026-04-24 13:31:26,97996932,68880,33999056,150003,24003,77,83,25634028,18196,0,0,147410
2026-04-24 13:31:27,98065635,68703,34022892,150093,23926,75,83,25652069,18041,0,0,147296
2026-04-24 13:31:29,98133320,67685,34046325,150219,23559,80,83,25669742,17673,0,0,155446
2026-04-24 13:31:30,98200083,66763,34069511,150333,23300,74,83,25687185,17443,0,0,154915
2026-04-24 13:31:31,98269194,69111,34093446,150438,24040,77,83,25722802,35617,0,0,162918
2026-04-24 13:31:32,98338691,69497,34117524,150561,24201,77,83,25740565,17763,0,0,154290
2026-04-24 13:31:33,98407644,68953,34141448,150669,24032,81,83,25758550,17985,0,0,159899
2026-04-24 13:31:35,98475226,67582,34164868,150780,23531,69,83,25776817,18267,0,0,166932
2026-04-24 13:31:36,98543109,67883,34188373,150899,23624,75,83,25812210,35393,0,0,172485
2026-04-24 13:31:37,98612033,68924,34212305,151004,24037,78,83,25830212,18002,0,0,166824
2026-04-24 13:31:38,98680589,68556,34236122,151115,23928,79,83,25848010,17798,0,0,161722
2026-04-24 13:31:40,98747701,67112,34259404,151218,23385,79,83,25866027,18017,0,0,155008
2026-04-24 13:31:41,98813785,66084,34282329,151322,23029,72,83,25902167,36140,0,0,158008
2026-04-24 13:31:42,98883150,69365,34306433,151405,24187,81,83,25919288,17121,0,0,161180
2026-04-24 13:31:43,98952062,68912,34330327,151526,24015,71,83,25937198,17910,0,0,149303
2026-04-24 13:31:44,99020068,68006,34353945,151647,23739,76,83,25953872,16674,0,0,149841
2026-04-24 13:31:46,99087579,67511,34377329,151766,23503,76,83,25971532,17660,0,0,156528
2026-04-24 13:31:47,99156167,68588,34401129,151882,23916,80,83,26005641,34109,0,0,162013
2026-04-24 13:31:48,99224048,67881,34424750,151989,23728,69,83,26023983,18342,0,0,158688
2026-04-24 13:31:49,99293331,69283,34448742,152094,24097,81,83,26042216,18233,0,0,154822
2026-04-24 13:31:51,99361080,67749,34472279,152198,23641,80,83,26058818,16602,0,0,167327
2026-04-24 13:31:52,99427586,66506,34495360,152298,23181,73,83,26076411,17593,0,0,169438
2026-04-24 13:31:53,99496764,69178,34519377,152399,24118,75,83,26111111,34700,0,0,172507
2026-04-24 13:31:54,99565329,68565,34543199,152515,23938,79,83,26128274,17163,0,0,160893
2026-04-24 13:31:55,99632753,67424,34566602,152637,23525,80,83,26145533,17259,0,0,166152
2026-04-24 13:31:57,99699320,66567,34589717,152744,23222,74,83,26162730,17197,0,0,168193
2026-04-24 13:31:58,99763639,64319,34612058,152849,22446,80,83,26198121,35391,0,0,172934
2026-04-24 13:31:59,99831006,67367,34635432,152947,23472,75,83,26214466,16345,0,0,173965
2026-04-24 13:32:00,99898512,67506,34658845,153045,23511,76,83,26231538,17072,0,0,153850
2026-04-24 13:32:02,99961569,63057,34680746,153133,21989,80,83,26248247,16709,0,0,150783
2026-04-24 13:32:03,100023310,61741,34702107,153230,21458,66,83,26264312,16065,0,0,161916
2026-04-24 13:32:04,100089068,65758,34724919,153319,22901,80,83,26294550,30238,0,0,163557
2026-04-24 13:32:05,100156624,67556,34748349,153430,23541,76,83,26310788,16238,0,0,164601
2026-04-24 13:32:06,100223436,66812,34771565,153541,23327,81,83,26327000,16212,0,0,159922
2026-04-24 13:32:08,100286378,62942,34793401,153634,21929,74,83,26343175,16175,0,0,163894
2026-04-24 13:32:09,100352129,65751,34816144,153729,22838,75,83,26374566,31391,0,0,169941
2026-04-24 13:32:10,100420893,68764,34840008,153826,23961,78,83,26390458,15892,0,0,175447
2026-04-24 13:32:11,100488945,68052,34863611,153935,23712,76,83,26406428,15970,0,0,164086
2026-04-24 13:32:12,100556615,67670,34887092,154034,23580,81,83,26422894,16466,0,0,158942
2026-04-24 13:32:14,100622587,65972,34909959,154128,22961,70,83,26438475,15581,0,0,156864
2026-04-24 13:32:15,100689664,67077,34933170,154237,23320,79,83,26468719,30244,0,0,166558
2026-04-24 13:32:16,100757599,67935,34956762,154335,23690,72,83,26485235,16516,0,0,167391
2026-04-24 13:32:17,100825667,68068,34980401,154444,23748,73,83,26500501,15266,0,0,163325
2026-04-24 13:32:18,100891391,65724,35003183,154543,22881,79,83,26517094,16593,0,0,167808
2026-04-24 13:32:20,100956143,64752,35025649,154652,22575,75,83,26532891,15797,0,0,170378
2026-04-24 13:32:21,101022179,66036,35048572,154762,23033,80,83,26563880,30989,0,0,172073
2026-04-24 13:32:22,101088630,66451,35071641,154866,23173,80,83,26580686,16806,0,0,173954
2026-04-24 13:32:23,101156197,67567,35095068,154976,23537,75,83,26596246,15560,0,0,167387
2026-04-24 13:32:25,101217525,61328,35116386,155067,21409,69,83,26611776,15530,0,0,160560
2026-04-24 13:32:26,101279985,62460,35138080,155165,21792,75,83,26642377,30601,0,0,162037
2026-04-24 13:32:27,101348244,68259,35161727,155286,23768,72,83,26657079,14702,0,0,164789
2026-04-24 13:32:28,101415761,67517,35185108,155390,23485,76,83,26672617,15538,0,0,157784
2026-04-24 13:32:29,101480559,64798,35207560,155492,22554,69,83,26688458,15841,0,0,155010
2026-04-24 13:32:31,101542688,62129,35229088,155603,21639,80,83,26702997,14539,0,0,158480
2026-04-24 13:32:32,101604379,61691,35250448,155699,21456,78,83,26732913,29916,0,0,161787
2026-04-24 13:32:33,101670211,65832,35273323,155786,22962,76,83,26748089,15176,0,0,164974
2026-04-24 13:32:34,101735921,65710,35296109,155882,22882,76,83,26762807,14718,0,0,141528
2026-04-24 13:32:35,101798932,63011,35317940,155995,21944,81,83,26776872,14065,0,0,151061
2026-04-24 13:32:37,101856064,57132,35337815,156082,19962,81,83,26791458,14586,0,0,150864
2026-04-24 13:32:38,101915220,59156,35358315,156167,20585,75,83,26820478,29020,0,0,150735
2026-04-24 13:32:39,101981035,65815,35381144,156271,22933,80,83,26835125,14647,0,0,158364
2026-04-24 13:32:40,102045803,64768,35403605,156380,22570,81,83,26849605,14480,0,0,151350
2026-04-24 13:32:41,102107212,61409,35424929,156488,21432,69,83,26863832,14227,0,0,151269
2026-04-24 13:32:43,102166445,59233,35445498,156566,20647,68,83,26877728,13896,0,0,155052
2026-04-24 13:32:44,102227727,61282,35466730,156666,21332,80,83,26906400,28672,0,0,156599
2026-04-24 13:32:45,102294527,66800,35489896,156781,23281,73,83,26920344,13944,0,0,163263
2026-04-24 13:32:46,102359218,64691,35512406,156862,22591,79,83,26935629,15285,0,0,149777
2026-04-24 13:32:47,102420825,61607,35533771,156958,21461,80,83,26950867,15238,0,0,150082
2026-04-24 13:32:49,102477892,57067,35553611,157043,19925,68,83,26964777,13910,0,0,150239
2026-04-24 13:32:50,102539169,61277,35574889,157127,21362,80,83,26993941,29164,0,0,154277
2026-04-24 13:32:51,102603676,64507,35597253,157242,22479,71,83,27008728,14787,0,0,159530
2026-04-24 13:32:52,102668376,64700,35619687,157339,22531,80,83,27023043,14315,0,0,148586
2026-04-24 13:32:53,102729138,60762,35640743,157451,21168,72,83,27038164,15121,0,0,153985
2026-04-24 13:32:55,102787639,58501,35661035,157553,20394,81,83,27052074,13910,0,0,157255
2026-04-24 13:32:56,102852443,64804,35683497,157654,22563,76,83,27079334,27260,0,0,159330
2026-04-24 13:32:57,102917476,65033,35706102,157748,22699,78,83,27093921,14587,0,0,158686
2026-04-24 13:32:58,102978405,60929,35727211,157849,21210,74,83,27108517,14596,0,0,139622
2026-04-24 13:32:59,103037645,59240,35747815,157940,20695,81,83,27121936,13419,0,0,142998
2026-04-24 13:33:01,103093878,56233,35767276,158013,19534,76,83,27135861,13925,0,0,147072
2026-04-24 13:33:02,103153932,60054,35788130,158117,20958,80,83,27163157,27296,0,0,150426
2026-04-24 13:33:03,103219820,65888,35810992,158198,22943,75,83,27177459,14302,0,0,153784
2026-04-24 13:33:04,103288328,68508,35834731,158317,23858,81,83,27191690,14231,0,0,142601
2026-04-24 13:33:05,103350519,62191,35856359,158390,21701,81,83,27206837,15147,0,0,145941
2026-04-24 13:33:07,103410275,59756,35877090,158464,20805,81,83,27221469,14632,0,0,145498
2026-04-24 13:33:08,103475328,65053,35899614,158575,22635,79,83,27249766,28297,0,0,151057
2026-04-24 13:33:09,103542456,67128,35922920,158675,23406,79,83,27265161,15395,0,0,157645
2026-04-24 13:33:10,103608392,65936,35945853,158770,23028,77,83,27279863,14702,0,0,139254
2026-04-24 13:33:12,103673657,65265,35968544,158878,22799,79,83,27295183,15320,0,0,141138
2026-04-24 13:33:13,103738945,65288,35991145,158968,22691,75,83,27325362,30179,0,0,146490
2026-04-24 13:33:14,103807104,68159,36014804,159051,23742,74,83,27340924,15562,0,0,151242
2026-04-24 13:33:15,103877019,69915,36039083,159141,24369,80,83,27356047,15123,0,0,149512
2026-04-24 13:33:16,103945221,68202,36062768,159233,23777,81,83,27372589,16542,0,0,142904
2026-04-24 13:33:18,104013901,68680,36086594,159317,23910,75,83,27387307,14718,0,0,145392
2026-04-24 13:33:19,104082218,68317,36110262,159419,23770,78,83,27417990,30683,0,0,152134
2026-04-24 13:33:20,104151872,69654,36134455,159522,24296,78,83,27433477,15487,0,0,160093
2026-04-24 13:33:21,104221066,69194,36158435,159640,24098,75,83,27449057,15580,0,0,146083
2026-04-24 13:33:23,104290787,69721,36182600,159752,24277,74,83,27464137,15080,0,0,145891
2026-04-24 13:33:24,104359487,68700,36206442,159846,23936,73,83,27479149,15012,0,0,146055
2026-04-24 13:33:25,104429280,69793,36230634,159953,24299,72,83,27511125,31976,0,0,151572
2026-04-24 13:33:26,104500329,71049,36255258,160049,24720,74,83,27527057,15932,0,0,148668
2026-04-24 13:33:27,104569112,68783,36279145,160172,24010,81,83,27542614,15557,0,0,143619
2026-04-24 13:33:29,104637853,68741,36302960,160278,23921,74,83,27558676,16062,0,0,147342
2026-04-24 13:33:30,104705265,67412,36326355,160380,23497,77,83,27590642,31966,0,0,155414
2026-04-24 13:33:31,104775232,69967,36350663,160493,24421,80,83,27606585,15943,0,0,152502
2026-04-24 13:33:32,104843793,68561,36374443,160607,23894,80,83,27622915,16330,0,0,143644
2026-04-24 13:33:33,104912694,68901,36398336,160719,24005,78,83,27638431,15516,0,0,144266
2026-04-24 13:33:35,104981808,69114,36422323,160809,24077,76,83,27654284,15853,0,0,149902
2026-04-24 13:33:36,105050131,68323,36446030,160914,23812,78,83,27686196,31912,0,0,155241
2026-04-24 13:33:37,105118945,68814,36469946,161019,24021,75,83,27702204,16008,0,0,157666
2026-04-24 13:33:38,105189092,70147,36494319,161118,24472,74,83,27718603,16399,0,0,148679
2026-04-24 13:33:40,105257645,68553,36518116,161225,23904,79,83,27735520,16917,0,0,151240
2026-04-24 13:33:41,105325626,67981,36541704,161320,23683,79,83,27767185,31665,0,0,142077
2026-04-24 13:33:42,105395169,69543,36565791,161433,24200,78,83,27783591,16406,0,0,149328
2026-04-24 13:33:43,105464597,69428,36589862,161549,24187,76,83,27799870,16279,0,0,143859
2026-04-24 13:33:44,105533767,69170,36613813,161663,24065,74,83,27816325,16455,0,0,143433
2026-04-24 13:33:46,105599728,65961,36636714,161747,22985,77,83,27832106,15781,0,0,146701
2026-04-24 13:33:47,105669900,70172,36661004,161859,24402,77,83,27863485,31379,0,0,149771
2026-04-24 13:33:48,105738916,69016,36684966,161979,24082,73,83,27880080,16595,0,0,150959
2026-04-24 13:33:49,105807985,69069,36708916,162093,24064,75,83,27897044,16964,0,0,140260
2026-04-24 13:33:51,105871990,64005,36731148,162193,22332,79,83,27912804,15760,0,0,141343
2026-04-24 13:33:52,105939310,67320,36754468,162308,23435,78,83,27929557,16753,0,0,150671
2026-04-24 13:33:53,106008935,69625,36778619,162407,24250,77,83,27962232,32675,0,0,154213
2026-04-24 13:33:54,106076935,68000,36802225,162511,23710,66,83,27978597,16365,0,0,153633
2026-04-24 13:33:55,106143084,66149,36825134,162621,23019,77,83,27994660,16063,0,0,151033
2026-04-24 13:33:57,106201396,58312,36845369,162700,20314,80,83,28009535,14875,0,0,155566
2026-04-24 13:33:58,106261877,60481,36866348,162798,21077,80,83,28024158,14623,0,0,158561
2026-04-24 13:33:59,106327256,65379,36889006,162890,22750,79,83,28054412,30254,0,0,164781
2026-04-24 13:34:00,106393500,66244,36911996,162985,23085,80,83,28069956,15544,0,0,160620
2026-04-24 13:34:01,106454301,60801,36933097,163090,21206,80,83,28086475,16519,0,0,157593
2026-04-24 13:34:03,106512996,58695,36953492,163170,20475,81,83,28101438,14963,0,0,158321
2026-04-24 13:34:04,106571569,58573,36973725,163270,20333,79,83,28133151,31713,0,0,152445
2026-04-24 13:34:05,106639318,67749,36997198,163376,23579,79,83,28148289,15138,0,0,149932
2026-04-24 13:34:06,106706916,67598,37020653,163484,23563,77,83,28164944,16655,0,0,142787
2026-04-24 13:34:07,106771665,64749,37043157,163579,22599,75,83,28181128,16184,0,0,136957
2026-04-24 13:34:09,106831380,59715,37063875,163662,20801,81,83,28197604,16476,0,0,140903
2026-04-24 13:34:10,106893821,62441,37085494,163748,21705,75,83,28226821,29217,0,0,145683
2026-04-24 13:34:11,106960563,66742,37108644,163848,23250,73,83,28243360,16539,0,0,149022
2026-04-24 13:34:12,107027735,67172,37131931,163955,23394,74,83,28259265,15905,0,0,142285
2026-04-24 13:34:14,107093456,65721,37154746,164072,22932,80,83,28275313,16048,0,0,145351
2026-04-24 13:34:15,107152572,59116,37175309,164147,20638,81,83,28291788,16475,0,0,146346
2026-04-24 13:34:16,107214577,62005,37196754,164243,21541,73,83,28323276,31488,0,0,145044
2026-04-24 13:34:17,107281533,66956,37219980,164341,23324,76,83,28339656,16380,0,0,146005
2026-04-24 13:34:18,107348429,66896,37243161,164456,23296,76,83,28356547,16891,0,0,133687
2026-04-24 13:34:20,107410465,62036,37264691,164562,21636,81,83,28372872,16325,0,0,135653
2026-04-24 13:34:21,107475199,64734,37287192,164636,22575,74,83,28389549,16677,0,0,140135
2026-04-24 13:34:22,107545048,69849,37311428,164730,24330,79,83,28424812,35263,0,0,146090
2026-04-24 13:34:23,107613883,68835,37335285,164862,23989,77,83,28441997,17185,0,0,145699
2026-04-24 13:34:24,107682636,68753,37359161,164966,23980,78,83,28459487,17490,0,0,137699
2026-04-24 13:34:26,107751482,68846,37383054,165081,24008,76,83,28477439,17952,0,0,136123
2026-04-24 13:34:27,107820196,68714,37406880,165174,23919,79,83,28512942,35503,0,0,138782
2026-04-24 13:34:28,107891274,71078,37431511,165266,24723,77,83,28530205,17263,0,0,149221
2026-04-24 13:34:29,107961884,70610,37456028,165351,24602,79,83,28547283,17078,0,0,137669
2026-04-24 13:34:31,108031853,69969,37480299,165458,24378,79,83,28564330,17047,0,0,140478
2026-04-24 13:34:32,108098653,66800,37503456,165550,23249,80,83,28582306,17976,0,0,146575
2026-04-24 13:34:33,108167828,69175,37527393,165654,24041,80,83,28616898,34592,0,0,150560
2026-04-24 13:34:34,108236898,69070,37551346,165775,24074,75,83,28634240,17342,0,0,150321
2026-04-24 13:34:35,108306654,69756,37575564,165868,24311,81,83,28652474,18234,0,0,149055
2026-04-24 13:34:37,108375662,69008,37599533,165972,24073,67,83,28670994,18520,0,0,151983
2026-04-24 13:34:38,108443468,67806,37623048,166083,23626,81,83,28707605,36611,0,0,149844
2026-04-24 13:34:39,108512563,69095,37647016,166194,24079,79,83,28725498,17893,0,0,149056
2026-04-24 13:34:40,108578846,66283,37670031,166289,23110,80,83,28743417,17919,0,0,133676
2026-04-24 13:34:42,108646976,68130,37693685,166398,23763,76,83,28761348,17931,0,0,133747
2026-04-24 13:34:43,108715580,68604,37717496,166499,23912,75,83,28779717,18369,0,0,135673
2026-04-24 13:34:44,108785937,70357,37741896,166617,24518,80,83,28815135,35418,0,0,141363
2026-04-24 13:34:45,108856446,70509,37766381,166717,24585,74,83,28833193,18058,0,0,138112
2026-04-24 13:34:46,108926692,70246,37790755,166828,24485,75,83,28851745,18552,0,0,137717
2026-04-24 13:34:48,108994003,67311,37814112,166932,23461,73,83,28869720,17975,0,0,139545
2026-04-24 13:34:49,109061531,67528,37837543,167039,23538,72,83,28905816,36096,0,0,147999
2026-04-24 13:34:50,109131404,69873,37861755,167153,24326,77,83,28923195,17379,0,0,153702
2026-04-24 13:34:51,109200347,68943,37885639,167262,23993,78,83,28940817,17622,0,0,147841
2026-04-24 13:34:53,109268693,68346,37909345,167377,23821,75,83,28958390,17573,0,0,153491
2026-04-24 13:34:54,109336250,67557,37932743,167479,23500,79,83,28976218,17828,0,0,160043
2026-04-24 13:34:55,109403467,67217,37956055,167603,23436,79,83,29012380,36162,0,0,164955
2026-04-24 13:34:56,109472461,68994,37979997,167694,24033,80,83,29029709,17329,0,0,164279
2026-04-24 13:34:57,109541347,68886,38003916,167793,24018,71,83,29047236,17527,0,0,143063
2026-04-24 13:34:59,109608378,67031,38027204,167880,23375,79,83,29065002,17766,0,0,151742
2026-04-24 13:35:00,109674706,66328,38050225,167956,23097,74,83,29100077,35075,0,0,154093
2026-04-24 13:35:01,109743010,68304,38073930,168063,23812,75,83,29117254,17177,0,0,159147
2026-04-24 13:35:02,109811466,68456,38097670,168165,23842,77,83,29133674,16420,0,0,148439
2026-04-24 13:35:03,109878469,67003,38120914,168269,23348,79,83,29151910,18236,0,0,144998
2026-04-24 13:35:05,109946180,67711,38144393,168375,23585,81,83,29169278,17368,0,0,148647
2026-04-24 13:35:06,110014648,68468,38168207,168464,23903,76,83,29204116,34838,0,0,155758
2026-04-24 13:35:07,110084259,69611,38192375,168553,24257,73,83,29221969,17853,0,0,154426
2026-04-24 13:35:08,110152822,68563,38216178,168659,23909,77,83,29239520,17551,0,0,151181
2026-04-24 13:35:10,110219669,66847,38239377,168776,23316,81,83,29256313,16793,0,0,152212
2026-04-24 13:35:11,110285801,66132,38262324,168888,23059,77,83,29290075,33762,0,0,155095
2026-04-24 13:35:12,110354545,68744,38286194,168992,23974,74,83,29307244,17169,0,0,159118
2026-04-24 13:35:13,110424576,70031,38310424,169111,24349,78,83,29324461,17217,0,0,155158
2026-04-24 13:35:14,110491981,67405,38333808,169223,23496,69,83,29341822,17361,0,0,153213
2026-04-24 13:35:16,110557867,65886,38356635,169335,22939,78,83,29358994,17172,0,0,157965
2026-04-24 13:35:17,110624816,66949,38379890,169449,23369,80,83,29395122,36128,0,0,160111
2026-04-24 13:35:18,110693313,68497,38403693,169537,23891,76,83,29411856,16734,0,0,165602
2026-04-24 13:35:19,110762138,68825,38427570,169642,23982,81,83,29428825,16969,0,0,143436
2026-04-24 13:35:21,110829030,66892,38450785,169745,23318,67,83,29445816,16991,0,0,146618
2026-04-24 13:35:22,110891974,62944,38472614,169852,21936,81,83,29462899,17083,0,0,156421
2026-04-24 13:35:23,110958519,66545,38495629,169958,23121,78,83,29496677,33778,0,0,158424
2026-04-24 13:35:24,111025456,66937,38518838,170063,23314,77,83,29513710,17033,0,0,158729
2026-04-24 13:35:25,111090528,65072,38541443,170175,22717,81,83,29529774,16064,0,0,155615
2026-04-24 13:35:27,111151692,61164,38562688,170278,21348,79,83,29546147,16373,0,0,158794
2026-04-24 13:35:28,111211321,59629,38583426,170357,20817,81,83,29563249,17102,0,0,161579
2026-04-24 13:35:29,111276166,64845,38605917,170472,22606,76,83,29596764,33515,0,0,166221
2026-04-24 13:35:30,111341792,65626,38628683,170597,22891,72,83,29613324,16560,0,0,151012
2026-04-24 13:35:31,111403509,61717,38650145,170691,21556,81,83,29629400,16076,0,0,155811
2026-04-24 13:35:33,111461118,57609,38670103,170776,20043,67,83,29645650,16250,0,0,151732
2026-04-24 13:35:34,111519149,58031,38690240,170871,20232,79,83,29675804,30154,0,0,156902
2026-04-24 13:35:35,111583532,64383,38712566,170988,22443,79,83,29691213,15409,0,0,162202
2026-04-24 13:35:36,111647958,64426,38734968,171092,22506,76,83,29706268,15055,0,0,152197
2026-04-24 13:35:37,111709200,61242,38756226,171186,21352,74,83,29722198,15930,0,0,151221
2026-04-24 13:35:39,111767184,57984,38776341,171269,20198,81,83,29737809,15611,0,0,155614
2026-04-24 13:35:40,111825443,58259,38796518,171346,20254,79,83,29767367,29558,0,0,156543
2026-04-24 13:35:41,111890398,64955,38819021,171459,22616,74,83,29782177,14810,0,0,162380
2026-04-24 13:35:42,111953964,63566,38841053,171553,22126,75,83,29797373,15196,0,0,133597
2026-04-24 13:35:43,112015201,61237,38862318,171636,21348,78,83,29812350,14977,0,0,130988
2026-04-24 13:35:45,112071978,56777,38881999,171722,19767,80,83,29827625,15275,0,0,131884
2026-04-24 13:35:46,112131889,59911,38902784,171804,20867,78,83,29856946,29321,0,0,134755
2026-04-24 13:35:47,112194824,62935,38924593,171908,21913,80,83,29872244,15298,0,0,135478
2026-04-24 13:35:48,112262801,67977,38948093,172019,23611,78,83,29886153,13909,0,0,136885
2026-04-24 13:35:49,112326887,64086,38970310,172122,22320,67,83,29902362,16209,0,0,133383
2026-04-24 13:35:51,112388699,61812,38991773,172210,21551,69,83,29917934,15572,0,0,135856
2026-04-24 13:35:52,112451622,62923,39013600,172298,21915,74,83,29948585,30651,0,0,140683
2026-04-24 13:35:53,112517840,66218,39036610,172394,23106,77,83,29963445,14860,0,0,143234
2026-04-24 13:35:54,112584768,66928,39059817,172517,23330,76,83,29979390,15945,0,0,136653
2026-04-24 13:35:56,112650030,65262,39082468,172606,22740,80,83,29995508,16118,0,0,140417
2026-04-24 13:35:57,112713153,63123,39104370,172689,21985,72,83,30011226,15718,0,0,144150
2026-04-24 13:35:58,112780413,67260,39127719,172796,23456,81,83,30041637,30411,0,0,151010
2026-04-24 13:35:59,112848431,68018,39151297,172897,23679,74,83,30057847,16210,0,0,151027
2026-04-24 13:36:00,112916047,67616,39174778,173000,23584,81,83,30073707,15860,0,0,141603
2026-04-24 13:36:02,112981314,65267,39197440,173096,22758,78,83,30089403,15696,0,0,142934
2026-04-24 13:36:03,113046828,65514,39220181,173191,22836,74,83,30121658,32255,0,0,147639
2026-04-24 13:36:04,113114352,67524,39243556,173310,23494,75,83,30136981,15323,0,0,156724
2026-04-24 13:36:05,113183114,68762,39267378,173420,23932,77,83,30152065,15084,0,0,152496
2026-04-24 13:36:06,113251397,68283,39291067,173539,23808,76,83,30167126,15061,0,0,145582
2026-04-24 13:36:08,113315358,63961,39313265,173648,22307,70,83,30182744,15618,0,0,151312
2026-04-24 13:36:09,113383127,67769,39336699,173765,23551,76,83,30214005,31261,0,0,156664
2026-04-24 13:36:10,113451582,68455,39360460,173879,23875,72,83,30229526,15521,0,0,162384
2026-04-24 13:36:11,113519862,68280,39384140,173995,23796,79,83,30244957,15431,0,0,157361
2026-04-24 13:36:13,113585978,66116,39407103,174106,23074,70,83,30261082,16125,0,0,156690
2026-04-24 13:36:14,113652373,66395,39430108,174208,23107,81,83,30293257,32175,0,0,156434
2026-04-24 13:36:15,113720089,67716,39453634,174314,23632,69,83,30309693,16436,0,0,157428
2026-04-24 13:36:16,113788731,68642,39477423,174421,23896,73,83,30325462,15769,0,0,155648
2026-04-24 13:36:17,113856032,67301,39500796,174518,23470,80,83,30341356,15894,0,0,141189
2026-04-24 13:36:19,113921868,65836,39523659,174619,22964,81,83,30356987,15631,0,0,143082
2026-04-24 13:36:20,113988804,66936,39546838,174725,23285,79,83,30388386,31399,0,0,148307
2026-04-24 13:36:21,114057875,69071,39570811,174822,24070,78,83,30403585,15199,0,0,154084
2026-04-24 13:36:22,114125182,67307,39594182,174928,23477,76,83,30419923,16338,0,0,146607
2026-04-24 13:36:23,114191650,66468,39617265,175033,23188,81,83,30435549,15626,0,0,144239
2026-04-24 13:36:25,114256535,64885,39639802,175128,22632,80,83,30450438,14889,0,0,145034
2026-04-24 13:36:26,114323622,67087,39663075,175240,23385,77,83,30481868,31430,0,0,146431
2026-04-24 13:36:27,114391385,67763,39686633,175336,23654,72,83,30497262,15394,0,0,150439
2026-04-24 13:36:28,114457582,66197,39709641,175452,23124,77,83,30513856,16594,0,0,145935
2026-04-24 13:36:30,114520207,62625,39731386,175540,21833,81,83,30529426,15570,0,0,149464
2026-04-24 13:36:31,114576626,56419,39750945,175621,19640,81,83,30544294,14868,0,0,152422
2026-04-24 13:36:32,114640120,63494,39772967,175711,22112,80,83,30571881,27587,0,0,158968
2026-04-24 13:36:33,114704717,64597,39795365,175812,22499,75,83,30586428,14547,0,0,164216
2026-04-24 13:36:34,114769657,64940,39817894,175920,22637,75,83,30600997,14569,0,0,152954
2026-04-24 13:36:36,114827777,58120,39838128,176001,20315,81,83,30615945,14948,0,0,157737
2026-04-24 13:36:37,114886774,58997,39858577,176103,20551,69,83,30630963,15018,0,0,157889
2026-04-24 13:36:38,114949402,62628,39880289,176200,21809,74,83,30659503,28540,0,0,169126
2026-04-24 13:36:39,115010880,61478,39901619,176297,21427,77,83,30674268,14765,0,0,170402
2026-04-24 13:36:40,115074961,64081,39923892,176404,22380,80,83,30688366,14098,0,0,155389
2026-04-24 13:36:42,115132077,57116,39943674,176499,19877,80,83,30702382,14016,0,0,153887
2026-04-24 13:36:43,115191241,59164,39964143,176593,20563,79,83,30715882,13500,0,0,157396
2026-04-24 13:36:44,115255273,64032,39986340,176683,22287,78,83,30743620,27738,0,0,161133
2026-04-24 13:36:45,115322246,66973,40009565,176786,23328,70,83,30757117,13497,0,0,165864
2026-04-24 13:36:46,115390450,68204,40033198,176891,23738,74,83,30771859,14742,0,0,153740
2026-04-24 13:36:48,115454684,64234,40055518,176985,22414,81,83,30786476,14617,0,0,152810
2026-04-24 13:36:49,115518790,64106,40077723,177088,22308,72,83,30816857,30381,0,0,146677
2026-04-24 13:36:50,115586084,67294,40101072,177199,23460,73,83,30831991,15134,0,0,147569
2026-04-24 13:36:51,115652077,65993,40124023,177316,23068,79,83,30847277,15286,0,0,143710
2026-04-24 13:36:52,115718747,66670,40147155,177416,23232,80,83,30862892,15615,0,0,141226
2026-04-24 13:36:54,115781782,63035,40169014,177490,21933,75,83,30877666,14774,0,0,145339
2026-04-24 13:36:55,115847309,65527,40191767,177587,22850,80,83,30907003,29337,0,0,149243
2026-04-24 13:36:56,115915460,68151,40215389,177684,23719,78,83,30922196,15193,0,0,155428
2026-04-24 13:36:57,115983817,68357,40239097,177796,23820,70,83,30937967,15771,0,0,150982
2026-04-24 13:36:59,116048622,64805,40261554,177917,22578,69,83,30952999,15032,0,0,148313
2026-04-24 13:37:00,116112272,63650,40283637,178021,22187,79,83,30967709,14710,0,0,152894
2026-04-24 13:37:01,116176912,64640,40306118,178122,22582,80,83,30999520,31811,0,0,147000
2026-04-24 13:37:02,116243975,67063,40329357,178223,23340,81,83,31015840,16320,0,0,151292
2026-04-24 13:37:03,116311534,67559,40352788,178334,23542,72,83,31030346,14506,0,0,141429
2026-04-24 13:37:05,116366273,54739,40371806,178417,19101,81,83,31044981,14635,0,0,140446
2026-04-24 13:37:06,116421704,55431,40390979,178497,19253,81,83,31058967,13986,0,0,141390
2026-04-24 13:37:07,116484151,62447,40412640,178580,21744,78,83,31086199,27232,0,0,147353
2026-04-24 13:37:08,116549468,65317,40435259,178701,22740,79,83,31101564,15365,0,0,152468
2026-04-24 13:37:09,116614844,65376,40457951,178789,22780,79,83,31115465,13901,0,0,145071
2026-04-24 13:37:11,116674746,59902,40478720,178879,20859,80,83,31129911,14446,0,0,145393
2026-04-24 13:37:12,116733499,58753,40499145,178970,20516,69,83,31144610,14699,0,0,153293
2026-04-24 13:37:13,116794151,60652,40520217,179049,21151,76,83,31175247,30637,0,0,157136
2026-04-24 13:37:14,116859213,65062,40542821,179136,22691,65,83,31189661,14414,0,0,153819
2026-04-24 13:37:15,116923690,64477,40565220,179218,22481,75,83,31204306,14645,0,0,139162
2026-04-24 13:37:17,116984636,60946,40586364,179311,21237,81,83,31220125,15819,0,0,140651
2026-04-24 13:37:18,117040181,55545,40605688,179399,19412,79,83,31235179,15054,0,0,144219
2026-04-24 13:37:19,117101071,60890,40626818,179491,21222,80,83,31264643,29464,0,0,147834
2026-04-24 13:37:20,117166883,65812,40649673,179599,22963,75,83,31279594,14951,0,0,152922
2026-04-24 13:37:21,117232930,66047,40672639,179693,23060,76,83,31296042,16448,0,0,139646
2026-04-24 13:37:23,117297513,64583,40695045,179799,22512,80,83,31312184,16142,0,0,141460
2026-04-24 13:37:24,117362543,65030,40717572,179904,22632,79,83,31343754,31570,0,0,146864
2026-04-24 13:37:25,117429981,67438,40740972,180014,23510,75,83,31360687,16933,0,0,152971
2026-04-24 13:37:26,117497542,67561,40764422,180102,23538,78,83,31376377,15690,0,0,147393
2026-04-24 13:37:27,117563950,66408,40787501,180203,23180,74,83,31391965,15588,0,0,138115
2026-04-24 13:37:29,117629448,65498,40810202,180308,22806,78,83,31408162,16197,0,0,144319
2026-04-24 13:37:30,117696503,67055,40833480,180416,23386,73,83,31439690,31528,0,0,149633
2026-04-24 13:37:31,117764414,67911,40857011,180533,23648,75,83,31455859,16169,0,0,156713
2026-04-24 13:37:32,117832370,67956,40880547,180662,23665,81,83,31472484,16625,0,0,151761
2026-04-24 13:37:34,117898874,66504,40903635,180753,23179,72,83,31488231,15747,0,0,150643
2026-04-24 13:37:35,117963112,64238,40925935,180843,22390,75,83,31504234,16003,0,0,149577
2026-04-24 13:37:36,118029742,66630,40949041,180948,23211,76,83,31536009,31775,0,0,146182
2026-04-24 13:37:37,118097190,67448,40972413,181046,23470,79,83,31552325,16316,0,0,142392
2026-04-24 13:37:38,118163543,66353,40995436,181142,23119,79,83,31568165,15840,0,0,129851
2026-04-24 13:37:40,118226599,63056,41017311,181238,21971,80,83,31584307,16142,0,0,130986
2026-04-24 13:37:41,118292441,65842,41040143,181334,22928,77,83,31616586,32279,0,0,134502
2026-04-24 13:37:42,118360557,68116,41063784,181454,23761,72,83,31633452,16866,0,0,136860
2026-04-24 13:37:43,118430332,69775,41087972,181567,24301,72,83,31650184,16732,0,0,138331
2026-04-24 13:37:44,118497257,66925,41111206,181674,23341,75,83,31667289,17105,0,0,125134
2026-04-24 13:37:46,118562806,65549,41133941,181761,22822,77,83,31684363,17074,0,0,133600
2026-04-24 13:37:47,118630087,67281,41157287,181865,23450,77,83,31718300,33937,0,0,140027
2026-04-24 13:37:48,118698490,68403,41181039,181951,23838,70,83,31735215,16915,0,0,140469
2026-04-24 13:37:49,118768199,69709,41205203,182051,24264,74,83,31751597,16382,0,0,128984
2026-04-24 13:37:51,118830854,62655,41226989,182144,21879,80,83,31767820,16223,0,0,126213
2026-04-24 13:37:52,118897995,67141,41250235,182236,23338,74,83,31783786,15966,0,0,128988
2026-04-24 13:37:53,118966324,68329,41273946,182362,23837,78,83,31816942,33156,0,0,134637
2026-04-24 13:37:54,119034017,67693,41297462,182460,23614,76,83,31833819,16877,0,0,140087
2026-04-24 13:37:55,119100685,66668,41320644,182568,23290,76,83,31850460,16641,0,0,130477
2026-04-24 13:37:57,119167012,66327,41343676,182665,23129,76,83,31867196,16736,0,0,136873
2026-04-24 13:37:58,119233158,66146,41366650,182759,23068,77,83,31902154,34958,0,0,133571
2026-04-24 13:37:59,119302281,69123,41390582,182866,24039,73,83,31918995,16841,0,0,139764
2026-04-24 13:38:00,119370632,68351,41414399,182954,23905,74,83,31936525,17530,0,0,137658
2026-04-24 13:38:02,119434012,63380,41436427,183038,22112,76,83,31954517,17992,0,0,132530
2026-04-24 13:38:03,119500415,66403,41459433,183139,23107,81,83,31971303,16786,0,0,138149
2026-04-24 13:38:04,119566094,65679,41482229,183236,22893,81,83,32004977,33674,0,0,142401
2026-04-24 13:38:05,119634633,68539,41506035,183333,23903,75,83,32022240,17263,0,0,146051
2026-04-24 13:38:06,119700959,66326,41529013,183453,23098,81,83,32039811,17571,0,0,137926
2026-04-24 13:38:08,119765901,64942,41551544,183545,22623,72,83,32056671,16860,0,0,131293
2026-04-24 13:38:09,119832856,66955,41574722,183653,23286,77,83,32090120,33449,0,0,139190
2026-04-24 13:38:10,119901939,69083,41598695,183761,24081,79,83,32107626,17506,0,0,141970
2026-04-24 13:38:11,119965403,63464,41620775,183853,22172,73,83,32125266,17640,0,0,142888
2026-04-24 13:38:12,120031649,66246,41643707,183962,23041,78,83,32141319,16053,0,0,132727
2026-04-24 13:38:14,120099257,67608,41667170,184063,23564,79,83,32158869,17550,0,0,134411
2026-04-24 13:38:15,120165629,66372,41690155,184179,23101,77,83,32193588,34719,0,0,138940
2026-04-24 13:38:16,120233796,68167,41713860,184264,23790,73,83,32210979,17391,0,0,143949
2026-04-24 13:38:17,120301026,67230,41737216,184362,23454,76,83,32228630,17651,0,0,137302
2026-04-24 13:38:19,120368455,67429,41760594,184477,23493,69,83,32245979,17349,0,0,134957
2026-04-24 13:38:20,120432924,64469,41782928,184580,22437,74,83,32263579,17600,0,0,126365
2026-04-24 13:38:21,120497929,65005,41805476,184683,22651,76,83,32298606,35027,0,0,136673
2026-04-24 13:38:22,120566519,68590,41829274,184776,23891,73,83,32315288,16682,0,0,146248
2026-04-24 13:38:23,120634157,67638,41852779,184861,23590,80,83,32331065,15777,0,0,135247
2026-04-24 13:38:25,120700590,66433,41875802,184958,23120,81,83,32347875,16810,0,0,140698
2026-04-24 13:38:26,120766365,65775,41898659,185043,22942,73,83,32381943,34068,0,0,145263
2026-04-24 13:38:27,120835662,69297,41922650,185159,24107,80,83,32399658,17715,0,0,151170
2026-04-24 13:38:28,120904327,68665,41946484,185250,23925,77,83,32416755,17097,0,0,146456
2026-04-24 13:38:30,120969897,65570,41969196,185346,22808,81,83,32434596,17841,0,0,141951
2026-04-24 13:38:31,121033922,64025,41991414,185455,22327,78,83,32451603,17007,0,0,150360
2026-04-24 13:38:32,121093038,59116,42011874,185548,20553,79,83,32484946,33343,0,0,145685
2026-04-24 13:38:33,121163013,69975,42036175,185662,24415,79,83,32500467,15521,0,0,149014
2026-04-24 13:38:34,121229446,66433,42059215,185758,23136,78,83,32518356,17889,0,0,137143
2026-04-24 13:38:36,121291472,62026,42080767,185843,21637,81,83,32534509,16153,0,0,137230
2026-04-24 13:38:37,121355948,64476,42103125,185917,22432,75,83,32550521,16012,0,0,138279
2026-04-24 13:38:38,121420788,64840,42125589,186038,22585,79,83,32584019,33498,0,0,141075
2026-04-24 13:38:39,121483419,62631,42147276,186134,21783,74,83,32601802,17783,0,0,143474
2026-04-24 13:38:40,121547154,63735,42169411,186229,22230,78,83,32617049,15247,0,0,135905
2026-04-24 13:38:42,121606471,59317,42190053,186307,20720,80,83,32634000,16951,0,0,123726
2026-04-24 13:38:43,121665729,59258,42210622,186404,20666,81,83,32650369,16369,0,0,130203
2026-04-24 13:38:44,121727729,62000,42232156,186487,21617,77,83,32682711,32342,0,0,139239
2026-04-24 13:38:45,121792240,64511,42254520,186587,22464,77,83,32698139,15428,0,0,141846
2026-04-24 13:38:46,121853542,61302,42275799,186678,21370,81,83,32713723,15584,0,0,136597
2026-04-24 13:38:48,121913101,59559,42296443,186767,20733,81,83,32729607,15884,0,0,139477
2026-04-24 13:38:49,121974543,61442,42317728,186857,21375,74,83,32760505,30898,0,0,144262
2026-04-24 13:38:50,122037171,62628,42339473,186948,21836,78,83,32777193,16688,0,0,149276
2026-04-24 13:38:51,122101275,64104,42361712,187060,22351,78,83,32792758,15565,0,0,151594
2026-04-24 13:38:52,122165052,63777,42383882,187151,22261,81,83,32808578,15820,0,0,143006
2026-04-24 13:38:54,122225566,60514,42404820,187250,21037,81,83,32824903,16325,0,0,149061
2026-04-24 13:38:55,122283746,58180,42424992,187346,20268,74,83,32856479,31576,0,0,148912
2026-04-24 13:38:56,122350418,66672,42448086,187476,23224,74,83,32873519,17040,0,0,152060
2026-04-24 13:38:57,122416463,66045,42470989,187570,22997,71,83,32889604,16085,0,0,144149
2026-04-24 13:38:59,122481442,64979,42493535,187660,22636,69,83,32906003,16399,0,0,138083
2026-04-24 13:39:00,122544762,63320,42515491,187747,22043,81,83,32923737,17734,0,0,145070
2026-04-24 13:39:01,122611615,66853,42538662,187856,23280,75,83,32957200,33463,0,0,148021
2026-04-24 13:39:02,122680212,68597,42562481,187966,23929,76,83,32975419,18219,0,0,153149
2026-04-24 13:39:03,122749112,68900,42586377,188060,23990,76,83,32991796,16377,0,0,149521
2026-04-24 13:39:05,122814439,65327,42609111,188147,22821,79,83,33009747,17951,0,0,140322
2026-04-24 13:39:06,122876318,61879,42630619,188226,21587,77,83,33027739,17992,0,0,141155
2026-04-24 13:39:07,122941046,64728,42653068,188329,22552,76,83,33061748,34009,0,0,147254
2026-04-24 13:39:08,123008670,67624,42676480,188423,23506,71,83,33077631,15883,0,0,154026
2026-04-24 13:39:09,123075245,66575,42699585,188519,23201,79,83,33093518,15887,0,0,148786
2026-04-24 13:39:11,123138136,62891,42721369,188620,21885,76,83,33110618,17100,0,0,147702
2026-04-24 13:39:12,123201606,63470,42743380,188715,22106,81,83,33126408,15790,0,0,150272
2026-04-24 13:39:13,123265542,63936,42765640,188807,22352,75,83,33160149,33741,0,0,155766
2026-04-24 13:39:14,123330091,64549,42788054,188905,22512,78,83,33177169,17020,0,0,160205
2026-04-24 13:39:15,123391480,61389,42809370,189010,21421,80,83,33192712,15543,0,0,149380
2026-04-24 13:39:17,123446861,55381,42828601,189103,19324,81,83,33207921,15209,0,0,141264
2026-04-24 13:39:18,123506350,59489,42849180,189200,20676,73,83,33236698,28777,0,0,142787
2026-04-24 13:39:19,123570378,64028,42871397,189297,22314,77,83,33252230,15532,0,0,140324
2026-04-24 13:39:20,123636619,66241,42894391,189393,23090,76,83,33267655,15425,0,0,141221
2026-04-24 13:39:21,123700012,63393,42916379,189494,22089,81,83,33284980,17325,0,0,130261
2026-04-24 13:39:23,123762398,62386,42937990,189580,21697,81,83,33300729,15749,0,0,135236
2026-04-24 13:39:24,123830997,68599,42961800,189682,23912,80,83,33333141,32412,0,0,137615
2026-04-24 13:39:25,123898812,67815,42985334,189787,23639,70,83,33349204,16063,0,0,139907
2026-04-24 13:39:26,123967431,68619,43009103,189903,23885,78,83,33366330,17126,0,0,132280
2026-04-24 13:39:28,124035089,67658,43032583,190005,23582,75,83,33383048,16718,0,0,130799
2026-04-24 13:39:29,124103064,67975,43056110,190121,23643,77,83,33414797,31749,0,0,132200
2026-04-24 13:39:30,124171699,68635,43079897,190232,23898,78,83,33431676,16879,0,0,137589
2026-04-24 13:39:31,124240625,68926,43103834,190327,24032,76,83,33447565,15889,0,0,141725
2026-04-24 13:39:32,124308904,68279,43127505,190438,23782,74,83,33464463,16898,0,0,133759
2026-04-24 13:39:34,124375732,66828,43150706,190545,23308,80,83,33480688,16225,0,0,137059
2026-04-24 13:39:35,124442734,67002,43173902,190660,23311,80,83,33513778,33090,0,0,141878
2026-04-24 13:39:36,124510643,67909,43197466,190773,23677,81,83,33530121,16343,0,0,145570
2026-04-24 13:39:37,124579533,68890,43221344,190878,23983,73,83,33547085,16964,0,0,147835
2026-04-24 13:39:39,124646722,67189,43244648,190988,23414,78,83,33563259,16174,0,0,134746
2026-04-24 13:39:40,124713861,67139,43267916,191077,23357,77,83,33579892,16633,0,0,142909
2026-04-24 13:39:41,124781767,67906,43291453,191186,23646,80,83,33611949,32057,0,0,146468
2026-04-24 13:39:42,124851837,70070,43315728,191319,24408,78,83,33627439,15490,0,0,151881
2026-04-24 13:39:43,124920880,69043,43339661,191422,24036,74,83,33643649,16210,0,0,144893
2026-04-24 13:39:45,124987948,67068,43362980,191526,23423,71,83,33659660,16011,0,0,145011
2026-04-24 13:39:46,125053468,65520,43385747,191624,22865,76,83,33692759,33099,0,0,147658
2026-04-24 13:39:47,125122071,68603,43409565,191724,23918,81,83,33710109,17350,0,0,152999
2026-04-24 13:39:48,125190141,68070,43433210,191816,23737,77,83,33726354,16245,0,0,153075
2026-04-24 13:39:50,125257702,67561,43456643,191942,23559,70,83,33743245,16891,0,0,132237
2026-04-24 13:39:51,125323658,65956,43479572,192043,23030,79,83,33759497,16252,0,0,133228
2026-04-24 13:39:52,125391063,67405,43502948,192135,23468,77,83,33791693,32196,0,0,137416
2026-04-24 13:39:53,125459095,68032,43526569,192240,23726,77,83,33807546,15853,0,0,144507
2026-04-24 13:39:54,125528061,68966,43550536,192353,24080,78,83,33824020,16474,0,0,138948
2026-04-24 13:39:56,125594811,66750,43573707,192452,23270,72,83,33840428,16408,0,0,135856
2026-04-24 13:39:57,125660512,65701,43596573,192545,22959,73,83,33873561,33133,0,0,138598
2026-04-24 13:39:58,125730098,69586,43620695,192650,24227,79,83,33889566,16005,0,0,144019
2026-04-24 13:39:59,125798804,68706,43644555,192751,23961,77,83,33906731,17165,0,0,149128
2026-04-24 13:40:00,125866537,67733,43668081,192867,23642,68,83,33922865,16134,0,0,135991
2026-04-24 13:40:02,125931663,65126,43690657,192969,22678,70,83,33939099,16234,0,0,140758
2026-04-24 13:40:03,125991594,59931,43711435,193062,20871,81,83,33955428,16329,0,0,141116
2026-04-24 13:40:04,126056551,64957,43733916,193154,22573,76,83,33985053,29625,0,0,146474
2026-04-24 13:40:05,126121516,64965,43756502,193228,22660,70,83,34000063,15010,0,0,149858
2026-04-24 13:40:06,126186282,64766,43778921,193350,22541,73,83,34014663,14600,0,0,140246
2026-04-24 13:40:08,126248265,61983,43800435,193443,21607,81,83,34028928,14265,0,0,145431
2026-04-24 13:40:09,126308489,60224,43821270,193552,20944,80,83,34058266,29338,0,0,147061
2026-04-24 13:40:10,126374747,66258,43844277,193657,23112,80,83,34072738,14472,0,0,153556
2026-04-24 13:40:11,126439715,64968,43866837,193753,22656,76,83,34088015,15277,0,0,151565
2026-04-24 13:40:13,126502397,62682,43888618,193845,21873,80,83,34103174,15159,0,0,140921
2026-04-24 13:40:14,126560777,58380,43908885,193933,20355,80,83,34118528,15354,0,0,140369
2026-04-24 13:40:15,126616541,55764,43928279,194022,19483,81,83,34133157,14629,0,0,142350
2026-04-24 13:40:16,126680418,63877,43950377,194131,22207,77,83,34161309,28152,0,0,149239
2026-04-24 13:40:17,126745967,65549,43973072,194230,22794,75,83,34174288,12979,0,0,149319
2026-04-24 13:40:19,126809252,63285,43995045,194328,22071,75,83,34188278,13990,0,0,142864
2026-04-24 13:40:20,126868879,59627,44015755,194411,20793,81,83,34203595,15317,0,0,146991
2026-04-24 13:40:21,126928200,59321,44036311,194495,20640,78,83,34233634,30039,0,0,149284
2026-04-24 13:40:22,126993271,65071,44058905,194579,22678,79,83,34247934,14300,0,0,156425
2026-04-24 13:40:23,127059098,65827,44081753,194684,22953,77,83,34262706,14772,0,0,164100
2026-04-24 13:40:25,127119734,60636,44102813,194778,21154,81,83,34277507,14801,0,0,157356
2026-04-24 13:40:26,127179697,59963,44123578,194872,20859,77,83,34292390,14883,0,0,163933
2026-04-24 13:40:27,127243030,63333,44145511,194986,22047,77,83,34321553,29163,0,0,168487
2026-04-24 13:40:28,127309842,66812,44168678,195095,23276,79,83,34336004,14451,0,0,174854
2026-04-24 13:40:29,127375953,66111,44191625,195193,23045,75,83,34351543,15539,0,0,171361
2026-04-24 13:40:31,127438168,62215,44213199,195281,21662,81,83,34366301,14758,0,0,168215
2026-04-24 13:40:32,127499637,61469,44234508,195383,21411,71,83,34380833,14532,0,0,169414
2026-04-24 13:40:33,127565488,65851,44257354,195475,22938,76,83,34411151,30318,0,0,175029
2026-04-24 13:40:34,127631494,66006,44280249,195575,22995,80,83,34425535,14384,0,0,169482
2026-04-24 13:40:35,127698248,66754,44303395,195675,23246,81,83,34440082,14547,0,0,157930
2026-04-24 13:40:37,127755347,57099,44323252,195764,19946,81,83,34454279,14197,0,0,151787
2026-04-24 13:40:38,127817195,61848,44344664,195838,21486,80,83,34468371,14092,0,0,153463
2026-04-24 13:40:39,127883321,66126,44367569,195924,22991,75,83,34497518,29147,0,0,156086
2026-04-24 13:40:40,127949252,65931,44390458,196031,22996,77,83,34513224,15706,0,0,162650
2026-04-24 13:40:41,128014234,64982,44413027,196126,22664,81,83,34527943,14719,0,0,155143
2026-04-24 13:40:43,128075168,60934,44434119,196233,21199,81,83,34543051,15108,0,0,157804
2026-04-24 13:40:44,128136020,60852,44455199,196333,21180,77,83,34572623,29572,0,0,158262
2026-04-24 13:40:45,128201377,65357,44477935,196425,22828,78,83,34588312,15689,0,0,163308
2026-04-24 13:40:46,128267443,66066,44500838,196516,22994,80,83,34603919,15607,0,0,171476
2026-04-24 13:40:47,128331641,64198,44523154,196614,22414,81,83,34618865,14946,0,0,158836
2026-04-24 13:40:49,128389895,58254,44543352,196696,20280,80,83,34634602,15737,0,0,159005
2026-04-24 13:40:50,128451360,61465,44564665,196783,21400,75,83,34664241,29639,0,0,163237
2026-04-24 13:40:51,128516875,65515,44587408,196879,22839,79,83,34679262,15021,0,0,173494
2026-04-24 13:40:52,128581113,64238,44609734,196973,22420,73,83,34695519,16257,0,0,177509
2026-04-24 13:40:53,128642963,61850,44631237,197058,21588,81,83,34710059,14540,0,0,167157
2026-04-24 13:40:55,128704089,61126,44652426,197158,21289,81,83,34725275,15216,0,0,171857
2026-04-24 13:40:56,128766408,62319,44674063,197249,21728,79,83,34756357,31082,0,0,175538
2026-04-24 13:40:57,128832088,65680,44696864,197346,22898,76,83,34772203,15846,0,0,183120
2026-04-24 13:40:58,128899350,67262,44720201,197436,23427,73,83,34787116,14913,0,0,168297
2026-04-24 13:41:00,128962251,62901,44742015,197524,21902,80,83,34802665,15549,0,0,156569
2026-04-24 13:41:01,129025999,63748,44764139,197616,22216,81,83,34818040,15375,0,0,159977
2026-04-24 13:41:02,129091107,65108,44786734,197716,22695,76,83,34849840,31800,0,0,165446
2026-04-24 13:41:03,129158577,67470,44810100,197830,23480,76,83,34866019,16179,0,0,167912
2026-04-24 13:41:04,129226093,67516,44833501,197943,23514,75,83,34881474,15455,0,0,167800
2026-04-24 13:41:06,129292133,66040,44856411,198049,23016,81,83,34897656,16182,0,0,159881
2026-04-24 13:41:07,129358250,66117,44879387,198153,23080,75,83,34913083,15427,0,0,161277
2026-04-24 13:41:08,129425009,66759,44902557,198244,23261,78,83,34946849,33766,0,0,166934
2026-04-24 13:41:09,129492287,67278,44925925,198344,23468,76,83,34963761,16912,0,0,156756
2026-04-24 13:41:10,129558931,66644,44949082,198460,23273,81,83,34979611,15850,0,0,153088
2026-04-24 13:41:12,129624823,65892,44971913,198569,22940,78,83,34995966,16355,0,0,147558
2026-04-24 13:41:13,129690103,65280,44994562,198677,22757,76,83,35027994,32028,0,0,155107
2026-04-24 13:41:14,129756857,66754,45017761,198776,23298,80,83,35044600,16606,0,0,159243
2026-04-24 13:41:15,129824992,68135,45041381,198877,23721,73,83,35060811,16211,0,0,165376
2026-04-24 13:41:17,129891013,66021,45064302,198990,23034,69,83,35077134,16323,0,0,157689
2026-04-24 13:41:18,129957696,66683,45087414,199091,23213,73,83,35093704,16570,0,0,161304
2026-04-24 13:41:19,130024922,67226,45110717,199185,23397,79,83,35124948,31244,0,0,170543
2026-04-24 13:41:20,130093482,68560,45134474,199303,23875,76,83,35141635,16687,0,0,170144
2026-04-24 13:41:21,130160989,67507,45157845,199428,23496,79,83,35157941,16306,0,0,168720
2026-04-24 13:41:23,130227792,66803,45181071,199534,23332,81,83,35174226,16285,0,0,158883
2026-04-24 13:41:24,130293328,65536,45203870,199631,22896,71,83,35191395,17169,0,0,161844
2026-04-24 13:41:25,130360948,67620,45227286,199729,23514,68,83,35225608,34213,0,0,168652
2026-04-24 13:41:26,130428936,67988,45250872,199819,23676,76,83,35243055,17447,0,0,173988
2026-04-24 13:41:27,130496562,67626,45274311,199939,23559,81,83,35259748,16693,0,0,168871
2026-04-24 13:41:29,130562263,65701,45297082,200044,22876,71,83,35275566,15818,0,0,162279
2026-04-24 13:41:30,130628163,65900,45319912,200161,22947,79,83,35309858,34292,0,0,168752
2026-04-24 13:41:31,130696269,68106,45343543,200258,23728,74,83,35326361,16503,0,0,169736
2026-04-24 13:41:32,130763325,67056,45366819,200344,23362,77,83,35342911,16550,0,0,172613
2026-04-24 13:41:34,130829266,65941,45389697,200443,22977,81,83,35359829,16918,0,0,161001
2026-04-24 13:41:35,130891582,62316,45411325,200536,21721,81,83,35376216,16387,0,0,164515
2026-04-24 13:41:36,130955129,63547,45433351,200630,22120,77,83,35408607,32391,0,0,170710
2026-04-24 13:41:37,131019871,64742,45455837,200725,22581,81,83,35426176,17569,0,0,172174
2026-04-24 13:41:38,131086273,66402,45478879,200826,23143,78,83,35442113,15937,0,0,177412
2026-04-24 13:41:40,131150537,64264,45501173,200948,22416,80,83,35458845,16732,0,0,163640
2026-04-24 13:41:41,131211457,60920,45522290,201039,21208,77,83,35475888,17043,0,0,161820
2026-04-24 13:41:42,131272709,61252,45543497,201135,21303,80,83,35508083,32195,0,0,153536
2026-04-24 13:41:43,131337307,64598,45565890,201238,22496,78,83,35523158,15075,0,0,156716
2026-04-24 13:41:44,131401589,64282,45588177,201349,22398,80,83,35539584,16426,0,0,155166
2026-04-24 13:41:46,131462639,61050,45609380,201444,21298,81,83,35555243,15659,0,0,142478
2026-04-24 13:41:47,131519526,56887,45629094,201542,19812,72,83,35570432,15189,0,0,148353
2026-04-24 13:41:48,131577372,57846,45649171,201619,20154,77,83,35601462,31030,0,0,150421
2026-04-24 13:41:49,131641477,64105,45671420,201710,22340,71,83,35616608,15146,0,0,157574
2026-04-24 13:41:50,131703673,62196,45693010,201798,21678,74,83,35632675,16067,0,0,160772
2026-04-24 13:41:52,131761598,57925,45713156,201892,20240,77,83,35647724,15049,0,0,150930
2026-04-24 13:41:53,131817581,55983,45732591,201978,19521,68,83,35663020,15296,0,0,155894
2026-04-24 13:41:54,131874644,57063,45752346,202050,19827,74,83,35693467,30447,0,0,149587
2026-04-24 13:41:55,131935297,60653,45773381,202164,21149,80,83,35708676,15209,0,0,153197
2026-04-24 13:41:56,131996720,61423,45794720,202266,21441,75,83,35724396,15720,0,0,155884
2026-04-24 13:41:58,132055056,58336,45814971,202368,20353,81,83,35739643,15247,0,0,148862
2026-04-24 13:41:59,132111540,56484,45834583,202458,19702,71,83,35755535,15892,0,0,153826
2026-04-24 13:42:00,132174197,62657,45856266,202560,21785,72,83,35785990,30455,0,0,160887
2026-04-24 13:42:01,132236031,61834,45877751,202655,21580,73,83,35802527,16537,0,0,162989
2026-04-24 13:42:02,132299721,63690,45899835,202751,22180,74,83,35817351,14824,0,0,164661
2026-04-24 13:42:04,132361593,61872,45921299,202856,21569,73,83,35832658,15307,0,0,157602
2026-04-24 13:42:05,132425825,64232,45943553,202961,22359,77,83,35848836,16178,0,0,160805
2026-04-24 13:42:06,132486520,60695,45964684,203049,21219,81,83,35883504,34668,0,0,162457
2026-04-24 13:42:07,132553309,66789,45987840,203183,23290,74,83,35899294,15790,0,0,160841
2026-04-24 13:42:08,132620522,67213,46011192,203282,23451,77,83,35917583,18289,0,0,151833
2026-04-24 13:42:10,132685286,64764,46033660,203382,22568,78,83,35934806,17223,0,0,136711
2026-04-24 13:42:11,132748813,63527,46055736,203474,22168,74,83,35967894,33088,0,0,139777
2026-04-24 13:42:12,132816467,67654,46079210,203573,23573,78,83,35985419,17525,0,0,144183
2026-04-24 13:42:13,132884378,67911,46102778,203674,23669,77,83,36003182,17763,0,0,147406
2026-04-24 13:42:14,132951394,67016,46126068,203784,23400,75,83,36020191,17009,0,0,143007
2026-04-24 13:42:16,133018439,67045,46149350,203902,23400,81,83,36037790,17599,0,0,141581
2026-04-24 13:42:17,133085071,66632,46172463,204000,23211,79,83,36073177,35387,0,0,146223
2026-04-24 13:42:18,133153977,68906,46196375,204102,24014,75,83,36090303,17126,0,0,149160
2026-04-24 13:42:19,133223625,69648,46220553,204210,24286,76,83,36108092,17789,0,0,154695
2026-04-24 13:42:21,133291624,67999,46244157,204304,23698,81,83,36125118,17026,0,0,145326
2026-04-24 13:42:22,133359839,68215,46267811,204404,23754,69,83,36142512,17394,0,0,147306
2026-04-24 13:42:23,133428572,68733,46291626,204522,23933,73,83,36177037,34525,0,0,153546
2026-04-24 13:42:24,133497945,69373,46315711,204619,24182,77,83,36193662,16625,0,0,157057
2026-04-24 13:42:25,133566235,68290,46339423,204728,23821,67,83,36210554,16892,0,0,154053
2026-04-24 13:42:27,133633856,67621,46362871,204824,23544,81,83,36228886,18332,0,0,146472
2026-04-24 13:42:28,133701116,67260,46386200,204925,23430,70,83,36264256,35370,0,0,149766
2026-04-24 13:42:29,133771781,70665,46410672,205038,24585,74,83,36281182,16926,0,0,142519
2026-04-24 13:42:30,133841951,70170,46435033,205145,24468,80,83,36297773,16591,0,0,147939
2026-04-24 13:42:32,133909929,67978,46458584,205243,23649,76,83,36315145,17372,0,0,135075
2026-04-24 13:42:33,133976451,66522,46481648,205364,23185,81,83,36332422,17277,0,0,139419
2026-04-24 13:42:34,134045570,69119,46505568,205478,24034,76,83,36367124,34702,0,0,144133
2026-04-24 13:42:35,134117438,71868,46530479,205598,25031,75,83,36384999,17875,0,0,149149
2026-04-24 13:42:36,134186656,69218,46554545,205688,24156,75,83,36402308,17309,0,0,148946
2026-04-24 13:42:38,134254713,68057,46578193,205784,23744,80,83,36419886,17578,0,0,145071
2026-04-24 13:42:39,134323912,69199,46602185,205886,24094,77,83,36454876,34990,0,0,152066
2026-04-24 13:42:40,134393226,69314,46626169,205995,24093,74,83,36472167,17291,0,0,147669
2026-04-24 13:42:41,134463692,70466,46650620,206105,24561,76,83,36488803,16636,0,0,137829
2026-04-24 13:42:43,134532065,68373,46674370,206206,23851,73,83,36506248,17445,0,0,133317
2026-04-24 13:42:44,134599510,67445,46697792,206310,23526,72,83,36523477,17229,0,0,139851
2026-04-24 13:42:45,134667737,68227,46721440,206414,23752,77,83,36558324,34847,0,0,145992
2026-04-24 13:42:46,134736822,69085,46745381,206526,24053,77,83,36575145,16821,0,0,151350
2026-04-24 13:42:47,134806546,69724,46769602,206616,24311,76,83,36592112,16967,0,0,146271
2026-04-24 13:42:49,134874564,68018,46793208,206710,23700,80,83,36609367,17255,0,0,140925
2026-04-24 13:42:50,134943534,68970,46817152,206802,24036,74,83,36643976,34609,0,0,148802
2026-04-24 13:42:51,135013798,70264,46841504,206921,24471,75,83,36660593,16617,0,0,147379
2026-04-24 13:42:52,135083368,69570,46865654,207004,24233,74,83,36677205,16612,0,0,149750
2026-04-24 13:42:54,135150867,67499,46889083,207128,23553,78,83,36693776,16571,0,0,131816
2026-04-24 13:42:55,135216784,65917,46912052,207218,23059,71,83,36711087,17311,0,0,134674
2026-04-24 13:42:56,135285995,69211,46936050,207318,24098,78,83,36746494,35407,0,0,140186
2026-04-24 13:42:57,135355720,69725,46960227,207431,24290,71,83,36763646,17152,0,0,143102
2026-04-24 13:42:58,135424164,68444,46983999,207530,23871,76,83,36780771,17125,0,0,139906
2026-04-24 13:43:00,135493491,69327,47008064,207651,24186,76,83,36797752,16981,0,0,139155
2026-04-24 13:43:01,135561510,68019,47031650,207764,23699,74,83,36831947,34195,0,0,145478
2026-04-24 13:43:02,135631045,69535,47055780,207865,24231,78,83,36847954,16007,0,0,145135
2026-04-24 13:43:03,135700117,69072,47079743,207984,24082,78,83,36864429,16475,0,0,148162
2026-04-24 13:43:05,135769736,69619,47103894,208107,24274,76,83,36881408,16979,0,0,142002
2026-04-24 13:43:06,135837172,67436,47127290,208205,23494,68,83,36897951,16543,0,0,146260
2026-04-24 13:43:07,135906510,69338,47151363,208320,24188,76,83,36931948,33997,0,0,152514
2026-04-24 13:43:08,135975630,69120,47175323,208442,24082,80,83,36949526,17578,0,0,159801
2026-04-24 13:43:09,136043735,68105,47198932,208541,23708,76,83,36965360,15834,0,0,156461
2026-04-24 13:43:11,136112169,68434,47222674,208649,23850,72,83,36981390,16030,0,0,155269
2026-04-24 13:43:12,136180741,68572,47246438,208756,23871,80,83,37014007,32617,0,0,164096
2026-04-24 13:43:13,136249020,68279,47270151,208852,23809,76,83,37029817,15810,0,0,172678
2026-04-24 13:43:14,136315671,66651,47293290,208952,23239,78,83,37046874,17057,0,0,174291
2026-04-24 13:43:16,136379248,63577,47315371,209047,22176,81,83,37062179,15305,0,0,163137
2026-04-24 13:43:17,136440799,61551,47336757,209131,21470,81,83,37078455,16276,0,0,167416
2026-04-24 13:43:18,136502487,61688,47358131,209230,21473,78,83,37109026,30571,0,0,171887
2026-04-24 13:43:19,136569477,66990,47381378,209342,23359,81,83,37124765,15739,0,0,177980
2026-04-24 13:43:20,136635020,65543,47404109,209442,22831,78,83,37141265,16500,0,0,181028
2026-04-24 13:43:22,136697913,62893,47425948,209534,21931,81,83,37156430,15165,0,0,160634
2026-04-24 13:43:23,136758877,60964,47447115,209628,21261,81,83,37172587,16157,0,0,138197
2026-04-24 13:43:24,136822520,63643,47469162,209728,22147,77,83,37205008,32421,0,0,146306
2026-04-24 13:43:25,136889868,67348,47492535,209828,23473,78,83,37220115,15107,0,0,150081
2026-04-24 13:43:26,136953569,63701,47514650,209940,22227,78,83,37235904,15789,0,0,150622
2026-04-24 13:43:28,137018627,65058,47537215,210033,22658,81,83,37250800,14896,0,0,138365
2026-04-24 13:43:29,137083666,65039,47559802,210123,22677,81,83,37266297,15497,0,0,142469
2026-04-24 13:43:30,137151619,67953,47583309,210249,23633,75,83,37297626,31329,0,0,150297
2026-04-24 13:43:31,137217088,65469,47606064,210350,22856,79,83,37312413,14787,0,0,155992
2026-04-24 13:43:32,137282020,64932,47628642,210452,22680,81,83,37328065,15652,0,0,154019
2026-04-24 13:43:34,137345359,63339,47650610,210540,22056,78,83,37344217,16152,0,0,150442
2026-04-24 13:43:35,137409316,63957,47672776,210645,22271,76,83,37376130,31913,0,0,154034
2026-04-24 13:43:36,137476590,67274,47696120,210738,23437,75,83,37391255,15125,0,0,158909
2026-04-24 13:43:37,137544277,67687,47719592,210850,23584,74,83,37407533,16278,0,0,157013
2026-04-24 13:43:39,137612014,67737,47743083,210946,23587,74,83,37422937,15404,0,0,150036
2026-04-24 13:43:40,137679002,66988,47766327,211052,23350,68,83,37438899,15962,0,0,150224
2026-04-24 13:43:41,137747129,68127,47789900,211158,23679,73,83,37470883,31984,0,0,153819
2026-04-24 13:43:42,137815227,68098,47813479,211270,23691,76,83,37486267,15384,0,0,160360
2026-04-24 13:43:43,137878475,63248,47835408,211361,22020,75,83,37501490,15223,0,0,162436
2026-04-24 13:43:45,137941058,62583,47857101,211468,21800,81,83,37515201,13711,0,0,152408
2026-04-24 13:43:46,138004266,63208,47879012,211561,22004,81,83,37530506,15305,0,0,152841
2026-04-24 13:43:47,138069823,65557,47901729,211666,22822,75,83,37561656,31150,0,0,158099
2026-04-24 13:43:48,138138669,68846,47925599,211760,23964,79,83,37576848,15192,0,0,165650
2026-04-24 13:43:49,138205529,66860,47948788,211871,23300,70,83,37592150,15302,0,0,168237
2026-04-24 13:43:51,138269587,64058,47970959,211989,22289,80,83,37607907,15757,0,0,162192
2026-04-24 13:43:52,138332804,63217,47992862,212083,21997,77,83,37638676,30769,0,0,165200
2026-04-24 13:43:53,138397930,65126,48015524,212172,22751,81,83,37653930,15254,0,0,170482
2026-04-24 13:43:54,138463009,65079,48038106,212260,22670,79,83,37669772,15842,0,0,172750
2026-04-24 13:43:56,138528601,65592,48060862,212358,22854,79,83,37684958,15186,0,0,166755
2026-04-24 13:43:57,138593760,65159,48083435,212446,22661,81,83,37699975,15017,0,0,162111
2026-04-24 13:43:58,138661695,67935,48106974,212550,23643,76,83,37730374,30399,0,0,160010
2026-04-24 13:43:59,138729363,67668,48130519,212647,23642,75,83,37746675,16301,0,0,161903
2026-04-24 13:44:00,138796313,66950,48153727,212749,23310,75,83,37762544,15869,0,0,161370
2026-04-24 13:44:02,138863541,67228,48177043,212845,23412,79,83,37776736,14192,0,0,150129
2026-04-24 13:44:03,138930854,67313,48200406,212949,23467,80,83,37807655,30919,0,0,154922
2026-04-24 13:44:04,138998944,68090,48224018,213048,23711,76,83,37823590,15935,0,0,160033
2026-04-24 13:44:05,139067175,68231,48247718,213161,23813,77,83,37839558,15968,0,0,168124
2026-04-24 13:44:06,139133311,66136,48270646,213262,23029,75,83,37855738,16180,0,0,162323
2026-04-24 13:44:08,139198873,65562,48293359,213362,22813,81,83,37869886,14148,0,0,148216
2026-04-24 13:44:09,139263707,64834,48315868,213459,22606,77,83,37900933,31047,0,0,142250
2026-04-24 13:44:10,139324144,60437,48336839,213548,21060,71,83,37916564,15631,0,0,152610
2026-04-24 13:44:11,139390483,66339,48359813,213658,23084,77,83,37929619,13055,0,0,157101
2026-04-24 13:44:13,139452341,61858,48381251,213754,21534,69,83,37944292,14673,0,0,152595
2026-04-24 13:44:14,139513387,61046,48402437,213850,21282,81,83,37958511,14219,0,0,154528
2026-04-24 13:44:15,139572217,58830,48422774,213971,20458,74,83,37988523,30012,0,0,159326
2026-04-24 13:44:16,139637016,64799,48445244,214068,22567,73,83,38002173,13650,0,0,165903
2026-04-24 13:44:17,139701270,64254,48467547,214173,22408,81,83,38016756,14583,0,0,167880
2026-04-24 13:44:19,139762500,61230,48488763,214273,21316,74,83,38031378,14622,0,0,163441
2026-04-24 13:44:20,139821300,58800,48509222,214352,20538,81,83,38045745,14367,0,0,155227
2026-04-24 13:44:21,139882105,60805,48530252,214446,21124,78,83,38076020,30275,0,0,150966
2026-04-24 13:44:22,139945656,63551,48552315,214526,22143,81,83,38090778,14758,0,0,149368
2026-04-24 13:44:23,140013202,67546,48575774,214634,23567,73,83,38104932,14154,0,0,149527
2026-04-24 13:44:25,140078177,64975,48598335,214739,22666,71,83,38120683,15751,0,0,136063
2026-04-24 13:44:26,140145808,67631,48621752,214864,23542,81,83,38136560,15877,0,0,133000
2026-04-24 13:44:27,140214067,68259,48645414,214978,23776,78,83,38167988,31428,0,0,138665
2026-04-24 13:44:28,140282240,68173,48669100,215068,23776,77,83,38183908,15920,0,0,142863
2026-04-24 13:44:29,140350418,68178,48692767,215190,23789,81,83,38200039,16131,0,0,142255
2026-04-24 13:44:31,140417106,66688,48715911,215291,23245,78,83,38216163,16124,0,0,125543
2026-04-24 13:44:32,140483098,65992,48738833,215388,23019,74,83,38248619,32456,0,0,114565
2026-04-24 13:44:33,140551667,68569,48762607,215492,23878,77,83,38265215,16596,0,0,121412
2026-04-24 13:44:34,140621474,69807,48786777,215595,24273,72,83,38281308,16093,0,0,123889
2026-04-24 13:44:36,140690006,68532,48810536,215675,23839,71,83,38297073,15765,0,0,120951
2026-04-24 13:44:37,140757665,67659,48833970,215791,23550,81,83,38313249,16176,0,0,118197
2026-04-24 13:44:38,140825511,67846,48857518,215891,23648,80,83,38344779,31530,0,0,124802
2026-04-24 13:44:39,140894592,69081,48881483,215996,24070,74,83,38361229,16450,0,0,130160
2026-04-24 13:44:40,140963894,69302,48905505,216119,24145,77,83,38376352,15123,0,0,132723
2026-04-24 13:44:42,141032024,68130,48929134,216196,23706,72,83,38392943,16591,0,0,127377
2026-04-24 13:44:43,141099291,67267,48952504,216302,23476,73,83,38426704,33761,0,0,128472
2026-04-24 13:44:44,141168607,69316,48976529,216421,24144,78,83,38442537,15833,0,0,135565
2026-04-24 13:44:45,141237137,68530,49000304,216528,23882,80,83,38459027,16490,0,0,139399
2026-04-24 13:44:47,141304300,67163,49023642,216640,23450,75,83,38475436,16409,0,0,137287
2026-04-24 13:44:48,141370303,66003,49046533,216729,22980,78,83,38492333,16897,0,0,137356
2026-04-24 13:44:49,141438154,67851,49070074,216831,23643,78,83,38525221,32888,0,0,142267
2026-04-24 13:44:50,141507747,69593,49094176,216934,24205,80,83,38541158,15937,0,0,146289
2026-04-24 13:44:51,141576278,68531,49117989,217039,23918,81,83,38557395,16237,0,0,148478
2026-04-24 13:44:53,141643561,67283,49141337,217150,23459,68,83,38573880,16485,0,0,131072
2026-04-24 13:44:54,141711648,68087,49164897,217263,23673,78,83,38606092,32212,0,0,134203
2026-04-24 13:44:55,141779956,68308,49188602,217381,23823,79,83,38622820,16728,0,0,138596
2026-04-24 13:44:56,141849039,69083,49212554,217478,24049,77,83,38639654,16834,0,0,144811
2026-04-24 13:44:57,141916644,67605,49235980,217592,23540,70,83,38656695,17041,0,0,139111
2026-04-24 13:44:59,141982758,66114,49258927,217677,23032,76,83,38673964,17269,0,0,136340
2026-04-24 13:45:00,142049586,66828,49282067,217801,23264,79,83,38706701,32737,0,0,141280
2026-04-24 13:45:01,142117895,68309,49305819,217899,23850,80,83,38723352,16651,0,0,146570
2026-04-24 13:45:02,142186220,68325,49329521,217993,23796,79,83,38740354,17002,0,0,150371
2026-04-24 13:45:04,142252931,66711,49352642,218105,23233,77,83,38756427,16073,0,0,133044
2026-04-24 13:45:05,142318839,65908,49375511,218201,22965,76,83,38773130,16703,0,0,135909
2026-04-24 13:45:06,142386941,68102,49399089,218315,23692,75,83,38806326,33196,0,0,141873
2026-04-24 13:45:07,142455305,68364,49422804,218421,23821,81,83,38822793,16467,0,0,145169
2026-04-24 13:45:08,142523303,67998,49446434,218528,23737,75,83,38840216,17423,0,0,144054
2026-04-24 13:45:10,142590061,66758,49469592,218629,23259,80,83,38857357,17141,0,0,136351
2026-04-24 13:45:11,142656056,65995,49492505,218728,23012,71,83,38890003,32646,0,0,141864
2026-04-24 13:45:12,142723026,66970,49515736,218842,23345,75,83,38906771,16768,0,0,147741
2026-04-24 13:45:13,142790414,67388,49539075,218971,23468,77,83,38923497,16726,0,0,150653
2026-04-24 13:45:15,142857158,66744,49562250,219078,23282,69,83,38940076,16579,0,0,153663
2026-04-24 13:45:16,142922296,65138,49584824,219175,22671,80,83,38956869,16793,0,0,143965
2026-04-24 13:45:17,142989416,67120,49608111,219273,23385,70,83,38990438,33569,0,0,147719
2026-04-24 13:45:18,143055147,65731,49630916,219367,22899,79,83,39006904,16466,0,0,152889
2026-04-24 13:45:19,143121537,66390,49653932,219463,23112,80,83,39022327,15423,0,0,156944
2026-04-24 13:45:21,143184071,62534,49675656,219560,21821,75,83,39037715,15388,0,0,147413
2026-04-24 13:45:22,143245601,61530,49697031,219653,21468,81,83,39053542,15827,0,0,148468
2026-04-24 13:45:23,143303542,57941,49717152,219710,20178,76,83,39085632,32090,0,0,155573
2026-04-24 13:45:24,143369105,65563,49739933,219803,22874,75,83,39100832,15200,0,0,162290
2026-04-24 13:45:25,143434501,65396,49762629,219909,22802,80,83,39116655,15823,0,0,167233
2026-04-24 13:45:27,143497008,62507,49784315,219995,21772,74,83,39132741,16086,0,0,147182
2026-04-24 13:45:28,143556137,59129,49804851,220083,20624,81,83,39148346,15605,0,0,157478
2026-04-24 13:45:29,143618562,62425,49826507,220188,21761,76,83,39179501,31155,0,0,160965
2026-04-24 13:45:30,143684203,65641,49849283,220291,22879,73,83,39194944,15443,0,0,162035
2026-04-24 13:45:31,143748615,64412,49871660,220377,22463,71,83,39211155,16211,0,0,159298
2026-04-24 13:45:33,143808259,59644,49892355,220468,20786,78,83,39227681,16526,0,0,152045
2026-04-24 13:45:34,143869400,61141,49913541,220569,21287,65,83,39243668,15987,0,0,157333
2026-04-24 13:45:35,143928955,59555,49934169,220664,20723,77,83,39275348,31680,0,0,162431
2026-04-24 13:45:36,143995204,66249,49957154,220780,23101,75,83,39289998,14650,0,0,169116
2026-04-24 13:45:37,144059492,64288,49979484,220866,22416,81,83,39306195,16197,0,0,167545
2026-04-24 13:45:39,144121767,62275,50001078,220965,21693,80,83,39322582,16387,0,0,155552
2026-04-24 13:45:40,144182011,60244,50022002,221052,21011,81,83,39338855,16273,0,0,149881
2026-04-24 13:45:41,144247645,65634,50044757,221154,22857,75,83,39371449,32594,0,0,143070
2026-04-24 13:45:42,144313041,65396,50067423,221240,22752,74,83,39387851,16402,0,0,152351
2026-04-24 13:45:44,144375796,62755,50089217,221330,21884,81,83,39403774,15923,0,0,146522
2026-04-24 13:45:45,144437538,61742,50110617,221428,21498,76,83,39420508,16734,0,0,140752
2026-04-24 13:45:46,144496669,59131,50131102,221530,20587,72,83,39435964,15456,0,0,145303
2026-04-24 13:45:47,144561705,65036,50153662,221624,22654,75,83,39467065,31101,0,0,151889
2026-04-24 13:45:48,144626843,65138,50176286,221709,22709,68,83,39482889,15824,0,0,157229
2026-04-24 13:45:50,144691319,64476,50198662,221817,22484,75,83,39499801,16912,0,0,149987
2026-04-24 13:45:51,144752842,61523,50220047,221899,21467,71,83,39516635,16834,0,0,154072
2026-04-24 13:45:52,144813766,60924,50241146,221999,21199,81,83,39549649,33014,0,0,152627
2026-04-24 13:45:53,144881266,67500,50264550,222120,23525,73,83,39564427,14778,0,0,154243
2026-04-24 13:45:54,144947356,66090,50287477,222221,23028,78,83,39580662,16235,0,0,159763
2026-04-24 13:45:56,145012271,64915,50309958,222336,22596,78,83,39597409,16747,0,0,151906
2026-04-24 13:45:57,145075174,62903,50331790,222433,21929,79,83,39614074,16665,0,0,152538
2026-04-24 13:45:58,145139225,64051,50354006,222513,22296,78,83,39645962,31888,0,0,159117
2026-04-24 13:45:59,145206254,67029,50377283,222605,23369,76,83,39662345,16383,0,0,165129
2026-04-24 13:46:00,145273461,67207,50400639,222692,23443,76,83,39678926,16581,0,0,169790
2026-04-24 13:46:02,145334619,61158,50421854,222797,21320,69,83,39696477,17551,0,0,158617
2026-04-24 13:46:03,145394134,59515,50442522,222882,20753,81,83,39712837,16360,0,0,157089
2026-04-24 13:46:04,145458547,64413,50464860,222972,22428,74,83,39745072,32235,0,0,160381
2026-04-24 13:46:05,145525005,66458,50487975,223068,23211,75,83,39761522,16450,0,0,157898
2026-04-24 13:46:06,145592278,67273,50511292,223178,23427,75,83,39778413,16891,0,0,157286
2026-04-24 13:46:08,145653540,61262,50532579,223267,21376,81,83,39795381,16968,0,0,145538
2026-04-24 13:46:09,145718161,64621,50554915,223374,22443,71,83,39811656,16275,0,0,146788
2026-04-24 13:46:10,145785366,67205,50578201,223484,23396,79,83,39844425,32769,0,0,151356
2026-04-24 13:46:11,145853018,67652,50601686,223588,23589,80,83,39860523,16098,0,0,156037
2026-04-24 13:46:12,145919811,66793,50624918,223696,23340,72,83,39876571,16048,0,0,157398
2026-04-24 13:46:14,145981481,61670,50646369,223780,21535,80,83,39894004,17433,0,0,132716
2026-04-24 13:46:15,146045580,64099,50668523,223884,22258,80,83,39926801,32797,0,0,134021
2026-04-24 13:46:16,146112344,66764,50691700,223984,23277,78,83,39943089,16288,0,0,138250
2026-04-24 13:46:17,146178907,66563,50714803,224084,23203,78,83,39959451,16362,0,0,142615
2026-04-24 13:46:19,146242965,64058,50737029,224192,22334,81,83,39975185,15734,0,0,139564
2026-04-24 13:46:20,146304472,61507,50758352,224291,21422,80,83,39991261,16076,0,0,129445
2026-04-24 13:46:21,146368434,63962,50780465,224381,22203,78,83,40022763,31502,0,0,134068
2026-04-24 13:46:22,146435256,66822,50803670,224501,23325,75,83,40039127,16364,0,0,136477
2026-04-24 13:46:23,146500879,65623,50826457,224603,22889,76,83,40055563,16436,0,0,141781
2026-04-24 13:46:25,146563968,63089,50848350,224711,22001,81,83,40070848,15285,0,0,133286
2026-04-24 13:46:26,146622844,58876,50868729,224815,20483,81,83,40086004,15156,0,0,119292
2026-04-24 13:46:27,146686375,63531,50890729,224907,22092,76,83,40117795,31791,0,0,122280
2026-04-24 13:46:28,146752452,66077,50913607,225021,22992,77,83,40133773,15978,0,0,129668
2026-04-24 13:46:29,146818721,66269,50936586,225145,23103,79,83,40149779,16006,0,0,135692
2026-04-24 13:46:31,146880439,61718,50957976,225251,21496,77,83,40166510,16731,0,0,128809
2026-04-24 13:46:32,146943693,63254,50979979,225348,22100,81,83,40182081,15571,0,0,126923
2026-04-24 13:46:33,147008419,64726,51002434,225446,22553,77,83,40214269,32188,0,0,131412
2026-04-24 13:46:34,147075451,67032,51025674,225558,23352,77,83,40230181,15912,0,0,139364
2026-04-24 13:46:35,147139807,64356,51048033,225659,22460,81,83,40246357,16176,0,0,143428
2026-04-24 13:46:37,147198093,58286,51068282,225733,20323,80,83,40261977,15620,0,0,130439
2026-04-24 13:46:38,147258997,60904,51089391,225828,21204,81,83,40277333,15356,0,0,134860
2026-04-24 13:46:39,147324646,65649,51112135,225910,22826,77,83,40308816,31483,0,0,136217
2026-04-24 13:46:40,147390896,66250,51135146,226007,23108,77,83,40324666,15850,0,0,140669
2026-04-24 13:46:41,147452660,61764,51156645,226095,21587,81,83,40341257,16591,0,0,146483
2026-04-24 13:46:43,147512664,60004,51177451,226178,20889,76,83,40356605,15348,0,0,137506
2026-04-24 13:46:44,147571550,58886,51197887,226276,20534,77,83,40387354,30749,0,0,142157
2026-04-24 13:46:45,147632423,60873,51218998,226379,21214,76,83,40402933,15579,0,0,147290
2026-04-24 13:46:46,147692023,59600,51239669,226469,20761,77,83,40418299,15366,0,0,152012
2026-04-24 13:46:47,147751106,59083,51260224,226557,20643,74,83,40432416,14117,0,0,161186
2026-04-24 13:46:49,147806188,55082,51279256,226639,19114,81,83,40447100,14684,0,0,151440
2026-04-24 13:46:50,147864144,57956,51299388,226734,20227,81,83,40460596,13496,0,0,152585
2026-04-24 13:46:51,147930982,66838,51322503,226832,23213,77,83,40489674,29078,0,0,150084
2026-04-24 13:46:52,147996057,65075,51345064,226939,22668,75,83,40505381,15707,0,0,154279
2026-04-24 13:46:53,148055625,59568,51365721,227044,20762,81,83,40520646,15265,0,0,159980
2026-04-24 13:46:55,148116669,61044,51386953,227141,21329,81,83,40534035,13389,0,0,146536
2026-04-24 13:46:56,148183211,66542,51410036,227231,23173,78,83,40566843,32808,0,0,145025
2026-04-24 13:46:57,148252239,69028,51433990,227345,24068,77,83,40583250,16407,0,0,146385
2026-04-24 13:46:58,148321462,69223,51458018,227465,24148,76,83,40599894,16644,0,0,147848
2026-04-24 13:47:00,148388585,67123,51481376,227578,23471,68,83,40616443,16549,0,0,147552
2026-04-24 13:47:01,148454919,66334,51504400,227684,23130,76,83,40633602,17159,0,0,143021
2026-04-24 13:47:02,148522335,67416,51527791,227806,23513,78,83,40667604,34002,0,0,154150
2026-04-24 13:47:03,148590534,68199,51551487,227891,23781,76,83,40684542,16938,0,0,157649
2026-04-24 13:47:04,148659641,69107,51575485,227995,24102,81,83,40701333,16791,0,0,163636
2026-04-24 13:47:06,148727053,67412,51598838,228087,23445,81,83,40717650,16317,0,0,157927
2026-04-24 13:47:07,148795409,68356,51622555,228190,23820,73,83,40750536,32886,0,0,159429
2026-04-24 13:47:08,148865425,70016,51646860,228292,24407,77,83,40767245,16709,0,0,167222
2026-04-24 13:47:09,148934485,69060,51670851,228392,24091,77,83,40784228,16983,0,0,173934
2026-04-24 13:47:11,149001655,67170,51694225,228490,23472,80,83,40800852,16624,0,0,171872
2026-04-24 13:47:12,149069578,67923,51717778,228588,23651,74,83,40817462,16610,0,0,155793
2026-04-24 13:47:13,149138006,68428,51741511,228683,23828,78,83,40850498,33036,0,0,145328
2026-04-24 13:47:14,149207057,69051,51765468,228789,24063,79,83,40866417,15919,0,0,149912
2026-04-24 13:47:15,149277172,70115,51789823,228882,24448,71,83,40883256,16839,0,0,154411
2026-04-24 13:47:17,149344628,67456,51813205,228988,23488,75,83,40899883,16627,0,0,150078
2026-04-24 13:47:18,149412838,68210,51836867,229090,23764,73,83,40931494,31611,0,0,148212
2026-04-24 13:47:19,149482608,69770,51861071,229190,24304,78,83,40948024,16530,0,0,154772
2026-04-24 13:47:20,149553039,70431,51885479,229301,24519,79,83,40964340,16316,0,0,157270
2026-04-24 13:47:22,149621651,68612,51909326,229383,23929,79,83,40980570,16230,0,0,160697
2026-04-24 13:47:23,149688477,66826,51932495,229496,23282,75,83,40996889,16319,0,0,141011
2026-04-24 13:47:24,149758529,70052,51956746,229610,24365,74,83,41028484,31595,0,0,146364
2026-04-24 13:47:25,149828050,69521,51980861,229718,24223,75,83,41043881,15397,0,0,153562
2026-04-24 13:47:26,149895963,67913,52004381,229829,23631,79,83,41060660,16779,0,0,160716
2026-04-24 13:47:28,149964227,68264,52028044,229939,23773,68,83,41076275,15615,0,0,156969
2026-04-24 13:47:29,150031602,67375,52051426,230041,23484,80,83,41108566,32291,0,0,154525
2026-04-24 13:47:30,150100298,68696,52075264,230135,23932,73,83,41124834,16268,0,0,156617
2026-04-24 13:47:31,150170193,69895,52099540,230236,24377,73,83,41140815,15981,0,0,158253
2026-04-24 13:47:33,150239134,68941,52123501,230328,24053,68,83,41156936,16121,0,0,161308
2026-04-24 13:47:34,150307741,68607,52147329,230435,23935,77,83,41173442,16506,0,0,141990
2026-04-24 13:47:35,150376098,68357,52171044,230544,23824,72,83,41206438,32996,0,0,146217
2026-04-24 13:47:36,150444890,68792,52194892,230679,23983,73,83,41222856,16418,0,0,148651
2026-04-24 13:47:37,150515516,70626,52219409,230769,24607,72,83,41238405,15549,0,0,151070
2026-04-24 13:47:39,150582593,67077,52242690,230864,23376,79,83,41254735,16330,0,0,145470
2026-04-24 13:47:40,150649907,67314,52266016,230972,23434,77,83,41286587,31852,0,0,141440
2026-04-24 13:47:41,150720034,70127,52290336,231080,24428,75,83,41301730,15143,0,0,147150
2026-04-24 13:47:42,150790675,70641,52314854,231195,24633,74,83,41317862,16132,0,0,149511
2026-04-24 13:47:44,150857683,67008,52338055,231305,23311,79,83,41333941,16079,0,0,155466
2026-04-24 13:47:45,150923044,65361,52360746,231401,22787,77,83,41349246,15305,0,0,135236
2026-04-24 13:47:46,150989515,66471,52383813,231494,23160,75,83,41380577,31331,0,0,142897
2026-04-24 13:47:47,151058863,69348,52407886,231597,24176,72,83,41395791,15214,0,0,149283
2026-04-24 13:47:48,151128183,69320,52431928,231689,24134,79,83,41411607,15816,0,0,156126
2026-04-24 13:47:50,151197508,69325,52455935,231807,24125,69,83,41426540,14933,0,0,156484
2026-04-24 13:47:51,151265345,67837,52479451,231914,23623,73,83,41442503,15963,0,0,153075
2026-04-24 13:47:52,151334165,68820,52503307,232025,23967,73,83,41475380,32877,0,0,156167
2026-04-24 13:47:53,151400578,66413,52526378,232129,23175,76,83,41492215,16835,0,0,160162
2026-04-24 13:47:54,151464510,63932,52548589,232241,22323,78,83,41507905,15690,0,0,167782
2026-04-24 13:47:56,151528225,63715,52570701,232344,22215,81,83,41523162,15257,0,0,148787
2026-04-24 13:47:57,151592748,64523,52593033,232459,22447,75,83,41554851,31689,0,0,136529
2026-04-24 13:47:58,151660462,67714,52616514,232570,23592,74,83,41570201,15350,0,0,137328
2026-04-24 13:47:59,151728537,68075,52640137,232685,23738,78,83,41585991,15790,0,0,137917
2026-04-24 13:48:01,151795740,67203,52663482,232782,23442,75,83,41601110,15119,0,0,142486
2026-04-24 13:48:02,151861527,65787,52686371,232887,22994,81,83,41617104,15994,0,0,134502
2026-04-24 13:48:03,151928190,66663,52709465,232998,23205,80,83,41649909,32805,0,0,137574
2026-04-24 13:48:04,151996636,68446,52733195,233099,23831,77,83,41665051,15142,0,0,141240
2026-04-24 13:48:05,152065695,69059,52757201,233187,24094,80,83,41681048,15997,0,0,146686
2026-04-24 13:48:07,152128116,62421,52778843,233278,21733,80,83,41697420,16372,0,0,144572
2026-04-24 13:48:08,152191637,63521,52800844,233363,22086,78,83,41728895,31475,0,0,136360
2026-04-24 13:48:09,152261773,70136,52825145,233492,24430,73,83,41744704,15809,0,0,147392
2026-04-24 13:48:10,152330698,68925,52849082,233595,24040,79,83,41760784,16080,0,0,152427
2026-04-24 13:48:12,152398569,67871,52872655,233706,23684,70,83,41777869,17085,0,0,154509
2026-04-24 13:48:13,152466827,68258,52896338,233791,23768,74,83,41794082,16213,0,0,149667
2026-04-24 13:48:14,152536447,69620,52920458,233915,24244,80,83,41827491,33409,0,0,152322
2026-04-24 13:48:15,152607188,70741,52944999,234012,24638,76,83,41843940,16449,0,0,156857
2026-04-24 13:48:16,152678195,71007,52969630,234109,24728,80,83,41859768,15828,0,0,163760
2026-04-24 13:48:18,152746920,68725,52993468,234227,23956,81,83,41876078,16310,0,0,164224
2026-04-24 13:48:19,152815214,68294,53017180,234327,23812,81,83,41909237,33159,0,0,146531
2026-04-24 13:48:20,152885836,70622,53041631,234432,24556,77,83,41926135,16898,0,0,152584
2026-04-24 13:48:21,152955998,70162,53065962,234534,24433,75,83,41941757,15622,0,0,159964
2026-04-24 13:48:23,153023766,67768,53089481,234642,23627,68,83,41957654,15897,0,0,163680
2026-04-24 13:48:24,153092202,68436,53113185,234750,23812,81,83,41974485,16831,0,0,151125
2026-04-24 13:48:25,153161730,69528,53137305,234863,24233,80,83,42006984,32499,0,0,151094
2026-04-24 13:48:26,153232554,70824,53161864,234967,24663,77,83,42023990,17006,0,0,157858
2026-04-24 13:48:27,153300238,67684,53185411,235058,23638,81,83,42041099,17109,0,0,167035
2026-04-24 13:48:29,153365398,65160,53208029,235136,22696,71,83,42057583,16484,0,0,154826
2026-04-24 13:48:30,153432251,66853,53231216,235252,23303,75,83,42090090,32507,0,0,144451
2026-04-24 13:48:31,153503266,71015,53255828,235360,24720,81,83,42106399,16309,0,0,146927
2026-04-24 13:48:32,153574323,71057,53280487,235472,24771,78,83,42123578,17179,0,0,152113
2026-04-24 13:48:34,153644557,70234,53304886,235569,24496,64,83,42140303,16725,0,0,157372
2026-04-24 13:48:35,153714294,69737,53329074,235676,24295,76,83,42157451,17148,0,0,148368
2026-04-24 13:48:36,153783534,69240,53353108,235785,24143,81,83,42191991,34540,0,0,153179
2026-04-24 13:48:37,153852496,68962,53377048,235899,24054,81,83,42208539,16548,0,0,133758
2026-04-24 13:48:38,153920524,68028,53400623,236016,23692,76,83,42224887,16348,0,0,147035
2026-04-24 13:48:40,153987685,67161,53423923,236122,23406,70,83,42240872,15985,0,0,151573
2026-04-24 13:48:41,154053611,65926,53446814,236232,23001,72,83,42274069,33197,0,0,145403
2026-04-24 13:48:42,154123015,69404,53470885,236343,24182,72,83,42291638,17569,0,0,151532
2026-04-24 13:48:43,154192070,69055,53494904,236442,24118,79,83,42308674,17036,0,0,159016
2026-04-24 13:48:45,154260532,68462,53518668,236542,23864,70,83,42325688,17014,0,0,164789
2026-04-24 13:48:46,154327263,66731,53541862,236642,23294,78,83,42341783,16095,0,0,158819
2026-04-24 13:48:47,154395451,68188,53565468,236753,23717,80,83,42375302,33519,0,0,160909
2026-04-24 13:48:48,154464216,68765,53589361,236854,23994,81,83,42391744,16442,0,0,159340
2026-04-24 13:48:49,154533908,69692,53613520,236980,24285,79,83,42408187,16443,0,0,161078
2026-04-24 13:48:51,154600817,66909,53636745,237079,23324,73,83,42425527,17340,0,0,159312
2026-04-24 13:48:52,154668438,67621,53660150,237186,23512,77,83,42458524,32997,0,0,151110
2026-04-24 13:48:53,154736956,68518,53683959,237271,23894,76,83,42475598,17074,0,0,157089
2026-04-24 13:48:54,154807560,70604,53708411,237395,24576,71,83,42492412,16814,0,0,161481
2026-04-24 13:48:56,154876287,68727,53732286,237504,23984,70,83,42508517,16105,0,0,166920
2026-04-24 13:48:57,154943129,66842,53755428,237609,23247,69,83,42525835,17318,0,0,160048
2026-04-24 13:48:58,155010352,67223,53778799,237707,23469,76,83,42559997,34162,0,0,161384
2026-04-24 13:48:59,155079491,69139,53802794,237812,24100,79,83,42577034,17037,0,0,171295
2026-04-24 13:49:00,155149762,70271,53827146,237933,24473,78,83,42594579,17545,0,0,178281
2026-04-24 13:49:02,155216727,66965,53850416,238034,23371,81,83,42611305,16726,0,0,179509
2026-04-24 13:49:03,155283556,66829,53873587,238132,23269,74,83,42645085,33780,0,0,171032
2026-04-24 13:49:04,155352622,69066,53897549,238236,24066,74,83,42661458,16373,0,0,178616
2026-04-24 13:49:05,155421533,68911,53921481,238340,24036,76,83,42677494,16036,0,0,184116
2026-04-24 13:49:07,155489267,67734,53945059,238445,23683,81,83,42695770,18276,0,0,189070
2026-04-24 13:49:08,155554540,65273,53967684,238543,22723,70,83,42712830,17060,0,0,182912
2026-04-24 13:49:09,155620788,66248,53990626,238649,23048,76,83,42746569,33739,0,0,175935
2026-04-24 13:49:10,155686198,65410,54013323,238752,22800,79,83,42764230,17661,0,0,164048
2026-04-24 13:49:11,155753669,67471,54036751,238860,23536,78,83,42780574,16344,0,0,163007
2026-04-24 13:49:13,155818884,65215,54059395,238980,22764,76,83,42797389,16815,0,0,165409
2026-04-24 13:49:14,155880164,61280,54080617,239075,21317,81,83,42813813,16424,0,0,156433
2026-04-24 13:49:15,155943719,63555,54102605,239187,22100,76,83,42845051,31238,0,0,160176
2026-04-24 13:49:16,156007293,63574,54124665,239299,22172,73,83,42861358,16307,0,0,163375
2026-04-24 13:49:17,156071002,63709,54146794,239396,22226,75,83,42877693,16335,0,0,169658
2026-04-24 13:49:19,156128686,57684,54166916,239478,20204,81,83,42893417,15724,0,0,175607
2026-04-24 13:49:20,156185840,57154,54186702,239576,19884,81,83,42908732,15315,0,0,163897
2026-04-24 13:49:21,156240243,54403,54205554,239651,18927,78,83,42938733,30001,0,0,166980
2026-04-24 13:49:22,156305843,65600,54228318,239734,22847,80,83,42953599,14866,0,0,168218
2026-04-24 13:49:23,156370504,64661,54250782,239847,22577,76,83,42969414,15815,0,0,168133
2026-04-24 13:49:25,156432699,62195,54272381,239941,21693,81,83,42986262,16848,0,0,162204
2026-04-24 13:49:26,156491659,58960,54292780,240045,20503,80,83,43002218,15956,0,0,153970
2026-04-24 13:49:27,156553176,61517,54314101,240137,21413,78,83,43031790,29572,0,0,155555
2026-04-24 13:49:28,156619815,66639,54337210,240253,23225,76,83,43047107,15317,0,0,163555
2026-04-24 13:49:29,156684759,64944,54359807,240339,22683,73,83,43063228,16121,0,0,169362
2026-04-24 13:49:31,156746435,61676,54381220,240427,21501,69,83,43080729,17501,0,0,171600
2026-04-24 13:49:32,156809703,63268,54403164,240517,22034,70,83,43096347,15618,0,0,158755
2026-04-24 13:49:33,156874353,64650,54425607,240614,22540,79,83,43128149,31802,0,0,159517
2026-04-24 13:49:34,156940298,65945,54448441,240715,22935,78,83,43144399,16250,0,0,157796
2026-04-24 13:49:35,157003499,63201,54470424,240798,22066,74,83,43160666,16267,0,0,162268
2026-04-24 13:49:37,157063621,60122,54491271,240907,20956,81,83,43176716,16050,0,0,161650
2026-04-24 13:49:38,157122696,59075,54511800,241003,20625,73,83,43192231,15515,0,0,147621
2026-04-24 13:49:39,157186463,63767,54533921,241085,22203,79,83,43223858,31627,0,0,152620
2026-04-24 13:49:40,157253264,66801,54557080,241197,23271,78,83,43240229,16371,0,0,157749
2026-04-24 13:49:41,157318003,64739,54579578,241295,22596,71,83,43256069,15840,0,0,163901
2026-04-24 13:49:43,157376362,58359,54599821,241400,20348,69,83,43272915,16846,0,0,166422
2026-04-24 13:49:44,157434283,57921,54619988,241482,20249,81,83,43288883,15968,0,0,153798
2026-04-24 13:49:45,157494731,60448,54640895,241575,21000,68,83,43320128,31245,0,0,158681
2026-04-24 13:49:46,157558844,64113,54663093,241668,22291,78,83,43334780,14652,0,0,164515
2026-04-24 13:49:47,157619912,61068,54684291,241771,21301,80,83,43349187,14407,0,0,166971
2026-04-24 13:49:49,157673965,54053,54703048,241857,18843,81,83,43363814,14627,0,0,154689
2026-04-24 13:49:50,157729718,55753,54722353,241957,19405,81,83,43377996,14182,0,0,147495
2026-04-24 13:49:51,157791793,62075,54743852,242055,21597,71,83,43407927,29931,0,0,149560
2026-04-24 13:49:52,157856395,64602,54766294,242153,22540,75,83,43422383,14456,0,0,154792
2026-04-24 13:49:53,157917492,61097,54787494,242237,21284,75,83,43437948,15565,0,0,161210
2026-04-24 13:49:55,157972183,54691,54806500,242310,19079,75,83,43453028,15080,0,0,163984
2026-04-24 13:49:56,158031874,59691,54827177,242406,20773,79,83,43481733,28705,0,0,156889
2026-04-24 13:49:57,158096046,64172,54849489,242489,22395,81,83,43498349,16616,0,0,156135
2026-04-24 13:49:58,158163313,67267,54872819,242594,23435,71,83,43513567,15218,0,0,156323
2026-04-24 13:49:59,158229511,66198,54895785,242686,23058,80,83,43530447,16880,0,0,162685
2026-04-24 13:50:01,158287705,58194,54916043,242779,20351,80,83,43546478,16031,0,0,165366
2026-04-24 13:50:02,158348295,60590,54937083,242864,21125,80,83,43561768,15290,0,0,147468
2026-04-24 13:50:03,158414073,65778,54959877,242967,22897,75,83,43594281,32513,0,0,146848
2026-04-24 13:50:04,158481383,67310,54983227,243079,23462,76,83,43611396,17115,0,0,145773
2026-04-24 13:50:05,158548309,66926,55006476,243179,23349,81,83,43628035,16639,0,0,152880
2026-04-24 13:50:07,158613292,64983,55029006,243284,22635,69,83,43645028,16993,0,0,153622
2026-04-24 13:50:08,158679785,66493,55052050,243401,23161,74,83,43679301,34273,0,0,144898
2026-04-24 13:50:09,158747836,68051,55075678,243500,23727,75,83,43695737,16436,0,0,150041
2026-04-24 13:50:10,158815356,67520,55099127,243596,23545,70,83,43711036,15299,0,0,151862
2026-04-24 13:50:12,158881607,66251,55122128,243712,23117,78,83,43727473,16437,0,0,162099
2026-04-24 13:50:13,158947518,65911,55145009,243812,22981,76,83,43743850,16377,0,0,160332
2026-04-24 13:50:14,159014389,66871,55168164,243916,23259,81,83,43776620,32770,0,0,149938
2026-04-24 13:50:15,159083126,68737,55191992,244028,23940,79,83,43792391,15771,0,0,155245
2026-04-24 13:50:16,159151028,67902,55215573,244122,23675,76,83,43809717,17326,0,0,157140
2026-04-24 13:50:18,159217682,66654,55238720,244225,23250,77,83,43825280,15563,0,0,161612
2026-04-24 13:50:19,159284203,66521,55261759,244348,23162,75,83,43841969,16689,0,0,154163
2026-04-24 13:50:20,159352266,68063,55285378,244453,23724,79,83,43875258,33289,0,0,151174
2026-04-24 13:50:21,159419887,67621,55308854,244559,23582,79,83,43892411,17153,0,0,157337
2026-04-24 13:50:22,159487388,67501,55332281,244676,23544,62,83,43909131,16720,0,0,159797
2026-04-24 13:50:24,159554124,66736,55355434,244770,23247,73,83,43926070,16939,0,0,149566
2026-04-24 13:50:25,159620918,66794,55378634,244858,23288,77,83,43958975,32905,0,0,141770
2026-04-24 13:50:26,159689372,68454,55402376,244964,23848,79,83,43975031,16056,0,0,145021
2026-04-24 13:50:27,159758073,68701,55426212,245078,23950,76,83,43991626,16595,0,0,151972
2026-04-24 13:50:29,159824606,66533,55449346,245181,23237,80,83,44008159,16533,0,0,154952
2026-04-24 13:50:30,159889379,64773,55471834,245306,22613,81,83,44025501,17342,0,0,152698
2026-04-24 13:50:31,159955805,66426,55494884,245423,23167,73,83,44059626,34125,0,0,146117
2026-04-24 13:50:32,160022191,66386,55517930,245531,23154,76,83,44076374,16748,0,0,148642
2026-04-24 13:50:33,160088944,66753,55541110,245637,23286,70,83,44093071,16697,0,0,139988
2026-04-24 13:50:35,160153617,64673,55563585,245718,22556,60,83,44109336,16265,0,0,138103
2026-04-24 13:50:36,160214348,60731,55584667,245791,21155,70,83,44141056,31720,0,0,134233
2026-04-24 13:50:37,160281095,66747,55607822,245904,23268,74,83,44157093,16037,0,0,130741
2026-04-24 13:50:38,160348050,66955,55631089,246011,23374,81,83,44173716,16623,0,0,135908
2026-04-24 13:50:39,160413325,65275,55653772,246118,22790,81,83,44190397,16681,0,0,143204
2026-04-24 13:50:41,160473492,60167,55674619,246200,20929,81,83,44206511,16114,0,0,150226
2026-04-24 13:50:42,160531834,58342,55694882,246290,20353,81,83,44221423,14912,0,0,139850
2026-04-24 13:50:43,160592953,61119,55716037,246390,21255,78,83,44251770,30347,0,0,145031
2026-04-24 13:50:44,160658009,65056,55738548,246500,22621,77,83,44266063,14293,0,0,151339
2026-04-24 13:50:46,160720650,62641,55760319,246593,21864,81,83,44280412,14349,0,0,156152
2026-04-24 13:50:47,160778780,58130,55780504,246676,20268,73,83,44295694,15282,0,0,160795
2026-04-24 13:50:48,160837628,58848,55800945,246780,20545,71,83,44310112,14418,0,0,142562
2026-04-24 13:50:49,160901280,63652,55822976,246873,22124,77,83,44340078,29966,0,0,140220
2026-04-24 13:50:50,160966071,64791,55845499,246966,22616,73,83,44355012,14934,0,0,145662
2026-04-24 13:50:52,161029804,63733,55867607,247073,22215,81,83,44369675,14663,0,0,149264
2026-04-24 13:50:53,161090428,60624,55888621,247164,21105,81,83,44384636,14961,0,0,151622
2026-04-24 13:50:54,161153620,63192,55910588,247258,22061,75,83,44415622,30986,0,0,140712
2026-04-24 13:50:55,161220160,66540,55933623,247354,23131,79,83,44431089,15467,0,0,145130
2026-04-24 13:50:56,161288112,67952,55957234,247459,23716,75,83,44445716,14627,0,0,145495
2026-04-24 13:50:58,161352923,64811,55979755,247553,22615,79,83,44462370,16654,0,0,149522
2026-04-24 13:50:59,161420465,67542,56003208,247658,23558,75,83,44494616,32246,0,0,139780
2026-04-24 13:51:00,161487376,66911,56026451,247749,23334,81,83,44511565,16949,0,0,132607
2026-04-24 13:51:01,161555262,67886,56050006,247861,23667,72,83,44527414,15849,0,0,138465
2026-04-24 13:51:02,161620175,64913,56072555,247958,22646,81,83,44543444,16030,0,0,145927
2026-04-24 13:51:04,161682827,62652,56094241,248072,21800,76,83,44558993,15549,0,0,147020
2026-04-24 13:51:05,161748199,65372,56116892,248183,22762,77,83,44590126,31133,0,0,141870
2026-04-24 13:51:06,161816524,68325,56140603,248280,23808,78,83,44606530,16404,0,0,137416
2026-04-24 13:51:07,161883794,67270,56163936,248381,23434,75,83,44622420,15890,0,0,141932
2026-04-24 13:51:09,161951609,67815,56187489,248486,23658,81,83,44637928,15508,0,0,144907
2026-04-24 13:51:10,162016709,65100,56210127,248590,22742,81,83,44653349,15421,0,0,137791
2026-04-24 13:51:11,162083629,66920,56233316,248683,23282,75,83,44685329,31980,0,0,127537
2026-04-24 13:51:12,162151088,67459,56256656,248814,23471,78,83,44700923,15594,0,0,130794
2026-04-24 13:51:13,162217212,66124,56279571,248917,23018,75,83,44716546,15623,0,0,136336
2026-04-24 13:51:15,162285724,68512,56303323,249029,23864,81,83,44731305,14759,0,0,140234
2026-04-24 13:51:16,162352229,66505,56326381,249123,23152,78,83,44762689,31384,0,0,139015
2026-04-24 13:51:17,162420224,67995,56349969,249209,23674,72,83,44778812,16123,0,0,132821
2026-04-24 13:51:18,162486951,66727,56373099,249307,23228,72,83,44793630,14818,0,0,136996
2026-04-24 13:51:19,162553037,66086,56396058,249414,23066,70,83,44809075,15445,0,0,140297
2026-04-24 13:51:21,162618333,65296,56418719,249509,22756,73,83,44825476,16401,0,0,141053
2026-04-24 13:51:22,162683122,64789,56441189,249622,22583,78,83,44856922,31446,0,0,134093
2026-04-24 13:51:23,162749428,66306,56464174,249733,23096,74,83,44872721,15799,0,0,131259
2026-04-24 13:51:24,162816685,67257,56487486,249836,23415,80,83,44888108,15387,0,0,133713
2026-04-24 13:51:26,162881784,65099,56510081,249915,22674,78,83,44903451,15343,0,0,140131
2026-04-24 13:51:27,162946540,64756,56532507,250023,22534,76,83,44918603,15152,0,0,143407
2026-04-24 13:51:28,163013233,66693,56555614,250135,23219,68,83,44949454,30851,0,0,129211
2026-04-24 13:51:29,163081487,68254,56579336,250234,23821,65,83,44965335,15881,0,0,130460
2026-04-24 13:51:30,163150150,68663,56603116,250342,23888,77,83,44981330,15995,0,0,135310
2026-04-24 13:51:32,163217070,66920,56626336,250439,23317,79,83,44997953,16623,0,0,140565
2026-04-24 13:51:33,163284849,67779,56649867,250535,23627,77,83,45014017,16064,0,0,145747
2026-04-24 13:51:34,163353356,68507,56673563,250658,23819,75,83,45047242,33225,0,0,135916
2026-04-24 13:51:35,163422052,68696,56697407,250762,23948,67,83,45062663,15421,0,0,141391
2026-04-24 13:51:37,163487394,65342,56720081,250863,22775,74,83,45078761,16098,0,0,143110
2026-04-24 13:51:38,163552947,65553,56742834,250954,22844,81,83,45094348,15587,0,0,144864
2026-04-24 13:51:39,163618007,65060,56765401,251063,22676,80,83,45127254,32906,0,0,142006
2026-04-24 13:51:40,163686234,68227,56789069,251164,23769,75,83,45143429,16175,0,0,137283
2026-04-24 13:51:41,163752082,65848,56811955,251254,22976,69,83,45160299,16870,0,0,141339
2026-04-24 13:51:43,163820645,68563,56835737,251370,23898,76,83,45174829,14530,0,0,138210
2026-04-24 13:51:44,163885324,64679,56858170,251448,22511,74,83,45191621,16792,0,0,142233
2026-04-24 13:51:45,163953456,68132,56881756,251560,23698,80,83,45221954,30333,0,0,132626
2026-04-24 13:51:46,164021265,67809,56905259,251668,23611,75,83,45238063,16109,0,0,140104
2026-04-24 13:51:47,164087611,66346,56928280,251755,23108,75,83,45253851,15788,0,0,143262
2026-04-24 13:51:49,164153067,65456,56951034,251863,22862,74,83,45268995,15144,0,0,146499
2026-04-24 13:51:50,164219424,66357,56974046,251959,23108,78,83,45301444,32449,0,0,145237
2026-04-24 13:51:51,164289615,70191,56998354,252090,24439,77,83,45317330,15886,0,0,139326
2026-04-24 13:51:52,164356719,67104,57021642,252208,23406,76,83,45333648,16318,0,0,147399
2026-04-24 13:51:54,164423983,67264,57045023,252315,23488,78,83,45349533,15885,0,0,153480
2026-04-24 13:51:55,164488668,64685,57067471,252403,22536,79,83,45366141,16608,0,0,148020
2026-04-24 13:51:56,164556004,67336,57090851,252493,23470,76,83,45398992,32851,0,0,141416
2026-04-24 13:51:57,164623908,67904,57114408,252589,23653,77,83,45415001,16009,0,0,137987
2026-04-24 13:51:58,164689712,65804,57137255,252699,22957,75,83,45430633,15632,0,0,146895
2026-04-24 13:52:00,164756309,66597,57160348,252804,23198,80,83,45445817,15184,0,0,151135
2026-04-24 13:52:01,164824070,67761,57183850,252907,23605,81,83,45461605,15788,0,0,148717
2026-04-24 13:52:02,164891094,67024,57207106,253011,23360,79,83,45494021,32416,0,0,139934
2026-04-24 13:52:03,164961700,70606,57231583,253110,24576,74,83,45510579,16558,0,0,145786
2026-04-24 13:52:05,165030514,68814,57255466,253199,23972,68,83,45526325,15746,0,0,148199
2026-04-24 13:52:06,165096265,65751,57278283,253303,22921,80,83,45542774,16449,0,0,154862
2026-04-24 13:52:07,165161496,65231,57300888,253398,22700,71,83,45574885,32111,0,0,149786
2026-04-24 13:52:08,165229234,67738,57324405,253498,23617,77,83,45591013,16128,0,0,148725
2026-04-24 13:52:09,165298755,69521,57348526,253605,24228,77,83,45607469,16456,0,0,152836
2026-04-24 13:52:11,165360500,61745,57369971,253693,21533,74,83,45624331,16862,0,0,158846
2026-04-24 13:52:12,165421283,60783,57391055,253801,21192,73,83,45639137,14806,0,0,162528
2026-04-24 13:52:13,165479909,58626,57411399,253882,20425,77,83,45654972,15835,0,0,152851
2026-04-24 13:52:14,165545134,65225,57434002,253985,22706,80,83,45685485,30513,0,0,155031
2026-04-24 13:52:15,165611116,65982,57456927,254074,23014,73,83,45701601,16116,0,0,158151
2026-04-24 13:52:17,165675122,64006,57479189,254165,22353,80,83,45716382,14781,0,0,155130
2026-04-24 13:52:18,165736645,61523,57500506,254269,21421,77,83,45732425,16043,0,0,159502
2026-04-24 13:52:19,165796495,59850,57521270,254353,20848,77,83,45764590,32165,0,0,146541
2026-04-24 13:52:20,165862351,65856,57544162,254455,22994,79,83,45779711,15121,0,0,148964
2026-04-24 13:52:21,165928592,66241,57567129,254561,23073,72,83,45795657,15946,0,0,157129
2026-04-24 13:52:23,165991510,62918,57588905,254666,21881,81,83,45811327,15670,0,0,160228
2026-04-24 13:52:24,166051920,60410,57609872,254762,21063,81,83,45827336,16009,0,0,166942
2026-04-24 13:52:25,166113377,61457,57631186,254848,21400,75,83,45857010,29674,0,0,154509
2026-04-24 13:52:26,166183111,69734,57655409,254961,24336,79,83,45872593,15583,0,0,154836
2026-04-24 13:52:27,166251692,68581,57679222,255072,23924,79,83,45890194,17601,0,0,159435
2026-04-24 13:52:29,166319460,67768,57702774,255176,23656,75,83,45907041,16847,0,0,135198
2026-04-24 13:52:30,166385987,66527,57725848,255280,23178,80,83,45940350,33309,0,0,141938
2026-04-24 13:52:31,166453274,67287,57749239,255398,23509,81,83,45957775,17425,0,0,128338
2026-04-24 13:52:32,166521355,68081,57772852,255487,23702,80,83,45974853,17078,0,0,132139
2026-04-24 13:52:34,166586257,64902,57795427,255583,22671,81,83,45991383,16530,0,0,135720
2026-04-24 13:52:35,166652530,66273,57818397,255695,23082,76,83,46007519,16136,0,0,139797
2026-04-24 13:52:36,166720616,68086,57842020,255812,23740,74,83,46040305,32786,0,0,134243
2026-04-24 13:52:37,166789412,68796,57865890,255928,23986,76,83,46056993,16688,0,0,130504
2026-04-24 13:52:38,166859722,70310,57890255,256040,24477,77,83,46073905,16912,0,0,138706
2026-04-24 13:52:40,166927297,67575,57913704,256144,23553,80,83,46089743,15838,0,0,140694
2026-04-24 13:52:41,166993532,66235,57936642,256252,23046,81,83,46107325,17582,0,0,143613
2026-04-24 13:52:42,167061678,68146,57960310,256361,23777,75,83,46139858,32533,0,0,135012
2026-04-24 13:52:43,167129370,67692,57983811,256457,23597,78,83,46157012,17154,0,0,141264
2026-04-24 13:52:45,167193528,64158,58006130,256542,22404,74,83,46172595,15583,0,0,146581
2026-04-24 13:52:46,167259252,65724,58028903,256648,22879,69,83,46189151,16556,0,0,149469
2026-04-24 13:52:47,167327143,67891,58052429,256742,23620,79,83,46221579,32428,0,0,146268
2026-04-24 13:52:48,167395344,68201,58076084,256826,23739,77,83,46238566,16987,0,0,142431
2026-04-24 13:52:49,167462806,67462,58099511,256939,23540,77,83,46254371,15805,0,0,142426
2026-04-24 13:52:51,167530612,67806,58123027,257038,23615,80,83,46272123,17752,0,0,140891
2026-04-24 13:52:52,167597426,66814,58146236,257122,23293,68,83,46288764,16641,0,0,138454
2026-04-24 13:52:53,167663681,66255,58169259,257212,23113,80,83,46323264,34500,0,0,127424
2026-04-24 13:52:54,167731285,67604,58192720,257320,23569,73,83,46339269,16005,0,0,133934
2026-04-24 13:52:56,167796415,65130,58215372,257409,22741,75,83,46355520,16251,0,0,136547
2026-04-24 13:52:57,167861135,64720,58237850,257510,22579,74,83,46371839,16319,0,0,142069
2026-04-24 13:52:58,167925769,64634,58260251,257606,22497,76,83,46405005,33166,0,0,139992
2026-04-24 13:52:59,167991079,65310,58282956,257714,22813,81,83,46421713,16708,0,0,134812
2026-04-24 13:53:00,168057710,66631,58306058,257802,23190,78,83,46437174,15461,0,0,134985
2026-04-24 13:53:02,168127307,69597,58330160,257910,24210,80,83,46452857,15683,0,0,139967
2026-04-24 13:53:03,168194091,66784,58353404,258000,23334,75,83,46469773,16916,0,0,145517
2026-04-24 13:53:04,168260004,65913,58376220,258110,22926,80,83,46504852,35079,0,0,131731
2026-04-24 13:53:05,168325482,65478,58398998,258208,22876,70,83,46521747,16895,0,0,132997
2026-04-24 13:53:06,168393239,67757,58422487,258312,23593,72,83,46538007,16260,0,0,138088
2026-04-24 13:53:08,168459689,66450,58445569,258409,23179,67,83,46554324,16317,0,0,141139
2026-04-24 13:53:09,168526908,67219,58468902,258508,23432,81,83,46571499,17175,0,0,142075
2026-04-24 13:53:10,168593116,66208,58491851,258596,23037,72,83,46605400,33901,0,0,135916
2026-04-24 13:53:11,168661038,67922,58515376,258710,23639,73,83,46621346,15946,0,0,132815
2026-04-24 13:53:13,168726982,65944,58538258,258824,22996,81,83,46637172,15826,0,0,144633
2026-04-24 13:53:14,168787590,60608,58559309,258898,21125,80,83,46653618,16446,0,0,149928
2026-04-24 13:53:15,168846264,58674,58579718,258979,20490,81,83,46668718,15100,0,0,146350
2026-04-24 13:53:16,168910823,64559,58602121,259080,22504,71,83,46701673,32955,0,0,142166
2026-04-24 13:53:17,168972217,61394,58623436,259170,21405,79,83,46716757,15084,0,0,146104
2026-04-24 13:53:19,169035130,62913,58645243,259270,21907,81,83,46731267,14510,0,0,149281
2026-04-24 13:53:20,169097520,62390,58666954,259366,21807,80,83,46747028,15761,0,0,152174
2026-04-24 13:53:21,169164264,66744,58690059,259472,23211,78,83,46779513,32485,0,0,148889
2026-04-24 13:53:22,169232688,68424,58713793,259588,23850,76,83,46796158,16645,0,0,144399
2026-04-24 13:53:23,169300319,67631,58737311,259689,23619,79,83,46812131,15973,0,0,148948
2026-04-24 13:53:25,169367259,66940,58760563,259789,23352,80,83,46829783,17652,0,0,141818
2026-04-24 13:53:26,169434317,67058,58783893,259889,23430,81,83,46847045,17262,0,0,141862
2026-04-24 13:53:27,169502915,68598,58807696,260005,23919,72,83,46881856,34811,0,0,130335
2026-04-24 13:53:28,169572652,69737,58831921,260108,24328,80,83,46899004,17148,0,0,132588
2026-04-24 13:53:30,169640440,67788,58855459,260220,23650,71,83,46916208,17204,0,0,137212
2026-04-24 13:53:31,169705734,65294,58878123,260316,22760,75,83,46933843,17635,0,0,141084
2026-04-24 13:53:32,169773057,67323,58901487,260434,23482,79,83,46966692,32849,0,0,137786
2026-04-24 13:53:33,169842086,69029,58925507,260530,24116,75,83,46984348,17656,0,0,132373
2026-04-24 13:53:34,169911105,69019,58949462,260637,24062,72,83,47001419,17071,0,0,139071
2026-04-24 13:53:36,169971323,60218,58970384,260721,21006,80,83,47018134,16715,0,0,133114
2026-04-24 13:53:37,170033831,62508,58992081,260823,21799,81,83,47033698,15564,0,0,140500
2026-04-24 13:53:38,170098279,64448,59014390,260931,22417,69,83,47064718,31020,0,0,133920
2026-04-24 13:53:39,170165259,66980,59037607,261015,23301,74,83,47081032,16314,0,0,135212
2026-04-24 13:53:40,170230750,65491,59060334,261135,22847,77,83,47096415,15383,0,0,141330
2026-04-24 13:53:42,170291810,61060,59081506,261229,21266,81,83,47111862,15447,0,0,145302
2026-04-24 13:53:43,170354599,62789,59103354,261316,21935,73,83,47127493,15631,0,0,148479
2026-04-24 13:53:44,170420894,66295,59126319,261421,23070,72,83,47160552,33059,0,0,139040
2026-04-24 13:53:45,170489580,68686,59150128,261529,23917,80,83,47176653,16101,0,0,141083
2026-04-24 13:53:47,170556219,66639,59173307,261613,23263,80,83,47192254,15601,0,0,149136
2026-04-24 13:53:48,170619846,63627,59195356,261716,22152,71,83,47208446,16192,0,0,146452
2026-04-24 13:53:49,170685053,65207,59217956,261833,22717,76,83,47239116,30670,0,0,153650
2026-04-24 13:53:50,170749032,63979,59240182,261920,22313,78,83,47255991,16875,0,0,143199
2026-04-24 13:53:51,170814955,65923,59263017,262024,22939,78,83,47271361,15370,0,0,148351
2026-04-24 13:53:53,170878806,63851,59285151,262129,22239,80,83,47286497,15136,0,0,153439
2026-04-24 13:53:54,170942821,64015,59307350,262228,22298,79,83,47302014,15517,0,0,157083
2026-04-24 13:53:55,171009172,66351,59330368,262333,23123,73,83,47333538,31524,0,0,156921
2026-04-24 13:53:56,171078225,69053,59354327,262441,24067,73,83,47350095,16557,0,0,148420
2026-04-24 13:53:57,171146313,68088,59377934,262553,23719,73,83,47366586,16491,0,0,157867
2026-04-24 13:53:59,171211372,65059,59400435,262659,22607,73,83,47383137,16551,0,0,154639
2026-04-24 13:54:00,171275256,63884,59422596,262767,22269,73,83,47398813,15676,0,0,155622
2026-04-24 13:54:01,171339772,64516,59444951,262869,22457,76,83,47432573,33760,0,0,145697
2026-04-24 13:54:02,171407645,67873,59468564,262956,23700,81,83,47448408,15835,0,0,138403
2026-04-24 13:54:03,171474876,67231,59491911,263049,23440,72,83,47464898,16490,0,0,143053
2026-04-24 13:54:05,171540308,65432,59514587,263146,22773,81,83,47480520,15622,0,0,148699
2026-04-24 13:54:06,171607665,67357,59537917,263249,23433,70,83,47512429,31909,0,0,153898
2026-04-24 13:54:07,171677046,69381,59561966,263357,24157,74,83,47529570,17141,0,0,140469
2026-04-24 13:54:08,171745807,68761,59585824,263454,23955,74,83,47546472,16902,0,0,133322
2026-04-24 13:54:10,171813674,67867,59609372,263545,23639,73,83,47562435,15963,0,0,138576
2026-04-24 13:54:11,171880794,67120,59632691,263641,23415,80,83,47578527,16092,0,0,134777
2026-04-24 13:54:12,171947041,66247,59655607,263743,23018,77,83,47611927,33400,0,0,138802
2026-04-24 13:54:13,172013664,66623,59678778,263831,23259,71,83,47627795,15868,0,0,135644
2026-04-24 13:54:14,172079020,65356,59701458,263923,22772,78,83,47643752,15957,0,0,141087
2026-04-24 13:54:16,172141334,62314,59723069,264034,21722,80,83,47658910,15158,0,0,146862
2026-04-24 13:54:17,172203485,62151,59744642,264111,21650,81,83,47673645,14735,0,0,149521
2026-04-24 13:54:18,172267493,64008,59766838,264196,22281,74,83,47704402,30757,0,0,141588
2026-04-24 13:54:19,172331927,64434,59789146,264305,22417,79,83,47719943,15541,0,0,143458
2026-04-24 13:54:20,172394932,63005,59811039,264393,21981,77,83,47734667,14724,0,0,147620
2026-04-24 13:54:22,172452640,57708,59831084,264480,20132,74,83,47750513,15846,0,0,140307
2026-04-24 13:54:23,172510279,57639,59851064,264574,20074,81,83,47766011,15498,0,0,145078
2026-04-24 13:54:24,172567844,57565,59871033,264650,20045,74,83,47795684,29673,0,0,135379
2026-04-24 13:54:25,172629342,61498,59892372,264749,21438,73,83,47809806,14122,0,0,133867
2026-04-24 13:54:26,172692890,63548,59914420,264855,22154,69,83,47823132,13326,0,0,139767
2026-04-24 13:54:28,172747293,54403,59933379,264927,19031,81,83,47838166,15034,0,0,145789
2026-04-24 13:54:29,172803046,55753,59952696,265018,19408,80,83,47852512,14346,0,0,146041
2026-04-24 13:54:30,172860917,57871,59972717,265127,20130,81,83,47881327,28815,0,0,142194
2026-04-24 13:54:31,172923604,62687,59994478,265221,21855,74,83,47896772,15445,0,0,138374
2026-04-24 13:54:32,172987200,63596,60016529,265316,22146,76,83,47911732,14960,0,0,142667
2026-04-24 13:54:34,173045979,58779,60036965,265408,20528,81,83,47927316,15584,0,0,151778
2026-04-24 13:54:35,173104807,58828,60057332,265507,20466,81,83,47942095,14779,0,0,159410
2026-04-24 13:54:36,173167969,63162,60079212,265606,21979,75,83,47971916,29821,0,0,152140
2026-04-24 13:54:37,173231880,63911,60101423,265702,22307,73,83,47986630,14714,0,0,146200
2026-04-24 13:54:38,173298660,66780,60124572,265813,23260,77,83,48001928,15298,0,0,153203
2026-04-24 13:54:40,173362477,63817,60146716,265899,22230,79,83,48017227,15299,0,0,158010
2026-04-24 13:54:41,173427325,64848,60169193,266003,22581,81,83,48048253,31026,0,0,163068
2026-04-24 13:54:42,173494445,67120,60192501,266104,23409,75,83,48064658,16405,0,0,156349
2026-04-24 13:54:43,173561758,67313,60215836,266202,23433,80,83,48080725,16067,0,0,156150
2026-04-24 13:54:45,173628877,67119,60239119,266297,23378,78,83,48096872,16147,0,0,154050
2026-04-24 13:54:46,173694496,65619,60261910,266387,22881,76,83,48113231,16359,0,0,149982
2026-04-24 13:54:47,173761150,66654,60285038,266473,23214,78,83,48145028,31797,0,0,153823
2026-04-24 13:54:48,173827726,66576,60308178,266565,23232,80,83,48161551,16523,0,0,144745
2026-04-24 13:54:49,173895055,67329,60331511,266687,23455,77,83,48177381,15830,0,0,143984
2026-04-24 13:54:51,173962119,67064,60354807,266807,23416,81,83,48193680,16299,0,0,147854
2026-04-24 13:54:52,174028493,66374,60377849,266906,23141,65,83,48209392,15712,0,0,153089
2026-04-24 13:54:53,174095676,67183,60401162,267013,23420,77,83,48241668,32276,0,0,150784
2026-04-24 13:54:54,174164065,68389,60424878,267124,23827,77,83,48258526,16858,0,0,141134
2026-04-24 13:54:55,174232539,68474,60448624,267235,23857,76,83,48274844,16318,0,0,146761
2026-04-24 13:54:57,174298979,66440,60471685,267336,23162,81,83,48290708,15864,0,0,152389
2026-04-24 13:54:58,174364156,65177,60494301,267448,22728,80,83,48322927,32219,0,0,160732
2026-04-24 13:54:59,174431479,67323,60517710,267547,23508,75,83,48338894,15967,0,0,152936
2026-04-24 13:55:00,174499711,68232,60541353,267654,23750,79,83,48355289,16395,0,0,152334
2026-04-24 13:55:02,174567313,67602,60564817,267757,23567,71,83,48372069,16780,0,0,155714
2026-04-24 13:55:03,174633793,66480,60587867,267847,23140,74,83,48388821,16752,0,0,160267
2026-04-24 13:55:04,174700654,66861,60611067,267942,23295,75,83,48420714,31893,0,0,165027
2026-04-24 13:55:05,174767722,67068,60634375,268034,23400,75,83,48437286,16572,0,0,156062
2026-04-24 13:55:06,174836501,68779,60658202,268137,23930,81,83,48452389,15103,0,0,160501
2026-04-24 13:55:08,174904820,68319,60681863,268245,23769,79,83,48468580,16191,0,0,170519
2026-04-24 13:55:09,174971199,66379,60704897,268347,23136,70,83,48484569,15989,0,0,162957
2026-04-24 13:55:10,175038821,67622,60728342,268454,23552,77,83,48517205,32636,0,0,159852
2026-04-24 13:55:11,175107612,68791,60752193,268549,23946,80,83,48532218,15013,0,0,154825
2026-04-24 13:55:12,175175397,67785,60775729,268628,23615,76,83,48548198,15980,0,0,156720
2026-04-24 13:55:14,175242369,66972,60798959,268731,23333,81,83,48563443,15245,0,0,161576
2026-04-24 13:55:15,175308845,66476,60821997,268836,23143,76,83,48596084,32641,0,0,167844
2026-04-24 13:55:16,175376948,68103,60845597,268943,23707,73,83,48611866,15782,0,0,160467
2026-04-24 13:55:17,175445593,68645,60869392,269053,23905,79,83,48627839,15973,0,0,157591
2026-04-24 13:55:19,175514808,69215,60893386,269136,24077,76,83,48643359,15520,0,0,149309
2026-04-24 13:55:20,175581739,66931,60916547,269237,23262,79,83,48659390,16031,0,0,150800
2026-04-24 13:55:21,175649198,67459,60939936,269353,23505,78,83,48690738,31348,0,0,161652
2026-04-24 13:55:22,175717517,68319,60963625,269469,23805,76,83,48707613,16875,0,0,142743
2026-04-24 13:55:23,175786319,68802,60987553,269568,24027,73,83,48723465,15852,0,0,147722
2026-04-24 13:55:25,175853575,67256,61010870,269665,23414,77,83,48740212,16747,0,0,151939
2026-04-24 13:55:26,175919544,65969,61033752,269767,22984,76,83,48756299,16087,0,0,157369
2026-04-24 13:55:27,175986717,67173,61057105,269872,23458,79,83,48787865,31566,0,0,154571
2026-04-24 13:55:28,176054473,67756,61080602,269977,23602,78,83,48804854,16989,0,0,149781
2026-04-24 13:55:29,176122593,68120,61104276,270057,23754,75,83,48820962,16108,0,0,151412
2026-04-24 13:55:31,176186290,63697,61126359,270161,22187,81,83,48837008,16046,0,0,154809
2026-04-24 13:55:32,176249875,63585,61148409,270258,22147,68,83,48867741,30733,0,0,152290
2026-04-24 13:55:33,176317849,67974,61172016,270350,23699,78,83,48883318,15577,0,0,147961
2026-04-24 13:55:34,176385656,67807,61195540,270459,23633,79,83,48899380,16062,0,0,145448
2026-04-24 13:55:36,176453465,67809,61219060,270559,23620,76,83,48915473,16093,0,0,153231
2026-04-24 13:55:37,176519588,66123,61241970,270661,23012,79,83,48930868,15395,0,0,158844
2026-04-24 13:55:38,176585930,66342,61264976,270762,23107,78,83,48962939,32071,0,0,161603
2026-04-24 13:55:39,176653776,67846,61288493,270863,23618,77,83,48978982,16043,0,0,146237
2026-04-24 13:55:40,176721539,67763,61312013,270973,23630,81,83,48995346,16364,0,0,149060
2026-04-24 13:55:42,176788247,66708,61335111,271083,23208,72,83,49012146,16800,0,0,151569
2026-04-24 13:55:43,176854502,66255,61358085,271208,23099,81,83,49027506,15360,0,0,157336
2026-04-24 13:55:44,176921425,66923,61381289,271313,23309,78,83,49059006,31500,0,0,164421
2026-04-24 13:55:45,176989272,67847,61404878,271404,23680,76,83,49075087,16081,0,0,158263
2026-04-24 13:55:46,177056374,67102,61428159,271514,23391,78,83,49092204,17117,0,0,163314
2026-04-24 13:55:48,177122054,65680,61450981,271607,22915,73,83,49108043,15839,0,0,165177
2026-04-24 13:55:49,177187703,65649,61473741,271708,22861,80,83,49139785,31742,0,0,170050
2026-04-24 13:55:50,177258092,70389,61498135,271820,24506,76,83,49156215,16430,0,0,167631
2026-04-24 13:55:51,177327282,69190,61522197,271924,24166,74,83,49173138,16923,0,0,150569
2026-04-24 13:55:53,177396473,69191,61546223,272035,24137,67,83,49189694,16556,0,0,140394
2026-04-24 13:55:54,177460677,64204,61568529,272119,22390,81,83,49206553,16859,0,0,144110
2026-04-24 13:55:55,177522289,61612,61589867,272227,21446,72,83,49238410,31857,0,0,138623
2026-04-24 13:55:56,177587344,65055,61612412,272333,22651,77,83,49254181,15771,0,0,127136
2026-04-24 13:55:57,177654716,67372,61635744,272432,23431,78,83,49269209,15028,0,0,129896
2026-04-24 13:55:59,177717883,63167,61657742,272530,22096,81,83,49284638,15429,0,0,133256
2026-04-24 13:56:00,177780084,62201,61679315,272631,21674,75,83,49300854,16216,0,0,137695
2026-04-24 13:56:01,177844990,64906,61701820,272727,22601,73,83,49333351,32497,0,0,137730
2026-04-24 13:56:02,177912310,67320,61725181,272844,23478,76,83,49348205,14854,0,0,124640
2026-04-24 13:56:03,177978184,65874,61748029,272946,22950,78,83,49364716,16511,0,0,130701
2026-04-24 13:56:05,178040265,62081,61769614,273039,21678,81,83,49380366,15650,0,0,130123
2026-04-24 13:56:06,178098413,58148,61789768,273140,20255,81,83,49397074,16708,0,0,134878
2026-04-24 13:56:07,178160761,62348,61811382,273237,21711,78,83,49428165,31091,0,0,130782
2026-04-24 13:56:08,178228436,67675,61834909,273344,23634,77,83,49444432,16267,0,0,123638
2026-04-24 13:56:09,178297583,69147,61858922,273447,24116,79,83,49461723,17291,0,0,130308
2026-04-24 13:56:11,178364764,67181,61882313,273540,23484,81,83,49477674,15951,0,0,131777
2026-04-24 13:56:12,178430593,65829,61905181,273633,22961,81,83,49495307,17633,0,0,137560
2026-04-24 13:56:13,178498612,68019,61928811,273712,23709,79,83,49528208,32901,0,0,133573
2026-04-24 13:56:14,178567701,69089,61952773,273819,24069,77,83,49544323,16115,0,0,135053
2026-04-24 13:56:16,178636830,69129,61976732,273936,24076,81,83,49561586,17263,0,0,143563
2026-04-24 13:56:17,178705292,68462,62000514,274052,23898,78,83,49578042,16456,0,0,148175
2026-04-24 13:56:18,178770532,65240,62023126,274152,22712,77,83,49612750,34708,0,0,150246
2026-04-24 13:56:19,178840597,70065,62047450,274261,24433,76,83,49629132,16382,0,0,138253
2026-04-24 13:56:20,178910255,69658,62071677,274375,24341,77,83,49646081,16949,0,0,143715
2026-04-24 13:56:22,178978646,68391,62095439,274477,23864,72,83,49663591,17510,0,0,150689
2026-04-24 13:56:23,179045584,66938,62118656,274594,23334,81,83,49680741,17150,0,0,155393
2026-04-24 13:56:24,179113425,67841,62142228,274692,23670,76,83,49714530,33789,0,0,155701
2026-04-24 13:56:25,179178746,65321,62164897,274800,22777,72,83,49731544,17014,0,0,151774
2026-04-24 13:56:27,179246546,67800,62188397,274899,23599,77,83,49746807,15263,0,0,144454
2026-04-24 13:56:28,179312680,66134,62211349,275002,23055,78,83,49763136,16329,0,0,148841
2026-04-24 13:56:29,179375379,62699,62233089,275110,21848,81,83,49780412,17276,0,0,154653
2026-04-24 13:56:30,179443467,68088,62256730,275226,23757,76,83,49813917,33505,0,0,146332
2026-04-24 13:56:31,179513791,70324,62281132,275321,24497,78,83,49830351,16434,0,0,143765
2026-04-24 13:56:33,179583356,69565,62305271,275434,24252,75,83,49846823,16472,0,0,148296
2026-04-24 13:56:34,179649384,66028,62328169,275545,23009,75,83,49863254,16431,0,0,151813
2026-04-24 13:56:35,179718239,68855,62351983,275669,23938,75,83,49896835,33581,0,0,151658
2026-04-24 13:56:36,179788046,69807,62376172,275777,24297,78,83,49912297,15462,0,0,126870
2026-04-24 13:56:37,179857144,69098,62400139,275877,24067,76,83,49929551,17254,0,0,138815
2026-04-24 13:56:39,179925479,68335,62423829,275994,23807,81,83,49946202,16651,0,0,138779
2026-04-24 13:56:40,179992340,66861,62447017,276088,23282,80,83,49979130,32928,0,0,136647
2026-04-24 13:56:41,180062169,69829,62471261,276187,24343,79,83,49995872,16742,0,0,131553
2026-04-24 13:56:42,180132143,69974,62495512,276300,24364,78,83,50012288,16416,0,0,129296
2026-04-24 13:56:44,180202140,69997,62519807,276403,24398,77,83,50028197,15909,0,0,134648
2026-04-24 13:56:45,180270824,68684,62543613,276502,23905,76,83,50045602,17405,0,0,139582
2026-04-24 13:56:46,180339512,68688,62567470,276595,23950,80,83,50080095,34493,0,0,140110
2026-04-24 13:56:47,180409388,69876,62591671,276698,24304,79,83,50097305,17210,0,0,128113
2026-04-24 13:56:48,180476478,67090,62615005,276792,23428,76,83,50113947,16642,0,0,131061
2026-04-24 13:56:50,180538088,61610,62636446,276879,21528,81,83,50130251,16304,0,0,134216
2026-04-24 13:56:51,180597625,59537,62657061,276967,20703,81,83,50146225,15974,0,0,138343
2026-04-24 13:56:52,180661337,63712,62679146,277097,22215,74,83,50177495,31270,0,0,138290
2026-04-24 13:56:53,180728333,66996,62702397,277209,23363,73,83,50194562,17067,0,0,130376
2026-04-24 13:56:54,180796756,68423,62726107,277311,23812,73,83,50211547,16985,0,0,136623
2026-04-24 13:56:56,180857862,61106,62747383,277395,21360,81,83,50227677,16130,0,0,142158
2026-04-24 13:56:57,180919475,61613,62768761,277487,21470,69,83,50244402,16725,0,0,144619
2026-04-24 13:56:58,180985950,66475,62791764,277585,23101,76,83,50276655,32253,0,0,145376
2026-04-24 13:56:59,181052855,66905,62814950,277702,23303,78,83,50292246,15591,0,0,134805
2026-04-24 13:57:01,181117739,64884,62837489,277807,22644,72,83,50308476,16230,0,0,137943
2026-04-24 13:57:02,181177972,60233,62858408,277886,20998,81,83,50324959,16483,0,0,143989
2026-04-24 13:57:03,181239051,61079,62879580,277970,21256,70,83,50340057,15098,0,0,146501
2026-04-24 13:57:04,181304635,65584,62902339,278055,22844,76,83,50371936,31879,0,0,145600
2026-04-24 13:57:05,181372241,67606,62925769,278160,23535,77,83,50389040,17104,0,0,139203
2026-04-24 13:57:07,181434466,62225,62947394,278265,21730,81,83,50405032,15992,0,0,143506
2026-04-24 13:57:08,181495058,60592,62968328,278378,21047,81,83,50419808,14776,0,0,144359
2026-04-24 13:57:09,181557750,62692,62990086,278482,21862,81,83,50436228,16420,0,0,147475
2026-04-24 13:57:10,181622710,64960,63012585,278593,22610,77,83,50468190,31962,0,0,146356
2026-04-24 13:57:11,181688128,65418,63035252,278683,22757,77,83,50484690,16500,0,0,141245
2026-04-24 13:57:13,181750920,62792,63057053,278784,21902,69,83,50500452,15762,0,0,143654
2026-04-24 13:57:14,181812521,61601,63078466,278857,21486,80,83,50515811,15359,0,0,145744
2026-04-24 13:57:15,181875335,62814,63100230,278962,21869,79,83,50531266,15455,0,0,148939
2026-04-24 13:57:16,181942164,66829,63123425,279062,23295,77,83,50564560,33294,0,0,142628
2026-04-24 13:57:17,182009529,67365,63146765,279167,23445,80,83,50580543,15983,0,0,145354
2026-04-24 13:57:19,182074617,65088,63169337,279265,22670,73,83,50596144,15601,0,0,150195
2026-04-24 13:57:20,182136853,62236,63190960,279370,21728,80,83,50611215,15071,0,0,153963
2026-04-24 13:57:21,182199717,62864,63212784,279459,21913,76,83,50644310,33095,0,0,156360
2026-04-24 13:57:22,182268187,68470,63236566,279555,23878,71,83,50660522,16212,0,0,137372
2026-04-24 13:57:23,182336162,67975,63260146,279658,23683,79,83,50676544,16022,0,0,132648
2026-04-24 13:57:25,182405814,69652,63284318,279762,24276,81,83,50693470,16926,0,0,136690
2026-04-24 13:57:26,182475097,69283,63308381,279866,24167,76,83,50710137,16667,0,0,140602
2026-04-24 13:57:27,182544464,69367,63332444,279978,24175,77,83,50744989,34852,0,0,142191
2026-04-24 13:57:28,182614852,70388,63356857,280073,24508,73,83,50761846,16857,0,0,135013
2026-04-24 13:57:30,182686975,72123,63381868,280155,25093,79,83,50778742,16896,0,0,139440
2026-04-24 13:57:31,182756786,69811,63406083,280253,24313,78,83,50794707,15965,0,0,146422
2026-04-24 13:57:32,182825082,68296,63429763,280366,23793,74,83,50829838,35131,0,0,151434
2026-04-24 13:57:33,182895056,69974,63454051,280475,24397,79,83,50847017,17179,0,0,144375
2026-04-24 13:57:34,182965737,70681,63478575,280586,24635,79,83,50863953,16936,0,0,144685
2026-04-24 13:57:36,183035652,69915,63502826,280694,24359,81,83,50882071,18118,0,0,146021
2026-04-24 13:57:37,183104109,68457,63526584,280819,23883,70,83,50899075,17004,0,0,150797
2026-04-24 13:57:38,183174841,70732,63551063,280916,24576,72,83,50932091,33016,0,0,150259
2026-04-24 13:57:39,183245551,70710,63575597,281021,24639,70,83,50948976,16885,0,0,145478
2026-04-24 13:57:41,183315881,70330,63600017,281126,24525,76,83,50965719,16743,0,0,151216
2026-04-24 13:57:42,183384778,68897,63623927,281218,24002,79,83,50982697,16978,0,0,153610
2026-04-24 13:57:43,183454157,69379,63648026,281327,24208,71,83,51016805,34108,0,0,159267
2026-04-24 13:57:44,183524433,70276,63672408,281431,24486,76,83,51033599,16794,0,0,152968
2026-04-24 13:57:45,183590210,65777,63695230,281532,22923,74,83,51050850,17251,0,0,156265
2026-04-24 13:57:47,183658276,68066,63718848,281630,23716,75,83,51066151,15301,0,0,160947
2026-04-24 13:57:48,183725331,67055,63742097,281761,23380,77,83,51082531,16380,0,0,166738
2026-04-24 13:57:49,183792770,67439,63765518,281876,23536,76,83,51115699,33168,0,0,158981
2026-04-24 13:57:50,183859871,67101,63788767,281990,23363,76,83,51133448,17749,0,0,153389
2026-04-24 13:57:52,183928812,68941,63812694,282088,24025,70,83,51148999,15551,0,0,156255
2026-04-24 13:57:53,183995804,66992,63835942,282191,23351,81,83,51165768,16769,0,0,160089
2026-04-24 13:57:54,184061167,65363,63858575,282299,22741,77,83,51198582,32814,0,0,161853
2026-04-24 13:57:55,184125028,63861,63880734,282386,22246,80,83,51214495,15913,0,0,151873
2026-04-24 13:57:56,184191543,66515,63903843,282464,23187,73,83,51229151,14656,0,0,147708
2026-04-24 13:57:58,184257580,66037,63926739,282579,23011,81,83,51245095,15944,0,0,153446
2026-04-24 13:57:59,184323600,66020,63949630,282687,22999,64,83,51261082,15987,0,0,155163
2026-04-24 13:58:00,184390306,66706,63972759,282801,23243,76,83,51293809,32727,0,0,158776
2026-04-24 13:58:01,184458074,67768,63996272,282890,23602,77,83,51310369,16560,0,0,148007
2026-04-24 13:58:02,184526382,68308,64020026,282984,23848,75,83,51325999,15630,0,0,152660
2026-04-24 13:58:04,184591151,64769,64042536,283083,22609,80,83,51342388,16389,0,0,157764
2026-04-24 13:58:05,184654924,63773,64064647,283165,22193,81,83,51358226,15838,0,0,157977
2026-04-24 13:58:06,184718599,63675,64086736,283269,22193,73,83,51390462,32236,0,0,159663
2026-04-24 13:58:07,184783551,64952,64109256,283359,22610,75,83,51406513,16051,0,0,154271
2026-04-24 13:58:09,184850422,66871,64132495,283457,23337,65,83,51420914,14401,0,0,161297
2026-04-24 13:58:10,184914934,64512,64154885,283546,22479,78,83,51436771,15857,0,0,163029
2026-04-24 13:58:11,184979440,64506,64177269,283652,22490,81,83,51452191,15420,0,0,166627
2026-04-24 13:58:12,185044618,65178,64199885,283763,22727,75,83,51485166,32975,0,0,162267
2026-04-24 13:58:13,185112305,67687,64223357,283877,23586,80,83,51500287,15121,0,0,161571
2026-04-24 13:58:15,185178068,65763,64246213,283976,22955,76,83,51516302,16015,0,0,163488
2026-04-24 13:58:16,185243499,65431,64268911,284083,22805,76,83,51532091,15789,0,0,166791
2026-04-24 13:58:17,185308227,64728,64291386,284175,22567,71,83,51565226,33135,0,0,167983
2026-04-24 13:58:18,185371671,63444,64313377,284276,22092,72,83,51581402,16176,0,0,155166
2026-04-24 13:58:19,185439064,67393,64336778,284376,23501,75,83,51596199,14797,0,0,141950
2026-04-24 13:58:21,185505183,66119,64359712,284469,23027,81,83,51611935,15736,0,0,150603
2026-04-24 13:58:22,185571849,66666,64382881,284571,23271,81,83,51628215,16280,0,0,155281
2026-04-24 13:58:23,185637794,65945,64405740,284676,22964,72,83,51661806,33591,0,0,154853
2026-04-24 13:58:24,185705679,67885,64429282,284784,23650,72,83,51677133,15327,0,0,143924
2026-04-24 13:58:26,185773823,68144,64452966,284880,23780,78,83,51692856,15723,0,0,149664
2026-04-24 13:58:27,185839617,65794,64475810,284969,22933,81,83,51710056,17200,0,0,154597
2026-04-24 13:58:28,185905814,66197,64498735,285066,23022,76,83,51726171,16115,0,0,158196
2026-04-24 13:58:29,185971439,65625,64521500,285170,22869,75,83,51758344,32173,0,0,147578
2026-04-24 13:58:30,186037002,65563,64544272,285272,22874,72,83,51773762,15418,0,0,126363
2026-04-24 13:58:32,186103575,66573,64567432,285374,23262,81,83,51789377,15615,0,0,127437
2026-04-24 13:58:33,186169515,65940,64590335,285472,23001,80,83,51805696,16319,0,0,127059
2026-04-24 13:58:34,186232921,63406,64612384,285566,22143,65,83,51822392,16696,0,0,130458
2026-04-24 13:58:35,186298669,65748,64635230,285659,22939,76,83,51856601,34209,0,0,122780
2026-04-24 13:58:36,186367944,69275,64659255,285757,24123,74,83,51872559,15958,0,0,123567
2026-04-24 13:58:38,186435169,67225,64682600,285848,23436,71,83,51888201,15642,0,0,126696
2026-04-24 13:58:39,186502197,67028,64705832,285951,23335,81,83,51904061,15860,0,0,131201
2026-04-24 13:58:40,186568802,66605,64728941,286041,23199,76,83,51936591,32530,0,0,135555
2026-04-24 13:58:41,186634852,66050,64751853,286153,23024,73,83,51951633,15042,0,0,115861
2026-04-24 13:58:42,186703101,68249,64775582,286256,23832,73,83,51967171,15538,0,0,121985
2026-04-24 13:58:44,186769992,66891,64798791,286357,23310,77,83,51983663,16492,0,0,127539
2026-04-24 13:58:45,186836170,66178,64821757,286443,23052,81,83,52016290,32627,0,0,132662
2026-04-24 13:58:46,186904303,68133,64845425,286544,23769,76,83,52033440,17150,0,0,128926
2026-04-24 13:58:47,186974119,69816,64869642,286644,24317,77,83,52048638,15198,0,0,127844
2026-04-24 13:58:49,187040203,66084,64892553,286743,23010,81,83,52064173,15535,0,0,133233
2026-04-24 13:58:50,187104197,63994,64914734,286859,22297,80,83,52079886,15713,0,0,136339
2026-04-24 13:58:51,187168171,63974,64936885,286965,22257,73,83,52111527,31641,0,0,138019
2026-04-24 13:58:52,187231705,63534,64958895,287063,22108,75,83,52126658,15131,0,0,132439
2026-04-24 13:58:53,187298116,66411,64981937,287184,23163,70,83,52140417,13759,0,0,132080
2026-04-24 13:58:55,187365890,67774,65005499,287284,23662,80,83,52155892,15475,0,0,134715
2026-04-24 13:58:56,187431756,65866,65028294,287386,22897,80,83,52172057,16165,0,0,138746
2026-04-24 13:58:57,187498694,66938,65051517,287498,23335,78,83,52203925,31868,0,0,141675
2026-04-24 13:58:58,187569232,70538,65075972,287614,24571,73,83,52220224,16299,0,0,128842
2026-04-24 13:58:59,187639198,69966,65100293,287715,24422,80,83,52236827,16603,0,0,135746
2026-04-24 13:59:01,187707909,68711,65124180,287811,23983,80,83,52253522,16695,0,0,140971
2026-04-24 13:59:02,187776951,69042,65148092,287921,24022,79,83,52287256,33734,0,0,146071
2026-04-24 13:59:03,187847092,70141,65172433,288039,24459,77,83,52302475,15219,0,0,137513
2026-04-24 13:59:04,187917219,70127,65196787,288127,24442,77,83,52319866,17391,0,0,139153
2026-04-24 13:59:06,187987810,70591,65221261,288233,24580,76,83,52337131,17265,0,0,146393
2026-04-24 13:59:07,188056336,68526,65245073,288340,23919,79,83,52352781,15650,0,0,149550
2026-04-24 13:59:08,188125918,69582,65269193,288451,24231,79,83,52387436,34655,0,0,148833
2026-04-24 13:59:09,188196518,70600,65293709,288547,24612,73,83,52403258,15822,0,0,138932
2026-04-24 13:59:11,188266320,69802,65317962,288652,24358,80,83,52420810,17552,0,0,140546
2026-04-24 13:59:12,188336220,69900,65342191,288753,24330,72,83,52437704,16894,0,0,142241
2026-04-24 13:59:13,188405335,69115,65366145,288850,24051,76,83,52470626,32922,0,0,146736
2026-04-24 13:59:14,188475906,70571,65390605,288960,24570,76,83,52486651,16025,0,0,138058
2026-04-24 13:59:15,188546493,70587,65415084,289074,24593,76,83,52502725,16074,0,0,127757
2026-04-24 13:59:17,188616223,69730,65439281,289166,24289,81,83,52519636,16911,0,0,134864
2026-04-24 13:59:18,188685342,69119,65463270,289273,24096,64,83,52535399,15763,0,0,139947
2026-04-24 13:59:19,188754894,69552,65487409,289386,24252,74,83,52568931,33532,0,0,142087
2026-04-24 13:59:20,188825511,70617,65511908,289500,24613,71,83,52585712,16781,0,0,130623
2026-04-24 13:59:22,188896187,70676,65536461,289604,24657,80,83,52602521,16809,0,0,134717
2026-04-24 13:59:23,188965560,69373,65560522,289711,24168,81,83,52618629,16108,0,0,139895
2026-04-24 13:59:24,189033921,68361,65584238,289825,23830,76,83,52651640,33011,0,0,143046
2026-04-24 13:59:25,189104664,70743,65608769,289937,24643,78,83,52667755,16115,0,0,136559
2026-04-24 13:59:26,189175899,71235,65633452,290044,24790,76,83,52683399,15644,0,0,144732
2026-04-24 13:59:28,189245983,70084,65657711,290163,24378,76,83,52699588,16189,0,0,144261
2026-04-24 13:59:29,189315043,69060,65681663,290247,24036,74,83,52716140,16552,0,0,150949
2026-04-24 13:59:30,189384214,69171,65705654,290366,24110,75,83,52748814,32674,0,0,150176
2026-04-24 13:59:31,189454107,69893,65729904,290467,24351,71,83,52765912,17098,0,0,144906
2026-04-24 13:59:33,189523643,69536,65754023,290590,24242,77,83,52783018,17106,0,0,149762
2026-04-24 13:59:34,189587406,63763,65776130,290687,22204,81,83,52799384,16366,0,0,156013
2026-04-24 13:59:35,189649030,61624,65797480,290779,21442,81,83,52814773,15389,0,0,156827
2026-04-24 13:59:36,189715859,66829,65820636,290882,23259,78,83,52844515,29742,0,0,157451
2026-04-24 13:59:37,189783107,67248,65843993,290981,23456,77,83,52860140,15625,0,0,147039
2026-04-24 13:59:39,189849533,66426,65867048,291086,23160,80,83,52877140,17000,0,0,144504
2026-04-24 13:59:40,189912015,62482,65888718,291186,21770,73,83,52892612,15472,0,0,147401
2026-04-24 13:59:41,189974184,62169,65910287,291282,21665,71,83,52924920,32308,0,0,151392
2026-04-24 13:59:42,190041341,67157,65933584,291380,23395,73,83,52940805,15885,0,0,146198
2026-04-24 13:59:43,190108432,67091,65956889,291491,23416,75,83,52957189,16384,0,0,142940
2026-04-24 13:59:45,190172824,64392,65979224,291595,22439,81,83,52973534,16345,0,0,147978
2026-04-24 13:59:46,190231454,58630,65999590,291683,20454,76,83,52989908,16374,0,0,148307
2026-04-24 13:59:47,190292102,60648,66020594,291779,21100,80,83,53020112,30204,0,0,153777
2026-04-24 13:59:48,190357371,65269,66043213,291891,22731,75,83,53036649,16537,0,0,145842
2026-04-24 13:59:49,190426106,68735,66067039,291998,23933,76,83,53051386,14737,0,0,139450
2026-04-24 13:59:51,190493096,66990,66090329,292102,23394,81,83,53068597,17211,0,0,142039
2026-04-24 13:59:52,190559620,66524,66113450,292196,23215,72,83,53086120,17523,0,0,140059
2026-04-24 13:59:53,190629290,69670,66137618,292293,24265,72,83,53120351,34231,0,0,140841
2026-04-24 13:59:54,190699498,70208,66161970,292391,24450,77,83,53137056,16705,0,0,132435
2026-04-24 13:59:56,190769071,69573,66186115,292496,24250,81,83,53153554,16498,0,0,136060
2026-04-24 13:59:57,190836517,67446,66209516,292602,23507,81,83,53170547,16993,0,0,141984
2026-04-24 13:59:58,190905484,68967,66233413,292707,24002,74,83,53204767,34220,0,0,145331
2026-04-24 13:59:59,190974792,69308,66257447,292805,24132,77,83,53221839,17072,0,0,135808
2026-04-24 14:00:00,191045576,70784,66282021,292904,24673,74,83,53238225,16386,0,0,135918
2026-04-24 14:00:02,191115673,70097,66306350,293012,24437,76,83,53254895,16670,0,0,141191
2026-04-24 14:00:03,191184448,68775,66330191,293124,23953,79,83,53272229,17334,0,0,144274
2026-04-24 14:00:04,191253130,68682,66354016,293230,23931,76,83,53305823,33594,0,0,144135
2026-04-24 14:00:05,191322159,69029,66378028,293331,24113,74,83,53322497,16674,0,0,131458
2026-04-24 14:00:07,191391070,68911,66401950,293446,24037,66,83,53339899,17402,0,0,137593
2026-04-24 14:00:08,191454060,62990,66423788,293548,21940,81,83,53356093,16194,0,0,138650
2026-04-24 14:00:09,191516779,62719,66445584,293641,21889,70,83,53372579,16486,0,0,142790
2026-04-24 14:00:10,191584961,68182,66469236,293754,23765,72,83,53404960,32381,0,0,147134
2026-04-24 14:00:11,191649554,64593,66491630,293866,22506,74,83,53421976,17016,0,0,139194
2026-04-24 14:00:13,191712688,63134,66513498,293968,21970,68,83,53437612,15636,0,0,143122
2026-04-24 14:00:14,191771087,58399,66533758,294041,20333,80,83,53452847,15235,0,0,146632
2026-04-24 14:00:15,191834484,63397,66555771,294133,22105,66,83,53483705,30858,0,0,150351
2026-04-24 14:00:16,191900548,66064,66578709,294222,23027,81,83,53499833,16128,0,0,147469
2026-04-24 14:00:17,191966841,66293,66601725,294318,23112,75,83,53516340,16507,0,0,144546
2026-04-24 14:00:19,192031098,64257,66624084,294417,22458,67,83,53532248,15908,0,0,150130
2026-04-24 14:00:20,192089161,58063,66644234,294500,20233,79,83,53549118,16870,0,0,152195
2026-04-24 14:00:21,192149263,60102,66665082,294592,20940,71,83,53580516,31398,0,0,154918
2026-04-24 14:00:22,192215420,66157,66688080,294680,23086,70,83,53597344,16828,0,0,138391
2026-04-24 14:00:23,192282594,67174,66711371,294801,23412,74,83,53614178,16834,0,0,135177
2026-04-24 14:00:25,192343859,61265,66732694,294885,21407,81,83,53630578,16400,0,0,139580
2026-04-24 14:00:26,192402009,58150,66752846,294982,20249,81,83,53646086,15508,0,0,141478
2026-04-24 14:00:27,192460872,58863,66773288,295063,20523,77,83,53677676,31590,0,0,147505
2026-04-24 14:00:28,192524362,63490,66795321,295161,22131,73,83,53692737,15061,0,0,145069
2026-04-24 14:00:29,192588068,63706,66817410,295249,22177,78,83,53707305,14568,0,0,147009
2026-04-24 14:00:31,192650749,62681,66839198,295362,21901,72,83,53722219,14914,0,0,151579
2026-04-24 14:00:32,192713871,63122,66861063,295460,21963,75,83,53738626,16407,0,0,159144
2026-04-24 14:00:33,192782801,68930,66885010,295560,24047,74,83,53772347,33721,0,0,160746
2026-04-24 14:00:34,192852486,69685,66909162,295670,24262,71,83,53789151,16804,0,0,141304
2026-04-24 14:00:36,192922123,69637,66933319,295789,24276,76,83,53805828,16677,0,0,144410
2026-04-24 14:00:37,192991015,68892,66957218,295885,23995,80,83,53822970,17142,0,0,146203
2026-04-24 14:00:38,193058543,67528,66980630,295993,23520,80,83,53857266,34296,0,0,147103
2026-04-24 14:00:39,193127422,68879,67004531,296099,24007,74,83,53874198,16932,0,0,145287
2026-04-24 14:00:40,193195867,68445,67028276,296188,23834,80,83,53890588,16390,0,0,139931
2026-04-24 14:00:42,193262686,66819,67051454,296297,23287,80,83,53906923,16335,0,0,143653
2026-04-24 14:00:43,193328860,66174,67074343,296392,22984,76,83,53923663,16740,0,0,148384
2026-04-24 14:00:44,193395939,67079,67097597,296495,23357,77,83,53956860,33197,0,0,152485
2026-04-24 14:00:45,193462395,66456,67120739,296602,23249,74,83,53973893,17033,0,0,129795
2026-04-24 14:00:46,193531338,68943,67144627,296717,24003,79,83,53990371,16478,0,0,124812
2026-04-24 14:00:48,193598467,67129,67167940,296802,23398,81,83,54007874,17503,0,0,133480
2026-04-24 14:00:49,193664915,66448,67190977,296898,23133,75,83,54024267,16393,0,0,136323
2026-04-24 14:00:50,193732858,67943,67214581,296986,23692,80,83,54057545,33278,0,0,137482
2026-04-24 14:00:51,193801575,68717,67238396,297082,23911,75,83,54073687,16142,0,0,128447
2026-04-24 14:00:53,193869034,67459,67261837,297185,23544,75,83,54090811,17124,0,0,132751
2026-04-24 14:00:54,193935039,66005,67284707,297298,22983,80,83,54108358,17547,0,0,138119
2026-04-24 14:00:55,194002240,67201,67308021,297382,23398,77,83,54140918,32560,0,0,139541
2026-04-24 14:00:56,194071545,69305,67332028,297479,24104,80,83,54157131,16213,0,0,138191
2026-04-24 14:00:57,194139598,68053,67355638,297592,23723,71,83,54172856,15725,0,0,131180
2026-04-24 14:00:59,194206132,66534,67378722,297706,23198,68,83,54189686,16830,0,0,141129
2026-04-24 14:01:00,194273163,67031,67401970,297809,23351,74,83,54206079,16393,0,0,141355
2026-04-24 14:01:01,194340456,67293,67425274,297915,23410,81,83,54239576,33497,0,0,148842
2026-04-24 14:01:02,194408566,68110,67448917,298009,23737,78,83,54256139,16563,0,0,139170
2026-04-24 14:01:03,194476039,67473,67472358,298110,23542,80,83,54272735,16596,0,0,141887
2026-04-24 14:01:05,194541622,65583,67495129,298220,22881,80,83,54288730,15995,0,0,145490
2026-04-24 14:01:06,194608737,67115,67518409,298317,23377,78,83,54305405,16675,0,0,148149
2026-04-24 14:01:07,194676060,67323,67541783,298421,23478,73,83,54339328,33923,0,0,152471
2026-04-24 14:01:08,194744844,68784,67565636,298517,23949,81,83,54356116,16788,0,0,133538
2026-04-24 14:01:10,194812663,67819,67589165,298621,23633,78,83,54373040,16924,0,0,132371
2026-04-24 14:01:11,194878564,65901,67612042,298720,22976,76,83,54389641,16601,0,0,131505
2026-04-24 14:01:12,194945208,66644,67635165,298810,23213,78,83,54422542,32901,0,0,135986
2026-04-24 14:01:13,195012503,67295,67658559,298924,23508,77,83,54439694,17152,0,0,127874
2026-04-24 14:01:14,195079924,67421,67681993,299018,23528,71,83,54457102,17408,0,0,124204
2026-04-24 14:01:16,195146963,67039,67705299,299120,23408,78,83,54473667,16565,0,0,129829
2026-04-24 14:01:17,195213468,66505,67728374,299228,23183,80,83,54490376,16709,0,0,133632
2026-04-24 14:01:18,195281236,67768,67751844,299336,23578,77,83,54523295,32919,0,0,136209
2026-04-24 14:01:19,195349545,68309,67775584,299427,23831,76,83,54540181,16886,0,0,128110
2026-04-24 14:01:20,195417636,68091,67799191,299543,23723,72,83,54556958,16777,0,0,136693
2026-04-24 14:01:22,195484994,67358,67822545,299650,23461,76,83,54573290,16332,0,0,137758
2026-04-24 14:01:23,195551139,66145,67845495,299753,23053,78,83,54606901,33611,0,0,145719
2026-04-24 14:01:24,195618662,67523,67868988,299862,23602,78,83,54623561,16660,0,0,145439
2026-04-24 14:01:25,195686393,67731,67892490,299981,23621,79,83,54640662,17101,0,0,133672
2026-04-24 14:01:27,195754522,68129,67916131,300095,23755,81,83,54657216,16554,0,0,138602
2026-04-24 14:01:28,195818943,64421,67938499,300190,22463,77,83,54673509,16293,0,0,145507
2026-04-24 14:01:29,195881613,62670,67960217,300294,21822,72,83,54705675,32166,0,0,147118
2026-04-24 14:01:30,195948244,66631,67983358,300392,23239,79,83,54721508,15833,0,0,142102
2026-04-24 14:01:31,196016127,67883,68006871,300488,23609,76,83,54737190,15682,0,0,141390
2026-04-24 14:01:33,196081494,65367,68029564,300600,22805,71,83,54753659,16469,0,0,142511
2026-04-24 14:01:34,196144225,62731,68051379,300682,21897,81,83,54769500,15841,0,0,147058
2026-04-24 14:01:35,196204855,60630,68072378,300778,21095,79,83,54802363,32863,0,0,147706
2026-04-24 14:01:36,196270826,65971,68095286,300875,23005,77,83,54816875,14512,0,0,143547
2026-04-24 14:01:37,196338486,67660,68118695,300987,23521,71,83,54832538,15663,0,0,145975
2026-04-24 14:01:39,196402812,64326,68141006,301080,22404,78,83,54848062,15524,0,0,150355
2026-04-24 14:01:40,196465272,62460,68162664,301180,21758,78,83,54864422,16360,0,0,150800
2026-04-24 14:01:41,196528758,63486,68184702,301289,22147,75,83,54895652,31230,0,0,153295
2026-04-24 14:01:42,196594919,66161,68207689,301377,23075,73,83,54911706,16054,0,0,141906
2026-04-24 14:01:43,196660266,65347,68230371,301495,22800,75,83,54927072,15366,0,0,135615
2026-04-24 14:01:45,196724172,63906,68252510,301599,22243,81,83,54943632,16560,0,0,142723
2026-04-24 14:01:46,196784986,60814,68273676,301677,21244,66,83,54958848,15216,0,0,143262
2026-04-24 14:01:47,196846547,61561,68295072,301754,21473,69,83,54990773,31925,0,0,147254
2026-04-24 14:01:48,196912237,65690,68317832,301857,22863,79,83,55006100,15327,0,0,138700
2026-04-24 14:01:49,196978330,66093,68340747,301970,23028,81,83,55021047,14947,0,0,142480
2026-04-24 14:01:51,197043910,65580,68363481,302073,22837,72,83,55036059,15012,0,0,144938
2026-04-24 14:01:52,197107591,63681,68385598,302173,22217,81,83,55052668,16609,0,0,148293
2026-04-24 14:01:53,197174841,67250,68408901,302286,23416,73,83,55085677,33009,0,0,151272
2026-04-24 14:01:54,197242174,67333,68432264,302390,23467,80,83,55101778,16101,0,0,129279
2026-04-24 14:01:56,197309656,67482,68455755,302474,23575,70,83,55118002,16224,0,0,136420
2026-04-24 14:01:57,197374370,64714,68478204,302564,22539,70,83,55134295,16293,0,0,136519
2026-04-24 14:01:58,197436242,61872,68499657,302665,21554,73,83,55165736,31441,0,0,142345
2026-04-24 14:01:59,197504546,68304,68523337,302767,23782,77,83,55181157,15421,0,0,143416
2026-04-24 14:02:00,197572963,68417,68547037,302883,23816,79,83,55197488,16331,0,0,136652
2026-04-24 14:02:02,197640020,67057,68570331,302990,23401,80,83,55213801,16313,0,0,142044
2026-04-24 14:02:03,197701944,61924,68591838,303090,21607,77,83,55230104,16303,0,0,144223
2026-04-24 14:02:04,197764751,62807,68613585,303187,21844,75,83,55262090,31986,0,0,145334
2026-04-24 14:02:05,197829859,65108,68636210,303308,22746,77,83,55278126,16036,0,0,144159
2026-04-24 14:02:06,197896116,66257,68659203,303407,23092,74,83,55294393,16267,0,0,143907
2026-04-24 14:02:08,197961301,65185,68681836,303494,22720,81,83,55310909,16516,0,0,141539
2026-04-24 14:02:09,198023510,62209,68703454,303591,21715,77,83,55326204,15295,0,0,148351
2026-04-24 14:02:10,198085676,62166,68724940,303689,21584,74,83,55356365,30161,0,0,153430
2026-04-24 14:02:11,198151756,66080,68747851,303795,23017,77,83,55371939,15574,0,0,150177
2026-04-24 14:02:12,198217905,66149,68770796,303901,23051,80,83,55387387,15448,0,0,148346
2026-04-24 14:02:14,198280685,62780,68792596,303989,21888,78,83,55403374,15987,0,0,153082
2026-04-24 14:02:15,198340732,60047,68813448,304086,20949,78,83,55418721,15347,0,0,155413
2026-04-24 14:02:16,198405430,64698,68835937,304169,22572,81,83,55449102,30381,0,0,157724
2026-04-24 14:02:17,198472872,67442,68859296,304266,23456,79,83,55465668,16566,0,0,143943
2026-04-24 14:02:18,198538054,65182,68881969,304368,22775,81,83,55481095,15427,0,0,139937
2026-04-24 14:02:20,198598490,60436,68902967,304464,21094,81,83,55496456,15361,0,0,146517
2026-04-24 14:02:21,198657014,58524,68923325,304554,20448,81,83,55511455,14999,0,0,148452
2026-04-24 14:02:22,198719275,62261,68944884,304655,21660,77,83,55541887,30432,0,0,155604
2026-04-24 14:02:23,198785007,65732,68967700,304754,22915,78,83,55556613,14726,0,0,151992
2026-04-24 14:02:24,198850494,65487,68990420,304852,22818,74,83,55571877,15264,0,0,153714
2026-04-24 14:02:26,198913865,63371,69012420,304954,22102,64,83,55587124,15247,0,0,158072
2026-04-24 14:02:27,198975152,61287,69033693,305039,21358,81,83,55602894,15770,0,0,160106
2026-04-24 14:02:28,199040351,65199,69056311,305146,22725,74,83,55634672,31778,0,0,161833
2026-04-24 14:02:29,199106593,66242,69079332,305259,23134,67,83,55650754,16082,0,0,148622
2026-04-24 14:02:31,199172881,66288,69102344,305363,23116,71,83,55667096,16342,0,0,146566
2026-04-24 14:02:32,199234063,61182,69123633,305456,21382,76,83,55683134,16038,0,0,153440
2026-04-24 14:02:33,199294810,60747,69144722,305540,21173,78,83,55714547,31413,0,0,156739
2026-04-24 14:02:34,199361453,66643,69167811,305662,23211,75,83,55730596,16049,0,0,155578
2026-04-24 14:02:35,199428837,67384,69191168,305762,23457,78,83,55745799,15203,0,0,146376
2026-04-24 14:02:37,199496295,67458,69214619,305878,23567,81,83,55761929,16130,0,0,149423
2026-04-24 14:02:38,199561566,65271,69237282,305961,22746,66,83,55778251,16322,0,0,154892
2026-04-24 14:02:39,199626636,65070,69259898,306057,22712,77,83,55811243,32992,0,0,157121
2026-04-24 14:02:40,199695794,69158,69283845,306166,24056,72,83,55826583,15340,0,0,155467
2026-04-24 14:02:41,199764796,69002,69307759,306262,24010,74,83,55841774,15191,0,0,158933
2026-04-24 14:02:43,199828156,63360,69329761,306348,22088,81,83,55858536,16762,0,0,153563
2026-04-24 14:02:44,199886425,58269,69349970,306455,20316,81,83,55873831,15295,0,0,152521
2026-04-24 14:02:45,199947256,60831,69371072,306537,21184,75,83,55904533,30702,0,0,149822
2026-04-24 14:02:46,200014763,67507,69394452,306639,23482,77,83,55919278,14745,0,0,144149
2026-04-24 14:02:47,200082987,68224,69418061,306759,23729,76,83,55934661,15383,0,0,141026
2026-04-24 14:02:49,200147658,64671,69440547,306858,22585,81,83,55950323,15662,0,0,145591
2026-04-24 14:02:50,200211612,63954,69462754,306963,22312,80,83,55967025,16702,0,0,149067
2026-04-24 14:02:51,200275397,63785,69484886,307056,22225,79,83,55999243,32218,0,0,152416
2026-04-24 14:02:52,200343945,68548,69508658,307161,23877,69,83,56014797,15554,0,0,148079
2026-04-24 14:02:54,200411731,67786,69532155,307271,23607,81,83,56030756,15959,0,0,147290
2026-04-24 14:02:55,200476011,64280,69554455,307361,22390,81,83,56046511,15755,0,0,152607
2026-04-24 14:02:56,200541680,65669,69577251,307450,22885,73,83,56078674,32163,0,0,151101
2026-04-24 14:02:57,200610225,68545,69601085,307549,23933,75,83,56094747,16073,0,0,156499
2026-04-24 14:02:58,200678463,68238,69624804,307669,23839,72,83,56111616,16869,0,0,144140
2026-04-24 14:03:00,200746201,67738,69648283,307764,23574,80,83,56128550,16934,0,0,147639
2026-04-24 14:03:01,200813722,67521,69671639,307858,23450,78,83,56144081,15531,0,0,153492
2026-04-24 14:03:02,200881151,67429,69695070,307974,23547,80,83,56175603,31522,0,0,156212
2026-04-24 14:03:03,200949215,68064,69718714,308085,23755,74,83,56193858,18255,0,0,151476
2026-04-24 14:03:04,201017717,68502,69742519,308173,23893,77,83,56210602,16744,0,0,127120
2026-04-24 14:03:06,201084782,67065,69765818,308277,23403,74,83,56228002,17400,0,0,134303
2026-04-24 14:03:07,201152053,67271,69789123,308370,23398,75,83,56258891,30889,0,0,138606
2026-04-24 14:03:08,201220722,68669,69812959,308479,23945,76,83,56274425,15534,0,0,141501
2026-04-24 14:03:09,201290309,69587,69837116,308582,24260,69,83,56290577,16152,0,0,134927
2026-04-24 14:03:11,201359542,69233,69861191,308679,24172,73,83,56307024,16447,0,0,134807
2026-04-24 14:03:12,201427083,67541,69884664,308772,23566,75,83,56324388,17364,0,0,138615
2026-04-24 14:03:13,201494733,67650,69908129,308886,23579,81,83,56357297,32909,0,0,142517
2026-04-24 14:03:14,201563914,69181,69932117,308996,24098,76,83,56374112,16815,0,0,140659
2026-04-24 14:03:15,201633907,69993,69956397,309101,24385,71,83,56390928,16816,0,0,129420
2026-04-24 14:03:17,201702403,68496,69980130,309193,23825,72,83,56407347,16419,0,0,126843
2026-04-24 14:03:18,201770324,67921,70003698,309309,23684,81,83,56423653,16306,0,0,134188
2026-04-24 14:03:19,201838746,68422,70027367,309412,23772,72,83,56456549,32896,0,0,135605
2026-04-24 14:03:20,201908390,69644,70051524,309526,24271,74,83,56472623,16074,0,0,126615
2026-04-24 14:03:22,201977037,68647,70075380,309621,23951,73,83,56489404,16781,0,0,126770
2026-04-24 14:03:23,202045443,68406,70099107,309722,23828,77,83,56505763,16359,0,0,130886
2026-04-24 14:03:24,202112255,66812,70122324,309820,23315,75,83,56539223,33460,0,0,136728
2026-04-24 14:03:25,202182989,70734,70146854,309926,24636,74,83,56556223,17000,0,0,137663
2026-04-24 14:03:26,202252784,69795,70171090,310026,24336,72,83,56573092,16869,0,0,139525
2026-04-24 14:03:28,202321146,68362,70194786,310131,23801,77,83,56589878,16786,0,0,139535
2026-04-24 14:03:29,202390181,69035,70218737,310233,24053,80,83,56606046,16168,0,0,141703
2026-04-24 14:03:30,202458102,67921,70242340,310313,23683,73,83,56640803,34757,0,0,149518
2026-04-24 14:03:31,202527786,69684,70266553,310418,24318,75,83,56657761,16958,0,0,139189
2026-04-24 14:03:33,202597078,69292,70290602,310518,24149,77,83,56674326,16565,0,0,138024
2026-04-24 14:03:34,202665605,68527,70314424,310610,23914,70,83,56690868,16542,0,0,143609
2026-04-24 14:03:35,202733818,68213,70338109,310713,23788,71,83,56724321,33453,0,0,147958
2026-04-24 14:03:36,202804087,70269,70362453,310827,24458,75,83,56741982,17661,0,0,145162
2026-04-24 14:03:37,202873632,69545,70386588,310946,24254,76,83,56757779,15797,0,0,129614
2026-04-24 14:03:39,202940249,66617,70409731,311037,23234,77,83,56774397,16618,0,0,130435
2026-04-24 14:03:40,203004518,64269,70432010,311141,22383,69,83,56790649,16252,0,0,136597
2026-04-24 14:03:41,203070493,65975,70454889,311226,22964,76,83,56821672,31023,0,0,141954
2026-04-24 14:03:42,203138358,67865,70478454,311330,23669,77,83,56837906,16234,0,0,135225
2026-04-24 14:03:44,203203927,65569,70501206,311454,22876,79,83,56853951,16045,0,0,137221
2026-04-24 14:03:45,203267285,63358,70523212,311547,22099,67,83,56869938,15987,0,0,138665
2026-04-24 14:03:46,203329261,61976,70544688,311653,21582,69,83,56887037,17099,0,0,141183
2026-04-24 14:03:47,203393340,64079,70566894,311763,22316,71,83,56918355,31318,0,0,142921
2026-04-24 14:03:48,203457511,64171,70589153,311868,22364,72,83,56933943,15588,0,0,129748
2026-04-24 14:03:50,203516433,58922,70609583,311956,20518,80,83,56949319,15376,0,0,142478
2026-04-24 14:03:51,203573873,57440,70629541,312047,20049,71,83,56963466,14147,0,0,152619
2026-04-24 14:03:52,203633854,59981,70650253,312134,20799,77,83,56992992,29526,0,0,153897
2026-04-24 14:03:53,203698769,64915,70672812,312232,22657,75,83,57008246,15254,0,0,160605
2026-04-24 14:03:54,203760389,61620,70694159,312323,21438,80,83,57024098,15852,0,0,155641
2026-04-24 14:03:56,203821566,61177,70715383,312421,21322,81,83,57038934,14836,0,0,161091
2026-04-24 14:03:57,203880435,58869,70735757,312524,20477,81,83,57053661,14727,0,0,167062
2026-04-24 14:03:58,203940554,60119,70756611,312623,20953,80,83,57083985,30324,0,0,171986
2026-04-24 14:03:59,204004049,63495,70778636,312710,22112,73,83,57100492,16507,0,0,174790
2026-04-24 14:04:00,204068288,64239,70800915,312813,22382,69,83,57116254,15762,0,0,166663
2026-04-24 14:04:02,204124912,56624,70820624,312896,19792,79,83,57131366,15112,0,0,171912
2026-04-24 14:04:03,204183749,58837,70841010,312992,20482,81,83,57144684,13318,0,0,163818
2026-04-24 14:04:04,204246507,62758,70862770,313090,21858,73,83,57175805,31121,0,0,152062
2026-04-24 14:04:05,204311773,65266,70885437,313200,22777,74,83,57192228,16423,0,0,154818
2026-04-24 14:04:06,204377481,65708,70908229,313301,22893,75,83,57208907,16679,0,0,138372
2026-04-24 14:04:08,204441139,63658,70930323,313389,22182,74,83,57225098,16191,0,0,139278
2026-04-24 14:04:09,204502911,61772,70951817,313465,21570,79,83,57241371,16273,0,0,141493
2026-04-24 14:04:10,204565803,62892,70973602,313585,21905,74,83,57273764,32393,0,0,145434
2026-04-24 14:04:11,204631311,65508,70996349,313680,22842,77,83,57290805,17041,0,0,146687
2026-04-24 14:04:12,204696310,64999,71018908,313780,22659,78,83,57307402,16597,0,0,136095
2026-04-24 14:04:14,204757479,61169,71040161,313879,21352,81,83,57323063,15661,0,0,141709
2026-04-24 14:04:15,204818634,61155,71061338,313968,21266,81,83,57338827,15764,0,0,151572
2026-04-24 14:04:16,204881956,63322,71083250,314077,22021,74,83,57369332,30505,0,0,153523
2026-04-24 14:04:17,204949625,67669,71106695,314180,23548,75,83,57385667,16335,0,0,155449
2026-04-24 14:04:18,205015807,66182,71129641,314284,23050,75,83,57401129,15462,0,0,149549
2026-04-24 14:04:20,205080123,64316,71151979,314382,22436,80,83,57417438,16309,0,0,152266
2026-04-24 14:04:21,205143467,63344,71173990,314486,22115,71,83,57433613,16175,0,0,154763
2026-04-24 14:04:22,205208763,65296,71196645,314599,22768,76,83,57466197,32584,0,0,159516
2026-04-24 14:04:23,205273220,64457,71219038,314700,22494,76,83,57483069,16872,0,0,156121
2026-04-24 14:04:24,205338417,65197,71241694,314794,22750,76,83,57498891,15822,0,0,151444
2026-04-24 14:04:26,205399779,61362,71263024,314882,21418,66,83,57514778,15887,0,0,157037
2026-04-24 14:04:27,205463025,63246,71284959,314973,22026,75,83,57530390,15612,0,0,165936
2026-04-24 14:04:28,205528465,65440,71307652,315070,22790,78,83,57562723,32333,0,0,167846
2026-04-24 14:04:29,205593731,65266,71330315,315185,22778,74,83,57579227,16504,0,0,165210
2026-04-24 14:04:31,205658404,64673,71352747,315296,22543,78,83,57595376,16149,0,0,166038
2026-04-24 14:04:32,205721460,63056,71374641,315383,21981,74,83,57609779,14403,0,0,169243
2026-04-24 14:04:33,205783146,61686,71396116,315470,21562,81,83,57625759,15980,0,0,174995
2026-04-24 14:04:34,205846758,63612,71418103,315566,22083,78,83,57657919,32160,0,0,181331
2026-04-24 14:04:35,205911519,64761,71440566,315679,22576,79,83,57673125,15206,0,0,172658
2026-04-24 14:04:37,205972900,61381,71461869,315770,21394,80,83,57689314,16189,0,0,173509
2026-04-24 14:04:38,206033011,60111,71482691,315862,20914,71,83,57703797,14483,0,0,168566
2026-04-24 14:04:39,206094135,61124,71503890,315940,21277,76,83,57734803,31006,0,0,166732
2026-04-24 14:04:40,206159552,65417,71526554,316037,22761,77,83,57750727,15924,0,0,174114
2026-04-24 14:04:41,206223841,64289,71548873,316122,22404,77,83,57766766,16039,0,0,160346
2026-04-24 14:04:43,206289982,66141,71571798,316233,23036,80,83,57781597,14831,0,0,157513
2026-04-24 14:04:44,206350077,60095,71592632,316349,20950,72,83,57796918,15321,0,0,160593
2026-04-24 14:04:45,206408105,58028,71612852,316440,20311,76,83,57812342,15424,0,0,160161
2026-04-24 14:04:46,206467891,59786,71633558,316536,20802,78,83,57843941,31599,0,0,161913
2026-04-24 14:04:47,206531880,63989,71655732,316636,22274,74,83,57859150,15209,0,0,155489
2026-04-24 14:04:49,206591524,59644,71676470,316730,20832,72,83,57873968,14818,0,0,155549
2026-04-24 14:04:50,206649618,58094,71696656,316832,20288,78,83,57888743,14775,0,0,159969
2026-04-24 14:04:51,206704454,54836,71715620,316934,19066,81,83,57905195,16452,0,0,153172
2026-04-24 14:04:52,206760204,55750,71735008,316999,19453,79,83,57935598,30403,0,0,155438
2026-04-24 14:04:53,206820903,60699,71756033,317098,21124,81,83,57949206,13608,0,0,146769
2026-04-24 14:04:54,206889031,68128,71779661,317202,23732,74,83,57963527,14321,0,0,143315
2026-04-24 14:04:56,206956024,66993,71802871,317316,23324,73,83,57980174,16647,0,0,145865
2026-04-24 14:04:57,207022146,66122,71825809,317427,23049,80,83,57996477,16303,0,0,152312
2026-04-24 14:04:58,207088892,66746,71848982,317526,23272,77,83,58031327,34850,0,0,156391
2026-04-24 14:04:59,207156277,67385,71872411,317634,23537,76,83,58048694,17367,0,0,148199
2026-04-24 14:05:01,207222654,66377,71895523,317725,23203,77,83,58065394,16700,0,0,147601
2026-04-24 14:05:02,207287955,65301,71918187,317832,22771,74,83,58082447,17053,0,0,150963
2026-04-24 14:05:03,207356068,68113,71941791,317932,23704,79,83,58114950,32503,0,0,151531
2026-04-24 14:05:04,207426096,70028,71966118,318051,24446,80,83,58132418,17468,0,0,151897
2026-04-24 14:05:05,207495632,69536,71990264,318168,24263,78,83,58149375,16957,0,0,136724
2026-04-24 14:05:07,207565721,70089,72014577,318269,24414,77,83,58165670,16295,0,0,142819
2026-04-24 14:05:08,207633959,68238,72038264,318374,23792,81,83,58182269,16599,0,0,147050
2026-04-24 14:05:09,207702323,68364,72061986,318470,23818,75,83,58216145,33876,0,0,148611
2026-04-24 14:05:10,207769710,67387,72085375,318565,23484,73,83,58233023,16878,0,0,146409
2026-04-24 14:05:12,207837764,68054,72108950,318689,23699,81,83,58249092,16069,0,0,143845
2026-04-24 14:05:13,207904507,66743,72132087,318799,23247,71,83,58266046,16954,0,0,152088
2026-04-24 14:05:14,207969225,64718,72154552,318906,22572,79,83,58298821,32775,0,0,157184
2026-04-24 14:05:15,208037449,68224,72178243,319013,23798,78,83,58315384,16563,0,0,159597
2026-04-24 14:05:16,208104715,67266,72201562,319119,23425,73,83,58332424,17040,0,0,148420
2026-04-24 14:05:18,208172589,67874,72225134,319214,23667,78,83,58348822,16398,0,0,150357
2026-04-24 14:05:19,208238641,66052,72248103,319298,23053,81,83,58365591,16769,0,0,154048
2026-04-24 14:05:20,208307396,68755,72271935,319383,23917,75,83,58398659,33068,0,0,158444
2026-04-24 14:05:21,208376028,68632,72295719,319506,23907,75,83,58415347,16688,0,0,159379
2026-04-24 14:05:22,208444659,68631,72319577,319595,23947,78,83,58432086,16739,0,0,148006
2026-04-24 14:05:24,208512560,67901,72343184,319697,23709,81,83,58448984,16898,0,0,149288
2026-04-24 14:05:25,208579915,67355,72366548,319799,23466,81,83,58465713,16729,0,0,160617
2026-04-24 14:05:26,208649596,69681,72390716,319901,24270,76,83,58499465,33752,0,0,159392
2026-04-24 14:05:27,208717873,68277,72414411,320016,23810,79,83,58516261,16796,0,0,153384
2026-04-24 14:05:29,208786604,68731,72438278,320117,23968,71,83,58533663,17402,0,0,154246
2026-04-24 14:05:30,208852154,65550,72461027,320212,22844,81,83,58549939,16276,0,0,158253
2026-04-24 14:05:31,208918909,66755,72484128,320335,23224,74,83,58582893,32954,0,0,161006
2026-04-24 14:05:32,208987899,68990,72508062,320443,24042,77,83,58599681,16788,0,0,162553
2026-04-24 14:05:33,209055759,67860,72531612,320548,23655,76,83,58615358,15677,0,0,155143
2026-04-24 14:05:35,209121210,65451,72554336,320638,22814,71,83,58631215,15857,0,0,158788
2026-04-24 14:05:36,209186569,65359,72576954,320744,22724,74,83,58647456,16241,0,0,161347
2026-04-24 14:05:37,209254701,68132,72600568,320852,23722,79,83,58679366,31910,0,0,152693
2026-04-24 14:05:38,209321831,67130,72623902,320965,23447,68,83,58695295,15929,0,0,149199
2026-04-24 14:05:40,209387687,65856,72646786,321079,22998,78,83,58711933,16638,0,0,137133
2026-04-24 14:05:41,209449925,62238,72668431,321174,21740,81,83,58728711,16778,0,0,139480
2026-04-24 14:05:42,209513668,63743,72690500,321274,22169,79,83,58744285,15574,0,0,144049
2026-04-24 14:05:43,209580469,66801,72713629,321380,23235,80,83,58775495,31210,0,0,149576
2026-04-24 14:05:44,209648365,67896,72737228,321463,23682,74,83,58791374,15879,0,0,144411
2026-04-24 14:05:46,209714934,66569,72760377,321538,23224,78,83,58807341,15967,0,0,139148
2026-04-24 14:05:47,209775499,60565,72781433,321628,21146,66,83,58823937,16596,0,0,142721
2026-04-24 14:05:48,209838106,62607,72803101,321731,21771,80,83,58854887,30950,0,0,146911
2026-04-24 14:05:49,209905218,67112,72826421,321822,23411,74,83,58870301,15414,0,0,132851
2026-04-24 14:05:50,209972301,67083,72849678,321943,23378,75,83,58886241,15940,0,0,122839
2026-04-24 14:05:52,210036045,63744,72871801,322042,22222,81,83,58901839,15598,0,0,129035
2026-04-24 14:05:53,210096344,60299,72892696,322145,20998,68,83,58917915,16076,0,0,130955
2026-04-24 14:05:54,210158297,61953,72914204,322234,21597,78,83,58948655,30740,0,0,131871
2026-04-24 14:05:55,210225632,67335,72937588,322332,23482,68,83,58964013,15358,0,0,137773
2026-04-24 14:05:56,210293803,68171,72961219,322440,23739,76,83,58980074,16061,0,0,125500
2026-04-24 14:05:58,210358790,64987,72983758,322546,22645,80,83,58996472,16398,0,0,129141
2026-04-24 14:05:59,210427693,68903,73007647,322650,23993,75,83,59013256,16784,0,0,135486
2026-04-24 14:06:00,210495036,67343,73030994,322769,23466,74,83,59046849,33593,0,0,132819
2026-04-24 14:06:01,210565385,70349,73055357,322878,24472,75,83,59062358,15509,0,0,134553
2026-04-24 14:06:02,210634978,69593,73079449,322998,24212,78,83,59078415,16057,0,0,123945
2026-04-24 14:06:04,210703254,68276,73103154,323105,23812,81,83,59095769,17354,0,0,127460
2026-04-24 14:06:05,210772126,68872,73127028,323206,23975,81,83,59112388,16619,0,0,132251
2026-04-24 14:06:06,210842270,70144,73151334,323324,24424,75,83,59145118,32730,0,0,137440
2026-04-24 14:06:07,210912609,70339,73175710,323446,24498,78,83,59161455,16337,0,0,129241
2026-04-24 14:06:09,210982000,69391,73199796,323544,24184,69,83,59177698,16243,0,0,128245
2026-04-24 14:06:10,211050206,68206,73223487,323643,23790,68,83,59194917,17219,0,0,131401
2026-04-24 14:06:11,211119342,69136,73247454,323764,24088,76,83,59228403,33486,0,0,139310
2026-04-24 14:06:12,211188712,69370,73271508,323883,24173,75,83,59245524,17121,0,0,139985
2026-04-24 14:06:13,211257674,68962,73295449,323998,24056,80,83,59261902,16378,0,0,130536
2026-04-24 14:06:15,211326703,69029,73319392,324096,24041,77,83,59278632,16730,0,0,136491
2026-04-24 14:06:16,211396105,69402,73343380,324215,24107,81,83,59309976,31344,0,0,139513
2026-04-24 14:06:17,211466013,69908,73367654,324305,24364,75,83,59326842,16866,0,0,145859
2026-04-24 14:06:18,211535247,69234,73391699,324392,24132,81,83,59343627,16785,0,0,134316
2026-04-24 14:06:20,211603304,68057,73415333,324489,23731,71,83,59359572,15945,0,0,135315
2026-04-24 14:06:21,211668968,65664,73438152,324577,22907,73,83,59375348,15776,0,0,135524
2026-04-24 14:06:22,211736970,68002,73461743,324673,23687,76,83,59408043,32695,0,0,143781
2026-04-24 14:06:23,211805981,69011,73485667,324766,24017,73,83,59424155,16112,0,0,145190
2026-04-24 14:06:24,211875656,69675,73509814,324873,24254,79,83,59440963,16808,0,0,136807
2026-04-24 14:06:26,211942926,67270,73533143,324972,23428,81,83,59457339,16376,0,0,142713
2026-04-24 14:06:27,212006219,63293,73555098,325049,22032,80,83,59473610,16271,0,0,147399
2026-04-24 14:06:28,212072925,66706,73578210,325172,23235,74,83,59504173,30563,0,0,153146
2026-04-24 14:06:29,212142288,69363,73602262,325262,24142,80,83,59519964,15791,0,0,150268
2026-04-24 14:06:31,212211221,68933,73626165,325353,23994,80,83,59536060,16096,0,0,150008
2026-04-24 14:06:32,212277046,65825,73649050,325446,22978,81,83,59552532,16472,0,0,150345
2026-04-24 14:06:33,212341286,64240,73671322,325536,22362,79,83,59568682,16150,0,0,156887
2026-04-24 14:06:34,212409222,67936,73694893,325624,23659,78,83,59600928,32246,0,0,154893
2026-04-24 14:06:35,212477987,68765,73718749,325723,23955,77,83,59618042,17114,0,0,143992
2026-04-24 14:06:37,212546038,68051,73742315,325831,23674,72,83,59633743,15701,0,0,149917
2026-04-24 14:06:38,212608969,62931,73764156,325936,21946,81,83,59650636,16893,0,0,152885
2026-04-24 14:06:39,212673274,64305,73786418,326039,22365,78,83,59682127,31491,0,0,157938
2026-04-24 14:06:40,212742234,68960,73810363,326154,24060,73,83,59698179,16052,0,0,159943
2026-04-24 14:06:41,212812986,70752,73834834,326274,24591,76,83,59714436,16257,0,0,153015
2026-04-24 14:06:43,212881710,68724,73858710,326366,23968,81,83,59729320,14884,0,0,158140
2026-04-24 14:06:44,212949724,68014,73882314,326478,23716,78,83,59762078,32758,0,0,164225
2026-04-24 14:06:45,213019837,70113,73906592,326586,24386,81,83,59779075,16997,0,0,164925
2026-04-24 14:06:46,213089395,69558,73930706,326695,24223,76,83,59795789,16714,0,0,150915
2026-04-24 14:06:48,213156145,66750,73953855,326804,23258,74,83,59812143,16354,0,0,148076
2026-04-24 14:06:49,213224940,68795,73977686,326917,23944,80,83,59827448,15305,0,0,152634
2026-04-24 14:06:50,213292801,67861,74001243,327013,23653,79,83,59859824,32376,0,0,158341
2026-04-24 14:06:51,213362536,69735,74025432,327125,24301,75,83,59875388,15564,0,0,158309
2026-04-24 14:06:52,213432486,69950,74049695,327231,24369,77,83,59892475,17087,0,0,149528
2026-04-24 14:06:54,213501440,68954,74073588,327354,24016,73,83,59908994,16519,0,0,152273
2026-04-24 14:06:55,213569581,68141,74097221,327464,23743,76,83,59925232,16238,0,0,154945
2026-04-24 14:06:56,213639394,69813,74121388,327580,24283,79,83,59958849,33617,0,0,154658
2026-04-24 14:06:57,213709254,69860,74145640,327684,24356,76,83,59975020,16171,0,0,147266
2026-04-24 14:06:59,213778618,69364,74169740,327774,24190,75,83,59993037,18017,0,0,147191
2026-04-24 14:07:00,213846741,68123,74193400,327868,23754,75,83,60009642,16605,0,0,151503
2026-04-24 14:07:01,213915906,69165,74217380,327973,24085,78,83,60043014,33372,0,0,155263
2026-04-24 14:07:02,213986188,70282,74241762,328082,24491,77,83,60059712,16698,0,0,155937
2026-04-24 14:07:03,214055864,69676,74265903,328197,24256,73,83,60076899,17187,0,0,150359
2026-04-24 14:07:05,214124248,68384,74289658,328293,23851,73,83,60093729,16830,0,0,153430
2026-04-24 14:07:06,214192964,68716,74313493,328412,23954,68,83,60127210,33481,0,0,158173
2026-04-24 14:07:07,214262829,69865,74337706,328510,24311,75,83,60144272,17062,0,0,153873
2026-04-24 14:07:08,214331976,69147,74361698,328610,24092,78,83,60161104,16832,0,0,133636
2026-04-24 14:07:10,214400654,68678,74385539,328699,23930,80,83,60178907,17803,0,0,129835
2026-04-24 14:07:11,214468271,67617,74408952,328795,23509,81,83,60195198,16291,0,0,136158
2026-04-24 14:07:12,214536782,68511,74432689,328902,23844,79,83,60228829,33631,0,0,142341
2026-04-24 14:07:13,214606520,69738,74456909,329008,24326,75,83,60245835,17006,0,0,142723
2026-04-24 14:07:15,214675876,69356,74480971,329137,24191,78,83,60263360,17525,0,0,133918
2026-04-24 14:07:16,214741546,65670,74503747,329246,22885,71,83,60280188,16828,0,0,137876
2026-04-24 14:07:17,214808117,66571,74526832,329348,23187,75,83,60296933,16745,0,0,144995
2026-04-24 14:07:18,214873536,65419,74549482,329457,22759,75,83,60329607,32674,0,0,151793
2026-04-24 14:07:19,214939183,65647,74572232,329563,22856,77,83,60345519,15912,0,0,136777
2026-04-24 14:07:21,215003642,64459,74594583,329666,22454,79,83,60361369,15850,0,0,138047
2026-04-24 14:07:22,215065660,62018,74616080,329778,21609,78,83,60376276,14907,0,0,138483
2026-04-24 14:07:23,215127818,62158,74637639,329864,21645,69,83,60392426,16150,0,0,140525
2026-04-24 14:07:24,215192195,64377,74659939,329962,22398,77,83,60422821,30395,0,0,145266
2026-04-24 14:07:25,215256188,63993,74682162,330056,22317,75,83,60438410,15589,0,0,138584
2026-04-24 14:07:27,215320099,63911,74704375,330159,22316,73,83,60453872,15462,0,0,138495
2026-04-24 14:07:28,215387913,67814,74727877,330274,23617,74,83,60469795,15923,0,0,142690
2026-04-24 14:07:29,215456041,68128,74751516,330384,23749,77,83,60503609,33814,0,0,142302
2026-04-24 14:07:30,215526222,70181,74775878,330492,24470,81,83,60521035,17426,0,0,148081
2026-04-24 14:07:31,215595780,69558,74799973,330600,24203,77,83,60539324,18289,0,0,136563
2026-04-24 14:07:33,215665103,69323,74824018,330697,24142,79,83,60556447,17123,0,0,138596
2026-04-24 14:07:34,215733628,68525,74847779,330803,23867,80,83,60573397,16950,0,0,141564
2026-04-24 14:07:35,215803385,69757,74871968,330898,24284,74,83,60607097,33700,0,0,148001
2026-04-24 14:07:36,215873441,70056,74896286,331000,24420,78,83,60623731,16634,0,0,142042
2026-04-24 14:07:38,215942511,69070,74920264,331095,24073,74,83,60640334,16603,0,0,140364
2026-04-24 14:07:39,216010772,68261,74943929,331209,23779,75,83,60657652,17318,0,0,143119
2026-04-24 14:07:40,216079770,68998,74967848,331323,24033,76,83,60691563,33911,0,0,149251
2026-04-24 14:07:41,216148086,68316,74991595,331433,23857,76,83,60708424,16861,0,0,142437
2026-04-24 14:07:42,216219383,71297,75016276,331554,24802,77,83,60725624,17200,0,0,139115
2026-04-24 14:07:44,216287805,68422,75040060,331656,23886,76,83,60742491,16867,0,0,140003
2026-04-24 14:07:45,216355364,67559,75063466,331770,23520,81,83,60759734,17243,0,0,145584
2026-04-24 14:07:46,216424032,68668,75087292,331881,23937,79,83,60793412,33678,0,0,151044
2026-04-24 14:07:47,216494283,70251,75111714,331981,24522,68,83,60810393,16981,0,0,145090
2026-04-24 14:07:49,216564409,70126,75136005,332090,24400,81,83,60827406,17013,0,0,142415
2026-04-24 14:07:50,216632916,68507,75159782,332197,23884,77,83,60844738,17332,0,0,145486
2026-04-24 14:07:51,216701666,68750,75183627,332310,23958,78,83,60879831,35093,0,0,153280
2026-04-24 14:07:52,216772088,70422,75208044,332427,24534,73,83,60897352,17521,0,0,144379
2026-04-24 14:07:53,216841839,69751,75232240,332532,24301,80,83,60914492,17140,0,0,134598
2026-04-24 14:07:55,216910951,69112,75256233,332633,24094,75,83,60932351,17859,0,0,142484
2026-04-24 14:07:56,216980561,69610,75280384,332734,24252,76,83,60948971,16620,0,0,145727
2026-04-24 14:07:57,217049879,69318,75304445,332833,24160,75,83,60983816,34845,0,0,150872
2026-04-24 14:07:58,217119942,70063,75328753,332949,24424,78,83,61000491,16675,0,0,142416
2026-04-24 14:08:00,217189765,69823,75352972,333071,24341,80,83,61017038,16547,0,0,142038
2026-04-24 14:08:01,217258935,69170,75376945,333176,24078,71,83,61034071,17033,0,0,147819
2026-04-24 14:08:02,217327588,68653,75400753,333288,23920,74,83,61068077,34006,0,0,150115
2026-04-24 14:08:03,217398709,71121,75425372,333404,24735,77,83,61083668,15591,0,0,151728
2026-04-24 14:08:05,217469100,70391,75449759,333515,24498,77,83,61100206,16538,0,0,127502
2026-04-24 14:08:06,217537797,68697,75473597,333615,23938,78,83,61116747,16541,0,0,128510
2026-04-24 14:08:07,217607105,69308,75497630,333709,24127,75,83,61134374,17627,0,0,132783
2026-04-24 14:08:08,217676887,69782,75521888,333800,24349,72,83,61168794,34420,0,0,137414
2026-04-24 14:08:09,217746542,69655,75546028,333925,24265,75,83,61186483,17689,0,0,132988
2026-04-24 14:08:11,217816801,70259,75570371,334030,24448,79,83,61203555,17072,0,0,128646
2026-04-24 14:08:12,217884507,67706,75593928,334121,23648,71,83,61219573,16018,0,0,133248
2026-04-24 14:08:13,217953272,68765,75617771,334241,23963,75,83,61253949,34376,0,0,136562
2026-04-24 14:08:14,218023760,70488,75642261,334332,24581,80,83,61270790,16841,0,0,137162
2026-04-24 14:08:15,218093352,69592,75666359,334440,24206,76,83,61288057,17267,0,0,130721
2026-04-24 14:08:17,218160168,66816,75689611,334546,23358,77,83,61305484,17427,0,0,133475
2026-04-24 14:08:18,218227024,66856,75712763,334662,23268,81,83,61323275,17791,0,0,145760
2026-04-24 14:08:19,218295800,68776,75736619,334782,23976,79,83,61356716,33441,0,0,147501
2026-04-24 14:08:20,218363701,67901,75760192,334881,23672,76,83,61373959,17243,0,0,143065
2026-04-24 14:08:22,218431112,67411,75783624,334970,23521,81,83,61389894,15935,0,0,139872
2026-04-24 14:08:23,218498260,67148,75806883,335080,23369,73,83,61406700,16806,0,0,144188
2026-04-24 14:08:24,218565644,67384,75830218,335184,23439,75,83,61440336,33636,0,0,148530
2026-04-24 14:08:25,218633576,67932,75853779,335279,23656,76,83,61456975,16639,0,0,154645
2026-04-24 14:08:26,218701646,68070,75877390,335388,23720,79,83,61473588,16613,0,0,145526
2026-04-24 14:08:28,218766713,65067,75899964,335472,22658,80,83,61489547,15959,0,0,149254
2026-04-24 14:08:29,218832861,66148,75922885,335568,23017,74,83,61504881,15334,0,0,145003
2026-04-24 14:08:30,218899713,66852,75946074,335669,23290,79,83,61537497,32616,0,0,151048
2026-04-24 14:08:31,218967140,67427,75969452,335777,23486,75,83,61554900,17403,0,0,153005
2026-04-24 14:08:33,219034117,66977,75992677,335890,23338,78,83,61571150,16250,0,0,146077
2026-04-24 14:08:34,219098782,64665,76015146,335990,22569,80,83,61587635,16485,0,0,151585
2026-04-24 14:08:35,219162911,64129,76037413,336093,22370,76,83,61604186,16551,0,0,152634
2026-04-24 14:08:36,219229384,66473,76060477,336184,23155,81,83,61636468,32282,0,0,159029
2026-04-24 14:08:37,219296871,67487,76083848,336291,23478,76,83,61651950,15482,0,0,153867
2026-04-24 14:08:39,219361873,65002,76106437,336387,22685,69,83,61667554,15604,0,0,150944
2026-04-24 14:08:40,219427414,65541,76129095,336503,22774,77,83,61683311,15757,0,0,154049
2026-04-24 14:08:41,219493665,66251,76152094,336587,23083,81,83,61714922,31611,0,0,159576
2026-04-24 14:08:42,219561859,68194,76175793,336682,23794,81,83,61732128,17206,0,0,163969
2026-04-24 14:08:43,219628703,66844,76199013,336802,23340,77,83,61748481,16353,0,0,153801
2026-04-24 14:08:45,219695885,67182,76222350,336907,23442,73,83,61765749,17268,0,0,153476
2026-04-24 14:08:46,219762188,66303,76245368,336999,23110,78,83,61783186,17437,0,0,155661
2026-04-24 14:08:47,219829439,67251,76268677,337101,23411,79,83,61816002,32816,0,0,161139
2026-04-24 14:08:48,219898536,69097,76292671,337210,24103,76,83,61832624,16622,0,0,161789
2026-04-24 14:08:50,219968691,70155,76316998,337314,24431,80,83,61849397,16773,0,0,141882
2026-04-24 14:08:51,220037292,68601,76340799,337417,23904,77,83,61866650,17253,0,0,147028
2026-04-24 14:08:52,220106288,68996,76364724,337540,24048,78,83,61899640,32990,0,0,153225
2026-04-24 14:08:53,220176552,70264,76389110,337661,24507,77,83,61916359,16719,0,0,156734
2026-04-24 14:08:54,220247431,70879,76413696,337770,24695,76,83,61933523,17164,0,0,151553
2026-04-24 14:08:56,220315820,68389,76437423,337898,23855,75,83,61950138,16615,0,0,151189
2026-04-24 14:08:57,220383933,68113,76461079,337989,23747,79,83,61968213,18075,0,0,155756
2026-04-24 14:08:58,220453780,69847,76485301,338094,24327,81,83,62002106,33893,0,0,160898
2026-04-24 14:08:59,220523418,69638,76509479,338210,24294,81,83,62018702,16596,0,0,156499
2026-04-24 14:09:01,220592947,69529,76533625,338322,24258,74,83,62035393,16691,0,0,150524
2026-04-24 14:09:02,220661521,68574,76557380,338420,23853,79,83,62052627,17234,0,0,157530
2026-04-24 14:09:03,220730607,69086,76581323,338542,24065,71,83,62085781,33154,0,0,159452
2026-04-24 14:09:04,220801942,71335,76606048,338659,24842,78,83,62103306,17525,0,0,165012
2026-04-24 14:09:05,220872667,70725,76630609,338762,24664,78,83,62120340,17034,0,0,151319
2026-04-24 14:09:07,220942163,69496,76654709,338849,24187,75,83,62136713,16373,0,0,154817
2026-04-24 14:09:08,221011616,69453,76678825,338936,24203,79,83,62153281,16568,0,0,161301
2026-04-24 14:09:09,221080646,69030,76702765,339052,24056,74,83,62186442,33161,0,0,165975
2026-04-24 14:09:10,221149738,69092,76726734,339159,24076,78,83,62203311,16869,0,0,147178
2026-04-24 14:09:12,221219832,70094,76751097,339250,24454,81,83,62219691,16380,0,0,134034
2026-04-24 14:09:13,221288924,69092,76775032,339362,24047,76,83,62237061,17370,0,0,138072
2026-04-24 14:09:14,221357277,68353,76798713,339471,23790,77,83,62271046,33985,0,0,145357
2026-04-24 14:09:15,221426657,69380,76822809,339578,24203,76,83,62288219,17173,0,0,150465
2026-04-24 14:09:16,221496894,70237,76847202,339685,24500,78,83,62305425,17206,0,0,141616
2026-04-24 14:09:18,221566526,69632,76871367,339820,24300,78,83,62322132,16707,0,0,141621
2026-04-24 14:09:19,221634850,68324,76895091,339914,23818,67,83,62339712,17580,0,0,146014
2026-04-24 14:09:20,221704468,69618,76919234,340009,24238,74,83,62373779,34067,0,0,149287
2026-04-24 14:09:21,221775658,71190,76943862,340127,24746,80,83,62389990,16211,0,0,141408
2026-04-24 14:09:23,221845842,70184,76968200,340236,24447,75,83,62405706,15716,0,0,139216
2026-04-24 14:09:24,221915188,69346,76992252,340349,24165,68,83,62422282,16576,0,0,136344
2026-04-24 14:09:25,221982588,67400,77015680,340453,23532,80,83,62455894,33612,0,0,138661
2026-04-24 14:09:26,222052436,69848,77039882,340558,24307,77,83,62472333,16439,0,0,141703
2026-04-24 14:09:27,222121276,68840,77063789,340657,24006,75,83,62489408,17075,0,0,133298
2026-04-24 14:09:29,222185477,64201,77086109,340743,22406,73,83,62506440,17032,0,0,134706
2026-04-24 14:09:30,222253276,67799,77109566,340858,23572,74,83,62522235,15795,0,0,138774
2026-04-24 14:09:31,222321594,68318,77133301,340958,23835,75,83,62554933,32698,0,0,141569
2026-04-24 14:09:32,222390712,69118,77157306,341067,24114,72,83,62571842,16909,0,0,140798
2026-04-24 14:09:34,222458778,68066,77180919,341197,23743,66,83,62587987,16145,0,0,133802
2026-04-24 14:09:35,222522570,63792,77203075,341300,22259,81,83,62604096,16109,0,0,140945
2026-04-24 14:09:36,222586719,64149,77225342,341385,22352,75,83,62637358,33262,0,0,146117
2026-04-24 14:09:37,222655244,68525,77249135,341498,23906,69,83,62652973,15615,0,0,152123
2026-04-24 14:09:38,222722586,67342,77272487,341605,23459,75,83,62668924,15951,0,0,144762
2026-04-24 14:09:40,222785783,63197,77294384,341716,22008,81,83,62685299,16375,0,0,143054
2026-04-24 14:09:41,222852397,66614,77317480,341818,23198,78,83,62700055,14756,0,0,147118
2026-04-24 14:09:42,222921846,69449,77341534,341930,24166,80,83,62732139,32084,0,0,150619
2026-04-24 14:09:43,222991975,70129,77365866,342034,24436,75,83,62748727,16588,0,0,151222
2026-04-24 14:09:45,223060369,68394,77389592,342136,23828,72,83,62765189,16462,0,0,139734
2026-04-24 14:09:46,223127595,67226,77412958,342220,23450,74,83,62781330,16141,0,0,136064
2026-04-24 14:09:47,223194374,66779,77436114,342321,23257,79,83,62797756,16426,0,0,138684
2026-04-24 14:09:48,223261968,67594,77459576,342413,23554,77,83,62830826,33070,0,0,141525
2026-04-24 14:09:49,223328755,66787,77482742,342524,23277,73,83,62847545,16719,0,0,135135
2026-04-24 14:09:51,223392943,64188,77505053,342612,22399,81,83,62863025,15480,0,0,135653
2026-04-24 14:09:52,223455992,63049,77526871,342707,21913,74,83,62878073,15048,0,0,140281
2026-04-24 14:09:53,223521990,65998,77549707,342814,22943,78,83,62908676,30603,0,0,146704
2026-04-24 14:09:54,223589847,67857,77573214,342917,23610,74,83,62925347,16671,0,0,152929
2026-04-24 14:09:55,223656941,67094,77596498,343023,23390,74,83,62940752,15405,0,0,145333
2026-04-24 14:09:57,223721341,64400,77618833,343109,22421,74,83,62957331,16579,0,0,147339
2026-04-24 14:09:58,223783954,62613,77640519,343214,21791,80,83,62972009,14678,0,0,150307
2026-04-24 14:09:59,223846390,62436,77662196,343310,21773,79,83,63002379,30370,0,0,151825
2026-04-24 14:10:00,223913028,66638,77685320,343410,23224,81,83,63017574,15195,0,0,151132
2026-04-24 14:10:01,223978680,65652,77708060,343495,22825,73,83,63034557,16983,0,0,140881
2026-04-24 14:10:03,224036660,57980,77728242,343571,20258,70,83,63049708,15151,0,0,143519
2026-04-24 14:10:04,224096970,60310,77749128,343678,20993,66,83,63064403,14695,0,0,144753
2026-04-24 14:10:05,224161445,64475,77771472,343785,22451,77,83,63095230,30827,0,0,148525
2026-04-24 14:10:06,224228123,66678,77794594,343883,23220,72,83,63110209,14979,0,0,147759
2026-04-24 14:10:08,224293133,65010,77817182,343980,22685,77,83,63126041,15832,0,0,132413
2026-04-24 14:10:09,224352957,59824,77838013,344057,20908,81,83,63142206,16165,0,0,134409
2026-04-24 14:10:10,224412815,59858,77858728,344139,20797,80,83,63157560,15354,0,0,143432
2026-04-24 14:10:11,224474272,61457,77880012,344246,21391,78,83,63186758,29198,0,0,150489
2026-04-24 14:10:12,224537356,63084,77901904,344347,21993,77,83,63200523,13765,0,0,153132
2026-04-24 14:10:14,224599040,61684,77923386,344433,21568,81,83,63215598,15075,0,0,147719
2026-04-24 14:10:15,224661126,62086,77944953,344523,21657,78,83,63230470,14872,0,0,153461
2026-04-24 14:10:16,224722977,61851,77966429,344609,21562,66,83,63246374,15904,0,0,155103
2026-04-24 14:10:17,224789980,67003,77989672,344707,23341,73,83,63277838,31464,0,0,160864
2026-04-24 14:10:18,224852926,62946,78011592,344805,22018,70,83,63294264,16426,0,0,154374
2026-04-24 14:10:20,224918356,65430,78034269,344911,22783,76,83,63309350,15086,0,0,156654
2026-04-24 14:10:21,224982890,64534,78056660,344997,22477,81,83,63325605,16255,0,0,164041
2026-04-24 14:10:22,225048683,65793,78079437,345103,22883,74,83,63356894,31289,0,0,169744
2026-04-24 14:10:23,225114864,66181,78102351,345218,23029,81,83,63372229,15335,0,0,178290
2026-04-24 14:10:24,225181018,66154,78125324,345316,23071,76,83,63388210,15981,0,0,164946
2026-04-24 14:10:26,225243542,62524,78147024,345397,21781,71,83,63403973,15763,0,0,169062
2026-04-24 14:10:27,225305038,61496,78168340,345515,21434,81,83,63419960,15987,0,0,169738
2026-04-24 14:10:28,225370054,65016,78190863,345628,22636,81,83,63450800,30840,0,0,174511
2026-04-24 14:10:29,225432983,62929,78212690,345727,21926,73,83,63466479,15679,0,0,175579
2026-04-24 14:10:31,225498389,65406,78235400,345817,22800,76,83,63481849,15370,0,0,161855
2026-04-24 14:10:32,225562916,64527,78257790,345912,22485,72,83,63497701,15852,0,0,164204
2026-04-24 14:10:33,225626525,63609,78279799,346009,22106,81,83,63529715,32014,0,0,161223
2026-04-24 14:10:34,225693434,66909,78302952,346113,23257,76,83,63545001,15286,0,0,160587
2026-04-24 14:10:35,225760722,67288,78326285,346228,23448,79,83,63560496,15495,0,0,154794
2026-04-24 14:10:37,225827143,66421,78349339,346335,23161,76,83,63577347,16851,0,0,148383
2026-04-24 14:10:38,225892561,65418,78372049,346428,22803,75,83,63593433,16086,0,0,151712
2026-04-24 14:10:39,225959048,66487,78395081,346538,23142,78,83,63626490,33057,0,0,156824
2026-04-24 14:10:40,226026014,66966,78418317,346654,23352,77,83,63642308,15818,0,0,162087
2026-04-24 14:10:41,226093840,67826,78441850,346756,23635,77,83,63658473,16165,0,0,156220
2026-04-24 14:10:43,226160862,67022,78465115,346869,23378,81,83,63674546,16073,0,0,156433
2026-04-24 14:10:44,226226496,65634,78487871,346966,22853,67,83,63690880,16334,0,0,167369
2026-04-24 14:10:45,226292066,65570,78510645,347064,22872,76,83,63722080,31200,0,0,163280
2026-04-24 14:10:46,226360178,68112,78534268,347169,23728,79,83,63738892,16812,0,0,163461
2026-04-24 14:10:47,226429010,68832,78558133,347276,23972,76,83,63754778,15886,0,0,151593
2026-04-24 14:10:49,226495531,66521,78581239,347367,23197,69,83,63771242,16464,0,0,153620
2026-04-24 14:10:50,226561271,65740,78604039,347466,22899,79,83,63788361,17119,0,0,156952
2026-04-24 14:10:51,226627593,66322,78627035,347584,23114,76,83,63822223,33862,0,0,162075
2026-04-24 14:10:52,226696380,68787,78650860,347685,23926,76,83,63838196,15973,0,0,163148
2026-04-24 14:10:54,226763967,67587,78674334,347793,23582,81,83,63854471,16275,0,0,154594
2026-04-24 14:10:55,226830032,66065,78697262,347894,23029,71,83,63870883,16412,0,0,145730
2026-04-24 14:10:56,226896101,66069,78720170,347988,23002,79,83,63903920,33037,0,0,147993
2026-04-24 14:10:57,226963909,67808,78743708,348090,23640,77,83,63919771,15851,0,0,151309
2026-04-24 14:10:58,227030932,67023,78766959,348201,23362,76,83,63936328,16557,0,0,146490
2026-04-24 14:11:00,227098624,67692,78790436,348325,23601,74,83,63951559,15231,0,0,147411
2026-04-24 14:11:01,227165705,67081,78813706,348425,23370,76,83,63968290,16731,0,0,151375
2026-04-24 14:11:02,227232905,67200,78837025,348532,23426,77,83,64000916,32626,0,0,154483
2026-04-24 14:11:03,227301965,69060,78860993,348627,24063,76,83,64017486,16570,0,0,155393
2026-04-24 14:11:05,227370259,68294,78884683,348754,23817,78,83,64034070,16584,0,0,146544
2026-04-24 14:11:06,227437158,66899,78907929,348863,23355,68,83,64050265,16195,0,0,151397
2026-04-24 14:11:07,227502746,65588,78930682,348971,22861,78,83,64084358,34093,0,0,148440
2026-04-24 14:11:08,227570979,68233,78954400,349071,23818,71,83,64101357,16999,0,0,148232
2026-04-24 14:11:09,227638418,67439,78977769,349177,23475,74,83,64117774,16417,0,0,133251
2026-04-24 14:11:11,227706002,67584,79001209,349271,23534,80,83,64134053,16279,0,0,129635
2026-04-24 14:11:12,227772623,66621,79024278,349377,23175,80,83,64149890,15837,0,0,132009
2026-04-24 14:11:13,227840060,67437,79047666,349478,23489,76,83,64182834,32944,0,0,137772
2026-04-24 14:11:14,227909204,69144,79071646,349579,24081,76,83,64198420,15586,0,0,141678
2026-04-24 14:11:16,227977332,68128,79095256,349693,23724,77,83,64214975,16555,0,0,130019
2026-04-24 14:11:17,228043526,66194,79118182,349785,23018,79,83,64231189,16214,0,0,135128
2026-04-24 14:11:18,228095145,51619,79136061,349882,17976,35,37,64262456,31267,0,0,129082
2026-04-24 14:11:19,228127298,32153,79147232,349926,11215,17,18,64273249,10793,0,0,6832
2026-04-24 14:11:20,228135719,8421,79150162,349937,2941,1,2,64279810,6561,0,0,1395
2026-04-24 14:11:21,228135722,3,79150162,349937,0,1,2,64280074,264,0,0,0
2026-04-24 14:11:22,228135725,3,79150162,349937,0,1,1,64290074,10000,0,0,0
